timestamp_ms,radar_presence,moving_target,stationary_target,moving_distance_cm,stationary_distance_cm,moving_energy,stationary_energy,pir_presence,energy2420_gate0,energy2420_gate1,energy2420_gate2,energy2420_gate3,energy2420_gate4,energy2420_gate5,energy2420_gate6,energy2420_gate7,energy2420_gate8,energy2420_gate9,energy2420_gate10,energy2420_gate11,energy2420_gate12,energy2420_gate13,energy2420_gate14,energy2420_gate15,frames_ok,dist_raw_cm,pc_time_s,group_id,trial_id,scenario,ground_truth_presence,ground_truth_state
1907,1,1,0,3,0,0,0,1,97,26,20,10,5,16,18,41,13,41,45,72,52,74,100,61,1,3,1788537603.3912847,G1,T01,altezza2420,1,moving
2107,1,1,0,3,0,0,0,0,41,29,16,10,5,16,20,41,13,32,45,72,52,74,85,61,1,3,1788537603.5780382,G1,T01,altezza2420,1,moving
2307,1,1,0,3,0,0,0,0,81,25,8,16,9,16,20,41,13,32,52,72,52,52,85,61,1,3,1788537603.7844543,G1,T01,altezza2420,1,moving
2507,1,1,0,3,0,0,0,1,80,100,13,5,8,17,13,41,13,41,52,61,52,52,85,72,1,3,1788537603.9757965,G1,T01,altezza2420,1,moving
2707,1,1,0,3,0,0,0,0,232,97,16,10,10,20,13,41,13,41,65,61,41,61,85,72,1,3,1788537604.1843815,G1,T01,altezza2420,1,moving
2907,1,1,0,3,0,0,0,0,160,25,36,8,8,20,20,34,13,41,65,61,41,61,85,61,1,3,1788537604.3763363,G1,T01,altezza2420,1,moving
3107,1,1,0,3,0,0,0,0,169,45,9,9,10,29,20,34,13,50,52,72,41,61,85,72,1,3,1788537604.5885277,G1,T01,altezza2420,1,moving
3307,1,1,0,3,0,0,0,0,85,72,25,13,10,17,17,34,18,50,52,72,41,61,85,61,1,3,1788537604.7887604,G1,T01,altezza2420,1,moving
3507,1,1,0,3,0,0,0,0,50,20,16,9,5,20,13,41,18,50,52,72,52,74,85,85,1,3,1788537604.9848444,G1,T01,altezza2420,1,moving
3707,1,1,0,3,0,0,0,0,125,52,29,9,9,25,25,34,13,50,74,72,52,65,85,61,1,3,1788537605.1883063,G1,T01,altezza2420,1,moving
3907,1,1,0,127,0,0,0,0,85,37,34,13,8,17,25,41,13,41,65,72,41,65,85,61,1,127,1788537605.3892999,G1,T01,altezza2420,1,moving
4107,1,1,0,127,0,0,0,0,90,34,18,18,9,20,18,41,13,52,45,61,52,52,85,72,1,127,1788537605.5871289,G1,T01,altezza2420,1,moving
4307,1,1,0,127,0,0,0,0,58,40,17,13,8,20,13,41,13,50,52,72,61,65,85,61,1,127,1788537605.7884643,G1,T01,altezza2420,1,moving
4507,1,1,0,127,0,0,0,0,218,58,18,13,5,17,20,34,18,50,52,72,52,52,85,61,1,127,1788537605.9898593,G1,T01,altezza2420,1,moving
4707,1,1,0,127,0,0,0,0,221,65,18,13,13,25,20,25,13,41,65,72,52,52,74,50,1,127,1788537606.1851122,G1,T01,altezza2420,1,moving
4907,1,1,0,127,0,0,0,0,100,74,8,13,10,17,20,50,25,50,65,72,52,52,74,50,1,127,1788537606.3890493,G1,T01,altezza2420,1,moving
5107,1,1,0,127,0,0,0,0,52,50,8,18,5,17,25,41,25,50,52,72,52,61,85,61,1,127,1788537606.581913,G1,T01,altezza2420,1,moving
5307,1,1,0,127,0,0,0,0,53,25,8,9,8,10,10,41,25,50,52,61,52,61,85,61,1,127,1788537606.7894685,G1,T01,altezza2420,1,moving
5507,1,1,0,127,0,0,0,0,58,17,10,10,5,10,13,41,13,50,74,61,61,61,85,72,1,127,1788537606.980838,G1,T01,altezza2420,1,moving
5707,1,1,0,127,0,0,0,0,288,73,10,10,8,10,13,41,18,50,74,61,61,61,85,72,1,127,1788537607.1880162,G1,T01,altezza2420,1,moving
5907,1,1,0,127,0,0,0,0,200,53,8,13,10,17,18,52,25,61,45,50,52,61,74,61,1,127,1788537607.3793554,G1,T01,altezza2420,1,moving
6107,1,1,0,127,0,0,0,0,117,34,13,9,10,18,13,52,25,61,52,50,52,61,85,61,1,127,1788537607.5858674,G1,T01,altezza2420,1,moving
6307,1,1,0,127,0,0,0,0,260,130,13,10,8,9,25,52,25,50,52,61,61,52,74,72,1,127,1788537607.779129,G1,T01,altezza2420,1,moving
6507,1,1,0,127,0,0,0,0,65,20,13,13,13,13,18,52,18,50,52,61,52,52,74,61,1,127,1788537607.9832046,G1,T01,altezza2420,1,moving
6707,1,1,0,127,0,0,0,0,100,97,5,10,9,13,18,52,18,41,45,72,41,52,85,61,1,127,1788537608.1902192,G1,T01,altezza2420,1,moving
6907,1,1,0,127,0,0,0,0,65,20,8,10,9,13,18,41,20,41,52,72,45,52,85,61,1,127,1788537608.3815973,G1,T01,altezza2420,1,moving
7107,1,1,0,127,0,0,0,0,104,40,8,13,8,13,25,52,25,72,61,74,52,52,85,61,1,127,1788537608.5884595,G1,T01,altezza2420,1,moving
7307,1,1,0,127,0,0,0,0,65,32,5,10,13,9,25,41,25,72,61,72,52,52,85,72,1,127,1788537608.7829003,G1,T01,altezza2420,1,moving
7507,1,1,0,127,0,0,0,0,104,34,8,8,8,10,25,34,25,50,65,72,41,52,85,72,1,127,1788537608.987244,G1,T01,altezza2420,1,moving
7707,1,1,0,127,0,0,0,0,52,29,8,13,8,10,25,41,25,50,52,72,41,52,85,61,1,127,1788537609.1857321,G1,T01,altezza2420,1,moving
7907,1,1,0,127,0,0,0,0,185,73,10,17,13,17,32,45,20,50,52,72,34,52,98,61,1,127,1788537609.386786,G1,T01,altezza2420,1,moving
8107,1,1,0,127,0,0,0,0,68,20,8,10,8,20,25,45,20,50,52,72,41,50,98,61,1,127,1788537609.5879433,G1,T01,altezza2420,1,moving
8307,1,1,0,127,0,0,0,0,68,17,13,17,5,17,25,41,18,50,52,72,52,61,85,61,1,127,1788537609.788808,G1,T01,altezza2420,1,moving
8507,1,1,0,127,0,0,0,0,160,45,13,17,10,9,17,34,20,50,52,72,52,61,85,61,1,127,1788537609.9893582,G1,T01,altezza2420,1,moving
8707,1,1,0,127,0,0,0,0,45,25,25,17,8,10,20,41,18,50,52,72,52,52,85,50,1,127,1788537610.1894894,G1,T01,altezza2420,1,moving
8907,1,1,0,127,0,0,0,0,49,20,13,9,18,20,18,41,18,50,52,72,52,52,85,61,1,127,1788537610.3892562,G1,T01,altezza2420,1,moving
9107,1,1,0,127,0,0,0,0,72,25,20,5,8,20,25,52,13,50,34,50,52,61,85,61,1,127,1788537610.5780077,G1,T01,altezza2420,1,moving
9307,1,1,0,127,0,0,0,0,34,13,8,10,10,25,13,52,13,61,34,61,52,52,74,50,1,127,1788537610.7844253,G1,T01,altezza2420,1,moving
9507,1,1,0,127,0,0,0,0,68,17,25,9,8,13,13,41,13,50,41,61,50,61,72,61,1,127,1788537610.9767745,G1,T01,altezza2420,1,moving
9707,1,1,0,127,0,0,0,0,205,50,13,10,5,18,18,52,20,50,74,72,41,74,72,61,1,127,1788537611.1841505,G1,T01,altezza2420,1,moving
9907,1,1,0,127,0,0,0,0,125,37,34,9,8,16,18,52,18,50,65,72,52,52,85,61,1,127,1788537611.375168,G1,T01,altezza2420,1,moving
10107,1,1,0,127,0,0,0,0,52,20,13,10,8,10,18,34,25,61,52,72,52,61,100,61,1,127,1788537611.5837746,G1,T01,altezza2420,1,moving
10307,1,1,0,127,0,0,0,0,145,29,13,10,5,10,18,34,18,61,52,72,52,61,100,74,1,127,1788537611.775397,G1,T01,altezza2420,1,moving
10507,1,1,0,127,0,0,0,0,82,25,18,10,5,13,20,45,13,50,52,72,52,61,85,61,1,127,1788537611.9827611,G1,T01,altezza2420,1,moving
10707,1,1,0,127,0,0,0,0,45,13,25,10,13,20,13,34,13,50,52,72,52,52,85,61,1,127,1788537612.1908274,G1,T01,altezza2420,1,moving
10907,1,1,0,127,0,0,0,0,65,41,29,10,9,18,8,34,18,50,52,72,52,61,85,61,1,127,1788537612.3820713,G1,T01,altezza2420,1,moving
11107,1,1,0,127,0,0,0,0,113,74,18,10,5,10,13,34,13,50,65,72,61,74,85,61,1,127,1788537612.5893254,G1,T01,altezza2420,1,moving
11307,1,1,0,127,0,0,0,0,169,104,18,10,8,16,13,34,13,50,65,72,52,61,85,61,1,127,1788537612.7795472,G1,T01,altezza2420,1,moving
11507,1,1,0,127,0,0,0,0,85,26,18,10,5,16,13,45,20,50,65,85,52,61,85,61,1,127,1788537612.98608,G1,T01,altezza2420,1,moving
11707,1,1,0,127,0,0,0,0,162,100,10,10,8,10,18,52,20,50,65,72,41,61,85,72,1,127,1788537613.1776881,G1,T01,altezza2420,1,moving
11907,1,1,0,127,0,0,0,0,61,10,18,9,8,20,13,45,20,50,52,72,52,61,98,72,1,127,1788537613.3835042,G1,T01,altezza2420,1,moving
12107,1,1,0,127,0,0,0,0,109,25,20,10,8,16,18,58,25,50,52,72,52,74,98,61,1,127,1788537613.5899389,G1,T01,altezza2420,1,moving
12307,1,1,0,127,0,0,0,0,29,10,18,13,13,10,18,34,13,50,52,61,52,61,85,61,1,127,1788537613.7808523,G1,T01,altezza2420,1,moving
12507,1,1,0,127,0,0,0,0,65,20,18,18,9,17,25,34,13,50,52,61,61,74,85,72,1,127,1788537613.9871597,G1,T01,altezza2420,1,moving
12707,1,1,0,127,0,0,0,0,45,13,20,16,5,9,25,41,13,50,52,61,52,61,85,72,1,127,1788537614.1781805,G1,T01,altezza2420,1,moving
12907,1,1,0,127,0,0,0,0,74,37,32,5,5,10,18,41,20,50,52,61,52,61,85,72,1,127,1788537614.3844476,G1,T01,altezza2420,1,moving
13107,1,1,0,127,0,0,0,0,50,18,20,13,8,13,18,41,13,41,58,61,52,65,85,72,1,127,1788537614.575367,G1,T01,altezza2420,1,moving
13307,1,1,0,127,0,0,0,0,185,80,41,9,8,9,18,41,13,50,34,52,65,52,85,72,1,127,1788537614.782492,G1,T01,altezza2420,1,moving
13507,1,1,0,127,0,0,0,0,89,16,41,8,8,13,18,41,13,41,52,72,52,52,85,50,1,127,1788537614.9891639,G1,T01,altezza2420,1,moving
13707,1,1,0,127,0,0,0,0,181,74,20,20,9,16,25,34,10,41,52,61,52,52,85,61,1,127,1788537615.1790187,G1,T01,altezza2420,1,moving
13907,1,1,0,127,0,0,0,0,130,61,20,13,9,16,25,34,20,61,52,61,52,74,85,72,1,127,1788537615.3859625,G1,T01,altezza2420,1,moving
14107,1,1,0,127,0,0,0,0,68,26,34,13,5,17,13,25,13,61,52,61,61,74,98,72,1,127,1788537615.5767028,G1,T01,altezza2420,1,moving
14307,1,1,0,127,0,0,0,0,109,26,18,13,4,10,18,34,13,72,41,61,52,61,100,72,1,127,1788537615.782785,G1,T01,altezza2420,1,moving
14507,1,1,0,127,0,0,0,0,58,29,18,9,5,10,18,45,13,61,50,74,52,52,85,85,1,127,1788537615.9896567,G1,T01,altezza2420,1,moving
14707,1,1,0,127,0,0,0,0,85,37,18,13,8,18,18,34,13,50,52,50,52,52,85,52,1,127,1788537616.180911,G1,T01,altezza2420,1,moving
14907,1,1,0,127,0,0,0,0,61,34,10,8,9,13,18,45,13,50,61,72,61,65,98,61,1,127,1788537616.388221,G1,T01,altezza2420,1,moving
15107,1,1,0,127,0,0,0,0,146,74,9,13,13,20,18,52,13,61,52,72,52,61,85,50,1,127,1788537616.5792615,G1,T01,altezza2420,1,moving
15307,1,1,0,127,0,0,0,0,117,49,9,18,8,16,25,52,18,50,52,72,52,61,85,50,1,127,1788537616.7869349,G1,T01,altezza2420,1,moving
15507,1,1,0,127,0,0,0,0,185,41,8,8,8,13,13,41,13,50,52,72,52,50,85,50,1,127,1788537616.9845295,G1,T01,altezza2420,1,moving
15707,1,1,0,127,0,0,0,0,53,13,10,8,5,9,20,41,13,50,52,72,61,52,85,61,1,127,1788537617.1859753,G1,T01,altezza2420,1,moving
15907,1,1,0,127,0,0,0,0,45,10,25,10,8,20,20,41,20,41,52,72,52,52,85,61,1,127,1788537617.3764644,G1,T01,altezza2420,1,moving
16107,1,1,0,127,0,0,0,0,65,25,18,13,5,20,18,41,18,50,52,61,52,52,74,50,1,127,1788537617.582873,G1,T01,altezza2420,1,moving
16307,1,1,0,127,0,0,0,0,73,45,25,8,8,20,18,41,13,61,52,61,41,61,85,61,1,127,1788537617.7896075,G1,T01,altezza2420,1,moving
16507,1,1,0,127,0,0,0,0,85,41,29,13,8,13,13,34,18,50,61,61,41,74,85,50,1,127,1788537617.9859457,G1,T01,altezza2420,1,moving
16707,1,1,0,127,0,0,0,0,52,17,18,8,10,13,13,45,20,41,52,72,41,61,85,61,1,127,1788537618.1882715,G1,T01,altezza2420,1,moving
16907,1,1,0,127,0,0,0,0,50,13,13,13,8,10,13,41,20,50,61,72,61,65,100,72,1,127,1788537618.3795533,G1,T01,altezza2420,1,moving
17107,1,1,0,127,0,0,0,0,34,20,17,13,9,9,25,45,20,50,65,72,52,65,100,72,1,127,1788537618.5852418,G1,T01,altezza2420,1,moving
17307,1,1,0,127,0,0,0,0,117,34,13,13,8,13,13,34,13,50,61,72,52,52,85,61,1,127,1788537618.7807043,G1,T01,altezza2420,1,moving
17507,1,1,0,127,0,0,0,0,288,100,8,13,8,17,18,52,18,50,61,85,52,52,85,61,1,127,1788537618.9874325,G1,T01,altezza2420,1,moving
17707,1,1,0,127,0,0,0,0,41,20,13,8,5,13,25,45,18,61,61,72,41,61,85,61,1,127,1788537619.1905236,G1,T01,altezza2420,1,moving
17907,1,1,0,127,0,0,0,0,137,26,25,13,8,13,13,34,20,50,65,61,41,61,85,61,1,127,1788537619.383017,G1,T01,altezza2420,1,moving
18107,1,1,0,127,0,0,0,0,149,36,17,18,8,13,13,41,18,52,65,72,41,74,85,72,1,127,1788537619.5885828,G1,T01,altezza2420,1,moving
18307,1,1,0,127,0,0,0,0,125,37,18,13,8,20,18,34,20,61,74,72,52,52,85,61,1,127,1788537619.784388,G1,T01,altezza2420,1,moving
18507,1,1,0,127,0,0,0,0,74,29,18,10,8,13,13,41,18,61,61,72,61,52,85,61,1,127,1788537619.9897723,G1,T01,altezza2420,1,moving
18707,1,1,0,127,0,0,0,0,225,65,20,8,9,13,13,41,18,50,61,72,52,61,85,61,1,127,1788537620.1852794,G1,T01,altezza2420,1,moving
18907,1,1,0,127,0,0,0,0,97,25,29,10,5,13,13,41,18,50,52,72,52,61,85,72,1,127,1788537620.3862967,G1,T01,altezza2420,1,moving
19107,1,1,0,127,0,0,0,0,104,34,18,10,5,13,13,41,20,50,45,61,52,61,85,72,1,127,1788537620.586699,G1,T01,altezza2420,1,moving
19307,1,1,0,127,0,0,0,0,98,20,13,10,10,20,29,34,13,41,52,72,52,61,85,72,1,127,1788537620.7874827,G1,T01,altezza2420,1,moving
19507,1,1,0,127,0,0,0,0,125,37,10,13,9,16,18,41,18,50,41,72,41,61,85,72,1,127,1788537620.9906907,G1,T01,altezza2420,1,moving
19707,1,1,0,127,0,0,0,0,250,90,18,10,8,10,18,34,13,50,41,61,52,52,85,61,1,127,1788537621.188394,G1,T01,altezza2420,1,moving
19907,1,1,0,127,0,0,0,0,169,45,5,13,9,13,18,34,13,50,41,61,50,74,72,61,1,127,1788537621.3888674,G1,T01,altezza2420,1,moving
20107,1,1,0,127,0,0,0,0,106,73,8,18,13,13,20,41,13,50,52,61,61,61,85,61,1,127,1788537621.5894635,G1,T01,altezza2420,1,moving
20307,1,1,0,127,0,0,0,0,65,16,8,13,13,17,18,50,13,41,52,72,50,74,85,61,1,127,1788537621.7900348,G1,T01,altezza2420,1,moving
20507,1,1,0,127,0,0,0,0,162,34,8,13,8,20,13,41,13,41,61,85,50,61,85,61,1,127,1788537621.9903245,G1,T01,altezza2420,1,moving
20707,1,1,0,127,0,0,0,0,64,20,10,8,8,16,20,52,13,41,52,72,41,61,85,61,1,127,1788537622.1828935,G1,T01,altezza2420,1,moving
20907,1,1,0,127,0,0,0,0,68,10,10,13,9,8,10,32,13,41,52,72,52,61,85,61,1,127,1788537622.3895943,G1,T01,altezza2420,1,moving
21107,1,1,0,127,0,0,0,0,85,85,13,18,8,20,13,34,18,50,61,61,61,65,85,61,1,127,1788537622.5811744,G1,T01,altezza2420,1,moving
21307,1,1,0,127,0,0,0,0,36,20,10,13,8,25,13,34,13,50,52,61,61,65,85,61,1,127,1788537622.787777,G1,T01,altezza2420,1,moving
21507,1,1,0,127,0,0,0,0,61,25,13,8,8,25,18,34,13,41,65,72,41,61,85,61,1,127,1788537622.9785445,G1,T01,altezza2420,1,moving
21707,1,1,0,127,0,0,0,0,52,29,13,13,10,13,18,34,13,52,34,72,41,52,85,61,1,127,1788537623.1853795,G1,T01,altezza2420,1,moving
21907,1,1,0,127,0,0,0,0,122,80,10,20,18,10,13,34,13,52,52,72,52,65,85,61,1,127,1788537623.3763044,G1,T01,altezza2420,1,moving
22107,1,1,0,127,0,0,0,0,72,13,9,13,10,5,13,34,18,50,52,61,61,65,85,72,1,127,1788537623.582591,G1,T01,altezza2420,1,moving
22307,1,1,0,127,0,0,0,0,106,20,8,8,9,13,13,34,13,50,65,85,50,74,85,72,1,127,1788537623.7897,G1,T01,altezza2420,1,moving
22507,1,1,0,127,0,0,0,0,109,40,9,13,13,20,13,34,20,41,45,61,50,74,85,72,1,127,1788537623.980917,G1,T01,altezza2420,1,moving
22707,1,1,0,127,0,0,0,0,157,29,10,18,13,16,29,25,8,41,52,61,52,61,85,72,1,127,1788537624.186819,G1,T01,altezza2420,1,moving
22907,1,1,0,127,0,0,0,0,73,13,13,18,13,17,13,32,13,41,52,61,65,61,85,85,1,127,1788537624.3782914,G1,T01,altezza2420,1,moving
23107,1,1,0,127,0,0,0,0,160,61,20,18,8,17,18,41,13,41,52,50,52,52,85,50,1,127,1788537624.5851624,G1,T01,altezza2420,1,moving
23307,1,1,0,127,0,0,0,0,65,20,34,8,5,10,13,41,18,41,52,50,52,52,85,61,1,127,1788537624.7893665,G1,T01,altezza2420,1,moving
23507,1,1,0,127,0,0,0,0,121,58,34,13,5,13,13,34,18,50,52,61,41,61,85,61,1,127,1788537624.9829636,G1,T01,altezza2420,1,moving
23707,1,1,0,127,0,0,0,0,65,29,20,13,8,20,17,41,13,41,52,72,41,61,85,72,1,127,1788537625.189333,G1,T01,altezza2420,1,moving
23907,1,1,0,127,0,0,0,0,65,37,41,10,8,25,13,32,18,50,52,72,50,61,85,61,1,127,1788537625.380646,G1,T01,altezza2420,1,moving
24107,1,1,0,127,0,0,0,0,82,45,34,8,5,13,13,20,10,50,52,61,52,52,85,61,1,127,1788537625.587581,G1,T01,altezza2420,1,moving
24307,1,1,0,127,0,0,0,0,85,17,26,13,8,13,13,32,13,50,52,61,52,52,74,50,1,127,1788537625.7908595,G1,T01,altezza2420,1,moving
24507,1,1,0,127,0,0,0,1,61,58,10,13,10,9,13,32,18,50,52,61,52,52,85,61,1,127,1788537625.984823,G1,T01,altezza2420,1,moving
24707,1,1,0,127,0,0,0,0,305,104,17,8,10,9,13,32,18,50,52,61,52,52,85,61,1,127,1788537626.190706,G1,T01,altezza2420,1,moving
24907,1,1,0,127,0,0,0,0,52,36,26,8,5,13,13,41,18,50,61,72,52,52,85,72,1,127,1788537626.3812406,G1,T01,altezza2420,1,moving
25107,1,1,0,127,0,0,0,0,109,25,25,13,9,20,18,34,13,50,65,72,52,65,85,61,1,127,1788537626.588182,G1,T01,altezza2420,1,moving
25307,1,1,0,127,0,0,0,0,65,34,20,13,5,13,18,34,18,50,52,72,52,52,85,61,1,127,1788537626.790862,G1,T01,altezza2420,1,moving
25507,1,1,0,127,0,0,0,0,74,26,17,13,9,9,25,34,13,50,52,61,52,61,85,61,1,127,1788537626.9863658,G1,T01,altezza2420,1,moving
25707,1,1,0,127,0,0,0,0,81,37,17,13,8,10,18,34,13,50,52,61,52,52,85,61,1,127,1788537627.1772768,G1,T01,altezza2420,1,moving
25907,1,1,0,127,0,0,0,0,40,26,29,13,8,20,20,34,18,50,52,61,52,52,85,72,1,127,1788537627.3841448,G1,T01,altezza2420,1,moving
26107,1,1,0,127,0,0,0,0,40,13,40,9,8,13,25,45,20,50,41,61,52,61,113,72,1,127,1788537627.5905557,G1,T01,altezza2420,1,moving
26307,1,1,0,127,0,0,0,0,41,20,37,9,5,13,20,34,20,41,52,72,52,52,100,61,1,127,1788537627.7804644,G1,T01,altezza2420,1,moving
26507,1,1,0,127,0,0,0,0,65,26,37,9,9,20,25,41,13,41,52,61,52,65,100,61,1,127,1788537627.9887254,G1,T01,altezza2420,1,moving
26707,1,1,0,127,0,0,0,0,34,13,40,5,13,20,13,41,20,50,52,61,52,65,85,72,1,127,1788537628.1783462,G1,T01,altezza2420,1,moving
26907,1,1,0,127,0,0,0,0,40,18,25,10,8,17,18,34,13,50,52,61,61,61,85,72,1,127,1788537628.3852026,G1,T01,altezza2420,1,moving
27107,1,1,0,127,0,0,0,0,41,20,13,13,8,25,18,34,18,50,52,72,61,61,85,61,1,127,1788537628.576637,G1,T01,altezza2420,1,moving
27307,1,1,0,127,0,0,0,0,41,10,25,13,13,20,25,34,13,61,61,61,61,52,98,85,1,127,1788537628.7833526,G1,T01,altezza2420,1,moving
27507,1,1,0,127,0,0,0,0,121,58,16,13,5,16,25,34,13,61,45,72,61,61,98,72,1,127,1788537628.9896169,G1,T01,altezza2420,1,moving
27707,1,1,0,127,0,0,0,0,104,45,20,13,8,10,25,34,18,61,45,61,52,61,85,72,1,127,1788537629.1811824,G1,T01,altezza2420,1,moving
27907,1,1,0,127,0,0,0,0,50,34,17,25,17,20,18,25,13,50,52,61,52,65,85,72,1,127,1788537629.388095,G1,T01,altezza2420,1,moving
28107,1,1,0,127,0,0,0,0,85,29,20,18,8,20,25,25,13,50,65,72,52,61,85,61,1,127,1788537629.5792048,G1,T01,altezza2420,1,moving
28307,1,1,0,127,0,0,0,0,109,26,13,18,8,13,20,25,13,50,61,72,52,52,85,72,1,127,1788537629.7863305,G1,T01,altezza2420,1,moving
28507,1,1,0,127,0,0,0,0,50,37,13,18,13,13,25,25,13,41,52,72,65,52,72,72,1,127,1788537629.9773283,G1,T01,altezza2420,1,moving
28707,1,1,0,127,0,0,0,0,205,25,40,20,5,16,25,34,13,50,52,50,52,52,74,50,1,127,1788537630.184685,G1,T01,altezza2420,1,moving
28907,1,1,0,127,0,0,0,0,49,17,25,18,5,10,20,34,10,50,52,61,61,65,72,50,1,127,1788537630.3899376,G1,T01,altezza2420,1,moving
29107,1,1,0,127,0,0,0,0,128,29,25,13,8,17,25,41,13,41,52,85,50,61,85,72,1,127,1788537630.58104,G1,T01,altezza2420,1,moving
29307,1,1,0,127,0,0,0,0,244,74,13,13,8,13,13,41,13,41,52,72,52,52,74,72,1,127,1788537630.787392,G1,T01,altezza2420,1,moving
29507,1,1,0,127,0,0,0,0,109,41,13,13,4,20,25,45,10,50,52,72,61,74,85,61,1,127,1788537630.9789126,G1,T01,altezza2420,1,moving
29707,1,1,0,127,0,0,0,0,41,25,18,13,5,13,25,34,18,50,52,72,61,52,85,61,1,127,1788537631.1861951,G1,T01,altezza2420,1,moving
29907,1,1,0,127,0,0,0,0,170,37,25,18,13,20,18,25,13,41,52,72,61,52,85,61,1,127,1788537631.3766973,G1,T01,altezza2420,1,moving
30107,1,1,0,127,0,0,0,0,50,26,18,18,5,9,25,25,13,50,52,72,61,52,100,61,1,127,1788537631.5830529,G1,T01,altezza2420,1,moving
30307,1,1,0,127,0,0,0,0,64,20,13,10,8,9,25,25,13,50,52,72,61,52,100,72,1,127,1788537631.789735,G1,T01,altezza2420,1,moving
30507,1,1,0,127,0,0,0,0,160,89,8,8,8,17,25,41,18,50,52,72,52,52,100,72,1,127,1788537631.981805,G1,T01,altezza2420,1,moving
30707,1,1,0,127,0,0,0,0,37,13,20,10,8,9,13,32,18,50,52,72,50,74,100,72,1,127,1788537632.189397,G1,T01,altezza2420,1,moving
30907,1,1,0,127,0,0,0,0,41,16,13,13,10,9,20,41,13,50,52,61,52,52,100,61,1,127,1788537632.380346,G1,T01,altezza2420,1,moving
31107,1,1,0,127,0,0,0,0,106,40,18,8,5,10,25,41,18,61,61,72,41,52,100,72,1,127,1788537632.5874312,G1,T01,altezza2420,1,moving
31307,1,1,0,127,0,0,0,0,85,25,9,8,8,16,18,41,18,50,52,72,52,52,113,72,1,127,1788537632.7789056,G1,T01,altezza2420,1,moving
31507,1,1,0,127,0,0,0,0,34,13,10,13,8,13,18,34,18,50,41,61,45,52,85,50,1,127,1788537632.9856918,G1,T01,altezza2420,1,moving
31707,1,1,0,127,0,0,0,0,37,13,8,13,8,10,25,34,13,61,52,61,52,65,85,61,1,127,1788537633.1767163,G1,T01,altezza2420,1,moving
31907,1,1,0,127,0,0,0,0,157,36,5,18,5,10,18,52,18,61,65,72,41,52,85,61,1,127,1788537633.3835554,G1,T01,altezza2420,1,moving
32107,1,1,0,127,0,0,0,0,130,37,10,20,9,13,13,34,18,61,52,72,41,52,85,61,1,127,1788537633.5907788,G1,T01,altezza2420,1,moving
32307,1,1,0,127,0,0,0,0,73,25,18,9,9,13,13,45,18,50,52,61,52,52,85,74,1,127,1788537633.7818506,G1,T01,altezza2420,1,moving
32507,1,1,0,127,0,0,0,0,68,37,13,13,9,9,18,45,18,61,61,85,52,52,85,74,1,127,1788537633.9892564,G1,T01,altezza2420,1,moving
32707,1,1,0,127,0,0,0,0,164,41,5,9,5,17,25,34,13,50,52,72,52,52,85,61,1,127,1788537634.1806288,G1,T01,altezza2420,1,moving
32907,1,1,0,127,0,0,0,0,145,68,5,13,8,17,13,34,13,50,52,72,52,50,100,61,1,127,1788537634.3879998,G1,T01,altezza2420,1,moving
33107,1,1,0,127,0,0,0,0,164,58,8,9,13,9,20,34,13,50,65,72,41,61,100,72,1,127,1788537634.5793939,G1,T01,altezza2420,1,moving
33307,1,1,0,127,0,0,0,0,74,25,8,13,5,9,20,34,13,61,65,72,52,61,85,61,1,127,1788537634.7861538,G1,T01,altezza2420,1,moving
33507,1,1,0,127,0,0,0,0,109,80,8,25,13,13,18,45,13,50,52,72,52,61,100,72,1,127,1788537634.9781563,G1,T01,altezza2420,1,moving
33707,1,1,0,127,0,0,0,0,41,29,5,13,8,10,13,25,18,50,52,61,52,61,85,72,1,127,1788537635.1841066,G1,T01,altezza2420,1,moving
33907,1,1,0,127,0,0,0,0,72,29,17,13,8,10,25,45,13,41,65,72,52,52,85,72,1,127,1788537635.391082,G1,T01,altezza2420,1,moving
34107,1,1,0,127,0,0,0,0,36,20,17,18,8,17,32,45,13,50,65,72,52,61,98,72,1,127,1788537635.5813692,G1,T01,altezza2420,1,moving
34307,1,1,0,127,0,0,0,0,113,41,5,18,5,17,29,34,18,50,52,72,45,61,100,72,1,127,1788537635.7885487,G1,T01,altezza2420,1,moving
34507,1,1,0,127,0,0,0,0,194,72,10,18,8,20,20,34,10,41,52,61,61,65,85,61,1,127,1788537635.9802396,G1,T01,altezza2420,1,moving
34707,1,1,0,127,0,0,0,0,40,16,13,9,8,10,20,34,13,41,52,61,61,65,85,61,1,127,1788537636.186501,G1,T01,altezza2420,1,moving
34907,1,1,0,127,0,0,0,0,169,61,9,13,5,9,25,45,13,50,52,61,52,74,85,61,1,127,1788537636.3780248,G1,T01,altezza2420,1,moving
35107,1,1,0,127,0,0,0,0,85,37,5,13,5,16,25,45,13,50,52,61,52,61,85,72,1,127,1788537636.5843625,G1,T01,altezza2420,1,moving
35307,1,1,0,127,0,0,0,0,241,80,5,13,5,20,18,52,13,50,52,61,41,61,85,72,1,127,1788537636.790723,G1,T01,altezza2420,1,moving
35507,1,1,0,127,0,0,0,0,52,32,9,13,8,13,20,41,20,50,52,72,41,61,85,72,1,127,1788537636.9822493,G1,T01,altezza2420,1,moving
35707,1,1,0,127,0,0,0,0,41,41,9,18,5,13,13,41,20,61,52,72,52,52,85,61,1,127,1788537637.1903746,G1,T01,altezza2420,1,moving
35907,1,1,0,127,0,0,0,0,50,18,5,18,5,9,13,34,13,50,52,72,52,52,85,61,1,127,1788537637.380942,G1,T01,altezza2420,1,moving
36107,1,1,0,127,0,0,0,0,200,40,13,10,10,9,13,41,13,50,52,72,61,52,85,61,1,127,1788537637.5878305,G1,T01,altezza2420,1,moving
36307,1,1,0,127,0,0,0,0,80,41,8,13,8,13,20,32,13,50,52,61,41,52,85,72,1,127,1788537637.779642,G1,T01,altezza2420,1,moving
36507,1,1,0,1,0,0,0,0,333,50,8,8,5,9,25,41,13,50,52,72,41,61,85,61,1,1,1788537637.9861228,G1,T01,altezza2420,1,moving
36707,1,1,0,1,0,0,0,0,193,29,8,13,5,10,25,34,25,50,52,72,41,52,85,61,1,1,1788537638.1766052,G1,T01,altezza2420,1,moving
36907,1,1,0,1,0,0,0,0,113,20,13,13,8,9,18,34,13,50,52,61,34,52,85,50,1,1,1788537638.3830814,G1,T01,altezza2420,1,moving
37107,1,1,0,1,0,0,0,0,117,32,17,13,8,13,18,34,13,61,52,61,41,52,85,50,1,1,1788537638.5893586,G1,T01,altezza2420,1,moving
37307,1,1,0,1,0,0,0,0,65,45,8,8,8,10,18,34,13,50,52,72,41,61,85,61,1,1,1788537638.7803082,G1,T01,altezza2420,1,moving
37507,1,1,0,1,0,0,0,0,90,13,13,9,8,10,18,45,13,41,52,72,32,61,85,61,1,1,1788537638.9876025,G1,T01,altezza2420,1,moving
37707,1,1,0,1,0,0,0,1,81,20,13,16,9,13,18,52,13,50,61,85,41,61,100,72,1,1,1788537639.1784635,G1,T01,altezza2420,1,moving
37907,1,1,0,1,0,0,0,0,306,101,8,13,8,20,25,40,17,61,50,72,41,61,100,72,1,1,1788537639.3848846,G1,T01,altezza2420,1,moving
38107,1,1,0,1,0,0,0,1,106,41,13,13,8,13,25,52,25,50,52,72,41,61,85,72,1,1,1788537639.5853772,G1,T01,altezza2420,1,moving
38307,1,1,0,1,0,0,0,0,90,25,10,10,10,13,25,34,18,50,52,72,50,74,85,72,1,1,1788537639.7809207,G1,T01,altezza2420,1,moving
38507,1,1,0,1,0,0,0,0,90,20,5,18,5,10,25,41,29,61,52,72,41,52,85,72,1,1,1788537639.98785,G1,T01,altezza2420,1,moving
38707,1,1,0,1,0,0,0,0,169,34,8,13,5,20,25,41,18,50,52,72,41,52,85,61,1,1,1788537640.1781487,G1,T01,altezza2420,1,moving
38907,1,1,0,1,0,0,0,0,89,52,10,13,8,20,18,41,13,41,65,85,50,52,85,61,1,1,1788537640.3850565,G1,T01,altezza2420,1,moving
39107,1,1,0,1,0,0,0,0,37,13,10,13,8,13,18,34,20,52,52,72,41,52,85,72,1,1,1788537640.575125,G1,T01,altezza2420,1,moving
39307,1,1,0,1,0,0,0,1,113,34,10,13,10,10,13,41,20,61,52,72,41,52,85,61,1,1,1788537640.787207,G1,T01,altezza2420,1,moving
39507,1,1,0,1,0,0,0,0,225,58,17,10,5,17,18,41,13,41,34,50,32,74,85,61,1,1,1788537640.990198,G1,T01,altezza2420,1,moving
39707,1,1,0,1,0,0,0,0,73,34,10,10,13,17,18,41,13,50,41,50,32,74,85,61,1,1,1788537641.1866617,G1,T01,altezza2420,1,moving
39907,1,1,0,1,0,0,0,1,65,17,20,8,10,16,20,20,13,50,52,61,32,61,85,61,1,1,1788537641.377295,G1,T01,altezza2420,1,moving
40107,1,1,0,1,0,0,0,1,50,18,13,20,5,17,18,34,13,50,52,61,32,74,85,61,1,1,1788537641.5847344,G1,T01,altezza2420,1,moving
40307,1,1,0,1,0,0,0,0,97,25,10,18,9,13,18,25,13,41,61,61,50,74,85,61,1,1,1788537641.776136,G1,T01,altezza2420,1,moving
40507,1,1,0,1,0,0,0,0,113,65,9,13,5,9,18,34,13,32,52,50,41,61,85,61,1,1,1788537641.9836304,G1,T01,altezza2420,1,moving
40707,1,1,0,1,0,0,0,0,113,34,10,9,5,17,25,34,13,50,52,61,41,61,85,61,1,1,1788537642.189887,G1,T01,altezza2420,1,moving
40907,1,1,0,1,0,0,0,0,101,32,8,13,5,9,25,34,13,50,52,72,41,61,98,61,1,1,1788537642.3805304,G1,T01,altezza2420,1,moving
41107,1,1,0,1,0,0,0,0,61,20,13,13,8,10,25,34,13,61,65,100,50,61,98,61,1,1,1788537642.5873663,G1,T01,altezza2420,1,moving
41307,1,1,0,1,0,0,0,0,85,34,20,13,8,5,18,34,13,41,65,72,41,61,85,72,1,1,1788537642.778635,G1,T01,altezza2420,1,moving
41507,1,1,0,1,0,0,0,0,113,25,17,10,8,8,13,34,13,41,45,72,41,61,85,72,1,1,1788537642.9863486,G1,T01,altezza2420,1,moving
41707,1,1,0,1,0,0,0,0,50,20,13,10,5,5,20,41,18,41,52,72,41,52,85,72,1,1,1788537643.176987,G1,T01,altezza2420,1,moving
41907,1,1,0,1,0,0,0,0,122,49,13,13,5,10,25,34,13,32,61,72,41,61,85,61,1,1,1788537643.3836734,G1,T01,altezza2420,1,moving
42107,1,1,0,1,0,0,0,0,74,20,20,13,8,13,18,34,18,34,52,72,41,61,85,61,1,1,1788537643.5906594,G1,T01,altezza2420,1,moving
42307,1,1,0,1,0,0,0,0,218,26,20,10,5,9,25,34,13,41,52,72,41,61,85,72,1,1,1788537643.7817373,G1,T01,altezza2420,1,moving
42507,1,1,0,1,0,0,0,0,40,34,20,10,5,17,25,41,13,41,52,85,32,61,74,61,1,1,1788537643.987222,G1,T01,altezza2420,1,moving
42707,1,1,0,1,0,0,0,0,113,32,20,8,8,13,18,41,20,41,52,61,41,61,98,61,1,1,1788537644.1769404,G1,T01,altezza2420,1,moving
42907,1,1,0,1,0,0,0,0,185,50,17,9,5,13,13,41,13,41,52,61,41,61,98,61,1,1,1788537644.384518,G1,T01,altezza2420,1,moving
43107,1,1,0,1,0,0,0,0,68,20,13,13,8,13,13,45,20,41,52,61,41,61,85,61,1,1,1788537644.5905476,G1,T01,altezza2420,1,moving
43307,1,1,0,1,0,0,0,0,89,41,10,13,8,13,13,34,13,34,52,61,41,52,72,61,1,1,1788537644.7894228,G1,T01,altezza2420,1,moving
43507,1,1,0,1,0,0,0,0,74,40,13,13,4,10,13,25,8,34,52,72,41,52,72,61,1,1,1788537644.989116,G1,T01,altezza2420,1,moving
43707,1,1,0,1,0,0,0,1,61,25,13,5,8,10,13,34,13,34,52,72,41,61,72,61,1,1,1788537645.1893964,G1,T01,altezza2420,1,moving
43907,1,1,0,1,0,0,0,0,221,68,13,8,13,10,20,34,13,34,52,61,41,61,85,72,1,1,1788537645.389319,G1,T01,altezza2420,1,moving
44107,1,1,0,1,0,0,0,0,173,85,9,8,9,13,20,29,13,41,52,61,41,61,85,61,1,1,1788537645.5891938,G1,T01,altezza2420,1,moving
44307,1,1,0,1,0,0,0,0,58,34,20,8,10,13,13,41,20,34,65,61,50,61,72,85,1,1,1788537645.7894673,G1,T01,altezza2420,1,moving
44507,1,1,0,1,0,0,0,0,85,20,25,5,5,9,25,32,13,34,52,61,41,61,85,72,1,1,1788537645.9898329,G1,T01,altezza2420,1,moving
44707,1,1,0,1,0,0,0,0,58,50,16,5,5,9,20,34,18,41,52,61,34,61,72,61,1,1,1788537646.1890833,G1,T01,altezza2420,1,moving
44907,1,1,0,1,0,0,0,0,89,98,8,5,5,13,9,34,13,34,52,61,41,61,72,61,1,1,1788537646.389213,G1,T01,altezza2420,1,moving
45107,1,1,0,1,0,0,0,0,145,29,8,13,5,13,13,41,18,34,52,72,32,52,72,61,1,1,1788537646.5901673,G1,T01,altezza2420,1,moving
45307,1,1,0,1,0,0,0,0,205,74,9,10,5,13,25,45,18,41,61,85,41,61,72,61,1,1,1788537646.7912593,G1,T01,altezza2420,1,moving
45507,1,1,0,1,0,0,0,0,160,25,13,8,5,17,25,34,20,41,52,85,41,52,72,50,1,1,1788537646.9769118,G1,T01,altezza2420,1,moving
45707,1,1,0,1,0,0,0,0,116,37,8,8,5,10,20,41,18,50,52,72,41,61,72,72,1,1,1788537647.1843305,G1,T01,altezza2420,1,moving
45907,1,1,0,1,0,0,0,0,45,18,10,8,10,13,13,41,13,52,52,61,41,61,85,72,1,1,1788537647.3909748,G1,T01,altezza2420,1,moving
46107,1,1,0,1,0,0,0,0,40,37,18,8,10,20,20,25,13,41,52,61,32,50,98,72,1,1,1788537647.58251,G1,T01,altezza2420,1,moving
46307,1,1,0,1,0,0,0,0,58,41,10,8,8,16,25,34,20,52,52,72,41,52,85,72,1,1,1788537647.7889867,G1,T01,altezza2420,1,moving
46507,1,1,0,1,0,0,0,0,61,20,13,10,8,20,25,34,13,41,52,61,41,52,72,50,1,1,1788537647.9804456,G1,T01,altezza2420,1,moving
46707,1,1,0,1,0,0,0,0,104,25,10,8,10,20,13,32,8,41,52,61,41,52,85,72,1,1,1788537648.1872127,G1,T01,altezza2420,1,moving
46907,1,1,0,1,0,0,0,1,101,80,9,8,5,5,13,41,13,41,65,72,41,52,85,72,1,1,1788537648.3787673,G1,T01,altezza2420,1,moving
47107,1,1,0,1,0,0,0,0,106,65,9,13,8,16,18,41,18,41,52,72,41,52,85,72,1,1,1788537648.5854917,G1,T01,altezza2420,1,moving
47307,1,1,0,1,0,0,0,0,90,41,8,13,10,20,13,41,18,50,52,72,32,61,72,61,1,1,1788537648.7759798,G1,T01,altezza2420,1,moving
47507,1,1,0,1,0,0,0,0,53,25,5,13,5,16,20,25,13,32,52,72,50,61,72,61,1,1,1788537648.983818,G1,T01,altezza2420,1,moving
47707,1,1,0,1,0,0,0,0,74,25,8,5,9,10,25,41,18,32,52,85,50,61,72,61,1,1,1788537649.1909997,G1,T01,altezza2420,1,moving
47907,1,1,0,1,0,0,0,0,49,25,10,10,8,10,18,41,18,41,65,72,41,61,72,72,1,1,1788537649.3823512,G1,T01,altezza2420,1,moving
48107,1,1,0,1,0,0,0,0,117,25,13,5,13,20,13,41,13,41,52,61,41,61,72,72,1,1,1788537649.5896144,G1,T01,altezza2420,1,moving
48307,1,1,0,1,0,0,0,0,218,45,8,8,13,13,13,41,18,41,52,61,41,61,85,72,1,1,1788537649.780507,G1,T01,altezza2420,1,moving
48507,1,1,0,1,0,0,0,0,193,89,13,5,8,13,25,52,25,41,52,50,32,61,61,61,1,1,1788537649.9872363,G1,T01,altezza2420,1,moving
48707,1,1,0,1,0,0,0,0,58,17,10,13,5,20,25,52,25,50,52,50,41,61,72,50,1,1,1788537650.1787276,G1,T01,altezza2420,1,moving
48907,1,1,0,1,0,0,0,0,104,18,10,8,5,20,18,41,18,34,41,74,50,61,72,72,1,1,1788537650.3860693,G1,T01,altezza2420,1,moving
49107,1,1,0,1,0,0,0,0,85,37,5,9,10,17,25,52,25,41,41,74,50,52,72,72,1,1,1788537650.576113,G1,T01,altezza2420,1,moving
49307,1,1,0,1,0,0,0,0,73,18,9,9,8,9,25,45,20,34,52,72,41,52,72,61,1,1,1788537650.7904053,G1,T01,altezza2420,1,moving
49507,1,1,0,1,0,0,0,0,98,37,8,8,8,10,25,50,25,34,45,72,32,52,72,61,1,1,1788537650.9893064,G1,T01,altezza2420,1,moving
49707,1,1,0,1,0,0,0,0,80,25,8,8,10,10,25,41,25,34,45,72,32,52,72,50,1,1,1788537651.1798143,G1,T01,altezza2420,1,moving
49907,1,1,0,1,0,0,0,0,45,25,10,13,13,18,10,41,25,52,52,72,41,61,72,61,1,1,1788537651.3851624,G1,T01,altezza2420,1,moving
50107,1,1,0,1,0,0,0,0,40,61,9,8,13,29,18,41,18,52,52,72,41,61,72,61,1,1,1788537651.5761058,G1,T01,altezza2420,1,moving
50307,1,1,0,1,0,0,0,0,72,26,5,8,8,20,18,45,20,41,52,72,32,52,72,61,1,1,1788537651.7823648,G1,T01,altezza2420,1,moving
50507,1,1,0,1,0,0,0,0,72,34,8,10,9,10,18,61,25,41,52,72,32,52,85,61,1,1,1788537651.989447,G1,T01,altezza2420,1,moving
50707,1,1,0,1,0,0,0,0,185,85,5,8,8,13,18,52,20,41,52,61,41,52,85,61,1,1,1788537652.1806629,G1,T01,altezza2420,1,moving
50907,1,1,0,1,0,0,0,0,82,37,10,5,5,10,25,52,29,65,52,61,41,52,85,72,1,1,1788537652.3861046,G1,T01,altezza2420,1,moving
51107,1,1,0,1,0,0,0,0,82,20,10,10,5,10,25,61,34,41,52,72,50,52,72,61,1,1,1788537652.5780594,G1,T01,altezza2420,1,moving
51307,1,1,0,1,0,0,0,0,74,25,10,5,8,9,20,52,25,41,52,72,32,61,72,50,1,1,1788537652.7869146,G1,T01,altezza2420,1,moving
51507,1,1,0,1,0,0,0,0,170,85,13,32,5,10,20,34,20,34,65,72,32,61,85,61,1,1,1788537652.9772794,G1,T01,altezza2420,1,moving
51707,1,1,0,1,0,0,0,0,89,45,10,8,8,13,25,52,20,41,52,72,32,52,72,61,1,1,1788537653.1842303,G1,T01,altezza2420,1,moving
51907,1,1,0,1,0,0,0,0,68,17,13,13,5,10,18,52,25,41,52,72,32,65,72,50,1,1,1788537653.3911016,G1,T01,altezza2420,1,moving
52107,1,1,0,1,0,0,0,0,125,45,18,4,5,5,13,52,25,34,52,72,41,65,72,50,1,1,1788537653.582287,G1,T01,altezza2420,1,moving
52307,1,1,0,1,0,0,0,0,65,10,10,26,8,10,18,52,25,41,61,72,41,65,72,61,1,1,1788537653.7886486,G1,T01,altezza2420,1,moving
52507,1,1,0,1,0,0,0,0,100,45,9,8,13,10,20,52,25,41,52,61,34,65,61,61,1,1,1788537653.9802163,G1,T01,altezza2420,1,moving
52707,1,1,0,1,0,0,0,0,250,45,10,8,8,10,13,52,18,41,61,72,41,65,72,61,1,1,1788537654.1870863,G1,T01,altezza2420,1,moving
52907,1,1,0,1,0,0,0,1,306,58,13,10,5,9,13,52,20,34,61,72,41,65,72,61,1,1,1788537654.3792498,G1,T01,altezza2420,1,moving
53107,1,1,0,1,0,0,0,0,80,26,5,25,10,13,13,52,29,34,61,61,50,65,85,61,1,1,1788537654.585516,G1,T01,altezza2420,1,moving
53307,1,1,0,1,0,0,0,0,65,65,13,10,5,10,13,45,29,41,52,72,41,52,85,61,1,1,1788537654.77652,G1,T01,altezza2420,1,moving
53507,1,1,0,1,0,0,0,1,149,26,13,18,8,10,25,61,18,41,52,72,32,52,85,72,1,1,1788537654.9827359,G1,T01,altezza2420,1,moving
53707,1,1,0,1,0,0,0,0,68,40,10,13,5,16,13,61,34,52,65,72,41,52,85,72,1,1,1788537655.190059,G1,T01,altezza2420,1,moving
53907,1,1,0,1,0,0,0,0,90,20,17,13,8,17,18,61,25,52,41,72,32,52,72,61,1,1,1788537655.382046,G1,T01,altezza2420,1,moving
54107,1,1,0,1,0,0,0,0,50,20,17,8,8,16,13,52,25,50,61,61,41,65,72,61,1,1,1788537655.5880818,G1,T01,altezza2420,1,moving
54307,1,1,0,1,0,0,0,0,97,26,20,8,8,9,25,52,25,41,61,61,41,61,85,72,1,1,1788537655.7788773,G1,T01,altezza2420,1,moving
54507,1,1,0,1,0,0,0,0,36,32,13,13,9,16,25,52,25,50,61,61,32,52,85,72,1,1,1788537655.9862463,G1,T01,altezza2420,1,moving
54707,1,1,0,1,0,0,0,0,145,74,13,5,10,9,13,52,20,41,61,61,52,52,85,72,1,1,1788537656.177216,G1,T01,altezza2420,1,moving
54907,1,1,0,1,0,0,0,0,41,17,9,5,8,10,13,52,25,52,61,61,41,61,85,72,1,1,1788537656.3847697,G1,T01,altezza2420,1,moving
55107,1,1,0,1,0,0,0,0,34,9,10,10,8,10,25,52,34,41,61,72,32,61,85,72,1,1,1788537656.5796545,G1,T01,altezza2420,1,moving
55307,1,1,0,1,0,0,0,0,137,29,10,5,8,9,20,52,25,52,61,72,32,61,72,85,1,1,1788537656.7854335,G1,T01,altezza2420,1,moving
55507,1,1,0,1,0,0,0,0,100,53,10,8,5,17,20,52,18,41,61,61,32,61,72,61,1,1,1788537656.9911323,G1,T01,altezza2420,1,moving
55707,1,1,0,1,0,0,0,0,80,18,8,41,5,17,18,52,25,52,61,72,32,61,72,61,1,1,1788537657.181142,G1,T01,altezza2420,1,moving
55907,1,1,0,1,0,0,0,0,65,29,20,20,9,17,13,32,25,41,74,72,32,74,72,72,1,1,1788537657.3879898,G1,T01,altezza2420,1,moving
56107,1,1,0,1,0,0,0,0,72,17,20,8,5,9,13,34,20,41,52,72,32,74,72,72,1,1,1788537657.5799022,G1,T01,altezza2420,1,moving
56307,1,1,0,1,0,0,0,0,104,26,13,10,8,10,13,61,25,34,45,72,32,61,72,72,1,1,1788537657.7862823,G1,T01,altezza2420,1,moving
56507,1,1,0,1,0,0,0,0,130,65,26,5,8,9,13,61,25,41,52,72,32,61,72,72,1,1,1788537657.9770806,G1,T01,altezza2420,1,moving
56707,1,1,0,1,0,0,0,0,153,26,13,13,8,10,13,72,25,50,52,72,41,61,72,72,1,1,1788537658.1842542,G1,T01,altezza2420,1,moving
56907,1,1,0,1,0,0,0,0,373,90,13,5,5,5,13,41,20,41,52,72,32,61,85,72,1,1,1788537658.3899581,G1,T01,altezza2420,1,moving
57107,1,1,0,1,0,0,0,0,148,40,16,16,10,13,20,45,20,41,52,85,41,61,85,61,1,1,1788537658.5812802,G1,T01,altezza2420,1,moving
57307,1,1,0,1,0,0,0,0,58,53,8,34,10,13,13,41,25,52,45,61,41,61,85,61,1,1,1788537658.7872086,G1,T01,altezza2420,1,moving
57507,1,1,0,1,0,0,0,0,106,37,20,13,8,10,20,41,32,61,61,72,32,52,72,61,1,1,1788537658.9782429,G1,T01,altezza2420,1,moving
57707,1,1,0,1,0,0,0,0,461,149,25,8,9,9,20,41,25,41,52,72,41,52,61,61,1,1,1788537659.18559,G1,T01,altezza2420,1,moving
57907,1,1,0,1,0,0,0,0,45,25,25,10,4,10,20,41,25,41,52,72,32,52,61,61,1,1,1788537659.3768194,G1,T01,altezza2420,1,moving
58107,1,1,0,1,0,0,0,0,157,65,34,13,5,9,25,52,25,41,52,72,32,52,85,72,1,1,1788537659.5837739,G1,T01,altezza2420,1,moving
58307,1,1,0,1,0,0,0,0,50,25,16,20,9,9,32,52,34,52,52,61,32,52,85,72,1,1,1788537659.7909205,G1,T01,altezza2420,1,moving
58507,1,1,0,1,0,0,0,0,130,53,18,8,9,13,25,52,34,52,52,61,32,52,72,72,1,1,1788537659.9823625,G1,T01,altezza2420,1,moving
58707,1,1,0,1,0,0,0,1,85,26,20,5,5,10,8,50,18,32,65,72,41,52,72,72,1,1,1788537660.1896617,G1,T01,altezza2420,1,moving
58907,1,1,0,1,0,0,0,0,145,34,29,16,5,5,10,50,18,41,65,72,41,52,72,72,1,1,1788537660.37993,G1,T01,altezza2420,1,moving
59107,1,1,0,1,0,0,0,0,45,18,13,20,9,5,17,61,25,34,65,72,41,52,72,61,1,1,1788537660.588261,G1,T01,altezza2420,1,moving
59307,1,1,0,1,0,0,0,0,153,65,13,34,8,10,13,52,20,34,52,72,41,65,72,72,1,1,1788537660.7781687,G1,T01,altezza2420,1,moving
59507,1,1,0,1,0,0,0,1,68,25,13,18,5,10,20,52,20,34,52,72,41,52,85,72,1,1,1788537660.9854124,G1,T01,altezza2420,1,moving
59707,1,1,0,1,0,0,0,0,89,50,34,9,9,13,13,52,20,34,61,85,41,52,85,72,1,1,1788537661.1763296,G1,T01,altezza2420,1,moving
59907,1,1,0,1,0,0,0,0,90,10,9,25,5,13,13,52,25,50,52,72,32,52,72,72,1,1,1788537661.3827574,G1,T01,altezza2420,1,moving
60107,1,1,0,1,0,0,0,0,116,26,13,25,8,13,13,61,32,50,65,72,32,52,72,61,1,1,1788537661.5902162,G1,T01,altezza2420,1,moving
60307,1,1,0,1,0,0,0,0,80,20,20,13,5,9,18,61,32,41,65,72,41,65,72,61,1,1,1788537661.7812378,G1,T01,altezza2420,1,moving
60507,1,1,0,1,0,0,0,0,104,26,20,10,5,17,25,52,25,25,58,72,32,65,72,61,1,1,1788537661.9885485,G1,T01,altezza2420,1,moving
60707,1,1,0,1,0,0,0,0,74,65,16,17,8,10,25,52,20,34,45,61,50,52,72,61,1,1,1788537662.1795597,G1,T01,altezza2420,1,moving
60907,1,1,0,1,0,0,0,0,100,18,10,17,9,10,25,52,20,34,52,61,32,61,72,61,1,1,1788537662.3858902,G1,T01,altezza2420,1,moving
61107,1,1,0,1,0,0,0,0,89,25,17,17,8,13,32,52,25,34,52,61,32,61,85,50,1,1,1788537662.5778077,G1,T01,altezza2420,1,moving
61307,1,1,0,1,0,0,0,0,34,13,9,20,5,10,25,52,25,34,52,61,41,52,72,61,1,1,1788537662.7851307,G1,T01,altezza2420,1,moving
61507,1,1,0,1,0,0,0,0,244,85,17,29,5,10,20,52,25,41,52,61,41,52,72,61,1,1,1788537662.9761515,G1,T01,altezza2420,1,moving
61707,1,1,0,1,0,0,0,0,37,25,13,13,5,10,13,52,25,41,52,61,41,61,85,61,1,1,1788537663.1827524,G1,T01,altezza2420,1,moving
61907,1,1,0,1,0,0,0,0,53,20,20,18,10,10,13,61,34,41,52,61,41,61,72,61,1,1,1788537663.390192,G1,T01,altezza2420,1,moving
62107,1,1,0,1,0,0,0,0,80,40,18,13,13,13,25,45,20,41,61,72,32,61,72,61,1,1,1788537663.582357,G1,T01,altezza2420,1,moving
62307,1,1,0,1,0,0,0,0,58,36,18,13,8,13,18,61,20,34,52,72,32,61,85,72,1,1,1788537663.788976,G1,T01,altezza2420,1,moving
62507,1,1,0,1,0,0,0,0,90,37,10,13,8,5,20,41,25,41,61,72,32,61,72,72,1,1,1788537663.9824507,G1,T01,altezza2420,1,moving
62707,1,1,0,1,0,0,0,0,113,37,9,13,5,10,13,52,25,61,61,72,32,61,72,61,1,1,1788537664.1864872,G1,T01,altezza2420,1,moving
62907,1,1,0,1,0,0,0,0,125,37,20,8,8,9,20,52,20,52,61,72,32,61,72,72,1,1,1788537664.3789504,G1,T01,altezza2420,1,moving
63107,1,1,0,1,0,0,0,0,125,97,20,9,10,10,25,52,20,34,52,61,32,61,72,61,1,1,1788537664.583739,G1,T01,altezza2420,1,moving
63307,1,1,0,1,0,0,0,0,185,85,25,10,9,17,13,52,20,34,65,72,41,52,72,72,1,1,1788537664.790898,G1,T01,altezza2420,1,moving
63507,1,1,0,1,0,0,0,0,65,34,34,10,8,20,25,52,20,34,52,72,32,61,85,72,1,1,1788537664.9820673,G1,T01,altezza2420,1,moving
63707,1,1,0,1,0,0,0,0,202,100,25,9,8,17,32,45,20,41,52,72,34,61,72,50,1,1,1788537665.1888895,G1,T01,altezza2420,1,moving
63907,1,1,0,1,0,0,0,0,74,26,17,18,8,17,25,50,25,34,52,61,32,61,85,72,1,1,1788537665.381135,G1,T01,altezza2420,1,moving
64107,1,1,0,1,0,0,0,0,113,41,29,9,5,13,26,50,25,34,52,50,32,61,85,61,1,1,1788537665.588441,G1,T01,altezza2420,1,moving
64307,1,1,0,1,0,0,0,0,193,36,18,5,8,10,29,41,20,34,45,61,41,52,72,61,1,1,1788537665.779159,G1,T01,altezza2420,1,moving
64507,1,1,0,1,0,0,0,0,181,73,13,18,8,5,20,41,20,34,45,61,41,52,72,61,1,1,1788537665.986502,G1,T01,altezza2420,1,moving
64707,1,1,0,1,0,0,0,0,85,34,18,9,8,13,18,61,25,41,52,61,41,52,72,72,1,1,1788537666.17787,G1,T01,altezza2420,1,moving
64907,1,1,0,1,0,0,0,0,146,52,8,13,10,16,25,52,13,45,41,61,32,52,72,72,1,1,1788537666.3838332,G1,T01,altezza2420,1,moving
65107,1,1,0,1,0,0,0,0,113,32,13,8,5,20,18,41,20,45,41,61,32,61,72,61,1,1,1788537666.5906389,G1,T01,altezza2420,1,moving
65307,1,1,0,1,0,0,0,0,73,45,8,10,10,13,13,52,20,34,52,61,41,65,72,61,1,1,1788537666.7816393,G1,T01,altezza2420,1,moving
65507,1,1,0,1,0,0,0,0,58,10,9,13,8,9,13,41,20,34,52,72,41,65,72,61,1,1,1788537666.9884343,G1,T01,altezza2420,1,moving
65707,1,1,0,1,0,0,0,0,65,25,13,10,9,10,13,61,34,52,65,72,41,61,72,61,1,1,1788537667.179471,G1,T01,altezza2420,1,moving
65907,1,1,0,1,0,0,0,1,117,52,16,9,5,9,13,41,20,41,52,50,41,61,85,61,1,1,1788537667.3870373,G1,T01,altezza2420,1,moving
66107,1,1,0,1,0,0,0,1,40,20,13,18,8,10,13,41,29,52,52,61,34,50,85,50,1,1,1788537667.5786688,G1,T01,altezza2420,1,moving
66307,1,1,0,1,0,0,0,0,65,17,13,13,8,9,25,52,20,52,52,61,41,50,85,61,1,1,1788537667.7855601,G1,T01,altezza2420,1,moving
66507,1,1,0,1,0,0,0,0,245,85,10,18,8,8,13,52,20,52,52,61,41,52,85,72,1,1,1788537667.9918044,G1,T01,altezza2420,1,moving
66707,1,1,0,1,0,0,0,0,170,72,18,18,10,8,13,41,29,52,52,61,32,52,85,72,1,1,1788537668.1834018,G1,T01,altezza2420,1,moving
66907,1,1,0,1,0,0,0,0,52,20,10,25,9,18,13,61,25,52,52,85,41,52,72,72,1,1,1788537668.390375,G1,T01,altezza2420,1,moving
67107,1,1,0,1,0,0,0,0,82,26,13,18,8,17,18,61,25,52,61,72,32,52,72,61,1,1,1788537668.5805764,G1,T01,altezza2420,1,moving
67307,1,1,0,1,0,0,0,0,101,37,8,25,5,20,18,45,20,45,45,61,32,52,72,61,1,1,1788537668.7874205,G1,T01,altezza2420,1,moving
67507,1,1,0,1,0,0,0,0,61,25,32,5,10,13,13,41,25,41,61,72,32,52,61,61,1,1,1788537668.9786544,G1,T01,altezza2420,1,moving
67707,1,1,0,1,0,0,0,0,260,68,25,9,5,20,13,32,13,41,52,72,41,52,74,61,1,1,1788537669.1863544,G1,T01,altezza2420,1,moving
67907,1,1,0,1,0,0,0,0,221,29,10,25,9,10,29,41,25,41,52,72,41,52,72,61,1,1,1788537669.3837256,G1,T01,altezza2420,1,moving
68107,1,1,0,1,0,0,0,0,85,25,13,17,8,10,20,50,25,41,52,72,32,61,72,85,1,1,1788537669.5845642,G1,T01,altezza2420,1,moving
68307,1,1,0,1,0,0,0,0,130,37,25,17,10,10,20,52,29,52,52,61,52,52,72,85,1,1,1788537669.7912786,G1,T01,altezza2420,1,moving
68507,1,1,0,1,0,0,0,0,305,49,26,17,10,10,8,61,25,52,52,61,32,61,85,74,1,1,1788537669.981955,G1,T01,altezza2420,1,moving
68707,1,1,0,1,0,0,0,0,145,26,17,29,13,20,13,41,25,52,52,72,41,52,72,61,1,1,1788537670.1902673,G1,T01,altezza2420,1,moving
68907,1,1,0,1,0,0,0,0,113,49,13,20,8,10,20,41,18,41,52,72,41,61,72,61,1,1,1788537670.3858175,G1,T01,altezza2420,1,moving
69107,1,1,0,1,0,0,0,0,50,20,13,8,5,9,25,41,25,52,41,72,41,61,85,61,1,1,1788537670.588598,G1,T01,altezza2420,1,moving
69307,1,1,0,1,0,0,0,0,157,82,10,25,8,10,25,45,25,41,52,61,41,52,85,61,1,1,1788537670.780063,G1,T01,altezza2420,1,moving
69507,1,1,0,1,0,0,0,0,74,45,13,16,8,13,13,41,25,41,65,61,32,61,85,72,1,1,1788537670.9868386,G1,T01,altezza2420,1,moving
69707,1,1,0,1,0,0,0,0,85,40,9,20,8,13,13,41,25,41,65,61,32,61,85,72,1,1,1788537671.1777277,G1,T01,altezza2420,1,moving
69907,1,1,0,1,0,0,0,0,109,45,10,25,8,13,18,40,10,34,74,61,32,61,85,61,1,1,1788537671.385848,G1,T01,altezza2420,1,moving
70107,1,1,0,1,0,0,0,0,317,72,8,10,10,9,13,50,13,32,74,61,32,61,72,61,1,1,1788537671.5912943,G1,T01,altezza2420,1,moving
70307,1,1,0,1,0,0,0,0,74,29,13,13,8,10,13,50,20,52,74,61,32,61,72,61,1,1,1788537671.7808988,G1,T01,altezza2420,1,moving
70507,1,1,0,1,0,0,0,0,170,40,18,18,5,5,25,41,25,52,65,85,32,52,72,61,1,1,1788537671.9887154,G1,T01,altezza2420,1,moving
70707,1,1,0,1,0,0,0,0,98,40,20,13,8,10,25,41,20,52,65,61,41,52,72,72,1,1,1788537672.1799898,G1,T01,altezza2420,1,moving
70907,1,1,0,1,0,0,0,0,109,26,8,18,5,9,13,61,34,34,65,85,41,52,72,72,1,1,1788537672.3859978,G1,T01,altezza2420,1,moving
71107,1,1,0,1,0,0,0,0,98,45,13,16,10,9,20,52,18,25,52,61,41,52,85,72,1,1,1788537672.5918367,G1,T01,altezza2420,1,moving
71307,1,1,0,1,0,0,0,0,40,34,16,16,5,9,20,52,20,34,52,61,41,61,85,72,1,1,1788537672.781893,G1,T01,altezza2420,1,moving
71507,1,1,0,1,0,0,0,0,73,34,10,20,8,10,20,61,25,41,52,72,50,52,85,72,1,1,1788537672.9893327,G1,T01,altezza2420,1,moving
71707,1,1,0,1,0,0,0,0,128,25,17,20,5,13,17,52,20,41,52,72,41,52,85,72,1,1,1788537673.1875274,G1,T01,altezza2420,1,moving
71907,1,1,0,1,0,0,0,0,185,85,10,29,5,9,20,41,25,41,52,72,41,52,85,72,1,1,1788537673.38957,G1,T01,altezza2420,1,moving
72107,1,1,0,1,0,0,0,0,125,53,8,17,8,10,20,41,25,41,52,72,41,61,85,72,1,1,1788537673.578562,G1,T01,altezza2420,1,moving
72307,1,1,0,1,0,0,0,0,58,18,29,16,9,17,20,41,25,41,61,61,50,74,61,61,1,1,1788537673.78592,G1,T01,altezza2420,1,moving
72507,1,1,0,1,0,0,0,0,160,25,8,32,5,10,20,40,20,41,65,61,41,52,72,61,1,1,1788537673.9777436,G1,T01,altezza2420,1,moving
72707,1,1,0,1,0,0,0,0,349,173,20,9,10,13,20,45,25,41,65,72,41,52,72,61,1,1,1788537674.1857338,G1,T01,altezza2420,1,moving
72907,1,1,0,1,0,0,0,0,37,80,25,17,9,10,25,41,25,34,41,61,41,52,72,61,1,1,1788537674.3915305,G1,T01,altezza2420,1,moving
73107,1,1,0,1,0,0,0,0,117,34,13,13,5,9,25,52,25,41,52,61,41,52,72,50,1,1,1788537674.5834715,G1,T01,altezza2420,1,moving
73307,1,1,0,1,0,0,0,0,73,20,18,13,9,13,20,52,34,52,61,72,32,52,72,61,1,1,1788537674.7904177,G1,T01,altezza2420,1,moving
73507,1,1,0,1,0,0,0,0,205,32,18,18,5,13,20,52,34,52,61,72,32,52,72,61,1,1,1788537674.981678,G1,T01,altezza2420,1,moving
73707,1,1,0,1,0,0,0,0,41,17,13,13,8,10,20,41,13,52,65,72,32,52,72,50,1,1,1788537675.1880612,G1,T01,altezza2420,1,moving
73907,1,1,0,1,0,0,0,0,52,13,20,9,8,10,20,52,20,41,52,50,41,52,85,61,1,1,1788537675.3880026,G1,T01,altezza2420,1,moving
74107,1,1,0,1,0,0,0,0,130,40,18,17,8,10,25,52,25,50,52,61,41,65,61,61,1,1,1788537675.5863583,G1,T01,altezza2420,1,moving
74307,1,1,0,1,0,0,0,0,89,58,10,13,8,13,13,45,20,50,61,72,50,74,72,50,1,1,1788537675.7801647,G1,T01,altezza2420,1,moving
74507,1,1,0,1,0,0,0,0,64,25,9,25,10,16,13,52,20,52,52,72,41,65,61,50,1,1,1788537675.9847522,G1,T01,altezza2420,1,moving
74707,1,1,0,1,0,0,0,1,81,20,10,20,10,13,13,52,29,34,52,72,32,52,85,61,1,1,1788537676.1917841,G1,T01,altezza2420,1,moving
74907,1,1,0,1,0,0,0,0,45,20,10,41,8,9,20,52,25,34,52,72,32,61,85,72,1,1,1788537676.3880026,G1,T01,altezza2420,1,moving
75107,1,1,0,1,0,0,0,0,73,13,5,25,13,5,20,52,25,34,52,72,41,61,72,61,1,1,1788537676.5889075,G1,T01,altezza2420,1,moving
75307,1,1,0,1,0,0,0,1,65,16,13,18,8,13,25,52,25,34,52,50,41,61,72,72,1,1,1788537676.7835412,G1,T01,altezza2420,1,moving
75507,1,1,0,1,0,0,0,0,89,26,10,18,5,13,18,61,25,45,41,50,41,74,61,72,1,1,1788537676.9877198,G1,T01,altezza2420,1,moving
75707,1,1,0,1,0,0,0,0,101,53,10,10,5,17,18,61,25,34,65,72,41,61,61,72,1,1,1788537677.1848216,G1,T01,altezza2420,1,moving
75907,1,1,0,1,0,0,0,0,34,18,10,25,5,10,20,52,20,41,52,61,41,52,61,61,1,1,1788537677.3883946,G1,T01,altezza2420,1,moving
76107,1,1,0,1,0,0,0,0,34,18,13,18,5,9,20,52,20,41,52,61,32,52,61,61,1,1,1788537677.5853252,G1,T01,altezza2420,1,moving
76307,1,1,0,1,0,0,0,0,58,20,29,8,8,10,20,61,25,41,52,61,32,61,61,61,1,1,1788537677.786013,G1,T01,altezza2420,1,moving
76507,1,1,0,1,0,0,0,0,58,20,13,8,5,10,13,52,20,52,52,61,41,61,74,61,1,1,1788537677.9917734,G1,T01,altezza2420,1,moving
76707,1,1,0,1,0,0,0,0,61,18,10,20,8,13,20,45,20,41,52,61,41,61,61,50,1,1,1788537678.1875238,G1,T01,altezza2420,1,moving
76907,1,1,0,1,0,0,0,0,85,25,13,13,5,10,13,34,20,41,52,61,41,52,61,50,1,1,1788537678.3898342,G1,T01,altezza2420,1,moving
77107,1,1,0,1,0,0,0,0,116,53,13,20,10,9,20,41,25,52,52,72,41,61,61,50,1,1,1788537678.5886085,G1,T01,altezza2420,1,moving
77307,1,1,0,1,0,0,0,0,65,10,18,13,5,9,20,41,34,52,52,72,41,61,74,61,1,1,1788537678.7892914,G1,T01,altezza2420,1,moving
77507,1,1,0,1,0,0,0,0,122,26,20,5,5,13,34,34,29,45,45,72,41,61,61,72,1,1,1788537678.9901686,G1,T01,altezza2420,1,moving
77707,1,1,0,1,0,0,0,1,100,25,10,10,5,5,20,52,20,41,65,72,41,52,50,72,1,1,1788537679.19055,G1,T01,altezza2420,1,moving
77907,1,1,0,1,0,0,0,0,125,20,10,13,8,8,25,52,20,41,65,72,32,52,50,72,1,1,1788537679.391131,G1,T01,altezza2420,1,moving
78107,1,1,0,1,0,0,0,0,89,45,18,10,5,9,25,52,20,45,52,50,41,52,50,61,1,1,1788537679.5919313,G1,T01,altezza2420,1,moving
78307,1,1,0,1,0,0,0,0,85,34,10,13,5,17,25,52,20,41,52,61,32,61,61,52,1,1,1788537679.7920709,G1,T01,altezza2420,1,moving
78507,1,1,0,1,0,0,0,0,49,29,9,10,9,17,17,41,20,50,61,72,32,61,61,61,1,1,1788537679.982236,G1,T01,altezza2420,1,moving
78707,1,1,0,1,0,0,0,0,173,52,10,10,10,10,20,45,29,45,52,72,32,52,72,72,1,1,1788537680.1884475,G1,T01,altezza2420,1,moving
78907,1,1,0,1,0,0,0,0,80,26,5,18,5,17,25,52,18,34,65,72,32,52,61,61,1,1,1788537680.3900173,G1,T01,altezza2420,1,moving
79107,1,1,0,1,0,0,0,0,49,10,5,18,5,20,18,52,25,34,52,72,32,52,61,61,1,1,1788537680.5858788,G1,T01,altezza2420,1,moving
79307,1,1,0,1,0,0,0,0,178,26,13,13,10,10,18,52,34,52,52,61,32,61,61,61,1,1,1788537680.7774518,G1,T01,altezza2420,1,moving
79507,1,1,0,1,0,0,0,0,160,125,8,10,5,10,20,45,25,41,52,50,32,61,61,61,1,1,1788537680.984193,G1,T01,altezza2420,1,moving
79707,1,1,0,1,0,0,0,0,117,74,8,8,13,16,20,61,25,41,52,61,41,52,61,72,1,1,1788537681.1917024,G1,T01,altezza2420,1,moving
79907,1,1,0,1,0,0,0,0,149,85,8,13,8,10,13,61,25,41,52,72,32,61,61,72,1,1,1788537681.3917935,G1,T01,altezza2420,1,moving
80107,1,1,0,1,0,0,0,0,145,18,8,20,9,13,13,52,20,41,52,72,41,52,61,72,1,1,1788537681.5912776,G1,T01,altezza2420,1,moving
80307,1,1,0,1,0,0,0,0,68,53,5,40,10,13,13,52,20,41,45,72,32,61,61,72,1,1,1788537681.7822008,G1,T01,altezza2420,1,moving
80507,1,1,0,1,0,0,0,0,89,34,13,5,5,20,25,41,18,41,52,72,32,61,72,72,1,1,1788537681.9880688,G1,T01,altezza2420,1,moving
80707,1,1,0,1,0,0,0,0,265,85,13,5,8,10,25,41,20,52,52,72,41,52,61,61,1,1,1788537682.178577,G1,T01,altezza2420,1,moving
80907,1,1,0,1,0,0,0,0,130,34,9,9,8,10,20,41,20,52,52,72,41,65,61,61,1,1,1788537682.3910496,G1,T01,altezza2420,1,moving
81107,1,1,0,1,0,0,0,0,122,53,29,8,5,10,20,52,20,40,52,72,32,74,61,61,1,1,1788537682.5920794,G1,T01,altezza2420,1,moving
81307,1,1,0,1,0,0,0,0,45,20,13,13,10,5,20,61,20,45,65,72,32,74,61,61,1,1,1788537682.782778,G1,T01,altezza2420,1,moving
81507,1,1,0,1,0,0,0,0,50,20,9,20,8,10,18,52,20,45,65,72,32,52,50,72,1,1,1788537682.9901657,G1,T01,altezza2420,1,moving
81707,1,1,0,1,0,0,0,0,208,61,20,16,8,13,18,52,20,45,52,72,32,52,50,72,1,1,1788537683.18022,G1,T01,altezza2420,1,moving
81907,1,1,0,1,0,0,0,0,65,20,5,13,5,13,13,52,25,52,52,72,32,61,61,61,1,1,1788537683.391076,G1,T01,altezza2420,1,moving
82107,1,1,0,1,0,0,0,0,50,17,13,8,8,9,18,52,25,52,52,61,41,65,61,61,1,1,1788537683.5778701,G1,T01,altezza2420,1,moving
82307,1,1,0,1,0,0,0,0,234,116,16,9,5,17,18,52,25,45,52,50,41,74,52,61,1,1,1788537683.7845259,G1,T01,altezza2420,1,moving
82507,1,1,0,1,0,0,0,0,170,53,20,8,8,10,13,52,29,45,45,41,41,61,61,61,1,1,1788537683.9910414,G1,T01,altezza2420,1,moving
82707,1,1,0,1,0,0,0,0,314,170,20,13,13,10,13,52,34,50,52,72,41,52,61,61,1,1,1788537684.1820147,G1,T01,altezza2420,1,moving
82907,1,1,0,1,0,0,0,0,41,53,10,13,8,10,13,52,25,50,52,72,32,52,61,61,1,1,1788537684.3921556,G1,T01,altezza2420,1,moving
83107,1,1,0,1,0,0,0,1,58,13,13,17,8,20,25,52,25,61,65,72,41,52,61,61,1,1,1788537684.5871675,G1,T01,altezza2420,1,moving
83307,1,1,0,1,0,0,0,0,72,26,13,10,10,17,18,41,18,41,65,72,41,52,61,61,1,1,1788537684.791648,G1,T01,altezza2420,1,moving
83507,1,1,0,1,0,0,0,0,85,25,13,13,10,8,25,41,18,41,65,72,41,65,61,72,1,1,1788537684.9874206,G1,T01,altezza2420,1,moving
83707,1,1,0,1,0,0,0,0,50,25,5,13,5,8,18,65,34,41,52,72,32,52,61,61,1,1,1788537685.1916497,G1,T01,altezza2420,1,moving
83907,1,1,0,1,0,0,0,0,170,52,18,5,5,13,13,41,25,34,52,72,32,61,61,72,1,1,1788537685.392104,G1,T01,altezza2420,1,moving
84107,1,1,0,1,0,0,0,1,45,25,9,18,18,17,25,61,32,41,52,72,41,61,61,72,1,1,1788537685.5902028,G1,T01,altezza2420,1,moving
84307,1,1,0,1,0,0,0,0,146,41,16,25,10,13,13,41,20,41,52,72,32,61,72,72,1,1,1788537685.7915149,G1,T01,altezza2420,1,moving
84507,1,1,0,2,0,0,0,0,58,20,13,25,13,13,13,50,25,41,74,85,41,61,61,72,1,2,1788537685.9892514,G1,T01,altezza2420,1,moving
84707,1,1,0,2,0,0,0,0,146,65,17,13,5,5,20,41,20,41,65,72,41,61,61,72,1,2,1788537686.1876886,G1,T01,altezza2420,1,moving
84907,1,1,0,2,0,0,0,1,89,32,20,13,5,8,8,41,20,41,52,72,41,52,52,61,1,2,1788537686.3910837,G1,T01,altezza2420,1,moving
85107,1,1,0,2,0,0,0,0,197,26,17,13,8,20,18,52,32,41,52,72,32,52,61,61,1,2,1788537686.5827146,G1,T01,altezza2420,1,moving
85307,1,1,0,2,0,0,0,0,32,25,8,25,5,13,18,65,29,34,52,72,41,61,61,72,1,2,1788537686.790257,G1,T01,altezza2420,1,moving
85507,1,1,0,2,0,0,0,0,82,18,13,13,10,13,13,65,25,41,65,72,32,61,72,72,1,2,1788537686.9815803,G1,T01,altezza2420,1,moving
85707,1,1,0,2,0,0,0,1,160,74,8,20,9,13,13,52,25,41,52,61,34,52,61,72,1,2,1788537687.1882818,G1,T01,altezza2420,1,moving
85907,1,1,0,2,0,0,0,0,25,20,13,8,13,13,18,45,20,41,52,72,50,52,61,61,1,2,1788537687.38556,G1,T01,altezza2420,1,moving
86107,1,1,0,2,0,0,0,0,148,45,13,13,8,10,25,45,20,32,65,72,50,61,74,61,1,2,1788537687.5862145,G1,T01,altezza2420,1,moving
86307,1,1,0,2,0,0,0,0,73,18,13,18,10,13,13,41,25,41,41,61,41,61,74,72,1,2,1788537687.7770562,G1,T01,altezza2420,1,moving
86507,1,1,0,3,0,0,0,0,244,89,18,18,10,25,13,34,25,41,61,72,41,52,74,72,1,3,1788537687.9833577,G1,T01,altezza2420,1,moving
86707,1,1,0,3,0,0,0,0,80,26,13,8,10,16,18,34,25,34,52,72,41,52,61,72,1,3,1788537688.190342,G1,T01,altezza2420,1,moving
86907,1,1,0,3,0,0,0,0,58,18,13,18,5,9,13,41,25,34,52,72,50,45,61,61,1,3,1788537688.381504,G1,T01,altezza2420,1,moving
87107,1,1,0,3,0,0,0,0,160,73,13,13,5,10,18,41,25,41,52,61,41,52,61,72,1,3,1788537688.590152,G1,T01,altezza2420,1,moving
87307,1,1,0,3,0,0,0,0,97,29,18,13,9,10,20,52,34,41,52,61,41,52,61,72,1,3,1788537688.7790425,G1,T01,altezza2420,1,moving
87507,1,1,0,3,0,0,0,0,221,61,13,13,8,10,20,52,13,52,41,61,41,61,61,72,1,3,1788537688.9854057,G1,T01,altezza2420,1,moving
87707,1,1,0,3,0,0,0,0,89,49,25,8,5,16,13,52,25,41,52,72,32,61,61,72,1,3,1788537689.1916635,G1,T01,altezza2420,1,moving
87907,1,1,0,3,0,0,0,0,80,34,29,8,9,16,20,41,25,41,52,72,32,61,61,72,1,3,1788537689.382892,G1,T01,altezza2420,1,moving
88107,1,1,0,3,0,0,0,0,81,29,25,8,5,10,29,45,29,34,52,72,32,74,61,72,1,3,1788537689.5900424,G1,T01,altezza2420,1,moving
88307,1,1,0,3,0,0,0,0,85,34,25,8,5,10,25,52,25,41,52,72,41,61,61,72,1,3,1788537689.7831864,G1,T01,altezza2420,1,moving
88507,1,1,0,3,0,0,0,0,81,32,25,8,8,13,18,52,20,41,52,72,41,61,61,72,1,3,1788537689.988474,G1,T01,altezza2420,1,moving
88707,1,1,0,3,0,0,0,0,89,34,18,13,9,13,20,41,25,41,52,72,25,74,52,72,1,3,1788537690.1844444,G1,T01,altezza2420,1,moving
88907,1,1,0,3,0,0,0,0,53,20,8,18,10,17,25,41,20,52,52,72,32,74,72,61,1,3,1788537690.3887022,G1,T01,altezza2420,1,moving
89107,1,1,0,3,0,0,0,0,125,58,18,13,8,13,13,50,25,34,45,72,32,61,72,72,1,3,1788537690.5855446,G1,T01,altezza2420,1,moving
89307,1,1,0,3,0,0,0,0,200,45,18,18,10,17,20,41,13,45,52,72,41,52,72,72,1,3,1788537690.7870421,G1,T01,altezza2420,1,moving
89507,1,1,0,3,0,0,0,0,68,26,13,18,17,25,25,61,18,52,41,61,50,61,72,72,1,3,1788537690.992214,G1,T01,altezza2420,1,moving
89707,1,1,0,3,0,0,0,0,81,29,25,10,8,16,18,52,20,34,52,61,50,52,72,72,1,3,1788537691.183498,G1,T01,altezza2420,1,moving
89907,1,1,0,3,0,0,0,0,80,34,13,20,10,13,13,41,20,41,61,72,50,52,61,72,1,3,1788537691.3903441,G1,T01,altezza2420,1,moving
90107,1,1,0,3,0,0,0,0,40,18,32,8,10,13,18,34,13,41,61,72,41,65,61,72,1,3,1788537691.5829146,G1,T01,altezza2420,1,moving
90307,1,1,0,3,0,0,0,0,104,26,18,13,8,13,13,50,13,41,52,72,41,52,52,52,1,3,1788537691.7870796,G1,T01,altezza2420,1,moving
90507,1,1,0,3,0,0,0,1,32,17,25,13,5,17,18,41,20,34,52,72,41,52,52,61,1,3,1788537691.9841132,G1,T01,altezza2420,1,moving
90707,1,1,0,3,0,0,0,0,218,25,25,8,5,16,13,41,17,34,52,72,41,65,61,72,1,3,1788537692.1851676,G1,T01,altezza2420,1,moving
90907,1,1,0,3,0,0,0,0,82,34,13,13,5,13,13,41,20,41,52,72,41,65,61,61,1,3,1788537692.391028,G1,T01,altezza2420,1,moving
91107,1,1,0,3,0,0,0,1,164,41,8,13,9,13,8,41,20,41,41,50,41,61,65,61,1,3,1788537692.586224,G1,T01,altezza2420,1,moving
91307,1,1,0,3,0,0,0,0,100,34,13,8,8,10,18,41,20,41,52,72,41,61,72,72,1,3,1788537692.7901516,G1,T01,altezza2420,1,moving
91507,1,1,0,3,0,0,0,0,185,32,5,13,5,9,18,52,25,41,61,72,32,61,72,72,1,3,1788537692.987708,G1,T01,altezza2420,1,moving
91707,1,1,0,3,0,0,0,0,100,13,13,18,5,20,18,41,13,34,52,72,32,61,61,72,1,3,1788537693.188152,G1,T01,altezza2420,1,moving
91907,1,1,0,3,0,0,0,0,116,37,18,13,10,13,13,41,20,45,61,72,32,52,61,72,1,3,1788537693.3885438,G1,T01,altezza2420,1,moving
92107,1,1,0,3,0,0,0,0,73,40,13,18,5,13,13,41,20,45,52,72,32,61,61,72,1,3,1788537693.5889337,G1,T01,altezza2420,1,moving
92307,1,1,0,3,0,0,0,0,100,29,17,18,10,29,18,52,20,45,52,72,32,61,61,61,1,3,1788537693.7930064,G1,T01,altezza2420,1,moving
92507,1,1,0,3,0,0,0,0,41,40,13,13,5,10,25,41,25,52,61,85,50,52,61,72,1,3,1788537693.9900742,G1,T01,altezza2420,1,moving
92707,1,1,0,3,0,0,0,0,149,20,9,13,8,17,25,52,25,52,52,85,41,74,85,72,1,3,1788537694.1907291,G1,T01,altezza2420,1,moving
92907,1,1,0,3,0,0,0,0,68,37,10,18,5,29,25,50,32,41,58,72,41,61,72,72,1,3,1788537694.3915892,G1,T01,altezza2420,1,moving
93107,1,1,0,3,0,0,0,0,52,32,13,10,8,8,13,41,25,52,61,72,50,61,61,72,1,3,1788537694.591798,G1,T01,altezza2420,1,moving
93307,1,1,0,3,0,0,0,0,65,25,20,25,8,20,13,41,25,52,52,72,41,52,61,61,1,3,1788537694.7925634,G1,T01,altezza2420,1,moving
93507,1,1,0,3,0,0,0,0,113,37,10,18,8,10,18,52,25,52,52,72,41,52,61,72,1,3,1788537694.993245,G1,T01,altezza2420,1,moving
93707,1,1,0,3,0,0,0,0,116,29,13,20,8,17,13,52,25,34,52,72,41,52,61,72,1,3,1788537695.1920538,G1,T01,altezza2420,1,moving
93907,1,1,0,3,0,0,0,0,122,37,13,13,10,5,13,52,13,25,61,74,41,52,61,72,1,3,1788537695.382674,G1,T01,altezza2420,1,moving
94107,1,1,0,3,0,0,0,0,32,13,13,13,9,10,18,61,32,41,61,72,41,61,61,50,1,3,1788537695.5894265,G1,T01,altezza2420,1,moving
94307,1,1,0,3,0,0,0,0,26,26,13,8,5,17,18,52,32,41,52,72,41,61,61,50,1,3,1788537695.7799456,G1,T01,altezza2420,1,moving
94507,1,1,0,3,0,0,0,0,125,20,13,13,10,25,18,52,25,41,65,72,41,74,61,61,1,3,1788537695.9902964,G1,T01,altezza2420,1,moving
94707,1,1,0,3,0,0,0,0,164,74,20,13,5,10,13,41,20,41,45,72,32,61,50,72,1,3,1788537696.1785135,G1,T01,altezza2420,1,moving
94907,1,1,0,3,0,0,0,0,185,89,9,13,8,13,18,52,25,41,74,72,32,61,61,61,1,3,1788537696.3855643,G1,T01,altezza2420,1,moving
95107,1,1,0,3,0,0,0,0,65,25,29,9,5,10,18,74,34,52,52,61,41,52,50,61,1,3,1788537696.5928543,G1,T01,altezza2420,1,moving
95307,1,1,0,3,0,0,0,0,200,90,29,9,13,10,34,65,25,50,61,61,50,52,61,61,1,3,1788537696.7842774,G1,T01,altezza2420,1,moving
95507,1,1,0,3,0,0,0,0,72,13,20,10,5,13,18,52,25,61,52,61,50,52,61,61,1,3,1788537696.9909344,G1,T01,altezza2420,1,moving
95707,1,1,0,3,0,0,0,0,41,20,17,13,10,16,18,52,34,52,61,61,50,52,52,61,1,3,1788537697.1817183,G1,T01,altezza2420,1,moving
95907,1,1,0,3,0,0,0,0,100,41,20,13,5,17,13,52,20,52,52,61,50,52,50,61,1,3,1788537697.389286,G1,T01,altezza2420,1,moving
96107,1,1,0,3,0,0,0,0,34,20,20,10,8,5,13,52,25,52,52,61,41,52,61,72,1,3,1788537697.5803072,G1,T01,altezza2420,1,moving
96307,1,1,0,3,0,0,0,0,74,29,34,8,9,13,25,45,25,41,52,50,41,52,50,72,1,3,1788537697.7864175,G1,T01,altezza2420,1,moving
96507,1,1,0,3,0,0,0,0,32,13,29,20,8,13,18,52,25,52,52,74,41,65,61,72,1,3,1788537697.9931643,G1,T01,altezza2420,1,moving
96707,1,1,0,3,0,0,0,0,61,17,29,8,5,8,13,52,25,52,52,74,32,52,61,72,1,3,1788537698.1841223,G1,T01,altezza2420,1,moving
96907,1,1,0,3,0,0,0,1,45,13,20,13,10,10,20,41,25,52,61,85,41,52,72,72,1,3,1788537698.3910124,G1,T01,altezza2420,1,moving
97107,1,1,0,3,0,0,0,0,74,25,10,20,13,18,10,61,25,52,61,72,32,52,61,72,1,3,1788537698.5820687,G1,T01,altezza2420,1,moving
97307,1,1,0,3,0,0,0,0,104,20,8,20,13,10,18,52,25,41,52,61,41,61,61,61,1,3,1788537698.7885973,G1,T01,altezza2420,1,moving
97507,1,1,0,3,0,0,0,0,68,34,13,8,10,10,18,52,25,41,61,61,41,52,50,61,1,3,1788537698.978834,G1,T01,altezza2420,1,moving
97707,1,1,0,3,0,0,0,0,34,29,13,18,8,10,25,52,20,41,52,61,52,52,61,72,1,3,1788537699.186119,G1,T01,altezza2420,1,moving
97907,1,1,0,3,0,0,0,0,85,20,13,10,10,10,13,52,25,41,52,61,41,52,61,72,1,3,1788537699.3928368,G1,T01,altezza2420,1,moving
98107,1,1,0,3,0,0,0,0,73,16,25,8,5,13,13,52,25,41,52,72,50,52,74,72,1,3,1788537699.591584,G1,T01,altezza2420,1,moving
98307,1,1,0,3,0,0,0,0,89,45,18,8,9,13,13,41,25,41,61,61,50,52,61,61,1,3,1788537699.789797,G1,T01,altezza2420,1,moving
98507,1,1,0,3,0,0,0,0,130,32,13,8,5,10,20,52,20,41,61,61,50,61,61,61,1,3,1788537699.9825218,G1,T01,altezza2420,1,moving
98707,1,1,0,3,0,0,0,0,146,49,20,9,9,17,25,52,18,34,52,61,41,52,61,61,1,3,1788537700.1897812,G1,T01,altezza2420,1,moving
98907,1,1,0,3,0,0,0,0,90,18,20,25,13,17,25,52,25,45,52,72,41,52,61,61,1,3,1788537700.3810842,G1,T01,altezza2420,1,moving
99107,1,1,0,3,0,0,0,0,100,74,20,13,10,10,20,52,25,32,52,72,41,52,61,72,1,3,1788537700.5877078,G1,T01,altezza2420,1,moving
99307,1,1,0,3,0,0,0,0,145,34,13,5,8,13,13,61,20,65,50,85,41,52,61,72,1,3,1788537700.7797112,G1,T01,altezza2420,1,moving
99507,1,1,0,3,0,0,0,0,85,25,8,13,8,16,13,41,20,52,61,72,32,52,61,61,1,3,1788537700.989268,G1,T01,altezza2420,1,moving
99707,1,1,0,3,0,0,0,0,136,34,13,13,8,20,13,41,17,34,61,72,41,61,74,72,1,3,1788537701.1789615,G1,T01,altezza2420,1,moving
99907,1,1,0,3,0,0,0,0,50,37,13,13,13,34,20,41,25,41,50,72,32,61,61,61,1,3,1788537701.3869767,G1,T01,altezza2420,1,moving
100107,1,1,0,3,0,0,0,0,50,25,8,13,8,9,18,41,20,41,61,72,41,61,74,72,1,3,1788537701.578947,G1,T01,altezza2420,1,moving
100307,1,1,0,3,0,0,0,0,81,25,10,9,17,18,18,50,25,41,52,72,32,52,74,61,1,3,1788537701.785818,G1,T01,altezza2420,1,moving
100507,1,1,0,3,0,0,0,0,50,17,10,5,5,20,18,52,34,41,52,72,41,52,61,61,1,3,1788537701.9925325,G1,T01,altezza2420,1,moving
100707,1,1,0,3,0,0,0,0,58,17,13,8,10,13,13,52,25,41,52,72,41,52,61,50,1,3,1788537702.183317,G1,T01,altezza2420,1,moving
100907,1,1,0,3,0,0,0,0,208,25,9,8,8,18,18,52,25,41,52,72,32,52,61,61,1,3,1788537702.3902118,G1,T01,altezza2420,1,moving
101107,1,1,0,3,0,0,0,0,153,50,8,13,5,5,18,52,25,52,52,61,32,61,61,72,1,3,1788537702.5805538,G1,T01,altezza2420,1,moving
101307,1,1,0,3,0,0,0,0,116,13,8,13,10,13,13,34,18,52,52,61,32,61,61,72,1,3,1788537702.7885036,G1,T01,altezza2420,1,moving
101507,1,1,0,3,0,0,0,0,377,122,5,13,5,10,13,45,18,52,52,61,32,65,52,61,1,3,1788537702.9775314,G1,T01,altezza2420,1,moving
101707,1,1,0,3,0,0,0,0,194,45,5,16,5,13,13,61,18,34,52,72,32,65,61,61,1,3,1788537703.1850872,G1,T01,altezza2420,1,moving
101907,1,1,0,3,0,0,0,0,65,13,18,10,8,20,18,41,13,34,52,72,41,61,72,72,1,3,1788537703.3924887,G1,T01,altezza2420,1,moving
102107,1,1,0,3,0,0,0,0,58,26,13,10,9,13,18,41,18,34,45,72,41,52,72,72,1,3,1788537703.5822694,G1,T01,altezza2420,1,moving
102307,1,1,0,3,0,0,0,0,101,50,13,9,8,10,25,52,13,34,52,72,50,52,61,61,1,3,1788537703.788123,G1,T01,altezza2420,1,moving
102507,1,1,0,3,0,0,0,0,72,10,8,10,8,13,13,34,13,52,52,72,50,74,61,72,1,3,1788537703.9801683,G1,T01,altezza2420,1,moving
102707,1,1,0,3,0,0,0,0,90,41,9,17,5,20,18,45,25,52,41,72,50,65,50,72,1,3,1788537704.1864119,G1,T01,altezza2420,1,moving
102907,1,1,0,3,0,0,0,0,36,20,10,5,5,5,20,45,25,41,65,61,41,65,50,72,1,3,1788537704.377478,G1,T01,altezza2420,1,moving
103107,1,1,0,3,0,0,0,0,73,25,13,5,4,9,18,65,25,41,52,61,41,52,74,72,1,3,1788537704.5853655,G1,T01,altezza2420,1,moving
103307,1,1,0,3,0,0,0,0,164,58,20,10,8,10,13,41,18,41,65,85,41,52,61,61,1,3,1788537704.7925396,G1,T01,altezza2420,1,moving
103507,1,1,0,3,0,0,0,0,125,49,13,8,5,10,13,61,34,41,61,85,41,52,61,72,1,3,1788537704.98469,G1,T01,altezza2420,1,moving
103707,1,1,0,3,0,0,0,0,65,10,9,8,13,13,18,52,29,52,61,85,41,52,61,72,1,3,1788537705.191921,G1,T01,altezza2420,1,moving
103907,1,1,0,3,0,0,0,0,73,37,13,8,8,17,25,52,20,52,52,85,41,65,61,72,1,3,1788537705.3829503,G1,T01,altezza2420,1,moving
104107,1,1,0,3,0,0,0,0,58,25,18,5,9,9,20,52,20,45,52,72,32,61,61,72,1,3,1788537705.5891383,G1,T01,altezza2420,1,moving
104307,1,1,0,3,0,0,0,0,49,18,10,13,5,10,20,52,20,52,52,61,32,61,61,61,1,3,1788537705.7807553,G1,T01,altezza2420,1,moving
104507,1,1,0,3,0,0,0,0,85,72,20,5,10,8,20,52,34,52,52,61,41,61,61,72,1,3,1788537705.987587,G1,T01,altezza2420,1,moving
104707,1,1,0,3,0,0,0,0,61,34,18,8,10,10,13,41,18,52,52,61,41,89,65,61,1,3,1788537706.1785605,G1,T01,altezza2420,1,moving
104907,1,1,0,3,0,0,0,0,148,73,13,9,8,8,13,41,25,52,52,72,32,74,74,61,1,3,1788537706.3852904,G1,T01,altezza2420,1,moving
105107,1,1,0,3,0,0,0,0,68,13,20,9,5,16,20,34,20,41,52,72,32,74,61,61,1,3,1788537706.591706,G1,T01,altezza2420,1,moving
105307,1,1,0,3,0,0,0,0,208,41,20,10,10,8,20,34,25,41,41,61,41,50,61,50,1,3,1788537706.784782,G1,T01,altezza2420,1,moving
105507,1,1,0,3,0,0,0,0,160,34,20,10,8,5,20,34,25,41,52,61,50,65,61,61,1,3,1788537706.9893668,G1,T01,altezza2420,1,moving
105707,1,1,0,3,0,0,0,0,50,32,13,18,9,13,32,34,20,41,52,74,50,52,61,61,1,3,1788537707.192399,G1,T01,altezza2420,1,moving
105907,1,1,0,3,0,0,0,0,29,13,17,8,10,13,13,50,25,52,52,72,41,52,61,50,1,3,1788537707.382185,G1,T01,altezza2420,1,moving
106107,1,1,0,3,0,0,0,0,41,25,25,10,10,18,13,32,18,41,61,72,41,52,61,61,1,3,1788537707.5882056,G1,T01,altezza2420,1,moving
106307,1,1,0,3,0,0,0,0,65,61,13,8,10,13,13,52,25,41,52,72,41,52,61,50,1,3,1788537707.7792118,G1,T01,altezza2420,1,moving
106507,1,1,0,3,0,0,0,0,61,18,18,5,8,10,18,52,25,41,74,72,41,52,61,50,1,3,1788537707.9861557,G1,T01,altezza2420,1,moving
106707,1,1,0,3,0,0,0,0,74,52,8,8,9,9,25,52,25,52,65,72,32,61,61,61,1,3,1788537708.1774182,G1,T01,altezza2420,1,moving
106907,1,1,0,3,0,0,0,0,65,8,13,13,8,13,10,61,25,41,52,61,32,61,61,72,1,3,1788537708.3838923,G1,T01,altezza2420,1,moving
107107,1,1,0,3,0,0,0,0,100,34,18,13,10,20,18,52,25,41,52,72,41,61,61,72,1,3,1788537708.5902095,G1,T01,altezza2420,1,moving
107307,1,1,0,3,0,0,0,0,221,100,18,5,8,13,13,52,18,34,52,61,50,74,61,72,1,3,1788537708.7810962,G1,T01,altezza2420,1,moving
107507,1,1,0,3,0,0,0,0,68,13,18,5,8,13,18,61,18,34,52,61,50,65,50,50,1,3,1788537708.988003,G1,T01,altezza2420,1,moving
107707,1,1,0,3,0,0,0,0,104,41,13,8,5,10,18,52,18,41,52,72,50,52,61,61,1,3,1788537709.1794043,G1,T01,altezza2420,1,moving
107907,1,1,0,3,0,0,0,0,130,17,20,5,5,13,25,41,25,61,61,72,41,65,50,61,1,3,1788537709.3863218,G1,T01,altezza2420,1,moving
108107,1,1,0,3,0,0,0,0,145,72,13,5,10,13,13,41,29,52,61,72,32,65,74,61,1,3,1788537709.5780752,G1,T01,altezza2420,1,moving
108307,1,1,0,3,0,0,0,0,109,34,5,8,5,8,13,52,29,52,52,61,41,65,61,50,1,3,1788537709.7855484,G1,T01,altezza2420,1,moving
108507,1,1,0,3,0,0,0,0,72,52,8,5,10,20,13,41,25,52,52,61,32,52,50,50,1,3,1788537709.9926932,G1,T01,altezza2420,1,moving
108707,1,1,0,3,0,0,0,0,50,20,13,9,13,20,18,52,25,52,52,61,41,52,61,61,1,3,1788537710.182949,G1,T01,altezza2420,1,moving
108907,1,1,0,3,0,0,0,0,98,34,8,8,13,20,18,52,25,65,65,61,41,52,61,61,1,3,1788537710.389546,G1,T01,altezza2420,1,moving
109107,1,1,0,3,0,0,0,0,137,41,9,5,8,17,18,52,25,52,65,61,41,52,61,61,1,3,1788537710.5790253,G1,T01,altezza2420,1,moving
109307,1,1,0,3,0,0,0,0,100,37,5,10,10,16,18,52,18,41,52,61,41,52,61,74,1,3,1788537710.7860796,G1,T01,altezza2420,1,moving
109507,1,1,0,3,0,0,0,0,89,52,10,5,5,10,18,52,25,41,65,61,32,52,61,61,1,3,1788537710.9927824,G1,T01,altezza2420,1,moving
109707,1,1,0,3,0,0,0,0,50,34,10,5,5,16,13,41,34,61,52,72,32,52,61,61,1,3,1788537711.1838157,G1,T01,altezza2420,1,moving
109907,1,1,0,3,0,0,0,0,26,9,20,9,5,10,13,52,25,52,52,72,41,52,61,61,1,3,1788537711.3912346,G1,T01,altezza2420,1,moving
110107,1,1,0,3,0,0,0,0,50,40,8,9,5,16,13,41,25,41,52,72,41,52,72,72,1,3,1788537711.5821872,G1,T01,altezza2420,1,moving
110307,1,1,0,3,0,0,0,0,185,50,9,10,5,10,20,52,25,41,52,72,41,52,61,61,1,3,1788537711.7890098,G1,T01,altezza2420,1,moving
110507,1,1,0,3,0,0,0,0,74,34,10,10,10,10,13,52,18,32,52,72,32,52,61,61,1,3,1788537711.9802675,G1,T01,altezza2420,1,moving
110707,1,1,0,3,0,0,0,0,40,20,10,5,5,9,13,52,25,41,52,61,32,61,61,61,1,3,1788537712.1872902,G1,T01,altezza2420,1,moving
110907,1,1,0,3,0,0,0,0,257,45,13,8,8,13,13,52,25,41,52,72,41,65,61,61,1,3,1788537712.378209,G1,T01,altezza2420,1,moving
111107,1,1,0,3,0,0,0,0,144,34,13,18,8,13,18,45,20,52,52,61,50,65,61,72,1,3,1788537712.5851452,G1,T01,altezza2420,1,moving
111307,1,1,0,3,0,0,0,0,125,65,5,13,8,13,18,52,20,52,52,61,50,65,61,61,1,3,1788537712.7919242,G1,T01,altezza2420,1,moving
111507,1,1,0,3,0,0,0,0,25,17,9,8,5,10,13,41,25,52,52,50,41,52,74,72,1,3,1788537712.9828846,G1,T01,altezza2420,1,moving
111707,1,1,0,3,0,0,0,0,58,20,8,5,5,17,13,41,20,45,65,72,32,52,61,72,1,3,1788537713.1897418,G1,T01,altezza2420,1,moving
111907,1,1,0,3,0,0,0,0,90,34,10,9,5,9,20,41,13,34,65,72,32,52,61,72,1,3,1788537713.3814554,G1,T01,altezza2420,1,moving
112107,1,1,0,3,0,0,0,0,74,32,5,5,8,13,25,65,29,34,65,61,41,65,61,72,1,3,1788537713.5876095,G1,T01,altezza2420,1,moving
112307,1,1,0,3,0,0,0,0,202,26,10,5,5,10,18,52,20,52,41,61,41,61,72,72,1,3,1788537713.7785804,G1,T01,altezza2420,1,moving
112507,1,1,0,3,0,0,0,0,72,32,10,10,8,9,20,52,20,45,52,61,41,52,50,61,1,3,1788537713.9852948,G1,T01,altezza2420,1,moving
112707,1,1,0,3,0,0,0,0,162,58,5,5,10,9,20,52,20,52,61,72,32,52,61,50,1,3,1788537714.1921413,G1,T01,altezza2420,1,moving
112907,1,1,0,3,0,0,0,0,50,61,10,5,10,13,25,65,25,52,52,61,34,52,61,50,1,3,1788537714.3827374,G1,T01,altezza2420,1,moving
113107,1,1,0,3,0,0,0,0,29,25,10,13,8,13,25,52,25,52,52,61,41,52,61,50,1,3,1788537714.5897014,G1,T01,altezza2420,1,moving
113307,1,1,0,3,0,0,0,0,116,37,5,18,8,18,18,34,13,41,52,61,32,52,61,50,1,3,1788537714.7805753,G1,T01,altezza2420,1,moving
113507,1,1,0,3,0,0,0,0,82,29,5,5,5,13,20,41,20,52,52,61,32,52,61,61,1,3,1788537714.986882,G1,T01,altezza2420,1,moving
113707,1,1,0,3,0,0,0,0,100,41,5,10,8,9,20,61,25,41,52,61,32,61,61,61,1,3,1788537715.1786046,G1,T01,altezza2420,1,moving
113907,1,1,0,3,0,0,0,0,45,26,9,8,8,13,13,50,25,41,52,72,32,61,61,72,1,3,1788537715.3851504,G1,T01,altezza2420,1,moving
114107,1,1,0,3,0,0,0,0,97,41,10,8,10,13,18,52,25,50,52,72,32,65,61,74,1,3,1788537715.592809,G1,T01,altezza2420,1,moving
114307,1,1,0,3,0,0,0,0,314,85,9,8,5,13,13,61,25,41,52,72,25,52,61,50,1,3,1788537715.783988,G1,T01,altezza2420,1,moving
114507,1,1,0,3,0,0,0,0,29,17,8,8,10,20,18,50,25,41,52,72,41,65,61,61,1,3,1788537715.9913406,G1,T01,altezza2420,1,moving
114707,1,1,0,3,0,0,0,0,82,20,10,13,10,13,18,41,25,41,41,72,32,65,61,61,1,3,1788537716.1828015,G1,T01,altezza2420,1,moving
114907,1,1,0,3,0,0,0,0,90,37,13,9,5,9,25,41,18,41,41,72,32,65,61,61,1,3,1788537716.3890321,G1,T01,altezza2420,1,moving
115107,1,1,0,3,0,0,0,0,90,20,13,10,8,13,18,52,25,41,52,72,32,65,61,72,1,3,1788537716.580037,G1,T01,altezza2420,1,moving
115307,1,1,0,3,0,0,0,0,52,13,20,8,10,10,18,52,25,34,52,72,41,74,74,61,1,3,1788537716.7864387,G1,T01,altezza2420,1,moving
115507,1,1,0,3,0,0,0,0,100,58,13,5,5,16,20,61,25,41,52,72,41,74,74,72,1,3,1788537716.9935215,G1,T01,altezza2420,1,moving
115707,1,1,0,3,0,0,0,0,113,45,13,10,9,25,20,52,25,41,65,72,41,61,74,72,1,3,1788537717.187315,G1,T01,altezza2420,1,moving
115907,1,1,0,3,0,0,0,0,80,17,8,13,5,17,13,52,25,41,61,72,32,72,74,72,1,3,1788537717.3922472,G1,T01,altezza2420,1,moving
116107,1,1,0,3,0,0,0,0,52,26,9,13,5,20,13,52,25,41,61,72,32,74,74,61,1,3,1788537717.5830848,G1,T01,altezza2420,1,moving
116307,1,1,0,3,0,0,0,0,36,10,10,13,5,16,13,52,20,41,65,72,32,52,61,61,1,3,1788537717.7903872,G1,T01,altezza2420,1,moving
116507,1,1,0,3,0,0,0,0,173,90,8,8,10,20,13,52,20,41,52,72,41,52,61,61,1,3,1788537717.9813268,G1,T01,altezza2420,1,moving
116707,1,1,0,3,0,0,0,1,73,20,8,8,8,10,13,52,25,50,52,72,32,74,61,50,1,3,1788537718.1887157,G1,T01,altezza2420,1,moving
116907,1,1,0,3,0,0,0,0,101,34,5,8,13,13,8,52,25,41,52,72,32,74,61,50,1,3,1788537718.380267,G1,T01,altezza2420,1,moving
117107,1,1,0,3,0,0,0,0,89,17,5,8,9,8,13,61,25,61,50,61,41,61,61,61,1,3,1788537718.5869684,G1,T01,altezza2420,1,moving
117307,1,1,0,3,0,0,0,0,82,29,10,8,5,9,13,61,25,52,74,61,41,52,61,72,1,3,1788537718.7820399,G1,T01,altezza2420,1,moving
117507,1,1,0,3,0,0,0,0,82,13,9,13,8,13,13,61,25,52,50,61,34,61,61,61,1,3,1788537718.9843006,G1,T01,altezza2420,1,moving
117707,1,1,0,3,0,0,0,0,61,17,10,18,8,29,18,61,25,52,61,61,41,74,61,61,1,3,1788537719.1925383,G1,T01,altezza2420,1,moving
117907,1,1,0,3,0,0,0,0,100,26,13,13,10,5,13,52,25,41,61,50,41,74,61,61,1,3,1788537719.3832164,G1,T01,altezza2420,1,moving
118107,1,1,0,3,0,0,0,0,36,13,8,13,8,29,13,61,34,52,41,52,41,61,61,61,1,3,1788537719.590422,G1,T01,altezza2420,1,moving
118307,1,1,0,3,0,0,0,0,109,45,10,13,8,10,20,41,29,45,52,74,41,74,61,72,1,3,1788537719.7813826,G1,T01,altezza2420,1,moving
118507,1,1,0,3,0,0,0,0,85,18,8,18,9,8,13,41,13,45,52,61,41,61,61,61,1,3,1788537719.9886692,G1,T01,altezza2420,1,moving
118707,1,1,0,3,0,0,0,0,106,13,8,18,9,13,13,52,29,45,52,61,41,61,61,61,1,3,1788537720.1852627,G1,T01,altezza2420,1,moving
118907,1,1,0,3,0,0,0,0,205,37,8,20,5,17,13,41,34,45,52,61,34,61,61,61,1,3,1788537720.3874705,G1,T01,altezza2420,1,moving
119107,1,1,0,3,0,0,0,0,90,37,10,25,5,9,25,41,20,41,52,72,32,61,61,72,1,3,1788537720.5792527,G1,T01,altezza2420,1,moving
119307,1,1,0,3,0,0,0,0,53,13,8,18,8,9,25,34,20,41,52,61,50,61,52,72,1,3,1788537720.7865057,G1,T01,altezza2420,1,moving
119507,1,1,0,3,0,0,0,0,81,26,8,25,5,16,25,34,20,41,45,61,50,61,52,61,1,3,1788537720.9935255,G1,T01,altezza2420,1,moving
119707,1,1,0,3,0,0,0,0,169,61,5,18,5,5,20,34,20,61,52,61,50,52,61,61,1,3,1788537721.1848228,G1,T01,altezza2420,1,moving
119907,1,1,0,3,0,0,0,0,121,40,10,18,8,9,20,41,20,52,52,72,41,61,85,72,1,3,1788537721.3922677,G1,T01,altezza2420,1,moving
120107,1,1,0,3,0,0,0,0,109,45,9,25,10,26,20,41,25,34,52,61,32,61,61,61,1,3,1788537721.58038,G1,T01,altezza2420,1,moving
120307,1,1,0,3,0,0,0,0,65,34,9,18,13,10,20,32,25,50,61,61,41,52,61,61,1,3,1788537721.7887533,G1,T01,altezza2420,1,moving
120507,1,1,0,3,0,0,0,0,53,36,13,18,8,10,20,32,25,50,61,61,41,41,61,61,1,3,1788537721.9796875,G1,T01,altezza2420,1,moving
120707,1,1,0,3,0,0,0,0,50,17,10,13,5,17,20,32,25,41,65,72,32,52,61,61,1,3,1788537722.1879218,G1,T01,altezza2420,1,moving
120907,1,1,0,3,0,0,0,0,116,25,9,13,5,17,20,32,20,41,52,61,32,52,61,61,1,3,1788537722.379199,G1,T01,altezza2420,1,moving
121107,1,1,0,3,0,0,0,0,37,26,17,13,10,20,8,32,13,50,52,72,32,52,61,72,1,3,1788537722.5868142,G1,T01,altezza2420,1,moving
121307,1,1,0,3,0,0,0,0,109,74,9,18,8,16,18,32,20,52,52,61,32,61,61,72,1,3,1788537722.7940218,G1,T01,altezza2420,1,moving
121507,1,1,0,3,0,0,0,0,53,17,10,18,5,13,18,41,20,52,61,61,32,61,61,72,1,3,1788537722.9847207,G1,T01,altezza2420,1,moving
121707,1,1,0,3,0,0,0,0,130,36,10,18,5,17,25,32,13,32,61,72,41,61,61,61,1,3,1788537723.1923563,G1,T01,altezza2420,1,moving
121907,1,1,0,3,0,0,0,0,25,13,5,13,8,17,25,41,20,52,52,72,32,61,61,72,1,3,1788537723.3833613,G1,T01,altezza2420,1,moving
122107,1,1,0,3,0,0,0,0,90,61,16,13,10,9,20,32,20,41,52,72,41,65,61,61,1,3,1788537723.590836,G1,T01,altezza2420,1,moving
122307,1,1,0,3,0,0,0,0,37,37,13,25,5,17,18,41,20,41,52,72,32,74,61,72,1,3,1788537723.7818904,G1,T01,altezza2420,1,moving
122507,1,1,0,3,0,0,0,0,41,20,13,20,5,17,18,32,20,41,52,72,32,74,61,61,1,3,1788537723.9880846,G1,T01,altezza2420,1,moving
122707,1,1,0,3,0,0,0,0,61,61,13,8,13,18,18,32,25,52,52,72,32,61,61,61,1,3,1788537724.1863291,G1,T01,altezza2420,1,moving
122907,1,1,0,3,0,0,0,0,50,17,10,18,10,16,20,32,25,52,52,61,32,61,61,61,1,3,1788537724.3870234,G1,T01,altezza2420,1,moving
123107,1,1,0,3,0,0,0,0,52,16,17,13,5,5,20,41,20,45,61,72,32,61,61,72,1,3,1788537724.5883658,G1,T01,altezza2420,1,moving
123307,1,1,0,3,0,0,0,0,148,85,17,8,8,10,20,41,25,52,52,61,32,61,61,61,1,3,1788537724.7885568,G1,T01,altezza2420,1,moving
123507,1,1,0,3,0,0,0,0,29,34,26,10,8,13,25,34,20,52,52,61,32,61,61,61,1,3,1788537724.9849775,G1,T01,altezza2420,1,moving
123707,1,1,0,3,0,0,0,0,98,53,17,18,10,10,13,25,20,34,52,61,41,52,50,61,1,3,1788537725.1911821,G1,T01,altezza2420,1,moving
123907,1,1,0,3,0,0,0,0,37,20,17,13,5,20,20,32,20,41,52,50,41,52,50,61,1,3,1788537725.393879,G1,T01,altezza2420,1,moving
124107,1,1,0,3,0,0,0,0,61,20,17,13,5,17,20,41,25,34,52,61,50,52,50,50,1,3,1788537725.5900745,G1,T01,altezza2420,1,moving
124307,1,1,0,3,0,0,0,0,65,17,10,20,5,17,25,41,25,34,52,61,41,52,61,72,1,3,1788537725.7912395,G1,T01,altezza2420,1,moving
124507,1,1,0,3,0,0,0,0,97,20,10,20,8,10,18,41,25,45,52,72,50,61,61,72,1,3,1788537725.9891806,G1,T01,altezza2420,1,moving
124707,1,1,0,3,0,0,0,0,58,26,13,13,9,10,25,41,25,34,52,72,50,61,61,85,1,3,1788537726.1887264,G1,T01,altezza2420,1,moving
124907,1,1,0,3,0,0,0,0,226,58,10,18,8,10,20,25,13,25,52,61,41,61,74,61,1,3,1788537726.38667,G1,T01,altezza2420,1,moving
125107,1,1,0,3,0,0,0,0,61,20,13,13,8,9,20,34,18,41,45,61,41,61,74,61,1,3,1788537726.5929124,G1,T01,altezza2420,1,moving
125307,1,1,0,3,0,0,0,0,225,74,10,20,5,13,18,34,18,41,52,50,41,74,61,61,1,3,1788537726.784265,G1,T01,altezza2420,1,moving
125507,1,1,0,3,0,0,0,0,125,29,10,20,10,8,13,25,25,52,41,74,41,52,61,61,1,3,1788537726.990642,G1,T01,altezza2420,1,moving
125707,1,1,0,3,0,0,0,0,50,53,10,34,5,13,18,34,34,52,52,61,41,52,52,50,1,3,1788537727.1906328,G1,T01,altezza2420,1,moving
125907,1,1,0,3,0,0,0,0,61,17,29,13,8,13,20,34,20,41,52,61,50,52,61,61,1,3,1788537727.3873332,G1,T01,altezza2420,1,moving
126107,1,1,0,3,0,0,0,0,68,17,25,13,8,10,18,25,13,41,52,61,50,52,61,61,1,3,1788537727.5782325,G1,T01,altezza2420,1,moving
126307,1,1,0,3,0,0,0,0,205,73,13,20,10,10,18,25,13,41,65,61,41,52,61,61,1,3,1788537727.7857084,G1,T01,altezza2420,1,moving
126507,1,1,0,3,0,0,0,0,137,36,20,25,8,17,25,25,13,34,65,61,41,61,61,50,1,3,1788537727.9922993,G1,T01,altezza2420,1,moving
126707,1,1,0,3,0,0,0,0,109,20,13,20,9,16,25,41,20,52,41,61,41,52,61,61,1,3,1788537728.1920373,G1,T01,altezza2420,1,moving
126907,1,1,0,3,0,0,0,0,125,34,9,20,5,10,13,32,20,45,52,61,41,52,61,61,1,3,1788537728.390558,G1,T01,altezza2420,1,moving
127107,1,1,0,3,0,0,0,0,125,49,13,13,10,10,13,25,20,45,45,61,41,52,61,74,1,3,1788537728.5818315,G1,T01,altezza2420,1,moving
127307,1,1,0,3,0,0,0,0,50,16,13,25,8,16,25,41,20,45,52,74,41,65,61,61,1,3,1788537728.7891464,G1,T01,altezza2420,1,moving
127507,1,1,0,3,0,0,0,0,125,41,8,25,9,20,18,29,20,34,41,72,32,52,61,72,1,3,1788537728.9797175,G1,T01,altezza2420,1,moving
127707,1,1,0,3,0,0,0,0,65,40,5,25,8,20,18,25,20,34,52,72,32,74,61,61,1,3,1788537729.1932561,G1,T01,altezza2420,1,moving
127907,1,1,0,3,0,0,0,0,80,37,16,32,10,13,13,32,25,34,52,72,41,61,61,61,1,3,1788537729.3935976,G1,T01,altezza2420,1,moving
128107,1,1,0,3,0,0,0,0,180,25,20,25,8,10,13,32,20,34,52,61,32,61,61,61,1,3,1788537729.585655,G1,T01,altezza2420,1,moving
128307,1,1,0,3,0,0,0,0,80,34,17,20,5,9,20,32,20,41,52,72,32,61,72,61,1,3,1788537729.7932484,G1,T01,altezza2420,1,moving
128507,1,1,0,3,0,0,0,0,104,52,5,34,5,5,20,25,13,41,52,72,32,74,61,61,1,3,1788537729.9842243,G1,T01,altezza2420,1,moving
128707,1,1,0,3,0,0,0,0,34,20,29,20,5,16,34,34,13,41,52,85,41,52,61,72,1,3,1788537730.1915793,G1,T01,altezza2420,1,moving
128907,1,1,0,3,0,0,0,0,68,25,29,20,5,9,25,34,13,52,52,85,32,61,65,50,1,3,1788537730.3832505,G1,T01,altezza2420,1,moving
129107,1,1,0,3,0,0,0,0,153,90,29,20,8,10,18,41,25,52,52,61,32,74,61,61,1,3,1788537730.5907016,G1,T01,altezza2420,1,moving
129307,1,1,0,3,0,0,0,0,61,17,53,20,10,9,18,32,25,52,52,61,50,74,72,72,1,3,1788537730.7839081,G1,T01,altezza2420,1,moving
129507,1,1,0,3,0,0,0,0,61,32,53,20,5,10,20,32,25,52,52,72,50,52,72,72,1,3,1788537730.9896228,G1,T01,altezza2420,1,moving
129707,1,1,0,3,0,0,0,0,185,90,17,20,8,10,13,41,25,52,52,72,41,52,50,61,1,3,1788537731.1866655,G1,T01,altezza2420,1,moving
129907,1,1,0,3,0,0,0,0,52,18,26,25,8,9,18,41,25,52,52,72,41,61,74,61,1,3,1788537731.3875096,G1,T01,altezza2420,1,moving
130107,1,1,0,3,0,0,0,0,52,25,37,25,10,13,20,34,20,52,52,72,32,61,61,61,1,3,1788537731.594058,G1,T01,altezza2420,1,moving
130307,1,1,0,3,0,0,0,0,85,34,40,25,8,20,25,34,20,52,52,72,41,61,72,72,1,3,1788537731.789102,G1,T01,altezza2420,1,moving
130507,1,1,0,3,0,0,0,0,41,20,34,13,5,16,25,25,13,52,52,72,41,65,61,72,1,3,1788537731.992499,G1,T01,altezza2420,1,moving
130707,1,1,0,3,0,0,0,0,50,25,29,20,5,10,25,34,18,41,41,72,32,52,72,72,1,3,1788537732.191347,G1,T01,altezza2420,1,moving
130907,1,1,0,3,0,0,0,0,290,98,29,29,8,10,13,25,13,41,52,72,32,61,61,50,1,3,1788537732.3924618,G1,T01,altezza2420,1,moving
131107,1,1,0,3,0,0,0,0,41,17,20,29,13,16,20,25,13,41,45,61,32,52,61,61,1,3,1788537732.592578,G1,T01,altezza2420,1,moving
131307,1,1,0,3,0,0,0,0,53,25,25,20,10,13,20,20,8,34,45,61,41,61,61,61,1,3,1788537732.7940423,G1,T01,altezza2420,1,moving
131507,1,1,0,3,0,0,0,0,136,61,29,13,5,20,20,32,18,34,45,61,34,61,61,61,1,3,1788537732.9940472,G1,T01,altezza2420,1,moving
131707,1,1,0,3,0,0,0,0,104,52,8,29,13,13,13,25,13,34,45,61,32,74,61,61,1,3,1788537733.1945887,G1,T01,altezza2420,1,moving
131907,1,1,0,3,0,0,0,0,97,17,18,25,9,9,13,25,20,52,52,52,41,52,61,61,1,3,1788537733.3912778,G1,T01,altezza2420,1,moving
132107,1,1,0,3,0,0,0,0,100,20,18,13,5,13,13,32,18,52,41,72,41,61,61,61,1,3,1788537733.582459,G1,T01,altezza2420,1,moving
132307,1,1,0,3,0,0,0,0,61,32,13,20,10,16,18,32,20,52,52,72,41,61,61,61,1,3,1788537733.7893813,G1,T01,altezza2420,1,moving
132507,1,1,0,3,0,0,0,0,185,32,13,13,9,20,13,41,20,52,52,72,32,61,61,61,1,3,1788537733.982058,G1,T01,altezza2420,1,moving
132707,1,1,0,3,0,0,0,0,104,34,9,29,13,13,10,41,25,41,74,85,32,52,61,61,1,3,1788537734.188829,G1,T01,altezza2420,1,moving
132907,1,1,0,3,0,0,0,0,50,26,9,29,8,9,13,32,25,41,61,61,32,61,61,72,1,3,1788537734.3830879,G1,T01,altezza2420,1,moving
133107,1,1,0,3,0,0,0,0,101,29,10,20,10,13,13,32,25,61,52,74,32,61,61,72,1,3,1788537734.586469,G1,T01,altezza2420,1,moving
133307,1,1,0,3,0,0,0,0,85,29,16,29,8,9,13,32,13,41,65,61,32,61,61,61,1,3,1788537734.7934802,G1,T01,altezza2420,1,moving
133507,1,1,0,3,0,0,0,0,212,68,10,29,5,25,25,41,13,34,52,61,50,74,61,61,1,3,1788537734.9854953,G1,T01,altezza2420,1,moving
133707,1,1,0,3,0,0,0,0,101,26,17,29,5,25,25,41,13,34,52,61,41,52,61,61,1,3,1788537735.1921623,G1,T01,altezza2420,1,moving
133907,1,1,0,3,0,0,0,0,148,45,17,29,8,18,18,32,20,45,52,72,32,52,61,72,1,3,1788537735.3860857,G1,T01,altezza2420,1,moving
134107,1,1,0,3,0,0,0,0,52,25,10,34,8,25,9,32,20,45,52,72,32,52,61,61,1,3,1788537735.58959,G1,T01,altezza2420,1,moving
134307,1,1,0,3,0,0,0,0,40,20,10,20,5,13,13,25,20,52,41,61,41,52,52,61,1,3,1788537735.7876954,G1,T01,altezza2420,1,moving
134507,1,1,0,3,0,0,0,0,68,20,9,29,8,8,13,25,20,52,61,61,50,52,61,61,1,3,1788537735.9884732,G1,T01,altezza2420,1,moving
134707,1,1,0,3,0,0,0,0,45,17,17,20,8,16,32,34,20,52,52,85,50,52,61,72,1,3,1788537736.1944945,G1,T01,altezza2420,1,moving
134907,1,1,0,3,0,0,0,0,50,85,10,20,9,8,10,32,34,52,52,72,34,52,61,61,1,3,1788537736.3894067,G1,T01,altezza2420,1,moving
135107,1,1,0,3,0,0,0,0,229,52,10,20,5,13,13,32,25,52,52,72,41,52,61,72,1,3,1788537736.593025,G1,T01,altezza2420,1,moving
135307,1,1,0,3,0,0,0,0,61,25,10,17,10,13,18,41,20,34,52,72,41,74,61,61,1,3,1788537736.7903976,G1,T01,altezza2420,1,moving
135507,1,1,0,3,0,0,0,0,50,37,10,20,5,13,13,41,20,29,45,72,34,41,50,61,1,3,1788537736.990906,G1,T01,altezza2420,1,moving
135707,1,1,0,3,0,0,0,0,85,68,17,25,8,13,18,41,25,50,65,72,41,50,50,61,1,3,1788537737.191779,G1,T01,altezza2420,1,moving
135907,1,1,0,3,0,0,0,0,58,25,10,26,8,13,25,41,25,41,52,61,41,52,61,61,1,3,1788537737.3921454,G1,T01,altezza2420,1,moving
136107,1,1,0,3,0,0,0,0,170,65,20,9,5,13,13,25,18,41,52,61,41,52,61,72,1,3,1788537737.5928416,G1,T01,altezza2420,1,moving
136307,1,1,0,3,0,0,0,0,61,26,8,13,5,9,20,25,20,41,52,72,41,52,61,72,1,3,1788537737.7933714,G1,T01,altezza2420,1,moving
136507,1,1,0,3,0,0,0,0,72,25,10,20,5,13,10,32,20,41,52,61,41,52,61,61,1,3,1788537737.9942791,G1,T01,altezza2420,1,moving
136707,1,1,0,3,0,0,0,0,74,37,8,20,8,18,10,41,20,52,52,72,41,52,61,61,1,3,1788537738.1851437,G1,T01,altezza2420,1,moving
136907,1,1,0,3,0,0,0,0,20,52,10,20,8,13,18,50,20,41,52,61,41,65,61,61,1,3,1788537738.393012,G1,T01,altezza2420,1,moving
137107,1,1,0,3,0,0,0,0,89,13,10,29,9,13,13,32,25,41,52,61,41,74,50,61,1,3,1788537738.5897927,G1,T01,altezza2420,1,moving
137307,1,1,0,3,0,0,0,0,98,34,9,20,13,13,13,32,13,41,52,50,41,52,61,61,1,3,1788537738.792753,G1,T01,altezza2420,1,moving
137507,1,1,0,3,0,0,0,0,117,41,9,18,13,13,13,32,13,41,52,61,41,52,61,61,1,3,1788537738.9834337,G1,T01,altezza2420,1,moving
137707,1,1,0,3,0,0,0,0,274,85,10,13,5,13,18,32,20,41,50,72,41,61,61,72,1,3,1788537739.1901934,G1,T01,altezza2420,1,moving
137907,1,1,0,3,0,0,0,0,109,45,5,9,8,13,9,41,18,41,52,85,32,61,61,72,1,3,1788537739.3806782,G1,T01,altezza2420,1,moving
138107,1,1,0,3,0,0,0,0,74,20,10,13,5,13,13,41,25,41,52,72,41,61,72,72,1,3,1788537739.587514,G1,T01,altezza2420,1,moving
138307,1,1,0,3,0,0,0,0,61,25,8,13,5,13,13,32,25,41,52,61,41,52,61,61,1,3,1788537739.7938387,G1,T01,altezza2420,1,moving
138507,1,1,0,3,0,0,0,0,85,41,8,10,5,9,32,34,20,52,52,61,32,52,61,61,1,3,1788537739.9847643,G1,T01,altezza2420,1,moving
138707,1,1,0,3,0,0,0,0,145,61,8,16,9,9,13,50,20,41,65,72,32,65,61,61,1,3,1788537740.1916666,G1,T01,altezza2420,1,moving
138907,1,1,0,3,0,0,0,0,85,13,5,16,9,16,18,32,20,52,52,72,32,61,72,72,1,3,1788537740.3910081,G1,T01,altezza2420,1,moving
139107,1,1,0,3,0,0,0,0,160,97,9,17,9,13,13,25,20,52,61,72,32,61,61,61,1,3,1788537740.593558,G1,T01,altezza2420,1,moving
139307,1,1,0,3,0,0,0,0,41,17,10,17,8,9,18,32,18,52,61,61,41,61,61,61,1,3,1788537740.792852,G1,T01,altezza2420,1,moving
139507,1,1,0,3,0,0,0,0,169,90,13,17,5,13,18,32,25,41,65,72,41,50,61,61,1,3,1788537740.994122,G1,T01,altezza2420,1,moving
139707,1,1,0,3,0,0,0,0,164,61,8,17,10,9,18,41,25,41,52,72,34,34,61,72,1,3,1788537741.1888895,G1,T01,altezza2420,1,moving
139907,1,1,0,3,0,0,0,0,50,53,8,20,5,10,18,41,25,41,52,72,32,52,61,61,1,3,1788537741.389719,G1,T01,altezza2420,1,moving
140107,1,1,0,3,0,0,0,0,116,40,8,17,5,20,25,50,18,41,61,85,41,61,61,50,1,3,1788537741.5928457,G1,T01,altezza2420,1,moving
140307,1,1,0,3,0,0,0,0,53,25,10,20,5,13,25,41,10,41,52,72,32,61,61,61,1,3,1788537741.7891762,G1,T01,altezza2420,1,moving
140507,1,1,0,3,0,0,0,0,41,13,8,18,5,20,25,41,13,41,52,61,41,61,61,50,1,3,1788537741.9938664,G1,T01,altezza2420,1,moving
140707,1,1,0,3,0,0,0,0,37,13,13,17,13,25,13,32,13,41,65,85,32,61,61,61,1,3,1788537742.194442,G1,T01,altezza2420,1,moving
140907,1,1,0,3,0,0,0,0,40,34,13,17,5,20,25,41,13,41,58,72,32,61,61,50,1,3,1788537742.3910267,G1,T01,altezza2420,1,moving
141107,1,1,0,3,0,0,0,0,125,68,26,17,8,20,18,32,18,50,74,72,32,61,61,50,1,3,1788537742.5908449,G1,T01,altezza2420,1,moving
141307,1,1,0,3,0,0,0,0,100,17,25,10,5,20,18,32,13,34,65,72,32,52,61,50,1,3,1788537742.7872007,G1,T01,altezza2420,1,moving
141507,1,1,0,3,0,0,0,0,41,17,25,9,8,13,25,25,13,34,52,72,32,61,74,61,1,3,1788537742.990884,G1,T01,altezza2420,1,moving
141707,1,1,0,3,0,0,0,0,164,25,9,17,10,13,26,32,25,52,72,72,32,61,61,61,1,3,1788537743.1903253,G1,T01,altezza2420,1,moving
141907,1,1,0,3,0,0,0,0,100,29,29,16,5,13,13,32,25,52,52,72,32,61,61,61,1,3,1788537743.3904629,G1,T01,altezza2420,1,moving
142107,1,1,0,3,0,0,0,0,170,65,13,5,5,5,8,50,20,41,52,61,50,61,61,50,1,3,1788537743.5941365,G1,T01,altezza2420,1,moving
142307,1,1,0,3,0,0,0,0,53,20,20,17,8,9,13,32,25,41,52,61,41,74,61,61,1,3,1788537743.7938824,G1,T01,altezza2420,1,moving
142507,1,1,0,3,0,0,0,0,45,52,10,16,5,13,17,41,13,41,52,61,41,65,61,61,1,3,1788537743.993174,G1,T01,altezza2420,1,moving
142707,1,1,0,3,0,0,0,0,65,10,9,16,10,13,13,41,13,41,52,72,32,61,61,72,1,3,1788537744.1890397,G1,T01,altezza2420,1,moving
142907,1,1,0,3,0,0,0,0,125,61,29,16,8,16,25,34,20,41,41,72,32,61,61,72,1,3,1788537744.3884895,G1,T01,altezza2420,1,moving
143107,1,1,0,3,0,0,0,0,68,20,29,17,8,17,25,34,25,41,41,72,32,61,61,72,1,3,1788537744.5943038,G1,T01,altezza2420,1,moving
143307,1,1,0,3,0,0,0,0,50,25,13,17,5,9,25,32,25,41,52,72,32,74,61,85,1,3,1788537744.789258,G1,T01,altezza2420,1,moving
143507,1,1,0,3,0,0,0,0,106,37,20,10,10,20,18,41,25,41,52,72,32,74,61,72,1,3,1788537744.990091,G1,T01,altezza2420,1,moving
143707,1,1,0,3,0,0,0,0,61,65,25,10,8,20,18,32,18,50,52,72,41,65,61,61,1,3,1788537745.1892333,G1,T01,altezza2420,1,moving
143907,1,1,0,3,0,0,0,0,82,34,20,17,5,18,10,41,25,50,52,72,41,61,61,74,1,3,1788537745.3901348,G1,T01,altezza2420,1,moving
144107,1,1,0,3,0,0,0,0,50,37,25,18,8,20,25,41,25,50,65,72,32,52,50,50,1,3,1788537745.5944524,G1,T01,altezza2420,1,moving
144307,1,1,0,3,0,0,0,0,72,17,34,5,10,9,25,41,25,52,52,61,32,52,61,61,1,3,1788537745.79441,G1,T01,altezza2420,1,moving
144507,1,1,0,3,0,0,0,0,265,85,34,8,5,13,13,41,20,45,52,72,32,61,61,61,1,3,1788537745.9884815,G1,T01,altezza2420,1,moving
144707,1,1,0,3,0,0,0,0,197,49,32,10,9,13,13,32,13,45,65,72,32,65,72,72,1,3,1788537746.1887064,G1,T01,altezza2420,1,moving
144907,1,1,0,3,0,0,0,0,65,45,16,20,8,9,20,32,18,61,61,72,32,52,61,72,1,3,1788537746.3906205,G1,T01,altezza2420,1,moving
145107,1,1,0,3,0,0,0,0,164,32,13,13,8,8,17,25,18,61,61,72,32,52,61,72,1,3,1788537746.5891824,G1,T01,altezza2420,1,moving
145307,1,1,0,3,0,0,0,0,74,20,32,5,8,18,8,50,25,50,74,72,32,52,61,61,1,3,1788537746.7797272,G1,T01,altezza2420,1,moving
145507,1,1,0,3,0,0,0,0,73,13,25,4,8,10,13,32,18,41,65,72,32,52,52,52,1,3,1788537746.9871423,G1,T01,altezza2420,1,moving
145707,1,1,0,3,0,0,0,0,269,85,41,8,17,10,25,25,18,41,52,72,41,52,61,61,1,3,1788537747.194841,G1,T01,altezza2420,1,moving
145907,1,1,0,3,0,0,0,0,41,20,13,5,8,25,18,32,18,61,45,72,32,52,61,61,1,3,1788537747.3853874,G1,T01,altezza2420,1,moving
146107,1,1,0,3,0,0,0,0,89,37,20,8,5,10,18,41,18,52,52,61,32,52,61,61,1,3,1788537747.5930731,G1,T01,altezza2420,1,moving
146307,1,1,0,3,0,0,0,0,125,37,18,8,8,20,18,41,20,45,52,61,32,52,52,61,1,3,1788537747.7841077,G1,T01,altezza2420,1,moving
146507,1,1,0,3,0,0,0,0,164,85,25,5,8,17,25,41,25,41,52,61,41,52,74,74,1,3,1788537747.990965,G1,T01,altezza2420,1,moving
146707,1,1,0,3,0,0,0,0,89,34,13,8,5,17,25,41,25,41,45,61,34,61,61,61,1,3,1788537748.1824713,G1,T01,altezza2420,1,moving
146907,1,1,0,3,0,0,0,0,180,25,16,8,8,20,18,41,32,41,52,72,41,61,61,61,1,3,1788537748.3889117,G1,T01,altezza2420,1,moving
147107,1,1,0,3,0,0,0,0,29,34,9,10,13,29,13,41,20,41,52,72,41,65,61,61,1,3,1788537748.5804389,G1,T01,altezza2420,1,moving
147307,1,1,0,3,0,0,0,0,34,17,13,13,5,20,13,50,20,34,45,61,41,52,61,61,1,3,1788537748.788073,G1,T01,altezza2420,1,moving
147507,1,1,0,3,0,0,0,0,101,25,8,13,9,16,13,32,13,34,52,61,32,52,72,61,1,3,1788537748.97969,G1,T01,altezza2420,1,moving
147707,1,1,0,3,0,0,0,0,100,37,13,10,8,16,13,32,20,34,52,72,41,65,61,72,1,3,1788537749.186517,G1,T01,altezza2420,1,moving
147907,1,1,0,3,0,0,0,0,40,17,5,13,5,16,25,41,29,34,45,72,32,52,72,61,1,3,1788537749.393655,G1,T01,altezza2420,1,moving
148107,1,1,0,3,0,0,0,0,85,20,5,5,8,10,29,34,25,41,52,61,41,52,72,50,1,3,1788537749.5853395,G1,T01,altezza2420,1,moving
148307,1,1,0,3,0,0,0,0,212,65,9,13,8,13,25,41,25,41,52,61,41,52,72,61,1,3,1788537749.7916446,G1,T01,altezza2420,1,moving
148507,1,1,0,3,0,0,0,0,53,17,10,10,5,20,18,41,18,41,52,61,41,52,61,61,1,3,1788537749.983162,G1,T01,altezza2420,1,moving
148707,1,1,0,3,0,0,0,1,85,41,13,10,5,13,18,41,25,50,52,61,32,65,61,61,1,3,1788537750.189882,G1,T01,altezza2420,1,moving
148907,1,1,0,3,0,0,0,0,80,41,13,10,4,9,25,41,20,41,52,61,32,74,61,50,1,3,1788537750.3798838,G1,T01,altezza2420,1,moving
149107,1,1,0,3,0,0,0,0,65,34,5,5,4,9,29,32,25,41,74,72,41,65,61,50,1,3,1788537750.586207,G1,T01,altezza2420,1,moving
149307,1,1,0,3,0,0,0,0,74,25,8,8,4,10,20,41,20,52,61,72,32,65,74,72,1,3,1788537750.7941363,G1,T01,altezza2420,1,moving
149507,1,1,0,3,0,0,0,0,277,106,17,10,13,13,32,41,18,41,65,61,32,65,74,61,1,3,1788537750.9865716,G1,T01,altezza2420,1,moving
149707,1,1,0,3,0,0,0,0,64,65,10,8,9,10,20,41,41,52,65,61,41,52,61,61,1,3,1788537751.1932285,G1,T01,altezza2420,1,moving
149907,1,1,0,3,0,0,0,0,32,26,13,5,5,9,25,41,18,41,52,61,41,52,61,61,1,3,1788537751.383398,G1,T01,altezza2420,1,moving
150107,1,1,0,3,0,0,0,0,50,13,8,8,10,10,8,41,20,41,52,72,32,52,61,61,1,3,1788537751.590667,G1,T01,altezza2420,1,moving
150307,1,1,0,3,0,0,0,0,136,34,5,8,9,10,18,41,20,41,65,72,25,61,61,61,1,3,1788537751.7811868,G1,T01,altezza2420,1,moving
150507,1,1,0,3,0,0,0,0,274,40,10,5,5,9,25,34,18,34,65,61,41,52,74,61,1,3,1788537751.989052,G1,T01,altezza2420,1,moving
150707,1,1,0,3,0,0,0,0,116,26,8,13,5,9,25,25,20,41,52,61,41,41,74,61,1,3,1788537752.1799927,G1,T01,altezza2420,1,moving
150907,1,1,0,3,0,0,0,0,41,32,10,8,5,17,32,41,20,41,52,61,50,61,74,61,1,3,1788537752.38685,G1,T01,altezza2420,1,moving
151107,1,1,0,3,0,0,0,0,125,26,10,5,5,9,34,34,20,41,52,61,41,61,61,61,1,3,1788537752.5940864,G1,T01,altezza2420,1,moving
151307,1,1,0,3,0,0,0,0,109,52,8,8,5,16,34,34,25,52,41,61,41,61,61,50,1,3,1788537752.7851348,G1,T01,altezza2420,1,moving
151507,1,1,0,3,0,0,0,0,106,40,5,13,8,9,25,34,18,41,41,72,41,61,61,50,1,3,1788537752.9921033,G1,T01,altezza2420,1,moving
151707,1,1,0,3,0,0,0,0,106,68,5,8,8,17,25,41,18,41,52,72,41,61,52,50,1,3,1788537753.1833503,G1,T01,altezza2420,1,moving
151907,1,1,0,3,0,0,0,0,85,20,13,8,8,13,20,34,17,52,52,72,32,61,61,50,1,3,1788537753.3902512,G1,T01,altezza2420,1,moving
152107,1,1,0,3,0,0,0,0,85,20,10,8,8,9,18,25,17,52,41,74,32,61,61,61,1,3,1788537753.5817168,G1,T01,altezza2420,1,moving
152307,1,1,0,3,0,0,0,0,153,53,5,8,10,5,8,52,20,52,65,72,32,52,61,72,1,3,1788537753.788754,G1,T01,altezza2420,1,moving
152507,1,1,0,3,0,0,0,0,89,13,10,5,9,5,29,52,25,52,65,72,32,52,61,72,1,3,1788537753.9805694,G1,T01,altezza2420,1,moving
152707,1,1,0,3,0,0,0,0,117,25,10,5,8,20,5,34,18,50,74,85,41,52,61,61,1,3,1788537754.1873636,G1,T01,altezza2420,1,moving
152907,1,1,0,3,0,0,0,0,53,20,13,5,10,13,25,50,18,50,85,72,41,52,61,61,1,3,1788537754.394578,G1,T01,altezza2420,1,moving
153107,1,1,0,3,0,0,0,0,320,130,8,9,9,13,8,34,18,50,61,72,41,65,74,61,1,3,1788537754.5847023,G1,T01,altezza2420,1,moving
153307,1,1,0,3,0,0,0,0,58,25,13,9,8,10,13,32,18,34,52,50,41,52,61,61,1,3,1788537754.791557,G1,T01,altezza2420,1,moving
153507,1,1,0,3,0,0,0,0,50,25,10,10,5,10,13,32,20,52,52,61,41,52,61,61,1,3,1788537754.9830558,G1,T01,altezza2420,1,moving
153707,1,1,0,3,0,0,0,0,73,18,10,5,8,13,18,41,20,52,52,61,50,52,50,72,1,3,1788537755.1947515,G1,T01,altezza2420,1,moving
153907,1,1,0,3,0,0,0,0,104,26,13,13,8,20,18,41,18,52,52,72,41,52,50,61,1,3,1788537755.3940935,G1,T01,altezza2420,1,moving
154107,1,1,0,3,0,0,0,0,185,61,13,5,13,13,13,25,13,41,41,61,41,61,61,72,1,3,1788537755.5856307,G1,T01,altezza2420,1,moving
154307,1,1,0,3,0,0,0,0,106,41,17,9,8,13,13,41,18,41,52,61,41,61,61,72,1,3,1788537755.7926614,G1,T01,altezza2420,1,moving
154507,1,1,0,3,0,0,0,0,100,25,10,8,8,25,13,32,18,41,52,61,41,61,61,61,1,3,1788537755.983535,G1,T01,altezza2420,1,moving
154707,1,1,0,3,0,0,0,0,64,13,18,10,8,20,18,41,18,52,52,72,41,52,50,61,1,3,1788537756.1913416,G1,T01,altezza2420,1,moving
154907,1,1,0,3,0,0,0,0,232,32,17,9,8,17,10,32,32,52,65,72,32,61,61,61,1,3,1788537756.3827019,G1,T01,altezza2420,1,moving
155107,1,1,0,3,0,0,0,0,113,41,5,13,8,16,25,41,32,41,65,61,25,52,61,72,1,3,1788537756.5896606,G1,T01,altezza2420,1,moving
155307,1,1,0,3,0,0,0,0,221,100,8,5,5,17,18,32,25,41,61,61,41,52,61,72,1,3,1788537756.781394,G1,T01,altezza2420,1,moving
155507,1,1,0,3,0,0,0,0,122,40,13,5,9,25,13,32,18,41,61,72,32,52,61,61,1,3,1788537756.98881,G1,T01,altezza2420,1,moving
155707,1,1,0,3,0,0,0,0,89,20,8,5,5,18,13,25,18,50,52,61,41,52,50,50,1,3,1788537757.1793895,G1,T01,altezza2420,1,moving
155907,1,1,0,3,0,0,0,0,305,68,8,8,8,9,34,41,29,45,52,72,41,52,50,61,1,3,1788537757.3855674,G1,T01,altezza2420,1,moving
156107,1,1,0,3,0,0,0,0,36,10,10,5,5,16,25,41,20,45,52,72,41,61,61,61,1,3,1788537757.5934656,G1,T01,altezza2420,1,moving
156307,1,1,0,3,0,0,0,0,85,40,8,9,13,16,18,41,25,52,52,72,50,65,50,61,1,3,1788537757.7834997,G1,T01,altezza2420,1,moving
156507,1,1,0,3,0,0,0,0,98,41,10,5,5,17,20,25,13,32,65,72,32,61,61,72,1,3,1788537757.9903095,G1,T01,altezza2420,1,moving
156707,1,1,0,3,0,0,0,0,146,80,10,8,8,16,25,41,18,41,52,72,41,61,61,72,1,3,1788537758.1808815,G1,T01,altezza2420,1,moving
156907,1,1,0,3,0,0,0,0,125,26,5,8,9,9,9,32,18,41,52,72,32,52,50,72,1,3,1788537758.3867128,G1,T01,altezza2420,1,moving
157107,1,1,0,3,0,0,0,0,145,37,8,8,10,17,29,25,20,41,52,72,32,74,61,72,1,3,1788537758.5930204,G1,T01,altezza2420,1,moving
157307,1,1,0,3,0,0,0,0,64,13,5,8,8,17,25,25,25,52,52,72,32,74,61,72,1,3,1788537758.7838786,G1,T01,altezza2420,1,moving
157507,1,1,0,3,0,0,0,0,101,50,9,5,9,10,25,25,18,52,41,72,32,74,61,61,1,3,1788537758.9903383,G1,T01,altezza2420,1,moving
157707,1,1,0,3,0,0,0,0,130,25,10,8,10,16,13,32,18,52,41,72,32,61,61,61,1,3,1788537759.181464,G1,T01,altezza2420,1,moving
157907,1,1,0,3,0,0,0,0,65,25,20,13,9,10,18,41,20,52,61,72,32,52,61,61,1,3,1788537759.3886616,G1,T01,altezza2420,1,moving
158107,1,1,0,3,0,0,0,1,109,34,16,9,10,9,20,32,20,41,52,72,41,52,61,61,1,3,1788537759.5812562,G1,T01,altezza2420,1,moving
158307,1,1,0,3,0,0,0,0,52,34,10,10,10,13,20,32,20,41,52,72,41,41,61,72,1,3,1788537759.787334,G1,T01,altezza2420,1,moving
158507,1,1,0,3,0,0,0,0,157,73,5,5,5,10,20,32,32,52,41,61,41,65,61,61,1,3,1788537759.9926536,G1,T01,altezza2420,1,moving
158707,1,1,0,3,0,0,0,0,125,45,9,13,8,17,25,41,20,52,52,61,41,65,61,61,1,3,1788537760.1832027,G1,T01,altezza2420,1,moving
158907,1,1,0,3,0,0,0,0,148,73,13,8,5,13,18,41,20,41,52,72,32,65,61,61,1,3,1788537760.3903582,G1,T01,altezza2420,1,moving
159107,1,1,0,3,0,0,0,0,65,26,20,5,10,10,20,32,18,41,52,72,50,65,52,61,1,3,1788537760.5844264,G1,T01,altezza2420,1,moving
159307,1,1,0,3,0,0,0,0,29,13,13,8,5,10,25,25,25,41,52,72,41,52,61,50,1,3,1788537760.78896,G1,T01,altezza2420,1,moving
159507,1,1,0,3,0,0,0,0,97,32,13,9,10,9,25,25,25,50,52,72,32,52,61,61,1,3,1788537760.9856644,G1,T01,altezza2420,1,moving
159707,1,1,0,3,0,0,0,0,41,18,20,10,9,13,13,32,20,34,52,72,41,52,61,72,1,3,1788537761.1873026,G1,T01,altezza2420,1,moving
159907,1,1,0,3,0,0,0,0,50,26,9,8,10,10,20,32,13,41,52,72,32,52,61,72,1,3,1788537761.3936296,G1,T01,altezza2420,1,moving
160107,1,1,0,3,0,0,0,0,41,26,9,8,10,10,20,32,25,52,52,72,32,52,61,72,1,3,1788537761.5871124,G1,T01,altezza2420,1,moving
160307,1,1,0,3,0,0,0,0,137,53,13,8,10,10,20,32,25,50,61,72,32,61,74,72,1,3,1788537761.793011,G1,T01,altezza2420,1,moving
160507,1,1,0,3,0,0,0,0,50,26,13,8,13,13,20,34,25,41,52,72,32,74,61,72,1,3,1788537761.9881392,G1,T01,altezza2420,1,moving
160707,1,1,0,3,0,0,0,0,49,40,10,8,5,20,20,32,25,41,52,72,25,61,61,61,1,3,1788537762.1910355,G1,T01,altezza2420,1,moving
160907,1,1,0,3,0,0,0,0,53,16,5,8,13,16,13,32,25,52,52,61,41,61,61,72,1,3,1788537762.3890932,G1,T01,altezza2420,1,moving
161107,1,1,0,3,0,0,0,0,205,65,5,8,8,17,18,41,32,50,50,61,41,61,72,72,1,3,1788537762.5896108,G1,T01,altezza2420,1,moving
161307,1,1,0,3,0,0,0,0,64,26,8,9,10,13,13,41,25,52,50,61,32,61,72,72,1,3,1788537762.794621,G1,T01,altezza2420,1,moving
161507,1,1,0,3,0,0,0,0,45,29,10,8,5,10,18,41,25,52,50,61,32,61,85,72,1,3,1788537762.9900806,G1,T01,altezza2420,1,moving
161707,1,1,0,3,0,0,0,0,52,25,9,5,10,5,20,34,18,41,74,72,32,61,72,72,1,3,1788537763.1929111,G1,T01,altezza2420,1,moving
161907,1,1,0,3,0,0,0,0,125,37,8,5,10,10,20,34,18,32,65,72,32,61,72,72,1,3,1788537763.3913267,G1,T01,altezza2420,1,moving
162107,1,1,0,3,0,0,0,0,65,52,9,5,5,18,10,41,18,50,52,61,32,61,61,72,1,3,1788537763.591641,G1,T01,altezza2420,1,moving
162307,1,1,0,3,0,0,0,0,153,40,13,5,10,13,13,50,18,41,65,72,32,61,61,72,1,3,1788537763.7917342,G1,T01,altezza2420,1,moving
162507,1,1,0,3,0,0,0,0,100,20,18,9,20,13,18,41,18,41,52,72,32,52,61,72,1,3,1788537763.9923973,G1,T01,altezza2420,1,moving
162707,1,1,0,3,0,0,0,0,130,20,8,10,5,20,25,32,18,41,52,72,32,61,74,72,1,3,1788537764.1928508,G1,T01,altezza2420,1,moving
162907,1,1,0,3,0,0,0,0,90,52,5,9,10,20,18,41,25,52,52,74,32,74,61,72,1,3,1788537764.3900936,G1,T01,altezza2420,1,moving
163107,1,1,0,3,0,0,0,0,121,40,10,8,8,20,13,18,25,41,52,72,32,74,61,61,1,3,1788537764.586716,G1,T01,altezza2420,1,moving
163307,1,1,0,3,0,0,0,0,89,34,13,5,13,20,18,34,20,41,52,72,32,61,61,61,1,3,1788537764.7945213,G1,T01,altezza2420,1,moving
163507,1,1,0,3,0,0,0,0,218,50,10,8,5,20,18,41,25,41,61,72,32,61,74,61,1,3,1788537764.990822,G1,T01,altezza2420,1,moving
163707,1,1,0,3,0,0,0,0,58,20,8,8,10,20,18,32,25,41,65,72,32,61,61,72,1,3,1788537765.191953,G1,T01,altezza2420,1,moving
163907,1,1,0,3,0,0,0,0,125,53,8,8,8,9,13,32,25,41,65,72,32,61,61,61,1,3,1788537765.3901072,G1,T01,altezza2420,1,moving
164107,1,1,0,3,0,0,0,0,106,45,5,9,5,13,10,41,25,52,52,72,41,52,72,61,1,3,1788537765.5908194,G1,T01,altezza2420,1,moving
164307,1,1,0,3,0,0,0,0,52,18,10,5,10,20,18,32,20,52,52,72,41,65,52,50,1,3,1788537765.7886755,G1,T01,altezza2420,1,moving
164507,1,1,0,3,0,0,0,0,68,32,10,5,10,9,17,25,17,52,52,72,34,52,52,61,1,3,1788537765.99269,G1,T01,altezza2420,1,moving
164707,1,1,0,3,0,0,0,0,89,26,20,9,10,13,25,34,20,52,52,72,34,52,61,61,1,3,1788537766.1914198,G1,T01,altezza2420,1,moving
164907,1,1,0,3,0,0,0,0,101,25,13,5,10,13,13,32,20,61,72,61,34,52,72,85,1,3,1788537766.3930535,G1,T01,altezza2420,1,moving
165107,1,1,0,3,0,0,0,0,101,36,20,8,10,13,13,32,20,52,52,61,32,52,72,72,1,3,1788537766.5933762,G1,T01,altezza2420,1,moving
165307,1,1,0,3,0,0,0,0,185,85,20,5,5,16,25,41,20,41,65,61,32,65,61,72,1,3,1788537766.7944522,G1,T01,altezza2420,1,moving
165507,1,1,0,3,0,0,0,0,45,13,13,10,9,17,18,32,20,41,65,61,32,61,74,61,1,3,1788537766.9947257,G1,T01,altezza2420,1,moving
165707,1,1,0,3,0,0,0,0,97,34,26,8,10,17,18,32,20,34,52,61,32,52,61,61,1,3,1788537767.1947753,G1,T01,altezza2420,1,moving
165907,1,1,0,3,0,0,0,0,106,26,25,8,10,25,18,25,20,34,45,50,41,52,61,50,1,3,1788537767.3955176,G1,T01,altezza2420,1,moving
166107,1,1,0,3,0,0,0,0,85,32,25,9,9,9,20,25,25,41,52,50,41,52,61,61,1,3,1788537767.586424,G1,T01,altezza2420,1,moving
166307,1,1,0,3,0,0,0,0,45,40,34,9,8,10,29,25,20,52,52,72,32,52,61,61,1,3,1788537767.7932427,G1,T01,altezza2420,1,moving
166507,1,1,0,3,0,0,0,0,72,41,20,8,8,10,25,34,20,41,52,72,32,52,61,61,1,3,1788537767.9854808,G1,T01,altezza2420,1,moving
166707,1,1,0,3,0,0,0,0,45,13,20,8,8,18,18,41,25,41,52,72,32,52,61,61,1,3,1788537768.1905892,G1,T01,altezza2420,1,moving
166907,1,1,0,3,0,0,0,0,73,25,25,10,8,20,13,41,25,41,52,72,32,61,85,72,1,3,1788537768.3825297,G1,T01,altezza2420,1,moving
167107,1,1,0,3,0,0,0,0,433,130,25,5,10,20,13,32,13,41,52,72,32,61,61,61,1,3,1788537768.5898721,G1,T01,altezza2420,1,moving
167307,1,1,0,3,0,0,0,0,85,20,18,10,8,16,25,34,18,41,52,72,41,52,61,74,1,3,1788537768.7812562,G1,T01,altezza2420,1,moving
167507,1,1,0,3,0,0,0,1,193,73,20,5,9,20,18,41,20,41,52,72,41,61,61,72,1,3,1788537768.9875941,G1,T01,altezza2420,1,moving
167707,1,1,0,3,0,0,0,0,122,53,25,8,5,16,18,41,29,52,52,72,41,61,61,61,1,3,1788537769.1946852,G1,T01,altezza2420,1,moving
167907,1,1,0,3,0,0,0,0,137,29,20,8,8,13,29,18,20,52,52,72,32,52,61,61,1,3,1788537769.386488,G1,T01,altezza2420,1,moving
168107,1,1,0,3,0,0,0,0,146,58,25,5,9,5,10,25,18,52,52,72,41,52,61,61,1,3,1788537769.5939665,G1,T01,altezza2420,1,moving
168307,1,1,0,3,0,0,0,0,104,58,25,13,10,4,17,32,25,52,52,72,32,52,61,61,1,3,1788537769.7846808,G1,T01,altezza2420,1,moving
168507,1,1,0,3,0,0,0,0,200,89,20,8,10,5,10,32,25,52,52,72,32,52,61,61,1,3,1788537769.992072,G1,T01,altezza2420,1,moving
168707,1,1,0,3,0,0,0,0,148,34,13,10,8,10,25,29,20,34,65,72,41,52,61,61,1,3,1788537770.183487,G1,T01,altezza2420,1,moving
168907,1,1,0,3,0,0,0,0,148,74,13,13,10,10,13,32,13,52,52,72,32,61,72,72,1,3,1788537770.390756,G1,T01,altezza2420,1,moving
169107,1,1,0,3,0,0,0,0,170,64,20,5,5,10,13,25,13,41,65,72,32,61,72,72,1,3,1788537770.5949655,G1,T01,altezza2420,1,moving
169307,1,1,0,3,0,0,0,0,52,26,25,5,5,13,13,32,13,41,52,72,25,61,72,72,1,3,1788537770.7859824,G1,T01,altezza2420,1,moving
169507,1,1,0,3,0,0,0,0,202,98,20,5,5,13,13,32,20,52,52,72,32,74,52,61,1,3,1788537770.9923055,G1,T01,altezza2420,1,moving
169707,1,1,0,3,0,0,0,0,50,20,13,13,8,4,29,25,25,52,52,61,32,74,52,61,1,3,1788537771.1827867,G1,T01,altezza2420,1,moving
169907,1,1,0,3,0,0,0,0,53,41,13,13,5,9,18,41,25,41,52,72,32,61,61,61,1,3,1788537771.389616,G1,T01,altezza2420,1,moving
170107,1,1,0,3,0,0,0,0,98,17,16,10,5,13,13,32,25,52,61,72,32,52,61,61,1,3,1788537771.5952148,G1,T01,altezza2420,1,moving
170307,1,1,0,3,0,0,0,0,208,29,18,9,5,10,13,32,13,32,65,72,41,65,61,61,1,3,1788537771.7854497,G1,T01,altezza2420,1,moving
170507,1,1,0,3,0,0,0,0,85,73,20,9,8,8,13,32,18,41,52,72,41,65,72,72,1,3,1788537771.9941008,G1,T01,altezza2420,1,moving
170707,1,1,0,3,0,0,0,0,25,16,13,13,5,20,13,41,13,41,52,72,32,65,61,72,1,3,1788537772.1891387,G1,T01,altezza2420,1,moving
170907,1,1,0,3,0,0,0,0,178,80,13,13,8,20,13,32,18,52,52,61,32,52,41,50,1,3,1788537772.3877873,G1,T01,altezza2420,1,moving
171107,1,1,0,3,0,0,0,0,100,20,13,20,5,10,13,32,25,52,52,72,32,61,61,50,1,3,1788537772.593546,G1,T01,altezza2420,1,moving
171307,1,1,0,3,0,0,0,0,49,18,9,18,8,13,13,32,25,52,52,72,32,61,61,50,1,3,1788537772.7846625,G1,T01,altezza2420,1,moving
171507,1,1,0,3,0,0,0,0,85,18,16,13,8,13,20,34,29,52,41,61,32,61,61,50,1,3,1788537772.9911518,G1,T01,altezza2420,1,moving
171707,1,1,0,3,0,0,0,0,185,50,8,13,8,20,25,34,29,52,41,52,41,61,72,72,1,3,1788537773.1936486,G1,T01,altezza2420,1,moving
171907,1,1,0,3,0,0,0,0,130,109,5,18,8,13,25,50,25,52,52,61,32,61,61,61,1,3,1788537773.387072,G1,T01,altezza2420,1,moving
172107,1,1,0,3,0,0,0,0,89,26,10,8,8,20,18,41,13,34,45,72,32,61,61,72,1,3,1788537773.5944428,G1,T01,altezza2420,1,moving
172307,1,1,0,3,0,0,0,0,80,34,13,10,10,17,18,41,13,41,52,72,32,74,50,61,1,3,1788537773.7838473,G1,T01,altezza2420,1,moving
172507,1,1,0,3,0,0,0,0,52,13,16,13,10,13,18,41,20,34,52,72,32,61,61,61,1,3,1788537773.9907339,G1,T01,altezza2420,1,moving
172707,1,1,0,3,0,0,0,0,104,36,17,13,5,20,13,32,25,52,52,72,41,61,61,61,1,3,1788537774.1814313,G1,T01,altezza2420,1,moving
172907,1,1,0,3,0,0,0,0,37,18,10,13,10,20,25,41,34,65,52,72,41,52,41,61,1,3,1788537774.3876524,G1,T01,altezza2420,1,moving
173107,1,1,0,3,0,0,0,0,53,17,13,18,13,9,18,50,32,41,65,72,41,52,50,72,1,3,1788537774.5945199,G1,T01,altezza2420,1,moving
173307,1,1,0,3,0,0,0,0,52,25,10,18,13,20,18,41,25,52,65,72,41,52,50,72,1,3,1788537774.7855308,G1,T01,altezza2420,1,moving
173507,1,1,0,3,0,0,0,0,137,41,20,13,13,13,17,41,25,52,52,74,41,52,50,72,1,3,1788537774.9932048,G1,T01,altezza2420,1,moving
173707,1,1,0,3,0,0,0,0,98,37,20,8,10,16,18,32,25,41,65,72,32,74,61,72,1,3,1788537775.1834633,G1,T01,altezza2420,1,moving
173907,1,1,0,3,0,0,0,0,58,20,13,8,8,13,13,32,25,52,65,85,41,74,61,61,1,3,1788537775.3901453,G1,T01,altezza2420,1,moving
174107,1,1,0,3,0,0,0,0,218,100,13,13,8,13,13,32,18,41,52,85,41,52,52,61,1,3,1788537775.5811589,G1,T01,altezza2420,1,moving
174307,1,1,0,3,0,0,0,0,153,45,8,13,5,13,8,41,18,41,45,72,32,61,72,61,1,3,1788537775.7880938,G1,T01,altezza2420,1,moving
174507,1,1,0,3,0,0,0,0,170,90,13,18,10,13,34,29,18,50,52,72,32,61,72,61,1,3,1788537775.9803505,G1,T01,altezza2420,1,moving
174707,1,1,0,3,0,0,0,0,52,25,8,13,5,13,18,41,25,41,52,72,41,65,61,61,1,3,1788537776.1868305,G1,T01,altezza2420,1,moving
174907,1,1,0,3,0,0,0,0,197,64,13,9,10,9,25,34,25,52,52,72,41,65,61,61,1,3,1788537776.39408,G1,T01,altezza2420,1,moving
175107,1,1,0,3,0,0,0,0,130,25,13,13,10,10,17,34,34,65,41,72,41,61,61,72,1,3,1788537776.5850372,G1,T01,altezza2420,1,moving
175307,1,1,0,3,0,0,0,0,50,41,18,9,8,13,18,41,34,65,41,61,41,52,50,72,1,3,1788537776.7949133,G1,T01,altezza2420,1,moving
175507,1,1,0,3,0,0,0,0,80,65,13,8,10,10,13,32,25,52,61,61,41,52,50,61,1,3,1788537776.9826417,G1,T01,altezza2420,1,moving
175707,1,1,0,3,0,0,0,0,117,85,10,25,8,20,25,34,20,52,61,61,41,52,50,72,1,3,1788537777.1882071,G1,T01,altezza2420,1,moving
175907,1,1,0,3,0,0,0,0,113,26,13,18,5,10,13,18,18,41,52,61,34,52,50,72,1,3,1788537777.3935635,G1,T01,altezza2420,1,moving
176107,1,1,0,3,0,0,0,0,90,37,9,13,9,10,18,52,20,41,52,61,41,61,61,72,1,3,1788537777.584626,G1,T01,altezza2420,1,moving
176307,1,1,0,3,0,0,0,0,50,16,10,18,8,17,13,34,20,41,52,61,32,74,74,85,1,3,1788537777.791124,G1,T01,altezza2420,1,moving
176507,1,1,0,3,0,0,0,0,89,41,9,34,8,17,20,25,25,41,52,72,32,65,74,72,1,3,1788537777.9819405,G1,T01,altezza2420,1,moving
176707,1,1,0,3,0,0,0,0,45,29,9,13,5,17,13,50,20,52,41,72,41,52,61,72,1,3,1788537778.1888387,G1,T01,altezza2420,1,moving
176907,1,1,0,3,0,0,0,0,82,29,10,13,5,8,13,32,20,41,52,61,34,52,72,72,1,3,1788537778.3953679,G1,T01,altezza2420,1,moving
177107,1,1,0,3,0,0,0,0,116,29,10,13,5,10,13,32,25,41,52,61,34,52,72,72,1,3,1788537778.586392,G1,T01,altezza2420,1,moving
177307,1,1,0,3,0,0,0,0,65,25,10,18,9,16,13,32,20,52,52,61,34,52,61,72,1,3,1788537778.7923782,G1,T01,altezza2420,1,moving
177507,1,1,0,3,0,0,0,0,170,41,10,8,10,16,20,32,25,41,52,61,34,52,61,72,1,3,1788537778.985481,G1,T01,altezza2420,1,moving
177707,1,1,0,3,0,0,0,0,250,41,5,18,8,13,8,41,20,34,52,61,41,52,61,61,1,3,1788537779.1906488,G1,T01,altezza2420,1,moving
177907,1,1,0,3,0,0,0,0,85,9,9,18,9,9,20,41,13,34,52,72,32,52,61,61,1,3,1788537779.3817053,G1,T01,altezza2420,1,moving
178107,1,1,0,3,0,0,0,0,65,20,9,25,8,9,20,32,13,34,45,61,41,52,61,61,1,3,1788537779.5920675,G1,T01,altezza2420,1,moving
178307,1,1,0,3,0,0,0,0,85,32,9,13,5,10,20,25,20,50,52,72,32,61,72,85,1,3,1788537779.7957532,G1,T01,altezza2420,1,moving
178507,1,1,0,3,0,0,0,0,194,40,10,8,10,10,13,41,34,52,52,61,32,74,61,72,1,3,1788537779.987156,G1,T01,altezza2420,1,moving
178707,1,1,0,3,0,0,0,0,136,73,10,8,5,13,13,32,25,41,65,72,32,74,74,72,1,3,1788537780.194251,G1,T01,altezza2420,1,moving
178907,1,1,0,3,0,0,0,0,113,82,5,9,5,20,20,25,20,41,65,72,32,61,85,72,1,3,1788537780.3851595,G1,T01,altezza2420,1,moving
179107,1,1,0,3,0,0,0,0,245,65,17,13,5,10,13,32,20,52,52,72,50,52,72,61,1,3,1788537780.5947442,G1,T01,altezza2420,1,moving
179307,1,1,0,3,0,0,0,0,68,18,8,20,17,25,13,32,20,41,52,72,41,65,52,61,1,3,1788537780.7834582,G1,T01,altezza2420,1,moving
179507,1,1,0,3,0,0,0,0,61,25,9,13,5,13,18,34,17,34,52,72,41,52,52,61,1,3,1788537780.990663,G1,T01,altezza2420,1,moving
179707,1,1,0,3,0,0,0,0,65,17,8,13,10,10,13,32,20,45,52,85,41,52,52,61,1,3,1788537781.1817935,G1,T01,altezza2420,1,moving
179907,1,1,0,3,0,0,0,0,64,29,10,18,8,18,13,41,20,45,52,61,41,52,72,72,1,3,1788537781.3886,G1,T01,altezza2420,1,moving
180107,1,1,0,3,0,0,0,0,290,164,5,18,8,18,18,41,20,34,52,61,41,52,61,72,1,3,1788537781.596305,G1,T01,altezza2420,1,moving
180307,1,1,0,3,0,0,0,0,53,58,13,13,8,13,13,41,20,34,52,61,50,61,52,72,1,3,1788537781.7868083,G1,T01,altezza2420,1,moving
180507,1,1,0,3,0,0,0,0,58,41,13,8,10,13,13,41,32,52,52,61,50,61,61,85,1,3,1788537781.9938083,G1,T01,altezza2420,1,moving
180707,1,1,0,3,0,0,0,0,68,17,9,13,8,13,18,50,32,52,52,61,50,61,61,72,1,3,1788537782.1847296,G1,T01,altezza2420,1,moving
180907,1,1,0,3,0,0,0,0,226,34,10,8,10,13,13,32,25,52,65,61,50,52,74,72,1,3,1788537782.392571,G1,T01,altezza2420,1,moving
181107,1,1,0,3,0,0,0,0,37,13,8,18,5,13,13,25,18,52,52,72,41,52,61,72,1,3,1788537782.5835028,G1,T01,altezza2420,1,moving
181307,1,1,0,3,0,0,0,0,41,25,10,13,5,13,13,18,9,45,52,72,41,65,61,61,1,3,1788537782.790374,G1,T01,altezza2420,1,moving
181507,1,1,0,3,0,0,0,0,250,53,13,13,8,13,25,25,13,50,61,61,41,65,61,61,1,3,1788537782.9825637,G1,T01,altezza2420,1,moving
181707,1,1,0,3,0,0,0,0,53,29,10,13,8,9,13,32,20,41,61,72,41,74,61,61,1,3,1788537783.1890805,G1,T01,altezza2420,1,moving
181907,1,1,0,3,0,0,0,0,170,52,10,10,13,13,13,25,18,34,52,72,32,61,61,61,1,3,1788537783.3963096,G1,T01,altezza2420,1,moving
182107,1,1,0,3,0,0,0,0,65,16,10,13,10,13,13,41,20,34,65,72,32,52,61,61,1,3,1788537783.5907326,G1,T01,altezza2420,1,moving
182307,1,1,0,3,0,0,0,0,181,52,10,13,8,13,20,25,29,45,52,72,32,52,61,85,1,3,1788537783.793043,G1,T01,altezza2420,1,moving
182507,1,1,0,3,0,0,0,0,202,58,8,25,5,13,13,41,25,52,52,72,41,52,61,85,1,3,1788537783.9827943,G1,T01,altezza2420,1,moving
182707,1,1,0,3,0,0,0,0,68,41,9,18,10,18,13,41,25,52,61,72,32,61,61,61,1,3,1788537784.1900258,G1,T01,altezza2420,1,moving
182907,1,1,0,3,0,0,0,0,52,13,9,13,8,10,8,41,20,61,61,61,41,52,61,72,1,3,1788537784.3841267,G1,T01,altezza2420,1,moving
183107,1,1,0,3,0,0,0,0,50,29,5,18,8,20,20,25,13,52,52,61,50,80,61,61,1,3,1788537784.5878768,G1,T01,altezza2420,1,moving
183307,1,1,0,3,0,0,0,0,61,26,13,18,8,20,25,41,20,41,52,61,41,74,61,61,1,3,1788537784.7957094,G1,T01,altezza2420,1,moving
183507,1,1,0,3,0,0,0,0,104,34,8,13,9,13,18,34,17,52,52,72,50,65,61,61,1,3,1788537784.9868503,G1,T01,altezza2420,1,moving
183707,1,1,0,3,0,0,0,0,49,25,13,8,10,16,18,41,26,45,52,72,50,65,61,61,1,3,1788537785.1945133,G1,T01,altezza2420,1,moving
183907,1,1,0,3,0,0,0,0,125,45,5,9,10,9,29,29,20,34,52,61,32,65,61,72,1,3,1788537785.3939943,G1,T01,altezza2420,1,moving
184107,1,1,0,3,0,0,0,0,208,104,10,18,13,18,18,34,34,34,52,72,32,65,61,61,1,3,1788537785.5916245,G1,T01,altezza2420,1,moving
184307,1,1,0,3,0,0,0,0,68,29,5,13,5,25,18,25,29,41,52,72,41,74,61,61,1,3,1788537785.7888625,G1,T01,altezza2420,1,moving
184507,1,1,0,3,0,0,0,0,85,37,8,25,5,16,18,32,17,34,52,72,41,52,61,61,1,3,1788537785.9894128,G1,T01,altezza2420,1,moving
184707,1,1,0,3,0,0,0,0,100,40,8,13,5,17,18,32,25,61,52,61,41,52,61,61,1,3,1788537786.1957664,G1,T01,altezza2420,1,moving
184907,1,1,0,3,0,0,0,0,45,18,8,8,5,10,18,32,13,34,41,74,50,52,61,72,1,3,1788537786.3906972,G1,T01,altezza2420,1,moving
185107,1,1,0,3,0,0,0,0,26,18,10,13,10,26,18,41,20,52,52,85,50,52,61,61,1,3,1788537786.5939236,G1,T01,altezza2420,1,moving
185307,1,1,0,3,0,0,0,0,65,20,10,13,5,13,13,25,20,41,52,72,41,61,61,61,1,3,1788537786.7921045,G1,T01,altezza2420,1,moving
185507,1,1,0,3,0,0,0,0,53,25,10,13,10,13,20,25,16,52,61,72,32,61,61,61,1,3,1788537786.992522,G1,T01,altezza2420,1,moving
185707,1,1,0,3,0,0,0,0,116,61,17,13,9,20,13,32,20,52,52,72,41,65,61,50,1,3,1788537787.193005,G1,T01,altezza2420,1,moving
185907,1,1,0,3,0,0,0,0,58,37,13,8,5,9,13,41,13,34,52,72,32,65,72,74,1,3,1788537787.3934155,G1,T01,altezza2420,1,moving
186107,1,1,0,3,0,0,0,0,65,20,13,18,5,13,13,32,13,25,65,72,32,61,72,61,1,3,1788537787.5963798,G1,T01,altezza2420,1,moving
186307,1,1,0,3,0,0,0,0,61,18,5,13,10,13,18,41,18,41,52,85,32,61,61,50,1,3,1788537787.7943761,G1,T01,altezza2420,1,moving
186507,1,1,0,0,0,0,0,0,356,45,10,8,10,13,18,32,25,41,52,61,25,61,61,50,1,0,1788537787.9960291,G1,T01,altezza2420,1,moving
186707,1,1,0,0,0,0,0,0,85,32,9,8,5,20,25,32,17,41,52,61,32,50,61,61,1,0,1788537788.195553,G1,T01,altezza2420,1,moving
186907,1,1,0,0,0,0,0,0,117,100,5,13,8,16,18,41,17,41,52,72,32,52,61,72,1,0,1788537788.3960228,G1,T01,altezza2420,1,moving
187107,1,1,0,0,0,0,0,0,89,20,5,20,13,5,29,34,20,52,52,72,32,61,61,72,1,0,1788537788.5841668,G1,T01,altezza2420,1,moving
187307,1,1,0,0,0,0,0,0,65,34,13,10,10,10,13,32,18,34,52,72,32,52,74,74,1,0,1788537788.7946498,G1,T01,altezza2420,1,moving
187507,1,1,0,0,0,0,0,0,121,109,10,18,10,9,20,41,20,34,52,72,32,52,72,72,1,0,1788537788.9906125,G1,T01,altezza2420,1,moving
187707,1,1,0,0,0,0,0,0,122,40,10,8,5,20,18,41,17,34,65,72,41,52,61,61,1,0,1788537789.1894073,G1,T01,altezza2420,1,moving
187907,1,1,0,0,0,0,0,0,106,20,8,10,8,17,32,25,13,34,52,72,32,65,50,50,1,0,1788537789.380474,G1,T01,altezza2420,1,moving
188107,1,1,0,0,0,0,0,0,53,13,5,13,5,9,34,18,13,34,52,72,41,41,61,61,1,0,1788537789.5857663,G1,T01,altezza2420,1,moving
188307,1,1,0,0,0,0,0,0,74,32,9,13,8,9,34,18,13,34,52,72,41,52,61,61,1,0,1788537789.7930229,G1,T01,altezza2420,1,moving
188507,1,1,0,0,0,0,0,0,20,40,10,18,8,17,20,18,13,25,65,61,32,61,61,72,1,0,1788537789.9910145,G1,T01,altezza2420,1,moving
188707,1,1,0,0,0,0,0,0,106,40,8,18,10,20,20,25,13,41,65,61,32,61,61,61,1,0,1788537790.1909795,G1,T01,altezza2420,1,moving
188907,1,1,0,0,0,0,0,0,65,49,10,13,5,16,20,41,20,29,58,61,32,61,61,72,1,0,1788537790.381395,G1,T01,altezza2420,1,moving
189107,1,1,0,0,0,0,0,0,100,58,13,18,5,10,13,32,18,32,65,72,41,74,61,61,1,0,1788537790.5873303,G1,T01,altezza2420,1,moving
189307,1,1,0,0,0,0,0,0,45,17,9,13,5,13,13,32,25,32,65,72,41,61,72,72,1,0,1788537790.7939444,G1,T01,altezza2420,1,moving
189507,1,1,0,0,0,0,0,0,106,17,5,13,5,9,13,25,18,41,52,61,41,52,72,72,1,0,1788537790.9916432,G1,T01,altezza2420,1,moving
189707,1,1,0,0,0,0,0,0,116,74,8,8,10,10,29,18,18,50,52,61,41,52,61,72,1,0,1788537791.190998,G1,T01,altezza2420,1,moving
189907,1,1,0,0,0,0,0,0,106,32,5,8,13,13,13,18,5,34,52,85,50,65,61,72,1,0,1788537791.383315,G1,T01,altezza2420,1,moving
190107,1,1,0,0,0,0,0,0,64,17,5,8,10,13,18,25,20,52,52,72,50,65,61,72,1,0,1788537791.5907266,G1,T01,altezza2420,1,moving
190307,1,1,0,0,0,0,0,0,52,18,13,18,5,13,8,32,18,41,52,72,32,52,61,61,1,0,1788537791.7821863,G1,T01,altezza2420,1,moving
190507,1,1,0,0,0,0,0,0,52,20,8,17,8,10,20,32,18,41,52,61,25,61,74,61,1,0,1788537791.992818,G1,T01,altezza2420,1,moving
190707,1,1,0,0,0,0,0,0,72,17,13,18,5,13,18,32,20,41,52,61,41,61,61,61,1,0,1788537792.1962852,G1,T01,altezza2420,1,moving
190907,1,1,0,0,0,0,0,0,180,100,16,13,5,13,18,41,13,41,52,72,41,61,61,61,1,0,1788537792.3887973,G1,T01,altezza2420,1,moving
191107,1,1,0,0,0,0,0,0,89,25,13,18,5,13,13,41,18,41,52,61,41,41,72,72,1,0,1788537792.581052,G1,T01,altezza2420,1,moving
191307,1,1,0,0,0,0,0,0,128,40,10,13,5,13,13,25,20,34,65,72,41,61,72,72,1,0,1788537792.7881587,G1,T01,altezza2420,1,moving
191507,1,1,0,0,0,0,0,0,125,50,5,10,8,20,25,25,13,45,52,72,41,74,52,50,1,0,1788537792.995885,G1,T01,altezza2420,1,moving
191707,1,1,0,0,0,0,0,0,64,17,17,8,5,13,18,32,13,41,52,72,41,52,72,61,1,0,1788537793.186465,G1,T01,altezza2420,1,moving
191907,1,1,0,0,0,0,0,0,128,34,10,8,8,25,13,41,20,34,45,72,32,52,61,61,1,0,1788537793.3937495,G1,T01,altezza2420,1,moving
192107,1,1,0,0,0,0,0,0,97,29,10,16,13,18,13,41,20,34,52,72,32,52,50,61,1,0,1788537793.5851555,G1,T01,altezza2420,1,moving
192307,1,1,0,0,0,0,0,0,53,13,10,9,17,13,13,41,20,58,52,72,32,52,50,61,1,0,1788537793.7914772,G1,T01,altezza2420,1,moving
192507,1,1,0,0,0,0,0,0,149,37,10,9,10,13,18,32,20,52,52,61,41,52,72,72,1,0,1788537793.9925702,G1,T01,altezza2420,1,moving
192707,1,1,0,0,0,0,0,0,493,153,13,10,13,13,18,41,29,45,52,61,41,65,52,61,1,0,1788537794.1896896,G1,T01,altezza2420,1,moving
192907,1,1,0,0,0,0,0,0,116,52,16,18,5,8,13,34,17,45,45,61,41,74,61,61,1,0,1788537794.3961275,G1,T01,altezza2420,1,moving
193107,1,1,0,0,0,0,0,0,90,41,17,10,17,8,13,41,17,52,52,85,41,74,61,61,1,0,1788537794.5875008,G1,T01,altezza2420,1,moving
193307,1,1,0,0,0,0,0,0,145,52,10,18,10,13,13,41,17,41,52,72,41,52,61,72,1,0,1788537794.793357,G1,T01,altezza2420,1,moving
193507,1,1,0,0,0,0,0,0,53,18,8,13,10,13,18,34,13,34,45,72,41,52,61,72,1,0,1788537794.994222,G1,T01,altezza2420,1,moving
193707,1,1,0,0,0,0,0,0,101,18,9,5,9,13,13,32,18,41,52,72,41,65,61,72,1,0,1788537795.189886,G1,T01,altezza2420,1,moving
193907,1,1,0,0,0,0,0,0,173,104,9,13,9,13,13,32,20,41,52,61,50,65,61,72,1,0,1788537795.3818855,G1,T01,altezza2420,1,moving
194107,1,1,0,0,0,0,0,0,157,25,10,8,5,20,13,32,20,41,50,61,41,74,61,50,1,0,1788537795.5892124,G1,T01,altezza2420,1,moving
194307,1,1,0,0,0,0,0,0,73,25,18,13,8,20,25,32,13,41,50,61,41,74,61,61,1,0,1788537795.7959309,G1,T01,altezza2420,1,moving
194507,1,1,0,0,0,0,0,0,269,113,8,18,10,16,32,25,13,34,41,61,32,61,72,72,1,0,1788537795.987833,G1,T01,altezza2420,1,moving
194707,1,1,0,0,0,0,0,0,113,41,13,13,5,13,18,32,18,41,41,61,41,61,61,61,1,0,1788537796.1948187,G1,T01,altezza2420,1,moving
194907,1,1,0,0,0,0,0,0,72,41,13,13,8,13,25,25,13,41,50,74,41,52,61,50,1,0,1788537796.3862958,G1,T01,altezza2420,1,moving
195107,1,1,0,0,0,0,0,0,61,40,20,13,10,5,13,25,13,41,61,85,41,74,61,72,1,0,1788537796.5935757,G1,T01,altezza2420,1,moving
195307,1,1,0,0,0,0,0,0,116,52,13,17,13,18,18,34,13,41,50,85,41,74,61,72,1,0,1788537796.7845829,G1,T01,altezza2420,1,moving
195507,1,1,0,0,0,0,0,0,40,17,18,5,10,5,10,25,17,29,34,61,41,65,61,61,1,0,1788537796.9921823,G1,T01,altezza2420,1,moving
195707,1,1,0,0,0,0,0,0,29,10,13,8,10,17,13,25,13,41,41,61,32,52,61,72,1,0,1788537797.1835027,G1,T01,altezza2420,1,moving
195907,1,1,0,0,0,0,0,0,64,13,13,5,10,13,13,25,13,41,41,61,32,65,61,61,1,0,1788537797.3901422,G1,T01,altezza2420,1,moving
196107,1,1,0,0,0,0,0,0,148,25,13,13,8,13,18,34,20,41,32,61,50,65,61,61,1,0,1788537797.5964787,G1,T01,altezza2420,1,moving
196307,1,1,0,0,0,0,0,0,68,25,18,8,8,13,18,41,13,34,32,72,50,65,61,61,1,0,1788537797.787061,G1,T01,altezza2420,1,moving
196507,1,1,0,0,0,0,0,0,36,20,18,8,5,17,18,34,13,34,41,72,41,52,61,61,1,0,1788537797.99584,G1,T01,altezza2420,1,moving
196707,1,1,0,0,0,0,0,0,61,53,13,8,5,17,34,20,13,25,52,72,52,52,61,61,1,0,1788537798.1853166,G1,T01,altezza2420,1,moving
196907,1,1,0,0,0,0,0,0,137,61,17,18,5,16,20,20,13,25,34,61,41,52,61,61,1,0,1788537798.3920903,G1,T01,altezza2420,1,moving
197107,1,1,0,0,0,0,0,0,37,18,25,13,5,10,20,34,18,41,41,61,32,61,61,61,1,0,1788537798.5838745,G1,T01,altezza2420,1,moving
197307,1,1,0,0,0,0,0,0,233,41,16,5,10,13,13,25,13,52,41,72,32,61,61,61,1,0,1788537798.7912865,G1,T01,altezza2420,1,moving
197507,1,1,0,0,0,0,0,0,180,58,16,8,10,20,20,25,13,25,41,72,34,61,61,50,1,0,1788537798.9825149,G1,T01,altezza2420,1,moving
197707,1,1,0,0,0,0,0,0,89,25,18,13,10,25,18,25,13,41,41,72,34,61,72,72,1,0,1788537799.189149,G1,T01,altezza2420,1,moving
197907,1,1,0,0,0,0,0,0,58,25,9,18,10,18,13,25,13,41,50,61,41,61,72,61,1,0,1788537799.395948,G1,T01,altezza2420,1,moving
198107,1,1,0,0,0,0,0,0,101,37,25,13,10,18,8,32,13,34,41,61,32,61,61,50,1,0,1788537799.5871315,G1,T01,altezza2420,1,moving
198307,1,1,0,0,0,0,0,0,80,18,13,18,5,20,18,25,10,34,50,61,32,61,61,72,1,0,1788537799.7927814,G1,T01,altezza2420,1,moving
198507,1,1,0,0,0,0,0,0,68,20,13,13,5,20,18,25,13,45,50,72,32,61,72,72,1,0,1788537799.983957,G1,T01,altezza2420,1,moving
198707,1,1,0,0,0,0,0,0,146,82,10,8,8,20,18,32,18,61,50,72,32,61,61,61,1,0,1788537800.189337,G1,T01,altezza2420,1,moving
198907,1,1,0,0,0,0,0,0,52,13,8,13,5,20,25,25,10,41,50,61,41,52,61,61,1,0,1788537800.3962564,G1,T01,altezza2420,1,moving
199107,1,1,0,0,0,0,0,0,146,32,5,18,5,20,18,25,10,29,34,50,41,52,61,61,1,0,1788537800.5871606,G1,T01,altezza2420,1,moving
199307,1,1,0,0,0,0,0,0,61,82,8,18,9,16,25,45,25,34,41,61,50,61,61,61,1,0,1788537800.7950752,G1,T01,altezza2420,1,moving
199507,1,1,0,0,0,0,0,0,109,18,10,13,10,10,25,25,20,45,41,61,50,61,85,72,1,0,1788537800.9890325,G1,T01,altezza2420,1,moving
199707,1,1,0,0,0,0,0,0,64,18,17,10,10,10,18,34,20,52,41,61,41,61,85,72,1,0,1788537801.1933389,G1,T01,altezza2420,1,moving
199907,1,1,0,0,0,0,0,0,52,17,13,13,10,10,18,41,20,52,41,61,32,61,85,72,1,0,1788537801.3914938,G1,T01,altezza2420,1,moving
200107,1,1,0,0,0,0,0,0,61,20,13,8,13,17,18,32,13,45,41,61,50,52,72,72,1,0,1788537801.5915277,G1,T01,altezza2420,1,moving
200307,1,1,0,0,0,0,0,0,117,65,10,13,13,20,18,25,20,45,41,72,41,61,61,72,1,0,1788537801.792483,G1,T01,altezza2420,1,moving
200507,1,1,0,0,0,0,0,0,72,17,10,18,5,20,25,29,13,50,50,72,41,61,72,72,1,0,1788537801.9935784,G1,T01,altezza2420,1,moving
200707,1,1,0,0,0,0,0,0,74,41,8,8,5,13,18,32,13,41,41,72,41,74,61,72,1,0,1788537802.196043,G1,T01,altezza2420,1,moving
200907,1,1,0,0,0,0,0,0,137,64,8,20,8,10,13,32,18,45,41,72,32,61,74,61,1,0,1788537802.3963313,G1,T01,altezza2420,1,moving
201107,1,1,0,2,0,0,0,0,320,85,9,10,10,10,18,45,20,34,41,72,41,61,52,52,1,2,1788537802.5956264,G1,T01,altezza2420,1,moving
201307,1,1,0,2,0,0,0,0,52,17,9,10,5,16,32,34,18,34,41,72,41,61,61,50,1,2,1788537802.7967565,G1,T01,altezza2420,1,moving
201507,1,1,0,2,0,0,0,0,85,26,10,18,5,17,17,41,18,45,41,72,25,61,61,61,1,2,1788537802.9932609,G1,T01,altezza2420,1,moving
201707,1,1,0,2,0,0,0,0,65,18,10,18,8,13,20,32,20,45,41,72,41,74,61,72,1,2,1788537803.1857295,G1,T01,altezza2420,1,moving
201907,1,1,0,2,0,0,0,0,68,29,17,13,5,20,18,32,13,45,41,72,32,61,50,72,1,2,1788537803.3933556,G1,T01,altezza2420,1,moving
202107,1,1,0,2,0,0,0,0,148,100,20,5,8,16,25,25,13,52,32,52,50,61,61,72,1,2,1788537803.5834596,G1,T01,altezza2420,1,moving
202307,1,1,0,2,0,0,0,0,85,29,10,13,10,20,18,32,13,45,32,72,41,52,61,72,1,2,1788537803.790372,G1,T01,altezza2420,1,moving
202507,1,1,0,2,0,0,0,0,170,73,5,13,10,13,13,32,20,45,32,72,41,52,50,72,1,2,1788537803.9813266,G1,T01,altezza2420,1,moving
202707,1,1,0,2,0,0,0,0,41,25,10,13,10,13,10,25,13,34,41,72,32,52,61,72,1,2,1788537804.1890097,G1,T01,altezza2420,1,moving
202907,1,1,0,2,0,0,0,0,61,20,9,8,8,13,13,34,17,34,34,72,41,65,61,72,1,2,1788537804.395645,G1,T01,altezza2420,1,moving
203107,1,1,0,2,0,0,0,0,32,25,8,13,13,20,9,25,13,34,41,72,41,65,61,72,1,2,1788537804.5921152,G1,T01,altezza2420,1,moving
203307,1,1,0,2,0,0,0,0,170,36,5,13,5,17,20,18,13,34,50,72,41,65,61,61,1,2,1788537804.7961924,G1,T01,altezza2420,1,moving
203507,1,1,0,2,0,0,0,0,101,65,9,18,5,17,17,32,13,34,50,72,41,65,61,61,1,2,1788537804.9921875,G1,T01,altezza2420,1,moving
203707,1,1,0,2,0,0,0,0,100,18,8,18,10,16,25,25,17,41,50,72,41,52,61,72,1,2,1788537805.1926823,G1,T01,altezza2420,1,moving
203907,1,1,0,2,0,0,0,0,68,26,5,20,10,8,18,32,10,41,41,72,41,45,61,72,1,2,1788537805.3957791,G1,T01,altezza2420,1,moving
204107,1,1,0,2,0,0,0,0,170,49,10,18,5,13,18,25,17,41,41,72,41,52,61,72,1,2,1788537805.5922523,G1,T01,altezza2420,1,moving
204307,1,1,0,2,0,0,0,0,121,50,8,20,9,9,25,25,13,41,41,72,41,52,72,61,1,2,1788537805.790439,G1,T01,altezza2420,1,moving
204507,1,1,0,2,0,0,0,0,113,130,9,8,5,20,18,32,13,41,45,61,41,52,72,72,1,2,1788537805.9871523,G1,T01,altezza2420,1,moving
204707,1,1,0,2,0,0,0,0,73,16,13,5,8,20,18,25,9,34,52,50,41,52,72,72,1,2,1788537806.189714,G1,T01,altezza2420,1,moving
204907,1,1,0,2,0,0,0,0,58,29,10,13,5,13,13,25,13,34,41,61,41,61,85,72,1,2,1788537806.3964188,G1,T01,altezza2420,1,moving
205107,1,1,0,2,0,0,0,0,113,37,13,20,5,17,25,25,17,52,41,61,41,45,61,72,1,2,1788537806.5884664,G1,T01,altezza2420,1,moving
205307,1,1,0,2,0,0,0,0,85,26,13,20,5,16,25,25,20,52,41,61,41,45,61,61,1,2,1788537806.7941692,G1,T01,altezza2420,1,moving
205507,1,1,0,2,0,0,0,0,232,68,8,5,10,20,13,18,13,34,50,74,41,61,85,72,1,2,1788537806.989538,G1,T01,altezza2420,1,moving
205707,1,1,0,2,0,0,0,0,34,20,10,13,8,10,13,25,13,34,50,85,41,61,72,72,1,2,1788537807.191953,G1,T01,altezza2420,1,moving
205907,1,1,0,2,0,0,0,0,45,10,10,13,10,10,25,16,10,34,41,61,25,61,61,72,1,2,1788537807.3908982,G1,T01,altezza2420,1,moving
206107,1,1,0,2,0,0,0,0,109,26,8,13,10,13,20,25,13,41,50,61,34,52,61,72,1,2,1788537807.5913334,G1,T01,altezza2420,1,moving
206307,1,1,0,2,0,0,0,0,145,89,5,13,10,13,13,25,13,45,34,61,41,52,50,50,1,2,1788537807.796945,G1,T01,altezza2420,1,moving
206507,1,1,0,2,0,0,0,0,100,34,5,13,13,13,20,34,26,34,41,72,41,52,61,72,1,2,1788537807.9924228,G1,T01,altezza2420,1,moving
206707,1,1,0,2,0,0,0,0,100,52,10,20,13,13,10,18,20,34,41,72,41,52,72,61,1,2,1788537808.1945682,G1,T01,altezza2420,1,moving
206907,1,1,0,2,0,0,0,0,68,45,9,25,8,13,10,20,13,41,41,61,34,52,72,72,1,2,1788537808.3943756,G1,T01,altezza2420,1,moving
207107,1,1,0,2,0,0,0,0,106,29,10,13,10,13,10,32,13,34,41,61,25,52,72,72,1,2,1788537808.594555,G1,T01,altezza2420,1,moving
207307,1,1,0,2,0,0,0,0,100,34,13,8,5,20,13,32,13,34,41,85,32,61,74,61,1,2,1788537808.794996,G1,T01,altezza2420,1,moving
207507,1,1,0,2,0,0,0,0,106,41,13,20,5,17,20,25,13,34,41,72,32,61,74,61,1,2,1788537808.9954443,G1,T01,altezza2420,1,moving
207707,1,1,0,2,0,0,0,0,146,37,18,13,5,20,25,34,13,41,41,72,41,61,61,50,1,2,1788537809.1960201,G1,T01,altezza2420,1,moving
207907,1,1,0,2,0,0,0,0,362,82,5,18,8,9,25,32,20,41,41,72,41,61,61,50,1,2,1788537809.3860478,G1,T01,altezza2420,1,moving
208107,1,1,0,2,0,0,0,0,130,41,5,18,5,17,32,32,20,52,41,72,41,61,61,50,1,2,1788537809.5933228,G1,T01,altezza2420,1,moving
208307,1,1,0,2,0,0,0,0,40,32,5,13,10,16,20,18,13,45,25,61,41,61,61,72,1,2,1788537809.78367,G1,T01,altezza2420,1,moving
208507,1,1,0,2,0,0,0,0,130,25,10,25,5,20,29,18,18,41,32,61,41,52,61,72,1,2,1788537809.9905543,G1,T01,altezza2420,1,moving
208707,1,1,0,2,0,0,0,0,125,26,8,25,8,17,41,34,13,34,41,72,41,52,61,72,1,2,1788537810.1825407,G1,T01,altezza2420,1,moving
208907,1,1,0,2,0,0,0,1,281,68,13,25,8,16,13,34,18,34,41,72,41,61,61,72,1,2,1788537810.3898282,G1,T01,altezza2420,1,moving
209107,1,1,0,2,0,0,0,0,97,18,13,18,8,17,13,25,20,52,41,72,41,61,61,72,1,2,1788537810.5967379,G1,T01,altezza2420,1,moving
209307,1,1,0,2,0,0,0,0,100,20,20,20,5,17,20,25,13,41,52,72,41,52,61,50,1,2,1788537810.787192,G1,T01,altezza2420,1,moving
209507,1,1,0,2,0,0,0,0,130,29,8,20,5,16,25,32,13,32,52,72,41,52,61,50,1,2,1788537810.9938252,G1,T01,altezza2420,1,moving
209707,1,1,0,2,0,0,0,0,178,40,10,20,8,17,25,25,13,52,41,72,41,52,61,72,1,2,1788537811.1849718,G1,T01,altezza2420,1,moving
209907,1,1,0,2,0,0,0,0,80,16,18,20,9,17,32,32,13,52,41,72,41,61,72,72,1,2,1788537811.3923001,G1,T01,altezza2420,1,moving
210107,1,1,0,2,0,0,0,0,149,34,8,25,9,10,18,41,13,34,41,61,32,61,61,61,1,2,1788537811.583199,G1,T01,altezza2420,1,moving
210307,1,1,0,2,0,0,0,0,125,45,10,18,10,20,18,41,17,45,52,72,41,52,61,72,1,2,1788537811.7899458,G1,T01,altezza2420,1,moving
210507,1,1,0,2,0,0,0,0,52,20,10,20,5,9,25,25,20,41,50,85,50,61,61,61,1,2,1788537811.9816308,G1,T01,altezza2420,1,moving
210707,1,1,0,2,0,0,0,0,137,50,10,29,10,20,18,32,13,34,41,72,41,61,52,61,1,2,1788537812.1874464,G1,T01,altezza2420,1,moving
210907,1,1,0,2,0,0,0,0,260,122,10,18,9,10,25,32,18,41,52,85,25,50,72,61,1,2,1788537812.3938918,G1,T01,altezza2420,1,moving
211107,1,1,0,2,0,0,0,0,89,25,10,13,8,29,18,34,29,61,50,72,41,61,61,50,1,2,1788537812.5846667,G1,T01,altezza2420,1,moving
211307,1,1,0,2,0,0,0,0,218,40,16,13,9,20,13,18,13,45,41,72,41,61,61,72,1,2,1788537812.791588,G1,T01,altezza2420,1,moving
211507,1,1,0,2,0,0,0,0,68,25,17,13,4,16,13,25,18,34,50,85,50,61,61,61,1,2,1788537812.9821389,G1,T01,altezza2420,1,moving
211707,1,1,0,2,0,0,0,0,125,32,10,8,5,13,13,32,25,41,50,72,34,61,61,61,1,2,1788537813.188814,G1,T01,altezza2420,1,moving
211907,1,1,0,2,0,0,0,0,85,26,18,13,5,9,20,25,18,32,41,72,41,52,72,72,1,2,1788537813.395639,G1,T01,altezza2420,1,moving
212107,1,1,0,2,0,0,0,0,68,17,29,8,5,25,18,25,18,32,41,72,41,52,61,72,1,2,1788537813.5862546,G1,T01,altezza2420,1,moving
212307,1,1,0,2,0,0,0,0,117,72,18,13,8,16,25,25,18,41,50,72,41,52,61,72,1,2,1788537813.7929893,G1,T01,altezza2420,1,moving
212507,1,1,0,2,0,0,0,0,221,98,20,13,10,17,20,25,20,52,32,61,32,61,61,72,1,2,1788537813.9839525,G1,T01,altezza2420,1,moving
212707,1,1,0,2,0,0,0,0,29,16,8,18,8,16,25,32,20,41,41,72,32,52,61,61,1,2,1788537814.1913176,G1,T01,altezza2420,1,moving
212907,1,1,0,2,0,0,0,0,106,18,20,13,5,9,20,32,18,41,41,72,32,52,61,61,1,2,1788537814.3823464,G1,T01,altezza2420,1,moving
213107,1,1,0,2,0,0,0,0,26,20,20,13,9,9,32,34,13,41,41,72,32,61,61,61,1,2,1788537814.589728,G1,T01,altezza2420,1,moving
213307,1,1,0,2,0,0,0,0,52,40,13,8,5,17,25,34,16,41,41,72,41,61,61,61,1,2,1788537814.7958972,G1,T01,altezza2420,1,moving
213507,1,1,0,2,0,0,0,0,137,80,40,8,5,17,25,25,20,52,50,74,41,61,61,61,1,2,1788537814.9860065,G1,T01,altezza2420,1,moving
213707,1,1,0,2,0,0,0,0,61,34,25,18,5,17,25,25,20,52,50,61,32,61,61,61,1,2,1788537815.193829,G1,T01,altezza2420,1,moving
213907,1,1,0,2,0,0,0,0,148,34,34,18,5,13,13,25,17,52,41,72,32,61,61,61,1,2,1788537815.3848047,G1,T01,altezza2420,1,moving
214107,1,1,0,2,0,0,0,0,45,29,25,8,8,9,29,25,17,52,41,72,32,65,50,72,1,2,1788537815.592069,G1,T01,altezza2420,1,moving
214307,1,1,0,2,0,0,0,0,89,13,13,18,5,9,25,25,20,41,41,72,41,74,50,72,1,2,1788537815.783594,G1,T01,altezza2420,1,moving
214507,1,1,0,2,0,0,0,0,74,20,25,13,5,25,20,25,17,29,41,72,41,52,61,72,1,2,1788537815.9904065,G1,T01,altezza2420,1,moving
214707,1,1,0,2,0,0,0,0,61,37,20,13,9,9,17,25,18,34,41,72,50,52,50,72,1,2,1788537816.1966615,G1,T01,altezza2420,1,moving
214907,1,1,0,2,0,0,0,0,125,32,8,18,5,26,18,25,25,52,41,72,50,52,61,61,1,2,1788537816.3871229,G1,T01,altezza2420,1,moving
215107,1,1,0,2,0,0,0,0,68,25,8,18,5,16,18,25,13,41,41,72,25,41,61,61,1,2,1788537816.594215,G1,T01,altezza2420,1,moving
215307,1,1,0,2,0,0,0,0,52,17,20,13,5,18,18,32,13,41,41,72,41,41,74,74,1,2,1788537816.7859366,G1,T01,altezza2420,1,moving
215507,1,1,0,2,0,0,0,0,205,52,13,13,5,10,13,25,17,34,34,72,32,61,74,61,1,2,1788537816.9923546,G1,T01,altezza2420,1,moving
215707,1,1,0,2,0,0,0,0,64,17,10,13,5,9,18,25,13,34,41,72,41,61,74,61,1,2,1788537817.1832523,G1,T01,altezza2420,1,moving
215907,1,1,0,2,0,0,0,0,122,100,9,13,10,10,13,32,20,45,41,72,32,52,61,61,1,2,1788537817.3896594,G1,T01,altezza2420,1,moving
216107,1,1,0,2,0,0,0,0,400,64,18,13,5,8,10,32,18,34,41,72,41,52,74,61,1,2,1788537817.5972767,G1,T01,altezza2420,1,moving
216307,1,1,0,2,0,0,0,0,25,10,20,13,10,9,18,41,13,34,34,61,41,52,61,61,1,2,1788537817.7879856,G1,T01,altezza2420,1,moving
216507,1,1,0,2,0,0,0,0,65,40,13,13,5,10,25,41,18,34,34,61,50,65,52,61,1,2,1788537817.995545,G1,T01,altezza2420,1,moving
216707,1,1,0,2,0,0,0,0,65,29,32,8,5,29,25,41,18,45,41,61,50,65,61,61,1,2,1788537818.1863303,G1,T01,altezza2420,1,moving
216907,1,1,0,2,0,0,0,0,160,32,18,10,9,25,32,26,26,65,32,61,50,52,61,72,1,2,1788537818.3937142,G1,T01,altezza2420,1,moving
217107,1,1,0,2,0,0,0,0,81,34,9,13,13,20,18,32,25,58,32,61,32,52,52,72,1,2,1788537818.5851278,G1,T01,altezza2420,1,moving
217307,1,1,0,2,0,0,0,0,65,41,20,13,5,20,18,32,20,45,32,72,32,61,61,61,1,2,1788537818.791968,G1,T01,altezza2420,1,moving
217507,1,1,0,2,0,0,0,0,113,45,20,10,8,13,25,25,13,34,41,72,50,52,61,61,1,2,1788537818.9828959,G1,T01,altezza2420,1,moving
217707,1,1,0,2,0,0,0,0,73,25,10,10,10,13,18,25,13,52,41,72,34,65,61,61,1,2,1788537819.1892946,G1,T01,altezza2420,1,moving
217907,1,1,0,2,0,0,0,0,116,41,9,13,10,13,13,32,13,52,41,85,50,65,61,61,1,2,1788537819.3964036,G1,T01,altezza2420,1,moving
218107,1,1,0,2,0,0,0,0,205,80,13,8,5,16,18,32,18,41,41,72,41,61,61,61,1,2,1788537819.5870876,G1,T01,altezza2420,1,moving
218307,1,1,0,2,0,0,0,0,148,25,20,10,10,5,18,32,13,34,41,61,41,61,61,72,1,2,1788537819.792823,G1,T01,altezza2420,1,moving
218507,1,1,0,2,0,0,0,0,125,29,17,10,9,9,18,32,20,50,41,72,50,61,61,72,1,2,1788537819.9827726,G1,T01,altezza2420,1,moving
218707,1,1,0,2,0,0,0,0,50,25,13,9,5,9,20,41,20,34,41,61,50,50,61,72,1,2,1788537820.1886687,G1,T01,altezza2420,1,moving
218907,1,1,0,2,0,0,0,0,74,53,13,9,10,10,13,32,20,34,41,72,41,61,61,61,1,2,1788537820.3944685,G1,T01,altezza2420,1,moving
219107,1,1,0,2,0,0,0,0,234,53,8,5,10,16,25,25,20,41,41,50,41,61,61,72,1,2,1788537820.5859659,G1,T01,altezza2420,1,moving
219307,1,1,0,2,0,0,0,0,218,85,13,10,10,10,20,25,17,41,41,61,41,50,61,61,1,2,1788537820.7957654,G1,T01,altezza2420,1,moving
219507,1,1,0,2,0,0,0,0,185,58,8,10,13,20,18,32,13,52,41,72,50,74,61,61,1,2,1788537820.9969192,G1,T01,altezza2420,1,moving
219707,1,1,0,2,0,0,0,0,106,20,13,8,10,10,10,25,18,45,41,61,41,52,61,72,1,2,1788537821.1953592,G1,T01,altezza2420,1,moving
219907,1,1,0,2,0,0,0,0,37,20,10,8,10,13,18,25,20,45,41,61,41,52,61,72,1,2,1788537821.3940437,G1,T01,altezza2420,1,moving
220107,1,1,0,2,0,0,0,0,149,41,5,9,10,20,18,41,25,45,41,61,41,52,61,72,1,2,1788537821.586076,G1,T01,altezza2420,1,moving
220307,1,1,0,2,0,0,0,0,53,26,9,10,5,20,13,50,25,61,50,50,41,52,61,61,1,2,1788537821.79283,G1,T01,altezza2420,1,moving
220507,1,1,0,2,0,0,0,0,89,29,13,8,8,20,13,34,18,41,50,72,41,52,61,61,1,2,1788537821.983493,G1,T01,altezza2420,1,moving
220707,1,1,0,2,0,0,0,0,50,13,8,5,5,20,18,32,25,52,41,72,41,52,61,61,1,2,1788537822.1894636,G1,T01,altezza2420,1,moving
220907,1,1,0,2,0,0,0,0,65,32,10,5,5,13,18,32,25,32,52,72,32,61,72,72,1,2,1788537822.3954308,G1,T01,altezza2420,1,moving
221107,1,1,0,2,0,0,0,0,53,29,8,5,5,10,13,25,13,52,41,72,32,61,61,72,1,2,1788537822.5959551,G1,T01,altezza2420,1,moving
221307,1,1,0,2,0,0,0,0,145,80,9,9,5,25,13,25,13,45,41,72,41,61,61,72,1,2,1788537822.792275,G1,T01,altezza2420,1,moving
221507,1,1,0,2,0,0,0,0,65,29,10,13,9,13,25,34,17,45,41,72,50,52,50,61,1,2,1788537822.9823177,G1,T01,altezza2420,1,moving
221707,1,1,0,2,0,0,0,0,65,18,13,10,10,16,32,34,13,41,41,61,50,52,61,72,1,2,1788537823.189211,G1,T01,altezza2420,1,moving
221907,1,1,0,2,0,0,0,0,90,61,16,9,10,10,13,41,20,41,32,61,41,65,61,72,1,2,1788537823.3959408,G1,T01,altezza2420,1,moving
222107,1,1,0,2,0,0,0,0,145,74,9,20,13,13,8,32,20,41,32,61,41,52,61,61,1,2,1788537823.5871205,G1,T01,altezza2420,1,moving
222307,1,1,0,2,0,0,0,0,41,20,10,20,13,20,13,41,20,52,32,72,41,45,61,72,1,2,1788537823.793561,G1,T01,altezza2420,1,moving
222507,1,1,0,2,0,0,0,0,229,65,17,20,8,20,18,41,20,41,41,85,41,52,61,61,1,2,1788537823.9853475,G1,T01,altezza2420,1,moving
222707,1,1,0,2,0,0,0,0,136,49,16,25,13,13,20,25,20,41,41,72,41,61,61,61,1,2,1788537824.19163,G1,T01,altezza2420,1,moving
222907,1,1,0,2,0,0,0,0,260,53,10,18,5,17,18,32,25,41,52,72,32,61,72,61,1,2,1788537824.3831813,G1,T01,altezza2420,1,moving
223107,1,1,0,2,0,0,0,0,169,68,17,18,4,17,25,41,17,41,52,61,41,52,61,61,1,2,1788537824.5904636,G1,T01,altezza2420,1,moving
223307,1,1,0,2,0,0,0,0,52,25,10,18,10,26,25,34,20,52,32,61,29,52,61,61,1,2,1788537824.78192,G1,T01,altezza2420,1,moving
223507,1,1,0,2,0,0,0,0,89,29,10,8,5,5,20,32,25,52,32,61,41,61,72,61,1,2,1788537824.9965725,G1,T01,altezza2420,1,moving
223707,1,1,0,2,0,0,0,0,293,104,10,8,9,13,18,32,25,52,41,61,32,61,72,61,1,2,1788537825.1955304,G1,T01,altezza2420,1,moving
223907,1,1,0,2,0,0,0,0,113,32,10,13,9,9,18,41,20,41,41,61,41,52,72,61,1,2,1788537825.3855126,G1,T01,altezza2420,1,moving
224107,1,1,0,2,0,0,0,0,45,13,5,13,5,10,18,41,25,52,32,61,41,52,72,72,1,2,1788537825.5929317,G1,T01,altezza2420,1,moving
224307,1,1,0,2,0,0,0,0,85,52,8,18,5,10,25,41,25,41,52,85,32,52,61,72,1,2,1788537825.784378,G1,T01,altezza2420,1,moving
224507,1,1,0,2,0,0,0,0,73,72,13,18,5,13,34,34,20,41,52,72,32,52,50,50,1,2,1788537825.9949422,G1,T01,altezza2420,1,moving
224707,1,1,0,2,0,0,0,0,73,34,8,13,9,10,20,34,13,41,52,72,41,52,61,61,1,2,1788537826.1821892,G1,T01,altezza2420,1,moving
224907,1,1,0,2,0,0,0,0,340,160,10,13,8,20,25,41,18,41,52,72,41,61,61,61,1,2,1788537826.3880477,G1,T01,altezza2420,1,moving
225107,1,1,0,2,0,0,0,0,53,17,10,13,9,17,25,32,13,52,41,72,41,61,61,61,1,2,1788537826.5958915,G1,T01,altezza2420,1,moving
225307,1,1,0,2,0,0,0,0,97,26,8,13,5,9,20,25,18,41,50,72,32,61,61,61,1,2,1788537826.787478,G1,T01,altezza2420,1,moving
225507,1,1,0,2,0,0,0,0,50,25,10,13,5,20,18,25,13,34,50,85,32,74,61,61,1,2,1788537826.9945972,G1,T01,altezza2420,1,moving
225707,1,1,0,2,0,0,0,0,37,34,10,25,5,17,13,34,25,41,41,85,32,61,61,61,1,2,1788537827.1851192,G1,T01,altezza2420,1,moving
225907,1,1,0,2,0,0,0,0,40,52,10,25,8,20,8,25,25,41,32,85,32,61,61,61,1,2,1788537827.392332,G1,T01,altezza2420,1,moving
226107,1,1,0,2,0,0,0,0,241,116,5,8,8,20,13,18,18,52,32,72,32,61,61,72,1,2,1788537827.5838988,G1,T01,altezza2420,1,moving
226307,1,1,0,2,0,0,0,0,113,50,8,13,5,10,13,25,20,52,41,72,32,61,85,72,1,2,1788537827.7907865,G1,T01,altezza2420,1,moving
226507,1,1,0,2,0,0,0,0,73,37,5,25,13,10,13,25,18,41,50,61,32,61,61,61,1,2,1788537827.9969666,G1,T01,altezza2420,1,moving
226707,1,1,0,2,0,0,0,0,53,20,10,18,10,9,20,25,18,41,32,50,61,61,61,72,1,2,1788537828.188504,G1,T01,altezza2420,1,moving
226907,1,1,0,2,0,0,0,0,89,32,5,16,5,13,13,32,13,32,50,61,50,72,74,61,1,2,1788537828.3961422,G1,T01,altezza2420,1,moving
227107,1,1,0,2,0,0,0,0,104,26,13,25,5,13,13,32,20,52,50,72,41,50,72,72,1,2,1788537828.5878735,G1,T01,altezza2420,1,moving
227307,1,1,0,2,0,0,0,0,73,41,9,13,10,17,18,32,20,34,41,61,41,74,61,72,1,2,1788537828.7951243,G1,T01,altezza2420,1,moving
227507,1,1,0,2,0,0,0,0,80,13,9,13,8,10,13,32,25,50,41,72,32,74,61,72,1,2,1788537828.9871886,G1,T01,altezza2420,1,moving
227707,1,1,0,2,0,0,0,0,61,20,16,13,10,10,18,34,20,41,32,72,41,74,61,72,1,2,1788537829.1929376,G1,T01,altezza2420,1,moving
227907,1,1,0,2,0,0,0,0,157,20,10,8,5,20,18,41,20,41,52,72,41,61,61,72,1,2,1788537829.3908124,G1,T01,altezza2420,1,moving
228107,1,1,0,2,0,0,0,0,173,53,8,13,5,20,13,41,18,41,41,72,41,52,61,50,1,2,1788537829.59035,G1,T01,altezza2420,1,moving
228307,1,1,0,2,0,0,0,0,121,13,17,13,10,20,25,41,18,52,41,61,41,52,72,72,1,2,1788537829.7965934,G1,T01,altezza2420,1,moving
228507,1,1,0,2,0,0,0,0,80,25,8,13,10,10,18,32,20,34,41,72,32,61,74,72,1,2,1788537829.996694,G1,T01,altezza2420,1,moving
228707,1,1,0,2,0,0,0,0,146,40,8,18,10,18,13,32,20,34,41,61,41,61,74,72,1,2,1788537830.1954346,G1,T01,altezza2420,1,moving
228907,1,1,0,2,0,0,0,0,65,17,5,18,8,10,18,32,20,41,41,61,41,61,74,61,1,2,1788537830.3924015,G1,T01,altezza2420,1,moving
229107,1,1,0,2,0,0,0,0,90,45,5,18,10,20,13,41,25,41,41,72,32,61,74,61,1,2,1788537830.5937145,G1,T01,altezza2420,1,moving
229307,1,1,0,2,0,0,0,0,40,20,10,13,10,13,8,32,20,50,61,72,41,52,61,72,1,2,1788537830.7852654,G1,T01,altezza2420,1,moving
229507,1,1,0,2,0,0,0,0,45,40,10,13,5,10,20,41,20,34,41,72,34,45,61,72,1,2,1788537830.9915829,G1,T01,altezza2420,1,moving
229707,1,1,0,2,0,0,0,0,40,13,10,18,10,8,20,41,20,41,41,61,34,52,61,72,1,2,1788537831.182583,G1,T01,altezza2420,1,moving
229907,1,1,0,2,0,0,0,0,65,29,9,13,5,20,25,41,20,41,41,50,34,52,61,72,1,2,1788537831.3951397,G1,T01,altezza2420,1,moving
230107,1,1,0,2,0,0,0,0,41,25,8,18,8,13,20,41,20,34,34,50,41,52,61,50,1,2,1788537831.595411,G1,T01,altezza2420,1,moving
230307,1,1,0,2,0,0,0,0,170,85,8,18,5,20,13,41,17,34,41,61,32,52,61,61,1,2,1788537831.7862437,G1,T01,altezza2420,1,moving
230507,1,1,0,2,0,0,0,0,80,25,9,13,5,13,20,41,20,34,41,50,32,52,61,74,1,2,1788537831.9930189,G1,T01,altezza2420,1,moving
230707,1,1,0,2,0,0,0,0,241,36,9,13,5,20,20,41,20,34,41,50,41,52,61,72,1,2,1788537832.1839995,G1,T01,altezza2420,1,moving
230907,1,1,0,2,0,0,0,0,74,25,13,13,10,9,34,41,25,52,41,61,41,52,61,72,1,2,1788537832.3958063,G1,T01,altezza2420,1,moving
231107,1,1,0,2,0,0,0,0,125,18,10,20,8,16,25,41,25,50,50,72,32,52,72,72,1,2,1788537832.5968676,G1,T01,altezza2420,1,moving
231307,1,1,0,2,0,0,0,0,169,40,13,13,8,20,25,41,25,50,50,72,32,74,72,61,1,2,1788537832.787635,G1,T01,altezza2420,1,moving
231507,1,1,0,2,0,0,0,0,148,34,10,13,5,5,20,41,25,50,50,72,32,61,72,72,1,2,1788537832.9950206,G1,T01,altezza2420,1,moving
231707,1,1,0,2,0,0,0,0,109,49,20,13,8,10,13,41,25,50,50,72,32,52,61,74,1,2,1788537833.1856952,G1,T01,altezza2420,1,moving
231907,1,1,0,2,0,0,0,0,41,13,25,13,10,8,20,41,32,50,50,72,41,65,61,61,1,2,1788537833.3972495,G1,T01,altezza2420,1,moving
