timestamp_ms,radar_presence,moving_target,stationary_target,moving_distance_cm,stationary_distance_cm,moving_energy,stationary_energy,pir_presence,menergy_gate0,menergy_gate1,menergy_gate2,menergy_gate3,menergy_gate4,menergy_gate5,menergy_gate6,menergy_gate7,menergy_gate8,senergy_gate0,senergy_gate1,senergy_gate2,senergy_gate3,senergy_gate4,senergy_gate5,senergy_gate6,senergy_gate7,senergy_gate8,light_level,out_level,pc_time_s,group_id,trial_id,scenario,ground_truth_presence,ground_truth_state
5565301,1,1,1,67,81,100,100,0,100,100,100,73,33,8,17,10,7,0,0,100,100,100,78,82,77,37,0,1,1788050338.5966337,G1,T01,angolo_120,1,moving
5565501,1,1,1,75,75,100,100,0,100,100,100,40,33,17,28,7,8,0,0,100,100,100,83,86,81,39,0,1,1788050338.5966337,G1,T01,angolo_120,1,moving
5565701,1,1,1,74,75,100,100,0,100,100,100,99,39,15,7,18,7,0,0,100,100,100,84,97,86,39,0,1,1788050338.5986578,G1,T01,angolo_120,1,moving
5565901,1,1,1,81,76,100,100,0,68,100,100,29,28,2,19,9,1,0,0,100,100,100,85,100,89,39,0,1,1788050338.5986578,G1,T01,angolo_120,1,moving
5566101,1,1,1,74,73,100,100,0,100,100,100,65,29,21,15,9,3,0,0,100,100,100,86,100,90,40,0,1,1788050338.6000025,G1,T01,angolo_120,1,moving
5566301,1,1,1,91,75,100,100,0,27,100,100,21,12,4,5,3,7,0,0,100,100,100,93,100,92,41,0,1,1788050338.6005664,G1,T01,angolo_120,1,moving
5566501,1,1,1,84,87,100,100,0,28,100,84,15,9,4,4,3,6,0,0,100,100,100,98,100,94,41,0,1,1788050338.6005664,G1,T01,angolo_120,1,moving
5566701,1,1,1,110,84,100,100,0,18,100,100,65,32,10,10,7,5,0,0,100,100,100,100,100,96,41,0,1,1788050338.6016614,G1,T01,angolo_120,1,moving
5566901,1,1,1,74,84,100,100,0,100,100,100,48,8,8,9,2,1,0,0,100,100,100,100,100,98,40,0,1,1788050338.6016614,G1,T01,angolo_120,1,moving
5567101,1,1,1,92,82,100,100,0,67,100,100,70,15,8,1,2,3,0,0,100,100,100,100,100,98,42,0,1,1788050338.6026309,G1,T01,angolo_120,1,moving
5567301,1,1,1,72,79,100,100,0,100,100,93,49,7,3,10,7,3,0,0,100,100,100,100,100,98,42,0,1,1788050338.6099052,G1,T01,angolo_120,1,moving
5567501,1,1,1,85,90,100,100,0,25,100,100,19,4,3,3,7,8,0,0,100,100,100,100,100,97,41,0,1,1788050338.8097355,G1,T01,angolo_120,1,moving
5567701,1,1,1,94,104,100,100,0,36,100,100,25,28,6,5,3,1,0,0,100,100,100,100,100,98,41,0,1,1788050339.0092108,G1,T01,angolo_120,1,moving
5567901,1,1,1,110,79,100,100,0,28,100,100,58,9,4,9,8,11,0,0,100,100,100,100,100,96,42,0,1,1788050339.209675,G1,T01,angolo_120,1,moving
5568101,1,1,1,90,79,100,100,0,23,100,68,54,29,12,5,4,5,0,0,100,100,100,100,100,89,40,0,1,1788050339.410414,G1,T01,angolo_120,1,moving
5568301,1,1,1,92,76,100,100,0,44,100,100,51,26,11,7,1,4,0,0,100,100,100,100,100,85,37,0,1,1788050339.60918,G1,T01,angolo_120,1,moving
5568501,1,1,1,73,69,100,100,0,96,100,86,45,12,7,5,3,5,0,0,100,100,100,100,100,77,35,0,1,1788050339.8100739,G1,T01,angolo_120,1,moving
5568701,1,1,1,83,86,100,100,0,29,100,63,24,15,10,5,3,2,0,0,100,100,100,100,100,71,34,0,1,1788050340.0098884,G1,T01,angolo_120,1,moving
5568901,1,1,1,73,75,100,100,0,100,100,100,21,5,11,7,3,5,0,0,100,100,100,100,100,65,33,0,1,1788050340.2104857,G1,T01,angolo_120,1,moving
5569101,1,1,1,101,84,98,100,0,31,98,87,16,10,14,10,5,5,0,0,100,100,100,100,97,55,27,0,1,1788050340.400907,G1,T01,angolo_120,1,moving
5569301,1,1,1,91,85,84,100,0,13,84,58,9,11,3,3,3,8,0,0,100,100,100,100,92,50,25,0,1,1788050340.6099563,G1,T01,angolo_120,1,moving
5569501,1,1,1,91,90,100,100,0,32,100,100,31,9,4,11,7,7,0,0,100,100,100,95,87,45,23,0,1,1788050340.8102226,G1,T01,angolo_120,1,moving
5569701,1,1,1,87,87,70,100,0,14,30,70,54,7,10,6,4,4,0,0,100,100,100,94,78,39,22,0,1,1788050341.0097885,G1,T01,angolo_120,1,moving
5569901,1,1,1,96,87,100,100,0,25,100,100,36,18,13,3,6,6,0,0,100,100,100,94,73,36,21,0,1,1788050341.2102175,G1,T01,angolo_120,1,moving
5570101,1,1,1,84,91,100,100,0,36,100,82,33,16,9,7,5,5,0,0,100,100,100,91,69,33,21,0,1,1788050341.4092932,G1,T01,angolo_120,1,moving
5570301,1,1,1,72,85,82,100,1,26,82,15,34,12,10,5,3,5,0,0,100,100,100,83,64,31,19,0,1,1788050341.6096203,G1,T01,angolo_120,1,moving
5570501,1,1,1,86,72,100,100,1,35,100,86,3,9,11,5,3,6,0,0,100,100,100,78,57,28,17,0,1,1788050341.8090472,G1,T01,angolo_120,1,moving
5570701,1,1,1,81,86,100,100,1,63,100,100,34,19,11,4,1,8,0,0,100,100,100,73,51,25,16,0,1,1788050342.0095394,G1,T01,angolo_120,1,moving
5570901,1,1,1,91,83,100,100,1,65,100,100,48,19,4,6,1,8,0,0,100,100,100,68,46,22,16,0,1,1788050342.2090266,G1,T01,angolo_120,1,moving
5571101,1,1,1,82,80,100,100,1,90,100,100,51,15,5,5,6,9,0,0,100,100,100,67,43,21,15,0,1,1788050342.4091618,G1,T01,angolo_120,1,moving
5571301,1,1,1,75,82,100,100,1,100,100,100,58,14,6,4,5,8,0,0,100,100,100,62,38,20,14,0,1,1788050342.6104696,G1,T01,angolo_120,1,moving
5571501,1,1,1,66,76,100,100,1,68,100,35,33,20,10,2,2,2,0,0,100,100,100,56,35,20,14,0,1,1788050342.8091369,G1,T01,angolo_120,1,moving
5571701,1,1,1,73,65,100,100,1,62,100,53,41,18,2,3,5,6,0,0,100,100,100,56,33,19,13,0,1,1788050343.0089118,G1,T01,angolo_120,1,moving
5571901,1,1,1,80,80,100,100,1,96,100,100,30,15,12,2,5,4,0,0,100,100,100,57,31,18,13,0,1,1788050343.2097723,G1,T01,angolo_120,1,moving
5572101,1,1,1,94,79,100,100,1,40,100,100,45,9,5,7,4,6,0,0,100,100,99,56,29,17,12,0,1,1788050343.40961,G1,T01,angolo_120,1,moving
5572301,1,1,1,108,100,70,100,1,16,70,67,57,15,15,6,3,4,0,0,100,100,95,55,27,16,11,0,1,1788050343.6091526,G1,T01,angolo_120,1,moving
5572501,1,1,1,79,100,55,100,1,29,55,34,24,11,6,6,5,6,0,0,100,100,93,55,26,16,11,0,1,1788050343.8092768,G1,T01,angolo_120,1,moving
5572701,1,1,1,133,130,100,100,1,18,100,100,59,7,7,8,1,6,0,0,100,100,89,54,25,15,11,0,1,1788050344.00969,G1,T01,angolo_120,1,moving
5572901,1,1,1,75,99,61,100,1,17,61,16,44,21,7,1,1,5,0,0,100,100,88,54,26,15,11,0,1,1788050344.2093046,G1,T01,angolo_120,1,moving
5573101,1,1,1,88,81,87,100,1,13,87,53,24,8,6,2,3,5,0,0,100,100,88,52,26,15,11,0,1,1788050344.409613,G1,T01,angolo_120,1,moving
5573301,1,1,1,85,107,100,100,1,47,100,77,26,16,4,7,4,3,0,0,100,100,85,52,25,15,11,0,1,1788050344.6096728,G1,T01,angolo_120,1,moving
5573501,1,1,1,82,76,100,100,1,45,100,100,25,3,9,9,3,6,0,0,100,100,86,53,25,15,11,0,1,1788050344.8096974,G1,T01,angolo_120,1,moving
5573701,1,1,1,104,107,94,100,1,16,94,85,19,7,8,9,3,5,0,0,100,100,84,52,25,15,10,0,1,1788050345.009581,G1,T01,angolo_120,1,moving
5573901,1,1,1,99,118,99,100,1,19,99,83,13,12,6,7,3,5,0,0,100,100,81,51,26,15,11,0,1,1788050345.209613,G1,T01,angolo_120,1,moving
5574101,1,0,1,0,84,0,100,1,20,44,27,12,8,4,8,3,3,0,0,100,100,79,49,27,14,10,0,1,1788050345.4094763,G1,T01,angolo_120,1,moving
5574301,1,1,1,149,121,61,100,1,19,32,61,30,11,7,8,6,5,0,0,100,100,74,49,28,14,11,0,1,1788050345.6092987,G1,T01,angolo_120,1,moving
5574501,1,1,1,92,92,77,100,1,15,34,77,40,6,7,4,5,1,0,0,100,100,76,47,28,14,11,0,1,1788050345.8004613,G1,T01,angolo_120,1,moving
5574701,1,0,1,0,92,0,100,1,16,20,27,20,9,4,4,6,2,0,0,100,100,76,46,28,14,12,0,1,1788050346.0092235,G1,T01,angolo_120,1,moving
5574901,1,1,1,134,92,43,100,1,19,32,43,16,12,5,9,2,2,0,0,100,100,77,46,27,13,12,0,1,1788050346.2090187,G1,T01,angolo_120,1,moving
5575101,1,0,1,0,134,0,100,1,17,26,22,25,4,9,3,3,2,0,0,100,100,76,44,26,13,12,0,1,1788050346.409465,G1,T01,angolo_120,1,moving
5575301,1,1,1,94,150,58,100,1,15,58,45,21,11,5,7,3,3,0,0,100,100,80,42,26,12,11,0,1,1788050346.6090417,G1,T01,angolo_120,1,moving
5575501,1,0,1,0,124,0,100,1,17,31,31,15,3,2,5,4,4,0,0,100,100,75,40,26,11,11,0,1,1788050346.8099606,G1,T01,angolo_120,1,moving
5575701,1,0,1,0,124,0,100,1,17,36,39,18,15,7,6,5,2,0,0,100,100,73,39,25,11,11,0,1,1788050347.0093088,G1,T01,angolo_120,1,moving
5575901,1,0,1,0,124,0,100,1,17,17,33,20,11,6,9,6,3,0,0,100,100,77,38,25,11,10,0,1,1788050347.2092023,G1,T01,angolo_120,1,moving
5576101,1,0,1,0,124,0,100,1,19,25,33,19,12,6,7,5,4,0,0,100,100,78,35,25,12,10,0,1,1788050347.4093697,G1,T01,angolo_120,1,moving
5576301,1,0,1,0,91,0,100,1,17,9,20,19,9,7,6,1,2,0,0,100,100,78,34,24,11,10,0,1,1788050347.609631,G1,T01,angolo_120,1,moving
5576501,1,1,1,91,91,66,100,1,13,66,46,10,7,6,6,1,2,0,0,100,100,79,35,24,11,10,0,1,1788050347.8099868,G1,T01,angolo_120,1,moving
5576701,1,1,1,134,91,62,100,1,22,49,62,29,10,10,3,4,2,0,0,100,100,78,36,25,11,10,0,1,1788050348.0093772,G1,T01,angolo_120,1,moving
5576901,1,0,1,0,134,0,100,1,15,23,10,6,7,7,4,4,3,0,0,100,100,75,34,23,10,9,0,1,1788050348.2096586,G1,T01,angolo_120,1,moving
5577101,1,0,1,0,134,0,100,1,17,14,4,4,10,4,4,2,2,0,0,100,100,73,35,22,10,9,0,1,1788050348.4097714,G1,T01,angolo_120,1,moving
5577301,1,0,1,0,149,0,100,1,16,10,11,20,7,7,7,3,3,0,0,100,100,73,35,22,10,9,0,1,1788050348.6096237,G1,T01,angolo_120,1,moving
5577501,1,0,1,0,149,0,100,1,13,17,23,16,8,5,7,4,4,0,0,100,100,70,35,21,10,9,0,1,1788050348.8093977,G1,T01,angolo_120,1,moving
5577701,1,0,1,0,149,0,100,1,16,28,23,11,3,10,11,3,2,0,0,100,100,67,35,21,9,9,0,1,1788050349.0088768,G1,T01,angolo_120,1,moving
5577901,1,0,1,0,149,0,100,1,18,14,7,8,8,4,3,3,1,0,0,100,100,65,35,19,9,8,0,1,1788050349.2094824,G1,T01,angolo_120,1,moving
5578101,1,0,1,0,149,0,100,1,18,18,9,6,5,5,1,3,3,0,0,100,100,66,35,19,9,8,0,1,1788050349.4089828,G1,T01,angolo_120,1,moving
5578301,1,0,1,0,149,0,100,1,19,18,20,12,7,3,2,5,2,0,0,100,100,66,35,18,9,7,0,1,1788050349.609012,G1,T01,angolo_120,1,moving
5578501,1,0,1,0,149,0,100,1,16,24,17,8,7,5,4,4,2,0,0,100,100,65,35,17,8,7,0,1,1788050349.8090048,G1,T01,angolo_120,1,moving
5578701,1,0,1,0,149,0,100,1,14,14,8,6,11,7,3,5,3,0,0,100,100,60,35,16,8,6,0,1,1788050350.0094717,G1,T01,angolo_120,1,moving
5578901,1,0,1,0,149,0,100,1,13,16,22,10,9,5,5,4,3,0,0,100,100,57,34,16,7,6,0,1,1788050350.2098863,G1,T01,angolo_120,1,moving
5579101,1,0,1,0,149,0,100,0,16,20,24,12,4,2,5,4,4,0,0,100,100,53,32,16,8,6,0,1,1788050350.404953,G1,T01,angolo_120,1,moving
5579301,1,0,1,0,149,0,100,0,21,17,19,10,7,1,4,4,3,0,0,100,100,49,32,16,8,6,0,1,1788050350.609117,G1,T01,angolo_120,1,moving
5579501,1,0,1,0,149,0,100,0,17,22,6,5,12,9,5,3,3,0,0,100,100,50,32,16,8,6,0,1,1788050350.8097079,G1,T01,angolo_120,1,moving
5579701,1,0,1,0,149,0,100,0,19,41,22,10,2,6,6,2,2,0,0,100,100,47,31,16,8,5,0,1,1788050351.0093122,G1,T01,angolo_120,1,moving
5579901,1,0,1,0,149,0,100,0,16,14,13,12,2,5,6,4,2,0,0,100,100,44,31,15,7,5,0,1,1788050351.2077131,G1,T01,angolo_120,1,moving
5580101,1,0,1,0,149,0,100,0,15,16,11,5,6,2,5,3,2,0,0,100,100,43,31,14,7,5,0,1,1788050351.4094198,G1,T01,angolo_120,1,moving
5580301,1,0,1,0,149,0,100,0,17,21,5,13,12,10,10,3,3,0,0,100,100,44,32,14,7,5,0,1,1788050351.609319,G1,T01,angolo_120,1,moving
5580501,1,0,1,0,149,0,100,0,16,23,15,11,8,7,1,5,3,0,0,100,100,42,31,13,7,5,0,1,1788050351.809438,G1,T01,angolo_120,1,moving
5580701,1,0,1,0,149,0,100,0,17,38,35,16,4,1,1,4,2,0,0,100,100,41,28,12,7,5,0,1,1788050352.0084643,G1,T01,angolo_120,1,moving
5580901,1,0,1,0,149,0,100,0,18,19,18,3,11,11,4,4,2,0,0,100,92,42,29,11,7,5,0,1,1788050352.2097838,G1,T01,angolo_120,1,moving
5581101,1,0,1,0,149,0,100,0,19,22,29,16,10,2,2,5,2,0,0,100,85,41,27,11,7,5,0,1,1788050352.4096777,G1,T01,angolo_120,1,moving
5581301,1,0,1,0,149,0,100,0,15,10,13,6,9,6,1,3,2,0,0,100,78,40,28,11,7,5,0,1,1788050352.6095927,G1,T01,angolo_120,1,moving
5581501,1,0,1,0,149,0,100,0,18,13,13,7,9,7,2,3,3,0,0,100,76,40,28,11,7,4,0,1,1788050352.8096993,G1,T01,angolo_120,1,moving
5581701,1,0,1,0,149,0,100,0,21,15,11,14,10,2,1,3,1,0,0,100,76,40,26,10,6,4,0,1,1788050353.0097857,G1,T01,angolo_120,1,moving
5581901,1,0,1,0,149,0,100,0,15,11,14,15,10,4,6,5,3,0,0,100,73,40,26,10,7,4,0,1,1788050353.2098742,G1,T01,angolo_120,1,moving
5582101,1,0,1,0,149,0,100,0,14,16,6,16,11,5,7,4,4,0,0,100,75,41,26,10,7,4,0,1,1788050353.409696,G1,T01,angolo_120,1,moving
5582301,1,0,1,0,149,0,100,0,20,30,19,1,7,3,6,5,3,0,0,100,73,40,26,10,7,4,0,1,1788050353.6097348,G1,T01,angolo_120,1,moving
5582501,1,0,1,0,149,0,100,0,18,9,16,13,7,6,5,5,2,0,0,100,73,38,26,10,7,4,0,1,1788050353.8095586,G1,T01,angolo_120,1,moving
5582701,1,0,1,0,149,0,100,0,15,14,11,9,12,8,7,5,2,0,0,100,74,39,26,10,6,4,0,1,1788050354.0093005,G1,T01,angolo_120,1,moving
5582901,1,0,1,0,149,0,100,0,16,17,18,1,11,9,1,3,2,0,0,100,72,40,26,10,6,4,0,1,1788050354.2009642,G1,T01,angolo_120,1,moving
5583101,1,0,1,0,149,0,100,0,16,7,9,11,10,2,4,4,2,0,0,100,71,40,25,10,6,4,0,1,1788050354.4093325,G1,T01,angolo_120,1,moving
5583301,1,0,1,0,149,0,100,0,16,41,17,16,9,1,4,2,1,0,0,100,70,39,25,10,6,4,0,1,1788050354.60968,G1,T01,angolo_120,1,moving
5583501,1,0,1,0,149,0,100,0,18,14,11,6,2,3,2,5,1,0,0,100,71,39,25,10,6,4,0,1,1788050354.8097122,G1,T01,angolo_120,1,moving
5583701,1,0,1,0,149,0,100,0,29,35,18,8,9,9,4,5,2,0,0,100,69,38,25,9,6,4,0,1,1788050355.0097733,G1,T01,angolo_120,1,moving
5583901,1,0,1,0,149,0,100,0,20,17,18,4,6,5,3,2,1,0,0,100,67,38,24,9,6,4,0,1,1788050355.2089677,G1,T01,angolo_120,1,moving
5584101,1,0,1,0,149,0,100,0,20,18,9,10,6,7,1,3,1,0,0,100,65,36,25,10,6,4,0,1,1788050355.4091566,G1,T01,angolo_120,1,moving
5584301,1,0,1,0,149,0,100,0,19,16,7,8,5,5,1,3,1,0,0,100,63,34,24,9,6,4,0,1,1788050355.6096516,G1,T01,angolo_120,1,moving
5584501,1,0,1,0,149,0,100,0,14,34,22,3,11,2,3,6,4,0,0,100,64,35,23,9,6,4,0,1,1788050355.8097956,G1,T01,angolo_120,1,moving
5584701,1,0,1,0,149,0,100,0,17,14,11,15,2,8,1,4,4,0,0,100,63,36,25,9,6,5,0,1,1788050356.0093827,G1,T01,angolo_120,1,moving
5584901,1,0,1,0,149,0,100,0,20,16,8,7,8,9,2,5,3,0,0,100,62,36,25,9,6,5,0,1,1788050356.2089875,G1,T01,angolo_120,1,moving
5585101,1,0,1,0,149,0,100,0,18,31,23,12,3,4,1,5,3,0,0,100,61,35,25,9,6,5,0,1,1788050356.400987,G1,T01,angolo_120,1,moving
5585301,1,0,1,0,149,0,100,0,18,27,26,14,4,10,4,4,2,0,0,100,61,36,25,9,6,5,0,1,1788050356.609506,G1,T01,angolo_120,1,moving
5585501,1,0,1,0,149,0,100,0,13,15,16,9,8,7,1,4,2,0,0,100,59,37,24,9,6,5,0,1,1788050356.8091335,G1,T01,angolo_120,1,moving
5585701,1,0,1,0,149,0,97,0,14,10,5,3,2,4,0,4,2,0,0,97,56,36,25,9,6,5,0,1,1788050357.0089052,G1,T01,angolo_120,1,moving
5585901,1,0,1,0,149,0,98,0,14,11,7,15,8,2,2,4,4,0,0,98,56,37,25,9,6,5,0,1,1788050357.209621,G1,T01,angolo_120,1,moving
5586101,1,0,1,0,149,0,100,0,19,17,19,17,11,11,4,2,1,0,0,100,58,36,26,9,6,5,0,1,1788050357.409082,G1,T01,angolo_120,1,moving
5586301,1,0,1,0,149,0,100,0,22,16,2,7,4,2,1,4,3,0,0,100,58,36,26,9,6,5,0,1,1788050357.60966,G1,T01,angolo_120,1,moving
5586501,1,0,1,0,149,0,100,0,18,21,24,9,9,5,3,3,2,0,0,100,58,36,26,9,5,5,0,1,1788050357.8097005,G1,T01,angolo_120,1,moving
5586701,1,0,1,0,149,0,100,0,16,15,13,9,11,12,2,4,1,0,0,100,60,35,26,9,5,5,0,1,1788050358.00938,G1,T01,angolo_120,1,moving
5586901,1,0,1,0,149,0,100,0,17,9,15,14,10,8,2,5,3,0,0,100,61,36,27,9,5,5,0,1,1788050358.2094185,G1,T01,angolo_120,1,moving
5587101,1,0,1,0,149,0,100,0,13,9,5,14,10,3,1,5,4,0,0,100,62,38,28,9,5,5,0,1,1788050358.4092178,G1,T01,angolo_120,1,moving
5587301,1,0,1,0,149,0,100,0,20,20,14,12,7,9,4,3,2,0,0,100,61,38,30,9,5,5,0,1,1788050358.609478,G1,T01,angolo_120,1,moving
5587501,1,0,1,0,149,0,100,0,18,22,11,13,8,4,1,3,1,0,0,100,62,38,29,9,5,5,0,1,1788050358.809868,G1,T01,angolo_120,1,moving
5587701,1,0,1,0,149,0,100,0,23,36,24,10,1,1,2,3,3,0,0,100,64,38,29,9,5,5,0,1,1788050359.0091777,G1,T01,angolo_120,1,moving
5587901,1,0,1,0,149,0,97,0,18,15,6,12,11,7,1,5,3,0,0,97,63,39,30,10,5,5,0,1,1788050359.2096646,G1,T01,angolo_120,1,moving
5588101,1,0,1,0,149,0,95,0,22,22,13,5,5,6,3,4,2,0,0,95,64,38,29,9,5,5,0,1,1788050359.4095552,G1,T01,angolo_120,1,moving
5588301,1,0,1,0,149,0,92,0,16,17,5,5,4,2,6,4,2,0,0,92,65,38,29,9,5,4,0,1,1788050359.6096082,G1,T01,angolo_120,1,moving
5588501,1,0,1,0,149,0,94,0,18,17,14,8,7,2,4,4,2,0,0,94,62,37,29,9,5,5,0,1,1788050359.8096695,G1,T01,angolo_120,1,moving
5588701,1,0,1,0,149,0,96,0,15,12,7,6,9,6,4,4,2,0,0,96,65,36,28,9,5,4,0,1,1788050360.0088656,G1,T01,angolo_120,1,moving
5588901,1,0,1,0,149,0,97,0,13,11,10,6,8,5,4,3,1,0,0,97,65,36,29,9,5,4,0,1,1788050360.2094772,G1,T01,angolo_120,1,moving
5589101,1,0,1,0,149,0,93,0,16,9,10,14,6,4,4,4,2,0,0,93,65,36,28,9,5,4,0,1,1788050360.4095232,G1,T01,angolo_120,1,moving
5589301,1,0,1,0,149,0,94,0,16,15,18,7,7,8,9,4,1,0,0,94,66,36,28,10,5,4,0,1,1788050360.600845,G1,T01,angolo_120,1,moving
5589501,1,0,1,0,149,0,91,0,16,17,11,10,11,4,3,3,1,0,0,91,66,37,28,10,5,4,0,1,1788050360.800686,G1,T01,angolo_120,1,moving
5589701,1,0,1,0,149,0,92,0,18,12,7,7,8,4,2,4,1,0,0,92,67,38,28,10,5,4,0,1,1788050361.0097384,G1,T01,angolo_120,1,moving
5589901,1,0,1,0,149,0,92,0,14,13,7,12,5,4,3,4,1,0,0,92,67,38,29,9,5,4,0,1,1788050361.2096548,G1,T01,angolo_120,1,moving
5590101,1,0,1,0,149,0,90,0,20,13,5,4,6,2,3,4,2,0,0,90,62,39,29,9,5,4,0,1,1788050361.4095771,G1,T01,angolo_120,1,moving
5590301,1,0,1,0,149,0,87,0,16,14,8,8,5,4,5,3,2,0,0,87,60,39,29,9,5,4,0,1,1788050361.6095235,G1,T01,angolo_120,1,moving
5590501,1,0,1,0,149,0,87,0,15,10,5,3,9,7,2,4,2,0,0,87,59,40,28,9,5,4,0,1,1788050361.8096695,G1,T01,angolo_120,1,moving
5590701,1,0,1,0,149,0,86,0,18,14,6,9,5,5,4,3,1,0,0,86,58,40,28,10,5,4,0,1,1788050362.0097876,G1,T01,angolo_120,1,moving
5590901,1,0,1,0,149,0,86,0,15,6,7,5,1,3,2,4,2,0,0,86,58,38,27,10,5,4,0,1,1788050362.2097065,G1,T01,angolo_120,1,moving
5591101,1,0,1,0,149,0,86,0,18,13,5,4,7,7,2,5,2,0,0,86,57,36,26,10,5,4,0,1,1788050362.4090853,G1,T01,angolo_120,1,moving
5591301,1,0,1,0,149,0,85,0,17,16,17,10,2,6,9,3,2,0,0,85,56,36,26,11,5,4,0,1,1788050362.6094065,G1,T01,angolo_120,1,moving
5591501,1,0,1,0,149,0,85,0,15,11,9,8,3,4,5,3,2,0,0,85,52,35,26,11,5,4,0,1,1788050362.8098056,G1,T01,angolo_120,1,moving
5591701,1,0,1,0,149,0,82,0,16,14,4,9,11,5,2,4,3,0,0,82,51,35,27,11,5,4,0,1,1788050363.0092309,G1,T01,angolo_120,1,moving
5591901,1,0,1,0,149,0,83,0,16,11,14,13,7,7,1,4,1,0,0,83,52,35,27,11,5,4,0,1,1788050363.209073,G1,T01,angolo_120,1,moving
5592101,1,0,1,0,149,0,81,0,19,16,9,3,1,6,2,4,1,0,0,81,51,35,27,11,5,5,0,1,1788050363.4088526,G1,T01,angolo_120,1,moving
5592301,1,0,1,0,149,0,80,0,16,11,7,8,1,2,1,4,2,0,0,80,50,34,26,11,5,5,0,1,1788050363.6096318,G1,T01,angolo_120,1,moving
5592501,1,0,1,0,149,0,76,0,15,11,8,4,4,7,1,3,2,0,0,76,51,34,26,11,5,4,0,1,1788050363.8096597,G1,T01,angolo_120,1,moving
5592701,1,0,1,0,149,0,75,0,18,14,8,2,5,6,2,4,1,0,0,75,46,33,26,11,5,4,0,1,1788050364.0097642,G1,T01,angolo_120,1,moving
5592901,1,0,1,0,149,0,73,0,13,11,2,4,2,2,1,4,2,0,0,73,44,33,26,11,5,4,0,1,1788050364.209242,G1,T01,angolo_120,1,moving
5593101,1,0,1,0,149,0,71,0,15,18,9,8,4,2,1,3,2,0,0,71,42,32,26,10,5,4,0,1,1788050364.4090724,G1,T01,angolo_120,1,moving
5593301,1,0,1,0,149,0,66,0,13,14,6,8,8,4,2,3,3,0,0,66,40,31,25,10,5,4,0,1,1788050364.609234,G1,T01,angolo_120,1,moving
5593501,1,0,1,0,149,0,64,0,22,15,8,5,7,3,2,3,2,0,0,64,38,30,26,10,5,4,0,1,1788050364.8093734,G1,T01,angolo_120,1,moving
5593701,1,0,1,0,149,0,63,0,17,11,4,7,4,7,2,4,2,0,0,63,36,29,25,10,5,4,0,1,1788050365.0095391,G1,T01,angolo_120,1,moving
5593901,1,0,1,0,149,0,60,0,18,11,3,5,3,9,2,2,2,0,0,60,35,28,24,10,5,4,0,1,1788050365.2093675,G1,T01,angolo_120,1,moving
5594101,1,0,1,0,149,0,56,0,19,13,5,3,3,5,0,3,1,0,0,56,35,25,24,10,5,4,0,1,1788050365.4089212,G1,T01,angolo_120,1,moving
5594301,1,0,1,0,149,0,53,0,19,11,5,1,4,4,0,2,1,0,0,53,35,24,23,10,5,4,0,1,1788050365.6090975,G1,T01,angolo_120,1,moving
5594501,1,0,1,0,149,0,51,0,13,10,9,2,2,4,1,2,2,0,0,51,35,21,23,10,5,4,0,1,1788050365.8088686,G1,T01,angolo_120,1,moving
5594701,1,0,1,0,149,0,50,0,26,16,7,3,2,3,1,3,1,0,0,50,34,20,22,9,5,4,0,1,1788050366.009202,G1,T01,angolo_120,1,moving
5594901,1,0,1,0,149,0,49,0,19,15,5,5,3,4,1,1,2,0,0,49,33,19,21,9,5,5,0,1,1788050366.2094252,G1,T01,angolo_120,1,moving
5595101,1,0,1,0,149,0,48,0,16,12,6,5,2,4,3,2,1,0,0,48,31,17,19,8,5,5,0,1,1788050366.4094598,G1,T01,angolo_120,1,moving
5595301,1,0,1,0,149,0,46,0,15,12,5,7,3,5,3,2,2,0,0,46,31,15,18,7,4,5,0,1,1788050366.6094258,G1,T01,angolo_120,1,moving
5595501,1,0,1,0,149,0,43,0,16,12,4,6,3,6,5,2,2,0,0,43,31,14,17,7,4,5,0,1,1788050366.80044,G1,T01,angolo_120,1,moving
5595701,1,0,1,0,149,0,41,0,16,10,2,3,5,4,6,3,2,0,0,41,30,13,16,6,4,5,0,1,1788050367.0095162,G1,T01,angolo_120,1,moving
5595901,1,0,1,0,149,0,39,0,14,8,8,1,7,4,6,4,2,0,0,39,27,13,15,6,4,5,0,1,1788050367.2087429,G1,T01,angolo_120,1,moving
5596101,1,0,1,0,149,0,38,0,19,14,6,1,6,4,6,3,1,0,0,38,26,13,15,6,4,4,0,1,1788050367.409606,G1,T01,angolo_120,1,moving
5596301,1,0,1,0,149,0,36,0,16,17,2,5,4,3,6,3,2,0,0,36,25,13,15,6,4,4,0,1,1788050367.6089582,G1,T01,angolo_120,1,moving
5596501,1,0,1,0,149,0,36,0,17,11,2,3,4,3,6,2,1,0,0,36,24,12,14,6,4,4,0,1,1788050367.8094478,G1,T01,angolo_120,1,moving
5596701,1,0,1,0,149,0,34,0,20,10,6,5,3,3,5,4,3,0,0,34,25,11,13,6,4,5,0,1,1788050368.0089598,G1,T01,angolo_120,1,moving
5596901,1,0,1,0,149,0,33,0,18,11,9,10,2,3,5,2,1,0,0,33,26,11,13,6,4,5,0,1,1788050368.2091298,G1,T01,angolo_120,1,moving
5597101,1,0,1,0,149,0,34,0,18,10,3,5,2,5,5,3,2,0,0,34,27,10,13,6,4,5,0,1,1788050368.4096391,G1,T01,angolo_120,1,moving
5597301,1,0,1,0,149,0,35,0,15,12,3,3,1,6,3,3,2,0,0,35,27,9,12,6,4,5,0,1,1788050368.6090548,G1,T01,angolo_120,1,moving
5597501,1,0,1,0,149,0,35,0,20,14,6,8,2,6,4,3,2,0,0,35,28,8,11,6,4,5,0,1,1788050368.8092601,G1,T01,angolo_120,1,moving
5597701,1,0,1,0,149,0,36,0,14,11,8,6,1,5,4,3,2,0,0,36,29,8,11,6,4,4,0,1,1788050369.008963,G1,T01,angolo_120,1,moving
5597901,1,0,1,0,149,0,38,0,25,14,9,6,2,6,4,2,1,0,0,38,29,8,11,6,4,4,0,1,1788050369.2056851,G1,T01,angolo_120,1,moving
5598101,1,0,1,0,149,0,40,0,19,17,3,4,3,7,4,3,1,0,0,40,28,8,11,6,4,4,0,1,1788050369.4088147,G1,T01,angolo_120,1,moving
5598301,1,0,1,0,149,0,40,0,14,10,4,4,1,6,4,2,2,0,0,40,27,8,10,5,4,4,0,1,1788050369.6092849,G1,T01,angolo_120,1,moving
5598501,1,0,1,0,149,0,39,0,20,15,8,7,2,6,4,3,2,0,0,39,27,8,10,5,4,4,0,1,1788050369.8098092,G1,T01,angolo_120,1,moving
5598701,1,0,1,0,149,0,38,0,21,13,6,9,1,5,5,2,2,0,0,38,26,8,11,5,4,3,0,1,1788050370.0093336,G1,T01,angolo_120,1,moving
5598901,1,0,1,0,149,0,38,0,13,11,2,4,1,5,6,2,3,0,0,38,26,9,11,5,4,3,0,1,1788050370.2094564,G1,T01,angolo_120,1,moving
5599101,1,0,1,0,149,0,37,0,22,13,3,1,1,6,6,2,2,0,0,37,26,9,12,5,4,3,0,1,1788050370.4095218,G1,T01,angolo_120,1,moving
5599301,1,0,1,0,149,0,37,0,17,14,3,1,1,6,6,3,3,0,0,37,26,9,13,6,4,3,0,1,1788050370.609707,G1,T01,angolo_120,1,moving
5599501,1,0,1,0,149,0,36,0,18,11,6,5,1,5,5,2,2,0,0,36,26,9,13,6,4,3,0,1,1788050370.8098814,G1,T01,angolo_120,1,moving
5599701,1,0,1,0,149,0,37,0,18,11,9,6,1,4,4,3,3,0,0,37,25,8,14,5,4,3,0,1,1788050371.009109,G1,T01,angolo_120,1,moving
5599901,1,0,1,0,149,0,37,0,21,15,2,6,1,3,5,2,2,0,0,37,25,8,13,5,4,3,0,1,1788050371.209634,G1,T01,angolo_120,1,moving
5600101,1,0,1,0,149,0,37,0,17,16,1,6,1,2,5,2,2,0,0,37,24,7,13,5,4,3,0,1,1788050371.4097836,G1,T01,angolo_120,1,moving
5600301,1,0,1,0,149,0,39,0,13,11,6,8,1,4,5,2,1,0,0,39,25,7,13,5,4,3,0,1,1788050371.6098788,G1,T01,angolo_120,1,moving
5600501,1,0,1,0,149,0,40,0,16,9,8,6,2,6,5,2,2,0,0,40,26,7,13,5,4,3,0,1,1788050371.8090363,G1,T01,angolo_120,1,moving
5600701,1,0,1,0,149,0,41,0,19,10,6,5,2,5,5,2,2,0,0,41,25,6,14,5,3,3,0,1,1788050372.0098543,G1,T01,angolo_120,1,moving
5600901,1,0,1,0,149,0,41,0,20,12,6,5,2,6,6,3,2,0,0,41,25,6,13,5,3,3,0,1,1788050372.2099514,G1,T01,angolo_120,1,moving
5601101,1,0,1,0,149,0,40,0,16,8,6,3,1,4,6,3,2,0,0,40,23,6,13,5,3,3,0,1,1788050372.409827,G1,T01,angolo_120,1,moving
5601301,1,0,1,0,149,0,39,0,16,13,5,4,1,5,6,2,2,0,0,39,22,5,12,5,3,3,0,1,1788050372.6091018,G1,T01,angolo_120,1,moving
5601501,1,0,1,0,149,0,39,0,24,18,7,6,2,6,6,2,2,0,0,39,22,5,12,5,3,3,0,1,1788050372.8099134,G1,T01,angolo_120,1,moving
5601701,1,0,1,0,149,0,38,0,15,14,5,5,1,6,7,3,2,0,0,38,21,5,13,5,3,3,0,1,1788050373.0089278,G1,T01,angolo_120,1,moving
5601901,1,0,1,0,149,0,35,0,16,12,3,2,1,5,8,3,2,0,0,35,21,5,14,6,3,3,0,1,1788050373.2093916,G1,T01,angolo_120,1,moving
5602101,1,0,1,0,149,0,34,0,21,17,2,2,1,5,5,3,1,0,0,34,22,6,14,6,3,3,0,1,1788050373.4097083,G1,T01,angolo_120,1,moving
5602301,1,0,1,0,149,0,33,0,13,10,5,1,1,3,2,2,2,0,0,33,23,5,15,6,3,3,0,1,1788050373.608977,G1,T01,angolo_120,1,moving
5602501,1,0,1,0,149,0,33,0,20,14,6,2,1,2,3,4,3,0,0,33,23,5,16,7,3,3,0,1,1788050373.8099058,G1,T01,angolo_120,1,moving
5602701,1,0,1,0,149,0,32,0,21,14,2,4,2,1,1,1,3,0,0,32,22,5,16,7,3,3,0,1,1788050374.0098934,G1,T01,angolo_120,1,moving
5602901,1,0,1,0,149,0,32,0,22,14,6,5,2,2,1,2,2,0,0,32,20,5,16,6,3,3,0,1,1788050374.2093558,G1,T01,angolo_120,1,moving
5603101,1,0,1,0,149,0,34,0,19,12,4,6,2,5,1,1,2,0,0,34,20,4,15,6,3,3,0,1,1788050374.4093719,G1,T01,angolo_120,1,moving
5603301,1,0,1,0,149,0,34,0,16,12,5,7,1,5,1,4,2,0,0,34,20,4,14,6,3,3,0,1,1788050374.609038,G1,T01,angolo_120,1,moving
5603501,1,0,1,0,149,0,35,0,15,7,6,7,2,5,1,2,2,0,0,35,20,4,14,6,3,3,0,1,1788050374.8098493,G1,T01,angolo_120,1,moving
5603701,1,0,1,0,149,0,35,0,19,17,7,6,1,7,1,2,1,0,0,35,21,4,14,6,3,3,0,1,1788050375.0100636,G1,T01,angolo_120,1,moving
5603901,1,0,1,0,149,0,36,0,16,13,9,6,1,6,1,2,2,0,0,36,22,4,14,6,3,3,0,1,1788050375.209542,G1,T01,angolo_120,1,moving
5604101,1,0,1,0,149,0,37,0,14,8,7,2,2,6,1,2,2,0,0,37,23,5,14,6,3,3,0,1,1788050375.4098787,G1,T01,angolo_120,1,moving
5604301,1,0,1,0,149,0,36,0,18,10,5,4,1,5,1,2,2,0,0,36,23,5,14,6,3,3,0,1,1788050375.609068,G1,T01,angolo_120,1,moving
5604501,1,0,1,0,149,0,36,0,20,18,8,3,1,3,1,3,2,0,0,36,22,5,14,6,3,3,0,1,1788050375.8095727,G1,T01,angolo_120,1,moving
5604701,1,0,1,0,149,0,36,0,13,9,8,8,1,1,1,2,2,0,0,36,22,5,14,6,3,3,0,1,1788050376.009164,G1,T01,angolo_120,1,moving
5604901,1,0,1,0,149,0,36,0,16,11,2,8,1,4,1,3,1,0,0,36,23,5,15,6,3,3,0,1,1788050376.2093804,G1,T01,angolo_120,1,moving
5605101,1,0,1,0,149,0,35,0,16,10,2,5,1,4,2,3,3,0,0,35,24,6,16,6,3,3,0,1,1788050376.4098926,G1,T01,angolo_120,1,moving
5605301,1,0,1,0,149,0,34,0,13,8,7,2,1,4,1,2,2,0,0,34,24,6,16,6,3,3,0,1,1788050376.6090462,G1,T01,angolo_120,1,moving
5605501,1,0,1,0,149,0,34,0,18,13,8,4,2,2,2,3,1,0,0,34,24,6,16,6,3,3,0,1,1788050376.8095906,G1,T01,angolo_120,1,moving
5605701,1,0,1,0,149,0,33,0,13,11,9,5,1,4,1,3,2,0,0,33,24,5,15,6,3,3,0,1,1788050377.0094922,G1,T01,angolo_120,1,moving
5605901,1,0,1,0,149,0,34,0,19,13,3,1,1,5,2,3,1,0,0,34,23,6,14,5,3,3,0,1,1788050377.2095718,G1,T01,angolo_120,1,moving
5606101,0,0,0,0,0,0,0,0,18,13,4,3,1,5,1,2,1,0,0,34,22,5,13,5,3,3,0,0,1788050377.4006479,G1,T01,angolo_120,1,moving
5606301,0,0,0,0,0,0,0,0,20,15,4,5,2,6,2,1,2,0,0,35,22,6,13,4,3,3,0,0,1788050377.6088176,G1,T01,angolo_120,1,moving
5606501,0,0,0,0,0,0,0,0,13,12,4,4,1,8,1,2,1,0,0,35,22,6,12,4,3,3,0,0,1788050377.809761,G1,T01,angolo_120,1,moving
5606701,0,0,0,0,0,0,0,0,19,10,6,6,2,7,1,2,1,0,0,35,23,6,12,4,3,3,0,0,1788050378.0092037,G1,T01,angolo_120,1,moving
5606901,0,0,0,0,0,0,0,0,24,16,5,5,2,7,1,2,1,0,0,35,24,6,12,4,3,3,0,0,1788050378.2093127,G1,T01,angolo_120,1,moving
5607101,0,0,0,0,0,0,0,0,16,9,5,3,1,6,1,3,1,0,0,34,24,6,12,4,3,3,0,0,1788050378.4098275,G1,T01,angolo_120,1,moving
5607301,0,0,0,0,0,0,0,0,13,14,2,8,3,8,2,2,1,0,0,36,24,6,12,4,3,3,0,0,1788050378.6089468,G1,T01,angolo_120,1,moving
5607501,0,0,0,0,0,0,0,0,15,12,16,12,7,5,2,3,2,0,0,38,26,8,13,5,3,3,0,0,1788050378.809341,G1,T01,angolo_120,1,moving
5607701,0,0,0,0,0,0,0,0,17,36,25,8,12,13,2,4,3,0,0,48,30,11,15,5,3,3,0,0,1788050379.0101054,G1,T01,angolo_120,1,moving
5607901,0,0,0,0,0,0,0,0,16,12,8,8,9,7,3,4,2,0,0,60,37,13,16,5,4,3,0,0,1788050379.2089722,G1,T01,angolo_120,1,moving
5608101,0,0,0,0,0,0,0,0,13,7,21,22,9,6,1,3,1,0,0,62,39,14,17,5,4,3,0,0,1788050379.4089322,G1,T01,angolo_120,1,moving
5608301,0,0,0,0,0,0,0,0,21,21,16,10,1,3,2,2,2,0,0,66,43,17,18,5,4,3,0,0,1788050379.6100085,G1,T01,angolo_120,1,moving
5608501,0,0,0,0,0,0,0,0,17,12,22,8,7,6,3,4,2,0,0,70,44,19,20,6,4,3,0,0,1788050379.8089643,G1,T01,angolo_120,1,moving
5608701,0,0,0,0,0,0,0,0,14,10,10,9,2,4,6,3,2,0,0,74,48,20,20,6,5,3,0,0,1788050380.0101938,G1,T01,angolo_120,1,moving
5608901,0,0,0,0,0,0,0,0,15,11,3,6,8,3,5,2,2,0,0,82,51,23,21,6,5,3,0,0,1788050380.200717,G1,T01,angolo_120,1,moving
5609101,0,0,0,0,0,0,0,0,18,26,13,9,12,9,2,5,2,0,0,84,50,25,22,6,5,3,0,0,1788050380.409739,G1,T01,angolo_120,1,moving
5609301,0,0,0,0,0,0,0,0,17,14,9,7,3,2,5,3,2,0,0,85,50,25,22,6,5,3,0,0,1788050380.6010005,G1,T01,angolo_120,1,moving
5609501,0,0,0,0,0,0,0,0,18,11,8,5,7,7,4,1,2,0,0,86,51,27,24,7,5,3,0,0,1788050380.8100433,G1,T01,angolo_120,1,moving
5609701,0,0,0,0,0,0,0,0,19,11,16,13,4,8,3,4,2,0,0,88,53,28,25,8,5,3,0,0,1788050381.0103753,G1,T01,angolo_120,1,moving
5609901,0,0,0,0,0,0,0,0,13,9,9,13,7,6,4,4,2,0,0,93,57,30,26,8,5,3,0,0,1788050381.2097723,G1,T01,angolo_120,1,moving
5610101,0,0,0,0,0,0,0,0,16,14,17,12,3,8,1,4,2,0,0,97,58,31,26,8,6,3,0,0,1788050381.4101837,G1,T01,angolo_120,1,moving
5610301,0,0,0,0,0,0,0,0,15,14,15,15,8,7,2,3,2,0,0,100,61,32,26,8,6,3,0,0,1788050381.6101334,G1,T01,angolo_120,1,moving
5610501,0,0,0,0,0,0,0,0,16,10,9,13,2,7,1,3,1,0,0,100,62,34,27,8,6,3,0,0,1788050381.809391,G1,T01,angolo_120,1,moving
5610701,0,0,0,0,0,0,0,0,20,17,9,14,2,4,1,4,3,0,0,100,62,35,27,9,6,3,0,0,1788050382.0089626,G1,T01,angolo_120,1,moving
5610901,0,0,0,0,0,0,0,0,13,13,20,14,8,3,4,4,2,0,0,100,64,37,28,9,6,3,0,0,1788050382.2092643,G1,T01,angolo_120,1,moving
5611101,0,0,0,0,0,0,0,0,17,10,7,13,2,3,4,3,2,0,0,100,67,38,29,9,6,3,0,0,1788050382.4096744,G1,T01,angolo_120,1,moving
5611301,0,0,0,0,0,0,0,0,15,12,2,7,7,4,5,4,2,0,0,100,67,40,30,9,6,4,0,0,1788050382.608951,G1,T01,angolo_120,1,moving
5611501,0,0,0,0,0,0,0,0,18,12,9,10,5,3,7,3,1,0,0,100,67,39,29,9,6,4,0,0,1788050382.8006907,G1,T01,angolo_120,1,moving
5611701,0,0,0,0,0,0,0,0,17,17,22,18,9,5,6,2,2,0,0,100,67,39,28,9,6,3,0,0,1788050383.0007484,G1,T01,angolo_120,1,moving
5611901,0,0,0,0,0,0,0,0,17,16,5,11,1,2,4,3,2,0,0,93,62,39,28,10,6,3,0,0,1788050383.2104895,G1,T01,angolo_120,1,moving
5612101,0,0,0,0,0,0,0,0,15,14,9,9,9,9,6,3,2,0,0,94,61,38,28,10,6,3,0,0,1788050383.409514,G1,T01,angolo_120,1,moving
5612301,0,0,0,0,0,0,0,0,20,25,7,7,8,4,4,5,1,0,0,93,58,37,28,10,6,3,0,0,1788050383.609999,G1,T01,angolo_120,1,moving
5612501,0,0,0,0,0,0,0,0,17,19,13,5,5,5,3,5,2,0,0,93,60,36,27,9,6,3,0,0,1788050383.8102405,G1,T01,angolo_120,1,moving
5612701,0,0,0,0,0,0,0,0,14,16,22,11,7,10,3,3,1,0,0,91,57,37,27,9,6,3,0,0,1788050384.009841,G1,T01,angolo_120,1,moving
5612901,0,0,0,0,0,0,0,0,20,16,19,14,8,1,6,4,1,0,0,88,56,36,27,9,6,4,0,0,1788050384.2091625,G1,T01,angolo_120,1,moving
5613101,0,0,0,0,0,0,0,0,16,14,14,4,3,2,6,2,2,0,0,89,58,36,27,10,6,4,0,0,1788050384.4093225,G1,T01,angolo_120,1,moving
5613301,0,0,0,0,0,0,0,0,13,16,20,14,11,6,5,4,2,0,0,90,59,37,28,10,6,4,0,0,1788050384.6098747,G1,T01,angolo_120,1,moving
5613501,0,0,0,0,0,0,0,0,18,10,4,3,5,4,3,4,2,0,0,90,58,36,27,9,6,4,0,0,1788050384.8093424,G1,T01,angolo_120,1,moving
5613701,0,0,0,0,0,0,0,0,17,15,11,9,4,1,4,4,2,0,0,95,59,35,26,9,6,4,0,0,1788050385.0094128,G1,T01,angolo_120,1,moving
5613901,0,0,0,0,0,0,0,0,14,11,12,4,13,12,4,1,2,0,0,90,55,35,26,9,6,4,0,0,1788050385.210453,G1,T01,angolo_120,1,moving
5614101,0,0,0,0,0,0,0,0,14,8,16,12,3,1,6,3,1,0,0,91,57,35,26,9,6,4,0,0,1788050385.4094272,G1,T01,angolo_120,1,moving
5614301,0,0,0,0,0,0,0,0,13,10,3,6,9,6,4,3,3,0,0,95,56,36,27,10,6,4,0,0,1788050385.609394,G1,T01,angolo_120,1,moving
5614501,0,0,0,0,0,0,0,0,17,14,14,6,10,9,6,3,3,0,0,95,56,35,27,10,6,4,0,0,1788050385.8101742,G1,T01,angolo_120,1,moving
5614701,0,0,0,0,0,0,0,0,17,14,8,9,10,7,3,4,2,0,0,98,57,37,29,9,6,4,0,0,1788050386.008775,G1,T01,angolo_120,1,moving
5614901,0,0,0,0,0,0,0,0,15,14,3,5,7,5,5,5,2,0,0,100,56,37,29,9,6,5,0,0,1788050386.2101772,G1,T01,angolo_120,1,moving
5615101,0,0,0,0,0,0,0,0,19,28,30,21,12,8,3,5,2,0,0,100,57,38,29,9,6,5,0,0,1788050386.409849,G1,T01,angolo_120,1,moving
5615301,0,0,0,0,0,0,0,0,14,9,10,7,5,3,4,2,2,0,0,100,58,37,27,9,6,5,0,0,1788050386.6099925,G1,T01,angolo_120,1,moving
5615501,0,0,0,0,0,0,0,0,18,10,13,11,11,7,5,2,1,0,0,100,59,38,29,9,6,5,0,0,1788050386.810353,G1,T01,angolo_120,1,moving
5615701,0,0,0,0,0,0,0,0,16,16,17,13,8,4,3,3,3,0,0,100,56,36,28,9,6,5,0,0,1788050387.0104768,G1,T01,angolo_120,1,moving
5615901,0,0,0,0,0,0,0,0,13,14,11,3,12,6,6,3,2,0,0,100,57,38,29,9,6,5,0,0,1788050387.2104223,G1,T01,angolo_120,1,moving
5616101,0,0,0,0,0,0,0,0,24,19,9,8,3,7,5,5,2,0,0,100,60,39,29,9,6,5,0,0,1788050387.4102962,G1,T01,angolo_120,1,moving
5616301,0,0,0,0,0,0,0,0,17,20,20,23,15,10,5,3,1,0,0,100,62,40,30,9,6,5,0,0,1788050387.6106436,G1,T01,angolo_120,1,moving
5616501,0,0,0,0,0,0,0,0,15,17,7,9,9,6,4,2,2,0,0,100,61,40,30,9,6,5,0,0,1788050387.81023,G1,T01,angolo_120,1,moving
5616701,0,0,0,0,0,0,0,0,16,16,13,7,4,5,1,3,1,0,0,100,64,42,31,9,6,5,0,0,1788050388.0104904,G1,T01,angolo_120,1,moving
5616901,0,0,0,0,0,0,0,0,15,19,19,14,6,3,1,2,2,0,0,100,63,40,31,9,6,4,0,0,1788050388.2096763,G1,T01,angolo_120,1,moving
5617101,0,0,0,0,0,0,0,0,25,15,9,7,9,11,3,4,1,0,0,100,62,40,31,8,6,4,0,0,1788050388.4096346,G1,T01,angolo_120,1,moving
5617301,0,0,0,0,0,0,0,0,15,13,4,2,9,6,4,5,2,0,0,100,62,40,31,9,6,4,0,0,1788050388.608992,G1,T01,angolo_120,1,moving
5617501,0,0,0,0,0,0,0,0,20,17,15,12,15,11,1,3,1,0,0,100,64,42,32,9,6,4,0,0,1788050388.8009322,G1,T01,angolo_120,1,moving
5617701,0,0,0,0,0,0,0,0,19,18,12,7,10,8,5,4,1,0,0,100,62,43,32,9,6,4,0,0,1788050389.009693,G1,T01,angolo_120,1,moving
5617901,0,0,0,0,0,0,0,0,19,13,2,10,4,11,5,3,1,0,0,100,63,44,34,9,6,4,0,0,1788050389.2103856,G1,T01,angolo_120,1,moving
5618101,0,0,0,0,0,0,0,0,16,14,18,12,5,4,4,2,2,0,0,100,63,43,34,9,6,4,0,0,1788050389.4090552,G1,T01,angolo_120,1,moving
5618301,0,0,0,0,0,0,0,0,19,24,10,2,9,1,5,5,1,0,0,100,63,43,33,9,6,4,0,0,1788050389.6104329,G1,T01,angolo_120,1,moving
5618501,0,0,0,0,0,0,0,0,16,9,4,3,10,8,5,5,2,0,0,100,64,43,33,9,6,4,0,0,1788050389.810158,G1,T01,angolo_120,1,moving
5618701,0,0,0,0,0,0,0,0,15,12,7,8,12,11,4,4,1,0,0,100,64,44,34,9,6,4,0,0,1788050390.0106153,G1,T01,angolo_120,1,moving
5618901,0,0,0,0,0,0,0,0,14,8,6,6,8,6,5,3,1,0,0,100,64,44,34,9,5,4,0,0,1788050390.2102277,G1,T01,angolo_120,1,moving
5619101,0,0,0,0,0,0,0,0,17,12,2,1,10,9,3,1,2,0,0,100,63,44,35,10,5,4,0,0,1788050390.409844,G1,T01,angolo_120,1,moving
5619301,0,0,0,0,0,0,0,0,14,20,21,14,7,3,6,3,2,0,0,100,62,44,36,9,5,4,0,0,1788050390.6105688,G1,T01,angolo_120,1,moving
5619501,0,0,0,0,0,0,0,0,15,16,13,13,3,2,7,4,1,0,0,97,62,43,35,9,6,4,0,0,1788050390.8092058,G1,T01,angolo_120,1,moving
5619701,0,0,0,0,0,0,0,0,14,13,12,5,8,3,7,5,2,0,0,96,61,43,35,9,6,4,0,0,1788050391.0096862,G1,T01,angolo_120,1,moving
5619901,0,0,0,0,0,0,0,0,17,10,7,8,11,7,8,3,1,0,0,93,60,44,35,9,6,4,0,0,1788050391.2023377,G1,T01,angolo_120,1,moving
5620101,0,0,0,0,0,0,0,0,22,11,14,12,8,4,6,1,3,0,0,90,58,44,34,9,6,4,0,0,1788050391.409732,G1,T01,angolo_120,1,moving
5620301,0,0,0,0,0,0,0,0,14,6,9,4,1,6,6,3,1,0,0,88,56,42,34,10,6,4,0,0,1788050391.6004543,G1,T01,angolo_120,1,moving
5620501,0,0,0,0,0,0,0,0,17,18,12,16,4,7,5,3,3,0,0,89,56,41,34,9,6,4,0,0,1788050391.8102996,G1,T01,angolo_120,1,moving
5620701,0,0,0,0,0,0,0,0,22,24,8,10,2,4,5,3,1,0,0,85,54,39,32,9,6,4,0,0,1788050392.0096962,G1,T01,angolo_120,1,moving
5620901,0,0,0,0,0,0,0,0,19,16,13,9,11,9,4,3,1,0,0,85,55,41,33,9,6,4,0,0,1788050392.2097933,G1,T01,angolo_120,1,moving
5621101,0,0,0,0,0,0,0,0,14,14,7,10,13,4,7,3,1,0,0,84,56,42,32,9,6,4,0,0,1788050392.4097118,G1,T01,angolo_120,1,moving
5621301,0,0,0,0,0,0,0,0,19,15,24,18,13,7,6,3,3,0,0,85,58,42,32,9,6,4,0,0,1788050392.609941,G1,T01,angolo_120,1,moving
5621501,0,0,0,0,0,0,0,0,31,24,9,13,9,6,5,3,3,0,0,84,57,41,30,8,6,4,0,0,1788050392.8105316,G1,T01,angolo_120,1,moving
5621701,0,0,0,0,0,0,0,0,20,20,20,14,9,9,3,5,3,0,0,82,60,41,31,8,6,4,0,0,1788050393.0105722,G1,T01,angolo_120,1,moving
5621901,0,0,0,0,0,0,0,0,20,10,4,10,13,7,4,5,2,0,0,83,61,41,30,8,6,5,0,0,1788050393.2105184,G1,T01,angolo_120,1,moving
5622101,0,0,0,0,0,0,0,0,17,16,18,17,15,4,5,4,1,0,0,84,63,44,29,9,6,5,0,0,1788050393.4106565,G1,T01,angolo_120,1,moving
5622301,0,0,0,0,0,0,0,0,21,15,10,6,6,2,6,2,2,0,0,81,61,44,29,8,6,5,0,0,1788050393.6092842,G1,T01,angolo_120,1,moving
5622501,0,0,0,0,0,0,0,0,16,16,9,11,7,6,6,3,2,0,0,82,61,44,29,8,5,5,0,0,1788050393.809886,G1,T01,angolo_120,1,moving
5622701,0,0,0,0,0,0,0,0,22,16,10,11,5,5,5,2,2,0,0,84,61,43,28,9,6,5,0,0,1788050394.010492,G1,T01,angolo_120,1,moving
5622901,0,0,0,0,0,0,0,0,20,11,7,7,3,6,7,3,1,0,0,84,61,42,27,8,6,4,0,0,1788050394.2099288,G1,T01,angolo_120,1,moving
5623101,0,0,0,0,0,0,0,0,15,13,5,9,5,4,5,2,1,0,0,79,58,41,26,7,5,4,0,0,1788050394.4091322,G1,T01,angolo_120,1,moving
5623301,0,0,0,0,0,0,0,0,18,15,13,3,10,7,5,4,1,0,0,80,58,41,26,7,6,4,0,0,1788050394.6105525,G1,T01,angolo_120,1,moving
5623501,0,0,0,0,0,0,0,0,17,16,12,8,10,7,6,2,1,0,0,79,55,42,26,7,5,4,0,0,1788050394.8105767,G1,T01,angolo_120,1,moving
5623701,0,0,0,0,0,0,0,0,19,13,2,8,9,2,6,2,2,0,0,77,56,42,26,8,5,4,0,0,1788050395.010432,G1,T01,angolo_120,1,moving
5623901,0,0,0,0,0,0,0,0,14,16,8,4,5,2,2,3,2,0,0,79,55,40,25,8,5,4,0,0,1788050395.2106469,G1,T01,angolo_120,1,moving
5624101,0,0,0,0,0,0,0,0,17,14,9,9,9,6,4,3,2,0,0,76,54,40,26,8,5,4,0,0,1788050395.4106598,G1,T01,angolo_120,1,moving
5624301,0,0,0,0,0,0,0,0,17,17,11,23,5,11,4,4,1,0,0,78,58,41,27,8,5,4,0,0,1788050395.6106682,G1,T01,angolo_120,1,moving
5624501,0,0,0,0,0,0,0,0,17,19,18,11,7,7,4,4,1,0,0,85,61,43,28,8,5,4,0,0,1788050395.8102057,G1,T01,angolo_120,1,moving
5624701,0,0,0,0,0,0,0,0,18,17,18,18,11,9,4,3,1,0,0,84,61,45,29,8,5,4,0,0,1788050396.0106707,G1,T01,angolo_120,1,moving
5624901,0,0,0,0,0,0,0,0,20,15,8,7,10,3,7,3,1,0,0,83,58,44,28,8,5,4,0,0,1788050396.210667,G1,T01,angolo_120,1,moving
5625101,0,0,0,0,0,0,0,0,16,12,4,7,9,7,6,3,1,0,0,85,57,44,29,9,5,4,0,0,1788050396.410501,G1,T01,angolo_120,1,moving
5625301,0,0,0,0,0,0,0,0,14,15,15,10,12,7,5,2,1,0,0,82,56,43,29,8,5,4,0,0,1788050396.6107438,G1,T01,angolo_120,1,moving
5625501,0,0,0,0,0,0,0,0,16,10,2,6,4,2,5,4,1,0,0,83,56,42,29,9,5,4,0,0,1788050396.8092299,G1,T01,angolo_120,1,moving
5625701,0,0,0,0,0,0,0,0,19,18,8,2,4,3,5,4,1,0,0,83,55,43,29,9,5,4,0,0,1788050397.0105278,G1,T01,angolo_120,1,moving
5625901,0,0,0,0,0,0,0,0,16,13,7,7,8,5,8,2,1,0,0,81,55,43,30,8,5,4,0,0,1788050397.2105577,G1,T01,angolo_120,1,moving
5626101,0,0,0,0,0,0,0,0,16,14,11,10,7,5,5,2,2,0,0,79,51,41,30,8,5,4,0,0,1788050397.4094021,G1,T01,angolo_120,1,moving
5626301,0,0,0,0,0,0,0,0,17,10,7,10,8,6,3,1,3,0,0,81,51,40,30,8,5,4,0,0,1788050397.6097088,G1,T01,angolo_120,1,moving
5626501,0,0,0,0,0,0,0,0,14,14,15,8,3,1,5,4,2,0,0,78,51,38,29,8,5,4,0,0,1788050397.8105593,G1,T01,angolo_120,1,moving
5626701,0,0,0,0,0,0,0,0,14,12,3,10,7,3,5,3,2,0,0,77,51,40,30,8,5,4,0,0,1788050398.0107875,G1,T01,angolo_120,1,moving
5626901,0,0,0,0,0,0,0,0,17,13,5,3,2,5,4,4,1,0,0,79,51,39,29,8,5,4,0,0,1788050398.2105691,G1,T01,angolo_120,1,moving
5627101,0,0,0,0,0,0,0,0,19,14,16,13,10,1,5,2,1,0,0,81,51,41,30,8,5,4,0,0,1788050398.4105217,G1,T01,angolo_120,1,moving
5627301,0,0,0,0,0,0,0,0,17,15,10,7,11,2,4,3,2,0,0,80,52,41,30,8,5,4,0,0,1788050398.6107757,G1,T01,angolo_120,1,moving
5627501,0,0,0,0,0,0,0,0,14,15,17,8,10,3,4,2,1,0,0,83,52,39,30,8,5,4,0,0,1788050398.8109317,G1,T01,angolo_120,1,moving
5627701,0,0,0,0,0,0,0,0,28,24,13,18,14,2,3,4,1,0,0,86,54,40,29,8,5,4,0,0,1788050399.0106528,G1,T01,angolo_120,1,moving
5627901,0,0,0,0,0,0,0,0,16,15,4,8,8,8,2,4,2,0,0,87,54,39,29,8,5,4,0,0,1788050399.2106354,G1,T01,angolo_120,1,moving
5628101,0,0,0,0,0,0,0,0,15,7,3,3,10,10,3,3,1,0,0,92,55,41,29,8,5,4,0,0,1788050399.41061,G1,T01,angolo_120,1,moving
5628301,0,0,0,0,0,0,0,0,13,9,22,13,3,4,5,4,1,0,0,90,52,40,28,8,5,4,0,0,1788050399.6107159,G1,T01,angolo_120,1,moving
5628501,0,0,0,0,0,0,0,0,16,15,10,7,12,3,4,2,1,0,0,84,49,39,26,7,5,4,0,0,1788050399.810535,G1,T01,angolo_120,1,moving
5628701,0,0,0,0,0,0,0,0,21,16,8,11,14,8,4,2,1,0,0,85,49,38,26,8,5,4,0,0,1788050400.0107172,G1,T01,angolo_120,1,moving
5628901,0,0,0,0,0,0,0,0,21,27,12,12,11,6,5,5,1,0,0,86,51,39,26,7,5,4,0,0,1788050400.2108216,G1,T01,angolo_120,1,moving
5629101,0,0,0,0,0,0,0,0,21,13,5,7,9,7,3,3,1,0,0,82,51,38,25,7,5,4,0,0,1788050400.4097035,G1,T01,angolo_120,1,moving
5629301,0,0,0,0,0,0,0,0,21,12,3,11,10,11,5,3,1,0,0,81,53,40,26,7,5,4,0,0,1788050400.6108105,G1,T01,angolo_120,1,moving
5629501,0,0,0,0,0,0,0,0,14,15,8,13,12,5,3,1,2,0,0,81,53,41,26,7,5,4,0,0,1788050400.8105166,G1,T01,angolo_120,1,moving
5629701,0,0,0,0,0,0,0,0,16,16,10,9,8,3,5,1,1,0,0,80,51,41,27,8,5,4,0,0,1788050401.010798,G1,T01,angolo_120,1,moving
5629901,0,0,0,0,0,0,0,0,18,14,11,13,15,8,4,3,2,0,0,79,51,39,26,8,6,4,0,0,1788050401.2106051,G1,T01,angolo_120,1,moving
5630101,0,0,0,0,0,0,0,0,20,31,10,7,10,3,5,5,2,0,0,79,51,41,26,8,6,4,0,0,1788050401.4106257,G1,T01,angolo_120,1,moving
5630301,0,0,0,0,0,0,0,0,13,14,6,9,5,3,6,4,1,0,0,76,51,41,27,8,6,4,0,0,1788050401.6107144,G1,T01,angolo_120,1,moving
5630501,0,0,0,0,0,0,0,0,18,11,10,5,9,8,5,3,1,0,0,79,51,41,27,9,6,4,0,0,1788050401.8107886,G1,T01,angolo_120,1,moving
5630701,0,0,0,0,0,0,0,0,14,24,17,11,9,9,8,3,1,0,0,78,50,40,27,9,6,4,0,0,1788050402.0106788,G1,T01,angolo_120,1,moving
5630901,0,0,0,0,0,0,0,0,18,14,14,10,5,3,6,3,1,0,0,78,52,39,26,9,6,4,0,0,1788050402.2108152,G1,T01,angolo_120,1,moving
5631101,0,0,0,0,0,0,0,0,20,18,10,9,7,4,4,4,2,0,0,78,52,39,25,9,6,4,0,0,1788050402.410684,G1,T01,angolo_120,1,moving
5631301,0,0,0,0,0,0,0,0,19,25,9,10,6,1,3,3,1,0,0,78,52,38,25,9,6,4,0,0,1788050402.610806,G1,T01,angolo_120,1,moving
5631501,0,0,0,0,0,0,0,0,18,17,9,2,7,9,4,4,2,0,0,78,54,38,25,9,6,4,0,0,1788050402.80988,G1,T01,angolo_120,1,moving
5631701,0,0,0,0,0,0,0,0,20,17,10,7,8,8,3,2,2,0,0,79,53,38,26,9,6,4,0,0,1788050403.010657,G1,T01,angolo_120,1,moving
5631901,0,0,0,0,0,0,0,0,16,11,14,8,4,2,1,1,1,0,0,79,53,39,26,9,6,4,0,0,1788050403.2107728,G1,T01,angolo_120,1,moving
5632101,0,0,0,0,0,0,0,0,19,15,6,6,13,3,3,3,1,0,0,75,51,38,26,9,6,4,0,0,1788050403.410738,G1,T01,angolo_120,1,moving
5632301,0,0,0,0,0,0,0,0,19,17,8,4,7,7,1,3,1,0,0,75,49,38,26,9,6,4,0,0,1788050403.6105146,G1,T01,angolo_120,1,moving
5632501,0,0,0,0,0,0,0,0,19,30,17,13,11,5,3,3,1,0,0,78,50,38,26,9,6,4,0,0,1788050403.8109004,G1,T01,angolo_120,1,moving
5632701,0,0,0,0,0,0,0,0,18,14,14,7,10,8,3,3,1,0,0,78,50,37,27,9,6,5,0,0,1788050404.0109425,G1,T01,angolo_120,1,moving
5632901,0,0,0,0,0,0,0,0,18,15,11,9,8,7,1,2,1,0,0,78,50,36,27,9,5,5,0,0,1788050404.2108073,G1,T01,angolo_120,1,moving
5633101,0,0,0,0,0,0,0,0,14,21,10,11,1,6,1,2,1,0,0,78,49,35,26,10,6,5,0,0,1788050404.4106884,G1,T01,angolo_120,1,moving
5633301,0,0,0,0,0,0,0,0,14,16,6,2,6,4,2,1,1,0,0,78,48,34,25,10,6,4,0,0,1788050404.6105182,G1,T01,angolo_120,1,moving
5633501,0,0,0,0,0,0,0,0,18,19,11,2,11,4,1,4,1,0,0,77,46,33,25,9,6,4,0,0,1788050404.8105536,G1,T01,angolo_120,1,moving
5633701,0,0,0,0,0,0,0,0,17,12,14,6,9,8,2,3,2,0,0,77,47,33,24,9,5,4,0,0,1788050405.010747,G1,T01,angolo_120,1,moving
5633901,0,0,0,0,0,0,0,0,13,12,9,11,11,4,3,4,3,0,0,77,47,34,25,8,5,4,0,0,1788050405.2108686,G1,T01,angolo_120,1,moving
5634101,0,0,0,0,0,0,0,0,17,12,14,6,1,5,1,2,1,0,0,78,47,33,25,9,5,4,0,0,1788050405.4107816,G1,T01,angolo_120,1,moving
5634301,0,0,0,0,0,0,0,0,16,16,12,17,9,4,1,2,1,0,0,80,50,34,24,9,5,4,0,0,1788050405.6104743,G1,T01,angolo_120,1,moving
5634501,0,0,0,0,0,0,0,0,16,15,2,13,14,9,2,2,1,0,0,76,49,35,24,9,5,4,0,0,1788050405.810497,G1,T01,angolo_120,1,moving
5634701,0,0,0,0,0,0,0,0,20,29,19,10,12,11,2,4,1,0,0,77,49,36,25,8,5,4,0,0,1788050406.0110343,G1,T01,angolo_120,1,moving
5634901,0,0,0,0,0,0,0,0,21,17,13,10,9,2,2,3,1,0,0,77,48,37,25,8,5,4,0,0,1788050406.2107635,G1,T01,angolo_120,1,moving
5635101,0,0,0,0,0,0,0,0,16,15,20,10,7,2,2,4,1,0,0,78,52,38,25,9,5,4,0,0,1788050406.4105787,G1,T01,angolo_120,1,moving
5635301,0,0,0,0,0,0,0,0,18,9,6,4,6,5,5,2,2,0,0,77,51,38,26,9,5,4,0,0,1788050406.6107385,G1,T01,angolo_120,1,moving
5635501,0,0,0,0,0,0,0,0,15,13,6,7,5,1,3,2,1,0,0,75,49,38,25,9,5,4,0,0,1788050406.8108003,G1,T01,angolo_120,1,moving
5635701,0,0,0,0,0,0,0,0,16,19,12,6,3,7,3,1,2,0,0,72,46,36,25,9,5,4,0,0,1788050407.0107598,G1,T01,angolo_120,1,moving
5635901,0,0,0,0,0,0,0,0,18,17,12,16,4,4,3,5,1,0,0,73,49,36,25,9,6,4,0,0,1788050407.2107413,G1,T01,angolo_120,1,moving
5636101,0,0,0,0,0,0,0,0,19,11,7,13,7,6,2,2,1,0,0,74,52,37,25,9,6,4,0,0,1788050407.4105368,G1,T01,angolo_120,1,moving
5636301,0,0,0,0,0,0,0,0,13,14,15,7,12,10,5,4,1,0,0,73,54,37,25,9,6,4,0,0,1788050407.6108718,G1,T01,angolo_120,1,moving
5636501,0,0,0,0,0,0,0,0,18,14,12,6,7,3,3,3,1,0,0,68,52,36,24,9,6,4,0,0,1788050407.8106477,G1,T01,angolo_120,1,moving
5636701,0,0,0,0,0,0,0,0,14,16,11,12,5,4,4,1,1,0,0,67,50,37,23,8,6,4,0,0,1788050408.0107555,G1,T01,angolo_120,1,moving
5636901,0,0,0,0,0,0,0,0,16,10,8,11,10,5,5,2,2,0,0,68,51,37,23,9,6,4,0,0,1788050408.2106726,G1,T01,angolo_120,1,moving
5637101,0,0,0,0,0,0,0,0,19,21,17,10,8,3,1,4,2,0,0,67,51,36,23,8,6,4,0,0,1788050408.4109843,G1,T01,angolo_120,1,moving
5637301,0,0,0,0,0,0,0,0,18,15,12,11,5,4,2,3,1,0,0,71,53,37,23,8,6,4,0,0,1788050408.6110458,G1,T01,angolo_120,1,moving
5637501,0,0,0,0,0,0,0,0,20,21,15,14,6,3,1,3,1,0,0,76,56,38,23,8,6,4,0,0,1788050408.8107343,G1,T01,angolo_120,1,moving
5637701,0,0,0,0,0,0,0,0,16,16,11,12,3,7,2,1,1,0,0,76,56,38,24,8,6,4,0,0,1788050409.0109067,G1,T01,angolo_120,1,moving
5637901,0,0,0,0,0,0,0,0,22,15,10,8,7,6,4,3,1,0,0,78,55,38,24,9,6,4,0,0,1788050409.2107327,G1,T01,angolo_120,1,moving
5638101,0,0,0,0,0,0,0,0,21,28,12,9,8,6,2,3,2,0,0,79,57,39,24,8,6,4,0,0,1788050409.410881,G1,T01,angolo_120,1,moving
5638301,0,0,0,0,0,0,0,0,20,23,13,9,5,7,1,4,1,0,0,81,55,39,25,8,6,4,0,0,1788050409.6106715,G1,T01,angolo_120,1,moving
5638501,0,0,0,0,0,0,0,0,14,13,8,10,9,11,4,1,1,0,0,85,55,39,26,8,6,4,0,0,1788050409.8112419,G1,T01,angolo_120,1,moving
5638701,0,0,0,0,0,0,0,0,17,11,10,17,6,4,2,3,1,0,0,85,56,38,25,9,5,4,0,0,1788050410.0110197,G1,T01,angolo_120,1,moving
5638901,0,0,0,0,0,0,0,0,16,11,14,10,6,1,1,2,2,0,0,85,56,37,25,9,5,4,0,0,1788050410.2106595,G1,T01,angolo_120,1,moving
5639101,0,0,0,0,0,0,0,0,15,10,10,8,6,6,3,2,2,0,0,89,55,36,25,9,5,4,0,0,1788050410.4105492,G1,T01,angolo_120,1,moving
5639301,0,0,0,0,0,0,0,0,20,21,13,8,6,6,1,3,1,0,0,90,57,37,25,9,5,4,0,0,1788050410.6106489,G1,T01,angolo_120,1,moving
5639501,0,0,0,0,0,0,0,0,19,17,8,4,10,10,1,4,1,0,0,89,57,38,26,8,5,4,0,0,1788050410.8110285,G1,T01,angolo_120,1,moving
5639701,0,0,0,0,0,0,0,0,16,9,14,2,3,6,1,3,1,0,0,89,59,39,26,8,5,4,0,0,1788050411.0108604,G1,T01,angolo_120,1,moving
5639901,0,0,0,0,0,0,0,0,14,10,12,17,13,5,2,2,1,0,0,87,58,40,26,9,5,4,0,0,1788050411.2113042,G1,T01,angolo_120,1,moving
5640101,0,0,0,0,0,0,0,0,15,13,14,16,9,7,5,1,2,0,0,87,58,38,27,9,5,4,0,0,1788050411.410555,G1,T01,angolo_120,1,moving
5640301,0,0,0,0,0,0,0,0,17,10,18,22,16,8,7,1,1,0,0,88,59,38,27,9,5,4,0,0,1788050411.6111274,G1,T01,angolo_120,1,moving
5640501,0,0,0,0,0,0,0,0,28,24,19,4,3,3,5,5,1,0,0,90,59,39,28,9,5,4,0,0,1788050411.810668,G1,T01,angolo_120,1,moving
5640701,0,0,0,0,0,0,0,0,14,14,6,11,9,5,5,2,1,0,0,90,62,40,29,9,5,4,0,0,1788050412.010855,G1,T01,angolo_120,1,moving
5640901,0,0,0,0,0,0,0,0,17,17,15,14,11,5,4,2,1,0,0,90,62,40,29,9,5,3,0,0,1788050412.2113051,G1,T01,angolo_120,1,moving
5641101,0,0,0,0,0,0,0,0,18,11,10,12,8,3,4,3,2,0,0,89,63,41,28,9,5,3,0,0,1788050412.41088,G1,T01,angolo_120,1,moving
5641301,0,0,0,0,0,0,0,0,17,15,2,9,8,4,5,1,1,0,0,88,61,41,28,9,5,3,0,0,1788050412.6105316,G1,T01,angolo_120,1,moving
5641501,0,0,0,0,0,0,0,0,17,19,2,8,9,4,6,2,1,0,0,85,58,40,28,9,5,3,0,0,1788050412.8106575,G1,T01,angolo_120,1,moving
5641701,0,0,0,0,0,0,0,0,30,39,18,8,10,4,5,5,1,0,0,89,59,41,28,9,5,3,0,0,1788050413.0106292,G1,T01,angolo_120,1,moving
5641901,0,0,0,0,0,0,0,0,18,15,2,6,8,8,4,2,2,0,0,88,58,40,28,8,5,3,0,0,1788050413.2108667,G1,T01,angolo_120,1,moving
5642101,0,0,0,0,0,0,0,0,13,12,8,11,6,5,2,2,2,0,0,88,57,40,28,9,5,4,0,0,1788050413.4111733,G1,T01,angolo_120,1,moving
5642301,0,0,0,0,0,0,0,0,13,13,11,10,6,2,6,2,1,0,0,85,56,39,27,8,5,4,0,0,1788050413.610652,G1,T01,angolo_120,1,moving
5642501,0,0,0,0,0,0,0,0,14,15,8,1,10,5,8,2,1,0,0,83,57,39,26,9,6,4,0,0,1788050413.811315,G1,T01,angolo_120,1,moving
5642701,0,0,0,0,0,0,0,0,17,13,3,5,9,6,7,2,1,0,0,83,55,39,26,8,5,4,0,0,1788050414.0106897,G1,T01,angolo_120,1,moving
5642901,0,0,0,0,0,0,0,0,18,25,13,10,4,8,5,3,1,0,0,86,55,39,27,8,5,4,0,0,1788050414.210639,G1,T01,angolo_120,1,moving
5643101,0,0,0,0,0,0,0,0,17,10,8,7,2,4,4,4,1,0,0,81,55,40,28,8,5,4,0,0,1788050414.410738,G1,T01,angolo_120,1,moving
5643301,0,0,0,0,0,0,0,0,17,11,12,2,10,10,7,3,1,0,0,83,53,39,28,8,5,4,0,0,1788050414.6108904,G1,T01,angolo_120,1,moving
5643501,0,0,0,0,0,0,0,0,16,13,2,7,10,8,7,0,1,0,0,82,53,38,28,9,6,4,0,0,1788050414.8109252,G1,T01,angolo_120,1,moving
5643701,0,0,0,0,0,0,0,0,15,13,11,9,9,3,5,2,1,0,0,84,51,38,28,9,5,4,0,0,1788050415.0109563,G1,T01,angolo_120,1,moving
5643901,0,0,0,0,0,0,0,0,24,13,8,10,9,5,6,3,2,0,0,85,52,38,28,9,6,4,0,0,1788050415.2106411,G1,T01,angolo_120,1,moving
5644101,0,0,0,0,0,0,0,0,18,30,22,12,14,5,6,4,3,0,0,85,50,39,26,9,6,4,0,0,1788050415.4112954,G1,T01,angolo_120,1,moving
5644301,0,0,0,0,0,0,0,0,14,13,16,9,7,8,7,3,1,0,0,84,47,39,26,8,6,4,0,0,1788050415.6108918,G1,T01,angolo_120,1,moving
5644501,0,0,0,0,0,0,0,0,14,14,6,5,3,5,5,1,1,0,0,81,47,39,26,8,6,4,0,0,1788050415.8106706,G1,T01,angolo_120,1,moving
5644701,0,0,0,0,0,0,0,0,21,22,12,3,8,6,8,1,1,0,0,83,44,38,26,9,6,4,0,0,1788050416.0106263,G1,T01,angolo_120,1,moving
5644901,0,0,0,0,0,0,0,0,13,8,2,8,2,4,8,1,1,0,0,80,43,37,26,10,7,5,0,0,1788050416.211041,G1,T01,angolo_120,1,moving
5645101,0,0,0,0,0,0,0,0,31,32,21,15,10,10,4,4,1,0,0,82,43,37,27,10,7,4,0,0,1788050416.411477,G1,T01,angolo_120,1,moving
5645301,0,0,0,0,0,0,0,0,13,16,19,13,11,3,1,4,1,0,0,83,45,38,28,10,7,4,0,0,1788050416.6113083,G1,T01,angolo_120,1,moving
5645501,0,0,0,0,0,0,0,0,13,12,14,4,5,4,3,1,2,0,0,85,46,37,28,10,6,5,0,0,1788050416.8106103,G1,T01,angolo_120,1,moving
5645701,0,0,0,0,0,0,0,0,13,14,15,12,8,2,5,1,2,0,0,81,46,35,27,10,6,5,0,0,1788050417.0109499,G1,T01,angolo_120,1,moving
5645901,0,0,0,0,0,0,0,0,18,17,15,8,12,6,7,1,1,0,0,82,47,36,27,11,6,5,0,0,1788050417.2118506,G1,T01,angolo_120,1,moving
5646101,0,0,0,0,0,0,0,0,20,20,13,8,10,6,5,2,1,0,0,82,48,37,27,11,7,4,0,0,1788050417.4113023,G1,T01,angolo_120,1,moving
5646301,0,0,0,0,0,0,0,0,21,18,14,13,9,10,7,5,1,0,0,83,48,37,28,11,7,4,0,0,1788050417.6116846,G1,T01,angolo_120,1,moving
5646501,0,0,0,0,0,0,0,0,14,9,6,10,1,3,7,4,1,0,0,83,47,36,29,11,7,4,0,0,1788050417.8106897,G1,T01,angolo_120,1,moving
5646701,0,0,0,0,0,0,0,0,14,13,17,12,7,8,5,5,1,0,0,85,49,37,30,11,7,4,0,0,1788050418.011559,G1,T01,angolo_120,1,moving
5646901,0,0,0,0,0,0,0,0,15,12,14,11,9,3,3,3,2,0,0,82,49,37,29,11,7,4,0,0,1788050418.211361,G1,T01,angolo_120,1,moving
5647101,0,0,0,0,0,0,0,0,17,13,13,6,7,7,4,1,1,0,0,82,46,36,29,11,7,4,0,0,1788050418.4105735,G1,T01,angolo_120,1,moving
5647301,0,0,0,0,0,0,0,0,16,13,7,10,5,11,8,2,2,0,0,80,45,36,30,11,7,4,0,0,1788050418.6109178,G1,T01,angolo_120,1,moving
5647501,0,0,0,0,0,0,0,0,22,25,25,14,7,4,8,3,1,0,0,83,47,36,29,11,7,4,0,0,1788050418.8108218,G1,T01,angolo_120,1,moving
5647701,0,0,0,0,0,0,0,0,20,16,16,13,9,8,5,3,1,0,0,82,48,37,29,11,7,4,0,0,1788050419.0108168,G1,T01,angolo_120,1,moving
5647901,0,0,0,0,0,0,0,0,19,24,15,5,10,3,4,2,1,0,0,81,47,37,29,11,7,4,0,0,1788050419.2114635,G1,T01,angolo_120,1,moving
5648101,0,0,0,0,0,0,0,0,14,11,13,7,3,6,5,2,1,0,0,80,46,35,29,11,7,3,0,0,1788050419.4116845,G1,T01,angolo_120,1,moving
5648301,0,0,0,0,0,0,0,0,13,9,9,5,3,1,7,2,2,0,0,81,45,34,29,11,7,3,0,0,1788050419.6107168,G1,T01,angolo_120,1,moving
5648501,0,0,0,0,0,0,0,0,13,13,14,3,2,7,7,1,2,0,0,82,47,35,29,11,7,3,0,0,1788050419.810915,G1,T01,angolo_120,1,moving
5648701,0,0,0,0,0,0,0,0,14,13,3,8,7,11,5,4,2,0,0,81,48,36,30,11,7,3,0,0,1788050420.0108745,G1,T01,angolo_120,1,moving
5648901,0,0,0,0,0,0,0,0,21,19,5,4,4,5,5,4,1,0,0,86,49,37,30,10,6,3,0,0,1788050420.210639,G1,T01,angolo_120,1,moving
5649101,0,0,0,0,0,0,0,0,13,10,5,8,12,8,6,3,1,0,0,85,48,37,30,10,7,3,0,0,1788050420.4110138,G1,T01,angolo_120,1,moving
5649301,0,0,0,0,0,0,0,0,14,11,12,3,2,3,6,3,1,0,0,82,46,35,28,10,7,3,0,0,1788050420.6115208,G1,T01,angolo_120,1,moving
5649501,0,0,0,0,0,0,0,0,22,12,4,2,4,5,8,3,2,0,0,79,44,35,28,10,7,3,0,0,1788050420.811045,G1,T01,angolo_120,1,moving
5649701,0,0,0,0,0,0,0,0,16,13,9,3,10,5,6,3,1,0,0,81,43,34,29,10,7,3,0,0,1788050421.010707,G1,T01,angolo_120,1,moving
5649901,0,0,0,0,0,0,0,0,16,13,7,12,7,2,5,4,1,0,0,78,42,34,28,10,7,4,0,0,1788050421.210731,G1,T01,angolo_120,1,moving
5650101,0,0,0,0,0,0,0,0,18,15,6,8,5,2,5,2,1,0,0,76,41,33,27,10,7,4,0,0,1788050421.4106364,G1,T01,angolo_120,1,moving
5650301,0,0,0,0,0,0,0,0,19,20,13,11,4,7,6,3,2,0,0,76,41,33,27,9,7,4,0,0,1788050421.6117644,G1,T01,angolo_120,1,moving
5650501,0,0,0,0,0,0,0,0,15,10,11,3,1,7,7,1,1,0,0,76,41,32,26,9,7,4,0,0,1788050421.8111446,G1,T01,angolo_120,1,moving
5650701,0,0,0,0,0,0,0,0,18,17,8,4,11,8,7,1,1,0,0,75,41,32,26,9,7,4,0,0,1788050422.01088,G1,T01,angolo_120,1,moving
5650901,0,0,0,0,0,0,0,0,17,14,8,7,4,6,5,2,1,0,0,75,41,32,26,9,6,4,0,0,1788050422.21095,G1,T01,angolo_120,1,moving
5651101,0,0,0,0,0,0,0,0,19,19,8,2,5,6,4,4,1,0,0,72,41,31,24,9,7,4,0,0,1788050422.4108253,G1,T01,angolo_120,1,moving
5651301,0,0,0,0,0,0,0,0,18,15,11,7,12,10,4,4,1,0,0,77,42,31,25,9,7,4,0,0,1788050422.6116626,G1,T01,angolo_120,1,moving
5651501,0,0,0,0,0,0,0,0,14,11,2,8,3,8,3,2,1,0,0,76,41,31,25,9,6,4,0,0,1788050422.81123,G1,T01,angolo_120,1,moving
5651701,0,0,0,0,0,0,0,0,16,13,9,7,4,4,6,3,1,0,0,74,40,30,25,8,7,4,0,0,1788050423.0112674,G1,T01,angolo_120,1,moving
5651901,0,0,0,0,0,0,0,0,17,16,8,1,6,7,7,1,1,0,0,73,40,31,25,8,7,4,0,0,1788050423.2114422,G1,T01,angolo_120,1,moving
5652101,0,0,0,0,0,0,0,0,19,12,13,4,5,11,4,3,1,0,0,73,40,31,26,8,7,4,0,0,1788050423.4106927,G1,T01,angolo_120,1,moving
5652301,0,0,0,0,0,0,0,0,21,24,15,9,11,5,4,5,1,0,0,72,40,33,26,8,7,4,0,0,1788050423.6113641,G1,T01,angolo_120,1,moving
5652501,0,0,0,0,0,0,0,0,16,11,16,14,7,3,5,2,1,0,0,75,43,34,26,8,7,4,0,0,1788050423.8110197,G1,T01,angolo_120,1,moving
5652701,0,0,0,0,0,0,0,0,14,21,15,12,7,7,7,1,2,0,0,77,43,33,25,8,6,4,0,0,1788050424.010911,G1,T01,angolo_120,1,moving
5652901,0,0,0,0,0,0,0,0,19,12,12,10,2,2,7,2,1,0,0,73,43,32,25,8,6,4,0,0,1788050424.211611,G1,T01,angolo_120,1,moving
5653101,0,0,0,0,0,0,0,0,15,11,6,9,2,3,8,1,1,0,0,75,43,31,25,8,6,4,0,0,1788050424.411377,G1,T01,angolo_120,1,moving
5653301,0,0,0,0,0,0,0,0,15,15,7,8,9,7,2,2,2,0,0,77,43,32,26,8,6,4,0,0,1788050424.6114752,G1,T01,angolo_120,1,moving
5653501,0,0,0,0,0,0,0,0,24,23,11,9,6,6,3,4,0,0,0,77,44,33,26,8,6,4,0,0,1788050424.8115375,G1,T01,angolo_120,1,moving
5653701,0,0,0,0,0,0,0,0,14,9,5,1,8,9,3,4,1,0,0,76,45,34,26,8,6,4,0,0,1788050425.0109053,G1,T01,angolo_120,1,moving
5653901,0,0,0,0,0,0,0,0,19,14,12,11,9,6,7,1,1,0,0,81,44,34,26,8,6,3,0,0,1788050425.2108853,G1,T01,angolo_120,1,moving
5654101,0,0,0,0,0,0,0,0,16,17,7,6,11,4,5,1,1,0,0,80,45,34,26,8,7,4,0,0,1788050425.4112742,G1,T01,angolo_120,1,moving
5654301,0,0,0,0,0,0,0,0,18,16,9,6,11,1,3,3,1,0,0,78,44,35,27,8,7,4,0,0,1788050425.6108649,G1,T01,angolo_120,1,moving
5654501,0,0,0,0,0,0,0,0,22,10,9,7,1,5,3,2,1,0,0,78,45,36,27,8,7,4,0,0,1788050425.8108268,G1,T01,angolo_120,1,moving
5654701,0,0,0,0,0,0,0,0,20,14,7,3,9,11,6,2,1,0,0,77,43,36,27,8,7,4,0,0,1788050426.0108058,G1,T01,angolo_120,1,moving
5654901,0,0,0,0,0,0,0,0,21,15,8,13,7,9,6,4,1,0,0,79,45,38,27,8,7,4,0,0,1788050426.2118666,G1,T01,angolo_120,1,moving
5655101,0,0,0,0,0,0,0,0,16,12,6,5,6,1,5,1,1,0,0,78,45,38,27,8,6,3,0,0,1788050426.4113162,G1,T01,angolo_120,1,moving
5655301,0,0,0,0,0,0,0,0,13,17,13,7,8,8,7,2,1,0,0,74,44,37,26,8,6,4,0,0,1788050426.6108751,G1,T01,angolo_120,1,moving
5655501,0,0,0,0,0,0,0,0,19,14,11,3,6,9,7,2,1,0,0,73,43,38,26,8,6,4,0,0,1788050426.811482,G1,T01,angolo_120,1,moving
5655701,0,0,0,0,0,0,0,0,16,16,12,13,8,9,7,3,1,0,0,75,45,38,27,8,6,4,0,0,1788050427.0117435,G1,T01,angolo_120,1,moving
5655901,0,0,0,0,0,0,0,0,23,18,11,10,7,9,5,4,1,0,0,76,45,36,27,8,6,4,0,0,1788050427.2109215,G1,T01,angolo_120,1,moving
5656101,0,0,0,0,0,0,0,0,18,16,8,2,5,4,4,2,1,0,0,79,45,38,27,8,6,4,0,0,1788050427.4106877,G1,T01,angolo_120,1,moving
5656301,0,0,0,0,0,0,0,0,17,13,16,8,10,8,6,2,1,0,0,79,46,37,27,8,6,4,0,0,1788050427.611665,G1,T01,angolo_120,1,moving
5656501,0,0,0,0,0,0,0,0,13,8,7,10,6,6,5,1,1,0,0,77,43,36,27,8,6,4,0,0,1788050427.8107045,G1,T01,angolo_120,1,moving
5656701,0,0,0,0,0,0,0,0,19,14,5,6,10,2,5,2,1,0,0,73,41,36,27,9,6,4,0,0,1788050428.0106432,G1,T01,angolo_120,1,moving
5656901,0,0,0,0,0,0,0,0,15,15,9,5,10,7,6,4,1,0,0,75,39,37,28,9,6,4,0,0,1788050428.2117093,G1,T01,angolo_120,1,moving
5657101,0,0,0,0,0,0,0,0,22,13,5,6,5,4,3,3,1,0,0,74,40,38,28,9,6,4,0,0,1788050428.4107835,G1,T01,angolo_120,1,moving
5657301,0,0,0,0,0,0,0,0,14,12,2,9,10,6,7,1,1,0,0,76,41,39,29,8,6,4,0,0,1788050428.6116967,G1,T01,angolo_120,1,moving
5657501,0,0,0,0,0,0,0,0,17,17,14,10,2,5,4,1,1,0,0,76,41,38,28,8,6,4,0,0,1788050428.8118787,G1,T01,angolo_120,1,moving
5657701,0,0,0,0,0,0,0,0,18,12,5,5,5,4,3,1,1,0,0,76,41,38,29,8,6,4,0,0,1788050429.010762,G1,T01,angolo_120,1,moving
5657901,0,0,0,0,0,0,0,0,16,14,15,8,4,3,5,2,1,0,0,75,41,36,28,8,6,4,0,0,1788050429.2114296,G1,T01,angolo_120,1,moving
5658101,0,0,0,0,0,0,0,0,18,19,9,11,7,2,6,3,1,0,0,75,42,36,27,8,6,4,0,0,1788050429.4111638,G1,T01,angolo_120,1,moving
5658301,0,0,0,0,0,0,0,0,14,17,6,9,3,8,6,2,2,0,0,74,42,34,26,8,6,4,0,0,1788050429.6117465,G1,T01,angolo_120,1,moving
5658501,0,0,0,0,0,0,0,0,20,18,5,9,9,11,7,2,1,0,0,76,42,35,27,8,6,4,0,0,1788050429.8109102,G1,T01,angolo_120,1,moving
5658701,0,0,0,0,0,0,0,0,18,12,13,13,6,5,2,1,1,0,0,75,43,34,26,8,6,4,0,0,1788050430.0116758,G1,T01,angolo_120,1,moving
5658901,0,0,0,0,0,0,0,0,20,15,7,13,8,6,4,2,1,0,0,75,41,33,27,8,6,4,0,0,1788050430.2117476,G1,T01,angolo_120,1,moving
5659101,0,0,0,0,0,0,0,0,19,12,2,6,11,9,9,1,1,0,0,75,43,35,27,8,6,4,0,0,1788050430.411735,G1,T01,angolo_120,1,moving
5659301,0,0,0,0,0,0,0,0,18,21,14,13,9,2,5,2,1,0,0,75,45,35,28,8,6,3,0,0,1788050430.6117144,G1,T01,angolo_120,1,moving
5659501,0,0,0,0,0,0,0,0,16,12,2,4,3,7,4,3,1,0,0,76,45,36,29,8,6,4,0,0,1788050430.8108556,G1,T01,angolo_120,1,moving
5659701,0,0,0,0,0,0,0,0,13,13,6,7,5,2,7,1,1,0,0,76,44,35,28,8,6,4,0,0,1788050431.0116205,G1,T01,angolo_120,1,moving
5659901,0,0,0,0,0,0,0,0,15,16,18,9,1,2,6,1,1,0,0,78,44,36,27,8,5,4,0,0,1788050431.211695,G1,T01,angolo_120,1,moving
5660101,0,0,0,0,0,0,0,0,17,14,10,5,8,2,5,1,1,0,0,78,44,35,26,8,5,4,0,0,1788050431.4110334,G1,T01,angolo_120,1,moving
5660301,0,0,0,0,0,0,0,0,16,10,4,3,10,5,4,2,2,0,0,78,43,36,26,8,5,4,0,0,1788050431.6117907,G1,T01,angolo_120,1,moving
5660501,0,0,0,0,0,0,0,0,18,16,10,8,9,9,5,3,1,0,0,76,42,35,26,8,5,4,0,0,1788050431.8118892,G1,T01,angolo_120,1,moving
5660701,0,0,0,0,0,0,0,0,19,13,8,2,9,8,6,3,1,0,0,77,42,35,27,8,6,4,0,0,1788050432.0108876,G1,T01,angolo_120,1,moving
5660901,0,0,0,0,0,0,0,0,14,13,5,13,10,4,5,1,1,0,0,73,43,35,26,8,5,4,0,0,1788050432.2117164,G1,T01,angolo_120,1,moving
5661101,0,0,0,0,0,0,0,0,13,11,12,6,4,2,6,1,1,0,0,73,43,34,25,8,5,4,0,0,1788050432.4112473,G1,T01,angolo_120,1,moving
5661301,0,0,0,0,0,0,0,0,15,9,8,8,6,5,6,1,2,0,0,71,41,32,23,7,5,4,0,0,1788050432.6115403,G1,T01,angolo_120,1,moving
5661501,0,0,0,0,0,0,0,0,13,16,10,3,4,7,7,4,2,0,0,72,40,32,24,7,5,4,0,0,1788050432.8116872,G1,T01,angolo_120,1,moving
5661701,0,0,0,0,0,0,0,0,23,15,4,8,10,4,6,3,1,0,0,71,39,33,24,7,5,4,0,0,1788050433.011737,G1,T01,angolo_120,1,moving
5661901,0,0,0,0,0,0,0,0,16,14,9,10,7,7,5,3,1,0,0,71,39,34,25,7,5,4,0,0,1788050433.2114775,G1,T01,angolo_120,1,moving
5662101,0,0,0,0,0,0,0,0,15,19,11,2,6,4,5,1,1,0,0,72,37,34,26,7,5,4,0,0,1788050433.4108539,G1,T01,angolo_120,1,moving
5662301,0,0,0,0,0,0,0,0,21,16,5,5,8,5,4,1,1,0,0,75,37,34,26,8,5,4,0,0,1788050433.610711,G1,T01,angolo_120,1,moving
5662501,0,0,0,0,0,0,0,0,18,11,6,5,8,3,5,1,2,0,0,74,37,34,25,7,5,4,0,0,1788050433.8116844,G1,T01,angolo_120,1,moving
5662701,0,0,0,0,0,0,0,0,17,19,13,9,3,4,7,2,1,0,0,74,38,34,25,7,5,4,0,0,1788050434.0116365,G1,T01,angolo_120,1,moving
5662901,0,0,0,0,0,0,0,0,17,10,10,3,9,5,3,3,1,0,0,75,36,33,25,7,5,4,0,0,1788050434.2116694,G1,T01,angolo_120,1,moving
5663101,0,0,0,0,0,0,0,0,22,14,11,12,9,3,7,2,1,0,0,77,36,33,24,7,5,4,0,0,1788050434.4117143,G1,T01,angolo_120,1,moving
5663301,0,0,0,0,0,0,0,0,16,13,13,5,7,7,3,2,1,0,0,77,34,32,24,7,5,4,0,0,1788050434.6117387,G1,T01,angolo_120,1,moving
5663501,0,0,0,0,0,0,0,0,16,18,8,10,11,6,7,2,1,0,0,81,34,32,23,7,5,4,0,0,1788050434.8118458,G1,T01,angolo_120,1,moving
5663701,0,0,0,0,0,0,0,0,15,7,7,6,5,5,4,2,2,0,0,80,35,31,23,7,5,4,0,0,1788050435.0109913,G1,T01,angolo_120,1,moving
5663901,0,0,0,0,0,0,0,0,15,27,22,8,5,6,5,4,1,0,0,81,35,32,24,7,5,4,0,0,1788050435.2104914,G1,T01,angolo_120,1,moving
5664101,0,0,0,0,0,0,0,0,23,13,13,8,10,5,4,4,1,0,0,77,36,31,24,7,5,4,0,0,1788050435.4117343,G1,T01,angolo_120,1,moving
5664301,0,0,0,0,0,0,0,0,19,20,15,10,2,5,6,2,2,0,0,78,36,29,24,7,5,4,0,0,1788050435.6118917,G1,T01,angolo_120,1,moving
5664501,0,0,0,0,0,0,0,0,17,10,8,15,11,5,6,1,1,0,0,80,37,30,24,7,5,4,0,0,1788050435.8116393,G1,T01,angolo_120,1,moving
5664701,0,0,0,0,0,0,0,0,18,14,12,5,2,4,4,1,1,0,0,83,37,30,23,7,5,3,0,0,1788050436.010511,G1,T01,angolo_120,1,moving
5664901,0,0,0,0,0,0,0,0,14,9,11,11,9,1,5,1,1,0,0,84,37,30,23,7,5,3,0,0,1788050436.2116714,G1,T01,angolo_120,1,moving
5665101,0,0,0,0,0,0,0,0,20,23,14,3,8,10,5,4,1,0,0,83,35,31,24,7,5,3,0,0,1788050436.411781,G1,T01,angolo_120,1,moving
5665301,0,0,0,0,0,0,0,0,23,11,9,4,6,3,3,4,0,0,0,84,36,32,25,7,6,3,0,0,1788050436.6110044,G1,T01,angolo_120,1,moving
5665501,0,0,0,0,0,0,0,0,13,10,8,8,7,6,4,1,1,0,0,85,37,33,25,7,5,3,0,0,1788050436.8118644,G1,T01,angolo_120,1,moving
5665701,0,0,0,0,0,0,0,0,18,18,12,9,11,4,4,4,1,0,0,84,39,32,25,7,5,3,0,0,1788050437.0112832,G1,T01,angolo_120,1,moving
5665901,0,0,0,0,0,0,0,0,15,12,5,3,5,2,7,1,1,0,0,86,39,31,24,7,5,3,0,0,1788050437.2114956,G1,T01,angolo_120,1,moving
5666101,0,0,0,0,0,0,0,0,17,14,6,6,11,2,5,2,1,0,0,86,41,31,24,7,5,3,0,0,1788050437.4119034,G1,T01,angolo_120,1,moving
5666301,0,0,0,0,0,0,0,0,18,18,16,7,3,9,5,4,1,0,0,87,41,31,24,7,6,3,0,0,1788050437.6115596,G1,T01,angolo_120,1,moving
5666501,0,0,0,0,0,0,0,0,24,16,12,3,3,2,3,3,1,0,0,86,39,30,24,7,6,3,0,0,1788050437.8117783,G1,T01,angolo_120,1,moving
5666701,0,0,0,0,0,0,0,0,15,12,9,9,5,8,7,1,1,0,0,87,38,31,25,7,6,3,0,0,1788050438.0112612,G1,T01,angolo_120,1,moving
5666901,0,0,0,0,0,0,0,0,16,11,10,6,10,5,5,1,2,0,0,86,39,32,25,7,6,3,0,0,1788050438.2110405,G1,T01,angolo_120,1,moving
5667101,0,0,0,0,0,0,0,0,24,14,2,10,5,4,5,2,1,0,0,88,40,31,25,7,6,3,0,0,1788050438.411502,G1,T01,angolo_120,1,moving
5667301,0,0,0,0,0,0,0,0,13,9,12,10,9,1,6,1,1,0,0,87,41,32,25,7,6,3,0,0,1788050438.6110475,G1,T01,angolo_120,1,moving
5667501,0,0,0,0,0,0,0,0,18,17,13,9,12,11,5,4,1,0,0,85,42,33,25,7,6,3,0,0,1788050438.8116016,G1,T01,angolo_120,1,moving
5667701,0,0,0,0,0,0,0,0,26,16,10,3,5,7,4,3,1,0,0,91,44,35,26,7,6,3,0,0,1788050439.0117931,G1,T01,angolo_120,1,moving
5667901,0,0,0,0,0,0,0,0,20,8,14,8,6,10,7,1,1,0,0,90,44,34,27,7,6,3,0,0,1788050439.211086,G1,T01,angolo_120,1,moving
5668101,0,0,0,0,0,0,0,0,17,13,12,13,7,7,4,2,1,0,0,91,45,34,27,7,6,3,0,0,1788050439.411697,G1,T01,angolo_120,1,moving
5668301,0,0,0,0,0,0,0,0,17,15,3,2,10,5,5,2,1,0,0,91,45,35,28,7,6,3,0,0,1788050439.6116095,G1,T01,angolo_120,1,moving
5668501,0,0,0,0,0,0,0,0,19,14,11,14,7,5,3,3,0,0,0,94,45,35,28,7,6,3,0,0,1788050439.8111675,G1,T01,angolo_120,1,moving
5668701,0,0,0,0,0,0,0,0,22,24,7,8,13,13,6,3,1,0,0,92,47,36,28,7,6,3,0,0,1788050440.0118427,G1,T01,angolo_120,1,moving
5668901,0,0,0,0,0,0,0,0,14,13,17,9,10,3,3,3,1,0,0,93,47,37,29,7,6,3,0,0,1788050440.2109005,G1,T01,angolo_120,1,moving
5669101,0,0,0,0,0,0,0,0,19,19,17,15,13,8,7,1,2,0,0,95,49,38,29,7,6,3,0,0,1788050440.41205,G1,T01,angolo_120,1,moving
5669301,0,0,0,0,0,0,0,0,18,13,10,7,9,3,7,1,2,0,0,95,49,37,29,7,6,3,0,0,1788050440.6116674,G1,T01,angolo_120,1,moving
5669501,0,0,0,0,0,0,0,0,20,15,8,3,7,2,5,2,2,0,0,97,48,37,28,7,6,4,0,0,1788050440.8105674,G1,T01,angolo_120,1,moving
5669701,0,0,0,0,0,0,0,0,23,20,15,11,5,7,7,4,2,0,0,99,48,36,28,7,7,4,0,0,1788050441.0107226,G1,T01,angolo_120,1,moving
5669901,0,0,0,0,0,0,0,0,18,18,18,10,10,7,4,3,2,0,0,98,49,37,29,7,7,4,0,0,1788050441.21152,G1,T01,angolo_120,1,moving
5670101,0,0,0,0,0,0,0,0,18,19,17,9,11,8,4,2,3,0,0,98,50,39,29,7,7,4,0,0,1788050441.411919,G1,T01,angolo_120,1,moving
5670301,0,0,0,0,0,0,0,0,15,14,7,3,3,7,7,1,1,0,0,95,51,39,30,8,6,4,0,0,1788050441.6109736,G1,T01,angolo_120,1,moving
5670501,0,0,0,0,0,0,0,0,19,13,7,2,2,5,5,2,3,0,0,98,52,40,30,8,6,4,0,0,1788050441.811772,G1,T01,angolo_120,1,moving
5670701,0,0,0,0,0,0,0,0,20,16,12,2,3,7,5,3,2,0,0,96,51,40,30,8,7,4,0,0,1788050442.0120606,G1,T01,angolo_120,1,moving
5670901,0,0,0,0,0,0,0,0,24,29,22,11,4,3,5,3,1,0,0,98,53,41,30,8,7,4,0,0,1788050442.212083,G1,T01,angolo_120,1,moving
5671101,0,0,0,0,0,0,0,0,14,9,11,8,3,5,4,4,1,0,0,96,50,39,30,7,7,4,0,0,1788050442.411913,G1,T01,angolo_120,1,moving
5671301,0,0,0,0,0,0,0,0,20,12,3,5,4,5,4,3,1,0,0,96,49,39,30,8,7,4,0,0,1788050442.6108289,G1,T01,angolo_120,1,moving
5671501,0,0,0,0,0,0,0,0,17,15,14,3,2,1,7,1,2,0,0,92,47,37,29,8,7,4,0,0,1788050442.8118618,G1,T01,angolo_120,1,moving
5671701,0,0,0,0,0,0,0,0,14,11,10,1,6,4,7,1,1,0,0,88,44,36,29,8,7,4,0,0,1788050443.011584,G1,T01,angolo_120,1,moving
5671901,0,0,0,0,0,0,0,0,17,13,6,9,6,9,7,2,1,0,0,87,44,35,28,7,6,4,0,0,1788050443.2114737,G1,T01,angolo_120,1,moving
5672101,0,0,0,0,0,0,0,0,19,23,18,9,9,4,5,3,1,0,0,87,42,36,27,7,6,4,0,0,1788050443.411547,G1,T01,angolo_120,1,moving
5672301,0,0,0,0,0,0,0,0,22,16,6,6,5,5,6,4,1,0,0,86,42,36,27,7,7,4,0,0,1788050443.6118193,G1,T01,angolo_120,1,moving
5672501,0,0,0,0,0,0,0,0,15,10,7,2,5,10,8,1,2,0,0,87,42,37,29,8,7,4,0,0,1788050443.8115017,G1,T01,angolo_120,1,moving
5672701,0,0,0,0,0,0,0,0,14,11,6,6,9,9,7,2,1,0,0,84,40,37,29,8,6,4,0,0,1788050444.0119588,G1,T01,angolo_120,1,moving
5672901,0,0,0,0,0,0,0,0,21,12,2,8,7,7,9,1,0,0,0,82,39,36,29,8,6,4,0,0,1788050444.2109952,G1,T01,angolo_120,1,moving
5673101,0,0,0,0,0,0,0,0,14,11,14,9,12,5,4,4,1,0,0,81,38,34,28,8,6,4,0,0,1788050444.4119856,G1,T01,angolo_120,1,moving
5673301,0,0,0,0,0,0,0,0,25,38,20,7,9,3,4,4,1,0,0,81,37,35,29,8,6,4,0,0,1788050444.6115875,G1,T01,angolo_120,1,moving
5673501,0,0,0,0,0,0,0,0,14,12,19,10,4,7,5,2,1,0,0,79,38,33,29,8,6,4,0,0,1788050444.811672,G1,T01,angolo_120,1,moving
5673701,0,0,0,0,0,0,0,0,15,10,8,11,4,1,2,3,1,0,0,76,37,34,28,8,6,4,0,0,1788050445.011755,G1,T01,angolo_120,1,moving
5673901,0,0,0,0,0,0,0,0,15,15,20,5,4,6,5,2,3,0,0,78,36,34,28,8,6,4,0,0,1788050445.2111259,G1,T01,angolo_120,1,moving
5674101,0,0,0,0,0,0,0,0,16,16,11,12,8,8,8,1,1,0,0,81,36,34,29,9,7,4,0,0,1788050445.4120934,G1,T01,angolo_120,1,moving
5674301,0,0,0,0,0,0,0,0,18,33,18,5,12,4,4,4,2,0,0,82,36,35,28,9,7,4,0,0,1788050445.6110394,G1,T01,angolo_120,1,moving
5674501,0,0,0,0,0,0,0,0,19,23,11,4,6,4,3,4,1,0,0,84,35,33,27,8,7,4,0,0,1788050445.8118186,G1,T01,angolo_120,1,moving
5674701,0,0,0,0,0,0,0,0,22,12,9,6,3,2,5,3,1,0,0,86,36,32,26,8,6,4,0,0,1788050446.0117002,G1,T01,angolo_120,1,moving
5674901,0,0,0,0,0,0,0,0,17,16,23,15,10,5,4,2,3,0,0,86,36,32,26,9,7,4,0,0,1788050446.2121258,G1,T01,angolo_120,1,moving
5675101,0,0,0,0,0,0,0,0,17,14,9,4,7,7,5,2,1,0,0,87,38,33,27,9,6,4,0,0,1788050446.4110627,G1,T01,angolo_120,1,moving
5675301,0,0,0,0,0,0,0,0,15,10,9,5,11,7,5,1,2,0,0,93,39,33,27,9,7,4,0,0,1788050446.61215,G1,T01,angolo_120,1,moving
5675501,0,0,0,0,0,0,0,0,15,18,5,10,7,5,4,3,2,0,0,94,41,34,27,9,6,4,0,0,1788050446.8120532,G1,T01,angolo_120,1,moving
5675701,0,0,0,0,0,0,0,0,26,24,8,8,9,4,4,3,1,0,0,94,42,34,27,9,6,4,0,0,1788050447.0107813,G1,T01,angolo_120,1,moving
5675901,0,0,0,0,0,0,0,0,18,17,12,10,6,8,6,3,1,0,0,95,43,35,27,9,6,4,0,0,1788050447.2113285,G1,T01,angolo_120,1,moving
5676101,0,0,0,0,0,0,0,0,16,10,10,11,8,6,6,1,1,0,0,97,44,34,28,9,6,4,0,0,1788050447.4119678,G1,T01,angolo_120,1,moving
5676301,0,0,0,0,0,0,0,0,16,14,11,9,10,8,7,2,1,0,0,97,45,34,27,9,6,4,0,0,1788050447.6122775,G1,T01,angolo_120,1,moving
5676501,0,0,0,0,0,0,0,0,19,12,8,4,7,1,7,1,2,0,0,97,44,33,25,9,6,4,0,0,1788050447.8119771,G1,T01,angolo_120,1,moving
5676701,0,0,0,0,0,0,0,0,25,24,15,11,1,1,5,2,1,0,0,99,46,32,25,9,6,4,0,0,1788050448.0120373,G1,T01,angolo_120,1,moving
5676901,0,0,0,0,0,0,0,0,20,15,11,8,4,2,3,3,1,0,0,100,46,31,24,8,6,4,0,0,1788050448.2120895,G1,T01,angolo_120,1,moving
5677101,0,0,0,0,0,0,0,0,14,12,6,8,11,3,7,3,1,0,0,100,46,32,24,8,6,4,0,0,1788050448.4119065,G1,T01,angolo_120,1,moving
5677301,0,0,0,0,0,0,0,0,19,16,8,9,4,3,6,5,1,0,0,97,48,33,23,8,6,4,0,0,1788050448.6121852,G1,T01,angolo_120,1,moving
5677501,0,0,0,0,0,0,0,0,16,22,6,8,4,2,5,2,1,0,0,97,47,34,23,8,6,4,0,0,1788050448.811649,G1,T01,angolo_120,1,moving
5677701,0,0,0,0,0,0,0,0,17,10,8,9,2,6,5,1,2,0,0,100,48,33,23,8,6,4,0,0,1788050449.0109584,G1,T01,angolo_120,1,moving
5677901,0,0,0,0,0,0,0,0,21,28,22,9,4,3,6,3,1,0,0,97,47,32,22,8,6,4,0,0,1788050449.2117722,G1,T01,angolo_120,1,moving
5678101,0,0,0,0,0,0,0,0,22,33,22,9,5,2,6,4,2,0,0,96,46,32,21,7,6,3,0,0,1788050449.4116268,G1,T01,angolo_120,1,moving
5678301,0,0,0,0,0,0,0,0,18,14,4,7,7,3,6,3,2,0,0,96,46,30,21,7,5,3,0,0,1788050449.6121004,G1,T01,angolo_120,1,moving
5678501,0,0,0,0,0,0,0,0,17,9,8,5,3,4,7,3,1,0,0,93,47,32,22,7,5,3,0,0,1788050449.8115633,G1,T01,angolo_120,1,moving
5678701,0,0,0,0,0,0,0,0,14,17,13,13,12,3,5,2,2,0,0,91,48,34,23,7,5,3,0,0,1788050450.0124812,G1,T01,angolo_120,1,moving
5678901,0,0,0,0,0,0,0,0,13,8,2,8,11,4,5,4,1,0,0,91,48,35,24,7,5,3,0,0,1788050450.212183,G1,T01,angolo_120,1,moving
5679101,0,0,0,0,0,0,0,0,20,21,10,4,6,3,4,1,2,0,0,88,49,35,23,7,5,3,0,0,1788050450.4118824,G1,T01,angolo_120,1,moving
5679301,0,0,0,0,0,0,0,0,19,15,7,8,11,8,4,2,2,0,0,86,48,37,24,7,5,3,0,0,1788050450.6119688,G1,T01,angolo_120,1,moving
5679501,0,0,0,0,0,0,0,0,17,16,12,3,3,6,5,3,2,0,0,86,47,36,24,7,5,3,0,0,1788050450.8116896,G1,T01,angolo_120,1,moving
5679701,0,0,0,0,0,0,0,0,20,23,12,11,10,7,5,2,1,0,0,84,46,36,23,7,5,3,0,0,1788050451.0122926,G1,T01,angolo_120,1,moving
5679901,0,0,0,0,0,0,0,0,15,14,12,10,11,3,6,2,1,0,0,83,47,36,22,7,5,3,0,0,1788050451.2123582,G1,T01,angolo_120,1,moving
5680101,0,0,0,0,0,0,0,0,18,15,5,5,10,5,6,3,1,0,0,80,44,36,22,7,5,3,0,0,1788050451.4117353,G1,T01,angolo_120,1,moving
5680301,0,0,0,0,0,0,0,0,23,24,14,9,9,4,6,3,1,0,0,79,44,35,22,7,5,3,0,0,1788050451.6117363,G1,T01,angolo_120,1,moving
5680501,0,0,0,0,0,0,0,0,16,10,6,2,9,2,6,3,1,0,0,77,44,36,23,7,5,3,0,0,1788050451.8116708,G1,T01,angolo_120,1,moving
5680701,0,0,0,0,0,0,0,0,19,18,7,9,7,8,3,3,2,0,0,77,43,36,24,7,5,3,0,0,1788050452.0123508,G1,T01,angolo_120,1,moving
5680901,0,0,0,0,0,0,0,0,13,12,9,6,3,8,7,1,2,0,0,76,43,36,23,7,5,3,0,0,1788050452.2106495,G1,T01,angolo_120,1,moving
5681101,0,0,0,0,0,0,0,0,14,23,17,12,10,6,5,1,1,0,0,78,43,36,24,6,5,4,0,0,1788050452.412024,G1,T01,angolo_120,1,moving
5681301,0,0,0,0,0,0,0,0,21,11,10,13,13,8,5,2,1,0,0,80,44,36,25,6,5,4,0,0,1788050452.6117635,G1,T01,angolo_120,1,moving
5681501,0,0,0,0,0,0,0,0,17,20,12,6,4,4,6,3,1,0,0,78,45,37,25,6,5,4,0,0,1788050452.8121018,G1,T01,angolo_120,1,moving
5681701,0,0,0,0,0,0,0,0,19,18,15,10,11,6,5,3,2,0,0,79,45,39,25,6,6,4,0,0,1788050453.0119185,G1,T01,angolo_120,1,moving
5681901,0,0,0,0,0,0,0,0,14,10,11,6,8,10,6,3,1,0,0,78,45,41,26,6,6,4,0,0,1788050453.2119505,G1,T01,angolo_120,1,moving
5682101,0,0,0,0,0,0,0,0,19,17,10,7,7,4,5,3,1,0,0,74,45,41,26,6,5,4,0,0,1788050453.4115975,G1,T01,angolo_120,1,moving
5682301,0,0,0,0,0,0,0,0,19,15,13,4,5,1,5,3,1,0,0,76,44,39,26,6,5,4,0,0,1788050453.6118062,G1,T01,angolo_120,1,moving
5682501,0,0,0,0,0,0,0,0,22,14,5,9,6,3,7,2,1,0,0,74,43,38,25,7,6,4,0,0,1788050453.8119354,G1,T01,angolo_120,1,moving
5682701,0,0,0,0,0,0,0,0,18,14,3,4,1,3,5,3,1,0,0,73,43,38,25,7,6,4,0,0,1788050454.0116584,G1,T01,angolo_120,1,moving
5682901,0,0,0,0,0,0,0,0,19,26,18,1,5,2,3,4,1,0,0,74,42,37,24,7,6,4,0,0,1788050454.2123625,G1,T01,angolo_120,1,moving
5683101,0,0,0,0,0,0,0,0,17,14,11,5,2,9,5,3,1,0,0,75,40,35,25,7,6,4,0,0,1788050454.4105797,G1,T01,angolo_120,1,moving
5683301,0,0,0,0,0,0,0,0,16,13,7,6,10,5,7,2,1,0,0,73,40,34,24,6,5,4,0,0,1788050454.6119397,G1,T01,angolo_120,1,moving
5683501,0,0,0,0,0,0,0,0,16,17,19,7,5,3,7,2,1,0,0,75,41,34,24,7,5,4,0,0,1788050454.8119617,G1,T01,angolo_120,1,moving
5683701,0,0,0,0,0,0,0,0,18,22,16,9,12,9,6,2,2,0,0,76,41,36,25,7,6,4,0,0,1788050455.0117126,G1,T01,angolo_120,1,moving
5683901,0,0,0,0,0,0,0,0,19,18,10,8,1,5,5,4,1,0,0,76,41,34,25,7,6,4,0,0,1788050455.2109525,G1,T01,angolo_120,1,moving
5684101,0,0,0,0,0,0,0,0,20,17,7,10,9,8,5,2,2,0,0,77,42,35,26,7,6,3,0,0,1788050455.4122322,G1,T01,angolo_120,1,moving
5684301,0,0,0,0,0,0,0,0,17,12,10,3,10,12,8,2,2,0,0,78,42,35,27,7,6,3,0,0,1788050455.6118567,G1,T01,angolo_120,1,moving
5684501,0,0,0,0,0,0,0,0,16,17,6,15,5,7,6,2,2,0,0,76,43,35,26,7,5,4,0,0,1788050455.8112485,G1,T01,angolo_120,1,moving
5684701,0,0,0,0,0,0,0,0,18,15,10,9,4,4,6,2,1,0,0,78,43,34,26,7,5,4,0,0,1788050456.0124695,G1,T01,angolo_120,1,moving
5684901,0,0,0,0,0,0,0,0,14,10,6,5,10,6,8,1,1,0,0,79,43,35,26,7,6,3,0,0,1788050456.2116928,G1,T01,angolo_120,1,moving
5685101,0,0,0,0,0,0,0,0,19,16,10,7,8,2,5,3,1,0,0,77,44,36,26,7,6,4,0,0,1788050456.4117122,G1,T01,angolo_120,1,moving
5685301,0,0,0,0,0,0,0,0,20,18,11,3,2,2,5,5,1,0,0,77,42,34,26,7,6,4,0,0,1788050456.6122534,G1,T01,angolo_120,1,moving
5685501,0,0,0,0,0,0,0,0,18,16,13,9,9,6,6,3,1,0,0,77,42,34,26,7,6,4,0,0,1788050456.8125749,G1,T01,angolo_120,1,moving
5685701,0,0,0,0,0,0,0,0,16,15,16,8,2,4,5,1,1,0,0,75,41,34,26,7,6,4,0,0,1788050457.0117857,G1,T01,angolo_120,1,moving
5685901,0,0,0,0,0,0,0,0,15,12,14,5,10,1,7,1,2,0,0,74,40,32,26,7,6,4,0,0,1788050457.2120032,G1,T01,angolo_120,1,moving
5686101,0,0,0,0,0,0,0,0,18,13,5,4,4,9,7,3,2,0,0,73,39,32,26,7,6,4,0,0,1788050457.411585,G1,T01,angolo_120,1,moving
5686301,0,0,0,0,0,0,0,0,20,30,18,6,5,4,5,4,1,0,0,71,40,34,26,7,6,4,0,0,1788050457.6119506,G1,T01,angolo_120,1,moving
5686501,0,0,0,0,0,0,0,0,14,11,18,11,13,8,5,5,1,0,0,76,43,35,27,7,6,4,0,0,1788050457.811982,G1,T01,angolo_120,1,moving
5686701,0,0,0,0,0,0,0,0,14,17,12,11,3,10,5,4,1,0,0,79,43,34,28,7,6,4,0,0,1788050458.0118477,G1,T01,angolo_120,1,moving
5686901,0,0,0,0,0,0,0,0,14,13,17,13,10,4,5,2,3,0,0,76,43,34,26,7,6,4,0,0,1788050458.2119129,G1,T01,angolo_120,1,moving
5687101,0,0,0,0,0,0,0,0,18,17,16,3,6,7,6,1,1,0,0,78,43,34,26,7,6,4,0,0,1788050458.4126167,G1,T01,angolo_120,1,moving
5687301,0,0,0,0,0,0,0,0,19,15,8,5,5,4,5,1,2,0,0,79,45,35,26,7,6,4,0,0,1788050458.6117144,G1,T01,angolo_120,1,moving
5687501,0,0,0,0,0,0,0,0,16,17,15,12,6,1,5,4,2,0,0,77,45,35,26,7,6,4,0,0,1788050458.8119302,G1,T01,angolo_120,1,moving
5687701,0,0,0,0,0,0,0,0,17,9,13,8,7,7,4,3,2,0,0,79,44,34,25,7,6,4,0,0,1788050459.0119693,G1,T01,angolo_120,1,moving
5687901,0,0,0,0,0,0,0,0,17,15,13,10,5,7,6,1,2,0,0,79,44,34,25,7,6,4,0,0,1788050459.2119935,G1,T01,angolo_120,1,moving
5688101,0,0,0,0,0,0,0,0,17,12,11,9,6,7,4,1,2,0,0,78,43,33,24,7,6,4,0,0,1788050459.4126503,G1,T01,angolo_120,1,moving
5688301,0,0,0,0,0,0,0,0,17,10,5,3,9,4,4,2,1,0,0,82,43,32,23,7,6,4,0,0,1788050459.6119657,G1,T01,angolo_120,1,moving
5688501,0,0,0,0,0,0,0,0,16,15,10,7,8,4,5,2,2,0,0,83,43,32,23,8,6,4,0,0,1788050459.811939,G1,T01,angolo_120,1,moving
5688701,0,0,0,0,0,0,0,0,22,29,23,6,2,6,6,3,0,0,0,82,43,33,23,8,6,4,0,0,1788050460.0120451,G1,T01,angolo_120,1,moving
5688901,0,0,0,0,0,0,0,0,16,13,2,4,5,4,7,4,2,0,0,82,43,33,24,8,6,4,0,0,1788050460.2117414,G1,T01,angolo_120,1,moving
5689101,0,0,0,0,0,0,0,0,13,11,12,4,9,10,5,4,1,0,0,84,41,33,25,8,6,4,0,0,1788050460.4129648,G1,T01,angolo_120,1,moving
5689301,0,0,0,0,0,0,0,0,16,18,18,8,7,2,6,2,1,0,0,83,41,33,24,7,6,4,0,0,1788050460.6119227,G1,T01,angolo_120,1,moving
5689501,0,0,0,0,0,0,0,0,17,20,8,12,5,4,5,2,1,0,0,87,42,33,25,7,6,4,0,0,1788050460.8119667,G1,T01,angolo_120,1,moving
5689701,0,0,0,0,0,0,0,0,14,12,13,4,3,10,6,3,2,0,0,87,43,33,25,7,6,4,0,0,1788050461.012875,G1,T01,angolo_120,1,moving
5689901,0,0,0,0,0,0,0,0,20,23,19,8,7,8,6,5,1,0,0,89,43,34,26,7,6,4,0,0,1788050461.2125697,G1,T01,angolo_120,1,moving
5690101,0,0,0,0,0,0,0,0,16,12,12,4,8,4,3,3,2,0,0,91,43,34,26,8,6,4,0,0,1788050461.4127066,G1,T01,angolo_120,1,moving
5690301,0,0,0,0,0,0,0,0,14,13,14,6,4,5,3,3,1,0,0,91,42,35,27,8,6,4,0,0,1788050461.6117718,G1,T01,angolo_120,1,moving
5690501,0,0,0,0,0,0,0,0,14,19,12,4,5,6,7,4,1,0,0,87,40,33,26,8,6,4,0,0,1788050461.8125763,G1,T01,angolo_120,1,moving
5690701,0,0,0,0,0,0,0,0,18,17,9,6,7,4,5,2,1,0,0,89,39,33,26,8,5,4,0,0,1788050462.012035,G1,T01,angolo_120,1,moving
5690901,0,0,0,0,0,0,0,0,19,14,9,8,5,6,4,2,1,0,0,88,38,32,27,8,5,4,0,0,1788050462.211201,G1,T01,angolo_120,1,moving
5691101,0,0,0,0,0,0,0,0,19,19,13,9,10,9,4,5,1,0,0,87,39,33,27,8,6,4,0,0,1788050462.4122689,G1,T01,angolo_120,1,moving
5691301,0,0,0,0,0,0,0,0,18,15,7,6,11,7,3,3,2,0,0,85,36,31,28,8,6,4,0,0,1788050462.612777,G1,T01,angolo_120,1,moving
5691501,0,0,0,0,0,0,0,0,14,13,13,14,6,7,7,3,1,0,0,87,36,33,29,8,6,4,0,0,1788050462.812708,G1,T01,angolo_120,1,moving
5691701,0,0,0,0,0,0,0,0,17,19,21,10,6,4,6,2,1,0,0,84,37,34,29,8,6,4,0,0,1788050463.0122707,G1,T01,angolo_120,1,moving
5691901,0,0,0,0,0,0,0,0,14,13,7,9,11,9,5,3,1,0,0,85,37,36,30,8,5,4,0,0,1788050463.2128246,G1,T01,angolo_120,1,moving
5692101,0,0,0,0,0,0,0,0,16,10,12,9,8,2,5,2,2,0,0,85,37,36,30,8,5,4,0,0,1788050463.4128034,G1,T01,angolo_120,1,moving
5692301,0,0,0,0,0,0,0,0,17,18,14,4,6,6,4,4,2,0,0,80,37,36,30,7,5,3,0,0,1788050463.612002,G1,T01,angolo_120,1,moving
5692501,0,0,0,0,0,0,0,0,18,15,8,6,3,7,5,4,1,0,0,81,37,35,30,8,5,4,0,0,1788050463.812683,G1,T01,angolo_120,1,moving
5692701,0,0,0,0,0,0,0,0,18,18,9,8,7,9,6,4,2,0,0,79,37,35,30,7,6,4,0,0,1788050464.012625,G1,T01,angolo_120,1,moving
5692901,0,0,0,0,0,0,0,0,19,12,7,5,7,5,3,2,2,0,0,77,36,34,29,8,6,4,0,0,1788050464.2128613,G1,T01,angolo_120,1,moving
5693101,0,0,0,0,0,0,0,0,20,13,6,6,6,3,4,2,1,0,0,81,36,34,29,8,6,4,0,0,1788050464.4119098,G1,T01,angolo_120,1,moving
5693301,0,0,0,0,0,0,0,0,18,14,10,6,4,11,6,3,1,0,0,78,35,33,29,8,6,4,0,0,1788050464.6126282,G1,T01,angolo_120,1,moving
5693501,0,0,0,0,0,0,0,0,18,23,12,7,4,7,7,3,2,0,0,75,33,33,29,8,6,3,0,0,1788050464.8126922,G1,T01,angolo_120,1,moving
5693701,0,0,0,0,0,0,0,0,18,10,10,10,7,9,5,3,1,0,0,76,33,33,29,8,6,4,0,0,1788050465.0128105,G1,T01,angolo_120,1,moving
5693901,0,0,0,0,0,0,0,0,17,14,16,10,5,2,6,3,1,0,0,75,34,33,28,8,5,4,0,0,1788050465.2120986,G1,T01,angolo_120,1,moving
5694101,0,0,0,0,0,0,0,0,17,9,15,10,7,2,5,1,2,0,0,75,36,33,27,8,6,4,0,0,1788050465.4125535,G1,T01,angolo_120,1,moving
5694301,0,0,0,0,0,0,0,0,20,18,12,8,13,8,6,3,1,0,0,75,36,34,28,8,6,4,0,0,1788050465.6127465,G1,T01,angolo_120,1,moving
5694501,0,0,0,0,0,0,0,0,18,14,9,5,8,4,5,2,0,0,0,74,35,33,28,8,5,4,0,0,1788050465.8126962,G1,T01,angolo_120,1,moving
5694701,0,0,0,0,0,0,0,0,15,12,9,10,10,1,4,4,1,0,0,72,37,33,27,8,6,4,0,0,1788050466.0128736,G1,T01,angolo_120,1,moving
5694901,0,0,0,0,0,0,0,0,15,15,16,14,4,1,3,3,1,0,0,79,41,34,27,8,6,4,0,0,1788050466.212468,G1,T01,angolo_120,1,moving
5695101,0,0,0,0,0,0,0,0,14,16,13,6,5,6,7,1,2,0,0,79,41,34,27,8,6,4,0,0,1788050466.4121454,G1,T01,angolo_120,1,moving
5695301,0,0,0,0,0,0,0,0,15,18,12,4,3,7,9,2,2,0,0,81,42,33,27,8,6,4,0,0,1788050466.612913,G1,T01,angolo_120,1,moving
5695501,0,0,0,0,0,0,0,0,17,13,10,4,4,5,7,2,1,0,0,83,41,31,26,8,6,4,0,0,1788050466.8129067,G1,T01,angolo_120,1,moving
5695701,0,0,0,0,0,0,0,0,24,25,13,4,8,2,5,2,1,0,0,81,41,31,25,8,6,4,0,0,1788050467.0127861,G1,T01,angolo_120,1,moving
5695901,0,0,0,0,0,0,0,0,18,13,3,6,4,5,5,3,1,0,0,83,41,30,25,8,6,4,0,0,1788050467.211943,G1,T01,angolo_120,1,moving
5696101,0,0,0,0,0,0,0,0,15,12,13,5,7,10,5,3,1,0,0,82,40,31,26,8,6,4,0,0,1788050467.4126902,G1,T01,angolo_120,1,moving
5696301,0,0,0,0,0,0,0,0,18,18,11,5,7,1,6,1,2,0,0,82,40,31,26,8,6,4,0,0,1788050467.6128948,G1,T01,angolo_120,1,moving
5696501,0,0,0,0,0,0,0,0,16,21,18,2,2,6,7,1,2,0,0,82,39,31,27,8,6,4,0,0,1788050467.812904,G1,T01,angolo_120,1,moving
5696701,0,0,0,0,0,0,0,0,18,13,3,6,4,9,6,2,2,0,0,85,39,30,26,8,6,4,0,0,1788050468.0127873,G1,T01,angolo_120,1,moving
5696901,0,0,0,0,0,0,0,0,16,18,10,10,11,7,5,3,1,0,0,86,39,31,26,8,6,4,0,0,1788050468.2131174,G1,T01,angolo_120,1,moving
5697101,0,0,0,0,0,0,0,0,14,9,4,6,4,6,4,4,2,0,0,82,39,31,26,8,6,4,0,0,1788050468.4124637,G1,T01,angolo_120,1,moving
5697301,0,0,0,0,0,0,0,0,17,21,16,6,7,5,4,5,1,0,0,84,39,31,26,8,6,4,0,0,1788050468.6128137,G1,T01,angolo_120,1,moving
5697501,0,0,0,0,0,0,0,0,14,14,11,3,2,9,6,2,1,0,0,86,38,31,27,8,6,4,0,0,1788050468.8126435,G1,T01,angolo_120,1,moving
5697701,0,0,0,0,0,0,0,0,17,17,18,10,11,11,6,2,2,0,0,85,38,31,27,8,6,4,0,0,1788050469.0122972,G1,T01,angolo_120,1,moving
5697901,0,0,0,0,0,0,0,0,14,15,7,3,5,2,7,3,1,0,0,86,37,30,27,8,6,4,0,0,1788050469.212807,G1,T01,angolo_120,1,moving
5698101,0,0,0,0,0,0,0,0,18,17,6,7,13,2,5,2,2,0,0,86,36,29,27,7,6,3,0,0,1788050469.4126124,G1,T01,angolo_120,1,moving
5698301,0,0,0,0,0,0,0,0,20,24,16,2,6,4,6,4,1,0,0,87,36,29,26,8,6,3,0,0,1788050469.6129448,G1,T01,angolo_120,1,moving
5698501,0,0,0,0,0,0,0,0,14,11,10,8,9,9,6,3,1,0,0,87,35,29,26,8,6,3,0,0,1788050469.8122444,G1,T01,angolo_120,1,moving
5698701,0,0,0,0,0,0,0,0,13,11,3,6,9,5,4,3,1,0,0,85,34,29,25,8,6,3,0,0,1788050470.0120249,G1,T01,angolo_120,1,moving
5698901,0,0,0,0,0,0,0,0,17,16,19,7,4,1,5,3,1,0,0,80,30,29,26,8,6,3,0,0,1788050470.213015,G1,T01,angolo_120,1,moving
5699101,0,0,0,0,0,0,0,0,17,16,11,9,13,7,6,2,1,0,0,80,30,28,25,8,5,3,0,0,1788050470.4129844,G1,T01,angolo_120,1,moving
5699301,0,0,0,0,0,0,0,0,23,19,13,8,8,5,5,5,0,0,0,78,30,29,25,8,5,3,0,0,1788050470.612875,G1,T01,angolo_120,1,moving
5699501,0,0,0,0,0,0,0,0,19,30,13,7,6,4,5,4,0,0,0,77,31,30,25,7,5,3,0,0,1788050470.8121078,G1,T01,angolo_120,1,moving
5699701,0,0,0,0,0,0,0,0,13,7,9,13,7,10,4,3,1,0,0,81,31,30,27,7,5,3,0,0,1788050471.0128691,G1,T01,angolo_120,1,moving
5699901,0,0,0,0,0,0,0,0,16,12,13,10,8,7,6,2,1,0,0,81,30,30,26,7,5,3,0,0,1788050471.213061,G1,T01,angolo_120,1,moving
5700101,0,0,0,0,0,0,0,0,15,12,10,8,11,1,6,2,1,0,0,83,32,30,25,8,5,3,0,0,1788050471.412858,G1,T01,angolo_120,1,moving
5700301,0,0,0,0,0,0,0,0,20,11,12,10,13,7,6,2,1,0,0,83,32,31,26,8,6,3,0,0,1788050471.6130216,G1,T01,angolo_120,1,moving
5700501,0,0,0,0,0,0,0,0,16,14,10,12,5,8,5,5,1,0,0,83,33,32,26,8,6,3,0,0,1788050471.812897,G1,T01,angolo_120,1,moving
5700701,0,0,0,0,0,0,0,0,18,13,2,2,8,2,5,4,1,0,0,82,34,33,26,8,5,3,0,0,1788050472.0130467,G1,T01,angolo_120,1,moving
5700901,0,0,0,0,0,0,0,0,13,12,13,3,7,8,5,2,1,0,0,82,33,34,27,7,5,3,0,0,1788050472.2131102,G1,T01,angolo_120,1,moving
5701101,0,0,0,0,0,0,0,0,19,12,8,2,1,2,6,1,2,0,0,82,34,34,27,7,5,3,0,0,1788050472.4130583,G1,T01,angolo_120,1,moving
5701301,0,0,0,0,0,0,0,0,15,12,10,11,5,6,5,2,2,0,0,83,35,33,28,7,5,3,0,0,1788050472.6129377,G1,T01,angolo_120,1,moving
5701501,0,0,0,0,0,0,0,0,16,16,13,9,2,8,5,2,1,0,0,84,35,32,26,7,5,3,0,0,1788050472.8131387,G1,T01,angolo_120,1,moving
5701701,0,0,0,0,0,0,0,0,20,23,21,9,5,9,7,4,2,0,0,84,36,32,26,7,5,3,0,0,1788050473.012766,G1,T01,angolo_120,1,moving
5701901,0,0,0,0,0,0,0,0,16,14,11,4,6,7,3,4,1,0,0,81,36,32,26,7,5,3,0,0,1788050473.213006,G1,T01,angolo_120,1,moving
5702101,0,0,0,0,0,0,0,0,15,16,12,6,5,2,4,3,1,0,0,82,35,32,27,7,5,3,0,0,1788050473.4130177,G1,T01,angolo_120,1,moving
5702301,0,0,0,0,0,0,0,0,13,12,16,4,6,4,6,1,1,0,0,80,36,32,27,7,6,3,0,0,1788050473.6131828,G1,T01,angolo_120,1,moving
5702501,0,0,0,0,0,0,0,0,17,15,10,3,9,3,4,2,1,0,0,82,37,32,26,8,6,3,0,0,1788050473.8130805,G1,T01,angolo_120,1,moving
5702701,0,0,0,0,0,0,0,0,24,19,11,10,6,3,6,2,1,0,0,84,38,33,27,8,6,3,0,0,1788050474.0131884,G1,T01,angolo_120,1,moving
5702901,0,0,0,0,0,0,0,0,18,19,10,5,4,5,5,3,1,0,0,83,38,34,28,8,6,3,0,0,1788050474.2127964,G1,T01,angolo_120,1,moving
5703101,0,0,0,0,0,0,0,0,19,15,5,5,10,6,2,3,1,0,0,82,36,35,29,8,6,3,0,0,1788050474.4107635,G1,T01,angolo_120,1,moving
5703301,0,0,0,0,0,0,0,0,14,11,8,11,10,7,6,3,1,0,0,85,36,35,29,8,6,3,0,0,1788050474.6130197,G1,T01,angolo_120,1,moving
5703501,0,0,0,0,0,0,0,0,14,15,15,4,6,4,3,2,1,0,0,82,35,34,28,8,6,3,0,0,1788050474.8132088,G1,T01,angolo_120,1,moving
5703701,0,0,0,0,0,0,0,0,20,16,11,6,2,4,6,1,2,0,0,81,35,33,27,8,6,3,0,0,1788050475.0132322,G1,T01,angolo_120,1,moving
5703901,0,0,0,0,0,0,0,0,16,11,6,2,7,3,5,2,1,0,0,78,35,33,27,8,6,4,0,0,1788050475.2128065,G1,T01,angolo_120,1,moving
5704101,0,0,0,0,0,0,0,0,14,14,12,14,2,2,4,3,1,0,0,77,36,34,27,7,6,3,0,0,1788050475.4132545,G1,T01,angolo_120,1,moving
5704301,0,0,0,0,0,0,0,0,21,14,4,9,1,8,3,2,1,0,0,80,35,32,26,8,5,4,0,0,1788050475.613103,G1,T01,angolo_120,1,moving
5704501,0,0,0,0,0,0,0,0,16,11,7,10,5,2,2,2,2,0,0,77,35,32,27,7,5,3,0,0,1788050475.8110309,G1,T01,angolo_120,1,moving
5704701,0,0,0,0,0,0,0,0,17,11,13,7,2,4,4,1,1,0,0,75,34,31,26,7,5,3,0,0,1788050476.0127149,G1,T01,angolo_120,1,moving
5704901,0,0,0,0,0,0,0,0,19,13,8,8,7,5,5,2,1,0,0,80,36,31,26,7,6,3,0,0,1788050476.2130005,G1,T01,angolo_120,1,moving
5705101,0,0,0,0,0,0,0,0,21,12,11,4,3,7,3,3,1,0,0,81,35,31,26,7,5,3,0,0,1788050476.412577,G1,T01,angolo_120,1,moving
5705301,0,0,0,0,0,0,0,0,14,11,14,7,7,9,4,5,2,0,0,79,34,32,26,8,6,3,0,0,1788050476.6127622,G1,T01,angolo_120,1,moving
5705501,0,0,0,0,0,0,0,0,18,19,10,4,5,1,3,3,0,0,0,81,35,32,26,8,6,3,0,0,1788050476.8132205,G1,T01,angolo_120,1,moving
5705701,0,0,0,0,0,0,0,0,14,10,12,9,4,8,5,3,1,0,0,81,35,32,26,8,6,3,0,0,1788050477.0131238,G1,T01,angolo_120,1,moving
5705901,0,0,0,0,0,0,0,0,17,19,12,7,6,6,6,1,1,0,0,83,35,32,27,8,6,3,0,0,1788050477.212548,G1,T01,angolo_120,1,moving
5706101,0,0,0,0,0,0,0,0,16,14,8,6,7,4,6,1,2,0,0,84,37,33,27,8,6,4,0,0,1788050477.4124267,G1,T01,angolo_120,1,moving
5706301,0,0,0,0,0,0,0,0,19,12,11,8,2,5,4,2,2,0,0,84,37,33,27,7,6,3,0,0,1788050477.6133063,G1,T01,angolo_120,1,moving
5706501,0,0,0,0,0,0,0,0,22,31,25,8,8,7,5,4,1,0,0,84,36,32,27,7,6,3,0,0,1788050477.8135269,G1,T01,angolo_120,1,moving
5706701,0,0,0,0,0,0,0,0,20,14,16,5,12,2,4,4,1,0,0,84,35,32,27,7,6,3,0,0,1788050478.012691,G1,T01,angolo_120,1,moving
5706901,0,0,0,0,0,0,0,0,16,13,4,11,12,9,7,3,1,0,0,81,36,33,26,7,6,3,0,0,1788050478.213305,G1,T01,angolo_120,1,moving
5707101,0,0,0,0,0,0,0,0,19,20,16,2,5,7,4,2,1,0,0,81,37,32,26,6,5,3,0,0,1788050478.4133725,G1,T01,angolo_120,1,moving
5707301,0,0,0,0,0,0,0,0,18,13,5,8,4,3,3,3,1,0,0,84,36,31,26,7,5,3,0,0,1788050478.613063,G1,T01,angolo_120,1,moving
5707501,0,0,0,0,0,0,0,0,21,20,12,10,14,7,3,2,1,0,0,84,37,31,26,7,6,4,0,0,1788050478.8135164,G1,T01,angolo_120,1,moving
5707701,0,0,0,0,0,0,0,0,13,15,13,8,9,11,4,2,2,0,0,83,38,33,27,7,5,3,0,0,1788050479.0129106,G1,T01,angolo_120,1,moving
5707901,0,0,0,0,0,0,0,0,15,12,5,5,9,4,4,4,1,0,0,87,38,34,27,7,6,3,0,0,1788050479.2130098,G1,T01,angolo_120,1,moving
5708101,0,0,0,0,0,0,0,0,20,19,6,8,9,1,2,4,1,0,0,88,35,33,28,7,6,3,0,0,1788050479.4132233,G1,T01,angolo_120,1,moving
5708301,0,0,0,0,0,0,0,0,16,21,16,8,11,4,7,2,1,0,0,86,35,34,28,7,6,3,0,0,1788050479.6127565,G1,T01,angolo_120,1,moving
5708501,0,0,0,0,0,0,0,0,14,11,2,7,3,9,9,2,1,0,0,90,37,35,29,8,6,3,0,0,1788050479.8129184,G1,T01,angolo_120,1,moving
5708701,0,0,0,0,0,0,0,0,14,17,14,8,10,4,6,1,1,0,0,91,38,35,28,8,6,3,0,0,1788050480.0133948,G1,T01,angolo_120,1,moving
5708901,0,0,0,0,0,0,0,0,19,27,21,14,13,11,6,1,1,0,0,88,39,37,29,8,6,3,0,0,1788050480.212731,G1,T01,angolo_120,1,moving
5709101,0,0,0,0,0,0,0,0,16,18,10,4,6,1,5,2,1,0,0,91,41,37,28,8,6,3,0,0,1788050480.412655,G1,T01,angolo_120,1,moving
5709301,0,0,0,0,0,0,0,0,20,12,11,12,11,8,6,1,2,0,0,92,42,38,29,8,5,3,0,0,1788050480.6129525,G1,T01,angolo_120,1,moving
5709501,0,0,0,0,0,0,0,0,18,12,18,10,6,8,6,2,2,0,0,90,40,39,29,7,5,3,0,0,1788050480.8127322,G1,T01,angolo_120,1,moving
5709701,0,0,0,0,0,0,0,0,16,12,10,2,5,3,7,2,2,0,0,91,41,38,27,7,5,3,0,0,1788050481.01312,G1,T01,angolo_120,1,moving
5709901,0,0,0,0,0,0,0,0,19,15,10,10,4,9,3,2,1,0,0,92,41,38,26,7,5,3,0,0,1788050481.2132146,G1,T01,angolo_120,1,moving
5710101,0,0,0,0,0,0,0,0,17,13,7,11,5,11,6,3,2,0,0,91,41,37,26,7,5,3,0,0,1788050481.4134974,G1,T01,angolo_120,1,moving
5710301,0,0,0,0,0,0,0,0,15,16,9,7,8,3,6,3,1,0,0,92,39,37,27,7,5,3,0,0,1788050481.6125805,G1,T01,angolo_120,1,moving
5710501,0,0,0,0,0,0,0,0,16,13,13,4,2,4,5,4,1,0,0,90,39,38,27,7,5,3,0,0,1788050481.8130796,G1,T01,angolo_120,1,moving
5710701,0,0,0,0,0,0,0,0,21,16,11,1,5,4,6,3,1,0,0,88,39,37,26,7,4,3,0,0,1788050482.013137,G1,T01,angolo_120,1,moving
5710901,0,0,0,0,0,0,0,0,13,10,6,5,9,7,7,2,1,0,0,91,39,36,26,7,5,3,0,0,1788050482.213189,G1,T01,angolo_120,1,moving
5711101,0,0,0,0,0,0,0,0,15,13,6,1,9,1,5,2,2,0,0,89,38,37,25,7,5,3,0,0,1788050482.4131386,G1,T01,angolo_120,1,moving
5711301,0,0,0,0,0,0,0,0,23,23,15,10,11,8,5,2,2,0,0,89,39,38,26,7,5,3,0,0,1788050482.6128926,G1,T01,angolo_120,1,moving
5711501,0,0,0,0,0,0,0,0,17,15,10,10,8,13,5,3,1,0,0,96,42,39,28,7,4,3,0,0,1788050482.812971,G1,T01,angolo_120,1,moving
5711701,0,0,0,0,0,0,0,0,19,18,15,9,2,5,9,1,1,0,0,95,41,39,29,8,5,3,0,0,1788050483.013056,G1,T01,angolo_120,1,moving
5711901,0,0,0,0,0,0,0,0,14,17,13,4,4,2,7,2,2,0,0,93,42,39,29,8,4,3,0,0,1788050483.2131593,G1,T01,angolo_120,1,moving
5712101,0,0,0,0,0,0,0,0,17,11,9,10,10,4,6,1,1,0,0,95,44,39,29,8,4,3,0,0,1788050483.4135962,G1,T01,angolo_120,1,moving
5712301,0,0,0,0,0,0,0,0,15,23,13,3,9,5,5,3,2,0,0,97,44,38,28,8,5,4,0,0,1788050483.613015,G1,T01,angolo_120,1,moving
5712501,0,0,0,0,0,0,0,0,17,14,10,12,8,1,4,3,1,0,0,94,43,37,27,7,5,4,0,0,1788050483.8133585,G1,T01,angolo_120,1,moving
5712701,0,0,0,0,0,0,0,0,16,14,5,2,3,7,6,3,1,0,0,95,42,37,28,7,5,4,0,0,1788050484.0130334,G1,T01,angolo_120,1,moving
5712901,0,0,0,0,0,0,0,0,17,11,9,7,5,3,3,2,2,0,0,92,39,34,27,8,5,4,0,0,1788050484.2134886,G1,T01,angolo_120,1,moving
5713101,0,0,0,0,0,0,0,0,14,18,11,9,9,2,6,1,2,0,0,90,39,34,27,8,5,4,0,0,1788050484.412718,G1,T01,angolo_120,1,moving
5713301,0,0,0,0,0,0,0,0,17,13,8,4,2,1,7,3,2,0,0,91,38,33,26,8,5,4,0,0,1788050484.6133056,G1,T01,angolo_120,1,moving
5713501,0,0,0,0,0,0,0,0,24,12,3,4,10,7,7,2,2,0,0,89,38,34,27,8,5,4,0,0,1788050484.8131266,G1,T01,angolo_120,1,moving
5713701,0,0,0,0,0,0,0,0,20,17,8,16,10,8,5,3,2,0,0,89,40,35,28,8,5,4,0,0,1788050485.0133636,G1,T01,angolo_120,1,moving
5713901,0,0,0,0,0,0,0,0,20,14,5,7,1,3,7,4,1,0,0,92,43,35,28,8,6,4,0,0,1788050485.2133267,G1,T01,angolo_120,1,moving
5714101,0,0,0,0,0,0,0,0,17,15,10,5,5,4,4,2,2,0,0,92,41,34,28,8,6,4,0,0,1788050485.413379,G1,T01,angolo_120,1,moving
5714301,0,0,0,0,0,0,0,0,16,19,16,12,6,3,6,1,1,0,0,92,42,33,27,9,6,4,0,0,1788050485.6135042,G1,T01,angolo_120,1,moving
5714501,0,0,0,0,0,0,0,0,14,12,8,9,7,3,6,4,3,0,0,97,44,34,28,9,6,4,0,0,1788050485.8128605,G1,T01,angolo_120,1,moving
5714701,0,0,0,0,0,0,0,0,15,7,3,9,9,5,5,2,2,0,0,100,44,35,29,9,6,4,0,0,1788050486.012993,G1,T01,angolo_120,1,moving
5714901,0,0,0,0,0,0,0,0,20,26,13,5,12,2,5,3,2,0,0,99,44,34,27,8,6,4,0,0,1788050486.2129805,G1,T01,angolo_120,1,moving
5715101,0,0,0,0,0,0,0,0,19,18,8,3,3,4,5,1,2,0,0,100,44,34,27,8,6,4,0,0,1788050486.4129465,G1,T01,angolo_120,1,moving
5715301,0,0,0,0,0,0,0,0,13,11,3,12,7,8,7,4,1,0,0,95,43,34,26,8,6,4,0,0,1788050486.612729,G1,T01,angolo_120,1,moving
5715501,0,0,0,0,0,0,0,0,20,19,15,7,6,5,6,3,1,0,0,88,41,32,25,8,6,4,0,0,1788050486.8137217,G1,T01,angolo_120,1,moving
5715701,0,0,0,0,0,0,0,0,15,16,14,9,10,2,7,1,2,0,0,94,41,31,24,7,7,4,0,0,1788050487.0134618,G1,T01,angolo_120,1,moving
5715901,0,0,0,0,0,0,0,0,18,16,6,9,2,7,5,2,1,0,0,94,42,30,24,7,6,4,0,0,1788050487.2134485,G1,T01,angolo_120,1,moving
5716101,0,0,0,0,0,0,0,0,24,30,20,7,12,9,6,3,1,0,0,92,41,30,23,7,6,4,0,0,1788050487.4131515,G1,T01,angolo_120,1,moving
5716301,0,0,0,0,0,0,0,0,19,20,12,3,5,8,7,2,1,0,0,96,42,31,24,7,6,4,0,0,1788050487.613429,G1,T01,angolo_120,1,moving
5716501,0,0,0,0,0,0,0,0,16,11,5,3,10,6,5,4,1,0,0,100,43,30,23,7,6,4,0,0,1788050487.812827,G1,T01,angolo_120,1,moving
5716701,0,0,0,0,0,0,0,0,14,19,20,16,8,4,7,2,1,0,0,100,45,31,22,7,7,4,0,0,1788050488.013368,G1,T01,angolo_120,1,moving
5716901,0,0,0,0,0,0,0,0,14,10,14,10,8,6,6,2,1,0,0,100,47,32,23,7,7,4,0,0,1788050488.2135348,G1,T01,angolo_120,1,moving
5717101,0,0,0,0,0,0,0,0,19,17,18,14,18,10,5,1,1,0,0,100,47,34,24,7,7,4,0,0,1788050488.4138079,G1,T01,angolo_120,1,moving
5717301,0,0,0,0,0,0,0,0,17,21,14,3,8,7,7,3,1,0,0,99,50,34,24,7,6,3,0,0,1788050488.613127,G1,T01,angolo_120,1,moving
5717501,0,0,0,0,0,0,0,0,27,19,13,4,8,11,6,3,1,0,0,100,52,34,24,7,6,3,0,0,1788050488.8136864,G1,T01,angolo_120,1,moving
5717701,0,0,0,0,0,0,0,0,15,19,16,9,7,6,4,3,1,0,0,100,49,34,24,7,6,3,0,0,1788050489.013179,G1,T01,angolo_120,1,moving
5717901,0,0,0,0,0,0,0,0,18,13,7,5,5,4,4,2,1,0,0,98,48,34,25,7,6,3,0,0,1788050489.2127392,G1,T01,angolo_120,1,moving
5718101,0,0,0,0,0,0,0,0,15,15,14,1,3,4,6,1,1,0,0,100,50,34,24,7,6,3,0,0,1788050489.413646,G1,T01,angolo_120,1,moving
5718301,0,0,0,0,0,0,0,0,14,11,9,7,2,5,4,2,1,0,0,100,49,34,25,7,6,3,0,0,1788050489.6133714,G1,T01,angolo_120,1,moving
5718501,0,0,0,0,0,0,0,0,19,25,18,11,9,1,4,3,1,0,0,98,49,34,24,7,5,3,0,0,1788050489.813032,G1,T01,angolo_120,1,moving
5718701,0,0,0,0,0,0,0,0,19,16,12,3,6,4,5,4,1,0,0,96,47,34,25,7,5,3,0,0,1788050490.0130303,G1,T01,angolo_120,1,moving
5718901,0,0,0,0,0,0,0,0,21,29,26,16,12,9,6,5,1,0,0,100,48,34,25,7,6,3,0,0,1788050490.2137828,G1,T01,angolo_120,1,moving
5719101,0,0,0,0,0,0,0,0,13,13,14,19,13,3,7,2,2,0,0,99,50,35,25,7,6,3,0,0,1788050490.412931,G1,T01,angolo_120,1,moving
5719301,0,0,0,0,0,0,0,0,15,12,13,5,9,7,6,2,1,0,0,100,50,34,26,8,5,3,0,0,1788050490.610543,G1,T01,angolo_120,1,moving
5719501,0,0,0,0,0,0,0,0,13,13,12,5,7,5,4,2,2,0,0,100,51,36,26,8,5,3,0,0,1788050490.8135703,G1,T01,angolo_120,1,moving
5719701,0,0,0,0,0,0,0,0,19,23,10,7,12,11,6,3,1,0,0,100,51,36,27,9,5,3,0,0,1788050491.013752,G1,T01,angolo_120,1,moving
5719901,0,0,0,0,0,0,0,0,20,16,8,6,7,3,4,3,1,0,0,100,55,38,27,9,5,3,0,0,1788050491.2132456,G1,T01,angolo_120,1,moving
5720101,0,0,0,0,0,0,0,0,21,16,14,10,3,5,5,4,1,0,0,100,56,37,27,9,5,3,0,0,1788050491.4139204,G1,T01,angolo_120,1,moving
5720301,0,0,0,0,0,0,0,0,16,10,3,5,7,6,6,1,2,0,0,100,55,37,27,9,5,3,0,0,1788050491.6129522,G1,T01,angolo_120,1,moving
5720501,0,0,0,0,0,0,0,0,17,11,15,4,4,4,5,2,2,0,0,100,53,37,28,9,5,3,0,0,1788050491.8137774,G1,T01,angolo_120,1,moving
5720701,0,0,0,0,0,0,0,0,15,11,8,7,9,6,6,1,3,0,0,100,53,36,28,9,5,3,0,0,1788050492.0136664,G1,T01,angolo_120,1,moving
5720901,0,0,0,0,0,0,0,0,16,17,17,14,8,6,6,1,1,0,0,100,52,36,28,9,5,3,0,0,1788050492.213685,G1,T01,angolo_120,1,moving
5721101,0,0,0,0,0,0,0,0,17,18,13,2,2,7,6,2,2,0,0,100,52,35,28,8,5,3,0,0,1788050492.413085,G1,T01,angolo_120,1,moving
5721301,0,0,0,0,0,0,0,0,18,13,9,4,5,7,5,3,2,0,0,100,49,35,28,8,5,3,0,0,1788050492.6132782,G1,T01,angolo_120,1,moving
5721501,0,0,0,0,0,0,0,0,17,14,6,3,5,6,5,1,2,0,0,97,47,34,27,8,5,3,0,0,1788050492.8136032,G1,T01,angolo_120,1,moving
5721701,0,0,0,0,0,0,0,0,15,10,16,9,8,2,6,1,2,0,0,98,47,33,26,8,5,4,0,0,1788050493.0136452,G1,T01,angolo_120,1,moving
5721901,0,0,0,0,0,0,0,0,14,9,13,4,4,4,7,1,2,0,0,98,46,33,26,7,5,4,0,0,1788050493.2129602,G1,T01,angolo_120,1,moving
5722101,0,0,0,0,0,0,0,0,18,26,9,16,9,2,6,4,1,0,0,93,46,33,25,7,5,4,0,0,1788050493.413595,G1,T01,angolo_120,1,moving
5722301,0,0,0,0,0,0,0,0,20,14,16,15,8,6,6,3,1,0,0,93,50,35,26,7,5,4,0,0,1788050493.6129434,G1,T01,angolo_120,1,moving
5722501,0,0,0,0,0,0,0,0,16,13,16,7,3,3,5,4,1,0,0,97,52,35,25,7,5,4,0,0,1788050493.8138182,G1,T01,angolo_120,1,moving
5722701,0,0,0,0,0,0,0,0,14,11,8,9,9,9,8,2,1,0,0,97,53,35,26,7,5,4,0,0,1788050494.0135114,G1,T01,angolo_120,1,moving
5722901,0,0,0,0,0,0,0,0,16,14,12,8,2,5,7,2,1,0,0,94,52,34,26,7,5,4,0,0,1788050494.212875,G1,T01,angolo_120,1,moving
5723101,0,0,0,0,0,0,0,0,17,12,7,5,9,6,7,3,1,0,0,97,51,34,26,7,5,4,0,0,1788050494.4128933,G1,T01,angolo_120,1,moving
5723301,0,0,0,0,0,0,0,0,21,20,10,5,5,6,6,3,1,0,0,94,51,33,26,7,5,4,0,0,1788050494.613292,G1,T01,angolo_120,1,moving
5723501,0,0,0,0,0,0,0,0,18,15,5,10,7,3,5,4,1,0,0,94,52,33,25,7,6,4,0,0,1788050494.8137598,G1,T01,angolo_120,1,moving
5723701,0,0,0,0,0,0,0,0,16,11,9,1,5,8,6,3,2,0,0,93,49,32,24,6,6,4,0,0,1788050495.0135214,G1,T01,angolo_120,1,moving
5723901,0,0,0,0,0,0,0,0,16,18,10,6,3,4,5,2,1,0,0,87,45,31,24,6,6,4,0,0,1788050495.21314,G1,T01,angolo_120,1,moving
5724101,0,0,0,0,0,0,0,0,13,11,9,12,14,4,5,2,2,0,0,85,45,32,24,6,5,4,0,0,1788050495.4137547,G1,T01,angolo_120,1,moving
5724301,0,0,0,0,0,0,0,0,15,17,8,7,1,2,6,3,1,0,0,86,45,32,24,6,6,4,0,0,1788050495.6131544,G1,T01,angolo_120,1,moving
5724501,0,0,0,0,0,0,0,0,19,15,2,11,10,2,6,2,2,0,0,81,45,31,23,6,6,4,0,0,1788050495.8138382,G1,T01,angolo_120,1,moving
5724701,0,0,0,0,0,0,0,0,13,24,23,14,6,3,5,5,1,0,0,81,47,32,23,6,6,3,0,0,1788050496.0139117,G1,T01,angolo_120,1,moving
5724901,0,0,0,0,0,0,0,0,16,15,11,12,4,2,3,3,1,0,0,81,46,31,22,6,6,4,0,0,1788050496.2135613,G1,T01,angolo_120,1,moving
5725101,0,0,0,0,0,0,0,0,23,18,10,9,5,2,3,3,1,0,0,84,46,30,22,7,6,4,0,0,1788050496.4131863,G1,T01,angolo_120,1,moving
5725301,0,0,0,0,0,0,0,0,13,17,12,6,7,3,4,3,1,0,0,82,47,31,21,7,6,4,0,0,1788050496.613405,G1,T01,angolo_120,1,moving
5725501,0,0,0,0,0,0,0,0,18,14,9,6,12,6,7,3,2,0,0,85,47,32,22,7,6,4,0,0,1788050496.813713,G1,T01,angolo_120,1,moving
5725701,0,0,0,0,0,0,0,0,13,15,13,12,8,3,6,2,1,0,0,84,48,33,22,7,7,4,0,0,1788050497.0139828,G1,T01,angolo_120,1,moving
5725901,0,0,0,0,0,0,0,0,18,18,7,9,10,8,6,3,2,0,0,84,48,34,22,7,7,3,0,0,1788050497.2137666,G1,T01,angolo_120,1,moving
5726101,0,0,0,0,0,0,0,0,15,10,8,4,7,3,4,3,2,0,0,85,47,34,23,8,7,4,0,0,1788050497.413003,G1,T01,angolo_120,1,moving
5726301,0,0,0,0,0,0,0,0,20,13,7,2,5,2,4,2,1,0,0,82,43,33,22,8,7,4,0,0,1788050497.6131096,G1,T01,angolo_120,1,moving
5726501,0,0,0,0,0,0,0,0,15,14,18,3,6,3,5,2,1,0,0,79,41,33,22,8,7,4,0,0,1788050497.8138535,G1,T01,angolo_120,1,moving
5726701,0,0,0,0,0,0,0,0,16,16,11,2,6,6,7,1,1,0,0,80,41,32,22,8,7,4,0,0,1788050498.0138266,G1,T01,angolo_120,1,moving
5726901,0,0,0,0,0,0,0,0,14,13,11,6,4,8,6,2,1,0,0,83,41,31,22,7,7,4,0,0,1788050498.2138827,G1,T01,angolo_120,1,moving
5727101,0,0,0,0,0,0,0,0,17,18,13,9,8,10,7,3,1,0,0,79,42,32,22,7,7,4,0,0,1788050498.414153,G1,T01,angolo_120,1,moving
5727301,0,0,0,0,0,0,0,0,16,19,14,10,14,10,4,4,1,0,0,84,43,33,23,7,7,4,0,0,1788050498.6142795,G1,T01,angolo_120,1,moving
5727501,0,0,0,0,0,0,0,0,18,13,5,7,6,6,7,1,2,0,0,85,41,33,24,8,7,4,0,0,1788050498.8140275,G1,T01,angolo_120,1,moving
5727701,0,0,0,0,0,0,0,0,16,13,12,7,6,2,7,1,1,0,0,87,41,33,23,8,7,4,0,0,1788050499.0137882,G1,T01,angolo_120,1,moving
5727901,0,0,0,0,0,0,0,0,13,11,7,8,5,6,6,2,1,0,0,89,43,34,23,8,7,4,0,0,1788050499.2138264,G1,T01,angolo_120,1,moving
5728101,0,0,0,0,0,0,0,0,15,16,14,8,4,4,5,3,1,0,0,88,41,33,23,8,7,4,0,0,1788050499.4136946,G1,T01,angolo_120,1,moving
5728301,0,0,0,0,0,0,0,0,21,26,20,13,10,8,7,5,1,0,0,87,43,34,23,9,7,4,0,0,1788050499.6136012,G1,T01,angolo_120,1,moving
5728501,0,0,0,0,0,0,0,0,23,23,3,5,10,6,7,3,1,0,0,89,42,35,23,9,7,4,0,0,1788050499.8139071,G1,T01,angolo_120,1,moving
5728701,0,0,0,0,0,0,0,0,20,17,5,10,6,10,5,3,1,0,0,87,40,35,24,9,7,4,0,0,1788050500.0132427,G1,T01,angolo_120,1,moving
5728901,0,0,0,0,0,0,0,0,16,13,3,8,5,5,2,2,2,0,0,84,40,35,25,8,7,4,0,0,1788050500.2126555,G1,T01,angolo_120,1,moving
5729101,0,0,0,0,0,0,0,0,13,9,11,9,6,1,5,1,2,0,0,84,39,34,25,8,7,4,0,0,1788050500.413029,G1,T01,angolo_120,1,moving
5729301,0,0,0,0,0,0,0,0,20,15,3,8,3,4,2,3,1,0,0,88,40,34,25,8,7,4,0,0,1788050500.613583,G1,T01,angolo_120,1,moving
5729501,0,0,0,0,0,0,0,0,21,26,16,10,11,9,1,4,1,0,0,88,40,34,25,8,7,4,0,0,1788050500.8138895,G1,T01,angolo_120,1,moving
5729701,0,0,0,0,0,0,0,0,19,25,13,9,8,5,2,1,2,0,0,91,40,33,25,8,7,4,0,0,1788050501.0139246,G1,T01,angolo_120,1,moving
5729901,0,0,0,0,0,0,0,0,19,14,14,12,15,8,2,4,1,0,0,93,40,33,26,8,7,4,0,0,1788050501.2141445,G1,T01,angolo_120,1,moving
5730101,0,0,0,0,0,0,0,0,21,18,13,12,8,1,5,1,1,0,0,94,41,33,25,8,6,4,0,0,1788050501.4133139,G1,T01,angolo_120,1,moving
5730301,0,0,0,0,0,0,0,0,13,13,9,5,8,9,5,2,2,0,0,99,44,35,26,9,6,3,0,0,1788050501.6138487,G1,T01,angolo_120,1,moving
5730501,0,0,0,0,0,0,0,0,15,18,15,9,5,7,2,3,2,0,0,99,44,35,27,9,6,4,0,0,1788050501.813864,G1,T01,angolo_120,1,moving
5730701,0,0,0,0,0,0,0,0,25,25,13,10,8,10,6,4,1,0,0,97,45,36,27,9,6,4,0,0,1788050502.0138252,G1,T01,angolo_120,1,moving
5730901,0,0,0,0,0,0,0,0,13,16,8,9,7,7,3,4,1,0,0,93,45,37,27,9,6,4,0,0,1788050502.2139273,G1,T01,angolo_120,1,moving
5731101,0,0,0,0,0,0,0,0,14,13,15,15,13,8,6,4,1,0,0,93,45,37,27,10,6,4,0,0,1788050502.4136782,G1,T01,angolo_120,1,moving
5731301,0,0,0,0,0,0,0,0,13,15,12,11,2,3,4,3,2,0,0,89,44,36,27,10,6,4,0,0,1788050502.6138217,G1,T01,angolo_120,1,moving
5731501,0,0,0,0,0,0,0,0,15,21,15,6,6,2,6,3,1,0,0,87,45,35,27,10,6,4,0,0,1788050502.8135827,G1,T01,angolo_120,1,moving
5731701,0,0,0,0,0,0,0,0,27,19,13,13,10,1,5,4,1,0,0,89,46,36,27,10,6,4,0,0,1788050503.0143065,G1,T01,angolo_120,1,moving
5731901,0,0,0,0,0,0,0,0,16,18,13,8,10,11,6,5,1,0,0,88,46,35,27,10,6,4,0,0,1788050503.2136798,G1,T01,angolo_120,1,moving
5732101,0,0,0,0,0,0,0,0,15,11,10,4,3,6,4,4,1,0,0,88,45,36,27,10,6,3,0,0,1788050503.4137998,G1,T01,angolo_120,1,moving
5732301,0,0,0,0,0,0,0,0,15,20,13,12,9,10,8,3,2,0,0,87,44,35,27,9,6,3,0,0,1788050503.6140997,G1,T01,angolo_120,1,moving
5732501,0,0,0,0,0,0,0,0,13,12,14,7,5,2,4,3,1,0,0,86,44,33,27,9,6,3,0,0,1788050503.813545,G1,T01,angolo_120,1,moving
5732701,0,0,0,0,0,0,0,0,17,19,12,2,7,7,4,1,1,0,0,86,44,33,27,9,6,3,0,0,1788050504.0138216,G1,T01,angolo_120,1,moving
5732901,0,0,0,0,0,0,0,0,18,14,8,2,3,6,4,3,1,0,0,85,44,33,27,9,6,3,0,0,1788050504.2139077,G1,T01,angolo_120,1,moving
5733101,0,0,0,0,0,0,0,0,19,16,11,4,11,11,7,4,1,0,0,83,45,34,28,9,6,3,0,0,1788050504.4138205,G1,T01,angolo_120,1,moving
5733301,0,0,0,0,0,0,0,0,20,17,2,7,8,5,6,2,2,0,0,80,45,35,29,9,6,3,0,0,1788050504.613052,G1,T01,angolo_120,1,moving
5733501,0,0,0,0,0,0,0,0,15,24,16,9,9,12,8,3,2,0,0,79,46,35,29,9,5,3,0,0,1788050504.8137338,G1,T01,angolo_120,1,moving
5733701,0,0,0,0,0,0,0,0,14,16,17,9,8,4,3,3,1,0,0,76,45,34,29,9,5,3,0,0,1788050505.0140567,G1,T01,angolo_120,1,moving
5733901,0,0,0,0,0,0,0,0,18,16,14,9,6,1,7,2,1,0,0,74,44,33,28,9,5,3,0,0,1788050505.213763,G1,T01,angolo_120,1,moving
5734101,0,0,0,0,0,0,0,0,18,14,6,7,10,4,7,3,2,0,0,74,43,32,28,10,5,3,0,0,1788050505.413676,G1,T01,angolo_120,1,moving
5734301,0,0,0,0,0,0,0,0,17,24,17,3,4,8,6,3,1,0,0,72,41,31,27,9,5,3,0,0,1788050505.6140947,G1,T01,angolo_120,1,moving
5734501,0,0,0,0,0,0,0,0,19,15,9,2,4,7,4,3,2,0,0,70,39,30,28,9,6,3,0,0,1788050505.813872,G1,T01,angolo_120,1,moving
5734701,0,0,0,0,0,0,0,0,13,22,13,11,10,11,6,3,1,0,0,69,39,31,28,8,6,3,0,0,1788050506.0143077,G1,T01,angolo_120,1,moving
5734901,0,0,0,0,0,0,0,0,18,12,9,11,10,2,6,2,1,0,0,70,40,30,28,8,5,3,0,0,1788050506.2139678,G1,T01,angolo_120,1,moving
5735101,0,0,0,0,0,0,0,0,15,10,7,8,6,3,6,2,1,0,0,69,38,28,26,8,5,3,0,0,1788050506.4140663,G1,T01,angolo_120,1,moving
5735301,0,0,0,0,0,0,0,0,18,14,3,5,9,5,5,4,2,0,0,69,38,29,26,8,5,3,0,0,1788050506.6139786,G1,T01,angolo_120,1,moving
5735501,0,0,0,0,0,0,0,0,17,19,19,11,5,4,6,3,1,0,0,69,38,30,26,7,5,3,0,0,1788050506.8138094,G1,T01,angolo_120,1,moving
5735701,0,0,0,0,0,0,0,0,14,13,6,7,7,4,3,4,2,0,0,64,37,31,27,8,5,3,0,0,1788050507.0140064,G1,T01,angolo_120,1,moving
5735901,0,0,0,0,0,0,0,0,19,16,7,8,9,2,4,2,2,0,0,64,37,31,26,8,5,3,0,0,1788050507.2133112,G1,T01,angolo_120,1,moving
5736101,0,0,0,0,0,0,0,0,15,10,11,7,4,2,4,1,1,0,0,65,39,31,26,8,5,3,0,0,1788050507.4141505,G1,T01,angolo_120,1,moving
5736301,0,0,0,0,0,0,0,0,19,15,6,4,2,1,6,1,2,0,0,66,38,29,26,8,5,4,0,0,1788050507.6136312,G1,T01,angolo_120,1,moving
5736501,0,0,0,0,0,0,0,0,24,10,14,12,5,8,5,2,2,0,0,67,39,29,25,8,5,4,0,0,1788050507.8141031,G1,T01,angolo_120,1,moving
5736701,0,0,0,0,0,0,0,0,17,18,17,12,3,5,7,4,2,0,0,66,40,29,24,8,5,3,0,0,1788050508.0142395,G1,T01,angolo_120,1,moving
5736901,0,0,0,0,0,0,0,0,22,15,5,4,9,5,5,3,1,0,0,66,40,29,24,8,5,3,0,0,1788050508.2135842,G1,T01,angolo_120,1,moving
5737101,0,0,0,0,0,0,0,0,15,10,7,7,6,7,2,3,1,0,0,64,40,29,23,8,5,3,0,0,1788050508.4138398,G1,T01,angolo_120,1,moving
5737301,0,0,0,0,0,0,0,0,15,17,19,8,11,10,6,2,1,0,0,67,38,29,23,7,5,3,0,0,1788050508.6137855,G1,T01,angolo_120,1,moving
5737501,0,0,0,0,0,0,0,0,13,10,5,5,9,2,7,1,1,0,0,68,37,28,22,7,5,4,0,0,1788050508.8133445,G1,T01,angolo_120,1,moving
5737701,0,0,0,0,0,0,0,0,20,16,13,11,5,3,3,3,2,0,0,69,39,29,22,7,5,4,0,0,1788050509.014276,G1,T01,angolo_120,1,moving
5737901,0,0,0,0,0,0,0,0,17,11,6,5,11,4,4,3,1,0,0,67,39,29,22,7,5,4,0,0,1788050509.2139552,G1,T01,angolo_120,1,moving
5738101,0,0,0,0,0,0,0,0,22,34,11,6,8,5,6,2,1,0,0,69,39,29,23,7,5,4,0,0,1788050509.4137652,G1,T01,angolo_120,1,moving
5738301,0,0,0,0,0,0,0,0,19,12,5,3,8,4,5,2,3,0,0,68,38,29,23,7,5,4,0,0,1788050509.6140018,G1,T01,angolo_120,1,moving
5738501,0,0,0,0,0,0,0,0,16,20,20,8,8,1,6,1,1,0,0,71,40,29,22,7,5,3,0,0,1788050509.8135793,G1,T01,angolo_120,1,moving
5738701,0,0,0,0,0,0,0,0,18,12,3,10,13,4,6,2,1,0,0,74,41,29,22,7,5,3,0,0,1788050510.0141478,G1,T01,angolo_120,1,moving
5738901,0,0,0,0,0,0,0,0,27,13,13,6,5,4,6,1,1,0,0,76,40,30,22,7,5,3,0,0,1788050510.2136781,G1,T01,angolo_120,1,moving
5739101,0,0,0,0,0,0,0,0,14,13,12,2,8,9,6,2,1,0,0,78,41,30,24,7,5,3,0,0,1788050510.4141912,G1,T01,angolo_120,1,moving
5739301,0,0,0,0,0,0,0,0,17,14,10,6,1,8,7,2,1,0,0,78,40,31,24,7,5,3,0,0,1788050510.6139755,G1,T01,angolo_120,1,moving
5739501,0,0,0,0,0,0,0,0,16,10,4,6,11,7,5,1,2,0,0,76,39,31,24,7,5,3,0,0,1788050510.813794,G1,T01,angolo_120,1,moving
5739701,0,0,0,0,0,0,0,0,18,15,10,10,2,1,5,2,2,0,0,77,40,30,23,7,5,3,0,0,1788050511.0137842,G1,T01,angolo_120,1,moving
5739901,0,0,0,0,0,0,0,0,15,10,6,11,8,8,7,2,1,0,0,78,38,28,23,7,5,3,0,0,1788050511.2140353,G1,T01,angolo_120,1,moving
5740101,0,0,0,0,0,0,0,0,15,15,9,3,6,9,5,4,2,0,0,79,39,28,23,7,5,3,0,0,1788050511.4142377,G1,T01,angolo_120,1,moving
5740301,0,0,0,0,0,0,0,0,16,14,12,5,3,6,6,1,1,0,0,79,39,28,24,7,5,3,0,0,1788050511.613785,G1,T01,angolo_120,1,moving
5740501,0,0,0,0,0,0,0,0,16,17,20,12,10,7,7,3,2,0,0,77,38,29,24,7,5,3,0,0,1788050511.8144639,G1,T01,angolo_120,1,moving
5740701,0,0,0,0,0,0,0,0,13,14,3,3,6,3,3,3,1,0,0,77,38,30,24,7,5,3,0,0,1788050512.0140038,G1,T01,angolo_120,1,moving
5740901,0,0,0,0,0,0,0,0,15,14,13,5,2,5,4,1,1,0,0,80,38,30,24,7,5,3,0,0,1788050512.2135456,G1,T01,angolo_120,1,moving
5741101,0,0,0,0,0,0,0,0,15,15,13,9,10,2,5,1,1,0,0,81,37,29,24,7,5,3,0,0,1788050512.4144359,G1,T01,angolo_120,1,moving
5741301,0,0,0,0,0,0,0,0,15,22,15,10,5,5,6,4,1,0,0,79,38,31,24,7,5,3,0,0,1788050512.613598,G1,T01,angolo_120,1,moving
5741501,0,0,0,0,0,0,0,0,23,17,12,10,10,7,5,4,1,0,0,82,41,32,25,7,5,3,0,0,1788050512.8145206,G1,T01,angolo_120,1,moving
5741701,0,0,0,0,0,0,0,0,16,12,14,11,10,9,6,5,2,0,0,83,41,33,27,7,5,3,0,0,1788050513.0145624,G1,T01,angolo_120,1,moving
5741901,0,0,0,0,0,0,0,0,16,11,11,9,7,5,5,3,1,0,0,83,41,33,28,7,5,3,0,0,1788050513.214039,G1,T01,angolo_120,1,moving
5742101,0,0,0,0,0,0,0,0,17,12,9,8,5,2,7,1,1,0,0,82,40,32,27,8,5,3,0,0,1788050513.4138873,G1,T01,angolo_120,1,moving
5742301,0,0,0,0,0,0,0,0,15,16,10,7,10,8,6,2,2,0,0,83,41,32,27,8,5,3,0,0,1788050513.613718,G1,T01,angolo_120,1,moving
5742501,0,0,0,0,0,0,0,0,19,10,10,4,4,9,4,2,1,0,0,79,41,33,28,8,5,4,0,0,1788050513.813707,G1,T01,angolo_120,1,moving
5742701,0,0,0,0,0,0,0,0,20,21,7,10,10,2,2,4,1,0,0,75,41,33,27,8,5,4,0,0,1788050514.0143788,G1,T01,angolo_120,1,moving
5742901,0,0,0,0,0,0,0,0,20,17,9,3,7,9,5,3,2,0,0,74,40,32,28,8,6,4,0,0,1788050514.213921,G1,T01,angolo_120,1,moving
5743101,0,0,0,0,0,0,0,0,16,10,14,13,8,6,7,2,1,0,0,75,42,33,27,8,6,4,0,0,1788050514.414334,G1,T01,angolo_120,1,moving
5743301,0,0,0,0,0,0,0,0,14,24,14,5,11,5,7,1,2,0,0,78,42,33,28,9,6,4,0,0,1788050514.613791,G1,T01,angolo_120,1,moving
5743501,0,0,0,0,0,0,0,0,14,14,14,8,9,8,5,2,1,0,0,81,44,32,28,9,6,4,0,0,1788050514.8137643,G1,T01,angolo_120,1,moving
5743701,0,0,0,0,0,0,0,0,17,28,16,8,5,8,5,3,1,0,0,82,43,31,28,9,6,4,0,0,1788050515.0146627,G1,T01,angolo_120,1,moving
5743901,0,0,0,0,0,0,0,0,19,16,8,4,4,1,4,4,1,0,0,83,44,31,28,9,7,4,0,0,1788050515.2140856,G1,T01,angolo_120,1,moving
5744101,0,0,0,0,0,0,0,0,19,14,11,6,4,2,2,3,2,0,0,84,43,32,27,9,7,4,0,0,1788050515.4138803,G1,T01,angolo_120,1,moving
5744301,0,0,0,0,0,0,0,0,16,19,12,4,11,1,5,1,1,0,0,82,43,33,27,9,7,4,0,0,1788050515.614272,G1,T01,angolo_120,1,moving
5744501,0,0,0,0,0,0,0,0,19,17,7,7,6,8,4,3,1,0,0,84,43,32,28,9,6,4,0,0,1788050515.814044,G1,T01,angolo_120,1,moving
5744701,0,0,0,0,0,0,0,0,14,9,6,7,9,2,3,3,1,0,0,84,42,32,28,9,6,4,0,0,1788050516.0137956,G1,T01,angolo_120,1,moving
5744901,0,0,0,0,0,0,0,0,23,24,18,9,10,9,4,3,1,0,0,84,41,32,28,9,6,4,0,0,1788050516.2145774,G1,T01,angolo_120,1,moving
5745101,0,0,0,0,0,0,0,0,14,10,7,5,8,4,3,3,1,0,0,84,41,31,28,9,7,4,0,0,1788050516.413932,G1,T01,angolo_120,1,moving
5745301,0,0,0,0,0,0,0,0,19,13,8,9,10,4,5,2,1,0,0,83,40,31,29,9,7,4,0,0,1788050516.6137288,G1,T01,angolo_120,1,moving
5745501,0,0,0,0,0,0,0,0,18,16,14,11,11,2,6,1,2,0,0,78,38,30,28,9,6,4,0,0,1788050516.8144472,G1,T01,angolo_120,1,moving
5745701,0,0,0,0,0,0,0,0,19,8,10,5,3,1,5,2,1,0,0,79,36,28,26,9,6,4,0,0,1788050517.0145438,G1,T01,angolo_120,1,moving
5745901,0,0,0,0,0,0,0,0,18,14,11,15,9,2,5,3,1,0,0,81,37,28,25,8,7,4,0,0,1788050517.2138758,G1,T01,angolo_120,1,moving
5746101,0,0,0,0,0,0,0,0,16,21,16,7,7,9,6,4,1,0,0,81,38,29,26,8,7,4,0,0,1788050517.4140272,G1,T01,angolo_120,1,moving
5746301,0,0,0,0,0,0,0,0,17,10,2,8,10,7,3,3,1,0,0,78,37,29,26,8,6,4,0,0,1788050517.6136394,G1,T01,angolo_120,1,moving
5746501,0,0,0,0,0,0,0,0,22,18,9,11,3,4,5,3,1,0,0,81,39,30,26,8,6,3,0,0,1788050517.8138185,G1,T01,angolo_120,1,moving
5746701,0,0,0,0,0,0,0,0,15,12,20,14,11,2,5,2,1,0,0,83,39,29,25,8,6,3,0,0,1788050518.0141177,G1,T01,angolo_120,1,moving
5746901,0,0,0,0,0,0,0,0,13,10,7,3,12,2,5,2,1,0,0,84,40,31,25,8,6,3,0,0,1788050518.214398,G1,T01,angolo_120,1,moving
5747101,0,0,0,0,0,0,0,0,21,18,9,2,2,3,6,3,1,0,0,82,36,29,24,8,6,3,0,0,1788050518.4135332,G1,T01,angolo_120,1,moving
5747301,0,0,0,0,0,0,0,0,15,14,17,11,3,9,5,3,1,0,0,80,39,30,24,7,6,3,0,0,1788050518.6141021,G1,T01,angolo_120,1,moving
5747501,0,0,0,0,0,0,0,0,18,21,13,8,4,5,4,4,1,0,0,83,40,30,24,7,6,3,0,0,1788050518.814293,G1,T01,angolo_120,1,moving
5747701,0,0,0,0,0,0,0,0,17,13,12,11,3,2,6,2,3,0,0,81,40,30,24,7,6,3,0,0,1788050519.0140333,G1,T01,angolo_120,1,moving
5747901,0,0,0,0,0,0,0,0,17,15,16,7,5,2,6,1,2,0,0,78,39,30,24,7,5,3,0,0,1788050519.213761,G1,T01,angolo_120,1,moving
5748101,0,0,0,0,0,0,0,0,18,15,11,2,1,6,6,3,1,0,0,81,38,31,25,7,5,3,0,0,1788050519.4141502,G1,T01,angolo_120,1,moving
5748301,0,0,0,0,0,0,0,0,18,20,17,11,12,1,4,3,1,0,0,83,41,30,24,7,5,3,0,0,1788050519.6148174,G1,T01,angolo_120,1,moving
5748501,0,0,0,0,0,0,0,0,17,12,8,4,6,4,3,3,1,0,0,81,41,30,23,7,5,3,0,0,1788050519.8139362,G1,T01,angolo_120,1,moving
5748701,0,0,0,0,0,0,0,0,18,11,4,6,8,1,3,4,2,0,0,80,41,30,23,7,6,3,0,0,1788050520.0145776,G1,T01,angolo_120,1,moving
5748901,0,0,0,0,0,0,0,0,13,12,7,6,4,6,5,3,1,0,0,78,42,31,23,7,6,3,0,0,1788050520.2144322,G1,T01,angolo_120,1,moving
5749101,0,0,0,0,0,0,0,0,16,15,11,8,5,7,5,2,1,0,0,78,43,32,22,7,5,3,0,0,1788050520.4145384,G1,T01,angolo_120,1,moving
5749301,0,0,0,0,0,0,0,0,15,14,5,4,3,1,4,3,2,0,0,78,44,31,22,7,6,3,0,0,1788050520.6145728,G1,T01,angolo_120,1,moving
5749501,0,0,0,0,0,0,0,0,17,15,3,3,3,1,6,1,1,0,0,74,43,30,21,7,5,3,0,0,1788050520.8143425,G1,T01,angolo_120,1,moving
5749701,0,0,0,0,0,0,0,0,17,13,5,10,11,9,4,3,2,0,0,73,46,33,22,7,5,3,0,0,1788050521.0146577,G1,T01,angolo_120,1,moving
5749901,0,0,0,0,0,0,0,0,17,12,9,11,6,1,4,3,1,0,0,72,46,34,23,7,6,3,0,0,1788050521.213871,G1,T01,angolo_120,1,moving
5750101,0,0,0,0,0,0,0,0,16,8,14,11,10,8,9,2,1,0,0,72,47,35,23,7,5,3,0,0,1788050521.4144905,G1,T01,angolo_120,1,moving
5750301,0,0,0,0,0,0,0,0,16,19,16,10,9,8,3,2,3,0,0,76,49,35,23,7,5,3,0,0,1788050521.6141763,G1,T01,angolo_120,1,moving
5750501,0,0,0,0,0,0,0,0,19,16,9,7,2,2,4,2,1,0,0,75,47,33,22,8,5,4,0,0,1788050521.8137627,G1,T01,angolo_120,1,moving
5750701,0,0,0,0,0,0,0,0,19,23,11,7,6,7,5,4,2,0,0,73,46,32,23,7,6,4,0,0,1788050522.0139763,G1,T01,angolo_120,1,moving
5750901,0,0,0,0,0,0,0,0,16,17,5,13,10,7,7,3,1,0,0,73,47,32,23,8,6,4,0,0,1788050522.2144256,G1,T01,angolo_120,1,moving
5751101,0,0,0,0,0,0,0,0,20,11,7,8,11,7,5,2,1,0,0,75,49,35,24,8,6,4,0,0,1788050522.414112,G1,T01,angolo_120,1,moving
5751301,0,0,0,0,0,0,0,0,17,15,16,14,11,1,4,2,1,0,0,72,48,35,24,8,5,4,0,0,1788050522.6148403,G1,T01,angolo_120,1,moving
5751501,0,0,0,0,0,0,0,0,22,14,7,10,5,3,3,3,1,0,0,70,48,35,23,8,5,4,0,0,1788050522.8137608,G1,T01,angolo_120,1,moving
5751701,0,0,0,0,0,0,0,0,18,16,12,4,5,6,4,3,2,0,0,70,48,35,23,8,5,3,0,0,1788050523.0146687,G1,T01,angolo_120,1,moving
5751901,0,0,0,0,0,0,0,0,15,12,5,2,4,2,3,3,1,0,0,68,48,35,23,8,5,3,0,0,1788050523.213912,G1,T01,angolo_120,1,moving
5752101,0,0,0,0,0,0,0,0,28,28,13,8,9,3,4,4,1,0,0,69,51,34,23,8,5,3,0,0,1788050523.41395,G1,T01,angolo_120,1,moving
5752301,0,0,0,0,0,0,0,0,22,10,16,9,11,11,5,4,1,0,0,69,49,34,25,8,5,3,0,0,1788050523.6146457,G1,T01,angolo_120,1,moving
5752501,0,0,0,0,0,0,0,0,18,16,2,7,9,8,3,2,1,0,0,69,50,35,25,8,5,3,0,0,1788050523.813989,G1,T01,angolo_120,1,moving
5752701,0,0,0,0,0,0,0,0,17,17,10,10,4,2,6,1,2,0,0,71,50,34,25,8,5,3,0,0,1788050524.014172,G1,T01,angolo_120,1,moving
5752901,0,0,0,0,0,0,0,0,18,17,13,12,11,5,2,3,2,0,0,73,50,34,25,8,5,3,0,0,1788050524.215027,G1,T01,angolo_120,1,moving
5753101,0,0,0,0,0,0,0,0,15,25,15,4,9,4,8,2,2,0,0,74,50,35,26,8,5,3,0,0,1788050524.4137826,G1,T01,angolo_120,1,moving
5753301,0,0,0,0,0,0,0,0,16,19,4,4,4,5,6,4,2,0,0,74,48,35,26,8,5,3,0,0,1788050524.6143754,G1,T01,angolo_120,1,moving
5753501,0,0,0,0,0,0,0,0,19,16,7,7,8,4,3,3,1,0,0,75,48,37,27,8,5,4,0,0,1788050524.8141353,G1,T01,angolo_120,1,moving
5753701,0,0,0,0,0,0,0,0,17,16,19,17,13,5,4,2,1,0,0,75,48,36,27,9,5,3,0,0,1788050525.0140681,G1,T01,angolo_120,1,moving
5753901,0,0,0,0,0,0,0,0,16,16,10,3,3,5,5,1,2,0,0,74,48,35,27,8,5,3,0,0,1788050525.2140243,G1,T01,angolo_120,1,moving
5754101,0,0,0,0,0,0,0,0,19,17,15,16,3,5,5,3,1,0,0,74,48,34,26,8,5,3,0,0,1788050525.4141169,G1,T01,angolo_120,1,moving
5754301,0,0,0,0,0,0,0,0,13,19,16,8,11,4,4,3,2,0,0,74,47,35,26,8,5,3,0,0,1788050525.614061,G1,T01,angolo_120,1,moving
5754501,0,0,0,0,0,0,0,0,19,16,5,10,13,5,4,4,2,0,0,74,47,38,28,8,5,3,0,0,1788050525.8140595,G1,T01,angolo_120,1,moving
5754701,0,0,0,0,0,0,0,0,19,23,9,9,9,7,5,1,2,0,0,75,48,39,28,8,5,3,0,0,1788050526.0142794,G1,T01,angolo_120,1,moving
5754901,0,0,0,0,0,0,0,0,17,5,8,3,8,7,3,1,1,0,0,76,46,39,28,8,5,3,0,0,1788050526.213792,G1,T01,angolo_120,1,moving
5755101,0,0,0,0,0,0,0,0,16,20,13,12,8,6,7,1,2,0,0,77,46,37,28,9,5,3,0,0,1788050526.4142447,G1,T01,angolo_120,1,moving
5755301,0,0,0,0,0,0,0,0,13,15,7,4,6,4,4,2,1,0,0,77,44,37,28,9,5,3,0,0,1788050526.6145961,G1,T01,angolo_120,1,moving
5755501,0,0,0,0,0,0,0,0,13,13,9,11,4,10,4,1,2,0,0,75,43,36,28,8,6,3,0,0,1788050526.8147774,G1,T01,angolo_120,1,moving
5755701,0,0,0,0,0,0,0,0,13,11,11,3,3,11,4,3,1,0,0,75,43,37,29,8,5,3,0,0,1788050527.011037,G1,T01,angolo_120,1,moving
5755901,0,0,0,0,0,0,0,0,16,21,13,12,9,4,5,3,1,0,0,76,44,37,29,8,5,3,0,0,1788050527.2139919,G1,T01,angolo_120,1,moving
5756101,0,0,0,0,0,0,0,0,18,9,6,13,3,5,6,1,3,0,0,72,43,38,28,9,5,3,0,0,1788050527.4145792,G1,T01,angolo_120,1,moving
5756301,0,0,0,0,0,0,0,0,13,10,10,10,8,2,5,2,1,0,0,72,44,37,27,8,5,3,0,0,1788050527.6146932,G1,T01,angolo_120,1,moving
5756501,0,0,0,0,0,0,0,0,23,21,15,11,9,7,5,3,0,0,0,71,44,37,27,8,5,3,0,0,1788050527.8148274,G1,T01,angolo_120,1,moving
5756701,0,0,0,0,0,0,0,0,16,21,10,7,6,1,7,4,1,0,0,70,43,39,28,8,5,4,0,0,1788050528.0147204,G1,T01,angolo_120,1,moving
5756901,0,0,0,0,0,0,0,0,19,15,11,2,6,6,5,3,2,0,0,69,42,38,27,8,6,4,0,0,1788050528.214127,G1,T01,angolo_120,1,moving
5757101,0,0,0,0,0,0,0,0,18,14,4,12,9,4,5,3,1,0,0,68,41,36,26,8,6,4,0,0,1788050528.414788,G1,T01,angolo_120,1,moving
5757301,0,0,0,0,0,0,0,0,23,13,9,11,8,5,7,2,1,0,0,69,43,36,26,8,6,4,0,0,1788050528.6141253,G1,T01,angolo_120,1,moving
5757501,0,0,0,0,0,0,0,0,26,18,8,11,9,7,3,2,3,0,0,68,44,36,26,8,5,4,0,0,1788050528.814841,G1,T01,angolo_120,1,moving
5757701,0,0,0,0,0,0,0,0,13,16,17,4,5,4,5,4,2,0,0,68,42,34,25,7,6,4,0,0,1788050529.0142975,G1,T01,angolo_120,1,moving
5757901,0,0,0,0,0,0,0,0,18,15,2,11,7,6,4,3,1,0,0,71,41,35,26,8,6,4,0,0,1788050529.2149296,G1,T01,angolo_120,1,moving
5758101,0,0,0,0,0,0,0,0,13,13,12,6,8,7,4,3,1,0,0,69,40,35,27,8,6,4,0,0,1788050529.414145,G1,T01,angolo_120,1,moving
5758301,0,0,0,0,0,0,0,0,15,11,16,11,7,3,6,1,1,0,0,68,41,34,26,8,6,3,0,0,1788050529.6147227,G1,T01,angolo_120,1,moving
5758501,0,0,0,0,0,0,0,0,15,16,7,5,5,6,7,1,2,0,0,66,40,32,25,8,6,4,0,0,1788050529.814086,G1,T01,angolo_120,1,moving
5758701,0,0,0,0,0,0,0,0,13,13,13,6,2,6,5,2,2,0,0,67,40,30,25,8,6,4,0,0,1788050530.0150497,G1,T01,angolo_120,1,moving
5758901,0,0,0,0,0,0,0,0,20,21,13,4,7,11,5,3,2,0,0,64,40,30,25,7,6,4,0,0,1788050530.21447,G1,T01,angolo_120,1,moving
5759101,0,0,0,0,0,0,0,0,18,12,2,2,1,6,3,3,2,0,0,63,40,30,25,7,6,4,0,0,1788050530.4144542,G1,T01,angolo_120,1,moving
5759301,0,0,0,0,0,0,0,0,21,11,4,8,10,4,6,3,1,0,0,62,40,31,27,7,6,4,0,0,1788050530.614357,G1,T01,angolo_120,1,moving
5759501,0,0,0,0,0,0,0,0,17,13,11,7,11,9,5,3,1,0,0,62,40,31,26,7,5,4,0,0,1788050530.8141322,G1,T01,angolo_120,1,moving
5759701,0,0,0,0,0,0,0,0,18,13,3,4,8,7,7,1,2,0,0,65,41,32,26,8,6,4,0,0,1788050531.0143437,G1,T01,angolo_120,1,moving
5759901,0,0,0,0,0,0,0,0,17,15,12,4,2,7,8,2,1,0,0,65,41,31,26,8,6,4,0,0,1788050531.2149088,G1,T01,angolo_120,1,moving
5760101,0,0,0,0,0,0,0,0,15,14,3,6,10,10,3,3,1,0,0,63,39,32,26,8,6,4,0,0,1788050531.4142673,G1,T01,angolo_120,1,moving
5760301,0,0,0,0,0,0,0,0,18,11,3,8,3,6,5,2,2,0,0,62,38,31,27,8,6,4,0,0,1788050531.614174,G1,T01,angolo_120,1,moving
5760501,0,0,0,0,0,0,0,0,22,16,3,5,3,3,7,2,2,0,0,61,37,31,28,8,6,4,0,0,1788050531.8147264,G1,T01,angolo_120,1,moving
5760701,0,0,0,0,0,0,0,0,14,14,8,5,8,9,6,1,2,0,0,61,37,31,27,8,6,4,0,0,1788050532.014872,G1,T01,angolo_120,1,moving
5760901,0,0,0,0,0,0,0,0,13,7,2,11,12,2,5,4,1,0,0,60,38,33,29,8,6,4,0,0,1788050532.2146268,G1,T01,angolo_120,1,moving
5761101,0,0,0,0,0,0,0,0,17,12,10,8,7,6,5,2,2,0,0,61,39,34,29,8,6,4,0,0,1788050532.414498,G1,T01,angolo_120,1,moving
5761301,0,0,0,0,0,0,0,0,16,14,12,7,6,9,4,3,2,0,0,61,39,34,29,8,6,4,0,0,1788050532.6143966,G1,T01,angolo_120,1,moving
5761501,0,0,0,0,0,0,0,0,15,9,7,6,9,5,5,2,2,0,0,63,39,34,29,8,6,4,0,0,1788050532.8138187,G1,T01,angolo_120,1,moving
5761701,0,0,0,0,0,0,0,0,14,11,7,12,5,4,8,2,1,0,0,61,41,35,31,8,6,4,0,0,1788050533.0148516,G1,T01,angolo_120,1,moving
5761901,0,0,0,0,0,0,0,0,16,16,11,9,7,5,6,2,1,0,0,58,42,35,30,8,6,4,0,0,1788050533.2148447,G1,T01,angolo_120,1,moving
5762101,0,0,0,0,0,0,0,0,17,14,4,9,6,4,7,3,2,0,0,59,41,34,29,8,6,4,0,0,1788050533.4140925,G1,T01,angolo_120,1,moving
5762301,0,0,0,0,0,0,0,0,17,18,8,6,10,6,6,2,2,0,0,58,42,33,29,8,6,4,0,0,1788050533.614169,G1,T01,angolo_120,1,moving
5762501,0,0,0,0,0,0,0,0,19,14,3,3,5,5,5,4,1,0,0,58,42,34,28,7,6,4,0,0,1788050533.8144994,G1,T01,angolo_120,1,moving
5762701,0,0,0,0,0,0,0,0,19,14,6,2,5,8,3,3,1,0,0,55,42,35,28,7,6,3,0,0,1788050534.0149617,G1,T01,angolo_120,1,moving
5762901,0,0,0,0,0,0,0,0,18,15,3,12,7,7,5,2,2,0,0,54,43,35,28,8,6,4,0,0,1788050534.2142334,G1,T01,angolo_120,1,moving
5763101,0,0,0,0,0,0,0,0,16,9,12,9,5,3,4,2,2,0,0,54,44,35,27,8,6,4,0,0,1788050534.4145138,G1,T01,angolo_120,1,moving
5763301,0,0,0,0,0,0,0,0,20,21,10,3,6,5,5,2,2,0,0,56,44,34,26,8,6,4,0,0,1788050534.613773,G1,T01,angolo_120,1,moving
5763501,0,0,0,0,0,0,0,0,23,18,5,6,7,1,6,2,2,0,0,54,42,33,26,7,6,3,0,0,1788050534.814827,G1,T01,angolo_120,1,moving
5763701,0,0,0,0,0,0,0,0,18,17,7,9,9,11,6,2,2,0,0,54,43,33,27,7,6,3,0,0,1788050535.0149772,G1,T01,angolo_120,1,moving
5763901,0,0,0,0,0,0,0,0,17,12,8,11,12,5,6,5,1,0,0,53,43,35,29,8,6,3,0,0,1788050535.2151253,G1,T01,angolo_120,1,moving
5764101,0,0,0,0,0,0,0,0,19,19,10,5,9,10,6,1,3,0,0,56,42,34,28,7,5,3,0,0,1788050535.4151313,G1,T01,angolo_120,1,moving
5764301,0,0,0,0,0,0,0,0,16,13,13,6,4,3,5,1,2,0,0,54,42,36,29,8,5,3,0,0,1788050535.6150315,G1,T01,angolo_120,1,moving
5764501,0,0,0,0,0,0,0,0,24,16,4,11,8,8,7,1,2,0,0,57,43,36,28,8,6,3,0,0,1788050535.81482,G1,T01,angolo_120,1,moving
5764701,0,0,0,0,0,0,0,0,16,13,12,12,12,12,8,4,1,0,0,58,44,36,29,8,6,3,0,0,1788050536.014696,G1,T01,angolo_120,1,moving
5764901,0,0,0,0,0,0,0,0,13,9,9,8,10,10,2,2,2,0,0,57,43,35,28,8,6,3,0,0,1788050536.2150455,G1,T01,angolo_120,1,moving
5765101,0,0,0,0,0,0,0,0,18,14,7,2,9,5,6,3,2,0,0,56,42,34,28,8,6,3,0,0,1788050536.4142756,G1,T01,angolo_120,1,moving
5765301,0,0,0,0,0,0,0,0,19,13,9,11,9,9,7,4,1,0,0,56,43,34,28,8,6,3,0,0,1788050536.614571,G1,T01,angolo_120,1,moving
5765501,0,0,0,0,0,0,0,0,14,13,7,12,6,7,6,1,3,0,0,53,43,34,28,9,6,4,0,0,1788050536.8149202,G1,T01,angolo_120,1,moving
5765701,0,0,0,0,0,0,0,0,18,16,14,6,7,4,5,1,2,0,0,56,41,33,27,8,6,4,0,0,1788050537.015213,G1,T01,angolo_120,1,moving
5765901,0,0,0,0,0,0,0,0,17,16,12,2,5,9,3,3,1,0,0,56,39,34,28,9,6,3,0,0,1788050537.2144732,G1,T01,angolo_120,1,moving
5766101,0,0,0,0,0,0,0,0,17,15,3,10,3,1,3,4,1,0,0,57,40,34,28,9,6,4,0,0,1788050537.414419,G1,T01,angolo_120,1,moving
5766301,0,0,0,0,0,0,0,0,18,13,7,6,11,13,7,2,1,0,0,57,39,36,30,9,6,4,0,0,1788050537.615158,G1,T01,angolo_120,1,moving
5766501,0,0,0,0,0,0,0,0,18,19,13,7,11,3,5,2,1,0,0,59,39,36,31,9,6,3,0,0,1788050537.8147125,G1,T01,angolo_120,1,moving
5766701,0,0,0,0,0,0,0,0,19,12,7,6,2,1,5,1,1,0,0,59,39,35,31,8,6,4,0,0,1788050538.0151062,G1,T01,angolo_120,1,moving
5766901,0,0,0,0,0,0,0,0,18,11,3,12,3,5,4,3,1,0,0,59,40,35,30,9,6,3,0,0,1788050538.2150743,G1,T01,angolo_120,1,moving
5767101,0,0,0,0,0,0,0,0,18,14,12,5,11,5,5,4,2,0,0,59,38,36,31,8,6,3,0,0,1788050538.4149022,G1,T01,angolo_120,1,moving
5767301,0,0,0,0,0,0,0,0,16,14,10,12,9,6,5,2,2,0,0,58,39,37,31,8,6,3,0,0,1788050538.6149147,G1,T01,angolo_120,1,moving
