timestamp_ms,radar_presence,moving_target,stationary_target,moving_distance_cm,stationary_distance_cm,moving_energy,stationary_energy,pir_presence,energy2420_gate0,energy2420_gate1,energy2420_gate2,energy2420_gate3,energy2420_gate4,energy2420_gate5,energy2420_gate6,energy2420_gate7,energy2420_gate8,energy2420_gate9,energy2420_gate10,energy2420_gate11,energy2420_gate12,energy2420_gate13,energy2420_gate14,energy2420_gate15,frames_ok,dist_raw_cm,pc_time_s,group_id,trial_id,scenario,ground_truth_presence,ground_truth_state
1946,1,1,0,61,0,0,0,-1,73,29,8,13,9,5,8,5,9,10,18,20,34,41,41,25,1,61,1788973570.2741055,G1,T05,banco2420_movimenti,1,static
2146,1,1,0,61,0,0,0,-1,25,13,9,13,16,13,5,5,9,13,18,13,34,34,41,25,1,61,1788973570.466826,G1,T05,banco2420_movimenti,1,static
2346,1,1,0,61,0,0,0,-1,52,34,17,29,10,13,9,8,10,18,18,13,34,34,41,34,1,61,1788973570.6737514,G1,T05,banco2420_movimenti,1,static
2546,1,1,0,61,0,0,0,-1,58,13,53,8,17,8,5,5,16,13,13,20,45,41,41,34,1,61,1788973570.8653927,G1,T05,banco2420_movimenti,1,static
2746,1,1,0,61,0,0,0,-1,225,106,40,8,9,9,5,5,20,13,18,13,34,34,41,25,1,61,1788973571.0732446,G1,T05,banco2420_movimenti,1,static
2946,1,1,0,61,0,0,0,-1,145,82,65,20,16,9,8,8,13,18,18,10,25,34,41,25,1,61,1788973571.264889,G1,T05,banco2420_movimenti,1,static
3146,1,1,0,61,0,0,0,-1,149,82,65,9,16,13,10,5,5,13,10,29,41,45,41,34,1,61,1788973571.4726677,G1,T05,banco2420_movimenti,1,static
3346,1,1,0,61,0,0,0,-1,149,52,25,20,17,9,10,8,10,8,8,20,41,41,41,34,1,61,1788973571.6640844,G1,T05,banco2420_movimenti,1,static
3546,1,1,0,61,0,0,0,-1,232,58,9,17,9,5,8,5,9,13,8,20,34,34,32,25,1,61,1788973571.8721747,G1,T05,banco2420_movimenti,1,static
3746,1,1,0,61,0,0,0,-1,68,13,26,10,13,5,5,13,13,13,13,20,34,29,32,25,1,61,1788973572.0635605,G1,T05,banco2420_movimenti,1,static
3946,1,1,0,61,0,0,0,-1,325,49,13,10,10,13,8,10,9,10,13,13,34,34,52,45,1,61,1788973572.2724102,G1,T05,banco2420_movimenti,1,static
4146,1,1,0,61,0,0,0,-1,170,32,10,13,8,13,5,10,8,13,13,17,25,34,52,34,1,61,1788973572.4642146,G1,T05,banco2420_movimenti,1,static
4346,1,1,0,61,0,0,0,-1,82,20,20,8,9,13,5,10,5,13,25,20,29,20,41,34,1,61,1788973572.672744,G1,T05,banco2420_movimenti,1,static
4546,1,1,0,61,0,0,0,-1,212,40,45,8,10,13,5,8,9,13,18,20,34,34,41,29,1,61,1788973572.8645003,G1,T05,banco2420_movimenti,1,static
4746,1,1,0,61,0,0,0,-1,37,53,26,10,10,13,5,5,10,18,13,13,34,34,41,34,1,61,1788973573.0734339,G1,T05,banco2420_movimenti,1,static
4946,1,1,0,61,0,0,0,-1,73,34,10,8,17,10,5,5,10,13,18,20,34,41,61,34,1,61,1788973573.2662656,G1,T05,banco2420_movimenti,1,static
5146,1,1,0,137,0,0,0,-1,68,25,73,8,17,8,5,5,8,18,18,29,41,45,41,34,1,137,1788973573.4767818,G1,T05,banco2420_movimenti,1,static
5346,1,1,0,137,0,0,0,-1,90,136,17,41,8,13,5,5,13,18,18,20,34,34,41,34,1,137,1788973573.6631925,G1,T05,banco2420_movimenti,1,static
5546,1,1,0,137,0,0,0,-1,113,26,10,25,5,9,8,5,10,18,13,20,34,34,41,29,1,137,1788973573.8708267,G1,T05,banco2420_movimenti,1,static
5746,1,1,0,137,0,0,0,-1,50,25,26,10,8,10,8,8,10,10,17,20,34,25,34,41,1,137,1788973574.0627067,G1,T05,banco2420_movimenti,1,static
5946,1,1,0,61,0,0,0,-1,100,181,45,10,17,8,10,5,10,13,18,13,34,34,50,34,1,61,1788973574.26976,G1,T05,banco2420_movimenti,1,static
6146,1,1,0,61,0,0,0,-1,58,80,29,18,26,13,8,10,10,20,25,10,34,41,41,34,1,61,1788973574.461648,G1,T05,banco2420_movimenti,1,static
6346,1,1,0,61,0,0,0,-1,101,81,13,9,10,5,10,5,10,13,18,10,34,34,41,34,1,61,1788973574.669701,G1,T05,banco2420_movimenti,1,static
6546,1,1,0,61,0,0,0,-1,194,52,26,5,10,5,8,5,10,13,18,17,34,34,41,34,1,61,1788973574.862371,G1,T05,banco2420_movimenti,1,static
6746,1,1,0,61,0,0,0,-1,170,106,17,8,17,5,9,8,10,13,25,17,34,34,41,34,1,61,1788973575.069959,G1,T05,banco2420_movimenti,1,static
6946,1,1,0,61,0,0,0,-1,169,61,37,13,10,5,5,5,10,13,20,17,25,34,41,34,1,61,1788973575.2764063,G1,T05,banco2420_movimenti,1,static
7146,1,1,0,61,0,0,0,-1,212,89,113,18,17,9,5,5,13,18,13,20,34,41,41,34,1,61,1788973575.46922,G1,T05,banco2420_movimenti,1,static
7346,1,1,0,61,0,0,0,-1,146,109,20,13,20,9,8,8,10,18,13,25,29,34,41,34,1,61,1788973575.6765552,G1,T05,banco2420_movimenti,1,static
7546,1,1,0,35,0,0,0,-1,68,53,26,5,20,10,5,10,9,20,13,17,34,34,41,25,1,35,1788973575.868212,G1,T05,banco2420_movimenti,1,static
7746,1,1,0,35,0,0,0,-1,74,32,50,8,29,10,8,10,13,10,13,5,34,34,41,34,1,35,1788973576.0767841,G1,T05,banco2420_movimenti,1,static
7946,1,1,0,35,0,0,0,-1,170,73,8,5,16,9,5,8,5,13,18,17,34,34,41,25,1,35,1788973576.2684953,G1,T05,banco2420_movimenti,1,static
8146,1,1,0,35,0,0,0,-1,97,116,10,10,20,8,10,5,5,10,8,20,34,41,41,25,1,35,1788973576.4770226,G1,T05,banco2420_movimenti,1,static
8346,1,1,0,35,0,0,0,-1,97,73,149,41,25,8,10,8,8,13,13,20,34,41,41,25,1,35,1788973576.669016,G1,T05,banco2420_movimenti,1,static
8546,1,1,0,35,0,0,0,-1,436,200,68,17,10,9,8,8,10,13,18,20,34,34,32,25,1,35,1788973576.8770723,G1,T05,banco2420_movimenti,1,static
8746,1,1,0,45,0,0,0,-1,274,180,36,32,20,5,10,5,9,13,18,20,41,52,32,25,1,45,1788973577.070118,G1,T05,banco2420_movimenti,1,static
8946,1,1,0,47,0,0,0,-1,100,145,68,40,17,9,5,13,9,13,18,13,34,41,34,25,1,47,1788973577.2774055,G1,T05,banco2420_movimenti,1,static
9146,1,1,0,47,0,0,0,-1,74,20,58,58,16,5,5,10,5,18,18,13,34,25,41,25,1,47,1788973577.469271,G1,T05,banco2420_movimenti,1,static
9346,1,1,0,47,0,0,0,-1,153,205,122,53,25,8,5,5,10,18,18,13,29,34,41,25,1,47,1788973577.6776876,G1,T05,banco2420_movimenti,1,static
9546,1,1,0,47,0,0,0,-1,45,25,49,37,20,8,5,5,10,13,18,17,34,34,41,20,1,47,1788973577.8699646,G1,T05,banco2420_movimenti,1,static
9746,1,1,0,47,0,0,0,-1,197,146,18,29,13,8,8,10,10,18,18,13,29,25,41,34,1,47,1788973578.0619507,G1,T05,banco2420_movimenti,1,static
9946,1,1,0,47,0,0,0,-1,74,148,104,49,20,5,5,8,5,25,18,13,29,34,41,25,1,47,1788973578.2697234,G1,T05,banco2420_movimenti,1,static
10146,1,1,0,47,0,0,0,-1,90,106,52,29,20,5,5,10,5,18,13,18,29,34,41,34,1,47,1788973578.4775329,G1,T05,banco2420_movimenti,1,static
10346,1,1,0,44,0,0,0,-1,370,157,13,29,20,10,5,9,8,10,13,18,29,41,41,34,1,44,1788973578.6694646,G1,T05,banco2420_movimenti,1,static
10546,1,1,0,41,0,0,0,-1,521,369,80,10,29,5,8,5,9,17,13,17,41,41,50,25,1,41,1788973578.8771794,G1,T05,banco2420_movimenti,1,static
10746,1,1,0,40,0,0,0,-1,337,338,73,20,20,5,8,8,9,18,13,10,25,34,41,34,1,40,1788973579.0694761,G1,T05,banco2420_movimenti,1,static
10946,1,1,0,40,0,0,0,-1,425,520,130,41,13,8,8,8,9,20,18,17,25,34,34,34,1,40,1788973579.276076,G1,T05,banco2420_movimenti,1,static
11146,1,1,0,40,0,0,0,-1,29,185,130,26,18,10,8,5,10,13,18,17,25,34,41,25,1,40,1788973579.475802,G1,T05,banco2420_movimenti,1,static
11346,1,1,0,58,0,0,0,-1,565,820,25,10,17,8,10,5,10,13,10,17,25,34,41,25,1,58,1788973579.6769898,G1,T05,banco2420_movimenti,1,static
11546,1,1,0,58,0,0,0,-1,225,234,100,25,17,8,5,5,5,20,18,17,25,34,41,25,1,58,1788973579.874831,G1,T05,banco2420_movimenti,1,static
11746,1,1,0,59,0,0,0,-1,109,53,17,26,5,13,8,8,9,20,13,20,34,41,41,25,1,59,1788973580.071344,G1,T05,banco2420_movimenti,1,static
11946,1,1,0,59,0,0,0,-1,548,425,101,45,26,5,5,10,10,8,13,13,29,41,41,34,1,59,1788973580.2746751,G1,T05,banco2420_movimenti,1,static
12146,1,1,0,59,0,0,0,-1,200,306,145,73,26,5,8,10,9,13,9,20,34,41,50,25,1,59,1788973580.4739382,G1,T05,banco2420_movimenti,1,static
12346,1,1,0,59,0,0,0,-1,117,153,65,58,17,8,10,5,9,13,13,17,34,41,34,25,1,59,1788973580.675728,G1,T05,banco2420_movimenti,1,static
12546,1,1,0,59,0,0,0,-1,130,153,100,49,18,5,8,8,9,20,13,17,41,34,41,34,1,59,1788973580.874038,G1,T05,banco2420_movimenti,1,static
12746,1,1,0,62,0,0,0,-1,274,338,125,53,20,8,8,5,10,8,20,13,20,34,50,29,1,62,1788973581.0761456,G1,T05,banco2420_movimenti,1,static
12946,1,1,0,62,0,0,0,-1,180,145,74,58,20,8,5,10,5,8,8,20,20,34,41,25,1,62,1788973581.2751343,G1,T05,banco2420_movimenti,1,static
13146,1,1,0,62,0,0,0,-1,122,130,36,53,13,5,8,9,10,13,18,17,25,25,41,25,1,62,1788973581.47653,G1,T05,banco2420_movimenti,1,static
13346,1,1,0,62,0,0,0,-1,65,65,17,73,20,5,8,4,10,10,18,17,25,34,32,25,1,62,1788973581.6762373,G1,T05,banco2420_movimenti,1,static
13546,1,1,0,62,0,0,0,-1,73,40,81,34,20,5,5,5,9,8,18,13,45,41,41,25,1,62,1788973581.877221,G1,T05,banco2420_movimenti,1,static
13746,1,1,0,47,0,0,0,-1,325,313,97,32,20,5,5,9,9,13,13,13,45,41,41,25,1,47,1788973582.0685148,G1,T05,banco2420_movimenti,1,static
13946,1,1,0,47,0,0,0,-1,25,90,41,40,13,8,9,10,10,13,13,20,25,34,41,25,1,47,1788973582.2773669,G1,T05,banco2420_movimenti,1,static
14146,1,1,0,49,0,0,0,-1,40,109,136,41,20,8,8,8,9,13,18,20,34,34,41,34,1,49,1788973582.4685998,G1,T05,banco2420_movimenti,1,static
14346,1,1,0,49,0,0,0,-1,200,53,13,41,34,10,5,5,16,13,18,20,34,34,41,25,1,49,1788973582.6762419,G1,T05,banco2420_movimenti,1,static
14546,1,1,0,49,0,0,0,-1,125,61,90,34,18,9,8,5,9,25,18,20,34,34,50,25,1,49,1788973582.8670697,G1,T05,banco2420_movimenti,1,static
14746,1,1,0,49,0,0,0,-1,170,106,61,32,18,5,8,5,10,25,18,20,34,34,50,25,1,49,1788973583.074639,G1,T05,banco2420_movimenti,1,static
14946,1,1,0,66,0,0,0,-1,58,149,49,13,25,8,8,10,10,13,18,20,34,34,50,25,1,66,1788973583.2671144,G1,T05,banco2420_movimenti,1,static
15146,1,1,0,66,0,0,0,-1,148,81,90,52,20,8,5,5,10,13,18,20,34,34,41,34,1,66,1788973583.475137,G1,T05,banco2420_movimenti,1,static
15346,1,1,0,66,0,0,0,-1,45,58,82,20,20,5,8,5,9,13,18,13,34,20,34,34,1,66,1788973583.6671593,G1,T05,banco2420_movimenti,1,static
15546,1,1,0,66,0,0,0,-1,80,80,104,9,29,8,5,8,9,13,18,13,29,25,41,34,1,66,1788973583.8750474,G1,T05,banco2420_movimenti,1,static
15746,1,1,0,66,0,0,0,-1,452,425,73,52,9,5,5,5,13,20,18,20,34,34,41,25,1,66,1788973584.06673,G1,T05,banco2420_movimenti,1,static
15946,1,1,0,66,0,0,0,-1,212,32,45,13,9,5,5,8,5,20,18,20,34,25,41,25,1,66,1788973584.2745264,G1,T05,banco2420_movimenti,1,static
16146,1,1,0,66,0,0,0,-1,117,50,20,45,13,8,10,5,16,18,18,20,34,34,41,25,1,66,1788973584.4659688,G1,T05,banco2420_movimenti,1,static
16346,1,1,0,66,0,0,0,-1,317,125,25,25,17,5,8,5,10,13,18,20,34,41,41,25,1,66,1788973584.6739182,G1,T05,banco2420_movimenti,1,static
16546,1,1,0,66,0,0,0,-1,80,73,13,26,9,13,5,5,10,18,18,17,41,45,32,25,1,66,1788973584.8650498,G1,T05,banco2420_movimenti,1,static
16746,1,1,0,66,0,0,0,-1,137,90,104,58,9,10,5,5,10,18,18,17,25,40,32,25,1,66,1788973585.0753546,G1,T05,banco2420_movimenti,1,static
16946,1,1,0,66,0,0,0,-1,170,130,26,34,9,8,9,5,10,18,13,20,34,34,32,34,1,66,1788973585.26839,G1,T05,banco2420_movimenti,1,static
17146,1,1,0,66,0,0,0,-1,244,97,13,34,9,8,8,5,10,18,18,20,45,34,41,25,1,66,1788973585.4748724,G1,T05,banco2420_movimenti,1,static
17346,1,1,0,66,0,0,0,-1,109,80,40,45,9,8,5,5,13,13,18,13,29,34,41,25,1,66,1788973585.6665134,G1,T05,banco2420_movimenti,1,static
17546,1,1,0,66,0,0,0,-1,169,50,45,61,25,8,8,5,10,10,18,13,29,34,41,25,1,66,1788973585.8748033,G1,T05,banco2420_movimenti,1,static
17746,1,1,0,66,0,0,0,-1,101,85,9,25,25,8,9,5,10,10,18,10,29,34,41,25,1,66,1788973586.0650651,G1,T05,banco2420_movimenti,1,static
17946,1,1,0,66,0,0,0,-1,73,85,65,65,13,5,5,5,9,13,18,13,29,34,41,25,1,66,1788973586.2732477,G1,T05,banco2420_movimenti,1,static
18146,1,1,0,66,0,0,0,-1,40,32,65,65,17,5,5,5,9,13,13,13,34,34,41,25,1,66,1788973586.4655948,G1,T05,banco2420_movimenti,1,static
18346,1,1,0,66,0,0,0,-1,34,25,73,50,26,5,5,8,10,17,18,13,34,34,41,34,1,66,1788973586.6735435,G1,T05,banco2420_movimenti,1,static
18546,1,1,0,66,0,0,0,-1,148,65,41,61,20,10,5,10,10,18,18,20,34,34,41,25,1,66,1788973586.865453,G1,T05,banco2420_movimenti,1,static
18746,1,1,0,66,0,0,0,-1,193,82,29,72,8,13,8,13,10,18,18,20,41,34,50,34,1,66,1788973587.073905,G1,T05,banco2420_movimenti,1,static
18946,1,1,0,66,0,0,0,-1,157,41,13,85,17,5,8,8,13,18,25,20,34,34,41,34,1,66,1788973587.2655268,G1,T05,banco2420_movimenti,1,static
19146,1,1,0,66,0,0,0,-1,164,65,45,58,26,5,8,5,13,18,18,13,34,34,41,34,1,66,1788973587.4731827,G1,T05,banco2420_movimenti,1,static
19346,1,1,0,66,0,0,0,-1,34,80,73,45,10,5,5,20,13,18,18,20,34,29,50,34,1,66,1788973587.6718032,G1,T05,banco2420_movimenti,1,static
19546,1,1,0,66,0,0,0,-1,41,13,40,58,13,8,10,9,10,13,18,20,34,34,41,25,1,66,1788973587.87451,G1,T05,banco2420_movimenti,1,static
19746,1,1,0,66,0,0,0,-1,50,25,29,53,20,16,5,5,10,18,18,25,45,34,41,25,1,66,1788973588.0670738,G1,T05,banco2420_movimenti,1,static
19946,1,1,0,66,0,0,0,-1,160,29,25,74,17,9,5,5,10,18,13,20,34,34,41,34,1,66,1788973588.275632,G1,T05,banco2420_movimenti,1,static
20146,1,1,0,66,0,0,0,-1,45,26,25,65,17,8,5,10,5,29,13,26,34,34,41,34,1,66,1788973588.469137,G1,T05,banco2420_movimenti,1,static
20346,1,1,0,66,0,0,0,-1,116,36,52,53,17,5,5,10,5,25,25,17,34,34,41,34,1,66,1788973588.6751583,G1,T05,banco2420_movimenti,1,static
20546,1,1,0,66,0,0,0,-1,68,17,32,58,10,8,5,5,10,25,18,13,34,34,41,34,1,66,1788973588.8667915,G1,T05,banco2420_movimenti,1,static
20746,1,1,0,66,0,0,0,-1,130,25,36,34,17,8,5,8,20,25,18,13,41,34,50,25,1,66,1788973589.0748656,G1,T05,banco2420_movimenti,1,static
20946,1,1,0,66,0,0,0,-1,64,49,9,32,13,13,8,10,9,13,18,20,34,25,41,25,1,66,1788973589.2651412,G1,T05,banco2420_movimenti,1,static
21146,1,1,0,50,0,0,0,-1,121,144,68,61,9,8,8,8,9,13,18,13,34,34,41,25,1,50,1788973589.4727511,G1,T05,banco2420_movimenti,1,static
21346,1,1,0,42,0,0,0,-1,625,373,53,13,20,8,5,8,9,20,18,10,29,34,41,25,1,42,1788973589.665188,G1,T05,banco2420_movimenti,1,static
21546,1,1,0,42,0,0,0,-1,241,477,101,9,20,5,5,5,5,13,18,13,29,34,41,25,1,42,1788973589.8728707,G1,T05,banco2420_movimenti,1,static
21746,1,1,0,42,0,0,0,-1,173,185,29,20,29,13,5,5,16,13,18,20,34,34,41,25,1,42,1788973590.0656059,G1,T05,banco2420_movimenti,1,static
21946,1,1,0,42,0,0,0,-1,305,160,65,13,26,5,5,8,5,20,25,20,29,25,32,34,1,42,1788973590.2738874,G1,T05,banco2420_movimenti,1,static
22146,1,1,0,42,0,0,0,-1,80,164,13,8,16,9,5,5,10,13,25,20,34,34,41,34,1,42,1788973590.465473,G1,T05,banco2420_movimenti,1,static
22346,1,1,0,42,0,0,0,-1,90,97,9,18,9,5,5,5,5,18,18,20,34,34,41,34,1,42,1788973590.6739814,G1,T05,banco2420_movimenti,1,static
22546,1,1,0,35,0,0,0,-1,661,425,20,34,8,5,5,8,10,13,18,20,34,34,50,45,1,35,1788973590.8652554,G1,T05,banco2420_movimenti,1,static
22746,1,1,0,45,0,0,0,-1,328,425,101,45,8,8,5,5,10,13,18,20,34,34,41,34,1,45,1788973591.0729885,G1,T05,banco2420_movimenti,1,static
22946,1,1,0,45,0,0,0,-1,45,74,137,36,17,13,8,10,13,13,13,20,34,34,41,34,1,45,1788973591.2645032,G1,T05,banco2420_movimenti,1,static
23146,1,1,0,45,0,0,0,-1,452,317,162,45,20,5,8,5,9,13,13,20,34,45,32,34,1,45,1788973591.4728136,G1,T05,banco2420_movimenti,1,static
23346,1,1,0,45,0,0,0,-1,173,305,73,34,17,8,5,5,10,13,18,20,34,34,50,25,1,45,1788973591.6651292,G1,T05,banco2420_movimenti,1,static
23546,1,1,0,45,0,0,0,-1,41,25,74,10,20,10,8,9,10,8,13,20,34,34,50,25,1,45,1788973591.8734756,G1,T05,banco2420_movimenti,1,static
23746,1,1,0,45,0,0,0,-1,292,333,58,18,16,9,8,8,10,18,18,20,25,34,32,25,1,45,1788973592.0649521,G1,T05,banco2420_movimenti,1,static
23946,1,1,0,45,0,0,0,-1,137,81,82,5,18,5,5,10,17,18,18,20,34,34,41,25,1,45,1788973592.27381,G1,T05,banco2420_movimenti,1,static
24146,1,1,0,45,0,0,0,-1,160,34,50,10,25,8,8,5,10,13,18,13,34,34,41,34,1,45,1788973592.465894,G1,T05,banco2420_movimenti,1,static
24346,1,1,0,45,0,0,0,-1,52,117,25,50,9,8,13,9,10,25,18,25,34,34,41,29,1,45,1788973592.6728594,G1,T05,banco2420_movimenti,1,static
24546,1,1,0,45,0,0,0,-1,196,45,53,9,20,10,8,5,10,18,18,25,34,34,41,34,1,45,1788973592.8652983,G1,T05,banco2420_movimenti,1,static
24746,1,1,0,45,0,0,0,-1,136,170,85,29,13,10,5,13,9,20,34,17,34,41,41,29,1,45,1788973593.0740798,G1,T05,banco2420_movimenti,1,static
24946,1,1,0,45,0,0,0,-1,125,41,97,13,16,8,5,10,8,18,18,20,34,34,32,34,1,45,1788973593.2656236,G1,T05,banco2420_movimenti,1,static
25146,1,1,0,45,0,0,0,-1,145,185,25,5,20,8,5,8,5,13,13,17,34,34,41,34,1,45,1788973593.472944,G1,T05,banco2420_movimenti,1,static
25346,1,1,0,45,0,0,0,-1,89,205,34,5,25,8,5,10,5,20,20,17,41,34,41,34,1,45,1788973593.6647272,G1,T05,banco2420_movimenti,1,static
25546,1,1,0,45,0,0,0,-1,178,145,26,10,25,10,8,8,8,20,20,10,29,29,32,25,1,45,1788973593.8728397,G1,T05,banco2420_movimenti,1,static
25746,1,1,0,45,0,0,0,-1,85,45,25,45,10,5,5,5,8,13,13,13,34,34,41,25,1,45,1788973594.0655859,G1,T05,banco2420_movimenti,1,static
25946,1,1,0,45,0,0,0,-1,61,41,153,10,13,5,8,8,9,13,18,29,34,34,32,25,1,45,1788973594.2721088,G1,T05,banco2420_movimenti,1,static
26146,1,1,0,45,0,0,0,-1,628,269,10,34,17,5,8,9,5,10,13,29,41,34,41,34,1,45,1788973594.4644446,G1,T05,banco2420_movimenti,1,static
26346,1,1,0,45,0,0,0,-1,625,160,25,9,13,8,10,8,9,18,18,13,41,34,50,34,1,45,1788973594.6720114,G1,T05,banco2420_movimenti,1,static
26546,1,1,0,45,0,0,0,-1,128,225,45,13,18,8,8,5,10,17,18,20,34,34,50,34,1,45,1788973594.863607,G1,T05,banco2420_movimenti,1,static
26746,1,1,0,45,0,0,0,-1,449,256,121,61,16,5,5,10,9,13,18,13,20,29,41,34,1,45,1788973595.071306,G1,T05,banco2420_movimenti,1,static
26946,1,1,0,45,0,0,0,-1,260,349,89,34,10,5,5,5,16,10,18,13,20,34,41,34,1,45,1788973595.2650182,G1,T05,banco2420_movimenti,1,static
27146,1,1,0,45,0,0,0,-1,40,98,17,20,17,5,10,5,16,10,18,13,25,34,32,34,1,45,1788973595.470444,G1,T05,banco2420_movimenti,1,static
27346,1,1,0,45,0,0,0,-1,265,65,97,8,8,5,5,5,9,10,18,20,34,34,32,25,1,45,1788973595.6626422,G1,T05,banco2420_movimenti,1,static
27546,1,1,0,45,0,0,0,-1,225,244,53,20,13,9,5,9,5,20,20,20,29,25,41,25,1,45,1788973595.8709211,G1,T05,banco2420_movimenti,1,static
27746,1,1,0,45,0,0,0,-1,144,170,5,16,20,10,8,5,5,17,13,13,34,41,32,34,1,45,1788973596.0782442,G1,T05,banco2420_movimenti,1,static
27946,1,1,0,45,0,0,0,-1,388,185,8,25,16,5,8,5,10,13,18,20,52,41,41,32,1,45,1788973596.27091,G1,T05,banco2420_movimenti,1,static
28146,1,1,0,45,0,0,0,-1,160,85,13,20,29,5,8,10,10,13,20,20,25,34,41,32,1,45,1788973596.478474,G1,T05,banco2420_movimenti,1,static
28346,1,1,0,45,0,0,0,-1,106,61,100,29,17,5,5,10,13,25,18,17,34,41,41,25,1,45,1788973596.6709707,G1,T05,banco2420_movimenti,1,static
28546,1,1,0,45,0,0,0,-1,122,122,25,18,20,9,8,10,8,13,18,13,25,29,41,25,1,45,1788973596.8777165,G1,T05,banco2420_movimenti,1,static
28746,1,1,0,49,0,0,0,-1,113,41,40,8,13,10,5,10,5,20,18,13,34,34,50,25,1,49,1788973597.0696678,G1,T05,banco2420_movimenti,1,static
28946,1,1,0,49,0,0,0,-1,104,80,109,9,13,5,5,9,9,13,25,20,45,34,50,25,1,49,1788973597.2625167,G1,T05,banco2420_movimenti,1,static
29146,1,1,0,49,0,0,0,-1,90,20,25,10,13,8,5,10,8,13,25,20,45,34,41,25,1,49,1788973597.4703844,G1,T05,banco2420_movimenti,1,static
29346,1,1,0,49,0,0,0,-1,229,101,65,5,20,4,5,10,4,20,25,20,34,34,41,20,1,49,1788973597.6782074,G1,T05,banco2420_movimenti,1,static
29546,1,1,0,35,0,0,0,-1,212,185,8,5,25,5,8,4,5,20,18,20,34,34,41,25,1,35,1788973597.870906,G1,T05,banco2420_movimenti,1,static
29746,1,1,0,35,0,0,0,-1,241,50,26,50,16,8,5,8,9,10,18,20,34,45,41,34,1,35,1788973598.063242,G1,T05,banco2420_movimenti,1,static
29946,1,1,0,35,0,0,0,-1,65,173,97,32,17,10,8,5,10,10,18,20,34,40,32,25,1,35,1788973598.2710497,G1,T05,banco2420_movimenti,1,static
30146,1,1,0,40,0,0,0,-1,265,338,74,20,13,8,8,5,5,25,20,29,25,40,41,20,1,40,1788973598.4629679,G1,T05,banco2420_movimenti,1,static
30346,1,1,0,40,0,0,0,-1,65,82,40,5,9,5,9,10,5,13,13,20,34,25,41,20,1,40,1788973598.6707785,G1,T05,banco2420_movimenti,1,static
30546,1,1,0,40,0,0,0,-1,106,26,72,9,10,5,5,10,5,20,18,10,34,34,41,25,1,40,1788973598.8634853,G1,T05,banco2420_movimenti,1,static
30746,1,1,0,40,0,0,0,-1,130,41,25,10,13,5,5,5,10,20,20,17,34,34,25,25,1,40,1788973599.0711691,G1,T05,banco2420_movimenti,1,static
30946,1,1,0,40,0,0,0,-1,80,100,40,9,18,10,10,5,10,20,25,17,34,34,50,34,1,40,1788973599.263163,G1,T05,banco2420_movimenti,1,static
31146,1,1,0,40,0,0,0,-1,208,100,13,5,32,10,5,9,5,20,20,17,34,41,50,34,1,40,1788973599.4712176,G1,T05,banco2420_movimenti,1,static
31346,1,1,0,40,0,0,0,-1,52,73,17,41,20,13,5,10,5,13,25,20,25,34,50,20,1,40,1788973599.663075,G1,T05,banco2420_movimenti,1,static
31546,1,1,0,40,0,0,0,-1,197,193,29,20,25,8,8,5,10,13,13,20,34,34,41,20,1,40,1788973599.8706355,G1,T05,banco2420_movimenti,1,static
31746,1,1,0,35,0,0,0,-1,64,34,58,9,25,8,13,8,5,13,13,20,34,34,41,25,1,35,1788973600.0637481,G1,T05,banco2420_movimenti,1,static
31946,1,1,0,35,0,0,0,-1,221,125,41,13,29,8,5,13,9,13,18,20,34,34,41,25,1,35,1788973600.2712843,G1,T05,banco2420_movimenti,1,static
32146,1,1,0,35,0,0,0,-1,65,41,10,5,20,9,5,9,10,20,25,13,34,34,32,25,1,35,1788973600.4636967,G1,T05,banco2420_movimenti,1,static
32346,1,1,0,35,0,0,0,-1,40,82,50,10,29,5,5,9,10,20,25,13,34,34,41,29,1,35,1788973600.6714327,G1,T05,banco2420_movimenti,1,static
32546,1,1,0,35,0,0,0,-1,212,145,52,10,25,8,5,9,9,13,25,13,34,34,32,34,1,35,1788973600.8642101,G1,T05,banco2420_movimenti,1,static
32746,1,1,0,35,0,0,0,-1,245,149,16,10,13,10,5,10,10,18,18,20,34,34,41,34,1,35,1788973601.0722432,G1,T05,banco2420_movimenti,1,static
32946,1,1,0,35,0,0,0,-1,52,85,37,20,10,5,8,8,13,8,10,20,45,41,52,34,1,35,1788973601.2642686,G1,T05,banco2420_movimenti,1,static
33146,1,1,0,35,0,0,0,-1,164,136,41,18,18,10,8,10,5,13,13,13,45,41,41,34,1,35,1788973601.4722369,G1,T05,banco2420_movimenti,1,static
33346,1,1,0,35,0,0,0,-1,242,170,82,17,9,10,5,9,8,20,18,13,34,41,34,41,1,35,1788973601.6639686,G1,T05,banco2420_movimenti,1,static
33546,1,1,0,35,0,0,0,-1,49,26,58,5,10,8,8,9,13,20,13,13,34,25,34,32,1,35,1788973601.8718665,G1,T05,banco2420_movimenti,1,static
33746,1,1,0,35,0,0,0,-1,65,25,68,20,20,8,8,5,9,8,13,20,34,41,41,34,1,35,1788973602.0643556,G1,T05,banco2420_movimenti,1,static
33946,1,1,0,35,0,0,0,-1,416,169,25,13,20,13,8,17,5,13,10,20,34,25,41,34,1,35,1788973602.2711194,G1,T05,banco2420_movimenti,1,static
34146,1,1,0,35,0,0,0,-1,106,26,82,61,29,5,5,10,8,18,18,20,29,41,41,34,1,35,1788973602.4630673,G1,T05,banco2420_movimenti,1,static
34346,1,1,0,35,0,0,0,-1,640,360,13,45,17,10,5,5,16,18,18,20,34,41,41,34,1,35,1788973602.6707914,G1,T05,banco2420_movimenti,1,static
34546,1,1,0,35,0,0,0,-1,100,125,85,13,41,10,8,5,5,18,18,17,25,34,41,34,1,35,1788973602.8785293,G1,T05,banco2420_movimenti,1,static
34746,1,1,0,35,0,0,0,-1,113,53,82,20,20,10,8,8,10,25,18,20,34,41,41,34,1,35,1788973603.0729237,G1,T05,banco2420_movimenti,1,static
34946,1,1,0,35,0,0,0,-1,52,25,72,8,13,5,5,8,10,25,25,20,34,34,41,34,1,35,1788973603.264287,G1,T05,banco2420_movimenti,1,static
35146,1,1,0,35,0,0,0,-1,36,40,81,9,13,10,10,8,10,13,18,20,34,34,41,29,1,35,1788973603.4714994,G1,T05,banco2420_movimenti,1,static
35346,1,1,0,35,0,0,0,-1,173,52,34,8,13,5,8,9,5,13,18,20,34,34,34,34,1,35,1788973603.6630917,G1,T05,banco2420_movimenti,1,static
35546,1,1,0,55,0,0,0,-1,260,241,18,13,20,8,8,8,10,13,13,13,34,34,41,34,1,55,1788973603.8711061,G1,T05,banco2420_movimenti,1,static
35746,1,1,0,58,0,0,0,-1,450,509,65,29,13,13,8,5,9,13,13,18,34,41,41,34,1,58,1788973604.0784366,G1,T05,banco2420_movimenti,1,static
35946,1,1,0,58,0,0,0,-1,208,61,17,41,13,8,5,9,10,18,13,20,34,41,41,25,1,58,1788973604.2710814,G1,T05,banco2420_movimenti,1,static
36146,1,1,0,46,0,0,0,-1,180,145,13,18,13,8,8,5,9,18,18,20,34,34,41,25,1,46,1788973604.4637656,G1,T05,banco2420_movimenti,1,static
36346,1,1,0,47,0,0,0,-1,128,170,52,10,29,8,8,10,9,13,13,20,34,41,41,25,1,47,1788973604.6726818,G1,T05,banco2420_movimenti,1,static
36546,1,1,0,47,0,0,0,-1,677,256,80,18,26,5,4,5,13,10,13,20,34,41,41,25,1,47,1788973604.8640041,G1,T05,banco2420_movimenti,1,static
36746,1,1,0,47,0,0,0,-1,50,100,34,36,26,10,5,5,9,5,8,20,41,34,41,32,1,47,1788973605.0725079,G1,T05,banco2420_movimenti,1,static
36946,1,1,0,69,0,0,0,-1,82,160,109,9,18,8,5,5,8,18,13,17,32,34,41,25,1,69,1788973605.2662604,G1,T05,banco2420_movimenti,1,static
37146,1,1,0,69,0,0,0,-1,113,170,53,25,20,8,8,5,5,18,13,20,34,34,41,25,1,69,1788973605.473082,G1,T05,banco2420_movimenti,1,static
37346,1,1,0,69,0,0,0,-1,1105,853,125,10,29,5,5,5,5,25,18,20,34,34,41,25,1,69,1788973605.6656632,G1,T05,banco2420_movimenti,1,static
37546,1,1,0,69,0,0,0,-1,229,208,34,25,20,5,5,17,9,13,13,20,34,34,34,41,1,69,1788973605.8733082,G1,T05,banco2420_movimenti,1,static
37746,1,1,0,69,0,0,0,-1,202,81,148,25,20,8,8,5,10,13,9,29,34,34,50,20,1,69,1788973606.0651903,G1,T05,banco2420_movimenti,1,static
37946,1,1,0,69,0,0,0,-1,89,200,65,5,13,8,5,5,9,20,13,29,41,34,41,25,1,69,1788973606.273668,G1,T05,banco2420_movimenti,1,static
38146,1,1,0,69,0,0,0,-1,116,85,26,9,10,5,5,5,10,20,18,20,34,25,32,25,1,69,1788973606.4664,G1,T05,banco2420_movimenti,1,static
38346,1,1,0,69,0,0,0,-1,109,82,13,13,10,5,5,10,5,13,18,20,34,34,41,25,1,69,1788973606.674789,G1,T05,banco2420_movimenti,1,static
38546,1,1,0,69,0,0,0,-1,180,250,40,20,9,5,5,10,5,20,18,17,34,34,41,25,1,69,1788973606.8665805,G1,T05,banco2420_movimenti,1,static
38746,1,1,0,69,0,0,0,-1,169,340,90,34,25,8,4,5,5,13,18,20,34,34,34,32,1,69,1788973607.0756807,G1,T05,banco2420_movimenti,1,static
38946,1,1,0,69,0,0,0,-1,125,178,85,61,5,10,8,8,10,13,18,20,34,34,41,25,1,69,1788973607.267037,G1,T05,banco2420_movimenti,1,static
39146,1,1,0,54,0,0,0,-1,221,261,85,17,13,13,4,5,9,20,18,17,25,34,32,20,1,54,1788973607.4751258,G1,T05,banco2420_movimenti,1,static
39346,1,1,0,54,0,0,0,-1,148,185,125,13,13,5,8,8,10,20,18,20,34,34,41,20,1,54,1788973607.6688182,G1,T05,banco2420_movimenti,1,static
39546,1,1,0,54,0,0,0,-1,149,202,180,16,18,9,5,5,5,20,18,20,34,34,32,25,1,54,1788973607.8759935,G1,T05,banco2420_movimenti,1,static
39746,1,1,0,54,0,0,0,-1,388,85,100,5,20,5,5,8,10,20,18,20,34,34,32,32,1,54,1788973608.0680754,G1,T05,banco2420_movimenti,1,static
39946,1,1,0,54,0,0,0,-1,85,128,10,10,25,10,8,5,10,20,13,20,25,34,41,34,1,54,1788973608.2765918,G1,T05,banco2420_movimenti,1,static
40146,1,1,0,54,0,0,0,-1,65,328,85,10,20,8,5,8,10,13,18,17,25,34,52,29,1,54,1788973608.4690206,G1,T05,banco2420_movimenti,1,static
40346,1,1,0,54,0,0,0,-1,36,122,117,17,29,5,5,5,13,18,25,20,20,34,52,29,1,54,1788973608.6771722,G1,T05,banco2420_movimenti,1,static
40546,1,1,0,35,0,0,0,-1,317,225,82,20,16,9,5,9,9,13,18,20,29,34,41,34,1,35,1788973608.8697693,G1,T05,banco2420_movimenti,1,static
40746,1,1,0,35,0,0,0,-1,32,25,109,25,17,5,5,8,10,20,18,13,34,29,32,34,1,35,1788973609.0767634,G1,T05,banco2420_movimenti,1,static
40946,1,1,0,35,0,0,0,-1,200,229,73,26,16,5,5,5,13,20,18,20,29,34,50,29,1,35,1788973609.2669382,G1,T05,banco2420_movimenti,1,static
41146,1,1,0,35,0,0,0,-1,58,117,64,25,10,8,9,5,13,20,13,20,34,41,41,34,1,35,1788973609.4746637,G1,T05,banco2420_movimenti,1,static
41346,1,1,0,35,0,0,0,-1,170,277,80,32,13,13,5,9,10,13,13,20,34,34,41,25,1,35,1788973609.6683543,G1,T05,banco2420_movimenti,1,static
41546,1,1,0,35,0,0,0,-1,146,241,113,32,20,10,5,9,10,8,18,13,29,34,41,25,1,35,1788973609.8760781,G1,T05,banco2420_movimenti,1,static
41746,1,1,0,35,0,0,0,-1,200,125,50,32,29,5,8,10,5,20,18,20,34,45,41,25,1,35,1788973610.066132,G1,T05,banco2420_movimenti,1,static
41946,1,1,0,43,0,0,0,-1,389,421,41,20,13,9,9,10,17,13,18,20,34,45,41,34,1,43,1788973610.2737892,G1,T05,banco2420_movimenti,1,static
42146,1,1,0,43,0,0,0,-1,52,80,130,9,9,8,5,5,17,10,18,20,20,34,41,34,1,43,1788973610.4658358,G1,T05,banco2420_movimenti,1,static
42346,1,1,0,43,0,0,0,-1,145,245,34,13,17,8,5,5,10,13,18,17,34,34,41,25,1,43,1788973610.6738079,G1,T05,banco2420_movimenti,1,static
42546,1,1,0,43,0,0,0,-1,169,233,25,5,13,10,8,5,9,13,13,20,34,34,41,25,1,43,1788973610.8649929,G1,T05,banco2420_movimenti,1,static
42746,1,1,0,43,0,0,0,-1,52,116,90,25,8,17,5,5,9,20,20,20,34,34,41,25,1,43,1788973611.0731258,G1,T05,banco2420_movimenti,1,static
42946,1,1,0,40,0,0,0,-1,101,205,82,34,13,8,8,8,9,8,18,13,34,34,41,25,1,40,1788973611.264312,G1,T05,banco2420_movimenti,1,static
43146,1,1,0,40,0,0,0,-1,232,373,137,25,29,8,5,17,13,13,18,17,34,45,41,25,1,40,1788973611.472607,G1,T05,banco2420_movimenti,1,static
43346,1,1,0,40,0,0,0,-1,101,145,49,25,13,5,5,10,10,10,18,20,34,29,41,34,1,40,1788973611.665399,G1,T05,banco2420_movimenti,1,static
43546,1,1,0,44,0,0,0,-1,369,205,64,13,13,9,5,5,17,9,13,13,34,34,41,41,1,44,1788973611.8730826,G1,T05,banco2420_movimenti,1,static
43746,1,1,0,44,0,0,0,-1,178,65,85,10,10,10,5,5,17,8,13,13,34,34,41,34,1,44,1788973612.0649636,G1,T05,banco2420_movimenti,1,static
43946,1,1,0,44,0,0,0,-1,136,164,106,13,13,10,5,10,5,10,18,18,34,34,41,25,1,44,1788973612.2733784,G1,T05,banco2420_movimenti,1,static
44146,1,1,0,44,0,0,0,-1,64,125,125,13,10,8,5,9,5,10,18,18,34,34,32,25,1,44,1788973612.4653878,G1,T05,banco2420_movimenti,1,static
44346,1,1,0,44,0,0,0,-1,260,324,65,13,13,10,8,5,10,13,25,10,34,45,41,32,1,44,1788973612.6714153,G1,T05,banco2420_movimenti,1,static
44546,1,1,0,44,0,0,0,-1,445,272,68,41,20,8,5,10,5,13,18,13,34,34,41,34,1,44,1788973612.8633554,G1,T05,banco2420_movimenti,1,static
44746,1,1,0,44,0,0,0,-1,50,13,50,25,20,5,4,5,8,20,25,10,34,34,41,34,1,44,1788973613.071141,G1,T05,banco2420_movimenti,1,static
44946,1,1,0,44,0,0,0,-1,130,130,85,18,13,5,5,5,5,13,25,20,45,41,41,25,1,44,1788973613.2786574,G1,T05,banco2420_movimenti,1,static
45146,1,1,0,35,0,0,0,-1,117,50,37,18,13,8,5,10,10,13,18,17,25,34,41,25,1,35,1788973613.4708562,G1,T05,banco2420_movimenti,1,static
45346,1,1,0,35,0,0,0,-1,164,53,41,10,13,5,5,5,5,13,13,10,34,41,45,34,1,35,1788973613.6782608,G1,T05,banco2420_movimenti,1,static
45546,1,1,0,35,0,0,0,-1,106,136,10,18,10,10,5,8,9,13,18,17,29,41,52,34,1,35,1788973613.870236,G1,T05,banco2420_movimenti,1,static
45746,1,1,0,35,0,0,0,-1,58,64,100,10,10,8,5,5,10,13,13,20,29,41,41,34,1,35,1788973614.0783324,G1,T05,banco2420_movimenti,1,static
45946,1,1,0,35,0,0,0,-1,113,149,85,17,8,13,5,5,10,13,18,17,25,45,41,34,1,35,1788973614.2710202,G1,T05,banco2420_movimenti,1,static
46146,1,1,0,35,0,0,0,-1,130,82,61,25,18,10,5,8,13,18,18,17,25,34,52,45,1,35,1788973614.4633172,G1,T05,banco2420_movimenti,1,static
46346,1,1,0,35,0,0,0,-1,250,181,61,41,9,5,5,8,10,25,18,17,34,25,41,25,1,35,1788973614.6711023,G1,T05,banco2420_movimenti,1,static
46546,1,1,0,35,0,0,0,-1,146,153,98,29,18,8,5,9,10,13,18,17,41,41,41,25,1,35,1788973614.8638043,G1,T05,banco2420_movimenti,1,static
46746,1,1,0,35,0,0,0,-1,65,32,50,13,10,5,5,4,10,13,18,20,34,25,41,25,1,35,1788973615.0718327,G1,T05,banco2420_movimenti,1,static
46946,1,1,0,35,0,0,0,-1,100,73,74,10,9,8,5,8,10,13,13,20,34,34,50,32,1,35,1788973615.2637103,G1,T05,banco2420_movimenti,1,static
47146,1,1,0,35,0,0,0,-1,197,290,5,13,16,5,5,8,10,13,18,20,34,34,41,34,1,35,1788973615.4718454,G1,T05,banco2420_movimenti,1,static
47346,1,1,0,35,0,0,0,-1,80,52,9,25,17,5,5,5,8,18,17,13,34,34,41,34,1,35,1788973615.663623,G1,T05,banco2420_movimenti,1,static
47546,1,1,0,35,0,0,0,-1,360,205,61,18,17,5,5,5,10,18,13,20,34,34,41,34,1,35,1788973615.8717651,G1,T05,banco2420_movimenti,1,static
47746,1,1,0,35,0,0,0,-1,80,36,34,32,25,10,4,10,9,18,18,20,34,34,41,34,1,35,1788973616.0789506,G1,T05,banco2420_movimenti,1,static
47946,1,1,0,35,0,0,0,-1,34,157,72,34,20,10,8,9,8,13,18,20,34,45,41,34,1,35,1788973616.271397,G1,T05,banco2420_movimenti,1,static
48146,1,1,0,70,0,0,0,-1,162,169,145,20,8,8,8,5,5,20,13,20,34,25,34,34,1,70,1788973616.4642615,G1,T05,banco2420_movimenti,1,static
48346,1,1,0,70,0,0,0,-1,68,265,52,13,5,5,5,10,10,13,13,20,34,25,34,41,1,70,1788973616.672887,G1,T05,banco2420_movimenti,1,static
48546,1,1,0,70,0,0,0,-1,194,81,128,13,25,8,10,5,10,13,13,25,34,34,32,34,1,70,1788973616.8646011,G1,T05,banco2420_movimenti,1,static
48746,1,1,0,70,0,0,0,-1,125,74,61,16,5,8,10,8,9,13,13,18,34,34,41,34,1,70,1788973617.072497,G1,T05,banco2420_movimenti,1,static
48946,1,1,0,67,0,0,0,-1,82,160,34,8,13,8,5,8,9,13,25,13,25,34,41,34,1,67,1788973617.2649336,G1,T05,banco2420_movimenti,1,static
49146,1,1,0,67,0,0,0,-1,340,580,128,34,18,5,5,5,20,13,25,17,25,34,41,25,1,67,1788973617.4731293,G1,T05,banco2420_movimenti,1,static
49346,1,1,0,67,0,0,0,-1,157,530,74,17,20,9,8,8,5,13,18,17,25,34,32,25,1,67,1788973617.6638374,G1,T05,banco2420_movimenti,1,static
49546,1,1,0,56,0,0,0,-1,25,136,32,20,5,10,8,5,10,13,18,8,34,34,41,20,1,56,1788973617.871385,G1,T05,banco2420_movimenti,1,static
49746,1,1,0,56,0,0,0,-1,404,257,61,25,8,8,8,10,10,13,18,8,34,34,41,20,1,56,1788973618.078975,G1,T05,banco2420_movimenti,1,static
49946,1,1,0,56,0,0,0,-1,181,145,17,10,13,10,13,5,5,13,18,25,45,34,41,20,1,56,1788973618.2710116,G1,T05,banco2420_movimenti,1,static
50146,1,1,0,56,0,0,0,-1,185,125,20,25,9,13,8,5,10,8,18,20,34,34,34,34,1,56,1788973618.4767833,G1,T05,banco2420_movimenti,1,static
50346,1,1,0,56,0,0,0,-1,41,17,74,20,13,5,10,9,5,25,32,13,34,34,50,34,1,56,1788973618.6682782,G1,T05,banco2420_movimenti,1,static
50546,1,1,0,56,0,0,0,-1,250,153,25,20,18,5,8,5,5,13,18,13,34,25,34,32,1,56,1788973618.8763974,G1,T05,banco2420_movimenti,1,static
50746,1,1,0,56,0,0,0,-1,205,109,45,25,9,13,5,5,10,13,18,13,29,25,41,32,1,56,1788973619.0699103,G1,T05,banco2420_movimenti,1,static
50946,1,1,0,56,0,0,0,-1,306,149,5,13,9,9,5,5,9,20,18,13,34,34,41,20,1,56,1788973619.276796,G1,T05,banco2420_movimenti,1,static
51146,1,1,0,56,0,0,0,-1,68,20,34,13,20,8,5,8,9,13,18,13,34,34,41,25,1,56,1788973619.4723847,G1,T05,banco2420_movimenti,1,static
51346,1,1,0,56,0,0,0,-1,89,18,40,8,9,9,13,8,9,13,18,13,29,34,41,25,1,56,1788973619.6784663,G1,T05,banco2420_movimenti,1,static
51546,1,1,0,56,0,0,0,-1,104,20,52,13,10,9,5,9,10,13,18,13,29,34,41,25,1,56,1788973619.8743765,G1,T05,banco2420_movimenti,1,static
51746,1,1,0,56,0,0,0,-1,61,25,25,13,13,9,5,9,5,13,18,20,34,41,52,34,1,56,1788973620.0771415,G1,T05,banco2420_movimenti,1,static
51946,1,1,0,56,0,0,0,-1,73,29,53,9,20,8,5,10,8,13,18,13,34,41,41,34,1,56,1788973620.2745717,G1,T05,banco2420_movimenti,1,static
52146,1,1,0,56,0,0,0,-1,164,116,25,13,17,5,8,10,10,13,18,13,34,41,34,34,1,56,1788973620.475646,G1,T05,banco2420_movimenti,1,static
52346,1,1,0,56,0,0,0,-1,106,29,9,25,17,5,5,8,5,20,18,20,34,34,32,25,1,56,1788973620.6772742,G1,T05,banco2420_movimenti,1,static
52546,1,1,0,56,0,0,0,-1,80,40,13,25,8,8,8,10,8,17,25,17,32,45,50,34,1,56,1788973620.8776665,G1,T05,banco2420_movimenti,1,static
52746,1,1,0,56,0,0,0,-1,50,13,18,9,20,9,5,9,8,20,25,17,32,34,50,25,1,56,1788973621.078044,G1,T05,banco2420_movimenti,1,static
52946,1,1,0,56,0,0,0,-1,113,80,8,25,20,8,8,5,9,13,13,20,34,34,41,32,1,56,1788973621.278734,G1,T05,banco2420_movimenti,1,static
53146,1,1,0,56,0,0,0,-1,225,65,10,18,9,9,5,9,10,13,13,20,34,34,50,34,1,56,1788973621.4779854,G1,T05,banco2420_movimenti,1,static
53346,1,1,0,56,0,0,0,-1,208,80,17,13,10,10,5,9,10,17,13,20,34,29,41,41,1,56,1788973621.6750064,G1,T05,banco2420_movimenti,1,static
53546,1,1,0,56,0,0,0,-1,100,36,16,20,10,9,8,9,9,13,13,20,34,34,41,41,1,56,1788973621.8666823,G1,T05,banco2420_movimenti,1,static
53746,1,1,0,56,0,0,0,-1,41,40,18,18,13,9,5,5,8,13,13,20,34,34,32,34,1,56,1788973622.073931,G1,T05,banco2420_movimenti,1,static
53946,1,1,0,56,0,0,0,-1,122,40,10,18,20,5,8,9,5,13,18,20,25,34,41,34,1,56,1788973622.2676122,G1,T05,banco2420_movimenti,1,static
54146,1,1,0,56,0,0,0,-1,85,17,9,13,20,8,5,9,5,20,25,20,41,34,41,34,1,56,1788973622.4748993,G1,T05,banco2420_movimenti,1,static
54346,1,1,0,56,0,0,0,-1,65,34,8,25,10,5,13,5,5,17,13,29,34,32,41,34,1,56,1788973622.666431,G1,T05,banco2420_movimenti,1,static
54546,1,1,0,56,0,0,0,-1,85,25,5,18,20,10,5,9,5,25,25,20,45,34,41,25,1,56,1788973622.873563,G1,T05,banco2420_movimenti,1,static
54746,1,1,0,56,0,0,0,-1,306,61,8,18,8,17,8,5,5,25,18,20,34,34,41,34,1,56,1788973623.0655696,G1,T05,banco2420_movimenti,1,static
54946,1,1,0,56,0,0,0,-1,100,10,9,13,13,10,8,5,10,10,18,20,34,34,41,34,1,56,1788973623.2733934,G1,T05,banco2420_movimenti,1,static
55146,1,1,0,56,0,0,0,-1,100,17,25,9,18,13,5,10,13,18,18,25,34,34,32,34,1,56,1788973623.4649081,G1,T05,banco2420_movimenti,1,static
55346,1,1,0,56,0,0,0,-1,100,41,25,8,18,13,5,5,8,18,18,20,34,34,41,34,1,56,1788973623.6727936,G1,T05,banco2420_movimenti,1,static
55546,1,1,0,56,0,0,0,-1,100,34,13,18,10,10,5,5,5,18,25,13,34,34,41,41,1,56,1788973623.8648608,G1,T05,banco2420_movimenti,1,static
55746,1,1,0,56,0,0,0,-1,185,29,9,10,13,10,10,8,10,5,10,18,34,34,41,34,1,56,1788973624.072738,G1,T05,banco2420_movimenti,1,static
55946,1,1,0,56,0,0,0,-1,74,25,20,8,13,9,10,8,10,13,10,20,34,34,41,34,1,56,1788973624.2642722,G1,T05,banco2420_movimenti,1,static
56146,1,1,0,56,0,0,0,-1,72,29,13,20,5,10,4,8,10,18,32,13,34,34,41,25,1,56,1788973624.473427,G1,T05,banco2420_movimenti,1,static
56346,1,1,0,56,0,0,0,-1,37,17,9,8,17,5,8,5,10,8,18,13,34,34,41,34,1,56,1788973624.665455,G1,T05,banco2420_movimenti,1,static
56546,1,1,0,56,0,0,0,-1,98,40,10,13,17,10,10,8,10,13,18,17,34,34,41,34,1,56,1788973624.874152,G1,T05,banco2420_movimenti,1,static
56746,1,1,0,56,0,0,0,-1,53,26,10,10,25,10,8,5,13,10,18,20,45,34,41,25,1,56,1788973625.0681183,G1,T05,banco2420_movimenti,1,static
56946,1,1,0,56,0,0,0,-1,40,10,18,8,16,8,5,10,9,10,18,20,25,34,41,20,1,56,1788973625.2747097,G1,T05,banco2420_movimenti,1,static
57146,1,1,0,56,0,0,0,-1,277,136,41,25,16,8,8,10,5,20,20,20,25,34,41,29,1,56,1788973625.4665258,G1,T05,banco2420_movimenti,1,static
57346,1,1,0,56,0,0,0,-1,113,130,17,18,10,10,10,5,8,25,20,20,34,41,34,41,1,56,1788973625.6743312,G1,T05,banco2420_movimenti,1,static
57546,1,1,0,56,0,0,0,-1,137,97,17,8,17,8,8,9,8,20,18,20,34,41,34,41,1,56,1788973625.8653607,G1,T05,banco2420_movimenti,1,static
57746,1,1,0,56,0,0,0,-1,117,89,17,10,26,8,9,10,5,13,13,20,34,34,41,34,1,56,1788973626.0730896,G1,T05,banco2420_movimenti,1,static
57946,1,1,0,56,0,0,0,-1,149,116,20,25,17,10,5,9,5,18,18,20,34,34,41,34,1,56,1788973626.2646918,G1,T05,banco2420_movimenti,1,static
58146,1,1,0,56,0,0,0,-1,74,97,45,18,20,8,5,5,10,13,18,20,25,29,32,25,1,56,1788973626.4714735,G1,T05,banco2420_movimenti,1,static
58346,1,1,0,56,0,0,0,-1,89,34,34,74,17,4,10,9,5,18,18,20,34,41,41,34,1,56,1788973626.6637576,G1,T05,banco2420_movimenti,1,static
58546,1,1,0,56,0,0,0,-1,549,436,17,34,10,5,8,8,10,25,18,20,34,34,41,25,1,56,1788973626.870685,G1,T05,banco2420_movimenti,1,static
58746,1,1,0,64,0,0,0,-1,130,100,25,25,10,5,5,5,10,20,20,20,34,34,41,34,1,64,1788973627.07862,G1,T05,banco2420_movimenti,1,static
58946,1,1,0,64,0,0,0,-1,208,145,50,25,10,10,5,9,13,13,18,20,34,34,41,34,1,64,1788973627.271044,G1,T05,banco2420_movimenti,1,static
59146,1,1,0,64,0,0,0,-1,125,74,85,37,13,10,8,9,10,13,18,20,20,25,34,34,1,64,1788973627.4781919,G1,T05,banco2420_movimenti,1,static
59346,1,1,0,64,0,0,0,-1,125,65,68,17,13,10,5,5,10,18,18,20,25,25,41,34,1,64,1788973627.670701,G1,T05,banco2420_movimenti,1,static
59546,1,1,0,64,0,0,0,-1,148,136,29,34,13,5,8,8,10,13,18,20,34,25,41,25,1,64,1788973627.8781958,G1,T05,banco2420_movimenti,1,static
59746,1,1,0,64,0,0,0,-1,37,61,10,17,13,8,5,5,9,8,18,20,34,34,41,25,1,64,1788973628.0692618,G1,T05,banco2420_movimenti,1,static
59946,1,1,0,64,0,0,0,-1,370,392,100,8,13,5,4,9,9,13,18,20,34,45,61,34,1,64,1788973628.2787015,G1,T05,banco2420_movimenti,1,static
60146,1,1,0,64,0,0,0,-1,50,106,81,18,18,10,5,9,5,13,8,20,34,34,41,34,1,64,1788973628.4709766,G1,T05,banco2420_movimenti,1,static
60346,1,1,0,64,0,0,0,-1,45,100,29,8,13,8,9,10,5,29,25,13,34,34,41,34,1,64,1788973628.679047,G1,T05,banco2420_movimenti,1,static
60546,1,1,0,64,0,0,0,-1,52,148,20,25,18,9,5,5,5,20,25,20,34,34,41,25,1,64,1788973628.871587,G1,T05,banco2420_movimenti,1,static
60746,1,1,0,64,0,0,0,-1,121,169,50,10,16,9,5,9,5,20,18,20,34,34,41,34,1,64,1788973629.0792923,G1,T05,banco2420_movimenti,1,static
60946,1,1,0,64,0,0,0,-1,74,130,90,8,18,13,8,9,5,10,18,13,29,34,41,25,1,64,1788973629.271583,G1,T05,banco2420_movimenti,1,static
61146,1,1,0,64,0,0,0,-1,144,58,9,25,13,8,5,9,13,13,13,20,34,25,41,25,1,64,1788973629.464,G1,T05,banco2420_movimenti,1,static
61346,1,1,0,64,0,0,0,-1,61,29,13,25,13,9,9,5,20,13,13,20,34,25,41,25,1,64,1788973629.6701474,G1,T05,banco2420_movimenti,1,static
61546,1,1,0,64,0,0,0,-1,125,53,130,10,9,5,8,8,5,13,18,13,34,25,41,34,1,64,1788973629.8773031,G1,T05,banco2420_movimenti,1,static
61746,1,1,0,64,0,0,0,-1,41,36,10,25,10,10,8,5,5,13,18,20,45,34,41,34,1,64,1788973630.0700204,G1,T05,banco2420_movimenti,1,static
61946,1,1,0,64,0,0,0,-1,85,49,73,20,10,5,5,9,8,20,18,20,34,34,32,34,1,64,1788973630.2775743,G1,T05,banco2420_movimenti,1,static
62146,1,1,0,64,0,0,0,-1,340,37,9,20,17,8,5,9,8,25,18,20,34,41,41,34,1,64,1788973630.4689255,G1,T05,banco2420_movimenti,1,static
62346,1,1,0,64,0,0,0,-1,53,194,136,10,10,5,5,5,8,20,8,20,34,34,32,25,1,64,1788973630.6760592,G1,T05,banco2420_movimenti,1,static
62546,1,1,0,64,0,0,0,-1,45,64,61,5,10,5,5,8,10,13,8,20,45,34,50,25,1,64,1788973630.8686903,G1,T05,banco2420_movimenti,1,static
62746,1,1,0,64,0,0,0,-1,74,17,52,45,8,10,5,5,8,13,8,29,25,29,50,34,1,64,1788973631.076619,G1,T05,banco2420_movimenti,1,static
62946,1,1,0,64,0,0,0,-1,202,41,80,16,13,10,8,8,8,13,16,29,34,41,50,34,1,64,1788973631.2712119,G1,T05,banco2420_movimenti,1,static
63146,1,1,0,64,0,0,0,-1,90,37,90,25,13,9,5,9,10,8,18,13,29,32,34,25,1,64,1788973631.475644,G1,T05,banco2420_movimenti,1,static
63346,1,1,0,64,0,0,0,-1,41,100,80,13,13,8,5,8,10,13,13,25,34,45,41,34,1,64,1788973631.667316,G1,T05,banco2420_movimenti,1,static
63546,1,1,0,64,0,0,0,-1,293,197,68,8,13,8,5,8,10,18,18,18,34,34,41,25,1,64,1788973631.8747401,G1,T05,banco2420_movimenti,1,static
63746,1,1,0,64,0,0,0,-1,130,97,85,5,13,8,8,8,5,13,13,20,34,34,41,34,1,64,1788973632.0668907,G1,T05,banco2420_movimenti,1,static
63946,1,1,0,64,0,0,0,-1,104,20,25,25,13,10,8,9,10,13,18,20,34,34,34,25,1,64,1788973632.275209,G1,T05,banco2420_movimenti,1,static
64146,1,1,0,64,0,0,0,-1,325,74,17,20,9,5,8,5,10,13,18,13,29,34,41,25,1,64,1788973632.4669027,G1,T05,banco2420_movimenti,1,static
64346,1,1,0,64,0,0,0,-1,85,34,17,34,8,10,8,5,9,13,18,13,45,34,41,25,1,64,1788973632.6748922,G1,T05,banco2420_movimenti,1,static
64546,1,1,0,64,0,0,0,-1,50,80,26,16,9,5,5,5,10,13,18,20,34,25,41,25,1,64,1788973632.8663564,G1,T05,banco2420_movimenti,1,static
64746,1,1,0,64,0,0,0,-1,65,49,65,13,10,10,8,9,5,13,20,13,34,34,41,25,1,64,1788973633.074178,G1,T05,banco2420_movimenti,1,static
64946,1,1,0,64,0,0,0,-1,153,49,45,5,13,5,5,5,10,13,20,13,29,34,41,29,1,64,1788973633.2727928,G1,T05,banco2420_movimenti,1,static
65146,1,1,0,64,0,0,0,-1,65,82,29,29,20,5,5,8,13,13,18,13,29,41,41,34,1,64,1788973633.4747553,G1,T05,banco2420_movimenti,1,static
65346,1,1,0,64,0,0,0,-1,100,65,64,17,13,5,5,10,10,13,18,13,29,34,34,34,1,64,1788973633.6667209,G1,T05,banco2420_movimenti,1,static
65546,1,1,0,64,0,0,0,-1,73,58,53,37,20,5,2,5,9,13,18,20,34,34,41,34,1,64,1788973633.874807,G1,T05,banco2420_movimenti,1,static
65746,1,1,0,64,0,0,0,-1,41,34,68,25,20,8,8,10,9,8,13,20,34,29,41,34,1,64,1788973634.0667164,G1,T05,banco2420_movimenti,1,static
65946,1,1,0,64,0,0,0,-1,40,10,52,25,13,8,8,8,10,13,25,17,25,34,41,34,1,64,1788973634.273526,G1,T05,banco2420_movimenti,1,static
66146,1,1,0,64,0,0,0,-1,232,185,10,25,13,5,5,5,9,13,18,10,20,25,41,25,1,64,1788973634.465524,G1,T05,banco2420_movimenti,1,static
66346,1,1,0,64,0,0,0,-1,58,20,9,13,16,8,8,10,5,20,25,17,29,34,41,25,1,64,1788973634.6735346,G1,T05,banco2420_movimenti,1,static
66546,1,1,0,64,0,0,0,-1,225,153,10,25,8,8,5,5,5,20,13,17,34,34,50,25,1,64,1788973634.8653922,G1,T05,banco2420_movimenti,1,static
66746,1,1,0,64,0,0,0,-1,104,137,50,25,9,5,5,10,16,13,18,20,34,34,32,25,1,64,1788973635.07386,G1,T05,banco2420_movimenti,1,static
66946,1,1,0,64,0,0,0,-1,500,250,34,8,10,8,5,5,16,8,13,25,45,25,25,34,1,64,1788973635.2747788,G1,T05,banco2420_movimenti,1,static
67146,1,1,0,64,0,0,0,-1,416,197,53,10,16,5,10,5,5,20,25,20,25,34,41,29,1,64,1788973635.4742424,G1,T05,banco2420_movimenti,1,static
67346,1,1,0,64,0,0,0,-1,232,250,25,8,10,5,5,5,8,20,20,20,25,34,41,25,1,64,1788973635.665675,G1,T05,banco2420_movimenti,1,static
67546,1,1,0,64,0,0,0,-1,144,109,26,5,20,9,8,9,5,13,13,20,34,34,41,25,1,64,1788973635.8737955,G1,T05,banco2420_movimenti,1,static
67746,1,1,0,64,0,0,0,-1,98,29,41,45,20,5,5,8,16,18,18,20,34,34,41,25,1,64,1788973636.065381,G1,T05,banco2420_movimenti,1,static
67946,1,1,0,64,0,0,0,-1,73,101,25,13,25,9,5,8,17,13,25,13,29,34,32,25,1,64,1788973636.274703,G1,T05,banco2420_movimenti,1,static
68146,1,1,0,64,0,0,0,-1,221,137,61,13,13,5,5,9,10,18,18,13,40,41,41,25,1,64,1788973636.4664495,G1,T05,banco2420_movimenti,1,static
68346,1,1,0,64,0,0,0,-1,250,269,9,18,17,8,8,8,10,13,13,13,34,34,41,25,1,64,1788973636.6748216,G1,T05,banco2420_movimenti,1,static
68546,1,1,0,64,0,0,0,-1,104,29,13,9,20,8,8,10,10,10,13,20,34,34,41,25,1,64,1788973636.867322,G1,T05,banco2420_movimenti,1,static
68746,1,1,0,64,0,0,0,-1,89,90,65,34,20,5,8,8,10,10,18,20,34,34,41,34,1,64,1788973637.0746295,G1,T05,banco2420_movimenti,1,static
68946,1,1,0,64,0,0,0,-1,82,80,65,16,13,9,8,5,10,17,13,20,34,34,32,34,1,64,1788973637.2753637,G1,T05,banco2420_movimenti,1,static
69146,1,1,0,64,0,0,0,-1,68,85,50,5,13,8,5,10,10,13,13,17,25,25,32,34,1,64,1788973637.474227,G1,T05,banco2420_movimenti,1,static
69346,1,1,0,64,0,0,0,-1,65,162,117,8,8,5,5,5,5,13,18,20,34,34,41,34,1,64,1788973637.6650193,G1,T05,banco2420_movimenti,1,static
69546,1,1,0,64,0,0,0,-1,245,85,64,13,13,5,8,5,10,13,18,13,34,34,41,41,1,64,1788973637.8732178,G1,T05,banco2420_movimenti,1,static
69746,1,1,0,64,0,0,0,-1,61,106,85,20,9,9,5,10,10,13,13,20,25,20,34,34,1,64,1788973638.0640087,G1,T05,banco2420_movimenti,1,static
69946,1,1,0,64,0,0,0,-1,493,389,34,20,8,8,5,8,10,10,13,20,34,25,34,34,1,64,1788973638.2761662,G1,T05,banco2420_movimenti,1,static
70146,1,1,0,64,0,0,0,-1,52,50,32,10,20,10,10,10,10,20,18,17,32,25,41,34,1,64,1788973638.4795003,G1,T05,banco2420_movimenti,1,static
70346,1,1,0,64,0,0,0,-1,250,137,37,10,13,5,5,5,5,20,18,13,29,34,32,34,1,64,1788973638.671696,G1,T05,banco2420_movimenti,1,static
70546,1,1,0,64,0,0,0,-1,100,113,90,13,16,8,5,10,5,20,18,13,45,34,41,34,1,64,1788973638.8795717,G1,T05,banco2420_movimenti,1,static
70746,1,1,0,64,0,0,0,-1,65,80,100,13,13,10,4,13,9,13,13,13,34,34,50,29,1,64,1788973639.071347,G1,T05,banco2420_movimenti,1,static
70946,1,1,0,64,0,0,0,-1,170,160,101,5,13,5,8,5,10,13,18,20,25,34,41,34,1,64,1788973639.2797117,G1,T05,banco2420_movimenti,1,static
71146,1,1,0,64,0,0,0,-1,293,85,25,10,20,25,9,8,10,8,10,20,34,34,41,34,1,64,1788973639.4725306,G1,T05,banco2420_movimenti,1,static
71346,1,1,0,64,0,0,0,-1,221,205,117,10,20,8,5,5,10,13,13,20,34,34,41,34,1,64,1788973639.6797323,G1,T05,banco2420_movimenti,1,static
71546,1,1,0,64,0,0,0,-1,81,85,65,13,20,5,5,5,10,13,18,13,34,34,41,34,1,64,1788973639.8723557,G1,T05,banco2420_movimenti,1,static
71746,1,1,0,64,0,0,0,-1,125,85,13,10,18,8,5,5,10,20,13,20,34,32,52,34,1,64,1788973640.0795543,G1,T05,banco2420_movimenti,1,static
71946,1,1,0,64,0,0,0,-1,194,113,98,10,18,5,5,5,10,20,18,20,34,29,41,34,1,64,1788973640.2781072,G1,T05,banco2420_movimenti,1,static
72146,1,1,0,64,0,0,0,-1,109,64,26,10,18,8,5,9,5,13,13,20,34,34,50,34,1,64,1788973640.479348,G1,T05,banco2420_movimenti,1,static
72346,1,1,0,64,0,0,0,-1,82,64,113,8,9,5,5,10,4,13,8,20,34,41,50,34,1,64,1788973640.6704159,G1,T05,banco2420_movimenti,1,static
72546,1,1,0,64,0,0,0,-1,221,194,65,8,8,10,5,10,5,13,18,13,34,29,41,34,1,64,1788973640.8781419,G1,T05,banco2420_movimenti,1,static
72746,1,1,0,64,0,0,0,-1,104,26,90,10,13,9,5,10,5,13,18,13,34,41,50,25,1,64,1788973641.0721803,G1,T05,banco2420_movimenti,1,static
72946,1,1,0,64,0,0,0,-1,250,100,74,16,20,5,5,8,8,13,18,20,34,34,25,32,1,64,1788973641.279109,G1,T05,banco2420_movimenti,1,static
73146,1,1,0,64,0,0,0,-1,41,45,80,8,9,5,5,5,5,13,18,17,34,34,41,25,1,64,1788973641.4712875,G1,T05,banco2420_movimenti,1,static
73346,1,1,0,64,0,0,0,-1,89,89,9,10,8,8,5,8,10,13,18,20,34,34,50,20,1,64,1788973641.6795053,G1,T05,banco2420_movimenti,1,static
73546,1,1,0,64,0,0,0,-1,144,25,20,13,9,8,8,9,13,18,18,20,34,25,41,25,1,64,1788973641.8711174,G1,T05,banco2420_movimenti,1,static
73746,1,1,0,64,0,0,0,-1,293,97,25,10,9,8,5,8,5,13,18,17,34,34,41,25,1,64,1788973642.078649,G1,T05,banco2420_movimenti,1,static
73946,1,1,0,64,0,0,0,-1,85,45,10,10,13,5,5,5,8,20,18,17,25,34,41,20,1,64,1788973642.271016,G1,T05,banco2420_movimenti,1,static
74146,1,1,0,64,0,0,0,-1,226,130,10,10,5,5,5,5,5,13,18,20,25,34,41,25,1,64,1788973642.4796338,G1,T05,banco2420_movimenti,1,static
74346,1,1,0,64,0,0,0,-1,37,16,26,10,8,5,8,5,9,13,13,20,29,34,41,25,1,64,1788973642.6718552,G1,T05,banco2420_movimenti,1,static
74546,1,1,0,64,0,0,0,-1,37,41,8,9,10,5,5,10,13,20,18,20,34,34,41,32,1,64,1788973642.8778095,G1,T05,banco2420_movimenti,1,static
74746,1,1,0,64,0,0,0,-1,250,160,65,5,13,8,9,5,9,13,18,13,34,34,32,25,1,64,1788973643.0679605,G1,T05,banco2420_movimenti,1,static
74946,1,1,0,64,0,0,0,-1,125,36,73,8,10,5,9,10,5,20,18,13,34,34,32,25,1,64,1788973643.2765083,G1,T05,banco2420_movimenti,1,static
75146,1,1,0,64,0,0,0,-1,157,74,81,10,20,5,5,5,8,13,8,29,34,34,41,34,1,64,1788973643.4684546,G1,T05,banco2420_movimenti,1,static
75346,1,1,0,64,0,0,0,-1,128,52,73,8,13,10,8,8,13,13,18,20,34,34,41,34,1,64,1788973643.676742,G1,T05,banco2420_movimenti,1,static
75546,1,1,0,64,0,0,0,-1,116,68,34,5,13,5,9,5,9,18,18,13,29,34,41,34,1,64,1788973643.8683958,G1,T05,banco2420_movimenti,1,static
75746,1,1,0,64,0,0,0,-1,162,29,45,5,13,8,5,5,5,18,18,13,34,34,52,34,1,64,1788973644.077607,G1,T05,banco2420_movimenti,1,static
75946,1,1,0,64,0,0,0,-1,370,89,13,10,18,5,8,8,5,25,25,13,34,41,52,34,1,64,1788973644.269594,G1,T05,banco2420_movimenti,1,static
76146,1,1,0,64,0,0,0,-1,40,20,8,8,9,5,5,10,8,25,25,10,25,34,52,34,1,64,1788973644.477376,G1,T05,banco2420_movimenti,1,static
76346,1,1,0,64,0,0,0,-1,250,82,20,8,10,9,8,5,5,25,18,13,29,34,41,29,1,64,1788973644.6697574,G1,T05,banco2420_movimenti,1,static
76546,1,1,0,64,0,0,0,-1,90,18,40,8,10,4,5,5,9,20,18,10,34,41,41,29,1,64,1788973644.8779635,G1,T05,banco2420_movimenti,1,static
76746,1,1,0,64,0,0,0,-1,221,45,20,8,13,5,10,5,9,20,25,17,25,34,41,25,1,64,1788973645.0686715,G1,T05,banco2420_movimenti,1,static
76946,1,1,0,64,0,0,0,-1,185,29,16,5,10,9,8,8,9,20,25,20,25,34,41,29,1,64,1788973645.2767894,G1,T05,banco2420_movimenti,1,static
77146,1,1,0,64,0,0,0,-1,74,29,10,9,10,8,5,5,16,18,18,20,34,34,41,20,1,64,1788973645.4685552,G1,T05,banco2420_movimenti,1,static
77346,1,1,0,64,0,0,0,-1,325,61,29,8,9,8,5,5,8,25,18,20,34,34,41,20,1,64,1788973645.6771376,G1,T05,banco2420_movimenti,1,static
77546,1,1,0,64,0,0,0,-1,74,29,18,8,16,9,10,10,8,25,13,25,45,34,34,25,1,64,1788973645.8695567,G1,T05,banco2420_movimenti,1,static
77746,1,1,0,64,0,0,0,-1,50,20,25,13,10,5,9,10,5,25,18,13,34,34,41,25,1,64,1788973646.0781252,G1,T05,banco2420_movimenti,1,static
77946,1,1,0,64,0,0,0,-1,360,170,13,8,10,5,8,10,5,17,18,18,34,34,41,25,1,64,1788973646.270025,G1,T05,banco2420_movimenti,1,static
78146,1,1,0,64,0,0,0,-1,153,74,45,8,10,13,5,10,5,20,18,13,45,32,41,34,1,64,1788973646.478132,G1,T05,banco2420_movimenti,1,static
78346,1,1,0,64,0,0,0,-1,356,130,68,8,10,5,8,5,20,13,13,29,45,52,41,25,1,64,1788973646.669334,G1,T05,banco2420_movimenti,1,static
78546,1,1,0,47,0,0,0,-1,164,170,26,8,17,10,5,8,10,13,25,20,29,34,32,32,1,47,1788973646.8777857,G1,T05,banco2420_movimenti,1,static
78746,1,1,0,56,0,0,0,-1,37,153,85,5,20,5,5,5,5,20,18,20,34,41,41,34,1,56,1788973647.0704057,G1,T05,banco2420_movimenti,1,static
78946,1,1,0,56,0,0,0,-1,292,234,50,9,29,10,5,5,20,8,13,20,34,34,41,25,1,56,1788973647.2763991,G1,T05,banco2420_movimenti,1,static
79146,1,1,0,56,0,0,0,-1,328,580,68,5,25,5,5,5,10,13,17,20,34,41,41,32,1,56,1788973647.4697857,G1,T05,banco2420_movimenti,1,static
79346,1,1,0,56,0,0,0,-1,229,61,9,5,17,8,5,8,10,13,18,13,34,34,41,34,1,56,1788973647.678014,G1,T05,banco2420_movimenti,1,static
79546,1,1,0,56,0,0,0,-1,169,145,50,5,9,8,8,8,10,13,13,13,34,34,50,34,1,56,1788973647.8700037,G1,T05,banco2420_movimenti,1,static
79746,1,1,0,56,0,0,0,-1,85,185,25,17,29,8,5,5,8,9,13,13,34,45,41,25,1,56,1788973648.0783622,G1,T05,banco2420_movimenti,1,static
79946,1,1,0,56,0,0,0,-1,136,145,10,8,29,8,5,8,10,13,13,13,34,45,41,29,1,56,1788973648.2718313,G1,T05,banco2420_movimenti,1,static
80146,1,1,0,47,0,0,0,-1,584,464,32,5,18,10,5,8,9,13,13,13,29,34,41,25,1,47,1788973648.479783,G1,T05,banco2420_movimenti,1,static
80346,1,1,0,47,0,0,0,-1,657,706,162,10,29,9,5,5,10,10,18,20,34,34,41,34,1,47,1788973648.6727822,G1,T05,banco2420_movimenti,1,static
80546,1,1,0,47,0,0,0,-1,333,793,104,18,16,5,8,5,9,13,18,20,34,25,41,34,1,47,1788973648.8796508,G1,T05,banco2420_movimenti,1,static
80746,1,1,0,48,0,0,0,-1,197,265,52,20,13,5,5,5,5,13,18,25,34,34,41,25,1,48,1788973649.0708618,G1,T05,banco2420_movimenti,1,static
80946,1,1,0,57,0,0,0,-1,113,164,25,5,10,9,8,5,10,13,13,25,34,41,41,41,1,57,1788973649.2797556,G1,T05,banco2420_movimenti,1,static
81146,1,1,0,57,0,0,0,-1,425,362,17,18,29,10,8,9,16,18,13,17,34,34,41,34,1,57,1788973649.4718075,G1,T05,banco2420_movimenti,1,static
81346,1,1,0,57,0,0,0,-1,170,74,10,8,13,10,8,8,10,18,18,10,25,34,41,25,1,57,1788973649.677996,G1,T05,banco2420_movimenti,1,static
81546,1,1,0,57,0,0,0,-1,125,85,32,34,10,13,5,8,10,13,18,13,34,41,41,41,1,57,1788973649.870149,G1,T05,banco2420_movimenti,1,static
81746,1,1,0,35,0,0,0,-1,305,160,9,9,20,10,5,8,10,20,18,13,34,41,41,25,1,35,1788973650.0767643,G1,T05,banco2420_movimenti,1,static
81946,1,1,0,35,0,0,0,-1,442,884,85,18,13,5,8,10,10,13,13,20,34,41,41,25,1,35,1788973650.2697654,G1,T05,banco2420_movimenti,1,static
82146,1,1,0,35,0,0,0,-1,305,397,37,13,13,5,9,5,9,10,13,20,34,34,41,25,1,35,1788973650.4773293,G1,T05,banco2420_movimenti,1,static
82346,1,1,0,35,0,0,0,-1,53,25,13,10,13,5,8,8,10,8,13,20,34,34,41,25,1,35,1788973650.669228,G1,T05,banco2420_movimenti,1,static
82546,1,1,0,35,0,0,0,-1,81,52,58,17,26,8,10,5,10,13,18,13,25,34,32,25,1,35,1788973650.8778498,G1,T05,banco2420_movimenti,1,static
82746,1,1,0,35,0,0,0,-1,65,145,117,10,13,5,8,5,10,18,18,13,34,34,50,25,1,35,1788973651.0703132,G1,T05,banco2420_movimenti,1,static
82946,1,1,0,35,0,0,0,-1,225,169,117,10,29,8,5,5,9,10,13,13,34,34,41,25,1,35,1788973651.2785275,G1,T05,banco2420_movimenti,1,static
83146,1,1,0,42,0,0,0,-1,145,241,74,8,16,5,8,5,9,10,10,29,45,34,32,20,1,42,1788973651.4699042,G1,T05,banco2420_movimenti,1,static
83346,1,1,0,47,0,0,0,-1,53,117,10,25,8,5,8,5,9,13,25,10,29,34,32,29,1,47,1788973651.678448,G1,T05,banco2420_movimenti,1,static
83546,1,1,0,47,0,0,0,-1,937,821,125,20,8,10,8,8,10,18,13,10,29,34,32,29,1,47,1788973651.8704023,G1,T05,banco2420_movimenti,1,static
83746,1,1,0,47,0,0,0,-1,692,740,80,13,18,8,5,5,9,13,13,13,34,34,32,25,1,47,1788973652.0776148,G1,T05,banco2420_movimenti,1,static
83946,1,1,0,47,0,0,0,-1,101,50,9,13,10,10,5,5,10,13,18,13,34,34,41,25,1,47,1788973652.2703762,G1,T05,banco2420_movimenti,1,static
84146,1,1,0,35,0,0,0,-1,109,202,61,10,20,5,5,8,10,13,13,20,34,34,41,25,1,35,1788973652.4790037,G1,T05,banco2420_movimenti,1,static
84346,1,1,0,35,0,0,0,-1,52,20,74,8,9,9,8,5,13,8,13,20,41,34,41,34,1,35,1788973652.6711211,G1,T05,banco2420_movimenti,1,static
84546,1,1,0,35,0,0,0,-1,194,40,13,10,17,5,5,5,10,8,13,25,34,29,32,25,1,35,1788973652.8783333,G1,T05,banco2420_movimenti,1,static
84746,1,1,0,67,0,0,0,-1,100,289,68,16,10,9,5,9,5,13,8,25,34,34,32,25,1,67,1788973653.0689335,G1,T05,banco2420_movimenti,1,static
84946,1,1,0,67,0,0,0,-1,149,173,49,32,13,8,8,9,5,13,18,13,29,34,41,25,1,67,1788973653.2774372,G1,T05,banco2420_movimenti,1,static
85146,1,1,0,67,0,0,0,-1,208,170,73,20,10,5,5,5,16,20,18,13,29,25,32,41,1,67,1788973653.4691997,G1,T05,banco2420_movimenti,1,static
85346,1,1,0,67,0,0,0,-1,125,261,45,25,13,8,5,5,13,13,13,13,29,25,41,41,1,67,1788973653.6777647,G1,T05,banco2420_movimenti,1,static
85546,1,1,0,67,0,0,0,-1,90,85,90,16,18,8,5,5,10,13,13,13,34,25,32,34,1,67,1788973653.8717933,G1,T05,banco2420_movimenti,1,static
85746,1,1,0,67,0,0,0,-1,98,74,100,8,20,5,5,5,10,13,13,25,34,41,52,34,1,67,1788973654.0772161,G1,T05,banco2420_movimenti,1,static
85946,1,1,0,67,0,0,0,-1,292,212,26,10,20,5,10,5,9,13,13,25,34,41,52,34,1,67,1788973654.2737746,G1,T05,banco2420_movimenti,1,static
86146,1,1,0,67,0,0,0,-1,257,136,29,13,16,5,9,8,10,13,18,25,34,41,34,34,1,67,1788973654.4768796,G1,T05,banco2420_movimenti,1,static
86346,1,1,0,67,0,0,0,-1,97,145,9,29,13,5,5,10,9,10,20,16,34,34,34,41,1,67,1788973654.6750517,G1,T05,banco2420_movimenti,1,static
86546,1,1,0,67,0,0,0,-1,545,685,45,13,20,5,10,10,9,13,25,17,25,34,41,25,1,67,1788973654.8764074,G1,T05,banco2420_movimenti,1,static
86746,1,1,0,67,0,0,0,-1,106,106,17,5,25,5,5,5,9,13,13,20,34,34,52,34,1,67,1788973655.076413,G1,T05,banco2420_movimenti,1,static
86946,1,1,0,46,0,0,0,-1,205,226,116,16,25,5,8,5,9,13,13,25,34,34,41,34,1,46,1788973655.277198,G1,T05,banco2420_movimenti,1,static
87146,1,1,0,40,0,0,0,-1,116,36,50,8,34,13,8,5,13,13,13,13,34,25,41,34,1,40,1788973655.4771714,G1,T05,banco2420_movimenti,1,static
87346,1,1,0,40,0,0,0,-1,146,101,221,26,25,8,5,8,10,13,13,20,34,34,32,25,1,40,1788973655.6787758,G1,T05,banco2420_movimenti,1,static
87546,1,1,0,40,0,0,0,-1,61,41,37,13,34,8,5,5,10,13,13,20,34,45,50,20,1,40,1788973655.8797376,G1,T05,banco2420_movimenti,1,static
87746,1,1,0,40,0,0,0,-1,122,17,25,8,13,5,9,8,13,18,13,20,34,34,50,20,1,40,1788973656.0801516,G1,T05,banco2420_movimenti,1,static
87946,1,1,0,51,0,0,0,-1,185,261,18,18,9,5,9,10,10,18,13,13,34,34,41,20,1,51,1788973656.2795808,G1,T05,banco2420_movimenti,1,static
88146,1,1,0,51,0,0,0,-1,389,149,18,29,10,5,5,9,5,20,25,13,45,41,41,34,1,51,1788973656.4751596,G1,T05,banco2420_movimenti,1,static
88346,1,1,0,51,0,0,0,-1,85,65,73,10,13,5,8,8,8,20,13,20,34,34,41,34,1,51,1788973656.6669903,G1,T05,banco2420_movimenti,1,static
88546,1,1,0,62,0,0,0,-1,185,125,18,9,9,9,5,5,9,13,25,10,34,34,41,34,1,62,1788973656.8744624,G1,T05,banco2420_movimenti,1,static
88746,1,1,0,62,0,0,0,-1,290,388,149,10,25,8,5,8,5,10,13,13,34,25,34,34,1,62,1788973657.0653837,G1,T05,banco2420_movimenti,1,static
88946,1,1,0,62,0,0,0,-1,305,202,20,10,20,5,5,5,5,13,18,13,25,34,50,34,1,62,1788973657.2719443,G1,T05,banco2420_movimenti,1,static
89146,1,1,0,62,0,0,0,-1,109,89,61,8,20,5,5,13,10,20,18,20,32,45,41,34,1,62,1788973657.4797864,G1,T05,banco2420_movimenti,1,static
89346,1,1,0,62,0,0,0,-1,52,65,73,10,13,5,8,8,5,20,18,20,41,34,41,25,1,62,1788973657.6707735,G1,T05,banco2420_movimenti,1,static
89546,1,1,0,62,0,0,0,-1,18,25,97,8,5,9,5,8,10,18,18,20,41,34,32,25,1,62,1788973657.8779583,G1,T05,banco2420_movimenti,1,static
89746,1,1,0,62,0,0,0,-1,324,194,25,20,10,5,5,8,10,18,18,20,34,34,32,25,1,62,1788973658.0790308,G1,T05,banco2420_movimenti,1,static
89946,1,1,0,62,0,0,0,-1,125,136,41,8,18,5,5,5,10,13,18,17,34,41,41,41,1,62,1788973658.2763312,G1,T05,banco2420_movimenti,1,static
90146,1,1,0,62,0,0,0,-1,149,100,40,10,25,8,4,5,9,13,25,13,29,34,41,34,1,62,1788973658.468653,G1,T05,banco2420_movimenti,1,static
90346,1,1,0,62,0,0,0,-1,89,162,58,8,25,8,8,8,8,20,18,20,25,34,41,25,1,62,1788973658.6760163,G1,T05,banco2420_movimenti,1,static
90546,1,1,0,62,0,0,0,-1,32,18,45,10,16,10,5,5,5,25,18,20,34,34,41,34,1,62,1788973658.8764684,G1,T05,banco2420_movimenti,1,static
90746,1,1,0,62,0,0,0,-1,82,34,20,13,18,20,5,5,5,25,18,20,29,29,41,34,1,62,1788973659.0784183,G1,T05,banco2420_movimenti,1,static
90946,1,1,0,62,0,0,0,-1,137,125,49,8,20,5,5,5,16,13,18,20,34,34,41,34,1,62,1788973659.273744,G1,T05,banco2420_movimenti,1,static
91146,1,1,0,62,0,0,0,-1,109,40,65,5,29,4,9,5,16,13,18,20,34,34,41,34,1,62,1788973659.4738774,G1,T05,banco2420_movimenti,1,static
91346,1,1,0,62,0,0,0,-1,41,20,52,8,29,9,5,10,5,20,18,20,34,29,41,34,1,62,1788973659.6740086,G1,T05,banco2420_movimenti,1,static
91546,1,1,0,62,0,0,0,-1,97,130,89,8,8,5,8,5,5,10,18,20,34,34,41,34,1,62,1788973659.873906,G1,T05,banco2420_movimenti,1,static
91746,1,1,0,39,0,0,0,-1,160,185,40,13,13,5,5,8,9,10,13,20,34,29,41,34,1,39,1788973660.0741584,G1,T05,banco2420_movimenti,1,static
91946,1,1,0,39,0,0,0,-1,333,85,113,8,25,5,8,5,10,13,20,25,34,34,41,41,1,39,1788973660.273912,G1,T05,banco2420_movimenti,1,static
92146,1,1,0,39,0,0,0,-1,146,17,34,17,10,5,8,5,5,13,18,20,34,34,41,34,1,39,1788973660.4738483,G1,T05,banco2420_movimenti,1,static
92346,1,1,0,39,0,0,0,-1,29,68,34,20,20,5,10,8,10,13,18,20,29,41,41,25,1,39,1788973660.674023,G1,T05,banco2420_movimenti,1,static
92546,1,1,0,39,0,0,0,-1,521,370,145,8,32,5,5,10,5,17,8,34,34,34,32,34,1,39,1788973660.879791,G1,T05,banco2420_movimenti,1,static
92746,1,1,0,39,0,0,0,-1,292,436,20,5,20,13,5,10,5,8,18,20,34,34,41,34,1,39,1788973661.0739748,G1,T05,banco2420_movimenti,1,static
92946,1,1,0,35,0,0,0,-1,218,40,50,13,20,10,10,5,9,18,18,20,34,34,41,45,1,35,1788973661.2800572,G1,T05,banco2420_movimenti,1,static
93146,1,1,0,35,0,0,0,-1,116,229,89,10,17,5,5,9,9,10,18,20,34,34,41,34,1,35,1788973661.473622,G1,T05,banco2420_movimenti,1,static
93346,1,1,0,35,0,0,0,-1,325,73,26,10,20,9,5,5,9,13,25,13,34,34,41,34,1,35,1788973661.6802049,G1,T05,banco2420_movimenti,1,static
93546,1,1,0,35,0,0,0,-1,89,104,65,5,13,5,8,5,10,10,13,13,34,34,41,34,1,35,1788973661.8738286,G1,T05,banco2420_movimenti,1,static
93746,1,1,0,35,0,0,0,-1,233,117,50,34,9,5,5,10,10,13,18,17,34,34,32,25,1,35,1788973662.0799184,G1,T05,banco2420_movimenti,1,static
93946,1,1,0,61,0,0,0,-1,89,205,74,10,34,5,5,5,9,13,13,20,45,34,41,34,1,61,1788973662.2739425,G1,T05,banco2420_movimenti,1,static
94146,1,1,0,61,0,0,0,-1,157,34,34,13,20,8,5,13,9,13,18,13,29,34,41,34,1,61,1788973662.478637,G1,T05,banco2420_movimenti,1,static
94346,1,1,0,61,0,0,0,-1,1192,925,113,8,16,8,10,9,9,13,13,26,41,41,41,34,1,61,1788973662.6737022,G1,T05,banco2420_movimenti,1,static
94546,1,1,0,61,0,0,0,-1,85,25,40,13,13,5,5,10,5,20,20,17,29,34,41,25,1,61,1788973662.8798048,G1,T05,banco2420_movimenti,1,static
94746,1,1,0,61,0,0,0,-1,404,205,74,10,13,5,5,10,9,10,18,17,34,34,41,34,1,61,1788973663.072226,G1,T05,banco2420_movimenti,1,static
94946,1,1,0,61,0,0,0,-1,457,100,74,10,5,8,5,8,10,13,13,20,34,34,41,34,1,61,1788973663.2801685,G1,T05,banco2420_movimenti,1,static
95146,1,1,0,105,0,0,0,-1,50,73,72,5,20,10,5,5,17,13,8,18,34,34,41,34,1,105,1788973663.472758,G1,T05,banco2420_movimenti,1,static
95346,1,1,0,105,0,0,0,-1,145,113,41,26,20,5,8,8,10,13,8,25,29,25,41,34,1,105,1788973663.6650271,G1,T05,banco2420_movimenti,1,static
95546,1,1,0,105,0,0,0,-1,289,353,97,16,13,5,5,9,10,18,18,13,29,25,41,34,1,105,1788973663.873305,G1,T05,banco2420_movimenti,1,static
95746,1,1,0,105,0,0,0,-1,137,208,68,8,25,5,5,5,9,17,18,20,34,34,32,20,1,105,1788973664.0670512,G1,T05,banco2420_movimenti,1,static
95946,1,1,0,105,0,0,0,-1,233,450,65,8,20,8,9,5,9,13,18,13,29,34,41,29,1,105,1788973664.2743518,G1,T05,banco2420_movimenti,1,static
96146,1,1,0,105,0,0,0,-1,146,122,18,18,17,5,10,9,10,13,13,17,25,34,41,29,1,105,1788973664.4661033,G1,T05,banco2420_movimenti,1,static
96346,1,1,0,105,0,0,0,-1,52,16,26,5,20,9,5,13,10,13,13,20,34,34,41,20,1,105,1788973664.6749434,G1,T05,banco2420_movimenti,1,static
96546,1,1,0,105,0,0,0,-1,221,153,50,8,17,8,5,5,17,10,10,20,45,34,41,25,1,105,1788973664.866231,G1,T05,banco2420_movimenti,1,static
96746,1,1,0,105,0,0,0,-1,137,85,13,5,20,10,10,5,16,10,10,20,34,34,41,34,1,105,1788973665.0731926,G1,T05,banco2420_movimenti,1,static
96946,1,1,0,105,0,0,0,-1,170,82,41,18,9,10,5,5,5,13,18,13,34,34,41,34,1,105,1788973665.2649536,G1,T05,banco2420_movimenti,1,static
97146,1,1,0,105,0,0,0,-1,61,193,101,25,20,8,5,13,5,13,18,20,45,41,41,34,1,105,1788973665.4724956,G1,T05,banco2420_movimenti,1,static
97346,1,1,0,105,0,0,0,-1,657,356,32,50,20,8,8,13,5,13,18,20,34,41,41,34,1,105,1788973665.6665568,G1,T05,banco2420_movimenti,1,static
97546,1,1,0,63,0,0,0,-1,122,202,20,13,20,8,5,10,10,25,18,20,34,41,41,34,1,63,1788973665.8728886,G1,T05,banco2420_movimenti,1,static
97746,1,1,0,63,0,0,0,-1,181,113,13,8,9,5,5,5,10,25,18,13,34,34,41,25,1,63,1788973666.066842,G1,T05,banco2420_movimenti,1,static
97946,1,1,0,63,0,0,0,-1,136,80,37,8,20,5,5,10,9,20,25,20,34,34,41,25,1,63,1788973666.2739172,G1,T05,banco2420_movimenti,1,static
98146,1,1,0,63,0,0,0,-1,85,26,13,10,13,20,13,5,9,20,18,20,34,41,52,34,1,63,1788973666.465083,G1,T05,banco2420_movimenti,1,static
98346,1,1,0,43,0,0,0,-1,250,360,32,18,18,8,5,5,16,8,18,20,34,41,61,34,1,43,1788973666.674052,G1,T05,banco2420_movimenti,1,static
98546,1,1,0,43,0,0,0,-1,281,212,145,13,9,8,13,10,10,13,18,25,34,41,41,34,1,43,1788973666.8661423,G1,T05,banco2420_movimenti,1,static
98746,1,1,0,43,0,0,0,-1,128,233,40,29,20,13,8,13,8,13,18,20,32,34,41,34,1,43,1788973667.074091,G1,T05,banco2420_movimenti,1,static
98946,1,1,0,43,0,0,0,-1,128,125,101,16,20,10,5,10,9,10,18,16,25,34,41,34,1,43,1788973667.2667553,G1,T05,banco2420_movimenti,1,static
99146,1,1,0,35,0,0,0,-1,369,181,45,17,16,10,5,9,8,13,18,25,34,34,41,34,1,35,1788973667.4739168,G1,T05,banco2420_movimenti,1,static
99346,1,1,0,35,0,0,0,-1,125,61,130,8,20,5,5,5,17,18,25,20,34,34,41,29,1,35,1788973667.666741,G1,T05,banco2420_movimenti,1,static
99546,1,1,0,35,0,0,0,-1,113,29,90,13,29,8,8,5,9,20,18,20,34,34,41,25,1,35,1788973667.8750136,G1,T05,banco2420_movimenti,1,static
99746,1,1,0,35,0,0,0,-1,125,106,85,13,10,10,5,5,13,13,18,20,34,34,41,25,1,35,1788973668.0671382,G1,T05,banco2420_movimenti,1,static
99946,1,1,0,35,0,0,0,-1,149,25,26,13,17,10,5,5,10,17,10,20,34,34,41,25,1,35,1788973668.2761025,G1,T05,banco2420_movimenti,1,static
100146,1,1,0,35,0,0,0,-1,353,337,17,8,10,8,5,9,8,20,18,13,34,34,41,25,1,35,1788973668.468016,G1,T05,banco2420_movimenti,1,static
100346,1,1,0,35,0,0,0,-1,225,74,49,20,8,5,5,8,10,25,18,20,34,34,41,25,1,35,1788973668.6750057,G1,T05,banco2420_movimenti,1,static
100546,1,1,0,35,0,0,0,-1,169,130,109,8,18,8,5,5,10,20,18,20,34,34,41,25,1,35,1788973668.8654068,G1,T05,banco2420_movimenti,1,static
100746,1,1,0,35,0,0,0,-1,221,180,101,8,13,9,10,5,13,13,13,13,34,34,50,25,1,35,1788973669.0744092,G1,T05,banco2420_movimenti,1,static
100946,1,1,0,35,0,0,0,-1,73,130,65,9,20,5,5,5,4,13,13,13,34,41,61,34,1,35,1788973669.2661104,G1,T05,banco2420_movimenti,1,static
101146,1,1,0,72,0,0,0,-1,80,149,89,20,18,10,5,8,5,13,18,17,41,32,52,25,1,72,1788973669.4745965,G1,T05,banco2420_movimenti,1,static
101346,1,1,0,72,0,0,0,-1,221,613,149,8,25,5,5,10,5,13,18,20,34,32,41,34,1,72,1788973669.6667743,G1,T05,banco2420_movimenti,1,static
101546,1,1,0,72,0,0,0,-1,242,424,130,13,25,13,8,8,5,13,18,20,34,41,41,34,1,72,1788973669.8752623,G1,T05,banco2420_movimenti,1,static
101746,1,1,0,50,0,0,0,-1,305,200,41,25,13,8,5,5,5,13,18,13,34,41,41,34,1,50,1788973670.06712,G1,T05,banco2420_movimenti,1,static
101946,1,1,0,45,0,0,0,-1,221,157,68,17,8,8,5,5,5,13,18,17,34,34,41,34,1,45,1788973670.27507,G1,T05,banco2420_movimenti,1,static
102146,1,1,0,45,0,0,0,-1,109,89,68,8,8,5,8,5,16,10,20,26,41,25,41,25,1,45,1788973670.467497,G1,T05,banco2420_movimenti,1,static
102346,1,1,0,45,0,0,0,-1,65,82,68,5,13,8,8,9,5,20,25,13,34,41,41,25,1,45,1788973670.6738756,G1,T05,banco2420_movimenti,1,static
102546,1,1,0,45,0,0,0,-1,178,37,9,5,13,13,8,8,5,13,25,20,34,34,41,25,1,45,1788973670.8663454,G1,T05,banco2420_movimenti,1,static
102746,1,1,0,35,0,0,0,-1,313,260,65,18,20,8,5,8,5,13,25,13,45,34,41,25,1,35,1788973671.0750427,G1,T05,banco2420_movimenti,1,static
102946,1,1,0,35,0,0,0,-1,298,193,8,8,25,10,8,5,10,13,18,13,45,34,41,25,1,35,1788973671.2665327,G1,T05,banco2420_movimenti,1,static
103146,1,1,0,35,0,0,0,-1,346,265,29,8,13,13,5,5,9,13,18,26,34,45,41,25,1,35,1788973671.4738572,G1,T05,banco2420_movimenti,1,static
103346,1,1,0,67,0,0,0,-1,85,193,89,20,20,8,5,5,8,13,18,17,34,34,41,32,1,67,1788973671.6662214,G1,T05,banco2420_movimenti,1,static
103546,1,1,0,67,0,0,0,-1,144,45,29,8,16,8,8,8,10,13,18,13,52,45,41,34,1,67,1788973671.873297,G1,T05,banco2420_movimenti,1,static
103746,1,1,0,67,0,0,0,-1,64,29,109,5,20,8,5,5,8,20,18,13,41,41,41,25,1,67,1788973672.080425,G1,T05,banco2420_movimenti,1,static
103946,1,1,0,67,0,0,0,-1,218,73,98,8,13,5,5,5,10,13,18,13,34,41,41,25,1,67,1788973672.2729654,G1,T05,banco2420_movimenti,1,static
104146,1,1,0,67,0,0,0,-1,425,925,109,50,5,5,9,8,17,13,18,10,34,41,41,25,1,67,1788973672.4808042,G1,T05,banco2420_movimenti,1,static
104346,1,1,0,67,0,0,0,-1,98,73,36,25,25,5,5,5,17,13,18,13,34,34,41,34,1,67,1788973672.6726375,G1,T05,banco2420_movimenti,1,static
104546,1,1,0,67,0,0,0,-1,72,50,61,32,17,9,10,5,17,13,13,13,40,34,41,25,1,67,1788973672.88066,G1,T05,banco2420_movimenti,1,static
104746,1,1,0,46,0,0,0,-1,37,34,73,8,20,8,5,5,10,8,18,20,34,34,41,34,1,46,1788973673.0717204,G1,T05,banco2420_movimenti,1,static
104946,1,1,0,46,0,0,0,-1,52,80,50,25,16,9,5,5,9,20,18,17,34,29,41,34,1,46,1788973673.2753088,G1,T05,banco2420_movimenti,1,static
105146,1,1,0,46,0,0,0,-1,128,130,121,10,17,5,8,9,5,20,18,20,34,29,41,34,1,46,1788973673.467578,G1,T05,banco2420_movimenti,1,static
105346,1,1,0,46,0,0,0,-1,82,52,61,8,10,5,5,10,10,20,8,20,34,34,41,34,1,46,1788973673.674937,G1,T05,banco2420_movimenti,1,static
105546,1,1,0,46,0,0,0,-1,97,116,74,8,9,8,13,10,5,20,13,20,34,34,41,34,1,46,1788973673.867388,G1,T05,banco2420_movimenti,1,static
105746,1,1,0,35,0,0,0,-1,234,178,10,10,20,8,8,5,9,13,13,13,29,25,41,34,1,35,1788973674.0756273,G1,T05,banco2420_movimenti,1,static
105946,1,1,0,42,0,0,0,-1,80,289,164,10,20,5,5,8,9,18,18,13,34,34,50,25,1,42,1788973674.2675612,G1,T05,banco2420_movimenti,1,static
106146,1,1,0,42,0,0,0,-1,61,65,109,10,16,9,5,5,5,13,18,13,34,34,50,25,1,42,1788973674.476123,G1,T05,banco2420_movimenti,1,static
106346,1,1,0,42,0,0,0,-1,234,272,64,37,16,10,5,10,5,20,13,13,34,34,41,25,1,42,1788973674.667905,G1,T05,banco2420_movimenti,1,static
106546,1,1,0,42,0,0,0,-1,137,106,58,10,13,5,8,5,10,20,25,20,25,34,41,25,1,42,1788973674.877259,G1,T05,banco2420_movimenti,1,static
106746,1,1,0,42,0,0,0,-1,116,106,157,10,18,8,8,8,10,13,13,20,41,34,41,34,1,42,1788973675.0680423,G1,T05,banco2420_movimenti,1,static
106946,1,1,0,42,0,0,0,-1,64,17,145,9,13,8,5,10,10,13,13,20,34,34,41,25,1,42,1788973675.2761414,G1,T05,banco2420_movimenti,1,static
107146,1,1,0,42,0,0,0,-1,109,113,10,10,13,5,5,13,10,8,13,20,41,34,41,20,1,42,1788973675.46921,G1,T05,banco2420_movimenti,1,static
107346,1,1,0,35,0,0,0,-1,425,370,13,20,8,5,5,13,10,13,13,20,34,34,41,20,1,35,1788973675.6772807,G1,T05,banco2420_movimenti,1,static
107546,1,1,0,35,0,0,0,-1,234,218,41,8,13,5,4,13,5,13,13,20,34,34,41,25,1,35,1788973675.8696046,G1,T05,banco2420_movimenti,1,static
107746,1,1,0,35,0,0,0,-1,260,116,90,13,10,5,5,5,10,13,18,17,34,41,41,34,1,35,1788973676.0776215,G1,T05,banco2420_movimenti,1,static
107946,1,1,0,47,0,0,0,-1,100,202,97,25,8,5,8,5,9,13,18,20,34,34,41,20,1,47,1788973676.2692363,G1,T05,banco2420_movimenti,1,static
108146,1,1,0,47,0,0,0,-1,81,34,61,29,10,5,5,5,9,13,18,20,34,45,41,20,1,47,1788973676.4766078,G1,T05,banco2420_movimenti,1,static
108346,1,1,0,47,0,0,0,-1,61,104,136,8,13,8,8,5,10,8,18,20,34,45,41,25,1,47,1788973676.6684105,G1,T05,banco2420_movimenti,1,static
108546,1,1,0,47,0,0,0,-1,242,260,181,13,10,10,8,5,5,13,18,20,34,34,41,34,1,47,1788973676.8765798,G1,T05,banco2420_movimenti,1,static
108746,1,1,0,47,0,0,0,-1,293,205,8,5,16,8,9,5,9,13,25,20,34,34,41,25,1,47,1788973677.069231,G1,T05,banco2420_movimenti,1,static
108946,1,1,0,46,0,0,0,-1,242,389,85,13,25,5,8,5,9,20,18,13,29,25,41,34,1,46,1788973677.2773347,G1,T05,banco2420_movimenti,1,static
109146,1,1,0,46,0,0,0,-1,85,45,5,10,25,10,10,5,8,20,13,20,34,52,41,34,1,46,1788973677.4691474,G1,T05,banco2420_movimenti,1,static
109346,1,1,0,43,0,0,0,-1,261,292,164,9,18,13,10,5,5,18,18,13,34,41,41,25,1,43,1788973677.6771433,G1,T05,banco2420_movimenti,1,static
109546,1,1,0,47,0,0,0,-1,162,369,149,20,20,8,10,5,10,13,18,13,34,34,32,25,1,47,1788973677.8693285,G1,T05,banco2420_movimenti,1,static
109746,1,1,0,47,0,0,0,-1,125,117,122,20,29,13,9,10,4,20,13,20,34,34,41,25,1,47,1788973678.0778089,G1,T05,banco2420_movimenti,1,static
109946,1,1,0,47,0,0,0,-1,148,130,180,9,29,5,5,5,9,13,18,20,34,45,41,20,1,47,1788973678.2694776,G1,T05,banco2420_movimenti,1,static
110146,1,1,0,47,0,0,0,-1,82,89,68,5,10,8,5,16,10,13,13,20,34,34,41,34,1,47,1788973678.4770966,G1,T05,banco2420_movimenti,1,static
110346,1,1,0,35,0,0,0,-1,157,144,26,13,13,5,5,9,8,13,18,20,34,34,41,25,1,35,1788973678.669204,G1,T05,banco2420_movimenti,1,static
110546,1,1,0,47,0,0,0,-1,68,82,34,18,13,5,8,5,10,9,13,20,34,34,41,34,1,47,1788973678.877337,G1,T05,banco2420_movimenti,1,static
110746,1,1,0,47,0,0,0,-1,40,25,17,20,8,8,5,9,5,13,13,25,34,34,34,25,1,47,1788973679.0697935,G1,T05,banco2420_movimenti,1,static
110946,1,1,0,47,0,0,0,-1,100,82,26,13,25,5,5,8,25,10,13,25,34,34,41,34,1,47,1788973679.277473,G1,T05,banco2420_movimenti,1,static
111146,1,1,0,47,0,0,0,-1,145,61,58,8,13,10,8,9,8,13,20,20,34,34,41,34,1,47,1788973679.4698076,G1,T05,banco2420_movimenti,1,static
111346,1,1,0,47,0,0,0,-1,90,89,52,9,8,5,5,10,8,13,13,13,41,34,32,20,1,47,1788973679.6780179,G1,T05,banco2420_movimenti,1,static
111546,1,1,0,47,0,0,0,-1,116,74,106,5,13,5,5,5,10,13,13,25,34,34,41,25,1,47,1788973679.8699794,G1,T05,banco2420_movimenti,1,static
111746,1,1,0,47,0,0,0,-1,58,20,10,13,13,8,5,5,10,13,20,20,34,34,34,32,1,47,1788973680.0779924,G1,T05,banco2420_movimenti,1,static
111946,1,1,0,47,0,0,0,-1,162,90,10,8,13,8,9,5,10,13,13,20,34,34,41,20,1,47,1788973680.2698865,G1,T05,banco2420_movimenti,1,static
112146,1,1,0,47,0,0,0,-1,205,233,74,20,25,9,8,4,10,13,18,20,34,41,41,29,1,47,1788973680.4779167,G1,T05,banco2420_movimenti,1,static
112346,1,1,0,47,0,0,0,-1,181,181,32,17,18,5,5,5,10,13,18,20,34,41,41,20,1,47,1788973680.670062,G1,T05,banco2420_movimenti,1,static
112546,1,1,0,47,0,0,0,-1,125,137,89,10,13,5,5,5,10,13,13,13,34,34,41,25,1,47,1788973680.877409,G1,T05,banco2420_movimenti,1,static
112746,1,1,0,47,0,0,0,-1,37,80,53,26,29,5,5,5,10,13,18,10,25,34,41,29,1,47,1788973681.0689428,G1,T05,banco2420_movimenti,1,static
112946,1,1,0,47,0,0,0,-1,125,90,37,13,32,8,5,10,5,13,18,13,25,29,41,34,1,47,1788973681.2774527,G1,T05,banco2420_movimenti,1,static
113146,1,1,0,47,0,0,0,-1,466,202,116,13,26,10,8,9,5,18,13,13,34,34,41,18,1,47,1788973681.4696095,G1,T05,banco2420_movimenti,1,static
113346,1,1,0,47,0,0,0,-1,185,72,50,13,5,10,5,5,16,13,10,25,45,34,50,25,1,47,1788973681.677205,G1,T05,banco2420_movimenti,1,static
113546,1,1,0,47,0,0,0,-1,137,121,89,13,13,10,5,5,8,13,13,13,25,34,41,34,1,47,1788973681.8692997,G1,T05,banco2420_movimenti,1,static
113746,1,1,0,47,0,0,0,-1,98,58,10,13,13,10,8,9,9,10,34,10,25,34,32,34,1,47,1788973682.0778353,G1,T05,banco2420_movimenti,1,static
113946,1,1,0,47,0,0,0,-1,36,58,74,17,18,8,8,5,9,13,18,20,29,34,41,34,1,47,1788973682.270566,G1,T05,banco2420_movimenti,1,static
114146,1,1,0,71,0,0,0,-1,305,164,98,13,13,10,8,10,9,13,18,20,34,45,50,41,1,71,1788973682.4793818,G1,T05,banco2420_movimenti,1,static
114346,1,1,0,71,0,0,0,-1,49,100,74,13,16,5,5,10,10,13,18,20,29,34,50,34,1,71,1788973682.6705523,G1,T05,banco2420_movimenti,1,static
114546,1,1,0,71,0,0,0,-1,160,73,29,5,20,5,5,10,5,18,13,20,29,34,41,34,1,71,1788973682.8787694,G1,T05,banco2420_movimenti,1,static
114746,1,1,0,71,0,0,0,-1,181,61,65,8,17,8,5,8,9,18,25,13,34,34,41,34,1,71,1788973683.0709264,G1,T05,banco2420_movimenti,1,static
114946,1,1,0,71,0,0,0,-1,89,101,65,13,16,8,5,5,10,13,18,13,34,34,41,34,1,71,1788973683.2789283,G1,T05,banco2420_movimenti,1,static
115146,1,1,0,71,0,0,0,-1,250,136,80,10,13,8,10,9,5,20,13,20,34,41,41,25,1,71,1788973683.4707756,G1,T05,banco2420_movimenti,1,static
115346,1,1,0,71,0,0,0,-1,244,109,74,25,13,13,4,10,8,20,18,20,34,52,41,25,1,71,1788973683.6793926,G1,T05,banco2420_movimenti,1,static
115546,1,1,0,71,0,0,0,-1,116,37,73,25,9,10,5,10,5,13,13,20,45,52,41,34,1,71,1788973683.8732684,G1,T05,banco2420_movimenti,1,static
115746,1,1,0,71,0,0,0,-1,74,17,5,25,20,10,5,10,5,20,18,20,34,20,32,25,1,71,1788973684.0795033,G1,T05,banco2420_movimenti,1,static
115946,1,1,0,71,0,0,0,-1,578,325,85,9,18,13,5,10,8,25,18,20,34,34,32,25,1,71,1788973684.271952,G1,T05,banco2420_movimenti,1,static
116146,1,1,0,71,0,0,0,-1,45,208,65,10,20,8,10,10,9,13,18,20,34,34,41,20,1,71,1788973684.4797552,G1,T05,banco2420_movimenti,1,static
116346,1,1,0,71,0,0,0,-1,50,41,25,25,10,8,8,9,9,13,25,25,34,34,52,34,1,71,1788973684.671609,G1,T05,banco2420_movimenti,1,static
116546,1,1,0,71,0,0,0,-1,58,25,17,13,10,8,5,9,10,8,13,13,34,34,32,25,1,71,1788973684.8792284,G1,T05,banco2420_movimenti,1,static
116746,1,1,0,71,0,0,0,-1,109,122,58,25,25,10,8,5,10,25,18,13,34,45,32,34,1,71,1788973685.0717084,G1,T05,banco2420_movimenti,1,static
116946,1,1,0,71,0,0,0,-1,72,101,45,9,13,5,5,5,10,20,25,13,34,45,41,34,1,71,1788973685.2789278,G1,T05,banco2420_movimenti,1,static
117146,1,1,0,71,0,0,0,-1,50,52,34,10,16,10,5,10,9,20,25,13,25,34,41,34,1,71,1788973685.4710932,G1,T05,banco2420_movimenti,1,static
117346,1,1,0,71,0,0,0,-1,89,117,146,9,25,5,8,4,10,13,25,13,34,34,41,34,1,71,1788973685.6768298,G1,T05,banco2420_movimenti,1,static
117546,1,1,0,71,0,0,0,-1,53,85,65,10,25,17,8,8,5,13,18,13,29,25,41,34,1,71,1788973685.8689332,G1,T05,banco2420_movimenti,1,static
117746,1,1,0,71,0,0,0,-1,244,109,40,13,13,5,5,5,10,10,18,13,29,25,41,20,1,71,1788973686.077506,G1,T05,banco2420_movimenti,1,static
117946,1,1,0,65,0,0,0,-1,40,29,10,8,13,8,5,5,10,17,18,13,34,34,41,20,1,65,1788973686.2691276,G1,T05,banco2420_movimenti,1,static
118146,1,1,0,65,0,0,0,-1,58,169,61,5,32,10,5,5,10,13,18,20,34,34,52,34,1,65,1788973686.477988,G1,T05,banco2420_movimenti,1,static
118346,1,1,0,65,0,0,0,-1,65,101,40,18,13,8,10,5,10,13,18,13,34,34,41,34,1,65,1788973686.670385,G1,T05,banco2420_movimenti,1,static
118546,1,1,0,65,0,0,0,-1,185,136,17,25,5,5,5,8,16,13,18,13,45,41,41,25,1,65,1788973686.8780575,G1,T05,banco2420_movimenti,1,static
118746,1,1,0,65,0,0,0,-1,164,149,162,5,10,9,5,5,9,18,18,20,34,34,41,25,1,65,1788973687.0699687,G1,T05,banco2420_movimenti,1,static
118946,1,1,0,65,0,0,0,-1,37,85,52,5,20,9,8,10,8,20,25,17,29,34,41,20,1,65,1788973687.2784026,G1,T05,banco2420_movimenti,1,static
119146,1,1,0,65,0,0,0,-1,40,148,116,8,13,9,10,10,9,13,13,17,25,34,41,32,1,65,1788973687.4708343,G1,T05,banco2420_movimenti,1,static
119346,1,1,0,65,0,0,0,-1,257,181,13,32,10,8,5,10,5,18,25,13,34,34,41,25,1,65,1788973687.6780815,G1,T05,banco2420_movimenti,1,static
119546,1,1,0,65,0,0,0,-1,130,65,18,10,18,4,5,8,9,18,18,20,34,34,52,34,1,65,1788973687.869565,G1,T05,banco2420_movimenti,1,static
119746,1,1,0,65,0,0,0,-1,130,116,65,13,13,5,5,5,10,18,13,20,29,34,32,34,1,65,1788973688.0780923,G1,T05,banco2420_movimenti,1,static
119946,1,1,0,65,0,0,0,-1,208,149,20,20,10,8,8,5,8,20,18,20,34,34,41,34,1,65,1788973688.269679,G1,T05,banco2420_movimenti,1,static
120146,1,1,0,65,0,0,0,-1,68,50,65,10,9,5,4,10,8,20,18,20,34,34,41,34,1,65,1788973688.4777868,G1,T05,banco2420_movimenti,1,static
120346,1,1,0,65,0,0,0,-1,61,61,13,13,9,5,8,10,5,20,18,20,34,34,41,34,1,65,1788973688.6700647,G1,T05,banco2420_movimenti,1,static
120546,1,1,0,65,0,0,0,-1,157,170,18,8,13,10,5,9,13,9,18,20,34,34,41,34,1,65,1788973688.878136,G1,T05,banco2420_movimenti,1,static
120746,1,1,0,65,0,0,0,-1,250,245,113,25,20,5,8,5,9,13,18,25,34,34,41,20,1,65,1788973689.071639,G1,T05,banco2420_movimenti,1,static
120946,1,1,0,65,0,0,0,-1,162,261,41,13,20,8,5,9,16,9,18,20,32,45,41,25,1,65,1788973689.2799075,G1,T05,banco2420_movimenti,1,static
121146,1,1,0,59,0,0,0,-1,145,65,32,5,25,8,8,5,13,13,13,25,32,34,41,25,1,59,1788973689.471259,G1,T05,banco2420_movimenti,1,static
121346,1,1,0,59,0,0,0,-1,101,26,13,20,18,10,5,5,20,10,13,20,25,34,32,25,1,59,1788973689.6804483,G1,T05,banco2420_movimenti,1,static
121546,1,1,0,59,0,0,0,-1,290,160,149,13,17,8,5,5,18,13,18,20,29,34,50,34,1,59,1788973689.8726852,G1,T05,banco2420_movimenti,1,static
121746,1,1,0,59,0,0,0,-1,52,25,61,9,9,10,5,5,13,18,18,20,20,29,32,25,1,59,1788973690.080186,G1,T05,banco2420_movimenti,1,static
121946,1,1,0,59,0,0,0,-1,98,20,20,5,25,8,9,5,9,10,10,20,20,29,41,34,1,59,1788973690.2721837,G1,T05,banco2420_movimenti,1,static
122146,1,1,0,66,0,0,0,-1,89,101,20,20,9,5,5,5,9,18,18,20,29,34,50,29,1,66,1788973690.4804807,G1,T05,banco2420_movimenti,1,static
122346,1,1,0,66,0,0,0,-1,52,113,29,17,13,8,5,10,5,17,20,20,34,34,41,34,1,66,1788973690.6726005,G1,T05,banco2420_movimenti,1,static
122546,1,1,0,66,0,0,0,-1,52,32,20,25,13,5,10,5,9,17,20,20,34,34,50,34,1,66,1788973690.8801582,G1,T05,banco2420_movimenti,1,static
122746,1,1,0,66,0,0,0,-1,106,65,136,10,17,8,5,5,5,10,13,20,34,34,41,25,1,66,1788973691.0714908,G1,T05,banco2420_movimenti,1,static
122946,1,1,0,66,0,0,0,-1,157,100,29,13,16,8,8,5,10,13,13,20,34,34,41,34,1,66,1788973691.2797332,G1,T05,banco2420_movimenti,1,static
123146,1,1,0,66,0,0,0,-1,225,52,89,10,8,8,8,5,10,8,9,20,45,34,41,25,1,66,1788973691.4723136,G1,T05,banco2420_movimenti,1,static
123346,1,1,0,66,0,0,0,-1,82,40,25,10,20,8,8,5,10,10,18,20,34,34,50,34,1,66,1788973691.680016,G1,T05,banco2420_movimenti,1,static
123546,1,1,0,66,0,0,0,-1,373,194,41,29,13,8,5,8,10,18,18,13,34,34,41,34,1,66,1788973691.875475,G1,T05,banco2420_movimenti,1,static
123746,1,1,0,66,0,0,0,-1,117,53,16,20,25,10,9,5,10,18,25,13,34,34,41,34,1,66,1788973692.079214,G1,T05,banco2420_movimenti,1,static
123946,1,1,0,35,0,0,0,-1,337,221,37,41,16,8,8,5,5,20,25,10,25,34,50,34,1,35,1788973692.2783391,G1,T05,banco2420_movimenti,1,static
124146,1,1,0,35,0,0,0,-1,61,109,113,34,8,5,5,5,10,20,20,17,34,41,41,34,1,35,1788973692.4800496,G1,T05,banco2420_movimenti,1,static
124346,1,1,0,35,0,0,0,-1,130,61,41,13,25,5,9,13,10,20,20,17,34,34,41,34,1,35,1788973692.6792245,G1,T05,banco2420_movimenti,1,static
124546,1,1,0,35,0,0,0,-1,306,128,137,10,25,5,5,5,10,20,18,17,25,25,41,34,1,35,1788973692.8794453,G1,T05,banco2420_movimenti,1,static
124746,1,1,0,35,0,0,0,-1,125,146,8,13,29,5,5,5,10,20,18,10,34,34,41,34,1,35,1788973693.0797489,G1,T05,banco2420_movimenti,1,static
124946,1,1,0,35,0,0,0,-1,73,18,80,29,29,9,5,10,5,25,18,10,34,29,34,34,1,35,1788973693.2807395,G1,T05,banco2420_movimenti,1,static
125146,1,1,0,67,0,0,0,-1,85,64,52,20,8,5,8,13,8,13,25,13,25,34,41,34,1,67,1788973693.480236,G1,T05,banco2420_movimenti,1,static
125346,1,1,0,67,0,0,0,-1,49,61,45,50,9,5,13,5,8,25,32,13,25,34,41,34,1,67,1788973693.6812587,G1,T05,banco2420_movimenti,1,static
125546,1,1,0,62,0,0,0,-1,61,29,40,25,8,8,8,10,8,13,18,18,45,34,50,34,1,62,1788973693.8698423,G1,T05,banco2420_movimenti,1,static
125746,1,1,0,62,0,0,0,-1,50,73,10,13,13,10,9,9,5,20,18,20,34,34,32,25,1,62,1788973694.0778182,G1,T05,banco2420_movimenti,1,static
125946,1,1,0,62,0,0,0,-1,109,65,65,10,20,2,5,5,9,10,18,20,34,34,32,25,1,62,1788973694.2698228,G1,T05,banco2420_movimenti,1,static
126146,1,1,0,62,0,0,0,-1,145,113,10,13,20,8,5,5,16,8,10,13,29,34,32,34,1,62,1788973694.4783998,G1,T05,banco2420_movimenti,1,static
126346,1,1,0,62,0,0,0,-1,104,146,85,29,13,18,5,8,10,13,13,20,34,34,41,34,1,62,1788973694.6704743,G1,T05,banco2420_movimenti,1,static
126546,1,1,0,62,0,0,0,-1,50,45,113,20,20,8,5,10,5,13,13,17,34,45,41,25,1,62,1788973694.876193,G1,T05,banco2420_movimenti,1,static
126746,1,1,0,62,0,0,0,-1,121,125,68,13,20,8,5,8,5,13,9,20,34,32,41,25,1,62,1788973695.0731807,G1,T05,banco2420_movimenti,1,static
126946,1,1,0,62,0,0,0,-1,265,314,64,25,20,8,5,5,13,13,13,20,45,41,41,25,1,62,1788973695.2748973,G1,T05,banco2420_movimenti,1,static
127146,1,1,0,62,0,0,0,-1,82,50,34,10,13,17,5,8,9,18,18,20,45,41,52,34,1,62,1788973695.4662106,G1,T05,banco2420_movimenti,1,static
127346,1,1,0,62,0,0,0,-1,260,173,181,5,20,8,5,8,9,13,17,17,32,34,41,25,1,62,1788973695.6741555,G1,T05,banco2420_movimenti,1,static
127546,1,1,0,62,0,0,0,-1,197,81,81,10,25,5,5,5,10,13,13,20,20,34,32,25,1,62,1788973695.8663821,G1,T05,banco2420_movimenti,1,static
127746,1,1,0,62,0,0,0,-1,85,109,16,13,18,5,8,8,10,13,18,20,29,34,32,34,1,62,1788973696.075595,G1,T05,banco2420_movimenti,1,static
127946,1,1,0,62,0,0,0,-1,148,101,36,25,20,5,8,5,10,13,13,20,34,25,25,34,1,62,1788973696.2674396,G1,T05,banco2420_movimenti,1,static
128146,1,1,0,62,0,0,0,-1,40,61,13,45,18,5,8,10,9,18,13,20,34,34,34,25,1,62,1788973696.4756286,G1,T05,banco2420_movimenti,1,static
128346,1,1,0,62,0,0,0,-1,89,130,26,17,18,5,8,5,13,13,25,18,29,34,32,25,1,62,1788973696.6686168,G1,T05,banco2420_movimenti,1,static
128546,1,1,0,62,0,0,0,-1,85,90,25,25,20,8,8,8,9,18,18,18,34,34,32,32,1,62,1788973696.873818,G1,T05,banco2420_movimenti,1,static
128746,1,1,0,62,0,0,0,-1,85,89,10,18,20,13,10,8,9,18,18,18,34,41,41,32,1,62,1788973697.0803397,G1,T05,banco2420_movimenti,1,static
128946,1,1,0,56,0,0,0,-1,208,314,65,17,17,5,5,5,10,8,18,18,34,41,41,34,1,56,1788973697.2715526,G1,T05,banco2420_movimenti,1,static
129146,1,1,0,56,0,0,0,-1,117,173,65,16,20,5,4,9,9,10,13,20,34,41,41,34,1,56,1788973697.4801848,G1,T05,banco2420_movimenti,1,static
129346,1,1,0,56,0,0,0,-1,104,58,5,9,29,8,10,8,10,10,13,17,34,34,41,34,1,56,1788973697.672875,G1,T05,banco2420_movimenti,1,static
129546,1,1,0,56,0,0,0,-1,106,89,10,25,17,5,5,5,9,13,13,20,34,34,41,25,1,56,1788973697.8814392,G1,T05,banco2420_movimenti,1,static
129746,1,1,0,56,0,0,0,-1,305,325,113,41,8,8,5,8,10,18,25,20,34,34,41,34,1,56,1788973698.076767,G1,T05,banco2420_movimenti,1,static
129946,1,1,0,56,0,0,0,-1,45,20,50,50,13,9,8,5,9,25,25,10,34,34,41,25,1,56,1788973698.281493,G1,T05,banco2420_movimenti,1,static
130146,1,1,0,56,0,0,0,-1,202,32,13,41,10,5,5,10,13,18,25,17,25,34,50,34,1,56,1788973698.473529,G1,T05,banco2420_movimenti,1,static
130346,1,1,0,52,0,0,0,-1,73,40,136,10,13,5,5,5,5,13,25,20,34,34,50,34,1,52,1788973698.6799088,G1,T05,banco2420_movimenti,1,static
130546,1,1,0,52,0,0,0,-1,232,320,17,10,20,8,5,10,10,13,18,13,34,34,41,34,1,52,1788973698.8713775,G1,T05,banco2420_movimenti,1,static
130746,1,1,0,52,0,0,0,-1,241,52,49,10,13,13,5,9,5,13,13,13,34,34,41,32,1,52,1788973699.0792737,G1,T05,banco2420_movimenti,1,static
130946,1,1,0,52,0,0,0,-1,122,100,20,36,13,5,5,5,17,10,8,13,25,29,32,25,1,52,1788973699.271765,G1,T05,banco2420_movimenti,1,static
131146,1,1,0,52,0,0,0,-1,208,405,137,25,13,10,5,5,13,10,13,17,34,34,41,34,1,52,1788973699.4790642,G1,T05,banco2420_movimenti,1,static
131346,1,1,0,52,0,0,0,-1,260,250,16,37,25,18,5,8,10,13,18,20,34,45,41,25,1,52,1788973699.6715603,G1,T05,banco2420_movimenti,1,static
131546,1,1,0,52,0,0,0,-1,109,64,50,18,34,9,5,5,10,20,13,29,34,34,32,20,1,52,1788973699.879956,G1,T05,banco2420_movimenti,1,static
131746,1,1,0,52,0,0,0,-1,85,98,10,17,20,5,5,5,20,20,13,13,29,34,41,34,1,52,1788973700.072211,G1,T05,banco2420_movimenti,1,static
131946,1,1,0,52,0,0,0,-1,65,20,9,17,9,5,5,10,8,20,18,13,34,45,41,25,1,52,1788973700.279903,G1,T05,banco2420_movimenti,1,static
132146,1,1,0,35,0,0,0,-1,269,202,26,25,13,5,8,10,8,18,25,13,29,41,41,34,1,35,1788973700.4716938,G1,T05,banco2420_movimenti,1,static
132346,1,1,0,35,0,0,0,-1,277,109,16,29,13,8,5,10,10,18,18,20,34,34,50,29,1,35,1788973700.679949,G1,T05,banco2420_movimenti,1,static
132546,1,1,0,35,0,0,0,-1,173,130,26,41,13,8,8,13,10,18,18,20,34,34,41,34,1,35,1788973700.8725452,G1,T05,banco2420_movimenti,1,static
132746,1,1,0,35,0,0,0,-1,130,261,45,41,13,8,8,8,13,13,13,29,34,29,32,34,1,35,1788973701.0799863,G1,T05,banco2420_movimenti,1,static
132946,1,1,0,35,0,0,0,-1,292,145,32,20,34,5,5,5,4,13,13,29,25,34,41,29,1,35,1788973701.2728171,G1,T05,banco2420_movimenti,1,static
133146,1,1,0,35,0,0,0,-1,50,34,36,25,20,8,5,10,10,18,13,29,34,34,41,20,1,35,1788973701.4805815,G1,T05,banco2420_movimenti,1,static
133346,1,1,0,35,0,0,0,-1,29,85,221,13,13,5,8,5,10,18,18,20,34,34,32,34,1,35,1788973701.673037,G1,T05,banco2420_movimenti,1,static
133546,1,1,0,35,0,0,0,-1,153,101,20,20,9,4,5,8,10,18,13,20,34,52,41,34,1,35,1788973701.8814912,G1,T05,banco2420_movimenti,1,static
133746,1,1,0,35,0,0,0,-1,41,72,8,32,17,13,10,5,5,13,18,20,29,34,41,29,1,35,1788973702.073543,G1,T05,banco2420_movimenti,1,static
133946,1,1,0,35,0,0,0,-1,185,548,113,8,20,13,8,10,10,13,13,17,29,34,41,20,1,35,1788973702.2818372,G1,T05,banco2420_movimenti,1,static
134146,1,1,0,35,0,0,0,-1,41,89,136,20,20,10,10,10,9,20,13,20,34,34,50,34,1,35,1788973702.4750986,G1,T05,banco2420_movimenti,1,static
134346,1,1,0,35,0,0,0,-1,549,362,72,29,13,8,5,8,10,25,18,13,20,34,41,34,1,35,1788973702.6663222,G1,T05,banco2420_movimenti,1,static
134546,1,1,0,35,0,0,0,-1,106,208,193,34,8,5,8,5,13,18,18,13,29,34,41,34,1,35,1788973702.8736515,G1,T05,banco2420_movimenti,1,static
134746,1,1,0,35,0,0,0,-1,50,32,65,13,20,10,5,8,13,13,18,20,34,34,32,25,1,35,1788973703.0813777,G1,T05,banco2420_movimenti,1,static
134946,1,1,0,35,0,0,0,-1,148,125,170,10,13,5,10,10,9,13,18,20,34,34,50,29,1,35,1788973703.2743206,G1,T05,banco2420_movimenti,1,static
135146,1,1,0,35,0,0,0,-1,178,113,13,17,13,8,8,5,10,13,18,20,34,34,41,34,1,35,1788973703.479953,G1,T05,banco2420_movimenti,1,static
135346,1,1,0,50,0,0,0,-1,65,50,16,17,18,8,8,5,9,13,18,20,34,29,32,34,1,50,1788973703.6721215,G1,T05,banco2420_movimenti,1,static
135546,1,1,0,50,0,0,0,-1,160,26,26,25,25,13,8,8,5,20,18,20,25,45,34,41,1,50,1788973703.8800404,G1,T05,banco2420_movimenti,1,static
135746,1,1,0,50,0,0,0,-1,290,389,117,29,20,8,5,9,5,20,18,13,29,25,34,32,1,50,1788973704.0718417,G1,T05,banco2420_movimenti,1,static
135946,1,1,0,50,0,0,0,-1,53,122,72,18,20,9,5,5,5,20,18,20,29,25,41,25,1,50,1788973704.2795994,G1,T05,banco2420_movimenti,1,static
136146,1,1,0,35,0,0,0,-1,109,37,74,10,25,10,8,8,9,18,18,18,34,29,41,34,1,35,1788973704.4701107,G1,T05,banco2420_movimenti,1,static
136346,1,1,0,35,0,0,0,-1,50,65,109,10,25,10,9,5,9,25,25,17,25,29,41,25,1,35,1788973704.677091,G1,T05,banco2420_movimenti,1,static
136546,1,1,0,35,0,0,0,-1,73,32,18,13,25,5,8,9,9,13,13,29,50,45,41,34,1,35,1788973704.8697577,G1,T05,banco2420_movimenti,1,static
136746,1,1,0,35,0,0,0,-1,97,104,37,10,20,5,8,5,10,13,13,20,41,45,41,34,1,35,1788973705.077607,G1,T05,banco2420_movimenti,1,static
136946,1,1,0,41,0,0,0,-1,232,265,61,13,26,5,5,5,9,13,13,25,41,34,41,34,1,41,1788973705.2706916,G1,T05,banco2420_movimenti,1,static
137146,1,1,0,41,0,0,0,-1,205,450,90,34,16,8,8,10,5,18,18,13,34,34,32,29,1,41,1788973705.4784622,G1,T05,banco2420_movimenti,1,static
137346,1,1,0,41,0,0,0,-1,97,117,36,41,20,10,5,8,8,10,18,13,25,29,41,34,1,41,1788973705.6709108,G1,T05,banco2420_movimenti,1,static
137546,1,1,0,41,0,0,0,-1,58,53,10,20,13,5,5,9,9,13,18,17,25,20,41,34,1,41,1788973705.8787673,G1,T05,banco2420_movimenti,1,static
137746,1,1,0,41,0,0,0,-1,169,125,116,13,13,8,5,5,9,13,18,20,34,34,41,34,1,41,1788973706.0709352,G1,T05,banco2420_movimenti,1,static
137946,1,1,0,41,0,0,0,-1,196,153,29,13,10,5,8,10,16,18,18,13,34,45,41,25,1,41,1788973706.2789319,G1,T05,banco2420_movimenti,1,static
138146,1,1,0,50,0,0,0,-1,202,265,149,10,20,8,10,8,17,18,25,13,34,25,41,25,1,50,1788973706.4712076,G1,T05,banco2420_movimenti,1,static
138346,1,1,0,50,0,0,0,-1,40,122,100,17,17,5,8,10,9,13,18,13,34,32,41,25,1,50,1788973706.6793606,G1,T05,banco2420_movimenti,1,static
138546,1,1,0,50,0,0,0,-1,20,34,50,41,10,5,5,10,8,13,18,20,34,41,41,25,1,50,1788973706.871388,G1,T05,banco2420_movimenti,1,static
138746,1,1,0,50,0,0,0,-1,146,180,101,25,13,5,5,5,9,20,18,17,34,34,41,34,1,50,1788973707.0790033,G1,T05,banco2420_movimenti,1,static
138946,1,1,0,50,0,0,0,-1,317,117,20,41,17,5,10,13,10,13,13,20,34,40,41,34,1,50,1788973707.2706902,G1,T05,banco2420_movimenti,1,static
139146,1,1,0,50,0,0,0,-1,160,40,65,13,17,10,5,10,13,13,13,20,41,40,41,29,1,50,1788973707.4779196,G1,T05,banco2420_movimenti,1,static
139346,1,1,0,50,0,0,0,-1,80,52,50,17,20,5,8,8,5,13,18,20,34,34,41,29,1,50,1788973707.6702178,G1,T05,banco2420_movimenti,1,static
139546,1,1,0,50,0,0,0,-1,100,89,61,41,13,5,5,10,8,13,25,10,34,34,41,34,1,50,1788973707.878906,G1,T05,banco2420_movimenti,1,static
139746,1,1,0,80,0,0,0,-1,277,169,40,18,25,8,10,10,4,25,18,10,34,34,32,34,1,80,1788973708.0701363,G1,T05,banco2420_movimenti,1,static
139946,1,1,0,80,0,0,0,-1,128,109,82,13,20,13,8,9,9,25,18,10,34,34,41,25,1,80,1788973708.279017,G1,T05,banco2420_movimenti,1,static
140146,1,1,0,80,0,0,0,-1,61,125,109,16,10,10,8,9,5,25,18,13,29,34,41,25,1,80,1788973708.47135,G1,T05,banco2420_movimenti,1,static
140346,1,1,0,80,0,0,0,-1,101,85,16,25,13,5,8,5,8,25,18,10,25,34,41,41,1,80,1788973708.6791413,G1,T05,banco2420_movimenti,1,static
140546,1,1,0,80,0,0,0,-1,257,290,148,10,34,8,5,10,8,25,18,20,32,34,41,34,1,80,1788973708.8712125,G1,T05,banco2420_movimenti,1,static
140746,1,1,0,80,0,0,0,-1,314,232,45,8,25,5,5,10,9,25,25,20,32,34,41,34,1,80,1788973709.0792782,G1,T05,banco2420_movimenti,1,static
140946,1,1,0,80,0,0,0,-1,244,200,81,10,13,10,5,8,9,20,20,20,41,34,41,25,1,80,1788973709.2699368,G1,T05,banco2420_movimenti,1,static
141146,1,1,0,80,0,0,0,-1,104,202,98,18,9,8,5,5,10,13,18,13,34,34,41,25,1,80,1788973709.4778361,G1,T05,banco2420_movimenti,1,static
141346,1,1,0,35,0,0,0,-1,197,170,37,10,10,5,4,10,5,18,18,20,34,34,32,25,1,35,1788973709.669277,G1,T05,banco2420_movimenti,1,static
141546,1,1,0,35,0,0,0,-1,125,25,34,18,18,5,5,5,10,13,25,20,34,34,41,34,1,35,1788973709.8784704,G1,T05,banco2420_movimenti,1,static
141746,1,1,0,35,0,0,0,-1,250,196,34,10,10,5,8,9,9,13,18,20,34,34,41,34,1,35,1788973710.0701885,G1,T05,banco2420_movimenti,1,static
141946,1,1,0,35,0,0,0,-1,100,97,37,17,13,8,5,5,9,10,25,20,34,34,41,34,1,35,1788973710.2786236,G1,T05,banco2420_movimenti,1,static
142146,1,1,0,35,0,0,0,-1,148,89,8,8,18,8,5,5,10,8,10,20,34,34,41,34,1,35,1788973710.4710808,G1,T05,banco2420_movimenti,1,static
142346,1,1,0,35,0,0,0,-1,50,100,65,13,18,8,5,8,13,25,13,20,41,34,41,41,1,35,1788973710.6791966,G1,T05,banco2420_movimenti,1,static
142546,1,1,0,35,0,0,0,-1,250,234,116,32,16,5,5,5,5,20,20,20,29,41,41,29,1,35,1788973710.871518,G1,T05,banco2420_movimenti,1,static
142746,1,1,0,35,0,0,0,-1,122,50,82,25,18,10,5,10,8,13,18,17,20,34,41,20,1,35,1788973711.079048,G1,T05,banco2420_movimenti,1,static
142946,1,1,0,35,0,0,0,-1,89,41,80,10,8,10,5,10,5,13,18,20,34,34,50,25,1,35,1788973711.2714415,G1,T05,banco2420_movimenti,1,static
143146,1,1,0,35,0,0,0,-1,314,229,37,13,10,5,5,10,10,20,25,17,34,34,50,34,1,35,1788973711.4797006,G1,T05,banco2420_movimenti,1,static
143346,1,1,0,35,0,0,0,-1,205,272,130,5,25,5,8,8,10,18,25,20,34,34,32,34,1,35,1788973711.6713252,G1,T05,banco2420_movimenti,1,static
143546,1,1,0,35,0,0,0,-1,65,61,18,13,20,5,5,5,10,13,18,20,34,34,32,25,1,35,1788973711.8791099,G1,T05,banco2420_movimenti,1,static
143746,1,1,0,35,0,0,0,-1,85,37,34,25,10,10,8,4,9,13,18,17,34,34,41,34,1,35,1788973712.0711389,G1,T05,banco2420_movimenti,1,static
143946,1,1,0,35,0,0,0,-1,100,164,41,10,18,9,8,10,5,18,18,17,34,34,41,34,1,35,1788973712.2788274,G1,T05,banco2420_movimenti,1,static
144146,1,1,0,35,0,0,0,-1,90,100,100,13,18,17,5,5,10,13,13,20,34,45,52,34,1,35,1788973712.470958,G1,T05,banco2420_movimenti,1,static
144346,1,1,0,35,0,0,0,-1,85,100,13,61,13,8,5,9,9,13,18,20,34,45,41,34,1,35,1788973712.67884,G1,T05,banco2420_movimenti,1,static
144546,1,1,0,72,0,0,0,-1,97,130,68,5,34,9,8,8,10,10,13,29,34,34,50,34,1,72,1788973712.8708818,G1,T05,banco2420_movimenti,1,static
144746,1,1,0,72,0,0,0,-1,261,122,26,13,9,8,8,5,10,13,25,17,34,34,41,34,1,72,1788973713.078102,G1,T05,banco2420_movimenti,1,static
144946,1,1,0,72,0,0,0,-1,122,144,145,5,20,10,5,5,10,25,13,17,41,34,32,25,1,72,1788973713.2700288,G1,T05,banco2420_movimenti,1,static
145146,1,1,0,72,0,0,0,-1,90,53,106,9,17,5,8,5,5,18,13,20,29,34,32,25,1,72,1788973713.4783537,G1,T05,banco2420_movimenti,1,static
145346,1,1,0,35,0,0,0,-1,89,149,65,17,13,9,9,8,10,13,18,20,34,34,32,25,1,35,1788973713.6703305,G1,T05,banco2420_movimenti,1,static
145546,1,1,0,35,0,0,0,-1,101,53,90,5,20,10,5,8,10,13,18,13,40,41,41,25,1,35,1788973713.8787196,G1,T05,banco2420_movimenti,1,static
145746,1,1,0,35,0,0,0,-1,52,17,130,20,20,5,10,8,9,10,18,13,45,41,41,18,1,35,1788973714.0704498,G1,T05,banco2420_movimenti,1,static
145946,1,1,0,35,0,0,0,-1,72,61,29,40,16,5,5,8,8,25,25,13,34,34,41,25,1,35,1788973714.2788124,G1,T05,banco2420_movimenti,1,static
146146,1,1,0,35,0,0,0,-1,36,145,25,13,17,5,8,10,10,20,25,10,34,45,41,41,1,35,1788973714.4703906,G1,T05,banco2420_movimenti,1,static
146346,1,1,0,35,0,0,0,-1,500,505,65,25,18,5,5,9,8,25,13,13,29,34,41,25,1,35,1788973714.6779664,G1,T05,banco2420_movimenti,1,static
146546,1,1,0,35,0,0,0,-1,61,36,10,29,8,10,5,5,5,20,18,13,29,34,52,34,1,35,1788973714.870475,G1,T05,banco2420_movimenti,1,static
146746,1,1,0,35,0,0,0,-1,82,53,65,20,5,10,13,5,9,13,18,13,29,41,41,34,1,35,1788973715.0781903,G1,T05,banco2420_movimenti,1,static
146946,1,1,0,35,0,0,0,-1,65,25,40,8,25,10,5,5,10,13,13,20,34,41,41,25,1,35,1788973715.2705598,G1,T05,banco2420_movimenti,1,static
147146,1,1,0,35,0,0,0,-1,377,185,17,26,5,8,5,5,9,25,18,17,34,34,41,25,1,35,1788973715.477843,G1,T05,banco2420_movimenti,1,static
147346,1,1,0,35,0,0,0,-1,122,202,85,25,5,5,8,5,10,10,18,20,34,34,41,25,1,35,1788973715.6692815,G1,T05,banco2420_movimenti,1,static
147546,1,1,0,35,0,0,0,-1,170,212,58,13,34,5,8,5,17,13,18,20,34,34,41,25,1,35,1788973715.877659,G1,T05,banco2420_movimenti,1,static
147746,1,1,0,35,0,0,0,-1,125,162,13,10,8,5,10,5,13,13,18,20,34,34,41,34,1,35,1788973716.0697157,G1,T05,banco2420_movimenti,1,static
147946,1,1,0,35,0,0,0,-1,137,125,34,10,29,8,5,5,10,13,18,20,34,34,41,34,1,35,1788973716.2781138,G1,T05,banco2420_movimenti,1,static
148146,1,1,0,35,0,0,0,-1,68,58,10,8,20,5,5,5,10,13,18,13,25,45,41,34,1,35,1788973716.4704332,G1,T05,banco2420_movimenti,1,static
148346,1,1,0,35,0,0,0,-1,49,242,50,5,10,9,5,5,9,10,18,20,25,34,41,34,1,35,1788973716.678336,G1,T05,banco2420_movimenti,1,static
148546,1,1,0,35,0,0,0,-1,185,97,41,5,13,8,5,5,9,17,13,20,34,34,32,34,1,35,1788973716.8708825,G1,T05,banco2420_movimenti,1,static
148746,1,1,0,35,0,0,0,-1,181,208,85,10,9,5,10,5,10,17,13,17,25,34,32,29,1,35,1788973717.0790687,G1,T05,banco2420_movimenti,1,static
148946,1,1,0,35,0,0,0,-1,58,181,52,13,25,5,5,5,13,18,25,17,34,45,25,34,1,35,1788973717.2700064,G1,T05,banco2420_movimenti,1,static
149146,1,1,0,35,0,0,0,-1,305,61,13,18,13,5,13,9,9,13,18,20,34,34,32,25,1,35,1788973717.477828,G1,T05,banco2420_movimenti,1,static
149346,1,1,0,35,0,0,0,-1,377,202,45,13,9,8,10,10,10,20,13,20,34,34,41,25,1,35,1788973717.6699708,G1,T05,banco2420_movimenti,1,static
149546,1,1,0,35,0,0,0,-1,90,97,117,13,13,8,5,5,13,13,18,17,34,34,41,34,1,35,1788973717.8780978,G1,T05,banco2420_movimenti,1,static
149746,1,1,0,35,0,0,0,-1,58,72,73,8,13,8,5,5,9,13,18,13,34,34,41,34,1,35,1788973718.0700505,G1,T05,banco2420_movimenti,1,static
149946,1,1,0,35,0,0,0,-1,106,178,80,10,25,13,5,10,5,20,25,20,41,34,41,34,1,35,1788973718.278195,G1,T05,banco2420_movimenti,1,static
150146,1,1,0,35,0,0,0,-1,89,89,13,10,8,10,10,5,13,25,25,17,25,29,41,34,1,35,1788973718.470883,G1,T05,banco2420_movimenti,1,static
150346,1,1,0,35,0,0,0,-1,53,164,41,5,9,8,8,5,5,13,18,13,25,29,52,34,1,35,1788973718.6782615,G1,T05,banco2420_movimenti,1,static
150546,1,1,0,35,0,0,0,-1,149,117,58,13,10,8,5,5,5,25,25,10,25,29,25,34,1,35,1788973718.870279,G1,T05,banco2420_movimenti,1,static
150746,1,1,0,35,0,0,0,-1,296,97,52,5,13,5,8,10,10,13,13,20,34,45,41,34,1,35,1788973719.0784612,G1,T05,banco2420_movimenti,1,static
150946,1,1,0,35,0,0,0,-1,740,340,149,9,29,5,5,8,9,13,13,20,34,41,34,25,1,35,1788973719.271308,G1,T05,banco2420_movimenti,1,static
151146,1,1,0,35,0,0,0,-1,68,130,117,9,16,5,5,5,9,18,18,20,34,34,41,25,1,35,1788973719.479482,G1,T05,banco2420_movimenti,1,static
151346,1,1,0,35,0,0,0,-1,181,162,90,13,10,5,5,5,8,13,18,20,34,34,41,25,1,35,1788973719.6706402,G1,T05,banco2420_movimenti,1,static
151546,1,1,0,35,0,0,0,-1,81,125,130,8,13,5,8,5,5,18,13,25,41,34,41,25,1,35,1788973719.8793082,G1,T05,banco2420_movimenti,1,static
151746,1,1,0,35,0,0,0,-1,101,122,32,18,25,8,8,8,5,10,9,20,40,25,41,32,1,35,1788973720.072636,G1,T05,banco2420_movimenti,1,static
151946,1,1,0,35,0,0,0,-1,185,130,58,9,13,5,5,8,9,18,18,20,40,45,32,25,1,35,1788973720.2798228,G1,T05,banco2420_movimenti,1,static
152146,1,1,0,35,0,0,0,-1,153,149,109,8,13,5,8,5,10,25,18,20,40,34,41,25,1,35,1788973720.4715037,G1,T05,banco2420_movimenti,1,static
152346,1,1,0,42,0,0,0,-1,181,205,72,8,13,5,5,5,10,20,18,20,29,25,41,25,1,42,1788973720.6794894,G1,T05,banco2420_movimenti,1,static
152546,1,1,0,42,0,0,0,-1,26,164,10,18,13,9,5,9,10,13,18,13,20,34,32,25,1,42,1788973720.871628,G1,T05,banco2420_movimenti,1,static
152746,1,1,0,42,0,0,0,-1,233,226,89,13,18,10,5,9,10,13,18,20,34,34,32,25,1,42,1788973721.0790968,G1,T05,banco2420_movimenti,1,static
152946,1,1,0,42,0,0,0,-1,292,250,16,10,13,10,5,5,10,10,13,17,34,41,41,32,1,42,1788973721.2713668,G1,T05,banco2420_movimenti,1,static
153146,1,1,0,42,0,0,0,-1,250,136,13,13,13,5,17,8,13,25,18,13,34,34,41,34,1,42,1788973721.480117,G1,T05,banco2420_movimenti,1,static
153346,1,1,0,42,0,0,0,-1,232,169,5,10,13,8,9,5,13,13,18,13,34,41,41,29,1,42,1788973721.6731093,G1,T05,banco2420_movimenti,1,static
153546,1,1,0,42,0,0,0,-1,130,80,68,20,8,10,5,5,10,13,18,20,34,34,41,25,1,42,1788973721.8821962,G1,T05,banco2420_movimenti,1,static
153746,1,1,0,42,0,0,0,-1,104,178,26,10,17,8,10,8,10,8,10,20,34,34,41,34,1,42,1788973722.0745957,G1,T05,banco2420_movimenti,1,static
153946,1,1,0,42,0,0,0,-1,1090,724,85,10,20,5,10,5,9,10,13,17,34,41,41,34,1,42,1788973722.282382,G1,T05,banco2420_movimenti,1,static
154146,1,1,0,42,0,0,0,-1,157,148,50,9,20,10,5,13,10,20,13,17,34,34,41,34,1,42,1788973722.4740927,G1,T05,banco2420_movimenti,1,static
154346,1,1,0,35,0,0,0,-1,401,250,37,20,10,5,5,5,9,13,18,20,41,34,41,25,1,35,1788973722.6805563,G1,T05,banco2420_movimenti,1,static
154546,1,1,0,35,0,0,0,-1,125,130,20,16,25,5,5,8,13,13,18,13,34,34,52,25,1,35,1788973722.8731427,G1,T05,banco2420_movimenti,1,static
154746,1,1,0,35,0,0,0,-1,37,130,61,17,25,8,10,5,10,13,13,20,41,45,41,34,1,35,1788973723.0819519,G1,T05,banco2420_movimenti,1,static
154946,1,1,0,35,0,0,0,-1,89,74,98,13,25,5,5,16,4,13,18,20,34,34,41,34,1,35,1788973723.273251,G1,T05,banco2420_movimenti,1,static
155146,1,1,0,35,0,0,0,-1,221,160,41,8,8,5,8,9,17,13,18,20,34,34,41,34,1,35,1788973723.4809613,G1,T05,banco2420_movimenti,1,static
155346,1,1,0,35,0,0,0,-1,200,212,170,8,13,5,5,5,5,18,18,17,34,34,50,34,1,35,1788973723.672939,G1,T05,banco2420_movimenti,1,static
155546,1,1,0,35,0,0,0,-1,244,290,137,10,20,10,8,5,10,18,13,20,34,34,34,25,1,35,1788973723.8800616,G1,T05,banco2420_movimenti,1,static
155746,1,1,0,62,0,0,0,-1,100,146,20,8,20,10,8,5,10,13,13,13,34,34,50,29,1,62,1788973724.0719748,G1,T05,banco2420_movimenti,1,static
155946,1,1,0,62,0,0,0,-1,153,18,53,8,20,8,8,8,9,13,13,20,25,34,41,34,1,62,1788973724.2791302,G1,T05,banco2420_movimenti,1,static
156146,1,1,0,62,0,0,0,-1,250,149,65,5,29,5,5,8,10,13,18,13,25,34,41,25,1,62,1788973724.4705667,G1,T05,banco2420_movimenti,1,static
156346,1,1,0,35,0,0,0,-1,233,221,149,5,13,5,5,5,10,13,18,20,25,34,41,25,1,35,1788973724.6797068,G1,T05,banco2420_movimenti,1,static
156546,1,1,0,35,0,0,0,-1,137,106,17,13,13,8,5,5,10,13,18,20,34,34,41,34,1,35,1788973724.8709126,G1,T05,banco2420_movimenti,1,static
156746,1,1,0,35,0,0,0,-1,68,26,25,10,20,9,8,10,9,13,18,20,34,34,41,34,1,35,1788973725.079297,G1,T05,banco2420_movimenti,1,static
156946,1,1,0,35,0,0,0,-1,208,137,5,10,29,8,5,10,13,13,18,20,34,34,32,34,1,35,1788973725.2713668,G1,T05,banco2420_movimenti,1,static
157146,1,1,0,35,0,0,0,-1,65,65,58,5,13,10,10,10,9,13,18,18,45,41,41,25,1,35,1788973725.480118,G1,T05,banco2420_movimenti,1,static
157346,1,1,0,35,0,0,0,-1,113,136,29,26,17,8,5,5,20,13,18,13,40,41,41,25,1,35,1788973725.673881,G1,T05,banco2420_movimenti,1,static
157546,1,1,0,35,0,0,0,-1,53,65,13,5,8,5,10,5,9,13,18,20,25,34,41,25,1,35,1788973725.880555,G1,T05,banco2420_movimenti,1,static
157746,1,1,0,35,0,0,0,-1,137,170,116,5,25,9,8,8,10,13,25,13,25,29,32,25,1,35,1788973726.0708992,G1,T05,banco2420_movimenti,1,static
157946,1,1,0,35,0,0,0,-1,221,194,169,8,10,5,8,5,9,13,20,20,34,41,32,25,1,35,1788973726.2799726,G1,T05,banco2420_movimenti,1,static
158146,1,1,0,35,0,0,0,-1,125,169,61,5,25,8,5,5,10,13,13,20,34,41,41,25,1,35,1788973726.471498,G1,T05,banco2420_movimenti,1,static
158346,1,1,0,35,0,0,0,-1,160,170,20,8,13,8,5,5,10,25,25,13,34,34,34,41,1,35,1788973726.6788213,G1,T05,banco2420_movimenti,1,static
158546,1,1,0,35,0,0,0,-1,82,26,20,9,10,10,5,5,10,18,18,20,25,40,41,29,1,35,1788973726.8702354,G1,T05,banco2420_movimenti,1,static
158746,1,1,0,35,0,0,0,-1,180,68,58,8,13,5,5,5,13,13,18,20,25,34,41,34,1,35,1788973727.0775244,G1,T05,banco2420_movimenti,1,static
158946,1,1,0,35,0,0,0,-1,232,130,65,9,20,8,5,4,10,13,18,13,20,34,32,25,1,35,1788973727.271583,G1,T05,banco2420_movimenti,1,static
159146,1,1,0,35,0,0,0,-1,241,241,73,10,20,8,13,5,8,25,18,20,34,34,61,25,1,35,1788973727.4775317,G1,T05,banco2420_movimenti,1,static
159346,1,1,0,35,0,0,0,-1,277,173,81,5,18,10,5,5,10,13,13,20,34,29,50,25,1,35,1788973727.6741257,G1,T05,banco2420_movimenti,1,static
159546,1,1,0,35,0,0,0,-1,64,52,73,5,8,10,5,8,5,13,13,20,34,41,41,34,1,35,1788973727.8775418,G1,T05,banco2420_movimenti,1,static
159746,1,1,0,35,0,0,0,-1,145,109,58,10,20,5,5,5,10,13,18,17,25,34,52,34,1,35,1788973728.0767624,G1,T05,banco2420_movimenti,1,static
159946,1,1,0,35,0,0,0,-1,117,73,52,5,17,5,5,5,10,13,18,17,34,34,41,25,1,35,1788973728.2783751,G1,T05,banco2420_movimenti,1,static
160146,1,1,0,49,0,0,0,-1,144,122,72,13,17,8,5,5,10,13,18,20,34,34,41,25,1,49,1788973728.478893,G1,T05,banco2420_movimenti,1,static
160346,1,1,0,49,0,0,0,-1,116,137,52,8,25,10,5,9,5,20,25,13,40,34,41,25,1,49,1788973728.6802137,G1,T05,banco2420_movimenti,1,static
160546,1,1,0,35,0,0,0,-1,424,194,18,5,25,5,5,10,9,10,17,17,20,41,41,34,1,35,1788973728.8809075,G1,T05,banco2420_movimenti,1,static
160746,1,1,0,35,0,0,0,-1,202,117,52,8,25,5,5,5,9,13,18,20,45,41,41,34,1,35,1788973729.0823696,G1,T05,banco2420_movimenti,1,static
160946,1,1,0,35,0,0,0,-1,61,106,74,13,5,5,5,5,8,25,18,20,34,34,41,34,1,35,1788973729.2824187,G1,T05,banco2420_movimenti,1,static
161146,1,1,0,35,0,0,0,-1,181,244,37,8,25,8,5,5,9,20,25,13,34,34,41,34,1,35,1788973729.4820209,G1,T05,banco2420_movimenti,1,static
161346,1,1,0,35,0,0,0,-1,58,20,32,13,18,8,10,5,10,10,10,20,34,25,34,34,1,35,1788973729.6699054,G1,T05,banco2420_movimenti,1,static
161546,1,1,0,35,0,0,0,-1,200,145,50,17,5,5,5,8,8,25,18,20,34,34,41,29,1,35,1788973729.876288,G1,T05,banco2420_movimenti,1,static
161746,1,1,0,35,0,0,0,-1,130,128,20,8,25,5,8,4,5,20,18,13,34,45,41,25,1,35,1788973730.0676758,G1,T05,banco2420_movimenti,1,static
161946,1,1,0,35,0,0,0,-1,113,89,97,10,20,8,8,8,13,13,25,13,41,34,41,25,1,35,1788973730.2764964,G1,T05,banco2420_movimenti,1,static
162146,1,1,0,35,0,0,0,-1,109,50,34,10,8,8,5,13,10,8,18,8,34,25,41,34,1,35,1788973730.4685388,G1,T05,banco2420_movimenti,1,static
162346,1,1,0,35,0,0,0,-1,244,52,72,10,20,5,5,5,13,13,18,13,41,45,41,29,1,35,1788973730.6768477,G1,T05,banco2420_movimenti,1,static
162546,1,1,0,35,0,0,0,-1,173,113,130,13,25,5,9,10,5,13,25,9,34,34,50,29,1,35,1788973730.868721,G1,T05,banco2420_movimenti,1,static
162746,1,1,0,35,0,0,0,-1,180,200,40,10,25,5,8,10,10,13,18,10,34,34,50,29,1,35,1788973731.0772061,G1,T05,banco2420_movimenti,1,static
162946,1,1,0,35,0,0,0,-1,106,113,8,8,13,9,8,13,9,18,18,13,34,34,41,29,1,35,1788973731.2676919,G1,T05,banco2420_movimenti,1,static
163146,1,1,0,35,0,0,0,-1,58,164,89,10,8,5,8,8,13,18,18,10,25,34,32,34,1,35,1788973731.47589,G1,T05,banco2420_movimenti,1,static
163346,1,1,0,35,0,0,0,-1,205,125,128,20,9,5,8,5,16,13,25,10,25,20,32,20,1,35,1788973731.6728015,G1,T05,banco2420_movimenti,1,static
163546,1,1,0,35,0,0,0,-1,226,121,9,5,10,10,5,8,9,13,25,13,29,34,41,29,1,35,1788973731.8763084,G1,T05,banco2420_movimenti,1,static
163746,1,1,0,35,0,0,0,-1,68,25,45,8,10,5,8,5,5,10,13,20,41,34,50,29,1,35,1788973732.0684228,G1,T05,banco2420_movimenti,1,static
163946,1,1,0,35,0,0,0,-1,25,52,41,13,17,8,5,8,8,13,18,20,34,34,41,25,1,35,1788973732.2757258,G1,T05,banco2420_movimenti,1,static
164146,1,1,0,43,0,0,0,-1,202,221,80,8,17,13,9,5,5,13,18,20,34,34,41,25,1,43,1788973732.4684086,G1,T05,banco2420_movimenti,1,static
164346,1,1,0,43,0,0,0,-1,29,58,72,9,20,5,8,5,9,17,13,13,34,34,41,25,1,43,1788973732.6755788,G1,T05,banco2420_movimenti,1,static
164546,1,1,0,43,0,0,0,-1,232,325,109,8,13,8,8,5,5,20,18,16,25,34,41,25,1,43,1788973732.8671086,G1,T05,banco2420_movimenti,1,static
164746,1,1,0,43,0,0,0,-1,340,292,13,17,20,5,5,8,10,18,18,13,29,41,41,32,1,43,1788973733.0758545,G1,T05,banco2420_movimenti,1,static
164946,1,1,0,43,0,0,0,-1,170,53,17,10,20,5,5,5,9,25,20,13,34,34,50,25,1,43,1788973733.267856,G1,T05,banco2420_movimenti,1,static
165146,1,1,0,40,0,0,0,-1,136,74,65,5,13,5,8,10,9,13,18,13,34,45,41,34,1,40,1788973733.4768517,G1,T05,banco2420_movimenti,1,static
165346,1,1,0,40,0,0,0,-1,82,65,122,10,9,8,8,5,10,13,18,10,25,34,32,25,1,40,1788973733.6745415,G1,T05,banco2420_movimenti,1,static
165546,1,1,0,40,0,0,0,-1,136,49,109,10,10,8,5,5,10,13,18,13,25,34,41,32,1,40,1788973733.8725402,G1,T05,banco2420_movimenti,1,static
165746,1,1,0,40,0,0,0,-1,100,104,34,8,20,5,5,5,8,13,18,13,25,45,32,25,1,40,1788973734.0820098,G1,T05,banco2420_movimenti,1,static
165946,1,1,0,49,0,0,0,-1,433,325,73,5,20,5,8,9,8,13,13,20,41,34,41,25,1,49,1788973734.273882,G1,T05,banco2420_movimenti,1,static
166146,1,1,0,49,0,0,0,-1,53,80,58,8,18,10,8,8,9,18,25,8,34,34,41,34,1,49,1788973734.4821255,G1,T05,banco2420_movimenti,1,static
166346,1,1,0,49,0,0,0,-1,164,89,136,8,18,8,5,5,9,20,25,13,34,34,41,29,1,49,1788973734.676056,G1,T05,banco2420_movimenti,1,static
166546,1,1,0,44,0,0,0,-1,164,148,68,8,25,8,5,5,9,13,18,25,52,52,41,20,1,44,1788973734.8824615,G1,T05,banco2420_movimenti,1,static
166746,1,1,0,44,0,0,0,-1,117,245,106,5,13,5,5,5,10,18,18,20,29,41,50,20,1,44,1788973735.0747373,G1,T05,banco2420_movimenti,1,static
166946,1,1,0,44,0,0,0,-1,100,98,81,8,20,5,5,5,9,25,25,10,34,34,25,25,1,44,1788973735.2823756,G1,T05,banco2420_movimenti,1,static
167146,1,1,0,44,0,0,0,-1,85,288,185,9,9,8,5,8,13,25,13,17,34,41,34,34,1,44,1788973735.4740758,G1,T05,banco2420_movimenti,1,static
167346,1,1,0,44,0,0,0,-1,208,130,9,8,16,5,5,10,18,13,8,20,34,34,34,34,1,44,1788973735.6810455,G1,T05,banco2420_movimenti,1,static
167546,1,1,0,44,0,0,0,-1,37,65,50,13,17,8,5,5,9,13,13,20,34,34,41,25,1,44,1788973735.8728266,G1,T05,banco2420_movimenti,1,static
167746,1,1,0,44,0,0,0,-1,193,260,122,5,20,8,5,10,9,13,13,20,34,34,41,29,1,44,1788973736.081054,G1,T05,banco2420_movimenti,1,static
167946,1,1,0,67,0,0,0,-1,72,193,26,13,13,5,5,10,13,13,18,17,18,29,41,34,1,67,1788973736.2724328,G1,T05,banco2420_movimenti,1,static
168146,1,1,0,67,0,0,0,-1,74,65,104,10,18,5,8,10,5,20,18,20,32,29,41,25,1,67,1788973736.4803095,G1,T05,banco2420_movimenti,1,static
168346,1,1,0,67,0,0,0,-1,269,125,164,10,25,8,5,8,5,17,18,20,41,52,50,25,1,67,1788973736.6718476,G1,T05,banco2420_movimenti,1,static
168546,1,1,0,67,0,0,0,-1,58,49,148,10,25,5,5,5,10,13,18,20,41,34,50,25,1,67,1788973736.88064,G1,T05,banco2420_movimenti,1,static
168746,1,1,0,67,0,0,0,-1,205,34,8,17,18,13,5,5,9,13,18,20,34,34,41,25,1,67,1788973737.0718865,G1,T05,banco2420_movimenti,1,static
168946,1,1,0,67,0,0,0,-1,41,49,10,17,18,8,5,5,10,13,18,20,34,34,41,25,1,67,1788973737.2800503,G1,T05,banco2420_movimenti,1,static
169146,1,1,0,67,0,0,0,-1,80,153,90,8,25,5,5,10,10,13,18,20,34,34,41,25,1,67,1788973737.4712417,G1,T05,banco2420_movimenti,1,static
169346,1,1,0,67,0,0,0,-1,193,100,89,5,20,5,8,10,10,13,10,26,34,34,41,25,1,67,1788973737.6795566,G1,T05,banco2420_movimenti,1,static
169546,1,1,0,53,0,0,0,-1,25,153,37,8,18,9,8,5,9,20,13,13,40,34,41,25,1,53,1788973737.872118,G1,T05,banco2420_movimenti,1,static
169746,1,1,0,53,0,0,0,-1,113,73,106,17,18,8,8,5,5,20,13,20,25,34,32,34,1,53,1788973738.080289,G1,T05,banco2420_movimenti,1,static
169946,1,1,0,53,0,0,0,-1,221,100,45,13,20,5,5,9,5,13,18,17,25,34,41,25,1,53,1788973738.2741346,G1,T05,banco2420_movimenti,1,static
170146,1,1,0,53,0,0,0,-1,104,144,89,13,20,5,5,8,8,13,13,17,34,25,41,25,1,53,1788973738.4804945,G1,T05,banco2420_movimenti,1,static
170346,1,1,0,53,0,0,0,-1,65,90,82,8,20,4,5,10,8,5,13,20,34,34,32,25,1,53,1788973738.6735017,G1,T05,banco2420_movimenti,1,static
170546,1,1,0,53,0,0,0,-1,365,181,90,8,13,13,5,5,10,8,18,17,34,34,32,25,1,53,1788973738.8817089,G1,T05,banco2420_movimenti,1,static
170746,1,1,0,53,0,0,0,-1,169,137,52,9,20,5,5,9,10,10,18,20,34,34,41,25,1,53,1788973739.0740569,G1,T05,banco2420_movimenti,1,static
170946,1,1,0,35,0,0,0,-1,221,208,32,10,13,5,5,10,9,13,18,20,34,34,41,25,1,35,1788973739.282977,G1,T05,banco2420_movimenti,1,static
171146,1,1,0,35,0,0,0,-1,149,98,5,10,13,8,8,5,5,13,13,29,34,29,32,25,1,35,1788973739.4747202,G1,T05,banco2420_movimenti,1,static
171346,1,1,0,35,0,0,0,-1,34,125,68,13,13,5,5,10,10,13,13,20,34,25,25,34,1,35,1788973739.6829164,G1,T05,banco2420_movimenti,1,static
171546,1,1,0,60,0,0,0,-1,29,82,65,10,25,5,5,8,5,20,20,20,34,34,41,34,1,60,1788973739.8743107,G1,T05,banco2420_movimenti,1,static
171746,1,1,0,60,0,0,0,-1,401,449,85,8,20,5,10,5,8,20,20,20,34,34,32,25,1,60,1788973740.082158,G1,T05,banco2420_movimenti,1,static
171946,1,1,0,60,0,0,0,-1,153,90,40,10,25,8,5,10,10,13,13,20,34,34,41,25,1,60,1788973740.2742298,G1,T05,banco2420_movimenti,1,static
172146,1,1,0,45,0,0,0,-1,241,289,52,5,13,5,5,5,9,13,18,20,34,25,41,34,1,45,1788973740.4826784,G1,T05,banco2420_movimenti,1,static
172346,1,1,0,45,0,0,0,-1,125,128,128,10,25,8,5,8,10,13,18,10,25,34,41,25,1,45,1788973740.6748633,G1,T05,banco2420_movimenti,1,static
172546,1,1,0,45,0,0,0,-1,65,104,13,9,29,8,10,8,8,13,13,20,25,34,50,25,1,45,1788973740.8828893,G1,T05,banco2420_movimenti,1,static
172746,1,1,0,35,0,0,0,-1,493,265,68,10,13,8,9,8,5,13,18,20,34,34,41,25,1,35,1788973741.0752778,G1,T05,banco2420_movimenti,1,static
172946,1,1,0,35,0,0,0,-1,61,128,49,5,8,5,5,5,8,25,18,20,34,34,41,25,1,35,1788973741.2675793,G1,T05,banco2420_movimenti,1,static
173146,1,1,0,35,0,0,0,-1,261,101,37,10,13,8,5,5,8,18,18,17,25,45,41,29,1,35,1788973741.4758406,G1,T05,banco2420_movimenti,1,static
173346,1,1,0,35,0,0,0,-1,153,244,13,5,13,5,5,10,8,25,18,20,34,45,41,34,1,35,1788973741.6683106,G1,T05,banco2420_movimenti,1,static
173546,1,1,0,35,0,0,0,-1,170,170,34,9,13,8,9,8,10,13,18,20,34,45,32,34,1,35,1788973741.8774495,G1,T05,banco2420_movimenti,1,static
173746,1,1,0,35,0,0,0,-1,49,26,41,10,13,5,5,10,13,20,18,20,34,45,41,34,1,35,1788973742.082779,G1,T05,banco2420_movimenti,1,static
173946,1,1,0,35,0,0,0,-1,121,40,74,10,18,10,5,9,10,17,25,20,34,45,41,34,1,35,1788973742.275031,G1,T05,banco2420_movimenti,1,static
174146,1,1,0,35,0,0,0,-1,202,116,61,10,13,10,13,9,10,10,17,20,34,45,50,32,1,35,1788973742.4832227,G1,T05,banco2420_movimenti,1,static
174346,1,1,0,35,0,0,0,-1,370,416,82,10,13,8,5,8,9,13,18,20,34,40,41,25,1,35,1788973742.674848,G1,T05,banco2420_movimenti,1,static
174546,1,1,0,35,0,0,0,-1,116,68,41,9,10,10,8,5,8,20,18,20,34,34,41,25,1,35,1788973742.866905,G1,T05,banco2420_movimenti,1,static
174746,1,1,0,35,0,0,0,-1,225,100,41,9,13,8,8,8,10,20,18,20,34,34,41,25,1,35,1788973743.074969,G1,T05,banco2420_movimenti,1,static
174946,1,1,0,35,0,0,0,-1,85,205,137,8,20,16,5,9,9,8,13,20,34,34,50,25,1,35,1788973743.2829108,G1,T05,banco2420_movimenti,1,static
175146,1,1,0,35,0,0,0,-1,544,520,100,10,13,8,5,10,10,8,18,20,34,41,41,25,1,35,1788973743.4745705,G1,T05,banco2420_movimenti,1,static
175346,1,1,0,40,0,0,0,-1,425,612,164,5,13,5,5,5,13,13,18,20,41,34,41,34,1,40,1788973743.6830244,G1,T05,banco2420_movimenti,1,static
175546,1,1,0,40,0,0,0,-1,145,200,25,5,20,5,5,8,17,13,18,13,29,34,34,34,1,40,1788973743.874879,G1,T05,banco2420_movimenti,1,static
175746,1,1,0,40,0,0,0,-1,130,97,73,5,20,8,9,9,9,13,13,20,34,34,41,34,1,40,1788973744.0676777,G1,T05,banco2420_movimenti,1,static
175946,1,1,0,40,0,0,0,-1,137,269,36,10,20,5,5,10,10,13,18,20,34,34,41,34,1,40,1788973744.2751958,G1,T05,banco2420_movimenti,1,static
176146,1,1,0,40,0,0,0,-1,128,149,17,8,13,5,5,10,9,5,10,20,25,34,41,34,1,40,1788973744.4817963,G1,T05,banco2420_movimenti,1,static
176346,1,1,0,35,0,0,0,-1,106,85,98,13,29,5,5,8,16,10,18,20,34,34,41,34,1,35,1788973744.673671,G1,T05,banco2420_movimenti,1,static
176546,1,1,0,35,0,0,0,-1,52,34,45,18,16,5,5,10,5,17,25,20,34,41,52,34,1,35,1788973744.881143,G1,T05,banco2420_movimenti,1,static
176746,1,1,0,52,0,0,0,-1,157,218,34,18,10,5,5,10,8,17,13,20,34,41,41,20,1,52,1788973745.0730634,G1,T05,banco2420_movimenti,1,static
176946,1,1,0,52,0,0,0,-1,200,106,50,13,10,8,8,8,8,25,18,13,34,41,50,17,1,52,1788973745.2822046,G1,T05,banco2420_movimenti,1,static
177146,1,1,0,35,0,0,0,-1,61,169,205,8,13,13,8,10,5,10,18,17,34,41,41,20,1,35,1788973745.4731236,G1,T05,banco2420_movimenti,1,static
177346,1,1,0,35,0,0,0,-1,450,520,65,10,10,9,8,8,5,13,18,13,45,41,41,25,1,35,1788973745.68056,G1,T05,banco2420_movimenti,1,static
177546,1,1,0,35,0,0,0,-1,128,157,25,9,20,5,8,5,10,13,18,10,25,29,41,32,1,35,1788973745.8733876,G1,T05,banco2420_movimenti,1,static
177746,1,1,0,35,0,0,0,-1,400,225,34,9,18,8,5,5,10,13,18,10,20,34,34,32,1,35,1788973746.0818498,G1,T05,banco2420_movimenti,1,static
177946,1,1,0,35,0,0,0,-1,272,241,100,5,34,5,10,5,10,18,18,13,29,45,41,25,1,35,1788973746.2741156,G1,T05,banco2420_movimenti,1,static
178146,1,1,0,35,0,0,0,-1,397,185,20,20,5,5,5,5,10,13,13,13,34,45,41,25,1,35,1788973746.4826524,G1,T05,banco2420_movimenti,1,static
178346,1,1,0,35,0,0,0,-1,221,153,10,8,25,5,8,5,10,13,13,20,34,34,34,32,1,35,1788973746.674842,G1,T05,banco2420_movimenti,1,static
178546,1,1,0,35,0,0,0,-1,85,130,53,8,10,8,13,10,5,32,18,20,34,34,50,25,1,35,1788973746.8672924,G1,T05,banco2420_movimenti,1,static
178746,1,1,0,35,0,0,0,-1,106,98,20,10,20,10,8,10,5,13,13,20,34,25,41,32,1,35,1788973747.0757349,G1,T05,banco2420_movimenti,1,static
178946,1,1,0,35,0,0,0,-1,250,225,13,13,20,5,5,10,5,13,9,20,34,25,41,25,1,35,1788973747.2689838,G1,T05,banco2420_movimenti,1,static
179146,1,1,0,37,0,0,0,-1,170,178,100,8,25,5,5,5,9,10,10,20,34,34,41,25,1,37,1788973747.4752975,G1,T05,banco2420_movimenti,1,static
179346,1,1,0,37,0,0,0,-1,340,468,41,10,5,5,5,5,9,13,10,20,34,34,41,25,1,37,1788973747.6832118,G1,T05,banco2420_movimenti,1,static
179546,1,1,0,37,0,0,0,-1,962,772,113,20,17,5,5,10,10,13,13,20,34,34,41,25,1,37,1788973747.8758867,G1,T05,banco2420_movimenti,1,static
179746,1,1,0,37,0,0,0,-1,181,130,9,13,16,5,5,10,13,10,13,20,34,34,41,25,1,37,1788973748.0831332,G1,T05,banco2420_movimenti,1,static
179946,1,1,0,37,0,0,0,-1,82,50,10,5,13,5,5,10,9,20,13,20,34,34,41,25,1,37,1788973748.2751791,G1,T05,banco2420_movimenti,1,static
180146,1,1,0,37,0,0,0,-1,128,185,109,10,25,8,5,5,10,20,18,13,34,41,41,34,1,37,1788973748.4829755,G1,T05,banco2420_movimenti,1,static
180346,1,1,0,37,0,0,0,-1,272,74,10,9,17,13,5,5,5,20,18,13,20,34,32,34,1,37,1788973748.675893,G1,T05,banco2420_movimenti,1,static
180546,1,1,0,37,0,0,0,-1,292,104,160,8,13,5,5,5,8,20,18,13,34,29,32,34,1,37,1788973748.8819783,G1,T05,banco2420_movimenti,1,static
180746,1,1,0,37,0,0,0,-1,242,45,25,5,25,8,5,10,5,13,18,13,34,20,41,34,1,37,1788973749.0734074,G1,T05,banco2420_movimenti,1,static
180946,1,1,0,37,0,0,0,-1,109,90,40,13,10,9,5,8,10,13,13,20,34,34,41,41,1,37,1788973749.2807558,G1,T05,banco2420_movimenti,1,static
181146,1,1,0,69,0,0,0,-1,113,160,65,18,9,8,5,5,10,20,25,20,45,34,32,25,1,69,1788973749.472897,G1,T05,banco2420_movimenti,1,static
181346,1,1,0,69,0,0,0,-1,306,305,125,13,13,8,8,5,9,20,13,20,32,34,50,25,1,69,1788973749.6815612,G1,T05,banco2420_movimenti,1,static
181546,1,1,0,69,0,0,0,-1,149,52,109,10,13,8,8,5,10,20,13,20,29,34,50,34,1,69,1788973749.8728073,G1,T05,banco2420_movimenti,1,static
181746,1,1,0,69,0,0,0,-1,81,208,37,8,10,5,5,10,10,13,13,20,34,41,61,34,1,69,1788973750.0808628,G1,T05,banco2420_movimenti,1,static
181946,1,1,0,69,0,0,0,-1,145,90,17,10,18,5,5,9,5,20,13,20,25,29,41,25,1,69,1788973750.2735832,G1,T05,banco2420_movimenti,1,static
182146,1,1,0,69,0,0,0,-1,325,305,53,9,13,8,5,5,10,20,13,20,34,52,41,25,1,69,1788973750.4799054,G1,T05,banco2420_movimenti,1,static
182346,1,1,0,69,0,0,0,-1,157,212,117,20,9,5,5,8,13,20,18,17,20,34,41,34,1,69,1788973750.6714537,G1,T05,banco2420_movimenti,1,static
182546,1,1,0,69,0,0,0,-1,125,149,41,16,16,5,8,10,8,20,18,20,34,34,41,34,1,69,1788973750.8801627,G1,T05,banco2420_movimenti,1,static
182746,1,1,0,69,0,0,0,-1,125,369,180,5,13,5,8,5,10,10,18,20,34,34,41,25,1,69,1788973751.071599,G1,T05,banco2420_movimenti,1,static
182946,1,1,0,69,0,0,0,-1,26,37,13,5,29,5,5,8,10,10,18,20,34,34,41,34,1,69,1788973751.2800193,G1,T05,banco2420_movimenti,1,static
183146,1,1,0,69,0,0,0,-1,292,197,90,5,32,5,5,9,9,8,18,17,29,34,41,29,1,69,1788973751.4723825,G1,T05,banco2420_movimenti,1,static
183346,1,1,0,69,0,0,0,-1,81,65,61,5,26,5,5,9,9,13,18,20,29,34,41,29,1,69,1788973751.6794198,G1,T05,banco2420_movimenti,1,static
183546,1,1,0,69,0,0,0,-1,125,32,117,9,17,5,8,10,10,18,25,17,34,34,41,34,1,69,1788973751.8723125,G1,T05,banco2420_movimenti,1,static
183746,1,1,0,69,0,0,0,-1,288,328,29,10,20,9,8,10,10,18,18,17,34,34,41,34,1,69,1788973752.0803368,G1,T05,banco2420_movimenti,1,static
183946,1,1,0,69,0,0,0,-1,194,130,74,13,25,5,5,9,10,18,18,17,34,29,32,34,1,69,1788973752.2716386,G1,T05,banco2420_movimenti,1,static
184146,1,1,0,50,0,0,0,-1,41,34,41,18,17,8,13,8,13,13,13,20,34,34,32,34,1,50,1788973752.4816034,G1,T05,banco2420_movimenti,1,static
184346,1,1,0,50,0,0,0,-1,250,185,40,13,10,8,10,8,9,13,18,10,34,41,41,34,1,50,1788973752.6733022,G1,T05,banco2420_movimenti,1,static
184546,1,1,0,50,0,0,0,-1,592,261,53,9,10,5,5,8,13,13,18,26,34,34,41,25,1,50,1788973752.8798044,G1,T05,banco2420_movimenti,1,static
184746,1,1,0,50,0,0,0,-1,104,145,34,10,10,8,8,5,9,13,18,17,34,34,41,29,1,50,1788973753.0718307,G1,T05,banco2420_movimenti,1,static
184946,1,1,0,72,0,0,0,-1,157,100,16,9,13,5,5,5,10,20,18,18,29,34,41,29,1,72,1788973753.280298,G1,T05,banco2420_movimenti,1,static
185146,1,1,0,72,0,0,0,-1,218,277,17,8,41,8,8,5,9,13,13,25,34,34,41,34,1,72,1788973753.4718819,G1,T05,banco2420_movimenti,1,static
185346,1,1,0,72,0,0,0,-1,58,106,29,8,25,5,5,5,17,10,18,20,34,34,41,34,1,72,1788973753.679304,G1,T05,banco2420_movimenti,1,static
185546,1,1,0,72,0,0,0,-1,461,520,145,20,17,8,8,8,10,8,13,20,34,34,41,34,1,72,1788973753.8707147,G1,T05,banco2420_movimenti,1,static
185746,1,1,0,72,0,0,0,-1,148,97,37,5,20,8,13,9,5,13,13,13,29,34,32,25,1,72,1788973754.0784466,G1,T05,banco2420_movimenti,1,static
185946,1,1,0,72,0,0,0,-1,40,34,50,9,17,13,5,5,5,13,13,13,34,41,32,25,1,72,1788973754.2703629,G1,T05,banco2420_movimenti,1,static
186146,1,1,0,35,0,0,0,-1,162,221,10,9,9,8,5,5,10,13,13,20,34,34,41,25,1,35,1788973754.4789565,G1,T05,banco2420_movimenti,1,static
186346,1,1,0,53,0,0,0,-1,104,68,25,10,13,5,5,5,9,13,20,13,34,25,34,25,1,53,1788973754.6713638,G1,T05,banco2420_movimenti,1,static
186546,1,1,0,53,0,0,0,-1,173,37,52,10,20,8,5,10,5,13,18,20,29,41,50,34,1,53,1788973754.8783295,G1,T05,banco2420_movimenti,1,static
186746,1,1,0,53,0,0,0,-1,73,400,73,13,17,5,8,5,17,10,18,20,34,34,41,25,1,53,1788973755.0714111,G1,T05,banco2420_movimenti,1,static
186946,1,1,0,53,0,0,0,-1,65,100,50,8,5,9,5,10,10,13,18,13,29,41,41,25,1,53,1788973755.278631,G1,T05,banco2420_movimenti,1,static
187146,1,1,0,53,0,0,0,-1,160,202,34,26,10,9,8,8,10,13,18,13,34,34,41,25,1,53,1788973755.4701815,G1,T05,banco2420_movimenti,1,static
187346,1,1,0,53,0,0,0,-1,80,25,20,10,10,10,9,10,10,13,13,20,34,34,41,34,1,53,1788973755.6783445,G1,T05,banco2420_movimenti,1,static
187546,1,1,0,53,0,0,0,-1,277,164,100,5,5,5,5,8,10,10,13,20,34,34,41,25,1,53,1788973755.8699794,G1,T05,banco2420_movimenti,1,static
187746,1,1,0,61,0,0,0,-1,337,164,10,8,8,5,5,8,9,18,25,17,34,34,41,25,1,61,1788973756.0778096,G1,T05,banco2420_movimenti,1,static
187946,1,1,0,61,0,0,0,-1,194,181,25,8,13,8,5,10,13,18,18,25,34,34,41,25,1,61,1788973756.270145,G1,T05,banco2420_movimenti,1,static
188146,1,1,0,61,0,0,0,-1,313,221,41,5,20,8,5,8,10,20,18,20,34,34,41,25,1,61,1788973756.478118,G1,T05,banco2420_movimenti,1,static
188346,1,1,0,61,0,0,0,-1,65,153,113,5,16,10,5,5,9,8,13,13,29,25,41,34,1,61,1788973756.6699114,G1,T05,banco2420_movimenti,1,static
188546,1,1,0,61,0,0,0,-1,173,145,34,8,9,8,8,5,10,13,17,13,34,25,41,34,1,61,1788973756.8776197,G1,T05,banco2420_movimenti,1,static
188746,1,1,0,61,0,0,0,-1,37,50,25,10,20,5,8,10,8,13,13,17,34,34,41,34,1,61,1788973757.0693076,G1,T05,banco2420_movimenti,1,static
188946,1,1,0,61,0,0,0,-1,64,153,26,5,13,9,5,5,9,8,10,25,34,34,41,34,1,61,1788973757.2768679,G1,T05,banco2420_movimenti,1,static
189146,1,1,0,61,0,0,0,-1,80,121,17,8,20,10,5,8,10,18,25,20,34,34,34,34,1,61,1788973757.4689367,G1,T05,banco2420_movimenti,1,static
189346,1,1,0,61,0,0,0,-1,338,85,64,8,13,5,5,8,9,13,18,13,34,34,32,25,1,61,1788973757.6773968,G1,T05,banco2420_movimenti,1,static
189546,1,1,0,61,0,0,0,-1,65,130,13,20,13,5,5,8,9,13,13,13,29,34,41,34,1,61,1788973757.869306,G1,T05,banco2420_movimenti,1,static
189746,1,1,0,61,0,0,0,-1,221,242,50,20,20,8,8,5,10,13,8,20,34,34,45,34,1,61,1788973758.0781333,G1,T05,banco2420_movimenti,1,static
189946,1,1,0,61,0,0,0,-1,20,100,80,18,9,8,5,5,9,13,25,17,34,34,52,29,1,61,1788973758.2689908,G1,T05,banco2420_movimenti,1,static
190146,1,1,0,61,0,0,0,-1,425,261,18,13,10,10,5,5,9,13,25,17,34,34,52,34,1,61,1788973758.4767194,G1,T05,banco2420_movimenti,1,static
190346,1,1,0,61,0,0,0,-1,289,362,52,5,17,10,5,8,10,13,25,17,34,45,41,25,1,61,1788973758.6688318,G1,T05,banco2420_movimenti,1,static
190546,1,1,0,61,0,0,0,-1,148,116,125,5,20,8,8,5,9,13,13,20,41,45,50,25,1,61,1788973758.8766475,G1,T05,banco2420_movimenti,1,static
190746,1,1,0,61,0,0,0,-1,221,289,50,8,10,8,5,10,10,13,18,13,34,34,41,25,1,61,1788973759.06924,G1,T05,banco2420_movimenti,1,static
190946,1,1,0,35,0,0,0,-1,340,212,65,8,29,5,8,5,10,20,18,17,25,34,41,25,1,35,1788973759.2768545,G1,T05,banco2420_movimenti,1,static
191146,1,1,0,35,0,0,0,-1,58,137,53,10,8,5,9,8,10,18,18,20,34,34,34,25,1,35,1788973759.4687352,G1,T05,banco2420_movimenti,1,static
191346,1,1,0,35,0,0,0,-1,146,68,116,8,13,8,5,10,5,13,18,13,34,34,41,34,1,35,1788973759.6766264,G1,T05,banco2420_movimenti,1,static
191546,1,1,0,35,0,0,0,-1,97,178,13,13,13,8,5,10,8,13,18,17,29,34,34,25,1,35,1788973759.8679135,G1,T05,banco2420_movimenti,1,static
191746,1,1,0,47,0,0,0,-1,116,40,41,8,18,5,5,9,5,20,13,17,34,41,34,25,1,47,1788973760.075391,G1,T05,banco2420_movimenti,1,static
191946,1,1,0,47,0,0,0,-1,117,89,73,13,25,5,5,5,10,20,25,10,29,34,41,25,1,47,1788973760.2836242,G1,T05,banco2420_movimenti,1,static
192146,1,1,0,35,0,0,0,-1,202,197,17,9,29,5,10,8,10,25,25,10,34,34,41,25,1,35,1788973760.4763894,G1,T05,banco2420_movimenti,1,static
192346,1,1,0,35,0,0,0,-1,170,73,61,9,13,8,10,5,10,18,25,10,29,34,41,25,1,35,1788973760.6686764,G1,T05,banco2420_movimenti,1,static
192546,1,1,0,35,0,0,0,-1,170,193,149,10,8,5,8,5,9,13,18,10,29,34,41,25,1,35,1788973760.8763864,G1,T05,banco2420_movimenti,1,static
192746,1,1,0,35,0,0,0,-1,405,260,40,9,13,5,5,5,10,20,25,10,29,34,41,25,1,35,1788973761.0687099,G1,T05,banco2420_movimenti,1,static
192946,1,1,0,35,0,0,0,-1,313,208,10,9,29,8,5,8,5,20,18,20,34,34,25,25,1,35,1788973761.2763393,G1,T05,banco2420_movimenti,1,static
193146,1,1,0,52,0,0,0,-1,208,226,73,10,13,13,5,8,5,13,18,18,29,45,41,25,1,52,1788973761.4690785,G1,T05,banco2420_movimenti,1,static
193346,1,1,0,52,0,0,0,-1,117,146,37,8,25,13,8,8,10,13,20,13,29,34,41,29,1,52,1788973761.6776278,G1,T05,banco2420_movimenti,1,static
193546,1,1,0,51,0,0,0,-1,193,269,50,8,13,10,8,8,5,13,18,13,29,34,41,25,1,51,1788973761.8694403,G1,T05,banco2420_movimenti,1,static
193746,1,1,0,61,0,0,0,-1,409,274,10,17,13,8,10,10,5,13,18,20,34,45,32,34,1,61,1788973762.077762,G1,T05,banco2420_movimenti,1,static
193946,1,1,0,61,0,0,0,-1,97,37,65,17,13,5,5,10,9,10,18,13,25,34,32,34,1,61,1788973762.2712486,G1,T05,banco2420_movimenti,1,static
194146,1,1,0,61,0,0,0,-1,125,50,65,9,9,5,8,10,9,8,20,13,34,34,41,34,1,61,1788973762.477357,G1,T05,banco2420_movimenti,1,static
194346,1,1,0,61,0,0,0,-1,50,65,13,8,17,5,5,5,9,17,25,13,34,34,34,25,1,61,1788973762.669593,G1,T05,banco2420_movimenti,1,static
194546,1,1,0,59,0,0,0,-1,100,157,82,10,20,5,5,5,9,13,18,20,34,41,41,25,1,59,1788973762.8774755,G1,T05,banco2420_movimenti,1,static
194746,1,1,0,59,0,0,0,-1,157,145,41,10,20,8,5,5,10,13,18,20,34,41,41,25,1,59,1788973763.0699875,G1,T05,banco2420_movimenti,1,static
194946,1,1,0,59,0,0,0,-1,50,148,68,13,20,8,8,4,10,13,18,20,34,34,32,25,1,59,1788973763.2780943,G1,T05,banco2420_movimenti,1,static
195146,1,1,0,59,0,0,0,-1,145,117,34,8,13,5,8,5,10,13,18,13,34,34,32,25,1,59,1788973763.4696796,G1,T05,banco2420_movimenti,1,static
195346,1,1,0,52,0,0,0,-1,65,29,73,10,9,5,5,5,10,18,25,25,34,34,32,25,1,52,1788973763.677954,G1,T05,banco2420_movimenti,1,static
195546,1,1,0,52,0,0,0,-1,41,17,34,8,9,8,5,5,10,18,13,29,34,34,41,41,1,52,1788973763.8698418,G1,T05,banco2420_movimenti,1,static
195746,1,1,0,52,0,0,0,-1,365,208,72,5,9,9,5,5,13,13,13,13,34,34,41,41,1,52,1788973764.0762105,G1,T05,banco2420_movimenti,1,static
195946,1,1,0,52,0,0,0,-1,106,68,29,13,13,5,5,5,9,13,18,13,34,34,41,34,1,52,1788973764.2677958,G1,T05,banco2420_movimenti,1,static
196146,1,1,0,52,0,0,0,-1,97,25,113,5,8,9,5,5,10,13,18,20,34,52,41,34,1,52,1788973764.4762485,G1,T05,banco2420_movimenti,1,static
196346,1,1,0,52,0,0,0,-1,333,360,18,5,5,5,5,8,10,18,25,20,34,41,41,34,1,52,1788973764.6688063,G1,T05,banco2420_movimenti,1,static
196546,1,1,0,52,0,0,0,-1,185,97,40,10,16,8,8,5,10,18,13,20,34,41,41,45,1,52,1788973764.8758771,G1,T05,banco2420_movimenti,1,static
196746,1,1,0,52,0,0,0,-1,130,89,34,8,34,8,5,5,13,25,18,20,34,41,50,29,1,52,1788973765.0684867,G1,T05,banco2420_movimenti,1,static
196946,1,1,0,52,0,0,0,-1,410,265,72,10,8,5,5,5,17,13,18,20,41,52,50,29,1,52,1788973765.2757049,G1,T05,banco2420_movimenti,1,static
197146,1,1,0,52,0,0,0,-1,64,58,5,5,10,5,10,8,10,13,18,25,29,34,50,34,1,52,1788973765.483386,G1,T05,banco2420_movimenti,1,static
197346,1,1,0,52,0,0,0,-1,145,74,74,8,20,5,5,10,5,13,13,17,41,52,41,25,1,52,1788973765.6755507,G1,T05,banco2420_movimenti,1,static
197546,1,1,0,52,0,0,0,-1,137,180,85,8,17,5,8,5,10,18,13,20,29,34,41,29,1,52,1788973765.882043,G1,T05,banco2420_movimenti,1,static
197746,1,1,0,52,0,0,0,-1,169,306,52,20,9,5,5,8,16,10,17,17,32,45,41,29,1,52,1788973766.073091,G1,T05,banco2420_movimenti,1,static
197946,1,1,0,52,0,0,0,-1,97,117,106,8,13,8,5,8,5,26,13,20,25,34,41,25,1,52,1788973766.2820451,G1,T05,banco2420_movimenti,1,static
198146,1,1,0,52,0,0,0,-1,250,208,32,10,8,10,5,5,13,13,18,20,25,34,41,25,1,52,1788973766.4736876,G1,T05,banco2420_movimenti,1,static
198346,1,1,0,52,0,0,0,-1,274,98,5,10,20,8,5,5,9,13,18,20,25,34,41,25,1,52,1788973766.6813183,G1,T05,banco2420_movimenti,1,static
198546,1,1,0,35,0,0,0,-1,377,185,20,8,13,5,9,5,5,18,13,20,25,34,41,29,1,35,1788973766.873673,G1,T05,banco2420_movimenti,1,static
198746,1,1,0,35,0,0,0,-1,353,281,85,8,29,5,5,9,5,13,13,20,34,34,41,34,1,35,1788973767.081265,G1,T05,banco2420_movimenti,1,static
198946,1,1,0,35,0,0,0,-1,241,170,49,8,17,5,5,8,10,18,13,20,34,25,34,34,1,35,1788973767.2737553,G1,T05,banco2420_movimenti,1,static
199146,1,1,0,45,0,0,0,-1,208,221,125,9,20,5,5,10,9,13,18,20,41,41,41,34,1,45,1788973767.4812207,G1,T05,banco2420_movimenti,1,static
199346,1,1,0,45,0,0,0,-1,117,53,17,5,20,10,5,10,5,13,25,13,34,41,41,34,1,45,1788973767.6718597,G1,T05,banco2420_movimenti,1,static
199546,1,1,0,45,0,0,0,-1,360,260,117,9,13,5,5,10,10,13,13,20,34,45,41,25,1,45,1788973767.879694,G1,T05,banco2420_movimenti,1,static
199746,1,1,0,45,0,0,0,-1,74,72,20,13,16,5,5,10,5,13,18,20,34,41,52,45,1,45,1788973768.0712981,G1,T05,banco2420_movimenti,1,static
199946,1,1,0,45,0,0,0,-1,41,81,37,8,13,5,5,8,10,13,18,20,34,41,41,34,1,45,1788973768.280002,G1,T05,banco2420_movimenti,1,static
200146,1,1,0,45,0,0,0,-1,85,34,45,10,18,8,5,5,10,13,18,10,34,34,41,34,1,45,1788973768.4714468,G1,T05,banco2420_movimenti,1,static
200346,1,1,0,45,0,0,0,-1,149,125,72,5,13,8,10,13,9,13,18,13,34,34,41,34,1,45,1788973768.679397,G1,T05,banco2420_movimenti,1,static
200546,1,1,0,45,0,0,0,-1,53,100,116,17,10,8,8,5,10,13,18,20,34,34,41,34,1,45,1788973768.8716235,G1,T05,banco2420_movimenti,1,static
200746,1,1,0,45,0,0,0,-1,90,80,34,5,25,5,8,9,5,13,18,17,34,34,41,34,1,45,1788973769.0798075,G1,T05,banco2420_movimenti,1,static
200946,1,1,0,45,0,0,0,-1,197,116,80,16,8,5,5,5,5,13,18,20,34,34,41,34,1,45,1788973769.2696657,G1,T05,banco2420_movimenti,1,static
201146,1,1,0,45,0,0,0,-1,45,25,50,13,20,13,5,8,9,13,18,20,34,34,41,34,1,45,1788973769.477852,G1,T05,banco2420_movimenti,1,static
201346,1,1,0,45,0,0,0,-1,225,260,68,20,13,8,10,9,9,10,18,13,29,34,41,34,1,45,1788973769.672644,G1,T05,banco2420_movimenti,1,static
201546,1,1,0,45,0,0,0,-1,260,162,52,8,10,5,8,5,10,13,20,17,29,34,32,25,1,45,1788973769.878766,G1,T05,banco2420_movimenti,1,static
201746,1,1,0,45,0,0,0,-1,296,164,41,25,18,13,8,9,10,20,10,17,20,34,41,25,1,45,1788973770.0802076,G1,T05,banco2420_movimenti,1,static
201946,1,1,0,45,0,0,0,-1,146,50,101,9,18,9,5,5,5,20,25,17,29,34,41,25,1,45,1788973770.280531,G1,T05,banco2420_movimenti,1,static
202146,1,1,0,45,0,0,0,-1,89,137,9,13,13,5,10,10,5,13,18,17,34,34,41,25,1,45,1788973770.4807568,G1,T05,banco2420_movimenti,1,static
202346,1,1,0,45,0,0,0,-1,65,80,13,16,13,9,5,8,10,13,13,20,34,34,41,25,1,45,1788973770.6815464,G1,T05,banco2420_movimenti,1,static
202546,1,1,0,45,0,0,0,-1,97,58,8,20,13,8,5,9,10,18,13,13,34,34,41,25,1,45,1788973770.8822968,G1,T05,banco2420_movimenti,1,static
202746,1,1,0,35,0,0,0,-1,185,185,20,34,10,8,8,5,9,13,8,13,34,34,32,25,1,35,1788973771.0835552,G1,T05,banco2420_movimenti,1,static
202946,1,1,0,35,0,0,0,-1,34,50,37,13,26,5,5,5,9,13,13,20,34,34,41,25,1,35,1788973771.2836978,G1,T05,banco2420_movimenti,1,static
203146,1,1,0,35,0,0,0,-1,122,74,13,8,18,8,10,5,10,13,13,20,29,20,41,25,1,35,1788973771.4783146,G1,T05,banco2420_movimenti,1,static
203346,1,1,0,35,0,0,0,-1,200,81,40,5,17,8,8,5,10,13,13,20,34,34,50,25,1,35,1788973771.6831913,G1,T05,banco2420_movimenti,1,static
203546,1,1,0,35,0,0,0,-1,116,106,65,13,9,5,9,5,5,13,13,20,34,34,50,34,1,35,1788973771.877934,G1,T05,banco2420_movimenti,1,static
203746,1,1,0,35,0,0,0,-1,405,260,73,9,18,5,5,5,9,18,18,13,34,20,41,34,1,35,1788973772.0706203,G1,T05,banco2420_movimenti,1,static
203946,1,1,0,35,0,0,0,-1,41,41,10,16,13,5,9,5,10,20,18,13,34,34,50,20,1,35,1788973772.2779658,G1,T05,banco2420_movimenti,1,static
204146,1,1,0,35,0,0,0,-1,205,164,10,9,13,8,10,10,10,13,18,13,34,32,34,25,1,35,1788973772.4694486,G1,T05,banco2420_movimenti,1,static
204346,1,1,0,35,0,0,0,-1,113,181,98,20,10,5,5,8,5,13,18,20,34,34,41,34,1,35,1788973772.6761048,G1,T05,banco2420_movimenti,1,static
204546,1,1,0,35,0,0,0,-1,104,128,125,8,13,5,5,8,10,13,13,20,34,29,32,20,1,35,1788973772.8698635,G1,T05,banco2420_movimenti,1,static
204746,1,1,0,35,0,0,0,-1,144,68,100,8,10,10,10,10,13,13,18,25,45,34,32,25,1,35,1788973773.076263,G1,T05,banco2420_movimenti,1,static
204946,1,1,0,35,0,0,0,-1,97,89,10,13,10,5,8,5,9,13,18,17,34,34,32,25,1,35,1788973773.2680602,G1,T05,banco2420_movimenti,1,static
205146,1,1,0,35,0,0,0,-1,229,122,53,10,20,10,5,5,5,20,13,17,34,25,25,25,1,35,1788973773.476351,G1,T05,banco2420_movimenti,1,static
205346,1,1,0,35,0,0,0,-1,157,137,50,25,9,5,5,5,9,10,13,25,34,41,41,25,1,35,1788973773.6838043,G1,T05,banco2420_movimenti,1,static
205546,1,1,0,36,0,0,0,-1,146,148,89,8,18,8,5,5,9,13,18,25,34,41,50,32,1,36,1788973773.8761113,G1,T05,banco2420_movimenti,1,static
205746,1,1,0,36,0,0,0,-1,117,74,136,13,13,5,5,10,10,20,18,13,29,41,41,34,1,36,1788973774.0839868,G1,T05,banco2420_movimenti,1,static
205946,1,1,0,36,0,0,0,-1,250,218,61,8,13,10,8,8,13,20,18,13,34,41,41,25,1,36,1788973774.277144,G1,T05,banco2420_movimenti,1,static
206146,1,1,0,36,0,0,0,-1,116,109,98,10,20,10,8,8,16,20,13,20,34,52,41,25,1,36,1788973774.469737,G1,T05,banco2420_movimenti,1,static
206346,1,1,0,36,0,0,0,-1,89,100,20,10,13,5,8,9,17,13,13,20,34,29,41,25,1,36,1788973774.6786716,G1,T05,banco2420_movimenti,1,static
206546,1,1,0,36,0,0,0,-1,145,202,8,36,8,5,8,10,8,13,13,20,34,34,41,25,1,36,1788973774.8688815,G1,T05,banco2420_movimenti,1,static
206746,1,1,0,35,0,0,0,-1,197,185,58,26,20,8,5,8,5,17,18,20,34,41,41,25,1,35,1788973775.0779502,G1,T05,banco2420_movimenti,1,static
206946,1,1,0,35,0,0,0,-1,109,64,106,10,13,5,10,8,13,25,18,20,34,41,52,34,1,35,1788973775.270523,G1,T05,banco2420_movimenti,1,static
207146,1,1,0,35,0,0,0,-1,484,65,65,5,34,5,8,8,4,20,18,20,34,34,41,34,1,35,1788973775.4781878,G1,T05,banco2420_movimenti,1,static
207346,1,1,0,35,0,0,0,-1,225,136,181,10,18,13,10,5,9,13,18,20,34,34,41,29,1,35,1788973775.6703966,G1,T05,banco2420_movimenti,1,static
207546,1,1,0,35,0,0,0,-1,250,265,26,5,29,10,8,5,13,13,18,20,45,34,41,34,1,35,1788973775.8783524,G1,T05,banco2420_movimenti,1,static
207746,1,1,0,35,0,0,0,-1,34,74,5,9,8,8,5,9,8,13,18,20,34,34,41,34,1,35,1788973776.0707438,G1,T05,banco2420_movimenti,1,static
207946,1,1,0,35,0,0,0,-1,68,128,37,8,18,8,8,5,8,18,25,13,34,41,52,29,1,35,1788973776.2776902,G1,T05,banco2420_movimenti,1,static
208146,1,1,0,35,0,0,0,-1,245,233,17,20,5,5,8,5,9,18,18,20,34,34,41,25,1,35,1788973776.4697602,G1,T05,banco2420_movimenti,1,static
208346,1,1,0,35,0,0,0,-1,225,100,17,10,13,5,5,10,5,18,18,20,34,34,50,25,1,35,1788973776.6771653,G1,T05,banco2420_movimenti,1,static
208546,1,1,0,35,0,0,0,-1,61,18,68,17,18,5,5,10,5,18,18,18,34,34,50,25,1,35,1788973776.8694236,G1,T05,banco2420_movimenti,1,static
208746,1,1,0,35,0,0,0,-1,116,137,20,10,13,8,5,5,10,18,18,20,34,34,50,34,1,35,1788973777.0770688,G1,T05,banco2420_movimenti,1,static
208946,1,1,0,35,0,0,0,-1,185,160,29,25,10,8,8,10,10,13,18,25,34,34,41,25,1,35,1788973777.2819622,G1,T05,banco2420_movimenti,1,static
209146,1,1,0,35,0,0,0,-1,73,89,16,13,13,8,5,10,9,10,18,20,34,50,41,25,1,35,1788973777.4738328,G1,T05,banco2420_movimenti,1,static
209346,1,1,0,35,0,0,0,-1,288,113,25,13,10,8,2,8,9,10,18,20,34,34,41,34,1,35,1788973777.6818848,G1,T05,banco2420_movimenti,1,static
209546,1,1,0,48,0,0,0,-1,82,160,89,8,20,8,5,8,9,20,18,20,34,41,41,34,1,48,1788973777.873451,G1,T05,banco2420_movimenti,1,static
209746,1,1,0,48,0,0,0,-1,50,80,85,5,20,8,8,13,10,13,18,13,34,41,41,34,1,48,1788973778.0813107,G1,T05,banco2420_movimenti,1,static
209946,1,1,0,48,0,0,0,-1,74,61,45,16,25,8,8,5,10,13,17,20,25,41,41,34,1,48,1788973778.273858,G1,T05,banco2420_movimenti,1,static
210146,1,1,0,48,0,0,0,-1,130,109,58,10,20,8,5,8,10,13,18,20,34,41,41,34,1,48,1788973778.4817939,G1,T05,banco2420_movimenti,1,static
210346,1,1,0,48,0,0,0,-1,85,130,20,4,20,8,5,8,10,20,18,20,34,41,41,25,1,48,1788973778.6745126,G1,T05,banco2420_movimenti,1,static
210546,1,1,0,48,0,0,0,-1,208,164,32,18,9,8,4,5,5,20,18,20,34,41,41,32,1,48,1788973778.8817418,G1,T05,banco2420_movimenti,1,static
210746,1,1,0,48,0,0,0,-1,157,218,13,10,13,5,5,8,10,13,18,17,34,34,41,41,1,48,1788973779.0737476,G1,T05,banco2420_movimenti,1,static
210946,1,1,0,48,0,0,0,-1,109,113,29,13,13,5,8,5,9,13,18,17,34,34,50,34,1,48,1788973779.281552,G1,T05,banco2420_movimenti,1,static
211146,1,1,0,35,0,0,0,-1,394,80,80,8,25,9,10,5,9,13,18,20,29,34,41,25,1,35,1788973779.4742482,G1,T05,banco2420_movimenti,1,static
211346,1,1,0,35,0,0,0,-1,157,29,65,10,32,10,8,5,9,13,18,20,34,34,41,25,1,35,1788973779.6824102,G1,T05,banco2420_movimenti,1,static
211546,1,1,0,35,0,0,0,-1,424,196,26,9,10,5,8,5,9,20,18,17,34,34,50,25,1,35,1788973779.8745804,G1,T05,banco2420_movimenti,1,static
211746,1,1,0,35,0,0,0,-1,208,194,41,10,13,10,10,5,10,20,18,20,34,45,50,25,1,35,1788973780.0841048,G1,T05,banco2420_movimenti,1,static
211946,1,1,0,35,0,0,0,-1,113,101,89,17,8,8,9,8,10,13,18,20,34,45,41,25,1,35,1788973780.274522,G1,T05,banco2420_movimenti,1,static
212146,1,1,0,35,0,0,0,-1,117,180,29,20,13,5,8,5,10,13,18,20,41,45,32,25,1,35,1788973780.4814088,G1,T05,banco2420_movimenti,1,static
212346,1,1,0,52,0,0,0,-1,289,181,29,29,9,5,5,5,10,18,20,20,34,45,32,25,1,52,1788973780.6733046,G1,T05,banco2420_movimenti,1,static
212546,1,1,0,50,0,0,0,-1,180,145,50,8,18,5,5,5,9,18,13,13,34,45,41,25,1,50,1788973780.8825526,G1,T05,banco2420_movimenti,1,static
212746,1,1,0,50,0,0,0,-1,441,197,74,10,13,8,5,8,10,13,13,20,34,45,41,25,1,50,1788973781.0731316,G1,T05,banco2420_movimenti,1,static
212946,1,1,0,45,0,0,0,-1,202,130,25,10,10,8,5,5,13,13,13,20,34,45,41,34,1,45,1788973781.2810922,G1,T05,banco2420_movimenti,1,static
213146,1,1,0,45,0,0,0,-1,125,36,116,10,10,10,8,5,13,13,25,20,25,34,34,41,1,45,1788973781.4736884,G1,T05,banco2420_movimenti,1,static
213346,1,1,0,45,0,0,0,-1,73,74,10,13,10,5,5,5,9,13,18,20,34,45,41,34,1,45,1788973781.6817236,G1,T05,banco2420_movimenti,1,static
213546,1,1,0,45,0,0,0,-1,337,185,181,13,9,5,8,10,9,25,18,13,29,25,41,34,1,45,1788973781.8727064,G1,T05,banco2420_movimenti,1,static
213746,1,1,0,45,0,0,0,-1,136,82,10,25,9,4,5,5,16,13,13,25,45,34,41,34,1,45,1788973782.0806227,G1,T05,banco2420_movimenti,1,static
213946,1,1,0,45,0,0,0,-1,100,109,45,25,9,5,8,5,9,13,13,20,34,34,41,25,1,45,1788973782.2728977,G1,T05,banco2420_movimenti,1,static
214146,1,1,0,45,0,0,0,-1,241,53,25,25,20,8,5,9,5,18,13,20,34,34,41,25,1,45,1788973782.4807668,G1,T05,banco2420_movimenti,1,static
214346,1,1,0,35,0,0,0,-1,377,181,20,5,9,10,8,9,5,20,13,20,34,34,50,29,1,35,1788973782.673335,G1,T05,banco2420_movimenti,1,static
214546,1,1,0,35,0,0,0,-1,185,61,45,18,9,5,5,5,9,13,18,20,25,34,41,13,1,35,1788973782.88169,G1,T05,banco2420_movimenti,1,static
214746,1,1,0,35,0,0,0,-1,145,181,130,9,10,5,9,5,9,13,18,20,34,34,50,20,1,35,1788973783.073543,G1,T05,banco2420_movimenti,1,static
214946,1,1,0,35,0,0,0,-1,194,257,50,17,5,8,5,9,13,20,18,20,34,40,50,25,1,35,1788973783.28127,G1,T05,banco2420_movimenti,1,static
215146,1,1,0,35,0,0,0,-1,61,193,36,5,8,10,8,9,9,13,18,20,34,34,41,25,1,35,1788973783.4746544,G1,T05,banco2420_movimenti,1,static
215346,1,1,0,35,0,0,0,-1,121,72,9,9,13,5,5,5,9,13,18,20,34,34,41,29,1,35,1788973783.6814668,G1,T05,banco2420_movimenti,1,static
215546,1,1,0,35,0,0,0,-1,400,145,20,13,13,5,8,8,10,13,18,20,34,34,41,34,1,35,1788973783.8734365,G1,T05,banco2420_movimenti,1,static
215746,1,1,0,138,0,0,0,-1,82,41,52,13,13,13,10,5,9,13,18,20,34,34,41,34,1,138,1788973784.0802507,G1,T05,banco2420_movimenti,1,static
215946,1,1,0,138,0,0,0,-1,394,185,50,8,13,13,10,2,16,8,18,20,34,34,50,20,1,138,1788973784.2724695,G1,T05,banco2420_movimenti,1,static
216146,1,1,0,59,0,0,0,-1,157,148,104,5,10,8,9,5,5,20,13,20,34,34,34,25,1,59,1788973784.479933,G1,T05,banco2420_movimenti,1,static
216346,1,1,0,59,0,0,0,-1,58,104,53,8,10,9,5,5,5,20,13,20,34,34,41,25,1,59,1788973784.672649,G1,T05,banco2420_movimenti,1,static
216546,1,1,0,59,0,0,0,-1,116,13,13,34,5,10,5,5,10,13,18,20,34,34,41,25,1,59,1788973784.8804457,G1,T05,banco2420_movimenti,1,static
216746,1,1,0,63,0,0,0,-1,212,196,64,34,8,8,10,8,9,13,13,20,29,41,52,25,1,63,1788973785.0723515,G1,T05,banco2420_movimenti,1,static
216946,1,1,0,63,0,0,0,-1,260,269,104,34,9,9,10,5,9,18,13,29,41,41,41,20,1,63,1788973785.280917,G1,T05,banco2420_movimenti,1,static
217146,1,1,0,63,0,0,0,-1,244,180,53,10,8,5,5,5,9,18,18,20,34,34,41,20,1,63,1788973785.472207,G1,T05,banco2420_movimenti,1,static
217346,1,1,0,63,0,0,0,-1,104,9,41,41,8,5,5,5,10,10,18,13,25,45,41,20,1,63,1788973785.679942,G1,T05,banco2420_movimenti,1,static
217546,1,1,0,63,0,0,0,-1,90,50,109,9,13,5,5,10,5,10,18,20,25,40,41,29,1,63,1788973785.872565,G1,T05,banco2420_movimenti,1,static
217746,1,1,0,63,0,0,0,-1,52,25,116,13,5,5,5,5,5,13,18,20,25,45,32,34,1,63,1788973786.0814219,G1,T05,banco2420_movimenti,1,static
217946,1,1,0,63,0,0,0,-1,185,17,36,10,18,8,5,9,5,13,18,20,34,34,41,25,1,63,1788973786.2735267,G1,T05,banco2420_movimenti,1,static
218146,1,1,0,64,0,0,0,-1,97,89,20,8,17,5,8,5,10,13,13,25,34,29,32,25,1,64,1788973786.4810555,G1,T05,banco2420_movimenti,1,static
218346,1,1,0,64,0,0,0,-1,82,40,10,5,25,8,5,5,10,8,13,20,41,34,52,40,1,64,1788973786.6745293,G1,T05,banco2420_movimenti,1,static
218546,1,1,0,64,0,0,0,-1,180,65,25,10,25,8,5,10,10,8,18,17,18,34,41,29,1,64,1788973786.8838563,G1,T05,banco2420_movimenti,1,static
218746,1,1,0,64,0,0,0,-1,442,369,25,13,25,10,8,10,8,13,18,20,25,34,41,20,1,64,1788973787.0743146,G1,T05,banco2420_movimenti,1,static
218946,1,1,0,64,0,0,0,-1,100,125,40,8,13,5,8,5,5,13,18,20,34,34,34,34,1,64,1788973787.2830195,G1,T05,banco2420_movimenti,1,static
219146,1,1,0,64,0,0,0,-1,90,41,40,5,20,5,9,5,8,18,18,13,34,34,52,34,1,64,1788973787.4745755,G1,T05,banco2420_movimenti,1,static
219346,1,1,0,64,0,0,0,-1,80,65,37,10,29,13,5,5,5,20,18,13,34,41,41,25,1,64,1788973787.6826477,G1,T05,banco2420_movimenti,1,static
219546,1,1,0,68,0,0,0,-1,137,137,117,20,10,8,5,5,13,13,25,13,34,34,32,25,1,68,1788973787.8833477,G1,T05,banco2420_movimenti,1,static
219746,1,1,0,67,0,0,0,-1,68,125,89,17,13,13,8,5,5,20,18,13,25,34,32,25,1,67,1788973788.0813296,G1,T05,banco2420_movimenti,1,static
219946,1,1,0,67,0,0,0,-1,221,173,25,13,20,5,8,8,9,20,18,20,25,34,41,25,1,67,1788973788.2729182,G1,T05,banco2420_movimenti,1,static
220146,1,1,0,66,0,0,0,-1,49,100,18,25,16,8,5,5,5,18,18,20,25,34,32,34,1,66,1788973788.4801095,G1,T05,banco2420_movimenti,1,static
220346,1,1,0,66,0,0,0,-1,98,101,18,8,13,5,5,5,8,18,18,20,25,34,32,25,1,66,1788973788.672145,G1,T05,banco2420_movimenti,1,static
220546,1,1,0,66,0,0,0,-1,58,13,9,10,13,10,9,13,5,13,18,13,34,34,41,34,1,66,1788973788.8817313,G1,T05,banco2420_movimenti,1,static
220746,1,1,0,66,0,0,0,-1,505,306,61,26,16,9,9,5,10,18,18,20,45,41,41,34,1,66,1788973789.0721755,G1,T05,banco2420_movimenti,1,static
220946,1,1,0,66,0,0,0,-1,157,50,82,5,20,5,8,5,8,18,18,17,25,34,41,41,1,66,1788973789.2802253,G1,T05,banco2420_movimenti,1,static
221146,1,1,0,66,0,0,0,-1,178,90,29,9,8,5,5,5,5,18,8,20,34,29,41,41,1,66,1788973789.4722583,G1,T05,banco2420_movimenti,1,static
221346,1,1,0,66,0,0,0,-1,74,65,85,9,13,5,13,10,8,25,13,29,41,40,32,41,1,66,1788973789.6801646,G1,T05,banco2420_movimenti,1,static
221546,1,1,0,109,0,0,0,-1,109,50,52,25,8,8,10,5,10,13,13,20,34,45,32,25,1,109,1788973789.8718867,G1,T05,banco2420_movimenti,1,static
221746,1,1,0,109,0,0,0,-1,106,113,82,13,18,8,9,10,10,18,25,10,34,45,52,34,1,109,1788973790.0795162,G1,T05,banco2420_movimenti,1,static
221946,1,1,0,109,0,0,0,-1,100,82,32,13,10,4,5,8,9,13,18,10,34,34,41,34,1,109,1788973790.2720263,G1,T05,banco2420_movimenti,1,static
222146,1,1,0,35,0,0,0,-1,202,170,45,10,13,10,9,10,8,13,18,20,34,29,41,25,1,35,1788973790.4804437,G1,T05,banco2420_movimenti,1,static
222346,1,1,0,45,0,0,0,-1,338,377,26,20,13,10,5,5,9,8,18,13,34,29,41,25,1,45,1788973790.6730928,G1,T05,banco2420_movimenti,1,static
222546,1,1,0,45,0,0,0,-1,90,325,117,10,13,5,5,5,10,13,18,13,29,34,41,25,1,45,1788973790.8807294,G1,T05,banco2420_movimenti,1,static
222746,1,1,0,45,0,0,0,-1,181,104,26,4,8,8,8,8,5,20,18,17,34,34,41,25,1,45,1788973791.072783,G1,T05,banco2420_movimenti,1,static
222946,1,1,0,45,0,0,0,-1,45,20,20,10,10,8,4,5,10,20,18,20,34,34,41,25,1,45,1788973791.2797174,G1,T05,banco2420_movimenti,1,static
223146,1,1,0,45,0,0,0,-1,98,164,25,9,8,8,5,10,10,13,18,13,34,34,41,25,1,45,1788973791.4718359,G1,T05,banco2420_movimenti,1,static
223346,1,1,0,45,0,0,0,-1,202,225,20,8,20,5,5,8,9,13,17,20,34,34,41,18,1,45,1788973791.6794405,G1,T05,banco2420_movimenti,1,static
223546,1,1,0,45,0,0,0,-1,122,121,20,13,5,9,5,13,13,13,17,13,34,45,41,25,1,45,1788973791.871558,G1,T05,banco2420_movimenti,1,static
223746,1,1,0,45,0,0,0,-1,296,130,40,10,13,9,5,9,8,20,18,20,34,45,41,25,1,45,1788973792.079659,G1,T05,banco2420_movimenti,1,static
223946,1,1,0,45,0,0,0,-1,61,29,53,10,13,5,10,10,5,13,20,20,34,34,41,34,1,45,1788973792.270898,G1,T05,banco2420_movimenti,1,static
224146,1,1,0,45,0,0,0,-1,130,65,8,8,8,5,10,9,5,8,18,13,45,34,41,32,1,45,1788973792.4793444,G1,T05,banco2420_movimenti,1,static
224346,1,1,0,45,0,0,0,-1,36,137,82,8,20,5,5,5,5,13,18,13,34,34,34,32,1,45,1788973792.671364,G1,T05,banco2420_movimenti,1,static
224546,1,1,0,45,0,0,0,-1,125,125,73,5,20,13,5,5,10,13,18,13,34,25,34,25,1,45,1788973792.8787248,G1,T05,banco2420_movimenti,1,static
224746,1,1,0,45,0,0,0,-1,170,122,65,5,13,5,5,13,10,17,25,20,34,34,41,25,1,45,1788973793.070673,G1,T05,banco2420_movimenti,1,static
224946,1,1,0,40,0,0,0,-1,157,169,49,10,5,5,8,5,10,13,13,20,34,41,41,25,1,40,1788973793.278612,G1,T05,banco2420_movimenti,1,static
225146,1,1,0,40,0,0,0,-1,109,100,50,26,10,5,9,5,10,13,13,10,25,34,41,25,1,40,1788973793.4708395,G1,T05,banco2420_movimenti,1,static
225346,1,1,0,40,0,0,0,-1,130,97,34,18,10,13,10,5,8,13,13,13,17,34,41,34,1,40,1788973793.6795049,G1,T05,banco2420_movimenti,1,static
225546,1,1,0,40,0,0,0,-1,52,20,10,10,13,5,5,8,10,20,13,29,34,41,41,25,1,40,1788973793.8713777,G1,T05,banco2420_movimenti,1,static
225746,1,1,0,40,0,0,0,-1,117,72,61,20,5,5,5,5,9,8,13,29,25,45,32,25,1,40,1788973794.0802846,G1,T05,banco2420_movimenti,1,static
225946,1,1,0,40,0,0,0,-1,73,72,45,10,17,5,9,5,10,13,13,13,34,34,41,25,1,40,1788973794.2705402,G1,T05,banco2420_movimenti,1,static
226146,1,1,0,40,0,0,0,-1,125,144,20,8,13,10,10,5,5,13,13,20,34,34,41,34,1,40,1788973794.478081,G1,T05,banco2420_movimenti,1,static
226346,1,1,0,40,0,0,0,-1,234,226,160,5,10,5,5,4,9,13,10,25,45,41,61,34,1,40,1788973794.6696987,G1,T05,banco2420_movimenti,1,static
226546,1,1,0,40,0,0,0,-1,229,50,18,8,9,5,5,5,10,20,13,20,34,34,41,25,1,40,1788973794.879121,G1,T05,banco2420_movimenti,1,static
226746,1,1,0,40,0,0,0,-1,373,400,36,10,16,5,5,8,13,18,17,20,34,29,41,25,1,40,1788973795.0712032,G1,T05,banco2420_movimenti,1,static
226946,1,1,0,40,0,0,0,-1,269,202,61,13,8,5,8,5,8,20,20,17,34,40,41,25,1,40,1788973795.2789512,G1,T05,banco2420_movimenti,1,static
227146,1,1,0,40,0,0,0,-1,26,68,64,10,16,8,5,5,9,20,13,17,34,29,41,25,1,40,1788973795.473498,G1,T05,banco2420_movimenti,1,static
227346,1,1,0,40,0,0,0,-1,85,72,18,9,10,5,9,5,8,13,13,20,34,34,41,25,1,40,1788973795.6794183,G1,T05,banco2420_movimenti,1,static
227546,1,1,0,40,0,0,0,-1,45,13,37,9,10,5,5,5,9,8,13,25,34,34,41,25,1,40,1788973795.8723743,G1,T05,banco2420_movimenti,1,static
227746,1,1,0,40,0,0,0,-1,65,41,74,9,13,8,5,5,9,8,18,20,34,34,50,25,1,40,1788973796.080596,G1,T05,banco2420_movimenti,1,static
227946,1,1,0,40,0,0,0,-1,538,194,5,5,16,8,5,5,10,18,25,20,25,34,41,25,1,40,1788973796.2726045,G1,T05,banco2420_movimenti,1,static
228146,1,1,0,40,0,0,0,-1,98,37,10,9,16,8,5,5,9,13,13,29,25,34,52,34,1,40,1788973796.4805303,G1,T05,banco2420_movimenti,1,static
228346,1,1,0,40,0,0,0,-1,61,58,13,10,10,5,5,9,9,13,13,20,20,25,52,25,1,40,1788973796.6719067,G1,T05,banco2420_movimenti,1,static
228546,1,1,0,40,0,0,0,-1,37,26,13,10,13,5,8,5,10,18,18,20,20,25,41,25,1,40,1788973796.880258,G1,T05,banco2420_movimenti,1,static
228746,1,1,0,40,0,0,0,-1,136,109,58,10,13,8,5,10,9,25,18,20,34,25,41,25,1,40,1788973797.0724378,G1,T05,banco2420_movimenti,1,static
228946,1,1,0,35,0,0,0,-1,64,61,37,10,10,9,5,10,10,20,25,17,34,34,32,25,1,35,1788973797.2838936,G1,T05,banco2420_movimenti,1,static
229146,1,1,0,35,0,0,0,-1,146,137,136,13,10,5,8,5,5,13,25,20,34,34,41,25,1,35,1788973797.4760156,G1,T05,banco2420_movimenti,1,static
229346,1,1,0,59,0,0,0,-1,101,178,85,10,13,5,8,13,5,17,18,29,41,45,41,25,1,59,1788973797.6796045,G1,T05,banco2420_movimenti,1,static
229546,1,1,0,59,0,0,0,-1,65,98,45,10,8,10,5,5,10,17,18,20,34,34,41,25,1,59,1788973797.869817,G1,T05,banco2420_movimenti,1,static
229746,1,1,0,59,0,0,0,-1,89,53,10,5,13,5,8,5,9,25,18,17,20,25,41,25,1,59,1788973798.0775297,G1,T05,banco2420_movimenti,1,static
229946,1,1,0,59,0,0,0,-1,113,250,52,10,25,5,5,8,4,25,13,20,20,34,41,25,1,59,1788973798.269678,G1,T05,banco2420_movimenti,1,static
230146,1,1,0,35,0,0,0,-1,361,153,20,5,8,10,8,10,5,13,18,18,34,34,41,34,1,35,1788973798.4782655,G1,T05,banco2420_movimenti,1,static
230346,1,1,0,35,0,0,0,-1,113,90,50,8,10,8,5,9,10,10,18,13,34,34,41,34,1,35,1788973798.6705623,G1,T05,banco2420_movimenti,1,static
230546,1,1,0,35,0,0,0,-1,585,292,17,5,9,5,5,5,9,13,18,25,34,34,41,34,1,35,1788973798.8793097,G1,T05,banco2420_movimenti,1,static
230746,1,1,0,35,0,0,0,-1,104,116,8,13,13,5,5,5,9,20,18,17,25,34,41,34,1,35,1788973799.070961,G1,T05,banco2420_movimenti,1,static
230946,1,1,0,35,0,0,0,-1,269,288,40,10,18,10,5,8,5,13,18,17,34,34,41,29,1,35,1788973799.2784028,G1,T05,banco2420_movimenti,1,static
231146,1,1,0,35,0,0,0,-1,61,117,29,8,13,8,5,8,5,20,18,17,34,34,41,25,1,35,1788973799.4782817,G1,T05,banco2420_movimenti,1,static
231346,1,1,0,35,0,0,0,-1,125,73,104,10,9,5,8,5,5,13,18,17,34,34,32,25,1,35,1788973799.6796405,G1,T05,banco2420_movimenti,1,static
231546,1,1,0,35,0,0,0,-1,409,305,37,5,20,5,5,5,8,20,18,20,34,25,41,41,1,35,1788973799.8713605,G1,T05,banco2420_movimenti,1,static
231746,1,1,0,35,0,0,0,-1,676,320,17,10,13,10,5,9,4,13,18,20,34,34,50,34,1,35,1788973800.0791929,G1,T05,banco2420_movimenti,1,static
231946,1,1,0,35,0,0,0,-1,194,145,164,10,13,5,5,5,5,18,13,20,34,34,41,34,1,35,1788973800.270949,G1,T05,banco2420_movimenti,1,static
232146,1,1,0,35,0,0,0,-1,73,52,50,13,9,10,5,5,10,13,18,20,34,34,50,20,1,35,1788973800.4800296,G1,T05,banco2420_movimenti,1,static
232346,1,1,0,35,0,0,0,-1,164,145,36,8,16,8,5,5,17,13,25,20,34,34,50,25,1,35,1788973800.672545,G1,T05,banco2420_movimenti,1,static
232546,1,1,0,35,0,0,0,-1,89,49,53,5,25,8,8,5,10,13,25,20,34,34,50,34,1,35,1788973800.8817341,G1,T05,banco2420_movimenti,1,static
232746,1,1,0,35,0,0,0,-1,325,202,125,9,9,5,5,5,8,13,18,13,34,34,50,34,1,35,1788973801.0729618,G1,T05,banco2420_movimenti,1,static
232946,1,1,0,35,0,0,0,-1,58,101,74,10,10,13,5,5,8,13,18,25,34,34,50,25,1,35,1788973801.2820685,G1,T05,banco2420_movimenti,1,static
233146,1,1,0,67,0,0,0,-1,104,153,50,10,13,8,5,5,9,13,18,13,34,34,50,25,1,67,1788973801.480608,G1,T05,banco2420_movimenti,1,static
233346,1,1,0,67,0,0,0,-1,65,58,109,5,20,8,8,8,10,20,13,13,45,34,32,34,1,67,1788973801.6831257,G1,T05,banco2420_movimenti,1,static
233546,1,1,0,67,0,0,0,-1,164,200,45,8,20,4,8,9,10,20,25,20,34,34,41,34,1,67,1788973801.8755915,G1,T05,banco2420_movimenti,1,static
233746,1,1,0,67,0,0,0,-1,58,17,25,5,5,8,9,10,4,13,13,20,25,29,32,25,1,67,1788973802.0841253,G1,T05,banco2420_movimenti,1,static
233946,1,1,0,67,0,0,0,-1,481,369,125,8,18,5,5,10,5,13,18,20,25,29,32,25,1,67,1788973802.2753947,G1,T05,banco2420_movimenti,1,static
234146,1,1,0,67,0,0,0,-1,45,52,74,8,9,5,5,10,5,18,18,20,25,29,32,25,1,67,1788973802.4841006,G1,T05,banco2420_movimenti,1,static
234346,1,1,0,67,0,0,0,-1,122,148,13,5,13,5,5,5,9,13,18,13,34,34,41,41,1,67,1788973802.675929,G1,T05,banco2420_movimenti,1,static
234546,1,1,0,51,0,0,0,-1,170,225,17,8,13,5,8,5,9,13,18,25,41,34,41,41,1,51,1788973802.884169,G1,T05,banco2420_movimenti,1,static
234746,1,1,0,51,0,0,0,-1,34,65,64,5,25,10,9,5,10,13,18,20,34,41,41,25,1,51,1788973803.0764863,G1,T05,banco2420_movimenti,1,static
234946,1,1,0,51,0,0,0,-1,74,50,18,8,20,10,5,5,13,13,13,13,34,34,50,20,1,51,1788973803.283781,G1,T05,banco2420_movimenti,1,static
235146,1,1,0,51,0,0,0,-1,40,65,29,10,10,9,8,5,10,13,13,13,34,41,50,25,1,51,1788973803.4830616,G1,T05,banco2420_movimenti,1,static
235346,1,1,0,51,0,0,0,-1,205,277,20,10,20,8,5,10,9,13,13,20,34,34,32,20,1,51,1788973803.6820216,G1,T05,banco2420_movimenti,1,static
235546,1,1,0,51,0,0,0,-1,290,136,61,10,16,5,5,9,5,13,18,20,34,41,34,34,1,51,1788973803.873524,G1,T05,banco2420_movimenti,1,static
235746,1,1,0,51,0,0,0,-1,80,97,13,10,13,8,13,5,10,13,18,13,34,34,41,34,1,51,1788973804.081361,G1,T05,banco2420_movimenti,1,static
235946,1,1,0,51,0,0,0,-1,257,82,34,9,13,5,5,5,17,5,8,13,34,34,41,25,1,51,1788973804.2728362,G1,T05,banco2420_movimenti,1,static
236146,1,1,0,51,0,0,0,-1,65,113,90,5,13,4,5,5,17,13,13,20,34,34,41,25,1,51,1788973804.4836,G1,T05,banco2420_movimenti,1,static
236346,1,1,0,51,0,0,0,-1,153,106,146,9,10,10,8,10,5,13,18,13,20,34,41,34,1,51,1788973804.673848,G1,T05,banco2420_movimenti,1,static
236546,1,1,0,51,0,0,0,-1,61,193,50,20,10,5,5,5,9,20,25,13,34,41,41,25,1,51,1788973804.8820176,G1,T05,banco2420_movimenti,1,static
236746,1,1,0,51,0,0,0,-1,65,17,17,10,13,5,5,5,9,13,18,20,34,41,41,25,1,51,1788973805.0731795,G1,T05,banco2420_movimenti,1,static
236946,1,1,0,51,0,0,0,-1,149,50,20,5,20,8,5,13,9,13,13,18,29,34,32,25,1,51,1788973805.2817187,G1,T05,banco2420_movimenti,1,static
237146,1,1,0,51,0,0,0,-1,52,37,8,8,13,5,4,8,9,13,18,34,29,34,32,25,1,51,1788973805.48432,G1,T05,banco2420_movimenti,1,static
237346,1,1,0,51,0,0,0,-1,324,144,25,5,18,5,5,8,10,13,13,25,29,29,41,25,1,51,1788973805.6824567,G1,T05,banco2420_movimenti,1,static
237546,1,1,0,51,0,0,0,-1,148,169,34,5,13,5,5,5,10,13,18,17,34,29,41,25,1,51,1788973805.8738801,G1,T05,banco2420_movimenti,1,static
237746,1,1,0,51,0,0,0,-1,68,34,29,5,13,8,9,5,5,13,18,20,45,34,41,25,1,51,1788973806.0823321,G1,T05,banco2420_movimenti,1,static
237946,1,1,0,51,0,0,0,-1,65,61,89,13,20,10,5,5,9,13,18,13,34,34,41,25,1,51,1788973806.2744899,G1,T05,banco2420_movimenti,1,static
238146,1,1,0,51,0,0,0,-1,68,36,40,10,13,8,5,5,9,13,18,20,41,34,41,25,1,51,1788973806.4848475,G1,T05,banco2420_movimenti,1,static
238346,1,1,0,51,0,0,0,-1,193,178,41,20,10,5,5,8,13,8,18,20,34,34,41,18,1,51,1788973806.6741939,G1,T05,banco2420_movimenti,1,static
238546,1,1,0,51,0,0,0,-1,106,61,34,5,20,10,5,5,17,8,18,20,41,34,41,25,1,51,1788973806.8816483,G1,T05,banco2420_movimenti,1,static
238746,1,1,0,51,0,0,0,-1,85,65,16,8,13,5,9,5,10,13,13,20,34,34,41,34,1,51,1788973807.0769603,G1,T05,banco2420_movimenti,1,static
238946,1,1,0,51,0,0,0,-1,205,234,41,26,5,8,5,5,10,13,18,20,34,29,41,25,1,51,1788973807.2820446,G1,T05,banco2420_movimenti,1,static
239146,1,1,0,51,0,0,0,-1,130,180,32,8,20,8,8,5,9,13,13,20,34,34,41,25,1,51,1788973807.4850008,G1,T05,banco2420_movimenti,1,static
239346,1,1,0,51,0,0,0,-1,82,73,25,8,9,8,5,5,5,13,18,20,34,34,50,25,1,51,1788973807.682428,G1,T05,banco2420_movimenti,1,static
239546,1,1,0,51,0,0,0,-1,194,65,18,8,8,10,8,5,5,25,18,20,34,34,41,25,1,51,1788973807.8826725,G1,T05,banco2420_movimenti,1,static
239746,1,1,0,51,0,0,0,-1,265,296,90,20,5,5,5,5,10,13,18,20,34,41,41,29,1,51,1788973808.08359,G1,T05,banco2420_movimenti,1,static
239946,1,1,0,51,0,0,0,-1,65,200,52,8,10,10,8,5,9,8,18,20,34,41,41,29,1,51,1788973808.283321,G1,T05,banco2420_movimenti,1,static
240146,1,1,0,51,0,0,0,-1,261,313,32,8,10,5,5,8,10,13,18,20,25,34,41,25,1,51,1788973808.4844813,G1,T05,banco2420_movimenti,1,static
240346,1,1,0,51,0,0,0,-1,130,58,164,8,8,8,8,9,8,20,18,20,45,34,32,25,1,51,1788973808.6750038,G1,T05,banco2420_movimenti,1,static
240546,1,1,0,51,0,0,0,-1,292,218,52,9,13,5,8,10,5,13,18,20,34,45,50,25,1,51,1788973808.8827145,G1,T05,banco2420_movimenti,1,static
240746,1,1,0,51,0,0,0,-1,149,58,72,8,9,5,5,10,10,13,13,25,34,25,34,25,1,51,1788973809.0746665,G1,T05,banco2420_movimenti,1,static
240946,1,1,0,51,0,0,0,-1,113,290,74,9,13,5,8,13,5,10,10,20,34,25,41,25,1,51,1788973809.2836816,G1,T05,banco2420_movimenti,1,static
241146,1,1,0,51,0,0,0,-1,90,41,5,8,18,8,10,5,16,18,25,17,34,41,52,34,1,51,1788973809.4752326,G1,T05,banco2420_movimenti,1,static
241346,1,1,0,51,0,0,0,-1,205,89,34,10,10,5,5,5,13,18,18,25,29,25,41,34,1,51,1788973809.6825852,G1,T05,banco2420_movimenti,1,static
241546,1,1,0,35,0,0,0,-1,466,274,13,13,10,5,5,5,5,18,13,25,41,34,41,34,1,35,1788973809.872854,G1,T05,banco2420_movimenti,1,static
241746,1,1,0,35,0,0,0,-1,260,153,34,20,17,5,8,10,5,18,18,25,34,34,41,34,1,35,1788973810.0811234,G1,T05,banco2420_movimenti,1,static
241946,1,1,0,35,0,0,0,-1,68,50,25,8,13,10,8,5,10,13,25,29,32,45,41,29,1,35,1788973810.273102,G1,T05,banco2420_movimenti,1,static
242146,1,1,0,35,0,0,0,-1,50,65,58,29,10,5,4,5,8,13,18,17,32,45,41,20,1,35,1788973810.4812965,G1,T05,banco2420_movimenti,1,static
242346,1,1,0,35,0,0,0,-1,148,130,8,20,17,9,5,5,10,13,18,20,25,34,32,25,1,35,1788973810.6736295,G1,T05,banco2420_movimenti,1,static
242546,1,1,0,35,0,0,0,-1,185,125,52,10,34,5,5,5,9,13,18,20,34,34,41,25,1,35,1788973810.8818974,G1,T05,banco2420_movimenti,1,static
242746,1,1,0,35,0,0,0,-1,109,73,17,26,8,8,5,9,9,13,18,20,41,34,41,25,1,35,1788973811.0746453,G1,T05,banco2420_movimenti,1,static
242946,1,1,0,55,0,0,0,-1,116,173,45,29,10,8,5,10,10,13,13,20,25,34,41,25,1,55,1788973811.2822733,G1,T05,banco2420_movimenti,1,static
243146,1,1,0,55,0,0,0,-1,274,137,37,5,17,8,5,8,10,13,13,20,25,34,41,20,1,55,1788973811.4750679,G1,T05,banco2420_movimenti,1,static
243346,1,1,0,55,0,0,0,-1,65,80,65,17,16,5,5,8,5,13,18,13,29,34,50,34,1,55,1788973811.6846569,G1,T05,banco2420_movimenti,1,static
243546,1,1,0,55,0,0,0,-1,125,37,64,10,10,5,5,5,8,13,13,20,34,34,41,25,1,55,1788973811.8753562,G1,T05,banco2420_movimenti,1,static
243746,1,1,0,55,0,0,0,-1,50,36,8,13,13,8,5,5,5,13,10,13,29,34,41,25,1,55,1788973812.08373,G1,T05,banco2420_movimenti,1,static
243946,1,1,0,55,0,0,0,-1,208,36,74,5,18,5,9,5,9,13,13,13,34,34,41,34,1,55,1788973812.2757123,G1,T05,banco2420_movimenti,1,static
244146,1,1,0,55,0,0,0,-1,289,260,85,10,18,8,13,16,10,20,18,13,34,29,41,25,1,55,1788973812.4844747,G1,T05,banco2420_movimenti,1,static
244346,1,1,0,55,0,0,0,-1,130,117,49,37,16,10,5,8,5,13,18,13,29,34,41,20,1,55,1788973812.6776435,G1,T05,banco2420_movimenti,1,static
244546,1,1,0,55,0,0,0,-1,53,17,34,20,10,5,5,8,8,10,13,29,34,34,41,29,1,55,1788973812.8839245,G1,T05,banco2420_movimenti,1,static
244746,1,1,0,55,0,0,0,-1,117,180,41,25,9,9,8,5,16,9,13,20,25,41,41,34,1,55,1788973813.075954,G1,T05,banco2420_movimenti,1,static
244946,1,1,0,55,0,0,0,-1,29,65,25,17,13,5,5,5,5,25,13,20,25,34,41,34,1,55,1788973813.283346,G1,T05,banco2420_movimenti,1,static
245146,1,1,0,55,0,0,0,-1,157,193,113,10,20,5,8,8,9,13,13,18,29,34,41,34,1,55,1788973813.4759488,G1,T05,banco2420_movimenti,1,static
245346,1,1,0,55,0,0,0,-1,370,306,29,8,20,5,5,10,8,20,13,20,25,34,41,34,1,55,1788973813.6839478,G1,T05,banco2420_movimenti,1,static
245546,1,1,0,55,0,0,0,-1,865,586,89,13,10,5,9,4,8,20,13,20,25,34,41,34,1,55,1788973813.8771958,G1,T05,banco2420_movimenti,1,static
245746,1,1,0,50,0,0,0,-1,45,20,13,13,13,8,8,10,10,13,13,20,25,34,41,34,1,50,1788973814.0838153,G1,T05,banco2420_movimenti,1,static
245946,1,1,0,50,0,0,0,-1,85,68,17,9,26,8,8,5,10,18,18,20,25,34,50,34,1,50,1788973814.2763972,G1,T05,banco2420_movimenti,1,static
246146,1,1,0,50,0,0,0,-1,137,205,26,5,13,10,5,8,10,20,13,13,25,34,41,41,1,50,1788973814.483515,G1,T05,banco2420_movimenti,1,static
246346,1,1,0,50,0,0,0,-1,68,101,58,13,10,9,5,8,9,13,18,13,34,34,41,34,1,50,1788973814.675564,G1,T05,banco2420_movimenti,1,static
246546,1,1,0,50,0,0,0,-1,197,212,36,8,20,5,10,5,13,13,13,20,34,41,41,34,1,50,1788973814.8829298,G1,T05,banco2420_movimenti,1,static
246746,1,1,0,43,0,0,0,-1,593,673,106,13,20,8,5,5,10,18,13,20,34,34,41,25,1,43,1788973815.0746589,G1,T05,banco2420_movimenti,1,static
246946,1,1,0,46,0,0,0,-1,250,173,13,26,17,8,4,5,9,8,13,17,25,34,41,25,1,46,1788973815.2825692,G1,T05,banco2420_movimenti,1,static
247146,1,1,0,46,0,0,0,-1,85,149,61,5,25,8,5,9,9,8,13,20,34,41,41,25,1,46,1788973815.4761887,G1,T05,banco2420_movimenti,1,static
247346,1,1,0,46,0,0,0,-1,65,50,25,13,16,8,5,10,9,13,18,20,34,41,52,34,1,46,1788973815.682509,G1,T05,banco2420_movimenti,1,static
247546,1,1,0,64,0,0,0,-1,72,221,34,25,16,5,5,10,9,13,18,20,41,34,41,34,1,64,1788973815.8747818,G1,T05,banco2420_movimenti,1,static
247746,1,1,0,65,0,0,0,-1,122,136,34,13,25,13,5,8,5,17,18,13,34,34,50,29,1,65,1788973816.0825086,G1,T05,banco2420_movimenti,1,static
247946,1,1,0,65,0,0,0,-1,29,26,37,29,13,8,5,5,9,10,18,13,34,34,41,34,1,65,1788973816.274894,G1,T05,banco2420_movimenti,1,static
248146,1,1,0,65,0,0,0,-1,170,181,52,8,17,8,5,10,5,20,13,13,34,34,50,25,1,65,1788973816.4828322,G1,T05,banco2420_movimenti,1,static
248346,1,1,0,65,0,0,0,-1,306,162,41,13,20,8,5,10,5,20,18,20,40,29,41,25,1,65,1788973816.6755044,G1,T05,banco2420_movimenti,1,static
248546,1,1,0,65,0,0,0,-1,125,130,50,9,16,8,5,10,8,13,18,13,29,34,41,25,1,65,1788973816.8825197,G1,T05,banco2420_movimenti,1,static
248746,1,1,0,65,0,0,0,-1,178,173,10,10,18,5,5,13,9,13,18,13,34,34,41,25,1,65,1788973817.0746558,G1,T05,banco2420_movimenti,1,static
248946,1,1,0,65,0,0,0,-1,29,73,89,8,13,8,8,5,9,13,13,10,29,34,45,34,1,65,1788973817.2826319,G1,T05,banco2420_movimenti,1,static
249146,1,1,0,65,0,0,0,-1,130,100,97,8,13,5,8,13,10,13,13,17,34,34,25,25,1,65,1788973817.474293,G1,T05,banco2420_movimenti,1,static
249346,1,1,0,65,0,0,0,-1,53,41,13,10,13,5,8,10,9,13,13,17,34,34,41,25,1,65,1788973817.6825192,G1,T05,banco2420_movimenti,1,static
249546,1,1,0,65,0,0,0,-1,40,130,26,20,16,5,5,5,10,18,13,20,34,34,41,25,1,65,1788973817.873915,G1,T05,banco2420_movimenti,1,static
249746,1,1,0,65,0,0,0,-1,250,185,89,5,20,9,5,5,5,13,13,20,34,34,41,25,1,65,1788973818.0816522,G1,T05,banco2420_movimenti,1,static
249946,1,1,0,65,0,0,0,-1,148,205,61,32,5,5,5,5,13,13,18,20,34,34,34,32,1,65,1788973818.275323,G1,T05,banco2420_movimenti,1,static
250146,1,1,0,40,0,0,0,-1,269,400,113,8,13,5,8,5,10,13,18,20,34,25,41,25,1,40,1788973818.4828277,G1,T05,banco2420_movimenti,1,static
250346,1,1,0,40,0,0,0,-1,234,106,49,29,18,8,5,8,10,10,16,20,34,34,41,25,1,40,1788973818.675665,G1,T05,banco2420_movimenti,1,static
250546,1,1,0,53,0,0,0,-1,257,370,72,13,10,5,5,5,10,10,18,13,25,34,32,34,1,53,1788973818.883621,G1,T05,banco2420_movimenti,1,static
250746,1,1,0,48,0,0,0,-1,274,149,9,16,10,5,5,5,5,20,18,13,25,52,41,34,1,48,1788973819.0755224,G1,T05,banco2420_movimenti,1,static
250946,1,1,0,48,0,0,0,-1,65,37,50,5,20,5,5,9,5,13,18,13,34,41,41,34,1,48,1788973819.2828877,G1,T05,banco2420_movimenti,1,static
251146,1,1,0,48,0,0,0,-1,40,90,25,10,13,5,5,10,8,20,17,29,34,34,32,25,1,48,1788973819.4749427,G1,T05,banco2420_movimenti,1,static
251346,1,1,0,35,0,0,0,-1,500,281,50,29,13,8,9,17,5,20,13,20,34,34,32,25,1,35,1788973819.6836712,G1,T05,banco2420_movimenti,1,static
251546,1,1,0,51,0,0,0,-1,34,169,85,13,17,13,8,8,17,8,13,13,34,45,50,20,1,51,1788973819.8750625,G1,T05,banco2420_movimenti,1,static
251746,1,1,0,51,0,0,0,-1,52,25,85,13,20,10,8,9,9,9,13,20,34,34,50,25,1,51,1788973820.08377,G1,T05,banco2420_movimenti,1,static
251946,1,1,0,51,0,0,0,-1,269,265,64,13,13,5,8,5,5,20,18,20,34,34,41,25,1,51,1788973820.2753732,G1,T05,banco2420_movimenti,1,static
252146,1,1,0,51,0,0,0,-1,45,26,65,9,8,5,8,8,5,13,18,20,34,34,52,34,1,51,1788973820.4826725,G1,T05,banco2420_movimenti,1,static
252346,1,1,0,51,0,0,0,-1,185,170,50,9,13,8,9,5,5,20,18,20,34,34,41,34,1,51,1788973820.6738353,G1,T05,banco2420_movimenti,1,static
252546,1,1,0,35,0,0,0,-1,205,173,37,17,13,8,5,5,9,13,18,20,34,41,41,34,1,35,1788973820.8813305,G1,T05,banco2420_movimenti,1,static
252746,1,1,0,35,0,0,0,-1,36,25,85,10,13,13,5,5,10,13,18,25,34,41,41,25,1,35,1788973821.0733519,G1,T05,banco2420_movimenti,1,static
252946,1,1,0,35,0,0,0,-1,45,45,37,5,13,13,8,5,10,13,18,25,34,41,41,25,1,35,1788973821.2805843,G1,T05,banco2420_movimenti,1,static
253146,1,1,0,35,0,0,0,-1,421,296,58,10,13,5,8,5,10,8,8,20,32,34,41,25,1,35,1788973821.4727502,G1,T05,banco2420_movimenti,1,static
253346,1,1,0,35,0,0,0,-1,113,73,10,5,25,8,5,8,5,13,9,25,41,45,41,25,1,35,1788973821.6813247,G1,T05,banco2420_movimenti,1,static
253546,1,1,0,35,0,0,0,-1,40,29,10,13,18,5,8,5,4,20,9,17,45,34,41,20,1,35,1788973821.8732426,G1,T05,banco2420_movimenti,1,static
253746,1,1,0,35,0,0,0,-1,80,173,65,26,17,8,5,8,9,20,13,20,29,34,41,20,1,35,1788973822.081446,G1,T05,banco2420_movimenti,1,static
253946,1,1,0,67,0,0,0,-1,225,244,41,5,17,8,5,13,13,13,13,20,34,34,41,25,1,67,1788973822.2725992,G1,T05,banco2420_movimenti,1,static
254146,1,1,0,67,0,0,0,-1,20,89,98,13,20,13,8,5,10,13,13,20,34,34,41,25,1,67,1788973822.4807253,G1,T05,banco2420_movimenti,1,static
254346,1,1,0,67,0,0,0,-1,80,100,26,8,13,5,5,9,10,13,13,20,34,34,41,25,1,67,1788973822.6725159,G1,T05,banco2420_movimenti,1,static
254546,1,1,0,67,0,0,0,-1,169,68,26,8,26,10,5,8,9,13,13,13,29,25,41,25,1,67,1788973822.8803403,G1,T05,banco2420_movimenti,1,static
254746,1,1,0,67,0,0,0,-1,40,20,52,17,10,5,10,8,10,13,18,20,34,34,25,32,1,67,1788973823.0733132,G1,T05,banco2420_movimenti,1,static
254946,1,1,0,67,0,0,0,-1,153,104,13,8,13,8,5,5,10,13,13,20,34,45,41,26,1,67,1788973823.281806,G1,T05,banco2420_movimenti,1,static
255146,1,1,0,105,0,0,0,-1,40,117,58,5,9,5,9,5,13,25,18,26,41,34,50,29,1,105,1788973823.474983,G1,T05,banco2420_movimenti,1,static
255346,1,1,0,75,0,0,0,-1,241,522,68,13,13,8,5,5,13,18,13,20,45,41,32,34,1,75,1788973823.6810775,G1,T05,banco2420_movimenti,1,static
255546,1,1,0,75,0,0,0,-1,200,325,100,9,13,5,5,10,10,13,18,20,40,41,32,34,1,75,1788973823.873917,G1,T05,banco2420_movimenti,1,static
255746,1,1,0,71,0,0,0,-1,136,281,82,10,25,8,5,10,9,13,17,13,41,45,32,34,1,71,1788973824.0828083,G1,T05,banco2420_movimenti,1,static
255946,1,1,0,71,0,0,0,-1,122,50,61,8,18,8,5,5,10,13,10,20,34,34,41,34,1,71,1788973824.2739882,G1,T05,banco2420_movimenti,1,static
256146,1,1,0,71,0,0,0,-1,106,90,18,18,10,10,5,5,9,13,13,13,29,34,41,25,1,71,1788973824.4799159,G1,T05,banco2420_movimenti,1,static
256346,1,1,0,71,0,0,0,-1,82,85,85,20,5,8,5,5,10,13,18,13,29,29,50,25,1,71,1788973824.6712303,G1,T05,banco2420_movimenti,1,static
256546,1,1,0,71,0,0,0,-1,82,68,20,5,34,5,5,8,17,13,18,29,34,34,41,25,1,71,1788973824.8791785,G1,T05,banco2420_movimenti,1,static
256746,1,1,0,71,0,0,0,-1,193,277,130,9,29,8,5,9,9,13,18,26,34,34,50,25,1,71,1788973825.0717196,G1,T05,banco2420_movimenti,1,static
256946,1,1,0,71,0,0,0,-1,509,484,32,10,13,5,5,5,10,13,18,34,34,25,32,32,1,71,1788973825.2796094,G1,T05,banco2420_movimenti,1,static
257146,1,1,0,73,0,0,0,-1,41,356,181,9,20,8,8,10,5,5,8,20,34,34,32,25,1,73,1788973825.4717321,G1,T05,banco2420_movimenti,1,static
257346,1,1,0,54,0,0,0,-1,45,137,13,13,16,5,5,8,10,13,18,13,34,25,41,25,1,54,1788973825.6789236,G1,T05,banco2420_movimenti,1,static
257546,1,1,0,54,0,0,0,-1,73,52,26,18,9,5,4,5,10,17,18,20,34,45,50,20,1,54,1788973825.8713272,G1,T05,banco2420_movimenti,1,static
257746,1,1,0,54,0,0,0,-1,61,13,8,5,13,8,5,5,8,20,18,20,34,34,50,25,1,54,1788973826.0807052,G1,T05,banco2420_movimenti,1,static
257946,1,1,0,56,0,0,0,-1,290,389,32,13,17,8,10,8,9,9,18,13,29,34,50,25,1,56,1788973826.2724574,G1,T05,banco2420_movimenti,1,static
258146,1,1,0,56,0,0,0,-1,81,146,73,5,13,10,5,5,5,20,25,20,34,41,50,34,1,56,1788973826.4802165,G1,T05,banco2420_movimenti,1,static
258346,1,1,0,56,0,0,0,-1,173,200,50,20,8,8,8,10,5,18,18,13,34,34,41,34,1,56,1788973826.6721098,G1,T05,banco2420_movimenti,1,static
258546,1,1,0,56,0,0,0,-1,40,40,10,8,29,8,5,5,10,18,25,17,25,34,41,34,1,56,1788973826.879279,G1,T05,banco2420_movimenti,1,static
258746,1,1,0,56,0,0,0,-1,100,98,81,29,13,8,5,9,9,18,18,20,34,41,41,34,1,56,1788973827.0708835,G1,T05,banco2420_movimenti,1,static
258946,1,1,0,56,0,0,0,-1,137,61,13,17,16,8,5,5,5,13,18,29,34,41,41,34,1,56,1788973827.2789736,G1,T05,banco2420_movimenti,1,static
259146,1,1,0,56,0,0,0,-1,137,130,53,25,8,5,8,5,10,13,18,20,32,34,41,34,1,56,1788973827.471359,G1,T05,banco2420_movimenti,1,static
259346,1,1,0,56,0,0,0,-1,41,89,20,10,13,8,8,5,13,13,13,20,29,34,41,25,1,56,1788973827.6799984,G1,T05,banco2420_movimenti,1,static
259546,1,1,0,56,0,0,0,-1,149,232,81,25,17,5,10,8,17,18,18,20,34,34,41,25,1,56,1788973827.8723054,G1,T05,banco2420_movimenti,1,static
259746,1,1,0,56,0,0,0,-1,225,170,13,13,20,5,5,9,10,18,18,13,25,34,41,34,1,56,1788973828.080383,G1,T05,banco2420_movimenti,1,static
259946,1,1,0,56,0,0,0,-1,225,89,9,16,13,10,5,8,10,13,18,13,34,41,50,34,1,56,1788973828.2719548,G1,T05,banco2420_movimenti,1,static
260146,1,1,0,56,0,0,0,-1,157,116,29,13,8,8,5,5,8,18,18,17,25,32,41,34,1,56,1788973828.479659,G1,T05,banco2420_movimenti,1,static
260346,1,1,0,56,0,0,0,-1,162,80,16,9,8,8,8,5,9,18,25,17,34,34,41,25,1,56,1788973828.6717184,G1,T05,banco2420_movimenti,1,static
260546,1,1,0,35,0,0,0,-1,260,181,5,10,13,9,10,8,9,18,18,10,34,34,32,25,1,35,1788973828.8796585,G1,T05,banco2420_movimenti,1,static
260746,1,1,0,35,0,0,0,-1,205,89,113,20,18,5,8,5,10,13,18,13,34,34,41,25,1,35,1788973829.0713587,G1,T05,banco2420_movimenti,1,static
260946,1,1,0,35,0,0,0,-1,514,333,37,10,18,8,8,5,13,20,25,20,34,20,25,25,1,35,1788973829.279374,G1,T05,banco2420_movimenti,1,static
261146,1,1,0,35,0,0,0,-1,130,20,18,10,8,8,5,8,9,10,13,13,40,25,41,29,1,35,1788973829.4713283,G1,T05,banco2420_movimenti,1,static
261346,1,1,0,35,0,0,0,-1,218,125,41,18,13,5,8,9,13,13,13,20,45,45,52,34,1,35,1788973829.6804442,G1,T05,banco2420_movimenti,1,static
261546,1,1,0,35,0,0,0,-1,101,97,41,8,32,5,5,8,9,13,10,13,34,34,41,34,1,35,1788973829.8715892,G1,T05,banco2420_movimenti,1,static
261746,1,1,0,35,0,0,0,-1,85,40,18,13,20,5,10,10,10,13,18,13,29,34,41,34,1,35,1788973830.079194,G1,T05,banco2420_movimenti,1,static
261946,1,1,0,35,0,0,0,-1,61,16,10,25,16,5,5,9,10,13,13,13,29,34,41,34,1,35,1788973830.2719676,G1,T05,banco2420_movimenti,1,static
262146,1,1,0,35,0,0,0,-1,104,104,20,40,25,13,5,5,8,10,13,20,34,34,41,34,1,35,1788973830.480137,G1,T05,banco2420_movimenti,1,static
262346,1,1,0,35,0,0,0,-1,109,85,58,26,17,8,8,10,9,13,25,20,34,41,41,34,1,35,1788973830.6726692,G1,T05,banco2420_movimenti,1,static
262546,1,1,0,35,0,0,0,-1,208,250,29,5,16,5,5,9,5,13,18,20,34,34,41,25,1,35,1788973830.880245,G1,T05,banco2420_movimenti,1,static
262746,1,1,0,35,0,0,0,-1,288,221,13,9,17,8,9,5,16,13,18,20,29,34,41,25,1,35,1788973831.0723336,G1,T05,banco2420_movimenti,1,static
262946,1,1,0,35,0,0,0,-1,260,221,52,25,9,5,5,9,8,10,13,17,34,25,25,25,1,35,1788973831.279339,G1,T05,banco2420_movimenti,1,static
263146,1,1,0,35,0,0,0,-1,37,90,100,8,13,13,8,5,5,13,25,20,25,25,41,34,1,35,1788973831.4714706,G1,T05,banco2420_movimenti,1,static
263346,1,1,0,35,0,0,0,-1,205,149,16,8,10,13,5,5,8,13,18,20,25,34,41,29,1,35,1788973831.6788592,G1,T05,banco2420_movimenti,1,static
263546,1,1,0,35,0,0,0,-1,34,72,40,10,18,13,5,5,10,13,18,20,25,34,41,34,1,35,1788973831.870768,G1,T05,banco2420_movimenti,1,static
263746,1,1,0,35,0,0,0,-1,509,164,20,5,13,13,5,5,9,13,13,20,32,45,41,34,1,35,1788973832.079134,G1,T05,banco2420_movimenti,1,static
263946,1,1,0,35,0,0,0,-1,185,109,16,13,10,8,5,10,13,18,18,20,41,34,41,34,1,35,1788973832.2708714,G1,T05,banco2420_movimenti,1,static
264146,1,1,0,35,0,0,0,-1,74,109,61,17,17,5,5,5,9,18,18,20,41,34,32,25,1,35,1788973832.4796553,G1,T05,banco2420_movimenti,1,static
264346,1,1,0,49,0,0,0,-1,181,244,26,13,20,5,5,5,9,18,18,13,41,45,32,25,1,49,1788973832.6712284,G1,T05,banco2420_movimenti,1,static
264546,1,1,0,49,0,0,0,-1,45,52,146,8,13,8,10,9,13,18,25,8,29,29,32,34,1,49,1788973832.8793423,G1,T05,banco2420_movimenti,1,static
264746,1,1,0,49,0,0,0,-1,61,205,10,8,13,8,5,8,13,18,18,20,45,41,32,34,1,49,1788973833.0705636,G1,T05,banco2420_movimenti,1,static
264946,1,1,0,49,0,0,0,-1,50,64,18,18,25,8,8,10,9,20,18,17,41,52,50,34,1,49,1788973833.2770224,G1,T05,banco2420_movimenti,1,static
265146,1,1,0,49,0,0,0,-1,58,125,37,8,13,8,5,8,10,13,18,20,34,41,41,34,1,49,1788973833.4855998,G1,T05,banco2420_movimenti,1,static
265346,1,1,0,49,0,0,0,-1,692,225,25,9,13,8,8,5,8,13,18,20,34,52,41,34,1,49,1788973833.678882,G1,T05,banco2420_movimenti,1,static
265546,1,1,0,49,0,0,0,-1,97,34,97,29,10,8,5,5,5,20,18,20,34,34,41,25,1,49,1788973833.8708348,G1,T05,banco2420_movimenti,1,static
265746,1,1,0,40,0,0,0,-1,90,125,64,5,13,5,5,8,9,20,25,17,41,34,41,34,1,40,1788973834.0792947,G1,T05,banco2420_movimenti,1,static
265946,1,1,0,40,0,0,0,-1,65,101,100,5,16,5,5,8,9,13,25,13,34,45,41,34,1,40,1788973834.2714934,G1,T05,banco2420_movimenti,1,static
266146,1,1,0,40,0,0,0,-1,145,200,34,10,10,8,5,5,10,13,32,20,34,45,41,34,1,40,1788973834.4783359,G1,T05,banco2420_movimenti,1,static
266346,1,1,0,40,0,0,0,-1,109,116,32,8,13,5,5,8,10,13,18,20,34,45,41,25,1,40,1788973834.6699858,G1,T05,banco2420_movimenti,1,static
266546,1,1,0,40,0,0,0,-1,125,18,34,10,8,8,5,10,8,10,13,17,34,45,41,25,1,40,1788973834.878436,G1,T05,banco2420_movimenti,1,static
266746,1,1,0,40,0,0,0,-1,61,13,50,13,10,8,8,8,10,18,18,20,34,34,41,20,1,40,1788973835.0708046,G1,T05,banco2420_movimenti,1,static
266946,1,1,0,57,0,0,0,-1,290,389,50,10,17,5,5,5,10,13,18,20,41,45,41,34,1,57,1788973835.2793715,G1,T05,banco2420_movimenti,1,static
267146,1,1,0,57,0,0,0,-1,72,89,53,5,20,5,5,8,13,13,18,13,34,34,41,34,1,57,1788973835.4712327,G1,T05,banco2420_movimenti,1,static
267346,1,1,0,35,0,0,0,-1,164,149,113,25,25,13,5,5,9,13,25,13,34,34,41,25,1,35,1788973835.6793566,G1,T05,banco2420_movimenti,1,static
267546,1,1,0,35,0,0,0,-1,346,221,25,13,10,13,8,4,9,13,18,13,34,45,41,25,1,35,1788973835.8713312,G1,T05,banco2420_movimenti,1,static
267746,1,1,0,35,0,0,0,-1,202,196,85,17,13,8,5,5,10,13,18,13,34,34,41,20,1,35,1788973836.0792902,G1,T05,banco2420_movimenti,1,static
267946,1,1,0,35,0,0,0,-1,221,181,45,17,9,8,10,5,8,13,13,13,34,34,41,25,1,35,1788973836.2723422,G1,T05,banco2420_movimenti,1,static
268146,1,1,0,35,0,0,0,-1,197,169,40,13,8,5,5,5,5,13,18,20,34,25,41,25,1,35,1788973836.4802914,G1,T05,banco2420_movimenti,1,static
268346,1,1,0,35,0,0,0,-1,98,74,53,20,18,5,8,8,10,13,18,13,29,25,41,34,1,35,1788973836.6718585,G1,T05,banco2420_movimenti,1,static
268546,1,1,0,35,0,0,0,-1,337,260,58,8,20,8,5,5,10,13,8,20,29,34,41,34,1,35,1788973836.879633,G1,T05,banco2420_movimenti,1,static
268746,1,1,0,35,0,0,0,-1,85,90,137,26,8,5,5,5,16,13,18,20,34,25,41,25,1,35,1788973837.0717032,G1,T05,banco2420_movimenti,1,static
268946,1,1,0,41,0,0,0,-1,173,221,18,10,9,10,8,10,10,18,18,20,34,34,41,25,1,41,1788973837.280403,G1,T05,banco2420_movimenti,1,static
269146,1,1,0,41,0,0,0,-1,82,17,58,9,10,9,5,5,17,13,13,18,34,34,41,25,1,41,1788973837.471936,G1,T05,banco2420_movimenti,1,static
269346,1,1,0,41,0,0,0,-1,260,212,73,8,10,8,13,5,9,13,18,13,34,34,41,34,1,41,1788973837.6794212,G1,T05,banco2420_movimenti,1,static
269546,1,1,0,41,0,0,0,-1,45,128,104,5,16,10,4,10,13,13,25,13,34,34,32,25,1,41,1788973837.8857875,G1,T05,banco2420_movimenti,1,static
269746,1,1,0,35,0,0,0,-1,180,178,26,26,16,9,9,5,13,13,18,8,40,34,41,25,1,35,1788973838.0780723,G1,T05,banco2420_movimenti,1,static
269946,1,1,0,35,0,0,0,-1,73,53,41,8,8,8,5,8,9,13,18,8,29,34,41,25,1,35,1788973838.2703986,G1,T05,banco2420_movimenti,1,static
270146,1,1,0,35,0,0,0,-1,349,226,97,25,17,5,8,9,10,13,18,13,29,34,41,34,1,35,1788973838.478455,G1,T05,banco2420_movimenti,1,static
270346,1,1,0,35,0,0,0,-1,90,109,20,8,20,5,10,8,10,13,13,20,34,29,41,25,1,35,1788973838.6714761,G1,T05,banco2420_movimenti,1,static
270546,1,1,0,35,0,0,0,-1,337,200,109,8,25,5,5,5,9,13,13,25,34,34,41,25,1,35,1788973838.8807354,G1,T05,banco2420_movimenti,1,static
270746,1,1,0,35,0,0,0,-1,164,125,169,17,16,5,8,5,5,13,25,17,25,34,41,34,1,35,1788973839.071238,G1,T05,banco2420_movimenti,1,static
270946,1,1,0,35,0,0,0,-1,148,20,13,5,10,5,5,5,9,13,25,17,25,34,41,34,1,35,1788973839.278891,G1,T05,banco2420_movimenti,1,static
271146,1,1,0,74,0,0,0,-1,80,117,52,25,10,8,5,8,13,13,25,25,34,34,41,34,1,74,1788973839.4711728,G1,T05,banco2420_movimenti,1,static
271346,1,1,0,74,0,0,0,-1,74,125,37,8,29,10,5,10,13,13,13,20,34,25,25,20,1,74,1788973839.678702,G1,T05,banco2420_movimenti,1,static
271546,1,1,0,74,0,0,0,-1,85,97,45,13,20,5,5,10,10,20,18,20,34,34,41,25,1,74,1788973839.8710384,G1,T05,banco2420_movimenti,1,static
271746,1,1,0,74,0,0,0,-1,137,265,106,10,20,10,5,10,9,13,18,20,41,34,41,25,1,74,1788973840.0794466,G1,T05,banco2420_movimenti,1,static
271946,1,1,0,59,0,0,0,-1,185,148,29,34,10,5,5,5,13,13,18,20,41,45,41,34,1,59,1788973840.2709615,G1,T05,banco2420_movimenti,1,static
272146,1,1,0,59,0,0,0,-1,225,157,164,13,10,10,10,9,10,13,13,20,34,34,41,34,1,59,1788973840.4793894,G1,T05,banco2420_movimenti,1,static
272346,1,1,0,59,0,0,0,-1,421,233,90,16,9,5,8,5,10,13,13,25,34,41,41,34,1,59,1788973840.6713986,G1,T05,banco2420_movimenti,1,static
272546,1,1,0,35,0,0,0,-1,265,180,53,10,10,13,8,5,13,13,13,20,34,29,41,34,1,35,1788973840.8864856,G1,T05,banco2420_movimenti,1,static
272746,1,1,0,44,0,0,0,-1,113,162,82,8,13,5,5,9,13,13,9,20,34,34,41,34,1,44,1788973841.0712736,G1,T05,banco2420_movimenti,1,static
272946,1,1,0,75,0,0,0,-1,130,106,72,10,13,9,10,5,10,13,18,20,34,34,41,34,1,75,1788973841.2788932,G1,T05,banco2420_movimenti,1,static
273146,1,1,0,75,0,0,0,-1,221,269,145,13,20,5,9,5,9,13,13,17,29,34,32,25,1,75,1788973841.4861546,G1,T05,banco2420_movimenti,1,static
273346,1,1,0,75,0,0,0,-1,117,274,58,25,16,8,5,5,5,20,13,20,29,34,32,25,1,75,1788973841.678278,G1,T05,banco2420_movimenti,1,static
273546,1,1,0,75,0,0,0,-1,185,185,145,13,13,10,5,5,5,13,10,20,29,34,41,20,1,75,1788973841.875314,G1,T05,banco2420_movimenti,1,static
273746,1,1,0,75,0,0,0,-1,61,74,73,25,13,5,5,5,5,18,13,29,29,34,32,25,1,75,1788973842.078798,G1,T05,banco2420_movimenti,1,static
273946,1,1,0,75,0,0,0,-1,261,265,180,10,9,4,5,5,9,13,13,20,34,41,41,34,1,75,1788973842.286175,G1,T05,banco2420_movimenti,1,static
274146,1,1,0,35,0,0,0,-1,296,269,45,13,17,5,5,5,9,10,13,20,34,34,41,34,1,35,1788973842.478799,G1,T05,banco2420_movimenti,1,static
274346,1,1,0,35,0,0,0,-1,52,72,25,9,10,9,5,5,10,13,13,20,34,45,41,34,1,35,1788973842.6775446,G1,T05,banco2420_movimenti,1,static
274546,1,1,0,35,0,0,0,-1,32,97,116,18,18,5,8,5,10,13,18,13,29,45,41,34,1,35,1788973842.8836193,G1,T05,banco2420_movimenti,1,static
274746,1,1,0,35,0,0,0,-1,58,37,32,13,13,5,5,5,10,13,18,13,34,34,41,34,1,35,1788973843.0851512,G1,T05,banco2420_movimenti,1,static
274946,1,1,0,35,0,0,0,-1,73,80,13,5,13,5,8,9,10,20,13,10,34,34,32,25,1,35,1788973843.2849627,G1,T05,banco2420_movimenti,1,static
275146,1,1,0,35,0,0,0,-1,169,233,45,5,20,5,5,5,5,20,13,17,25,29,32,25,1,35,1788973843.4857378,G1,T05,banco2420_movimenti,1,static
275346,1,1,0,35,0,0,0,-1,170,234,25,16,13,8,5,8,9,8,18,17,25,34,41,34,1,35,1788973843.678173,G1,T05,banco2420_movimenti,1,static
275546,1,1,0,35,0,0,0,-1,116,113,100,5,13,5,5,5,5,20,18,17,25,25,41,34,1,35,1788973843.8844564,G1,T05,banco2420_movimenti,1,static
275746,1,1,0,66,0,0,0,-1,173,221,157,13,9,9,5,5,5,20,25,13,34,52,61,34,1,66,1788973844.0758662,G1,T05,banco2420_movimenti,1,static
275946,1,1,0,69,0,0,0,-1,394,200,61,16,18,5,8,5,10,13,18,13,34,34,41,25,1,69,1788973844.2849693,G1,T05,banco2420_movimenti,1,static
276146,1,1,0,69,0,0,0,-1,90,117,25,9,13,10,9,5,5,13,18,17,34,34,52,34,1,69,1788973844.477113,G1,T05,banco2420_movimenti,1,static
276346,1,1,0,57,0,0,0,-1,522,610,45,8,29,5,8,8,10,13,18,13,45,41,41,34,1,57,1788973844.68497,G1,T05,banco2420_movimenti,1,static
276546,1,1,0,57,0,0,0,-1,45,34,74,13,16,5,5,10,10,13,18,20,45,41,41,34,1,57,1788973844.8767478,G1,T05,banco2420_movimenti,1,static
276746,1,1,0,57,0,0,0,-1,169,128,97,13,17,5,5,10,10,13,18,13,45,41,41,25,1,57,1788973845.0855188,G1,T05,banco2420_movimenti,1,static
276946,1,1,0,57,0,0,0,-1,82,232,25,9,13,8,5,9,9,13,18,13,34,45,50,25,1,57,1788973845.277979,G1,T05,banco2420_movimenti,1,static
277146,1,1,0,57,0,0,0,-1,52,53,52,10,13,5,5,5,9,13,18,13,29,34,41,29,1,57,1788973845.485461,G1,T05,banco2420_movimenti,1,static
277346,1,1,0,71,0,0,0,-1,193,261,125,9,18,9,5,5,9,13,18,13,25,34,41,29,1,71,1788973845.6774554,G1,T05,banco2420_movimenti,1,static
277546,1,1,0,53,0,0,0,-1,50,73,40,25,18,5,5,5,5,20,18,13,34,41,41,34,1,53,1788973845.885525,G1,T05,banco2420_movimenti,1,static
277746,1,1,0,53,0,0,0,-1,265,130,10,13,25,13,10,8,9,25,18,25,34,34,41,34,1,53,1788973846.0792975,G1,T05,banco2420_movimenti,1,static
277946,1,1,0,35,0,0,0,-1,74,53,73,26,8,8,5,9,13,25,18,20,41,41,41,34,1,35,1788973846.2708218,G1,T05,banco2420_movimenti,1,static
278146,1,1,0,35,0,0,0,-1,245,194,29,5,13,5,5,9,5,20,13,20,41,34,41,34,1,35,1788973846.4782805,G1,T05,banco2420_movimenti,1,static
278346,1,1,0,35,0,0,0,-1,41,80,10,13,26,5,5,10,5,20,13,20,34,34,41,34,1,35,1788973846.6855674,G1,T05,banco2420_movimenti,1,static
278546,1,1,0,61,0,0,0,-1,180,65,20,13,17,5,10,8,8,20,13,13,25,34,41,34,1,61,1788973846.8776174,G1,T05,banco2420_movimenti,1,static
278746,1,1,0,59,0,0,0,-1,89,89,50,8,13,13,8,5,17,8,18,20,34,34,41,25,1,59,1788973847.086222,G1,T05,banco2420_movimenti,1,static
278946,1,1,0,35,0,0,0,-1,416,445,53,18,13,5,8,5,9,20,18,20,34,34,41,29,1,35,1788973847.278303,G1,T05,banco2420_movimenti,1,static
279146,1,1,0,35,0,0,0,-1,74,89,52,18,17,9,5,10,13,18,18,20,34,34,41,20,1,35,1788973847.4860594,G1,T05,banco2420_movimenti,1,static
279346,1,1,0,35,0,0,0,-1,164,181,34,32,5,8,8,5,8,25,18,20,41,34,34,25,1,35,1788973847.678424,G1,T05,banco2420_movimenti,1,static
279546,1,1,0,35,0,0,0,-1,290,194,80,17,9,10,13,9,4,25,18,20,34,34,41,34,1,35,1788973847.8720856,G1,T05,banco2420_movimenti,1,static
279746,1,1,0,35,0,0,0,-1,130,346,25,10,10,5,8,8,10,20,18,20,34,34,41,34,1,35,1788973848.0801566,G1,T05,banco2420_movimenti,1,static
279946,1,1,0,35,0,0,0,-1,121,185,145,8,17,8,5,8,5,20,25,13,34,34,41,25,1,35,1788973848.2721725,G1,T05,banco2420_movimenti,1,static
280146,1,1,0,67,0,0,0,-1,153,146,52,10,10,8,5,10,5,17,25,13,34,34,32,25,1,67,1788973848.4784744,G1,T05,banco2420_movimenti,1,static
280346,1,1,0,67,0,0,0,-1,241,125,13,13,13,8,5,10,10,10,13,20,29,41,52,25,1,67,1788973848.686109,G1,T05,banco2420_movimenti,1,static
280546,1,1,0,67,0,0,0,-1,205,197,29,8,20,8,5,10,10,18,13,20,29,34,41,29,1,67,1788973848.8784156,G1,T05,banco2420_movimenti,1,static
280746,1,1,0,67,0,0,0,-1,549,452,117,13,20,5,13,5,13,13,18,20,41,34,41,20,1,67,1788973849.0865686,G1,T05,banco2420_movimenti,1,static
280946,1,1,0,67,0,0,0,-1,45,193,13,26,17,8,5,13,10,13,18,13,34,34,41,20,1,67,1788973849.2791274,G1,T05,banco2420_movimenti,1,static
281146,1,1,0,67,0,0,0,-1,74,137,20,5,20,8,10,5,10,13,18,13,34,34,41,20,1,67,1788973849.4713082,G1,T05,banco2420_movimenti,1,static
281346,1,1,0,67,0,0,0,-1,225,250,85,5,16,5,5,5,9,20,18,13,34,34,50,20,1,67,1788973849.6800978,G1,T05,banco2420_movimenti,1,static
281546,1,1,0,67,0,0,0,-1,162,130,29,10,13,9,5,5,10,25,18,20,25,29,41,20,1,67,1788973849.8725185,G1,T05,banco2420_movimenti,1,static
281746,1,1,0,67,0,0,0,-1,298,117,40,13,9,5,8,10,10,18,8,13,34,34,41,20,1,67,1788973850.0804014,G1,T05,banco2420_movimenti,1,static
281946,1,1,0,67,0,0,0,-1,153,50,64,5,13,5,8,5,10,13,13,18,29,41,50,20,1,67,1788973850.2733066,G1,T05,banco2420_movimenti,1,static
282146,1,1,0,67,0,0,0,-1,45,50,34,26,13,5,9,5,9,13,13,13,29,34,41,25,1,67,1788973850.4811099,G1,T05,banco2420_movimenti,1,static
282346,1,1,0,67,0,0,0,-1,116,170,90,25,5,8,5,8,5,13,18,17,25,34,41,25,1,67,1788973850.6720462,G1,T05,banco2420_movimenti,1,static
282546,1,1,0,67,0,0,0,-1,73,146,50,8,17,5,10,5,10,8,18,17,25,34,41,20,1,67,1788973850.8802896,G1,T05,banco2420_movimenti,1,static
282746,1,1,0,67,0,0,0,-1,305,194,29,13,10,5,5,5,8,10,10,20,34,34,41,34,1,67,1788973851.072372,G1,T05,banco2420_movimenti,1,static
282946,1,1,0,67,0,0,0,-1,333,349,89,13,16,9,5,5,13,20,18,13,34,41,41,34,1,67,1788973851.280138,G1,T05,banco2420_movimenti,1,static
283146,1,1,0,67,0,0,0,-1,130,125,157,5,16,8,5,13,13,8,10,13,29,41,41,34,1,67,1788973851.4718075,G1,T05,banco2420_movimenti,1,static
283346,1,1,0,67,0,0,0,-1,106,100,29,9,17,5,8,5,10,13,25,10,29,34,41,34,1,67,1788973851.6808372,G1,T05,banco2420_movimenti,1,static
283546,1,1,0,67,0,0,0,-1,18,73,18,13,13,10,5,5,13,13,13,20,45,45,41,34,1,67,1788973851.8716457,G1,T05,banco2420_movimenti,1,static
283746,1,1,0,67,0,0,0,-1,137,109,18,16,13,5,5,5,13,13,9,13,34,34,41,34,1,67,1788973852.0797663,G1,T05,banco2420_movimenti,1,static
283946,1,1,0,67,0,0,0,-1,153,181,58,16,13,5,10,5,13,13,8,20,45,34,32,25,1,67,1788973852.272713,G1,T05,banco2420_movimenti,1,static
284146,1,1,0,67,0,0,0,-1,169,80,10,10,8,5,5,5,8,18,8,13,34,34,32,25,1,67,1788973852.4807496,G1,T05,banco2420_movimenti,1,static
284346,1,1,0,67,0,0,0,-1,229,205,45,13,17,5,5,8,9,10,10,20,34,34,32,25,1,67,1788973852.6738298,G1,T05,banco2420_movimenti,1,static
284546,1,1,0,67,0,0,0,-1,197,245,36,25,13,5,5,5,13,18,18,13,34,34,32,25,1,67,1788973852.8815134,G1,T05,banco2420_movimenti,1,static
284746,1,1,0,62,0,0,0,-1,125,272,130,10,20,5,9,5,9,20,25,13,34,41,52,34,1,62,1788973853.073067,G1,T05,banco2420_movimenti,1,static
284946,1,1,0,48,0,0,0,-1,242,245,82,8,13,5,5,8,10,10,25,13,34,41,52,34,1,48,1788973853.2808259,G1,T05,banco2420_movimenti,1,static
285146,1,1,0,51,0,0,0,-1,181,52,20,20,13,5,5,8,9,13,13,20,34,41,41,34,1,51,1788973853.4712927,G1,T05,banco2420_movimenti,1,static
285346,1,1,0,35,0,0,0,-1,337,164,26,18,13,5,5,10,9,13,13,20,34,41,41,34,1,35,1788973853.6799808,G1,T05,banco2420_movimenti,1,static
285546,1,1,0,35,0,0,0,-1,288,137,41,10,10,9,5,5,9,13,18,25,34,45,50,25,1,35,1788973853.8718772,G1,T05,banco2420_movimenti,1,static
285746,1,1,0,35,0,0,0,-1,196,82,10,8,16,8,8,4,10,13,13,20,34,34,50,25,1,35,1788973854.081032,G1,T05,banco2420_movimenti,1,static
285946,1,1,0,35,0,0,0,-1,173,85,117,10,25,8,5,5,8,13,20,20,34,41,41,34,1,35,1788973854.271715,G1,T05,banco2420_movimenti,1,static
286146,1,1,0,35,0,0,0,-1,130,100,49,13,25,10,5,9,9,13,13,20,34,34,41,34,1,35,1788973854.479003,G1,T05,banco2420_movimenti,1,static
286346,1,1,0,35,0,0,0,-1,125,117,16,10,16,8,5,5,9,13,18,20,34,41,41,34,1,35,1788973854.685793,G1,T05,banco2420_movimenti,1,static
286546,1,1,0,35,0,0,0,-1,82,160,45,5,13,5,5,5,10,13,13,20,34,41,41,25,1,35,1788973854.8769834,G1,T05,banco2420_movimenti,1,static
286746,1,1,0,35,0,0,0,-1,128,106,117,36,18,4,5,5,9,13,18,13,29,34,41,25,1,35,1788973855.0848095,G1,T05,banco2420_movimenti,1,static
286946,1,1,0,35,0,0,0,-1,298,269,100,10,17,8,5,5,10,13,18,18,29,34,41,34,1,35,1788973855.2762754,G1,T05,banco2420_movimenti,1,static
287146,1,1,0,35,0,0,0,-1,221,146,117,9,18,10,9,5,9,13,18,13,29,34,41,34,1,35,1788973855.483957,G1,T05,banco2420_movimenti,1,static
287346,1,1,0,35,0,0,0,-1,50,37,10,5,20,8,5,8,13,13,18,13,29,34,41,34,1,35,1788973855.6750853,G1,T05,banco2420_movimenti,1,static
287546,1,1,0,35,0,0,0,-1,136,52,25,13,10,5,5,4,10,13,18,20,34,34,41,41,1,35,1788973855.8830042,G1,T05,banco2420_movimenti,1,static
287746,1,1,0,35,0,0,0,-1,25,10,18,5,17,8,8,5,9,13,18,20,34,34,41,29,1,35,1788973856.0747383,G1,T05,banco2420_movimenti,1,static
287946,1,1,0,35,0,0,0,-1,130,181,9,13,10,5,5,9,5,20,13,20,34,34,41,34,1,35,1788973856.282752,G1,T05,banco2420_movimenti,1,static
288146,1,1,0,35,0,0,0,-1,109,45,8,8,13,8,5,5,10,13,13,20,34,45,41,20,1,35,1788973856.4762917,G1,T05,banco2420_movimenti,1,static
288346,1,1,0,35,0,0,0,-1,65,61,64,10,20,5,5,5,13,18,18,10,25,34,41,25,1,35,1788973856.6825454,G1,T05,banco2420_movimenti,1,static
288546,1,1,0,35,0,0,0,-1,394,260,81,9,13,8,8,5,8,25,17,10,25,34,41,25,1,35,1788973856.8748674,G1,T05,banco2420_movimenti,1,static
288746,1,1,0,35,0,0,0,-1,157,137,13,8,5,5,5,5,8,8,18,10,34,45,50,25,1,35,1788973857.0822034,G1,T05,banco2420_movimenti,1,static
288946,1,1,0,35,0,0,0,-1,34,26,68,9,13,8,5,8,5,13,18,10,34,34,50,34,1,35,1788973857.2740607,G1,T05,banco2420_movimenti,1,static
289146,1,1,0,35,0,0,0,-1,421,244,10,10,16,8,8,5,10,13,18,13,29,34,41,34,1,35,1788973857.4827304,G1,T05,banco2420_movimenti,1,static
289346,1,1,0,35,0,0,0,-1,298,146,50,10,17,5,8,4,9,18,18,13,29,34,41,32,1,35,1788973857.67406,G1,T05,banco2420_movimenti,1,static
289546,1,1,0,35,0,0,0,-1,74,50,29,5,8,5,5,5,10,10,13,29,41,34,41,32,1,35,1788973857.8808966,G1,T05,banco2420_movimenti,1,static
289746,1,1,0,35,0,0,0,-1,202,117,34,8,13,5,10,8,17,8,18,20,34,34,41,32,1,35,1788973858.072577,G1,T05,banco2420_movimenti,1,static
289946,1,1,0,35,0,0,0,-1,245,125,68,10,20,8,5,8,8,13,18,20,41,41,50,25,1,35,1788973858.2799754,G1,T05,banco2420_movimenti,1,static
290146,1,1,0,35,0,0,0,-1,89,85,74,8,8,5,10,10,9,18,18,20,41,41,41,25,1,35,1788973858.4725132,G1,T05,banco2420_movimenti,1,static
290346,1,1,0,35,0,0,0,-1,245,157,29,8,25,8,5,5,9,13,25,20,29,34,41,25,1,35,1788973858.681024,G1,T05,banco2420_movimenti,1,static
290546,1,1,0,35,0,0,0,-1,149,61,18,9,8,5,8,10,5,13,20,16,34,34,41,25,1,35,1788973858.8735592,G1,T05,banco2420_movimenti,1,static
290746,1,1,0,35,0,0,0,-1,117,58,13,13,16,8,8,10,5,25,13,20,34,34,41,34,1,35,1788973859.0814598,G1,T05,banco2420_movimenti,1,static
290946,1,1,0,35,0,0,0,-1,260,162,113,26,5,8,8,5,9,13,13,18,29,25,41,34,1,35,1788973859.2736442,G1,T05,banco2420_movimenti,1,static
291146,1,1,0,35,0,0,0,-1,73,116,53,10,18,5,5,5,9,13,13,18,34,34,41,34,1,35,1788973859.4814148,G1,T05,banco2420_movimenti,1,static
291346,1,1,0,35,0,0,0,-1,101,125,10,8,18,8,9,13,5,13,20,10,34,34,41,34,1,35,1788973859.6731806,G1,T05,banco2420_movimenti,1,static
291546,1,1,0,35,0,0,0,-1,160,116,65,13,17,5,5,10,8,13,13,13,34,34,41,20,1,35,1788973859.8808815,G1,T05,banco2420_movimenti,1,static
291746,1,1,0,35,0,0,0,-1,90,36,8,13,25,8,8,5,9,8,13,13,34,34,41,25,1,35,1788973860.0730846,G1,T05,banco2420_movimenti,1,static
291946,1,1,0,35,0,0,0,-1,74,65,10,10,8,5,10,10,5,13,18,13,34,34,34,41,1,35,1788973860.2814236,G1,T05,banco2420_movimenti,1,static
292146,1,1,0,35,0,0,0,-1,85,25,13,9,10,8,5,10,9,13,25,10,34,45,41,34,1,35,1788973860.4737008,G1,T05,banco2420_movimenti,1,static
292346,1,1,0,51,0,0,0,-1,164,164,50,26,10,10,5,5,9,13,18,17,25,34,41,34,1,51,1788973860.6830237,G1,T05,banco2420_movimenti,1,static
292546,1,1,0,52,0,0,0,-1,170,233,89,10,8,5,9,5,10,13,13,25,25,25,41,34,1,52,1788973860.8753853,G1,T05,banco2420_movimenti,1,static
292746,1,1,0,52,0,0,0,-1,232,49,10,9,13,8,9,5,10,13,20,18,29,34,41,25,1,52,1788973861.0831795,G1,T05,banco2420_movimenti,1,static
292946,1,1,0,52,0,0,0,-1,205,136,80,17,18,8,8,5,5,13,8,25,29,34,41,29,1,52,1788973861.275172,G1,T05,banco2420_movimenti,1,static
293146,1,1,0,52,0,0,0,-1,221,73,13,20,20,5,8,9,9,9,13,20,25,34,41,20,1,52,1788973861.4836495,G1,T05,banco2420_movimenti,1,static
293346,1,1,0,52,0,0,0,-1,73,50,26,5,10,5,10,9,5,13,18,20,41,34,32,20,1,52,1788973861.6769476,G1,T05,banco2420_movimenti,1,static
293546,1,1,0,52,0,0,0,-1,205,53,25,8,20,8,5,9,8,29,25,20,41,34,32,20,1,52,1788973861.8832853,G1,T05,banco2420_movimenti,1,static
293746,1,1,0,52,0,0,0,-1,289,53,29,5,20,8,10,5,9,13,18,25,34,34,41,29,1,52,1788973862.0756106,G1,T05,banco2420_movimenti,1,static
293946,1,1,0,42,0,0,0,-1,85,100,100,8,13,13,4,9,13,25,20,20,34,41,41,20,1,42,1788973862.2834704,G1,T05,banco2420_movimenti,1,static
294146,1,1,0,42,0,0,0,-1,130,40,58,17,17,10,8,5,13,13,18,10,29,41,41,25,1,42,1788973862.475968,G1,T05,banco2420_movimenti,1,static
294346,1,1,0,42,0,0,0,-1,244,16,37,13,25,9,8,5,9,10,18,13,29,41,52,34,1,42,1788973862.6842597,G1,T05,banco2420_movimenti,1,static
294546,1,1,0,42,0,0,0,-1,180,130,34,8,10,10,10,8,10,10,13,20,29,41,41,34,1,42,1788973862.8759925,G1,T05,banco2420_movimenti,1,static
294746,1,1,0,42,0,0,0,-1,104,136,29,5,9,8,8,8,10,17,13,20,34,45,50,25,1,42,1788973863.0839682,G1,T05,banco2420_movimenti,1,static
294946,1,1,0,42,0,0,0,-1,90,20,40,8,20,9,5,5,8,13,18,20,34,34,50,29,1,42,1788973863.2760239,G1,T05,banco2420_movimenti,1,static
295146,1,1,0,42,0,0,0,-1,52,104,34,10,25,9,5,5,9,8,8,25,45,41,41,25,1,42,1788973863.4844115,G1,T05,banco2420_movimenti,1,static
295346,1,1,0,66,0,0,0,-1,80,101,106,5,20,5,8,5,10,13,13,25,34,34,41,34,1,66,1788973863.6765156,G1,T05,banco2420_movimenti,1,static
295546,1,1,0,66,0,0,0,-1,170,85,50,8,20,10,5,5,5,20,18,20,34,25,32,34,1,66,1788973863.885098,G1,T05,banco2420_movimenti,1,static
295746,1,1,0,66,0,0,0,-1,148,130,9,9,20,5,5,8,8,18,18,20,34,41,41,34,1,66,1788973864.077042,G1,T05,banco2420_movimenti,1,static
295946,1,1,0,66,0,0,0,-1,169,90,17,5,13,8,8,8,17,13,18,20,34,41,41,34,1,66,1788973864.2850986,G1,T05,banco2420_movimenti,1,static
296146,1,1,0,66,0,0,0,-1,104,153,40,16,5,5,5,5,5,20,18,20,34,34,41,34,1,66,1788973864.4780097,G1,T05,banco2420_movimenti,1,static
296346,1,1,0,66,0,0,0,-1,170,25,29,8,13,5,5,5,5,20,18,20,34,34,41,34,1,66,1788973864.6861188,G1,T05,banco2420_movimenti,1,static
296546,1,1,0,66,0,0,0,-1,52,41,9,8,18,5,5,5,10,20,13,20,34,34,41,34,1,66,1788973864.877893,G1,T05,banco2420_movimenti,1,static
296746,1,1,0,35,0,0,0,-1,256,178,17,10,25,5,5,5,9,13,9,20,34,45,52,34,1,35,1788973865.0857894,G1,T05,banco2420_movimenti,1,static
296946,1,1,0,35,0,0,0,-1,25,90,13,10,29,9,5,10,10,13,13,13,34,34,41,34,1,35,1788973865.27691,G1,T05,banco2420_movimenti,1,static
297146,1,1,0,35,0,0,0,-1,65,32,10,9,29,8,8,8,9,13,18,20,34,34,41,34,1,35,1788973865.4849946,G1,T05,banco2420_movimenti,1,static
297346,1,1,0,35,0,0,0,-1,106,64,41,13,16,5,8,8,9,13,18,20,34,34,41,25,1,35,1788973865.6763456,G1,T05,banco2420_movimenti,1,static
297546,1,1,0,35,0,0,0,-1,109,72,29,5,17,10,8,5,5,18,18,10,25,34,41,20,1,35,1788973865.884331,G1,T05,banco2420_movimenti,1,static
297746,1,1,0,35,0,0,0,-1,130,106,64,9,20,10,5,9,5,18,18,13,25,34,41,25,1,35,1788973866.076717,G1,T05,banco2420_movimenti,1,static
297946,1,1,0,35,0,0,0,-1,80,65,32,10,20,9,4,8,9,13,13,13,34,34,50,25,1,35,1788973866.2845693,G1,T05,banco2420_movimenti,1,static
298146,1,1,0,35,0,0,0,-1,200,20,41,8,20,13,8,5,10,13,13,20,34,34,41,25,1,35,1788973866.4759476,G1,T05,banco2420_movimenti,1,static
298346,1,1,0,35,0,0,0,-1,136,58,50,5,20,8,8,5,10,13,13,13,45,41,41,25,1,35,1788973866.6835067,G1,T05,banco2420_movimenti,1,static
298546,1,1,0,35,0,0,0,-1,117,170,10,9,8,8,8,5,9,20,25,13,29,32,41,25,1,35,1788973866.8758922,G1,T05,banco2420_movimenti,1,static
298746,1,1,0,35,0,0,0,-1,85,116,74,5,13,5,5,8,5,25,25,13,34,34,41,25,1,35,1788973867.0832546,G1,T05,banco2420_movimenti,1,static
298946,1,1,0,35,0,0,0,-1,125,85,50,13,18,8,8,8,5,17,25,13,34,34,41,25,1,35,1788973867.274769,G1,T05,banco2420_movimenti,1,static
299146,1,1,0,35,0,0,0,-1,85,40,9,13,18,10,5,8,5,10,25,10,25,34,41,25,1,35,1788973867.4831,G1,T05,banco2420_movimenti,1,static
299346,1,1,0,35,0,0,0,-1,244,74,29,10,29,5,5,5,4,13,18,18,34,34,41,25,1,35,1788973867.6757367,G1,T05,banco2420_movimenti,1,static
299546,1,1,0,35,0,0,0,-1,36,53,20,13,20,5,5,5,13,13,13,17,34,34,41,25,1,35,1788973867.882662,G1,T05,banco2420_movimenti,1,static
299746,1,1,0,35,0,0,0,-1,65,20,20,10,25,10,8,10,5,20,18,20,45,41,52,34,1,35,1788973868.0760477,G1,T05,banco2420_movimenti,1,static
299946,1,1,0,35,0,0,0,-1,288,170,34,13,20,5,8,9,5,20,18,20,25,34,41,34,1,35,1788973868.2833111,G1,T05,banco2420_movimenti,1,static
300146,1,1,0,57,0,0,0,-1,125,218,58,5,34,5,5,5,9,13,18,20,34,34,41,34,1,57,1788973868.4745646,G1,T05,banco2420_movimenti,1,static
300346,1,1,0,57,0,0,0,-1,233,245,25,10,10,5,8,9,16,13,18,25,34,41,41,25,1,57,1788973868.6829698,G1,T05,banco2420_movimenti,1,static
300546,1,1,0,57,0,0,0,-1,169,68,50,10,18,8,5,16,9,13,25,17,25,34,41,25,1,57,1788973868.8746042,G1,T05,banco2420_movimenti,1,static
300746,1,1,0,57,0,0,0,-1,313,162,49,10,18,5,5,9,9,13,13,18,34,34,34,25,1,57,1788973869.0827372,G1,T05,banco2420_movimenti,1,static
300946,1,1,0,35,0,0,0,-1,325,180,52,5,13,5,5,10,9,13,18,20,34,34,41,25,1,35,1788973869.275051,G1,T05,banco2420_movimenti,1,static
301146,1,1,0,35,0,0,0,-1,130,20,10,34,13,8,5,5,10,13,18,10,34,25,52,20,1,35,1788973869.4837368,G1,T05,banco2420_movimenti,1,static
301346,1,1,0,35,0,0,0,-1,170,97,80,8,17,5,8,5,13,13,18,10,34,25,52,20,1,35,1788973869.6743512,G1,T05,banco2420_movimenti,1,static
301546,1,1,0,35,0,0,0,-1,148,85,29,9,10,5,5,5,10,13,10,18,45,41,50,29,1,35,1788973869.8816397,G1,T05,banco2420_movimenti,1,static
301746,1,1,0,35,0,0,0,-1,50,36,8,13,13,5,5,9,10,18,18,10,34,41,50,29,1,35,1788973870.073725,G1,T05,banco2420_movimenti,1,static
301946,1,1,0,35,0,0,0,-1,65,73,10,13,29,8,10,5,9,18,18,17,34,41,41,20,1,35,1788973870.2825847,G1,T05,banco2420_movimenti,1,static
302146,1,1,0,35,0,0,0,-1,541,146,52,8,25,5,8,5,5,13,13,20,34,34,25,25,1,35,1788973870.4740896,G1,T05,banco2420_movimenti,1,static
302346,1,1,0,35,0,0,0,-1,305,205,58,13,20,8,8,5,10,18,18,20,34,34,32,25,1,35,1788973870.6812916,G1,T05,banco2420_movimenti,1,static
302546,1,1,0,35,0,0,0,-1,221,164,32,37,13,5,5,5,13,18,18,13,34,34,32,25,1,35,1788973870.8732636,G1,T05,banco2420_movimenti,1,static
302746,1,1,0,35,0,0,0,-1,26,73,45,25,29,8,5,5,5,18,18,20,34,34,32,25,1,35,1788973871.0814817,G1,T05,banco2420_movimenti,1,static
302946,1,1,0,54,0,0,0,-1,136,65,25,13,10,5,9,10,8,20,18,20,34,29,41,25,1,54,1788973871.2745478,G1,T05,banco2420_movimenti,1,static
303146,1,1,0,54,0,0,0,-1,265,116,8,18,10,8,5,8,5,20,18,13,34,34,41,41,1,54,1788973871.4807208,G1,T05,banco2420_movimenti,1,static
303346,1,1,0,54,0,0,0,-1,181,157,68,10,20,8,10,5,5,13,9,20,34,34,52,34,1,54,1788973871.6726134,G1,T05,banco2420_movimenti,1,static
303546,1,1,0,54,0,0,0,-1,160,81,9,5,9,5,5,5,5,13,13,13,45,34,41,34,1,54,1788973871.8798678,G1,T05,banco2420_movimenti,1,static
303746,1,1,0,54,0,0,0,-1,41,73,49,8,13,5,5,5,5,13,18,13,25,34,41,25,1,54,1788973872.0727997,G1,T05,banco2420_movimenti,1,static
303946,1,1,0,54,0,0,0,-1,37,80,90,13,20,5,8,5,9,13,13,20,34,34,41,34,1,54,1788973872.2817738,G1,T05,banco2420_movimenti,1,static
304146,1,1,0,54,0,0,0,-1,50,65,32,17,20,8,5,8,10,8,18,20,29,34,41,20,1,54,1788973872.4748666,G1,T05,banco2420_movimenti,1,static
304346,1,1,0,54,0,0,0,-1,325,116,98,5,20,5,8,5,9,13,18,13,34,34,41,25,1,54,1788973872.6820993,G1,T05,banco2420_movimenti,1,static
304546,1,1,0,54,0,0,0,-1,125,89,25,17,13,5,5,5,9,13,13,13,34,34,41,25,1,54,1788973872.87328,G1,T05,banco2420_movimenti,1,static
304746,1,1,0,54,0,0,0,-1,104,65,26,5,10,5,8,8,10,13,25,10,34,34,34,25,1,54,1788973873.081078,G1,T05,banco2420_movimenti,1,static
304946,1,1,0,54,0,0,0,-1,178,65,73,9,13,5,5,5,9,18,25,13,34,34,34,34,1,54,1788973873.2736647,G1,T05,banco2420_movimenti,1,static
305146,1,1,0,54,0,0,0,-1,153,306,17,9,13,5,8,5,9,13,13,13,25,34,34,34,1,54,1788973873.4816554,G1,T05,banco2420_movimenti,1,static
305346,1,1,0,54,0,0,0,-1,137,13,10,25,18,5,8,5,13,20,18,13,25,45,41,34,1,54,1788973873.674886,G1,T05,banco2420_movimenti,1,static
305546,1,1,0,54,0,0,0,-1,58,122,45,10,13,8,5,5,13,13,18,20,25,34,41,34,1,54,1788973873.882742,G1,T05,banco2420_movimenti,1,static
305746,1,1,0,52,0,0,0,-1,202,200,17,45,13,8,8,5,20,13,18,20,25,34,41,34,1,52,1788973874.0748677,G1,T05,banco2420_movimenti,1,static
305946,1,1,0,52,0,0,0,-1,116,208,16,13,8,5,5,5,17,13,18,25,25,45,41,34,1,52,1788973874.2835567,G1,T05,banco2420_movimenti,1,static
306146,1,1,0,52,0,0,0,-1,50,25,34,25,18,5,5,10,8,20,18,20,34,45,41,25,1,52,1788973874.4757264,G1,T05,banco2420_movimenti,1,static
306346,1,1,0,52,0,0,0,-1,90,37,26,5,13,5,8,5,9,13,13,13,34,34,41,25,1,52,1788973874.682511,G1,T05,banco2420_movimenti,1,static
306546,1,1,0,52,0,0,0,-1,233,170,17,40,13,5,5,8,10,13,13,13,34,45,41,25,1,52,1788973874.8744233,G1,T05,banco2420_movimenti,1,static
306746,1,1,0,52,0,0,0,-1,306,162,52,34,8,5,8,10,5,13,13,13,34,34,41,34,1,52,1788973875.0820596,G1,T05,banco2420_movimenti,1,static
306946,1,1,0,52,0,0,0,-1,90,29,26,17,13,8,5,5,5,18,18,20,32,41,41,41,1,52,1788973875.2746596,G1,T05,banco2420_movimenti,1,static
307146,1,1,0,52,0,0,0,-1,125,18,74,5,13,8,5,5,5,13,18,13,29,32,52,41,1,52,1788973875.482123,G1,T05,banco2420_movimenti,1,static
307346,1,1,0,52,0,0,0,-1,37,53,53,10,9,8,5,10,8,13,18,20,34,34,32,34,1,52,1788973875.6744535,G1,T05,banco2420_movimenti,1,static
307546,1,1,0,52,0,0,0,-1,101,117,52,34,9,5,5,10,10,13,18,20,34,41,41,34,1,52,1788973875.882604,G1,T05,banco2420_movimenti,1,static
307746,1,1,0,52,0,0,0,-1,41,26,41,37,10,5,5,5,10,10,13,20,34,41,52,34,1,52,1788973876.0746145,G1,T05,banco2420_movimenti,1,static
307946,1,1,0,52,0,0,0,-1,125,40,45,10,9,5,8,5,9,13,8,20,34,34,41,34,1,52,1788973876.2824364,G1,T05,banco2420_movimenti,1,static
308146,1,1,0,52,0,0,0,-1,169,130,64,8,9,8,8,10,5,25,25,17,34,34,41,25,1,52,1788973876.4753714,G1,T05,banco2420_movimenti,1,static
308346,1,1,0,52,0,0,0,-1,125,125,50,25,10,8,10,5,10,25,25,13,34,34,41,34,1,52,1788973876.683296,G1,T05,banco2420_movimenti,1,static
308546,1,1,0,52,0,0,0,-1,100,80,20,29,13,5,8,5,10,13,18,20,34,34,41,34,1,52,1788973876.8751945,G1,T05,banco2420_movimenti,1,static
308746,1,1,0,52,0,0,0,-1,148,64,36,5,13,9,5,8,9,13,18,13,34,34,32,25,1,52,1788973877.083631,G1,T05,banco2420_movimenti,1,static
308946,1,1,0,52,0,0,0,-1,98,34,13,29,10,9,9,5,10,13,18,13,34,34,41,20,1,52,1788973877.2758505,G1,T05,banco2420_movimenti,1,static
309146,1,1,0,52,0,0,0,-1,337,89,29,9,8,5,5,17,5,13,18,13,25,34,41,20,1,52,1788973877.4841099,G1,T05,banco2420_movimenti,1,static
309346,1,1,0,52,0,0,0,-1,617,296,13,10,13,5,5,8,8,13,18,25,45,34,41,41,1,52,1788973877.676306,G1,T05,banco2420_movimenti,1,static
309546,1,1,0,52,0,0,0,-1,40,61,146,18,20,8,5,10,5,13,18,20,45,25,41,34,1,52,1788973877.885025,G1,T05,banco2420_movimenti,1,static
309746,1,1,0,52,0,0,0,-1,85,97,73,9,20,10,8,5,10,13,13,20,45,34,41,34,1,52,1788973878.0769424,G1,T05,banco2420_movimenti,1,static
309946,1,1,0,52,0,0,0,-1,650,313,45,16,18,5,5,5,17,13,13,20,20,25,34,34,1,52,1788973878.2855313,G1,T05,banco2420_movimenti,1,static
310146,1,1,0,52,0,0,0,-1,45,81,73,10,10,13,8,8,10,13,13,25,34,34,32,25,1,52,1788973878.4779806,G1,T05,banco2420_movimenti,1,static
310346,1,1,0,52,0,0,0,-1,53,40,13,36,8,13,10,10,10,20,13,20,34,34,41,25,1,52,1788973878.6864831,G1,T05,banco2420_movimenti,1,static
310546,1,1,0,52,0,0,0,-1,101,29,49,13,18,10,5,8,10,20,25,20,34,34,41,25,1,52,1788973878.8768888,G1,T05,banco2420_movimenti,1,static
310746,1,1,0,52,0,0,0,-1,164,164,45,20,9,5,5,5,5,20,17,20,34,25,41,34,1,52,1788973879.0848963,G1,T05,banco2420_movimenti,1,static
310946,1,1,0,52,0,0,0,-1,397,212,34,9,16,8,8,17,5,20,20,20,34,34,41,34,1,52,1788973879.276125,G1,T05,banco2420_movimenti,1,static
311146,1,1,0,52,0,0,0,-1,85,16,13,9,13,8,5,5,5,20,25,20,41,34,41,25,1,52,1788973879.484363,G1,T05,banco2420_movimenti,1,static
311346,1,1,0,52,0,0,0,-1,360,169,26,9,18,8,5,8,5,25,18,20,41,34,41,25,1,52,1788973879.6784706,G1,T05,banco2420_movimenti,1,static
311546,1,1,0,52,0,0,0,-1,281,125,10,8,29,8,5,5,10,20,13,20,34,34,41,25,1,52,1788973879.8843546,G1,T05,banco2420_movimenti,1,static
311746,1,1,0,52,0,0,0,-1,65,41,34,34,18,5,5,8,5,20,13,20,34,34,50,34,1,52,1788973880.081116,G1,T05,banco2420_movimenti,1,static
311946,1,1,0,52,0,0,0,-1,113,41,80,9,17,5,8,5,16,9,13,17,34,34,41,25,1,52,1788973880.284853,G1,T05,banco2420_movimenti,1,static
312146,1,1,0,52,0,0,0,-1,244,73,25,13,13,5,5,5,17,13,18,20,34,45,41,25,1,52,1788973880.482705,G1,T05,banco2420_movimenti,1,static
312346,1,1,0,52,0,0,0,-1,65,72,34,10,13,5,5,10,5,13,18,13,34,25,41,25,1,52,1788973880.684924,G1,T05,banco2420_movimenti,1,static
312546,1,1,0,52,0,0,0,-1,100,117,65,13,13,5,8,8,8,18,18,20,41,34,41,32,1,52,1788973880.8841648,G1,T05,banco2420_movimenti,1,static
312746,1,1,0,52,0,0,0,-1,180,164,9,10,20,8,8,5,13,13,13,20,41,41,41,20,1,52,1788973881.0850537,G1,T05,banco2420_movimenti,1,static
312946,1,1,0,52,0,0,0,-1,81,18,104,10,18,5,8,10,9,10,10,20,34,45,32,34,1,52,1788973881.2866905,G1,T05,banco2420_movimenti,1,static
313146,1,1,0,52,0,0,0,-1,89,208,37,10,5,5,5,5,9,10,13,20,34,34,41,34,1,52,1788973881.4862626,G1,T05,banco2420_movimenti,1,static
313346,1,1,0,52,0,0,0,-1,137,50,50,8,10,5,5,8,9,10,13,20,34,34,41,25,1,52,1788973881.687332,G1,T05,banco2420_movimenti,1,static
313546,1,1,0,52,0,0,0,-1,50,20,41,25,16,8,5,5,9,10,13,13,34,34,41,25,1,52,1788973881.88459,G1,T05,banco2420_movimenti,1,static
313746,1,1,0,52,0,0,0,-1,130,29,29,25,9,5,8,5,9,8,25,13,34,34,41,52,1,52,1788973882.0763466,G1,T05,banco2420_movimenti,1,static
313946,1,1,0,52,0,0,0,-1,169,160,128,8,17,8,4,10,5,20,18,13,34,34,41,29,1,52,1788973882.2834756,G1,T05,banco2420_movimenti,1,static
314146,1,1,0,52,0,0,0,-1,148,250,8,17,8,10,5,5,10,13,18,20,34,34,41,25,1,52,1788973882.4755452,G1,T05,banco2420_movimenti,1,static
314346,1,1,0,52,0,0,0,-1,241,104,13,20,20,5,5,5,5,13,18,17,34,34,41,25,1,52,1788973882.682123,G1,T05,banco2420_movimenti,1,static
314546,1,1,0,52,0,0,0,-1,116,180,52,29,20,5,5,8,10,13,18,10,34,34,41,25,1,52,1788973882.874182,G1,T05,banco2420_movimenti,1,static
314746,1,1,0,52,0,0,0,-1,146,104,9,8,10,5,5,5,10,20,20,17,25,34,52,34,1,52,1788973883.0822656,G1,T05,banco2420_movimenti,1,static
314946,1,1,0,43,0,0,0,-1,241,232,104,10,13,5,8,13,16,10,20,20,34,34,41,25,1,43,1788973883.2745721,G1,T05,banco2420_movimenti,1,static
315146,1,1,0,43,0,0,0,-1,229,125,68,18,9,8,5,8,10,13,25,20,34,34,41,25,1,43,1788973883.4833744,G1,T05,banco2420_movimenti,1,static
315346,1,1,0,43,0,0,0,-1,656,580,74,8,18,9,5,8,5,10,13,10,34,34,50,25,1,43,1788973883.6748524,G1,T05,banco2420_movimenti,1,static
315546,1,1,0,43,0,0,0,-1,145,164,20,17,13,5,5,5,5,18,18,20,34,34,50,25,1,43,1788973883.8828564,G1,T05,banco2420_movimenti,1,static
315746,1,1,0,43,0,0,0,-1,50,40,8,18,16,5,4,5,8,20,13,20,34,34,41,34,1,43,1788973884.075613,G1,T05,banco2420_movimenti,1,static
315946,1,1,0,43,0,0,0,-1,49,104,10,10,13,5,5,5,5,20,13,20,29,34,41,34,1,43,1788973884.2830482,G1,T05,banco2420_movimenti,1,static
316146,1,1,0,43,0,0,0,-1,232,65,29,8,16,4,5,5,8,20,18,20,34,34,41,34,1,43,1788973884.474748,G1,T05,banco2420_movimenti,1,static
316346,1,1,0,43,0,0,0,-1,100,25,13,29,20,8,8,9,4,13,18,20,34,25,32,34,1,43,1788973884.6866524,G1,T05,banco2420_movimenti,1,static
316546,1,1,0,43,0,0,0,-1,125,137,25,18,5,8,13,9,17,9,13,25,34,34,41,25,1,43,1788973884.8868606,G1,T05,banco2420_movimenti,1,static
316746,1,1,0,40,0,0,0,-1,25,45,16,20,13,5,9,5,9,18,18,13,34,34,41,34,1,40,1788973885.0786,G1,T05,banco2420_movimenti,1,static
316946,1,1,0,40,0,0,0,-1,178,137,53,13,17,8,8,5,10,18,13,13,25,34,45,41,1,40,1788973885.285681,G1,T05,banco2420_movimenti,1,static
317146,1,1,0,40,0,0,0,-1,157,109,58,10,13,10,4,5,10,18,13,29,41,34,32,25,1,40,1788973885.4776845,G1,T05,banco2420_movimenti,1,static
317346,1,1,0,40,0,0,0,-1,122,185,58,17,13,8,8,10,9,13,13,20,29,34,41,25,1,40,1788973885.6865473,G1,T05,banco2420_movimenti,1,static
317546,1,1,0,40,0,0,0,-1,229,208,53,8,20,5,8,5,10,13,13,13,34,34,41,34,1,40,1788973885.879334,G1,T05,banco2420_movimenti,1,static
317746,1,1,0,40,0,0,0,-1,245,256,25,5,16,5,8,5,10,25,18,17,34,41,41,34,1,40,1788973886.0863144,G1,T05,banco2420_movimenti,1,static
317946,1,1,0,40,0,0,0,-1,40,13,20,13,13,8,8,5,9,18,18,13,29,41,41,34,1,40,1788973886.2774832,G1,T05,banco2420_movimenti,1,static
318146,1,1,0,40,0,0,0,-1,85,72,36,25,20,5,5,5,10,25,20,20,25,29,41,32,1,40,1788973886.485873,G1,T05,banco2420_movimenti,1,static
318346,1,1,0,40,0,0,0,-1,53,85,10,26,17,10,5,5,5,25,20,17,34,34,41,32,1,40,1788973886.6798406,G1,T05,banco2420_movimenti,1,static
318546,1,1,0,40,0,0,0,-1,157,109,13,5,13,8,9,9,9,18,18,20,34,34,32,32,1,40,1788973886.8861525,G1,T05,banco2420_movimenti,1,static
318746,1,1,0,40,0,0,0,-1,34,89,40,10,9,8,10,9,5,13,13,20,34,34,41,32,1,40,1788973887.0785367,G1,T05,banco2420_movimenti,1,static
318946,1,1,0,40,0,0,0,-1,90,41,85,8,13,5,8,10,8,13,20,13,40,34,41,32,1,40,1788973887.2861414,G1,T05,banco2420_movimenti,1,static
319146,1,1,0,40,0,0,0,-1,65,136,20,8,16,10,9,5,13,13,18,13,29,34,41,32,1,40,1788973887.47704,G1,T05,banco2420_movimenti,1,static
319346,1,1,0,40,0,0,0,-1,58,34,65,10,10,5,5,10,5,13,13,29,34,34,41,34,1,40,1788973887.6857154,G1,T05,banco2420_movimenti,1,static
319546,1,1,0,40,0,0,0,-1,137,20,29,20,8,5,9,8,8,20,18,20,29,34,41,20,1,40,1788973887.877214,G1,T05,banco2420_movimenti,1,static
319746,1,1,0,40,0,0,0,-1,58,26,25,10,8,5,5,9,5,13,18,10,34,34,41,34,1,40,1788973888.0845578,G1,T05,banco2420_movimenti,1,static
319946,1,1,0,40,0,0,0,-1,49,26,29,9,26,5,8,8,5,20,20,17,34,34,41,34,1,40,1788973888.2763188,G1,T05,banco2420_movimenti,1,static
320146,1,1,0,40,0,0,0,-1,52,18,25,10,20,5,5,4,9,8,18,20,29,34,41,25,1,40,1788973888.4843383,G1,T05,banco2420_movimenti,1,static
320346,1,1,0,40,0,0,0,-1,61,25,17,9,20,5,5,8,5,20,18,20,29,34,41,32,1,40,1788973888.6764328,G1,T05,banco2420_movimenti,1,static
320546,1,1,0,40,0,0,0,-1,485,194,25,29,10,5,5,9,5,13,18,20,34,34,41,25,1,40,1788973888.8852816,G1,T05,banco2420_movimenti,1,static
320746,1,1,0,40,0,0,0,-1,26,17,45,29,9,5,9,10,8,18,18,17,34,34,50,20,1,40,1788973889.076553,G1,T05,banco2420_movimenti,1,static
320946,1,1,0,40,0,0,0,-1,130,97,25,9,13,8,5,9,8,18,18,20,40,25,32,25,1,40,1788973889.2842808,G1,T05,banco2420_movimenti,1,static
321146,1,1,0,40,0,0,0,-1,113,68,85,10,16,8,8,5,8,13,18,13,34,34,41,25,1,40,1788973889.4764314,G1,T05,banco2420_movimenti,1,static
321346,1,1,0,40,0,0,0,-1,160,153,10,37,13,8,8,8,8,10,13,29,45,45,41,25,1,40,1788973889.6848257,G1,T05,banco2420_movimenti,1,static
321546,1,1,0,40,0,0,0,-1,25,52,10,50,13,8,5,5,5,13,13,17,20,41,41,34,1,40,1788973889.876358,G1,T05,banco2420_movimenti,1,static
321746,1,1,0,40,0,0,0,-1,260,104,36,8,16,10,10,5,5,13,18,20,34,41,41,34,1,40,1788973890.0846343,G1,T05,banco2420_movimenti,1,static
321946,1,1,0,40,0,0,0,-1,200,269,74,25,17,9,8,8,8,25,13,17,34,34,41,34,1,40,1788973890.2769895,G1,T05,banco2420_movimenti,1,static
322146,1,1,0,40,0,0,0,-1,197,101,16,20,16,8,5,5,9,13,25,20,34,29,32,25,1,40,1788973890.4852061,G1,T05,banco2420_movimenti,1,static
322346,1,1,0,40,0,0,0,-1,425,85,13,9,10,13,5,5,9,18,18,13,34,41,41,32,1,40,1788973890.6777182,G1,T05,banco2420_movimenti,1,static
322546,1,1,0,40,0,0,0,-1,85,106,61,18,13,8,5,5,9,13,18,13,34,34,41,25,1,40,1788973890.8852925,G1,T05,banco2420_movimenti,1,static
322746,1,1,0,40,0,0,0,-1,160,20,9,16,13,10,5,5,10,10,13,20,41,34,41,34,1,40,1788973891.0773838,G1,T05,banco2420_movimenti,1,static
322946,1,1,0,40,0,0,0,-1,136,85,74,25,9,5,5,5,17,13,13,20,34,34,41,34,1,40,1788973891.285185,G1,T05,banco2420_movimenti,1,static
323146,1,1,0,40,0,0,0,-1,137,205,29,13,18,10,5,10,9,13,13,20,34,34,41,41,1,40,1788973891.4753354,G1,T05,banco2420_movimenti,1,static
323346,1,1,0,40,0,0,0,-1,200,153,25,13,10,5,5,5,10,25,18,20,34,34,41,41,1,40,1788973891.6832983,G1,T05,banco2420_movimenti,1,static
323546,1,1,0,40,0,0,0,-1,136,157,80,18,13,5,5,8,9,25,18,20,34,34,41,34,1,40,1788973891.875227,G1,T05,banco2420_movimenti,1,static
323746,1,1,0,40,0,0,0,-1,353,101,13,25,13,5,5,9,16,8,18,20,25,34,41,29,1,40,1788973892.083255,G1,T05,banco2420_movimenti,1,static
323946,1,1,0,35,0,0,0,-1,356,245,68,41,9,8,8,10,9,13,13,20,25,34,32,20,1,35,1788973892.2749145,G1,T05,banco2420_movimenti,1,static
324146,1,1,0,35,0,0,0,-1,337,288,97,13,13,5,5,8,10,10,13,20,34,34,32,32,1,35,1788973892.4836688,G1,T05,banco2420_movimenti,1,static
324346,1,1,0,35,0,0,0,-1,337,353,65,13,13,8,10,5,10,13,25,20,34,34,52,25,1,35,1788973892.6761677,G1,T05,banco2420_movimenti,1,static
324546,1,1,0,47,0,0,0,-1,122,225,10,45,13,8,5,5,9,13,18,20,34,45,41,25,1,47,1788973892.8835137,G1,T05,banco2420_movimenti,1,static
324746,1,1,0,47,0,0,0,-1,125,73,106,10,5,5,8,5,10,20,25,20,34,34,41,32,1,47,1788973893.0751894,G1,T05,banco2420_movimenti,1,static
324946,1,1,0,47,0,0,0,-1,346,208,29,40,5,5,5,5,5,13,18,20,34,34,32,25,1,47,1788973893.283514,G1,T05,banco2420_movimenti,1,static
325146,1,1,0,47,0,0,0,-1,85,36,25,40,8,5,5,10,5,20,18,20,34,34,41,34,1,47,1788973893.476099,G1,T05,banco2420_movimenti,1,static
325346,1,1,0,47,0,0,0,-1,89,65,34,37,13,9,5,5,5,13,13,29,34,34,41,25,1,47,1788973893.6834233,G1,T05,banco2420_movimenti,1,static
325546,1,1,0,47,0,0,0,-1,169,164,13,37,13,8,5,10,9,13,20,20,45,34,41,25,1,47,1788973893.875328,G1,T05,banco2420_movimenti,1,static
325746,1,1,0,47,0,0,0,-1,97,137,50,26,13,9,8,10,10,13,18,20,34,34,41,25,1,47,1788973894.0831969,G1,T05,banco2420_movimenti,1,static
325946,1,1,0,47,0,0,0,-1,170,130,18,5,13,5,5,8,10,20,18,20,34,34,41,25,1,47,1788973894.2754548,G1,T05,banco2420_movimenti,1,static
326146,1,1,0,47,0,0,0,-1,97,58,80,9,5,5,8,5,9,20,18,13,34,34,41,20,1,47,1788973894.4825056,G1,T05,banco2420_movimenti,1,static
326346,1,1,0,47,0,0,0,-1,100,45,34,45,5,5,8,5,18,25,18,13,34,34,41,25,1,47,1788973894.6733768,G1,T05,banco2420_movimenti,1,static
326546,1,1,0,47,0,0,0,-1,242,89,10,10,5,8,5,5,10,13,18,13,34,34,41,25,1,47,1788973894.880416,G1,T05,banco2420_movimenti,1,static
326746,1,1,0,47,0,0,0,-1,101,157,65,29,9,5,8,8,10,13,13,18,34,34,41,25,1,47,1788973895.087819,G1,T05,banco2420_movimenti,1,static
326946,1,1,0,47,0,0,0,-1,148,109,29,29,20,8,8,10,5,18,13,20,34,41,41,25,1,47,1788973895.2794793,G1,T05,banco2420_movimenti,1,static
327146,1,1,0,47,0,0,0,-1,509,377,100,20,25,8,8,5,10,18,13,20,34,41,41,34,1,47,1788973895.472242,G1,T05,banco2420_movimenti,1,static
327346,1,1,0,47,0,0,0,-1,97,50,10,13,5,8,8,5,8,13,18,10,34,34,41,25,1,47,1788973895.6784663,G1,T05,banco2420_movimenti,1,static
327546,1,1,0,47,0,0,0,-1,61,40,80,10,8,5,5,5,5,13,13,20,34,20,41,25,1,47,1788973895.8865519,G1,T05,banco2420_movimenti,1,static
327746,1,1,0,47,0,0,0,-1,109,80,58,16,20,10,8,5,8,18,18,13,29,29,41,25,1,47,1788973896.078197,G1,T05,banco2420_movimenti,1,static
327946,1,1,0,47,0,0,0,-1,145,104,18,5,13,8,13,5,8,17,13,17,34,41,41,25,1,47,1788973896.2854776,G1,T05,banco2420_movimenti,1,static
328146,1,1,0,47,0,0,0,-1,100,26,10,13,16,5,8,9,8,20,18,20,34,41,50,25,1,47,1788973896.4778693,G1,T05,banco2420_movimenti,1,static
328346,1,1,0,47,0,0,0,-1,261,181,65,10,17,8,8,9,5,13,18,17,34,41,41,25,1,47,1788973896.6861691,G1,T05,banco2420_movimenti,1,static
328546,1,1,0,47,0,0,0,-1,260,81,25,17,13,10,8,5,16,8,18,20,34,41,41,25,1,47,1788973896.878702,G1,T05,banco2420_movimenti,1,static
328746,1,1,0,47,0,0,0,-1,244,233,25,18,18,5,8,17,13,13,18,20,34,41,41,25,1,47,1788973897.0867047,G1,T05,banco2420_movimenti,1,static
328946,1,1,0,47,0,0,0,-1,229,137,13,25,9,5,5,2,9,13,18,20,34,34,41,25,1,47,1788973897.280259,G1,T05,banco2420_movimenti,1,static
329146,1,1,0,47,0,0,0,-1,117,74,17,13,8,5,5,10,9,5,13,20,34,34,41,34,1,47,1788973897.487185,G1,T05,banco2420_movimenti,1,static
329346,1,1,0,68,0,0,0,-1,153,200,32,17,20,5,5,5,10,10,13,20,41,34,41,34,1,68,1788973897.6795204,G1,T05,banco2420_movimenti,1,static
329546,1,1,0,68,0,0,0,-1,202,122,85,52,20,8,5,5,5,13,18,20,34,25,41,34,1,68,1788973897.8877428,G1,T05,banco2420_movimenti,1,static
329746,1,1,0,68,0,0,0,-1,185,157,100,32,9,10,5,8,5,20,18,20,34,41,41,29,1,68,1788973898.0801764,G1,T05,banco2420_movimenti,1,static
329946,1,1,0,68,0,0,0,-1,90,113,58,8,13,8,5,5,5,13,13,20,34,41,50,29,1,68,1788973898.2876534,G1,T05,banco2420_movimenti,1,static
330146,1,1,0,68,0,0,0,-1,410,320,41,17,9,8,13,5,5,13,13,20,34,34,50,29,1,68,1788973898.4798987,G1,T05,banco2420_movimenti,1,static
330346,1,1,0,68,0,0,0,-1,324,85,26,10,13,9,8,9,5,13,18,13,34,34,50,29,1,68,1788973898.687787,G1,T05,banco2420_movimenti,1,static
330546,1,1,0,68,0,0,0,-1,125,65,26,20,8,8,5,5,5,13,18,13,34,34,41,34,1,68,1788973898.88048,G1,T05,banco2420_movimenti,1,static
330746,1,1,0,68,0,0,0,-1,185,250,85,4,9,8,5,5,5,13,13,29,45,34,32,34,1,68,1788973899.0736156,G1,T05,banco2420_movimenti,1,static
330946,1,1,0,68,0,0,0,-1,40,40,20,13,5,8,5,5,5,20,25,20,45,34,41,20,1,68,1788973899.2805476,G1,T05,banco2420_movimenti,1,static
331146,1,1,0,68,0,0,0,-1,68,45,37,8,10,8,10,8,4,18,25,20,34,34,41,20,1,68,1788973899.4717166,G1,T05,banco2420_movimenti,1,static
331346,1,1,0,68,0,0,0,-1,169,97,13,8,10,8,5,10,5,18,18,13,34,34,41,20,1,68,1788973899.679279,G1,T05,banco2420_movimenti,1,static
331546,1,1,0,68,0,0,0,-1,58,36,49,8,10,5,8,5,9,18,18,13,34,34,41,25,1,68,1788973899.8872192,G1,T05,banco2420_movimenti,1,static
331746,1,1,0,68,0,0,0,-1,125,52,25,5,13,5,5,8,16,10,13,13,29,34,41,29,1,68,1788973900.0793846,G1,T05,banco2420_movimenti,1,static
331946,1,1,0,68,0,0,0,-1,256,185,17,13,8,8,5,5,9,13,13,13,29,34,32,34,1,68,1788973900.2878354,G1,T05,banco2420_movimenti,1,static
332146,1,1,0,68,0,0,0,-1,160,25,25,25,13,8,5,4,9,13,25,13,40,34,32,34,1,68,1788973900.4798498,G1,T05,banco2420_movimenti,1,static
332346,1,1,0,68,0,0,0,-1,100,113,50,13,25,5,9,8,9,13,13,18,45,34,41,34,1,68,1788973900.686992,G1,T05,banco2420_movimenti,1,static
332546,1,1,0,68,0,0,0,-1,169,130,52,8,13,5,5,5,13,9,13,18,34,34,41,34,1,68,1788973900.8785632,G1,T05,banco2420_movimenti,1,static
332746,1,1,0,68,0,0,0,-1,65,50,20,10,13,9,5,8,13,8,5,13,25,34,41,29,1,68,1788973901.0863388,G1,T05,banco2420_movimenti,1,static
332946,1,1,0,68,0,0,0,-1,157,157,20,8,13,8,5,5,9,13,25,13,34,34,34,29,1,68,1788973901.278498,G1,T05,banco2420_movimenti,1,static
333146,1,1,0,68,0,0,0,-1,50,40,17,8,13,5,5,10,10,13,10,20,34,41,34,29,1,68,1788973901.4876297,G1,T05,banco2420_movimenti,1,static
333346,1,1,0,68,0,0,0,-1,212,89,18,5,9,5,5,9,5,13,13,20,41,41,41,34,1,68,1788973901.680193,G1,T05,banco2420_movimenti,1,static
333546,1,1,0,68,0,0,0,-1,90,45,49,34,8,5,5,5,17,13,18,20,25,20,34,25,1,68,1788973901.8877645,G1,T05,banco2420_movimenti,1,static
333746,1,1,0,68,0,0,0,-1,82,125,13,20,9,8,13,5,10,10,13,20,41,45,41,25,1,68,1788973902.0798507,G1,T05,banco2420_movimenti,1,static
333946,1,1,0,68,0,0,0,-1,80,29,20,20,13,5,8,8,10,13,18,20,41,45,41,25,1,68,1788973902.2725606,G1,T05,banco2420_movimenti,1,static
334146,1,1,0,68,0,0,0,-1,117,65,13,13,13,8,10,5,10,13,18,20,41,41,34,25,1,68,1788973902.4802527,G1,T05,banco2420_movimenti,1,static
334346,1,1,0,68,0,0,0,-1,162,130,45,25,9,5,5,10,5,20,17,20,34,34,50,34,1,68,1788973902.673841,G1,T05,banco2420_movimenti,1,static
334546,1,1,0,68,0,0,0,-1,208,32,25,34,20,5,5,4,10,8,13,20,34,29,41,25,1,68,1788973902.8808198,G1,T05,banco2420_movimenti,1,static
334746,1,1,0,68,0,0,0,-1,36,53,90,5,20,9,10,10,8,13,13,20,34,34,41,45,1,68,1788973903.0728667,G1,T05,banco2420_movimenti,1,static
334946,1,1,0,68,0,0,0,-1,52,73,29,13,9,10,5,5,10,20,25,20,41,45,50,29,1,68,1788973903.2813354,G1,T05,banco2420_movimenti,1,static
335146,1,1,0,68,0,0,0,-1,97,85,65,29,8,8,8,10,10,13,18,20,41,41,50,29,1,68,1788973903.473857,G1,T05,banco2420_movimenti,1,static
335346,1,1,0,68,0,0,0,-1,202,58,13,8,10,5,8,8,9,13,18,17,34,41,41,20,1,68,1788973903.6823378,G1,T05,banco2420_movimenti,1,static
335546,1,1,0,68,0,0,0,-1,377,234,125,8,17,5,8,5,13,17,18,13,41,34,41,34,1,68,1788973903.8737023,G1,T05,banco2420_movimenti,1,static
335746,1,1,0,68,0,0,0,-1,65,13,5,9,17,5,5,5,9,13,13,20,32,34,41,34,1,68,1788973904.0825665,G1,T05,banco2420_movimenti,1,static
335946,1,1,0,68,0,0,0,-1,109,160,9,13,20,5,5,5,10,10,13,20,29,34,41,34,1,68,1788973904.2746804,G1,T05,banco2420_movimenti,1,static
336146,1,1,0,68,0,0,0,-1,41,50,25,8,18,5,5,5,9,13,18,20,29,34,34,25,1,68,1788973904.4829993,G1,T05,banco2420_movimenti,1,static
336346,1,1,0,68,0,0,0,-1,305,157,85,4,9,10,9,8,10,20,25,17,34,45,41,25,1,68,1788973904.6743584,G1,T05,banco2420_movimenti,1,static
336546,1,1,0,68,0,0,0,-1,50,45,37,5,20,8,5,5,10,13,18,20,34,45,41,25,1,68,1788973904.8823383,G1,T05,banco2420_movimenti,1,static
336746,1,1,0,68,0,0,0,-1,100,20,17,5,10,5,5,8,10,13,18,17,34,34,41,34,1,68,1788973905.074679,G1,T05,banco2420_movimenti,1,static
336946,1,1,0,68,0,0,0,-1,49,169,40,13,10,5,5,4,10,13,18,20,34,34,25,25,1,68,1788973905.2828963,G1,T05,banco2420_movimenti,1,static
337146,1,1,0,68,0,0,0,-1,200,41,17,13,25,5,5,10,5,13,18,20,41,45,41,25,1,68,1788973905.4748917,G1,T05,banco2420_movimenti,1,static
337346,1,1,0,68,0,0,0,-1,136,50,5,32,9,5,5,5,13,13,18,20,41,45,41,25,1,68,1788973905.6820068,G1,T05,banco2420_movimenti,1,static
337546,1,1,0,35,0,0,0,-1,193,169,13,8,13,5,5,8,10,13,13,20,45,41,41,25,1,35,1788973905.8739612,G1,T05,banco2420_movimenti,1,static
337746,1,1,0,35,0,0,0,-1,106,20,32,20,10,9,5,5,10,18,18,20,45,34,41,25,1,35,1788973906.0825531,G1,T05,banco2420_movimenti,1,static
337946,1,1,0,35,0,0,0,-1,130,26,8,20,5,5,8,5,8,25,18,20,25,34,41,25,1,35,1788973906.2746317,G1,T05,banco2420_movimenti,1,static
338146,1,1,0,35,0,0,0,-1,181,85,36,13,10,8,5,8,10,13,13,18,20,34,41,25,1,35,1788973906.483216,G1,T05,banco2420_movimenti,1,static
338346,1,1,0,35,0,0,0,-1,90,82,65,8,20,10,17,5,9,10,13,25,34,34,41,25,1,35,1788973906.6750138,G1,T05,banco2420_movimenti,1,static
338546,1,1,0,35,0,0,0,-1,58,50,29,13,9,10,8,5,10,13,8,25,34,34,41,34,1,35,1788973906.8837376,G1,T05,banco2420_movimenti,1,static
338746,1,1,0,35,0,0,0,-1,50,116,25,34,10,4,8,13,8,13,18,13,29,34,41,34,1,35,1788973907.0764718,G1,T05,banco2420_movimenti,1,static
338946,1,1,0,35,0,0,0,-1,89,65,45,13,10,5,8,8,5,17,20,20,34,34,41,34,1,35,1788973907.2846372,G1,T05,banco2420_movimenti,1,static
339146,1,1,0,35,0,0,0,-1,128,113,26,8,13,8,5,5,5,13,18,17,34,34,41,34,1,35,1788973907.4762194,G1,T05,banco2420_movimenti,1,static
339346,1,1,0,35,0,0,0,-1,49,61,10,10,20,10,9,5,5,13,18,13,29,34,41,34,1,35,1788973907.6841047,G1,T05,banco2420_movimenti,1,static
339546,1,1,0,35,0,0,0,-1,49,82,34,8,20,13,8,5,5,20,20,13,29,34,41,29,1,35,1788973907.8756034,G1,T05,banco2420_movimenti,1,static
339746,1,1,0,35,0,0,0,-1,104,125,52,8,20,8,5,9,8,20,18,13,34,34,41,34,1,35,1788973908.0839057,G1,T05,banco2420_movimenti,1,static
339946,1,1,0,35,0,0,0,-1,53,89,13,13,13,13,8,9,5,13,18,20,34,34,41,25,1,35,1788973908.2763376,G1,T05,banco2420_movimenti,1,static
340146,1,1,0,35,0,0,0,-1,205,121,10,25,13,8,5,8,10,13,18,20,29,34,41,25,1,35,1788973908.4849787,G1,T05,banco2420_movimenti,1,static
340346,1,1,0,66,0,0,0,-1,80,196,58,29,13,5,5,5,10,25,18,20,29,34,41,25,1,66,1788973908.6765184,G1,T05,banco2420_movimenti,1,static
340546,1,1,0,66,0,0,0,-1,45,25,100,5,9,5,8,5,13,18,18,20,25,34,41,25,1,66,1788973908.884409,G1,T05,banco2420_movimenti,1,static
340746,1,1,0,66,0,0,0,-1,221,65,5,25,16,8,9,10,10,13,18,13,34,34,41,25,1,66,1788973909.0763495,G1,T05,banco2420_movimenti,1,static
340946,1,1,0,66,0,0,0,-1,146,185,85,5,13,10,8,8,10,13,13,20,41,34,32,20,1,66,1788973909.2846963,G1,T05,banco2420_movimenti,1,static
341146,1,1,0,66,0,0,0,-1,61,50,10,8,18,9,9,5,9,13,13,20,52,34,41,34,1,66,1788973909.4768665,G1,T05,banco2420_movimenti,1,static
341346,1,1,0,66,0,0,0,-1,338,400,58,10,20,8,5,8,9,13,18,20,41,34,41,34,1,66,1788973909.6859212,G1,T05,banco2420_movimenti,1,static
341546,1,1,0,66,0,0,0,-1,58,50,13,26,8,8,5,5,10,10,13,20,32,45,41,20,1,66,1788973909.8779764,G1,T05,banco2420_movimenti,1,static
341746,1,1,0,35,0,0,0,-1,277,242,20,18,20,8,8,10,8,13,18,20,25,45,50,29,1,35,1788973910.0857828,G1,T05,banco2420_movimenti,1,static
341946,1,1,0,35,0,0,0,-1,65,41,109,25,8,5,8,10,5,10,13,20,41,34,41,29,1,35,1788973910.2779195,G1,T05,banco2420_movimenti,1,static
342146,1,1,0,35,0,0,0,-1,144,125,10,8,20,10,9,5,10,13,20,20,41,45,41,34,1,35,1788973910.485802,G1,T05,banco2420_movimenti,1,static
342346,1,1,0,35,0,0,0,-1,52,137,100,8,17,8,5,5,13,18,20,20,34,41,41,25,1,35,1788973910.6777055,G1,T05,banco2420_movimenti,1,static
342546,1,1,0,35,0,0,0,-1,80,125,16,9,10,5,5,5,8,13,8,25,34,41,41,25,1,35,1788973910.8865829,G1,T05,banco2420_movimenti,1,static
342746,1,1,0,35,0,0,0,-1,148,98,40,10,17,8,13,5,8,13,20,20,34,34,41,20,1,35,1788973911.0777516,G1,T05,banco2420_movimenti,1,static
342946,1,1,0,35,0,0,0,-1,146,58,89,32,13,8,8,5,10,13,10,29,32,34,41,29,1,35,1788973911.2855873,G1,T05,banco2420_movimenti,1,static
343146,1,1,0,35,0,0,0,-1,74,52,8,10,9,8,5,9,10,18,13,20,34,34,25,32,1,35,1788973911.4776285,G1,T05,banco2420_movimenti,1,static
343346,1,1,0,35,0,0,0,-1,74,34,128,5,10,5,8,8,9,18,18,13,25,34,41,32,1,35,1788973911.6857774,G1,T05,banco2420_movimenti,1,static
343546,1,1,0,35,0,0,0,-1,136,74,20,13,25,8,8,5,9,13,18,29,41,45,32,32,1,35,1788973911.877873,G1,T05,banco2420_movimenti,1,static
343746,1,1,0,35,0,0,0,-1,61,16,74,5,10,8,8,5,10,13,18,17,34,25,41,25,1,35,1788973912.0856762,G1,T05,banco2420_movimenti,1,static
343946,1,1,0,35,0,0,0,-1,148,17,50,10,9,9,5,8,10,13,25,20,25,34,32,25,1,35,1788973912.277649,G1,T05,banco2420_movimenti,1,static
344146,1,1,0,35,0,0,0,-1,125,101,10,20,8,5,10,8,9,9,10,20,34,34,50,25,1,35,1788973912.4853098,G1,T05,banco2420_movimenti,1,static
344346,1,1,0,35,0,0,0,-1,89,53,58,17,8,13,10,5,13,10,16,20,34,45,50,29,1,35,1788973912.6783922,G1,T05,banco2420_movimenti,1,static
344546,1,1,0,35,0,0,0,-1,145,202,25,10,13,13,5,8,10,17,10,20,34,34,41,25,1,35,1788973912.887094,G1,T05,banco2420_movimenti,1,static
344746,1,1,0,35,0,0,0,-1,81,45,13,8,13,8,8,10,10,17,13,13,34,41,41,25,1,35,1788973913.0787725,G1,T05,banco2420_movimenti,1,static
344946,1,1,0,35,0,0,0,-1,45,29,10,13,20,10,9,5,9,20,18,20,45,41,52,25,1,35,1788973913.28662,G1,T05,banco2420_movimenti,1,static
345146,1,1,0,35,0,0,0,-1,178,58,89,13,16,5,5,5,20,13,18,25,45,34,41,20,1,35,1788973913.4787009,G1,T05,banco2420_movimenti,1,static
345346,1,1,0,35,0,0,0,-1,153,185,64,10,20,5,4,5,9,13,18,13,34,34,41,29,1,35,1788973913.687236,G1,T05,banco2420_movimenti,1,static
345546,1,1,0,35,0,0,0,-1,85,49,73,10,25,5,8,5,9,13,13,20,34,34,41,34,1,35,1788973913.8783052,G1,T05,banco2420_movimenti,1,static
345746,1,1,0,35,0,0,0,-1,58,41,10,20,13,8,5,13,13,18,13,20,34,34,34,34,1,35,1788973914.086624,G1,T05,banco2420_movimenti,1,static
345946,1,1,0,35,0,0,0,-1,314,85,128,25,13,8,10,10,10,13,20,17,25,34,41,40,1,35,1788973914.2783914,G1,T05,banco2420_movimenti,1,static
346146,1,1,0,35,0,0,0,-1,72,41,17,10,13,8,5,5,5,13,25,17,25,34,41,34,1,35,1788973914.4866583,G1,T05,banco2420_movimenti,1,static
346346,1,1,0,35,0,0,0,-1,65,40,49,8,9,5,5,8,10,13,25,20,34,34,41,34,1,35,1788973914.6779332,G1,T05,banco2420_movimenti,1,static
346546,1,1,0,35,0,0,0,-1,64,226,53,13,9,5,8,5,10,13,13,18,34,41,41,34,1,35,1788973914.886789,G1,T05,banco2420_movimenti,1,static
346746,1,1,0,35,0,0,0,-1,153,194,37,10,13,5,8,9,9,13,13,20,34,34,41,34,1,35,1788973915.0791807,G1,T05,banco2420_movimenti,1,static
346946,1,1,0,35,0,0,0,-1,101,181,89,10,8,8,10,9,13,13,18,20,34,34,41,25,1,35,1788973915.2857141,G1,T05,banco2420_movimenti,1,static
347146,1,1,0,35,0,0,0,-1,61,52,50,8,10,10,8,8,10,13,18,20,34,34,41,29,1,35,1788973915.4806316,G1,T05,banco2420_movimenti,1,static
347346,1,1,0,35,0,0,0,-1,128,20,8,25,18,8,5,8,8,10,18,20,34,34,41,25,1,35,1788973915.6861353,G1,T05,banco2420_movimenti,1,static
347546,1,1,0,35,0,0,0,-1,116,89,17,8,17,5,5,5,10,13,13,20,34,34,50,20,1,35,1788973915.8820808,G1,T05,banco2420_movimenti,1,static
347746,1,1,0,43,0,0,0,-1,85,106,32,13,20,8,5,8,9,13,25,20,34,34,50,20,1,43,1788973916.08584,G1,T05,banco2420_movimenti,1,static
347946,1,1,0,43,0,0,0,-1,80,29,10,13,20,5,5,5,10,8,13,13,34,34,50,20,1,43,1788973916.2851474,G1,T05,banco2420_movimenti,1,static
348146,1,1,0,43,0,0,0,-1,34,37,17,5,16,5,8,5,9,13,25,20,25,34,32,25,1,43,1788973916.4862227,G1,T05,banco2420_movimenti,1,static
348346,1,1,0,43,0,0,0,-1,53,116,58,5,13,8,8,5,16,13,20,20,25,34,32,34,1,43,1788973916.6875224,G1,T05,banco2420_movimenti,1,static
348546,1,1,0,43,0,0,0,-1,162,121,34,13,13,8,5,10,13,18,13,20,25,34,41,34,1,43,1788973916.8876631,G1,T05,banco2420_movimenti,1,static
348746,1,1,0,43,0,0,0,-1,145,130,37,29,5,8,9,5,9,8,13,13,25,34,41,34,1,43,1788973917.0872512,G1,T05,banco2420_movimenti,1,static
348946,1,1,0,43,0,0,0,-1,53,136,40,5,10,5,10,5,9,8,13,13,32,34,41,34,1,43,1788973917.2855394,G1,T05,banco2420_movimenti,1,static
349146,1,1,0,52,0,0,0,-1,181,265,16,13,9,5,4,5,9,13,18,13,29,34,41,25,1,52,1788973917.478404,G1,T05,banco2420_movimenti,1,static
349346,1,1,0,48,0,0,0,-1,50,45,9,10,10,10,8,9,9,8,18,13,34,34,41,41,1,48,1788973917.6854334,G1,T05,banco2420_movimenti,1,static
349546,1,1,0,48,0,0,0,-1,200,90,25,13,13,5,8,8,9,13,18,17,32,25,41,34,1,48,1788973917.8770106,G1,T05,banco2420_movimenti,1,static
349746,1,1,0,83,0,0,0,-1,205,164,18,16,16,5,5,5,13,13,18,17,34,41,41,34,1,83,1788973918.0850766,G1,T05,banco2420_movimenti,1,static
349946,1,1,0,72,0,0,0,-1,125,202,81,10,13,5,5,5,10,10,13,25,34,34,41,25,1,72,1788973918.276586,G1,T05,banco2420_movimenti,1,static
350146,1,1,0,72,0,0,0,-1,90,97,20,18,13,13,8,5,9,13,13,20,34,34,41,34,1,72,1788973918.485216,G1,T05,banco2420_movimenti,1,static
350346,1,1,0,72,0,0,0,-1,202,72,17,13,13,9,8,5,10,13,18,20,34,34,41,34,1,72,1788973918.6771255,G1,T05,banco2420_movimenti,1,static
350546,1,1,0,35,0,0,0,-1,277,221,125,10,9,10,5,5,9,20,18,20,41,45,41,25,1,35,1788973918.885666,G1,T05,banco2420_movimenti,1,static
350746,1,1,0,35,0,0,0,-1,29,18,106,5,8,8,5,4,16,10,18,20,34,34,41,25,1,35,1788973919.0777092,G1,T05,banco2420_movimenti,1,static
350946,1,1,0,35,0,0,0,-1,85,17,90,8,13,8,10,5,20,13,13,13,34,34,41,25,1,35,1788973919.2860377,G1,T05,banco2420_movimenti,1,static
351146,1,1,0,35,0,0,0,-1,205,73,25,17,10,5,5,10,5,18,18,10,25,29,32,25,1,35,1788973919.4778197,G1,T05,banco2420_movimenti,1,static
351346,1,1,0,63,0,0,0,-1,82,148,34,5,13,9,5,13,9,18,18,20,25,52,41,25,1,63,1788973919.6855807,G1,T05,banco2420_movimenti,1,static
351546,1,1,0,63,0,0,0,-1,145,82,61,5,8,5,9,5,10,18,18,20,34,45,50,25,1,63,1788973919.8761995,G1,T05,banco2420_movimenti,1,static
351746,1,1,0,63,0,0,0,-1,85,82,29,25,8,5,5,5,10,18,13,20,34,34,32,25,1,63,1788973920.0840447,G1,T05,banco2420_movimenti,1,static
351946,1,1,0,63,0,0,0,-1,50,72,40,18,10,8,5,5,10,25,18,20,34,34,32,25,1,63,1788973920.276708,G1,T05,banco2420_movimenti,1,static
352146,1,1,0,63,0,0,0,-1,137,173,65,5,10,8,4,9,5,10,8,25,41,41,50,29,1,63,1788973920.4847105,G1,T05,banco2420_movimenti,1,static
352346,1,1,0,63,0,0,0,-1,68,125,100,18,10,13,13,9,9,13,13,20,34,41,45,41,1,63,1788973920.6763883,G1,T05,banco2420_movimenti,1,static
352546,1,1,0,63,0,0,0,-1,106,74,29,17,26,9,5,5,8,25,18,13,34,34,41,34,1,63,1788973920.884637,G1,T05,banco2420_movimenti,1,static
352746,1,1,0,63,0,0,0,-1,101,80,52,13,29,8,5,8,13,18,18,13,34,34,41,34,1,63,1788973921.0763967,G1,T05,banco2420_movimenti,1,static
352946,1,1,0,63,0,0,0,-1,200,68,61,10,25,9,5,5,10,18,13,13,34,34,41,34,1,63,1788973921.2840855,G1,T05,banco2420_movimenti,1,static
353146,1,1,0,63,0,0,0,-1,52,25,50,20,13,10,8,13,5,13,18,20,34,45,41,34,1,63,1788973921.4760025,G1,T05,banco2420_movimenti,1,static
353346,1,1,0,63,0,0,0,-1,68,20,144,17,18,9,5,8,16,13,13,20,34,34,41,29,1,63,1788973921.6841865,G1,T05,banco2420_movimenti,1,static
353546,1,1,0,63,0,0,0,-1,100,20,58,10,13,5,5,5,9,13,18,20,34,41,41,34,1,63,1788973921.875955,G1,T05,banco2420_movimenti,1,static
353746,1,1,0,63,0,0,0,-1,130,202,29,10,13,8,5,8,9,13,13,20,34,41,50,34,1,63,1788973922.0847719,G1,T05,banco2420_movimenti,1,static
353946,1,1,0,63,0,0,0,-1,104,58,26,5,16,8,5,10,8,20,18,13,34,41,50,34,1,63,1788973922.276603,G1,T05,banco2420_movimenti,1,static
354146,1,1,0,63,0,0,0,-1,61,53,10,18,13,9,8,10,10,13,18,20,34,41,41,34,1,63,1788973922.48449,G1,T05,banco2420_movimenti,1,static
354346,1,1,0,63,0,0,0,-1,73,17,34,13,13,8,5,5,5,8,13,20,34,34,41,34,1,63,1788973922.676123,G1,T05,banco2420_movimenti,1,static
354546,1,1,0,63,0,0,0,-1,130,104,34,25,13,5,5,4,5,8,13,20,34,34,34,34,1,63,1788973922.884655,G1,T05,banco2420_movimenti,1,static
354746,1,1,0,63,0,0,0,-1,100,116,9,10,13,17,9,5,5,13,18,20,34,34,41,34,1,63,1788973923.0777931,G1,T05,banco2420_movimenti,1,static
354946,1,1,0,63,0,0,0,-1,34,37,29,17,13,13,8,5,10,13,18,20,34,34,41,34,1,63,1788973923.283528,G1,T05,banco2420_movimenti,1,static
355146,1,1,0,63,0,0,0,-1,234,136,106,5,9,5,4,5,10,13,18,20,25,34,41,32,1,63,1788973923.4744117,G1,T05,banco2420_movimenti,1,static
355346,1,1,0,63,0,0,0,-1,162,193,65,10,10,5,5,5,9,18,18,13,25,45,50,25,1,63,1788973923.6802511,G1,T05,banco2420_movimenti,1,static
355546,1,1,0,63,0,0,0,-1,89,53,17,18,13,5,4,5,9,8,13,20,25,34,41,45,1,63,1788973923.8730192,G1,T05,banco2420_movimenti,1,static
355746,1,1,0,63,0,0,0,-1,245,85,25,9,13,8,4,8,10,13,18,20,25,34,41,34,1,63,1788973924.0800614,G1,T05,banco2420_movimenti,1,static
355946,1,1,0,63,0,0,0,-1,72,130,125,25,10,9,5,5,13,13,18,20,34,45,41,34,1,63,1788973924.2872112,G1,T05,banco2420_movimenti,1,static
356146,1,1,0,63,0,0,0,-1,337,194,68,17,17,9,5,13,10,13,18,20,45,52,41,34,1,63,1788973924.4796178,G1,T05,banco2420_movimenti,1,static
356346,1,1,0,63,0,0,0,-1,169,74,10,5,8,5,5,10,10,13,25,17,41,34,32,34,1,63,1788973924.686867,G1,T05,banco2420_movimenti,1,static
356546,1,1,0,63,0,0,0,-1,89,122,65,13,8,8,5,10,10,13,25,17,41,41,41,34,1,63,1788973924.8788965,G1,T05,banco2420_movimenti,1,static
356746,1,1,0,63,0,0,0,-1,113,41,41,20,9,5,8,5,9,9,13,13,34,34,41,29,1,63,1788973925.0880384,G1,T05,banco2420_movimenti,1,static
356946,1,1,0,63,0,0,0,-1,137,125,32,8,5,8,8,5,16,8,13,17,25,34,41,29,1,63,1788973925.2804255,G1,T05,banco2420_movimenti,1,static
357146,1,1,0,63,0,0,0,-1,221,89,65,25,13,8,5,10,13,13,18,17,25,34,50,29,1,63,1788973925.4731085,G1,T05,banco2420_movimenti,1,static
357346,1,1,0,63,0,0,0,-1,233,109,81,10,13,13,9,8,13,20,20,26,34,25,41,25,1,63,1788973925.6807272,G1,T05,banco2420_movimenti,1,static
357546,1,1,0,63,0,0,0,-1,116,148,29,20,8,8,5,5,10,13,13,20,34,25,41,34,1,63,1788973925.8881488,G1,T05,banco2420_movimenti,1,static
357746,1,1,0,63,0,0,0,-1,272,82,25,13,8,5,5,5,10,13,18,13,20,25,41,34,1,63,1788973926.0803456,G1,T05,banco2420_movimenti,1,static
357946,1,1,0,63,0,0,0,-1,89,113,82,8,5,10,5,8,10,13,18,13,25,41,61,34,1,63,1788973926.2881343,G1,T05,banco2420_movimenti,1,static
358146,1,1,0,63,0,0,0,-1,170,73,52,17,10,5,9,5,10,13,18,20,34,41,41,41,1,63,1788973926.481869,G1,T05,banco2420_movimenti,1,static
358346,1,1,0,63,0,0,0,-1,85,26,58,13,5,5,4,13,9,13,18,20,34,41,41,41,1,63,1788973926.6880052,G1,T05,banco2420_movimenti,1,static
358546,1,1,0,63,0,0,0,-1,260,160,29,5,13,5,9,5,9,13,18,20,34,41,41,34,1,63,1788973926.8800929,G1,T05,banco2420_movimenti,1,static
358746,1,1,0,63,0,0,0,-1,58,29,113,8,10,8,10,5,9,13,18,20,41,34,41,34,1,63,1788973927.0880415,G1,T05,banco2420_movimenti,1,static
358946,1,1,0,63,0,0,0,-1,180,58,97,5,13,5,5,5,16,13,18,20,32,29,41,34,1,63,1788973927.280195,G1,T05,banco2420_movimenti,1,static
359146,1,1,0,35,0,0,0,-1,181,181,61,25,13,5,5,8,10,13,18,20,34,34,41,34,1,35,1788973927.4881346,G1,T05,banco2420_movimenti,1,static
359346,1,1,0,35,0,0,0,-1,100,104,80,8,8,9,8,16,10,13,13,20,32,34,41,34,1,35,1788973927.6803303,G1,T05,banco2420_movimenti,1,static
359546,1,1,0,35,0,0,0,-1,194,136,90,8,10,5,5,8,9,18,25,13,29,25,41,25,1,35,1788973927.8881295,G1,T05,banco2420_movimenti,1,static
359746,1,1,0,35,0,0,0,-1,274,122,18,10,5,8,5,13,10,18,18,13,29,34,41,25,1,35,1788973928.0800765,G1,T05,banco2420_movimenti,1,static
359946,1,1,0,64,0,0,0,-1,144,218,20,8,5,8,9,5,9,8,13,20,29,25,41,34,1,64,1788973928.286955,G1,T05,banco2420_movimenti,1,static
360146,1,1,0,64,0,0,0,-1,125,61,53,8,5,9,5,5,9,13,25,20,29,25,41,34,1,64,1788973928.4786294,G1,T05,banco2420_movimenti,1,static
360346,1,1,0,64,0,0,0,-1,89,149,97,13,5,8,9,5,9,13,18,13,29,34,41,29,1,64,1788973928.6861322,G1,T05,banco2420_movimenti,1,static
360546,1,1,0,64,0,0,0,-1,53,50,17,5,13,5,5,13,10,13,18,9,25,34,41,29,1,64,1788973928.8779619,G1,T05,banco2420_movimenti,1,static
360746,1,1,0,64,0,0,0,-1,200,265,160,10,13,5,5,5,13,18,18,13,34,25,41,25,1,64,1788973929.0863051,G1,T05,banco2420_movimenti,1,static
360946,1,1,0,64,0,0,0,-1,233,221,97,5,10,13,9,10,5,13,18,20,41,34,41,25,1,64,1788973929.277875,G1,T05,banco2420_movimenti,1,static
361146,1,1,0,64,0,0,0,-1,117,37,65,9,5,8,5,5,9,13,18,20,34,34,41,25,1,64,1788973929.486192,G1,T05,banco2420_movimenti,1,static
361346,1,1,0,47,0,0,0,-1,265,325,106,9,10,8,8,8,10,13,13,18,34,25,32,34,1,47,1788973929.6788888,G1,T05,banco2420_movimenti,1,static
361546,1,1,0,47,0,0,0,-1,194,178,18,13,8,8,10,5,10,18,13,25,41,29,32,25,1,47,1788973929.8861716,G1,T05,banco2420_movimenti,1,static
361746,1,1,0,47,0,0,0,-1,196,34,13,73,9,8,5,10,9,13,13,20,34,34,52,25,1,47,1788973930.0777938,G1,T05,banco2420_movimenti,1,static
361946,1,1,0,47,0,0,0,-1,104,116,29,25,10,10,5,5,9,18,13,17,34,34,32,25,1,47,1788973930.2858634,G1,T05,banco2420_movimenti,1,static
362146,1,1,0,47,0,0,0,-1,265,104,89,8,13,8,8,5,13,18,13,20,34,34,41,34,1,47,1788973930.4782815,G1,T05,banco2420_movimenti,1,static
362346,1,1,0,35,0,0,0,-1,146,145,45,10,8,10,5,5,10,18,18,20,34,34,41,34,1,35,1788973930.6859407,G1,T05,banco2420_movimenti,1,static
362546,1,1,0,35,0,0,0,-1,34,37,25,10,9,5,8,9,10,13,18,20,34,34,41,25,1,35,1788973930.8788173,G1,T05,banco2420_movimenti,1,static
362746,1,1,0,35,0,0,0,-1,37,81,9,8,10,5,5,5,10,10,13,20,34,34,61,20,1,35,1788973931.0863972,G1,T05,banco2420_movimenti,1,static
362946,1,1,0,56,0,0,0,-1,100,169,90,8,10,10,5,4,9,13,18,20,34,34,41,34,1,56,1788973931.2780945,G1,T05,banco2420_movimenti,1,static
363146,1,1,0,61,0,0,0,-1,388,232,5,41,8,8,8,5,9,8,18,13,34,34,41,25,1,61,1788973931.4851527,G1,T05,banco2420_movimenti,1,static
363346,1,1,0,61,0,0,0,-1,109,136,73,61,13,5,9,5,10,9,25,18,29,34,41,34,1,61,1788973931.6776774,G1,T05,banco2420_movimenti,1,static
363546,1,1,0,61,0,0,0,-1,277,74,97,8,13,5,5,5,9,20,18,25,34,34,41,34,1,61,1788973931.8861637,G1,T05,banco2420_movimenti,1,static
363746,1,1,0,55,0,0,0,-1,205,226,89,13,8,4,5,5,5,20,18,13,25,29,32,34,1,55,1788973932.077781,G1,T05,banco2420_movimenti,1,static
363946,1,1,0,55,0,0,0,-1,122,45,26,10,8,5,5,5,5,20,18,17,32,34,41,34,1,55,1788973932.285288,G1,T05,banco2420_movimenti,1,static
364146,1,1,0,55,0,0,0,-1,185,72,37,8,8,10,5,8,5,20,18,17,25,34,41,34,1,55,1788973932.4774833,G1,T05,banco2420_movimenti,1,static
364346,1,1,0,55,0,0,0,-1,205,185,65,10,13,5,5,8,8,13,13,20,34,45,41,25,1,55,1788973932.6848102,G1,T05,banco2420_movimenti,1,static
364546,1,1,0,52,0,0,0,-1,281,202,10,13,13,8,8,9,5,25,18,18,45,41,41,25,1,52,1788973932.8800483,G1,T05,banco2420_movimenti,1,static
364746,1,1,0,52,0,0,0,-1,50,106,25,25,8,5,8,9,10,20,18,20,34,41,34,34,1,52,1788973933.0837815,G1,T05,banco2420_movimenti,1,static
364946,1,1,0,52,0,0,0,-1,80,50,50,18,13,8,5,5,9,13,18,20,20,25,32,25,1,52,1788973933.280085,G1,T05,banco2420_movimenti,1,static
365146,1,1,0,52,0,0,0,-1,90,61,13,10,9,8,5,8,10,18,18,20,34,34,32,20,1,52,1788973933.4841082,G1,T05,banco2420_movimenti,1,static
365346,1,1,0,52,0,0,0,-1,53,85,26,13,9,8,5,5,5,13,18,20,34,34,32,20,1,52,1788973933.6756291,G1,T05,banco2420_movimenti,1,static
365546,1,1,0,52,0,0,0,-1,82,146,82,13,8,8,8,5,13,18,18,13,34,41,41,25,1,52,1788973933.8827908,G1,T05,banco2420_movimenti,1,static
365746,1,1,0,52,0,0,0,-1,221,136,58,10,13,8,8,8,10,10,8,20,25,34,41,25,1,52,1788973934.0750778,G1,T05,banco2420_movimenti,1,static
365946,1,1,0,52,0,0,0,-1,100,109,64,5,8,5,5,5,10,8,8,20,34,34,41,25,1,52,1788973934.2833881,G1,T05,banco2420_movimenti,1,static
366146,1,1,0,52,0,0,0,-1,52,125,50,5,9,8,10,8,13,13,13,13,34,34,41,34,1,52,1788973934.4748466,G1,T05,banco2420_movimenti,1,static
366346,1,1,0,52,0,0,0,-1,106,81,50,8,18,13,8,5,8,25,18,10,34,34,32,25,1,52,1788973934.6832762,G1,T05,banco2420_movimenti,1,static
366546,1,1,0,52,0,0,0,-1,85,121,45,18,10,5,5,5,8,13,13,17,34,34,41,34,1,52,1788973934.8801796,G1,T05,banco2420_movimenti,1,static
366746,1,1,0,52,0,0,0,-1,61,52,85,8,5,5,5,5,10,13,13,17,34,34,41,34,1,52,1788973935.083231,G1,T05,banco2420_movimenti,1,static
366946,1,1,0,35,0,0,0,-1,72,89,125,8,10,10,5,8,5,13,13,20,34,29,41,29,1,35,1788973935.2817261,G1,T05,banco2420_movimenti,1,static
367146,1,1,0,35,0,0,0,-1,68,72,49,49,8,5,10,13,5,13,18,17,34,41,41,34,1,35,1788973935.483516,G1,T05,banco2420_movimenti,1,static
367346,1,1,0,35,0,0,0,-1,90,106,25,26,13,13,9,5,10,10,10,25,34,34,25,25,1,35,1788973935.6752114,G1,T05,banco2420_movimenti,1,static
367546,1,1,0,35,0,0,0,-1,72,49,89,10,10,8,8,5,17,8,10,17,34,34,32,34,1,35,1788973935.8828893,G1,T05,banco2420_movimenti,1,static
367746,1,1,0,35,0,0,0,-1,288,180,146,5,8,8,5,5,17,8,10,17,34,45,41,34,1,35,1788973936.0740037,G1,T05,banco2420_movimenti,1,static
367946,1,1,0,35,0,0,0,-1,50,45,80,5,8,8,5,5,5,13,25,17,34,34,32,41,1,35,1788973936.2835414,G1,T05,banco2420_movimenti,1,static
368146,1,1,0,35,0,0,0,-1,74,89,73,9,8,5,5,5,5,20,18,20,29,34,41,34,1,35,1788973936.4887347,G1,T05,banco2420_movimenti,1,static
368346,1,1,0,63,0,0,0,-1,100,130,34,10,8,8,5,9,5,13,18,25,29,25,41,34,1,63,1788973936.6809802,G1,T05,banco2420_movimenti,1,static
368546,1,1,0,63,0,0,0,-1,50,137,50,5,8,9,5,10,9,20,18,13,29,25,41,34,1,63,1788973936.8821988,G1,T05,banco2420_movimenti,1,static
368746,1,1,0,63,0,0,0,-1,90,50,5,10,13,5,5,9,5,20,18,20,34,25,41,34,1,63,1788973937.0815287,G1,T05,banco2420_movimenti,1,static
368946,1,1,0,63,0,0,0,-1,53,52,20,9,8,8,9,10,13,13,18,20,45,34,41,25,1,63,1788973937.28493,G1,T05,banco2420_movimenti,1,static
369146,1,1,0,61,0,0,0,-1,116,229,113,17,9,5,5,10,5,13,13,25,34,34,50,25,1,61,1788973937.4822588,G1,T05,banco2420_movimenti,1,static
369346,1,1,0,61,0,0,0,-1,65,122,125,5,8,5,5,5,9,18,25,20,34,34,50,25,1,61,1788973937.674401,G1,T05,banco2420_movimenti,1,static
369546,1,1,0,61,0,0,0,-1,200,50,25,13,8,13,5,10,5,18,25,20,34,34,50,34,1,61,1788973937.884753,G1,T05,banco2420_movimenti,1,static
369746,1,1,0,61,0,0,0,-1,292,52,45,17,8,8,5,5,10,13,18,20,34,41,50,34,1,61,1788973938.0745928,G1,T05,banco2420_movimenti,1,static
369946,1,1,0,61,0,0,0,-1,482,208,61,25,8,5,5,10,5,18,18,20,34,34,41,34,1,61,1788973938.2855344,G1,T05,banco2420_movimenti,1,static
370146,1,1,0,61,0,0,0,-1,145,178,61,25,13,5,8,5,8,13,8,25,45,34,32,34,1,61,1788973938.4741032,G1,T05,banco2420_movimenti,1,static
370346,1,1,0,61,0,0,0,-1,116,148,109,5,8,8,8,5,10,13,18,20,45,41,41,34,1,61,1788973938.68786,G1,T05,banco2420_movimenti,1,static
370546,1,1,0,61,0,0,0,-1,221,164,10,10,10,5,10,5,9,18,25,20,45,41,41,34,1,61,1788973938.8849666,G1,T05,banco2420_movimenti,1,static
370746,1,1,0,61,0,0,0,-1,36,18,13,20,8,2,2,5,10,18,32,10,29,41,41,25,1,61,1788973939.0835605,G1,T05,banco2420_movimenti,1,static
370946,1,1,0,35,0,0,0,-1,125,146,8,8,8,8,9,8,9,5,13,13,34,41,41,25,1,35,1788973939.285685,G1,T05,banco2420_movimenti,1,static
371146,1,1,0,35,0,0,0,-1,153,89,8,5,8,5,5,10,5,18,18,18,25,34,41,34,1,35,1788973939.4824932,G1,T05,banco2420_movimenti,1,static
371346,1,1,0,35,0,0,0,-1,104,25,116,13,5,5,10,5,8,18,18,13,34,34,41,34,1,35,1788973939.674229,G1,T05,banco2420_movimenti,1,static
371546,1,1,0,35,0,0,0,-1,50,20,72,29,9,8,5,5,5,13,13,13,34,29,41,34,1,35,1788973939.8849058,G1,T05,banco2420_movimenti,1,static
371746,1,1,0,35,0,0,0,-1,65,34,20,5,9,8,5,8,5,20,20,10,25,29,41,25,1,35,1788973940.0747921,G1,T05,banco2420_movimenti,1,static
371946,1,1,0,35,0,0,0,-1,178,64,29,25,8,8,5,8,5,20,18,13,25,34,41,34,1,35,1788973940.2869096,G1,T05,banco2420_movimenti,1,static
372146,1,1,0,35,0,0,0,-1,149,85,10,10,13,8,8,10,5,20,13,10,32,34,41,25,1,35,1788973940.4755478,G1,T05,banco2420_movimenti,1,static
372346,1,1,0,35,0,0,0,-1,101,26,40,10,9,5,5,8,9,20,18,20,34,34,41,25,1,35,1788973940.683775,G1,T05,banco2420_movimenti,1,static
372546,1,1,0,35,0,0,0,-1,106,29,37,8,8,5,9,5,10,13,25,13,29,34,41,25,1,35,1788973940.88693,G1,T05,banco2420_movimenti,1,static
372746,1,1,0,35,0,0,0,-1,65,52,34,8,8,5,5,5,5,13,18,20,34,34,41,25,1,35,1788973941.0849745,G1,T05,banco2420_movimenti,1,static
372946,1,1,0,67,0,0,0,-1,53,97,41,13,10,10,5,5,5,13,13,20,34,34,41,25,1,67,1788973941.2885685,G1,T05,banco2420_movimenti,1,static
373146,1,1,0,67,0,0,0,-1,260,146,82,10,5,5,5,5,5,13,13,20,34,41,41,25,1,67,1788973941.4835827,G1,T05,banco2420_movimenti,1,static
373346,1,1,0,67,0,0,0,-1,340,218,8,8,8,5,5,10,5,13,13,17,34,41,41,34,1,67,1788973941.6755285,G1,T05,banco2420_movimenti,1,static
373546,1,1,0,67,0,0,0,-1,146,36,8,4,13,5,5,5,5,20,13,20,34,34,41,34,1,67,1788973941.883726,G1,T05,banco2420_movimenti,1,static
373746,1,1,0,67,0,0,0,-1,325,250,41,25,8,10,5,8,5,13,13,20,41,34,41,25,1,67,1788973942.075886,G1,T05,banco2420_movimenti,1,static
373946,1,1,0,67,0,0,0,-1,125,122,13,9,13,10,8,5,10,13,18,13,45,25,41,34,1,67,1788973942.2890978,G1,T05,banco2420_movimenti,1,static
374146,1,1,0,67,0,0,0,-1,68,80,34,20,13,8,13,10,5,13,18,20,34,34,41,34,1,67,1788973942.4755607,G1,T05,banco2420_movimenti,1,static
374346,1,1,0,67,0,0,0,-1,449,212,53,13,13,8,5,10,9,8,13,29,34,34,41,32,1,67,1788973942.6833143,G1,T05,banco2420_movimenti,1,static
374546,1,1,0,67,0,0,0,-1,50,125,5,8,13,10,5,8,17,10,18,10,29,34,41,25,1,67,1788973942.8747225,G1,T05,banco2420_movimenti,1,static
374746,1,1,0,67,0,0,0,-1,229,178,45,10,8,5,8,9,9,18,25,5,29,34,41,25,1,67,1788973943.0829983,G1,T05,banco2420_movimenti,1,static
374946,1,1,0,67,0,0,0,-1,145,65,100,8,13,5,5,5,10,13,20,17,34,34,50,20,1,67,1788973943.288393,G1,T05,banco2420_movimenti,1,static
375146,1,1,0,67,0,0,0,-1,130,73,90,10,10,10,8,5,9,18,18,20,34,34,50,20,1,67,1788973943.482947,G1,T05,banco2420_movimenti,1,static
375346,1,1,0,67,0,0,0,-1,130,185,32,10,10,8,9,5,9,13,18,20,34,34,41,25,1,67,1788973943.674595,G1,T05,banco2420_movimenti,1,static
375546,1,1,0,58,0,0,0,-1,32,65,17,25,10,8,8,8,10,20,13,20,34,34,41,25,1,58,1788973943.882727,G1,T05,banco2420_movimenti,1,static
375746,1,1,0,58,0,0,0,-1,65,40,8,20,13,8,5,8,10,13,18,20,34,34,32,25,1,58,1788973944.0748584,G1,T05,banco2420_movimenti,1,static
375946,1,1,0,58,0,0,0,-1,73,74,85,9,13,8,5,10,5,25,25,20,34,34,41,25,1,58,1788973944.2829583,G1,T05,banco2420_movimenti,1,static
376146,1,1,0,58,0,0,0,-1,65,130,61,9,10,5,8,5,5,13,18,13,34,25,41,34,1,58,1788973944.4743452,G1,T05,banco2420_movimenti,1,static
376346,1,1,0,58,0,0,0,-1,157,218,45,8,8,5,10,5,13,13,13,13,45,41,41,34,1,58,1788973944.6809013,G1,T05,banco2420_movimenti,1,static
376546,1,1,0,58,0,0,0,-1,29,100,149,10,13,13,8,10,10,13,18,13,25,34,41,34,1,58,1788973944.888646,G1,T05,banco2420_movimenti,1,static
376746,1,1,0,58,0,0,0,-1,234,122,32,8,5,8,10,9,5,18,18,13,34,34,41,34,1,58,1788973945.0800228,G1,T05,banco2420_movimenti,1,static
376946,1,1,0,58,0,0,0,-1,117,53,50,26,8,8,10,5,10,13,18,20,34,25,29,34,1,58,1788973945.2870297,G1,T05,banco2420_movimenti,1,static
377146,1,1,0,58,0,0,0,-1,104,180,34,10,10,5,5,5,10,10,13,29,34,25,41,34,1,58,1788973945.4784417,G1,T05,banco2420_movimenti,1,static
377346,1,1,0,58,0,0,0,-1,80,82,34,8,8,4,13,13,9,18,18,20,34,41,41,32,1,58,1788973945.6868339,G1,T05,banco2420_movimenti,1,static
377546,1,1,0,58,0,0,0,-1,82,52,16,13,9,8,5,10,8,13,18,17,34,45,41,34,1,58,1788973945.8787668,G1,T05,banco2420_movimenti,1,static
377746,1,1,0,58,0,0,0,-1,178,41,9,17,8,8,5,5,9,20,25,20,34,45,41,34,1,58,1788973946.0859914,G1,T05,banco2420_movimenti,1,static
377946,1,1,0,58,0,0,0,-1,125,130,17,17,10,5,5,5,5,13,13,20,25,45,41,34,1,58,1788973946.2775357,G1,T05,banco2420_movimenti,1,static
378146,1,1,0,58,0,0,0,-1,148,65,40,10,10,8,13,8,10,25,18,20,25,34,41,34,1,58,1788973946.4865801,G1,T05,banco2420_movimenti,1,static
378346,1,1,0,58,0,0,0,-1,72,80,100,18,13,13,9,8,9,13,18,20,34,34,41,34,1,58,1788973946.6781824,G1,T05,banco2420_movimenti,1,static
378546,1,1,0,58,0,0,0,-1,233,25,65,10,4,5,5,5,16,10,13,20,25,34,41,34,1,58,1788973946.8865373,G1,T05,banco2420_movimenti,1,static
378746,1,1,0,58,0,0,0,-1,369,130,8,8,9,8,5,5,9,13,20,17,34,34,41,34,1,58,1788973947.0792346,G1,T05,banco2420_movimenti,1,static
378946,1,1,0,58,0,0,0,-1,45,185,106,17,10,8,5,5,10,13,18,20,34,34,41,34,1,58,1788973947.286555,G1,T05,banco2420_movimenti,1,static
379146,1,1,0,58,0,0,0,-1,50,193,106,10,10,8,5,5,10,10,13,17,34,34,32,34,1,58,1788973947.4788966,G1,T05,banco2420_movimenti,1,static
379346,1,1,0,58,0,0,0,-1,45,37,29,8,5,5,5,8,10,13,13,20,34,34,32,34,1,58,1788973947.686438,G1,T05,banco2420_movimenti,1,static
379546,1,1,0,58,0,0,0,-1,137,180,121,16,5,5,5,5,17,18,18,13,25,34,41,34,1,58,1788973947.8779771,G1,T05,banco2420_movimenti,1,static
379746,1,1,0,58,0,0,0,-1,146,104,73,20,5,8,8,5,10,8,13,20,34,45,41,34,1,58,1788973948.085414,G1,T05,banco2420_movimenti,1,static
379946,1,1,0,58,0,0,0,-1,58,100,8,10,8,9,8,8,10,13,13,20,34,34,41,25,1,58,1788973948.2768888,G1,T05,banco2420_movimenti,1,static
380146,1,1,0,58,0,0,0,-1,229,162,61,20,9,10,5,10,5,10,13,20,34,34,41,34,1,58,1788973948.4846015,G1,T05,banco2420_movimenti,1,static
380346,1,1,0,58,0,0,0,-1,173,85,58,10,13,10,5,10,10,8,13,20,34,34,41,34,1,58,1788973948.6761274,G1,T05,banco2420_movimenti,1,static
380546,1,1,0,65,0,0,0,-1,72,173,50,9,8,10,10,10,5,13,13,13,34,34,32,25,1,65,1788973948.8841808,G1,T05,banco2420_movimenti,1,static
380746,1,1,0,65,0,0,0,-1,130,149,65,5,13,8,5,10,5,13,25,20,34,34,32,25,1,65,1788973949.0774937,G1,T05,banco2420_movimenti,1,static
380946,1,1,0,65,0,0,0,-1,97,125,136,34,18,9,5,9,17,10,18,17,34,34,32,25,1,65,1788973949.2860615,G1,T05,banco2420_movimenti,1,static
381146,1,1,0,65,0,0,0,-1,200,178,68,25,13,8,5,5,10,13,13,13,29,34,32,25,1,65,1788973949.4772375,G1,T05,banco2420_movimenti,1,static
381346,1,1,0,65,0,0,0,-1,85,146,53,10,8,5,10,9,10,18,13,25,34,34,41,25,1,65,1788973949.684118,G1,T05,banco2420_movimenti,1,static
381546,1,1,0,65,0,0,0,-1,104,181,34,8,5,5,5,5,10,18,17,17,34,41,41,25,1,65,1788973949.8757136,G1,T05,banco2420_movimenti,1,static
381746,1,1,0,65,0,0,0,-1,170,89,80,5,5,8,5,8,5,13,13,25,34,34,41,25,1,65,1788973950.082947,G1,T05,banco2420_movimenti,1,static
381946,1,1,0,65,0,0,0,-1,164,52,9,13,8,5,10,5,4,13,18,20,34,34,41,25,1,65,1788973950.2750187,G1,T05,banco2420_movimenti,1,static
382146,1,1,0,65,0,0,0,-1,82,50,45,13,13,5,8,8,5,13,18,13,34,34,25,20,1,65,1788973950.4837322,G1,T05,banco2420_movimenti,1,static
382346,1,1,0,65,0,0,0,-1,193,34,13,10,5,5,8,5,9,13,18,13,34,34,32,20,1,65,1788973950.6755598,G1,T05,banco2420_movimenti,1,static
382546,1,1,0,65,0,0,0,-1,170,185,73,18,5,5,8,9,10,18,18,13,34,34,41,34,1,65,1788973950.8837745,G1,T05,banco2420_movimenti,1,static
382746,1,1,0,65,0,0,0,-1,68,68,13,8,5,8,5,5,17,8,18,13,34,34,41,34,1,65,1788973951.0758786,G1,T05,banco2420_movimenti,1,static
382946,1,1,0,65,0,0,0,-1,250,221,98,8,8,8,8,10,10,25,18,13,34,34,41,25,1,65,1788973951.2843812,G1,T05,banco2420_movimenti,1,static
383146,1,1,0,65,0,0,0,-1,202,106,58,9,8,9,5,9,9,13,13,13,34,34,32,25,1,65,1788973951.4787328,G1,T05,banco2420_movimenti,1,static
383346,1,1,0,65,0,0,0,-1,116,82,52,9,13,5,5,5,10,13,18,13,34,45,41,34,1,65,1788973951.6838362,G1,T05,banco2420_movimenti,1,static
383546,1,1,0,65,0,0,0,-1,32,50,53,5,9,13,8,5,10,13,18,25,34,34,41,34,1,65,1788973951.8812258,G1,T05,banco2420_movimenti,1,static
383746,1,1,0,65,0,0,0,-1,250,106,18,13,18,10,10,8,9,13,13,20,34,34,41,25,1,65,1788973952.0823574,G1,T05,banco2420_movimenti,1,static
383946,1,1,0,65,0,0,0,-1,97,109,157,20,13,10,8,8,8,13,13,20,34,34,41,25,1,65,1788973952.2833447,G1,T05,banco2420_movimenti,1,static
384146,1,1,0,65,0,0,0,-1,153,65,36,9,8,8,5,9,5,13,18,20,29,25,41,25,1,65,1788973952.48466,G1,T05,banco2420_movimenti,1,static
384346,1,1,0,65,0,0,0,-1,53,72,50,13,8,10,10,5,5,13,18,10,34,34,32,25,1,65,1788973952.6862364,G1,T05,banco2420_movimenti,1,static
384546,1,1,0,65,0,0,0,-1,261,148,25,8,8,8,9,5,5,13,18,20,34,34,41,34,1,65,1788973952.8875463,G1,T05,banco2420_movimenti,1,static
384746,1,1,0,65,0,0,0,-1,74,157,65,8,8,5,8,9,5,13,18,20,34,34,41,34,1,65,1788973953.0886836,G1,T05,banco2420_movimenti,1,static
384946,1,1,0,65,0,0,0,-1,65,37,18,25,13,8,10,8,9,25,18,20,29,34,41,34,1,65,1788973953.288401,G1,T05,banco2420_movimenti,1,static
385146,1,1,0,65,0,0,0,-1,72,117,8,10,8,8,5,5,13,18,18,20,34,34,41,34,1,65,1788973953.4884183,G1,T05,banco2420_movimenti,1,static
385346,1,1,0,65,0,0,0,-1,250,109,17,5,9,13,8,8,10,18,13,20,41,34,50,34,1,65,1788973953.6796913,G1,T05,banco2420_movimenti,1,static
385546,1,1,0,51,0,0,0,-1,137,185,65,10,8,8,13,8,13,18,18,20,41,34,50,34,1,51,1788973953.8872454,G1,T05,banco2420_movimenti,1,static
385746,1,1,0,51,0,0,0,-1,293,85,25,5,8,5,5,5,13,17,13,20,34,34,52,34,1,51,1788973954.0789864,G1,T05,banco2420_movimenti,1,static
385946,1,1,0,51,0,0,0,-1,305,104,34,8,8,5,8,8,17,13,18,20,34,41,52,34,1,51,1788973954.2860615,G1,T05,banco2420_movimenti,1,static
386146,1,1,0,51,0,0,0,-1,325,109,109,5,8,8,5,5,10,13,13,20,34,34,41,34,1,51,1788973954.4778101,G1,T05,banco2420_movimenti,1,static
386346,1,1,0,51,0,0,0,-1,130,50,20,5,10,5,5,5,9,13,18,13,34,25,41,41,1,51,1788973954.6864614,G1,T05,banco2420_movimenti,1,static
386546,1,1,0,51,0,0,0,-1,170,197,73,13,8,5,5,8,10,13,25,13,34,34,41,25,1,51,1788973954.8782194,G1,T05,banco2420_movimenti,1,static
386746,1,1,0,51,0,0,0,-1,41,58,26,32,8,5,8,9,5,20,25,13,34,34,41,34,1,51,1788973955.0869174,G1,T05,banco2420_movimenti,1,static
386946,1,1,0,51,0,0,0,-1,106,170,5,5,8,8,5,5,10,13,18,20,34,41,41,34,1,51,1788973955.2791882,G1,T05,banco2420_movimenti,1,static
387146,1,1,0,51,0,0,0,-1,97,32,10,5,8,8,8,8,10,13,25,13,34,41,52,34,1,51,1788973955.4865036,G1,T05,banco2420_movimenti,1,static
387346,1,1,0,51,0,0,0,-1,145,58,52,8,10,9,5,8,9,13,13,20,25,41,41,34,1,51,1788973955.6782732,G1,T05,banco2420_movimenti,1,static
387546,1,1,0,35,0,0,0,-1,200,149,26,9,10,8,8,5,9,10,13,13,29,25,41,34,1,35,1788973955.8869815,G1,T05,banco2420_movimenti,1,static
387746,1,1,0,52,0,0,0,-1,65,106,8,10,8,5,8,4,10,13,13,13,40,34,41,34,1,52,1788973956.0772662,G1,T05,banco2420_movimenti,1,static
387946,1,1,0,52,0,0,0,-1,90,52,98,10,8,10,10,5,17,13,18,13,34,45,50,29,1,52,1788973956.2834392,G1,T05,banco2420_movimenti,1,static
388146,1,1,0,52,0,0,0,-1,68,25,68,20,8,5,8,5,10,13,18,17,34,34,50,25,1,52,1788973956.4754267,G1,T05,banco2420_movimenti,1,static
388346,1,1,0,52,0,0,0,-1,106,41,106,20,5,8,8,5,9,13,18,17,34,34,50,25,1,52,1788973956.6824512,G1,T05,banco2420_movimenti,1,static
388546,1,1,0,52,0,0,0,-1,85,136,53,10,13,8,8,10,9,13,18,17,34,34,52,34,1,52,1788973956.889716,G1,T05,banco2420_movimenti,1,static
388746,1,1,0,52,0,0,0,-1,74,68,20,8,10,5,10,8,10,13,25,10,34,34,41,34,1,52,1788973957.0834258,G1,T05,banco2420_movimenti,1,static
388946,1,1,0,52,0,0,0,-1,212,117,40,10,5,8,10,9,5,13,18,20,34,34,41,34,1,52,1788973957.2893581,G1,T05,banco2420_movimenti,1,static
389146,1,1,0,52,0,0,0,-1,65,117,25,8,5,5,5,9,5,13,25,20,34,34,50,29,1,52,1788973957.4815824,G1,T05,banco2420_movimenti,1,static
389346,1,1,0,55,0,0,0,-1,100,157,52,10,8,8,5,8,10,13,25,25,34,41,50,34,1,55,1788973957.6896112,G1,T05,banco2420_movimenti,1,static
389546,1,1,0,55,0,0,0,-1,130,68,52,26,10,5,5,9,17,13,18,20,34,41,41,41,1,55,1788973957.8794377,G1,T05,banco2420_movimenti,1,static
389746,1,1,0,35,0,0,0,-1,365,130,25,13,5,5,5,5,10,13,18,13,34,20,41,34,1,35,1788973958.0873177,G1,T05,banco2420_movimenti,1,static
389946,1,1,0,35,0,0,0,-1,82,145,80,5,5,8,5,5,9,13,13,20,45,41,41,25,1,35,1788973958.2794755,G1,T05,banco2420_movimenti,1,static
390146,1,1,0,35,0,0,0,-1,74,113,128,13,8,5,5,5,9,13,13,20,34,18,32,25,1,35,1788973958.4879723,G1,T05,banco2420_movimenti,1,static
390346,1,1,0,35,0,0,0,-1,292,53,82,13,5,5,5,5,9,13,13,20,34,34,32,25,1,35,1788973958.682761,G1,T05,banco2420_movimenti,1,static
390546,1,1,0,35,0,0,0,-1,281,145,9,9,8,5,5,5,10,13,13,17,34,41,41,29,1,35,1788973958.8880415,G1,T05,banco2420_movimenti,1,static
390746,1,1,0,35,0,0,0,-1,130,101,45,5,13,5,9,9,8,13,20,10,29,32,41,41,1,35,1788973959.079628,G1,T05,banco2420_movimenti,1,static
390946,1,1,0,35,0,0,0,-1,125,113,130,25,13,8,5,9,8,13,13,20,29,25,34,34,1,35,1788973959.2873807,G1,T05,banco2420_movimenti,1,static
391146,1,1,0,35,0,0,0,-1,52,52,50,9,18,8,10,8,9,13,13,20,41,34,32,41,1,35,1788973959.479962,G1,T05,banco2420_movimenti,1,static
391346,1,1,0,35,0,0,0,-1,205,202,148,9,8,8,8,5,13,13,8,13,34,34,41,34,1,35,1788973959.6883223,G1,T05,banco2420_movimenti,1,static
391546,1,1,0,35,0,0,0,-1,164,130,26,5,5,5,5,5,9,8,10,20,25,34,41,29,1,35,1788973959.8805988,G1,T05,banco2420_movimenti,1,static
391746,1,1,0,35,0,0,0,-1,117,125,34,5,5,8,5,5,5,18,18,17,25,34,41,29,1,35,1788973960.0885694,G1,T05,banco2420_movimenti,1,static
391946,1,1,0,46,0,0,0,-1,122,148,65,8,8,5,10,5,5,18,18,13,25,20,41,25,1,46,1788973960.2804296,G1,T05,banco2420_movimenti,1,static
392146,1,1,0,46,0,0,0,-1,136,136,8,5,10,8,5,8,5,18,18,20,25,34,41,25,1,46,1788973960.4880557,G1,T05,banco2420_movimenti,1,static
392346,1,1,0,35,0,0,0,-1,626,212,52,13,8,10,5,5,5,13,18,13,25,34,41,34,1,35,1788973960.6840868,G1,T05,banco2420_movimenti,1,static
392546,1,1,0,35,0,0,0,-1,26,13,9,5,5,8,5,5,9,13,25,25,34,34,41,34,1,35,1788973960.8880405,G1,T05,banco2420_movimenti,1,static
392746,1,1,0,35,0,0,0,-1,50,20,26,13,5,5,9,10,9,13,18,25,34,41,41,34,1,35,1788973961.0794525,G1,T05,banco2420_movimenti,1,static
392946,1,1,0,35,0,0,0,-1,113,100,65,8,9,5,8,13,10,13,13,18,34,41,41,25,1,35,1788973961.2873504,G1,T05,banco2420_movimenti,1,static
393146,1,1,0,35,0,0,0,-1,68,34,64,9,8,8,8,9,5,20,25,26,34,52,41,25,1,35,1788973961.4793885,G1,T05,banco2420_movimenti,1,static
393346,1,1,0,35,0,0,0,-1,145,145,29,18,10,5,8,10,9,13,13,29,34,52,50,25,1,35,1788973961.6871886,G1,T05,banco2420_movimenti,1,static
393546,1,1,0,35,0,0,0,-1,180,74,53,10,8,9,5,9,8,13,18,17,25,29,41,25,1,35,1788973961.8790615,G1,T05,banco2420_movimenti,1,static
393746,1,1,0,68,0,0,0,-1,40,148,98,10,10,9,5,10,10,13,25,17,25,29,32,34,1,68,1788973962.0872512,G1,T05,banco2420_movimenti,1,static
393946,1,1,0,68,0,0,0,-1,325,68,61,9,8,5,5,5,10,13,13,20,34,29,32,34,1,68,1788973962.2795002,G1,T05,banco2420_movimenti,1,static
