timestamp_ms,radar_presence,moving_target,stationary_target,moving_distance_cm,stationary_distance_cm,moving_energy,stationary_energy,pir_presence,energy2420_gate0,energy2420_gate1,energy2420_gate2,energy2420_gate3,energy2420_gate4,energy2420_gate5,energy2420_gate6,energy2420_gate7,energy2420_gate8,energy2420_gate9,energy2420_gate10,energy2420_gate11,energy2420_gate12,energy2420_gate13,energy2420_gate14,energy2420_gate15,frames_ok,dist_raw_cm,pc_time_s,group_id,trial_id,scenario,ground_truth_presence,ground_truth_state
1953,1,1,0,195,0,0,0,-1,106,25,36,10,9,5,8,8,32,41,41,85,41,72,98,50,1,195,1788885836.9453585,G1,T01,gmin3_1m,1,moving
2153,1,1,0,195,0,0,0,-1,106,34,41,5,10,8,13,10,41,41,41,72,41,72,85,50,1,195,1788885837.136677,G1,T01,gmin3_1m,1,moving
2353,1,1,0,195,0,0,0,-1,101,18,10,13,9,9,8,10,41,34,41,72,41,72,85,61,1,195,1788885837.3435175,G1,T01,gmin3_1m,1,moving
2553,1,1,0,195,0,0,0,-1,58,18,74,5,8,8,5,10,41,41,52,72,41,72,85,61,1,195,1788885837.5357747,G1,T01,gmin3_1m,1,moving
2753,1,1,0,195,0,0,0,-1,89,25,20,13,5,4,5,13,50,41,32,72,50,72,85,61,1,195,1788885837.7439373,G1,T01,gmin3_1m,1,moving
2953,1,1,0,195,0,0,0,-1,90,29,106,26,8,5,13,9,50,41,52,72,41,72,85,50,1,195,1788885837.9353466,G1,T01,gmin3_1m,1,moving
3153,1,1,0,195,0,0,0,-1,145,45,58,8,8,8,10,9,41,32,34,72,41,72,72,61,1,195,1788885838.1431468,G1,T01,gmin3_1m,1,moving
3353,1,1,0,195,0,0,0,-1,160,137,29,13,8,5,8,13,41,41,52,72,34,72,72,61,1,195,1788885838.3353047,G1,T01,gmin3_1m,1,moving
3553,1,1,0,195,0,0,0,-1,80,26,26,18,9,5,8,13,50,32,41,72,34,72,85,61,1,195,1788885838.5427423,G1,T01,gmin3_1m,1,moving
3753,1,1,0,195,0,0,0,-1,250,61,9,8,8,5,8,13,50,32,34,85,41,72,72,61,1,195,1788885838.7343302,G1,T01,gmin3_1m,1,moving
3953,1,1,0,195,0,0,0,-1,29,20,41,13,13,8,13,10,50,32,34,72,41,72,85,72,1,195,1788885838.9413836,G1,T01,gmin3_1m,1,moving
4153,1,1,0,195,0,0,0,-1,104,64,25,5,10,5,8,8,41,41,41,85,50,72,85,72,1,195,1788885839.1337497,G1,T01,gmin3_1m,1,moving
4353,1,1,0,195,0,0,0,-1,58,26,10,5,5,9,13,13,41,32,34,72,50,72,72,61,1,195,1788885839.3422587,G1,T01,gmin3_1m,1,moving
4553,1,1,0,195,0,0,0,-1,50,29,36,10,5,5,8,13,41,32,34,85,50,72,61,61,1,195,1788885839.5333643,G1,T01,gmin3_1m,1,moving
4753,1,1,0,195,0,0,0,-1,122,116,17,8,8,8,8,13,50,32,34,85,50,85,85,61,1,195,1788885839.7433257,G1,T01,gmin3_1m,1,moving
4953,1,1,0,195,0,0,0,-1,169,137,82,17,5,5,8,13,50,32,34,85,41,74,85,61,1,195,1788885839.9339566,G1,T01,gmin3_1m,1,moving
5153,1,1,0,195,0,0,0,-1,81,18,20,26,8,8,13,25,50,32,34,72,41,74,85,61,1,195,1788885840.1334515,G1,T01,gmin3_1m,1,moving
5353,1,1,0,195,0,0,0,-1,146,52,13,26,8,5,5,13,50,41,41,72,32,85,85,61,1,195,1788885840.3422294,G1,T01,gmin3_1m,1,moving
5553,1,1,0,195,0,0,0,-1,109,52,61,9,9,5,10,18,50,32,34,72,32,85,72,50,1,195,1788885840.5342808,G1,T01,gmin3_1m,1,moving
5753,1,1,0,195,0,0,0,-1,53,61,9,26,9,5,10,13,32,32,34,72,32,72,72,50,1,195,1788885840.7426124,G1,T01,gmin3_1m,1,moving
5953,1,1,0,195,0,0,0,-1,101,41,34,13,9,4,13,13,50,32,41,72,32,72,72,61,1,195,1788885840.933921,G1,T01,gmin3_1m,1,moving
6153,1,1,0,195,0,0,0,-1,49,16,29,13,5,5,8,13,41,32,41,85,41,72,72,61,1,195,1788885841.1426263,G1,T01,gmin3_1m,1,moving
6353,1,1,0,195,0,0,0,-1,130,74,34,17,8,8,10,10,41,25,29,61,41,72,72,50,1,195,1788885841.3354418,G1,T01,gmin3_1m,1,moving
6553,1,1,0,195,0,0,0,-1,148,45,52,13,5,5,10,5,41,32,34,72,41,72,85,61,1,195,1788885841.5429387,G1,T01,gmin3_1m,1,moving
6753,1,1,0,195,0,0,0,-1,106,10,17,10,9,5,10,8,50,32,34,61,41,85,72,61,1,195,1788885841.7351384,G1,T01,gmin3_1m,1,moving
6953,1,1,0,195,0,0,0,-1,40,20,61,13,5,10,8,8,52,32,34,61,32,72,72,50,1,195,1788885841.9436727,G1,T01,gmin3_1m,1,moving
7153,1,1,0,195,0,0,0,-1,89,40,80,13,5,5,8,13,50,41,41,72,50,85,72,61,1,195,1788885842.1348476,G1,T01,gmin3_1m,1,moving
7353,1,1,0,195,0,0,0,-1,73,41,13,13,8,8,13,8,34,41,41,85,41,72,72,50,1,195,1788885842.3428917,G1,T01,gmin3_1m,1,moving
7553,1,1,0,195,0,0,0,-1,58,16,9,17,10,5,18,8,41,32,34,85,50,85,85,50,1,195,1788885842.5349534,G1,T01,gmin3_1m,1,moving
7753,1,1,0,195,0,0,0,-1,68,18,97,34,10,10,10,13,41,32,34,72,32,72,85,61,1,195,1788885842.742709,G1,T01,gmin3_1m,1,moving
7953,1,1,0,195,0,0,0,-1,148,50,25,10,5,5,13,13,41,32,41,72,41,72,74,61,1,195,1788885842.933236,G1,T01,gmin3_1m,1,moving
8153,1,1,0,195,0,0,0,-1,89,73,18,5,5,5,13,13,41,34,34,72,50,85,74,50,1,195,1788885843.1411254,G1,T01,gmin3_1m,1,moving
8353,1,1,0,195,0,0,0,-1,41,34,25,9,8,8,13,10,29,41,34,72,41,72,85,61,1,195,1788885843.333945,G1,T01,gmin3_1m,1,moving
8553,1,1,0,195,0,0,0,-1,125,73,13,13,8,5,9,13,32,41,41,85,41,72,85,61,1,195,1788885843.5424886,G1,T01,gmin3_1m,1,moving
8753,1,1,0,195,0,0,0,-1,50,13,13,10,8,8,10,10,32,41,41,72,41,72,85,61,1,195,1788885843.733394,G1,T01,gmin3_1m,1,moving
8953,1,1,0,195,0,0,0,-1,82,41,61,10,10,8,10,13,32,41,41,72,41,61,72,61,1,195,1788885843.9411478,G1,T01,gmin3_1m,1,moving
9153,1,1,0,195,0,0,0,-1,104,25,52,20,13,8,13,13,34,41,41,72,41,61,72,61,1,195,1788885844.1327498,G1,T01,gmin3_1m,1,moving
9353,1,1,0,195,0,0,0,-1,52,41,37,9,8,5,5,13,32,25,25,72,41,72,85,61,1,195,1788885844.3402898,G1,T01,gmin3_1m,1,moving
9553,1,1,0,195,0,0,0,-1,97,81,100,41,13,8,10,13,41,25,45,72,50,72,72,61,1,195,1788885844.5463662,G1,T01,gmin3_1m,1,moving
9753,1,1,0,195,0,0,0,-1,125,37,90,9,8,8,9,13,32,32,41,85,41,72,72,61,1,195,1788885844.7375832,G1,T01,gmin3_1m,1,moving
9953,1,1,0,195,0,0,0,-1,58,52,136,17,8,5,10,8,41,41,34,72,32,72,72,61,1,195,1788885844.9453163,G1,T01,gmin3_1m,1,moving
10153,1,1,0,195,0,0,0,-1,82,49,18,9,5,10,13,13,41,32,34,72,41,72,72,50,1,195,1788885845.1367326,G1,T01,gmin3_1m,1,moving
10353,1,1,0,195,0,0,0,-1,65,13,29,13,8,5,5,13,41,41,45,72,41,72,85,50,1,195,1788885845.3457627,G1,T01,gmin3_1m,1,moving
10553,1,1,0,195,0,0,0,-1,50,89,41,13,5,5,8,13,41,52,52,72,32,85,74,50,1,195,1788885845.5381808,G1,T01,gmin3_1m,1,moving
10753,1,1,0,195,0,0,0,-1,50,13,32,20,5,5,5,20,41,41,41,72,32,72,74,50,1,195,1788885845.745279,G1,T01,gmin3_1m,1,moving
10953,1,1,0,195,0,0,0,-1,45,37,82,8,10,8,8,13,32,32,34,85,34,72,85,61,1,195,1788885845.9362812,G1,T01,gmin3_1m,1,moving
11153,1,1,0,195,0,0,0,-1,68,41,73,5,10,5,8,10,25,41,45,61,45,74,85,61,1,195,1788885846.1444306,G1,T01,gmin3_1m,1,moving
11353,1,1,0,195,0,0,0,-1,18,25,40,29,5,8,8,10,32,25,34,72,50,72,61,61,1,195,1788885846.3368237,G1,T01,gmin3_1m,1,moving
11553,1,1,0,195,0,0,0,-1,73,20,45,25,5,8,13,18,52,25,34,72,41,72,72,50,1,195,1788885846.5449057,G1,T01,gmin3_1m,1,moving
11753,1,1,0,195,0,0,0,-1,53,20,18,29,8,8,10,13,41,32,34,85,41,72,72,41,1,195,1788885846.7375157,G1,T01,gmin3_1m,1,moving
11953,1,1,0,195,0,0,0,-1,169,37,18,10,10,5,13,13,50,41,34,72,41,72,72,61,1,195,1788885846.9458857,G1,T01,gmin3_1m,1,moving
12153,1,1,0,195,0,0,0,-1,269,116,49,9,8,5,10,13,50,32,34,72,41,72,85,72,1,195,1788885847.1371295,G1,T01,gmin3_1m,1,moving
12353,1,1,0,195,0,0,0,-1,65,17,53,10,13,10,13,8,50,50,41,72,41,85,72,61,1,195,1788885847.3447008,G1,T01,gmin3_1m,1,moving
12553,1,1,0,195,0,0,0,-1,53,17,18,8,8,5,13,13,50,41,34,72,50,72,85,61,1,195,1788885847.53759,G1,T01,gmin3_1m,1,moving
12753,1,1,0,195,0,0,0,-1,181,85,52,5,8,5,8,13,41,41,45,72,50,72,85,61,1,195,1788885847.7449288,G1,T01,gmin3_1m,1,moving
12953,1,1,0,195,0,0,0,-1,49,26,8,10,5,5,8,13,32,41,34,72,50,72,72,61,1,195,1788885847.9370394,G1,T01,gmin3_1m,1,moving
13153,1,1,0,195,0,0,0,-1,98,36,74,10,8,8,13,10,50,41,34,85,41,72,72,61,1,195,1788885848.1449594,G1,T01,gmin3_1m,1,moving
13353,1,1,0,195,0,0,0,-1,85,36,65,17,10,5,10,13,50,50,34,72,32,72,72,61,1,195,1788885848.337353,G1,T01,gmin3_1m,1,moving
13553,1,1,0,195,0,0,0,-1,85,41,29,13,10,5,10,18,50,34,34,61,41,72,72,61,1,195,1788885848.545879,G1,T01,gmin3_1m,1,moving
13753,1,1,0,195,0,0,0,-1,74,65,73,20,10,10,10,18,41,32,41,74,41,72,72,61,1,195,1788885848.7375588,G1,T01,gmin3_1m,1,moving
13953,1,1,0,195,0,0,0,-1,52,9,10,13,8,5,10,13,41,41,34,74,50,85,72,61,1,195,1788885848.945865,G1,T01,gmin3_1m,1,moving
14153,1,1,0,195,0,0,0,-1,34,58,58,9,8,5,9,13,41,34,45,85,41,85,85,50,1,195,1788885849.1392772,G1,T01,gmin3_1m,1,moving
14353,1,1,0,195,0,0,0,-1,208,40,61,10,8,5,13,18,32,41,45,85,41,85,85,50,1,195,1788885849.3463726,G1,T01,gmin3_1m,1,moving
14553,1,1,0,195,0,0,0,-1,45,45,25,8,13,8,10,13,41,41,34,72,41,85,72,50,1,195,1788885849.5381668,G1,T01,gmin3_1m,1,moving
14753,1,1,0,195,0,0,0,-1,26,20,85,13,10,5,5,17,41,34,34,72,41,72,72,50,1,195,1788885849.745401,G1,T01,gmin3_1m,1,moving
14953,1,1,0,195,0,0,0,-1,72,73,26,13,10,8,10,13,50,41,34,72,41,85,85,50,1,195,1788885849.9375281,G1,T01,gmin3_1m,1,moving
15153,1,1,0,195,0,0,0,-1,104,85,74,9,8,5,5,10,41,41,34,72,32,72,85,61,1,195,1788885850.145422,G1,T01,gmin3_1m,1,moving
15353,1,1,0,195,0,0,0,-1,125,58,26,8,8,5,17,13,52,29,45,85,50,72,85,61,1,195,1788885850.3371406,G1,T01,gmin3_1m,1,moving
15553,1,1,0,195,0,0,0,-1,49,40,74,5,5,8,10,13,41,41,52,74,41,72,72,61,1,195,1788885850.5455854,G1,T01,gmin3_1m,1,moving
15753,1,1,0,195,0,0,0,-1,53,36,65,10,5,5,17,25,61,34,34,98,50,72,72,50,1,195,1788885850.7396927,G1,T01,gmin3_1m,1,moving
15953,1,1,0,195,0,0,0,-1,260,58,25,13,8,5,8,16,34,41,34,85,41,61,72,50,1,195,1788885850.9460027,G1,T01,gmin3_1m,1,moving
16153,1,1,0,195,0,0,0,-1,106,64,40,13,10,5,5,8,34,41,34,74,32,61,72,50,1,195,1788885851.1389294,G1,T01,gmin3_1m,1,moving
16353,1,1,0,195,0,0,0,-1,52,17,58,13,10,8,9,16,41,41,34,85,41,72,85,61,1,195,1788885851.3314462,G1,T01,gmin3_1m,1,moving
16553,1,1,0,195,0,0,0,-1,145,25,61,10,5,5,8,10,41,32,34,72,32,72,72,50,1,195,1788885851.539089,G1,T01,gmin3_1m,1,moving
16753,1,1,0,195,0,0,0,-1,153,58,80,20,13,13,8,10,41,32,34,72,32,72,72,61,1,195,1788885851.7469182,G1,T01,gmin3_1m,1,moving
16953,1,1,0,195,0,0,0,-1,80,13,10,8,5,8,5,13,50,25,34,61,32,72,72,61,1,195,1788885851.9387836,G1,T01,gmin3_1m,1,moving
17153,1,1,0,195,0,0,0,-1,113,13,20,10,5,8,8,13,41,32,34,72,32,72,85,61,1,195,1788885852.1459916,G1,T01,gmin3_1m,1,moving
17353,1,1,0,195,0,0,0,-1,130,80,29,5,10,9,8,13,41,32,41,85,41,72,72,61,1,195,1788885852.337616,G1,T01,gmin3_1m,1,moving
17553,1,1,0,195,0,0,0,-1,173,85,41,8,13,5,8,10,50,41,34,72,41,72,72,61,1,195,1788885852.5466886,G1,T01,gmin3_1m,1,moving
17753,1,1,0,195,0,0,0,-1,125,61,26,8,8,8,8,20,41,32,34,72,41,72,74,61,1,195,1788885852.742129,G1,T01,gmin3_1m,1,moving
17953,1,1,0,195,0,0,0,-1,64,64,34,9,8,5,10,13,41,34,45,72,41,72,85,61,1,195,1788885852.9310415,G1,T01,gmin3_1m,1,moving
18153,1,1,0,195,0,0,0,-1,45,20,13,20,8,5,8,10,41,32,34,72,41,72,72,61,1,195,1788885853.139131,G1,T01,gmin3_1m,1,moving
18353,1,1,0,195,0,0,0,-1,260,85,20,10,8,5,8,8,32,32,34,61,41,72,72,61,1,195,1788885853.3312132,G1,T01,gmin3_1m,1,moving
18553,1,1,0,195,0,0,0,-1,85,34,13,10,5,8,5,13,41,32,41,72,50,85,72,61,1,195,1788885853.539632,G1,T01,gmin3_1m,1,moving
18753,1,1,0,195,0,0,0,-1,37,18,13,8,9,5,10,18,32,32,34,85,41,61,72,61,1,195,1788885853.7430317,G1,T01,gmin3_1m,1,moving
18953,1,1,0,195,0,0,0,-1,36,25,34,10,10,5,13,9,41,32,34,85,41,72,85,61,1,195,1788885853.938937,G1,T01,gmin3_1m,1,moving
19153,1,1,0,195,0,0,0,-1,20,26,17,8,10,5,8,13,32,32,34,72,41,72,85,61,1,195,1788885854.146136,G1,T01,gmin3_1m,1,moving
19353,1,1,0,195,0,0,0,-1,68,37,34,8,5,8,10,13,41,32,41,72,41,72,72,61,1,195,1788885854.3381834,G1,T01,gmin3_1m,1,moving
19553,1,1,0,195,0,0,0,-1,221,50,13,13,8,5,8,13,41,32,34,72,32,85,72,61,1,195,1788885854.5467274,G1,T01,gmin3_1m,1,moving
19753,1,1,0,195,0,0,0,-1,65,58,5,8,9,8,8,13,32,32,45,72,32,85,85,61,1,195,1788885854.743774,G1,T01,gmin3_1m,1,moving
19953,1,1,0,195,0,0,0,-1,125,73,45,10,8,5,8,13,41,32,45,72,32,85,72,61,1,195,1788885854.9454486,G1,T01,gmin3_1m,1,moving
20153,1,1,0,195,0,0,0,-1,61,37,36,8,10,10,8,13,41,34,45,85,41,72,72,61,1,195,1788885855.136274,G1,T01,gmin3_1m,1,moving
20353,1,1,0,195,0,0,0,-1,65,52,13,10,18,5,5,13,41,41,34,72,41,72,85,61,1,195,1788885855.3439896,G1,T01,gmin3_1m,1,moving
20553,1,1,0,195,0,0,0,-1,122,40,10,8,10,9,20,13,50,41,45,72,41,72,72,61,1,195,1788885855.5351498,G1,T01,gmin3_1m,1,moving
20753,1,1,0,195,0,0,0,-1,65,13,81,18,5,8,13,13,41,41,34,72,41,72,72,50,1,195,1788885855.7453258,G1,T01,gmin3_1m,1,moving
20953,1,1,0,195,0,0,0,-1,109,34,68,17,8,8,10,10,41,41,45,72,32,72,72,61,1,195,1788885855.938045,G1,T01,gmin3_1m,1,moving
21153,1,1,0,195,0,0,0,-1,100,26,52,13,8,10,8,10,41,32,34,72,32,72,72,61,1,195,1788885856.1435044,G1,T01,gmin3_1m,1,moving
21353,1,1,0,195,0,0,0,-1,49,41,80,13,8,5,10,18,50,18,34,72,41,85,72,61,1,195,1788885856.337868,G1,T01,gmin3_1m,1,moving
21553,1,1,0,195,0,0,0,-1,100,80,29,18,10,5,10,13,32,41,40,61,32,85,72,50,1,195,1788885856.544144,G1,T01,gmin3_1m,1,moving
21753,1,1,0,195,0,0,0,-1,208,49,29,10,8,4,10,13,41,32,32,72,41,85,85,50,1,195,1788885856.7479432,G1,T01,gmin3_1m,1,moving
21953,1,1,0,195,0,0,0,-1,200,65,20,13,10,5,10,13,50,34,29,61,32,72,85,50,1,195,1788885856.9440522,G1,T01,gmin3_1m,1,moving
22153,1,1,0,195,0,0,0,-1,65,40,40,9,8,5,8,13,50,41,34,72,41,72,85,61,1,195,1788885857.1377866,G1,T01,gmin3_1m,1,moving
22353,1,1,0,195,0,0,0,-1,53,74,20,18,10,5,5,20,41,50,34,72,41,72,85,61,1,195,1788885857.3441823,G1,T01,gmin3_1m,1,moving
22553,1,1,0,195,0,0,0,-1,101,32,16,13,10,9,5,13,50,41,45,50,41,72,85,61,1,195,1788885857.5381553,G1,T01,gmin3_1m,1,moving
22753,1,1,0,195,0,0,0,-1,109,50,18,8,8,5,10,13,32,32,34,61,41,72,85,52,1,195,1788885857.74671,G1,T01,gmin3_1m,1,moving
22953,1,1,0,195,0,0,0,-1,160,65,17,10,9,5,5,13,41,41,34,61,41,72,85,41,1,195,1788885857.938193,G1,T01,gmin3_1m,1,moving
23153,1,1,0,195,0,0,0,-1,101,41,9,10,5,5,13,13,41,41,34,72,32,61,85,50,1,195,1788885858.1399877,G1,T01,gmin3_1m,1,moving
23353,1,1,0,195,0,0,0,-1,50,20,17,10,5,13,10,8,32,41,34,72,32,72,85,61,1,195,1788885858.3377929,G1,T01,gmin3_1m,1,moving
23553,1,1,0,195,0,0,0,-1,436,117,34,13,5,5,13,13,41,41,34,85,41,85,72,61,1,195,1788885858.5400126,G1,T01,gmin3_1m,1,moving
23753,1,1,0,195,0,0,0,-1,97,34,26,13,5,5,13,13,41,41,34,74,41,72,72,61,1,195,1788885858.7469645,G1,T01,gmin3_1m,1,moving
23953,1,1,0,195,0,0,0,-1,64,52,45,5,5,5,9,13,41,32,41,61,32,72,72,61,1,195,1788885858.9398987,G1,T01,gmin3_1m,1,moving
24153,1,1,0,195,0,0,0,-1,50,85,90,13,9,5,10,13,32,32,41,72,32,72,72,61,1,195,1788885859.1380548,G1,T01,gmin3_1m,1,moving
24353,1,1,0,195,0,0,0,-1,149,164,58,10,5,5,10,5,32,32,41,85,41,85,72,61,1,195,1788885859.340488,G1,T01,gmin3_1m,1,moving
24553,1,1,0,195,0,0,0,-1,73,17,16,10,5,8,10,13,41,32,34,85,41,85,72,61,1,195,1788885859.5380833,G1,T01,gmin3_1m,1,moving
24753,1,1,0,195,0,0,0,-1,73,32,45,8,5,5,5,13,32,32,34,72,32,72,72,61,1,195,1788885859.740058,G1,T01,gmin3_1m,1,moving
24953,1,1,0,195,0,0,0,-1,68,34,34,5,8,10,8,13,41,32,34,61,32,72,85,61,1,195,1788885859.9326546,G1,T01,gmin3_1m,1,moving
25153,1,1,0,195,0,0,0,-1,65,17,53,5,8,5,18,18,50,41,34,61,32,72,85,61,1,195,1788885860.1417792,G1,T01,gmin3_1m,1,moving
25353,1,1,0,195,0,0,0,-1,68,82,61,13,8,5,13,13,41,32,34,72,32,72,85,61,1,195,1788885860.3341134,G1,T01,gmin3_1m,1,moving
25553,1,1,0,195,0,0,0,-1,145,34,80,10,8,5,10,13,41,32,34,72,32,72,85,61,1,195,1788885860.542656,G1,T01,gmin3_1m,1,moving
25753,1,1,0,195,0,0,0,-1,53,26,90,18,9,8,10,13,41,32,34,72,32,72,72,61,1,195,1788885860.7342925,G1,T01,gmin3_1m,1,moving
25953,1,1,0,195,0,0,0,-1,52,26,25,17,8,8,10,18,41,25,25,72,32,72,85,72,1,195,1788885860.9426093,G1,T01,gmin3_1m,1,moving
26153,1,1,0,195,0,0,0,-1,68,25,85,10,8,5,8,13,32,32,25,85,41,72,72,50,1,195,1788885861.1346166,G1,T01,gmin3_1m,1,moving
26353,1,1,0,195,0,0,0,-1,122,80,74,5,5,9,8,8,32,41,32,85,41,72,85,61,1,195,1788885861.3422577,G1,T01,gmin3_1m,1,moving
26553,1,1,0,195,0,0,0,-1,53,58,37,10,5,8,8,8,32,32,41,72,32,72,72,61,1,195,1788885861.5469124,G1,T01,gmin3_1m,1,moving
26753,1,1,0,195,0,0,0,-1,229,72,72,13,8,5,10,9,32,25,34,72,25,72,72,61,1,195,1788885861.7390912,G1,T01,gmin3_1m,1,moving
26953,1,1,0,195,0,0,0,-1,109,50,89,25,8,5,8,13,25,41,34,72,41,72,72,61,1,195,1788885861.9347885,G1,T01,gmin3_1m,1,moving
27153,1,1,0,195,0,0,0,-1,80,20,8,8,5,5,10,13,50,41,34,85,32,72,85,50,1,195,1788885862.1390092,G1,T01,gmin3_1m,1,moving
27353,1,1,0,195,0,0,0,-1,36,34,17,5,5,5,8,8,32,32,34,61,32,72,85,50,1,195,1788885862.3361385,G1,T01,gmin3_1m,1,moving
27553,1,1,0,195,0,0,0,-1,185,89,17,9,5,8,13,13,41,41,34,61,32,72,85,74,1,195,1788885862.5397077,G1,T01,gmin3_1m,1,moving
27753,1,1,0,195,0,0,0,-1,41,90,61,9,9,10,8,20,41,41,34,61,41,72,85,61,1,195,1788885862.7383285,G1,T01,gmin3_1m,1,moving
27953,1,1,0,195,0,0,0,-1,137,50,50,13,5,5,5,8,32,25,34,72,41,72,85,61,1,195,1788885862.9399908,G1,T01,gmin3_1m,1,moving
28153,1,1,0,195,0,0,0,-1,74,85,40,29,8,5,10,13,50,32,34,61,32,72,85,61,1,195,1788885863.141475,G1,T01,gmin3_1m,1,moving
28353,1,1,0,195,0,0,0,-1,50,18,53,10,5,5,13,13,41,32,34,72,32,72,85,72,1,195,1788885863.3463614,G1,T01,gmin3_1m,1,moving
28553,1,1,0,195,0,0,0,-1,164,34,72,10,8,8,18,13,50,41,34,72,32,72,85,72,1,195,1788885863.5470376,G1,T01,gmin3_1m,1,moving
28753,1,1,0,195,0,0,0,-1,85,13,82,10,9,8,13,13,41,32,34,72,41,72,85,61,1,195,1788885863.7406144,G1,T01,gmin3_1m,1,moving
28953,1,1,0,195,0,0,0,-1,73,32,89,8,5,8,5,10,41,32,34,72,50,85,85,61,1,195,1788885863.9324293,G1,T01,gmin3_1m,1,moving
29153,1,1,0,195,0,0,0,-1,89,50,98,10,9,8,10,10,41,32,34,72,41,85,98,61,1,195,1788885864.1399465,G1,T01,gmin3_1m,1,moving
29353,1,1,0,195,0,0,0,-1,34,34,20,5,4,5,10,10,41,41,34,72,32,85,85,61,1,195,1788885864.331731,G1,T01,gmin3_1m,1,moving
29553,1,1,0,195,0,0,0,-1,98,53,68,13,13,5,8,10,41,32,34,72,32,72,72,61,1,195,1788885864.5463614,G1,T01,gmin3_1m,1,moving
29753,1,1,0,195,0,0,0,-1,130,20,50,8,8,4,13,16,25,32,34,72,41,85,61,61,1,195,1788885864.7448745,G1,T01,gmin3_1m,1,moving
29953,1,1,0,195,0,0,0,-1,52,10,18,10,10,5,9,13,34,25,34,72,41,72,72,61,1,195,1788885864.93666,G1,T01,gmin3_1m,1,moving
30153,1,1,0,195,0,0,0,-1,65,25,16,17,9,10,5,20,61,20,26,72,32,72,85,72,1,195,1788885865.144843,G1,T01,gmin3_1m,1,moving
30353,1,1,0,195,0,0,0,-1,37,37,18,20,13,8,10,13,41,25,34,85,50,72,85,72,1,195,1788885865.338428,G1,T01,gmin3_1m,1,moving
30553,1,1,0,195,0,0,0,-1,136,53,13,13,5,13,10,8,50,34,45,85,41,72,72,61,1,195,1788885865.5448573,G1,T01,gmin3_1m,1,moving
30753,1,1,0,195,0,0,0,-1,137,109,13,9,10,5,5,10,50,32,45,85,41,72,72,61,1,195,1788885865.7369027,G1,T01,gmin3_1m,1,moving
30953,1,1,0,195,0,0,0,-1,53,13,117,13,8,5,10,17,41,32,29,74,32,72,74,61,1,195,1788885865.9447837,G1,T01,gmin3_1m,1,moving
31153,1,1,0,195,0,0,0,-1,85,49,25,17,8,5,10,13,41,32,34,72,32,72,85,61,1,195,1788885866.136255,G1,T01,gmin3_1m,1,moving
31353,1,1,0,195,0,0,0,-1,97,26,10,8,8,10,13,17,52,52,34,72,32,72,72,61,1,195,1788885866.3444474,G1,T01,gmin3_1m,1,moving
31553,1,1,0,195,0,0,0,-1,40,26,32,5,5,5,10,25,50,25,34,72,32,72,85,61,1,195,1788885866.5368874,G1,T01,gmin3_1m,1,moving
31753,1,1,0,195,0,0,0,-1,100,53,9,8,5,5,17,20,41,32,34,85,41,72,85,61,1,195,1788885866.7464147,G1,T01,gmin3_1m,1,moving
31953,1,1,0,195,0,0,0,-1,90,26,20,10,8,4,10,13,61,41,34,72,41,72,85,61,1,195,1788885866.9386477,G1,T01,gmin3_1m,1,moving
32153,1,1,0,195,0,0,0,-1,40,32,8,13,10,8,5,13,50,41,34,74,41,72,98,74,1,195,1788885867.1470742,G1,T01,gmin3_1m,1,moving
32353,1,1,0,195,0,0,0,-1,53,41,18,10,13,5,10,20,50,41,34,72,41,72,74,61,1,195,1788885867.3391466,G1,T01,gmin3_1m,1,moving
32553,1,1,0,195,0,0,0,-1,85,68,8,10,8,5,13,13,41,32,41,85,32,72,74,61,1,195,1788885867.5471148,G1,T01,gmin3_1m,1,moving
32753,1,1,0,195,0,0,0,-1,73,34,13,8,8,8,8,13,50,41,52,72,41,72,72,61,1,195,1788885867.7393231,G1,T01,gmin3_1m,1,moving
32953,1,1,0,195,0,0,0,-1,90,61,85,18,5,10,13,10,50,41,40,61,41,72,72,61,1,195,1788885867.9462817,G1,T01,gmin3_1m,1,moving
33153,1,1,0,195,0,0,0,-1,122,26,45,13,10,5,5,13,41,32,29,61,41,72,85,50,1,195,1788885868.1392405,G1,T01,gmin3_1m,1,moving
33353,1,1,0,195,0,0,0,-1,90,32,40,5,5,9,5,13,25,32,52,85,41,72,85,61,1,195,1788885868.346683,G1,T01,gmin3_1m,1,moving
33553,1,1,0,195,0,0,0,-1,116,26,41,9,5,5,8,17,41,41,34,72,50,85,85,61,1,195,1788885868.539843,G1,T01,gmin3_1m,1,moving
33753,1,1,0,195,0,0,0,-1,26,29,101,10,8,9,5,17,41,41,34,72,50,85,85,61,1,195,1788885868.7458086,G1,T01,gmin3_1m,1,moving
33953,1,1,0,195,0,0,0,-1,149,37,68,8,8,8,10,13,41,25,34,72,50,85,85,61,1,195,1788885868.9380338,G1,T01,gmin3_1m,1,moving
34153,1,1,0,195,0,0,0,-1,100,26,29,5,13,10,10,18,52,25,34,72,50,72,85,61,1,195,1788885869.1457844,G1,T01,gmin3_1m,1,moving
34353,1,1,0,195,0,0,0,-1,82,18,16,20,9,10,5,13,32,41,41,72,41,61,98,61,1,195,1788885869.3358014,G1,T01,gmin3_1m,1,moving
34553,1,1,0,195,0,0,0,-1,61,65,18,29,5,5,10,13,32,32,34,72,41,72,85,61,1,195,1788885869.5433865,G1,T01,gmin3_1m,1,moving
34753,1,1,0,195,0,0,0,-1,68,37,100,25,10,5,13,13,41,32,41,100,52,72,72,61,1,195,1788885869.7353582,G1,T01,gmin3_1m,1,moving
34953,1,1,0,195,0,0,0,-1,45,26,90,13,9,13,13,10,41,32,41,72,32,72,72,50,1,195,1788885869.943352,G1,T01,gmin3_1m,1,moving
35153,1,1,0,195,0,0,0,-1,73,20,97,8,8,5,13,13,41,32,34,72,41,72,85,61,1,195,1788885870.1405284,G1,T01,gmin3_1m,1,moving
35353,1,1,0,195,0,0,0,-1,34,13,13,8,8,5,9,20,41,41,34,72,32,72,72,41,1,195,1788885870.3445773,G1,T01,gmin3_1m,1,moving
35553,1,1,0,195,0,0,0,-1,157,72,25,5,9,5,10,17,41,41,34,72,34,72,72,61,1,195,1788885870.5364883,G1,T01,gmin3_1m,1,moving
35753,1,1,0,195,0,0,0,-1,113,29,61,8,5,5,10,18,41,41,34,72,34,72,85,61,1,195,1788885870.7445557,G1,T01,gmin3_1m,1,moving
35953,1,1,0,195,0,0,0,-1,169,50,13,13,8,5,10,13,34,25,45,72,41,61,72,61,1,195,1788885870.9362025,G1,T01,gmin3_1m,1,moving
36153,1,1,0,195,0,0,0,-1,82,52,34,8,5,5,10,8,25,25,40,72,41,72,74,61,1,195,1788885871.142111,G1,T01,gmin3_1m,1,moving
36353,1,1,0,195,0,0,0,-1,145,41,25,5,8,9,18,8,25,32,34,72,41,85,72,61,1,195,1788885871.334467,G1,T01,gmin3_1m,1,moving
36553,1,1,0,195,0,0,0,-1,53,17,5,10,8,8,9,18,41,25,34,72,32,61,72,61,1,195,1788885871.5422454,G1,T01,gmin3_1m,1,moving
36753,1,1,0,195,0,0,0,-1,145,125,45,13,9,8,13,25,50,34,45,72,32,61,72,52,1,195,1788885871.7334118,G1,T01,gmin3_1m,1,moving
36953,1,1,0,195,0,0,0,-1,122,20,18,13,5,8,8,13,50,34,45,72,32,72,72,61,1,195,1788885871.941466,G1,T01,gmin3_1m,1,moving
37153,1,1,0,195,0,0,0,-1,101,32,36,8,5,10,13,18,50,34,34,72,25,72,61,41,1,195,1788885872.1427877,G1,T01,gmin3_1m,1,moving
37353,1,1,0,195,0,0,0,-1,40,25,40,10,5,10,8,10,41,25,34,72,32,72,85,50,1,195,1788885872.3413167,G1,T01,gmin3_1m,1,moving
37553,1,1,0,195,0,0,0,-1,128,100,13,5,5,5,13,8,34,25,34,72,50,72,85,61,1,195,1788885872.533456,G1,T01,gmin3_1m,1,moving
37753,1,1,0,195,0,0,0,-1,85,53,52,29,10,8,13,13,41,50,34,72,32,72,72,74,1,195,1788885872.7406318,G1,T01,gmin3_1m,1,moving
37953,1,1,0,195,0,0,0,-1,68,40,10,9,10,5,8,20,41,34,34,72,41,72,72,61,1,195,1788885872.9328713,G1,T01,gmin3_1m,1,moving
38153,1,1,0,195,0,0,0,-1,74,13,10,9,13,5,13,18,50,34,34,72,41,61,74,50,1,195,1788885873.1433015,G1,T01,gmin3_1m,1,moving
38353,1,1,0,195,0,0,0,-1,128,90,45,5,10,8,8,13,41,34,34,72,41,61,85,61,1,195,1788885873.3324897,G1,T01,gmin3_1m,1,moving
38553,1,1,0,195,0,0,0,-1,97,25,34,9,8,8,10,13,32,41,45,72,32,85,85,61,1,195,1788885873.5404909,G1,T01,gmin3_1m,1,moving
38753,1,1,0,195,0,0,0,-1,290,53,17,13,5,8,8,8,41,41,45,72,32,72,72,61,1,195,1788885873.737713,G1,T01,gmin3_1m,1,moving
38953,1,1,0,195,0,0,0,-1,145,45,17,10,5,5,8,13,50,41,45,72,32,72,72,61,1,195,1788885873.940057,G1,T01,gmin3_1m,1,moving
39153,1,1,0,195,0,0,0,-1,41,18,10,9,5,8,9,13,41,50,45,72,32,72,72,61,1,195,1788885874.1448033,G1,T01,gmin3_1m,1,moving
39353,1,1,0,195,0,0,0,-1,100,82,26,9,5,5,8,13,41,34,34,61,32,85,85,72,1,195,1788885874.3404667,G1,T01,gmin3_1m,1,moving
39553,1,1,0,195,0,0,0,-1,202,13,89,8,8,5,8,13,41,34,25,72,52,72,85,61,1,195,1788885874.532545,G1,T01,gmin3_1m,1,moving
39753,1,1,0,195,0,0,0,-1,74,74,50,32,8,5,10,13,41,41,34,72,41,85,85,50,1,195,1788885874.7409332,G1,T01,gmin3_1m,1,moving
39953,1,1,0,195,0,0,0,-1,128,25,13,13,13,8,13,13,41,32,34,72,50,85,72,61,1,195,1788885874.9327917,G1,T01,gmin3_1m,1,moving
40153,1,1,0,195,0,0,0,-1,149,40,61,20,5,5,10,18,50,41,45,72,50,85,85,61,1,195,1788885875.146467,G1,T01,gmin3_1m,1,moving
40353,1,1,0,195,0,0,0,-1,82,34,58,16,10,5,10,13,32,32,34,85,41,85,85,50,1,195,1788885875.3325698,G1,T01,gmin3_1m,1,moving
40553,1,1,0,195,0,0,0,-1,157,73,8,8,10,5,8,13,41,41,34,85,41,72,85,61,1,195,1788885875.541578,G1,T01,gmin3_1m,1,moving
40753,1,1,0,195,0,0,0,-1,52,61,26,20,5,8,8,13,50,41,34,85,50,72,85,61,1,195,1788885875.733304,G1,T01,gmin3_1m,1,moving
40953,1,1,0,195,0,0,0,-1,58,26,10,16,9,8,10,13,41,41,34,72,50,61,72,74,1,195,1788885875.9394531,G1,T01,gmin3_1m,1,moving
41153,1,1,0,195,0,0,0,-1,58,25,29,8,5,5,8,17,32,34,34,72,41,72,85,61,1,195,1788885876.147015,G1,T01,gmin3_1m,1,moving
41353,1,1,0,195,0,0,0,-1,85,37,17,17,8,8,8,13,41,25,34,85,41,72,72,61,1,195,1788885876.3388789,G1,T01,gmin3_1m,1,moving
41553,1,1,0,195,0,0,0,-1,106,26,10,13,8,8,17,8,50,34,45,72,41,72,72,61,1,195,1788885876.5476027,G1,T01,gmin3_1m,1,moving
41753,1,1,0,195,0,0,0,-1,34,18,40,5,8,5,5,13,50,32,45,72,41,72,72,50,1,195,1788885876.7401757,G1,T01,gmin3_1m,1,moving
41953,1,1,0,195,0,0,0,-1,41,53,18,8,8,8,10,13,32,32,45,85,41,72,72,50,1,195,1788885876.947164,G1,T01,gmin3_1m,1,moving
42153,1,1,0,195,0,0,0,-1,90,20,13,25,17,5,8,10,41,25,34,72,50,85,85,72,1,195,1788885877.1468122,G1,T01,gmin3_1m,1,moving
42353,1,1,0,195,0,0,0,-1,73,18,17,25,10,5,13,8,41,32,34,85,41,72,72,61,1,195,1788885877.3461394,G1,T01,gmin3_1m,1,moving
42553,1,1,0,195,0,0,0,-1,74,72,20,32,10,5,10,13,41,32,34,72,25,72,72,61,1,195,1788885877.5377548,G1,T01,gmin3_1m,1,moving
42753,1,1,0,195,0,0,0,-1,146,109,13,5,8,5,13,13,50,34,45,72,32,72,72,61,1,195,1788885877.7457814,G1,T01,gmin3_1m,1,moving
42953,1,1,0,195,0,0,0,-1,100,65,8,5,5,8,18,13,50,41,45,72,32,72,85,61,1,195,1788885877.9382377,G1,T01,gmin3_1m,1,moving
43153,1,1,0,195,0,0,0,-1,173,34,13,10,5,5,18,13,41,41,45,72,50,85,85,61,1,195,1788885878.1463332,G1,T01,gmin3_1m,1,moving
43353,1,1,0,195,0,0,0,-1,205,97,50,5,20,5,10,10,32,41,34,72,50,72,85,61,1,195,1788885878.338542,G1,T01,gmin3_1m,1,moving
43553,1,1,0,195,0,0,0,-1,145,104,13,8,10,8,10,13,25,32,34,72,50,72,85,61,1,195,1788885878.5470226,G1,T01,gmin3_1m,1,moving
43753,1,1,0,195,0,0,0,-1,100,74,45,5,10,8,13,13,41,41,45,72,41,72,85,61,1,195,1788885878.7400723,G1,T01,gmin3_1m,1,moving
43953,1,1,0,195,0,0,0,-1,180,29,65,17,8,5,20,13,41,41,45,61,32,72,85,61,1,195,1788885878.9465394,G1,T01,gmin3_1m,1,moving
44153,1,1,0,195,0,0,0,-1,160,26,130,8,5,5,5,13,41,32,29,61,32,72,85,61,1,195,1788885879.1378844,G1,T01,gmin3_1m,1,moving
44353,1,1,0,195,0,0,0,-1,106,181,34,9,5,5,5,18,50,32,29,61,32,72,85,61,1,195,1788885879.3459985,G1,T01,gmin3_1m,1,moving
44553,1,1,0,195,0,0,0,-1,81,25,53,18,8,5,10,20,41,32,34,72,32,72,85,61,1,195,1788885879.5380733,G1,T01,gmin3_1m,1,moving
44753,1,1,0,195,0,0,0,-1,50,17,5,10,10,10,5,13,50,25,34,72,41,72,72,61,1,195,1788885879.7464128,G1,T01,gmin3_1m,1,moving
44953,1,1,0,195,0,0,0,-1,136,29,5,8,5,5,13,13,50,34,34,72,41,85,85,61,1,195,1788885879.9380586,G1,T01,gmin3_1m,1,moving
45153,1,1,0,195,0,0,0,-1,157,40,20,9,5,8,8,13,50,41,45,72,32,72,85,61,1,195,1788885880.1452444,G1,T01,gmin3_1m,1,moving
45353,1,1,0,195,0,0,0,-1,73,53,50,16,9,8,8,10,41,41,34,72,32,72,85,50,1,195,1788885880.3369749,G1,T01,gmin3_1m,1,moving
45553,1,1,0,195,0,0,0,-1,52,20,18,13,5,10,13,13,50,34,34,72,41,72,85,72,1,195,1788885880.5445306,G1,T01,gmin3_1m,1,moving
45753,1,1,0,195,0,0,0,-1,218,41,65,5,5,13,13,13,41,34,45,85,41,72,85,72,1,195,1788885880.7364593,G1,T01,gmin3_1m,1,moving
45953,1,1,0,195,0,0,0,-1,149,53,20,13,8,8,20,18,61,41,41,85,41,72,72,61,1,195,1788885880.9452574,G1,T01,gmin3_1m,1,moving
46153,1,1,0,195,0,0,0,-1,68,41,25,8,13,13,10,18,50,34,45,61,25,72,72,61,1,195,1788885881.138578,G1,T01,gmin3_1m,1,moving
46353,1,1,0,195,0,0,0,-1,149,74,17,8,8,5,10,18,50,25,52,74,25,72,85,61,1,195,1788885881.3458877,G1,T01,gmin3_1m,1,moving
46553,1,1,0,195,0,0,0,-1,241,89,8,8,8,5,8,20,41,32,34,61,25,72,85,72,1,195,1788885881.537545,G1,T01,gmin3_1m,1,moving
46753,1,1,0,195,0,0,0,-1,169,113,37,13,8,10,10,13,41,32,34,72,41,72,85,61,1,195,1788885881.7452981,G1,T01,gmin3_1m,1,moving
46953,1,1,0,195,0,0,0,-1,109,37,40,13,10,8,10,13,61,41,45,72,50,72,72,61,1,195,1788885881.9372463,G1,T01,gmin3_1m,1,moving
47153,1,1,0,195,0,0,0,-1,85,26,8,13,13,9,8,8,41,41,52,72,50,72,85,61,1,195,1788885882.1430974,G1,T01,gmin3_1m,1,moving
47353,1,1,0,195,0,0,0,-1,50,17,37,13,5,5,8,10,41,41,34,72,50,72,85,61,1,195,1788885882.3360045,G1,T01,gmin3_1m,1,moving
47553,1,1,0,195,0,0,0,-1,97,25,17,5,5,10,5,13,41,41,34,72,32,72,85,50,1,195,1788885882.5434253,G1,T01,gmin3_1m,1,moving
47753,1,1,0,195,0,0,0,-1,97,50,52,10,5,9,9,13,41,32,34,72,32,72,85,50,1,195,1788885882.7363164,G1,T01,gmin3_1m,1,moving
47953,1,1,0,195,0,0,0,-1,90,34,100,40,10,5,10,8,32,41,41,72,41,85,85,50,1,195,1788885882.9440064,G1,T01,gmin3_1m,1,moving
48153,1,1,0,195,0,0,0,-1,61,53,162,8,5,8,5,10,32,41,34,72,32,72,72,61,1,195,1788885883.1404529,G1,T01,gmin3_1m,1,moving
48353,1,1,0,195,0,0,0,-1,121,90,9,8,8,8,13,13,61,41,41,85,41,72,61,61,1,195,1788885883.3441129,G1,T01,gmin3_1m,1,moving
48553,1,1,0,195,0,0,0,-1,260,104,64,10,8,5,13,18,61,41,34,85,41,72,72,52,1,195,1788885883.536698,G1,T01,gmin3_1m,1,moving
48753,1,1,0,195,0,0,0,-1,98,25,37,10,8,9,13,13,41,52,45,98,50,72,72,61,1,195,1788885883.7424083,G1,T01,gmin3_1m,1,moving
48953,1,1,0,195,0,0,0,-1,52,20,65,5,5,5,17,13,41,41,52,85,50,72,72,61,1,195,1788885883.9342835,G1,T01,gmin3_1m,1,moving
49153,1,1,0,195,0,0,0,-1,82,13,10,5,8,8,10,20,41,34,34,85,50,72,72,61,1,195,1788885884.1424296,G1,T01,gmin3_1m,1,moving
49353,1,1,0,195,0,0,0,-1,89,32,18,13,10,8,5,13,32,41,45,72,50,72,72,61,1,195,1788885884.3340456,G1,T01,gmin3_1m,1,moving
49553,1,1,0,195,0,0,0,-1,80,29,34,8,5,8,8,13,41,41,34,72,41,61,72,61,1,195,1788885884.5421672,G1,T01,gmin3_1m,1,moving
49753,1,1,0,195,0,0,0,-1,41,40,16,10,5,9,5,8,41,32,34,61,32,61,85,61,1,195,1788885884.7335997,G1,T01,gmin3_1m,1,moving
49953,1,1,0,195,0,0,0,-1,104,26,10,5,9,10,10,8,50,41,34,72,32,72,85,61,1,195,1788885884.9411635,G1,T01,gmin3_1m,1,moving
50153,1,1,0,195,0,0,0,-1,85,34,73,13,8,10,18,10,41,32,34,72,32,72,85,61,1,195,1788885885.1417751,G1,T01,gmin3_1m,1,moving
50353,1,1,0,195,0,0,0,-1,36,29,104,5,5,10,13,13,41,32,34,72,32,72,72,61,1,195,1788885885.3425548,G1,T01,gmin3_1m,1,moving
50553,1,1,0,195,0,0,0,-1,185,202,37,25,16,5,13,13,50,25,29,72,32,72,85,61,1,195,1788885885.5349553,G1,T01,gmin3_1m,1,moving
50753,1,1,0,175,0,0,0,-1,125,32,50,8,5,5,8,13,41,25,20,72,32,72,85,61,1,175,1788885885.7424486,G1,T01,gmin3_1m,1,moving
50953,1,1,0,175,0,0,0,-1,160,53,25,8,9,5,17,13,41,25,34,72,41,72,85,72,1,175,1788885885.9333575,G1,T01,gmin3_1m,1,moving
51153,1,1,0,175,0,0,0,-1,80,20,10,13,8,5,13,13,41,34,34,72,32,72,85,61,1,175,1788885886.1421916,G1,T01,gmin3_1m,1,moving
51353,1,1,0,175,0,0,0,-1,136,125,45,8,8,8,8,10,32,32,34,61,32,72,85,61,1,175,1788885886.3337617,G1,T01,gmin3_1m,1,moving
51553,1,1,0,175,0,0,0,-1,241,61,49,9,5,8,5,13,41,32,41,85,50,72,85,61,1,175,1788885886.542038,G1,T01,gmin3_1m,1,moving
51753,1,1,0,175,0,0,0,-1,104,29,45,13,8,9,20,13,50,34,34,85,41,85,85,72,1,175,1788885886.7337787,G1,T01,gmin3_1m,1,moving
51953,1,1,0,175,0,0,0,-1,65,34,36,8,8,5,20,13,50,41,45,72,41,85,85,72,1,175,1788885886.9417632,G1,T01,gmin3_1m,1,moving
52153,1,1,0,175,0,0,0,-1,90,32,25,25,8,5,13,10,41,32,34,72,41,72,61,61,1,175,1788885887.1424365,G1,T01,gmin3_1m,1,moving
52353,1,1,0,175,0,0,0,-1,116,26,65,13,10,13,5,13,41,41,41,85,41,72,85,61,1,175,1788885887.342167,G1,T01,gmin3_1m,1,moving
52553,1,1,0,175,0,0,0,-1,74,52,90,5,10,10,10,20,41,34,29,72,41,72,85,52,1,175,1788885887.5340686,G1,T01,gmin3_1m,1,moving
52753,1,1,0,175,0,0,0,-1,41,89,34,8,8,5,13,10,34,41,34,85,41,72,72,61,1,175,1788885887.7417595,G1,T01,gmin3_1m,1,moving
52953,1,1,0,175,0,0,0,-1,272,97,32,9,5,8,10,13,32,41,41,72,41,72,72,61,1,175,1788885887.9337654,G1,T01,gmin3_1m,1,moving
53153,1,1,0,175,0,0,0,-1,82,16,13,8,9,5,13,13,50,41,41,72,41,72,85,72,1,175,1788885888.1435122,G1,T01,gmin3_1m,1,moving
53353,1,1,0,175,0,0,0,-1,81,41,17,13,5,5,8,13,41,41,34,98,41,85,74,72,1,175,1788885888.3471289,G1,T01,gmin3_1m,1,moving
53553,1,1,0,175,0,0,0,-1,170,29,8,5,5,5,13,13,32,41,34,98,41,74,85,72,1,175,1788885888.5388439,G1,T01,gmin3_1m,1,moving
53753,1,1,0,175,0,0,0,-1,170,65,65,10,9,5,13,13,52,41,34,85,50,74,85,61,1,175,1788885888.7466214,G1,T01,gmin3_1m,1,moving
53953,1,1,0,175,0,0,0,-1,50,32,26,10,5,5,10,8,32,41,34,85,50,85,85,61,1,175,1788885888.938272,G1,T01,gmin3_1m,1,moving
54153,1,1,0,175,0,0,0,-1,338,65,20,8,10,8,5,10,25,41,45,61,32,72,72,61,1,175,1788885889.1452236,G1,T01,gmin3_1m,1,moving
54353,1,1,0,175,0,0,0,-1,68,16,89,8,10,8,13,18,41,32,34,61,41,72,85,50,1,175,1788885889.3360898,G1,T01,gmin3_1m,1,moving
54553,1,1,0,175,0,0,0,-1,137,128,145,13,13,5,10,18,52,25,34,72,32,72,72,61,1,175,1788885889.5438323,G1,T01,gmin3_1m,1,moving
54753,1,1,0,175,0,0,0,-1,130,106,61,10,5,5,10,25,41,41,45,72,41,72,72,52,1,175,1788885889.735515,G1,T01,gmin3_1m,1,moving
54953,1,1,0,175,0,0,0,-1,34,40,10,5,5,8,13,10,34,50,34,61,32,72,72,61,1,175,1788885889.9431448,G1,T01,gmin3_1m,1,moving
55153,1,1,0,175,0,0,0,-1,61,34,34,8,9,5,13,13,41,50,34,61,32,72,72,52,1,175,1788885890.1435506,G1,T01,gmin3_1m,1,moving
55353,1,1,0,175,0,0,0,-1,49,90,8,9,5,8,8,9,41,32,34,72,32,72,85,72,1,175,1788885890.3429878,G1,T01,gmin3_1m,1,moving
55553,1,1,0,175,0,0,0,-1,85,65,9,10,5,8,8,5,32,32,34,72,32,72,85,61,1,175,1788885890.534536,G1,T01,gmin3_1m,1,moving
55753,1,1,0,175,0,0,0,-1,58,18,18,17,9,5,8,8,32,32,34,85,32,72,85,72,1,175,1788885890.7423735,G1,T01,gmin3_1m,1,moving
55953,1,1,0,175,0,0,0,-1,53,17,8,8,8,8,8,10,41,34,45,85,32,72,74,61,1,175,1788885890.934808,G1,T01,gmin3_1m,1,moving
56153,1,1,0,175,0,0,0,-1,101,116,130,29,10,9,5,10,41,50,52,72,25,72,85,72,1,175,1788885891.1448133,G1,T01,gmin3_1m,1,moving
56353,1,1,0,175,0,0,0,-1,53,58,10,25,13,8,17,13,50,25,34,72,34,72,85,72,1,175,1788885891.3351858,G1,T01,gmin3_1m,1,moving
56553,1,1,0,175,0,0,0,-1,64,89,117,9,10,5,5,13,50,32,25,85,50,85,85,61,1,175,1788885891.5416932,G1,T01,gmin3_1m,1,moving
56753,1,1,0,175,0,0,0,-1,97,145,34,9,10,5,10,17,52,41,34,72,32,85,85,61,1,175,1788885891.734091,G1,T01,gmin3_1m,1,moving
56953,1,1,0,175,0,0,0,-1,170,40,65,8,10,10,13,13,41,25,34,72,32,85,85,61,1,175,1788885891.9415839,G1,T01,gmin3_1m,1,moving
57153,1,1,0,175,0,0,0,-1,130,34,9,13,8,5,13,13,41,32,34,72,41,85,85,61,1,175,1788885892.1464107,G1,T01,gmin3_1m,1,moving
57353,1,1,0,175,0,0,0,-1,74,97,36,16,5,10,13,13,41,32,34,72,50,85,85,61,1,175,1788885892.34171,G1,T01,gmin3_1m,1,moving
57553,1,1,0,175,0,0,0,-1,117,100,25,8,17,9,8,8,41,41,45,72,50,85,85,61,1,175,1788885892.53532,G1,T01,gmin3_1m,1,moving
57753,1,1,0,175,0,0,0,-1,68,20,17,13,9,9,5,13,52,34,29,61,41,85,85,61,1,175,1788885892.7422092,G1,T01,gmin3_1m,1,moving
57953,1,1,0,175,0,0,0,-1,74,34,89,10,9,8,8,13,32,41,25,72,41,85,85,61,1,175,1788885892.934755,G1,T01,gmin3_1m,1,moving
58153,1,1,0,175,0,0,0,-1,89,128,61,10,9,5,13,13,41,34,34,61,32,61,72,61,1,175,1788885893.1475246,G1,T01,gmin3_1m,1,moving
58353,1,1,0,175,0,0,0,-1,149,97,160,8,8,5,13,13,41,25,41,85,32,72,72,61,1,175,1788885893.3349755,G1,T01,gmin3_1m,1,moving
58553,1,1,0,175,0,0,0,-1,149,61,29,13,13,9,13,18,41,41,41,85,41,72,72,50,1,175,1788885893.5431354,G1,T01,gmin3_1m,1,moving
58753,1,1,0,175,0,0,0,-1,68,52,74,25,18,5,10,25,41,32,34,72,41,72,72,50,1,175,1788885893.7348497,G1,T01,gmin3_1m,1,moving
58953,1,1,0,175,0,0,0,-1,200,101,20,8,8,9,8,17,41,32,34,85,50,72,72,52,1,175,1788885893.9436765,G1,T01,gmin3_1m,1,moving
59153,1,1,0,175,0,0,0,-1,68,89,61,10,9,8,10,18,41,32,45,72,50,85,85,61,1,175,1788885894.1473598,G1,T01,gmin3_1m,1,moving
59353,1,1,0,175,0,0,0,-1,125,73,17,10,8,5,5,16,41,32,34,72,32,85,85,61,1,175,1788885894.3428726,G1,T01,gmin3_1m,1,moving
59553,1,1,0,175,0,0,0,-1,113,58,36,9,10,8,5,16,41,32,34,72,32,61,85,61,1,175,1788885894.5348883,G1,T01,gmin3_1m,1,moving
59753,1,1,0,175,0,0,0,-1,61,65,25,13,8,5,10,17,41,32,29,72,41,72,85,61,1,175,1788885894.7422452,G1,T01,gmin3_1m,1,moving
59953,1,1,0,175,0,0,0,-1,65,25,36,8,8,8,10,13,34,41,41,72,34,72,85,50,1,175,1788885894.9357848,G1,T01,gmin3_1m,1,moving
60153,1,1,0,175,0,0,0,-1,146,37,74,13,9,5,13,10,32,32,34,72,41,72,85,72,1,175,1788885895.1428816,G1,T01,gmin3_1m,1,moving
60353,1,1,0,175,0,0,0,-1,193,89,106,10,5,8,13,13,41,34,34,72,41,72,72,61,1,175,1788885895.3355033,G1,T01,gmin3_1m,1,moving
60553,1,1,0,175,0,0,0,-1,29,25,13,13,8,8,13,25,50,34,34,85,50,85,74,61,1,175,1788885895.5432227,G1,T01,gmin3_1m,1,moving
60753,1,1,0,175,0,0,0,-1,100,50,136,10,9,8,13,13,50,41,34,85,50,85,85,61,1,175,1788885895.7351987,G1,T01,gmin3_1m,1,moving
60953,1,1,0,175,0,0,0,-1,61,13,53,10,5,5,10,20,41,32,34,72,50,85,85,61,1,175,1788885895.9429374,G1,T01,gmin3_1m,1,moving
61153,1,1,0,175,0,0,0,-1,170,41,13,5,5,5,13,13,25,32,32,85,41,98,85,72,1,175,1788885896.1351254,G1,T01,gmin3_1m,1,moving
61353,1,1,0,175,0,0,0,-1,116,34,10,18,5,8,8,8,25,32,32,72,41,85,85,61,1,175,1788885896.342924,G1,T01,gmin3_1m,1,moving
61553,1,1,0,175,0,0,0,-1,97,17,17,4,5,5,8,18,41,32,25,72,41,85,85,61,1,175,1788885896.5348127,G1,T01,gmin3_1m,1,moving
61753,1,1,0,175,0,0,0,-1,97,26,40,8,10,10,5,13,41,32,34,72,32,72,98,61,1,175,1788885896.7435029,G1,T01,gmin3_1m,1,moving
61953,1,1,0,175,0,0,0,-1,74,29,25,13,5,5,8,13,34,25,34,72,32,72,98,61,1,175,1788885896.9360883,G1,T01,gmin3_1m,1,moving
62153,1,1,0,175,0,0,0,-1,80,29,29,5,8,8,13,13,52,20,45,72,32,72,85,61,1,175,1788885897.1436443,G1,T01,gmin3_1m,1,moving
62353,1,1,0,175,0,0,0,-1,85,16,20,5,10,5,13,13,50,25,34,85,32,72,74,61,1,175,1788885897.3358736,G1,T01,gmin3_1m,1,moving
62553,1,1,0,175,0,0,0,-1,52,37,18,10,5,5,9,9,32,25,29,85,41,72,61,50,1,175,1788885897.5435095,G1,T01,gmin3_1m,1,moving
62753,1,1,0,175,0,0,0,-1,53,13,52,5,5,8,8,18,61,34,34,61,41,72,72,61,1,175,1788885897.7344203,G1,T01,gmin3_1m,1,moving
62953,1,1,0,175,0,0,0,-1,52,82,58,13,13,5,13,13,50,32,34,72,32,72,85,61,1,175,1788885897.9421616,G1,T01,gmin3_1m,1,moving
63153,1,1,0,175,0,0,0,-1,68,53,100,8,8,5,8,13,50,41,34,61,25,72,85,61,1,175,1788885898.136833,G1,T01,gmin3_1m,1,moving
63353,1,1,0,175,0,0,0,-1,200,85,32,5,5,8,8,8,41,25,34,85,32,72,85,61,1,175,1788885898.3417087,G1,T01,gmin3_1m,1,moving
63553,1,1,0,175,0,0,0,-1,218,101,34,10,10,5,5,9,41,41,45,85,41,85,85,61,1,175,1788885898.5385613,G1,T01,gmin3_1m,1,moving
63753,1,1,0,175,0,0,0,-1,181,65,10,5,13,13,10,10,32,34,25,72,41,85,72,61,1,175,1788885898.74204,G1,T01,gmin3_1m,1,moving
63953,1,1,0,175,0,0,0,-1,73,52,41,16,13,20,13,13,34,41,34,72,50,98,61,50,1,175,1788885898.9402912,G1,T01,gmin3_1m,1,moving
64153,1,1,0,175,0,0,0,-1,45,45,32,13,5,9,13,25,41,41,34,72,32,72,85,61,1,175,1788885899.1472495,G1,T01,gmin3_1m,1,moving
64353,1,1,0,175,0,0,0,-1,85,29,41,8,5,5,10,9,32,34,34,72,41,72,72,61,1,175,1788885899.347008,G1,T01,gmin3_1m,1,moving
64553,1,1,0,175,0,0,0,-1,73,50,49,13,16,5,13,5,25,61,41,72,41,72,72,61,1,175,1788885899.5484068,G1,T01,gmin3_1m,1,moving
64753,1,1,0,175,0,0,0,-1,170,121,29,32,5,8,5,8,25,50,52,72,41,72,61,61,1,175,1788885899.7346125,G1,T01,gmin3_1m,1,moving
64953,1,1,0,175,0,0,0,-1,180,109,65,8,5,8,13,13,32,32,41,72,41,72,85,61,1,175,1788885899.941942,G1,T01,gmin3_1m,1,moving
65153,1,1,0,175,0,0,0,-1,104,125,41,5,5,5,10,10,32,25,29,72,41,85,85,61,1,175,1788885900.140925,G1,T01,gmin3_1m,1,moving
65353,1,1,0,175,0,0,0,-1,145,65,52,8,8,5,10,10,41,25,29,72,41,72,72,61,1,175,1788885900.3340414,G1,T01,gmin3_1m,1,moving
65553,1,1,0,175,0,0,0,-1,125,29,50,17,5,5,13,13,41,32,34,72,41,72,72,61,1,175,1788885900.5417247,G1,T01,gmin3_1m,1,moving
65753,1,1,0,175,0,0,0,-1,82,26,16,5,8,5,10,9,41,32,34,72,41,72,85,72,1,175,1788885900.7337124,G1,T01,gmin3_1m,1,moving
65953,1,1,0,175,0,0,0,-1,41,41,18,13,5,5,5,17,41,34,34,72,41,72,98,61,1,175,1788885900.9424713,G1,T01,gmin3_1m,1,moving
66153,1,1,0,175,0,0,0,-1,101,34,100,10,5,4,5,10,41,41,34,72,32,72,72,50,1,175,1788885901.1335154,G1,T01,gmin3_1m,1,moving
66353,1,1,0,175,0,0,0,-1,53,45,58,17,10,5,5,18,50,41,34,72,41,72,72,41,1,175,1788885901.341045,G1,T01,gmin3_1m,1,moving
66553,1,1,0,175,0,0,0,-1,274,65,40,13,5,5,8,13,41,32,34,72,41,61,72,52,1,175,1788885901.5332785,G1,T01,gmin3_1m,1,moving
66753,1,1,0,175,0,0,0,-1,85,17,68,13,5,8,8,8,32,41,45,61,25,72,72,61,1,175,1788885901.7416482,G1,T01,gmin3_1m,1,moving
66953,1,1,0,175,0,0,0,-1,130,52,10,5,8,9,8,13,52,41,34,72,32,72,85,61,1,175,1788885901.9334984,G1,T01,gmin3_1m,1,moving
67153,1,1,0,175,0,0,0,-1,136,82,34,10,8,9,8,8,61,34,25,72,32,72,85,61,1,175,1788885902.1416717,G1,T01,gmin3_1m,1,moving
67353,1,1,0,175,0,0,0,-1,32,26,17,13,10,10,10,9,50,41,34,61,32,72,61,61,1,175,1788885902.3334525,G1,T01,gmin3_1m,1,moving
67553,1,1,0,175,0,0,0,-1,45,37,13,10,8,8,8,8,34,50,41,72,41,72,72,61,1,175,1788885902.54096,G1,T01,gmin3_1m,1,moving
67753,1,1,0,175,0,0,0,-1,89,18,13,8,5,5,10,10,50,41,52,72,41,61,72,61,1,175,1788885902.732628,G1,T01,gmin3_1m,1,moving
67953,1,1,0,175,0,0,0,-1,90,17,41,10,10,9,10,13,41,32,34,72,41,72,74,50,1,175,1788885902.9416628,G1,T01,gmin3_1m,1,moving
68153,1,1,0,175,0,0,0,-1,160,74,18,13,8,8,5,10,32,32,34,72,41,72,85,52,1,175,1788885903.1483977,G1,T01,gmin3_1m,1,moving
68353,1,1,0,175,0,0,0,-1,97,13,17,13,5,5,5,10,41,41,45,72,50,85,85,50,1,175,1788885903.3425722,G1,T01,gmin3_1m,1,moving
68553,1,1,0,175,0,0,0,-1,52,40,68,10,5,5,10,9,50,32,41,72,41,72,85,61,1,175,1788885903.5329256,G1,T01,gmin3_1m,1,moving
68753,1,1,0,175,0,0,0,-1,80,50,101,17,5,8,13,13,41,32,41,72,41,72,85,72,1,175,1788885903.7415636,G1,T01,gmin3_1m,1,moving
68953,1,1,0,175,0,0,0,-1,89,25,58,34,10,5,13,13,41,32,41,72,41,72,85,72,1,175,1788885903.9346542,G1,T01,gmin3_1m,1,moving
69153,1,1,0,175,0,0,0,-1,89,73,106,10,10,10,5,13,52,20,34,72,50,72,85,72,1,175,1788885904.1416776,G1,T01,gmin3_1m,1,moving
69353,1,1,0,175,0,0,0,-1,106,65,41,18,10,5,5,18,72,25,34,72,32,72,85,72,1,175,1788885904.3339446,G1,T01,gmin3_1m,1,moving
69553,1,1,0,175,0,0,0,-1,212,125,104,13,9,5,10,13,52,34,45,74,41,85,72,72,1,175,1788885904.5420833,G1,T01,gmin3_1m,1,moving
69753,1,1,0,175,0,0,0,-1,85,50,20,5,5,5,10,8,50,32,25,72,50,85,72,61,1,175,1788885904.737992,G1,T01,gmin3_1m,1,moving
69953,1,1,0,175,0,0,0,-1,104,26,13,9,17,8,5,13,50,41,52,72,32,72,72,61,1,175,1788885904.9460363,G1,T01,gmin3_1m,1,moving
70153,1,1,0,175,0,0,0,-1,45,13,36,10,10,9,8,8,41,41,45,72,32,72,85,61,1,175,1788885905.1373975,G1,T01,gmin3_1m,1,moving
70353,1,1,0,175,0,0,0,-1,41,13,10,10,5,5,13,13,32,41,34,72,41,85,85,50,1,175,1788885905.3452775,G1,T01,gmin3_1m,1,moving
70553,1,1,0,175,0,0,0,-1,80,58,29,8,8,8,10,13,32,32,34,61,32,72,72,50,1,175,1788885905.537014,G1,T01,gmin3_1m,1,moving
70753,1,1,0,175,0,0,0,-1,185,97,13,13,5,5,13,10,32,41,34,85,41,72,72,61,1,175,1788885905.7442987,G1,T01,gmin3_1m,1,moving
70953,1,1,0,175,0,0,0,-1,89,136,80,17,5,5,5,10,41,41,45,72,41,72,85,61,1,175,1788885905.9355443,G1,T01,gmin3_1m,1,moving
71153,1,1,0,175,0,0,0,-1,82,45,20,10,10,5,9,13,25,32,34,61,32,85,74,61,1,175,1788885906.1430092,G1,T01,gmin3_1m,1,moving
71353,1,1,0,175,0,0,0,-1,178,34,45,8,5,5,18,16,34,41,34,72,32,61,85,61,1,175,1788885906.3358545,G1,T01,gmin3_1m,1,moving
71553,1,1,0,175,0,0,0,-1,113,68,13,5,8,5,10,8,25,32,34,72,41,72,85,61,1,175,1788885906.5449915,G1,T01,gmin3_1m,1,moving
71753,1,1,0,175,0,0,0,-1,208,202,90,10,5,8,8,8,32,32,34,72,41,72,85,61,1,175,1788885906.7359056,G1,T01,gmin3_1m,1,moving
71953,1,1,0,175,0,0,0,-1,104,100,18,9,5,10,5,5,34,50,45,72,32,72,85,61,1,175,1788885906.943618,G1,T01,gmin3_1m,1,moving
72153,1,1,0,175,0,0,0,-1,130,26,37,8,5,5,8,10,41,50,34,72,32,72,72,50,1,175,1788885907.135795,G1,T01,gmin3_1m,1,moving
72353,1,1,0,175,0,0,0,-1,52,17,25,10,5,8,8,5,41,41,45,72,32,85,85,50,1,175,1788885907.344211,G1,T01,gmin3_1m,1,moving
72553,1,1,0,175,0,0,0,-1,52,16,25,13,8,5,13,13,50,29,29,72,32,85,85,61,1,175,1788885907.536832,G1,T01,gmin3_1m,1,moving
72753,1,1,0,175,0,0,0,-1,98,20,74,13,8,16,13,8,41,34,29,72,41,85,72,50,1,175,1788885907.7453475,G1,T01,gmin3_1m,1,moving
72953,1,1,0,175,0,0,0,-1,41,29,45,18,5,5,5,5,32,25,34,72,32,85,72,50,1,175,1788885907.9379284,G1,T01,gmin3_1m,1,moving
73153,1,1,0,175,0,0,0,-1,85,29,32,10,5,5,10,8,41,41,34,72,41,72,85,50,1,175,1788885908.1454446,G1,T01,gmin3_1m,1,moving
73353,1,1,0,175,0,0,0,-1,26,81,26,13,13,5,17,10,50,41,41,72,32,85,85,61,1,175,1788885908.3374007,G1,T01,gmin3_1m,1,moving
73553,1,1,0,175,0,0,0,-1,130,72,20,13,8,5,10,13,41,41,45,72,32,61,72,61,1,175,1788885908.5459092,G1,T01,gmin3_1m,1,moving
73753,1,1,0,175,0,0,0,-1,73,17,5,13,13,5,8,10,41,50,41,72,41,72,85,61,1,175,1788885908.7376354,G1,T01,gmin3_1m,1,moving
73953,1,1,0,175,0,0,0,-1,401,65,10,13,8,5,8,8,41,50,41,85,41,85,72,61,1,175,1788885908.9459224,G1,T01,gmin3_1m,1,moving
74153,1,1,0,175,0,0,0,-1,125,65,101,16,5,5,9,8,50,41,41,72,32,72,85,61,1,175,1788885909.1379113,G1,T01,gmin3_1m,1,moving
74353,1,1,0,175,0,0,0,-1,89,29,130,20,5,8,8,13,41,32,34,72,32,61,85,72,1,175,1788885909.345387,G1,T01,gmin3_1m,1,moving
74553,1,1,0,175,0,0,0,-1,130,18,25,10,9,9,8,8,41,32,45,61,25,61,85,61,1,175,1788885909.5376782,G1,T01,gmin3_1m,1,moving
74753,1,1,0,175,0,0,0,-1,82,20,25,13,8,10,8,8,41,25,34,72,41,72,85,61,1,175,1788885909.7453043,G1,T01,gmin3_1m,1,moving
74953,1,1,0,175,0,0,0,-1,68,58,80,13,13,8,8,8,41,32,34,72,41,72,85,50,1,175,1788885909.9373028,G1,T01,gmin3_1m,1,moving
75153,1,1,0,175,0,0,0,-1,205,109,74,13,10,5,5,13,34,32,34,72,32,72,85,50,1,175,1788885910.1452029,G1,T01,gmin3_1m,1,moving
75353,1,1,0,175,0,0,0,-1,148,26,34,13,8,5,10,13,25,32,34,72,32,72,72,50,1,175,1788885910.3376765,G1,T01,gmin3_1m,1,moving
75553,1,1,0,175,0,0,0,-1,34,13,18,16,5,5,13,13,32,32,34,61,32,72,85,50,1,175,1788885910.5457027,G1,T01,gmin3_1m,1,moving
75753,1,1,0,175,0,0,0,-1,200,49,32,5,5,5,13,13,50,41,52,72,32,72,85,50,1,175,1788885910.7379737,G1,T01,gmin3_1m,1,moving
75953,1,1,0,175,0,0,0,-1,157,50,13,8,9,8,8,5,41,32,34,85,41,85,85,61,1,175,1788885910.9464579,G1,T01,gmin3_1m,1,moving
76153,1,1,0,175,0,0,0,-1,50,45,41,8,5,8,13,8,41,32,34,72,41,85,85,61,1,175,1788885911.1384115,G1,T01,gmin3_1m,1,moving
76353,1,1,0,175,0,0,0,-1,72,72,85,13,5,5,5,13,32,25,34,72,41,72,85,50,1,175,1788885911.34681,G1,T01,gmin3_1m,1,moving
76553,1,1,0,175,0,0,0,-1,130,52,5,10,10,5,8,13,32,25,25,72,32,72,85,50,1,175,1788885911.5393796,G1,T01,gmin3_1m,1,moving
76753,1,1,0,175,0,0,0,-1,65,34,17,10,8,5,10,13,50,25,34,85,50,72,85,50,1,175,1788885911.7469149,G1,T01,gmin3_1m,1,moving
76953,1,1,0,175,0,0,0,-1,85,40,17,9,13,5,9,13,41,41,34,85,50,85,74,61,1,175,1788885911.9396026,G1,T01,gmin3_1m,1,moving
77153,1,1,0,175,0,0,0,-1,128,26,41,5,10,5,10,9,41,41,52,61,41,72,85,50,1,175,1788885912.1473334,G1,T01,gmin3_1m,1,moving
77353,1,1,0,175,0,0,0,-1,113,85,64,16,5,4,10,13,41,41,34,72,41,72,85,50,1,175,1788885912.3396385,G1,T01,gmin3_1m,1,moving
77553,1,1,0,175,0,0,0,-1,68,26,34,10,8,5,13,13,41,32,34,72,41,72,85,50,1,175,1788885912.5468712,G1,T01,gmin3_1m,1,moving
77753,1,1,0,175,0,0,0,-1,181,50,50,8,10,8,13,13,50,41,34,85,41,61,72,61,1,175,1788885912.7392023,G1,T01,gmin3_1m,1,moving
77953,1,1,0,175,0,0,0,-1,305,90,18,10,8,10,13,5,41,41,34,72,41,72,72,61,1,175,1788885912.9456897,G1,T01,gmin3_1m,1,moving
78153,1,1,0,175,0,0,0,-1,50,10,10,13,10,10,13,8,50,41,34,72,32,72,85,72,1,175,1788885913.1370013,G1,T01,gmin3_1m,1,moving
78353,1,1,0,175,0,0,0,-1,90,40,13,9,8,8,13,8,50,41,45,72,32,72,85,72,1,175,1788885913.345097,G1,T01,gmin3_1m,1,moving
78553,1,1,0,175,0,0,0,-1,41,25,13,8,8,8,10,10,34,41,52,72,41,72,72,61,1,175,1788885913.5373237,G1,T01,gmin3_1m,1,moving
78753,1,1,0,175,0,0,0,-1,109,40,20,9,13,5,8,8,50,34,45,72,41,72,72,61,1,175,1788885913.7443368,G1,T01,gmin3_1m,1,moving
78953,1,1,0,175,0,0,0,-1,90,61,29,8,8,8,10,8,41,34,45,72,61,98,61,61,1,175,1788885913.936093,G1,T01,gmin3_1m,1,moving
79153,1,1,0,175,0,0,0,-1,68,37,41,8,10,5,5,10,50,34,45,72,50,98,61,61,1,175,1788885914.1450975,G1,T01,gmin3_1m,1,moving
79353,1,1,0,175,0,0,0,-1,85,100,73,13,8,9,10,8,32,25,34,61,50,85,72,61,1,175,1788885914.3364255,G1,T01,gmin3_1m,1,moving
79553,1,1,0,175,0,0,0,-1,116,58,36,8,4,8,5,10,41,34,34,72,50,72,72,61,1,175,1788885914.5451846,G1,T01,gmin3_1m,1,moving
79753,1,1,0,175,0,0,0,-1,40,26,20,8,13,5,10,8,34,25,34,72,41,72,72,72,1,175,1788885914.7368326,G1,T01,gmin3_1m,1,moving
79953,1,1,0,175,0,0,0,-1,136,85,25,10,8,10,5,8,32,18,34,72,41,72,85,61,1,175,1788885914.94418,G1,T01,gmin3_1m,1,moving
80153,1,1,0,175,0,0,0,-1,202,45,53,5,5,10,5,8,32,34,34,72,41,72,85,61,1,175,1788885915.1366794,G1,T01,gmin3_1m,1,moving
80353,1,1,0,175,0,0,0,-1,41,20,13,9,5,8,18,5,41,41,45,72,41,72,85,61,1,175,1788885915.344604,G1,T01,gmin3_1m,1,moving
80553,1,1,0,175,0,0,0,-1,101,29,53,17,5,8,8,8,41,41,52,72,32,72,85,61,1,175,1788885915.5364742,G1,T01,gmin3_1m,1,moving
80753,1,1,0,175,0,0,0,-1,157,80,25,8,8,13,13,10,41,25,29,72,41,85,98,61,1,175,1788885915.7447681,G1,T01,gmin3_1m,1,moving
80953,1,1,0,175,0,0,0,-1,305,90,50,20,8,8,13,5,41,25,34,72,41,85,85,50,1,175,1788885915.9362547,G1,T01,gmin3_1m,1,moving
81153,1,1,0,175,0,0,0,-1,180,130,17,5,8,5,13,9,41,25,34,61,32,85,85,61,1,175,1788885916.1425385,G1,T01,gmin3_1m,1,moving
81353,1,1,0,175,0,0,0,-1,130,34,90,10,8,5,5,10,41,25,25,72,41,72,72,61,1,175,1788885916.3339643,G1,T01,gmin3_1m,1,moving
81553,1,1,0,175,0,0,0,-1,185,45,32,8,8,5,10,8,41,32,25,72,41,85,85,61,1,175,1788885916.5417724,G1,T01,gmin3_1m,1,moving
81753,1,1,0,175,0,0,0,-1,58,64,5,16,10,8,13,8,32,32,41,72,50,85,85,61,1,175,1788885916.7352705,G1,T01,gmin3_1m,1,moving
81953,1,1,0,175,0,0,0,-1,164,85,13,13,5,5,8,13,50,41,34,72,50,85,85,61,1,175,1788885916.9416602,G1,T01,gmin3_1m,1,moving
82153,1,1,0,175,0,0,0,-1,41,41,40,13,5,8,10,13,41,32,25,85,50,85,85,61,1,175,1788885917.1345937,G1,T01,gmin3_1m,1,moving
82353,1,1,0,175,0,0,0,-1,85,25,37,10,5,5,20,13,61,41,34,72,32,85,85,61,1,175,1788885917.3407629,G1,T01,gmin3_1m,1,moving
82553,1,1,0,175,0,0,0,-1,100,64,5,5,5,10,8,8,41,41,45,72,32,72,85,61,1,175,1788885917.5333965,G1,T01,gmin3_1m,1,moving
82753,1,1,0,175,0,0,0,-1,130,82,5,5,5,5,5,18,61,41,34,72,41,72,72,61,1,175,1788885917.740714,G1,T01,gmin3_1m,1,moving
82953,1,1,0,175,0,0,0,-1,37,25,81,16,10,8,5,18,50,41,34,72,41,72,85,61,1,175,1788885917.9480376,G1,T01,gmin3_1m,1,moving
83153,1,1,0,175,0,0,0,-1,90,137,52,5,8,5,9,10,41,41,34,61,32,61,98,61,1,175,1788885918.1402779,G1,T01,gmin3_1m,1,moving
83353,1,1,0,175,0,0,0,-1,218,72,36,13,13,8,5,13,50,34,41,72,32,72,85,61,1,175,1788885918.34784,G1,T01,gmin3_1m,1,moving
83553,1,1,0,175,0,0,0,-1,208,37,58,17,8,5,10,13,41,50,41,61,41,72,72,61,1,175,1788885918.5398364,G1,T01,gmin3_1m,1,moving
83753,1,1,0,175,0,0,0,-1,40,90,29,8,10,8,10,13,41,32,34,61,41,72,85,61,1,175,1788885918.7476249,G1,T01,gmin3_1m,1,moving
83953,1,1,0,175,0,0,0,-1,37,10,50,13,8,8,10,8,32,32,45,72,32,72,85,61,1,175,1788885918.9395502,G1,T01,gmin3_1m,1,moving
84153,1,1,0,175,0,0,0,-1,144,41,58,13,5,9,10,10,32,25,45,72,41,85,85,61,1,175,1788885919.148123,G1,T01,gmin3_1m,1,moving
84353,1,1,0,175,0,0,0,-1,65,37,80,5,13,8,8,8,32,25,45,72,41,72,85,52,1,175,1788885919.3390863,G1,T01,gmin3_1m,1,moving
84553,1,1,0,175,0,0,0,-1,53,20,74,10,8,10,9,8,50,41,52,72,41,61,72,52,1,175,1788885919.5470784,G1,T01,gmin3_1m,1,moving
84753,1,1,0,175,0,0,0,-1,121,80,10,13,10,8,5,10,41,41,34,72,41,61,85,74,1,175,1788885919.7390928,G1,T01,gmin3_1m,1,moving
84953,1,1,0,175,0,0,0,-1,136,45,9,18,10,5,8,5,41,41,34,72,41,61,85,74,1,175,1788885919.9472792,G1,T01,gmin3_1m,1,moving
85153,1,1,0,175,0,0,0,-1,122,85,45,10,9,10,5,8,41,32,25,85,41,72,72,61,1,175,1788885920.1388314,G1,T01,gmin3_1m,1,moving
85353,1,1,0,175,0,0,0,-1,269,41,13,13,8,8,9,13,34,32,41,72,50,85,61,61,1,175,1788885920.3476107,G1,T01,gmin3_1m,1,moving
85553,1,1,0,175,0,0,0,-1,65,45,65,13,5,8,10,13,41,32,41,72,50,98,72,61,1,175,1788885920.5400867,G1,T01,gmin3_1m,1,moving
85753,1,1,0,175,0,0,0,-1,260,113,37,17,10,8,10,13,41,32,34,72,41,85,61,61,1,175,1788885920.7471306,G1,T01,gmin3_1m,1,moving
85953,1,1,0,175,0,0,0,-1,26,13,52,5,8,10,10,8,50,25,29,61,32,61,61,61,1,175,1788885920.9391983,G1,T01,gmin3_1m,1,moving
86153,1,1,0,175,0,0,0,-1,160,104,13,10,5,8,10,8,41,25,34,72,32,72,72,61,1,175,1788885921.1484234,G1,T01,gmin3_1m,1,moving
86353,1,1,0,175,0,0,0,-1,73,25,90,13,5,10,8,8,32,25,34,74,41,85,72,50,1,175,1788885921.3395245,G1,T01,gmin3_1m,1,moving
86553,1,1,0,175,0,0,0,-1,72,65,8,9,5,8,10,18,32,34,32,85,41,85,72,61,1,175,1788885921.5478568,G1,T01,gmin3_1m,1,moving
86753,1,1,0,175,0,0,0,-1,144,37,5,26,8,10,10,9,41,50,34,72,32,85,72,61,1,175,1788885921.7400095,G1,T01,gmin3_1m,1,moving
86953,1,1,0,175,0,0,0,-1,65,20,8,13,8,5,8,8,32,32,34,72,32,85,85,61,1,175,1788885921.9476495,G1,T01,gmin3_1m,1,moving
87153,1,1,0,175,0,0,0,-1,170,100,13,8,5,13,5,13,50,34,45,72,32,72,61,52,1,175,1788885922.1404185,G1,T01,gmin3_1m,1,moving
87353,1,1,0,175,0,0,0,-1,50,98,18,10,8,8,13,13,41,34,52,72,32,72,61,72,1,175,1788885922.348248,G1,T01,gmin3_1m,1,moving
87553,1,1,0,175,0,0,0,-1,53,40,68,20,8,8,9,13,32,32,34,72,32,72,72,61,1,175,1788885922.5388842,G1,T01,gmin3_1m,1,moving
87753,1,1,0,175,0,0,0,-1,325,74,53,13,8,8,10,13,32,32,34,72,32,85,72,61,1,175,1788885922.7466526,G1,T01,gmin3_1m,1,moving
87953,1,1,0,175,0,0,0,-1,137,34,16,8,8,8,13,9,32,32,41,98,32,85,61,61,1,175,1788885922.9382887,G1,T01,gmin3_1m,1,moving
88153,1,1,0,175,0,0,0,-1,73,26,20,5,5,5,13,10,50,25,34,85,50,72,61,61,1,175,1788885923.1472845,G1,T01,gmin3_1m,1,moving
88353,1,1,0,175,0,0,0,-1,89,68,37,5,8,8,8,8,41,32,45,85,41,72,61,50,1,175,1788885923.3397279,G1,T01,gmin3_1m,1,moving
88553,1,1,0,175,0,0,0,-1,221,97,137,10,13,8,13,5,25,32,34,98,50,72,61,61,1,175,1788885923.547746,G1,T01,gmin3_1m,1,moving
88753,1,1,0,175,0,0,0,-1,117,40,10,10,5,5,10,5,32,25,45,85,41,72,72,61,1,175,1788885923.7390535,G1,T01,gmin3_1m,1,moving
88953,1,1,0,175,0,0,0,-1,130,45,74,8,5,5,10,8,32,25,34,72,34,72,72,61,1,175,1788885923.947009,G1,T01,gmin3_1m,1,moving
89153,1,1,0,175,0,0,0,-1,121,41,65,10,5,5,10,8,25,32,34,72,41,72,72,61,1,175,1788885924.1407702,G1,T01,gmin3_1m,1,moving
89353,1,1,0,175,0,0,0,-1,68,58,50,9,5,5,10,8,41,41,34,85,41,72,72,61,1,175,1788885924.3471963,G1,T01,gmin3_1m,1,moving
89553,1,1,0,175,0,0,0,-1,137,89,41,5,8,9,10,8,32,41,34,85,41,85,50,50,1,175,1788885924.5396612,G1,T01,gmin3_1m,1,moving
89753,1,1,0,175,0,0,0,-1,34,85,29,5,5,10,10,13,41,41,34,72,41,72,61,61,1,175,1788885924.7488256,G1,T01,gmin3_1m,1,moving
89953,1,1,0,175,0,0,0,-1,85,61,82,10,5,5,10,13,32,32,34,72,41,72,61,61,1,175,1788885924.9386613,G1,T01,gmin3_1m,1,moving
90153,1,1,0,175,0,0,0,-1,72,20,13,10,9,5,8,8,32,32,34,72,32,72,61,61,1,175,1788885925.1462915,G1,T01,gmin3_1m,1,moving
90353,1,1,0,175,0,0,0,-1,82,16,13,13,10,5,8,5,41,32,34,72,41,85,61,61,1,175,1788885925.3376908,G1,T01,gmin3_1m,1,moving
90553,1,1,0,175,0,0,0,-1,130,53,52,9,5,5,8,13,50,32,34,72,41,72,61,61,1,175,1788885925.545717,G1,T01,gmin3_1m,1,moving
90753,1,1,0,175,0,0,0,-1,160,81,10,10,9,8,5,8,50,32,34,72,41,72,50,61,1,175,1788885925.7364125,G1,T01,gmin3_1m,1,moving
90953,1,1,0,175,0,0,0,-1,146,58,121,13,10,9,8,8,41,41,34,72,50,72,61,52,1,175,1788885925.9445453,G1,T01,gmin3_1m,1,moving
91153,1,1,0,175,0,0,0,-1,85,41,20,17,8,8,9,8,41,50,52,85,32,72,61,61,1,175,1788885926.1369882,G1,T01,gmin3_1m,1,moving
91353,1,1,0,175,0,0,0,-1,257,68,32,10,5,8,13,10,41,41,41,72,32,72,61,61,1,175,1788885926.3446782,G1,T01,gmin3_1m,1,moving
91553,1,1,0,175,0,0,0,-1,221,80,37,10,5,5,13,9,41,32,34,72,32,72,61,61,1,175,1788885926.5372987,G1,T01,gmin3_1m,1,moving
91753,1,1,0,175,0,0,0,-1,296,130,40,10,8,5,13,8,41,41,41,72,41,72,61,61,1,175,1788885926.746003,G1,T01,gmin3_1m,1,moving
91953,1,1,0,175,0,0,0,-1,113,73,13,34,8,5,10,13,41,32,34,72,50,85,61,61,1,175,1788885926.9379764,G1,T01,gmin3_1m,1,moving
92153,1,1,0,175,0,0,0,-1,58,25,65,8,8,5,20,13,50,34,34,72,50,85,61,61,1,175,1788885927.1459684,G1,T01,gmin3_1m,1,moving
92353,1,1,0,175,0,0,0,-1,61,109,45,8,5,13,10,8,32,32,34,72,41,72,50,61,1,175,1788885927.3374834,G1,T01,gmin3_1m,1,moving
92553,1,1,0,175,0,0,0,-1,50,72,81,13,8,13,20,8,32,32,45,74,41,85,61,61,1,175,1788885927.5452747,G1,T01,gmin3_1m,1,moving
92753,1,1,0,175,0,0,0,-1,200,68,45,5,4,8,8,8,32,32,34,85,41,72,61,50,1,175,1788885927.7378428,G1,T01,gmin3_1m,1,moving
92953,1,1,0,175,0,0,0,-1,122,20,18,5,5,8,8,13,41,41,41,85,41,72,72,61,1,175,1788885927.9466445,G1,T01,gmin3_1m,1,moving
93153,1,1,0,175,0,0,0,-1,121,45,10,10,8,8,8,13,32,41,34,72,41,72,72,61,1,175,1788885928.138575,G1,T01,gmin3_1m,1,moving
93353,1,1,0,175,0,0,0,-1,208,34,40,5,10,8,8,9,25,41,34,72,32,72,72,61,1,175,1788885928.3465538,G1,T01,gmin3_1m,1,moving
93553,1,1,0,175,0,0,0,-1,45,36,25,10,10,8,10,8,32,41,45,72,32,72,61,61,1,175,1788885928.5386248,G1,T01,gmin3_1m,1,moving
93753,1,1,0,175,0,0,0,-1,104,26,13,5,5,8,10,8,41,41,34,72,41,85,61,61,1,175,1788885928.7464223,G1,T01,gmin3_1m,1,moving
93953,1,1,0,175,0,0,0,-1,85,26,17,10,10,5,5,8,32,41,34,72,41,72,50,61,1,175,1788885928.9376588,G1,T01,gmin3_1m,1,moving
94153,1,1,0,175,0,0,0,-1,53,17,10,20,5,13,10,8,32,41,34,72,50,74,72,52,1,175,1788885929.1461182,G1,T01,gmin3_1m,1,moving
94353,1,1,0,175,0,0,0,-1,29,53,100,20,10,8,10,8,25,41,34,74,41,85,72,61,1,175,1788885929.3402767,G1,T01,gmin3_1m,1,moving
94553,1,1,0,175,0,0,0,-1,101,85,25,10,8,10,10,8,41,32,34,85,41,72,61,61,1,175,1788885929.5473037,G1,T01,gmin3_1m,1,moving
94753,1,1,0,175,0,0,0,-1,34,10,10,10,5,8,10,10,50,41,34,72,41,72,72,72,1,175,1788885929.7397707,G1,T01,gmin3_1m,1,moving
94953,1,1,0,175,0,0,0,-1,74,73,20,26,8,10,8,8,50,41,41,72,32,72,61,61,1,175,1788885929.947912,G1,T01,gmin3_1m,1,moving
95153,1,1,0,175,0,0,0,-1,89,36,40,17,10,5,5,10,50,34,34,72,41,72,61,61,1,175,1788885930.1397967,G1,T01,gmin3_1m,1,moving
95353,1,1,0,175,0,0,0,-1,160,82,18,9,8,8,13,9,41,25,34,72,32,72,61,61,1,175,1788885930.3487356,G1,T01,gmin3_1m,1,moving
95553,1,1,0,175,0,0,0,-1,194,136,18,13,5,5,13,8,32,32,34,72,32,72,61,61,1,175,1788885930.5403113,G1,T01,gmin3_1m,1,moving
95753,1,1,0,175,0,0,0,-1,32,58,65,8,5,5,8,8,41,32,34,72,32,72,61,50,1,175,1788885930.7480104,G1,T01,gmin3_1m,1,moving
95953,1,1,0,175,0,0,0,-1,106,34,101,5,8,5,18,8,25,32,34,72,41,72,61,61,1,175,1788885930.9402432,G1,T01,gmin3_1m,1,moving
96153,1,1,0,175,0,0,0,-1,58,37,90,10,13,5,8,8,32,32,34,85,41,72,50,61,1,175,1788885931.1484685,G1,T01,gmin3_1m,1,moving
96353,1,1,0,175,0,0,0,-1,125,122,29,8,8,5,25,9,25,41,34,85,41,72,61,61,1,175,1788885931.3403883,G1,T01,gmin3_1m,1,moving
96553,1,1,0,175,0,0,0,-1,101,89,125,10,20,5,8,8,32,25,34,85,32,72,74,61,1,175,1788885931.5490427,G1,T01,gmin3_1m,1,moving
96753,1,1,0,175,0,0,0,-1,65,82,37,13,10,5,13,5,41,25,34,72,41,72,74,50,1,175,1788885931.7414443,G1,T01,gmin3_1m,1,moving
96953,1,1,0,175,0,0,0,-1,149,41,26,9,8,5,8,13,50,32,41,72,50,72,74,61,1,175,1788885931.9493337,G1,T01,gmin3_1m,1,moving
97153,1,1,0,175,0,0,0,-1,50,18,65,18,13,10,8,8,50,32,41,85,41,61,61,61,1,175,1788885932.140381,G1,T01,gmin3_1m,1,moving
97353,1,1,0,175,0,0,0,-1,122,90,113,13,9,8,8,8,41,34,34,85,41,72,85,61,1,175,1788885932.3489957,G1,T01,gmin3_1m,1,moving
97553,1,1,0,175,0,0,0,-1,50,40,37,13,8,10,8,10,32,41,34,85,41,72,52,61,1,175,1788885932.5410671,G1,T01,gmin3_1m,1,moving
97753,1,1,0,175,0,0,0,-1,481,89,18,16,9,5,13,8,50,34,29,85,32,72,52,61,1,175,1788885932.7493317,G1,T01,gmin3_1m,1,moving
97953,1,1,0,175,0,0,0,-1,29,121,100,5,8,20,20,8,32,25,45,72,41,72,52,61,1,175,1788885932.9417412,G1,T01,gmin3_1m,1,moving
98153,1,1,0,175,0,0,0,-1,109,65,45,10,10,13,10,8,41,32,41,72,41,72,41,50,1,175,1788885933.1493847,G1,T01,gmin3_1m,1,moving
98353,1,1,0,175,0,0,0,-1,85,40,53,10,13,5,13,8,32,41,34,72,32,72,41,72,1,175,1788885933.3414843,G1,T01,gmin3_1m,1,moving
98553,1,1,0,175,0,0,0,-1,45,98,26,13,8,5,13,8,41,41,41,85,32,72,52,61,1,175,1788885933.5494137,G1,T01,gmin3_1m,1,moving
98753,1,1,0,175,0,0,0,-1,80,36,17,8,5,5,17,13,41,32,34,85,41,85,52,61,1,175,1788885933.7415104,G1,T01,gmin3_1m,1,moving
98953,1,1,0,175,0,0,0,-1,52,25,80,13,10,8,20,9,41,32,34,85,41,85,52,61,1,175,1788885933.9493473,G1,T01,gmin3_1m,1,moving
99153,1,1,0,202,0,0,0,-1,85,34,74,32,8,8,10,8,41,32,34,72,32,85,52,50,1,202,1788885934.141466,G1,T01,gmin3_1m,1,moving
99353,1,1,0,202,0,0,0,-1,97,20,32,13,8,8,10,8,50,32,34,72,25,72,52,50,1,202,1788885934.3491826,G1,T01,gmin3_1m,1,moving
99553,1,1,0,202,0,0,0,-1,49,100,202,18,5,8,18,8,25,41,45,72,32,72,52,61,1,202,1788885934.5412674,G1,T01,gmin3_1m,1,moving
99753,1,1,0,202,0,0,0,-1,25,25,29,13,8,10,9,5,25,41,34,72,32,72,52,61,1,202,1788885934.7376103,G1,T01,gmin3_1m,1,moving
99953,1,1,0,202,0,0,0,-1,50,40,65,16,5,5,5,8,41,25,29,61,32,61,52,61,1,202,1788885934.9409502,G1,T01,gmin3_1m,1,moving
100153,1,1,0,202,0,0,0,-1,100,17,10,8,9,10,13,18,41,25,34,72,41,72,52,61,1,202,1788885935.1485996,G1,T01,gmin3_1m,1,moving
100353,1,1,0,202,0,0,0,-1,40,32,58,5,8,5,8,8,34,32,34,61,32,61,65,61,1,202,1788885935.3409739,G1,T01,gmin3_1m,1,moving
100553,1,1,0,202,0,0,0,-1,130,26,145,8,5,4,10,13,41,25,34,72,41,72,52,61,1,202,1788885935.5495048,G1,T01,gmin3_1m,1,moving
100753,1,1,0,202,0,0,0,-1,85,20,34,10,5,8,20,13,41,34,45,72,41,72,45,61,1,202,1788885935.742191,G1,T01,gmin3_1m,1,moving
100953,1,1,0,202,0,0,0,-1,212,58,41,17,10,8,8,10,32,50,45,72,41,85,61,61,1,202,1788885935.949761,G1,T01,gmin3_1m,1,moving
101153,1,1,0,202,0,0,0,-1,340,116,5,5,5,5,8,13,52,41,45,50,32,72,74,61,1,202,1788885936.1435113,G1,T01,gmin3_1m,1,moving
101353,1,1,0,202,0,0,0,-1,61,52,65,10,5,5,8,13,41,32,34,61,32,72,52,50,1,202,1788885936.3494034,G1,T01,gmin3_1m,1,moving
101553,1,1,0,202,0,0,0,-1,58,18,50,13,5,16,5,10,50,25,40,72,32,72,52,61,1,202,1788885936.5489976,G1,T01,gmin3_1m,1,moving
101753,1,1,0,202,0,0,0,-1,32,20,25,13,8,10,8,8,41,25,34,72,32,72,52,61,1,202,1788885936.7371812,G1,T01,gmin3_1m,1,moving
101953,1,1,0,202,0,0,0,-1,68,50,9,9,5,5,5,10,41,25,34,72,32,72,52,61,1,202,1788885936.9417949,G1,T01,gmin3_1m,1,moving
102153,1,1,0,202,0,0,0,-1,144,65,40,5,13,8,13,13,61,32,34,72,41,61,52,61,1,202,1788885937.1344168,G1,T01,gmin3_1m,1,moving
102353,1,1,0,202,0,0,0,-1,116,81,20,8,5,5,13,8,41,41,34,72,32,61,52,61,1,202,1788885937.3430908,G1,T01,gmin3_1m,1,moving
102553,1,1,0,202,0,0,0,-1,137,72,10,10,9,10,10,13,34,34,29,61,41,72,41,61,1,202,1788885937.5496545,G1,T01,gmin3_1m,1,moving
102753,1,1,0,202,0,0,0,-1,68,64,17,9,10,8,13,13,41,41,34,72,41,72,52,61,1,202,1788885937.7421598,G1,T01,gmin3_1m,1,moving
102953,1,1,0,202,0,0,0,-1,178,37,73,17,10,5,8,13,41,32,41,72,50,72,52,61,1,202,1788885937.9481025,G1,T01,gmin3_1m,1,moving
103153,1,1,0,202,0,0,0,-1,53,65,25,8,10,8,8,8,32,32,34,72,41,85,52,61,1,202,1788885938.1386635,G1,T01,gmin3_1m,1,moving
103353,1,1,0,202,0,0,0,-1,136,34,65,10,8,8,9,9,32,32,34,72,41,85,52,61,1,202,1788885938.3464365,G1,T01,gmin3_1m,1,moving
103553,1,1,0,202,0,0,0,-1,90,89,68,10,5,5,8,5,41,41,34,72,41,72,52,50,1,202,1788885938.5404778,G1,T01,gmin3_1m,1,moving
103753,1,1,0,202,0,0,0,-1,89,29,61,10,8,5,10,8,32,32,34,85,50,72,52,50,1,202,1788885938.7468114,G1,T01,gmin3_1m,1,moving
103953,1,1,0,202,0,0,0,-1,85,130,5,5,9,13,10,13,25,32,34,72,41,72,52,61,1,202,1788885938.9395123,G1,T01,gmin3_1m,1,moving
104153,1,1,0,202,0,0,0,-1,37,52,100,8,5,8,13,9,41,32,34,72,41,72,52,61,1,202,1788885939.1478462,G1,T01,gmin3_1m,1,moving
104353,1,1,0,202,0,0,0,-1,125,100,85,8,5,8,10,8,50,41,52,61,50,72,65,72,1,202,1788885939.3395436,G1,T01,gmin3_1m,1,moving
104553,1,1,0,202,0,0,0,-1,433,137,85,4,5,5,10,8,32,25,52,61,50,72,52,61,1,202,1788885939.5473804,G1,T01,gmin3_1m,1,moving
104753,1,1,0,202,0,0,0,-1,130,37,58,13,9,8,13,13,41,25,34,72,41,72,52,61,1,202,1788885939.7374353,G1,T01,gmin3_1m,1,moving
104953,1,1,0,202,0,0,0,-1,325,153,45,5,5,9,20,13,41,34,45,85,32,72,52,74,1,202,1788885939.9457676,G1,T01,gmin3_1m,1,moving
105153,1,1,0,202,0,0,0,-1,80,52,89,17,10,5,10,9,25,32,34,72,41,72,61,61,1,202,1788885940.1381102,G1,T01,gmin3_1m,1,moving
105353,1,1,0,202,0,0,0,-1,89,40,34,13,5,13,17,10,25,32,41,72,32,72,52,61,1,202,1788885940.345577,G1,T01,gmin3_1m,1,moving
105553,1,1,0,202,0,0,0,-1,113,74,9,8,5,10,8,8,41,32,41,72,41,72,52,74,1,202,1788885940.5378716,G1,T01,gmin3_1m,1,moving
105753,1,1,0,202,0,0,0,-1,148,80,34,8,5,5,17,5,41,32,34,72,32,72,52,52,1,202,1788885940.7464309,G1,T01,gmin3_1m,1,moving
105953,1,1,0,202,0,0,0,-1,74,73,8,8,5,8,10,13,41,32,34,72,32,72,61,61,1,202,1788885940.937744,G1,T01,gmin3_1m,1,moving
106153,1,1,0,202,0,0,0,-1,113,162,85,10,8,8,5,8,32,41,34,72,50,85,41,72,1,202,1788885941.1458907,G1,T01,gmin3_1m,1,moving
106353,1,1,0,202,0,0,0,-1,145,97,52,20,5,5,5,5,41,34,34,72,32,72,52,61,1,202,1788885941.3383894,G1,T01,gmin3_1m,1,moving
106553,1,1,0,202,0,0,0,-1,117,65,25,13,10,5,8,8,41,34,34,72,32,72,52,61,1,202,1788885941.5465758,G1,T01,gmin3_1m,1,moving
106753,1,1,0,202,0,0,0,-1,29,9,25,5,8,9,13,13,41,34,34,72,32,72,52,61,1,202,1788885941.7389648,G1,T01,gmin3_1m,1,moving
106953,1,1,0,202,0,0,0,-1,68,26,52,8,8,5,10,13,34,25,34,72,41,72,52,61,1,202,1788885941.9468813,G1,T01,gmin3_1m,1,moving
107153,1,1,0,202,0,0,0,-1,244,64,45,13,8,8,17,18,41,32,34,72,41,72,52,50,1,202,1788885942.1380649,G1,T01,gmin3_1m,1,moving
107353,1,1,0,202,0,0,0,-1,73,117,68,8,9,5,5,5,41,41,34,72,41,72,52,61,1,202,1788885942.3470113,G1,T01,gmin3_1m,1,moving
107553,1,1,0,202,0,0,0,-1,117,41,25,10,9,5,13,5,41,41,34,72,41,85,41,61,1,202,1788885942.5392869,G1,T01,gmin3_1m,1,moving
107753,1,1,0,202,0,0,0,-1,200,164,8,16,9,5,13,8,32,41,34,72,50,72,52,61,1,202,1788885942.746507,G1,T01,gmin3_1m,1,moving
107953,1,1,0,202,0,0,0,-1,113,37,149,13,5,5,13,5,32,25,34,72,41,72,52,61,1,202,1788885942.9385433,G1,T01,gmin3_1m,1,moving
108153,1,1,0,202,0,0,0,-1,82,34,32,8,8,8,5,8,41,34,34,72,41,72,52,50,1,202,1788885943.1469512,G1,T01,gmin3_1m,1,moving
108353,1,1,0,202,0,0,0,-1,82,26,17,5,5,5,5,8,41,41,41,72,41,72,52,61,1,202,1788885943.339245,G1,T01,gmin3_1m,1,moving
108553,1,1,0,202,0,0,0,-1,122,80,34,10,13,8,8,8,41,32,34,85,41,72,61,61,1,202,1788885943.5473478,G1,T01,gmin3_1m,1,moving
108753,1,1,0,202,0,0,0,-1,97,89,101,13,10,10,10,8,41,32,34,85,41,72,61,61,1,202,1788885943.740763,G1,T01,gmin3_1m,1,moving
108953,1,1,0,202,0,0,0,-1,181,58,8,10,5,5,20,8,25,32,45,72,41,72,52,61,1,202,1788885943.9489403,G1,T01,gmin3_1m,1,moving
109153,1,1,0,202,0,0,0,-1,178,85,73,8,8,5,13,18,32,32,34,72,32,61,45,61,1,202,1788885944.1414225,G1,T01,gmin3_1m,1,moving
109353,1,1,0,202,0,0,0,-1,53,18,41,17,5,8,10,9,32,32,34,72,41,72,61,50,1,202,1788885944.3480554,G1,T01,gmin3_1m,1,moving
109553,1,1,0,202,0,0,0,-1,162,98,5,17,5,9,10,9,41,41,34,85,41,72,61,50,1,202,1788885944.5397298,G1,T01,gmin3_1m,1,moving
109753,1,1,0,202,0,0,0,-1,144,61,20,16,8,9,13,5,32,32,34,61,32,72,61,61,1,202,1788885944.749127,G1,T01,gmin3_1m,1,moving
109953,1,1,0,202,0,0,0,-1,85,20,41,10,8,5,13,13,41,25,34,72,32,72,52,61,1,202,1788885944.9396489,G1,T01,gmin3_1m,1,moving
110153,1,1,0,202,0,0,0,-1,36,20,73,13,8,5,13,8,41,32,34,72,34,72,52,61,1,202,1788885945.1474338,G1,T01,gmin3_1m,1,moving
110353,1,1,0,202,0,0,0,-1,197,64,85,8,9,8,13,9,32,32,29,85,32,72,52,61,1,202,1788885945.3413677,G1,T01,gmin3_1m,1,moving
110553,1,1,0,202,0,0,0,-1,193,52,41,13,8,10,8,10,50,25,29,61,34,61,52,61,1,202,1788885945.5478883,G1,T01,gmin3_1m,1,moving
110753,1,1,0,202,0,0,0,-1,90,89,26,5,8,9,13,8,41,18,34,72,41,72,52,52,1,202,1788885945.7428699,G1,T01,gmin3_1m,1,moving
110953,1,1,0,202,0,0,0,-1,149,32,101,20,5,8,5,8,41,25,41,61,41,72,52,61,1,202,1788885945.948503,G1,T01,gmin3_1m,1,moving
111153,1,1,0,202,0,0,0,-1,80,49,9,5,8,8,13,8,32,25,34,85,41,72,52,61,1,202,1788885946.1411922,G1,T01,gmin3_1m,1,moving
111353,1,1,0,202,0,0,0,-1,53,109,37,10,5,8,10,13,50,25,41,85,41,72,52,61,1,202,1788885946.3480084,G1,T01,gmin3_1m,1,moving
111553,1,1,0,202,0,0,0,-1,53,13,40,17,13,10,5,8,50,18,52,74,41,72,52,50,1,202,1788885946.5403662,G1,T01,gmin3_1m,1,moving
111753,1,1,0,202,0,0,0,-1,89,74,72,8,9,10,13,8,50,25,41,72,41,72,52,61,1,202,1788885946.7481716,G1,T01,gmin3_1m,1,moving
111953,1,1,0,202,0,0,0,-1,74,25,65,13,5,8,13,8,50,18,34,72,32,72,52,61,1,202,1788885946.94072,G1,T01,gmin3_1m,1,moving
112153,1,1,0,202,0,0,0,-1,41,25,117,8,10,8,10,8,41,18,34,85,41,72,52,61,1,202,1788885947.149083,G1,T01,gmin3_1m,1,moving
112353,1,1,0,202,0,0,0,-1,113,85,25,18,8,13,13,8,41,18,34,85,32,72,52,61,1,202,1788885947.3410206,G1,T01,gmin3_1m,1,moving
112553,1,1,0,202,0,0,0,-1,128,34,49,18,5,9,13,13,41,25,34,72,41,72,52,50,1,202,1788885947.5492067,G1,T01,gmin3_1m,1,moving
112753,1,1,0,202,0,0,0,-1,52,29,53,5,5,9,8,8,32,34,41,85,52,72,52,50,1,202,1788885947.744552,G1,T01,gmin3_1m,1,moving
112953,1,1,0,202,0,0,0,-1,200,52,36,10,13,5,13,8,32,34,41,72,32,72,52,61,1,202,1788885947.9484682,G1,T01,gmin3_1m,1,moving
113153,1,1,0,202,0,0,0,-1,250,136,50,16,8,8,13,13,32,29,41,72,32,72,52,72,1,202,1788885948.1403258,G1,T01,gmin3_1m,1,moving
113353,1,1,0,202,0,0,0,-1,221,20,32,9,8,10,13,8,41,25,34,72,32,72,52,61,1,202,1788885948.3486254,G1,T01,gmin3_1m,1,moving
113553,1,1,0,202,0,0,0,-1,74,25,81,26,5,5,13,8,32,25,34,72,32,72,52,61,1,202,1788885948.5420282,G1,T01,gmin3_1m,1,moving
113753,1,1,0,202,0,0,0,-1,90,25,116,10,5,5,13,13,41,18,34,72,32,85,52,61,1,202,1788885948.7485976,G1,T01,gmin3_1m,1,moving
113953,1,1,0,202,0,0,0,-1,90,26,82,25,9,8,9,5,41,32,45,72,41,72,61,72,1,202,1788885948.9397883,G1,T01,gmin3_1m,1,moving
114153,1,1,0,202,0,0,0,-1,148,20,9,13,10,8,8,5,41,32,45,72,50,85,61,72,1,202,1788885949.1480267,G1,T01,gmin3_1m,1,moving
114353,1,1,0,202,0,0,0,-1,41,13,5,8,5,8,10,8,41,25,32,72,50,72,52,72,1,202,1788885949.3401654,G1,T01,gmin3_1m,1,moving
114553,1,1,0,202,0,0,0,-1,130,29,32,13,8,5,5,10,41,25,45,72,32,72,52,61,1,202,1788885949.5496051,G1,T01,gmin3_1m,1,moving
114753,1,1,0,202,0,0,0,-1,37,16,29,10,5,5,13,5,41,25,34,72,41,85,52,61,1,202,1788885949.7419484,G1,T01,gmin3_1m,1,moving
114953,1,1,0,202,0,0,0,-1,61,74,20,10,13,10,10,13,32,18,34,72,41,85,61,61,1,202,1788885949.9485736,G1,T01,gmin3_1m,1,moving
115153,1,1,0,202,0,0,0,-1,196,29,9,10,8,5,10,8,32,25,45,61,41,72,52,61,1,202,1788885950.1404102,G1,T01,gmin3_1m,1,moving
115353,1,1,0,202,0,0,0,-1,40,58,26,8,8,5,10,8,32,25,32,72,41,72,52,61,1,202,1788885950.348059,G1,T01,gmin3_1m,1,moving
115553,1,1,0,202,0,0,0,-1,85,89,82,9,5,8,13,9,25,25,34,72,32,72,65,61,1,202,1788885950.5396137,G1,T01,gmin3_1m,1,moving
115753,1,1,0,202,0,0,0,-1,125,32,26,8,5,5,10,8,41,32,45,72,41,85,41,61,1,202,1788885950.7476165,G1,T01,gmin3_1m,1,moving
115953,1,1,0,202,0,0,0,-1,81,37,34,13,8,5,9,8,41,32,34,85,41,72,52,61,1,202,1788885950.9411635,G1,T01,gmin3_1m,1,moving
116153,1,1,0,202,0,0,0,-1,61,10,68,10,5,8,13,8,50,18,34,72,32,85,74,61,1,202,1788885951.1480317,G1,T01,gmin3_1m,1,moving
116353,1,1,0,202,0,0,0,-1,53,50,65,8,13,10,13,13,41,25,41,85,32,72,65,61,1,202,1788885951.3402894,G1,T01,gmin3_1m,1,moving
116553,1,1,0,202,0,0,0,-1,89,81,26,5,8,10,8,9,32,20,34,85,32,72,52,50,1,202,1788885951.548617,G1,T01,gmin3_1m,1,moving
116753,1,1,0,202,0,0,0,-1,145,145,25,5,8,8,8,5,32,20,34,85,41,72,52,61,1,202,1788885951.7404616,G1,T01,gmin3_1m,1,moving
116953,1,1,0,202,0,0,0,-1,125,37,40,5,8,10,8,8,41,25,34,85,41,72,65,61,1,202,1788885951.9474363,G1,T01,gmin3_1m,1,moving
117153,1,1,0,202,0,0,0,-1,104,18,10,10,8,8,5,8,41,25,41,85,32,61,52,50,1,202,1788885952.139508,G1,T01,gmin3_1m,1,moving
117353,1,1,0,202,0,0,0,-1,53,18,61,8,8,8,9,8,32,25,25,85,41,72,52,61,1,202,1788885952.3472598,G1,T01,gmin3_1m,1,moving
117553,1,1,0,202,0,0,0,-1,34,25,10,18,13,5,13,13,34,18,34,72,32,72,52,61,1,202,1788885952.5395503,G1,T01,gmin3_1m,1,moving
117753,1,1,0,202,0,0,0,-1,65,72,65,26,5,5,13,13,34,25,52,72,32,72,52,61,1,202,1788885952.7476208,G1,T01,gmin3_1m,1,moving
117953,1,1,0,202,0,0,0,-1,298,113,137,10,13,8,13,13,32,41,52,72,32,72,52,72,1,202,1788885952.9391928,G1,T01,gmin3_1m,1,moving
118153,1,1,0,202,0,0,0,-1,212,61,58,8,5,8,13,8,32,34,41,72,32,72,52,61,1,202,1788885953.1474648,G1,T01,gmin3_1m,1,moving
118353,1,1,0,202,0,0,0,-1,68,26,13,10,8,5,13,8,41,25,41,72,32,61,45,61,1,202,1788885953.3396475,G1,T01,gmin3_1m,1,moving
118553,1,1,0,202,0,0,0,-1,200,53,41,5,8,8,13,8,41,25,41,72,32,72,50,50,1,202,1788885953.5475428,G1,T01,gmin3_1m,1,moving
118753,1,1,0,202,0,0,0,-1,293,109,18,5,5,8,8,10,41,25,34,72,32,72,52,61,1,202,1788885953.73952,G1,T01,gmin3_1m,1,moving
118953,1,1,0,202,0,0,0,-1,170,73,37,16,8,9,8,9,50,25,34,72,32,61,52,61,1,202,1788885953.947659,G1,T01,gmin3_1m,1,moving
119153,1,1,0,202,0,0,0,-1,97,34,106,13,8,8,8,18,50,32,52,72,32,72,52,61,1,202,1788885954.1403701,G1,T01,gmin3_1m,1,moving
119353,1,1,0,202,0,0,0,-1,85,85,34,20,9,13,13,13,41,41,45,72,32,85,52,61,1,202,1788885954.346927,G1,T01,gmin3_1m,1,moving
119553,1,1,0,202,0,0,0,-1,53,52,25,18,10,8,20,13,61,32,45,72,41,85,52,52,1,202,1788885954.5388832,G1,T01,gmin3_1m,1,moving
119753,1,1,0,202,0,0,0,-1,80,50,10,20,5,8,16,18,34,20,45,72,41,72,52,61,1,202,1788885954.7472398,G1,T01,gmin3_1m,1,moving
119953,1,1,0,202,0,0,0,-1,229,109,58,8,8,5,20,10,34,25,52,61,41,72,52,61,1,202,1788885954.9497144,G1,T01,gmin3_1m,1,moving
120153,1,1,0,202,0,0,0,-1,45,17,149,13,10,5,13,13,34,25,34,72,41,85,41,50,1,202,1788885955.148661,G1,T01,gmin3_1m,1,moving
120353,1,1,0,202,0,0,0,-1,82,34,41,9,5,5,10,17,65,32,45,72,41,85,52,61,1,202,1788885955.3368616,G1,T01,gmin3_1m,1,moving
120553,1,1,0,202,0,0,0,-1,65,45,45,10,8,5,13,13,41,32,41,72,41,72,61,61,1,202,1788885955.5448859,G1,T01,gmin3_1m,1,moving
120753,1,1,0,202,0,0,0,-1,149,89,8,17,5,8,8,8,41,32,41,72,41,85,61,50,1,202,1788885955.7370617,G1,T01,gmin3_1m,1,moving
120953,1,1,0,202,0,0,0,-1,74,61,85,5,5,10,10,8,41,25,34,72,41,72,52,61,1,202,1788885955.944766,G1,T01,gmin3_1m,1,moving
121153,1,1,0,202,0,0,0,-1,72,52,17,5,5,5,8,13,41,25,34,72,41,72,52,52,1,202,1788885956.1359632,G1,T01,gmin3_1m,1,moving
121353,1,1,0,202,0,0,0,-1,149,64,17,13,5,8,8,8,50,18,34,72,41,72,41,50,1,202,1788885956.343858,G1,T01,gmin3_1m,1,moving
121553,1,1,0,202,0,0,0,-1,68,52,58,10,5,8,13,8,50,18,34,72,41,72,50,50,1,202,1788885956.5486124,G1,T01,gmin3_1m,1,moving
121753,1,1,0,202,0,0,0,-1,50,26,13,25,13,8,10,13,41,18,34,85,41,72,52,50,1,202,1788885956.7424855,G1,T01,gmin3_1m,1,moving
121953,1,1,0,202,0,0,0,-1,170,34,45,8,5,8,10,8,32,25,25,85,41,85,52,61,1,202,1788885956.9346924,G1,T01,gmin3_1m,1,moving
122153,1,1,0,202,0,0,0,-1,180,74,20,8,8,9,13,8,34,34,34,85,25,61,52,50,1,202,1788885957.1426747,G1,T01,gmin3_1m,1,moving
122353,1,1,0,202,0,0,0,-1,173,37,37,26,8,10,13,8,41,25,34,72,25,85,61,61,1,202,1788885957.3500736,G1,T01,gmin3_1m,1,moving
122553,1,1,0,202,0,0,0,-1,97,25,40,8,9,8,13,8,41,25,40,72,25,74,65,61,1,202,1788885957.5426462,G1,T01,gmin3_1m,1,moving
122753,1,1,0,202,0,0,0,-1,81,20,17,13,8,9,10,13,41,25,34,72,34,85,52,61,1,202,1788885957.7351434,G1,T01,gmin3_1m,1,moving
122953,1,1,0,202,0,0,0,-1,37,18,29,10,8,5,10,5,41,18,34,72,25,74,52,61,1,202,1788885957.9437187,G1,T01,gmin3_1m,1,moving
123153,1,1,0,202,0,0,0,-1,202,61,16,9,5,9,8,8,41,25,41,72,25,74,52,61,1,202,1788885958.1360385,G1,T01,gmin3_1m,1,moving
123353,1,1,0,202,0,0,0,-1,100,34,25,13,8,5,13,13,50,25,34,72,25,74,52,61,1,202,1788885958.3434675,G1,T01,gmin3_1m,1,moving
123553,1,1,0,202,0,0,0,-1,160,125,40,5,8,5,13,13,41,18,34,72,25,85,52,52,1,202,1788885958.5356174,G1,T01,gmin3_1m,1,moving
123753,1,1,0,202,0,0,0,-1,53,26,37,13,5,5,13,8,32,25,34,72,25,61,45,50,1,202,1788885958.7433145,G1,T01,gmin3_1m,1,moving
123953,1,1,0,202,0,0,0,-1,17,40,72,8,8,13,20,13,32,25,45,72,25,72,45,41,1,202,1788885958.9359105,G1,T01,gmin3_1m,1,moving
124153,1,1,0,202,0,0,0,-1,41,17,8,5,8,5,17,13,32,34,34,72,25,72,52,50,1,202,1788885959.14248,G1,T01,gmin3_1m,1,moving
124353,1,1,0,202,0,0,0,-1,45,25,37,10,8,13,17,13,32,25,34,72,25,61,52,50,1,202,1788885959.3504694,G1,T01,gmin3_1m,1,moving
124553,1,1,0,202,0,0,0,-1,164,53,74,10,5,10,8,13,41,25,34,72,32,85,52,61,1,202,1788885959.5419953,G1,T01,gmin3_1m,1,moving
124753,1,1,0,202,0,0,0,-1,80,18,13,18,8,8,13,13,50,25,34,72,25,72,52,61,1,202,1788885959.750526,G1,T01,gmin3_1m,1,moving
124953,1,1,0,202,0,0,0,-1,173,50,10,4,5,8,5,5,41,18,32,72,25,98,61,72,1,202,1788885959.9430635,G1,T01,gmin3_1m,1,moving
125153,1,1,0,202,0,0,0,-1,116,29,74,5,5,5,13,8,32,25,34,72,25,72,52,61,1,202,1788885960.1435342,G1,T01,gmin3_1m,1,moving
125353,1,1,0,202,0,0,0,-1,101,18,58,5,5,8,13,8,32,25,41,72,25,72,52,72,1,202,1788885960.3355448,G1,T01,gmin3_1m,1,moving
125553,1,1,0,202,0,0,0,-1,50,34,25,10,10,5,8,5,41,25,34,72,25,72,52,72,1,202,1788885960.5439665,G1,T01,gmin3_1m,1,moving
125753,1,1,0,202,0,0,0,-1,170,13,17,8,5,5,10,10,41,18,45,72,25,72,52,72,1,202,1788885960.7365506,G1,T01,gmin3_1m,1,moving
125953,1,1,0,202,0,0,0,-1,50,18,80,8,9,8,10,8,32,18,34,72,25,72,52,61,1,202,1788885960.9440868,G1,T01,gmin3_1m,1,moving
126153,1,1,0,202,0,0,0,-1,58,64,29,13,13,8,20,13,32,18,29,61,25,61,52,61,1,202,1788885961.1364524,G1,T01,gmin3_1m,1,moving
126353,1,1,0,202,0,0,0,-1,97,20,65,8,5,5,20,13,50,25,45,72,25,72,52,50,1,202,1788885961.3444092,G1,T01,gmin3_1m,1,moving
126553,1,1,0,202,0,0,0,-1,74,26,32,9,8,10,13,8,41,25,45,61,25,72,52,65,1,202,1788885961.5370376,G1,T01,gmin3_1m,1,moving
126753,1,1,0,202,0,0,0,-1,50,10,52,8,13,13,8,13,50,25,34,72,25,72,45,61,1,202,1788885961.7453234,G1,T01,gmin3_1m,1,moving
126953,1,1,0,202,0,0,0,-1,97,32,89,10,9,5,8,13,41,20,34,72,41,72,52,61,1,202,1788885961.9369924,G1,T01,gmin3_1m,1,moving
127153,1,1,0,202,0,0,0,-1,117,40,97,5,9,9,8,10,50,25,45,72,41,100,61,61,1,202,1788885962.1447275,G1,T01,gmin3_1m,1,moving
127353,1,1,0,202,0,0,0,-1,80,50,58,13,8,8,8,8,50,32,34,72,41,85,52,52,1,202,1788885962.336501,G1,T01,gmin3_1m,1,moving
127553,1,1,0,202,0,0,0,-1,41,34,73,10,5,5,8,13,50,32,34,72,25,72,61,41,1,202,1788885962.5448034,G1,T01,gmin3_1m,1,moving
127753,1,1,0,202,0,0,0,-1,208,113,9,5,10,10,10,13,41,25,34,72,25,72,52,61,1,202,1788885962.7365248,G1,T01,gmin3_1m,1,moving
127953,1,1,0,202,0,0,0,-1,277,25,20,25,8,5,8,9,50,25,34,72,25,72,52,50,1,202,1788885962.9446049,G1,T01,gmin3_1m,1,moving
128153,1,1,0,202,0,0,0,-1,153,65,8,25,10,5,8,9,32,20,34,61,25,72,52,61,1,202,1788885963.1367874,G1,T01,gmin3_1m,1,moving
128353,1,1,0,202,0,0,0,-1,144,32,37,20,5,8,13,13,32,25,41,72,25,72,52,61,1,202,1788885963.3443935,G1,T01,gmin3_1m,1,moving
128553,1,1,0,202,0,0,0,-1,68,36,109,10,5,8,13,18,50,25,34,85,25,72,52,61,1,202,1788885963.5353763,G1,T01,gmin3_1m,1,moving
128753,1,1,0,202,0,0,0,-1,29,52,17,13,8,8,10,9,50,25,34,85,34,72,61,61,1,202,1788885963.743333,G1,T01,gmin3_1m,1,moving
128953,1,1,0,202,0,0,0,-1,68,41,65,17,5,8,13,9,41,32,34,72,25,72,61,61,1,202,1788885963.9354553,G1,T01,gmin3_1m,1,moving
129153,1,1,0,202,0,0,0,-1,85,37,17,10,5,13,13,9,41,32,45,72,25,72,61,61,1,202,1788885964.1432958,G1,T01,gmin3_1m,1,moving
129353,1,1,0,202,0,0,0,-1,221,113,10,10,5,13,10,13,41,32,34,72,20,61,52,61,1,202,1788885964.3499818,G1,T01,gmin3_1m,1,moving
129553,1,1,0,202,0,0,0,-1,181,61,17,17,5,5,8,10,41,32,34,72,25,72,52,61,1,202,1788885964.5420744,G1,T01,gmin3_1m,1,moving
129753,1,1,0,202,0,0,0,-1,144,34,85,25,5,8,8,8,50,25,34,72,25,72,52,61,1,202,1788885964.7347271,G1,T01,gmin3_1m,1,moving
129953,1,1,0,202,0,0,0,-1,162,37,20,32,10,17,20,10,50,25,45,72,25,72,52,72,1,202,1788885964.941782,G1,T01,gmin3_1m,1,moving
130153,1,1,0,202,0,0,0,-1,233,89,74,8,9,5,17,13,41,34,45,61,25,72,52,72,1,202,1788885965.1488867,G1,T01,gmin3_1m,1,moving
130353,1,1,0,202,0,0,0,-1,288,45,20,25,5,5,20,10,32,25,34,72,25,72,52,52,1,202,1788885965.3405015,G1,T01,gmin3_1m,1,moving
130553,1,1,0,202,0,0,0,-1,146,37,89,10,5,8,10,13,32,25,41,85,32,72,52,61,1,202,1788885965.548015,G1,T01,gmin3_1m,1,moving
130753,1,1,0,202,0,0,0,-1,65,65,65,10,8,10,18,9,41,25,34,85,32,72,65,61,1,202,1788885965.7404056,G1,T01,gmin3_1m,1,moving
130953,1,1,0,202,0,0,0,-1,65,50,29,10,8,10,13,9,41,25,34,72,25,85,61,61,1,202,1788885965.947608,G1,T01,gmin3_1m,1,moving
131153,1,1,0,202,0,0,0,-1,45,37,65,8,5,5,10,5,41,25,34,72,25,74,52,61,1,202,1788885966.1399593,G1,T01,gmin3_1m,1,moving
131353,1,1,0,202,0,0,0,-1,169,137,17,10,8,5,5,13,50,32,45,61,32,98,41,61,1,202,1788885966.3480086,G1,T01,gmin3_1m,1,moving
131553,1,1,0,202,0,0,0,-1,40,16,50,17,9,10,10,8,50,25,45,61,34,72,52,61,1,202,1788885966.5405486,G1,T01,gmin3_1m,1,moving
131753,1,1,0,202,0,0,0,-1,117,25,85,5,5,8,10,13,50,18,45,72,32,72,52,61,1,202,1788885966.7477512,G1,T01,gmin3_1m,1,moving
131953,1,1,0,202,0,0,0,-1,53,13,10,5,5,9,8,8,50,32,45,72,32,85,52,72,1,202,1788885966.939303,G1,T01,gmin3_1m,1,moving
132153,1,1,0,202,0,0,0,-1,73,25,26,34,9,9,10,13,52,25,45,61,32,72,52,52,1,202,1788885967.1478133,G1,T01,gmin3_1m,1,moving
132353,1,1,0,202,0,0,0,-1,121,37,17,18,8,9,10,20,41,18,52,72,25,72,61,61,1,202,1788885967.3401728,G1,T01,gmin3_1m,1,moving
132553,1,1,0,202,0,0,0,-1,61,37,36,10,10,8,13,10,41,32,45,85,32,98,41,61,1,202,1788885967.5486467,G1,T01,gmin3_1m,1,moving
132753,1,1,0,202,0,0,0,-1,125,18,25,13,9,10,5,8,41,32,25,61,25,74,52,61,1,202,1788885967.7406557,G1,T01,gmin3_1m,1,moving
132953,1,1,0,202,0,0,0,-1,29,13,61,8,10,13,10,8,50,41,34,72,34,74,52,50,1,202,1788885967.9476557,G1,T01,gmin3_1m,1,moving
133153,1,1,0,202,0,0,0,-1,160,101,13,18,13,10,8,8,50,32,34,72,34,61,52,61,1,202,1788885968.139974,G1,T01,gmin3_1m,1,moving
133353,1,1,0,202,0,0,0,-1,80,18,18,25,10,8,9,10,50,25,41,85,34,85,52,61,1,202,1788885968.3478258,G1,T01,gmin3_1m,1,moving
133553,1,1,0,202,0,0,0,-1,160,41,45,5,9,10,8,9,32,25,41,85,32,74,52,61,1,202,1788885968.5394175,G1,T01,gmin3_1m,1,moving
133753,1,1,0,202,0,0,0,-1,29,37,32,13,5,8,5,5,32,25,34,72,32,72,52,61,1,202,1788885968.7474356,G1,T01,gmin3_1m,1,moving
133953,1,1,0,202,0,0,0,-1,85,41,89,5,5,8,5,5,41,25,34,61,32,72,52,61,1,202,1788885968.937682,G1,T01,gmin3_1m,1,moving
134153,1,1,0,202,0,0,0,-1,101,36,25,8,5,9,10,13,41,25,34,72,25,72,52,61,1,202,1788885969.1448598,G1,T01,gmin3_1m,1,moving
134353,1,1,0,202,0,0,0,-1,85,32,52,10,10,5,13,13,32,25,41,72,25,85,41,50,1,202,1788885969.3372943,G1,T01,gmin3_1m,1,moving
134553,1,1,0,202,0,0,0,-1,170,65,10,10,5,8,13,13,34,20,25,72,25,85,52,61,1,202,1788885969.5468822,G1,T01,gmin3_1m,1,moving
134753,1,1,0,202,0,0,0,-1,113,20,89,10,5,8,10,13,25,20,25,85,25,61,52,61,1,202,1788885969.7365305,G1,T01,gmin3_1m,1,moving
134953,1,1,0,202,0,0,0,-1,40,45,17,10,5,8,10,13,32,20,25,85,25,85,52,61,1,202,1788885969.9446468,G1,T01,gmin3_1m,1,moving
135153,1,1,0,202,0,0,0,-1,145,137,52,13,5,8,10,8,41,25,25,74,25,85,61,72,1,202,1788885970.1363916,G1,T01,gmin3_1m,1,moving
135353,1,1,0,202,0,0,0,-1,145,80,17,13,8,8,5,13,41,25,34,85,32,85,52,50,1,202,1788885970.3451116,G1,T01,gmin3_1m,1,moving
135553,1,1,0,202,0,0,0,-1,85,13,117,16,5,5,5,8,41,25,34,72,32,85,52,61,1,202,1788885970.5380714,G1,T01,gmin3_1m,1,moving
135753,1,1,0,202,0,0,0,-1,65,26,85,10,8,8,5,8,34,25,34,74,32,61,65,61,1,202,1788885970.7462182,G1,T01,gmin3_1m,1,moving
135953,1,1,0,202,0,0,0,-1,125,85,5,8,13,10,5,8,41,18,41,98,25,85,41,72,1,202,1788885970.9380426,G1,T01,gmin3_1m,1,moving
136153,1,1,0,202,0,0,0,-1,50,10,13,18,5,5,10,8,41,25,41,85,25,85,41,72,1,202,1788885971.1456685,G1,T01,gmin3_1m,1,moving
136353,1,1,0,202,0,0,0,-1,65,18,68,8,9,8,5,5,41,25,34,72,25,85,52,61,1,202,1788885971.3378944,G1,T01,gmin3_1m,1,moving
136553,1,1,0,202,0,0,0,-1,205,65,98,25,5,8,17,8,32,25,34,72,25,85,52,61,1,202,1788885971.5455544,G1,T01,gmin3_1m,1,moving
136753,1,1,0,202,0,0,0,-1,153,73,25,18,5,5,17,8,41,34,41,98,25,72,52,61,1,202,1788885971.7375188,G1,T01,gmin3_1m,1,moving
136953,1,1,0,202,0,0,0,-1,90,13,72,13,5,5,13,13,41,18,34,72,18,85,52,61,1,202,1788885971.9452205,G1,T01,gmin3_1m,1,moving
137153,1,1,0,202,0,0,0,-1,90,61,20,13,5,5,13,13,41,34,34,85,34,85,52,61,1,202,1788885972.1382172,G1,T01,gmin3_1m,1,moving
137353,1,1,0,202,0,0,0,-1,68,13,50,5,8,8,13,13,41,34,41,72,34,85,52,61,1,202,1788885972.3446968,G1,T01,gmin3_1m,1,moving
137553,1,1,0,202,0,0,0,-1,65,16,25,13,5,10,13,13,41,34,52,72,25,72,52,52,1,202,1788885972.5364807,G1,T01,gmin3_1m,1,moving
137753,1,1,0,202,0,0,0,-1,74,65,10,5,10,10,10,13,41,25,34,72,32,72,52,61,1,202,1788885972.744415,G1,T01,gmin3_1m,1,moving
137953,1,1,0,202,0,0,0,-1,80,45,37,10,8,5,5,8,41,25,34,72,32,72,52,50,1,202,1788885972.9382625,G1,T01,gmin3_1m,1,moving
138153,1,1,0,202,0,0,0,-1,58,25,13,5,8,8,5,5,41,18,52,72,25,72,52,61,1,202,1788885973.146347,G1,T01,gmin3_1m,1,moving
138353,1,1,0,202,0,0,0,-1,125,26,26,13,8,8,5,4,32,32,34,74,29,85,52,61,1,202,1788885973.339182,G1,T01,gmin3_1m,1,moving
138553,1,1,0,202,0,0,0,-1,122,58,50,18,5,8,10,8,32,20,34,61,25,72,52,61,1,202,1788885973.545038,G1,T01,gmin3_1m,1,moving
138753,1,1,0,202,0,0,0,-1,50,18,41,5,5,8,13,5,25,25,34,72,25,72,52,61,1,202,1788885973.7413325,G1,T01,gmin3_1m,1,moving
138953,1,1,0,202,0,0,0,-1,58,13,18,20,5,5,20,10,32,25,34,72,25,72,52,61,1,202,1788885973.9458196,G1,T01,gmin3_1m,1,moving
139153,1,1,0,202,0,0,0,-1,52,65,117,17,10,13,17,20,41,25,34,72,25,85,52,61,1,202,1788885974.1434805,G1,T01,gmin3_1m,1,moving
139353,1,1,0,202,0,0,0,-1,34,37,32,5,13,5,8,13,50,25,41,85,32,85,52,61,1,202,1788885974.345559,G1,T01,gmin3_1m,1,moving
139553,1,1,0,202,0,0,0,-1,65,53,41,5,8,5,13,10,32,25,41,72,32,72,52,61,1,202,1788885974.5460212,G1,T01,gmin3_1m,1,moving
139753,1,1,0,202,0,0,0,-1,97,37,17,9,8,10,5,10,41,25,34,72,25,72,52,61,1,202,1788885974.7472918,G1,T01,gmin3_1m,1,moving
139953,1,1,0,202,0,0,0,-1,169,145,100,8,18,10,10,13,41,32,45,72,25,72,52,61,1,202,1788885974.947381,G1,T01,gmin3_1m,1,moving
140153,1,1,0,202,0,0,0,-1,121,61,53,10,13,8,10,8,41,25,45,72,25,72,52,61,1,202,1788885975.1487854,G1,T01,gmin3_1m,1,moving
140353,1,1,0,202,0,0,0,-1,113,130,13,9,13,9,8,8,41,25,45,72,25,72,52,61,1,202,1788885975.3499348,G1,T01,gmin3_1m,1,moving
140553,1,1,0,202,0,0,0,-1,169,58,10,8,9,13,13,13,50,25,34,72,25,72,52,61,1,202,1788885975.5494697,G1,T01,gmin3_1m,1,moving
140753,1,1,0,202,0,0,0,-1,85,65,52,32,13,10,13,5,32,18,34,72,25,85,52,61,1,202,1788885975.750984,G1,T01,gmin3_1m,1,moving
140953,1,1,0,202,0,0,0,-1,61,85,74,40,8,5,13,13,34,20,34,72,25,72,52,61,1,202,1788885975.9443986,G1,T01,gmin3_1m,1,moving
141153,1,1,0,202,0,0,0,-1,181,90,13,16,8,5,10,18,32,25,34,72,18,72,52,61,1,202,1788885976.13704,G1,T01,gmin3_1m,1,moving
141353,1,1,0,202,0,0,0,-1,85,49,61,13,5,10,10,8,32,25,34,72,32,72,52,61,1,202,1788885976.344147,G1,T01,gmin3_1m,1,moving
141553,1,1,0,202,0,0,0,-1,65,25,64,17,10,5,13,8,32,25,41,85,25,85,52,50,1,202,1788885976.5360985,G1,T01,gmin3_1m,1,moving
141753,1,1,0,202,0,0,0,-1,85,36,65,16,9,8,5,8,41,25,41,85,25,85,52,50,1,202,1788885976.7444847,G1,T01,gmin3_1m,1,moving
141953,1,1,0,202,0,0,0,-1,50,10,37,13,8,8,5,10,34,25,34,72,25,85,65,50,1,202,1788885976.9367633,G1,T01,gmin3_1m,1,moving
142153,1,1,0,202,0,0,0,-1,61,17,25,20,5,5,5,5,41,25,34,72,25,72,65,50,1,202,1788885977.1444232,G1,T01,gmin3_1m,1,moving
142353,1,1,0,202,0,0,0,-1,74,29,50,20,5,8,5,8,41,32,34,72,18,72,52,50,1,202,1788885977.3371022,G1,T01,gmin3_1m,1,moving
142553,1,1,0,202,0,0,0,-1,85,40,185,10,5,13,10,18,41,25,34,72,25,72,52,50,1,202,1788885977.5444388,G1,T01,gmin3_1m,1,moving
142753,1,1,0,202,0,0,0,-1,128,106,58,5,8,8,10,13,41,25,34,72,25,72,52,50,1,202,1788885977.7476196,G1,T01,gmin3_1m,1,moving
142953,1,1,0,202,0,0,0,-1,170,73,16,20,4,8,10,8,32,25,34,72,25,72,61,61,1,202,1788885977.9441047,G1,T01,gmin3_1m,1,moving
143153,1,1,0,202,0,0,0,-1,61,25,45,29,5,5,17,13,41,25,34,72,25,72,52,61,1,202,1788885978.1362529,G1,T01,gmin3_1m,1,moving
143353,1,1,0,202,0,0,0,-1,41,20,82,5,4,8,13,13,25,25,34,72,34,85,52,74,1,202,1788885978.3429947,G1,T01,gmin3_1m,1,moving
143553,1,1,0,202,0,0,0,-1,65,117,90,29,5,10,8,5,25,32,45,61,25,72,52,61,1,202,1788885978.550973,G1,T01,gmin3_1m,1,moving
143753,1,1,0,202,0,0,0,-1,50,45,65,8,8,10,5,8,61,32,40,72,25,72,52,61,1,202,1788885978.746096,G1,T01,gmin3_1m,1,moving
143953,1,1,0,202,0,0,0,-1,181,17,26,13,9,5,5,13,41,32,34,72,25,72,61,61,1,202,1788885978.9509065,G1,T01,gmin3_1m,1,moving
144153,1,1,0,202,0,0,0,-1,130,41,37,10,10,10,5,13,41,32,34,72,25,61,61,61,1,202,1788885979.1423717,G1,T01,gmin3_1m,1,moving
144353,1,1,0,202,0,0,0,-1,137,53,13,13,9,8,8,8,41,32,34,61,25,72,52,61,1,202,1788885979.3507457,G1,T01,gmin3_1m,1,moving
144553,1,1,0,202,0,0,0,-1,85,34,26,8,8,10,8,8,50,25,34,72,34,85,52,52,1,202,1788885979.5433714,G1,T01,gmin3_1m,1,moving
144753,1,1,0,202,0,0,0,-1,68,85,74,10,8,5,10,9,41,13,34,61,25,85,52,61,1,202,1788885979.7462206,G1,T01,gmin3_1m,1,moving
144953,1,1,0,202,0,0,0,-1,245,149,25,16,5,16,10,8,32,13,34,50,18,61,61,61,1,202,1788885979.9431777,G1,T01,gmin3_1m,1,moving
145153,1,1,0,202,0,0,0,-1,109,45,20,13,8,5,10,8,32,20,34,72,25,61,52,61,1,202,1788885980.1364882,G1,T01,gmin3_1m,1,moving
145353,1,1,0,202,0,0,0,-1,82,36,74,10,5,8,5,9,32,32,45,72,25,72,41,61,1,202,1788885980.3430643,G1,T01,gmin3_1m,1,moving
145553,1,1,0,202,0,0,0,-1,72,40,25,5,5,5,10,13,32,25,34,72,34,72,61,61,1,202,1788885980.5354223,G1,T01,gmin3_1m,1,moving
145753,1,1,0,202,0,0,0,-1,109,85,25,29,5,8,13,13,41,25,34,72,25,72,52,61,1,202,1788885980.7476075,G1,T01,gmin3_1m,1,moving
145953,1,1,0,202,0,0,0,-1,260,52,36,26,10,8,5,13,50,25,34,72,25,85,41,61,1,202,1788885980.9361308,G1,T01,gmin3_1m,1,moving
146153,1,1,0,202,0,0,0,-1,32,18,18,13,8,5,13,10,50,32,34,72,25,61,45,41,1,202,1788885981.1451557,G1,T01,gmin3_1m,1,moving
146353,1,1,0,202,0,0,0,-1,40,25,37,25,8,8,5,8,41,25,34,72,25,72,52,50,1,202,1788885981.3362195,G1,T01,gmin3_1m,1,moving
146553,1,1,0,202,0,0,0,-1,104,20,8,34,10,8,5,13,50,25,41,72,25,72,52,61,1,202,1788885981.544538,G1,T01,gmin3_1m,1,moving
146753,1,1,0,202,0,0,0,-1,74,20,9,16,5,9,8,8,41,25,41,72,25,85,61,61,1,202,1788885981.7477913,G1,T01,gmin3_1m,1,moving
146953,1,1,0,202,0,0,0,-1,85,85,80,8,8,13,8,8,41,25,52,72,32,72,61,61,1,202,1788885981.9442024,G1,T01,gmin3_1m,1,moving
147153,1,1,0,202,0,0,0,-1,45,34,53,18,8,9,10,13,41,25,29,72,25,72,52,61,1,202,1788885982.1353574,G1,T01,gmin3_1m,1,moving
147353,1,1,0,202,0,0,0,-1,50,41,49,25,13,8,20,10,25,25,45,72,25,72,61,61,1,202,1788885982.3435051,G1,T01,gmin3_1m,1,moving
147553,1,1,0,202,0,0,0,-1,82,32,25,10,8,13,20,10,41,25,52,72,41,98,61,72,1,202,1788885982.5356941,G1,T01,gmin3_1m,1,moving
147753,1,1,0,202,0,0,0,-1,85,41,52,8,5,5,13,10,41,25,41,72,25,74,61,50,1,202,1788885982.749161,G1,T01,gmin3_1m,1,moving
147953,1,1,0,202,0,0,0,-1,41,40,25,8,5,8,13,8,32,25,34,72,25,61,52,50,1,202,1788885982.937761,G1,T01,gmin3_1m,1,moving
148153,1,1,0,202,0,0,0,-1,106,80,10,10,8,9,10,13,50,32,45,72,25,72,52,50,1,202,1788885983.1446326,G1,T01,gmin3_1m,1,moving
148353,1,1,0,202,0,0,0,-1,130,58,18,8,5,9,9,13,50,25,34,72,32,72,52,50,1,202,1788885983.3365967,G1,T01,gmin3_1m,1,moving
148553,1,1,0,202,0,0,0,-1,36,20,65,16,10,8,5,9,41,25,34,72,32,72,52,50,1,202,1788885983.5451992,G1,T01,gmin3_1m,1,moving
148753,1,1,0,202,0,0,0,-1,130,37,25,34,8,8,5,5,41,25,34,85,32,85,52,61,1,202,1788885983.749131,G1,T01,gmin3_1m,1,moving
148953,1,1,0,202,0,0,0,-1,68,58,128,10,8,10,13,13,50,25,34,61,25,72,52,61,1,202,1788885983.9434373,G1,T01,gmin3_1m,1,moving
149153,1,1,0,202,0,0,0,-1,45,34,52,13,5,8,10,8,41,25,34,72,25,72,52,61,1,202,1788885984.1362684,G1,T01,gmin3_1m,1,moving
149353,1,1,0,202,0,0,0,-1,130,26,45,18,10,8,13,8,32,25,34,72,25,72,61,74,1,202,1788885984.3453364,G1,T01,gmin3_1m,1,moving
149553,1,1,0,202,0,0,0,-1,116,50,18,13,8,5,13,13,32,25,34,72,25,72,58,74,1,202,1788885984.5365224,G1,T01,gmin3_1m,1,moving
149753,1,1,0,202,0,0,0,-1,170,29,25,13,10,8,20,20,25,25,34,72,25,72,34,50,1,202,1788885984.7509437,G1,T01,gmin3_1m,1,moving
149953,1,1,0,202,0,0,0,-1,245,90,37,20,5,10,8,5,41,25,41,85,41,72,41,50,1,202,1788885984.936057,G1,T01,gmin3_1m,1,moving
150153,1,1,0,202,0,0,0,-1,90,65,41,13,9,8,10,8,50,25,41,72,34,72,52,50,1,202,1788885985.1446986,G1,T01,gmin3_1m,1,moving
150353,1,1,0,202,0,0,0,-1,145,90,65,20,8,8,8,10,50,25,34,72,34,72,52,50,1,202,1788885985.3501852,G1,T01,gmin3_1m,1,moving
150553,1,1,0,202,0,0,0,-1,58,36,85,17,8,10,8,8,41,25,34,72,34,72,52,52,1,202,1788885985.539177,G1,T01,gmin3_1m,1,moving
150753,1,1,0,202,0,0,0,-1,53,45,101,16,8,9,8,9,32,25,25,72,41,85,52,61,1,202,1788885985.750962,G1,T01,gmin3_1m,1,moving
150953,1,1,0,202,0,0,0,-1,41,13,8,8,5,8,9,8,32,25,41,85,32,85,52,61,1,202,1788885985.9387157,G1,T01,gmin3_1m,1,moving
151153,1,1,0,202,0,0,0,-1,144,121,58,13,8,10,13,10,32,25,32,98,32,85,52,61,1,202,1788885986.1466093,G1,T01,gmin3_1m,1,moving
151353,1,1,0,202,0,0,0,-1,90,45,20,13,8,8,5,5,32,20,20,74,25,72,52,72,1,202,1788885986.3393435,G1,T01,gmin3_1m,1,moving
151553,1,1,0,202,0,0,0,-1,89,40,37,5,8,8,10,8,34,18,29,61,18,72,52,61,1,202,1788885986.5476425,G1,T01,gmin3_1m,1,moving
151753,1,1,0,202,0,0,0,-1,178,26,125,8,8,5,10,8,34,18,29,72,25,72,52,41,1,202,1788885986.7398894,G1,T01,gmin3_1m,1,moving
151953,1,1,0,202,0,0,0,-1,37,101,68,29,9,10,10,8,41,25,29,72,25,72,61,50,1,202,1788885986.9475195,G1,T01,gmin3_1m,1,moving
152153,1,1,0,202,0,0,0,-1,64,65,74,13,10,8,13,8,41,18,40,72,32,72,61,61,1,202,1788885987.139803,G1,T01,gmin3_1m,1,moving
152353,1,1,0,202,0,0,0,-1,153,61,40,8,10,8,13,20,50,18,29,100,41,72,61,61,1,202,1788885987.3481565,G1,T01,gmin3_1m,1,moving
152553,1,1,0,202,0,0,0,-1,109,72,26,10,13,5,10,13,41,34,34,72,34,72,52,50,1,202,1788885987.5399349,G1,T01,gmin3_1m,1,moving
152753,1,1,0,202,0,0,0,-1,117,17,81,17,8,5,9,5,41,25,25,85,34,72,52,61,1,202,1788885987.7476413,G1,T01,gmin3_1m,1,moving
152953,1,1,0,202,0,0,0,-1,53,10,64,13,5,9,8,8,41,25,45,72,25,72,52,61,1,202,1788885987.939375,G1,T01,gmin3_1m,1,moving
153153,1,1,0,202,0,0,0,-1,137,40,65,8,5,8,8,9,25,25,52,72,25,61,52,61,1,202,1788885988.1468341,G1,T01,gmin3_1m,1,moving
153353,1,1,0,202,0,0,0,-1,122,200,180,16,8,9,8,8,41,25,34,61,20,72,58,61,1,202,1788885988.339172,G1,T01,gmin3_1m,1,moving
153553,1,1,0,202,0,0,0,-1,65,45,73,34,5,5,8,8,41,25,34,72,34,72,52,61,1,202,1788885988.5472045,G1,T01,gmin3_1m,1,moving
153753,1,1,0,202,0,0,0,-1,26,40,73,13,8,8,10,13,32,25,34,72,25,61,52,61,1,202,1788885988.738567,G1,T01,gmin3_1m,1,moving
153953,1,1,0,202,0,0,0,-1,148,65,72,20,8,5,18,20,41,18,34,72,32,72,52,61,1,202,1788885988.9460769,G1,T01,gmin3_1m,1,moving
154153,1,1,0,202,0,0,0,-1,80,53,41,13,8,10,13,18,50,32,34,72,32,72,52,61,1,202,1788885989.1385527,G1,T01,gmin3_1m,1,moving
154353,1,1,0,202,0,0,0,-1,146,40,18,5,5,5,8,13,41,32,34,72,25,72,52,61,1,202,1788885989.3462331,G1,T01,gmin3_1m,1,moving
154553,1,1,0,202,0,0,0,-1,149,98,26,8,5,8,10,13,25,20,34,85,25,72,52,61,1,202,1788885989.5378087,G1,T01,gmin3_1m,1,moving
154753,1,1,0,202,0,0,0,-1,82,13,26,8,13,8,5,17,41,32,45,72,25,85,52,61,1,202,1788885989.7455924,G1,T01,gmin3_1m,1,moving
154953,1,1,0,202,0,0,0,-1,34,26,68,10,13,10,10,17,34,32,52,61,25,85,52,50,1,202,1788885989.93756,G1,T01,gmin3_1m,1,moving
155153,1,1,0,202,0,0,0,-1,72,18,17,10,8,10,8,18,61,25,34,61,32,72,52,72,1,202,1788885990.1457572,G1,T01,gmin3_1m,1,moving
155353,1,1,0,202,0,0,0,-1,125,90,18,8,5,5,13,13,50,25,34,61,32,72,45,61,1,202,1788885990.337556,G1,T01,gmin3_1m,1,moving
155553,1,1,0,202,0,0,0,-1,72,34,68,36,10,8,13,8,41,25,34,50,18,61,45,61,1,202,1788885990.5455272,G1,T01,gmin3_1m,1,moving
155753,1,1,0,202,0,0,0,-1,185,85,20,13,5,8,13,5,25,25,45,72,25,72,52,61,1,202,1788885990.737868,G1,T01,gmin3_1m,1,moving
155953,1,1,0,202,0,0,0,-1,137,25,130,13,5,17,10,8,32,25,34,72,25,72,61,72,1,202,1788885990.9455395,G1,T01,gmin3_1m,1,moving
156153,1,1,0,202,0,0,0,-1,113,25,9,18,9,9,8,5,25,25,34,72,25,72,52,61,1,202,1788885991.136818,G1,T01,gmin3_1m,1,moving
156353,1,1,0,202,0,0,0,-1,106,29,72,16,10,10,10,8,25,18,29,85,25,72,52,50,1,202,1788885991.3448293,G1,T01,gmin3_1m,1,moving
156553,1,1,0,202,0,0,0,-1,68,130,89,17,8,10,5,8,50,25,34,85,32,61,52,61,1,202,1788885991.5369153,G1,T01,gmin3_1m,1,moving
156753,1,1,0,202,0,0,0,-1,104,29,13,13,5,5,8,8,32,25,34,72,25,74,52,61,1,202,1788885991.7448647,G1,T01,gmin3_1m,1,moving
156953,1,1,0,202,0,0,0,-1,250,37,100,9,9,5,10,13,41,18,25,72,34,85,52,61,1,202,1788885991.9368973,G1,T01,gmin3_1m,1,moving
157153,1,1,0,202,0,0,0,-1,32,164,50,5,13,5,10,13,32,20,25,72,34,85,52,61,1,202,1788885992.1505167,G1,T01,gmin3_1m,1,moving
157353,1,1,0,202,0,0,0,-1,340,136,65,5,5,5,8,13,50,18,25,72,34,85,52,61,1,202,1788885992.3502653,G1,T01,gmin3_1m,1,moving
157553,1,1,0,202,0,0,0,-1,173,49,40,17,9,20,5,13,50,25,34,72,29,61,52,61,1,202,1788885992.543079,G1,T01,gmin3_1m,1,moving
157753,1,1,0,202,0,0,0,-1,200,45,61,8,8,10,5,8,34,25,34,72,25,61,52,61,1,202,1788885992.7415438,G1,T01,gmin3_1m,1,moving
157953,1,1,0,202,0,0,0,-1,68,37,50,8,5,5,9,13,32,25,34,72,25,98,52,50,1,202,1788885992.9429476,G1,T01,gmin3_1m,1,moving
158153,1,1,0,202,0,0,0,-1,149,97,50,13,5,5,20,16,34,25,34,72,25,72,52,61,1,202,1788885993.1515589,G1,T01,gmin3_1m,1,moving
158353,1,1,0,202,0,0,0,-1,74,18,13,13,5,8,13,8,32,25,34,72,32,85,52,61,1,202,1788885993.342774,G1,T01,gmin3_1m,1,moving
158553,1,1,0,202,0,0,0,-1,205,50,17,8,10,5,13,10,41,25,34,85,32,72,52,61,1,202,1788885993.551191,G1,T01,gmin3_1m,1,moving
158753,1,1,0,202,0,0,0,-1,153,100,10,10,8,8,20,10,41,18,29,72,32,72,52,61,1,202,1788885993.7443242,G1,T01,gmin3_1m,1,moving
158953,1,1,0,202,0,0,0,-1,85,17,25,9,10,5,5,8,32,25,29,72,41,85,52,61,1,202,1788885993.9363077,G1,T01,gmin3_1m,1,moving
159153,1,1,0,202,0,0,0,-1,221,25,82,18,8,10,9,9,32,25,29,72,41,85,52,61,1,202,1788885994.1454158,G1,T01,gmin3_1m,1,moving
159353,1,1,0,202,0,0,0,-1,52,18,17,18,5,5,8,8,41,34,41,72,25,72,52,50,1,202,1788885994.3376448,G1,T01,gmin3_1m,1,moving
159553,1,1,0,202,0,0,0,-1,52,17,34,5,10,5,5,13,41,25,45,72,34,72,52,61,1,202,1788885994.5461402,G1,T01,gmin3_1m,1,moving
159753,1,1,0,202,0,0,0,-1,305,137,10,8,8,10,10,8,41,41,34,72,25,72,52,61,1,202,1788885994.7396977,G1,T01,gmin3_1m,1,moving
159953,1,1,0,202,0,0,0,-1,45,40,26,9,10,8,10,8,32,25,41,72,34,72,52,61,1,202,1788885994.9454727,G1,T01,gmin3_1m,1,moving
160153,1,1,0,202,0,0,0,-1,149,89,74,9,8,5,5,10,34,25,41,85,25,72,52,61,1,202,1788885995.1377614,G1,T01,gmin3_1m,1,moving
160353,1,1,0,202,0,0,0,-1,65,34,25,8,5,8,5,13,32,32,34,72,25,61,52,61,1,202,1788885995.3456528,G1,T01,gmin3_1m,1,moving
160553,1,1,0,202,0,0,0,-1,41,53,101,10,9,9,8,8,32,25,41,85,25,61,65,74,1,202,1788885995.53751,G1,T01,gmin3_1m,1,moving
160753,1,1,0,202,0,0,0,-1,74,74,34,13,10,5,10,10,41,25,34,85,34,61,52,74,1,202,1788885995.7456217,G1,T01,gmin3_1m,1,moving
160953,1,1,0,202,0,0,0,-1,130,100,13,8,8,8,8,8,25,34,34,74,25,72,41,61,1,202,1788885995.9378192,G1,T01,gmin3_1m,1,moving
161153,1,1,0,202,0,0,0,-1,117,137,34,17,5,8,8,25,41,34,41,85,32,72,41,61,1,202,1788885996.1462061,G1,T01,gmin3_1m,1,moving
161353,1,1,0,202,0,0,0,-1,157,80,13,20,5,5,8,8,41,25,34,72,32,72,52,50,1,202,1788885996.3385131,G1,T01,gmin3_1m,1,moving
161553,1,1,0,202,0,0,0,-1,194,26,25,8,5,8,10,18,41,41,52,85,41,85,52,61,1,202,1788885996.5472693,G1,T01,gmin3_1m,1,moving
161753,1,1,0,202,0,0,0,-1,169,52,109,5,10,8,10,13,41,25,34,72,25,72,52,61,1,202,1788885996.7401958,G1,T01,gmin3_1m,1,moving
161953,1,1,0,202,0,0,0,-1,106,65,34,13,8,10,5,8,41,20,34,72,32,85,52,61,1,202,1788885996.9470162,G1,T01,gmin3_1m,1,moving
162153,1,1,0,202,0,0,0,-1,146,50,85,8,10,5,5,8,32,20,34,72,32,85,41,50,1,202,1788885997.1387358,G1,T01,gmin3_1m,1,moving
162353,1,1,0,202,0,0,0,-1,90,61,13,10,5,5,20,10,52,25,34,72,32,85,52,61,1,202,1788885997.3455627,G1,T01,gmin3_1m,1,moving
162553,1,1,0,202,0,0,0,-1,65,40,85,5,5,2,20,10,32,20,34,85,41,85,52,61,1,202,1788885997.537205,G1,T01,gmin3_1m,1,moving
162753,1,1,0,202,0,0,0,-1,74,20,9,20,8,13,17,13,41,32,34,72,34,85,61,61,1,202,1788885997.746269,G1,T01,gmin3_1m,1,moving
162953,1,1,0,202,0,0,0,-1,41,29,25,8,5,10,5,8,41,25,34,72,25,85,52,61,1,202,1788885997.939518,G1,T01,gmin3_1m,1,moving
163153,1,1,0,202,0,0,0,-1,68,13,80,5,8,13,10,13,50,20,34,72,32,85,52,61,1,202,1788885998.1480813,G1,T01,gmin3_1m,1,moving
163353,1,1,0,202,0,0,0,-1,65,40,25,13,8,10,8,8,34,32,34,72,32,72,52,61,1,202,1788885998.3400295,G1,T01,gmin3_1m,1,moving
163553,1,1,0,202,0,0,0,-1,58,25,50,5,13,10,10,5,25,25,34,72,32,72,52,50,1,202,1788885998.5477426,G1,T01,gmin3_1m,1,moving
163753,1,1,0,202,0,0,0,-1,97,37,13,8,8,5,13,10,34,25,45,72,32,72,52,61,1,202,1788885998.7394574,G1,T01,gmin3_1m,1,moving
163953,1,1,0,202,0,0,0,-1,45,20,61,9,10,4,29,8,41,25,41,72,25,72,52,50,1,202,1788885998.948247,G1,T01,gmin3_1m,1,moving
164153,1,1,0,202,0,0,0,-1,36,18,25,5,8,5,13,9,25,25,41,72,32,72,52,41,1,202,1788885999.139739,G1,T01,gmin3_1m,1,moving
164353,1,1,0,202,0,0,0,-1,136,36,50,5,5,5,13,10,25,34,41,72,32,72,52,50,1,202,1788885999.3479035,G1,T01,gmin3_1m,1,moving
164553,1,1,0,202,0,0,0,-1,180,52,29,25,5,8,13,13,52,18,34,72,25,72,52,50,1,202,1788885999.539428,G1,T01,gmin3_1m,1,moving
164753,1,1,0,202,0,0,0,-1,169,34,49,20,5,8,17,13,61,18,34,61,25,72,74,72,1,202,1788885999.7481608,G1,T01,gmin3_1m,1,moving
164953,1,1,0,202,0,0,0,-1,360,109,61,17,10,13,10,5,41,18,34,61,25,72,50,72,1,202,1788885999.9388745,G1,T01,gmin3_1m,1,moving
165153,1,1,0,202,0,0,0,-1,164,146,32,5,8,5,20,8,41,18,34,72,32,72,52,61,1,202,1788886000.1456866,G1,T01,gmin3_1m,1,moving
165353,1,1,0,202,0,0,0,-1,100,50,74,13,10,8,10,9,50,25,41,72,25,72,61,74,1,202,1788886000.3381138,G1,T01,gmin3_1m,1,moving
165553,1,1,0,202,0,0,0,-1,234,58,20,5,13,10,10,8,41,25,34,72,25,72,61,50,1,202,1788886000.5457165,G1,T01,gmin3_1m,1,moving
165753,1,1,0,202,0,0,0,-1,212,100,61,9,8,5,5,5,34,34,34,72,25,72,61,61,1,202,1788886000.7375338,G1,T01,gmin3_1m,1,moving
165953,1,1,0,202,0,0,0,-1,40,61,17,10,13,10,13,5,25,20,34,72,25,72,52,61,1,202,1788886000.9456036,G1,T01,gmin3_1m,1,moving
166153,1,1,0,202,0,0,0,-1,116,61,50,9,8,5,13,13,41,25,34,61,29,72,52,61,1,202,1788886001.138852,G1,T01,gmin3_1m,1,moving
166353,1,1,0,202,0,0,0,-1,90,109,50,17,8,5,13,8,41,25,34,72,32,85,52,72,1,202,1788886001.345733,G1,T01,gmin3_1m,1,moving
166553,1,1,0,202,0,0,0,-1,202,80,41,17,8,5,8,8,41,25,34,61,25,72,52,61,1,202,1788886001.5390806,G1,T01,gmin3_1m,1,moving
166753,1,1,0,202,0,0,0,-1,116,50,41,8,8,5,8,8,41,20,34,61,25,72,52,72,1,202,1788886001.7456832,G1,T01,gmin3_1m,1,moving
166953,1,1,0,202,0,0,0,-1,130,18,8,25,8,5,13,13,41,34,34,61,25,72,52,61,1,202,1788886001.9367435,G1,T01,gmin3_1m,1,moving
167153,1,1,0,202,0,0,0,-1,85,104,130,9,5,8,13,8,41,25,34,72,25,72,52,50,1,202,1788886002.1447208,G1,T01,gmin3_1m,1,moving
167353,1,1,0,202,0,0,0,-1,53,41,13,20,8,8,13,8,25,25,34,72,25,61,52,50,1,202,1788886002.3370821,G1,T01,gmin3_1m,1,moving
167553,1,1,0,202,0,0,0,-1,29,8,25,10,10,5,13,8,41,25,50,72,25,72,41,50,1,202,1788886002.544672,G1,T01,gmin3_1m,1,moving
167753,1,1,0,202,0,0,0,-1,68,29,5,20,8,13,5,13,50,25,34,72,34,72,52,61,1,202,1788886002.7367668,G1,T01,gmin3_1m,1,moving
167953,1,1,0,202,0,0,0,-1,122,41,13,9,10,5,8,8,32,18,34,72,34,72,52,50,1,202,1788886002.94487,G1,T01,gmin3_1m,1,moving
168153,1,1,0,202,0,0,0,-1,101,16,8,18,8,13,13,8,32,18,25,72,34,72,52,61,1,202,1788886003.1361291,G1,T01,gmin3_1m,1,moving
168353,1,1,0,202,0,0,0,-1,117,41,65,16,8,5,13,10,32,20,25,85,34,85,52,61,1,202,1788886003.3440847,G1,T01,gmin3_1m,1,moving
168553,1,1,0,202,0,0,0,-1,85,26,32,17,10,5,13,13,41,25,34,85,32,85,52,61,1,202,1788886003.5377848,G1,T01,gmin3_1m,1,moving
168753,1,1,0,202,0,0,0,-1,85,64,20,34,5,8,8,10,52,32,45,72,25,72,65,61,1,202,1788886003.740799,G1,T01,gmin3_1m,1,moving
168953,1,1,0,202,0,0,0,-1,65,37,13,13,5,5,5,8,34,34,52,61,25,72,52,61,1,202,1788886003.947637,G1,T01,gmin3_1m,1,moving
169153,1,1,0,202,0,0,0,-1,20,17,18,32,8,10,16,13,32,20,45,72,25,61,45,52,1,202,1788886004.1394088,G1,T01,gmin3_1m,1,moving
169353,1,1,0,202,0,0,0,-1,52,29,8,13,5,8,10,8,41,25,34,72,25,85,52,61,1,202,1788886004.3464978,G1,T01,gmin3_1m,1,moving
169553,1,1,0,202,0,0,0,-1,130,41,65,16,10,10,10,8,25,20,34,61,25,74,65,61,1,202,1788886004.5374222,G1,T01,gmin3_1m,1,moving
169753,1,1,0,202,0,0,0,-1,181,74,17,25,8,13,8,8,32,25,34,85,25,72,52,61,1,202,1788886004.7460997,G1,T01,gmin3_1m,1,moving
169953,1,1,0,202,0,0,0,-1,65,36,34,20,10,10,10,13,41,32,34,85,25,72,52,52,1,202,1788886004.937665,G1,T01,gmin3_1m,1,moving
170153,1,1,0,202,0,0,0,-1,130,41,101,10,8,9,10,13,32,25,34,72,25,72,52,61,1,202,1788886005.1461542,G1,T01,gmin3_1m,1,moving
170353,1,1,0,202,0,0,0,-1,90,34,80,9,13,8,10,8,32,25,34,72,34,85,52,61,1,202,1788886005.3382814,G1,T01,gmin3_1m,1,moving
170553,1,1,0,202,0,0,0,-1,160,40,25,10,8,8,10,8,41,18,25,72,25,85,52,61,1,202,1788886005.545872,G1,T01,gmin3_1m,1,moving
170753,1,1,0,202,0,0,0,-1,37,72,29,13,5,5,13,5,41,25,34,85,25,72,52,61,1,202,1788886005.7375636,G1,T01,gmin3_1m,1,moving
170953,1,1,0,202,0,0,0,-1,205,26,10,25,8,8,13,8,32,25,34,74,32,85,52,61,1,202,1788886005.9461186,G1,T01,gmin3_1m,1,moving
171153,1,1,0,202,0,0,0,-1,53,20,26,20,8,10,10,13,32,25,34,72,32,72,52,61,1,202,1788886006.1375027,G1,T01,gmin3_1m,1,moving
171353,1,1,0,202,0,0,0,-1,274,164,25,74,8,5,17,13,41,25,34,72,32,85,52,72,1,202,1788886006.3445196,G1,T01,gmin3_1m,1,moving
171553,1,1,0,202,0,0,0,-1,169,73,16,34,10,5,10,8,32,25,34,72,25,74,52,72,1,202,1788886006.551981,G1,T01,gmin3_1m,1,moving
171753,1,1,0,202,0,0,0,-1,81,37,9,20,8,8,13,8,32,25,34,72,25,61,52,61,1,202,1788886006.7441456,G1,T01,gmin3_1m,1,moving
171953,1,1,0,202,0,0,0,-1,85,16,18,25,8,5,13,13,61,32,34,72,25,72,52,61,1,202,1788886006.9516804,G1,T01,gmin3_1m,1,moving
172153,1,1,0,202,0,0,0,-1,73,32,25,5,13,8,13,13,41,25,45,72,25,72,52,61,1,202,1788886007.144301,G1,T01,gmin3_1m,1,moving
172353,1,1,0,202,0,0,0,-1,74,41,10,8,9,8,13,8,41,25,45,72,25,72,50,61,1,202,1788886007.336769,G1,T01,gmin3_1m,1,moving
172553,1,1,0,202,0,0,0,-1,113,50,10,20,8,9,13,8,41,18,34,72,25,72,52,61,1,202,1788886007.544311,G1,T01,gmin3_1m,1,moving
172753,1,1,0,202,0,0,0,-1,90,29,65,10,5,8,17,13,50,18,41,72,25,72,52,61,1,202,1788886007.7514389,G1,T01,gmin3_1m,1,moving
172953,1,1,0,202,0,0,0,-1,34,25,26,17,5,5,8,13,41,18,34,72,25,72,52,50,1,202,1788886007.9430795,G1,T01,gmin3_1m,1,moving
173153,1,1,0,202,0,0,0,-1,145,89,73,8,10,5,10,8,32,25,34,85,32,85,52,50,1,202,1788886008.1514199,G1,T01,gmin3_1m,1,moving
173353,1,1,0,202,0,0,0,-1,149,65,17,18,13,9,13,5,32,25,34,72,25,61,52,61,1,202,1788886008.3435915,G1,T01,gmin3_1m,1,moving
173553,1,1,0,202,0,0,0,-1,61,68,25,18,10,9,13,8,32,34,41,72,25,72,52,52,1,202,1788886008.5516922,G1,T01,gmin3_1m,1,moving
173753,1,1,0,202,0,0,0,-1,116,74,13,10,8,5,20,10,41,25,34,72,32,72,41,50,1,202,1788886008.743642,G1,T01,gmin3_1m,1,moving
173953,1,1,0,202,0,0,0,-1,117,72,41,25,8,8,13,9,34,20,34,72,25,61,52,61,1,202,1788886008.9360778,G1,T01,gmin3_1m,1,moving
174153,1,1,0,202,0,0,0,-1,288,117,25,25,8,8,8,13,41,18,45,72,25,72,52,61,1,202,1788886009.1444068,G1,T01,gmin3_1m,1,moving
174353,1,1,0,202,0,0,0,-1,97,25,20,9,5,5,13,8,52,41,45,72,25,72,52,61,1,202,1788886009.3373404,G1,T01,gmin3_1m,1,moving
174553,1,1,0,202,0,0,0,-1,50,13,10,8,8,5,13,8,32,34,34,85,32,72,52,61,1,202,1788886009.5451996,G1,T01,gmin3_1m,1,moving
174753,1,1,0,202,0,0,0,-1,169,180,20,10,8,10,8,9,50,18,34,85,32,72,52,50,1,202,1788886009.7369304,G1,T01,gmin3_1m,1,moving
174953,1,1,0,202,0,0,0,-1,34,20,20,8,10,8,10,13,50,34,34,72,32,72,52,61,1,202,1788886009.9454641,G1,T01,gmin3_1m,1,moving
175153,1,1,0,202,0,0,0,-1,116,74,26,13,5,5,10,18,61,32,34,72,25,72,41,50,1,202,1788886010.1372876,G1,T01,gmin3_1m,1,moving
175353,1,1,0,202,0,0,0,-1,265,25,64,8,5,10,10,13,32,20,34,61,17,72,52,61,1,202,1788886010.3447063,G1,T01,gmin3_1m,1,moving
175553,1,1,0,202,0,0,0,-1,52,26,13,32,13,5,13,5,41,25,34,72,25,72,52,61,1,202,1788886010.5386896,G1,T01,gmin3_1m,1,moving
175753,1,1,0,202,0,0,0,-1,101,74,125,10,8,13,13,13,41,25,41,72,25,72,52,61,1,202,1788886010.7441509,G1,T01,gmin3_1m,1,moving
175953,1,1,0,202,0,0,0,-1,40,50,50,20,8,13,13,8,32,25,29,85,34,85,52,52,1,202,1788886010.9363081,G1,T01,gmin3_1m,1,moving
176153,1,1,0,202,0,0,0,-1,82,34,50,13,5,10,10,8,32,25,29,72,34,85,52,52,1,202,1788886011.1428177,G1,T01,gmin3_1m,1,moving
176353,1,1,0,202,0,0,0,-1,81,26,29,9,5,5,10,8,41,25,41,72,34,72,52,72,1,202,1788886011.350475,G1,T01,gmin3_1m,1,moving
176553,1,1,0,202,0,0,0,-1,325,85,50,10,5,10,8,17,61,25,25,61,25,72,61,72,1,202,1788886011.5427217,G1,T01,gmin3_1m,1,moving
176753,1,1,0,202,0,0,0,-1,97,37,25,18,10,5,8,13,50,32,34,72,41,72,61,72,1,202,1788886011.751086,G1,T01,gmin3_1m,1,moving
176953,1,1,0,202,0,0,0,-1,117,29,68,8,8,9,10,8,32,25,34,72,34,72,74,61,1,202,1788886011.94275,G1,T01,gmin3_1m,1,moving
177153,1,1,0,202,0,0,0,-1,130,85,13,5,13,8,13,8,32,18,41,72,34,61,74,61,1,202,1788886012.1515884,G1,T01,gmin3_1m,1,moving
177353,1,1,0,202,0,0,0,-1,122,45,13,10,8,5,13,8,32,18,34,72,25,72,61,61,1,202,1788886012.343887,G1,T01,gmin3_1m,1,moving
177553,1,1,0,202,0,0,0,-1,52,53,64,9,5,5,5,13,25,32,34,72,25,72,61,72,1,202,1788886012.5515764,G1,T01,gmin3_1m,1,moving
177753,1,1,0,202,0,0,0,-1,74,34,40,34,10,5,10,13,32,25,45,72,25,72,61,61,1,202,1788886012.7440722,G1,T01,gmin3_1m,1,moving
177953,1,1,0,202,0,0,0,-1,26,16,25,34,8,5,17,18,41,20,34,85,25,72,61,61,1,202,1788886012.9508452,G1,T01,gmin3_1m,1,moving
178153,1,1,0,202,0,0,0,-1,41,34,52,34,10,8,20,13,32,34,45,72,25,72,61,61,1,202,1788886013.1464548,G1,T01,gmin3_1m,1,moving
178353,1,1,0,202,0,0,0,-1,45,37,41,18,8,5,10,8,32,25,41,72,25,72,52,50,1,202,1788886013.3501205,G1,T01,gmin3_1m,1,moving
178553,1,1,0,202,0,0,0,-1,65,10,40,9,8,5,8,13,52,25,34,72,25,72,52,61,1,202,1788886013.549377,G1,T01,gmin3_1m,1,moving
178753,1,1,0,202,0,0,0,-1,244,74,50,8,10,5,10,9,41,25,34,72,34,72,52,50,1,202,1788886013.7505507,G1,T01,gmin3_1m,1,moving
178953,1,1,0,202,0,0,0,-1,50,53,74,13,5,9,13,10,41,25,34,72,25,72,52,61,1,202,1788886013.9520054,G1,T01,gmin3_1m,1,moving
179153,1,1,0,202,0,0,0,-1,97,10,25,8,9,5,8,8,41,25,34,72,25,72,61,61,1,202,1788886014.1513069,G1,T01,gmin3_1m,1,moving
179353,1,1,0,202,0,0,0,-1,180,80,25,10,10,10,8,13,41,25,41,72,25,72,61,61,1,202,1788886014.3417857,G1,T01,gmin3_1m,1,moving
179553,1,1,0,202,0,0,0,-1,50,17,29,8,8,5,10,13,41,25,34,85,34,61,65,74,1,202,1788886014.5494812,G1,T01,gmin3_1m,1,moving
179753,1,1,0,202,0,0,0,-1,157,89,164,5,13,5,5,8,41,25,34,85,25,61,65,61,1,202,1788886014.743308,G1,T01,gmin3_1m,1,moving
179953,1,1,0,202,0,0,0,-1,162,53,10,8,10,5,26,13,32,25,34,72,25,72,65,61,1,202,1788886014.9506214,G1,T01,gmin3_1m,1,moving
180153,1,1,0,202,0,0,0,-1,50,29,26,9,5,5,20,18,32,34,34,85,34,72,52,61,1,202,1788886015.1448126,G1,T01,gmin3_1m,1,moving
180353,1,1,0,202,0,0,0,-1,245,65,9,29,8,5,13,13,41,25,34,85,34,85,52,61,1,202,1788886015.3509877,G1,T01,gmin3_1m,1,moving
180553,1,1,0,202,0,0,0,-1,160,122,26,5,8,8,5,13,41,32,45,72,25,72,45,61,1,202,1788886015.5408874,G1,T01,gmin3_1m,1,moving
180753,1,1,0,202,0,0,0,-1,90,89,10,13,13,5,8,8,41,25,45,72,32,72,45,61,1,202,1788886015.7488694,G1,T01,gmin3_1m,1,moving
180953,1,1,0,202,0,0,0,-1,41,5,37,13,10,10,8,10,50,13,29,61,20,72,61,61,1,202,1788886015.9385996,G1,T01,gmin3_1m,1,moving
181153,1,1,0,202,0,0,0,-1,116,20,109,8,9,10,10,13,41,25,45,72,34,72,52,61,1,202,1788886016.1462042,G1,T01,gmin3_1m,1,moving
181353,1,1,0,202,0,0,0,-1,85,26,58,8,8,8,5,8,41,25,45,72,41,72,52,61,1,202,1788886016.337742,G1,T01,gmin3_1m,1,moving
181553,1,1,0,202,0,0,0,-1,58,41,25,10,17,8,5,8,41,18,40,72,41,72,52,61,1,202,1788886016.5455146,G1,T01,gmin3_1m,1,moving
181753,1,1,0,202,0,0,0,-1,32,65,40,8,10,10,5,8,41,25,45,72,41,72,52,61,1,202,1788886016.7385561,G1,T01,gmin3_1m,1,moving
181953,1,1,0,202,0,0,0,-1,85,18,53,13,5,9,8,8,41,25,34,72,25,72,52,61,1,202,1788886016.9466476,G1,T01,gmin3_1m,1,moving
182153,1,1,0,202,0,0,0,-1,74,18,34,13,5,8,8,13,41,25,52,72,25,72,52,61,1,202,1788886017.1397045,G1,T01,gmin3_1m,1,moving
182353,1,1,0,202,0,0,0,-1,90,109,157,40,5,10,13,8,41,25,34,72,34,72,52,61,1,202,1788886017.3478804,G1,T01,gmin3_1m,1,moving
182553,1,1,0,202,0,0,0,-1,370,145,125,25,8,8,13,8,32,34,34,72,34,72,52,50,1,202,1788886017.538811,G1,T01,gmin3_1m,1,moving
182753,1,1,0,202,0,0,0,-1,89,97,10,25,5,5,13,10,41,25,34,72,25,72,45,41,1,202,1788886017.746563,G1,T01,gmin3_1m,1,moving
182953,1,1,0,202,0,0,0,-1,50,36,53,18,9,10,8,8,32,25,41,72,25,72,61,50,1,202,1788886017.939257,G1,T01,gmin3_1m,1,moving
183153,1,1,0,202,0,0,0,-1,148,37,25,9,9,9,5,13,32,25,45,72,41,85,50,50,1,202,1788886018.145959,G1,T01,gmin3_1m,1,moving
183353,1,1,0,202,0,0,0,-1,109,16,5,25,10,5,8,13,41,25,34,85,34,85,61,50,1,202,1788886018.3377495,G1,T01,gmin3_1m,1,moving
183553,1,1,0,202,0,0,0,-1,100,34,20,5,8,10,13,8,50,18,34,72,32,72,52,50,1,202,1788886018.54603,G1,T01,gmin3_1m,1,moving
183753,1,1,0,202,0,0,0,-1,269,109,32,8,13,5,5,5,50,25,34,72,41,72,65,61,1,202,1788886018.7379997,G1,T01,gmin3_1m,1,moving
183953,1,1,0,202,0,0,0,-1,164,128,89,8,8,9,13,5,41,25,34,72,34,72,52,50,1,202,1788886018.9462056,G1,T01,gmin3_1m,1,moving
184153,1,1,0,202,0,0,0,-1,68,16,17,20,10,9,13,13,41,25,34,72,25,72,52,61,1,202,1788886019.150461,G1,T01,gmin3_1m,1,moving
184353,1,1,0,202,0,0,0,-1,85,65,17,20,8,13,13,13,32,25,34,61,34,72,61,72,1,202,1788886019.344262,G1,T01,gmin3_1m,1,moving
184553,1,1,0,202,0,0,0,-1,197,90,37,8,5,5,17,8,32,25,45,72,25,85,52,72,1,202,1788886019.551312,G1,T01,gmin3_1m,1,moving
184753,1,1,0,202,0,0,0,-1,45,85,97,10,8,5,13,8,32,25,32,72,25,72,52,52,1,202,1788886019.744687,G1,T01,gmin3_1m,1,moving
184953,1,1,0,202,0,0,0,-1,65,40,16,5,8,10,8,8,41,32,41,72,34,72,52,61,1,202,1788886019.951787,G1,T01,gmin3_1m,1,moving
185153,1,1,0,202,0,0,0,-1,41,80,13,5,10,5,5,8,41,32,41,72,34,85,52,61,1,202,1788886020.1505709,G1,T01,gmin3_1m,1,moving
185353,1,1,0,202,0,0,0,-1,293,58,25,13,8,8,8,5,41,25,25,85,41,72,52,61,1,202,1788886020.343768,G1,T01,gmin3_1m,1,moving
185553,1,1,0,202,0,0,0,-1,113,32,5,20,10,8,5,5,41,25,25,85,34,61,65,61,1,202,1788886020.5519862,G1,T01,gmin3_1m,1,moving
185753,1,1,0,202,0,0,0,-1,130,65,10,9,5,8,5,5,41,25,34,72,34,72,52,61,1,202,1788886020.744489,G1,T01,gmin3_1m,1,moving
185953,1,1,0,202,0,0,0,-1,101,29,9,13,8,5,10,18,41,25,34,72,34,72,52,61,1,202,1788886020.9519086,G1,T01,gmin3_1m,1,moving
186153,1,1,0,202,0,0,0,-1,53,25,80,18,8,8,10,13,41,13,34,72,34,72,52,61,1,202,1788886021.1437023,G1,T01,gmin3_1m,1,moving
186353,1,1,0,202,0,0,0,-1,45,113,26,25,13,8,10,13,50,25,34,72,34,72,52,52,1,202,1788886021.3521276,G1,T01,gmin3_1m,1,moving
186553,1,1,0,202,0,0,0,-1,101,26,16,13,5,10,20,13,32,20,34,72,25,72,52,61,1,202,1788886021.544498,G1,T01,gmin3_1m,1,moving
186753,1,1,0,202,0,0,0,-1,40,17,106,10,8,5,13,8,25,20,34,85,34,61,52,50,1,202,1788886021.7521124,G1,T01,gmin3_1m,1,moving
186953,1,1,0,202,0,0,0,-1,82,26,41,13,9,5,13,8,41,25,45,72,32,85,61,50,1,202,1788886021.9442964,G1,T01,gmin3_1m,1,moving
187153,1,1,0,202,0,0,0,-1,65,130,25,5,10,5,13,8,50,32,45,72,32,72,52,61,1,202,1788886022.1521292,G1,T01,gmin3_1m,1,moving
187353,1,1,0,202,0,0,0,-1,85,34,9,5,9,5,13,8,50,32,45,72,32,72,52,61,1,202,1788886022.3437858,G1,T01,gmin3_1m,1,moving
187553,1,1,0,202,0,0,0,-1,225,61,10,20,5,5,10,13,41,32,45,61,32,72,52,61,1,202,1788886022.550826,G1,T01,gmin3_1m,1,moving
187753,1,1,0,202,0,0,0,-1,72,26,20,8,5,5,18,5,41,13,34,85,25,72,52,61,1,202,1788886022.7428942,G1,T01,gmin3_1m,1,moving
187953,1,1,0,202,0,0,0,-1,41,34,20,8,8,5,8,13,50,25,29,72,25,72,45,61,1,202,1788886022.9513435,G1,T01,gmin3_1m,1,moving
188153,1,1,0,202,0,0,0,-1,89,58,17,13,10,10,5,8,41,25,41,72,34,85,52,50,1,202,1788886023.142857,G1,T01,gmin3_1m,1,moving
188353,1,1,0,202,0,0,0,-1,29,41,16,25,5,8,9,8,41,25,34,72,25,85,61,61,1,202,1788886023.350226,G1,T01,gmin3_1m,1,moving
188553,1,1,0,202,0,0,0,-1,25,45,10,18,5,4,20,5,25,25,45,72,32,72,52,61,1,202,1788886023.5420268,G1,T01,gmin3_1m,1,moving
188753,1,1,0,202,0,0,0,-1,250,113,97,5,8,5,20,10,34,25,34,72,25,61,65,61,1,202,1788886023.7499442,G1,T01,gmin3_1m,1,moving
188953,1,1,0,202,0,0,0,-1,32,65,17,20,5,10,10,8,41,25,41,85,34,72,52,61,1,202,1788886023.941113,G1,T01,gmin3_1m,1,moving
189153,1,1,0,202,0,0,0,-1,400,65,41,13,5,10,8,8,41,32,34,85,25,72,52,61,1,202,1788886024.1494038,G1,T01,gmin3_1m,1,moving
189353,1,1,0,202,0,0,0,-1,85,25,10,29,5,8,5,8,41,32,34,85,25,85,41,50,1,202,1788886024.3415,G1,T01,gmin3_1m,1,moving
189553,1,1,0,202,0,0,0,-1,73,50,85,9,10,5,10,8,41,34,41,72,25,72,52,50,1,202,1788886024.549787,G1,T01,gmin3_1m,1,moving
189753,1,1,0,202,0,0,0,-1,97,106,41,10,8,8,17,8,41,41,41,72,34,72,52,50,1,202,1788886024.7422347,G1,T01,gmin3_1m,1,moving
189953,1,1,0,202,0,0,0,-1,26,20,9,26,9,8,8,8,41,25,34,72,34,98,52,61,1,202,1788886024.9510837,G1,T01,gmin3_1m,1,moving
190153,1,1,0,202,0,0,0,-1,85,34,41,25,8,5,5,10,41,32,34,61,34,85,52,61,1,202,1788886025.1430626,G1,T01,gmin3_1m,1,moving
190353,1,1,0,202,0,0,0,-1,200,52,9,17,10,8,13,8,41,32,34,72,34,72,52,61,1,202,1788886025.3508625,G1,T01,gmin3_1m,1,moving
190553,1,1,0,202,0,0,0,-1,122,45,68,8,5,10,13,8,32,32,34,85,41,85,52,61,1,202,1788886025.5424063,G1,T01,gmin3_1m,1,moving
190753,1,1,0,202,0,0,0,-1,212,73,85,29,5,9,13,8,32,25,34,72,25,85,61,61,1,202,1788886025.749557,G1,T01,gmin3_1m,1,moving
190953,1,1,0,202,0,0,0,-1,137,40,37,17,10,5,10,8,32,25,52,72,25,85,52,41,1,202,1788886025.94199,G1,T01,gmin3_1m,1,moving
191153,1,1,0,202,0,0,0,-1,89,82,61,32,8,5,10,8,41,25,52,72,32,72,52,52,1,202,1788886026.1498282,G1,T01,gmin3_1m,1,moving
191353,1,1,0,202,0,0,0,-1,81,52,41,45,5,5,10,10,41,18,45,72,41,85,41,61,1,202,1788886026.3481133,G1,T01,gmin3_1m,1,moving
191553,1,1,0,202,0,0,0,-1,53,116,73,10,5,8,10,8,41,25,34,72,32,72,52,61,1,202,1788886026.550525,G1,T01,gmin3_1m,1,moving
191753,1,1,0,202,0,0,0,-1,170,130,45,16,5,10,10,8,41,25,34,72,32,72,52,61,1,202,1788886026.74277,G1,T01,gmin3_1m,1,moving
191953,1,1,0,202,0,0,0,-1,148,157,202,5,8,5,10,8,41,13,34,72,32,85,61,61,1,202,1788886026.9506147,G1,T01,gmin3_1m,1,moving
192153,1,1,0,202,0,0,0,-1,221,97,26,10,13,5,5,8,25,25,34,85,32,72,52,61,1,202,1788886027.1426098,G1,T01,gmin3_1m,1,moving
192353,1,1,0,202,0,0,0,-1,61,25,20,17,5,5,13,9,41,18,29,72,25,72,52,72,1,202,1788886027.3510656,G1,T01,gmin3_1m,1,moving
192553,1,1,0,202,0,0,0,-1,90,65,41,26,5,5,13,5,41,25,32,85,34,72,61,61,1,202,1788886027.543331,G1,T01,gmin3_1m,1,moving
192753,1,1,0,202,0,0,0,-1,45,34,18,10,5,5,5,13,50,25,34,72,32,72,61,61,1,202,1788886027.7514331,G1,T01,gmin3_1m,1,moving
192953,1,1,0,202,0,0,0,-1,37,52,41,25,5,5,10,10,25,25,34,72,25,85,61,61,1,202,1788886027.9432812,G1,T01,gmin3_1m,1,moving
193153,1,1,0,202,0,0,0,-1,125,49,98,10,9,5,10,18,34,34,45,72,25,85,61,61,1,202,1788886028.1515386,G1,T01,gmin3_1m,1,moving
193353,1,1,0,202,0,0,0,-1,61,117,26,34,8,5,20,10,41,34,45,72,34,85,52,61,1,202,1788886028.3435152,G1,T01,gmin3_1m,1,moving
193553,1,1,0,202,0,0,0,-1,53,25,37,29,8,9,8,10,25,18,34,72,34,85,52,50,1,202,1788886028.551164,G1,T01,gmin3_1m,1,moving
193753,1,1,0,202,0,0,0,-1,153,52,5,26,13,13,13,5,32,18,29,61,25,85,52,52,1,202,1788886028.7434063,G1,T01,gmin3_1m,1,moving
193953,1,1,0,202,0,0,0,-1,185,65,8,26,8,10,8,8,32,34,34,72,25,72,52,72,1,202,1788886028.9519844,G1,T01,gmin3_1m,1,moving
194153,1,1,0,202,0,0,0,-1,145,37,121,9,9,5,8,8,41,25,34,85,25,61,52,61,1,202,1788886029.143643,G1,T01,gmin3_1m,1,moving
194353,1,1,0,202,0,0,0,-1,128,29,34,8,8,5,13,13,41,25,34,72,34,85,52,50,1,202,1788886029.3511753,G1,T01,gmin3_1m,1,moving
194553,1,1,0,202,0,0,0,-1,74,45,17,8,10,8,13,13,50,25,25,61,25,72,52,50,1,202,1788886029.5433192,G1,T01,gmin3_1m,1,moving
194753,1,1,0,202,0,0,0,-1,74,58,89,17,5,8,13,9,50,18,25,72,25,72,52,61,1,202,1788886029.7503483,G1,T01,gmin3_1m,1,moving
194953,1,1,0,202,0,0,0,-1,82,25,26,25,5,8,13,8,41,34,41,72,25,72,74,72,1,202,1788886029.9415627,G1,T01,gmin3_1m,1,moving
195153,1,1,0,202,0,0,0,-1,226,90,49,8,9,5,13,8,25,25,34,72,25,72,52,61,1,202,1788886030.1495955,G1,T01,gmin3_1m,1,moving
195353,1,1,0,202,0,0,0,-1,73,32,68,26,5,8,25,13,41,25,34,72,29,85,61,52,1,202,1788886030.3415344,G1,T01,gmin3_1m,1,moving
195553,1,1,0,202,0,0,0,-1,50,29,17,41,5,8,20,13,41,25,34,72,20,61,52,61,1,202,1788886030.5494537,G1,T01,gmin3_1m,1,moving
195753,1,1,0,202,0,0,0,-1,45,13,10,18,8,8,8,13,41,25,34,72,32,72,52,61,1,202,1788886030.7420444,G1,T01,gmin3_1m,1,moving
195953,1,1,0,202,0,0,0,-1,61,26,17,13,10,9,8,8,41,32,41,72,32,72,52,61,1,202,1788886030.9500115,G1,T01,gmin3_1m,1,moving
196153,1,1,0,202,0,0,0,-1,73,25,36,37,9,8,8,8,32,32,34,72,25,72,61,61,1,202,1788886031.141801,G1,T01,gmin3_1m,1,moving
196353,1,1,0,202,0,0,0,-1,153,53,10,10,8,5,9,5,41,25,34,85,32,72,52,61,1,202,1788886031.3501508,G1,T01,gmin3_1m,1,moving
196553,1,1,0,202,0,0,0,-1,100,29,36,41,5,13,5,5,34,25,34,72,25,72,52,61,1,202,1788886031.542136,G1,T01,gmin3_1m,1,moving
196753,1,1,0,202,0,0,0,-1,89,49,20,20,5,8,8,8,34,25,34,72,25,72,52,61,1,202,1788886031.7509236,G1,T01,gmin3_1m,1,moving
196953,1,1,0,202,0,0,0,-1,80,29,34,10,18,10,8,13,41,34,34,72,25,72,52,61,1,202,1788886031.9425745,G1,T01,gmin3_1m,1,moving
197153,1,1,0,202,0,0,0,-1,68,29,20,13,5,8,13,8,41,25,41,85,25,72,52,61,1,202,1788886032.150048,G1,T01,gmin3_1m,1,moving
197353,1,1,0,202,0,0,0,-1,148,50,52,10,8,5,13,8,32,25,41,72,25,72,52,61,1,202,1788886032.3426433,G1,T01,gmin3_1m,1,moving
197553,1,1,0,202,0,0,0,-1,58,25,90,8,13,5,13,13,41,25,41,72,32,85,52,72,1,202,1788886032.550146,G1,T01,gmin3_1m,1,moving
197753,1,1,0,202,0,0,0,-1,125,17,52,18,8,5,20,13,41,18,34,72,25,72,52,61,1,202,1788886032.7426386,G1,T01,gmin3_1m,1,moving
197953,1,1,0,202,0,0,0,-1,153,13,34,5,4,5,13,8,32,18,34,72,25,72,52,61,1,202,1788886032.9500685,G1,T01,gmin3_1m,1,moving
198153,1,1,0,202,0,0,0,-1,113,18,8,13,8,8,9,8,41,25,34,72,20,61,52,50,1,202,1788886033.1423357,G1,T01,gmin3_1m,1,moving
198353,1,1,0,202,0,0,0,-1,37,18,13,5,13,8,13,5,50,25,29,72,25,61,52,72,1,202,1788886033.348959,G1,T01,gmin3_1m,1,moving
198553,1,1,0,202,0,0,0,-1,208,89,36,8,8,9,13,13,50,13,34,85,41,72,52,72,1,202,1788886033.5400813,G1,T01,gmin3_1m,1,moving
198753,1,1,0,202,0,0,0,-1,325,98,9,10,8,8,10,8,32,18,34,74,32,72,52,72,1,202,1788886033.7489529,G1,T01,gmin3_1m,1,moving
198953,1,1,0,202,0,0,0,-1,40,17,16,5,13,13,8,10,41,25,34,85,25,72,52,61,1,202,1788886033.9405196,G1,T01,gmin3_1m,1,moving
199153,1,1,0,202,0,0,0,-1,34,45,41,5,13,10,10,5,41,25,34,72,25,72,61,72,1,202,1788886034.1483982,G1,T01,gmin3_1m,1,moving
199353,1,1,0,202,0,0,0,-1,34,25,26,20,5,9,5,8,41,20,34,72,25,72,52,61,1,202,1788886034.3422399,G1,T01,gmin3_1m,1,moving
199553,1,1,0,202,0,0,0,-1,58,25,10,9,10,5,8,5,32,20,34,72,32,72,52,61,1,202,1788886034.5483081,G1,T01,gmin3_1m,1,moving
199753,1,1,0,202,0,0,0,-1,116,25,74,9,5,5,29,13,32,32,34,85,32,72,52,61,1,202,1788886034.741663,G1,T01,gmin3_1m,1,moving
199953,1,1,0,202,0,0,0,-1,85,130,25,18,5,5,26,25,52,32,41,85,41,72,61,61,1,202,1788886034.9486542,G1,T01,gmin3_1m,1,moving
200153,1,1,0,202,0,0,0,-1,296,116,18,34,10,8,20,18,41,25,41,72,32,72,61,61,1,202,1788886035.1398995,G1,T01,gmin3_1m,1,moving
200353,1,1,0,202,0,0,0,-1,80,13,29,25,5,8,10,9,41,25,34,72,25,72,61,61,1,202,1788886035.3485599,G1,T01,gmin3_1m,1,moving
200553,1,1,0,202,0,0,0,-1,117,26,18,17,5,5,10,8,41,25,45,72,25,72,52,61,1,202,1788886035.5409222,G1,T01,gmin3_1m,1,moving
200753,1,1,0,202,0,0,0,-1,50,37,10,18,9,8,5,5,41,25,45,72,41,85,52,61,1,202,1788886035.7490282,G1,T01,gmin3_1m,1,moving
200953,1,1,0,202,0,0,0,-1,58,25,17,13,13,9,8,10,34,25,34,72,41,72,52,61,1,202,1788886035.9410775,G1,T01,gmin3_1m,1,moving
201153,1,1,0,202,0,0,0,-1,85,34,116,8,10,10,5,8,41,25,29,72,41,85,52,61,1,202,1788886036.149202,G1,T01,gmin3_1m,1,moving
201353,1,1,0,202,0,0,0,-1,68,34,98,5,18,10,10,8,41,32,45,61,25,72,52,61,1,202,1788886036.3449786,G1,T01,gmin3_1m,1,moving
201553,1,1,0,202,0,0,0,-1,72,58,37,25,8,9,10,8,34,18,34,61,25,61,52,61,1,202,1788886036.5493124,G1,T01,gmin3_1m,1,moving
201753,1,1,0,202,0,0,0,-1,233,117,52,20,10,8,13,5,34,41,32,85,25,74,52,61,1,202,1788886036.741718,G1,T01,gmin3_1m,1,moving
201953,1,1,0,202,0,0,0,-1,37,26,5,9,8,8,13,8,32,25,32,98,25,72,52,61,1,202,1788886036.9496343,G1,T01,gmin3_1m,1,moving
202153,1,1,0,202,0,0,0,-1,50,20,25,25,5,13,13,8,34,25,34,72,25,61,52,61,1,202,1788886037.1418731,G1,T01,gmin3_1m,1,moving
202353,1,1,0,202,0,0,0,-1,125,29,10,25,10,5,10,8,25,25,41,72,34,85,52,61,1,202,1788886037.3496044,G1,T01,gmin3_1m,1,moving
202553,1,1,0,202,0,0,0,-1,41,45,58,25,5,8,5,13,41,25,41,72,34,72,52,61,1,202,1788886037.540792,G1,T01,gmin3_1m,1,moving
202753,1,1,0,202,0,0,0,-1,137,20,106,10,5,8,8,8,32,18,34,72,25,72,65,61,1,202,1788886037.7491581,G1,T01,gmin3_1m,1,moving
202953,1,1,0,202,0,0,0,-1,98,26,16,34,10,5,8,10,41,25,34,72,34,72,52,61,1,202,1788886037.9427116,G1,T01,gmin3_1m,1,moving
203153,1,1,0,202,0,0,0,-1,73,145,13,20,13,10,8,13,41,32,45,72,34,72,52,61,1,202,1788886038.1488254,G1,T01,gmin3_1m,1,moving
203353,1,1,0,202,0,0,0,-1,58,25,85,10,10,8,5,13,50,32,41,72,25,72,52,61,1,202,1788886038.3476944,G1,T01,gmin3_1m,1,moving
203553,1,1,0,202,0,0,0,-1,85,125,25,20,5,5,10,18,41,25,41,72,25,72,52,61,1,202,1788886038.5495808,G1,T01,gmin3_1m,1,moving
203753,1,1,0,202,0,0,0,-1,65,36,64,10,5,8,13,8,32,25,41,72,25,61,52,50,1,202,1788886038.7426116,G1,T01,gmin3_1m,1,moving
203953,1,1,0,202,0,0,0,-1,52,34,16,25,9,13,13,8,25,25,34,72,25,72,52,61,1,202,1788886038.9503696,G1,T01,gmin3_1m,1,moving
204153,1,1,0,202,0,0,0,-1,85,136,65,25,5,5,13,8,34,25,45,72,25,72,52,52,1,202,1788886039.1401145,G1,T01,gmin3_1m,1,moving
204353,1,1,0,202,0,0,0,-1,173,80,68,10,5,5,8,8,34,25,34,72,25,72,52,61,1,202,1788886039.3479204,G1,T01,gmin3_1m,1,moving
204553,1,1,0,202,0,0,0,-1,269,26,34,13,8,10,8,18,41,18,34,72,25,72,41,50,1,202,1788886039.539859,G1,T01,gmin3_1m,1,moving
204753,1,1,0,202,0,0,0,-1,137,50,106,17,8,8,10,8,41,25,34,61,25,72,52,50,1,202,1788886039.7486544,G1,T01,gmin3_1m,1,moving
204953,1,1,0,202,0,0,0,-1,340,82,68,10,9,8,10,13,41,25,34,74,34,72,61,61,1,202,1788886039.9401112,G1,T01,gmin3_1m,1,moving
205153,1,1,0,202,0,0,0,-1,121,65,80,8,8,5,10,13,41,25,45,61,25,72,52,61,1,202,1788886040.1484902,G1,T01,gmin3_1m,1,moving
205353,1,1,0,202,0,0,0,-1,125,68,20,10,13,10,10,13,52,32,34,61,25,72,52,50,1,202,1788886040.349611,G1,T01,gmin3_1m,1,moving
205553,1,1,0,202,0,0,0,-1,194,53,49,10,9,8,13,13,50,25,29,72,41,85,52,50,1,202,1788886040.5489829,G1,T01,gmin3_1m,1,moving
205753,1,1,0,202,0,0,0,-1,170,37,18,29,8,9,10,5,41,32,34,72,34,72,45,61,1,202,1788886040.7410765,G1,T01,gmin3_1m,1,moving
205953,1,1,0,202,0,0,0,-1,53,40,34,18,5,5,8,9,32,32,34,61,34,72,52,61,1,202,1788886040.9489555,G1,T01,gmin3_1m,1,moving
206153,1,1,0,202,0,0,0,-1,164,52,52,10,10,8,20,10,25,25,34,72,25,72,52,61,1,202,1788886041.1401849,G1,T01,gmin3_1m,1,moving
206353,1,1,0,202,0,0,0,-1,101,13,50,29,5,5,17,13,32,34,41,72,41,85,52,61,1,202,1788886041.3512373,G1,T01,gmin3_1m,1,moving
206553,1,1,0,202,0,0,0,-1,34,26,29,37,5,5,17,18,52,32,34,72,41,72,52,61,1,202,1788886041.5382032,G1,T01,gmin3_1m,1,moving
206753,1,1,0,202,0,0,0,-1,205,65,50,26,5,10,8,13,52,32,34,72,32,98,52,61,1,202,1788886041.7468154,G1,T01,gmin3_1m,1,moving
206953,1,1,0,202,0,0,0,-1,208,52,49,10,5,5,8,8,50,32,34,72,25,85,61,61,1,202,1788886041.9383552,G1,T01,gmin3_1m,1,moving
207153,1,1,0,202,0,0,0,-1,50,16,10,16,5,8,13,8,41,32,45,85,25,72,52,61,1,202,1788886042.1457167,G1,T01,gmin3_1m,1,moving
207353,1,1,0,202,0,0,0,-1,45,34,40,17,8,5,8,13,41,25,45,72,25,72,52,61,1,202,1788886042.3514833,G1,T01,gmin3_1m,1,moving
207553,1,1,0,202,0,0,0,-1,104,36,25,29,10,17,8,5,32,25,34,72,25,72,52,61,1,202,1788886042.546355,G1,T01,gmin3_1m,1,moving
207753,1,1,0,202,0,0,0,-1,65,25,80,8,10,9,20,8,41,18,29,72,25,72,52,61,1,202,1788886042.7384517,G1,T01,gmin3_1m,1,moving
207953,1,1,0,202,0,0,0,-1,74,20,26,16,8,5,13,5,25,25,34,72,25,85,52,72,1,202,1788886042.9465249,G1,T01,gmin3_1m,1,moving
208153,1,1,0,202,0,0,0,-1,80,29,106,8,9,8,13,8,25,34,25,72,25,74,52,72,1,202,1788886043.1387358,G1,T01,gmin3_1m,1,moving
208353,1,1,0,202,0,0,0,-1,125,26,37,29,5,8,13,13,34,32,34,72,32,85,52,61,1,202,1788886043.3475437,G1,T01,gmin3_1m,1,moving
208553,1,1,0,202,0,0,0,-1,130,146,64,25,13,9,10,13,41,25,45,72,41,61,52,61,1,202,1788886043.5405827,G1,T01,gmin3_1m,1,moving
208753,1,1,0,202,0,0,0,-1,73,64,29,25,13,10,5,13,32,20,25,72,32,72,52,61,1,202,1788886043.747561,G1,T01,gmin3_1m,1,moving
208953,1,1,0,202,0,0,0,-1,180,58,20,25,8,8,8,8,32,25,34,85,41,72,52,61,1,202,1788886043.9391406,G1,T01,gmin3_1m,1,moving
209153,1,1,0,202,0,0,0,-1,100,20,41,20,10,13,8,13,50,25,34,72,41,85,52,72,1,202,1788886044.147573,G1,T01,gmin3_1m,1,moving
209353,1,1,0,202,0,0,0,-1,65,25,29,13,13,5,5,8,32,25,34,72,41,72,52,52,1,202,1788886044.3396494,G1,T01,gmin3_1m,1,moving
209553,1,1,0,202,0,0,0,-1,90,29,32,25,13,13,9,8,45,34,34,72,41,72,52,52,1,202,1788886044.5460963,G1,T01,gmin3_1m,1,moving
209753,1,1,0,202,0,0,0,-1,225,58,37,8,5,8,10,10,32,34,34,72,25,72,41,61,1,202,1788886044.7381644,G1,T01,gmin3_1m,1,moving
209953,1,1,0,202,0,0,0,-1,274,130,17,13,8,5,10,5,32,18,45,72,25,72,61,61,1,202,1788886044.9457107,G1,T01,gmin3_1m,1,moving
210153,1,1,0,202,0,0,0,-1,17,13,13,13,5,10,10,8,41,25,34,72,25,72,61,72,1,202,1788886045.1374364,G1,T01,gmin3_1m,1,moving
210353,1,1,0,202,0,0,0,-1,116,65,18,26,9,13,5,9,50,25,34,72,25,72,52,61,1,202,1788886045.3452685,G1,T01,gmin3_1m,1,moving
210553,1,1,0,202,0,0,0,-1,73,26,41,10,8,5,10,8,32,25,34,72,32,72,52,61,1,202,1788886045.5511494,G1,T01,gmin3_1m,1,moving
210753,1,1,0,202,0,0,0,-1,61,13,10,10,10,5,20,10,32,34,34,61,25,72,52,61,1,202,1788886045.7515724,G1,T01,gmin3_1m,1,moving
210953,1,1,0,202,0,0,0,-1,136,45,100,40,5,5,13,13,25,20,34,72,25,72,41,61,1,202,1788886045.9513154,G1,T01,gmin3_1m,1,moving
211153,1,1,0,202,0,0,0,-1,52,68,53,34,8,5,10,10,50,25,34,72,25,72,52,61,1,202,1788886046.1423275,G1,T01,gmin3_1m,1,moving
211353,1,1,0,202,0,0,0,-1,53,17,20,20,9,5,13,13,50,25,45,72,41,72,52,61,1,202,1788886046.3511906,G1,T01,gmin3_1m,1,moving
211553,1,1,0,202,0,0,0,-1,281,122,16,9,13,9,10,8,50,32,45,72,34,85,52,61,1,202,1788886046.5442579,G1,T01,gmin3_1m,1,moving
211753,1,1,0,202,0,0,0,-1,45,20,18,26,9,4,13,5,25,20,34,72,34,85,52,61,1,202,1788886046.7526474,G1,T01,gmin3_1m,1,moving
211953,1,1,0,202,0,0,0,-1,181,89,45,13,13,5,13,8,32,25,34,72,34,85,50,72,1,202,1788886046.9448557,G1,T01,gmin3_1m,1,moving
212153,1,1,0,202,0,0,0,-1,65,25,18,8,10,5,10,13,32,25,45,72,34,85,61,72,1,202,1788886047.1530359,G1,T01,gmin3_1m,1,moving
212353,1,1,0,202,0,0,0,-1,104,50,5,10,13,5,10,8,41,18,45,72,34,85,61,72,1,202,1788886047.3443863,G1,T01,gmin3_1m,1,moving
212553,1,1,0,202,0,0,0,-1,104,41,18,9,10,5,17,25,61,25,34,72,25,61,52,61,1,202,1788886047.5519426,G1,T01,gmin3_1m,1,moving
212753,1,1,0,202,0,0,0,-1,145,18,34,18,9,5,10,10,41,25,34,61,25,72,52,61,1,202,1788886047.7455478,G1,T01,gmin3_1m,1,moving
212953,1,1,0,202,0,0,0,-1,68,34,53,32,5,9,17,13,32,25,34,72,25,72,52,50,1,202,1788886047.950533,G1,T01,gmin3_1m,1,moving
213153,1,1,0,202,0,0,0,-1,80,18,9,20,5,13,10,13,32,34,41,85,25,85,52,72,1,202,1788886048.1474085,G1,T01,gmin3_1m,1,moving
213353,1,1,0,202,0,0,0,-1,73,34,25,20,9,5,13,8,32,25,34,72,25,85,65,61,1,202,1788886048.3498318,G1,T01,gmin3_1m,1,moving
213553,1,1,0,202,0,0,0,-1,85,26,53,5,4,8,9,10,32,25,25,72,25,85,52,61,1,202,1788886048.5491803,G1,T01,gmin3_1m,1,moving
213753,1,1,0,202,0,0,0,-1,61,58,29,5,4,10,8,8,32,25,25,72,25,72,52,61,1,202,1788886048.7498412,G1,T01,gmin3_1m,1,moving
213953,1,1,0,202,0,0,0,-1,136,32,41,10,17,8,13,8,41,25,25,85,25,72,52,61,1,202,1788886048.9510012,G1,T01,gmin3_1m,1,moving
214153,1,1,0,202,0,0,0,-1,113,17,29,29,5,10,5,10,41,25,25,85,25,72,52,61,1,202,1788886049.151898,G1,T01,gmin3_1m,1,moving
214353,1,1,0,202,0,0,0,-1,250,128,34,9,8,8,8,10,52,32,34,85,25,72,52,61,1,202,1788886049.3521972,G1,T01,gmin3_1m,1,moving
214553,1,1,0,202,0,0,0,-1,100,37,10,13,5,9,13,8,52,25,34,85,25,85,52,61,1,202,1788886049.551853,G1,T01,gmin3_1m,1,moving
214753,1,1,0,202,0,0,0,-1,61,26,41,10,8,8,13,8,32,18,34,85,25,72,52,61,1,202,1788886049.7531602,G1,T01,gmin3_1m,1,moving
214953,1,1,0,202,0,0,0,-1,130,65,74,18,8,5,8,5,32,18,34,85,25,72,52,50,1,202,1788886049.950165,G1,T01,gmin3_1m,1,moving
215153,1,1,0,202,0,0,0,-1,89,17,136,8,13,10,13,8,41,18,41,72,25,72,52,61,1,202,1788886050.1415977,G1,T01,gmin3_1m,1,moving
215353,1,1,0,202,0,0,0,-1,226,32,97,20,5,9,20,13,41,18,34,72,34,85,52,61,1,202,1788886050.3497431,G1,T01,gmin3_1m,1,moving
215553,1,1,0,202,0,0,0,-1,85,34,20,17,8,10,13,13,41,18,34,72,25,85,52,50,1,202,1788886050.5428693,G1,T01,gmin3_1m,1,moving
215753,1,1,0,202,0,0,0,-1,73,26,80,20,8,5,8,13,41,18,34,72,25,85,52,50,1,202,1788886050.7513924,G1,T01,gmin3_1m,1,moving
215953,1,1,0,202,0,0,0,-1,41,18,58,16,9,10,9,5,32,25,34,61,25,85,61,61,1,202,1788886050.9404984,G1,T01,gmin3_1m,1,moving
216153,1,1,0,202,0,0,0,-1,45,41,53,5,9,10,5,5,32,34,34,85,32,85,61,50,1,202,1788886051.1501946,G1,T01,gmin3_1m,1,moving
216353,1,1,0,202,0,0,0,-1,170,65,10,13,8,5,5,13,32,25,34,72,25,85,52,61,1,202,1788886051.3409605,G1,T01,gmin3_1m,1,moving
216553,1,1,0,202,0,0,0,-1,68,26,45,8,8,5,10,8,32,25,34,72,25,61,52,61,1,202,1788886051.5497851,G1,T01,gmin3_1m,1,moving
216753,1,1,0,202,0,0,0,-1,61,17,52,8,5,8,8,9,52,18,34,72,25,61,52,61,1,202,1788886051.7422092,G1,T01,gmin3_1m,1,moving
216953,1,1,0,202,0,0,0,-1,74,58,90,8,8,8,13,13,41,25,34,72,25,85,52,61,1,202,1788886051.9491923,G1,T01,gmin3_1m,1,moving
217153,1,1,0,202,0,0,0,-1,58,90,72,13,5,8,13,8,32,25,29,72,41,72,41,61,1,202,1788886052.1409006,G1,T01,gmin3_1m,1,moving
217353,1,1,0,202,0,0,0,-1,65,29,25,10,5,8,13,5,32,25,52,72,32,72,52,61,1,202,1788886052.3479924,G1,T01,gmin3_1m,1,moving
217553,1,1,0,202,0,0,0,-1,40,29,20,10,13,5,13,8,32,20,41,72,25,72,52,61,1,202,1788886052.5415096,G1,T01,gmin3_1m,1,moving
217753,1,1,0,202,0,0,0,-1,144,41,26,18,5,10,10,8,41,25,34,72,25,61,52,61,1,202,1788886052.7477114,G1,T01,gmin3_1m,1,moving
217953,1,1,0,202,0,0,0,-1,137,58,36,18,9,5,10,10,41,25,45,72,34,74,52,61,1,202,1788886052.9388583,G1,T01,gmin3_1m,1,moving
218153,1,1,0,202,0,0,0,-1,50,17,117,10,5,10,10,13,52,32,34,72,41,85,52,61,1,202,1788886053.145298,G1,T01,gmin3_1m,1,moving
218353,1,1,0,202,0,0,0,-1,145,18,73,8,5,8,10,8,32,34,34,50,34,85,52,72,1,202,1788886053.3528225,G1,T01,gmin3_1m,1,moving
218553,1,1,0,202,0,0,0,-1,117,29,82,8,10,5,8,8,41,34,34,72,29,85,65,61,1,202,1788886053.544894,G1,T01,gmin3_1m,1,moving
218753,1,1,0,202,0,0,0,-1,81,40,8,10,9,8,8,8,41,25,45,61,25,72,74,61,1,202,1788886053.7529135,G1,T01,gmin3_1m,1,moving
218953,1,1,0,202,0,0,0,-1,90,20,52,5,9,8,8,13,32,25,34,72,25,72,65,61,1,202,1788886053.9447088,G1,T01,gmin3_1m,1,moving
219153,1,1,0,202,0,0,0,-1,61,13,72,8,5,9,10,13,25,20,34,72,32,72,65,61,1,202,1788886054.1514013,G1,T01,gmin3_1m,1,moving
219353,1,1,0,202,0,0,0,-1,136,244,68,20,5,9,5,8,25,25,34,72,32,72,41,72,1,202,1788886054.3434954,G1,T01,gmin3_1m,1,moving
219553,1,1,0,202,0,0,0,-1,218,145,130,8,5,5,17,18,32,25,34,72,25,72,52,61,1,202,1788886054.552362,G1,T01,gmin3_1m,1,moving
219753,1,1,0,202,0,0,0,-1,117,98,68,8,8,5,25,20,41,18,34,72,32,72,52,61,1,202,1788886054.7446902,G1,T01,gmin3_1m,1,moving
219953,1,1,0,202,0,0,0,-1,233,29,113,10,8,8,13,13,41,25,34,72,25,72,52,61,1,202,1788886054.9533095,G1,T01,gmin3_1m,1,moving
220153,1,1,0,202,0,0,0,-1,101,65,61,10,10,10,10,13,32,25,34,72,25,72,52,61,1,202,1788886055.1455758,G1,T01,gmin3_1m,1,moving
220353,1,1,0,202,0,0,0,-1,101,90,32,5,10,5,18,10,61,25,34,72,41,98,41,50,1,202,1788886055.3534644,G1,T01,gmin3_1m,1,moving
220553,1,1,0,202,0,0,0,-1,85,18,9,17,9,9,13,5,32,34,25,85,34,72,52,50,1,202,1788886055.5462432,G1,T01,gmin3_1m,1,moving
220753,1,1,0,202,0,0,0,-1,265,106,45,13,13,8,8,8,32,34,34,72,25,72,52,50,1,202,1788886055.7384887,G1,T01,gmin3_1m,1,moving
220953,1,1,0,202,0,0,0,-1,34,25,34,10,8,8,13,17,41,41,34,72,25,61,52,50,1,202,1788886055.9469612,G1,T01,gmin3_1m,1,moving
221153,1,1,0,202,0,0,0,-1,274,72,36,8,13,5,10,8,41,32,34,85,34,61,52,61,1,202,1788886056.1382296,G1,T01,gmin3_1m,1,moving
221353,1,1,0,202,0,0,0,-1,72,17,65,9,5,8,10,8,41,25,34,85,34,61,52,74,1,202,1788886056.3461306,G1,T01,gmin3_1m,1,moving
221553,1,1,0,202,0,0,0,-1,32,13,20,13,5,10,10,8,41,25,34,85,41,61,52,61,1,202,1788886056.5389555,G1,T01,gmin3_1m,1,moving
221753,1,1,0,202,0,0,0,-1,100,41,20,52,5,10,9,5,45,25,34,85,41,61,52,61,1,202,1788886056.7466862,G1,T01,gmin3_1m,1,moving
221953,1,1,0,202,0,0,0,-1,90,41,109,25,8,9,17,13,34,25,34,72,41,61,52,52,1,202,1788886056.9391615,G1,T01,gmin3_1m,1,moving
222153,1,1,0,202,0,0,0,-1,82,80,136,13,5,5,13,13,25,25,29,61,29,61,52,52,1,202,1788886057.1471484,G1,T01,gmin3_1m,1,moving
222353,1,1,0,202,0,0,0,-1,65,50,17,9,5,5,13,8,32,32,34,61,20,61,61,61,1,202,1788886057.338119,G1,T01,gmin3_1m,1,moving
222553,1,1,0,202,0,0,0,-1,45,85,72,13,10,5,10,5,41,32,34,72,25,61,61,61,1,202,1788886057.5457244,G1,T01,gmin3_1m,1,moving
222753,1,1,0,202,0,0,0,-1,226,73,13,13,10,13,5,13,41,32,52,61,25,61,52,61,1,202,1788886057.7383847,G1,T01,gmin3_1m,1,moving
222953,1,1,0,202,0,0,0,-1,101,72,53,10,8,10,8,5,41,25,34,61,25,52,52,61,1,202,1788886057.9466188,G1,T01,gmin3_1m,1,moving
223153,1,1,0,202,0,0,0,-1,64,26,41,4,8,5,10,10,25,25,34,61,25,61,52,61,1,202,1788886058.1390262,G1,T01,gmin3_1m,1,moving
223353,1,1,0,202,0,0,0,-1,170,25,18,20,10,8,8,5,41,32,34,72,34,61,52,61,1,202,1788886058.344842,G1,T01,gmin3_1m,1,moving
223553,1,1,0,202,0,0,0,-1,68,106,52,10,13,9,13,8,52,25,45,61,25,61,52,61,1,202,1788886058.5530007,G1,T01,gmin3_1m,1,moving
223753,1,1,0,202,0,0,0,-1,162,85,10,18,8,13,13,8,32,25,34,61,25,61,45,52,1,202,1788886058.7469616,G1,T01,gmin3_1m,1,moving
223953,1,1,0,202,0,0,0,-1,181,65,61,20,9,8,9,8,41,25,41,72,25,61,52,61,1,202,1788886058.9504526,G1,T01,gmin3_1m,1,moving
224153,1,1,0,202,0,0,0,-1,90,29,10,25,8,8,20,8,32,25,41,61,25,61,52,61,1,202,1788886059.1435056,G1,T01,gmin3_1m,1,moving
224353,1,1,0,202,0,0,0,-1,386,85,85,52,10,8,17,13,25,25,34,61,25,61,52,61,1,202,1788886059.3523533,G1,T01,gmin3_1m,1,moving
224553,1,1,0,202,0,0,0,-1,36,25,65,25,8,5,13,13,32,25,34,85,25,61,52,61,1,202,1788886059.5447803,G1,T01,gmin3_1m,1,moving
224753,1,1,0,202,0,0,0,-1,212,40,89,9,5,9,13,8,41,25,34,85,25,61,52,61,1,202,1788886059.7525957,G1,T01,gmin3_1m,1,moving
224953,1,1,0,202,0,0,0,-1,53,32,74,10,5,9,5,10,41,18,34,72,25,52,61,72,1,202,1788886059.9439638,G1,T01,gmin3_1m,1,moving
225153,1,1,0,202,0,0,0,-1,221,61,50,8,8,5,8,5,50,18,29,61,25,41,52,72,1,202,1788886060.150916,G1,T01,gmin3_1m,1,moving
225353,1,1,0,202,0,0,0,-1,153,40,20,8,9,8,5,5,41,18,29,61,25,74,52,72,1,202,1788886060.342216,G1,T01,gmin3_1m,1,moving
225553,1,1,0,202,0,0,0,-1,180,37,29,17,10,8,10,8,50,25,45,61,32,74,52,72,1,202,1788886060.5515382,G1,T01,gmin3_1m,1,moving
225753,1,1,0,202,0,0,0,-1,149,89,20,8,13,5,10,8,41,25,45,72,25,61,52,61,1,202,1788886060.7421556,G1,T01,gmin3_1m,1,moving
225953,1,1,0,202,0,0,0,-1,98,25,68,41,5,8,10,5,32,25,45,72,25,61,52,61,1,202,1788886060.950203,G1,T01,gmin3_1m,1,moving
226153,1,1,0,202,0,0,0,-1,61,29,9,20,5,8,10,8,32,32,34,72,20,61,52,61,1,202,1788886061.1424916,G1,T01,gmin3_1m,1,moving
226353,1,1,0,202,0,0,0,-1,181,45,58,13,5,5,10,13,32,32,41,72,25,72,61,61,1,202,1788886061.3506553,G1,T01,gmin3_1m,1,moving
226553,1,1,0,202,0,0,0,-1,101,13,18,13,5,8,18,13,25,29,34,61,25,72,61,61,1,202,1788886061.5429912,G1,T01,gmin3_1m,1,moving
226753,1,1,0,202,0,0,0,-1,178,80,17,18,13,8,10,8,32,25,34,72,25,72,61,61,1,202,1788886061.751081,G1,T01,gmin3_1m,1,moving
226953,1,1,0,202,0,0,0,-1,72,20,13,29,10,9,10,13,41,18,29,72,32,61,52,61,1,202,1788886061.943135,G1,T01,gmin3_1m,1,moving
227153,1,1,0,202,0,0,0,-1,160,20,9,17,5,10,5,8,25,18,20,72,25,61,52,61,1,202,1788886062.150041,G1,T01,gmin3_1m,1,moving
227353,1,1,0,202,0,0,0,-1,145,40,16,10,5,9,8,8,50,25,34,72,25,61,52,61,1,202,1788886062.3421957,G1,T01,gmin3_1m,1,moving
227553,1,1,0,202,0,0,0,-1,104,50,41,5,25,10,9,8,34,25,34,72,25,61,52,61,1,202,1788886062.5497336,G1,T01,gmin3_1m,1,moving
227753,1,1,0,202,0,0,0,-1,65,89,68,5,18,9,8,9,41,32,34,72,25,61,41,50,1,202,1788886062.741449,G1,T01,gmin3_1m,1,moving
227953,1,1,0,202,0,0,0,-1,32,17,13,8,9,8,20,17,32,34,45,72,32,61,52,61,1,202,1788886062.9496148,G1,T01,gmin3_1m,1,moving
228153,1,1,0,202,0,0,0,-1,80,73,20,25,5,8,9,8,32,25,45,72,25,61,52,61,1,202,1788886063.144036,G1,T01,gmin3_1m,1,moving
228353,1,1,0,202,0,0,0,-1,100,185,113,26,8,8,8,13,41,25,34,85,25,61,52,61,1,202,1788886063.3496158,G1,T01,gmin3_1m,1,moving
228553,1,1,0,202,0,0,0,-1,34,52,149,10,8,9,8,13,32,25,41,72,34,50,65,61,1,202,1788886063.5420082,G1,T01,gmin3_1m,1,moving
228753,1,1,0,202,0,0,0,-1,200,116,58,25,5,9,10,13,32,25,41,72,34,50,52,61,1,202,1788886063.7538805,G1,T01,gmin3_1m,1,moving
228953,1,1,0,202,0,0,0,-1,130,34,61,25,5,5,10,13,41,18,41,72,25,61,52,52,1,202,1788886063.9454474,G1,T01,gmin3_1m,1,moving
229153,1,1,0,202,0,0,0,-1,65,29,90,25,8,5,13,8,41,25,34,72,25,61,52,61,1,202,1788886064.1534672,G1,T01,gmin3_1m,1,moving
229353,1,1,0,202,0,0,0,-1,82,26,130,8,5,5,13,9,50,32,34,61,25,72,65,61,1,202,1788886064.3459322,G1,T01,gmin3_1m,1,moving
229553,1,1,0,202,0,0,0,-1,68,9,58,13,5,10,8,8,41,25,34,85,25,74,41,61,1,202,1788886064.5383704,G1,T01,gmin3_1m,1,moving
229753,1,1,0,202,0,0,0,-1,104,53,10,29,8,8,8,8,41,25,41,72,25,61,41,61,1,202,1788886064.7468765,G1,T01,gmin3_1m,1,moving
229953,1,1,0,202,0,0,0,-1,317,117,16,5,8,8,10,8,41,25,34,85,25,61,52,61,1,202,1788886064.9388237,G1,T01,gmin3_1m,1,moving
230153,1,1,0,202,0,0,0,-1,98,41,9,10,5,10,10,8,32,25,34,72,25,61,52,61,1,202,1788886065.1452792,G1,T01,gmin3_1m,1,moving
230353,1,1,0,202,0,0,0,-1,82,85,40,18,8,5,5,8,32,25,29,72,25,61,41,50,1,202,1788886065.3532162,G1,T01,gmin3_1m,1,moving
230553,1,1,0,202,0,0,0,-1,117,113,65,45,8,8,13,8,34,25,34,72,32,61,52,61,1,202,1788886065.5467,G1,T01,gmin3_1m,1,moving
230753,1,1,0,202,0,0,0,-1,74,65,17,25,8,8,13,8,50,20,34,85,41,61,52,61,1,202,1788886065.7534955,G1,T01,gmin3_1m,1,moving
230953,1,1,0,202,0,0,0,-1,37,50,25,41,5,10,10,13,50,25,41,72,34,61,52,50,1,202,1788886065.9447553,G1,T01,gmin3_1m,1,moving
231153,1,1,0,202,0,0,0,-1,65,29,89,10,13,5,10,13,50,32,29,72,34,61,52,50,1,202,1788886066.1532278,G1,T01,gmin3_1m,1,moving
231353,1,1,0,202,0,0,0,-1,85,26,101,18,8,5,10,10,41,32,34,72,34,61,41,61,1,202,1788886066.345551,G1,T01,gmin3_1m,1,moving
231553,1,1,0,202,0,0,0,-1,185,90,32,18,10,10,10,8,41,32,45,72,34,61,52,61,1,202,1788886066.5539563,G1,T01,gmin3_1m,1,moving
231753,1,1,0,202,0,0,0,-1,74,45,40,10,10,10,8,9,41,25,25,61,34,61,52,61,1,202,1788886066.745365,G1,T01,gmin3_1m,1,moving
231953,1,1,0,202,0,0,0,-1,274,90,8,34,8,9,13,13,41,25,34,72,34,61,52,61,1,202,1788886066.9533339,G1,T01,gmin3_1m,1,moving
232153,1,1,0,202,0,0,0,-1,41,25,40,18,9,8,8,9,32,20,34,72,25,61,52,61,1,202,1788886067.1457167,G1,T01,gmin3_1m,1,moving
232353,1,1,0,202,0,0,0,-1,65,26,137,9,10,8,8,8,32,25,29,72,25,52,52,61,1,202,1788886067.3533196,G1,T01,gmin3_1m,1,moving
232553,1,1,0,202,0,0,0,-1,50,53,5,10,9,9,10,8,41,41,45,72,25,52,52,61,1,202,1788886067.5455596,G1,T01,gmin3_1m,1,moving
232753,1,1,0,202,0,0,0,-1,122,34,65,18,5,5,10,8,41,32,34,72,34,61,52,61,1,202,1788886067.738119,G1,T01,gmin3_1m,1,moving
232953,1,1,0,202,0,0,0,-1,116,37,53,25,8,5,13,8,41,25,34,72,18,52,45,61,1,202,1788886067.9446511,G1,T01,gmin3_1m,1,moving
233153,1,1,0,202,0,0,0,-1,89,49,32,10,8,5,13,9,25,34,41,72,25,50,52,61,1,202,1788886068.1521764,G1,T01,gmin3_1m,1,moving
233353,1,1,0,202,0,0,0,-1,104,29,45,18,9,5,20,13,32,34,29,72,25,50,52,61,1,202,1788886068.3447583,G1,T01,gmin3_1m,1,moving
233553,1,1,0,202,0,0,0,-1,85,40,20,18,5,8,10,13,32,20,34,72,25,52,52,61,1,202,1788886068.5520587,G1,T01,gmin3_1m,1,moving
233753,1,1,0,202,0,0,0,-1,45,13,18,25,9,13,13,8,50,25,34,72,25,52,52,52,1,202,1788886068.743642,G1,T01,gmin3_1m,1,moving
233953,1,1,0,202,0,0,0,-1,85,65,58,10,5,13,10,13,50,20,34,72,25,52,52,61,1,202,1788886068.9526386,G1,T01,gmin3_1m,1,moving
234153,1,1,0,202,0,0,0,-1,41,53,45,20,8,5,13,5,50,25,34,72,25,72,52,50,1,202,1788886069.1438148,G1,T01,gmin3_1m,1,moving
234353,1,1,0,202,0,0,0,-1,116,101,25,10,13,10,5,5,41,25,41,72,25,61,52,50,1,202,1788886069.3512435,G1,T01,gmin3_1m,1,moving
234553,1,1,0,202,0,0,0,-1,106,45,58,13,13,8,10,8,41,25,41,72,25,61,52,50,1,202,1788886069.5425344,G1,T01,gmin3_1m,1,moving
234753,1,1,0,202,0,0,0,-1,89,18,34,9,10,5,13,5,32,20,34,72,25,61,52,61,1,202,1788886069.7505705,G1,T01,gmin3_1m,1,moving
234953,1,1,0,202,0,0,0,-1,106,106,53,10,5,8,13,8,41,25,34,72,34,61,52,61,1,202,1788886069.9434123,G1,T01,gmin3_1m,1,moving
235153,1,1,0,202,0,0,0,-1,101,25,40,25,5,5,8,5,50,25,34,72,32,61,52,61,1,202,1788886070.1513412,G1,T01,gmin3_1m,1,moving
235353,1,1,0,202,0,0,0,-1,289,74,52,25,13,8,17,13,41,25,34,72,25,61,52,61,1,202,1788886070.3449786,G1,T01,gmin3_1m,1,moving
235553,1,1,0,202,0,0,0,-1,117,34,25,16,8,8,25,10,41,18,34,72,25,61,52,50,1,202,1788886070.5513594,G1,T01,gmin3_1m,1,moving
235753,1,1,0,202,0,0,0,-1,90,109,41,20,13,9,10,8,50,25,34,72,25,61,52,50,1,202,1788886070.7435818,G1,T01,gmin3_1m,1,moving
235953,1,1,0,202,0,0,0,-1,256,50,45,10,13,10,18,13,32,25,34,72,25,72,52,50,1,202,1788886070.952439,G1,T01,gmin3_1m,1,moving
236153,1,1,0,202,0,0,0,-1,61,18,34,5,10,8,10,8,41,25,41,72,25,61,52,61,1,202,1788886071.153291,G1,T01,gmin3_1m,1,moving
236353,1,1,0,202,0,0,0,-1,72,17,85,13,13,10,13,10,32,32,41,72,25,61,52,50,1,202,1788886071.3505867,G1,T01,gmin3_1m,1,moving
236553,1,1,0,202,0,0,0,-1,45,9,50,8,5,5,13,8,41,32,41,85,25,61,52,72,1,202,1788886071.5428452,G1,T01,gmin3_1m,1,moving
236753,1,1,0,202,0,0,0,-1,274,72,20,13,5,5,10,5,32,20,34,74,25,61,52,61,1,202,1788886071.7509325,G1,T01,gmin3_1m,1,moving
236953,1,1,0,202,0,0,0,-1,109,65,10,9,8,5,8,8,32,25,45,72,25,61,61,61,1,202,1788886071.941233,G1,T01,gmin3_1m,1,moving
237153,1,1,0,202,0,0,0,-1,64,26,37,10,5,8,17,13,50,25,52,61,34,72,61,61,1,202,1788886072.1476228,G1,T01,gmin3_1m,1,moving
237353,1,1,0,202,0,0,0,-1,52,25,8,8,5,10,8,5,50,25,34,72,25,72,65,61,1,202,1788886072.3379216,G1,T01,gmin3_1m,1,moving
237553,1,1,0,202,0,0,0,-1,65,26,65,25,10,5,13,10,41,34,34,72,25,61,52,61,1,202,1788886072.5459974,G1,T01,gmin3_1m,1,moving
237753,1,1,0,202,0,0,0,-1,82,73,65,13,5,8,17,13,34,18,34,61,25,61,52,61,1,202,1788886072.7383602,G1,T01,gmin3_1m,1,moving
237953,1,1,0,202,0,0,0,-1,40,25,74,16,5,13,13,8,41,18,34,61,25,61,52,61,1,202,1788886072.94625,G1,T01,gmin3_1m,1,moving
238153,1,1,0,202,0,0,0,-1,65,17,18,20,9,8,10,5,32,18,34,61,25,61,52,52,1,202,1788886073.1383805,G1,T01,gmin3_1m,1,moving
238353,1,1,0,202,0,0,0,-1,61,26,20,10,5,10,10,5,32,25,32,100,41,74,52,61,1,202,1788886073.3453066,G1,T01,gmin3_1m,1,moving
238553,1,1,0,202,0,0,0,-1,197,41,50,13,8,5,10,8,41,18,34,72,25,61,52,61,1,202,1788886073.5534656,G1,T01,gmin3_1m,1,moving
238753,1,1,0,202,0,0,0,-1,58,20,29,13,8,10,8,9,41,25,34,72,34,72,52,61,1,202,1788886073.7460608,G1,T01,gmin3_1m,1,moving
238953,1,1,0,202,0,0,0,-1,85,13,13,9,8,5,8,13,41,25,34,72,25,52,52,61,1,202,1788886073.9380906,G1,T01,gmin3_1m,1,moving
239153,1,1,0,202,0,0,0,-1,104,34,85,5,16,8,17,8,41,25,45,72,32,61,52,61,1,202,1788886074.1470926,G1,T01,gmin3_1m,1,moving
239353,1,1,0,202,0,0,0,-1,169,65,65,9,5,13,5,8,41,25,45,72,25,61,52,61,1,202,1788886074.3393662,G1,T01,gmin3_1m,1,moving
239553,1,1,0,202,0,0,0,-1,98,61,41,5,5,13,10,13,32,18,34,85,34,72,52,61,1,202,1788886074.5483236,G1,T01,gmin3_1m,1,moving
239753,1,1,0,202,0,0,0,-1,157,85,26,8,10,8,13,8,50,25,34,72,25,61,41,50,1,202,1788886074.7407186,G1,T01,gmin3_1m,1,moving
239953,1,1,0,202,0,0,0,-1,85,34,10,13,8,4,10,8,41,25,34,72,32,61,52,61,1,202,1788886074.9492989,G1,T01,gmin3_1m,1,moving
240153,1,1,0,202,0,0,0,-1,85,20,113,10,10,8,10,8,41,32,45,72,32,61,52,61,1,202,1788886075.1411533,G1,T01,gmin3_1m,1,moving
240353,1,1,0,202,0,0,0,-1,36,52,13,9,5,10,8,8,41,18,34,72,32,74,52,61,1,202,1788886075.3486104,G1,T01,gmin3_1m,1,moving
240553,1,1,0,202,0,0,0,-1,80,37,13,5,13,8,8,5,32,18,45,61,25,61,52,52,1,202,1788886075.5414915,G1,T01,gmin3_1m,1,moving
240753,1,1,0,202,0,0,0,-1,73,37,8,8,8,5,8,8,41,25,34,85,32,61,52,61,1,202,1788886075.7494261,G1,T01,gmin3_1m,1,moving
240953,1,1,0,202,0,0,0,-1,101,25,74,5,5,10,8,10,34,32,34,72,32,61,52,61,1,202,1788886075.9407446,G1,T01,gmin3_1m,1,moving
241153,1,1,0,202,0,0,0,-1,153,32,25,10,8,8,13,8,41,25,34,85,32,61,52,61,1,202,1788886076.1485932,G1,T01,gmin3_1m,1,moving
241353,1,1,0,202,0,0,0,-1,89,20,20,13,13,8,10,9,41,25,34,72,32,61,52,61,1,202,1788886076.3403986,G1,T01,gmin3_1m,1,moving
241553,1,1,0,202,0,0,0,-1,85,34,17,8,5,8,5,13,50,25,34,72,25,61,61,50,1,202,1788886076.5473056,G1,T01,gmin3_1m,1,moving
241753,1,1,0,202,0,0,0,-1,130,13,8,5,5,5,10,4,32,25,34,72,25,61,61,50,1,202,1788886076.738379,G1,T01,gmin3_1m,1,moving
241953,1,1,0,202,0,0,0,-1,125,45,32,10,10,5,10,5,32,32,34,72,25,61,65,61,1,202,1788886076.9464262,G1,T01,gmin3_1m,1,moving
