timestamp_ms,radar_presence,moving_target,stationary_target,moving_distance_cm,stationary_distance_cm,moving_energy,stationary_energy,pir_presence,energy2420_gate0,energy2420_gate1,energy2420_gate2,energy2420_gate3,energy2420_gate4,energy2420_gate5,energy2420_gate6,energy2420_gate7,energy2420_gate8,energy2420_gate9,energy2420_gate10,energy2420_gate11,energy2420_gate12,energy2420_gate13,energy2420_gate14,energy2420_gate15,frames_ok,dist_raw_cm,pc_time_s,group_id,trial_id,scenario,ground_truth_presence,ground_truth_state
1907,1,1,0,5,0,0,0,1,85,97,117,10,8,8,13,8,5,9,32,32,18,34,25,41,1,5,1788530504.6783142,G1,T01,inclinazione2420,1,moving
2107,1,1,0,5,0,0,0,0,290,185,52,5,8,5,5,5,8,8,25,25,25,34,25,25,1,5,1788530504.8673518,G1,T01,inclinazione2420,1,moving
2307,1,1,0,5,0,0,0,0,100,200,162,9,10,9,8,5,5,8,25,25,25,34,25,25,1,5,1788530505.0741963,G1,T01,inclinazione2420,1,moving
2507,1,1,0,5,0,0,0,1,53,85,58,13,17,5,5,5,9,8,18,41,32,29,18,32,1,5,1788530505.264774,G1,T01,inclinazione2420,1,moving
2707,1,1,0,5,0,0,0,1,125,65,65,10,8,10,8,5,5,8,18,25,25,34,25,32,1,5,1788530505.4702218,G1,T01,inclinazione2420,1,moving
2907,1,1,0,5,0,0,0,0,82,153,10,5,8,8,10,5,10,8,25,18,18,34,25,32,1,5,1788530505.6685886,G1,T01,inclinazione2420,1,moving
3107,1,1,0,5,0,0,0,1,82,73,97,17,8,10,5,5,13,8,32,18,18,34,25,32,1,5,1788530505.8705158,G1,T01,inclinazione2420,1,moving
3307,1,1,0,105,0,0,0,0,45,45,61,17,8,5,8,5,8,8,32,25,18,34,25,25,1,105,1788530506.068365,G1,T01,inclinazione2420,1,moving
3507,1,1,0,71,0,0,0,0,73,50,17,8,13,10,8,5,8,10,32,13,18,34,25,25,1,71,1788530506.2684004,G1,T01,inclinazione2420,1,moving
3707,1,1,0,77,0,0,0,0,306,410,58,8,5,5,8,5,5,8,32,25,18,34,25,25,1,77,1788530506.4685516,G1,T01,inclinazione2420,1,moving
3907,1,1,0,122,0,0,0,0,136,85,37,10,10,10,5,8,8,5,32,18,25,34,25,20,1,122,1788530506.6684017,G1,T01,inclinazione2420,1,moving
4107,1,1,0,113,0,0,0,0,101,106,65,20,8,9,5,9,8,5,32,25,25,34,25,25,1,113,1788530506.8757036,G1,T01,inclinazione2420,1,moving
4307,1,1,0,110,0,0,0,0,164,73,25,18,5,8,5,8,8,8,25,34,25,34,25,25,1,110,1788530507.0682154,G1,T01,inclinazione2420,1,moving
4507,1,1,0,110,0,0,0,0,137,41,17,20,5,13,5,8,10,5,32,18,25,41,25,25,1,110,1788530507.2685144,G1,T01,inclinazione2420,1,moving
4707,1,1,0,110,0,0,0,0,104,45,29,10,13,10,5,5,5,8,32,32,18,41,34,18,1,110,1788530507.468251,G1,T01,inclinazione2420,1,moving
4907,1,1,0,110,0,0,0,0,104,36,13,9,13,10,13,5,5,8,25,32,18,41,34,18,1,110,1788530507.6733272,G1,T01,inclinazione2420,1,moving
5107,1,1,0,110,0,0,0,0,58,34,13,10,13,10,9,5,9,5,25,25,18,25,25,25,1,110,1788530507.8685026,G1,T01,inclinazione2420,1,moving
5307,1,1,0,110,0,0,0,0,50,52,32,20,10,5,5,5,8,8,32,25,20,32,25,32,1,110,1788530508.0717897,G1,T01,inclinazione2420,1,moving
5507,1,1,0,110,0,0,0,0,45,29,41,18,10,8,5,8,9,8,32,18,25,41,25,32,1,110,1788530508.2683275,G1,T01,inclinazione2420,1,moving
5707,1,1,0,110,0,0,0,0,61,29,34,10,8,5,5,8,13,5,32,25,18,34,25,32,1,110,1788530508.46996,G1,T01,inclinazione2420,1,moving
5907,1,1,0,110,0,0,0,0,181,50,18,5,8,5,8,8,10,8,32,34,13,29,18,25,1,110,1788530508.660946,G1,T01,inclinazione2420,1,moving
6107,1,1,0,110,0,0,0,0,85,26,34,13,9,9,5,5,8,8,32,32,18,34,25,25,1,110,1788530508.8690295,G1,T01,inclinazione2420,1,moving
6307,1,1,0,110,0,0,0,0,157,25,34,13,10,5,5,5,5,8,18,32,18,34,18,25,1,110,1788530509.060378,G1,T01,inclinazione2420,1,moving
6507,1,1,0,110,0,0,0,0,50,25,34,5,10,8,5,4,10,8,25,32,25,34,25,25,1,110,1788530509.2680109,G1,T01,inclinazione2420,1,moving
6707,1,1,0,110,0,0,0,0,74,50,41,9,10,8,5,8,9,8,32,32,25,34,25,25,1,110,1788530509.4749796,G1,T01,inclinazione2420,1,moving
6907,1,1,0,110,0,0,0,0,173,68,25,10,8,5,8,10,8,8,41,32,18,34,25,25,1,110,1788530509.6666508,G1,T01,inclinazione2420,1,moving
7107,1,1,0,110,0,0,0,0,125,65,32,13,8,10,8,8,10,8,32,32,18,34,25,25,1,110,1788530509.874451,G1,T01,inclinazione2420,1,moving
7307,1,1,0,110,0,0,0,0,68,34,32,10,5,5,5,10,8,5,25,32,25,34,25,25,1,110,1788530510.0668952,G1,T01,inclinazione2420,1,moving
7507,1,1,0,110,0,0,0,0,164,65,34,5,10,5,13,8,9,5,25,32,25,34,25,18,1,110,1788530510.2736084,G1,T01,inclinazione2420,1,moving
7707,1,1,0,110,0,0,0,0,45,16,32,13,18,5,5,8,5,5,32,32,25,34,25,18,1,110,1788530510.4646099,G1,T01,inclinazione2420,1,moving
7907,1,1,0,110,0,0,0,0,173,68,52,10,9,8,8,5,10,9,32,32,18,34,25,25,1,110,1788530510.6724403,G1,T01,inclinazione2420,1,moving
8107,1,1,0,110,0,0,0,0,117,41,32,10,5,9,8,8,5,5,32,32,18,34,32,25,1,110,1788530510.8672411,G1,T01,inclinazione2420,1,moving
8307,1,1,0,110,0,0,0,0,164,117,41,10,5,8,5,5,5,8,32,18,18,25,41,25,1,110,1788530511.0734766,G1,T01,inclinazione2420,1,moving
8507,1,1,0,110,0,0,0,0,98,68,41,10,9,5,5,5,10,8,32,25,18,34,32,25,1,110,1788530511.2644198,G1,T01,inclinazione2420,1,moving
8707,1,1,0,110,0,0,0,0,52,17,25,8,13,9,13,5,10,5,25,18,18,34,32,25,1,110,1788530511.4724958,G1,T01,inclinazione2420,1,moving
8907,1,1,0,110,0,0,0,0,109,25,41,8,5,9,10,5,10,5,25,25,18,34,32,20,1,110,1788530511.663862,G1,T01,inclinazione2420,1,moving
9107,1,1,0,110,0,0,0,0,149,34,25,8,8,9,5,5,9,13,32,25,18,34,32,25,1,110,1788530511.871058,G1,T01,inclinazione2420,1,moving
9307,1,1,0,110,0,0,0,0,90,34,18,5,8,8,8,5,9,8,32,25,18,34,25,25,1,110,1788530512.063559,G1,T01,inclinazione2420,1,moving
9507,1,1,0,110,0,0,0,0,80,40,34,10,9,8,10,9,5,8,41,25,18,34,25,32,1,110,1788530512.2718673,G1,T01,inclinazione2420,1,moving
9707,1,1,0,110,0,0,0,0,73,26,25,5,5,8,9,5,9,8,32,32,18,34,32,18,1,110,1788530512.4634006,G1,T01,inclinazione2420,1,moving
9907,1,1,0,110,0,0,0,0,85,29,13,8,5,5,5,9,10,8,32,25,18,41,32,18,1,110,1788530512.6713567,G1,T01,inclinazione2420,1,moving
10107,1,1,0,110,0,0,0,0,68,25,13,13,5,4,5,10,10,5,32,18,25,25,32,18,1,110,1788530512.8701968,G1,T01,inclinazione2420,1,moving
10307,1,1,0,110,0,0,0,0,100,41,13,8,5,5,8,5,17,5,32,25,18,25,34,18,1,110,1788530513.0705354,G1,T01,inclinazione2420,1,moving
10507,1,1,0,110,0,0,0,0,80,34,8,5,20,10,8,8,17,5,25,25,18,25,34,18,1,110,1788530513.2619996,G1,T01,inclinazione2420,1,moving
10707,1,1,0,110,0,0,0,0,53,13,20,5,5,5,16,5,10,8,25,25,25,45,18,25,1,110,1788530513.4693885,G1,T01,inclinazione2420,1,moving
10907,1,1,0,110,0,0,0,0,194,40,18,10,8,8,9,5,8,8,32,18,18,34,25,18,1,110,1788530513.660734,G1,T01,inclinazione2420,1,moving
11107,1,1,0,110,0,0,0,0,101,17,18,5,8,5,5,8,5,5,32,25,18,34,18,18,1,110,1788530513.8703327,G1,T01,inclinazione2420,1,moving
11307,1,1,0,110,0,0,0,0,197,29,18,13,5,5,9,5,17,8,32,25,20,34,25,18,1,110,1788530514.0611567,G1,T01,inclinazione2420,1,moving
11507,1,1,0,110,0,0,0,0,50,13,25,13,9,5,5,9,17,5,25,18,20,34,25,25,1,110,1788530514.2689674,G1,T01,inclinazione2420,1,moving
11707,1,1,0,110,0,0,0,0,97,65,10,9,13,5,4,5,8,5,32,18,18,45,18,41,1,110,1788530514.4612358,G1,T01,inclinazione2420,1,moving
11907,1,1,0,110,0,0,0,0,121,58,13,10,8,5,5,5,10,5,32,18,25,34,25,32,1,110,1788530514.6692996,G1,T01,inclinazione2420,1,moving
12107,1,1,0,110,0,0,0,0,26,10,13,10,8,5,5,5,5,5,25,25,18,29,32,25,1,110,1788530514.871843,G1,T01,inclinazione2420,1,moving
12307,1,1,0,110,0,0,0,0,40,13,13,10,8,8,9,5,5,8,32,25,25,34,32,25,1,110,1788530515.06825,G1,T01,inclinazione2420,1,moving
12507,1,1,0,110,0,0,0,0,106,50,8,8,5,5,5,5,5,5,32,18,18,34,25,25,1,110,1788530515.2601044,G1,T01,inclinazione2420,1,moving
12707,1,1,0,110,0,0,0,0,72,20,13,5,5,8,5,8,17,5,32,18,25,34,25,18,1,110,1788530515.4679093,G1,T01,inclinazione2420,1,moving
12907,1,1,0,110,0,0,0,0,80,37,5,10,5,5,9,5,10,5,32,32,18,34,25,25,1,110,1788530515.675562,G1,T01,inclinazione2420,1,moving
13107,1,1,0,110,0,0,0,0,82,26,13,5,13,5,5,10,13,9,32,25,18,34,18,25,1,110,1788530515.8730793,G1,T01,inclinazione2420,1,moving
13307,1,1,0,110,0,0,0,0,136,50,16,10,8,5,9,5,5,5,32,25,25,34,25,25,1,110,1788530516.0755491,G1,T01,inclinazione2420,1,moving
13507,1,1,0,110,0,0,0,0,137,37,13,5,5,4,8,5,5,9,32,18,25,34,25,25,1,110,1788530516.2664926,G1,T01,inclinazione2420,1,moving
13707,1,1,0,110,0,0,0,0,265,73,9,9,13,5,8,5,8,5,25,18,25,41,25,20,1,110,1788530516.4740376,G1,T01,inclinazione2420,1,moving
13907,1,1,0,110,0,0,0,0,40,25,25,5,10,13,5,8,13,8,41,25,25,34,25,25,1,110,1788530516.664736,G1,T01,inclinazione2420,1,moving
14107,1,1,0,110,0,0,0,0,50,25,13,8,5,8,5,5,9,13,32,18,25,34,25,25,1,110,1788530516.8741367,G1,T01,inclinazione2420,1,moving
14307,1,1,0,110,0,0,0,0,104,16,20,8,5,5,5,5,13,5,32,18,25,34,25,25,1,110,1788530517.0647342,G1,T01,inclinazione2420,1,moving
14507,1,1,0,110,0,0,0,0,130,65,20,8,8,5,8,9,13,13,32,25,25,41,25,25,1,110,1788530517.2735605,G1,T01,inclinazione2420,1,moving
14707,1,1,0,110,0,0,0,0,80,18,20,5,8,8,8,5,5,5,25,25,18,34,25,25,1,110,1788530517.4667408,G1,T01,inclinazione2420,1,moving
14907,1,1,0,110,0,0,0,0,61,25,32,8,13,5,5,5,5,10,32,25,18,41,25,25,1,110,1788530517.6735191,G1,T01,inclinazione2420,1,moving
15107,1,1,0,110,0,0,0,0,125,25,8,8,18,8,8,5,10,8,25,25,18,34,25,25,1,110,1788530517.87416,G1,T01,inclinazione2420,1,moving
15307,1,1,0,110,0,0,0,0,85,13,8,10,18,8,5,5,17,5,32,41,32,34,25,25,1,110,1788530518.0728202,G1,T01,inclinazione2420,1,moving
15507,1,1,0,110,0,0,0,0,61,26,13,8,8,10,10,5,17,8,32,25,20,41,25,32,1,110,1788530518.2689054,G1,T01,inclinazione2420,1,moving
15707,1,1,0,110,0,0,0,0,100,13,9,8,5,5,5,8,5,8,32,25,20,41,25,32,1,110,1788530518.4711385,G1,T01,inclinazione2420,1,moving
15907,1,1,0,110,0,0,0,0,81,25,8,8,13,5,8,5,10,8,32,18,25,34,32,25,1,110,1788530518.67047,G1,T01,inclinazione2420,1,moving
16107,1,1,0,110,0,0,0,0,125,40,5,5,13,5,9,9,10,5,32,25,25,29,32,18,1,110,1788530518.8743534,G1,T01,inclinazione2420,1,moving
16307,1,1,0,110,0,0,0,0,85,26,5,10,8,5,8,8,9,8,34,18,25,45,25,18,1,110,1788530519.0716617,G1,T01,inclinazione2420,1,moving
16507,1,1,0,110,0,0,0,0,245,37,13,5,10,8,5,8,25,5,41,25,18,34,25,25,1,110,1788530519.2729535,G1,T01,inclinazione2420,1,moving
16707,1,1,0,110,0,0,0,0,65,49,13,9,8,8,5,5,13,8,32,34,18,25,25,32,1,110,1788530519.4744158,G1,T01,inclinazione2420,1,moving
16907,1,1,0,110,0,0,0,0,117,16,17,5,8,5,8,10,9,17,41,25,18,20,34,32,1,110,1788530519.6758292,G1,T01,inclinazione2420,1,moving
17107,1,1,0,110,0,0,0,0,196,64,20,8,13,5,8,5,10,8,25,25,18,20,32,25,1,110,1788530519.8743544,G1,T01,inclinazione2420,1,moving
17307,1,1,0,110,0,0,0,0,185,52,18,10,9,5,4,5,13,10,25,18,18,29,32,25,1,110,1788530520.0692322,G1,T01,inclinazione2420,1,moving
17507,1,1,0,110,0,0,0,0,53,13,13,5,10,8,10,5,17,13,32,25,25,41,32,32,1,110,1788530520.2762249,G1,T01,inclinazione2420,1,moving
17707,1,1,0,110,0,0,0,0,64,36,18,13,9,4,5,8,17,8,41,32,25,41,25,32,1,110,1788530520.468593,G1,T01,inclinazione2420,1,moving
17907,1,1,0,110,0,0,0,0,197,37,25,13,10,5,5,5,10,5,25,20,18,41,25,32,1,110,1788530520.6761866,G1,T01,inclinazione2420,1,moving
18107,1,1,0,110,0,0,0,0,80,34,18,9,5,5,8,5,5,8,32,25,25,41,25,25,1,110,1788530520.8755438,G1,T01,inclinazione2420,1,moving
18307,1,1,0,110,0,0,0,0,244,50,9,9,8,10,8,5,5,5,32,25,18,34,25,18,1,110,1788530521.0761752,G1,T01,inclinazione2420,1,moving
18507,1,1,0,110,0,0,0,0,116,40,10,5,10,8,10,5,17,5,25,25,25,34,34,25,1,110,1788530521.2690952,G1,T01,inclinazione2420,1,moving
18707,1,1,0,110,0,0,0,0,90,25,20,8,8,8,9,5,17,8,25,32,25,25,34,25,1,110,1788530521.461251,G1,T01,inclinazione2420,1,moving
18907,1,1,0,110,0,0,0,0,53,37,8,8,8,5,8,10,17,5,25,18,32,45,29,32,1,110,1788530521.6689746,G1,T01,inclinazione2420,1,moving
19107,1,1,0,110,0,0,0,0,85,25,18,8,10,9,5,9,5,5,25,18,25,45,25,32,1,110,1788530521.8758335,G1,T01,inclinazione2420,1,moving
19307,1,1,0,110,0,0,0,0,137,82,18,8,5,8,8,5,9,13,32,32,25,52,25,32,1,110,1788530522.0670557,G1,T01,inclinazione2420,1,moving
19507,1,1,0,110,0,0,0,0,81,17,13,9,8,8,5,5,13,8,25,25,25,41,25,25,1,110,1788530522.274885,G1,T01,inclinazione2420,1,moving
19707,1,1,0,110,0,0,0,0,128,52,25,10,5,8,10,5,10,13,25,25,25,34,25,25,1,110,1788530522.4676287,G1,T01,inclinazione2420,1,moving
19907,1,1,0,110,0,0,0,0,106,17,25,10,10,10,10,5,9,10,32,32,32,29,32,25,1,110,1788530522.674849,G1,T01,inclinazione2420,1,moving
20107,1,1,0,110,0,0,0,0,256,65,25,5,9,5,5,5,5,5,18,25,18,29,25,25,1,110,1788530522.8670177,G1,T01,inclinazione2420,1,moving
20307,1,1,0,110,0,0,0,0,29,10,25,9,13,5,5,8,10,8,25,34,18,34,25,25,1,110,1788530523.074798,G1,T01,inclinazione2420,1,moving
20507,1,1,0,110,0,0,0,0,58,34,20,5,5,5,5,5,9,8,32,32,25,34,32,18,1,110,1788530523.2683163,G1,T01,inclinazione2420,1,moving
20707,1,1,0,110,0,0,0,0,68,40,13,9,9,5,5,5,8,5,25,20,18,34,25,25,1,110,1788530523.4603574,G1,T01,inclinazione2420,1,moving
20907,1,1,0,110,0,0,0,0,65,29,20,9,5,5,5,5,5,8,41,25,20,34,25,25,1,110,1788530523.6673658,G1,T01,inclinazione2420,1,moving
21107,1,1,0,110,0,0,0,0,100,65,34,10,8,5,10,5,17,5,32,25,25,34,25,32,1,110,1788530523.8754447,G1,T01,inclinazione2420,1,moving
21307,1,1,0,110,0,0,0,0,153,29,20,10,5,8,10,5,9,5,25,34,18,41,18,32,1,110,1788530524.0664523,G1,T01,inclinazione2420,1,moving
21507,1,1,0,110,0,0,0,0,109,53,20,8,5,5,9,5,5,5,32,25,25,41,25,25,1,110,1788530524.2738802,G1,T01,inclinazione2420,1,moving
21707,1,1,0,110,0,0,0,0,97,20,25,8,5,5,5,5,8,8,32,25,25,34,25,18,1,110,1788530524.4667943,G1,T01,inclinazione2420,1,moving
21907,1,1,0,110,0,0,0,0,20,13,34,8,5,8,5,8,10,5,25,25,25,34,25,25,1,110,1788530524.6736238,G1,T01,inclinazione2420,1,moving
22107,1,1,0,110,0,0,0,0,185,45,45,18,8,5,8,9,17,8,25,25,25,34,32,25,1,110,1788530524.8653154,G1,T01,inclinazione2420,1,moving
22307,1,1,0,110,0,0,0,0,52,17,25,8,13,5,5,5,9,5,32,25,25,41,25,32,1,110,1788530525.0724132,G1,T01,inclinazione2420,1,moving
22507,1,1,0,110,0,0,0,0,61,13,25,8,13,5,9,5,9,8,32,25,25,41,32,32,1,110,1788530525.2641242,G1,T01,inclinazione2420,1,moving
22707,1,1,0,110,0,0,0,0,68,29,41,8,8,5,8,8,13,5,32,32,25,41,32,32,1,110,1788530525.4716725,G1,T01,inclinazione2420,1,moving
22907,1,1,0,110,0,0,0,0,50,18,25,5,13,8,10,9,10,5,32,13,18,34,32,25,1,110,1788530525.663425,G1,T01,inclinazione2420,1,moving
23107,1,1,0,110,0,0,0,0,98,13,34,10,8,10,5,8,13,10,32,25,25,34,25,25,1,110,1788530525.8679168,G1,T01,inclinazione2420,1,moving
23307,1,1,0,110,0,0,0,0,52,40,25,8,13,5,8,5,10,8,25,25,25,34,32,25,1,110,1788530526.0609164,G1,T01,inclinazione2420,1,moving
23507,1,1,0,110,0,0,0,0,53,58,25,9,10,8,8,5,10,8,32,25,25,34,25,25,1,110,1788530526.2681947,G1,T01,inclinazione2420,1,moving
23707,1,1,0,110,0,0,0,0,97,73,25,5,10,10,10,5,10,8,25,25,18,34,32,25,1,110,1788530526.4765482,G1,T01,inclinazione2420,1,moving
23907,1,1,0,110,0,0,0,0,225,64,34,5,10,9,13,5,5,8,25,18,18,34,32,18,1,110,1788530526.667924,G1,T01,inclinazione2420,1,moving
24107,1,1,0,110,0,0,0,0,65,25,26,8,8,8,9,5,5,10,25,25,18,25,25,25,1,110,1788530526.8755188,G1,T01,inclinazione2420,1,moving
24307,1,1,0,110,0,0,0,0,205,104,20,8,9,9,8,5,9,5,18,25,25,41,25,25,1,110,1788530527.066793,G1,T01,inclinazione2420,1,moving
24507,1,1,0,110,0,0,0,0,116,45,13,5,25,10,5,5,9,5,25,25,25,34,25,25,1,110,1788530527.2744591,G1,T01,inclinazione2420,1,moving
24707,1,1,0,110,0,0,0,0,145,45,13,5,10,8,5,5,9,8,25,18,25,34,32,25,1,110,1788530527.4662757,G1,T01,inclinazione2420,1,moving
24907,1,1,0,110,0,0,0,0,49,26,13,10,9,8,5,10,10,5,25,18,20,34,32,25,1,110,1788530527.6740835,G1,T01,inclinazione2420,1,moving
25107,1,1,0,110,0,0,0,0,85,25,18,10,9,8,17,10,17,8,25,25,20,34,25,32,1,110,1788530527.865678,G1,T01,inclinazione2420,1,moving
25307,1,1,0,110,0,0,0,0,52,17,5,8,13,5,8,5,17,5,18,25,20,34,25,32,1,110,1788530528.0729606,G1,T01,inclinazione2420,1,moving
25507,1,1,0,110,0,0,0,0,81,34,8,8,9,9,8,5,10,8,18,25,25,34,25,32,1,110,1788530528.2654626,G1,T01,inclinazione2420,1,moving
25707,1,1,0,110,0,0,0,0,40,16,9,13,5,5,5,4,5,5,18,25,25,25,34,32,1,110,1788530528.4736476,G1,T01,inclinazione2420,1,moving
25907,1,1,0,110,0,0,0,0,85,32,13,5,5,5,10,8,10,8,25,25,32,34,25,32,1,110,1788530528.6655462,G1,T01,inclinazione2420,1,moving
26107,1,1,0,110,0,0,0,0,221,45,13,5,10,5,10,5,10,5,18,25,25,34,25,32,1,110,1788530528.8731322,G1,T01,inclinazione2420,1,moving
26307,1,1,0,110,0,0,0,0,40,10,13,8,8,5,8,8,13,5,32,18,25,34,25,32,1,110,1788530529.0645254,G1,T01,inclinazione2420,1,moving
26507,1,1,0,110,0,0,0,0,116,36,13,8,9,5,8,5,10,8,32,25,18,34,25,25,1,110,1788530529.2716005,G1,T01,inclinazione2420,1,moving
26707,1,1,0,110,0,0,0,0,34,41,18,5,5,8,5,5,5,13,25,32,18,34,32,18,1,110,1788530529.464243,G1,T01,inclinazione2420,1,moving
26907,1,1,0,110,0,0,0,0,25,10,25,13,13,9,8,8,10,5,25,32,25,41,20,25,1,110,1788530529.6714408,G1,T01,inclinazione2420,1,moving
27107,1,1,0,110,0,0,0,0,73,20,10,8,8,10,5,5,10,5,25,25,18,34,25,32,1,110,1788530529.8626537,G1,T01,inclinazione2420,1,moving
27307,1,1,0,110,0,0,0,1,148,32,5,8,8,5,5,8,5,5,25,25,18,41,34,18,1,110,1788530530.0698664,G1,T01,inclinazione2420,1,moving
27507,1,1,0,110,0,0,0,0,125,34,8,8,10,8,8,8,10,8,25,25,18,52,18,25,1,110,1788530530.2666924,G1,T01,inclinazione2420,1,moving
27707,1,1,0,110,0,0,0,0,53,20,8,8,10,13,10,8,9,10,25,25,18,52,25,18,1,110,1788530530.468554,G1,T01,inclinazione2420,1,moving
27907,1,1,0,110,0,0,0,0,65,25,8,5,13,8,5,5,17,8,25,25,13,34,25,25,1,110,1788530530.6761472,G1,T01,inclinazione2420,1,moving
28107,1,1,0,110,0,0,0,0,65,29,8,5,10,10,5,8,13,8,32,32,25,34,25,25,1,110,1788530530.867356,G1,T01,inclinazione2420,1,moving
28307,1,1,0,110,0,0,0,0,180,73,13,9,8,5,13,13,17,5,25,25,13,34,25,18,1,110,1788530531.076033,G1,T01,inclinazione2420,1,moving
28507,1,1,0,110,0,0,0,0,73,29,9,8,17,5,9,5,5,5,25,25,18,34,25,32,1,110,1788530531.26843,G1,T01,inclinazione2420,1,moving
28707,1,1,0,110,0,0,0,0,117,61,5,5,8,5,10,8,10,5,25,25,18,34,18,32,1,110,1788530531.4761448,G1,T01,inclinazione2420,1,moving
28907,1,1,0,110,0,0,0,0,106,64,5,5,10,10,10,5,10,8,32,25,18,20,34,25,1,110,1788530531.6672962,G1,T01,inclinazione2420,1,moving
29107,1,1,0,110,0,0,0,0,148,53,5,10,5,8,5,10,9,8,41,25,18,25,34,25,1,110,1788530531.87429,G1,T01,inclinazione2420,1,moving
29307,1,1,0,110,0,0,0,0,61,29,8,10,5,5,5,5,9,5,25,25,25,34,34,25,1,110,1788530532.065595,G1,T01,inclinazione2420,1,moving
29507,1,1,0,110,0,0,0,0,117,40,10,5,10,8,10,5,10,5,32,18,18,29,25,25,1,110,1788530532.2729754,G1,T01,inclinazione2420,1,moving
29707,1,1,0,110,0,0,0,0,90,25,8,8,10,8,8,5,10,8,32,18,18,34,25,25,1,110,1788530532.4652672,G1,T01,inclinazione2420,1,moving
29907,1,1,0,110,0,0,0,0,74,29,8,5,10,8,13,8,10,8,32,25,18,34,25,25,1,110,1788530532.672184,G1,T01,inclinazione2420,1,moving
30107,1,1,0,110,0,0,0,0,32,26,9,13,5,5,5,8,10,9,32,32,25,34,25,25,1,110,1788530532.8654077,G1,T01,inclinazione2420,1,moving
30307,1,1,0,110,0,0,0,0,61,20,9,10,10,5,8,5,10,8,25,25,25,41,25,25,1,110,1788530533.0726774,G1,T01,inclinazione2420,1,moving
30507,1,1,0,110,0,0,0,0,125,58,10,5,13,5,8,10,10,5,25,32,25,45,25,34,1,110,1788530533.26922,G1,T01,inclinazione2420,1,moving
30707,1,1,0,110,0,0,0,0,37,13,16,8,16,5,5,8,17,5,25,32,25,41,25,25,1,110,1788530533.4717388,G1,T01,inclinazione2420,1,moving
30907,1,1,0,110,0,0,0,0,137,58,8,9,5,8,8,5,5,5,25,25,18,34,25,32,1,110,1788530533.663753,G1,T01,inclinazione2420,1,moving
31107,1,1,0,110,0,0,0,0,97,36,8,8,5,10,8,5,5,5,25,32,18,41,25,32,1,110,1788530533.8708825,G1,T01,inclinazione2420,1,moving
31307,1,1,0,110,0,0,0,0,89,41,13,10,10,9,5,5,5,8,20,34,32,41,25,25,1,110,1788530534.0632339,G1,T01,inclinazione2420,1,moving
31507,1,1,0,110,0,0,0,0,164,100,20,10,8,5,5,5,8,8,32,32,32,41,25,18,1,110,1788530534.276424,G1,T01,inclinazione2420,1,moving
31707,1,1,0,110,0,0,0,0,178,45,13,13,8,5,5,8,9,8,41,32,25,34,18,32,1,110,1788530534.4763303,G1,T01,inclinazione2420,1,moving
31907,1,1,0,110,0,0,0,0,106,61,18,5,9,10,8,8,5,8,32,32,18,34,25,25,1,110,1788530534.6698246,G1,T01,inclinazione2420,1,moving
32107,1,1,0,2,0,0,0,0,349,65,10,8,8,8,5,5,5,5,25,32,18,25,25,25,1,2,1788530534.8649695,G1,T01,inclinazione2420,1,moving
32307,1,1,0,2,0,0,0,0,200,45,20,8,8,13,9,8,5,8,32,18,18,34,25,25,1,2,1788530535.0683792,G1,T01,inclinazione2420,1,moving
32507,1,1,0,2,0,0,0,0,32,20,8,5,5,5,10,10,9,8,32,32,18,41,25,25,1,2,1788530535.2752259,G1,T01,inclinazione2420,1,moving
32707,1,1,0,2,0,0,0,0,32,8,25,10,9,13,10,5,10,8,25,25,25,25,25,25,1,2,1788530535.4678366,G1,T01,inclinazione2420,1,moving
32907,1,1,0,2,0,0,0,0,160,80,20,10,13,8,5,5,10,8,32,18,20,34,25,18,1,2,1788530535.6763053,G1,T01,inclinazione2420,1,moving
33107,1,1,0,2,0,0,0,0,185,34,20,9,17,8,10,8,10,8,32,25,25,34,25,18,1,2,1788530535.8675575,G1,T01,inclinazione2420,1,moving
33307,1,1,0,2,0,0,0,0,104,16,20,10,8,8,13,9,10,5,25,25,25,34,25,13,1,2,1788530536.0743947,G1,T01,inclinazione2420,1,moving
33507,1,1,0,2,0,0,0,0,80,74,25,5,5,9,5,13,16,5,32,32,25,41,25,32,1,2,1788530536.268344,G1,T01,inclinazione2420,1,moving
33707,1,1,0,2,0,0,0,0,148,37,13,8,10,13,8,5,5,5,25,25,25,34,25,25,1,2,1788530536.4739864,G1,T01,inclinazione2420,1,moving
33907,1,1,0,2,0,0,0,0,221,100,13,5,8,13,5,5,8,8,25,25,25,34,25,18,1,2,1788530536.669083,G1,T01,inclinazione2420,1,moving
34107,1,1,0,2,0,0,0,0,100,25,13,8,8,8,10,13,16,5,25,25,25,34,25,18,1,2,1788530536.8744907,G1,T01,inclinazione2420,1,moving
34307,1,1,0,2,0,0,0,0,89,73,25,13,5,9,10,4,9,5,18,25,25,34,32,25,1,2,1788530537.0707433,G1,T01,inclinazione2420,1,moving
34507,1,1,0,2,0,0,0,0,136,25,25,8,8,8,9,9,17,8,25,25,25,34,25,32,1,2,1788530537.2743294,G1,T01,inclinazione2420,1,moving
34707,1,1,0,2,0,0,0,0,260,65,10,5,8,8,5,5,5,5,25,25,25,41,32,25,1,2,1788530537.4717388,G1,T01,inclinazione2420,1,moving
34907,1,1,0,2,0,0,0,0,49,45,13,5,5,8,5,5,8,5,25,25,25,41,29,18,1,2,1788530537.6745222,G1,T01,inclinazione2420,1,moving
35107,1,1,0,2,0,0,0,0,85,52,18,8,5,8,8,5,10,8,25,25,25,41,18,25,1,2,1788530537.8726459,G1,T01,inclinazione2420,1,moving
35307,1,1,0,2,0,0,0,0,196,85,18,13,10,8,10,8,10,9,25,25,18,34,25,34,1,2,1788530538.0735576,G1,T01,inclinazione2420,1,moving
35507,1,1,0,2,0,0,0,0,40,17,25,5,8,5,8,5,10,8,25,25,18,25,32,25,1,2,1788530538.2741182,G1,T01,inclinazione2420,1,moving
35707,1,1,0,2,0,0,0,0,212,61,18,5,5,8,5,8,5,13,25,32,18,34,32,25,1,2,1788530538.4745553,G1,T01,inclinazione2420,1,moving
35907,1,1,0,2,0,0,0,0,45,20,10,9,10,8,9,8,5,5,32,32,25,41,25,25,1,2,1788530538.6747732,G1,T01,inclinazione2420,1,moving
36107,1,1,0,2,0,0,0,0,50,32,10,10,9,5,5,10,10,5,32,32,34,41,25,18,1,2,1788530538.8754923,G1,T01,inclinazione2420,1,moving
36307,1,1,0,2,0,0,0,0,68,37,10,13,10,5,5,5,13,8,25,32,34,41,25,18,1,2,1788530539.075943,G1,T01,inclinazione2420,1,moving
36507,1,1,0,2,0,0,0,0,73,18,10,5,8,5,5,5,17,8,25,25,25,52,18,25,1,2,1788530539.276315,G1,T01,inclinazione2420,1,moving
36707,1,1,0,2,0,0,0,1,117,29,9,5,8,5,5,5,10,5,25,18,18,34,32,13,1,2,1788530539.462013,G1,T01,inclinazione2420,1,moving
36907,1,1,0,2,0,0,0,0,50,25,8,13,5,8,5,5,5,5,20,25,18,34,32,18,1,2,1788530539.6701162,G1,T01,inclinazione2420,1,moving
37107,1,1,0,2,0,0,0,0,68,26,13,5,17,8,5,5,10,5,41,25,25,34,25,18,1,2,1788530539.8622367,G1,T01,inclinazione2420,1,moving
37307,1,1,0,2,0,0,0,0,169,37,13,8,13,8,5,5,8,5,41,18,25,34,25,32,1,2,1788530540.0693555,G1,T01,inclinazione2420,1,moving
37507,1,1,0,2,0,0,0,0,104,37,13,10,8,8,8,5,5,2,25,18,25,25,32,20,1,2,1788530540.2611952,G1,T01,inclinazione2420,1,moving
37707,1,1,0,2,0,0,0,0,97,40,10,5,5,10,9,8,5,5,25,18,18,41,25,34,1,2,1788530540.4687767,G1,T01,inclinazione2420,1,moving
37907,1,1,0,2,0,0,0,0,53,26,13,8,10,20,8,5,9,8,32,18,18,41,25,25,1,2,1788530540.6613226,G1,T01,inclinazione2420,1,moving
38107,1,1,0,2,0,0,0,0,305,116,8,10,10,9,5,5,9,5,25,18,18,34,32,25,1,2,1788530540.8692954,G1,T01,inclinazione2420,1,moving
38307,1,1,0,2,0,0,0,0,101,81,13,10,8,5,5,5,10,8,25,18,18,34,25,20,1,2,1788530541.0617058,G1,T01,inclinazione2420,1,moving
38507,1,1,0,2,0,0,0,0,68,52,13,5,5,8,5,5,9,5,25,25,18,45,25,20,1,2,1788530541.269477,G1,T01,inclinazione2420,1,moving
38707,1,1,0,2,0,0,0,0,98,16,10,17,9,5,13,5,9,8,32,25,18,40,32,20,1,2,1788530541.4613223,G1,T01,inclinazione2420,1,moving
38907,1,1,0,2,0,0,0,0,85,25,25,5,8,8,8,5,5,5,32,25,18,45,25,25,1,2,1788530541.6685703,G1,T01,inclinazione2420,1,moving
39107,1,1,0,2,0,0,0,0,89,26,25,5,5,5,5,8,16,8,32,25,18,34,25,25,1,2,1788530541.8750124,G1,T01,inclinazione2420,1,moving
39307,1,1,0,2,0,0,0,0,149,32,25,10,8,10,5,5,17,8,32,20,18,34,18,25,1,2,1788530542.0666173,G1,T01,inclinazione2420,1,moving
39507,1,1,0,2,0,0,0,0,101,40,25,8,5,10,13,8,10,8,32,18,18,34,18,25,1,2,1788530542.2733686,G1,T01,inclinazione2420,1,moving
39707,1,1,0,2,0,0,0,0,40,20,18,8,9,8,10,2,10,8,25,32,25,34,18,25,1,2,1788530542.466048,G1,T01,inclinazione2420,1,moving
39907,1,1,0,2,0,0,0,0,149,41,25,9,5,5,5,13,20,8,32,32,25,34,32,25,1,2,1788530542.6729326,G1,T01,inclinazione2420,1,moving
40107,1,1,0,2,0,0,0,0,153,65,34,8,5,5,9,8,10,9,18,25,20,25,32,25,1,2,1788530542.8651352,G1,T01,inclinazione2420,1,moving
40307,1,1,0,2,0,0,0,0,50,20,20,8,8,8,5,5,5,5,25,25,25,41,25,25,1,2,1788530543.0737834,G1,T01,inclinazione2420,1,moving
40507,1,1,0,2,0,0,0,0,61,25,20,13,8,8,9,9,5,4,18,25,18,25,34,18,1,2,1788530543.264882,G1,T01,inclinazione2420,1,moving
40707,1,1,0,2,0,0,0,0,157,37,17,8,10,5,5,5,5,5,32,25,18,25,34,18,1,2,1788530543.4721985,G1,T01,inclinazione2420,1,moving
40907,1,1,0,2,0,0,0,0,52,29,17,9,5,5,9,10,10,5,18,25,18,25,32,25,1,2,1788530543.6643045,G1,T01,inclinazione2420,1,moving
41107,1,1,0,2,0,0,0,0,65,32,17,8,9,10,9,8,10,8,25,20,18,25,32,25,1,2,1788530543.8725383,G1,T01,inclinazione2420,1,moving
41307,1,1,0,2,0,0,0,0,89,29,16,13,10,5,5,8,13,13,32,25,18,34,25,18,1,2,1788530544.0646544,G1,T01,inclinazione2420,1,moving
41507,1,1,0,2,0,0,0,0,85,26,16,10,13,5,4,5,9,5,25,25,18,34,25,25,1,2,1788530544.2710614,G1,T01,inclinazione2420,1,moving
41707,1,1,0,2,0,0,0,0,125,25,16,9,5,8,8,5,10,8,25,20,18,34,25,32,1,2,1788530544.4629211,G1,T01,inclinazione2420,1,moving
41907,1,1,0,2,0,0,0,0,85,41,20,5,10,5,8,5,8,5,25,20,18,34,25,32,1,2,1788530544.6690912,G1,T01,inclinazione2420,1,moving
42107,1,1,0,2,0,0,0,0,29,18,17,8,5,9,8,5,13,5,25,25,18,34,25,32,1,2,1788530544.8761237,G1,T01,inclinazione2420,1,moving
42307,1,1,0,2,0,0,0,0,36,13,17,13,8,5,5,8,8,8,32,18,13,34,25,25,1,2,1788530545.0668507,G1,T01,inclinazione2420,1,moving
42507,1,1,0,2,0,0,0,0,72,17,26,8,8,5,5,8,10,5,32,25,20,25,32,25,1,2,1788530545.2733037,G1,T01,inclinazione2420,1,moving
42707,1,1,0,2,0,0,0,0,90,18,26,8,5,5,9,5,13,8,32,25,25,41,20,25,1,2,1788530545.4732869,G1,T01,inclinazione2420,1,moving
42907,1,1,0,2,0,0,0,0,149,34,17,10,9,5,5,5,8,5,25,25,25,34,25,25,1,2,1788530545.6733084,G1,T01,inclinazione2420,1,moving
43107,1,1,0,2,0,0,0,0,125,65,26,9,10,5,5,5,10,5,25,18,13,41,25,32,1,2,1788530545.8734233,G1,T01,inclinazione2420,1,moving
43307,1,1,0,2,0,0,0,0,68,32,20,13,8,8,5,8,9,5,13,34,18,41,32,32,1,2,1788530546.0737498,G1,T01,inclinazione2420,1,moving
43507,1,1,0,2,0,0,0,0,25,25,20,13,9,8,5,5,9,8,25,25,18,29,32,25,1,2,1788530546.273292,G1,T01,inclinazione2420,1,moving
43707,1,1,0,2,0,0,0,0,61,13,16,8,10,8,10,8,17,8,41,18,25,41,25,18,1,2,1788530546.4735353,G1,T01,inclinazione2420,1,moving
43907,1,1,0,2,0,0,0,0,50,26,20,18,10,8,9,5,9,5,32,25,18,34,25,25,1,2,1788530546.6735053,G1,T01,inclinazione2420,1,moving
44107,1,1,0,2,0,0,0,0,125,29,16,9,9,13,13,10,9,8,32,25,18,34,25,25,1,2,1788530546.8735178,G1,T01,inclinazione2420,1,moving
44307,1,1,0,2,0,0,0,0,85,13,17,5,10,13,13,8,8,5,32,25,18,34,25,25,1,2,1788530547.0735044,G1,T01,inclinazione2420,1,moving
44507,1,1,0,2,0,0,0,0,225,58,13,9,8,5,5,8,13,13,32,32,34,41,25,25,1,2,1788530547.2736912,G1,T01,inclinazione2420,1,moving
44707,1,1,0,2,0,0,0,0,68,13,10,10,13,10,9,4,9,13,34,13,20,34,32,25,1,2,1788530547.4737525,G1,T01,inclinazione2420,1,moving
44907,1,1,0,2,0,0,0,0,37,17,8,10,13,8,8,4,9,13,25,20,18,34,32,32,1,2,1788530547.6738062,G1,T01,inclinazione2420,1,moving
45107,1,1,0,2,0,0,0,0,65,26,13,5,8,13,5,5,5,10,25,18,18,34,32,25,1,2,1788530547.87363,G1,T01,inclinazione2420,1,moving
45307,1,1,0,2,0,0,0,0,49,13,25,10,10,5,8,10,10,8,32,25,25,34,32,25,1,2,1788530548.0733688,G1,T01,inclinazione2420,1,moving
45507,1,1,0,2,0,0,0,0,53,20,8,5,9,5,8,5,10,8,32,25,25,41,25,25,1,2,1788530548.275269,G1,T01,inclinazione2420,1,moving
45707,1,1,0,2,0,0,0,0,221,74,8,13,13,5,5,5,8,5,25,25,18,34,18,25,1,2,1788530548.47361,G1,T01,inclinazione2420,1,moving
45907,1,1,0,2,0,0,0,0,53,13,10,9,10,9,5,8,10,9,32,32,18,34,25,18,1,2,1788530548.6724374,G1,T01,inclinazione2420,1,moving
46107,1,1,0,2,0,0,0,0,41,10,8,13,13,13,5,5,10,5,41,32,25,34,18,25,1,2,1788530548.864392,G1,T01,inclinazione2420,1,moving
46307,1,1,0,2,0,0,0,0,50,32,13,18,5,5,5,5,10,10,32,32,25,34,25,25,1,2,1788530549.0725336,G1,T01,inclinazione2420,1,moving
46507,1,1,0,2,0,0,0,0,52,13,5,8,10,5,10,5,13,8,32,32,32,34,25,25,1,2,1788530549.2643921,G1,T01,inclinazione2420,1,moving
46707,1,1,0,2,0,0,0,0,73,25,13,9,8,5,8,5,5,8,18,32,25,34,25,18,1,2,1788530549.471604,G1,T01,inclinazione2420,1,moving
46907,1,1,0,2,0,0,0,0,61,25,20,13,9,13,10,5,5,5,18,18,13,41,25,18,1,2,1788530549.6649091,G1,T01,inclinazione2420,1,moving
47107,1,1,0,134,0,0,0,0,74,34,40,13,8,5,5,9,5,5,18,25,18,52,18,25,1,134,1788530549.870115,G1,T01,inclinazione2420,1,moving
47307,1,1,0,134,0,0,0,0,82,61,20,8,9,5,5,9,5,5,25,25,18,34,25,25,1,134,1788530550.0620375,G1,T01,inclinazione2420,1,moving
47507,1,1,0,117,0,0,0,0,52,117,45,25,5,5,5,8,5,10,25,32,25,34,25,25,1,117,1788530550.2695808,G1,T01,inclinazione2420,1,moving
47707,1,1,0,94,0,0,0,0,61,272,97,17,10,10,5,5,8,8,25,25,25,41,25,25,1,94,1788530550.4767835,G1,T01,inclinazione2420,1,moving
47907,1,1,0,83,0,0,0,0,185,293,52,10,8,8,8,5,5,5,18,25,25,34,18,25,1,83,1788530550.667141,G1,T01,inclinazione2420,1,moving
48107,1,1,0,81,0,0,0,0,97,125,25,5,10,5,10,8,5,9,18,25,25,34,25,25,1,81,1788530550.8722076,G1,T01,inclinazione2420,1,moving
48307,1,1,0,81,0,0,0,0,250,121,13,8,8,5,13,13,5,5,32,25,20,25,25,25,1,81,1788530551.0646021,G1,T01,inclinazione2420,1,moving
48507,1,1,0,55,0,0,0,0,180,146,25,13,9,5,8,8,5,5,41,18,13,34,25,25,1,55,1788530551.272487,G1,T01,inclinazione2420,1,moving
48707,1,1,0,41,0,0,0,0,1073,514,20,10,5,5,5,10,10,9,25,25,25,34,25,25,1,41,1788530551.4639976,G1,T01,inclinazione2420,1,moving
48907,1,1,0,34,0,0,0,0,1105,481,61,5,8,10,5,5,8,5,25,32,25,34,25,25,1,34,1788530551.6721802,G1,T01,inclinazione2420,1,moving
49107,1,1,0,31,0,0,0,0,784,404,13,26,18,10,9,10,13,8,32,32,20,32,25,25,1,31,1788530551.8636491,G1,T01,inclinazione2420,1,moving
49307,1,1,0,33,0,0,0,0,338,369,80,9,5,9,8,13,26,5,18,29,18,25,34,25,1,33,1788530552.0702991,G1,T01,inclinazione2420,1,moving
49507,1,1,0,32,0,0,0,0,436,449,25,9,5,9,5,5,17,5,32,34,25,34,25,32,1,32,1788530552.265014,G1,T01,inclinazione2420,1,moving
49707,1,1,0,27,0,0,0,0,400,245,52,18,8,5,8,13,20,9,41,18,25,34,32,25,1,27,1788530552.470902,G1,T01,inclinazione2420,1,moving
49907,1,1,0,30,0,0,0,0,292,241,34,18,8,5,4,5,17,13,41,25,25,34,32,25,1,30,1788530552.6663156,G1,T01,inclinazione2420,1,moving
50107,1,1,0,33,0,0,0,0,64,18,73,20,8,9,5,5,17,8,25,25,20,34,25,25,1,33,1788530552.8690302,G1,T01,inclinazione2420,1,moving
50307,1,1,0,33,0,0,0,0,137,85,32,17,5,8,8,9,13,5,18,25,25,41,25,18,1,33,1788530553.0770288,G1,T01,inclinazione2420,1,moving
50507,1,1,0,33,0,0,0,0,90,40,73,17,5,5,5,5,13,9,25,25,25,41,25,25,1,33,1788530553.2685254,G1,T01,inclinazione2420,1,moving
50707,1,1,0,33,0,0,0,0,290,144,73,13,10,8,5,5,16,5,25,25,18,34,32,25,1,33,1788530553.4764736,G1,T01,inclinazione2420,1,moving
50907,1,1,0,33,0,0,0,0,34,16,50,13,8,8,10,9,16,5,25,25,25,41,25,25,1,33,1788530553.670117,G1,T01,inclinazione2420,1,moving
51107,1,1,0,33,0,0,0,0,45,13,32,25,8,5,10,5,17,5,25,20,18,34,32,25,1,33,1788530553.8752737,G1,T01,inclinazione2420,1,moving
51307,1,1,0,33,0,0,0,0,200,50,25,18,8,5,5,13,26,5,32,25,25,41,25,25,1,33,1788530554.071128,G1,T01,inclinazione2420,1,moving
51507,1,1,0,33,0,0,0,0,162,100,37,25,8,10,5,9,17,5,25,25,25,41,25,32,1,33,1788530554.2758324,G1,T01,inclinazione2420,1,moving
51707,1,1,0,33,0,0,0,0,65,13,37,13,10,5,5,13,17,5,25,25,25,34,25,32,1,33,1788530554.4724162,G1,T01,inclinazione2420,1,moving
51907,1,1,0,33,0,0,0,0,164,100,17,13,5,9,5,8,17,5,25,25,18,34,25,41,1,33,1788530554.6747687,G1,T01,inclinazione2420,1,moving
52107,1,1,0,33,0,0,0,0,68,113,34,20,8,8,10,5,17,10,25,25,18,34,32,32,1,33,1788530554.8729432,G1,T01,inclinazione2420,1,moving
52307,1,1,0,33,0,0,0,0,245,80,49,17,9,5,4,5,17,5,32,25,18,34,25,32,1,33,1788530555.0730858,G1,T01,inclinazione2420,1,moving
52507,1,1,0,33,0,0,0,0,45,34,25,8,8,8,5,5,16,9,32,25,18,52,18,32,1,33,1788530555.2732217,G1,T01,inclinazione2420,1,moving
52707,1,1,0,33,0,0,0,0,82,40,18,17,8,5,5,10,26,8,32,25,20,52,18,41,1,33,1788530555.4733837,G1,T01,inclinazione2420,1,moving
52907,1,1,0,33,0,0,0,0,109,20,26,8,5,5,5,8,29,5,32,25,18,52,25,25,1,33,1788530555.673234,G1,T01,inclinazione2420,1,moving
53107,1,1,0,33,0,0,0,0,37,18,25,10,9,13,8,8,16,8,32,25,18,34,25,32,1,33,1788530555.8682203,G1,T01,inclinazione2420,1,moving
53307,1,1,0,33,0,0,0,0,137,41,17,9,8,8,5,5,16,8,32,25,20,34,25,32,1,33,1788530556.072142,G1,T01,inclinazione2420,1,moving
53507,1,1,0,33,0,0,0,0,89,29,10,5,8,5,5,5,16,8,32,32,25,34,25,25,1,33,1788530556.2685997,G1,T01,inclinazione2420,1,moving
53707,1,1,0,33,0,0,0,0,421,221,8,5,8,5,8,8,16,5,25,25,18,34,25,18,1,33,1788530556.4718819,G1,T01,inclinazione2420,1,moving
53907,1,1,0,33,0,0,0,0,125,45,29,5,5,5,8,10,26,8,25,32,25,41,32,25,1,33,1788530556.6686254,G1,T01,inclinazione2420,1,moving
54107,1,1,0,33,0,0,0,0,100,26,29,5,5,5,5,8,17,8,34,32,25,34,32,25,1,33,1788530556.870495,G1,T01,inclinazione2420,1,moving
54307,1,1,0,14,0,0,0,0,1105,640,29,13,5,5,5,5,10,5,32,25,18,34,25,41,1,14,1788530557.0775397,G1,T01,inclinazione2420,1,moving
54507,1,1,0,10,0,0,0,0,5220,2080,16,10,8,8,10,5,10,5,25,25,18,34,25,41,1,10,1788530557.2687688,G1,T01,inclinazione2420,1,moving
54707,1,1,0,8,0,0,0,0,11777,3538,37,9,5,5,5,5,8,5,29,17,25,45,18,32,1,8,1788530557.4758143,G1,T01,inclinazione2420,1,moving
54907,1,1,0,8,0,0,0,0,4148,953,13,25,8,4,8,5,8,5,41,18,13,45,18,25,1,8,1788530557.6707983,G1,T01,inclinazione2420,1,moving
55107,1,1,0,8,0,0,0,0,43789,27250,25,41,5,13,8,9,5,5,25,18,25,52,25,32,1,8,1788530557.875389,G1,T01,inclinazione2420,1,moving
55307,1,1,0,8,0,0,0,0,1202,520,58,16,20,8,9,13,8,5,25,34,13,45,34,29,1,8,1788530558.0726528,G1,T01,inclinazione2420,1,moving
55507,1,1,0,8,0,0,0,0,250,109,20,40,8,5,8,13,5,5,32,25,20,45,34,34,1,8,1788530558.275222,G1,T01,inclinazione2420,1,moving
55707,1,1,0,8,0,0,0,0,853,242,20,40,5,9,5,13,5,4,32,20,20,45,34,25,1,8,1788530558.4740775,G1,T01,inclinazione2420,1,moving
55907,1,1,0,8,0,0,0,0,2057,725,20,40,5,13,5,13,8,5,32,20,13,45,34,25,1,8,1788530558.6742864,G1,T01,inclinazione2420,1,moving
56107,1,1,0,8,0,0,0,0,29858,9448,104,41,10,8,10,10,5,8,32,32,18,52,32,41,1,8,1788530558.875297,G1,T01,inclinazione2420,1,moving
56307,1,1,0,8,0,0,0,0,2834,850,130,52,13,8,10,10,5,8,18,25,18,41,32,32,1,8,1788530559.0761647,G1,T01,inclinazione2420,1,moving
56507,1,1,0,8,0,0,0,0,10513,4513,61,40,10,5,5,13,5,5,25,41,25,41,32,32,1,8,1788530559.2760773,G1,T01,inclinazione2420,1,moving
56707,1,1,0,8,0,0,0,0,37949,12781,89,32,9,10,5,9,5,8,32,32,18,45,32,32,1,8,1788530559.4771965,G1,T01,inclinazione2420,1,moving
56907,1,1,0,7,0,0,0,0,10693,2690,82,25,5,8,8,8,5,5,32,25,20,34,32,32,1,7,1788530559.6626322,G1,T01,inclinazione2420,1,moving
57107,1,1,0,7,0,0,0,0,233,101,52,41,8,18,5,9,5,8,32,18,13,25,25,32,1,7,1788530559.8760397,G1,T01,inclinazione2420,1,moving
57307,1,1,0,7,0,0,0,0,53,65,13,41,5,10,8,5,5,13,32,25,13,34,25,32,1,7,1788530560.075719,G1,T01,inclinazione2420,1,moving
57507,1,1,0,7,0,0,0,0,65,29,29,41,8,10,8,5,9,8,32,25,25,34,25,25,1,7,1788530560.2661366,G1,T01,inclinazione2420,1,moving
57707,1,1,0,7,0,0,0,0,117,50,40,25,10,10,5,8,10,8,32,20,18,34,25,25,1,7,1788530560.4768057,G1,T01,inclinazione2420,1,moving
57907,1,1,0,7,0,0,0,0,106,45,17,25,5,8,5,8,10,8,25,25,25,34,25,25,1,7,1788530560.6768396,G1,T01,inclinazione2420,1,moving
58107,1,1,0,7,0,0,0,0,221,80,26,20,5,5,8,5,9,5,32,25,25,34,32,25,1,7,1788530560.8672793,G1,T01,inclinazione2420,1,moving
58307,1,1,0,7,0,0,0,0,488,257,13,17,5,10,4,4,10,5,32,32,25,34,18,25,1,7,1788530561.0753074,G1,T01,inclinazione2420,1,moving
58507,1,1,0,7,0,0,0,0,800,353,90,20,10,5,4,5,8,5,32,25,25,41,25,32,1,7,1788530561.2668877,G1,T01,inclinazione2420,1,moving
58707,1,1,0,7,0,0,0,0,290,281,100,29,10,5,5,10,13,8,32,25,13,34,25,32,1,7,1788530561.4752865,G1,T01,inclinazione2420,1,moving
58907,1,1,0,7,0,0,0,0,229,97,68,16,10,5,5,4,13,5,32,25,25,34,41,25,1,7,1788530561.6667747,G1,T01,inclinazione2420,1,moving
59107,1,1,0,8,0,0,0,0,405,180,13,29,5,10,5,8,13,10,25,25,25,34,34,25,1,8,1788530561.8732002,G1,T01,inclinazione2420,1,moving
59307,1,1,0,8,0,0,0,0,85,104,25,50,5,10,5,8,20,8,25,25,18,34,25,25,1,8,1788530562.0664737,G1,T01,inclinazione2420,1,moving
59507,1,1,0,17,0,0,0,0,1313,545,25,34,8,10,5,5,17,5,32,25,18,34,25,25,1,17,1788530562.272514,G1,T01,inclinazione2420,1,moving
59707,1,1,0,18,0,0,0,0,680,229,50,17,8,8,5,5,10,5,41,25,25,40,32,18,1,18,1788530562.467434,G1,T01,inclinazione2420,1,moving
59907,1,1,0,23,0,0,0,0,305,397,26,13,10,5,5,5,9,8,41,25,32,34,25,25,1,23,1788530562.6714911,G1,T01,inclinazione2420,1,moving
60107,1,1,0,36,0,0,0,0,173,85,25,25,5,9,5,5,5,5,32,25,25,34,25,32,1,36,1788530562.8689287,G1,T01,inclinazione2420,1,moving
60307,1,1,0,16,0,0,0,0,116,29,20,29,5,5,10,13,18,8,32,18,25,34,32,20,1,16,1788530563.0704348,G1,T01,inclinazione2420,1,moving
60507,1,1,0,16,0,0,0,0,324,157,29,41,8,8,5,5,9,5,32,25,18,34,25,25,1,16,1788530563.2699456,G1,T01,inclinazione2420,1,moving
60707,1,1,0,30,0,0,0,0,164,122,32,32,5,8,8,8,5,5,32,25,13,34,25,32,1,30,1788530563.4702199,G1,T01,inclinazione2420,1,moving
60907,1,1,0,35,0,0,0,0,325,482,73,74,9,5,5,10,5,5,32,25,18,34,32,25,1,35,1788530563.6773589,G1,T01,inclinazione2420,1,moving
61107,1,1,0,35,0,0,0,0,106,65,41,65,9,5,5,5,8,13,32,18,18,34,25,25,1,35,1788530563.8712423,G1,T01,inclinazione2420,1,moving
61307,1,1,0,35,0,0,0,0,245,82,37,61,10,5,8,8,5,13,32,25,18,34,25,25,1,35,1788530564.0753891,G1,T01,inclinazione2420,1,moving
61507,1,1,0,29,0,0,0,0,389,85,50,25,5,10,10,5,5,5,32,25,25,25,25,25,1,29,1788530564.2722538,G1,T01,inclinazione2420,1,moving
61707,1,1,0,29,0,0,0,0,49,37,29,34,20,5,8,5,10,8,32,25,25,25,25,25,1,29,1788530564.4751925,G1,T01,inclinazione2420,1,moving
61907,1,1,0,143,0,0,0,0,90,18,45,25,8,10,5,8,10,13,41,25,18,25,34,25,1,143,1788530564.6771193,G1,T01,inclinazione2420,1,moving
62107,1,1,0,143,0,0,0,0,137,41,17,18,5,5,5,5,5,8,25,25,25,25,34,25,1,143,1788530564.8741283,G1,T01,inclinazione2420,1,moving
62307,1,1,0,143,0,0,0,0,45,10,13,26,8,13,8,10,5,10,32,25,25,41,25,25,1,143,1788530565.074741,G1,T01,inclinazione2420,1,moving
62507,1,1,0,143,0,0,0,0,149,25,17,18,13,5,13,8,10,5,25,25,25,41,25,32,1,143,1788530565.2754714,G1,T01,inclinazione2420,1,moving
62707,1,1,0,143,0,0,0,0,65,18,10,32,13,5,4,5,5,5,25,32,25,45,25,32,1,143,1788530565.4756289,G1,T01,inclinazione2420,1,moving
62907,1,1,0,143,0,0,0,0,65,25,13,25,10,9,5,5,5,8,32,32,18,34,32,25,1,143,1788530565.675626,G1,T01,inclinazione2420,1,moving
63107,1,1,0,143,0,0,0,0,65,20,10,25,10,9,8,5,5,8,32,32,18,34,32,25,1,143,1788530565.8763113,G1,T01,inclinazione2420,1,moving
63307,1,1,0,143,0,0,0,0,73,29,10,25,25,8,5,5,8,13,25,20,18,34,32,25,1,143,1788530566.0767303,G1,T01,inclinazione2420,1,moving
63507,1,1,0,143,0,0,0,0,333,106,17,41,36,13,5,9,13,8,32,25,18,34,32,18,1,143,1788530566.27676,G1,T01,inclinazione2420,1,moving
63707,1,1,0,143,0,0,0,0,153,65,17,32,17,8,5,8,17,8,25,25,25,41,25,32,1,143,1788530566.4771535,G1,T01,inclinazione2420,1,moving
63907,1,1,0,143,0,0,0,0,125,17,20,25,17,5,10,8,25,13,32,25,25,41,25,25,1,143,1788530566.6773384,G1,T01,inclinazione2420,1,moving
64107,1,1,0,143,0,0,0,0,65,68,9,32,20,9,9,8,25,5,32,25,25,34,25,32,1,143,1788530566.8776824,G1,T01,inclinazione2420,1,moving
64307,1,1,0,143,0,0,0,0,162,50,17,41,10,8,5,5,9,5,25,25,25,34,25,25,1,143,1788530567.0748634,G1,T01,inclinazione2420,1,moving
64507,1,1,0,143,0,0,0,0,109,40,16,13,20,5,5,5,5,5,25,32,25,34,25,18,1,143,1788530567.267414,G1,T01,inclinazione2420,1,moving
64707,1,1,0,143,0,0,0,0,65,20,17,32,16,5,8,8,5,8,18,25,18,34,32,18,1,143,1788530567.4756794,G1,T01,inclinazione2420,1,moving
64907,1,1,0,143,0,0,0,0,53,16,20,25,20,20,5,4,9,5,32,25,18,34,25,32,1,143,1788530567.6673677,G1,T01,inclinazione2420,1,moving
65107,1,1,0,143,0,0,0,0,53,32,16,25,26,25,8,5,9,5,32,25,18,34,25,32,1,143,1788530567.8755643,G1,T01,inclinazione2420,1,moving
65307,1,1,0,143,0,0,0,0,37,29,25,20,10,5,10,10,10,5,32,18,18,34,25,25,1,143,1788530568.0678456,G1,T01,inclinazione2420,1,moving
65507,1,1,0,143,0,0,0,0,49,41,25,20,10,5,8,5,10,8,25,18,18,34,25,25,1,143,1788530568.2758071,G1,T01,inclinazione2420,1,moving
65707,1,1,0,143,0,0,0,0,45,36,10,25,13,13,8,8,10,5,25,18,18,34,25,32,1,143,1788530568.4670613,G1,T01,inclinazione2420,1,moving
65907,1,1,0,143,0,0,0,0,157,61,18,25,8,5,5,5,20,5,25,25,18,34,32,18,1,143,1788530568.6747806,G1,T01,inclinazione2420,1,moving
66107,1,1,0,143,0,0,0,0,53,17,18,25,34,8,5,4,17,5,25,18,13,34,25,32,1,143,1788530568.866425,G1,T01,inclinazione2420,1,moving
66307,1,1,0,143,0,0,0,0,80,25,18,18,16,8,5,5,17,5,32,32,25,34,25,25,1,143,1788530569.0737574,G1,T01,inclinazione2420,1,moving
66507,1,1,0,143,0,0,0,0,185,65,13,41,13,8,5,5,17,5,32,25,18,34,25,25,1,143,1788530569.2650163,G1,T01,inclinazione2420,1,moving
66707,1,1,0,143,0,0,0,0,100,36,18,32,8,9,8,5,8,5,32,25,34,34,25,25,1,143,1788530569.473021,G1,T01,inclinazione2420,1,moving
66907,1,1,0,143,0,0,0,0,117,29,18,20,10,20,8,9,20,5,25,18,29,41,34,18,1,143,1788530569.6656482,G1,T01,inclinazione2420,1,moving
67107,1,1,0,143,0,0,0,0,149,29,9,18,13,20,9,8,8,8,41,18,20,41,25,32,1,143,1788530569.8729258,G1,T01,inclinazione2420,1,moving
67307,1,1,0,143,0,0,0,0,85,58,13,41,13,8,5,5,5,5,25,32,20,34,32,25,1,143,1788530570.063582,G1,T01,inclinazione2420,1,moving
67507,1,1,0,143,0,0,0,0,101,34,18,25,8,13,13,8,10,8,32,25,25,45,32,32,1,143,1788530570.2705147,G1,T01,inclinazione2420,1,moving
67707,1,1,0,143,0,0,0,0,65,17,13,18,13,5,4,10,9,8,25,25,18,34,32,32,1,143,1788530570.477805,G1,T01,inclinazione2420,1,moving
67907,1,1,0,143,0,0,0,0,244,113,25,20,10,8,8,5,9,5,32,25,25,34,25,32,1,143,1788530570.6691296,G1,T01,inclinazione2420,1,moving
68107,1,1,0,143,0,0,0,0,52,26,18,13,5,8,9,13,10,5,34,25,18,34,18,25,1,143,1788530570.8769538,G1,T01,inclinazione2420,1,moving
68307,1,1,0,143,0,0,0,0,89,29,13,10,13,8,5,8,20,8,25,25,25,41,25,18,1,143,1788530571.0691702,G1,T01,inclinazione2420,1,moving
68507,1,1,0,143,0,0,0,0,130,61,13,32,13,5,5,8,20,10,25,25,25,41,20,25,1,143,1788530571.2769608,G1,T01,inclinazione2420,1,moving
68707,1,1,0,143,0,0,0,0,29,20,13,20,13,8,5,8,5,5,25,25,18,41,25,25,1,143,1788530571.469314,G1,T01,inclinazione2420,1,moving
68907,1,1,0,143,0,0,0,0,104,85,18,13,9,5,5,10,10,5,18,20,18,34,25,25,1,143,1788530571.6768858,G1,T01,inclinazione2420,1,moving
69107,1,1,0,143,0,0,0,0,65,37,18,18,5,10,8,5,8,5,25,32,18,29,25,25,1,143,1788530571.869542,G1,T01,inclinazione2420,1,moving
69307,1,1,0,143,0,0,0,0,58,26,20,18,8,8,5,8,10,5,32,32,25,34,18,25,1,143,1788530572.0778885,G1,T01,inclinazione2420,1,moving
69507,1,1,0,143,0,0,0,0,125,26,25,17,20,5,4,5,8,5,32,32,25,34,25,25,1,143,1788530572.2696538,G1,T01,inclinazione2420,1,moving
69707,1,1,0,143,0,0,0,0,136,58,25,17,8,5,5,5,13,5,32,25,25,34,25,18,1,143,1788530572.4770734,G1,T01,inclinazione2420,1,moving
69907,1,1,0,143,0,0,0,0,73,45,18,10,13,5,5,5,9,8,32,32,25,34,25,25,1,143,1788530572.6686404,G1,T01,inclinazione2420,1,moving
70107,1,1,0,143,0,0,0,0,313,113,18,25,16,9,8,5,10,9,41,25,18,34,25,25,1,143,1788530572.8757658,G1,T01,inclinazione2420,1,moving
70307,1,1,0,143,0,0,0,0,145,74,8,34,8,10,5,10,10,5,32,25,25,41,25,25,1,143,1788530573.067396,G1,T01,inclinazione2420,1,moving
70507,1,1,0,143,0,0,0,0,34,13,13,13,8,8,5,4,16,5,25,18,20,41,25,25,1,143,1788530573.2752075,G1,T01,inclinazione2420,1,moving
70707,1,1,0,143,0,0,0,0,73,29,13,20,5,13,5,5,20,5,25,18,25,41,25,25,1,143,1788530573.466446,G1,T01,inclinazione2420,1,moving
70907,1,1,0,143,0,0,0,0,122,45,25,18,9,8,8,10,20,10,32,18,25,34,32,20,1,143,1788530573.6728675,G1,T01,inclinazione2420,1,moving
71107,1,1,0,143,0,0,0,0,109,36,13,13,10,5,5,5,13,8,25,18,25,34,32,25,1,143,1788530573.864497,G1,T01,inclinazione2420,1,moving
71307,1,1,0,143,0,0,0,0,74,17,9,25,10,5,8,10,10,8,25,18,25,41,25,25,1,143,1788530574.0723975,G1,T01,inclinazione2420,1,moving
71507,1,1,0,143,0,0,0,0,90,41,5,25,5,5,5,5,8,5,32,25,25,41,25,32,1,143,1788530574.2635975,G1,T01,inclinazione2420,1,moving
71707,1,1,0,143,0,0,0,0,130,52,13,25,5,10,13,8,26,8,41,25,25,34,25,32,1,143,1788530574.4712472,G1,T01,inclinazione2420,1,moving
71907,1,1,0,143,0,0,0,0,45,25,13,18,5,5,8,5,5,8,32,20,18,34,32,25,1,143,1788530574.663265,G1,T01,inclinazione2420,1,moving
72107,1,1,0,143,0,0,0,0,58,13,13,25,17,8,8,5,5,8,41,25,18,34,25,25,1,143,1788530574.8696377,G1,T01,inclinazione2420,1,moving
72307,1,1,0,143,0,0,0,0,202,65,18,13,5,8,5,8,20,5,25,18,18,34,25,18,1,143,1788530575.077552,G1,T01,inclinazione2420,1,moving
72507,1,1,0,143,0,0,0,0,109,52,18,8,20,5,10,5,9,5,32,25,18,50,25,25,1,143,1788530575.268773,G1,T01,inclinazione2420,1,moving
72707,1,1,0,143,0,0,0,0,117,45,29,20,5,5,5,10,17,5,32,32,32,41,25,25,1,143,1788530575.476498,G1,T01,inclinazione2420,1,moving
72907,1,1,0,143,0,0,0,0,130,53,18,13,10,5,8,13,20,8,25,32,25,32,25,25,1,143,1788530575.6677847,G1,T01,inclinazione2420,1,moving
73107,1,1,0,143,0,0,0,0,50,13,18,18,8,5,5,13,13,8,32,32,25,34,25,25,1,143,1788530575.875797,G1,T01,inclinazione2420,1,moving
73307,1,1,0,143,0,0,0,0,232,153,10,41,20,20,4,10,20,8,32,25,18,34,32,25,1,143,1788530576.067176,G1,T01,inclinazione2420,1,moving
73507,1,1,0,143,0,0,0,0,64,17,8,13,8,10,8,10,9,5,32,25,20,34,25,32,1,143,1788530576.2756238,G1,T01,inclinazione2420,1,moving
73707,1,1,0,143,0,0,0,0,164,45,8,32,8,10,5,5,9,5,32,25,25,41,25,25,1,143,1788530576.4662256,G1,T01,inclinazione2420,1,moving
73907,1,1,0,143,0,0,0,0,90,53,13,20,10,10,8,5,17,8,32,25,25,41,25,32,1,143,1788530576.6727881,G1,T01,inclinazione2420,1,moving
74107,1,1,0,143,0,0,0,0,85,18,13,17,10,13,8,13,9,13,32,25,18,34,25,32,1,143,1788530576.8650172,G1,T01,inclinazione2420,1,moving
74307,1,1,0,143,0,0,0,0,122,36,9,13,10,13,8,5,9,5,32,18,18,34,25,25,1,143,1788530577.072726,G1,T01,inclinazione2420,1,moving
74507,1,1,0,143,0,0,0,0,85,34,10,25,10,8,5,5,9,5,32,18,18,34,25,25,1,143,1788530577.265668,G1,T01,inclinazione2420,1,moving
74707,1,1,0,143,0,0,0,0,65,29,9,18,9,5,5,8,9,8,25,25,25,34,18,41,1,143,1788530577.4769552,G1,T01,inclinazione2420,1,moving
74907,1,1,0,143,0,0,0,0,65,25,9,20,5,5,5,5,5,5,25,25,25,29,32,41,1,143,1788530577.664265,G1,T01,inclinazione2420,1,moving
75107,1,1,0,143,0,0,0,0,185,80,18,13,13,5,5,8,16,8,32,34,32,41,25,25,1,143,1788530577.8719249,G1,T01,inclinazione2420,1,moving
75307,1,1,0,143,0,0,0,0,109,64,18,20,8,5,8,8,16,5,18,32,25,34,32,25,1,143,1788530578.064723,G1,T01,inclinazione2420,1,moving
75507,1,1,0,143,0,0,0,0,130,52,13,16,18,9,10,10,16,5,25,18,25,34,25,18,1,143,1788530578.271288,G1,T01,inclinazione2420,1,moving
75707,1,1,0,143,0,0,0,0,146,45,25,29,8,9,9,5,16,8,25,25,18,34,25,25,1,143,1788530578.4624276,G1,T01,inclinazione2420,1,moving
75907,1,1,0,143,0,0,0,0,58,18,18,18,8,5,5,8,10,5,25,25,18,34,34,25,1,143,1788530578.6719816,G1,T01,inclinazione2420,1,moving
76107,1,1,0,143,0,0,0,0,170,18,18,18,5,5,5,5,10,8,32,32,25,34,32,25,1,143,1788530578.8626518,G1,T01,inclinazione2420,1,moving
76307,1,1,0,143,0,0,0,0,89,18,18,13,17,5,5,5,10,5,32,32,25,34,32,18,1,143,1788530579.0706637,G1,T01,inclinazione2420,1,moving
76507,1,1,0,143,0,0,0,0,50,17,13,8,5,8,5,8,10,5,25,32,25,34,25,32,1,143,1788530579.2780726,G1,T01,inclinazione2420,1,moving
76707,1,1,0,143,0,0,0,0,178,34,9,34,13,18,5,5,13,10,18,34,25,34,25,25,1,143,1788530579.4696841,G1,T01,inclinazione2420,1,moving
76907,1,1,0,143,0,0,0,0,100,58,13,32,8,9,8,5,10,5,25,25,18,34,25,32,1,143,1788530579.6781554,G1,T01,inclinazione2420,1,moving
77107,1,1,0,143,0,0,0,0,50,17,18,32,13,13,10,2,5,8,25,25,18,34,32,18,1,143,1788530579.869633,G1,T01,inclinazione2420,1,moving
77307,1,1,0,143,0,0,0,0,197,40,13,13,5,8,10,10,5,5,25,32,25,34,32,18,1,143,1788530580.0766904,G1,T01,inclinazione2420,1,moving
77507,1,1,0,143,0,0,0,0,25,13,25,13,8,5,5,8,10,5,25,32,20,34,32,18,1,143,1788530580.2697353,G1,T01,inclinazione2420,1,moving
77707,1,1,0,143,0,0,0,0,109,61,18,18,8,5,5,5,13,5,25,25,18,34,25,32,1,143,1788530580.476821,G1,T01,inclinazione2420,1,moving
77907,1,1,0,143,0,0,0,0,32,50,13,25,17,5,8,8,20,5,25,25,18,34,25,25,1,143,1788530580.667962,G1,T01,inclinazione2420,1,moving
78107,1,1,0,143,0,0,0,1,41,17,8,34,8,10,5,10,16,5,32,25,18,34,25,25,1,143,1788530580.877623,G1,T01,inclinazione2420,1,moving
78307,1,1,0,143,0,0,0,0,361,145,8,34,13,10,5,8,16,5,32,18,13,34,25,25,1,143,1788530581.0684445,G1,T01,inclinazione2420,1,moving
78507,1,1,0,143,0,0,0,0,160,82,13,25,8,5,8,8,17,5,32,18,18,25,25,25,1,143,1788530581.276026,G1,T01,inclinazione2420,1,moving
78707,1,1,0,143,0,0,0,0,137,52,18,20,10,8,8,5,10,5,32,32,25,34,18,25,1,143,1788530581.4672053,G1,T01,inclinazione2420,1,moving
78907,1,1,0,143,0,0,0,0,26,10,13,20,13,17,8,5,10,8,32,32,25,34,18,32,1,143,1788530581.6747,G1,T01,inclinazione2420,1,moving
79107,1,1,0,143,0,0,0,0,26,17,18,18,8,10,5,5,10,10,32,25,25,34,18,25,1,143,1788530581.86646,G1,T01,inclinazione2420,1,moving
79307,1,1,0,143,0,0,0,0,145,72,13,18,8,9,8,8,5,13,25,25,25,34,25,25,1,143,1788530582.0743897,G1,T01,inclinazione2420,1,moving
79507,1,1,0,143,0,0,0,0,169,34,13,25,8,13,10,5,9,5,25,32,25,34,32,25,1,143,1788530582.2660813,G1,T01,inclinazione2420,1,moving
79707,1,1,0,143,0,0,0,0,36,10,13,13,9,8,5,5,10,8,25,32,25,52,18,25,1,143,1788530582.4777095,G1,T01,inclinazione2420,1,moving
79907,1,1,0,143,0,0,0,0,74,41,18,13,8,8,5,5,5,5,25,25,25,45,18,32,1,143,1788530582.665235,G1,T01,inclinazione2420,1,moving
80107,1,1,0,143,0,0,0,0,65,20,18,13,10,8,8,8,5,5,25,25,20,41,18,32,1,143,1788530582.8731215,G1,T01,inclinazione2420,1,moving
80307,1,1,0,143,0,0,0,0,72,16,13,25,10,10,5,13,17,5,25,18,20,41,25,18,1,143,1788530583.064859,G1,T01,inclinazione2420,1,moving
80507,1,1,0,143,0,0,0,0,202,68,13,25,8,5,10,13,20,8,32,32,34,34,18,25,1,143,1788530583.2728722,G1,T01,inclinazione2420,1,moving
80707,1,1,0,143,0,0,0,0,58,13,18,18,10,8,5,5,10,5,41,25,18,52,18,25,1,143,1788530583.4642725,G1,T01,inclinazione2420,1,moving
80907,1,1,0,143,0,0,0,0,65,29,10,18,16,5,8,5,10,5,25,18,18,34,25,25,1,143,1788530583.6704063,G1,T01,inclinazione2420,1,moving
81107,1,1,0,143,0,0,0,0,85,58,13,18,9,5,5,8,16,5,32,18,25,34,25,32,1,143,1788530583.877999,G1,T01,inclinazione2420,1,moving
81307,1,1,0,143,0,0,0,0,29,41,10,25,13,9,5,10,17,8,32,18,25,25,25,18,1,143,1788530584.0694492,G1,T01,inclinazione2420,1,moving
81507,1,1,0,143,0,0,0,0,37,13,25,25,16,13,8,5,5,5,25,18,25,41,25,18,1,143,1788530584.2761142,G1,T01,inclinazione2420,1,moving
81707,1,1,0,143,0,0,0,0,85,20,13,13,5,8,5,5,5,8,25,25,25,34,25,25,1,143,1788530584.4680617,G1,T01,inclinazione2420,1,moving
81907,1,1,0,143,0,0,0,0,61,25,13,18,5,5,8,9,10,8,25,25,25,34,25,25,1,143,1788530584.6769142,G1,T01,inclinazione2420,1,moving
82107,1,1,0,143,0,0,0,0,82,37,18,13,5,9,10,5,16,10,25,25,25,25,25,25,1,143,1788530584.8672664,G1,T01,inclinazione2420,1,moving
82307,1,1,0,143,0,0,0,0,82,50,13,20,8,8,5,8,17,8,25,18,18,34,25,32,1,143,1788530585.0746005,G1,T01,inclinazione2420,1,moving
82507,1,1,0,143,0,0,0,0,41,13,13,25,17,10,8,5,10,8,25,25,18,25,18,32,1,143,1788530585.267616,G1,T01,inclinazione2420,1,moving
82707,1,1,0,143,0,0,0,0,116,20,18,10,5,8,5,9,20,8,34,25,25,32,25,32,1,143,1788530585.4746192,G1,T01,inclinazione2420,1,moving
82907,1,1,0,143,0,0,0,0,90,37,18,18,10,5,5,10,29,10,34,25,18,25,25,25,1,143,1788530585.6662638,G1,T01,inclinazione2420,1,moving
83107,1,1,0,143,0,0,0,0,160,45,9,25,10,5,10,8,17,5,25,18,25,41,25,25,1,143,1788530585.8736737,G1,T01,inclinazione2420,1,moving
83307,1,1,0,143,0,0,0,0,65,29,10,25,8,5,8,10,10,8,32,18,25,34,25,25,1,143,1788530586.0651066,G1,T01,inclinazione2420,1,moving
83507,1,1,0,143,0,0,0,0,52,26,18,8,5,13,5,5,10,10,32,18,25,34,25,25,1,143,1788530586.2727277,G1,T01,inclinazione2420,1,moving
83707,1,1,0,143,0,0,0,0,82,20,13,20,8,10,8,13,9,5,32,18,25,34,18,32,1,143,1788530586.4649053,G1,T01,inclinazione2420,1,moving
83907,1,1,0,143,0,0,0,0,61,50,13,29,10,13,8,8,10,5,25,18,25,34,25,25,1,143,1788530586.6724641,G1,T01,inclinazione2420,1,moving
84107,1,1,0,143,0,0,0,0,64,20,18,18,10,18,8,5,8,5,25,13,18,41,25,25,1,143,1788530586.8644829,G1,T01,inclinazione2420,1,moving
84307,1,1,0,143,0,0,0,0,116,58,18,25,9,5,5,5,5,8,32,20,25,41,25,18,1,143,1788530587.07059,G1,T01,inclinazione2420,1,moving
84507,1,1,0,143,0,0,0,0,74,29,10,25,10,4,8,2,10,13,32,25,25,41,18,25,1,143,1788530587.2779038,G1,T01,inclinazione2420,1,moving
84707,1,1,0,143,0,0,0,0,45,17,8,32,13,9,5,8,5,5,32,25,25,41,18,34,1,143,1788530587.470995,G1,T01,inclinazione2420,1,moving
84907,1,1,0,143,0,0,0,0,53,17,9,32,9,8,9,5,8,5,32,25,25,41,25,18,1,143,1788530587.6780055,G1,T01,inclinazione2420,1,moving
85107,1,1,0,143,0,0,0,0,32,13,17,18,8,9,5,8,20,8,32,18,25,50,25,18,1,143,1788530587.8698869,G1,T01,inclinazione2420,1,moving
85307,1,1,0,143,0,0,0,0,169,25,25,18,5,5,9,8,20,10,32,25,25,52,25,18,1,143,1788530588.0764189,G1,T01,inclinazione2420,1,moving
85507,1,1,0,143,0,0,0,0,58,32,18,25,10,5,5,5,10,8,32,18,20,34,18,32,1,143,1788530588.266944,G1,T01,inclinazione2420,1,moving
85707,1,1,0,143,0,0,0,0,26,37,18,25,5,5,5,8,8,8,25,18,25,45,18,32,1,143,1788530588.4738684,G1,T01,inclinazione2420,1,moving
85907,1,1,0,143,0,0,0,0,170,64,18,25,8,5,5,5,20,8,25,32,25,34,18,32,1,143,1788530588.6655962,G1,T01,inclinazione2420,1,moving
86107,1,1,0,143,0,0,0,0,145,25,10,18,8,10,5,5,17,8,25,25,25,25,25,25,1,143,1788530588.8732393,G1,T01,inclinazione2420,1,moving
86307,1,1,0,143,0,0,0,0,101,26,18,18,8,13,8,5,13,8,32,25,18,34,25,34,1,143,1788530589.0646198,G1,T01,inclinazione2420,1,moving
86507,1,1,0,143,0,0,0,0,197,58,18,18,5,8,5,5,5,8,25,25,18,34,32,25,1,143,1788530589.27233,G1,T01,inclinazione2420,1,moving
86707,1,1,0,143,0,0,0,0,101,25,8,18,8,8,5,5,9,5,34,25,18,34,32,25,1,143,1788530589.4644694,G1,T01,inclinazione2420,1,moving
86907,1,1,0,143,0,0,0,0,85,50,10,10,20,5,5,5,10,8,25,25,18,25,34,20,1,143,1788530589.6720812,G1,T01,inclinazione2420,1,moving
87107,1,1,0,143,0,0,0,0,53,29,16,18,13,5,5,8,5,8,25,25,18,25,25,18,1,143,1788530589.86392,G1,T01,inclinazione2420,1,moving
87307,1,1,0,143,0,0,0,0,41,18,13,18,5,5,5,8,17,10,32,25,25,34,25,25,1,143,1788530590.07089,G1,T01,inclinazione2420,1,moving
87507,1,1,0,143,0,0,0,0,58,9,10,25,8,10,13,13,20,13,32,25,25,41,25,25,1,143,1788530590.263424,G1,T01,inclinazione2420,1,moving
87707,1,1,0,143,0,0,0,0,212,29,13,13,8,9,10,5,20,13,32,25,25,41,25,25,1,143,1788530590.4713988,G1,T01,inclinazione2420,1,moving
87907,1,1,0,143,0,0,0,0,113,40,10,18,13,8,8,5,10,8,32,25,25,41,25,25,1,143,1788530590.663269,G1,T01,inclinazione2420,1,moving
88107,1,1,0,143,0,0,0,0,82,40,20,13,5,4,5,5,10,10,32,25,18,34,25,25,1,143,1788530590.8708215,G1,T01,inclinazione2420,1,moving
88307,1,1,0,3,0,0,0,0,164,85,13,13,10,5,4,5,13,10,32,25,18,34,25,32,1,3,1788530591.0633357,G1,T01,inclinazione2420,1,moving
88507,1,1,0,3,0,0,0,0,58,41,10,25,8,5,5,5,9,9,41,25,18,34,25,32,1,3,1788530591.271123,G1,T01,inclinazione2420,1,moving
88707,1,1,0,3,0,0,0,0,130,25,9,25,10,8,4,4,10,10,41,25,18,32,18,32,1,3,1788530591.4637187,G1,T01,inclinazione2420,1,moving
88907,1,1,0,3,0,0,0,0,68,25,8,25,13,5,8,5,10,5,32,18,18,34,25,25,1,3,1788530591.6706102,G1,T01,inclinazione2420,1,moving
89107,1,1,0,3,0,0,0,0,170,73,8,20,13,5,8,4,9,9,25,18,18,34,25,18,1,3,1788530591.8780775,G1,T01,inclinazione2420,1,moving
89307,1,1,0,3,0,0,0,0,162,34,8,25,18,8,9,8,5,5,32,18,25,34,25,32,1,3,1788530592.0707092,G1,T01,inclinazione2420,1,moving
89507,1,1,0,3,0,0,0,0,73,20,10,10,10,10,9,8,10,10,32,25,25,34,25,32,1,3,1788530592.2784631,G1,T01,inclinazione2420,1,moving
89707,1,1,0,3,0,0,0,0,52,17,9,13,5,8,5,13,20,5,41,25,25,34,25,32,1,3,1788530592.4696872,G1,T01,inclinazione2420,1,moving
89907,1,1,0,3,0,0,0,0,101,29,8,25,8,8,5,8,16,8,25,25,18,34,25,25,1,3,1788530592.6781895,G1,T01,inclinazione2420,1,moving
90107,1,1,0,3,0,0,0,0,73,34,13,20,9,10,5,5,16,8,41,18,10,25,25,32,1,3,1788530592.871487,G1,T01,inclinazione2420,1,moving
90307,1,1,0,3,0,0,0,0,53,45,17,20,8,10,5,8,8,9,32,18,18,34,25,25,1,3,1788530593.07719,G1,T01,inclinazione2420,1,moving
90507,1,1,0,3,0,0,0,0,90,65,17,20,8,10,8,8,17,8,32,32,25,34,25,32,1,3,1788530593.2692387,G1,T01,inclinazione2420,1,moving
90707,1,1,0,3,0,0,0,0,26,13,13,13,5,5,5,2,20,8,41,18,18,34,25,25,1,3,1788530593.4762995,G1,T01,inclinazione2420,1,moving
90907,1,1,0,3,0,0,0,0,97,26,13,34,16,13,8,5,13,8,32,25,25,34,25,18,1,3,1788530593.6674166,G1,T01,inclinazione2420,1,moving
91107,1,1,0,3,0,0,0,0,170,90,20,18,10,8,5,5,16,8,25,25,18,34,18,25,1,3,1788530593.8756547,G1,T01,inclinazione2420,1,moving
91307,1,1,0,3,0,0,0,0,49,13,13,20,10,8,8,5,17,8,25,25,18,34,18,25,1,3,1788530594.0686235,G1,T01,inclinazione2420,1,moving
91507,1,1,0,3,0,0,0,0,229,45,10,20,10,5,8,5,5,8,25,13,18,34,18,32,1,3,1788530594.2754207,G1,T01,inclinazione2420,1,moving
91707,1,1,0,3,0,0,0,0,125,25,10,25,9,9,5,5,10,8,32,25,18,25,25,32,1,3,1788530594.4676485,G1,T01,inclinazione2420,1,moving
91907,1,1,0,3,0,0,0,0,97,26,5,18,10,5,8,8,17,13,32,25,25,32,25,32,1,3,1788530594.6748154,G1,T01,inclinazione2420,1,moving
92107,1,1,0,3,0,0,0,0,58,17,5,18,10,9,8,8,20,9,32,25,25,41,25,32,1,3,1788530594.8756068,G1,T01,inclinazione2420,1,moving
92307,1,1,0,3,0,0,0,0,52,18,5,13,5,10,8,5,9,10,32,25,25,52,18,32,1,3,1788530595.073232,G1,T01,inclinazione2420,1,moving
92507,1,1,0,3,0,0,0,0,80,18,13,13,5,9,5,5,13,5,32,25,20,41,18,32,1,3,1788530595.2765546,G1,T01,inclinazione2420,1,moving
92707,1,1,0,3,0,0,0,0,45,50,10,18,10,5,8,5,20,8,25,32,20,41,25,25,1,3,1788530595.4745076,G1,T01,inclinazione2420,1,moving
92907,1,1,0,3,0,0,0,0,136,40,10,13,10,16,9,5,9,9,25,32,20,41,32,25,1,3,1788530595.6740322,G1,T01,inclinazione2420,1,moving
93107,1,1,0,3,0,0,0,0,125,37,13,25,5,5,5,5,9,5,18,32,25,41,25,32,1,3,1788530595.8744152,G1,T01,inclinazione2420,1,moving
93307,1,1,0,3,0,0,0,0,106,25,8,17,10,10,5,5,5,5,25,25,25,41,25,25,1,3,1788530596.074279,G1,T01,inclinazione2420,1,moving
93507,1,1,0,3,0,0,0,0,145,20,13,29,13,5,5,8,29,13,25,25,18,45,25,25,1,3,1788530596.2742014,G1,T01,inclinazione2420,1,moving
93707,1,1,0,3,0,0,0,0,218,52,8,25,10,10,9,5,9,9,32,25,18,41,32,25,1,3,1788530596.474279,G1,T01,inclinazione2420,1,moving
93907,1,1,0,3,0,0,0,0,26,10,13,25,9,10,9,8,13,8,32,25,18,41,25,20,1,3,1788530596.6740377,G1,T01,inclinazione2420,1,moving
94107,1,1,0,3,0,0,0,0,136,29,13,25,5,8,5,13,26,8,32,18,18,41,20,32,1,3,1788530596.8742666,G1,T01,inclinazione2420,1,moving
94307,1,1,0,3,0,0,0,0,146,65,8,20,13,8,5,5,16,5,32,18,18,34,25,32,1,3,1788530597.0741863,G1,T01,inclinazione2420,1,moving
94507,1,1,0,3,0,0,0,0,85,73,9,18,13,8,13,8,10,8,41,20,18,25,34,25,1,3,1788530597.2740343,G1,T01,inclinazione2420,1,moving
94707,1,1,0,1,0,0,0,0,109,20,9,18,5,5,5,5,8,8,41,20,18,34,25,32,1,1,1788530597.4743347,G1,T01,inclinazione2420,1,moving
94907,1,1,0,1,0,0,0,0,72,29,13,18,9,13,8,8,10,13,41,25,20,34,32,25,1,1,1788530597.674303,G1,T01,inclinazione2420,1,moving
95107,1,1,0,1,0,0,0,0,64,29,5,25,10,13,8,8,10,8,41,25,25,34,32,18,1,1,1788530597.8745282,G1,T01,inclinazione2420,1,moving
95307,1,1,0,1,0,0,0,0,89,32,16,25,9,10,9,8,10,8,32,32,25,34,25,13,1,1,1788530598.0745497,G1,T01,inclinazione2420,1,moving
95507,1,1,0,1,0,0,0,0,41,25,17,18,10,8,10,13,5,5,32,32,25,34,25,32,1,1,1788530598.274448,G1,T01,inclinazione2420,1,moving
95707,1,1,0,1,0,0,0,0,72,20,13,13,9,5,5,10,8,8,41,32,25,34,25,25,1,1,1788530598.4742591,G1,T01,inclinazione2420,1,moving
95907,1,1,0,1,0,0,0,0,128,58,25,13,5,10,8,5,4,5,32,32,18,34,25,25,1,1,1788530598.674311,G1,T01,inclinazione2420,1,moving
96107,1,1,0,117,0,0,0,0,65,58,50,8,5,8,5,5,8,9,32,32,25,41,25,32,1,117,1788530598.875163,G1,T01,inclinazione2420,1,moving
96307,1,1,0,81,0,0,0,0,113,125,85,10,8,5,5,5,5,5,41,25,25,34,25,32,1,81,1788530599.0765011,G1,T01,inclinazione2420,1,moving
96507,1,1,0,83,0,0,0,0,34,82,50,8,10,5,5,5,10,10,41,32,25,41,25,32,1,83,1788530599.2775931,G1,T01,inclinazione2420,1,moving
96707,1,1,0,81,0,0,0,0,245,117,58,20,5,9,9,10,10,5,25,32,13,25,25,25,1,81,1788530599.4773736,G1,T01,inclinazione2420,1,moving
96907,1,1,0,74,0,0,0,0,65,202,68,41,10,5,8,10,5,5,32,25,13,34,32,25,1,74,1788530599.6730356,G1,T01,inclinazione2420,1,moving
97107,1,1,0,62,0,0,0,0,450,625,74,9,4,8,13,5,10,5,32,32,20,41,32,18,1,62,1788530599.8630035,G1,T01,inclinazione2420,1,moving
97307,1,1,0,61,0,0,0,0,136,173,29,9,8,5,8,8,10,8,20,32,25,41,25,25,1,61,1788530600.0701513,G1,T01,inclinazione2420,1,moving
97507,1,1,0,53,0,0,0,0,586,452,25,13,5,8,8,8,10,9,41,18,20,41,25,18,1,53,1788530600.2773755,G1,T01,inclinazione2420,1,moving
97707,1,1,0,42,0,0,0,0,3796,2192,53,13,9,5,5,8,17,8,32,18,20,41,25,25,1,42,1788530600.4683442,G1,T01,inclinazione2420,1,moving
97907,1,1,0,30,0,0,0,0,452,353,25,8,5,5,5,8,8,8,32,18,18,34,25,25,1,30,1788530600.6750493,G1,T01,inclinazione2420,1,moving
98107,1,1,0,30,0,0,0,0,160,52,10,13,9,5,5,5,5,8,32,25,18,34,25,18,1,30,1788530600.8671772,G1,T01,inclinazione2420,1,moving
98307,1,1,0,9,0,0,0,0,873,468,40,13,13,9,5,13,34,8,32,25,25,41,25,18,1,9,1788530601.0742888,G1,T01,inclinazione2420,1,moving
98507,1,1,0,9,0,0,0,0,625,260,26,13,18,10,5,13,45,8,32,25,25,34,25,25,1,9,1788530601.2666678,G1,T01,inclinazione2420,1,moving
98707,1,1,0,9,0,0,0,0,845,340,10,13,10,5,10,13,18,9,25,25,18,45,25,25,1,9,1788530601.473829,G1,T01,inclinazione2420,1,moving
98907,1,1,0,9,0,0,0,0,850,369,26,8,10,5,5,18,25,10,34,25,18,34,32,25,1,9,1788530601.663904,G1,T01,inclinazione2420,1,moving
99107,1,1,0,9,0,0,0,0,125,61,8,13,8,8,9,13,32,13,32,25,18,34,25,25,1,9,1788530601.871549,G1,T01,inclinazione2420,1,moving
99307,1,1,0,9,0,0,0,0,260,128,5,29,5,8,13,13,32,13,32,32,25,34,25,25,1,9,1788530602.078867,G1,T01,inclinazione2420,1,moving
99507,1,1,0,9,0,0,0,0,50,50,5,10,8,8,5,13,41,13,32,25,25,41,18,25,1,9,1788530602.2708623,G1,T01,inclinazione2420,1,moving
99707,1,1,0,9,0,0,0,0,205,65,9,13,5,5,17,13,41,9,32,32,13,34,25,25,1,9,1788530602.4781575,G1,T01,inclinazione2420,1,moving
99907,1,1,0,9,0,0,0,0,194,109,25,9,5,8,5,13,41,13,41,32,20,34,32,20,1,9,1788530602.6700392,G1,T01,inclinazione2420,1,moving
100107,1,1,0,4,0,0,0,0,1585,377,10,25,5,5,9,13,32,8,32,32,20,34,25,25,1,4,1788530602.8789518,G1,T01,inclinazione2420,1,moving
100307,1,1,0,4,0,0,0,0,445,185,13,20,5,8,13,13,32,8,25,25,20,34,25,25,1,4,1788530603.0706146,G1,T01,inclinazione2420,1,moving
100507,1,1,0,4,0,0,0,0,2890,1201,13,13,8,5,5,13,25,10,41,25,25,25,32,25,1,4,1788530603.278523,G1,T01,inclinazione2420,1,moving
100707,1,1,0,4,0,0,0,0,4033,1037,25,8,8,10,9,25,25,8,41,25,25,25,32,25,1,4,1788530603.4698641,G1,T01,inclinazione2420,1,moving
100907,1,1,0,4,0,0,0,0,2196,625,65,8,13,5,10,25,41,13,32,25,25,41,25,25,1,4,1788530603.6774778,G1,T01,inclinazione2420,1,moving
101107,1,1,0,4,0,0,0,0,21061,5933,65,9,10,18,13,8,32,5,32,34,25,41,34,25,1,4,1788530603.8692129,G1,T01,inclinazione2420,1,moving
101307,1,1,0,4,0,0,0,0,5618,1700,40,13,9,20,8,5,8,5,25,25,25,34,32,25,1,4,1788530604.0764503,G1,T01,inclinazione2420,1,moving
101507,1,1,0,4,0,0,0,0,1864,490,40,25,9,8,5,8,13,8,32,25,25,25,25,32,1,4,1788530604.2667592,G1,T01,inclinazione2420,1,moving
101707,1,1,0,4,0,0,0,0,625,221,13,26,13,8,10,5,5,8,32,25,25,20,25,32,1,4,1788530604.4735758,G1,T01,inclinazione2420,1,moving
101907,1,1,0,4,0,0,0,0,305,116,8,16,5,10,5,9,5,5,41,18,25,34,32,34,1,4,1788530604.667934,G1,T01,inclinazione2420,1,moving
102107,1,1,0,4,0,0,0,0,35785,12505,97,13,8,5,8,5,4,5,41,25,18,52,25,25,1,4,1788530604.8736145,G1,T01,inclinazione2420,1,moving
102307,1,1,0,35,0,0,0,0,212,125,68,8,8,10,5,8,5,5,32,18,25,41,25,25,1,35,1788530605.069326,G1,T01,inclinazione2420,1,moving
102507,1,1,0,35,0,0,0,0,14929,5508,17,5,5,20,5,13,16,8,41,25,20,34,32,41,1,35,1788530605.2715523,G1,T01,inclinazione2420,1,moving
102707,1,1,0,35,0,0,0,0,4580,1618,32,8,10,9,5,9,5,5,50,34,20,45,32,29,1,35,1788530605.4775765,G1,T01,inclinazione2420,1,moving
102907,1,1,0,35,0,0,0,0,674,292,20,8,25,10,8,20,8,10,25,34,20,45,32,29,1,35,1788530605.6785147,G1,T01,inclinazione2420,1,moving
103107,1,1,0,20,0,0,0,0,2669,722,58,9,16,10,8,25,10,5,25,25,20,45,25,25,1,20,1788530605.879179,G1,T01,inclinazione2420,1,moving
103307,1,1,0,16,0,0,0,0,733,328,125,13,26,8,13,37,8,8,32,25,18,34,25,25,1,16,1788530606.0745478,G1,T01,inclinazione2420,1,moving
103507,1,1,0,13,0,0,0,0,226,117,106,8,13,13,8,26,13,8,32,25,18,34,25,25,1,13,1788530606.2744246,G1,T01,inclinazione2420,1,moving
103707,1,1,0,13,0,0,0,0,85,26,125,20,17,5,10,26,10,5,25,25,18,34,25,25,1,13,1788530606.479288,G1,T01,inclinazione2420,1,moving
103907,1,1,0,13,0,0,0,0,250,81,98,13,25,5,8,29,13,5,25,25,18,34,25,25,1,13,1788530606.6741338,G1,T01,inclinazione2420,1,moving
104107,1,1,0,13,0,0,0,0,241,65,25,13,20,8,10,29,10,5,25,34,25,34,25,25,1,13,1788530606.877637,G1,T01,inclinazione2420,1,moving
104307,1,1,0,13,0,0,0,0,80,85,29,20,26,10,8,37,10,5,34,25,25,29,25,25,1,13,1788530607.074159,G1,T01,inclinazione2420,1,moving
104507,1,1,0,13,0,0,0,0,68,37,65,20,17,5,5,37,17,5,25,25,18,34,25,25,1,13,1788530607.277498,G1,T01,inclinazione2420,1,moving
104707,1,1,0,13,0,0,0,0,260,89,68,13,25,5,5,37,13,9,25,18,25,34,25,25,1,13,1788530607.4682345,G1,T01,inclinazione2420,1,moving
104907,1,1,0,13,0,0,0,0,754,233,10,10,20,10,8,26,18,9,18,25,18,34,18,32,1,13,1788530607.6765544,G1,T01,inclinazione2420,1,moving
105107,1,1,0,13,0,0,0,0,197,53,17,10,25,5,8,50,13,4,25,32,25,25,25,25,1,13,1788530607.868614,G1,T01,inclinazione2420,1,moving
105307,1,1,0,13,0,0,0,0,548,261,37,9,29,8,8,37,13,5,32,25,25,34,25,32,1,13,1788530608.0766826,G1,T01,inclinazione2420,1,moving
105507,1,1,0,13,0,0,0,0,577,265,13,13,25,8,13,37,13,5,25,18,13,34,25,25,1,13,1788530608.2681756,G1,T01,inclinazione2420,1,moving
105707,1,1,0,21,0,0,0,0,353,277,13,9,17,5,8,37,20,8,25,25,18,29,25,25,1,21,1788530608.475094,G1,T01,inclinazione2420,1,moving
105907,1,1,0,41,0,0,0,0,185,137,13,20,25,5,8,26,18,8,18,25,25,34,32,32,1,41,1788530608.6678631,G1,T01,inclinazione2420,1,moving
106107,1,1,0,41,0,0,0,0,229,241,29,32,20,9,13,13,8,5,18,20,18,34,25,32,1,41,1788530608.8749225,G1,T01,inclinazione2420,1,moving
106307,1,1,0,59,0,0,0,0,212,272,53,18,9,5,5,13,5,10,32,25,25,34,25,25,1,59,1788530609.0665846,G1,T01,inclinazione2420,1,moving
106507,1,1,0,60,0,0,0,0,292,170,25,13,16,8,8,20,8,5,25,25,25,41,20,32,1,60,1788530609.2750766,G1,T01,inclinazione2420,1,moving
106707,1,1,0,60,0,0,0,0,257,101,117,10,13,8,5,29,20,5,20,18,25,34,18,41,1,60,1788530609.4675643,G1,T01,inclinazione2420,1,moving
106907,1,1,0,60,0,0,0,0,41,52,17,10,8,13,8,20,8,5,25,25,25,34,18,41,1,60,1788530609.6765404,G1,T01,inclinazione2420,1,moving
107107,1,1,0,105,0,0,0,0,137,122,10,10,20,8,8,5,5,13,32,32,25,41,18,32,1,105,1788530609.8680556,G1,T01,inclinazione2420,1,moving
107307,1,1,0,105,0,0,0,0,149,29,68,10,26,8,5,8,10,10,32,32,25,34,25,25,1,105,1788530610.0745804,G1,T01,inclinazione2420,1,moving
107507,1,1,0,105,0,0,0,0,145,101,29,5,26,9,5,16,5,5,32,32,18,34,25,25,1,105,1788530610.2655714,G1,T01,inclinazione2420,1,moving
107707,1,1,0,59,0,0,0,0,82,100,25,10,16,5,5,10,5,10,32,25,18,34,20,32,1,59,1788530610.4729726,G1,T01,inclinazione2420,1,moving
107907,1,1,0,68,0,0,0,0,232,377,90,8,40,10,5,9,8,5,20,25,18,34,25,25,1,68,1788530610.6685896,G1,T01,inclinazione2420,1,moving
108107,1,1,0,78,0,0,0,0,45,181,61,13,20,18,5,10,5,5,25,25,25,34,18,25,1,78,1788530610.871255,G1,T01,inclinazione2420,1,moving
108307,1,1,0,83,0,0,0,0,80,113,52,8,25,9,9,8,5,8,25,25,25,34,18,25,1,83,1788530611.0636227,G1,T01,inclinazione2420,1,moving
108507,1,1,0,97,0,0,0,0,125,41,68,18,25,5,5,8,10,10,32,25,18,34,18,34,1,97,1788530611.2714393,G1,T01,inclinazione2420,1,moving
108707,1,1,0,97,0,0,0,0,82,17,17,13,36,10,8,5,5,5,32,41,25,34,25,25,1,97,1788530611.4782941,G1,T01,inclinazione2420,1,moving
108907,1,1,0,97,0,0,0,0,50,18,17,13,37,13,5,8,5,5,32,25,13,34,25,25,1,97,1788530611.6708772,G1,T01,inclinazione2420,1,moving
109107,1,1,0,97,0,0,0,0,82,25,18,25,37,13,9,8,5,5,32,18,18,34,13,25,1,97,1788530611.8634698,G1,T01,inclinazione2420,1,moving
109307,1,1,0,97,0,0,0,0,250,68,17,13,40,13,10,9,8,5,32,25,18,25,32,25,1,97,1788530612.0719616,G1,T01,inclinazione2420,1,moving
109507,1,1,0,97,0,0,0,0,121,26,25,9,37,13,10,10,10,5,32,18,25,41,25,32,1,97,1788530612.2640133,G1,T01,inclinazione2420,1,moving
109707,1,1,0,97,0,0,0,0,49,13,10,5,37,8,10,8,5,8,25,18,25,34,25,32,1,97,1788530612.4691167,G1,T01,inclinazione2420,1,moving
109907,1,1,0,97,0,0,0,0,113,50,10,10,37,8,5,5,5,10,25,32,25,34,25,25,1,97,1788530612.6771529,G1,T01,inclinazione2420,1,moving
110107,1,1,0,97,0,0,0,0,89,41,10,5,40,8,8,16,5,5,25,25,20,25,25,25,1,97,1788530612.8687465,G1,T01,inclinazione2420,1,moving
110307,1,1,0,97,0,0,0,0,37,20,10,5,50,5,8,25,9,10,25,32,20,25,25,25,1,97,1788530613.076486,G1,T01,inclinazione2420,1,moving
110507,1,1,0,97,0,0,0,0,116,25,5,8,29,10,9,26,5,5,25,25,25,41,25,25,1,97,1788530613.2682087,G1,T01,inclinazione2420,1,moving
110707,1,1,0,97,0,0,0,0,61,41,10,9,40,5,5,26,5,5,32,18,18,34,18,32,1,97,1788530613.476442,G1,T01,inclinazione2420,1,moving
110907,1,1,0,97,0,0,0,0,82,61,17,5,53,10,8,26,8,5,18,25,18,32,25,32,1,97,1788530613.6710656,G1,T01,inclinazione2420,1,moving
111107,1,1,0,97,0,0,0,0,146,40,8,5,26,5,5,20,8,5,32,18,20,29,32,34,1,97,1788530613.8763134,G1,T01,inclinazione2420,1,moving
111307,1,1,0,97,0,0,0,0,137,85,10,5,37,8,5,17,5,8,41,18,25,41,25,25,1,97,1788530614.0787954,G1,T01,inclinazione2420,1,moving
111507,1,1,0,97,0,0,0,0,50,13,16,8,40,10,5,17,5,5,32,25,25,34,25,25,1,97,1788530614.271757,G1,T01,inclinazione2420,1,moving
111707,1,1,0,97,0,0,0,0,170,65,13,5,29,9,4,16,5,8,41,18,25,25,25,25,1,97,1788530614.4634326,G1,T01,inclinazione2420,1,moving
111907,1,1,0,97,0,0,0,0,29,26,13,5,40,5,8,26,8,10,34,25,25,34,34,18,1,97,1788530614.676959,G1,T01,inclinazione2420,1,moving
112107,1,1,0,97,0,0,0,0,101,89,8,9,40,10,5,25,8,13,34,25,18,34,34,18,1,97,1788530614.8787942,G1,T01,inclinazione2420,1,moving
112307,1,1,0,97,0,0,0,0,146,109,13,5,50,8,5,26,8,10,34,25,18,34,18,34,1,97,1788530615.069691,G1,T01,inclinazione2420,1,moving
112507,1,1,0,97,0,0,0,0,121,37,5,8,29,8,8,26,5,5,18,25,25,34,25,25,1,97,1788530615.2764843,G1,T01,inclinazione2420,1,moving
112707,1,1,0,97,0,0,0,0,205,82,10,5,16,8,8,9,8,5,25,18,25,45,25,25,1,97,1788530615.467408,G1,T01,inclinazione2420,1,moving
112907,1,1,0,97,0,0,0,0,41,61,5,9,34,10,5,17,8,5,25,18,25,45,25,18,1,97,1788530615.6771507,G1,T01,inclinazione2420,1,moving
113107,1,1,0,97,0,0,0,0,65,32,10,8,18,20,10,17,5,5,32,25,18,41,25,25,1,97,1788530615.865275,G1,T01,inclinazione2420,1,moving
113307,1,1,0,97,0,0,0,0,117,34,9,13,13,5,5,16,5,5,32,25,18,34,32,25,1,97,1788530616.0730655,G1,T01,inclinazione2420,1,moving
113507,1,1,0,97,0,0,0,0,82,20,10,10,17,5,8,9,8,8,32,25,18,34,41,18,1,97,1788530616.2644405,G1,T01,inclinazione2420,1,moving
113707,1,1,0,97,0,0,0,0,157,74,10,8,41,20,5,16,5,5,32,25,13,29,41,18,1,97,1788530616.472165,G1,T01,inclinazione2420,1,moving
113907,1,1,0,97,0,0,0,0,100,65,8,5,34,10,5,26,5,8,32,18,18,29,41,18,1,97,1788530616.678922,G1,T01,inclinazione2420,1,moving
114107,1,1,0,97,0,0,0,0,325,117,8,9,10,8,5,37,5,5,32,25,32,34,25,25,1,97,1788530616.8721762,G1,T01,inclinazione2420,1,moving
114307,1,1,0,97,0,0,0,0,130,34,5,10,26,5,5,37,10,5,25,41,25,34,25,25,1,97,1788530617.064645,G1,T01,inclinazione2420,1,moving
114507,1,1,0,97,0,0,0,0,89,17,10,5,17,5,5,26,8,5,32,32,25,34,32,18,1,97,1788530617.2705536,G1,T01,inclinazione2420,1,moving
114707,1,1,0,97,0,0,0,0,125,58,5,9,29,10,5,10,5,5,25,25,18,34,25,18,1,97,1788530617.4789736,G1,T01,inclinazione2420,1,moving
114907,1,1,0,97,0,0,0,0,85,20,20,5,25,10,5,9,5,5,18,18,25,32,25,25,1,97,1788530617.6708143,G1,T01,inclinazione2420,1,moving
115107,1,1,0,97,0,0,0,0,41,13,5,8,40,8,8,9,8,10,25,18,25,45,25,25,1,97,1788530617.8785331,G1,T01,inclinazione2420,1,moving
115307,1,1,0,97,0,0,0,0,90,37,8,10,50,32,5,9,8,10,25,25,25,34,25,32,1,97,1788530618.0710392,G1,T01,inclinazione2420,1,moving
115507,1,1,0,97,0,0,0,0,37,34,5,8,29,13,5,10,5,5,32,25,18,34,25,25,1,97,1788530618.277531,G1,T01,inclinazione2420,1,moving
115707,1,1,0,97,0,0,0,0,116,45,5,9,13,5,5,16,5,8,25,25,18,25,25,32,1,97,1788530618.4690247,G1,T01,inclinazione2420,1,moving
115907,1,1,0,97,0,0,0,0,80,29,13,8,29,8,5,16,9,5,18,25,18,25,25,32,1,97,1788530618.6791332,G1,T01,inclinazione2420,1,moving
116107,1,1,0,97,0,0,0,0,145,61,9,5,29,13,8,25,8,5,25,32,13,34,25,25,1,97,1788530618.8689587,G1,T01,inclinazione2420,1,moving
116307,1,1,0,97,0,0,0,0,72,25,10,13,25,8,8,36,5,5,32,25,25,41,20,32,1,97,1788530619.0768075,G1,T01,inclinazione2420,1,moving
116507,1,1,0,97,0,0,0,0,41,18,5,5,17,8,8,37,10,5,32,25,25,41,25,32,1,97,1788530619.267788,G1,T01,inclinazione2420,1,moving
116707,1,1,0,97,0,0,0,0,68,34,10,9,17,10,5,37,5,5,18,34,25,34,25,25,1,97,1788530619.4758477,G1,T01,inclinazione2420,1,moving
116907,1,1,0,97,0,0,0,0,106,18,5,9,26,8,13,13,8,8,18,25,20,25,25,25,1,97,1788530619.665759,G1,T01,inclinazione2420,1,moving
117107,1,1,0,97,0,0,0,0,85,34,13,16,20,10,5,9,8,5,32,25,18,41,25,32,1,97,1788530619.8720517,G1,T01,inclinazione2420,1,moving
117307,1,1,0,97,0,0,0,0,68,29,10,10,34,13,5,10,10,10,32,32,25,41,25,32,1,97,1788530620.0766973,G1,T01,inclinazione2420,1,moving
117507,1,1,0,97,0,0,0,0,260,98,8,10,53,18,8,13,5,5,32,25,25,41,25,41,1,97,1788530620.2669845,G1,T01,inclinazione2420,1,moving
117707,1,1,0,97,0,0,0,0,181,98,5,5,53,34,5,10,5,5,25,25,25,41,18,41,1,97,1788530620.4732912,G1,T01,inclinazione2420,1,moving
117907,1,1,0,97,0,0,0,0,80,20,5,9,29,18,8,20,10,4,25,25,25,41,18,41,1,97,1788530620.6794426,G1,T01,inclinazione2420,1,moving
118107,1,1,0,97,0,0,0,0,170,49,5,13,25,10,8,16,10,5,18,25,18,41,25,18,1,97,1788530620.8711722,G1,T01,inclinazione2420,1,moving
118307,1,1,0,97,0,0,0,0,52,26,10,8,25,10,9,37,5,8,32,25,18,45,25,25,1,97,1788530621.079045,G1,T01,inclinazione2420,1,moving
118507,1,1,0,97,0,0,0,0,49,13,8,9,13,5,8,37,20,5,32,32,18,34,32,25,1,97,1788530621.2707074,G1,T01,inclinazione2420,1,moving
118707,1,1,0,97,0,0,0,0,97,45,5,5,17,17,8,36,10,8,32,41,18,34,25,25,1,97,1788530621.4785538,G1,T01,inclinazione2420,1,moving
118907,1,1,0,97,0,0,0,0,101,37,10,5,20,5,5,36,10,5,25,32,18,34,25,25,1,97,1788530621.6705024,G1,T01,inclinazione2420,1,moving
119107,1,1,0,97,0,0,0,0,34,13,10,5,29,16,8,9,5,9,25,13,18,34,25,32,1,97,1788530621.8749444,G1,T01,inclinazione2420,1,moving
119307,1,1,0,97,0,0,0,0,50,32,5,13,37,13,9,9,9,5,25,25,25,34,32,25,1,97,1788530622.0713263,G1,T01,inclinazione2420,1,moving
119507,1,1,0,97,0,0,0,0,116,73,5,5,37,18,10,13,13,5,32,32,25,34,25,25,1,97,1788530622.2743752,G1,T01,inclinazione2420,1,moving
119707,1,1,0,97,0,0,0,0,202,100,5,5,10,9,10,13,8,10,32,13,13,34,25,25,1,97,1788530622.4729664,G1,T01,inclinazione2420,1,moving
119907,1,1,0,97,0,0,0,0,157,29,5,5,20,13,10,9,8,5,25,32,25,34,34,25,1,97,1788530622.6737204,G1,T01,inclinazione2420,1,moving
120107,1,1,0,97,0,0,0,0,185,50,8,8,13,10,8,10,5,5,18,25,32,34,25,25,1,97,1788530622.874346,G1,T01,inclinazione2420,1,moving
120307,1,1,0,97,0,0,0,0,113,61,5,10,17,8,5,25,8,5,18,25,32,34,32,34,1,97,1788530623.074506,G1,T01,inclinazione2420,1,moving
120507,1,1,0,97,0,0,0,0,82,20,5,5,17,5,8,37,13,5,25,25,18,29,18,41,1,97,1788530623.2750204,G1,T01,inclinazione2420,1,moving
120707,1,1,0,97,0,0,0,0,104,20,8,9,16,8,8,36,17,8,25,25,18,41,25,41,1,97,1788530623.4752896,G1,T01,inclinazione2420,1,moving
120907,1,1,0,97,0,0,0,0,81,29,10,10,25,10,9,49,17,5,32,25,18,41,25,25,1,97,1788530623.675807,G1,T01,inclinazione2420,1,moving
121107,1,1,0,97,0,0,0,0,145,74,9,9,29,13,18,37,10,10,25,32,25,41,32,25,1,97,1788530623.876378,G1,T01,inclinazione2420,1,moving
121307,1,1,0,97,0,0,0,0,137,50,10,5,20,5,5,37,5,5,25,32,25,41,25,25,1,97,1788530624.0784633,G1,T01,inclinazione2420,1,moving
121507,1,1,0,97,0,0,0,0,82,32,13,10,20,5,8,17,5,5,25,25,25,41,25,32,1,97,1788530624.2771938,G1,T01,inclinazione2420,1,moving
121707,1,1,0,97,0,0,0,0,64,40,10,8,17,5,10,26,8,5,32,18,25,32,25,18,1,97,1788530624.47737,G1,T01,inclinazione2420,1,moving
121907,1,1,0,97,0,0,0,0,74,26,9,8,17,13,8,10,5,5,32,32,32,34,25,18,1,97,1788530624.6776366,G1,T01,inclinazione2420,1,moving
122107,1,1,0,97,0,0,0,0,53,17,8,10,45,18,5,13,8,8,25,25,25,34,25,18,1,97,1788530624.8779428,G1,T01,inclinazione2420,1,moving
122307,1,1,0,97,0,0,0,0,52,18,10,8,20,8,5,8,5,8,32,18,25,41,25,18,1,97,1788530625.0782206,G1,T01,inclinazione2420,1,moving
122507,1,1,0,97,0,0,0,0,58,37,10,8,17,8,5,17,13,5,25,18,25,41,25,18,1,97,1788530625.2787812,G1,T01,inclinazione2420,1,moving
122707,1,1,0,97,0,0,0,0,290,68,9,9,20,13,8,36,8,8,20,18,25,41,20,32,1,97,1788530625.4796991,G1,T01,inclinazione2420,1,moving
122907,1,1,0,97,0,0,0,0,41,25,5,5,26,8,5,36,10,8,32,18,18,34,32,25,1,97,1788530625.6755073,G1,T01,inclinazione2420,1,moving
123107,1,1,0,97,0,0,0,0,68,25,9,10,10,8,13,36,10,5,32,18,25,34,32,25,1,97,1788530625.8675833,G1,T01,inclinazione2420,1,moving
123307,1,1,0,97,0,0,0,0,26,45,17,9,34,10,8,25,10,10,41,18,25,34,32,25,1,97,1788530626.075898,G1,T01,inclinazione2420,1,moving
123507,1,1,0,97,0,0,0,0,50,29,8,8,36,8,5,29,10,8,32,25,25,34,25,18,1,97,1788530626.2676618,G1,T01,inclinazione2420,1,moving
123707,1,1,0,97,0,0,0,0,58,18,8,5,20,10,5,9,8,5,32,25,18,34,34,25,1,97,1788530626.475361,G1,T01,inclinazione2420,1,moving
123907,1,1,0,97,0,0,0,0,29,13,8,8,20,10,5,10,8,10,25,25,18,34,25,25,1,97,1788530626.6677241,G1,T01,inclinazione2420,1,moving
124107,1,1,0,97,0,0,0,0,85,26,8,13,16,9,8,16,8,5,32,32,25,34,25,25,1,97,1788530626.8760974,G1,T01,inclinazione2420,1,moving
124307,1,1,0,97,0,0,0,0,52,18,9,13,25,29,8,5,9,8,32,25,25,41,25,25,1,97,1788530627.0674155,G1,T01,inclinazione2420,1,moving
124507,1,1,0,97,0,0,0,0,85,20,8,8,10,8,8,16,5,5,32,32,25,41,20,32,1,97,1788530627.2745242,G1,T01,inclinazione2420,1,moving
124707,1,1,0,97,0,0,0,0,170,53,9,8,10,5,5,17,5,5,32,32,25,34,18,25,1,97,1788530627.4670756,G1,T01,inclinazione2420,1,moving
124907,1,1,0,97,0,0,0,0,113,90,10,8,25,5,8,16,5,5,32,32,25,34,25,32,1,97,1788530627.6740928,G1,T01,inclinazione2420,1,moving
125107,1,1,0,97,0,0,0,0,97,34,9,13,9,10,8,37,13,9,32,25,25,41,25,32,1,97,1788530627.8646805,G1,T01,inclinazione2420,1,moving
125307,1,1,0,97,0,0,0,0,137,26,10,9,37,13,8,37,8,5,32,25,18,34,25,25,1,97,1788530628.0727158,G1,T01,inclinazione2420,1,moving
125507,1,1,0,97,0,0,0,0,185,97,10,5,17,13,8,37,10,5,18,25,25,41,32,25,1,97,1788530628.2797832,G1,T01,inclinazione2420,1,moving
125707,1,1,0,97,0,0,0,0,314,106,13,5,29,13,5,26,5,8,25,25,25,41,18,20,1,97,1788530628.4721084,G1,T01,inclinazione2420,1,moving
125907,1,1,0,97,0,0,0,0,109,20,8,9,5,5,8,10,8,5,20,25,25,41,32,25,1,97,1788530628.6793587,G1,T01,inclinazione2420,1,moving
126107,1,1,0,97,0,0,0,0,205,58,9,10,29,10,5,16,8,4,25,20,25,41,25,25,1,97,1788530628.8711374,G1,T01,inclinazione2420,1,moving
126307,1,1,0,97,0,0,0,0,58,45,13,9,26,8,5,10,5,5,32,41,25,45,18,25,1,97,1788530629.0783062,G1,T01,inclinazione2420,1,moving
126507,1,1,0,97,0,0,0,0,128,61,9,9,37,10,8,10,8,10,32,25,18,29,25,32,1,97,1788530629.269678,G1,T01,inclinazione2420,1,moving
126707,1,1,0,97,0,0,0,0,61,26,16,8,26,10,8,17,8,5,32,25,18,34,25,32,1,97,1788530629.4762716,G1,T01,inclinazione2420,1,moving
126907,1,1,0,97,0,0,0,0,106,36,13,8,29,10,5,16,8,8,25,20,18,34,25,25,1,97,1788530629.6677947,G1,T01,inclinazione2420,1,moving
127107,1,1,0,97,0,0,0,0,241,53,17,5,26,8,5,25,13,10,32,25,25,41,25,25,1,97,1788530629.8743994,G1,T01,inclinazione2420,1,moving
127307,1,1,0,97,0,0,0,0,205,81,10,5,20,8,8,26,8,8,25,25,18,34,25,32,1,97,1788530630.0671704,G1,T01,inclinazione2420,1,moving
127507,1,1,0,97,0,0,0,0,90,32,9,10,50,13,5,25,5,13,25,32,20,41,25,32,1,97,1788530630.2745523,G1,T01,inclinazione2420,1,moving
127707,1,1,0,97,0,0,0,0,145,29,8,5,17,10,5,36,9,5,25,25,25,41,25,32,1,97,1788530630.4657812,G1,T01,inclinazione2420,1,moving
127907,1,1,0,97,0,0,0,0,82,13,8,10,26,13,5,16,5,8,25,25,18,41,25,32,1,97,1788530630.6733239,G1,T01,inclinazione2420,1,moving
128107,1,1,0,97,0,0,0,0,178,37,9,8,17,10,5,9,8,10,32,25,25,41,25,18,1,97,1788530630.8648787,G1,T01,inclinazione2420,1,moving
128307,1,1,0,97,0,0,0,0,117,41,9,8,13,17,10,20,10,8,25,25,25,41,25,18,1,97,1788530631.0787494,G1,T01,inclinazione2420,1,moving
128507,1,1,0,97,0,0,0,0,106,52,8,8,37,18,5,9,5,9,32,25,25,34,32,34,1,97,1788530631.2797058,G1,T01,inclinazione2420,1,moving
128707,1,1,0,97,0,0,0,0,106,50,10,5,34,10,8,20,8,5,18,25,18,34,18,25,1,97,1788530631.471444,G1,T01,inclinazione2420,1,moving
128907,1,1,0,97,0,0,0,1,80,41,16,5,37,5,5,20,5,10,20,25,18,25,32,32,1,97,1788530631.6791651,G1,T01,inclinazione2420,1,moving
129107,1,1,0,97,0,0,0,0,193,41,9,5,29,10,13,20,5,10,20,25,25,25,32,25,1,97,1788530631.8706496,G1,T01,inclinazione2420,1,moving
129307,1,1,0,97,0,0,0,0,45,37,13,5,17,5,8,37,8,5,25,25,25,34,32,25,1,97,1788530632.0789285,G1,T01,inclinazione2420,1,moving
129507,1,1,0,97,0,0,0,0,73,49,8,10,20,5,8,37,5,10,41,25,25,34,25,25,1,97,1788530632.2701805,G1,T01,inclinazione2420,1,moving
129707,1,1,0,97,0,0,0,0,98,25,13,5,17,9,10,40,8,5,25,25,25,34,25,25,1,97,1788530632.4771042,G1,T01,inclinazione2420,1,moving
129907,1,1,0,97,0,0,0,0,106,29,16,10,17,10,8,20,8,5,32,32,18,34,25,25,1,97,1788530632.6688657,G1,T01,inclinazione2420,1,moving
130107,1,1,0,97,0,0,0,0,45,29,8,5,25,13,8,17,8,8,32,32,18,34,25,32,1,97,1788530632.876785,G1,T01,inclinazione2420,1,moving
130307,1,1,0,97,0,0,0,0,116,45,9,5,36,13,10,17,8,5,25,32,32,34,18,32,1,97,1788530633.0673778,G1,T01,inclinazione2420,1,moving
130507,1,1,0,97,0,0,0,0,50,18,13,10,29,25,5,9,5,5,25,25,25,34,18,32,1,97,1788530633.2746155,G1,T01,inclinazione2420,1,moving
130707,1,1,0,97,0,0,0,0,100,26,9,5,40,13,5,13,5,5,25,20,18,41,25,32,1,97,1788530633.4655666,G1,T01,inclinazione2420,1,moving
130907,1,1,0,97,0,0,0,0,169,53,13,5,10,17,5,10,2,5,32,25,18,41,34,32,1,97,1788530633.673523,G1,T01,inclinazione2420,1,moving
131107,1,1,0,97,0,0,0,0,53,13,10,5,45,25,13,17,10,5,25,18,18,32,25,25,1,97,1788530633.8653944,G1,T01,inclinazione2420,1,moving
131307,1,1,0,97,0,0,0,0,101,20,8,13,29,8,5,17,8,5,25,25,25,32,13,32,1,97,1788530634.073771,G1,T01,inclinazione2420,1,moving
131507,1,1,0,97,0,0,0,0,85,53,8,9,26,5,9,17,5,5,25,18,25,41,18,32,1,97,1788530634.2655773,G1,T01,inclinazione2420,1,moving
131707,1,1,0,97,0,0,0,0,53,26,5,8,29,8,5,20,5,8,25,18,25,34,25,32,1,97,1788530634.473737,G1,T01,inclinazione2420,1,moving
131907,1,1,0,97,0,0,0,0,160,40,10,17,9,4,8,17,10,8,32,25,18,34,25,18,1,97,1788530634.6661265,G1,T01,inclinazione2420,1,moving
132107,1,1,0,97,0,0,0,0,260,45,10,13,17,13,5,10,8,8,41,25,18,34,25,32,1,97,1788530634.8730414,G1,T01,inclinazione2420,1,moving
132307,1,1,0,97,0,0,0,0,145,40,8,8,40,18,5,16,5,5,18,32,18,34,18,32,1,97,1788530635.065576,G1,T01,inclinazione2420,1,moving
132507,1,1,0,97,0,0,0,0,170,58,5,8,29,13,5,10,5,4,18,32,18,41,25,25,1,97,1788530635.273304,G1,T01,inclinazione2420,1,moving
132707,1,1,0,97,0,0,0,0,181,50,8,5,26,20,5,10,5,5,18,25,18,41,25,25,1,97,1788530635.4654272,G1,T01,inclinazione2420,1,moving
132907,1,1,0,97,0,0,0,0,58,25,10,16,45,20,13,9,5,8,41,34,18,34,25,18,1,97,1788530635.6728969,G1,T01,inclinazione2420,1,moving
133107,1,1,0,97,0,0,0,0,125,41,13,10,26,10,8,10,8,5,34,25,18,34,25,18,1,97,1788530635.865105,G1,T01,inclinazione2420,1,moving
133307,1,1,0,97,0,0,0,0,160,49,5,10,20,10,5,16,8,5,25,18,18,34,32,18,1,97,1788530636.0729222,G1,T01,inclinazione2420,1,moving
133507,1,1,0,97,0,0,0,0,130,20,9,10,17,10,5,26,8,5,25,25,18,34,32,25,1,97,1788530636.2647269,G1,T01,inclinazione2420,1,moving
133707,1,1,0,97,0,0,0,0,106,72,9,10,17,5,8,37,13,5,32,18,18,34,25,25,1,97,1788530636.4721966,G1,T01,inclinazione2420,1,moving
133907,1,1,0,97,0,0,0,0,72,18,8,5,37,10,8,36,10,5,32,18,18,34,25,18,1,97,1788530636.6796353,G1,T01,inclinazione2420,1,moving
134107,1,1,0,97,0,0,0,0,50,13,5,5,36,16,5,37,13,8,32,18,13,34,32,25,1,97,1788530636.8707788,G1,T01,inclinazione2420,1,moving
134307,1,1,0,97,0,0,0,0,98,34,10,10,17,5,5,10,5,10,25,25,25,34,25,25,1,97,1788530637.0786276,G1,T01,inclinazione2420,1,moving
134507,1,1,0,97,0,0,0,0,145,50,10,8,17,8,10,16,10,10,25,25,25,34,32,25,1,97,1788530637.2721379,G1,T01,inclinazione2420,1,moving
134707,1,1,0,97,0,0,0,0,85,61,5,8,20,10,10,17,5,5,25,25,18,34,32,25,1,97,1788530637.4791095,G1,T01,inclinazione2420,1,moving
134907,1,1,0,97,0,0,0,0,82,26,10,13,29,18,8,10,5,5,32,32,18,34,25,25,1,97,1788530637.6713834,G1,T01,inclinazione2420,1,moving
135107,1,1,0,97,0,0,0,0,74,34,13,5,40,13,5,9,5,5,32,25,25,34,25,25,1,97,1788530637.8786318,G1,T01,inclinazione2420,1,moving
135307,1,1,0,97,0,0,0,0,81,61,5,5,20,8,5,16,9,9,25,25,25,34,32,18,1,97,1788530638.070396,G1,T01,inclinazione2420,1,moving
135507,1,1,0,97,0,0,0,0,221,50,5,5,17,8,5,16,8,10,32,25,25,34,25,25,1,97,1788530638.2777896,G1,T01,inclinazione2420,1,moving
135707,1,1,0,97,0,0,0,0,74,17,8,8,26,10,5,36,8,8,25,25,25,34,32,25,1,97,1788530638.4697034,G1,T01,inclinazione2420,1,moving
135907,1,1,0,97,0,0,0,0,73,17,8,8,13,8,5,50,10,5,25,25,25,34,32,25,1,97,1788530638.6777773,G1,T01,inclinazione2420,1,moving
136107,1,1,0,97,0,0,0,0,136,41,8,5,26,13,8,50,10,5,25,25,25,32,25,18,1,97,1788530638.8692195,G1,T01,inclinazione2420,1,moving
136307,1,1,0,97,0,0,0,0,229,53,13,5,13,10,8,25,8,5,25,25,18,32,25,18,1,97,1788530639.0745692,G1,T01,inclinazione2420,1,moving
136507,1,1,0,97,0,0,0,0,41,13,10,5,13,9,8,9,5,5,25,25,18,41,25,18,1,97,1788530639.2654412,G1,T01,inclinazione2420,1,moving
136707,1,1,0,97,0,0,0,0,130,37,8,5,29,13,8,10,5,9,41,18,20,41,25,25,1,97,1788530639.4729693,G1,T01,inclinazione2420,1,moving
136907,1,1,0,97,0,0,0,0,45,32,8,9,17,8,9,9,5,5,32,25,25,34,25,18,1,97,1788530639.6645827,G1,T01,inclinazione2420,1,moving
137107,1,1,0,97,0,0,0,0,89,29,5,8,26,8,9,10,8,5,32,25,25,45,25,18,1,97,1788530639.8724103,G1,T01,inclinazione2420,1,moving
137307,1,1,0,97,0,0,0,0,122,29,10,5,29,13,8,9,5,5,32,18,18,45,25,34,1,97,1788530640.0652714,G1,T01,inclinazione2420,1,moving
137507,1,1,0,97,0,0,0,0,90,26,10,5,25,10,5,9,5,5,25,25,25,25,32,25,1,97,1788530640.2731836,G1,T01,inclinazione2420,1,moving
137707,1,1,0,97,0,0,0,0,250,50,8,17,10,10,5,16,5,8,32,32,25,41,41,18,1,97,1788530640.4668767,G1,T01,inclinazione2420,1,moving
137907,1,1,0,97,0,0,0,0,125,65,10,5,25,9,18,26,13,5,32,18,20,34,32,25,1,97,1788530640.672979,G1,T01,inclinazione2420,1,moving
138107,1,1,0,97,0,0,0,0,53,10,5,13,20,13,8,37,20,5,32,18,20,34,25,25,1,97,1788530640.8697104,G1,T01,inclinazione2420,1,moving
138307,1,1,0,97,0,0,0,0,97,34,10,8,25,13,8,36,13,8,32,25,20,34,25,32,1,97,1788530641.0725048,G1,T01,inclinazione2420,1,moving
138507,1,1,0,97,0,0,0,0,65,25,10,10,25,10,5,25,8,5,32,32,25,34,32,32,1,97,1788530641.2791777,G1,T01,inclinazione2420,1,moving
138707,1,1,0,97,0,0,0,0,137,40,9,5,17,13,9,20,8,8,32,18,25,34,41,20,1,97,1788530641.4727511,G1,T01,inclinazione2420,1,moving
138907,1,1,0,97,0,0,0,0,32,18,5,8,25,10,13,9,5,5,32,18,25,34,25,32,1,97,1788530641.6787474,G1,T01,inclinazione2420,1,moving
139107,1,1,0,97,0,0,0,0,194,72,8,8,45,18,5,10,8,4,18,25,25,34,25,25,1,97,1788530641.8759384,G1,T01,inclinazione2420,1,moving
139307,1,1,0,97,0,0,0,0,104,37,9,8,32,20,5,5,5,5,34,25,25,34,18,34,1,97,1788530642.078877,G1,T01,inclinazione2420,1,moving
139507,1,1,0,97,0,0,0,0,80,20,13,8,17,10,8,5,5,5,25,25,25,41,25,25,1,97,1788530642.2764516,G1,T01,inclinazione2420,1,moving
139707,1,1,0,97,0,0,0,0,400,130,13,8,29,5,5,10,5,8,25,25,25,41,25,25,1,97,1788530642.4787917,G1,T01,inclinazione2420,1,moving
139907,1,1,0,97,0,0,0,0,106,58,16,13,8,10,8,17,13,10,25,25,25,40,32,25,1,97,1788530642.6784396,G1,T01,inclinazione2420,1,moving
140107,1,1,0,97,0,0,0,0,80,49,13,8,26,8,18,36,5,10,32,18,20,32,20,25,1,97,1788530642.8796997,G1,T01,inclinazione2420,1,moving
140307,1,1,0,97,0,0,0,0,137,74,13,10,34,10,13,37,10,5,32,18,20,32,25,25,1,97,1788530643.0797007,G1,T01,inclinazione2420,1,moving
140507,1,1,0,97,0,0,0,0,89,29,13,5,20,10,5,37,13,5,32,25,20,41,20,25,1,97,1788530643.279844,G1,T01,inclinazione2420,1,moving
140707,1,1,0,97,0,0,0,0,53,20,13,8,37,13,9,36,13,5,20,20,18,32,25,18,1,97,1788530643.4787147,G1,T01,inclinazione2420,1,moving
140907,1,1,0,97,0,0,0,0,144,26,8,8,17,8,8,16,8,5,18,25,18,34,25,25,1,97,1788530643.679761,G1,T01,inclinazione2420,1,moving
141107,1,1,0,97,0,0,0,0,45,45,13,5,17,5,8,20,8,4,18,25,18,34,32,25,1,97,1788530643.8712,G1,T01,inclinazione2420,1,moving
141307,1,1,0,97,0,0,0,0,128,40,18,9,16,9,10,20,5,5,32,25,25,34,25,25,1,97,1788530644.0793564,G1,T01,inclinazione2420,1,moving
141507,1,1,0,97,0,0,0,0,97,34,18,5,20,13,9,16,5,5,32,25,25,34,25,25,1,97,1788530644.271515,G1,T01,inclinazione2420,1,moving
141707,1,1,0,97,0,0,0,0,97,41,8,13,20,26,13,17,8,8,32,32,25,34,25,25,1,97,1788530644.4799218,G1,T01,inclinazione2420,1,moving
141907,1,1,0,97,0,0,0,0,53,20,13,9,17,5,8,10,8,5,32,32,32,41,25,25,1,97,1788530644.6713672,G1,T01,inclinazione2420,1,moving
142107,1,1,0,97,0,0,0,0,50,17,25,10,53,10,9,16,5,5,32,32,25,25,25,25,1,97,1788530644.8781917,G1,T01,inclinazione2420,1,moving
142307,1,1,0,97,0,0,0,0,85,45,25,8,26,8,8,20,8,8,25,32,25,25,25,25,1,97,1788530645.0798476,G1,T01,inclinazione2420,1,moving
142507,1,1,0,97,0,0,0,0,109,65,18,5,26,13,8,25,8,5,25,32,25,41,18,25,1,97,1788530645.2745304,G1,T01,inclinazione2420,1,moving
142707,1,1,0,97,0,0,0,0,89,37,18,13,50,18,9,37,20,4,25,25,18,34,34,25,1,97,1788530645.480285,G1,T01,inclinazione2420,1,moving
142907,1,1,0,97,0,0,0,0,32,17,18,9,29,18,5,37,9,5,25,32,25,34,25,25,1,97,1788530645.672539,G1,T01,inclinazione2420,1,moving
143107,1,1,0,97,0,0,0,0,49,20,18,8,37,13,5,37,8,5,20,25,18,34,25,25,1,97,1788530645.8802698,G1,T01,inclinazione2420,1,moving
143307,1,1,0,97,0,0,0,0,170,53,13,8,40,10,5,17,8,5,32,25,18,34,25,25,1,97,1788530646.0727582,G1,T01,inclinazione2420,1,moving
143507,1,1,0,97,0,0,0,0,45,64,18,5,26,13,5,20,10,5,32,25,25,25,25,32,1,97,1788530646.2787702,G1,T01,inclinazione2420,1,moving
143707,1,1,0,97,0,0,0,0,29,13,18,5,26,16,8,17,8,5,32,25,25,34,25,32,1,97,1788530646.4728868,G1,T01,inclinazione2420,1,moving
143907,1,1,0,97,0,0,0,0,181,40,25,5,20,5,5,8,8,5,32,25,32,34,25,25,1,97,1788530646.6780653,G1,T01,inclinazione2420,1,moving
144107,1,1,0,97,0,0,0,0,26,26,25,8,10,8,4,4,5,5,41,18,25,41,25,25,1,97,1788530646.8727071,G1,T01,inclinazione2420,1,moving
144307,1,1,0,97,0,0,0,0,40,65,13,8,20,13,5,10,5,5,25,25,25,41,25,25,1,97,1788530647.0790293,G1,T01,inclinazione2420,1,moving
144507,1,1,0,97,0,0,0,0,53,40,13,5,25,5,5,5,5,5,25,32,25,34,18,25,1,97,1788530647.2728665,G1,T01,inclinazione2420,1,moving
144707,1,1,0,97,0,0,0,0,85,16,18,13,25,10,8,5,5,5,25,32,25,34,18,25,1,97,1788530647.478326,G1,T01,inclinazione2420,1,moving
144907,1,1,0,97,0,0,0,0,178,37,25,17,17,13,8,5,5,8,18,32,25,34,25,32,1,97,1788530647.6726964,G1,T01,inclinazione2420,1,moving
145107,1,1,0,97,0,0,0,0,125,32,18,13,20,13,8,10,5,8,25,32,25,34,18,25,1,97,1788530647.8766267,G1,T01,inclinazione2420,1,moving
145307,1,1,0,97,0,0,0,0,85,16,25,13,20,13,10,5,5,8,32,32,25,34,25,25,1,97,1788530648.0725303,G1,T01,inclinazione2420,1,moving
145507,1,1,0,97,0,0,0,0,41,20,29,16,20,5,8,8,5,5,32,32,34,41,25,25,1,97,1788530648.2767322,G1,T01,inclinazione2420,1,moving
145707,1,1,0,137,0,0,0,0,68,29,20,10,13,8,5,5,5,8,32,25,25,34,25,26,1,137,1788530648.4727616,G1,T01,inclinazione2420,1,moving
145907,1,1,0,137,0,0,0,0,100,40,17,5,13,5,5,8,5,8,32,34,25,34,20,25,1,137,1788530648.676686,G1,T01,inclinazione2420,1,moving
146107,1,1,0,105,0,0,0,0,90,58,41,16,10,10,8,5,10,8,32,32,25,45,18,18,1,105,1788530648.8693917,G1,T01,inclinazione2420,1,moving
146307,1,1,0,108,0,0,0,0,40,277,97,26,17,8,5,8,13,5,32,32,18,34,18,18,1,108,1788530649.0756736,G1,T01,inclinazione2420,1,moving
146507,1,1,0,88,0,0,0,0,74,149,50,10,8,9,5,5,10,5,32,25,25,41,18,25,1,88,1788530649.268343,G1,T01,inclinazione2420,1,moving
146707,1,1,0,84,0,0,0,0,64,50,58,10,8,5,5,10,8,8,25,25,25,41,32,25,1,84,1788530649.474016,G1,T01,inclinazione2420,1,moving
146907,1,1,0,84,0,0,0,0,153,58,58,5,5,13,10,26,8,8,25,25,25,32,32,25,1,84,1788530649.6653664,G1,T01,inclinazione2420,1,moving
147107,1,1,0,71,0,0,0,0,305,241,13,10,5,5,8,13,8,5,32,25,25,34,32,25,1,71,1788530649.87302,G1,T01,inclinazione2420,1,moving
147307,1,1,0,43,0,0,0,0,2906,1341,74,10,18,9,5,36,8,8,25,25,25,34,18,25,1,43,1788530650.0805142,G1,T01,inclinazione2420,1,moving
147507,1,1,0,33,0,0,0,0,1189,1145,74,25,5,8,5,40,20,5,25,20,18,25,25,25,1,33,1788530650.271584,G1,T01,inclinazione2420,1,moving
147707,1,1,0,27,0,0,0,0,1082,709,64,37,5,10,10,40,13,5,25,25,25,41,18,25,1,27,1788530650.4781914,G1,T01,inclinazione2420,1,moving
147907,1,1,0,27,0,0,0,0,365,293,34,17,10,8,5,29,13,5,25,18,13,41,32,25,1,27,1788530650.6707542,G1,T01,inclinazione2420,1,moving
148107,1,1,0,27,0,0,0,0,313,149,26,5,10,5,5,26,10,5,25,25,13,41,18,32,1,27,1788530650.87797,G1,T01,inclinazione2420,1,moving
148307,1,1,0,27,0,0,0,0,386,145,25,17,10,13,5,37,13,5,25,25,13,25,25,32,1,27,1788530651.0702164,G1,T01,inclinazione2420,1,moving
148507,1,1,0,27,0,0,0,0,68,13,10,5,20,5,5,36,13,5,32,25,13,34,25,32,1,27,1788530651.2780917,G1,T01,inclinazione2420,1,moving
148707,1,1,0,27,0,0,0,0,260,173,8,8,16,5,8,37,13,5,32,25,32,41,25,34,1,27,1788530651.469268,G1,T01,inclinazione2420,1,moving
148907,1,1,0,7,0,0,0,0,337,125,34,5,10,5,10,50,20,5,32,25,32,34,32,32,1,7,1788530651.6764767,G1,T01,inclinazione2420,1,moving
149107,1,1,0,9,0,0,0,0,562,290,32,10,17,5,5,50,13,8,29,13,25,45,18,32,1,9,1788530651.8676357,G1,T01,inclinazione2420,1,moving
149307,1,1,0,9,0,0,0,0,900,233,74,8,17,8,8,53,25,5,18,13,13,34,25,32,1,9,1788530652.0765824,G1,T01,inclinazione2420,1,moving
149507,1,1,0,9,0,0,0,0,1625,457,26,10,32,5,5,49,20,5,18,20,13,34,25,32,1,9,1788530652.2679076,G1,T01,inclinazione2420,1,moving
149707,1,1,0,9,0,0,0,0,1285,481,61,8,34,5,5,49,20,4,18,20,18,34,25,25,1,9,1788530652.476032,G1,T01,inclinazione2420,1,moving
149907,1,1,0,8,0,0,0,0,436,169,13,8,36,9,10,36,20,8,25,20,18,34,25,32,1,8,1788530652.6679504,G1,T01,inclinazione2420,1,moving
150107,1,1,0,8,0,0,0,0,626,153,61,8,20,8,5,37,17,5,25,32,25,45,25,32,1,8,1788530652.8763528,G1,T01,inclinazione2420,1,moving
150307,1,1,0,8,0,0,0,0,4505,1453,41,17,17,9,5,40,13,8,25,32,25,29,25,25,1,8,1788530653.0685294,G1,T01,inclinazione2420,1,moving
150507,1,1,0,8,0,0,0,0,3865,1600,53,9,34,5,8,58,17,5,25,25,25,45,25,32,1,8,1788530653.2757778,G1,T01,inclinazione2420,1,moving
150707,1,1,0,8,0,0,0,0,1458,514,25,8,49,8,5,50,25,9,32,25,20,45,25,41,1,8,1788530653.4675093,G1,T01,inclinazione2420,1,moving
150907,1,1,0,8,0,0,0,0,289,100,13,10,26,5,10,8,17,5,32,41,25,45,34,41,1,8,1788530653.67548,G1,T01,inclinazione2420,1,moving
151107,1,1,0,8,0,0,0,0,333,229,10,16,32,10,13,34,5,5,34,25,20,34,34,41,1,8,1788530653.8676093,G1,T01,inclinazione2420,1,moving
151307,1,1,0,8,0,0,0,0,29401,8945,113,10,18,10,13,5,5,4,32,25,18,34,34,32,1,8,1788530654.0757506,G1,T01,inclinazione2420,1,moving
151507,1,1,0,8,0,0,0,0,24650,7361,10,8,25,5,9,8,25,5,32,25,18,45,34,41,1,8,1788530654.267324,G1,T01,inclinazione2420,1,moving
151707,1,1,0,8,0,0,0,0,4285,1889,61,41,17,5,5,13,25,8,32,25,25,34,32,32,1,8,1788530654.4751434,G1,T01,inclinazione2420,1,moving
151907,1,1,0,8,0,0,0,0,1856,610,89,74,13,13,8,17,34,10,25,25,25,41,32,25,1,8,1788530654.6671224,G1,T01,inclinazione2420,1,moving
152107,1,1,0,8,0,0,0,0,1664,457,53,40,10,5,10,13,18,13,32,25,32,41,20,32,1,8,1788530654.871789,G1,T01,inclinazione2420,1,moving
152307,1,1,0,8,0,0,0,0,1973,461,100,26,18,8,5,13,5,5,32,25,32,41,25,32,1,8,1788530655.0785968,G1,T01,inclinazione2420,1,moving
152507,1,1,0,8,0,0,0,0,882,296,81,8,5,8,5,10,9,5,18,25,25,41,32,32,1,8,1788530655.2740488,G1,T01,inclinazione2420,1,moving
152707,1,1,0,8,0,0,0,0,153,100,80,9,13,8,10,9,10,5,25,25,13,34,32,32,1,8,1788530655.4778516,G1,T01,inclinazione2420,1,moving
152907,1,1,0,8,0,0,0,0,1370,458,41,17,18,5,16,13,25,10,32,25,18,34,25,32,1,8,1788530655.6738667,G1,T01,inclinazione2420,1,moving
153107,1,1,0,8,0,0,0,0,5945,1949,89,29,25,8,20,17,34,10,32,25,18,41,25,25,1,8,1788530655.8756106,G1,T01,inclinazione2420,1,moving
153307,1,1,0,8,0,0,0,0,745,232,85,37,32,8,20,17,34,13,32,25,25,41,25,25,1,8,1788530656.0739405,G1,T01,inclinazione2420,1,moving
153507,1,1,0,8,0,0,0,0,872,356,68,37,25,8,20,17,34,13,32,25,25,41,25,32,1,8,1788530656.273621,G1,T01,inclinazione2420,1,moving
153707,1,1,0,8,0,0,0,0,4517,1466,40,13,13,8,17,18,32,5,32,32,13,34,32,25,1,8,1788530656.4737077,G1,T01,inclinazione2420,1,moving
153907,1,1,0,8,0,0,0,0,914,317,97,13,8,5,9,17,25,5,25,32,20,41,25,32,1,8,1788530656.6739402,G1,T01,inclinazione2420,1,moving
154107,1,1,0,8,0,0,0,0,1325,457,53,13,25,13,9,8,5,5,18,41,18,34,32,41,1,8,1788530656.8802867,G1,T01,inclinazione2420,1,moving
154307,1,1,0,8,0,0,0,0,65,25,29,13,5,5,8,10,5,8,18,34,18,34,32,25,1,8,1788530657.0714324,G1,T01,inclinazione2420,1,moving
154507,1,1,0,8,0,0,0,0,61,100,10,5,13,9,8,8,5,8,32,25,18,29,32,25,1,8,1788530657.279141,G1,T01,inclinazione2420,1,moving
154707,1,1,0,8,0,0,0,0,801,274,17,8,20,25,9,5,4,8,32,25,18,34,41,25,1,8,1788530657.4714217,G1,T01,inclinazione2420,1,moving
154907,1,1,0,8,0,0,0,0,117,181,117,8,37,13,5,5,5,13,32,25,18,34,32,41,1,8,1788530657.6797678,G1,T01,inclinazione2420,1,moving
155107,1,1,0,8,0,0,0,0,442,122,34,8,17,17,5,18,9,5,32,18,18,41,25,32,1,8,1788530657.8701193,G1,T01,inclinazione2420,1,moving
155307,1,1,0,8,0,0,0,0,274,68,41,10,20,16,5,20,10,5,32,25,13,34,25,32,1,8,1788530658.0787065,G1,T01,inclinazione2420,1,moving
155507,1,1,0,8,0,0,0,0,153,85,10,13,17,10,13,10,8,8,32,25,18,34,18,34,1,8,1788530658.2702272,G1,T01,inclinazione2420,1,moving
155707,1,1,0,8,0,0,0,0,985,353,18,13,10,5,5,9,8,8,32,25,25,41,25,41,1,8,1788530658.4771686,G1,T01,inclinazione2420,1,moving
155907,1,1,0,8,0,0,0,0,530,180,34,13,13,13,5,36,25,8,25,20,25,41,25,41,1,8,1788530658.6692848,G1,T01,inclinazione2420,1,moving
156107,1,1,0,8,0,0,0,0,1730,625,81,8,5,8,9,41,26,4,25,18,25,34,25,18,1,8,1788530658.8773808,G1,T01,inclinazione2420,1,moving
156307,1,1,0,8,0,0,0,0,1625,637,72,10,8,13,13,58,29,5,32,18,25,45,18,13,1,8,1788530659.0688262,G1,T01,inclinazione2420,1,moving
156507,1,1,0,8,0,0,0,0,757,261,29,8,5,10,8,65,29,5,32,25,25,41,32,25,1,8,1788530659.2778616,G1,T01,inclinazione2420,1,moving
156707,1,1,0,8,0,0,0,0,277,145,34,8,5,10,8,58,25,8,32,18,18,41,25,41,1,8,1788530659.4699333,G1,T01,inclinazione2420,1,moving
156907,1,1,0,8,0,0,0,0,125,85,26,13,5,10,8,50,18,5,32,25,18,41,25,32,1,8,1788530659.677284,G1,T01,inclinazione2420,1,moving
157107,1,1,0,8,0,0,0,0,100,100,9,8,9,8,8,37,13,5,32,18,18,41,25,32,1,8,1788530659.8691988,G1,T01,inclinazione2420,1,moving
157307,1,1,0,8,0,0,0,0,72,36,10,5,10,8,8,37,13,5,25,18,18,41,25,32,1,8,1788530660.0771587,G1,T01,inclinazione2420,1,moving
157507,1,1,0,4,0,0,0,0,320,89,10,10,8,13,9,40,13,5,25,34,25,34,32,25,1,4,1788530660.268325,G1,T01,inclinazione2420,1,moving
157707,1,1,0,4,0,0,0,0,1000,457,10,34,10,8,9,40,18,5,25,34,18,34,25,32,1,4,1788530660.4757004,G1,T01,inclinazione2420,1,moving
157907,1,1,0,35,0,0,0,0,298,170,13,13,5,8,10,50,13,5,25,18,13,34,25,32,1,35,1788530660.6677685,G1,T01,inclinazione2420,1,moving
158107,1,1,0,51,0,0,0,0,218,160,40,20,8,10,5,18,17,5,25,18,25,34,25,32,1,51,1788530660.8751552,G1,T01,inclinazione2420,1,moving
158307,1,1,0,39,0,0,0,0,125,185,26,18,8,5,5,17,13,5,32,18,32,45,25,32,1,39,1788530661.0664885,G1,T01,inclinazione2420,1,moving
158507,1,1,0,43,0,0,0,0,356,389,52,8,5,10,13,18,13,5,41,25,18,34,25,32,1,43,1788530661.274112,G1,T01,inclinazione2420,1,moving
158707,1,1,0,42,0,0,0,0,85,106,17,10,10,13,5,25,8,9,34,18,18,34,18,32,1,42,1788530661.4668813,G1,T01,inclinazione2420,1,moving
158907,1,1,0,142,0,0,0,0,128,104,50,13,10,5,10,17,8,5,20,13,18,34,25,25,1,142,1788530661.6748912,G1,T01,inclinazione2420,1,moving
159107,1,1,0,94,0,0,0,0,125,153,37,17,13,8,5,10,5,5,25,25,25,34,25,25,1,94,1788530661.866946,G1,T01,inclinazione2420,1,moving
159307,1,1,0,74,0,0,0,0,317,181,41,45,17,8,5,5,8,5,32,32,25,34,18,32,1,74,1788530662.0745857,G1,T01,inclinazione2420,1,moving
159507,1,1,0,64,0,0,0,0,58,53,8,50,10,5,8,8,8,5,32,32,25,41,25,25,1,64,1788530662.266003,G1,T01,inclinazione2420,1,moving
159707,1,1,0,59,0,0,0,0,205,500,64,25,5,10,10,13,13,5,32,25,25,41,25,32,1,59,1788530662.4730725,G1,T01,inclinazione2420,1,moving
159907,1,1,0,59,0,0,0,0,149,360,52,34,5,8,5,20,10,8,25,25,25,45,32,32,1,59,1788530662.681083,G1,T01,inclinazione2420,1,moving
160107,1,1,0,52,0,0,0,0,181,458,80,20,5,5,5,13,5,8,32,25,13,34,25,32,1,52,1788530662.8732493,G1,T01,inclinazione2420,1,moving
160307,1,1,0,61,0,0,0,0,82,306,97,25,5,8,8,8,5,8,41,32,25,34,25,25,1,61,1788530663.080767,G1,T01,inclinazione2420,1,moving
160507,1,1,0,79,0,0,0,0,148,52,104,25,5,9,10,8,5,10,41,32,25,34,25,18,1,79,1788530663.2732036,G1,T01,inclinazione2420,1,moving
160707,1,1,0,88,0,0,0,0,144,113,34,25,8,9,5,8,10,10,41,25,18,34,25,18,1,88,1788530663.4810216,G1,T01,inclinazione2420,1,moving
160907,1,1,0,88,0,0,0,0,149,73,34,26,5,5,5,5,8,5,32,25,18,34,25,32,1,88,1788530663.6721582,G1,T01,inclinazione2420,1,moving
161107,1,1,0,88,0,0,0,0,148,25,34,9,8,5,9,8,5,8,41,32,18,34,25,25,1,88,1788530663.8789682,G1,T01,inclinazione2420,1,moving
161307,1,1,0,88,0,0,0,0,98,20,34,13,13,9,10,8,5,5,32,32,25,34,32,20,1,88,1788530664.070314,G1,T01,inclinazione2420,1,moving
161507,1,1,0,88,0,0,0,0,180,58,20,18,8,8,5,13,5,8,32,18,18,34,32,25,1,88,1788530664.2771668,G1,T01,inclinazione2420,1,moving
161707,1,1,0,88,0,0,0,0,20,45,25,13,8,9,8,10,5,5,41,18,20,34,25,32,1,88,1788530664.4691083,G1,T01,inclinazione2420,1,moving
161907,1,1,0,88,0,0,0,0,170,65,25,13,10,5,9,9,8,5,32,20,18,34,25,25,1,88,1788530664.6765544,G1,T01,inclinazione2420,1,moving
162107,1,1,0,88,0,0,0,0,73,20,32,13,13,8,5,16,8,8,32,20,18,34,25,32,1,88,1788530664.8682554,G1,T01,inclinazione2420,1,moving
162307,1,1,0,88,0,0,0,0,265,90,20,18,9,8,5,26,8,4,18,34,18,34,20,25,1,88,1788530665.0760303,G1,T01,inclinazione2420,1,moving
162507,1,1,0,88,0,0,0,0,80,25,13,8,5,5,8,29,13,5,18,34,18,45,25,25,1,88,1788530665.2675924,G1,T01,inclinazione2420,1,moving
162707,1,1,0,88,0,0,0,0,100,53,25,8,5,8,8,41,8,5,32,18,25,34,25,25,1,88,1788530665.4750235,G1,T01,inclinazione2420,1,moving
162907,1,1,0,88,0,0,0,0,34,20,16,20,5,5,8,45,8,5,32,18,18,34,25,25,1,88,1788530665.6801245,G1,T01,inclinazione2420,1,moving
163107,1,1,0,88,0,0,0,0,73,37,25,9,10,5,8,34,10,5,25,25,18,34,32,25,1,88,1788530665.8735683,G1,T01,inclinazione2420,1,moving
163307,1,1,0,88,0,0,0,0,149,20,16,16,13,18,5,58,20,5,32,32,18,29,25,34,1,88,1788530666.0794399,G1,T01,inclinazione2420,1,moving
163507,1,1,0,88,0,0,0,0,208,73,13,8,8,13,5,53,13,8,41,18,25,41,18,25,1,88,1788530666.2719314,G1,T01,inclinazione2420,1,moving
163707,1,1,0,88,0,0,0,0,65,37,18,5,8,5,5,45,13,5,32,25,25,41,25,25,1,88,1788530666.4795456,G1,T01,inclinazione2420,1,moving
163907,1,1,0,88,0,0,0,0,145,40,13,13,13,13,8,45,8,8,25,25,25,41,25,25,1,88,1788530666.6706765,G1,T01,inclinazione2420,1,moving
164107,1,1,0,88,0,0,0,0,50,17,5,13,10,20,10,40,13,8,32,25,25,34,25,25,1,88,1788530666.87735,G1,T01,inclinazione2420,1,moving
164307,1,1,0,88,0,0,0,0,25,40,10,13,13,5,8,40,13,5,18,18,25,34,25,32,1,88,1788530667.0701091,G1,T01,inclinazione2420,1,moving
164507,1,1,0,88,0,0,0,0,101,34,13,18,8,9,8,53,13,5,18,25,32,34,34,25,1,88,1788530667.2777991,G1,T01,inclinazione2420,1,moving
164707,1,1,0,88,0,0,0,0,144,26,13,13,5,13,13,29,8,8,32,25,25,34,25,25,1,88,1788530667.4688406,G1,T01,inclinazione2420,1,moving
164907,1,1,0,88,0,0,0,0,65,36,9,8,5,10,13,34,8,5,25,32,25,25,25,25,1,88,1788530667.6759908,G1,T01,inclinazione2420,1,moving
165107,1,1,0,88,0,0,0,0,100,61,10,13,5,9,8,40,18,8,25,32,18,34,25,25,1,88,1788530667.8674166,G1,T01,inclinazione2420,1,moving
165307,1,1,0,88,0,0,0,0,52,34,13,13,10,20,10,53,25,8,32,25,18,34,25,25,1,88,1788530668.0751133,G1,T01,inclinazione2420,1,moving
165507,1,1,0,88,0,0,0,0,185,61,20,8,10,8,9,65,34,5,32,25,18,25,25,34,1,88,1788530668.2660408,G1,T01,inclinazione2420,1,moving
165707,1,1,0,88,0,0,0,0,82,26,9,10,5,26,5,58,17,8,25,18,13,25,25,18,1,88,1788530668.472813,G1,T01,inclinazione2420,1,moving
165907,1,1,0,88,0,0,0,0,61,29,18,10,13,20,5,45,8,5,32,25,20,25,25,18,1,88,1788530668.6800845,G1,T01,inclinazione2420,1,moving
166107,1,1,0,88,0,0,0,0,61,25,10,25,20,9,9,25,13,10,25,25,25,25,34,18,1,88,1788530668.8717604,G1,T01,inclinazione2420,1,moving
166307,1,1,0,88,0,0,0,0,50,17,13,8,13,13,5,25,13,5,25,25,32,34,32,25,1,88,1788530669.0789342,G1,T01,inclinazione2420,1,moving
166507,1,1,0,88,0,0,0,0,82,37,13,18,13,8,8,20,8,5,25,25,32,34,32,25,1,88,1788530669.2713454,G1,T01,inclinazione2420,1,moving
166707,1,1,0,88,0,0,0,0,122,50,8,18,13,5,5,17,8,8,25,25,25,34,41,18,1,88,1788530669.4788358,G1,T01,inclinazione2420,1,moving
166907,1,1,0,88,0,0,0,0,32,18,13,13,5,8,9,26,5,5,25,18,20,41,32,34,1,88,1788530669.6708584,G1,T01,inclinazione2420,1,moving
167107,1,1,0,88,0,0,0,0,82,25,18,8,10,13,10,58,8,5,18,25,18,34,32,34,1,88,1788530669.8781488,G1,T01,inclinazione2420,1,moving
167307,1,1,0,88,0,0,0,0,146,25,8,5,8,13,10,40,18,5,41,18,18,34,32,32,1,88,1788530670.0700686,G1,T01,inclinazione2420,1,moving
167507,1,1,0,88,0,0,0,0,85,40,13,13,10,10,5,58,20,2,32,18,25,41,25,32,1,88,1788530670.2776582,G1,T01,inclinazione2420,1,moving
167707,1,1,0,88,0,0,0,0,100,25,20,13,10,13,9,36,20,5,32,32,25,25,32,32,1,88,1788530670.4691687,G1,T01,inclinazione2420,1,moving
167907,1,1,0,88,0,0,0,0,125,40,10,18,10,13,8,45,25,5,32,25,25,34,25,32,1,88,1788530670.6765504,G1,T01,inclinazione2420,1,moving
168107,1,1,0,88,0,0,0,0,41,16,9,20,18,13,5,29,8,5,32,25,18,34,25,25,1,88,1788530670.8678453,G1,T01,inclinazione2420,1,moving
168307,1,1,0,343,0,0,0,0,52,18,8,9,9,18,5,29,13,5,25,25,18,34,25,25,1,343,1788530671.0756876,G1,T01,inclinazione2420,1,moving
168507,1,1,0,343,0,0,0,0,41,29,8,18,17,18,5,29,8,8,25,34,25,45,25,25,1,343,1788530671.2672915,G1,T01,inclinazione2420,1,moving
168707,1,1,0,343,0,0,0,0,50,17,5,18,5,5,8,20,10,8,25,18,18,45,25,25,1,343,1788530671.4758046,G1,T01,inclinazione2420,1,moving
168907,1,1,0,343,0,0,0,0,32,36,10,13,13,5,5,9,5,8,32,32,25,34,32,25,1,343,1788530671.6666925,G1,T01,inclinazione2420,1,moving
169107,1,1,0,343,0,0,0,0,53,29,18,20,37,26,4,9,4,8,25,34,18,34,32,25,1,343,1788530671.8740737,G1,T01,inclinazione2420,1,moving
169307,1,1,0,343,0,0,0,0,58,36,10,13,20,20,5,9,8,5,25,25,18,34,25,25,1,343,1788530672.0812323,G1,T01,inclinazione2420,1,moving
169507,1,1,0,343,0,0,0,0,50,20,13,13,9,18,5,10,8,5,25,32,25,34,25,25,1,343,1788530672.2726781,G1,T01,inclinazione2420,1,moving
169707,1,1,0,343,0,0,0,0,125,26,13,13,5,18,9,25,5,5,32,25,18,34,32,25,1,343,1788530672.4812894,G1,T01,inclinazione2420,1,moving
169907,1,1,0,343,0,0,0,0,113,17,10,13,13,10,5,29,5,9,18,25,18,34,32,25,1,343,1788530672.6738877,G1,T01,inclinazione2420,1,moving
170107,1,1,0,343,0,0,0,0,194,53,8,10,10,20,10,34,13,8,25,32,25,45,25,25,1,343,1788530672.8805683,G1,T01,inclinazione2420,1,moving
170307,1,1,0,343,0,0,0,1,245,50,8,10,8,18,10,34,13,5,25,25,18,25,25,25,1,343,1788530673.073579,G1,T01,inclinazione2420,1,moving
170507,1,1,0,343,0,0,0,0,52,13,10,10,8,13,5,34,13,8,32,25,18,25,34,25,1,343,1788530673.2797563,G1,T01,inclinazione2420,1,moving
170707,1,1,0,343,0,0,0,0,185,41,13,17,17,13,5,29,8,5,25,25,25,41,25,18,1,343,1788530673.47045,G1,T01,inclinazione2420,1,moving
170907,1,1,0,343,0,0,0,0,65,20,13,8,18,10,5,10,8,8,25,25,18,34,25,25,1,343,1788530673.6775398,G1,T01,inclinazione2420,1,moving
171107,1,1,0,343,0,0,0,0,50,20,18,8,8,13,5,13,5,5,25,32,18,29,25,25,1,343,1788530673.8690386,G1,T01,inclinazione2420,1,moving
171307,1,1,0,343,0,0,0,0,256,90,13,13,5,8,5,5,5,8,25,18,18,29,32,25,1,343,1788530674.0760543,G1,T01,inclinazione2420,1,moving
171507,1,1,0,343,0,0,0,0,208,61,8,8,13,5,8,9,5,8,32,18,25,34,25,25,1,343,1788530674.268621,G1,T01,inclinazione2420,1,moving
171707,1,1,0,343,0,0,0,0,34,17,13,13,13,10,5,10,5,5,25,25,32,34,25,34,1,343,1788530674.4757495,G1,T01,inclinazione2420,1,moving
171907,1,1,0,343,0,0,0,0,53,20,10,29,18,10,5,10,8,10,25,25,25,45,25,25,1,343,1788530674.667843,G1,T01,inclinazione2420,1,moving
172107,1,1,0,343,0,0,0,0,97,26,8,13,8,10,8,20,13,5,25,25,25,45,25,25,1,343,1788530674.874766,G1,T01,inclinazione2420,1,moving
172307,1,1,0,343,0,0,0,0,74,68,5,13,8,5,5,20,8,5,25,25,32,45,25,32,1,343,1788530675.0657496,G1,T01,inclinazione2420,1,moving
172507,1,1,0,343,0,0,0,0,52,16,10,10,18,10,8,52,13,5,25,25,25,45,25,32,1,343,1788530675.2733302,G1,T01,inclinazione2420,1,moving
172707,1,1,0,343,0,0,0,0,97,29,5,20,9,13,8,40,13,5,25,25,25,34,25,32,1,343,1788530675.4808083,G1,T01,inclinazione2420,1,moving
172907,1,1,0,343,0,0,0,0,26,17,5,20,5,10,5,58,25,9,25,25,18,41,34,25,1,343,1788530675.673474,G1,T01,inclinazione2420,1,moving
173107,1,1,0,343,0,0,0,0,169,90,8,20,8,16,10,45,18,5,25,25,18,41,25,25,1,343,1788530675.8803487,G1,T01,inclinazione2420,1,moving
173307,1,1,0,343,0,0,0,0,65,34,10,13,13,34,9,40,8,5,18,18,20,41,25,25,1,343,1788530676.072567,G1,T01,inclinazione2420,1,moving
173507,1,1,0,343,0,0,0,0,72,26,8,17,9,20,5,20,5,5,25,13,18,34,32,25,1,343,1788530676.2793107,G1,T01,inclinazione2420,1,moving
173707,1,1,0,343,0,0,0,0,58,13,10,8,8,13,5,17,8,5,25,18,18,34,34,18,1,343,1788530676.4713538,G1,T01,inclinazione2420,1,moving
173907,1,1,0,343,0,0,0,0,72,45,10,13,5,13,5,9,8,5,32,25,18,58,25,25,1,343,1788530676.679801,G1,T01,inclinazione2420,1,moving
174107,1,1,0,343,0,0,0,0,73,58,9,16,10,8,5,8,5,5,25,20,13,45,25,25,1,343,1788530676.8699803,G1,T01,inclinazione2420,1,moving
174307,1,1,0,343,0,0,0,0,136,25,16,8,9,10,5,17,5,5,25,25,18,34,25,20,1,343,1788530677.0777159,G1,T01,inclinazione2420,1,moving
174507,1,1,0,343,0,0,0,0,61,34,5,13,5,10,5,8,5,8,32,25,25,41,25,18,1,343,1788530677.271018,G1,T01,inclinazione2420,1,moving
174707,1,1,0,343,0,0,0,0,106,50,5,13,10,17,5,20,10,4,25,18,20,41,25,25,1,343,1788530677.4760122,G1,T01,inclinazione2420,1,moving
174907,1,1,0,343,0,0,0,0,157,32,9,25,32,17,10,45,8,8,25,18,25,41,25,25,1,343,1788530677.6717463,G1,T01,inclinazione2420,1,moving
175107,1,1,0,343,0,0,0,0,121,104,5,13,9,20,5,40,8,8,32,25,25,41,25,25,1,343,1788530677.876957,G1,T01,inclinazione2420,1,moving
175307,1,1,0,343,0,0,0,0,90,41,8,13,10,13,8,29,8,5,32,25,25,52,32,25,1,343,1788530678.0734248,G1,T01,inclinazione2420,1,moving
175507,1,1,0,343,0,0,0,0,26,20,9,9,18,50,10,45,13,5,32,25,18,29,32,25,1,343,1788530678.2758555,G1,T01,inclinazione2420,1,moving
175707,1,1,0,343,0,0,0,0,52,17,13,13,10,20,5,26,13,5,32,25,18,34,25,25,1,343,1788530678.474875,G1,T01,inclinazione2420,1,moving
175907,1,1,0,35,0,0,0,0,65,20,5,18,10,5,8,10,8,8,25,25,25,34,25,32,1,35,1788530678.6752357,G1,T01,inclinazione2420,1,moving
176107,1,1,0,35,0,0,0,0,85,29,5,18,8,5,8,8,8,5,25,25,25,45,25,25,1,35,1788530678.8760734,G1,T01,inclinazione2420,1,moving
176307,1,1,0,35,0,0,0,0,73,58,5,13,8,8,5,16,8,5,41,25,20,25,34,25,1,35,1788530679.0764172,G1,T01,inclinazione2420,1,moving
176507,1,1,0,35,0,0,0,0,52,40,5,13,10,8,5,10,5,5,32,25,13,40,25,18,1,35,1788530679.276563,G1,T01,inclinazione2420,1,moving
176707,1,1,0,35,0,0,0,0,45,40,8,13,5,13,8,10,5,8,32,18,25,34,18,25,1,35,1788530679.4768467,G1,T01,inclinazione2420,1,moving
176907,1,1,0,35,0,0,0,0,37,13,5,20,8,20,8,17,5,5,32,18,18,34,25,18,1,35,1788530679.6811535,G1,T01,inclinazione2420,1,moving
177107,1,1,0,35,0,0,0,0,85,20,5,18,10,13,5,13,8,8,32,18,25,41,32,18,1,35,1788530679.879703,G1,T01,inclinazione2420,1,moving
177307,1,1,0,35,0,0,0,0,81,25,5,13,13,10,8,29,10,8,25,25,18,32,34,18,1,35,1788530680.0780513,G1,T01,inclinazione2420,1,moving
177507,1,1,0,35,0,0,0,0,41,18,13,8,10,10,13,50,10,10,18,25,18,34,25,18,1,35,1788530680.2804077,G1,T01,inclinazione2420,1,moving
177707,1,1,0,35,0,0,0,0,153,50,10,16,5,9,8,53,10,5,25,25,18,34,32,13,1,35,1788530680.4787931,G1,T01,inclinazione2420,1,moving
177907,1,1,0,35,0,0,0,0,53,41,8,13,5,5,8,29,8,5,32,25,18,34,18,18,1,35,1788530680.678905,G1,T01,inclinazione2420,1,moving
178107,1,1,0,35,0,0,0,0,90,20,5,13,17,13,5,40,13,5,25,34,18,25,32,18,1,35,1788530680.8795133,G1,T01,inclinazione2420,1,moving
178307,1,1,0,35,0,0,0,0,40,32,10,13,17,20,5,20,5,5,25,34,18,25,32,18,1,35,1788530681.080229,G1,T01,inclinazione2420,1,moving
178507,1,1,0,35,0,0,0,0,41,25,13,13,13,13,8,10,8,5,25,25,18,34,18,25,1,35,1788530681.2810223,G1,T01,inclinazione2420,1,moving
178707,1,1,0,35,0,0,0,0,52,20,8,20,10,5,5,17,5,8,32,25,18,34,18,25,1,35,1788530681.4810665,G1,T01,inclinazione2420,1,moving
178907,1,1,0,35,0,0,0,0,85,41,10,8,8,9,8,10,8,13,25,25,18,34,18,25,1,35,1788530681.681213,G1,T01,inclinazione2420,1,moving
179107,1,1,0,35,0,0,0,0,117,41,10,13,8,10,5,9,5,5,18,25,18,34,25,18,1,35,1788530681.8813074,G1,T01,inclinazione2420,1,moving
179307,1,1,0,35,0,0,0,0,65,37,9,18,13,10,8,10,8,5,18,34,25,34,18,25,1,35,1788530682.067774,G1,T01,inclinazione2420,1,moving
179507,1,1,0,35,0,0,0,0,109,65,8,34,20,9,5,26,13,8,32,18,13,41,25,32,1,35,1788530682.2746286,G1,T01,inclinazione2420,1,moving
179707,1,1,0,35,0,0,0,0,40,25,8,18,20,17,13,34,8,5,32,25,13,34,25,25,1,35,1788530682.481063,G1,T01,inclinazione2420,1,moving
179907,1,1,0,35,0,0,0,0,40,13,10,18,13,13,8,45,13,5,32,25,18,34,25,25,1,35,1788530682.6735728,G1,T01,inclinazione2420,1,moving
180107,1,1,0,35,0,0,0,0,178,52,5,18,8,10,9,45,8,8,32,25,25,34,25,25,1,35,1788530682.8691504,G1,T01,inclinazione2420,1,moving
180307,1,1,0,35,0,0,0,0,137,50,5,9,17,25,8,45,8,5,32,25,25,34,25,18,1,35,1788530683.0746665,G1,T01,inclinazione2420,1,moving
180507,1,1,0,35,0,0,0,0,125,73,5,13,26,17,5,29,8,5,25,25,32,34,25,18,1,35,1788530683.2713768,G1,T01,inclinazione2420,1,moving
180707,1,1,0,35,0,0,0,0,100,20,8,13,5,10,5,13,8,5,18,25,25,41,25,18,1,35,1788530683.474346,G1,T01,inclinazione2420,1,moving
180907,1,1,0,35,0,0,0,0,130,65,8,13,10,18,10,9,5,5,25,25,32,45,25,25,1,35,1788530683.6730485,G1,T01,inclinazione2420,1,moving
181107,1,1,0,35,0,0,0,0,109,29,10,20,10,10,5,10,4,5,25,25,32,52,25,25,1,35,1788530683.874281,G1,T01,inclinazione2420,1,moving
181307,1,1,0,35,0,0,0,0,185,53,13,20,13,10,5,10,5,8,32,25,25,34,32,25,1,35,1788530684.079521,G1,T01,inclinazione2420,1,moving
181507,1,1,0,35,0,0,0,0,73,20,8,13,17,5,4,9,9,10,32,25,25,34,32,18,1,35,1788530684.2760804,G1,T01,inclinazione2420,1,moving
181707,1,1,0,35,0,0,0,0,61,74,13,18,13,9,5,13,9,8,25,25,18,34,25,32,1,35,1788530684.478581,G1,T01,inclinazione2420,1,moving
181907,1,1,0,35,0,0,0,0,68,41,13,18,10,13,5,25,5,5,25,25,32,34,25,18,1,35,1788530684.677129,G1,T01,inclinazione2420,1,moving
182107,1,1,0,35,0,0,0,0,313,128,13,13,10,20,13,29,8,5,25,25,32,41,25,25,1,35,1788530684.8784904,G1,T01,inclinazione2420,1,moving
182307,1,1,0,35,0,0,0,0,65,25,13,5,5,9,5,34,8,5,25,25,32,34,25,32,1,35,1788530685.0785124,G1,T01,inclinazione2420,1,moving
182507,1,1,0,35,0,0,0,0,74,25,13,13,8,10,8,40,8,4,32,20,25,41,25,25,1,35,1788530685.2795155,G1,T01,inclinazione2420,1,moving
182707,1,1,0,35,0,0,0,0,40,20,13,20,10,18,8,29,8,5,18,25,18,34,25,25,1,35,1788530685.4811165,G1,T01,inclinazione2420,1,moving
182907,1,1,0,35,0,0,0,0,117,29,13,25,13,5,5,10,10,5,25,32,25,34,18,25,1,35,1788530685.680462,G1,T01,inclinazione2420,1,moving
183107,1,1,0,35,0,0,0,0,64,13,5,34,13,9,13,13,5,5,18,25,32,34,25,13,1,35,1788530685.8666248,G1,T01,inclinazione2420,1,moving
183307,1,1,0,35,0,0,0,0,113,13,20,20,5,10,5,8,5,5,25,25,25,25,25,25,1,35,1788530686.0747657,G1,T01,inclinazione2420,1,moving
183507,1,1,0,35,0,0,0,0,205,73,13,29,8,13,8,9,5,8,25,25,25,41,25,25,1,35,1788530686.2664216,G1,T01,inclinazione2420,1,moving
183707,1,1,0,35,0,0,0,0,25,16,20,32,20,8,5,9,13,8,25,25,25,41,25,34,1,35,1788530686.474225,G1,T01,inclinazione2420,1,moving
183907,1,1,0,35,0,0,0,0,173,20,18,20,8,10,5,16,5,5,18,25,25,41,32,18,1,35,1788530686.6667833,G1,T01,inclinazione2420,1,moving
184107,1,1,0,35,0,0,0,0,37,36,8,20,8,10,5,29,8,8,20,34,25,45,25,25,1,35,1788530686.8747807,G1,T01,inclinazione2420,1,moving
184307,1,1,0,35,0,0,0,0,52,17,18,16,8,13,5,29,8,5,25,25,18,34,32,18,1,35,1788530687.0661042,G1,T01,inclinazione2420,1,moving
184507,1,1,0,35,0,0,0,0,97,45,8,25,13,13,8,45,13,5,25,25,13,34,32,18,1,35,1788530687.273288,G1,T01,inclinazione2420,1,moving
184707,1,1,0,35,0,0,0,0,205,65,17,34,13,5,5,34,18,5,25,25,13,41,25,25,1,35,1788530687.4806614,G1,T01,inclinazione2420,1,moving
184907,1,1,0,35,0,0,0,0,116,29,13,20,5,13,5,29,4,5,25,25,18,41,25,25,1,35,1788530687.6716785,G1,T01,inclinazione2420,1,moving
185107,1,1,0,35,0,0,0,0,218,72,9,25,5,10,8,29,8,5,34,18,18,34,18,25,1,35,1788530687.8781643,G1,T01,inclinazione2420,1,moving
185307,1,1,0,35,0,0,0,0,225,97,10,34,20,17,5,18,10,5,18,20,25,34,25,25,1,35,1788530688.0700314,G1,T01,inclinazione2420,1,moving
185507,1,1,0,35,0,0,0,0,73,34,8,25,10,10,5,9,8,5,25,20,25,34,25,25,1,35,1788530688.2778423,G1,T01,inclinazione2420,1,moving
185707,1,1,0,35,0,0,0,0,117,36,13,16,5,18,5,10,5,5,32,25,25,41,32,25,1,35,1788530688.4699187,G1,T01,inclinazione2420,1,moving
185907,1,1,0,35,0,0,0,0,37,13,10,17,17,13,5,10,8,5,25,25,25,34,32,25,1,35,1788530688.6777663,G1,T01,inclinazione2420,1,moving
186107,1,1,0,35,0,0,0,0,74,25,13,20,18,10,10,10,5,5,25,32,25,34,25,25,1,35,1788530688.8691137,G1,T01,inclinazione2420,1,moving
186307,1,1,0,35,0,0,0,0,58,13,25,20,18,10,8,26,8,2,32,32,25,34,25,25,1,35,1788530689.0786564,G1,T01,inclinazione2420,1,moving
186507,1,1,0,35,0,0,0,0,101,65,34,25,13,18,5,45,8,5,32,25,25,34,32,25,1,35,1788530689.2704635,G1,T01,inclinazione2420,1,moving
186707,1,1,0,35,0,0,0,0,80,25,25,20,8,10,8,29,5,5,25,25,18,34,32,32,1,35,1788530689.4778001,G1,T01,inclinazione2420,1,moving
186907,1,1,0,35,0,0,0,0,26,13,20,18,5,9,5,29,8,8,32,25,18,34,32,25,1,35,1788530689.6687427,G1,T01,inclinazione2420,1,moving
187107,1,1,0,35,0,0,0,0,85,25,20,18,8,13,5,29,8,5,32,18,18,25,32,18,1,35,1788530689.8752801,G1,T01,inclinazione2420,1,moving
187307,1,1,0,35,0,0,0,0,145,40,13,13,8,10,8,13,8,5,13,20,18,34,25,25,1,35,1788530690.0669184,G1,T01,inclinazione2420,1,moving
187507,1,1,0,35,0,0,0,0,181,32,5,20,10,13,5,13,5,5,32,32,25,34,18,32,1,35,1788530690.2752478,G1,T01,inclinazione2420,1,moving
187707,1,1,0,35,0,0,0,0,164,32,13,25,17,20,5,9,5,5,25,41,18,34,32,25,1,35,1788530690.46859,G1,T01,inclinazione2420,1,moving
187907,1,1,0,35,0,0,0,0,68,13,13,25,13,8,5,5,5,8,25,41,25,34,25,32,1,35,1788530690.6740932,G1,T01,inclinazione2420,1,moving
188107,1,1,0,35,0,0,0,0,64,45,45,18,13,13,13,17,13,13,32,18,25,34,25,32,1,35,1788530690.8811717,G1,T01,inclinazione2420,1,moving
188307,1,1,0,35,0,0,0,0,90,25,25,20,8,8,5,17,9,4,25,18,18,34,25,25,1,35,1788530691.0726733,G1,T01,inclinazione2420,1,moving
188507,1,1,0,35,0,0,0,0,116,64,13,17,8,13,5,26,10,5,25,25,25,34,25,25,1,35,1788530691.279821,G1,T01,inclinazione2420,1,moving
188707,1,1,0,35,0,0,0,0,64,52,8,25,10,8,8,45,13,5,32,25,25,34,25,25,1,35,1788530691.471307,G1,T01,inclinazione2420,1,moving
188907,1,1,0,35,0,0,0,0,61,65,9,34,13,10,8,52,10,8,32,25,25,34,18,25,1,35,1788530691.6784766,G1,T01,inclinazione2420,1,moving
189107,1,1,0,35,0,0,0,0,85,29,13,18,10,8,10,29,8,8,25,32,34,41,18,25,1,35,1788530691.8702283,G1,T01,inclinazione2420,1,moving
189307,1,1,0,35,0,0,0,0,232,45,8,25,13,5,10,29,5,8,32,25,18,52,25,25,1,35,1788530692.076507,G1,T01,inclinazione2420,1,moving
189507,1,1,0,35,0,0,0,0,65,34,20,18,5,10,8,17,5,5,32,18,13,29,32,25,1,35,1788530692.2687993,G1,T01,inclinazione2420,1,moving
189707,1,1,0,35,0,0,0,0,122,20,41,20,8,13,5,10,5,5,32,18,13,34,32,25,1,35,1788530692.4767659,G1,T01,inclinazione2420,1,moving
189907,1,1,0,35,0,0,0,0,100,40,32,16,5,10,8,10,5,8,25,20,18,34,25,25,1,35,1788530692.6683302,G1,T01,inclinazione2420,1,moving
190107,1,1,0,35,0,0,0,0,29,10,20,40,16,13,5,9,5,5,25,25,18,52,18,32,1,35,1788530692.8764632,G1,T01,inclinazione2420,1,moving
190307,1,1,0,35,0,0,0,0,100,29,13,25,10,5,8,10,8,5,32,25,13,32,32,32,1,35,1788530693.0679023,G1,T01,inclinazione2420,1,moving
190507,1,1,0,35,0,0,0,0,148,37,25,9,5,8,8,8,5,8,32,25,18,25,32,32,1,35,1788530693.275577,G1,T01,inclinazione2420,1,moving
190707,1,1,0,35,0,0,0,0,40,18,17,13,8,8,5,29,8,8,25,41,25,41,25,25,1,35,1788530693.4730868,G1,T01,inclinazione2420,1,moving
190907,1,1,0,35,0,0,0,0,196,58,13,25,10,5,8,40,5,5,25,25,25,45,32,25,1,35,1788530693.6756873,G1,T01,inclinazione2420,1,moving
191107,1,1,0,35,0,0,0,0,137,117,13,18,5,5,8,40,8,5,25,25,25,25,41,18,1,35,1788530693.8702877,G1,T01,inclinazione2420,1,moving
191307,1,1,0,35,0,0,0,0,521,113,13,29,8,9,8,45,20,5,41,25,18,25,32,25,1,35,1788530694.0751238,G1,T01,inclinazione2420,1,moving
191507,1,1,0,35,0,0,0,0,32,37,8,29,8,17,5,34,13,5,18,25,25,45,25,25,1,35,1788530694.2667801,G1,T01,inclinazione2420,1,moving
191707,1,1,0,35,0,0,0,0,80,36,13,25,10,9,8,26,13,5,32,18,18,45,32,25,1,35,1788530694.4735491,G1,T01,inclinazione2420,1,moving
191907,1,1,0,35,0,0,0,0,106,18,13,29,13,9,8,9,8,8,32,32,25,45,32,25,1,35,1788530694.6798122,G1,T01,inclinazione2420,1,moving
192107,1,1,0,35,0,0,0,0,61,18,18,34,9,5,5,9,5,10,41,25,25,34,25,25,1,35,1788530694.872752,G1,T01,inclinazione2420,1,moving
192307,1,1,0,35,0,0,0,0,26,40,13,34,8,8,5,5,8,5,25,25,25,34,25,32,1,35,1788530695.0780747,G1,T01,inclinazione2420,1,moving
192507,1,1,0,35,0,0,0,0,40,25,9,25,8,10,10,5,5,9,25,34,18,34,32,25,1,35,1788530695.268917,G1,T01,inclinazione2420,1,moving
192707,1,1,0,35,0,0,0,0,65,25,10,18,9,5,5,16,13,10,18,25,25,41,25,25,1,35,1788530695.4814494,G1,T01,inclinazione2420,1,moving
192907,1,1,0,35,0,0,0,0,73,40,20,26,13,10,5,10,5,5,18,25,25,41,25,25,1,35,1788530695.6814218,G1,T01,inclinazione2420,1,moving
193107,1,1,0,35,0,0,0,0,170,61,9,25,13,25,10,29,8,8,32,32,25,41,25,32,1,35,1788530695.881513,G1,T01,inclinazione2420,1,moving
193307,1,1,0,35,0,0,0,0,65,73,13,18,20,16,8,52,8,5,32,25,25,34,25,20,1,35,1788530696.0815113,G1,T01,inclinazione2420,1,moving
193507,1,1,0,35,0,0,0,0,149,16,20,10,8,18,9,34,13,5,32,25,20,34,25,13,1,35,1788530696.2814755,G1,T01,inclinazione2420,1,moving
193707,1,1,0,35,0,0,0,0,100,25,18,10,5,8,8,41,18,5,32,18,25,34,41,13,1,35,1788530696.4815116,G1,T01,inclinazione2420,1,moving
193907,1,1,0,35,0,0,0,0,106,32,13,32,10,13,8,45,8,5,32,25,25,34,32,25,1,35,1788530696.6813612,G1,T01,inclinazione2420,1,moving
194107,1,1,0,35,0,0,0,0,181,52,10,20,5,20,5,10,8,13,25,32,25,34,25,32,1,35,1788530696.8815582,G1,T01,inclinazione2420,1,moving
194307,1,1,0,35,0,0,0,0,137,65,8,29,10,17,4,9,5,9,25,25,25,34,18,25,1,35,1788530697.08147,G1,T01,inclinazione2420,1,moving
194507,1,1,0,35,0,0,0,0,65,26,16,18,9,5,9,8,9,8,32,25,18,34,18,25,1,35,1788530697.2815905,G1,T01,inclinazione2420,1,moving
194707,1,1,0,35,0,0,0,0,117,41,9,18,8,5,8,5,8,5,32,25,25,41,25,32,1,35,1788530697.4816244,G1,T01,inclinazione2420,1,moving
194907,1,1,0,35,0,0,0,0,68,25,13,25,13,8,5,5,13,10,32,25,25,34,41,20,1,35,1788530697.6816902,G1,T01,inclinazione2420,1,moving
195107,1,1,0,35,0,0,0,0,74,13,20,17,8,8,8,13,8,10,32,20,25,34,32,25,1,35,1788530697.881614,G1,T01,inclinazione2420,1,moving
195307,1,1,0,35,0,0,0,0,74,37,17,20,10,8,5,9,10,5,32,25,20,34,25,25,1,35,1788530698.081738,G1,T01,inclinazione2420,1,moving
195507,1,1,0,35,0,0,0,0,97,26,26,20,8,10,8,9,5,5,25,34,25,34,32,18,1,35,1788530698.2815337,G1,T01,inclinazione2420,1,moving
195707,1,1,0,136,0,0,0,0,89,45,29,40,13,5,10,5,5,5,25,25,25,34,32,18,1,136,1788530698.4817393,G1,T01,inclinazione2420,1,moving
195907,1,1,0,133,0,0,0,0,73,49,34,17,9,5,5,10,5,9,32,25,25,41,25,25,1,133,1788530698.6676257,G1,T01,inclinazione2420,1,moving
196107,1,1,0,127,0,0,0,0,293,81,50,13,5,5,5,8,5,5,32,25,25,34,25,25,1,127,1788530698.8759496,G1,T01,inclinazione2420,1,moving
196307,1,1,0,127,0,0,0,0,485,410,113,17,8,5,13,5,5,8,25,18,25,34,25,32,1,127,1788530699.0678704,G1,T01,inclinazione2420,1,moving
196507,1,1,0,39,0,0,0,0,562,373,17,17,8,8,5,5,5,9,25,18,18,45,25,25,1,39,1788530699.2759407,G1,T01,inclinazione2420,1,moving
196707,1,1,0,39,0,0,0,0,169,180,29,10,5,8,8,5,5,5,25,25,18,45,25,25,1,39,1788530699.479677,G1,T01,inclinazione2420,1,moving
196907,1,1,0,39,0,0,0,0,117,85,40,5,9,8,8,16,18,5,25,18,13,34,32,25,1,39,1788530699.674323,G1,T01,inclinazione2420,1,moving
197107,1,1,0,39,0,0,0,0,89,37,8,13,10,5,9,37,18,8,25,18,13,41,25,18,1,39,1788530699.866949,G1,T01,inclinazione2420,1,moving
197307,1,1,0,39,0,0,0,0,225,85,13,5,5,8,8,40,18,5,25,25,18,34,25,18,1,39,1788530700.0736845,G1,T01,inclinazione2420,1,moving
197507,1,1,0,39,0,0,0,0,320,274,37,16,16,8,13,45,13,5,32,25,18,34,25,25,1,39,1788530700.2811959,G1,T01,inclinazione2420,1,moving
197707,1,1,0,39,0,0,0,0,73,20,13,8,10,18,13,40,25,5,32,25,18,34,32,25,1,39,1788530700.481743,G1,T01,inclinazione2420,1,moving
197907,1,1,0,39,0,0,0,0,74,13,13,10,8,13,5,40,20,5,32,25,18,34,32,25,1,39,1788530700.6816475,G1,T01,inclinazione2420,1,moving
198107,1,1,0,39,0,0,0,0,53,18,25,10,13,10,13,45,25,8,25,25,18,34,25,25,1,39,1788530700.8736076,G1,T01,inclinazione2420,1,moving
198307,1,1,0,39,0,0,0,0,82,32,52,13,5,10,13,58,18,5,25,25,18,34,32,25,1,39,1788530701.0816443,G1,T01,inclinazione2420,1,moving
198507,1,1,0,39,0,0,0,0,81,74,73,8,9,13,13,58,18,8,25,25,25,34,32,25,1,39,1788530701.2734892,G1,T01,inclinazione2420,1,moving
198707,1,1,0,39,0,0,0,0,146,225,41,5,2,8,9,58,18,5,32,25,25,25,32,25,1,39,1788530701.482112,G1,T01,inclinazione2420,1,moving
198907,1,1,0,39,0,0,0,0,125,125,85,18,8,13,9,58,18,5,25,25,18,34,32,32,1,39,1788530701.6736815,G1,T01,inclinazione2420,1,moving
199107,1,1,0,39,0,0,0,0,104,113,64,5,8,13,10,58,25,10,25,25,32,41,34,18,1,39,1788530701.8812082,G1,T01,inclinazione2420,1,moving
199307,1,1,0,7,0,0,0,0,277,181,17,10,5,10,8,58,18,5,32,18,13,41,34,18,1,7,1788530702.072499,G1,T01,inclinazione2420,1,moving
199507,1,1,0,34,0,0,0,0,317,208,34,8,8,8,8,58,18,4,25,25,18,25,41,25,1,34,1788530702.2792728,G1,T01,inclinazione2420,1,moving
199707,1,1,0,30,0,0,0,0,185,205,13,13,5,18,10,58,25,4,25,25,18,34,32,25,1,30,1788530702.4710195,G1,T01,inclinazione2420,1,moving
199907,1,1,0,28,0,0,0,0,754,386,29,18,10,8,5,9,4,9,32,25,18,34,25,18,1,28,1788530702.678374,G1,T01,inclinazione2420,1,moving
200107,1,1,0,26,0,0,0,0,2146,765,25,37,10,8,8,10,5,5,32,25,25,34,25,25,1,26,1788530702.8707736,G1,T01,inclinazione2420,1,moving
200307,1,1,0,26,0,0,0,0,865,680,100,13,8,10,5,20,5,5,41,18,25,34,34,18,1,26,1788530703.077358,G1,T01,inclinazione2420,1,moving
200507,1,1,0,28,0,0,0,0,612,450,34,17,10,10,5,13,8,5,41,25,25,34,25,25,1,28,1788530703.2701027,G1,T01,inclinazione2420,1,moving
200707,1,1,0,24,0,0,0,0,250,180,34,25,8,10,5,5,5,5,25,25,25,34,32,25,1,24,1788530703.4764328,G1,T01,inclinazione2420,1,moving
200907,1,1,0,10,0,0,0,0,625,288,37,16,10,10,5,8,5,10,25,18,13,34,25,25,1,10,1788530703.6674967,G1,T01,inclinazione2420,1,moving
201107,1,1,0,10,0,0,0,0,232,101,41,26,5,5,9,17,10,5,32,25,25,34,32,32,1,10,1788530703.874888,G1,T01,inclinazione2420,1,moving
201307,1,1,0,7,0,0,0,0,13634,3380,72,10,10,8,8,9,4,5,32,25,25,41,25,32,1,7,1788530704.0824087,G1,T01,inclinazione2420,1,moving
201507,1,1,0,5,0,0,0,0,11045,3098,9,5,8,10,5,10,5,5,25,25,25,41,25,25,1,5,1788530704.2730854,G1,T01,inclinazione2420,1,moving
201707,1,1,0,5,0,0,0,0,63677,19610,73,13,8,20,5,10,10,5,32,34,20,34,32,34,1,5,1788530704.481832,G1,T01,inclinazione2420,1,moving
201907,1,1,0,5,0,0,0,0,28450,6337,72,25,41,8,5,9,13,5,32,41,20,45,34,34,1,5,1788530704.6730483,G1,T01,inclinazione2420,1,moving
202107,1,1,0,5,0,0,0,0,9125,2701,5,16,13,8,8,8,5,5,41,32,20,45,25,34,1,5,1788530704.8798628,G1,T01,inclinazione2420,1,moving
202307,1,1,0,5,0,0,0,1,7361,2196,25,17,18,10,5,5,10,5,32,32,20,45,25,34,1,5,1788530705.071477,G1,T01,inclinazione2420,1,moving
202507,1,1,0,5,0,0,0,0,2525,901,58,50,13,13,5,5,8,8,32,34,18,34,32,34,1,5,1788530705.279425,G1,T01,inclinazione2420,1,moving
202707,1,1,0,5,0,0,0,0,16010,3761,32,25,10,8,5,5,8,8,32,25,20,41,25,25,1,5,1788530705.4717612,G1,T01,inclinazione2420,1,moving
202907,1,1,0,5,0,0,0,0,9412,2593,72,32,13,13,5,5,8,8,41,25,25,52,32,25,1,5,1788530705.6802542,G1,T01,inclinazione2420,1,moving
203107,1,1,0,5,0,0,0,0,425,137,61,34,10,18,10,5,5,9,32,32,18,34,32,25,1,5,1788530705.8802514,G1,T01,inclinazione2420,1,moving
203307,1,1,0,5,0,0,0,0,2533,740,125,13,5,8,13,5,5,8,32,32,18,34,18,32,1,5,1788530706.080521,G1,T01,inclinazione2420,1,moving
203507,1,1,0,5,0,0,0,0,6569,1940,65,5,8,5,5,8,8,8,18,25,18,34,25,25,1,5,1788530706.2802033,G1,T01,inclinazione2420,1,moving
203707,1,1,0,5,0,0,0,0,10618,4100,29,32,10,5,10,5,8,10,25,34,20,45,32,34,1,5,1788530706.4803224,G1,T01,inclinazione2420,1,moving
203907,1,1,0,5,0,0,0,0,16042,6269,26,25,13,8,5,5,5,5,18,34,13,45,41,20,1,5,1788530706.6802096,G1,T01,inclinazione2420,1,moving
204107,1,1,0,5,0,0,0,0,5746,1274,26,5,10,10,5,8,5,5,32,32,13,52,34,32,1,5,1788530706.8802693,G1,T01,inclinazione2420,1,moving
204307,1,1,0,5,0,0,0,0,12752,3761,53,10,17,5,5,5,4,8,25,25,13,52,41,41,1,5,1788530707.0803385,G1,T01,inclinazione2420,1,moving
204507,1,1,0,5,0,0,0,0,32125,9274,13,18,10,8,5,5,5,8,18,25,32,52,18,32,1,5,1788530707.2802055,G1,T01,inclinazione2420,1,moving
204707,1,1,0,5,0,0,0,0,17321,5645,13,8,10,5,5,13,5,8,18,34,20,52,25,34,1,5,1788530707.4780514,G1,T01,inclinazione2420,1,moving
204907,1,1,0,5,0,0,0,0,60201,33541,53,9,10,5,5,10,10,5,25,13,20,34,25,25,1,5,1788530707.6705587,G1,T01,inclinazione2420,1,moving
205107,1,1,0,5,0,0,0,0,56960,15149,113,45,8,16,10,10,10,5,32,34,20,25,25,25,1,5,1788530707.8829174,G1,T01,inclinazione2420,1,moving
205307,1,1,0,5,0,0,0,0,5858,1602,89,13,5,5,5,8,5,10,32,32,20,41,32,25,1,5,1788530708.0823877,G1,T01,inclinazione2420,1,moving
205507,1,1,0,5,0,0,0,0,7888,1997,89,20,5,13,5,13,8,8,25,32,32,41,25,25,1,5,1788530708.2743714,G1,T01,inclinazione2420,1,moving
205707,1,1,0,5,0,0,0,0,11978,3349,73,20,5,17,5,5,8,8,32,25,25,34,25,25,1,5,1788530708.4824054,G1,T01,inclinazione2420,1,moving
205907,1,1,0,5,0,0,0,0,10466,3041,61,13,5,5,8,5,10,8,25,25,25,34,25,25,1,5,1788530708.6745753,G1,T01,inclinazione2420,1,moving
206107,1,1,0,5,0,0,0,0,1097,293,37,13,5,8,8,5,10,5,25,25,25,34,25,25,1,5,1788530708.881402,G1,T01,inclinazione2420,1,moving
206307,1,1,0,5,0,0,0,0,58,50,34,13,13,9,5,8,10,10,25,34,18,34,25,32,1,5,1788530709.0730028,G1,T01,inclinazione2420,1,moving
206507,1,1,0,5,0,0,0,0,298,85,9,5,5,8,10,4,10,8,25,25,25,34,25,34,1,5,1788530709.2808158,G1,T01,inclinazione2420,1,moving
206707,1,1,0,5,0,0,0,0,125,98,26,10,10,9,8,5,10,8,32,25,25,41,25,18,1,5,1788530709.472907,G1,T01,inclinazione2420,1,moving
206907,1,1,0,5,0,0,0,0,89,29,25,10,8,8,5,8,5,5,25,25,25,25,25,25,1,5,1788530709.6810162,G1,T01,inclinazione2420,1,moving
207107,1,1,0,5,0,0,0,0,650,340,8,10,8,8,5,5,10,5,25,25,25,25,25,25,1,5,1788530709.8730145,G1,T01,inclinazione2420,1,moving
207307,1,1,0,13,0,0,0,0,493,289,20,8,5,5,5,5,17,5,25,20,18,25,25,34,1,13,1788530710.080946,G1,T01,inclinazione2420,1,moving
207507,1,1,0,20,0,0,0,0,221,145,13,8,13,13,20,8,13,5,32,25,18,34,25,41,1,20,1788530710.2770426,G1,T01,inclinazione2420,1,moving
207707,1,1,0,28,0,0,0,0,298,338,20,20,8,5,10,5,8,5,32,25,18,41,25,41,1,28,1788530710.4804296,G1,T01,inclinazione2420,1,moving
207907,1,1,0,27,0,0,0,0,257,164,26,17,13,13,8,10,4,5,32,32,13,32,18,41,1,27,1788530710.6726036,G1,T01,inclinazione2420,1,moving
208107,1,1,0,27,0,0,0,0,244,170,34,18,10,8,5,5,10,5,32,20,18,20,18,34,1,27,1788530710.880028,G1,T01,inclinazione2420,1,moving
208307,1,1,0,29,0,0,0,0,185,218,65,25,9,10,5,8,5,9,25,13,13,25,25,32,1,29,1788530711.0706093,G1,T01,inclinazione2420,1,moving
208507,1,1,0,32,0,0,0,0,317,164,17,40,10,8,5,5,5,5,25,18,25,20,25,32,1,32,1788530711.2784178,G1,T01,inclinazione2420,1,moving
208707,1,1,0,32,0,0,0,0,61,97,10,13,10,5,5,10,5,5,25,25,25,34,25,25,1,32,1788530711.4701653,G1,T01,inclinazione2420,1,moving
208907,1,1,0,59,0,0,0,0,121,200,52,10,5,8,10,5,5,5,32,32,25,41,32,25,1,59,1788530711.6778274,G1,T01,inclinazione2420,1,moving
209107,1,1,0,59,0,0,0,0,466,245,29,10,10,8,8,5,10,8,32,20,18,41,25,34,1,59,1788530711.8682742,G1,T01,inclinazione2420,1,moving
209307,1,1,0,58,0,0,0,0,181,317,40,37,13,8,5,8,5,5,25,25,18,41,34,18,1,58,1788530712.076158,G1,T01,inclinazione2420,1,moving
209507,1,1,0,54,0,0,0,0,40,74,41,13,13,8,10,8,5,8,25,25,25,34,25,25,1,54,1788530712.2786896,G1,T01,inclinazione2420,1,moving
209707,1,1,0,54,0,0,0,0,20,40,25,26,10,8,5,18,5,8,32,25,18,34,25,25,1,54,1788530712.4759898,G1,T01,inclinazione2420,1,moving
209907,1,1,0,105,0,0,0,0,260,72,52,26,17,5,8,18,5,8,25,18,18,34,25,25,1,105,1788530712.6705549,G1,T01,inclinazione2420,1,moving
210107,1,1,0,105,0,0,0,0,130,37,26,13,13,8,8,8,8,13,25,18,18,34,25,25,1,105,1788530712.8741465,G1,T01,inclinazione2420,1,moving
210307,1,1,0,105,0,0,0,0,136,50,50,18,8,5,5,13,5,10,32,20,18,34,25,25,1,105,1788530713.0820534,G1,T01,inclinazione2420,1,moving
210507,1,1,0,105,0,0,0,0,100,82,40,18,9,5,5,9,10,13,32,32,34,50,20,32,1,105,1788530713.2799432,G1,T01,inclinazione2420,1,moving
210707,1,1,0,105,0,0,0,0,40,10,65,41,20,16,8,9,8,8,41,32,25,34,25,25,1,105,1788530713.4809198,G1,T01,inclinazione2420,1,moving
210907,1,1,0,105,0,0,0,0,100,37,68,41,13,8,5,8,5,8,25,25,25,45,18,32,1,105,1788530713.672686,G1,T01,inclinazione2420,1,moving
211107,1,1,0,105,0,0,0,0,136,68,73,25,13,13,5,10,5,8,18,25,18,34,25,32,1,105,1788530713.8803613,G1,T01,inclinazione2420,1,moving
211307,1,1,0,105,0,0,0,0,145,65,80,25,8,5,8,5,5,8,25,32,25,34,25,25,1,105,1788530714.0745974,G1,T01,inclinazione2420,1,moving
211507,1,1,0,105,0,0,0,0,337,106,80,25,18,9,13,8,9,5,25,32,25,34,25,25,1,105,1788530714.2813444,G1,T01,inclinazione2420,1,moving
211707,1,1,0,105,0,0,0,1,50,25,45,32,13,5,5,5,10,8,34,25,25,29,32,25,1,105,1788530714.4785082,G1,T01,inclinazione2420,1,moving
211907,1,1,0,105,0,0,0,0,185,45,45,25,9,8,5,5,5,9,25,25,25,34,32,25,1,105,1788530714.679238,G1,T01,inclinazione2420,1,moving
212107,1,1,0,105,0,0,0,0,121,58,34,32,13,10,8,13,8,8,32,25,25,45,25,18,1,105,1788530714.8758104,G1,T01,inclinazione2420,1,moving
212307,1,1,0,105,0,0,0,0,72,20,25,25,5,5,5,8,5,5,32,32,32,45,25,18,1,105,1788530715.0791588,G1,T01,inclinazione2420,1,moving
212507,1,1,0,105,0,0,0,0,85,36,20,32,9,5,8,8,8,5,32,25,18,34,32,18,1,105,1788530715.2815723,G1,T01,inclinazione2420,1,moving
212707,1,1,0,105,0,0,0,0,72,41,17,41,8,8,5,5,5,13,32,25,18,45,25,32,1,105,1788530715.477643,G1,T01,inclinazione2420,1,moving
212907,1,1,0,105,0,0,0,0,193,74,20,32,18,10,8,9,8,5,25,25,18,25,25,32,1,105,1788530715.6772087,G1,T01,inclinazione2420,1,moving
213107,1,1,0,105,0,0,0,0,202,73,18,32,10,8,8,5,9,4,25,25,18,34,32,25,1,105,1788530715.878693,G1,T01,inclinazione2420,1,moving
213307,1,1,0,105,0,0,0,0,117,37,20,34,17,13,5,8,10,5,25,25,25,25,32,25,1,105,1788530716.0774534,G1,T01,inclinazione2420,1,moving
213507,1,1,0,105,0,0,0,0,185,40,20,25,10,8,5,9,20,5,18,25,25,34,32,25,1,105,1788530716.2812936,G1,T01,inclinazione2420,1,moving
213707,1,1,0,105,0,0,0,0,125,40,20,25,8,8,8,8,20,8,18,25,25,45,32,25,1,105,1788530716.478539,G1,T01,inclinazione2420,1,moving
213907,1,1,0,105,0,0,0,0,61,20,20,25,13,8,5,5,9,8,18,25,25,34,32,25,1,105,1788530716.6791306,G1,T01,inclinazione2420,1,moving
214107,1,1,0,105,0,0,0,0,109,85,16,25,5,8,9,5,5,5,25,32,25,45,25,25,1,105,1788530716.882468,G1,T01,inclinazione2420,1,moving
214307,1,1,0,105,0,0,0,0,40,13,10,25,10,5,10,5,8,8,41,32,18,34,32,25,1,105,1788530717.0803978,G1,T01,inclinazione2420,1,moving
214507,1,1,0,105,0,0,0,0,137,37,10,18,10,10,5,8,17,8,25,25,25,45,25,25,1,105,1788530717.282883,G1,T01,inclinazione2420,1,moving
214707,1,1,0,105,0,0,0,0,85,61,10,25,17,5,5,5,10,5,32,25,18,34,18,25,1,105,1788530717.481093,G1,T01,inclinazione2420,1,moving
214907,1,1,0,105,0,0,0,0,29,34,20,25,13,8,10,4,5,5,25,25,18,34,32,25,1,105,1788530717.6810813,G1,T01,inclinazione2420,1,moving
215107,1,1,0,105,0,0,0,0,50,26,25,10,8,5,8,8,5,8,25,25,13,34,25,18,1,105,1788530717.881703,G1,T01,inclinazione2420,1,moving
215307,1,1,0,105,0,0,0,0,81,20,16,41,13,13,5,5,10,5,18,25,25,34,18,34,1,105,1788530718.082289,G1,T01,inclinazione2420,1,moving
215507,1,1,0,105,0,0,0,0,41,13,20,34,13,10,10,5,10,5,25,25,25,34,18,25,1,105,1788530718.2825463,G1,T01,inclinazione2420,1,moving
215707,1,1,0,105,0,0,0,0,128,25,13,32,10,10,5,8,5,5,34,25,20,32,25,32,1,105,1788530718.4805634,G1,T01,inclinazione2420,1,moving
215907,1,1,0,105,0,0,0,0,40,13,17,41,13,8,17,8,10,5,34,13,18,41,25,25,1,105,1788530718.671985,G1,T01,inclinazione2420,1,moving
216107,1,1,0,105,0,0,0,0,178,58,25,13,9,9,5,8,5,5,32,20,18,25,25,18,1,105,1788530718.8798175,G1,T01,inclinazione2420,1,moving
216307,1,1,0,105,0,0,0,0,58,18,20,29,17,8,5,8,5,5,32,20,20,25,25,20,1,105,1788530719.0814247,G1,T01,inclinazione2420,1,moving
216507,1,1,0,105,0,0,0,0,234,65,25,13,8,5,5,10,10,8,25,25,18,34,18,25,1,105,1788530719.2777574,G1,T01,inclinazione2420,1,moving
216707,1,1,0,105,0,0,0,0,37,29,13,13,5,5,5,5,17,13,25,25,25,34,25,25,1,105,1788530719.4688675,G1,T01,inclinazione2420,1,moving
216907,1,1,0,105,0,0,0,0,50,25,13,13,8,5,5,5,5,8,32,25,18,34,32,18,1,105,1788530719.6758268,G1,T01,inclinazione2420,1,moving
217107,1,1,0,3,0,0,0,0,365,104,25,8,9,5,5,10,5,8,41,18,18,34,18,25,1,3,1788530719.8821695,G1,T01,inclinazione2420,1,moving
217307,1,1,0,3,0,0,0,0,90,29,34,13,10,5,8,5,4,8,32,18,18,41,18,25,1,3,1788530720.0807219,G1,T01,inclinazione2420,1,moving
217507,1,1,0,3,0,0,0,0,113,52,25,8,10,5,5,8,5,8,32,18,25,41,25,25,1,3,1788530720.281728,G1,T01,inclinazione2420,1,moving
217707,1,1,0,3,0,0,0,0,136,25,18,9,5,8,5,5,8,8,32,25,18,34,25,25,1,3,1788530720.4739127,G1,T01,inclinazione2420,1,moving
217907,1,1,0,3,0,0,0,0,61,18,13,13,9,9,8,5,5,8,32,25,32,41,25,18,1,3,1788530720.681265,G1,T01,inclinazione2420,1,moving
218107,1,1,0,3,0,0,0,0,73,13,34,13,5,5,5,5,5,8,32,25,18,41,34,32,1,3,1788530720.872586,G1,T01,inclinazione2420,1,moving
218307,1,1,0,3,0,0,0,0,117,34,13,9,8,5,5,5,8,9,32,25,18,34,25,25,1,3,1788530721.0811377,G1,T01,inclinazione2420,1,moving
218507,1,1,0,3,0,0,0,0,136,26,25,13,9,8,5,5,5,8,32,34,18,34,32,13,1,3,1788530721.274155,G1,T01,inclinazione2420,1,moving
218707,1,1,0,3,0,0,0,0,116,49,25,20,10,8,8,5,10,5,32,25,25,34,25,25,1,3,1788530721.4818645,G1,T01,inclinazione2420,1,moving
218907,1,1,0,3,0,0,0,0,145,65,25,18,13,8,5,5,9,8,32,25,18,45,25,25,1,3,1788530721.6734524,G1,T01,inclinazione2420,1,moving
219107,1,1,0,3,0,0,0,0,50,32,20,8,10,8,8,10,8,8,32,25,25,34,20,32,1,3,1788530721.881172,G1,T01,inclinazione2420,1,moving
219307,1,1,0,3,0,0,0,0,261,128,20,13,8,5,5,5,10,8,32,25,25,34,32,32,1,3,1788530722.082663,G1,T01,inclinazione2420,1,moving
219507,1,1,0,3,0,0,0,0,65,37,20,13,5,4,8,8,10,9,32,25,25,45,25,25,1,3,1788530722.2796636,G1,T01,inclinazione2420,1,moving
219707,1,1,0,3,0,0,0,0,65,37,13,8,5,5,5,5,10,8,25,25,25,45,25,25,1,3,1788530722.4694974,G1,T01,inclinazione2420,1,moving
219907,1,1,0,3,0,0,0,0,116,13,9,13,5,13,8,5,5,5,25,25,25,34,25,25,1,3,1788530722.6768692,G1,T01,inclinazione2420,1,moving
220107,1,1,0,3,0,0,0,0,41,20,20,18,9,5,5,8,10,5,18,25,18,34,25,32,1,3,1788530722.8681448,G1,T01,inclinazione2420,1,moving
220307,1,1,0,3,0,0,0,0,145,29,13,10,9,8,5,9,5,5,18,25,18,34,25,32,1,3,1788530723.0766702,G1,T01,inclinazione2420,1,moving
220507,1,1,0,3,0,0,0,0,81,25,13,10,9,5,5,8,8,5,18,25,18,34,25,18,1,3,1788530723.2681098,G1,T01,inclinazione2420,1,moving
220707,1,1,0,3,0,0,0,0,85,26,20,18,13,10,5,5,10,5,18,25,18,45,25,25,1,3,1788530723.475981,G1,T01,inclinazione2420,1,moving
220907,1,1,0,3,0,0,0,0,265,37,25,5,8,4,5,5,8,10,32,25,18,52,18,25,1,3,1788530723.6675394,G1,T01,inclinazione2420,1,moving
221107,1,1,0,3,0,0,0,1,125,36,9,9,8,10,8,8,9,5,32,32,34,32,34,18,1,3,1788530723.8743608,G1,T01,inclinazione2420,1,moving
221307,1,1,0,3,0,0,0,0,113,40,13,10,10,10,8,5,10,5,32,32,25,41,34,25,1,3,1788530724.0824072,G1,T01,inclinazione2420,1,moving
221507,1,1,0,3,0,0,0,0,90,29,18,10,5,5,8,5,10,5,32,32,18,34,25,32,1,3,1788530724.2741487,G1,T01,inclinazione2420,1,moving
221707,1,1,0,3,0,0,0,0,148,29,20,10,5,10,5,4,5,5,32,32,25,34,25,32,1,3,1788530724.4820144,G1,T01,inclinazione2420,1,moving
221907,1,1,0,3,0,0,0,0,40,20,18,10,8,5,5,5,8,5,25,25,25,34,25,25,1,3,1788530724.6725957,G1,T01,inclinazione2420,1,moving
222107,1,1,0,3,0,0,0,0,136,36,13,5,8,10,9,10,5,5,25,25,25,41,25,25,1,3,1788530724.880457,G1,T01,inclinazione2420,1,moving
222307,1,1,0,3,0,0,0,0,121,73,18,13,9,10,5,10,10,5,32,25,18,34,25,25,1,3,1788530725.0721102,G1,T01,inclinazione2420,1,moving
222507,1,1,0,3,0,0,0,0,26,29,13,13,8,5,5,8,5,5,32,32,18,34,25,25,1,3,1788530725.2791052,G1,T01,inclinazione2420,1,moving
222707,1,1,0,3,0,0,0,0,72,29,20,8,9,5,13,5,5,5,32,25,18,34,25,25,1,3,1788530725.471936,G1,T01,inclinazione2420,1,moving
222907,1,1,0,3,0,0,0,0,45,68,17,10,8,5,10,5,8,5,32,41,25,34,25,25,1,3,1788530725.6798787,G1,T01,inclinazione2420,1,moving
223107,1,1,0,3,0,0,0,0,58,17,17,8,8,5,9,5,8,5,32,34,13,34,25,25,1,3,1788530725.8722641,G1,T01,inclinazione2420,1,moving
223307,1,1,0,3,0,0,0,0,68,49,17,10,8,10,5,5,10,8,32,25,10,34,41,25,1,3,1788530726.0797913,G1,T01,inclinazione2420,1,moving
223507,1,1,0,3,0,0,0,0,52,20,13,13,9,13,13,5,10,5,32,32,18,34,25,32,1,3,1788530726.271411,G1,T01,inclinazione2420,1,moving
223707,1,1,0,3,0,0,0,0,170,80,18,8,10,13,5,8,13,5,32,32,18,34,25,25,1,3,1788530726.4794142,G1,T01,inclinazione2420,1,moving
223907,1,1,0,3,0,0,0,0,85,26,16,17,5,8,5,5,5,5,25,25,25,50,25,25,1,3,1788530726.6702988,G1,T01,inclinazione2420,1,moving
224107,1,1,0,3,0,0,0,0,74,20,32,10,9,5,5,8,5,5,25,25,18,34,25,25,1,3,1788530726.8813686,G1,T01,inclinazione2420,1,moving
224307,1,1,0,3,0,0,0,0,58,13,13,9,5,10,5,5,9,5,32,32,18,34,20,18,1,3,1788530727.0820024,G1,T01,inclinazione2420,1,moving
224507,1,1,0,3,0,0,0,0,125,40,20,9,5,5,10,13,10,5,18,25,18,34,25,18,1,3,1788530727.2733493,G1,T01,inclinazione2420,1,moving
224707,1,1,0,3,0,0,0,0,45,50,13,8,10,13,8,5,9,5,25,13,18,34,25,25,1,3,1788530727.480615,G1,T01,inclinazione2420,1,moving
224907,1,1,0,3,0,0,0,0,130,17,13,5,8,8,8,10,18,8,18,25,25,34,25,13,1,3,1788530727.6757739,G1,T01,inclinazione2420,1,moving
225107,1,1,0,3,0,0,0,0,80,18,18,10,10,8,5,4,10,5,32,25,25,34,25,18,1,3,1788530727.8797073,G1,T01,inclinazione2420,1,moving
225307,1,1,0,3,0,0,0,0,53,20,34,5,5,8,8,8,8,8,32,25,20,41,25,18,1,3,1788530728.077538,G1,T01,inclinazione2420,1,moving
225507,1,1,0,3,0,0,0,0,125,80,18,5,8,8,5,5,10,8,32,25,13,34,25,18,1,3,1788530728.2800832,G1,T01,inclinazione2420,1,moving
225707,1,1,0,3,0,0,0,0,136,58,25,9,5,8,5,5,10,8,32,25,25,34,18,25,1,3,1788530728.4801025,G1,T01,inclinazione2420,1,moving
225907,1,1,0,3,0,0,0,0,65,61,32,9,5,5,8,5,17,10,18,25,25,34,18,25,1,3,1788530728.680515,G1,T01,inclinazione2420,1,moving
226107,1,1,0,3,0,0,0,0,53,32,32,13,20,20,5,5,9,5,25,25,25,34,25,25,1,3,1788530728.8819065,G1,T01,inclinazione2420,1,moving
226307,1,1,0,3,0,0,0,0,40,34,20,10,5,5,5,8,5,5,18,25,25,34,25,25,1,3,1788530729.0819252,G1,T01,inclinazione2420,1,moving
226507,1,1,0,3,0,0,0,0,53,34,18,10,10,5,8,5,9,5,18,25,25,25,25,25,1,3,1788530729.2823641,G1,T01,inclinazione2420,1,moving
226707,1,1,0,3,0,0,0,0,85,26,18,8,8,13,8,8,5,10,18,25,25,34,25,32,1,3,1788530729.4817781,G1,T01,inclinazione2420,1,moving
226907,1,1,0,3,0,0,0,0,97,18,10,8,5,10,5,10,5,5,18,25,25,34,25,25,1,3,1788530729.6827931,G1,T01,inclinazione2420,1,moving
227107,1,1,0,3,0,0,0,0,72,41,18,8,8,5,9,8,8,5,34,18,18,34,32,25,1,3,1788530729.8774068,G1,T01,inclinazione2420,1,moving
227307,1,1,0,3,0,0,0,0,101,80,13,9,5,5,8,5,5,5,25,25,25,34,32,25,1,3,1788530730.0689735,G1,T01,inclinazione2420,1,moving
227507,1,1,0,3,0,0,0,0,104,20,18,10,8,5,5,5,5,5,25,25,25,41,34,18,1,3,1788530730.2770627,G1,T01,inclinazione2420,1,moving
227707,1,1,0,3,0,0,0,0,74,26,13,10,8,10,5,5,8,5,25,18,18,34,41,18,1,3,1788530730.469788,G1,T01,inclinazione2420,1,moving
227907,1,1,0,3,0,0,0,0,242,25,13,13,13,13,10,5,17,5,32,18,18,34,25,32,1,3,1788530730.6773267,G1,T01,inclinazione2420,1,moving
228107,1,1,0,3,0,0,0,0,185,53,13,10,8,5,5,10,17,5,32,18,18,34,25,25,1,3,1788530730.8698633,G1,T01,inclinazione2420,1,moving
228307,1,1,0,3,0,0,0,0,200,52,13,10,13,8,8,5,17,8,41,18,18,34,25,25,1,3,1788530731.0777009,G1,T01,inclinazione2420,1,moving
228507,1,1,0,3,0,0,0,0,45,20,20,8,9,9,5,5,10,5,32,18,25,34,25,25,1,3,1788530731.269519,G1,T01,inclinazione2420,1,moving
228707,1,1,0,3,0,0,0,0,29,10,13,10,8,8,5,5,9,5,25,18,25,25,25,25,1,3,1788530731.4763749,G1,T01,inclinazione2420,1,moving
228907,1,1,0,3,0,0,0,0,45,13,13,10,10,10,5,13,10,9,25,25,25,34,18,25,1,3,1788530731.6682904,G1,T01,inclinazione2420,1,moving
229107,1,1,0,3,0,0,0,0,356,146,17,20,13,5,5,5,5,8,32,25,25,34,18,25,1,3,1788530731.8766038,G1,T01,inclinazione2420,1,moving
229307,1,1,0,3,0,0,0,0,157,58,9,13,5,5,10,10,8,5,32,18,25,34,25,25,1,3,1788530732.068411,G1,T01,inclinazione2420,1,moving
229507,1,1,0,3,0,0,0,0,97,40,13,10,13,9,8,8,8,5,32,25,25,34,25,25,1,3,1788530732.275886,G1,T01,inclinazione2420,1,moving
229707,1,1,0,3,0,0,0,0,68,34,13,10,5,8,5,5,8,5,32,25,29,34,32,25,1,3,1788530732.4824462,G1,T01,inclinazione2420,1,moving
229907,1,1,0,3,0,0,0,0,109,40,8,10,10,8,8,8,10,5,25,32,25,34,32,34,1,3,1788530732.6758163,G1,T01,inclinazione2420,1,moving
230107,1,1,0,3,0,0,0,0,80,26,8,13,8,5,9,5,10,5,32,25,18,34,32,25,1,3,1788530732.8821611,G1,T01,inclinazione2420,1,moving
230307,1,1,0,3,0,0,0,0,50,20,18,10,13,5,5,5,10,5,32,18,25,34,32,25,1,3,1788530733.0743923,G1,T01,inclinazione2420,1,moving
230507,1,1,0,3,0,0,0,0,100,40,18,10,9,10,9,4,5,5,32,18,25,34,18,34,1,3,1788530733.2821302,G1,T01,inclinazione2420,1,moving
230707,1,1,0,3,0,0,0,0,82,18,13,10,10,10,13,5,8,5,32,18,18,34,18,25,1,3,1788530733.4743922,G1,T01,inclinazione2420,1,moving
230907,1,1,0,3,0,0,0,0,221,61,20,8,8,8,5,8,8,8,25,25,18,45,18,32,1,3,1788530733.682767,G1,T01,inclinazione2420,1,moving
231107,1,1,0,3,0,0,0,0,32,29,8,10,9,5,5,5,8,5,18,25,18,34,25,32,1,3,1788530733.8745198,G1,T01,inclinazione2420,1,moving
231307,1,1,0,3,0,0,0,0,145,37,13,10,13,8,10,8,5,5,18,25,18,34,25,25,1,3,1788530734.0826976,G1,T01,inclinazione2420,1,moving
231507,1,1,0,3,0,0,0,0,100,52,9,10,10,8,8,5,5,5,25,25,18,29,25,25,1,3,1788530734.274939,G1,T01,inclinazione2420,1,moving
231707,1,1,0,3,0,0,0,0,122,29,10,9,5,8,8,5,20,8,25,13,18,34,13,25,1,3,1788530734.4824238,G1,T01,inclinazione2420,1,moving
231907,1,1,0,3,0,0,0,0,125,41,13,9,13,8,8,9,8,5,32,25,25,34,18,25,1,3,1788530734.6753776,G1,T01,inclinazione2420,1,moving
232107,1,1,0,3,0,0,0,0,148,53,20,8,5,5,8,5,5,4,41,32,25,25,25,25,1,3,1788530734.8817055,G1,T01,inclinazione2420,1,moving
232307,1,1,0,3,0,0,0,0,400,98,25,5,5,10,8,5,10,8,41,32,25,25,25,18,1,3,1788530735.073755,G1,T01,inclinazione2420,1,moving
232507,1,1,0,3,0,0,0,0,104,32,16,9,5,9,5,5,10,4,41,32,25,25,25,25,1,3,1788530735.2802138,G1,T01,inclinazione2420,1,moving
232707,1,1,0,3,0,0,0,0,37,9,25,9,5,8,5,8,17,5,32,32,25,34,25,25,1,3,1788530735.4720442,G1,T01,inclinazione2420,1,moving
232907,1,1,0,3,0,0,0,0,73,29,20,13,8,8,5,5,8,8,32,25,18,34,25,25,1,3,1788530735.6801283,G1,T01,inclinazione2420,1,moving
233107,1,1,0,3,0,0,0,0,90,29,18,17,13,5,5,5,9,5,25,18,25,34,32,20,1,3,1788530735.8714213,G1,T01,inclinazione2420,1,moving
233307,1,1,0,3,0,0,0,0,242,72,20,8,13,8,8,5,13,8,25,25,25,34,25,32,1,3,1788530736.0785697,G1,T01,inclinazione2420,1,moving
233507,1,1,0,3,0,0,0,0,97,20,25,13,8,10,5,10,5,5,18,25,29,25,25,32,1,3,1788530736.2707593,G1,T01,inclinazione2420,1,moving
233707,1,1,0,3,0,0,0,0,145,36,25,13,9,13,5,9,9,8,18,25,20,25,18,25,1,3,1788530736.4775653,G1,T01,inclinazione2420,1,moving
233907,1,1,0,3,0,0,0,0,125,52,18,13,13,8,5,5,5,4,25,18,32,34,18,25,1,3,1788530736.6702964,G1,T01,inclinazione2420,1,moving
234107,1,1,0,3,0,0,0,0,61,20,18,10,9,5,8,8,5,8,25,18,25,34,25,18,1,3,1788530736.877194,G1,T01,inclinazione2420,1,moving
234307,1,1,0,3,0,0,0,0,232,85,25,18,8,5,8,5,10,5,25,25,34,34,25,18,1,3,1788530737.0684266,G1,T01,inclinazione2420,1,moving
234507,1,1,0,3,0,0,0,0,116,29,13,9,10,9,5,5,8,10,32,25,18,34,25,18,1,3,1788530737.276329,G1,T01,inclinazione2420,1,moving
234707,1,1,0,3,0,0,0,0,97,34,20,13,5,5,5,5,5,5,32,25,25,45,32,25,1,3,1788530737.4676867,G1,T01,inclinazione2420,1,moving
234907,1,1,0,3,0,0,0,0,80,29,20,8,5,8,5,5,8,5,32,18,25,34,25,25,1,3,1788530737.675685,G1,T01,inclinazione2420,1,moving
235107,1,1,0,3,0,0,0,0,97,25,8,10,8,10,5,5,8,5,32,25,18,34,25,25,1,3,1788530737.8828685,G1,T01,inclinazione2420,1,moving
235307,1,1,0,3,0,0,0,0,145,65,20,10,10,13,5,5,5,5,32,25,25,41,25,25,1,3,1788530738.0746722,G1,T01,inclinazione2420,1,moving
235507,1,1,0,3,0,0,0,0,65,25,20,8,5,10,5,5,5,10,32,32,25,41,25,25,1,3,1788530738.2670918,G1,T01,inclinazione2420,1,moving
235707,1,1,0,3,0,0,0,0,82,20,16,5,10,5,10,5,9,5,25,25,18,45,41,18,1,3,1788530738.4759233,G1,T01,inclinazione2420,1,moving
235907,1,1,0,3,0,0,0,0,193,85,16,5,8,13,5,5,5,5,32,25,18,34,32,25,1,3,1788530738.6829143,G1,T01,inclinazione2420,1,moving
236107,1,1,0,3,0,0,0,0,82,37,20,8,5,5,8,5,8,5,32,18,18,34,25,20,1,3,1788530738.8759098,G1,T01,inclinazione2420,1,moving
236307,1,1,0,3,0,0,0,0,100,25,20,5,9,5,5,5,10,8,32,25,20,34,25,18,1,3,1788530739.082405,G1,T01,inclinazione2420,1,moving
236507,1,1,0,3,0,0,0,0,58,20,20,8,10,5,5,9,9,13,25,25,18,34,25,18,1,3,1788530739.2744956,G1,T01,inclinazione2420,1,moving
236707,1,1,0,3,0,0,0,0,149,52,25,5,5,8,5,8,8,8,25,25,25,34,25,25,1,3,1788530739.4813066,G1,T01,inclinazione2420,1,moving
236907,1,1,0,3,0,0,0,0,306,98,13,25,13,8,5,5,10,5,32,25,25,34,25,25,1,3,1788530739.6713228,G1,T01,inclinazione2420,1,moving
237107,1,1,0,3,0,0,0,0,137,50,20,10,9,8,8,10,17,8,32,32,25,52,32,18,1,3,1788530739.8773856,G1,T01,inclinazione2420,1,moving
237307,1,1,0,3,0,0,0,0,104,29,16,10,5,13,5,5,5,5,32,25,18,32,25,18,1,3,1788530740.0684352,G1,T01,inclinazione2420,1,moving
237507,1,1,0,3,0,0,0,0,64,34,17,8,13,5,8,8,5,5,32,25,18,41,25,25,1,3,1788530740.2752113,G1,T01,inclinazione2420,1,moving
237707,1,1,0,3,0,0,0,0,61,41,17,10,13,5,5,8,8,5,32,32,25,41,25,25,1,3,1788530740.4820285,G1,T01,inclinazione2420,1,moving
237907,1,1,0,3,0,0,0,0,34,10,8,10,10,10,5,5,5,9,32,32,25,41,25,25,1,3,1788530740.6730683,G1,T01,inclinazione2420,1,moving
238107,1,1,0,3,0,0,0,0,45,13,16,10,5,8,8,5,10,5,32,32,32,34,25,25,1,3,1788530740.8720982,G1,T01,inclinazione2420,1,moving
238307,1,1,0,3,0,0,0,0,85,18,10,10,8,10,8,5,8,5,32,18,18,34,25,25,1,3,1788530741.0803428,G1,T01,inclinazione2420,1,moving
238507,1,1,0,3,0,0,0,0,145,26,9,13,8,8,5,5,10,5,25,25,18,25,20,32,1,3,1788530741.2720525,G1,T01,inclinazione2420,1,moving
238707,1,1,0,3,0,0,0,0,289,68,10,8,8,5,5,10,5,5,32,25,18,25,25,32,1,3,1788530741.4791975,G1,T01,inclinazione2420,1,moving
238907,1,1,0,3,0,0,0,0,40,25,10,10,9,18,5,5,5,5,32,25,25,34,32,25,1,3,1788530741.669898,G1,T01,inclinazione2420,1,moving
239107,1,1,0,3,0,0,0,0,128,13,9,8,5,5,8,5,10,8,32,25,18,34,32,32,1,3,1788530741.876426,G1,T01,inclinazione2420,1,moving
239307,1,1,0,3,0,0,0,0,101,26,8,10,10,10,8,5,13,5,25,20,13,34,25,32,1,3,1788530742.0681949,G1,T01,inclinazione2420,1,moving
239507,1,1,0,3,0,0,0,0,314,116,5,10,5,8,10,5,5,8,25,20,18,34,25,25,1,3,1788530742.2765522,G1,T01,inclinazione2420,1,moving
239707,1,1,0,3,0,0,0,0,72,20,5,5,8,5,5,8,17,5,25,13,13,34,18,25,1,3,1788530742.4677203,G1,T01,inclinazione2420,1,moving
239907,1,1,0,3,0,0,0,0,58,26,8,8,10,8,8,8,13,5,18,25,25,34,25,25,1,3,1788530742.676049,G1,T01,inclinazione2420,1,moving
240107,1,1,0,3,0,0,0,0,101,50,10,8,8,5,5,8,13,5,25,25,25,34,25,25,1,3,1788530742.8678722,G1,T01,inclinazione2420,1,moving
240307,1,1,0,3,0,0,0,0,193,41,10,10,5,13,8,5,9,8,25,25,25,34,25,25,1,3,1788530743.076063,G1,T01,inclinazione2420,1,moving
240507,1,1,0,3,0,0,0,0,85,18,10,10,8,5,5,10,5,5,25,32,25,34,25,25,1,3,1788530743.2679372,G1,T01,inclinazione2420,1,moving
240707,1,1,0,3,0,0,0,0,325,113,10,9,10,10,8,8,5,5,32,25,25,29,32,25,1,3,1788530743.4742043,G1,T01,inclinazione2420,1,moving
240907,1,1,0,3,0,0,0,0,97,26,8,17,5,5,8,5,5,5,32,25,18,34,25,25,1,3,1788530743.6810238,G1,T01,inclinazione2420,1,moving
241107,1,1,0,3,0,0,0,0,52,25,10,13,5,5,5,5,9,8,25,18,25,45,32,25,1,3,1788530743.877814,G1,T01,inclinazione2420,1,moving
241307,1,1,0,3,0,0,0,0,72,45,9,13,5,9,9,8,10,13,25,25,18,34,25,25,1,3,1788530744.07751,G1,T01,inclinazione2420,1,moving
241507,1,1,0,3,0,0,0,0,41,20,9,8,8,8,8,5,10,8,25,32,25,29,32,18,1,3,1788530744.2721968,G1,T01,inclinazione2420,1,moving
241707,1,1,0,3,0,0,0,0,85,20,16,8,5,8,5,8,10,8,18,25,18,34,32,25,1,3,1788530744.475989,G1,T01,inclinazione2420,1,moving
241907,1,1,0,3,0,0,0,0,40,16,9,8,5,8,5,5,5,8,25,25,25,34,25,32,1,3,1788530744.6678967,G1,T01,inclinazione2420,1,moving
242107,1,1,0,3,0,0,0,0,250,74,10,10,13,8,5,8,8,10,25,18,18,34,32,25,1,3,1788530744.8754232,G1,T01,inclinazione2420,1,moving
242307,1,1,0,3,0,0,0,0,136,65,8,16,8,10,13,5,10,8,25,25,18,34,32,32,1,3,1788530745.0828,G1,T01,inclinazione2420,1,moving
242507,1,1,0,3,0,0,0,0,106,50,8,8,13,8,5,10,8,5,25,25,18,34,32,25,1,3,1788530745.2733166,G1,T01,inclinazione2420,1,moving
242707,1,1,0,3,0,0,0,0,61,20,8,10,5,13,8,10,9,5,25,25,25,34,32,25,1,3,1788530745.4817853,G1,T01,inclinazione2420,1,moving
242907,1,1,0,3,0,0,0,0,298,65,9,8,10,9,5,10,5,4,32,25,25,34,32,25,1,3,1788530745.6760168,G1,T01,inclinazione2420,1,moving
243107,1,1,0,3,0,0,0,0,65,52,8,10,8,13,8,10,8,5,32,18,13,34,25,25,1,3,1788530745.8797867,G1,T01,inclinazione2420,1,moving
243307,1,1,0,3,0,0,0,0,125,36,8,5,5,5,9,5,10,8,25,25,25,34,32,18,1,3,1788530746.0757887,G1,T01,inclinazione2420,1,moving
243507,1,1,0,3,0,0,0,0,117,20,10,9,16,13,8,8,5,8,25,25,25,34,25,18,1,3,1788530746.2822108,G1,T01,inclinazione2420,1,moving
243707,1,1,0,3,0,0,0,0,90,29,20,10,5,10,8,5,25,8,32,25,25,34,25,18,1,3,1788530746.4758947,G1,T01,inclinazione2420,1,moving
243907,1,1,0,3,0,0,0,0,50,13,5,9,5,8,5,8,16,8,32,25,25,34,25,18,1,3,1788530746.6757474,G1,T01,inclinazione2420,1,moving
244107,1,1,0,3,0,0,0,0,100,53,13,10,5,10,5,5,10,9,41,32,25,34,32,34,1,3,1788530746.8813374,G1,T01,inclinazione2420,1,moving
244307,1,1,0,3,0,0,0,0,61,37,9,10,5,5,5,5,5,5,25,25,18,34,34,25,1,3,1788530747.0829744,G1,T01,inclinazione2420,1,moving
244507,1,1,0,3,0,0,0,0,65,25,8,10,5,10,5,5,10,5,25,18,18,34,18,32,1,3,1788530747.2781308,G1,T01,inclinazione2420,1,moving
244707,1,1,0,3,0,0,0,0,53,29,13,13,5,5,5,13,5,5,32,25,25,34,25,32,1,3,1788530747.4821067,G1,T01,inclinazione2420,1,moving
244907,1,1,0,3,0,0,0,0,25,26,20,8,5,5,5,5,5,8,25,25,25,41,25,32,1,3,1788530747.6829166,G1,T01,inclinazione2420,1,moving
245107,1,1,0,3,0,0,0,0,58,41,8,8,5,5,5,8,5,8,32,20,25,25,25,25,1,3,1788530747.882799,G1,T01,inclinazione2420,1,moving
245307,1,1,0,3,0,0,0,0,37,13,10,10,10,5,5,5,5,5,41,18,25,25,25,25,1,3,1788530748.068313,G1,T01,inclinazione2420,1,moving
245507,1,1,0,3,0,0,0,0,101,45,10,5,5,5,5,5,5,5,41,25,25,34,32,25,1,3,1788530748.2732682,G1,T01,inclinazione2420,1,moving
245707,1,1,0,3,0,0,0,0,34,13,8,10,8,5,5,5,10,8,41,18,18,29,32,25,1,3,1788530748.479119,G1,T01,inclinazione2420,1,moving
245907,1,1,0,3,0,0,0,0,41,9,10,10,5,5,8,9,10,10,41,25,18,34,25,25,1,3,1788530748.6691601,G1,T01,inclinazione2420,1,moving
246107,1,1,0,3,0,0,0,0,41,25,8,10,8,5,8,8,10,5,32,25,25,52,32,25,1,3,1788530748.8758194,G1,T01,inclinazione2420,1,moving
246307,1,1,0,3,0,0,0,0,181,74,8,10,8,8,5,8,9,10,25,13,25,52,18,25,1,3,1788530749.0816672,G1,T01,inclinazione2420,1,moving
246507,1,1,0,3,0,0,0,0,117,50,8,10,5,10,8,5,5,8,32,18,25,34,25,25,1,3,1788530749.2711303,G1,T01,inclinazione2420,1,moving
246707,1,1,0,3,0,0,0,0,90,34,9,8,5,10,5,5,10,5,32,34,32,34,25,25,1,3,1788530749.4776652,G1,T01,inclinazione2420,1,moving
246907,1,1,0,3,0,0,0,0,45,13,10,10,8,10,5,10,10,5,25,34,25,41,25,25,1,3,1788530749.6719055,G1,T01,inclinazione2420,1,moving
247107,1,1,0,3,0,0,0,0,52,20,5,5,5,13,8,10,8,5,34,18,25,34,32,25,1,3,1788530749.87312,G1,T01,inclinazione2420,1,moving
247307,1,1,0,3,0,0,0,0,90,52,25,13,8,10,8,8,8,5,32,25,25,34,25,32,1,3,1788530750.0789795,G1,T01,inclinazione2420,1,moving
247507,1,1,0,3,0,0,0,0,73,25,25,8,8,10,5,8,5,5,32,25,25,34,25,32,1,3,1788530750.2683227,G1,T01,inclinazione2420,1,moving
247707,1,1,0,3,0,0,0,0,34,32,13,8,9,13,8,5,5,5,25,41,32,34,25,25,1,3,1788530750.4752233,G1,T01,inclinazione2420,1,moving
247907,1,1,0,3,0,0,0,0,225,80,29,13,8,5,8,5,5,5,25,32,20,41,25,34,1,3,1788530750.6819825,G1,T01,inclinazione2420,1,moving
248107,1,1,0,3,0,0,0,0,65,45,17,10,8,5,5,5,10,8,32,25,25,32,25,25,1,3,1788530750.8731008,G1,T01,inclinazione2420,1,moving
248307,1,1,0,3,0,0,0,0,81,40,25,13,10,5,5,9,8,8,32,13,20,41,25,32,1,3,1788530751.0810058,G1,T01,inclinazione2420,1,moving
248507,1,1,0,3,0,0,0,0,149,32,10,10,5,5,5,5,5,8,32,25,20,41,25,25,1,3,1788530751.2734559,G1,T01,inclinazione2420,1,moving
248707,1,1,0,3,0,0,0,0,37,10,20,10,8,5,8,5,10,8,32,18,25,34,20,32,1,3,1788530751.4803882,G1,T01,inclinazione2420,1,moving
248907,1,1,0,3,0,0,0,0,53,34,20,10,5,5,8,5,10,10,32,18,25,34,25,25,1,3,1788530751.6718917,G1,T01,inclinazione2420,1,moving
249107,1,1,0,3,0,0,0,0,109,50,20,5,5,10,10,5,5,5,32,18,25,34,25,25,1,3,1788530751.8790505,G1,T01,inclinazione2420,1,moving
249307,1,1,0,3,0,0,0,0,45,25,20,10,5,10,5,5,17,10,25,13,18,45,25,25,1,3,1788530752.0703435,G1,T01,inclinazione2420,1,moving
249507,1,1,0,3,0,0,0,0,98,18,25,10,10,10,8,5,17,8,25,18,25,45,25,18,1,3,1788530752.2779825,G1,T01,inclinazione2420,1,moving
249707,1,1,0,3,0,0,0,0,58,34,17,17,9,5,10,5,5,5,25,25,25,34,25,18,1,3,1788530752.4686706,G1,T01,inclinazione2420,1,moving
249907,1,1,0,3,0,0,0,0,100,34,25,8,10,10,5,10,5,13,32,25,25,34,25,25,1,3,1788530752.6759322,G1,T01,inclinazione2420,1,moving
250107,1,1,0,3,0,0,0,0,265,89,18,5,5,5,13,5,9,8,32,32,20,34,32,25,1,3,1788530752.882761,G1,T01,inclinazione2420,1,moving
250307,1,1,0,3,0,0,0,0,45,10,10,5,5,5,5,5,10,8,32,32,18,34,32,25,1,3,1788530753.0732708,G1,T01,inclinazione2420,1,moving
250507,1,1,0,3,0,0,0,0,65,17,18,10,9,8,5,13,5,5,32,18,18,25,25,32,1,3,1788530753.2812061,G1,T01,inclinazione2420,1,moving
250707,1,1,0,3,0,0,0,0,89,41,9,10,8,9,5,10,5,5,25,18,18,34,25,25,1,3,1788530753.4720843,G1,T01,inclinazione2420,1,moving
250907,1,1,0,3,0,0,0,0,98,25,13,9,5,8,5,18,13,5,32,18,18,34,25,25,1,3,1788530753.678882,G1,T01,inclinazione2420,1,moving
251107,1,1,0,3,0,0,0,0,65,58,13,17,8,17,8,13,20,5,18,25,25,34,25,18,1,3,1788530753.8698297,G1,T01,inclinazione2420,1,moving
251307,1,1,0,3,0,0,0,0,89,82,13,13,10,17,5,8,10,5,18,25,25,34,25,18,1,3,1788530754.0754201,G1,T01,inclinazione2420,1,moving
251507,1,1,0,3,0,0,0,0,113,29,20,10,9,13,5,8,10,5,25,25,25,34,25,18,1,3,1788530754.2827594,G1,T01,inclinazione2420,1,moving
251707,1,1,0,3,0,0,0,0,145,25,20,10,5,5,10,13,13,13,32,25,25,34,25,18,1,3,1788530754.4743028,G1,T01,inclinazione2420,1,moving
251907,1,1,0,3,0,0,0,0,40,25,20,10,5,8,5,5,5,5,25,25,25,34,25,18,1,3,1788530754.6812172,G1,T01,inclinazione2420,1,moving
252107,1,1,0,3,0,0,0,0,130,26,13,16,9,8,13,10,10,4,18,25,25,34,18,25,1,3,1788530754.8718123,G1,T01,inclinazione2420,1,moving
252307,1,1,0,3,0,0,0,0,58,18,10,10,5,5,8,8,16,5,25,34,25,34,25,25,1,3,1788530755.0769823,G1,T01,inclinazione2420,1,moving
252507,1,1,0,3,0,0,0,0,113,65,13,10,5,10,10,5,8,5,25,25,25,34,18,25,1,3,1788530755.2831495,G1,T01,inclinazione2420,1,moving
252707,1,1,0,3,0,0,0,0,136,26,25,20,13,5,5,5,17,8,25,25,25,41,25,25,1,3,1788530755.472628,G1,T01,inclinazione2420,1,moving
252907,1,1,0,3,0,0,0,0,98,20,20,10,10,5,5,5,10,8,25,32,20,34,32,25,1,3,1788530755.6802819,G1,T01,inclinazione2420,1,moving
253107,1,1,0,3,0,0,0,0,100,34,25,5,8,5,8,5,10,10,32,32,20,34,25,25,1,3,1788530755.8705425,G1,T01,inclinazione2420,1,moving
253307,1,1,0,3,0,0,0,0,45,16,20,9,5,10,10,5,5,8,32,32,25,34,25,25,1,3,1788530756.0773685,G1,T01,inclinazione2420,1,moving
253507,1,1,0,3,0,0,0,0,85,53,20,8,5,5,8,8,10,5,32,32,18,45,25,25,1,3,1788530756.2681463,G1,T01,inclinazione2420,1,moving
253707,1,1,0,3,0,0,0,0,37,13,32,13,5,5,5,8,5,8,32,25,18,29,32,25,1,3,1788530756.4747653,G1,T01,inclinazione2420,1,moving
253907,1,1,0,3,0,0,0,0,100,29,25,13,5,8,8,5,9,5,32,32,25,41,32,18,1,3,1788530756.6820607,G1,T01,inclinazione2420,1,moving
254107,1,1,0,3,0,0,0,0,130,20,17,10,5,8,5,5,8,8,32,18,25,41,32,18,1,3,1788530756.87194,G1,T01,inclinazione2420,1,moving
254307,1,1,0,3,0,0,0,0,289,58,20,10,8,5,5,5,9,8,32,18,25,41,32,18,1,3,1788530757.0765963,G1,T01,inclinazione2420,1,moving
254507,1,1,0,3,0,0,0,0,32,20,29,13,10,5,10,5,5,5,32,18,25,41,32,18,1,3,1788530757.2806628,G1,T01,inclinazione2420,1,moving
254707,1,1,0,2,0,0,0,0,361,101,13,20,10,5,5,5,5,5,32,18,20,41,25,25,1,2,1788530757.4694576,G1,T01,inclinazione2420,1,moving
254907,1,1,0,2,0,0,0,0,145,74,18,10,10,5,8,5,8,8,32,18,20,34,25,25,1,2,1788530757.6741552,G1,T01,inclinazione2420,1,moving
255107,1,1,0,2,0,0,0,0,425,145,18,13,10,8,5,5,8,10,32,18,25,34,32,32,1,2,1788530757.8793547,G1,T01,inclinazione2420,1,moving
255307,1,1,0,2,0,0,0,0,117,17,8,13,8,8,5,8,10,10,41,13,18,34,25,32,1,2,1788530758.0702336,G1,T01,inclinazione2420,1,moving
255507,1,1,0,2,0,0,0,0,85,25,8,10,8,10,5,5,10,8,25,25,25,41,25,25,1,2,1788530758.2759821,G1,T01,inclinazione2420,1,moving
255707,1,1,0,2,0,0,0,0,113,45,13,5,5,5,8,8,10,5,32,18,18,41,18,18,1,2,1788530758.482186,G1,T01,inclinazione2420,1,moving
255907,1,1,0,2,0,0,0,0,74,25,20,13,5,5,8,5,10,8,25,25,18,41,25,25,1,2,1788530758.672539,G1,T01,inclinazione2420,1,moving
256107,1,1,0,2,0,0,0,0,85,34,13,5,5,5,5,5,9,5,32,25,32,52,25,25,1,2,1788530758.8788104,G1,T01,inclinazione2420,1,moving
256307,1,1,0,2,0,0,0,0,410,90,13,8,5,5,5,5,9,8,32,18,25,52,25,25,1,2,1788530759.082701,G1,T01,inclinazione2420,1,moving
256507,1,1,0,2,0,0,0,0,125,41,25,10,5,5,5,8,5,8,32,25,25,25,25,25,1,2,1788530759.2708645,G1,T01,inclinazione2420,1,moving
256707,1,1,0,2,0,0,0,0,50,20,25,10,10,8,8,8,17,13,32,18,18,41,18,25,1,2,1788530759.4750774,G1,T01,inclinazione2420,1,moving
256907,1,1,0,2,0,0,0,0,74,25,25,10,5,5,8,5,20,13,32,18,25,41,18,25,1,2,1788530759.679104,G1,T01,inclinazione2420,1,moving
257107,1,1,0,2,0,0,0,0,74,29,25,13,5,5,5,13,17,8,32,18,25,34,25,32,1,2,1788530759.8833444,G1,T01,inclinazione2420,1,moving
257307,1,1,0,2,0,0,0,0,89,16,25,8,8,17,8,5,13,10,32,25,25,34,25,25,1,2,1788530760.071774,G1,T01,inclinazione2420,1,moving
257507,1,1,0,2,0,0,0,0,149,32,20,9,5,5,8,5,10,8,41,25,25,41,25,25,1,2,1788530760.2760687,G1,T01,inclinazione2420,1,moving
257707,1,1,0,2,0,0,0,0,130,65,18,13,8,5,5,8,5,5,41,18,25,41,25,32,1,2,1788530760.4801812,G1,T01,inclinazione2420,1,moving
257907,1,1,0,2,0,0,0,0,50,29,17,10,8,9,5,8,10,8,41,18,18,41,25,32,1,2,1788530760.6681235,G1,T01,inclinazione2420,1,moving
258107,1,1,0,2,0,0,0,0,125,41,18,8,9,9,5,5,10,8,32,25,18,41,25,25,1,2,1788530760.8718908,G1,T01,inclinazione2420,1,moving
258307,1,1,0,2,0,0,0,0,52,26,8,8,9,5,8,5,17,8,32,25,18,41,25,25,1,2,1788530761.0755236,G1,T01,inclinazione2420,1,moving
258507,1,1,0,2,0,0,0,0,81,37,8,5,9,5,5,5,10,5,25,25,25,34,32,25,1,2,1788530761.2813613,G1,T01,inclinazione2420,1,moving
258707,1,1,0,2,0,0,0,0,65,37,8,9,17,8,8,5,10,5,32,25,25,34,32,18,1,2,1788530761.470316,G1,T01,inclinazione2420,1,moving
258907,1,1,0,2,0,0,0,0,65,26,10,8,17,5,5,5,10,8,32,25,25,32,34,18,1,2,1788530761.675102,G1,T01,inclinazione2420,1,moving
259107,1,1,0,2,0,0,0,0,274,65,9,13,8,13,5,10,10,8,32,25,13,32,25,18,1,2,1788530761.8786297,G1,T01,inclinazione2420,1,moving
259307,1,1,0,2,0,0,0,0,101,29,8,5,13,10,8,5,10,9,32,18,25,52,25,25,1,2,1788530762.0824149,G1,T01,inclinazione2420,1,moving
259507,1,1,0,2,0,0,0,0,90,25,9,9,8,8,5,5,10,5,32,25,25,34,25,32,1,2,1788530762.2705638,G1,T01,inclinazione2420,1,moving
259707,1,1,0,2,0,0,0,0,53,20,10,17,5,8,5,8,9,8,32,25,25,34,20,25,1,2,1788530762.474096,G1,T01,inclinazione2420,1,moving
259907,1,1,0,2,0,0,0,0,61,18,13,10,8,5,8,5,20,13,32,25,25,34,25,25,1,2,1788530762.6777737,G1,T01,inclinazione2420,1,moving
260107,1,1,0,2,0,0,0,0,25,20,13,8,5,10,8,5,5,5,32,25,25,34,25,18,1,2,1788530762.8813953,G1,T01,inclinazione2420,1,moving
260307,1,1,0,2,0,0,0,0,125,37,13,8,5,10,8,13,8,5,32,25,18,25,25,25,1,2,1788530763.0697973,G1,T01,inclinazione2420,1,moving
260507,1,1,0,2,0,0,0,0,29,25,18,8,5,9,8,8,17,5,25,34,25,34,25,25,1,2,1788530763.2734737,G1,T01,inclinazione2420,1,moving
260707,1,1,0,2,0,0,0,0,200,29,18,5,5,10,5,8,17,8,25,34,25,34,25,25,1,2,1788530763.477387,G1,T01,inclinazione2420,1,moving
260907,1,1,0,2,0,0,0,0,128,45,25,10,13,5,5,5,5,8,32,25,32,52,25,25,1,2,1788530763.681121,G1,T01,inclinazione2420,1,moving
261107,1,1,0,2,0,0,0,0,97,25,8,5,8,5,4,8,8,5,32,18,25,34,25,25,1,2,1788530763.8821423,G1,T01,inclinazione2420,1,moving
261307,1,1,0,2,0,0,0,0,104,34,8,9,8,10,5,5,10,8,32,18,18,34,25,25,1,2,1788530764.0761101,G1,T01,inclinazione2420,1,moving
261507,1,1,0,2,0,0,0,0,58,25,20,8,8,5,10,10,10,5,25,25,25,34,25,25,1,2,1788530764.2797139,G1,T01,inclinazione2420,1,moving
261707,1,1,0,2,0,0,0,0,72,73,16,10,5,5,5,5,13,5,18,25,25,34,25,25,1,2,1788530764.4691868,G1,T01,inclinazione2420,1,moving
261907,1,1,0,2,0,0,0,0,61,45,25,8,17,5,5,5,8,9,34,32,25,34,25,25,1,2,1788530764.6756313,G1,T01,inclinazione2420,1,moving
