timestamp_ms,radar_presence,moving_target,stationary_target,moving_distance_cm,stationary_distance_cm,moving_energy,stationary_energy,pir_presence,menergy_gate0,menergy_gate1,menergy_gate2,menergy_gate3,menergy_gate4,menergy_gate5,menergy_gate6,menergy_gate7,menergy_gate8,senergy_gate0,senergy_gate1,senergy_gate2,senergy_gate3,senergy_gate4,senergy_gate5,senergy_gate6,senergy_gate7,senergy_gate8,light_level,out_level,pc_time_s,group_id,trial_id,scenario,ground_truth_presence,ground_truth_state
25495098,1,1,1,102,98,100,100,1,14,100,100,51,14,4,3,3,7,0,0,100,100,100,70,51,39,31,12,1,1787516632.800882,G1,T01,micromovimenti_1m_H,1,micro_movement
25495298,1,1,1,72,80,100,100,1,100,100,84,21,15,17,11,5,4,0,0,100,100,100,72,51,42,35,12,1,1787516632.8024573,G1,T01,micromovimenti_1m_H,1,micro_movement
25495498,1,1,1,122,111,100,100,1,33,100,100,41,8,10,5,7,6,0,0,100,100,100,79,53,44,39,12,1,1787516632.8024573,G1,T01,micromovimenti_1m_H,1,micro_movement
25495698,1,1,1,143,118,100,100,1,29,100,100,100,2,12,4,9,7,0,0,100,100,100,84,53,46,43,12,1,1787516632.8024573,G1,T01,micromovimenti_1m_H,1,micro_movement
25495898,1,1,1,110,141,100,100,1,60,100,100,67,17,5,6,10,3,0,0,100,100,100,89,54,47,45,12,1,1787516632.8024573,G1,T01,micromovimenti_1m_H,1,micro_movement
25496098,1,1,1,153,110,100,100,1,17,44,100,74,14,13,8,8,8,0,0,100,100,100,89,54,46,46,12,1,1787516632.8024573,G1,T01,micromovimenti_1m_H,1,micro_movement
25496298,1,1,1,77,118,99,100,1,36,99,46,24,16,7,3,5,7,0,0,100,100,100,89,55,46,47,12,1,1787516632.8024573,G1,T01,micromovimenti_1m_H,1,micro_movement
25496498,1,1,1,91,103,100,100,1,100,100,100,47,7,13,9,4,5,0,0,100,100,100,89,57,45,46,12,1,1787516632.8024573,G1,T01,micromovimenti_1m_H,1,micro_movement
25496698,1,1,1,125,117,100,100,1,16,100,100,44,2,1,12,8,6,0,0,100,100,100,94,60,46,47,12,1,1787516632.8024573,G1,T01,micromovimenti_1m_H,1,micro_movement
25496898,1,1,1,104,94,100,100,1,53,100,100,41,16,13,3,3,5,0,0,100,100,100,92,60,45,46,12,1,1787516632.8024573,G1,T01,micromovimenti_1m_H,1,micro_movement
25497098,1,1,1,73,104,73,100,1,36,73,34,23,7,11,9,9,10,0,0,100,100,100,93,59,43,46,12,1,1787516632.828994,G1,T01,micromovimenti_1m_H,1,micro_movement
25497298,1,1,1,124,102,53,100,1,26,48,53,27,25,13,5,3,4,0,0,100,100,100,88,57,42,47,12,1,1787516633.029504,G1,T01,micromovimenti_1m_H,1,micro_movement
25497498,1,1,1,93,90,100,100,1,72,100,100,19,10,14,9,1,10,0,0,100,100,100,87,54,41,47,11,1,1787516633.229801,G1,T01,micromovimenti_1m_H,1,micro_movement
25497698,1,1,1,125,117,100,100,1,37,100,100,60,17,3,5,5,5,0,0,100,100,100,83,49,39,45,11,1,1787516633.4302883,G1,T01,micromovimenti_1m_H,1,micro_movement
25497898,1,1,1,114,115,100,100,1,17,100,100,17,12,1,8,5,8,0,0,100,100,100,80,46,37,44,11,1,1787516633.6309283,G1,T01,micromovimenti_1m_H,1,micro_movement
25498098,1,1,1,90,79,100,100,1,15,100,100,47,17,3,4,3,3,0,0,100,100,100,80,44,38,43,12,1,1787516633.8220685,G1,T01,micromovimenti_1m_H,1,micro_movement
25498298,1,1,1,104,90,100,100,1,17,100,100,6,12,7,7,7,7,0,0,100,100,100,78,43,38,42,12,1,1787516634.0291495,G1,T01,micromovimenti_1m_H,1,micro_movement
25498498,1,1,1,136,148,63,100,1,23,39,63,11,16,9,9,5,8,0,0,100,100,100,77,43,37,43,12,1,1787516634.2205465,G1,T01,micromovimenti_1m_H,1,micro_movement
25498698,1,1,1,94,96,100,100,1,67,100,100,36,9,5,3,8,9,0,0,100,100,100,75,42,39,42,12,1,1787516634.4277334,G1,T01,micromovimenti_1m_H,1,micro_movement
25498898,1,1,1,115,121,100,100,1,47,100,100,64,11,13,6,3,3,0,0,100,100,100,75,42,39,42,12,1,1787516634.6181693,G1,T01,micromovimenti_1m_H,1,micro_movement
25499098,1,1,1,119,122,100,100,1,33,100,100,15,10,10,8,1,5,0,0,100,100,100,77,42,37,41,12,1,1787516634.8261218,G1,T01,micromovimenti_1m_H,1,micro_movement
25499298,1,1,1,115,114,100,100,1,36,100,100,40,6,3,5,1,0,0,0,100,100,100,77,40,34,38,12,1,1787516635.0196533,G1,T01,micromovimenti_1m_H,1,micro_movement
25499498,1,1,1,121,113,100,100,1,25,100,100,33,18,8,3,9,5,0,0,100,100,100,73,40,32,34,12,1,1787516635.2209294,G1,T01,micromovimenti_1m_H,1,micro_movement
25499698,1,1,1,87,134,100,100,1,49,100,100,53,9,8,8,3,5,0,0,100,100,99,68,38,28,30,12,1,1787516635.4278233,G1,T01,micromovimenti_1m_H,1,micro_movement
25499898,1,1,1,124,107,100,100,1,21,100,100,51,14,11,4,9,1,0,0,100,100,93,65,36,28,29,12,1,1787516635.6191473,G1,T01,micromovimenti_1m_H,1,micro_movement
25500098,1,1,1,90,89,57,100,1,16,57,40,33,12,4,2,11,2,0,0,100,100,95,66,37,30,28,12,1,1787516635.8261275,G1,T01,micromovimenti_1m_H,1,micro_movement
25500298,1,1,1,107,93,100,100,1,44,100,100,45,12,6,3,6,8,0,0,100,100,96,69,35,30,28,12,1,1787516636.0218885,G1,T01,micromovimenti_1m_H,1,micro_movement
25500498,1,1,1,74,106,62,100,1,23,62,21,18,12,7,7,2,3,0,0,100,100,98,69,35,31,28,11,1,1787516636.2238433,G1,T01,micromovimenti_1m_H,1,micro_movement
25500698,1,1,1,128,110,100,100,1,22,100,100,25,13,3,10,10,2,0,0,100,100,95,66,33,29,26,12,1,1787516636.4302137,G1,T01,micromovimenti_1m_H,1,micro_movement
25500898,1,1,1,87,85,100,100,1,100,100,100,26,23,16,4,5,8,0,0,100,100,98,66,33,30,26,11,1,1787516636.6217148,G1,T01,micromovimenti_1m_H,1,micro_movement
25501098,1,1,1,130,128,100,100,1,37,100,100,56,8,8,8,3,7,0,0,100,100,100,67,32,30,25,12,1,1787516636.8284109,G1,T01,micromovimenti_1m_H,1,micro_movement
25501298,1,1,1,113,116,100,100,1,30,100,100,46,34,6,6,7,4,0,0,100,100,98,65,31,30,25,12,1,1787516637.0220973,G1,T01,micromovimenti_1m_H,1,micro_movement
25501498,1,1,1,137,73,81,100,1,20,60,81,38,7,11,1,5,4,0,0,100,100,96,63,31,31,24,12,1,1787516637.2275426,G1,T01,micromovimenti_1m_H,1,micro_movement
25501698,1,1,1,87,62,100,100,1,42,100,100,17,13,4,9,4,4,0,0,100,100,93,62,31,30,23,12,1,1787516637.4180758,G1,T01,micromovimenti_1m_H,1,micro_movement
25501898,1,1,1,69,131,100,100,1,48,100,26,31,14,11,10,5,4,0,0,100,100,92,62,32,29,23,12,1,1787516637.6261165,G1,T01,micromovimenti_1m_H,1,micro_movement
25502098,1,1,1,75,94,100,100,1,18,100,22,15,11,9,2,6,9,0,0,100,100,89,62,31,30,22,12,1,1787516637.8165946,G1,T01,micromovimenti_1m_H,1,micro_movement
25502298,1,1,1,103,100,100,100,1,20,100,100,28,10,5,1,2,4,0,0,100,100,88,62,31,29,23,12,1,1787516638.02365,G1,T01,micromovimenti_1m_H,1,micro_movement
25502498,1,1,1,120,120,100,100,1,20,90,100,12,8,4,10,1,5,0,0,100,100,89,63,31,29,23,12,1,1787516638.2308419,G1,T01,micromovimenti_1m_H,1,micro_movement
25502698,1,1,1,125,104,100,100,1,15,100,100,39,8,4,5,1,3,0,0,100,100,85,63,30,27,22,11,1,1787516638.4217162,G1,T01,micromovimenti_1m_H,1,micro_movement
25502898,1,1,1,116,129,85,100,1,15,81,85,15,11,12,5,5,6,0,0,100,100,84,65,30,26,22,11,1,1787516638.628897,G1,T01,micromovimenti_1m_H,1,micro_movement
25503098,1,1,1,84,126,100,100,1,55,100,78,29,9,7,4,9,2,0,0,100,100,82,61,29,27,22,11,1,1787516638.819922,G1,T01,micromovimenti_1m_H,1,micro_movement
25503298,1,1,1,118,91,100,100,1,20,100,100,46,10,11,3,2,6,0,0,100,100,85,60,29,27,21,12,1,1787516639.0266898,G1,T01,micromovimenti_1m_H,1,micro_movement
25503498,1,1,1,86,99,100,100,1,62,100,100,14,4,3,6,5,1,0,0,100,100,87,61,28,26,21,11,1,1787516639.217282,G1,T01,micromovimenti_1m_H,1,micro_movement
25503698,1,1,1,68,87,100,100,1,64,100,37,14,12,7,2,1,2,0,0,100,100,84,61,28,26,21,11,1,1787516639.423631,G1,T01,micromovimenti_1m_H,1,micro_movement
25503898,1,1,1,63,134,63,100,1,40,63,19,8,6,5,3,2,1,0,0,100,100,83,58,29,26,22,12,1,1787516639.6301088,G1,T01,micromovimenti_1m_H,1,micro_movement
25504098,1,1,1,91,87,66,100,1,22,66,49,15,4,6,3,3,3,0,0,100,100,81,58,29,24,23,12,1,1787516639.820984,G1,T01,micromovimenti_1m_H,1,micro_movement
25504298,1,1,1,85,87,65,100,1,28,65,45,22,18,9,2,3,3,0,0,100,100,79,55,28,23,22,12,1,1787516640.0306928,G1,T01,micromovimenti_1m_H,1,micro_movement
25504498,1,1,1,107,80,100,100,1,38,100,100,32,11,7,5,7,9,0,0,100,100,77,54,26,22,21,11,1,1787516640.226271,G1,T01,micromovimenti_1m_H,1,micro_movement
25504698,1,1,1,91,123,100,100,1,33,100,93,2,8,10,11,2,6,0,0,100,100,78,52,26,22,22,12,1,1787516640.4171472,G1,T01,micromovimenti_1m_H,1,micro_movement
25504898,1,1,1,103,104,100,100,1,81,100,100,50,7,9,5,7,1,0,0,100,100,70,51,24,22,22,11,1,1787516640.624098,G1,T01,micromovimenti_1m_H,1,micro_movement
25505098,1,1,1,93,105,100,100,0,80,100,100,27,6,8,6,4,7,0,0,100,100,67,49,23,21,22,11,1,1787516640.8160567,G1,T01,micromovimenti_1m_H,1,micro_movement
25505298,1,1,1,75,100,51,100,0,42,51,42,16,9,2,8,2,7,0,0,100,100,64,49,23,19,22,11,1,1787516641.0253484,G1,T01,micromovimenti_1m_H,1,micro_movement
25505498,1,1,1,115,114,87,100,0,59,84,87,10,11,2,9,6,3,0,0,100,100,65,49,24,19,22,12,1,1787516641.2289228,G1,T01,micromovimenti_1m_H,1,micro_movement
25505698,1,1,1,109,129,53,100,0,27,53,52,9,8,6,5,5,5,0,0,100,100,63,49,24,19,23,11,1,1787516641.42145,G1,T01,micromovimenti_1m_H,1,micro_movement
25505898,1,1,1,94,88,100,100,0,35,100,100,9,8,7,8,5,5,0,0,100,100,61,49,24,18,23,12,1,1787516641.6270573,G1,T01,micromovimenti_1m_H,1,micro_movement
25506098,1,0,1,0,84,0,100,0,26,46,2,8,11,10,10,5,4,0,0,100,100,59,48,23,16,22,12,1,1787516641.8174748,G1,T01,micromovimenti_1m_H,1,micro_movement
25506298,1,0,1,0,149,0,100,0,28,12,15,12,5,10,1,8,6,0,0,100,100,63,49,23,17,22,12,1,1787516642.025963,G1,T01,micromovimenti_1m_H,1,micro_movement
25506498,1,1,1,116,149,42,100,0,17,40,42,9,14,9,1,6,5,0,0,100,100,65,51,23,16,21,12,1,1787516642.2311583,G1,T01,micromovimenti_1m_H,1,micro_movement
25506698,1,1,1,88,156,100,100,0,79,100,100,33,2,13,6,8,3,0,0,100,100,70,52,23,16,20,12,1,1787516642.4221377,G1,T01,micromovimenti_1m_H,1,micro_movement
25506898,1,1,1,121,127,100,100,0,54,100,100,65,19,8,8,5,4,0,0,100,100,71,51,23,16,20,11,1,1787516642.6284592,G1,T01,micromovimenti_1m_H,1,micro_movement
25507098,1,1,1,122,124,100,100,0,43,100,100,54,13,4,6,3,1,0,0,100,100,71,51,24,15,21,11,1,1787516642.8190112,G1,T01,micromovimenti_1m_H,1,micro_movement
25507298,1,1,1,86,97,89,100,0,26,89,56,45,6,14,8,5,1,0,0,100,100,70,51,24,15,22,11,1,1787516643.027553,G1,T01,micromovimenti_1m_H,1,micro_movement
25507498,1,1,1,96,80,100,100,0,69,100,100,40,13,7,7,1,8,0,0,100,100,68,50,23,15,22,11,1,1787516643.216293,G1,T01,micromovimenti_1m_H,1,micro_movement
25507698,1,1,1,94,99,100,100,0,60,100,100,37,7,14,1,3,8,0,0,100,100,67,50,24,16,23,11,1,1787516643.4232306,G1,T01,micromovimenti_1m_H,1,micro_movement
25507898,1,1,1,70,92,100,100,0,87,100,55,9,16,8,6,3,5,0,0,100,100,69,52,23,18,24,11,1,1787516643.6307588,G1,T01,micromovimenti_1m_H,1,micro_movement
25508098,1,1,1,96,76,100,100,0,92,100,100,39,9,6,1,2,10,0,0,100,100,73,52,24,19,25,11,1,1787516643.8218355,G1,T01,micromovimenti_1m_H,1,micro_movement
25508298,1,1,1,110,76,100,100,0,21,100,100,57,19,10,3,8,6,0,0,100,100,75,53,24,21,27,12,1,1787516644.0291,G1,T01,micromovimenti_1m_H,1,micro_movement
25508498,1,1,1,82,103,100,100,0,46,100,100,9,19,2,4,4,7,0,0,100,100,78,54,25,22,29,11,1,1787516644.2201962,G1,T01,micromovimenti_1m_H,1,micro_movement
25508698,1,1,1,79,99,100,100,0,100,100,100,20,13,9,3,7,8,0,0,100,100,83,55,26,22,29,12,1,1787516644.427022,G1,T01,micromovimenti_1m_H,1,micro_movement
25508898,1,1,1,83,89,100,100,0,100,100,100,9,18,6,2,1,5,0,0,100,100,87,56,27,21,30,12,1,1787516644.6175826,G1,T01,micromovimenti_1m_H,1,micro_movement
25509098,1,1,1,117,68,100,100,0,38,100,100,39,2,2,7,7,7,0,0,100,100,87,57,28,22,30,12,1,1787516644.8243985,G1,T01,micromovimenti_1m_H,1,micro_movement
25509298,1,1,1,82,73,100,100,0,100,100,100,35,2,4,7,8,5,0,0,100,100,88,58,29,24,29,12,1,1787516645.0306764,G1,T01,micromovimenti_1m_H,1,micro_movement
25509498,1,1,1,142,50,90,100,0,48,44,90,20,11,2,5,3,1,0,0,100,100,93,59,28,24,29,12,1,1787516645.2220926,G1,T01,micromovimenti_1m_H,1,micro_movement
25509698,1,1,1,78,70,100,100,0,100,100,100,11,23,8,3,2,3,0,0,100,100,98,59,28,24,30,12,1,1787516645.4284449,G1,T01,micromovimenti_1m_H,1,micro_movement
25509898,1,1,1,84,106,100,100,0,100,100,100,60,11,11,1,1,1,0,0,100,100,99,57,28,25,29,12,1,1787516645.6264184,G1,T01,micromovimenti_1m_H,1,micro_movement
25510098,1,1,1,69,90,100,100,0,100,100,100,47,14,11,4,10,1,0,0,100,100,100,57,28,27,29,12,1,1787516645.8249297,G1,T01,micromovimenti_1m_H,1,micro_movement
25510298,1,1,1,89,86,100,100,0,100,100,100,46,21,10,6,3,5,0,0,100,100,100,56,28,27,30,12,1,1787516646.0311623,G1,T01,micromovimenti_1m_H,1,micro_movement
25510498,1,1,1,97,75,100,100,1,84,100,100,17,7,2,12,4,6,0,0,100,100,100,54,28,27,31,12,1,1787516646.2228205,G1,T01,micromovimenti_1m_H,1,micro_movement
25510698,1,1,1,50,115,100,100,1,100,100,14,29,6,12,9,6,9,0,0,100,100,100,55,30,28,33,12,1,1787516646.4274313,G1,T01,micromovimenti_1m_H,1,micro_movement
25510898,1,1,1,90,77,100,100,1,96,100,100,49,25,8,9,9,6,0,0,100,100,100,59,31,29,34,12,1,1787516646.6310806,G1,T01,micromovimenti_1m_H,1,micro_movement
25511098,1,1,1,82,62,100,100,1,42,100,62,23,5,6,1,5,7,0,0,100,100,100,64,32,30,35,12,1,1787516646.8258305,G1,T01,micromovimenti_1m_H,1,micro_movement
25511298,1,1,1,102,147,100,100,1,38,100,100,37,1,15,13,4,6,0,0,100,100,100,64,32,31,34,12,1,1787516647.030389,G1,T01,micromovimenti_1m_H,1,micro_movement
25511498,1,1,1,95,102,100,100,1,96,100,100,51,10,4,8,6,6,0,0,100,100,100,63,31,30,34,12,1,1787516647.2291374,G1,T01,micromovimenti_1m_H,1,micro_movement
25511698,1,1,1,70,75,100,100,1,100,100,86,16,3,5,5,7,8,0,0,100,100,100,62,31,30,33,12,1,1787516647.4197068,G1,T01,micromovimenti_1m_H,1,micro_movement
25511898,1,1,1,142,89,63,100,1,15,31,63,14,10,5,4,3,6,0,0,100,100,100,61,32,28,30,11,1,1787516647.6259274,G1,T01,micromovimenti_1m_H,1,micro_movement
25512098,1,1,1,106,79,100,100,1,43,100,100,31,10,5,5,8,1,0,0,100,100,100,60,32,28,28,12,1,1787516647.8308153,G1,T01,micromovimenti_1m_H,1,micro_movement
25512298,1,1,1,116,100,100,100,1,18,100,100,19,14,12,7,4,1,0,0,100,100,100,62,31,27,27,12,1,1787516648.0221047,G1,T01,micromovimenti_1m_H,1,micro_movement
25512498,1,1,1,84,98,100,100,1,30,100,61,38,10,2,5,4,1,0,0,100,100,100,62,30,25,25,12,1,1787516648.2293937,G1,T01,micromovimenti_1m_H,1,micro_movement
25512698,1,1,1,118,103,100,100,1,23,100,100,29,7,5,2,6,3,0,0,100,100,100,60,29,25,24,12,1,1787516648.4207482,G1,T01,micromovimenti_1m_H,1,micro_movement
25512898,1,1,1,109,114,100,100,1,17,100,100,31,14,7,6,7,3,0,0,100,100,98,59,28,25,23,12,1,1787516648.6273093,G1,T01,micromovimenti_1m_H,1,micro_movement
25513098,1,1,1,77,98,100,100,1,53,100,64,5,8,7,8,6,3,0,0,100,100,97,56,27,25,22,12,1,1787516648.820705,G1,T01,micromovimenti_1m_H,1,micro_movement
25513298,1,1,1,85,73,95,100,1,27,95,57,3,8,9,6,6,7,0,0,100,100,98,54,25,24,21,11,1,1787516649.0270982,G1,T01,micromovimenti_1m_H,1,micro_movement
25513498,1,1,1,75,97,76,100,1,34,76,33,22,4,3,4,3,6,0,0,100,100,94,54,24,24,21,12,1,1787516649.2213662,G1,T01,micromovimenti_1m_H,1,micro_movement
25513698,1,1,1,102,75,100,100,1,46,100,100,28,7,10,4,5,9,0,0,100,100,92,55,24,23,21,12,1,1787516649.424957,G1,T01,micromovimenti_1m_H,1,micro_movement
25513898,1,1,1,76,96,92,100,1,47,92,51,13,6,7,4,3,9,0,0,100,100,92,59,24,22,22,11,1,1787516649.6313043,G1,T01,micromovimenti_1m_H,1,micro_movement
25514098,1,1,1,82,89,100,100,1,100,100,100,45,9,9,4,4,5,0,0,100,100,85,58,24,21,22,11,1,1787516649.8251963,G1,T01,micromovimenti_1m_H,1,micro_movement
25514298,1,1,1,137,92,100,100,1,16,77,100,31,2,4,4,6,3,0,0,100,100,83,58,23,21,21,12,1,1787516650.0291138,G1,T01,micromovimenti_1m_H,1,micro_movement
25514498,1,1,1,96,133,100,100,1,23,100,100,36,8,4,3,4,4,0,0,100,100,78,58,23,21,20,12,1,1787516650.2270317,G1,T01,micromovimenti_1m_H,1,micro_movement
25514698,1,1,1,85,83,100,100,1,35,100,100,38,5,2,4,4,8,0,0,100,100,81,55,21,19,18,12,1,1787516650.4281206,G1,T01,micromovimenti_1m_H,1,micro_movement
25514898,1,1,1,91,114,100,100,1,74,100,100,24,13,11,6,8,10,0,0,100,100,77,49,20,18,17,12,1,1787516650.6295238,G1,T01,micromovimenti_1m_H,1,micro_movement
25515098,1,1,1,83,77,86,100,1,27,86,49,3,4,1,7,6,6,0,0,100,100,73,46,18,17,16,12,1,1787516650.8305354,G1,T01,micromovimenti_1m_H,1,micro_movement
25515298,1,1,1,99,93,100,100,1,43,100,100,24,10,11,6,6,6,0,0,100,100,73,44,18,17,15,12,1,1787516651.0312738,G1,T01,micromovimenti_1m_H,1,micro_movement
25515498,1,1,1,79,93,100,100,1,72,100,89,15,16,10,6,5,6,0,0,100,100,78,45,17,16,14,12,1,1787516651.2201843,G1,T01,micromovimenti_1m_H,1,micro_movement
25515698,1,1,1,101,72,100,100,0,24,100,96,13,9,8,6,5,4,0,0,100,100,79,48,16,15,13,11,1,1787516651.4307535,G1,T01,micromovimenti_1m_H,1,micro_movement
25515898,1,1,1,131,129,100,100,0,19,80,100,15,17,10,7,7,8,0,0,100,100,78,49,14,15,13,11,1,1787516651.6172633,G1,T01,micromovimenti_1m_H,1,micro_movement
25516098,1,1,1,89,101,66,100,0,27,66,49,12,10,3,12,8,8,0,0,100,100,81,51,15,14,14,11,1,1787516651.8248863,G1,T01,micromovimenti_1m_H,1,micro_movement
25516298,1,1,1,88,89,92,100,0,14,92,56,2,6,3,10,7,5,0,0,100,100,80,50,15,14,14,11,1,1787516652.0214286,G1,T01,micromovimenti_1m_H,1,micro_movement
25516498,1,1,1,85,82,77,100,0,19,77,46,10,11,5,9,4,3,0,0,100,100,79,49,16,14,14,11,1,1787516652.225486,G1,T01,micromovimenti_1m_H,1,micro_movement
25516698,1,0,1,0,85,0,100,0,17,7,8,2,4,8,7,4,1,0,0,100,100,77,48,16,14,14,12,1,1787516652.4218228,G1,T01,micromovimenti_1m_H,1,micro_movement
25516898,1,1,1,126,85,48,100,0,17,39,48,10,9,2,6,7,3,0,0,100,100,77,48,16,13,14,12,1,1787516652.626128,G1,T01,micromovimenti_1m_H,1,micro_movement
25517098,1,1,1,108,126,100,100,0,23,100,100,11,10,9,6,5,5,0,0,100,100,75,50,17,12,14,12,1,1787516652.8317556,G1,T01,micromovimenti_1m_H,1,micro_movement
25517298,1,0,1,0,99,0,100,0,20,36,26,6,8,7,6,5,5,0,0,100,100,75,53,18,11,14,12,1,1787516653.0254602,G1,T01,micromovimenti_1m_H,1,micro_movement
25517498,1,0,1,0,106,0,100,0,19,15,14,8,8,5,0,6,7,0,0,100,100,76,54,19,11,14,12,1,1787516653.2216136,G1,T01,micromovimenti_1m_H,1,micro_movement
25517698,1,0,1,0,94,0,100,0,13,36,20,7,7,9,4,7,7,0,0,100,100,80,54,18,11,14,12,1,1787516653.422975,G1,T01,micromovimenti_1m_H,1,micro_movement
25517898,1,0,1,0,94,0,100,0,16,45,39,10,7,4,6,9,5,0,0,100,100,81,52,16,11,14,12,1,1787516653.6289356,G1,T01,micromovimenti_1m_H,1,micro_movement
25518098,1,0,1,0,96,0,100,0,20,42,38,13,6,7,6,8,4,0,0,100,100,84,54,17,11,14,11,1,1787516653.821585,G1,T01,micromovimenti_1m_H,1,micro_movement
25518298,1,1,1,95,96,72,100,0,22,72,57,3,9,5,7,7,3,0,0,100,100,90,55,17,11,14,11,1,1787516654.0292997,G1,T01,micromovimenti_1m_H,1,micro_movement
25518498,1,1,1,89,94,55,100,0,30,55,44,4,8,8,7,5,2,0,0,100,100,94,57,17,12,15,12,1,1787516654.2216032,G1,T01,micromovimenti_1m_H,1,micro_movement
25518698,1,1,1,85,80,81,100,0,34,81,55,11,9,7,6,2,2,0,0,100,100,94,58,18,13,15,12,1,1787516654.4271562,G1,T01,micromovimenti_1m_H,1,micro_movement
25518898,1,1,1,95,87,65,100,0,28,65,54,10,11,8,4,3,3,0,0,100,100,94,57,19,13,16,11,1,1787516654.6219037,G1,T01,micromovimenti_1m_H,1,micro_movement
25519098,1,1,1,77,95,53,100,0,20,53,25,4,10,8,1,4,4,0,0,100,96,94,55,20,13,16,12,1,1787516654.8265312,G1,T01,micromovimenti_1m_H,1,micro_movement
25519298,1,1,1,67,77,75,100,0,34,75,14,7,9,9,2,4,3,0,0,100,96,95,55,20,13,17,12,1,1787516655.0218747,G1,T01,micromovimenti_1m_H,1,micro_movement
25519498,1,1,1,105,69,91,100,0,26,91,85,24,8,3,7,7,6,0,0,100,100,90,52,20,13,17,12,1,1787516655.2315118,G1,T01,micromovimenti_1m_H,1,micro_movement
25519698,1,1,1,93,101,100,100,0,16,100,100,30,3,7,4,5,9,0,0,100,100,84,50,22,13,18,12,1,1787516655.4317696,G1,T01,micromovimenti_1m_H,1,micro_movement
25519898,1,1,1,99,89,58,100,0,16,58,49,12,4,6,5,2,9,0,0,100,100,81,48,24,14,19,12,1,1787516655.627573,G1,T01,micromovimenti_1m_H,1,micro_movement
25520098,1,1,1,90,86,100,100,0,18,100,100,8,12,3,3,5,9,0,0,100,100,78,46,25,14,19,13,1,1787516655.8300338,G1,T01,micromovimenti_1m_H,1,micro_movement
25520298,1,1,1,97,91,100,100,0,18,100,100,23,6,7,6,8,8,0,0,100,100,77,44,25,14,19,12,1,1787516656.022027,G1,T01,micromovimenti_1m_H,1,micro_movement
25520498,1,1,1,150,101,46,100,0,21,50,46,4,6,4,1,6,8,0,0,100,100,80,45,24,15,19,12,1,1787516656.2291577,G1,T01,micromovimenti_1m_H,1,micro_movement
25520698,1,1,1,100,150,100,100,0,15,100,94,8,12,4,6,6,5,0,0,100,100,80,45,25,16,20,12,1,1787516656.4198322,G1,T01,micromovimenti_1m_H,1,micro_movement
25520898,1,1,1,116,94,96,100,0,33,93,96,24,7,5,7,5,2,0,0,100,100,81,46,25,17,20,11,1,1787516656.6266894,G1,T01,micromovimenti_1m_H,1,micro_movement
25521098,1,1,1,150,117,54,100,0,20,22,54,23,6,3,9,7,1,0,0,100,100,81,43,25,18,21,13,1,1787516656.8175075,G1,T01,micromovimenti_1m_H,1,micro_movement
25521298,1,1,1,104,104,98,100,0,32,98,90,24,7,10,6,3,5,0,0,100,100,78,40,24,20,22,11,1,1787516657.0243683,G1,T01,micromovimenti_1m_H,1,micro_movement
25521498,1,1,1,104,110,100,100,0,23,100,100,25,5,4,5,3,2,0,0,100,100,74,39,23,22,22,11,1,1787516657.2311378,G1,T01,micromovimenti_1m_H,1,micro_movement
25521698,1,1,1,107,134,100,100,0,16,100,100,23,5,7,2,3,4,0,0,100,100,70,38,24,24,22,11,1,1787516657.421813,G1,T01,micromovimenti_1m_H,1,micro_movement
25521898,1,1,1,109,111,100,100,0,26,100,100,27,4,3,7,4,2,0,0,100,100,69,38,25,24,23,11,1,1787516657.6281948,G1,T01,micromovimenti_1m_H,1,micro_movement
25522098,1,1,1,120,102,100,100,0,23,100,100,27,8,2,5,8,1,0,0,100,100,66,36,25,25,24,11,1,1787516657.818925,G1,T01,micromovimenti_1m_H,1,micro_movement
25522298,1,1,1,119,116,100,100,0,18,100,100,30,7,5,1,8,1,0,0,100,100,63,33,26,24,24,12,1,1787516658.026454,G1,T01,micromovimenti_1m_H,1,micro_movement
25522498,1,1,1,114,121,100,100,0,19,100,100,31,4,4,2,4,5,0,0,100,100,59,30,26,24,25,12,1,1787516658.218529,G1,T01,micromovimenti_1m_H,1,micro_movement
25522698,1,1,1,107,116,100,100,0,28,100,100,26,9,8,7,3,8,0,0,100,100,56,29,25,24,25,12,1,1787516658.4251995,G1,T01,micromovimenti_1m_H,1,micro_movement
25522898,1,1,1,113,110,100,100,0,16,100,100,21,6,3,4,3,4,0,0,100,100,54,29,24,24,25,12,1,1787516658.617262,G1,T01,micromovimenti_1m_H,1,micro_movement
25523098,1,1,1,122,120,100,100,0,27,100,100,36,8,12,5,8,3,0,0,100,100,52,31,24,24,24,12,1,1787516658.823457,G1,T01,micromovimenti_1m_H,1,micro_movement
25523298,1,0,1,0,105,0,100,0,18,21,27,13,9,7,7,7,3,0,0,100,100,50,31,24,24,24,12,1,1787516659.030984,G1,T01,micromovimenti_1m_H,1,micro_movement
25523498,1,1,1,96,139,100,100,0,29,100,100,15,17,2,6,5,8,0,0,100,100,53,31,25,25,24,12,1,1787516659.2232156,G1,T01,micromovimenti_1m_H,1,micro_movement
25523698,1,1,1,150,100,79,100,0,16,41,79,43,12,5,4,0,9,0,0,100,100,55,32,23,25,24,12,1,1787516659.4299753,G1,T01,micromovimenti_1m_H,1,micro_movement
25523898,1,1,1,101,96,100,100,0,20,100,100,44,9,2,9,8,10,0,0,100,100,59,32,21,25,25,12,1,1787516659.6212435,G1,T01,micromovimenti_1m_H,1,micro_movement
25524098,1,0,1,0,90,0,100,0,16,33,37,11,3,4,7,8,9,0,0,100,100,60,31,21,25,25,12,1,1787516659.8278973,G1,T01,micromovimenti_1m_H,1,micro_movement
25524298,1,1,1,96,90,100,100,0,21,100,100,17,9,4,5,2,5,0,0,100,100,58,31,20,25,24,12,1,1787516660.020087,G1,T01,micromovimenti_1m_H,1,micro_movement
25524498,1,1,1,101,104,100,100,0,32,100,100,25,8,7,8,8,8,0,0,100,100,54,30,20,24,24,11,1,1787516660.2205427,G1,T01,micromovimenti_1m_H,1,micro_movement
25524698,1,1,1,114,118,100,100,0,21,100,100,37,10,7,3,9,6,0,0,100,100,55,30,20,25,24,11,1,1787516660.4276445,G1,T01,micromovimenti_1m_H,1,micro_movement
25524898,1,1,1,98,103,100,100,0,38,100,100,20,10,4,3,6,8,0,0,100,100,55,30,20,26,24,11,1,1787516660.621828,G1,T01,micromovimenti_1m_H,1,micro_movement
25525098,1,1,1,97,97,100,100,0,70,100,100,27,7,1,4,0,7,0,0,100,100,56,31,20,26,23,12,1,1787516660.826241,G1,T01,micromovimenti_1m_H,1,micro_movement
25525298,1,1,1,101,106,87,100,0,21,87,76,12,6,4,8,2,7,0,0,100,100,57,30,20,25,22,12,1,1787516661.0228667,G1,T01,micromovimenti_1m_H,1,micro_movement
25525498,1,1,1,126,101,100,100,0,20,95,100,20,4,4,9,5,4,0,0,100,100,58,30,21,23,21,12,1,1787516661.2233164,G1,T01,micromovimenti_1m_H,1,micro_movement
25525698,1,1,1,108,118,100,100,0,19,100,100,22,4,4,5,8,4,0,0,100,100,56,30,20,22,21,12,1,1787516661.4302747,G1,T01,micromovimenti_1m_H,1,micro_movement
25525898,1,1,1,122,113,100,100,0,13,100,100,35,7,10,5,11,7,0,0,100,100,56,29,19,22,21,12,1,1787516661.6241663,G1,T01,micromovimenti_1m_H,1,micro_movement
25526098,1,1,1,117,117,100,100,0,23,100,100,25,8,9,6,10,4,0,0,100,100,56,30,19,23,21,12,1,1787516661.8278205,G1,T01,micromovimenti_1m_H,1,micro_movement
25526298,1,1,1,89,110,100,100,0,39,100,77,16,6,1,6,6,4,0,0,100,100,56,31,18,24,20,12,1,1787516662.024881,G1,T01,micromovimenti_1m_H,1,micro_movement
25526498,1,1,1,113,105,100,100,0,18,100,100,30,9,5,4,1,4,0,0,100,100,57,32,18,25,19,11,1,1787516662.2252817,G1,T01,micromovimenti_1m_H,1,micro_movement
25526698,1,0,1,0,91,0,100,0,22,19,13,10,4,7,2,3,5,0,0,100,100,57,33,18,26,18,12,1,1787516662.425947,G1,T01,micromovimenti_1m_H,1,micro_movement
25526898,1,1,1,93,111,51,100,0,20,51,41,11,4,4,2,2,5,0,0,100,100,57,32,19,26,18,11,1,1787516662.6265624,G1,T01,micromovimenti_1m_H,1,micro_movement
25527098,1,1,1,86,125,78,100,0,28,78,52,17,5,4,2,1,2,0,0,100,100,56,30,19,26,17,11,1,1787516662.8302062,G1,T01,micromovimenti_1m_H,1,micro_movement
25527298,1,1,1,133,86,45,100,0,20,30,45,7,2,8,6,2,4,0,0,100,100,56,31,18,26,17,11,1,1787516663.0277572,G1,T01,micromovimenti_1m_H,1,micro_movement
25527498,1,1,1,113,133,45,100,0,26,45,45,14,8,6,10,5,6,0,0,100,100,54,31,18,26,17,12,1,1787516663.2282503,G1,T01,micromovimenti_1m_H,1,micro_movement
25527698,1,1,1,91,111,78,100,0,15,78,55,14,9,8,4,5,5,0,0,100,100,53,31,18,26,16,12,1,1787516663.418578,G1,T01,micromovimenti_1m_H,1,micro_movement
25527898,1,1,1,140,108,85,100,0,15,55,85,33,10,5,3,3,7,0,0,100,100,52,31,18,26,15,12,1,1787516663.6266177,G1,T01,micromovimenti_1m_H,1,micro_movement
25528098,1,1,1,110,89,70,100,0,21,70,69,21,3,6,3,5,4,0,0,100,100,50,30,18,25,14,12,1,1787516663.8169985,G1,T01,micromovimenti_1m_H,1,micro_movement
25528298,1,1,1,108,120,75,100,0,30,75,72,34,8,4,2,7,3,0,0,100,100,50,29,18,25,14,11,1,1787516664.0237894,G1,T01,micromovimenti_1m_H,1,micro_movement
25528498,1,1,1,93,108,58,100,0,20,58,45,16,10,4,4,9,4,0,0,100,100,51,29,18,25,13,11,1,1787516664.2309508,G1,T01,micromovimenti_1m_H,1,micro_movement
25528698,1,1,1,125,102,100,100,0,15,87,100,27,7,5,5,10,4,0,0,100,100,50,29,17,24,12,12,1,1787516664.4216664,G1,T01,micromovimenti_1m_H,1,micro_movement
25528898,1,1,1,104,143,82,100,0,21,82,75,5,8,5,5,8,4,0,0,100,100,51,29,17,23,12,12,1,1787516664.6299171,G1,T01,micromovimenti_1m_H,1,micro_movement
25529098,1,1,1,117,103,96,100,0,23,91,96,27,11,1,1,2,3,0,0,100,100,51,28,17,22,12,12,1,1787516664.8210104,G1,T01,micromovimenti_1m_H,1,micro_movement
25529298,1,0,1,0,117,0,100,0,17,35,12,14,9,7,1,5,5,0,0,100,100,49,28,16,23,12,12,1,1787516665.0281289,G1,T01,micromovimenti_1m_H,1,micro_movement
25529498,1,1,1,99,95,100,100,0,31,100,100,16,16,10,5,7,5,0,0,100,100,51,28,16,22,12,11,1,1787516665.2260728,G1,T01,micromovimenti_1m_H,1,micro_movement
25529698,1,0,1,0,98,0,100,0,18,34,25,3,7,7,8,7,5,0,0,100,100,54,28,17,21,12,11,1,1787516665.4165654,G1,T01,micromovimenti_1m_H,1,micro_movement
25529898,1,0,1,0,98,0,100,0,23,50,36,12,7,4,7,8,4,0,0,100,100,53,28,17,20,11,12,1,1787516665.622516,G1,T01,micromovimenti_1m_H,1,micro_movement
25530098,1,1,1,114,113,45,100,0,13,44,45,8,9,5,7,9,3,0,0,100,100,50,27,18,19,11,12,1,1787516665.828712,G1,T01,micromovimenti_1m_H,1,micro_movement
25530298,1,1,1,103,114,55,100,0,17,55,50,12,9,6,5,10,3,0,0,100,100,46,25,18,18,11,12,1,1787516666.019915,G1,T01,micromovimenti_1m_H,1,micro_movement
25530498,1,1,1,117,109,100,100,0,20,100,100,23,7,5,5,12,3,0,0,100,100,47,23,17,17,10,12,1,1787516666.227192,G1,T01,micromovimenti_1m_H,1,micro_movement
25530698,1,1,1,103,118,100,100,0,43,100,100,27,11,6,7,6,5,0,0,100,100,49,22,17,17,10,12,1,1787516666.4175882,G1,T01,micromovimenti_1m_H,1,micro_movement
25530898,1,1,1,110,101,100,100,0,42,100,100,31,10,9,9,1,3,0,0,100,100,53,23,18,17,11,12,1,1787516666.6253932,G1,T01,micromovimenti_1m_H,1,micro_movement
25531098,1,1,1,93,123,100,100,0,66,100,100,24,5,9,8,7,7,0,0,100,100,55,24,18,17,12,12,1,1787516666.831969,G1,T01,micromovimenti_1m_H,1,micro_movement
25531298,1,1,1,109,101,100,100,0,20,100,100,32,9,5,10,7,4,0,0,100,100,59,25,19,19,12,12,1,1787516667.022329,G1,T01,micromovimenti_1m_H,1,micro_movement
25531498,1,1,1,114,98,100,100,0,41,100,100,44,9,3,5,2,4,0,0,100,100,60,25,19,18,12,12,1,1787516667.2297144,G1,T01,micromovimenti_1m_H,1,micro_movement
25531698,1,1,1,117,114,100,100,0,23,100,100,41,4,12,10,5,7,0,0,100,100,61,24,20,17,12,12,1,1787516667.4206204,G1,T01,micromovimenti_1m_H,1,micro_movement
25531898,1,1,1,143,96,100,100,0,22,60,100,31,9,2,5,6,7,0,0,100,100,59,24,20,17,12,12,1,1787516667.627447,G1,T01,micromovimenti_1m_H,1,micro_movement
25532098,1,1,1,93,124,100,100,0,34,100,100,3,6,9,6,6,9,0,0,100,100,58,25,21,17,12,12,1,1787516667.8198962,G1,T01,micromovimenti_1m_H,1,micro_movement
25532298,1,1,1,89,99,100,100,0,33,100,81,3,9,7,3,8,10,0,0,100,100,61,27,20,17,13,12,1,1787516668.026118,G1,T01,micromovimenti_1m_H,1,micro_movement
25532498,1,1,1,101,106,100,100,0,13,100,100,4,5,2,3,6,7,0,0,100,100,61,28,21,17,14,12,1,1787516668.217678,G1,T01,micromovimenti_1m_H,1,micro_movement
25532698,1,1,1,91,101,100,100,0,45,100,100,4,7,3,6,2,2,0,0,100,100,60,28,21,16,14,12,1,1787516668.42443,G1,T01,micromovimenti_1m_H,1,micro_movement
25532898,1,1,1,83,110,100,100,0,62,100,100,4,7,8,8,6,4,0,0,100,100,62,28,20,15,14,11,1,1787516668.631187,G1,T01,micromovimenti_1m_H,1,micro_movement
25533098,1,1,1,86,92,99,100,0,33,99,65,1,7,8,5,9,7,0,0,100,100,64,30,20,15,14,11,1,1787516668.8218446,G1,T01,micromovimenti_1m_H,1,micro_movement
25533298,1,0,1,0,90,0,100,0,17,29,5,11,6,2,1,5,8,0,0,100,100,66,32,20,15,14,12,1,1787516669.0284364,G1,T01,micromovimenti_1m_H,1,micro_movement
25533498,1,1,1,108,91,53,100,0,20,53,51,7,6,4,2,3,7,0,0,100,100,64,32,20,15,14,12,1,1787516669.2196343,G1,T01,micromovimenti_1m_H,1,micro_movement
25533698,1,1,1,82,108,79,100,0,35,79,50,3,3,5,2,4,5,0,0,100,100,62,32,19,15,14,12,1,1787516669.4265964,G1,T01,micromovimenti_1m_H,1,micro_movement
25533898,1,1,1,99,101,66,100,0,16,66,56,11,8,6,5,5,6,0,0,100,100,64,31,19,16,14,13,1,1787516669.6173666,G1,T01,micromovimenti_1m_H,1,micro_movement
25534098,1,1,1,98,121,100,100,0,21,100,94,15,10,13,9,4,7,0,0,100,100,65,31,18,16,14,12,1,1787516669.8238156,G1,T01,micromovimenti_1m_H,1,micro_movement
25534298,1,1,1,133,105,48,100,0,15,34,48,12,6,5,6,1,7,0,0,100,100,67,32,19,17,15,12,1,1787516670.0305903,G1,T01,micromovimenti_1m_H,1,micro_movement
25534498,1,1,1,107,117,91,100,0,18,91,86,15,1,2,4,3,5,0,0,100,100,66,33,20,16,15,12,1,1787516670.2222784,G1,T01,micromovimenti_1m_H,1,micro_movement
25534698,1,1,1,97,124,71,100,0,30,71,61,13,10,5,3,4,5,0,0,100,100,65,34,19,15,16,11,1,1787516670.4296055,G1,T01,micromovimenti_1m_H,1,micro_movement
25534898,1,1,1,114,104,47,100,0,17,46,47,9,2,8,2,6,5,0,0,100,100,61,35,18,14,15,11,1,1787516670.621391,G1,T01,micromovimenti_1m_H,1,micro_movement
25535098,1,0,1,0,114,0,100,0,15,26,28,11,6,9,1,4,4,0,0,100,100,60,36,18,14,14,11,1,1787516670.8282287,G1,T01,micromovimenti_1m_H,1,micro_movement
25535298,1,0,1,0,114,0,100,0,22,44,24,5,7,10,1,3,5,0,0,100,100,57,36,17,12,13,11,1,1787516671.0197322,G1,T01,micromovimenti_1m_H,1,micro_movement
25535498,1,0,1,0,114,0,100,0,24,21,21,8,8,9,1,3,5,0,0,100,100,55,36,17,12,13,11,1,1787516671.2275214,G1,T01,micromovimenti_1m_H,1,micro_movement
25535698,1,0,1,0,114,0,100,0,19,26,28,8,5,8,1,3,4,0,0,100,100,53,36,17,12,13,11,1,1787516671.4197407,G1,T01,micromovimenti_1m_H,1,micro_movement
25535898,1,0,1,0,114,0,100,0,18,35,40,4,6,5,2,3,4,0,0,100,100,53,37,16,12,12,11,1,1787516671.6253061,G1,T01,micromovimenti_1m_H,1,micro_movement
25536098,1,1,1,129,124,78,100,0,18,61,78,17,7,5,4,5,5,0,0,100,100,52,36,16,12,12,11,1,1787516671.8317223,G1,T01,micromovimenti_1m_H,1,micro_movement
25536298,1,1,1,100,110,100,100,0,24,100,99,11,9,9,8,5,7,0,0,100,100,49,35,16,12,11,12,1,1787516672.02219,G1,T01,micromovimenti_1m_H,1,micro_movement
25536498,1,1,1,116,114,91,100,0,15,88,91,17,5,7,7,3,8,0,0,100,100,50,37,17,12,11,12,1,1787516672.229384,G1,T01,micromovimenti_1m_H,1,micro_movement
25536698,1,0,1,0,120,0,100,0,24,47,40,5,2,6,5,3,7,0,0,100,100,49,39,19,13,11,12,1,1787516672.4200046,G1,T01,micromovimenti_1m_H,1,micro_movement
25536898,1,1,1,118,120,78,100,0,16,72,78,14,9,5,4,3,8,0,0,100,100,46,39,19,13,11,12,1,1787516672.626267,G1,T01,micromovimenti_1m_H,1,micro_movement
25537098,1,1,1,109,118,100,100,0,18,100,100,20,10,9,7,4,5,0,0,100,100,44,38,20,13,11,12,1,1787516672.8172684,G1,T01,micromovimenti_1m_H,1,micro_movement
25537298,1,1,1,114,111,69,100,0,20,67,69,10,1,4,8,6,3,0,0,100,100,43,37,21,13,12,11,1,1787516673.0236242,G1,T01,micromovimenti_1m_H,1,micro_movement
25537498,1,0,1,0,114,0,100,0,15,11,14,11,7,9,7,4,4,0,0,100,100,43,37,21,13,11,11,1,1787516673.2298899,G1,T01,micromovimenti_1m_H,1,micro_movement
25537698,1,1,1,91,94,70,100,0,18,70,51,10,9,9,5,2,5,0,0,100,100,42,37,21,13,12,11,1,1787516673.420499,G1,T01,micromovimenti_1m_H,1,micro_movement
25537898,1,0,1,0,89,0,100,0,16,28,24,10,6,4,7,3,4,0,0,100,100,40,38,21,13,11,11,1,1787516673.6272757,G1,T01,micromovimenti_1m_H,1,micro_movement
25538098,1,0,1,0,89,0,100,0,17,11,9,2,5,4,7,3,5,0,0,100,100,40,38,20,12,10,11,1,1787516673.8177557,G1,T01,micromovimenti_1m_H,1,micro_movement
25538298,1,0,1,0,89,0,100,0,15,15,8,2,7,5,6,2,4,0,0,100,100,39,38,19,12,10,11,1,1787516674.024117,G1,T01,micromovimenti_1m_H,1,micro_movement
25538498,1,0,1,0,89,0,100,0,16,14,18,4,5,6,8,6,6,0,0,100,100,38,39,19,12,9,12,1,1787516674.231479,G1,T01,micromovimenti_1m_H,1,micro_movement
25538698,1,1,1,106,133,75,100,0,14,75,70,13,3,2,4,7,6,0,0,100,100,38,37,18,13,9,11,1,1787516674.4219553,G1,T01,micromovimenti_1m_H,1,micro_movement
25538898,1,1,1,94,106,90,100,0,25,90,71,12,11,11,5,4,1,0,0,100,100,39,36,18,13,9,12,1,1787516674.6299355,G1,T01,micromovimenti_1m_H,1,micro_movement
25539098,1,1,1,114,104,59,100,0,15,58,59,15,2,6,3,7,3,0,0,100,100,41,37,18,14,9,12,1,1787516674.8217068,G1,T01,micromovimenti_1m_H,1,micro_movement
25539298,1,1,1,93,102,93,100,0,19,93,68,11,1,6,6,9,3,0,0,100,100,43,37,17,15,9,12,1,1787516675.0280602,G1,T01,micromovimenti_1m_H,1,micro_movement
25539498,1,1,1,102,80,64,100,0,22,64,57,17,11,10,8,1,1,0,0,100,100,43,36,17,15,10,12,1,1787516675.2189975,G1,T01,micromovimenti_1m_H,1,micro_movement
25539698,1,1,1,124,99,45,100,0,13,39,45,12,5,5,6,4,1,0,0,100,100,42,36,17,15,10,12,1,1787516675.4252627,G1,T01,micromovimenti_1m_H,1,micro_movement
25539898,1,1,1,125,111,100,100,0,17,93,100,29,1,5,8,5,2,0,0,100,100,42,36,17,15,10,12,1,1787516675.631981,G1,T01,micromovimenti_1m_H,1,micro_movement
25540098,1,1,1,108,125,80,100,0,18,80,77,9,12,3,7,3,1,0,0,100,100,43,36,17,15,9,12,1,1787516675.8226337,G1,T01,micromovimenti_1m_H,1,micro_movement
25540298,1,0,1,0,99,0,100,0,17,10,6,10,7,5,4,4,2,0,0,100,100,45,36,16,15,9,12,1,1787516676.0299447,G1,T01,micromovimenti_1m_H,1,micro_movement
25540498,1,1,1,127,99,56,100,0,15,46,56,14,5,4,5,5,1,0,0,100,100,45,34,14,14,9,12,1,1787516676.2204747,G1,T01,micromovimenti_1m_H,1,micro_movement
25540698,1,0,1,0,94,0,100,0,18,22,14,7,6,6,5,7,3,0,0,100,100,45,34,13,14,8,12,1,1787516676.4268332,G1,T01,micromovimenti_1m_H,1,micro_movement
25540898,1,0,1,0,94,0,100,0,19,14,13,12,5,6,1,3,2,0,0,100,100,45,34,13,14,8,12,1,1787516676.617651,G1,T01,micromovimenti_1m_H,1,micro_movement
25541098,1,0,1,0,94,0,100,0,19,31,17,3,5,4,2,3,2,0,0,100,100,45,34,12,14,7,12,1,1787516676.8241706,G1,T01,micromovimenti_1m_H,1,micro_movement
25541298,1,1,1,101,118,58,100,0,18,58,51,12,5,2,2,5,1,0,0,100,100,45,32,11,13,7,11,1,1787516677.032043,G1,T01,micromovimenti_1m_H,1,micro_movement
25541498,1,1,1,124,124,76,100,0,17,64,76,12,13,10,4,7,2,0,0,100,100,44,33,11,13,7,12,1,1787516677.2224798,G1,T01,micromovimenti_1m_H,1,micro_movement
25541698,1,1,1,121,124,73,100,0,20,65,73,12,7,8,3,4,3,0,0,100,100,45,35,12,13,7,11,1,1787516677.4294336,G1,T01,micromovimenti_1m_H,1,micro_movement
25541898,1,1,1,107,121,71,100,0,19,71,68,15,4,1,3,5,4,0,0,100,100,46,35,14,13,7,12,1,1787516677.6206994,G1,T01,micromovimenti_1m_H,1,micro_movement
25542098,1,1,1,99,87,100,100,0,20,100,100,20,12,8,5,5,5,0,0,100,100,45,35,15,14,7,12,1,1787516677.8275785,G1,T01,micromovimenti_1m_H,1,micro_movement
25542298,1,1,1,84,106,67,100,0,17,67,38,11,4,1,4,5,4,0,0,100,100,47,36,16,15,7,12,1,1787516678.0190644,G1,T01,micromovimenti_1m_H,1,micro_movement
25542498,1,1,1,105,95,100,100,0,25,100,100,26,10,9,7,8,8,0,0,100,100,47,35,16,16,8,12,1,1787516678.2259119,G1,T01,micromovimenti_1m_H,1,micro_movement
25542698,1,1,1,83,94,84,100,0,32,84,53,5,10,9,3,9,9,0,0,100,100,48,37,16,16,9,12,1,1787516678.431892,G1,T01,micromovimenti_1m_H,1,micro_movement
25542898,1,1,1,128,91,100,100,0,18,100,100,46,11,7,3,4,2,0,0,100,100,47,36,16,18,11,12,1,1787516678.6232536,G1,T01,micromovimenti_1m_H,1,micro_movement
25543098,1,0,1,0,137,0,100,0,25,30,36,10,5,6,4,5,2,0,0,100,100,47,35,15,19,13,11,1,1787516678.8302996,G1,T01,micromovimenti_1m_H,1,micro_movement
25543298,1,1,1,98,127,90,100,0,20,90,75,22,11,6,2,1,4,0,0,100,100,45,33,15,20,15,12,1,1787516679.021023,G1,T01,micromovimenti_1m_H,1,micro_movement
25543498,1,0,1,0,98,0,100,0,20,23,34,17,3,8,5,7,10,0,0,100,100,48,35,15,19,15,12,1,1787516679.227904,G1,T01,micromovimenti_1m_H,1,micro_movement
25543698,1,0,1,0,98,0,100,0,17,14,9,9,8,10,10,11,11,0,0,100,100,49,34,16,20,16,12,1,1787516679.4186182,G1,T01,micromovimenti_1m_H,1,micro_movement
25543898,1,1,1,97,129,100,100,0,55,100,100,30,12,8,2,3,2,0,0,100,100,51,36,17,21,17,12,1,1787516679.6252158,G1,T01,micromovimenti_1m_H,1,micro_movement
25544098,1,0,1,0,83,0,100,1,31,32,12,9,12,8,4,8,9,0,0,100,100,52,38,18,25,21,12,1,1787516679.8316844,G1,T01,micromovimenti_1m_H,1,micro_movement
25544298,1,1,1,106,91,100,100,1,22,100,100,32,6,7,3,7,8,0,0,100,100,51,41,19,31,27,12,1,1787516680.0229776,G1,T01,micromovimenti_1m_H,1,micro_movement
25544498,1,0,1,0,103,0,100,1,17,41,29,6,12,10,1,1,4,0,0,100,100,52,44,19,36,33,12,1,1787516680.230114,G1,T01,micromovimenti_1m_H,1,micro_movement
25544698,1,1,1,79,81,100,100,1,78,100,96,6,9,5,3,3,3,0,0,100,100,54,45,19,40,38,12,1,1787516680.420825,G1,T01,micromovimenti_1m_H,1,micro_movement
25544898,1,1,1,115,150,100,100,1,29,100,100,22,9,6,8,11,9,0,0,100,100,55,47,20,42,42,12,1,1787516680.6283898,G1,T01,micromovimenti_1m_H,1,micro_movement
25545098,1,1,1,105,96,100,100,1,37,100,100,26,4,10,5,12,11,0,0,100,100,56,48,20,44,43,11,1,1787516680.8177726,G1,T01,micromovimenti_1m_H,1,micro_movement
25545298,1,1,1,98,96,100,100,1,60,100,100,16,10,1,6,1,7,0,0,100,100,57,49,22,47,46,12,1,1787516681.0239153,G1,T01,micromovimenti_1m_H,1,micro_movement
25545498,1,1,1,104,100,100,100,1,22,100,100,36,10,4,9,3,7,0,0,100,100,59,52,23,50,48,12,1,1787516681.230259,G1,T01,micromovimenti_1m_H,1,micro_movement
25545698,1,0,1,0,107,0,100,1,17,17,13,20,19,16,8,6,4,0,0,100,100,61,52,23,51,49,12,1,1787516681.4208956,G1,T01,micromovimenti_1m_H,1,micro_movement
25545898,1,0,1,0,375,0,100,1,14,100,100,35,6,3,3,8,8,0,0,100,100,65,53,24,52,50,12,1,1787516681.6275704,G1,T01,micromovimenti_1m_H,1,micro_movement
25546098,1,1,1,99,86,100,100,1,59,100,100,31,12,4,5,4,7,0,0,100,100,67,55,25,53,52,12,1,1787516681.8180876,G1,T01,micromovimenti_1m_H,1,micro_movement
25546298,1,0,1,0,104,0,100,1,20,31,22,6,4,4,8,7,5,0,0,100,100,67,54,25,53,53,11,1,1787516682.0244203,G1,T01,micromovimenti_1m_H,1,micro_movement
25546498,1,1,1,89,91,100,100,1,31,100,70,9,11,10,5,1,7,0,0,100,100,69,55,27,53,55,12,1,1787516682.2307127,G1,T01,micromovimenti_1m_H,1,micro_movement
25546698,1,1,1,125,124,59,100,1,29,52,59,23,6,11,9,3,5,0,0,100,100,68,56,29,53,55,12,1,1787516682.4212856,G1,T01,micromovimenti_1m_H,1,micro_movement
25546898,1,1,1,103,142,100,100,1,16,100,92,28,11,12,7,9,9,0,0,100,100,71,60,31,51,54,11,1,1787516682.6286001,G1,T01,micromovimenti_1m_H,1,micro_movement
25547098,1,1,1,137,120,52,100,1,21,29,52,6,4,3,7,7,7,0,0,100,100,72,64,33,50,54,12,1,1787516682.818919,G1,T01,micromovimenti_1m_H,1,micro_movement
25547298,1,1,1,103,143,100,100,1,29,100,100,12,12,8,8,1,3,0,0,100,100,74,65,34,48,53,11,1,1787516683.025899,G1,T01,micromovimenti_1m_H,1,micro_movement
25547498,1,1,1,99,101,100,100,1,18,100,100,15,6,1,8,3,4,0,0,100,100,74,63,35,50,53,12,1,1787516683.2172124,G1,T01,micromovimenti_1m_H,1,micro_movement
25547698,1,1,1,89,128,76,100,1,19,76,51,28,14,8,11,7,8,0,0,100,100,76,64,36,50,54,12,1,1787516683.424859,G1,T01,micromovimenti_1m_H,1,micro_movement
25547898,1,1,1,76,77,100,100,1,70,100,78,22,11,7,7,7,7,0,0,100,100,76,64,36,51,56,12,1,1787516683.6300783,G1,T01,micromovimenti_1m_H,1,micro_movement
25548098,1,1,1,100,103,100,100,1,32,100,100,24,6,4,6,9,4,0,0,100,100,76,63,36,49,53,12,1,1787516683.8204079,G1,T01,micromovimenti_1m_H,1,micro_movement
25548298,1,1,1,105,150,100,100,1,20,100,100,22,6,4,9,7,6,0,0,100,100,76,61,37,45,49,12,1,1787516684.031931,G1,T01,micromovimenti_1m_H,1,micro_movement
25548498,1,1,1,127,100,74,100,1,28,63,74,26,9,6,7,10,7,0,0,100,100,79,60,36,41,44,12,1,1787516684.2327156,G1,T01,micromovimenti_1m_H,1,micro_movement
25548698,1,1,1,88,124,100,100,1,16,100,67,14,17,13,6,10,7,0,0,100,100,79,59,36,38,40,11,1,1787516684.4232576,G1,T01,micromovimenti_1m_H,1,micro_movement
25548898,1,1,1,93,96,100,100,1,56,100,100,27,13,10,4,6,2,0,0,100,100,80,58,37,37,38,11,1,1787516684.630165,G1,T01,micromovimenti_1m_H,1,micro_movement
25549098,1,1,1,73,97,100,100,1,65,100,62,11,9,13,9,4,2,0,0,100,100,82,59,37,36,37,11,1,1787516684.8234103,G1,T01,micromovimenti_1m_H,1,micro_movement
25549298,1,1,1,107,105,100,100,1,31,100,100,68,6,4,5,10,7,0,0,100,100,80,61,37,34,36,11,1,1787516685.0283568,G1,T01,micromovimenti_1m_H,1,micro_movement
25549498,1,1,1,91,119,100,100,1,51,100,100,34,21,9,8,6,3,0,0,100,100,85,61,38,33,37,11,1,1787516685.2300293,G1,T01,micromovimenti_1m_H,1,micro_movement
25549698,1,1,1,87,87,100,100,1,52,100,100,22,10,8,11,5,1,0,0,100,100,92,64,39,33,38,11,1,1787516685.4267764,G1,T01,micromovimenti_1m_H,1,micro_movement
25549898,1,1,1,116,103,100,100,1,20,100,100,26,8,9,1,5,4,0,0,100,100,92,65,38,33,38,11,1,1787516685.627689,G1,T01,micromovimenti_1m_H,1,micro_movement
25550098,1,1,1,86,84,100,100,1,67,100,100,27,14,4,3,10,5,0,0,100,100,93,67,36,33,37,12,1,1787516685.8288136,G1,T01,micromovimenti_1m_H,1,micro_movement
25550298,1,1,1,94,145,100,100,1,21,100,77,13,5,8,4,5,7,0,0,100,100,95,69,35,33,37,12,1,1787516686.0290601,G1,T01,micromovimenti_1m_H,1,micro_movement
25550498,1,1,1,100,120,100,100,1,18,100,100,4,9,10,11,2,9,0,0,100,100,93,71,34,33,36,12,1,1787516686.232674,G1,T01,micromovimenti_1m_H,1,micro_movement
25550698,1,1,1,124,120,85,100,1,28,72,85,16,15,11,4,7,6,0,0,100,100,96,70,34,33,36,12,1,1787516686.4316616,G1,T01,micromovimenti_1m_H,1,micro_movement
25550898,1,1,1,123,111,100,100,1,20,88,100,19,10,4,4,10,8,0,0,100,100,95,65,33,33,36,11,1,1787516686.631325,G1,T01,micromovimenti_1m_H,1,micro_movement
25551098,1,1,1,145,103,100,100,1,16,60,100,40,11,8,5,7,9,0,0,100,100,96,62,33,34,35,11,1,1787516686.8323662,G1,T01,micromovimenti_1m_H,1,micro_movement
25551298,1,1,1,88,98,100,100,1,88,100,100,19,11,9,6,3,7,0,0,100,100,96,63,33,34,36,11,1,1787516687.0326178,G1,T01,micromovimenti_1m_H,1,micro_movement
25551498,1,1,1,79,68,100,100,1,59,100,83,18,10,2,12,3,10,0,0,100,100,95,65,35,33,38,11,1,1787516687.217744,G1,T01,micromovimenti_1m_H,1,micro_movement
25551698,1,1,1,94,89,100,100,1,23,100,85,13,9,1,5,5,4,0,0,100,100,93,66,35,32,39,11,1,1787516687.4249885,G1,T01,micromovimenti_1m_H,1,micro_movement
25551898,1,1,1,80,120,84,100,1,49,84,58,10,13,8,1,3,1,0,0,100,100,93,67,35,31,39,11,1,1787516687.6318293,G1,T01,micromovimenti_1m_H,1,micro_movement
25552098,1,1,1,120,80,100,100,1,24,100,100,19,8,8,8,5,5,0,0,100,100,92,67,34,30,39,11,1,1787516687.822883,G1,T01,micromovimenti_1m_H,1,micro_movement
25552298,1,1,1,76,120,53,100,1,25,53,28,15,8,8,4,6,6,0,0,100,100,93,69,35,30,39,11,1,1787516688.028797,G1,T01,micromovimenti_1m_H,1,micro_movement
25552498,1,1,1,126,95,100,100,1,17,100,100,28,9,4,4,5,7,0,0,100,100,90,68,35,30,38,11,1,1787516688.2192209,G1,T01,micromovimenti_1m_H,1,micro_movement
25552698,1,1,1,104,133,81,100,1,18,81,73,9,9,1,3,5,5,0,0,100,100,90,68,35,30,38,11,1,1787516688.4265122,G1,T01,micromovimenti_1m_H,1,micro_movement
25552898,1,1,1,118,110,100,100,1,26,100,100,25,5,9,7,4,4,0,0,100,100,91,67,35,30,38,11,1,1787516688.6327553,G1,T01,micromovimenti_1m_H,1,micro_movement
25553098,1,1,1,129,123,100,100,1,16,86,100,33,11,9,8,4,3,0,0,100,100,90,65,34,29,38,12,1,1787516688.8233087,G1,T01,micromovimenti_1m_H,1,micro_movement
25553298,1,1,1,124,126,100,100,1,18,100,100,39,5,4,5,8,8,0,0,100,100,90,62,32,29,38,12,1,1787516689.0300748,G1,T01,micromovimenti_1m_H,1,micro_movement
25553498,1,1,1,94,117,100,100,1,41,100,100,13,6,2,9,9,10,0,0,100,100,84,60,30,29,37,12,1,1787516689.2215776,G1,T01,micromovimenti_1m_H,1,micro_movement
25553698,1,1,1,94,120,100,100,1,48,100,100,23,7,7,1,5,6,0,0,100,100,76,56,28,30,36,12,1,1787516689.428031,G1,T01,micromovimenti_1m_H,1,micro_movement
25553898,1,1,1,67,94,82,100,1,47,82,30,14,7,3,7,8,7,0,0,100,100,70,55,28,29,35,12,1,1787516689.6185644,G1,T01,micromovimenti_1m_H,1,micro_movement
25554098,1,1,1,86,83,100,100,1,73,100,100,26,6,5,6,1,7,0,0,100,100,66,50,28,28,34,12,1,1787516689.825742,G1,T01,micromovimenti_1m_H,1,micro_movement
25554298,1,1,1,101,92,89,100,1,23,89,77,7,6,8,8,6,4,0,0,100,100,65,48,28,28,34,12,1,1787516690.0181305,G1,T01,micromovimenti_1m_H,1,micro_movement
25554498,1,1,1,85,80,100,100,1,55,100,89,10,3,7,3,6,5,0,0,100,100,65,46,28,27,33,11,1,1787516690.2191508,G1,T01,micromovimenti_1m_H,1,micro_movement
25554698,1,0,1,0,99,0,100,1,25,23,15,8,1,7,6,9,3,0,0,100,100,66,46,26,26,32,11,1,1787516690.425521,G1,T01,micromovimenti_1m_H,1,micro_movement
25554898,1,1,1,92,99,100,100,1,20,100,100,25,5,7,7,8,5,0,0,100,100,63,46,25,26,30,11,1,1787516690.6320245,G1,T01,micromovimenti_1m_H,1,micro_movement
25555098,1,0,1,0,75,0,100,1,18,23,21,10,4,5,6,1,4,0,0,100,100,58,44,24,25,30,11,1,1787516690.8228552,G1,T01,micromovimenti_1m_H,1,micro_movement
25555298,1,1,1,86,86,57,100,1,16,57,35,11,9,3,6,1,5,0,0,100,100,55,42,23,26,29,12,1,1787516691.0296116,G1,T01,micromovimenti_1m_H,1,micro_movement
25555498,1,1,1,108,79,100,100,1,13,100,100,19,10,7,9,4,6,0,0,100,100,56,41,22,26,26,12,1,1787516691.2206368,G1,T01,micromovimenti_1m_H,1,micro_movement
25555698,1,1,1,117,103,100,100,1,14,100,100,43,3,1,11,3,10,0,0,100,100,61,41,23,26,24,12,1,1787516691.42683,G1,T01,micromovimenti_1m_H,1,micro_movement
25555898,1,1,1,89,94,100,100,1,50,100,100,21,14,2,6,3,2,0,0,100,100,62,39,25,26,23,12,1,1787516691.6179523,G1,T01,micromovimenti_1m_H,1,micro_movement
25556098,1,1,1,100,85,100,100,1,18,100,100,17,4,9,8,2,2,0,0,100,100,62,40,26,26,23,12,1,1787516691.8212085,G1,T01,micromovimenti_1m_H,1,micro_movement
25556298,1,1,1,99,104,70,100,1,17,70,59,14,8,9,4,2,2,0,0,100,100,63,38,25,25,23,12,1,1787516692.02769,G1,T01,micromovimenti_1m_H,1,micro_movement
25556498,1,1,1,97,111,100,100,1,19,100,100,15,6,3,2,8,3,0,0,100,100,63,38,25,25,24,12,1,1787516692.2181501,G1,T01,micromovimenti_1m_H,1,micro_movement
25556698,1,1,1,91,95,95,100,1,35,95,72,10,7,2,8,7,5,0,0,100,100,63,36,24,25,25,12,1,1787516692.4248772,G1,T01,micromovimenti_1m_H,1,micro_movement
25556898,1,1,1,100,91,100,100,1,37,100,100,26,10,2,6,8,2,0,0,100,100,63,36,25,25,25,12,1,1787516692.631939,G1,T01,micromovimenti_1m_H,1,micro_movement
25557098,1,1,1,97,100,100,100,1,33,100,100,14,8,8,7,3,1,0,0,100,100,64,38,25,25,25,12,1,1787516692.8228176,G1,T01,micromovimenti_1m_H,1,micro_movement
25557298,1,1,1,105,105,100,100,1,21,100,100,30,3,5,3,5,3,0,0,100,100,65,39,26,24,25,12,1,1787516693.0301428,G1,T01,micromovimenti_1m_H,1,micro_movement
25557498,1,1,1,114,110,100,100,1,29,100,100,36,12,10,1,1,2,0,0,100,100,64,37,26,22,23,12,1,1787516693.2206402,G1,T01,micromovimenti_1m_H,1,micro_movement
25557698,1,1,1,101,124,100,100,1,29,100,100,27,8,9,4,3,6,0,0,100,100,63,37,27,21,22,12,1,1787516693.427424,G1,T01,micromovimenti_1m_H,1,micro_movement
25557898,1,1,1,121,101,100,100,1,19,100,100,22,3,2,5,5,9,0,0,100,100,65,37,28,22,24,12,1,1787516693.618008,G1,T01,micromovimenti_1m_H,1,micro_movement
25558098,1,1,1,129,127,87,100,1,19,68,87,18,10,7,6,2,7,0,0,100,100,66,37,29,21,25,12,1,1787516693.8251693,G1,T01,micromovimenti_1m_H,1,micro_movement
25558298,1,1,1,96,101,87,100,1,33,87,73,18,5,8,3,1,2,0,0,100,100,66,38,30,20,25,12,1,1787516694.0315762,G1,T01,micromovimenti_1m_H,1,micro_movement
25558498,1,1,1,93,99,54,100,1,15,54,41,4,6,10,4,1,3,0,0,100,100,65,38,30,20,25,11,1,1787516694.2225578,G1,T01,micromovimenti_1m_H,1,micro_movement
25558698,1,1,1,109,115,59,100,1,19,59,58,9,12,8,4,1,2,0,0,100,100,62,37,31,20,24,12,1,1787516694.4290688,G1,T01,micromovimenti_1m_H,1,micro_movement
25558898,1,1,1,108,110,100,100,1,28,100,100,33,7,11,2,1,4,0,0,100,100,64,39,31,19,25,12,1,1787516694.620343,G1,T01,micromovimenti_1m_H,1,micro_movement
25559098,1,1,1,97,75,100,100,1,63,100,100,27,5,7,4,4,4,0,0,100,100,65,40,31,19,25,12,1,1787516694.827636,G1,T01,micromovimenti_1m_H,1,micro_movement
25559298,1,1,1,137,98,62,100,1,16,40,62,17,8,8,4,8,5,0,0,100,100,64,41,31,19,25,12,1,1787516695.0176883,G1,T01,micromovimenti_1m_H,1,micro_movement
25559498,1,1,1,99,137,100,100,1,34,100,100,20,9,8,1,2,5,0,0,100,100,62,40,30,19,25,12,1,1787516695.224997,G1,T01,micromovimenti_1m_H,1,micro_movement
25559698,1,1,1,93,100,100,100,1,13,100,75,4,5,2,3,2,3,0,0,100,100,58,39,27,18,24,12,1,1787516695.4314258,G1,T01,micromovimenti_1m_H,1,micro_movement
25559898,1,1,1,76,97,65,100,1,18,65,22,8,5,7,8,5,4,0,0,100,100,54,39,25,17,23,12,1,1787516695.6218197,G1,T01,micromovimenti_1m_H,1,micro_movement
25560098,1,1,1,94,84,100,100,1,42,100,100,21,9,11,6,7,4,0,0,100,100,55,38,24,17,21,12,1,1787516695.828196,G1,T01,micromovimenti_1m_H,1,micro_movement
25560298,1,1,1,103,118,100,100,1,31,100,100,12,6,8,4,6,4,0,0,100,100,52,37,23,19,21,12,1,1787516696.0186837,G1,T01,micromovimenti_1m_H,1,micro_movement
25560498,1,1,1,86,94,91,100,1,32,91,59,19,7,2,10,4,2,0,0,100,100,51,36,25,18,19,12,1,1787516696.2275064,G1,T01,micromovimenti_1m_H,1,micro_movement
25560698,1,1,1,101,86,100,100,1,20,100,100,12,9,1,6,5,3,0,0,100,100,50,37,25,18,17,12,1,1787516696.4329348,G1,T01,micromovimenti_1m_H,1,micro_movement
25560898,1,1,1,119,100,57,100,1,14,53,57,12,7,8,2,3,4,0,0,100,100,49,37,24,18,16,12,1,1787516696.6237457,G1,T01,micromovimenti_1m_H,1,micro_movement
25561098,1,1,1,95,100,100,100,1,20,100,94,5,4,1,7,3,2,0,0,100,100,48,36,24,17,15,12,1,1787516696.8311925,G1,T01,micromovimenti_1m_H,1,micro_movement
25561298,1,1,1,98,96,97,100,1,29,97,82,16,2,5,7,5,1,0,0,100,100,47,36,24,18,15,12,1,1787516697.0216568,G1,T01,micromovimenti_1m_H,1,micro_movement
25561498,1,1,1,100,103,100,100,1,22,100,100,12,4,5,6,5,4,0,0,100,100,49,36,24,19,15,12,1,1787516697.2289631,G1,T01,micromovimenti_1m_H,1,micro_movement
25561698,1,1,1,98,101,100,100,1,19,100,100,17,4,2,5,1,4,0,0,100,100,50,34,22,19,15,12,1,1787516697.4199455,G1,T01,micromovimenti_1m_H,1,micro_movement
25561898,1,1,1,94,98,100,100,1,37,100,100,13,2,1,7,1,4,0,0,100,100,48,32,21,17,14,12,1,1787516697.6277404,G1,T01,micromovimenti_1m_H,1,micro_movement
25562098,1,1,1,99,96,100,100,1,40,100,100,20,6,7,9,5,1,0,0,100,100,48,32,21,18,13,12,1,1787516697.818144,G1,T01,micromovimenti_1m_H,1,micro_movement
25562298,1,1,1,150,97,46,100,1,19,50,46,19,12,5,4,9,1,0,0,100,100,47,32,20,19,12,12,1,1787516698.0244808,G1,T01,micromovimenti_1m_H,1,micro_movement
25562498,1,1,1,107,100,100,100,1,18,100,100,20,4,6,7,3,1,0,0,100,100,48,31,20,19,12,12,1,1787516698.2328484,G1,T01,micromovimenti_1m_H,1,micro_movement
25562698,1,1,1,113,100,100,100,1,21,100,100,28,6,10,6,5,2,0,0,100,100,48,33,21,20,13,12,1,1787516698.4233449,G1,T01,micromovimenti_1m_H,1,micro_movement
25562898,1,1,1,107,104,100,100,1,26,100,100,27,6,4,8,7,1,0,0,100,100,48,31,21,21,12,12,1,1787516698.6297495,G1,T01,micromovimenti_1m_H,1,micro_movement
25563098,1,1,1,96,96,100,100,1,20,100,100,4,8,7,5,4,1,0,0,100,100,49,30,21,22,13,12,1,1787516698.8206053,G1,T01,micromovimenti_1m_H,1,micro_movement
25563298,1,1,1,99,80,100,100,1,31,100,93,10,9,11,4,4,6,0,0,100,100,49,31,21,21,13,12,1,1787516699.0264297,G1,T01,micromovimenti_1m_H,1,micro_movement
25563498,1,1,1,97,97,54,100,1,17,54,45,17,8,3,5,5,5,0,0,100,100,49,30,21,22,14,12,1,1787516699.2176187,G1,T01,micromovimenti_1m_H,1,micro_movement
25563698,1,1,1,138,68,69,100,0,17,44,69,21,5,6,1,6,4,0,0,100,100,50,29,21,23,15,12,1,1787516699.4238539,G1,T01,micromovimenti_1m_H,1,micro_movement
25563898,1,0,1,0,98,0,100,0,15,18,37,24,9,7,2,8,7,0,0,100,100,51,29,21,24,15,12,1,1787516699.631028,G1,T01,micromovimenti_1m_H,1,micro_movement
25564098,1,0,1,0,120,0,100,0,22,29,23,9,3,4,2,5,3,0,0,100,100,53,28,20,24,16,12,1,1787516699.822578,G1,T01,micromovimenti_1m_H,1,micro_movement
25564298,1,1,1,99,110,68,100,0,15,68,57,15,2,7,2,7,5,0,0,100,100,55,28,20,24,16,13,1,1787516700.0294652,G1,T01,micromovimenti_1m_H,1,micro_movement
25564498,1,1,1,85,94,59,100,0,21,59,38,3,7,4,3,6,5,0,0,100,100,54,26,19,25,16,13,1,1787516700.220674,G1,T01,micromovimenti_1m_H,1,micro_movement
25564698,1,1,1,101,116,100,100,0,21,100,100,15,6,2,1,7,7,0,0,100,100,52,26,19,24,17,12,1,1787516700.426707,G1,T01,micromovimenti_1m_H,1,micro_movement
25564898,1,1,1,97,108,97,100,0,28,97,80,13,1,9,6,6,6,0,0,100,100,50,26,19,24,17,12,1,1787516700.6177619,G1,T01,micromovimenti_1m_H,1,micro_movement
25565098,1,1,1,101,105,91,100,0,15,91,79,11,2,9,6,8,6,0,0,100,100,48,26,19,24,17,12,1,1787516700.824624,G1,T01,micromovimenti_1m_H,1,micro_movement
25565298,1,1,1,75,108,87,100,0,37,87,38,8,8,4,5,7,6,0,0,100,100,46,25,18,24,17,11,1,1787516701.0315802,G1,T01,micromovimenti_1m_H,1,micro_movement
25565498,1,0,1,0,94,0,100,0,15,27,32,5,4,5,3,9,8,0,0,100,100,45,25,18,23,17,11,1,1787516701.2229435,G1,T01,micromovimenti_1m_H,1,micro_movement
25565698,1,1,1,99,124,100,100,0,19,100,100,16,9,1,5,9,5,0,0,100,100,44,25,19,23,17,11,1,1787516701.4330647,G1,T01,micromovimenti_1m_H,1,micro_movement
25565898,1,1,1,91,102,63,100,0,29,63,51,9,3,4,1,8,5,0,0,100,100,44,25,19,24,16,11,1,1787516701.6302767,G1,T01,micromovimenti_1m_H,1,micro_movement
25566098,1,1,1,96,99,100,100,0,36,100,90,13,1,3,2,5,6,0,0,100,100,43,24,18,23,16,11,1,1787516701.8205516,G1,T01,micromovimenti_1m_H,1,micro_movement
25566298,1,1,1,107,118,92,100,0,18,92,87,12,2,4,1,7,5,0,0,100,100,41,23,18,22,15,11,1,1787516702.0279698,G1,T01,micromovimenti_1m_H,1,micro_movement
25566498,1,1,1,105,131,99,100,0,28,99,91,19,4,7,5,5,6,0,0,100,100,39,23,18,21,15,12,1,1787516702.2189212,G1,T01,micromovimenti_1m_H,1,micro_movement
25566698,1,1,1,144,105,47,100,0,18,24,47,15,8,4,3,5,5,0,0,100,100,38,22,18,21,15,12,1,1787516702.4251995,G1,T01,micromovimenti_1m_H,1,micro_movement
25566898,1,0,1,0,101,0,100,0,22,21,9,6,6,7,2,8,4,0,0,100,100,38,23,17,20,14,12,1,1787516702.6323578,G1,T01,micromovimenti_1m_H,1,micro_movement
25567098,1,1,1,99,101,100,100,0,29,100,100,23,13,4,3,8,6,0,0,100,100,38,24,18,19,14,13,1,1787516702.8230762,G1,T01,micromovimenti_1m_H,1,micro_movement
25567298,1,1,1,104,101,100,100,0,19,100,100,38,7,1,6,6,5,0,0,100,100,41,23,18,19,13,13,1,1787516703.02982,G1,T01,micromovimenti_1m_H,1,micro_movement
25567498,1,1,1,96,96,100,100,0,13,100,95,16,11,4,1,6,5,0,0,100,100,42,24,18,19,12,12,1,1787516703.220788,G1,T01,micromovimenti_1m_H,1,micro_movement
25567698,1,1,1,94,108,100,100,0,31,100,100,20,14,9,9,0,3,0,0,100,100,43,24,19,18,11,12,1,1787516703.4271138,G1,T01,micromovimenti_1m_H,1,micro_movement
25567898,1,1,1,107,103,100,100,0,22,100,100,25,10,5,2,3,2,0,0,100,100,44,25,19,17,11,11,1,1787516703.6177142,G1,T01,micromovimenti_1m_H,1,micro_movement
25568098,1,1,1,135,86,90,100,0,19,63,90,29,8,10,5,1,1,0,0,100,100,42,26,19,18,12,11,1,1787516703.824948,G1,T01,micromovimenti_1m_H,1,micro_movement
25568298,1,1,1,100,84,100,100,0,40,100,100,22,9,4,1,10,2,0,0,100,100,41,28,20,17,12,11,1,1787516704.032099,G1,T01,micromovimenti_1m_H,1,micro_movement
25568498,1,1,1,71,108,100,100,0,54,100,39,17,8,5,5,10,6,0,0,100,100,45,30,20,17,11,11,1,1787516704.2232618,G1,T01,micromovimenti_1m_H,1,micro_movement
25568698,1,1,1,85,127,88,100,0,19,88,51,2,6,1,7,7,8,0,0,100,100,46,29,20,18,11,11,1,1787516704.4296029,G1,T01,micromovimenti_1m_H,1,micro_movement
25568898,1,0,1,0,90,0,100,0,16,15,27,7,8,1,5,4,10,0,0,100,100,47,29,21,18,12,12,1,1787516704.620268,G1,T01,micromovimenti_1m_H,1,micro_movement
25569098,1,1,1,149,90,55,100,0,20,25,55,24,6,7,5,6,9,0,0,100,100,49,29,21,18,12,12,1,1787516704.8270314,G1,T01,micromovimenti_1m_H,1,micro_movement
25569298,1,1,1,90,100,93,100,0,20,93,63,7,2,1,6,8,8,0,0,100,100,48,29,22,19,13,12,1,1787516705.0174806,G1,T01,micromovimenti_1m_H,1,micro_movement
25569498,1,1,1,100,79,100,100,0,20,100,100,25,7,4,3,3,7,0,0,100,100,48,29,22,19,12,12,1,1787516705.2178118,G1,T01,micromovimenti_1m_H,1,micro_movement
25569698,1,1,1,79,100,100,100,0,48,100,68,12,11,10,2,8,7,0,0,100,100,49,30,22,18,12,12,1,1787516705.4246278,G1,T01,micromovimenti_1m_H,1,micro_movement
25569898,1,1,1,104,94,88,100,0,38,88,83,31,12,7,7,4,9,0,0,100,100,51,31,22,18,13,12,1,1787516705.6296737,G1,T01,micromovimenti_1m_H,1,micro_movement
25570098,1,1,1,96,91,100,100,0,39,100,86,10,3,2,7,7,9,0,0,100,100,53,33,22,19,13,12,1,1787516705.8206017,G1,T01,micromovimenti_1m_H,1,micro_movement
25570298,1,1,1,82,94,79,100,0,18,79,39,10,5,7,8,7,8,0,0,100,100,55,34,22,20,14,12,1,1787516706.0326278,G1,T01,micromovimenti_1m_H,1,micro_movement
25570498,1,1,1,129,106,100,100,0,20,82,100,21,14,2,3,2,6,0,0,100,100,59,34,22,20,14,12,1,1787516706.2176974,G1,T01,micromovimenti_1m_H,1,micro_movement
25570698,1,1,1,97,124,100,100,0,35,100,100,17,14,10,3,2,8,0,0,100,100,63,35,21,20,15,12,1,1787516706.4246004,G1,T01,micromovimenti_1m_H,1,micro_movement
25570898,1,1,1,136,83,100,100,0,21,98,100,33,7,2,6,8,5,0,0,100,100,62,36,21,21,15,12,1,1787516706.631705,G1,T01,micromovimenti_1m_H,1,micro_movement
25571098,1,1,1,110,86,100,100,1,29,100,100,26,5,5,12,15,11,0,0,100,100,63,35,21,22,17,12,1,1787516706.8204014,G1,T01,micromovimenti_1m_H,1,micro_movement
25571298,1,1,1,86,114,100,100,1,58,100,100,10,12,9,7,4,6,0,0,100,100,64,36,22,24,19,12,1,1787516707.0174046,G1,T01,micromovimenti_1m_H,1,micro_movement
25571498,1,1,1,66,83,100,100,1,79,100,44,16,5,7,5,7,11,0,0,100,100,64,37,23,26,21,12,1,1787516707.224245,G1,T01,micromovimenti_1m_H,1,micro_movement
25571698,1,1,1,125,118,100,100,1,25,86,100,20,6,7,6,4,4,0,0,100,100,64,37,22,25,23,12,1,1787516707.4310887,G1,T01,micromovimenti_1m_H,1,micro_movement
25571898,1,1,1,87,89,100,100,1,53,100,80,18,8,3,2,3,1,0,0,100,100,64,35,23,25,24,12,1,1787516707.6217334,G1,T01,micromovimenti_1m_H,1,micro_movement
25572098,1,1,1,106,99,100,100,1,28,100,100,18,9,1,3,9,5,0,0,100,100,65,35,22,25,25,12,1,1787516707.8278058,G1,T01,micromovimenti_1m_H,1,micro_movement
25572298,1,1,1,86,62,100,100,1,24,100,62,6,9,6,4,8,1,0,0,100,100,67,34,21,25,26,11,1,1787516708.01777,G1,T01,micromovimenti_1m_H,1,micro_movement
25572498,1,1,1,131,83,53,100,1,29,42,53,17,2,5,6,6,3,0,0,100,100,64,32,22,24,27,12,1,1787516708.224698,G1,T01,micromovimenti_1m_H,1,micro_movement
25572698,1,1,1,85,88,100,100,1,48,100,100,18,11,3,6,7,8,0,0,100,100,70,34,21,25,28,12,1,1787516708.4309406,G1,T01,micromovimenti_1m_H,1,micro_movement
25572898,1,1,1,81,94,100,100,1,32,100,61,16,12,9,6,3,2,0,0,100,100,75,37,21,26,28,12,1,1787516708.6220386,G1,T01,micromovimenti_1m_H,1,micro_movement
25573098,1,1,1,104,79,100,100,1,37,100,100,27,10,9,4,4,4,0,0,100,100,81,38,20,27,28,12,1,1787516708.8288815,G1,T01,micromovimenti_1m_H,1,micro_movement
25573298,1,1,1,63,87,55,100,1,38,55,21,16,21,12,5,2,4,0,0,100,100,84,38,20,27,28,12,1,1787516709.0199034,G1,T01,micromovimenti_1m_H,1,micro_movement
25573498,1,1,1,106,101,100,100,1,18,100,100,34,12,4,3,1,6,0,0,100,100,87,41,21,28,29,12,1,1787516709.2271008,G1,T01,micromovimenti_1m_H,1,micro_movement
25573698,1,1,1,107,97,100,100,1,44,100,100,48,4,8,7,9,2,0,0,100,100,91,43,22,28,31,12,1,1787516709.4175367,G1,T01,micromovimenti_1m_H,1,micro_movement
25573898,1,1,1,108,120,100,100,1,18,100,100,22,8,10,6,3,1,0,0,100,100,92,46,23,29,31,12,1,1787516709.6243646,G1,T01,micromovimenti_1m_H,1,micro_movement
25574098,1,1,1,124,87,100,100,1,44,100,100,52,21,10,8,10,3,0,0,100,100,95,45,24,30,31,12,1,1787516709.83162,G1,T01,micromovimenti_1m_H,1,micro_movement
25574298,1,1,1,85,117,100,100,1,44,100,84,28,11,10,9,4,7,0,0,100,100,95,45,23,32,31,12,1,1787516710.021826,G1,T01,micromovimenti_1m_H,1,micro_movement
25574498,1,1,1,114,75,100,100,1,17,100,100,25,2,7,9,8,9,0,0,100,100,92,46,23,31,32,12,1,1787516710.2246706,G1,T01,micromovimenti_1m_H,1,micro_movement
25574698,1,1,1,113,118,100,100,1,18,100,100,55,10,6,7,11,8,0,0,100,100,92,45,24,32,33,12,1,1787516710.4321668,G1,T01,micromovimenti_1m_H,1,micro_movement
25574898,1,1,1,124,107,100,100,1,20,100,100,45,2,4,3,5,8,0,0,100,100,95,44,26,32,34,12,1,1787516710.6230218,G1,T01,micromovimenti_1m_H,1,micro_movement
25575098,1,1,1,113,90,44,100,1,14,44,44,11,2,5,5,5,5,0,0,100,100,95,44,26,31,33,12,1,1787516710.830442,G1,T01,micromovimenti_1m_H,1,micro_movement
25575298,1,1,1,99,81,98,100,1,23,98,82,9,8,8,9,2,1,0,0,100,100,91,45,26,28,31,12,1,1787516711.0211318,G1,T01,micromovimenti_1m_H,1,micro_movement
25575498,1,1,1,127,127,100,100,1,15,100,100,31,5,6,7,4,7,0,0,100,100,90,44,26,26,29,12,1,1787516711.2271569,G1,T01,micromovimenti_1m_H,1,micro_movement
25575698,1,1,1,106,124,100,100,1,19,100,96,15,6,5,4,9,5,0,0,100,100,92,44,26,27,28,12,1,1787516711.4334877,G1,T01,micromovimenti_1m_H,1,micro_movement
25575898,1,1,1,144,105,90,100,1,36,39,90,19,10,1,1,8,3,0,0,100,100,90,43,27,27,26,12,1,1787516711.6244328,G1,T01,micromovimenti_1m_H,1,micro_movement
25576098,1,1,1,102,97,100,100,1,35,100,100,22,6,9,9,6,6,0,0,100,100,89,45,29,26,25,12,1,1787516711.8311467,G1,T01,micromovimenti_1m_H,1,micro_movement
25576298,1,1,1,114,125,100,100,1,36,100,100,24,11,8,7,7,9,0,0,100,100,88,46,31,26,24,12,1,1787516712.0221403,G1,T01,micromovimenti_1m_H,1,micro_movement
25576498,1,1,1,98,146,57,100,1,21,57,48,14,3,3,6,5,9,0,0,100,100,88,46,31,26,24,12,1,1787516712.2295759,G1,T01,micromovimenti_1m_H,1,micro_movement
25576698,1,0,1,0,94,0,100,1,20,13,23,13,1,4,5,4,7,0,0,100,100,83,45,32,24,23,12,1,1787516712.4205697,G1,T01,micromovimenti_1m_H,1,micro_movement
25576898,1,1,1,87,131,70,100,1,21,70,46,9,6,5,4,3,7,0,0,100,100,77,43,33,22,23,11,1,1787516712.6278574,G1,T01,micromovimenti_1m_H,1,micro_movement
25577098,1,1,1,77,87,62,100,1,21,62,27,7,9,4,7,3,7,0,0,100,100,70,41,32,21,22,12,1,1787516712.8189101,G1,T01,micromovimenti_1m_H,1,micro_movement
25577298,1,0,1,0,76,0,100,1,13,38,16,13,6,2,8,3,7,0,0,100,100,68,41,32,20,21,12,1,1787516713.0247364,G1,T01,micromovimenti_1m_H,1,micro_movement
25577498,1,1,1,80,77,92,100,1,37,92,51,9,6,1,5,5,10,0,0,100,100,66,38,31,20,21,12,1,1787516713.2314055,G1,T01,micromovimenti_1m_H,1,micro_movement
25577698,1,1,1,79,90,100,100,1,67,100,83,17,12,10,3,8,10,0,0,100,100,61,35,31,19,20,12,1,1787516713.4219432,G1,T01,micromovimenti_1m_H,1,micro_movement
25577898,1,1,1,119,119,99,100,1,15,92,99,18,5,6,3,10,9,0,0,100,100,59,31,31,19,19,12,1,1787516713.6286788,G1,T01,micromovimenti_1m_H,1,micro_movement
25578098,1,1,1,104,103,100,100,1,22,100,100,26,10,6,3,11,9,0,0,100,100,55,31,31,17,19,12,1,1787516713.8195105,G1,T01,micromovimenti_1m_H,1,micro_movement
25578298,1,1,1,102,103,100,100,1,17,100,89,17,6,3,4,11,8,0,0,100,100,55,32,31,16,19,13,1,1787516714.027013,G1,T01,micromovimenti_1m_H,1,micro_movement
25578498,1,0,1,0,96,0,100,0,15,44,34,7,9,5,4,6,6,0,0,100,100,55,31,31,16,18,12,1,1787516714.2206328,G1,T01,micromovimenti_1m_H,1,micro_movement
25578698,1,1,1,115,118,95,100,0,17,92,95,20,6,10,5,7,4,0,0,100,100,52,32,30,16,16,12,1,1787516714.4244022,G1,T01,micromovimenti_1m_H,1,micro_movement
25578898,1,1,1,123,120,83,100,0,18,72,83,17,7,4,2,7,7,0,0,100,100,51,31,30,15,15,12,1,1787516714.6313112,G1,T01,micromovimenti_1m_H,1,micro_movement
25579098,1,1,1,110,110,100,100,0,21,100,100,17,9,4,1,6,8,0,0,100,100,48,30,28,15,15,12,1,1787516714.8217926,G1,T01,micromovimenti_1m_H,1,micro_movement
25579298,1,1,1,126,107,70,100,0,19,58,70,17,9,5,2,8,6,0,0,100,100,48,28,27,14,15,12,1,1787516715.0291286,G1,T01,micromovimenti_1m_H,1,micro_movement
25579498,1,0,1,0,126,0,100,0,16,31,33,11,1,3,5,8,6,0,0,100,100,47,27,26,14,14,12,1,1787516715.2212462,G1,T01,micromovimenti_1m_H,1,micro_movement
25579698,1,0,1,0,126,0,100,0,15,35,24,9,3,1,3,6,7,0,0,100,100,45,26,26,13,14,11,1,1787516715.426465,G1,T01,micromovimenti_1m_H,1,micro_movement
25579898,1,0,1,0,126,0,100,0,21,30,28,8,6,1,3,6,7,0,0,100,100,45,26,25,13,14,12,1,1787516715.6331916,G1,T01,micromovimenti_1m_H,1,micro_movement
25580098,1,0,1,0,126,0,100,0,15,12,10,5,8,1,3,6,6,0,0,100,100,44,24,23,12,14,12,1,1787516715.8242579,G1,T01,micromovimenti_1m_H,1,micro_movement
25580298,1,0,1,0,126,0,100,0,20,27,15,6,4,4,3,4,5,0,0,100,100,42,23,20,11,13,12,1,1787516716.0310917,G1,T01,micromovimenti_1m_H,1,micro_movement
25580498,1,1,1,106,86,69,100,0,17,69,64,13,9,3,1,6,6,0,0,100,100,42,22,19,11,12,12,1,1787516716.222784,G1,T01,micromovimenti_1m_H,1,micro_movement
25580698,1,1,1,116,104,46,100,0,15,44,46,9,9,8,4,9,8,0,0,100,100,43,22,18,12,11,12,1,1787516716.430159,G1,T01,micromovimenti_1m_H,1,micro_movement
25580898,1,1,1,101,86,100,100,0,36,100,100,50,9,3,8,7,5,0,0,100,100,44,22,18,12,12,12,1,1787516716.6213877,G1,T01,micromovimenti_1m_H,1,micro_movement
25581098,1,1,1,84,99,100,100,0,32,100,70,9,9,10,8,4,9,0,0,100,100,50,23,20,12,12,12,1,1787516716.8277082,G1,T01,micromovimenti_1m_H,1,micro_movement
25581298,1,1,1,89,89,100,100,0,56,100,100,41,27,14,6,6,8,0,0,100,100,54,27,21,11,13,12,1,1787516717.0185492,G1,T01,micromovimenti_1m_H,1,micro_movement
25581498,1,1,1,99,79,100,100,0,16,100,100,11,3,10,1,4,10,0,0,100,100,57,31,23,12,14,12,1,1787516717.2254918,G1,T01,micromovimenti_1m_H,1,micro_movement
25581698,1,1,1,149,111,100,100,0,22,44,100,40,6,8,6,6,6,0,0,100,100,60,31,22,14,13,11,1,1787516717.4325123,G1,T01,micromovimenti_1m_H,1,micro_movement
25581898,1,1,1,77,69,100,100,0,62,100,79,19,7,6,3,8,1,0,0,100,100,62,32,21,15,13,11,1,1787516717.6233566,G1,T01,micromovimenti_1m_H,1,micro_movement
25582098,1,0,1,0,77,0,100,0,17,38,38,12,8,1,5,7,3,0,0,100,100,66,33,20,15,13,11,1,1787516717.8300595,G1,T01,micromovimenti_1m_H,1,micro_movement
25582298,1,1,1,101,106,100,100,0,19,100,93,13,7,9,6,6,7,0,0,100,100,67,34,20,14,13,11,1,1787516718.0208597,G1,T01,micromovimenti_1m_H,1,micro_movement
25582498,1,0,1,0,127,0,100,0,19,22,12,13,6,8,6,6,8,0,0,100,100,68,35,20,14,13,11,1,1787516718.2282584,G1,T01,micromovimenti_1m_H,1,micro_movement
25582698,1,1,1,107,125,98,100,0,35,98,94,28,6,1,7,2,7,0,0,100,100,68,35,20,14,13,11,1,1787516718.4189303,G1,T01,micromovimenti_1m_H,1,micro_movement
25582898,1,1,1,87,126,96,100,0,20,96,59,16,7,3,6,1,5,0,0,100,100,68,36,19,14,13,12,1,1787516718.6262758,G1,T01,micromovimenti_1m_H,1,micro_movement
25583098,1,1,1,89,106,70,100,0,25,70,51,10,3,2,7,6,7,0,0,100,100,68,37,18,14,13,12,1,1787516718.8334403,G1,T01,micromovimenti_1m_H,1,micro_movement
25583298,1,1,1,96,108,54,100,0,21,54,45,9,7,6,8,2,5,0,0,100,100,68,38,19,15,12,12,1,1787516719.0242743,G1,T01,micromovimenti_1m_H,1,micro_movement
25583498,1,1,1,85,97,76,100,0,35,76,53,10,12,3,4,4,6,0,0,100,100,68,40,19,15,12,12,1,1787516719.2314327,G1,T01,micromovimenti_1m_H,1,micro_movement
25583698,1,1,1,111,87,100,100,0,45,100,100,35,8,5,2,3,6,0,0,100,100,69,41,19,15,12,12,1,1787516719.4229074,G1,T01,micromovimenti_1m_H,1,micro_movement
25583898,1,1,1,110,93,100,100,0,14,100,100,24,11,10,7,5,7,0,0,100,100,72,41,20,15,12,12,1,1787516719.6292367,G1,T01,micromovimenti_1m_H,1,micro_movement
25584098,1,1,1,99,111,100,100,0,23,100,100,39,15,17,5,4,5,0,0,100,100,74,47,23,16,12,12,1,1787516719.8201516,G1,T01,micromovimenti_1m_H,1,micro_movement
25584298,1,1,1,92,99,100,100,1,23,100,86,19,28,18,8,5,6,0,0,100,100,79,51,24,17,13,12,1,1787516720.0268672,G1,T01,micromovimenti_1m_H,1,micro_movement
25584498,1,1,1,79,90,59,100,1,19,59,29,7,11,10,3,7,4,0,0,100,100,84,53,24,17,14,11,1,1787516720.2254126,G1,T01,micromovimenti_1m_H,1,micro_movement
25584698,1,1,1,103,93,100,100,1,52,100,100,25,10,1,5,7,4,0,0,100,100,87,52,24,18,14,11,1,1787516720.4321818,G1,T01,micromovimenti_1m_H,1,micro_movement
25584898,1,1,1,76,90,100,100,1,58,100,65,12,14,7,2,9,4,0,0,100,100,86,54,24,19,14,11,1,1787516720.6315434,G1,T01,micromovimenti_1m_H,1,micro_movement
25585098,1,1,1,108,99,100,100,1,21,100,100,37,9,9,4,9,9,0,0,100,100,81,54,22,20,14,11,1,1787516720.8226464,G1,T01,micromovimenti_1m_H,1,micro_movement
25585298,1,1,1,100,104,100,100,1,30,100,100,37,5,7,11,7,5,0,0,100,100,81,52,23,21,14,11,1,1787516721.0298853,G1,T01,micromovimenti_1m_H,1,micro_movement
25585498,1,1,1,116,151,79,100,1,19,76,79,19,9,8,7,9,8,0,0,100,100,79,50,21,21,14,12,1,1787516721.2259233,G1,T01,micromovimenti_1m_H,1,micro_movement
25585698,1,1,1,101,104,100,100,1,14,100,100,23,8,5,6,8,5,0,0,100,100,78,50,22,20,14,12,1,1787516721.4272988,G1,T01,micromovimenti_1m_H,1,micro_movement
25585898,1,1,1,115,105,55,100,1,17,53,55,9,7,7,5,4,6,0,0,100,100,78,50,22,20,13,12,1,1787516721.61847,G1,T01,micromovimenti_1m_H,1,micro_movement
25586098,1,1,1,99,102,76,100,1,16,76,63,13,9,7,5,5,7,0,0,100,100,75,49,21,19,13,12,1,1787516721.8253617,G1,T01,micromovimenti_1m_H,1,micro_movement
25586298,1,1,1,82,99,87,100,1,21,87,43,13,5,4,7,4,6,0,0,100,100,73,48,21,19,14,12,1,1787516722.0326297,G1,T01,micromovimenti_1m_H,1,micro_movement
25586498,1,1,1,97,93,100,100,1,29,100,100,14,4,1,2,3,6,0,0,100,100,71,46,22,19,14,12,1,1787516722.2271323,G1,T01,micromovimenti_1m_H,1,micro_movement
25586698,1,1,1,100,97,100,100,1,14,100,96,20,10,1,2,1,5,0,0,100,100,71,43,22,19,14,12,1,1787516722.4292557,G1,T01,micromovimenti_1m_H,1,micro_movement
25586898,1,1,1,111,113,71,100,1,23,71,70,15,9,5,3,4,4,0,0,100,100,74,42,21,19,14,12,1,1787516722.6230056,G1,T01,micromovimenti_1m_H,1,micro_movement
25587098,1,1,1,111,136,61,100,1,16,61,60,4,11,6,2,4,4,0,0,100,100,77,42,21,19,15,12,1,1787516722.827595,G1,T01,micromovimenti_1m_H,1,micro_movement
25587298,1,0,1,0,117,0,100,1,33,40,29,15,4,5,2,1,4,0,0,100,100,81,41,22,19,15,12,1,1787516723.024329,G1,T01,micromovimenti_1m_H,1,micro_movement
25587498,1,1,1,117,132,60,100,1,18,57,60,20,9,4,3,4,5,0,0,100,100,82,40,22,19,15,12,1,1787516723.230158,G1,T01,micromovimenti_1m_H,1,micro_movement
25587698,1,0,1,0,150,0,100,1,18,47,32,8,4,2,5,6,8,0,0,100,100,82,40,22,19,15,12,1,1787516723.4331555,G1,T01,micromovimenti_1m_H,1,micro_movement
25587898,1,0,1,0,150,0,100,1,17,27,29,9,6,1,5,7,8,0,0,100,100,80,40,21,19,15,12,1,1787516723.6311505,G1,T01,micromovimenti_1m_H,1,micro_movement
25588098,1,1,1,79,84,87,100,1,36,87,48,2,3,3,6,8,7,0,0,100,100,77,35,19,20,15,12,1,1787516723.8323185,G1,T01,micromovimenti_1m_H,1,micro_movement
25588298,1,0,1,0,87,0,100,1,16,44,32,10,6,5,5,5,6,0,0,100,100,72,32,19,20,14,12,1,1787516724.0325077,G1,T01,micromovimenti_1m_H,1,micro_movement
25588498,1,1,1,73,93,100,100,0,56,100,47,16,5,1,4,5,7,0,0,100,100,65,32,18,19,13,12,1,1787516724.2328432,G1,T01,micromovimenti_1m_H,1,micro_movement
25588698,1,0,1,0,76,0,100,0,23,40,26,4,4,1,3,5,7,0,0,100,100,59,30,17,18,13,12,1,1787516724.4322734,G1,T01,micromovimenti_1m_H,1,micro_movement
25588898,1,1,1,96,87,97,100,0,19,97,77,22,3,3,5,6,8,0,0,100,100,58,28,17,16,13,12,1,1787516724.6335154,G1,T01,micromovimenti_1m_H,1,micro_movement
25589098,1,1,1,88,82,69,100,0,20,69,46,2,1,2,3,5,7,0,0,100,100,56,27,17,15,12,12,1,1787516724.8331673,G1,T01,micromovimenti_1m_H,1,micro_movement
25589298,1,1,1,65,86,53,100,0,32,53,17,8,9,2,5,4,6,0,0,100,100,52,25,15,14,11,12,1,1787516725.0306606,G1,T01,micromovimenti_1m_H,1,micro_movement
25589498,1,0,1,0,84,0,100,0,18,47,23,8,4,1,4,5,7,0,0,100,100,50,23,14,12,10,12,1,1787516725.231035,G1,T01,micromovimenti_1m_H,1,micro_movement
25589698,1,1,1,88,96,100,100,0,30,100,75,9,3,2,7,8,8,0,0,100,100,48,23,13,11,10,12,1,1787516725.423399,G1,T01,micromovimenti_1m_H,1,micro_movement
25589898,1,1,1,92,89,95,100,0,20,95,69,10,1,2,7,7,9,0,0,100,100,45,21,14,11,10,12,1,1787516725.629073,G1,T01,micromovimenti_1m_H,1,micro_movement
25590098,1,1,1,118,140,100,100,0,19,97,100,30,9,2,4,3,8,0,0,100,100,44,20,14,11,10,12,1,1787516725.8199859,G1,T01,micromovimenti_1m_H,1,micro_movement
25590298,1,1,1,120,144,100,100,0,17,93,100,30,12,5,7,2,7,0,0,100,100,48,19,14,12,9,12,1,1787516726.0317576,G1,T01,micromovimenti_1m_H,1,micro_movement
25590498,1,1,1,96,91,69,100,0,24,69,57,3,3,4,6,2,5,0,0,100,100,52,19,15,13,9,12,1,1787516726.232363,G1,T01,micromovimenti_1m_H,1,micro_movement
25590698,1,0,1,0,96,0,100,0,13,45,21,7,10,10,8,1,7,0,0,100,100,57,21,16,13,8,12,1,1787516726.423746,G1,T01,micromovimenti_1m_H,1,micro_movement
25590898,1,1,1,100,96,75,100,0,15,75,65,12,8,10,2,4,7,0,0,100,100,60,23,17,13,8,12,1,1787516726.6300876,G1,T01,micromovimenti_1m_H,1,micro_movement
25591098,1,1,1,123,119,66,100,0,15,58,66,16,9,6,3,7,10,0,0,100,100,59,23,16,13,8,12,1,1787516726.8211696,G1,T01,micromovimenti_1m_H,1,micro_movement
25591298,1,1,1,86,116,100,100,0,31,100,65,15,13,7,2,8,7,0,0,100,100,56,23,16,14,8,12,1,1787516727.0284157,G1,T01,micromovimenti_1m_H,1,micro_movement
25591498,1,0,1,0,92,0,100,0,18,29,19,9,9,4,4,6,8,0,0,100,100,54,22,15,13,8,12,1,1787516727.2318587,G1,T01,micromovimenti_1m_H,1,micro_movement
25591698,1,0,1,0,92,0,100,0,23,18,16,8,5,3,3,5,8,0,0,100,100,54,22,14,13,8,12,1,1787516727.4256675,G1,T01,micromovimenti_1m_H,1,micro_movement
25591898,1,1,1,87,93,56,100,0,13,56,35,12,3,4,3,4,6,0,0,100,100,55,22,14,13,7,12,1,1787516727.6324606,G1,T01,micromovimenti_1m_H,1,micro_movement
25592098,1,0,1,0,87,0,100,0,21,43,24,8,3,4,4,5,6,0,0,100,100,56,22,14,12,7,12,1,1787516727.8229797,G1,T01,micromovimenti_1m_H,1,micro_movement
25592298,1,1,1,125,150,53,100,0,13,45,53,11,2,1,3,7,4,0,0,100,100,57,20,13,12,7,12,1,1787516728.030035,G1,T01,micromovimenti_1m_H,1,micro_movement
25592498,1,0,1,0,108,0,100,0,20,35,38,9,8,4,4,6,3,0,0,100,100,57,19,13,12,7,12,1,1787516728.2330723,G1,T01,micromovimenti_1m_H,1,micro_movement
25592698,1,0,1,0,108,0,100,0,18,20,8,2,8,5,5,6,4,0,0,100,100,58,20,12,12,7,12,1,1787516728.4275143,G1,T01,micromovimenti_1m_H,1,micro_movement
25592898,1,1,1,86,108,100,100,0,39,100,89,10,3,1,7,7,4,0,0,100,100,58,19,12,12,8,12,1,1787516728.6337087,G1,T01,micromovimenti_1m_H,1,micro_movement
25593098,1,1,1,104,98,100,100,0,30,100,100,21,9,4,10,8,5,0,0,100,100,61,19,13,13,9,12,1,1787516728.8243582,G1,T01,micromovimenti_1m_H,1,micro_movement
25593298,1,1,1,130,114,100,100,0,18,83,100,15,7,5,7,7,9,0,0,100,100,64,20,15,14,10,12,1,1787516729.0303211,G1,T01,micromovimenti_1m_H,1,micro_movement
25593498,1,1,1,101,113,100,100,0,15,100,100,12,10,4,5,4,8,0,0,100,100,64,21,16,15,11,12,1,1787516729.2336965,G1,T01,micromovimenti_1m_H,1,micro_movement
25593698,1,1,1,97,94,100,100,0,37,100,94,11,6,1,5,5,6,0,0,100,100,64,21,18,16,12,12,1,1787516729.4276626,G1,T01,micromovimenti_1m_H,1,micro_movement
25593898,1,1,1,104,127,100,100,0,37,100,100,20,4,4,9,8,7,0,0,100,100,65,22,18,16,13,12,1,1787516729.618502,G1,T01,micromovimenti_1m_H,1,micro_movement
25594098,1,1,1,109,110,100,100,0,28,100,100,30,8,5,10,7,5,0,0,100,100,65,23,19,17,14,12,1,1787516729.8254254,G1,T01,micromovimenti_1m_H,1,micro_movement
25594298,1,1,1,105,93,81,100,0,18,81,75,9,7,6,2,4,5,0,0,100,100,61,24,19,18,14,12,1,1787516730.0318274,G1,T01,micromovimenti_1m_H,1,micro_movement
25594498,1,1,1,116,103,100,100,0,20,100,100,24,7,5,2,4,7,0,0,100,100,57,24,19,18,15,12,1,1787516730.2335439,G1,T01,micromovimenti_1m_H,1,micro_movement
25594698,1,1,1,120,73,100,100,0,26,100,100,40,2,6,3,6,3,0,0,100,100,52,23,18,18,16,12,1,1787516730.4234836,G1,T01,micromovimenti_1m_H,1,micro_movement
25594898,1,1,1,104,103,100,100,0,34,100,100,30,7,7,1,7,8,0,0,100,100,46,23,18,18,17,12,1,1787516730.6299381,G1,T01,micromovimenti_1m_H,1,micro_movement
25595098,1,1,1,100,101,68,100,0,25,68,60,15,9,6,2,6,8,0,0,100,100,44,23,20,18,17,12,1,1787516730.8204165,G1,T01,micromovimenti_1m_H,1,micro_movement
25595298,1,1,1,101,107,92,100,0,21,92,81,18,5,8,4,4,6,0,0,100,100,45,24,20,18,16,12,1,1787516731.0304606,G1,T01,micromovimenti_1m_H,1,micro_movement
25595498,1,1,1,120,104,75,100,0,16,68,75,18,6,7,9,3,7,0,0,100,100,46,25,20,18,16,12,1,1787516731.234049,G1,T01,micromovimenti_1m_H,1,micro_movement
25595698,1,1,1,101,87,69,100,0,13,69,60,9,10,1,4,5,8,0,0,100,100,45,25,20,18,16,11,1,1787516731.4274023,G1,T01,micromovimenti_1m_H,1,micro_movement
25595898,1,1,1,134,119,45,100,0,14,32,45,13,9,7,6,6,6,0,0,100,100,45,25,21,18,16,11,1,1787516731.6341524,G1,T01,micromovimenti_1m_H,1,micro_movement
25596098,1,1,1,114,134,48,100,0,25,47,48,11,5,5,8,6,7,0,0,100,100,45,25,21,18,16,11,1,1787516731.8254242,G1,T01,micromovimenti_1m_H,1,micro_movement
25596298,1,0,1,0,150,0,100,0,24,43,28,5,2,6,10,7,7,0,0,100,100,45,26,22,18,16,11,1,1787516732.0317774,G1,T01,micromovimenti_1m_H,1,micro_movement
25596498,1,0,1,0,150,0,100,0,19,35,23,1,3,5,7,5,7,0,0,100,100,46,27,24,19,16,12,1,1787516732.2226977,G1,T01,micromovimenti_1m_H,1,micro_movement
25596698,1,0,1,0,150,0,100,0,17,50,31,2,3,5,6,5,8,0,0,100,100,46,27,24,19,15,12,1,1787516732.4295716,G1,T01,micromovimenti_1m_H,1,micro_movement
25596898,1,0,1,0,150,0,100,0,17,16,11,7,4,3,6,5,7,0,0,100,100,46,28,25,19,15,12,1,1787516732.6203718,G1,T01,micromovimenti_1m_H,1,micro_movement
25597098,1,0,1,0,150,0,100,0,17,17,8,3,4,2,5,6,6,0,0,100,100,44,29,25,18,14,12,1,1787516732.8278542,G1,T01,micromovimenti_1m_H,1,micro_movement
25597298,1,0,1,0,150,0,100,0,19,34,27,10,3,1,4,5,7,0,0,100,100,42,29,23,17,12,12,1,1787516733.0323403,G1,T01,micromovimenti_1m_H,1,micro_movement
25597498,1,0,1,0,150,0,100,0,19,17,16,4,6,3,5,4,6,0,0,100,100,42,28,21,15,11,13,1,1787516733.2246768,G1,T01,micromovimenti_1m_H,1,micro_movement
25597698,1,0,1,0,150,0,100,0,18,14,21,7,6,4,4,5,6,0,0,100,100,41,28,20,14,10,13,1,1787516733.4323313,G1,T01,micromovimenti_1m_H,1,micro_movement
25597898,1,0,1,0,150,0,100,0,15,15,21,9,8,3,4,5,5,0,0,100,100,40,27,19,14,9,12,1,1787516733.6233668,G1,T01,micromovimenti_1m_H,1,micro_movement
25598098,1,1,1,104,117,53,100,0,18,53,49,10,7,1,5,6,6,0,0,100,100,40,27,18,13,8,12,1,1787516733.8298244,G1,T01,micromovimenti_1m_H,1,micro_movement
25598298,1,1,1,150,102,47,100,0,18,48,47,10,10,9,7,8,7,0,0,100,100,41,25,19,11,8,12,1,1787516734.0326862,G1,T01,micromovimenti_1m_H,1,micro_movement
25598498,1,0,1,0,150,0,100,0,18,34,25,10,8,9,4,6,5,0,0,100,100,41,27,19,11,7,11,1,1787516734.2290647,G1,T01,micromovimenti_1m_H,1,micro_movement
25598698,1,0,1,0,150,0,100,0,14,16,10,6,1,3,4,5,5,0,0,100,100,41,28,19,10,7,11,1,1787516734.4199882,G1,T01,micromovimenti_1m_H,1,micro_movement
25598898,1,1,1,150,150,41,100,0,16,45,41,7,10,5,2,6,7,0,0,100,100,42,27,19,10,6,11,1,1787516734.6268718,G1,T01,micromovimenti_1m_H,1,micro_movement
25599098,1,0,1,0,150,0,100,0,18,37,36,12,3,6,5,7,8,0,0,100,100,42,27,18,10,6,11,1,1787516734.8329787,G1,T01,micromovimenti_1m_H,1,micro_movement
25599298,1,1,1,93,150,56,100,0,16,56,43,8,4,5,8,6,7,0,0,100,91,41,26,17,9,6,11,1,1787516735.0328507,G1,T01,micromovimenti_1m_H,1,micro_movement
25599498,1,0,1,0,81,0,100,0,21,40,22,5,5,1,8,5,6,0,0,100,82,40,25,17,9,6,12,1,1787516735.2264915,G1,T01,micromovimenti_1m_H,1,micro_movement
25599698,1,0,1,0,81,0,100,0,16,20,14,4,5,2,9,5,7,0,0,100,76,41,25,17,8,5,12,1,1787516735.4177508,G1,T01,micromovimenti_1m_H,1,micro_movement
25599898,1,0,1,0,81,0,100,0,15,12,4,2,7,2,8,6,7,0,0,100,74,41,24,17,8,5,12,1,1787516735.6253147,G1,T01,micromovimenti_1m_H,1,micro_movement
25600098,1,0,1,0,81,0,100,0,15,21,17,3,2,4,8,4,6,0,0,100,73,39,23,16,8,5,12,1,1787516735.8319128,G1,T01,micromovimenti_1m_H,1,micro_movement
25600298,1,0,1,0,81,0,100,0,25,21,6,3,4,2,8,4,7,0,0,100,70,38,22,16,7,5,12,1,1787516736.0324042,G1,T01,micromovimenti_1m_H,1,micro_movement
25600498,1,0,1,0,81,0,100,0,18,11,7,7,4,3,7,3,7,0,0,100,69,37,21,15,7,5,12,1,1787516736.228987,G1,T01,micromovimenti_1m_H,1,micro_movement
25600698,1,0,1,0,81,0,100,0,15,12,12,7,5,3,6,4,7,0,0,100,69,36,20,15,7,5,12,1,1787516736.4194832,G1,T01,micromovimenti_1m_H,1,micro_movement
25600898,1,1,1,99,81,54,100,0,15,54,46,3,4,4,5,4,7,0,0,100,68,35,19,14,7,5,12,1,1787516736.6259735,G1,T01,micromovimenti_1m_H,1,micro_movement
25601098,1,0,1,0,99,0,100,0,16,37,37,8,8,9,1,5,7,0,0,100,66,34,19,14,7,5,12,1,1787516736.83286,G1,T01,micromovimenti_1m_H,1,micro_movement
25601298,1,0,1,0,99,0,100,0,15,27,25,10,12,9,3,3,5,0,0,100,66,36,20,15,7,5,12,1,1787516737.0243797,G1,T01,micromovimenti_1m_H,1,micro_movement
25601498,1,0,1,0,99,0,100,0,16,22,16,1,4,9,6,5,4,0,0,100,66,37,22,15,7,5,12,1,1787516737.231621,G1,T01,micromovimenti_1m_H,1,micro_movement
25601698,1,0,1,0,99,0,100,0,23,14,22,5,9,1,4,5,5,0,0,100,64,39,24,16,7,6,12,1,1787516737.4230096,G1,T01,micromovimenti_1m_H,1,micro_movement
25601898,1,0,1,0,99,0,100,0,20,21,10,5,8,9,5,7,9,0,0,100,63,40,25,17,8,6,12,1,1787516737.6299174,G1,T01,micromovimenti_1m_H,1,micro_movement
25602098,1,0,1,0,91,0,100,0,19,32,26,9,8,4,8,9,10,0,0,100,62,38,25,17,8,7,12,1,1787516737.8216362,G1,T01,micromovimenti_1m_H,1,micro_movement
25602298,1,0,1,0,113,0,100,0,15,17,12,9,8,4,6,7,8,0,0,100,64,36,25,16,8,7,12,1,1787516738.027899,G1,T01,micromovimenti_1m_H,1,micro_movement
25602498,1,0,1,0,113,0,100,0,15,24,12,8,6,6,6,7,8,0,0,100,65,35,23,15,8,7,12,1,1787516738.2200418,G1,T01,micromovimenti_1m_H,1,micro_movement
25602698,1,0,1,0,113,0,100,0,18,18,9,6,3,8,5,7,7,0,0,100,65,33,21,15,8,7,12,1,1787516738.4264355,G1,T01,micromovimenti_1m_H,1,micro_movement
25602898,1,0,1,0,113,0,100,0,15,19,15,5,5,7,5,6,6,0,0,100,63,32,20,13,8,7,12,1,1787516738.632725,G1,T01,micromovimenti_1m_H,1,micro_movement
25603098,1,0,1,0,113,0,100,0,18,12,4,5,3,8,5,7,4,0,0,100,61,30,20,13,8,7,12,1,1787516738.823248,G1,T01,micromovimenti_1m_H,1,micro_movement
25603298,1,0,1,0,113,0,100,0,16,19,12,2,5,7,3,7,4,0,0,100,59,29,20,13,8,7,12,1,1787516739.0300503,G1,T01,micromovimenti_1m_H,1,micro_movement
25603498,1,0,1,0,113,0,100,0,17,17,10,1,6,6,4,7,4,0,0,100,58,27,19,12,8,7,12,1,1787516739.2215378,G1,T01,micromovimenti_1m_H,1,micro_movement
25603698,1,0,1,0,113,0,100,0,18,11,4,5,4,6,2,7,4,0,0,100,55,25,18,12,8,7,12,1,1787516739.4286976,G1,T01,micromovimenti_1m_H,1,micro_movement
25603898,1,0,1,0,113,0,100,0,20,13,5,2,4,6,2,7,5,0,0,100,55,23,18,12,8,7,12,1,1787516739.6198354,G1,T01,micromovimenti_1m_H,1,micro_movement
25604098,1,0,1,0,113,0,100,0,17,34,29,10,10,6,2,7,4,0,0,100,55,23,17,12,9,7,12,1,1787516739.82767,G1,T01,micromovimenti_1m_H,1,micro_movement
25604298,1,0,1,0,113,0,100,0,15,20,8,2,10,1,3,8,4,0,0,100,55,25,18,13,9,8,12,1,1787516740.0181715,G1,T01,micromovimenti_1m_H,1,micro_movement
25604498,1,0,1,0,113,0,100,0,18,16,11,4,4,3,3,7,4,0,0,100,55,27,19,14,9,8,12,1,1787516740.2251353,G1,T01,micromovimenti_1m_H,1,micro_movement
25604698,1,0,1,0,113,0,100,0,18,18,11,7,3,2,6,8,5,0,0,100,54,28,19,14,9,8,12,1,1787516740.432135,G1,T01,micromovimenti_1m_H,1,micro_movement
25604898,1,0,1,0,113,0,100,0,15,15,4,10,6,3,5,9,6,0,0,100,53,28,19,14,9,8,12,1,1787516740.6232343,G1,T01,micromovimenti_1m_H,1,micro_movement
25605098,1,0,1,0,113,0,100,0,29,25,11,3,8,3,5,8,7,0,0,100,53,28,18,14,10,8,12,1,1787516740.829757,G1,T01,micromovimenti_1m_H,1,micro_movement
25605298,1,0,1,0,113,0,100,0,21,37,28,11,9,4,5,8,6,0,0,100,54,25,16,13,10,8,12,1,1787516741.0206604,G1,T01,micromovimenti_1m_H,1,micro_movement
25605498,1,1,1,83,113,82,100,0,28,82,49,12,7,4,4,8,6,0,0,100,55,23,13,13,10,8,12,1,1787516741.2278085,G1,T01,micromovimenti_1m_H,1,micro_movement
25605698,1,0,1,0,83,0,100,0,18,28,24,2,2,5,1,8,7,0,0,100,55,20,11,13,10,8,12,1,1787516741.4337404,G1,T01,micromovimenti_1m_H,1,micro_movement
25605898,1,1,1,78,83,73,100,0,24,73,33,4,2,6,5,5,7,0,0,100,52,18,10,11,10,8,12,1,1787516741.6243272,G1,T01,micromovimenti_1m_H,1,micro_movement
25606098,1,1,1,82,77,55,100,0,18,55,30,7,3,4,5,4,7,0,0,100,49,18,9,11,10,7,12,1,1787516741.8310988,G1,T01,micromovimenti_1m_H,1,micro_movement
25606298,1,1,1,99,82,94,100,0,22,94,80,17,9,2,6,2,8,0,0,100,46,19,10,11,11,7,12,1,1787516742.021487,G1,T01,micromovimenti_1m_H,1,micro_movement
25606498,1,1,1,101,99,66,100,0,18,66,58,8,2,3,9,3,6,0,0,100,44,21,11,11,12,8,12,1,1787516742.2280865,G1,T01,micromovimenti_1m_H,1,micro_movement
25606698,1,1,1,150,111,43,100,0,14,50,43,11,10,3,6,1,6,0,0,100,48,22,11,13,13,8,12,1,1787516742.4188905,G1,T01,micromovimenti_1m_H,1,micro_movement
25606898,1,0,1,0,150,0,100,0,19,31,28,7,7,7,2,2,6,0,0,100,53,25,13,14,14,8,12,1,1787516742.6257024,G1,T01,micromovimenti_1m_H,1,micro_movement
25607098,1,0,1,0,150,0,100,0,13,36,25,10,2,7,3,3,6,0,0,100,58,26,14,15,14,9,12,1,1787516742.8331914,G1,T01,micromovimenti_1m_H,1,micro_movement
25607298,1,0,1,0,150,0,100,0,18,10,30,9,9,1,1,2,5,0,0,100,63,28,14,16,14,9,12,1,1787516743.024538,G1,T01,micromovimenti_1m_H,1,micro_movement
25607498,1,1,1,98,76,100,100,0,20,100,90,13,10,2,5,6,6,0,0,100,64,29,15,16,15,9,12,1,1787516743.2336068,G1,T01,micromovimenti_1m_H,1,micro_movement
25607698,1,0,1,0,98,0,100,0,17,11,24,11,5,1,8,8,5,0,0,100,66,30,16,17,16,10,11,1,1787516743.4248333,G1,T01,micromovimenti_1m_H,1,micro_movement
25607898,1,0,1,0,98,0,100,0,17,13,11,9,4,1,9,6,3,0,0,100,69,30,16,17,16,11,12,1,1787516743.6326044,G1,T01,micromovimenti_1m_H,1,micro_movement
25608098,1,0,1,0,98,0,100,0,14,16,15,2,5,4,9,6,3,0,0,100,71,29,16,18,17,11,12,1,1787516743.8236625,G1,T01,micromovimenti_1m_H,1,micro_movement
25608298,1,0,1,0,98,0,100,0,14,12,9,3,5,4,4,5,3,0,0,100,71,27,16,17,17,11,12,1,1787516744.0304217,G1,T01,micromovimenti_1m_H,1,micro_movement
25608498,1,1,1,116,150,69,100,0,17,66,69,20,3,7,3,5,5,0,0,100,73,24,16,16,18,11,12,1,1787516744.2214696,G1,T01,micromovimenti_1m_H,1,micro_movement
25608698,1,1,1,93,150,59,100,0,21,59,46,12,4,7,3,5,5,0,0,100,79,23,16,16,18,11,12,1,1787516744.4278214,G1,T01,micromovimenti_1m_H,1,micro_movement
25608898,1,0,1,0,93,0,100,0,17,37,18,3,4,6,3,5,5,0,0,100,85,22,17,16,19,11,12,1,1787516744.6333213,G1,T01,micromovimenti_1m_H,1,micro_movement
25609098,1,1,1,114,87,55,100,0,19,54,55,12,3,5,3,7,2,0,0,100,85,22,18,16,19,11,12,1,1787516744.8293262,G1,T01,micromovimenti_1m_H,1,micro_movement
25609298,1,0,1,0,114,0,100,0,18,13,6,2,10,3,2,8,1,0,0,100,85,23,18,16,19,11,12,1,1787516745.0314171,G1,T01,micromovimenti_1m_H,1,micro_movement
25609498,1,0,1,0,114,0,100,0,19,12,5,4,9,6,4,6,2,0,0,100,84,26,19,17,19,12,12,1,1787516745.223382,G1,T01,micromovimenti_1m_H,1,micro_movement
25609698,1,0,1,0,114,0,100,0,21,20,12,6,8,9,5,3,6,0,0,100,83,29,22,17,19,13,12,1,1787516745.4302833,G1,T01,micromovimenti_1m_H,1,micro_movement
25609898,1,0,1,0,114,0,100,0,15,36,21,7,3,8,8,4,8,0,0,100,84,32,24,18,19,13,12,1,1787516745.621226,G1,T01,micromovimenti_1m_H,1,micro_movement
25610098,1,1,1,85,90,100,100,0,42,100,84,16,11,3,6,4,5,0,0,100,89,36,25,18,18,14,12,1,1787516745.8290486,G1,T01,micromovimenti_1m_H,1,micro_movement
25610298,1,1,1,90,89,100,100,0,22,100,77,23,13,10,6,5,6,0,0,100,92,41,26,18,17,13,12,1,1787516746.0196354,G1,T01,micromovimenti_1m_H,1,micro_movement
25610498,1,1,1,73,76,62,100,0,35,62,33,16,3,2,5,5,8,0,0,100,97,43,27,18,16,13,12,1,1787516746.2265627,G1,T01,micromovimenti_1m_H,1,micro_movement
25610698,1,1,1,91,93,100,100,0,46,100,100,24,13,2,7,9,7,0,0,100,100,46,27,17,15,13,12,1,1787516746.433633,G1,T01,micromovimenti_1m_H,1,micro_movement
25610898,1,1,1,82,80,100,100,0,32,100,64,7,1,6,3,8,7,0,0,100,100,46,27,16,15,13,12,1,1787516746.6247058,G1,T01,micromovimenti_1m_H,1,micro_movement
25611098,1,1,1,99,89,63,100,0,16,63,53,12,6,5,5,8,7,0,0,100,100,46,28,17,15,12,12,1,1787516746.8308716,G1,T01,micromovimenti_1m_H,1,micro_movement
25611298,1,1,1,118,79,73,100,0,16,68,73,14,6,4,4,9,7,0,0,100,100,45,28,17,15,12,13,1,1787516747.0214796,G1,T01,micromovimenti_1m_H,1,micro_movement
25611498,1,1,1,90,93,100,100,0,21,100,83,9,4,7,3,8,9,0,0,100,100,45,29,19,15,12,12,1,1787516747.2283897,G1,T01,micromovimenti_1m_H,1,micro_movement
25611698,1,1,1,98,96,100,100,0,23,100,100,21,7,5,1,5,8,0,0,100,100,46,29,19,15,11,12,1,1787516747.4197032,G1,T01,micromovimenti_1m_H,1,micro_movement
25611898,1,1,1,96,100,100,100,0,33,100,100,16,8,1,2,2,9,0,0,100,100,49,30,19,15,12,12,1,1787516747.6261265,G1,T01,micromovimenti_1m_H,1,micro_movement
25612098,1,1,1,90,94,100,100,0,44,100,93,11,8,8,2,2,6,0,0,100,100,51,31,18,16,12,12,1,1787516747.8328433,G1,T01,micromovimenti_1m_H,1,micro_movement
25612298,1,1,1,95,91,100,100,0,44,100,100,17,2,7,5,4,4,0,0,100,100,52,32,17,15,13,11,1,1787516748.023829,G1,T01,micromovimenti_1m_H,1,micro_movement
25612498,1,1,1,100,97,78,100,0,17,78,67,11,4,5,7,4,6,0,0,100,100,53,32,18,15,13,11,1,1787516748.2308638,G1,T01,micromovimenti_1m_H,1,micro_movement
25612698,1,0,1,0,113,0,100,0,17,39,38,5,2,5,7,6,6,0,0,100,100,54,32,19,14,13,11,1,1787516748.4216225,G1,T01,micromovimenti_1m_H,1,micro_movement
25612898,1,1,1,124,113,67,100,0,14,58,67,17,8,11,4,4,4,0,0,100,100,56,32,20,14,14,11,1,1787516748.6284556,G1,T01,micromovimenti_1m_H,1,micro_movement
25613098,1,1,1,95,101,100,100,0,31,100,100,12,1,4,3,3,6,0,0,100,100,57,33,20,14,14,12,1,1787516748.834784,G1,T01,micromovimenti_1m_H,1,micro_movement
25613298,1,1,1,106,106,90,100,0,16,90,84,13,4,3,5,3,8,0,0,100,100,56,34,20,14,14,12,1,1787516749.0259295,G1,T01,micromovimenti_1m_H,1,micro_movement
25613498,1,1,1,111,115,58,100,0,14,58,57,12,3,6,4,5,9,0,0,100,100,53,34,20,14,14,12,1,1787516749.232339,G1,T01,micromovimenti_1m_H,1,micro_movement
25613698,1,0,1,0,111,0,100,0,15,30,28,10,3,8,4,5,9,0,0,100,100,50,32,20,13,14,12,1,1787516749.4232306,G1,T01,micromovimenti_1m_H,1,micro_movement
25613898,1,0,1,0,111,0,100,0,16,43,37,6,6,6,6,6,9,0,0,100,100,47,31,20,13,13,12,1,1787516749.6305573,G1,T01,micromovimenti_1m_H,1,micro_movement
25614098,1,0,1,0,111,0,100,0,17,19,9,6,6,6,5,6,9,0,0,100,100,44,30,21,13,13,12,1,1787516749.8210268,G1,T01,micromovimenti_1m_H,1,micro_movement
25614298,1,0,1,0,111,0,100,0,22,16,11,5,6,6,5,6,6,0,0,100,100,39,29,21,13,13,12,1,1787516750.02778,G1,T01,micromovimenti_1m_H,1,micro_movement
25614498,1,0,1,0,111,0,100,0,19,21,30,7,10,2,2,6,8,0,0,100,100,36,28,21,13,13,12,1,1787516750.2333102,G1,T01,micromovimenti_1m_H,1,micro_movement
25614698,1,0,1,0,142,0,100,0,20,46,40,14,8,5,1,7,6,0,0,100,100,32,27,21,13,13,12,1,1787516750.4196541,G1,T01,micromovimenti_1m_H,1,micro_movement
25614898,1,1,1,96,89,100,100,0,32,100,85,17,9,3,3,5,5,0,0,100,100,30,26,20,12,13,12,1,1787516750.6266963,G1,T01,micromovimenti_1m_H,1,micro_movement
25615098,1,1,1,97,98,100,100,0,23,100,100,15,5,11,2,5,2,0,0,100,100,29,27,19,11,13,11,1,1787516750.8331084,G1,T01,micromovimenti_1m_H,1,micro_movement
25615298,1,1,1,95,106,75,100,0,25,75,61,8,2,1,4,4,2,0,0,100,100,31,28,19,10,13,11,1,1787516751.0238798,G1,T01,micromovimenti_1m_H,1,micro_movement
25615498,1,0,1,0,89,0,100,0,17,34,33,6,2,3,4,6,2,0,0,100,100,30,27,18,10,14,11,1,1787516751.2290468,G1,T01,micromovimenti_1m_H,1,micro_movement
25615698,1,1,1,87,89,100,100,0,43,100,97,9,3,1,1,5,5,0,0,100,100,29,27,18,9,14,11,1,1787516751.4206443,G1,T01,micromovimenti_1m_H,1,micro_movement
25615898,1,1,1,101,100,100,100,0,21,100,100,10,8,13,2,7,7,0,0,100,100,30,29,18,8,14,12,1,1787516751.6270132,G1,T01,micromovimenti_1m_H,1,micro_movement
25616098,1,1,1,101,150,70,100,0,24,70,63,10,4,2,1,8,9,0,0,100,100,31,28,18,8,13,12,1,1787516751.8294075,G1,T01,micromovimenti_1m_H,1,micro_movement
25616298,1,0,1,0,101,0,100,0,16,26,28,7,4,2,3,6,9,0,0,100,100,33,28,18,8,13,12,1,1787516752.0203958,G1,T01,micromovimenti_1m_H,1,micro_movement
25616498,1,1,1,83,86,74,100,0,32,74,47,2,5,4,3,5,7,0,0,100,100,32,27,18,9,13,12,1,1787516752.2266088,G1,T01,micromovimenti_1m_H,1,micro_movement
25616698,1,1,1,80,83,58,100,0,29,58,37,5,4,8,3,3,7,0,0,100,100,31,27,18,9,13,12,1,1787516752.433153,G1,T01,micromovimenti_1m_H,1,micro_movement
25616898,1,1,1,95,80,62,100,0,22,62,51,16,2,7,2,2,7,0,0,100,100,30,26,18,9,13,12,1,1787516752.624065,G1,T01,micromovimenti_1m_H,1,micro_movement
25617098,1,0,1,0,95,0,100,0,14,36,27,6,4,8,4,1,7,0,0,100,100,30,26,18,9,13,12,1,1787516752.8315465,G1,T01,micromovimenti_1m_H,1,micro_movement
25617298,1,1,1,125,95,51,100,0,19,43,51,15,7,5,2,3,5,0,0,100,100,30,25,17,10,12,12,1,1787516753.0223293,G1,T01,micromovimenti_1m_H,1,micro_movement
25617498,1,0,1,0,125,0,100,0,24,45,25,16,4,2,2,3,6,0,0,100,100,32,25,17,9,12,12,1,1787516753.2298007,G1,T01,micromovimenti_1m_H,1,micro_movement
25617698,1,1,1,104,78,84,100,0,36,84,78,18,1,5,4,3,3,0,0,100,100,33,25,16,9,12,12,1,1787516753.4210162,G1,T01,micromovimenti_1m_H,1,micro_movement
25617898,1,1,1,90,96,100,100,0,44,100,100,8,8,8,1,5,2,0,0,100,100,35,26,15,9,12,12,1,1787516753.6279666,G1,T01,micromovimenti_1m_H,1,micro_movement
25618098,1,1,1,96,137,100,100,0,34,100,100,10,9,6,3,6,4,0,0,100,100,35,26,15,9,12,12,1,1787516753.8348947,G1,T01,micromovimenti_1m_H,1,micro_movement
25618298,1,1,1,79,105,100,100,0,34,100,52,3,3,8,2,5,4,0,0,100,100,36,26,15,9,12,12,1,1787516754.0331082,G1,T01,micromovimenti_1m_H,1,micro_movement
25618498,1,1,1,97,88,100,100,0,20,100,91,8,10,7,4,4,5,0,0,100,100,36,28,15,9,12,12,1,1787516754.2312157,G1,T01,micromovimenti_1m_H,1,micro_movement
25618698,1,1,1,98,97,100,100,0,17,100,88,12,9,9,7,4,7,0,0,100,100,38,30,16,8,12,12,1,1787516754.421965,G1,T01,micromovimenti_1m_H,1,micro_movement
25618898,1,1,1,116,95,47,100,0,18,45,47,14,10,9,3,4,8,0,0,100,100,40,31,16,8,12,12,1,1787516754.6283975,G1,T01,micromovimenti_1m_H,1,micro_movement
25619098,1,1,1,150,103,41,100,0,17,43,41,6,3,7,4,3,7,0,0,100,100,41,31,16,9,12,12,1,1787516754.8202312,G1,T01,micromovimenti_1m_H,1,micro_movement
25619298,1,0,1,0,113,0,100,0,24,40,33,10,2,10,7,4,8,0,0,100,100,41,29,16,9,11,12,1,1787516755.026574,G1,T01,micromovimenti_1m_H,1,micro_movement
25619498,1,0,1,0,113,0,100,0,17,13,22,7,2,6,6,6,8,0,0,100,100,41,29,15,9,11,12,1,1787516755.2205548,G1,T01,micromovimenti_1m_H,1,micro_movement
25619698,1,0,1,0,113,0,100,0,14,29,23,6,3,3,6,6,7,0,0,100,100,41,29,16,9,11,12,1,1787516755.4269824,G1,T01,micromovimenti_1m_H,1,micro_movement
25619898,1,1,1,124,128,57,100,0,15,48,57,12,7,8,4,5,7,0,0,100,100,38,27,15,9,11,12,1,1787516755.6333387,G1,T01,micromovimenti_1m_H,1,micro_movement
25620098,1,1,1,99,134,61,100,0,19,61,53,10,8,4,5,5,6,0,0,100,100,37,27,16,9,11,12,1,1787516755.823751,G1,T01,micromovimenti_1m_H,1,micro_movement
25620298,1,1,1,100,103,100,100,0,24,100,100,15,3,9,1,8,5,0,0,100,100,37,29,15,8,10,12,1,1787516756.0306637,G1,T01,micromovimenti_1m_H,1,micro_movement
25620498,1,1,1,96,104,100,100,0,34,100,87,20,6,4,6,6,7,0,0,100,100,40,29,16,9,10,12,1,1787516756.2206733,G1,T01,micromovimenti_1m_H,1,micro_movement
25620698,1,1,1,120,96,44,100,0,19,40,44,6,8,6,1,1,9,0,0,100,100,43,29,17,10,10,12,1,1787516756.4270353,G1,T01,micromovimenti_1m_H,1,micro_movement
25620898,1,0,1,0,120,0,100,0,18,17,21,4,1,8,1,1,6,0,0,100,100,45,29,16,11,10,12,1,1787516756.634356,G1,T01,micromovimenti_1m_H,1,micro_movement
25621098,1,1,1,96,115,100,100,0,21,100,84,6,3,7,6,3,6,0,0,100,100,47,28,16,11,10,12,1,1787516756.8248286,G1,T01,micromovimenti_1m_H,1,micro_movement
25621298,1,1,1,121,101,100,100,0,17,100,100,28,11,10,4,5,6,0,0,100,100,52,29,16,12,9,12,1,1787516757.0316553,G1,T01,micromovimenti_1m_H,1,micro_movement
25621498,1,1,1,107,116,100,100,0,30,100,100,13,8,2,8,6,5,0,0,100,100,56,32,17,13,10,11,1,1787516757.2230775,G1,T01,micromovimenti_1m_H,1,micro_movement
25621698,1,1,1,104,107,81,100,0,15,81,74,10,4,6,7,5,8,0,0,100,100,59,34,19,14,9,12,1,1787516757.429554,G1,T01,micromovimenti_1m_H,1,micro_movement
25621898,1,0,1,0,84,0,100,0,22,47,36,10,12,1,6,5,10,0,0,100,100,59,34,20,15,10,12,1,1787516757.619953,G1,T01,micromovimenti_1m_H,1,micro_movement
25622098,1,1,1,125,100,100,100,0,16,100,100,34,8,11,2,5,8,0,0,100,100,59,33,20,16,10,12,1,1787516757.8262277,G1,T01,micromovimenti_1m_H,1,micro_movement
25622298,1,1,1,115,107,100,100,0,18,100,100,26,5,7,3,5,7,0,0,100,100,59,33,20,16,9,12,1,1787516758.0327642,G1,T01,micromovimenti_1m_H,1,micro_movement
25622498,1,1,1,102,101,100,100,0,25,100,100,15,8,2,6,3,8,0,0,100,100,57,32,21,16,9,12,1,1787516758.2230775,G1,T01,micromovimenti_1m_H,1,micro_movement
25622698,1,1,1,96,97,55,100,0,15,55,45,11,6,0,7,5,7,0,0,100,100,55,31,20,16,9,12,1,1787516758.4299846,G1,T01,micromovimenti_1m_H,1,micro_movement
25622898,1,1,1,120,96,45,100,0,13,41,45,8,9,6,7,6,5,0,0,100,100,53,31,21,16,10,12,1,1787516758.6206274,G1,T01,micromovimenti_1m_H,1,micro_movement
25623098,1,0,1,0,90,0,100,0,16,41,36,9,8,12,5,5,5,0,0,100,100,53,32,22,16,9,12,1,1787516758.8271883,G1,T01,micromovimenti_1m_H,1,micro_movement
25623298,1,1,1,86,107,71,100,0,33,71,51,10,8,1,3,4,4,0,0,100,100,52,32,21,16,9,12,1,1787516759.034138,G1,T01,micromovimenti_1m_H,1,micro_movement
25623498,1,1,1,128,113,53,100,0,14,44,53,16,4,8,8,4,6,0,0,100,100,53,32,21,16,9,12,1,1787516759.225323,G1,T01,micromovimenti_1m_H,1,micro_movement
25623698,1,1,1,97,96,56,100,0,17,56,46,4,3,10,9,7,2,0,0,100,100,54,34,22,16,10,12,1,1787516759.4324055,G1,T01,micromovimenti_1m_H,1,micro_movement
25623898,1,1,1,93,94,60,100,0,14,60,45,11,13,9,3,7,3,0,0,100,100,55,34,22,17,10,12,1,1787516759.6265352,G1,T01,micromovimenti_1m_H,1,micro_movement
25624098,1,0,1,0,100,0,100,0,13,36,28,4,9,5,6,7,5,0,0,100,100,55,35,23,17,10,12,1,1787516759.8306618,G1,T01,micromovimenti_1m_H,1,micro_movement
25624298,1,0,1,0,89,0,100,0,21,25,15,3,6,8,8,7,5,0,0,100,100,54,34,24,18,10,12,1,1787516760.033683,G1,T01,micromovimenti_1m_H,1,micro_movement
25624498,1,1,1,127,123,83,100,0,22,67,83,20,8,6,6,8,7,0,0,100,100,53,33,24,16,11,12,1,1787516760.2332227,G1,T01,micromovimenti_1m_H,1,micro_movement
25624698,1,0,1,0,96,0,100,0,16,15,22,11,8,4,5,6,7,0,0,100,100,53,33,24,15,11,12,1,1787516760.4301841,G1,T01,micromovimenti_1m_H,1,micro_movement
25624898,1,0,1,0,93,0,100,0,20,17,19,5,6,5,4,6,6,0,0,100,100,52,32,25,14,10,12,1,1787516760.6312597,G1,T01,micromovimenti_1m_H,1,micro_movement
25625098,1,1,1,72,93,72,100,0,33,72,27,13,5,8,4,1,6,0,0,100,100,51,32,25,14,10,12,1,1787516760.8322594,G1,T01,micromovimenti_1m_H,1,micro_movement
25625298,1,0,1,0,73,0,100,0,19,41,34,3,9,4,1,2,8,0,0,100,100,47,32,25,13,11,13,1,1787516761.033491,G1,T01,micromovimenti_1m_H,1,micro_movement
25625498,1,0,1,0,73,0,100,0,13,27,25,6,10,5,2,3,8,0,0,100,100,44,30,24,12,10,12,1,1787516761.2337372,G1,T01,micromovimenti_1m_H,1,micro_movement
25625698,1,0,1,0,73,0,100,0,17,31,26,1,10,7,2,4,9,0,0,100,100,40,27,23,11,11,12,1,1787516761.4336724,G1,T01,micromovimenti_1m_H,1,micro_movement
25625898,1,1,1,101,104,100,100,0,20,100,100,19,8,7,1,2,11,0,0,100,100,40,26,21,10,11,12,1,1787516761.6341288,G1,T01,micromovimenti_1m_H,1,micro_movement
25626098,1,1,1,106,108,92,100,0,28,92,87,17,13,7,1,4,9,0,0,100,100,42,27,21,11,11,11,1,1787516761.8336,G1,T01,micromovimenti_1m_H,1,micro_movement
25626298,1,1,1,103,109,100,100,0,33,100,100,20,10,7,6,2,5,0,0,100,100,44,29,22,11,11,11,1,1787516762.0246437,G1,T01,micromovimenti_1m_H,1,micro_movement
25626498,1,1,1,104,101,89,100,0,21,89,82,11,7,6,4,2,3,0,0,100,100,46,30,22,11,11,11,1,1787516762.2303443,G1,T01,micromovimenti_1m_H,1,micro_movement
25626698,1,1,1,91,104,54,100,0,14,54,39,10,2,5,5,1,3,0,0,100,100,48,31,22,12,11,12,1,1787516762.420853,G1,T01,micromovimenti_1m_H,1,micro_movement
25626898,1,1,1,100,116,100,100,0,18,100,89,9,5,4,3,2,4,0,0,100,100,50,30,22,12,12,12,1,1787516762.6278834,G1,T01,micromovimenti_1m_H,1,micro_movement
25627098,1,1,1,108,128,100,100,0,20,100,100,26,12,10,4,4,6,0,0,100,100,49,29,21,12,12,12,1,1787516762.8198433,G1,T01,micromovimenti_1m_H,1,micro_movement
25627298,1,1,1,109,107,100,100,0,16,100,97,13,6,8,2,6,8,0,0,100,100,50,29,21,13,13,12,1,1787516763.0269697,G1,T01,micromovimenti_1m_H,1,micro_movement
25627498,1,1,1,150,117,41,100,0,20,49,41,10,7,6,2,4,6,0,0,100,100,49,29,20,13,13,12,1,1787516763.234308,G1,T01,micromovimenti_1m_H,1,micro_movement
25627698,1,0,1,0,87,0,100,0,17,34,19,5,4,3,3,2,5,0,0,100,100,49,27,19,13,13,12,1,1787516763.425393,G1,T01,micromovimenti_1m_H,1,micro_movement
25627898,1,0,1,0,87,0,100,0,18,16,15,2,2,2,2,3,5,0,0,100,100,48,26,19,13,13,12,1,1787516763.632037,G1,T01,micromovimenti_1m_H,1,micro_movement
25628098,1,0,1,0,87,0,100,0,15,39,40,9,1,2,4,4,5,0,0,100,100,45,23,19,12,13,13,1,1787516763.822669,G1,T01,micromovimenti_1m_H,1,micro_movement
25628298,1,1,1,80,87,100,100,0,34,100,51,7,3,1,2,3,7,0,0,100,100,44,23,18,12,13,12,1,1787516764.0294812,G1,T01,micromovimenti_1m_H,1,micro_movement
25628498,1,0,1,0,150,0,100,0,18,33,28,8,5,2,3,3,5,0,0,100,100,43,22,17,11,14,12,1,1787516764.2205338,G1,T01,micromovimenti_1m_H,1,micro_movement
25628698,1,0,1,0,150,0,100,0,19,33,34,6,5,7,1,4,3,0,0,100,100,42,23,17,11,14,11,1,1787516764.426842,G1,T01,micromovimenti_1m_H,1,micro_movement
25628898,1,1,1,94,100,69,100,0,25,69,55,7,5,9,2,3,4,0,0,100,100,44,25,15,10,14,11,1,1787516764.633137,G1,T01,micromovimenti_1m_H,1,micro_movement
25629098,1,1,1,97,94,100,100,0,27,100,100,20,7,3,1,2,7,0,0,100,100,45,26,14,11,14,11,1,1787516764.8246417,G1,T01,micromovimenti_1m_H,1,micro_movement
25629298,1,0,1,0,139,0,100,0,18,45,40,9,1,4,3,3,6,0,0,100,100,45,26,14,11,14,11,1,1787516765.0317323,G1,T01,micromovimenti_1m_H,1,micro_movement
25629498,1,1,1,98,110,100,100,0,17,100,90,17,7,4,4,3,2,0,0,100,100,44,25,15,11,15,11,1,1787516765.2210152,G1,T01,micromovimenti_1m_H,1,micro_movement
25629698,1,1,1,123,124,59,100,0,19,52,59,12,8,2,1,4,4,0,0,100,100,45,25,14,11,15,11,1,1787516765.4273052,G1,T01,micromovimenti_1m_H,1,micro_movement
25629898,1,1,1,87,91,61,100,0,17,61,40,7,8,6,3,3,7,0,0,100,100,45,26,14,11,15,11,1,1787516765.6339636,G1,T01,micromovimenti_1m_H,1,micro_movement
25630098,1,1,1,95,86,58,100,0,20,58,47,10,6,11,2,4,7,0,0,100,100,44,26,14,10,14,12,1,1787516765.8235703,G1,T01,micromovimenti_1m_H,1,micro_movement
25630298,1,0,1,0,121,0,100,0,21,39,22,2,5,5,3,5,5,0,0,100,100,42,24,13,9,14,12,1,1787516766.0299368,G1,T01,micromovimenti_1m_H,1,micro_movement
25630498,1,0,1,0,74,0,100,0,24,34,31,10,7,2,3,5,5,0,0,100,100,40,23,12,9,13,12,1,1787516766.2208686,G1,T01,micromovimenti_1m_H,1,micro_movement
25630698,1,0,1,0,74,0,100,0,16,13,18,8,4,2,2,3,6,0,0,100,100,38,22,11,8,14,12,1,1787516766.4271278,G1,T01,micromovimenti_1m_H,1,micro_movement
25630898,1,1,1,110,121,58,100,0,15,58,57,17,7,4,3,1,7,0,0,100,100,38,22,10,8,13,12,1,1787516766.6327817,G1,T01,micromovimenti_1m_H,1,micro_movement
25631098,1,0,1,0,110,0,100,0,23,19,10,10,2,5,2,2,6,0,0,100,100,39,22,10,8,13,12,1,1787516766.8248196,G1,T01,micromovimenti_1m_H,1,micro_movement
25631298,1,1,1,106,110,53,100,0,18,53,49,7,8,5,3,1,5,0,0,100,100,38,21,10,7,12,12,1,1787516767.020974,G1,T01,micromovimenti_1m_H,1,micro_movement
25631498,1,1,1,84,106,70,100,0,22,70,42,4,4,7,3,1,5,0,0,100,100,39,21,11,7,11,12,1,1787516767.2268033,G1,T01,micromovimenti_1m_H,1,micro_movement
25631698,1,1,1,95,103,100,100,0,22,100,96,22,9,3,1,4,2,0,0,100,100,42,22,10,8,11,12,1,1787516767.4343996,G1,T01,micromovimenti_1m_H,1,micro_movement
25631898,1,0,1,0,103,0,100,0,17,39,33,9,3,6,1,5,2,0,0,100,100,48,25,10,8,11,12,1,1787516767.6293216,G1,T01,micromovimenti_1m_H,1,micro_movement
25632098,1,1,1,91,91,69,100,0,18,69,49,9,6,5,4,5,4,0,0,100,100,50,27,10,9,11,12,1,1787516767.8314993,G1,T01,micromovimenti_1m_H,1,micro_movement
25632298,1,1,1,86,105,65,100,0,19,65,41,17,18,11,3,5,8,0,0,100,100,53,28,10,10,12,12,1,1787516768.022416,G1,T01,micromovimenti_1m_H,1,micro_movement
25632498,1,0,1,0,86,0,100,0,16,28,40,16,5,7,6,7,9,0,0,100,100,58,31,10,12,13,11,1,1787516768.2291853,G1,T01,micromovimenti_1m_H,1,micro_movement
25632698,1,1,1,104,132,51,100,0,18,51,47,8,9,1,7,9,6,0,0,100,100,61,33,11,14,16,12,1,1787516768.4197881,G1,T01,micromovimenti_1m_H,1,micro_movement
25632898,1,0,1,0,93,0,100,0,18,45,31,10,7,3,7,6,8,0,0,100,100,62,32,13,16,20,12,1,1787516768.6261673,G1,T01,micromovimenti_1m_H,1,micro_movement
25633098,1,0,1,0,93,0,100,0,15,17,10,1,2,3,5,5,7,0,0,100,100,62,30,14,18,23,12,1,1787516768.8334813,G1,T01,micromovimenti_1m_H,1,micro_movement
25633298,1,0,1,0,93,0,100,0,28,24,28,14,8,6,6,2,4,0,0,100,100,63,30,15,20,24,12,1,1787516769.0244281,G1,T01,micromovimenti_1m_H,1,micro_movement
25633498,1,0,1,0,93,0,100,0,22,14,20,14,5,9,1,9,6,0,0,100,100,66,32,15,20,24,12,1,1787516769.231265,G1,T01,micromovimenti_1m_H,1,micro_movement
25633698,1,1,1,93,93,100,100,0,36,100,100,8,9,8,3,9,10,0,0,100,100,68,34,15,21,25,12,1,1787516769.4217784,G1,T01,micromovimenti_1m_H,1,micro_movement
25633898,1,1,1,80,92,89,100,0,25,89,44,30,12,6,4,8,7,0,0,100,100,69,32,16,22,26,12,1,1787516769.6281047,G1,T01,micromovimenti_1m_H,1,micro_movement
25634098,1,1,1,87,87,65,100,0,24,65,45,11,6,3,4,2,1,0,0,100,100,69,32,17,22,26,12,1,1787516769.8189778,G1,T01,micromovimenti_1m_H,1,micro_movement
25634298,1,0,1,0,87,0,100,1,18,34,33,5,5,7,6,4,6,0,0,100,100,70,34,18,24,28,12,1,1787516770.0259051,G1,T01,micromovimenti_1m_H,1,micro_movement
25634498,1,0,1,0,87,0,100,1,16,41,29,8,2,2,8,8,7,0,0,100,100,70,36,19,25,30,12,1,1787516770.23288,G1,T01,micromovimenti_1m_H,1,micro_movement
25634698,1,0,1,0,87,0,100,1,20,26,18,4,5,1,9,8,7,0,0,100,100,70,38,21,27,31,12,1,1787516770.4231274,G1,T01,micromovimenti_1m_H,1,micro_movement
25634898,1,0,1,0,87,0,100,1,19,18,18,3,4,3,7,5,5,0,0,100,100,70,38,22,27,32,12,1,1787516770.6300385,G1,T01,micromovimenti_1m_H,1,micro_movement
25635098,1,0,1,0,87,0,100,1,16,18,27,3,6,8,4,3,4,0,0,100,100,69,37,22,28,33,12,1,1787516770.820515,G1,T01,micromovimenti_1m_H,1,micro_movement
25635298,1,0,1,0,93,0,100,1,29,39,30,15,11,4,8,7,1,0,0,100,99,71,37,22,28,33,12,1,1787516771.0272672,G1,T01,micromovimenti_1m_H,1,micro_movement
25635498,1,1,1,93,93,75,100,1,21,75,57,13,11,4,6,7,6,0,0,100,100,74,38,22,29,34,12,1,1787516771.233414,G1,T01,micromovimenti_1m_H,1,micro_movement
25635698,1,0,1,0,89,0,100,1,13,24,35,19,13,4,4,6,8,0,0,100,94,71,38,22,29,36,12,1,1787516771.4242117,G1,T01,micromovimenti_1m_H,1,micro_movement
25635898,1,0,1,0,104,0,100,1,16,34,31,11,6,3,2,1,10,0,0,100,92,67,37,22,30,37,12,1,1787516771.6311038,G1,T01,micromovimenti_1m_H,1,micro_movement
25636098,1,0,1,0,104,0,100,1,18,15,5,2,13,4,3,1,8,0,0,100,98,68,36,21,30,38,12,1,1787516771.8220067,G1,T01,micromovimenti_1m_H,1,micro_movement
25636298,1,0,1,0,104,0,100,1,13,11,12,7,4,5,3,1,7,0,0,100,99,68,36,21,30,39,12,1,1787516772.0287719,G1,T01,micromovimenti_1m_H,1,micro_movement
25636498,1,0,1,0,104,0,100,1,17,28,38,8,3,3,3,1,6,0,0,100,98,65,33,21,29,38,12,1,1787516772.2193751,G1,T01,micromovimenti_1m_H,1,micro_movement
25636698,1,1,1,114,96,64,100,1,17,63,64,8,14,8,1,1,5,0,0,100,100,61,33,20,28,35,12,1,1787516772.4261196,G1,T01,micromovimenti_1m_H,1,micro_movement
25636898,1,0,1,0,121,0,100,1,15,26,37,17,5,8,2,5,8,0,0,100,100,57,33,19,26,32,12,1,1787516772.6329834,G1,T01,micromovimenti_1m_H,1,micro_movement
25637098,1,1,1,122,127,77,100,1,18,68,77,22,3,4,7,5,8,0,0,100,100,56,34,19,25,30,12,1,1787516772.8244684,G1,T01,micromovimenti_1m_H,1,micro_movement
25637298,1,1,1,92,123,60,100,1,25,60,47,10,4,7,6,1,6,0,0,100,100,57,35,19,24,29,12,1,1787516773.030822,G1,T01,micromovimenti_1m_H,1,micro_movement
25637498,1,0,1,0,123,0,100,1,16,50,33,6,4,7,7,1,6,0,0,100,100,57,34,19,23,29,12,1,1787516773.2217007,G1,T01,micromovimenti_1m_H,1,micro_movement
25637698,1,0,1,0,123,0,100,1,15,43,39,9,8,2,7,5,4,0,0,100,100,56,33,19,23,29,12,1,1787516773.4285975,G1,T01,micromovimenti_1m_H,1,micro_movement
25637898,1,1,1,107,137,76,100,1,26,76,73,18,4,8,4,6,1,0,0,100,100,55,34,18,23,28,12,1,1787516773.6352744,G1,T01,micromovimenti_1m_H,1,micro_movement
25638098,1,1,1,82,97,100,100,1,46,100,80,8,6,10,4,4,2,0,0,100,100,55,33,17,23,28,12,1,1787516773.8260224,G1,T01,micromovimenti_1m_H,1,micro_movement
25638298,1,1,1,92,106,100,100,1,31,100,100,14,4,1,3,6,3,0,0,100,100,54,31,16,22,26,12,1,1787516774.0331268,G1,T01,micromovimenti_1m_H,1,micro_movement
25638498,1,1,1,118,128,76,100,1,19,70,76,15,6,2,5,7,3,0,0,100,100,54,30,15,21,24,12,1,1787516774.224749,G1,T01,micromovimenti_1m_H,1,micro_movement
25638698,1,1,1,92,89,100,100,1,15,100,71,8,2,6,5,6,5,0,0,100,100,55,28,14,20,23,12,1,1787516774.4312208,G1,T01,micromovimenti_1m_H,1,micro_movement
25638898,1,1,1,115,82,59,100,1,17,57,59,4,9,4,3,6,5,0,0,100,100,55,29,13,20,22,12,1,1787516774.6216075,G1,T01,micromovimenti_1m_H,1,micro_movement
25639098,1,1,1,92,114,100,100,1,47,100,100,15,3,2,1,4,5,0,0,100,100,57,30,14,20,21,12,1,1787516774.8278596,G1,T01,micromovimenti_1m_H,1,micro_movement
25639298,1,1,1,102,96,100,100,1,24,100,95,15,5,2,1,1,4,0,0,100,100,57,30,15,20,21,12,1,1787516775.0341334,G1,T01,micromovimenti_1m_H,1,micro_movement
25639498,1,1,1,122,99,47,100,1,25,41,47,6,7,2,4,3,6,0,0,100,100,54,29,14,18,20,12,1,1787516775.2251759,G1,T01,micromovimenti_1m_H,1,micro_movement
25639698,1,0,1,0,122,0,100,1,19,26,22,7,11,3,5,2,5,0,0,100,100,53,27,14,17,18,12,1,1787516775.4325218,G1,T01,micromovimenti_1m_H,1,micro_movement
25639898,1,1,1,88,83,79,100,1,31,79,56,2,6,3,1,1,5,0,0,100,100,53,26,14,17,16,12,1,1787516775.6229768,G1,T01,micromovimenti_1m_H,1,micro_movement
25640098,1,1,1,110,106,66,100,1,23,66,65,15,2,5,4,4,5,0,0,100,100,50,26,14,17,14,12,1,1787516775.8348367,G1,T01,micromovimenti_1m_H,1,micro_movement
25640298,1,0,1,0,133,0,100,0,15,15,25,9,7,7,6,3,5,0,0,100,100,46,26,14,17,13,12,1,1787516776.0347033,G1,T01,micromovimenti_1m_H,1,micro_movement
25640498,1,0,1,0,133,0,100,0,21,19,7,3,7,6,6,3,7,0,0,100,100,44,26,15,17,11,12,1,1787516776.226354,G1,T01,micromovimenti_1m_H,1,micro_movement
25640698,1,0,1,0,133,0,100,0,14,41,36,3,8,6,6,4,5,0,0,100,100,43,26,15,17,11,12,1,1787516776.432716,G1,T01,micromovimenti_1m_H,1,micro_movement
25640898,1,1,1,150,133,41,100,0,23,48,41,10,4,3,6,5,4,0,0,100,100,41,25,15,17,10,12,1,1787516776.6235192,G1,T01,micromovimenti_1m_H,1,micro_movement
25641098,1,1,1,93,150,55,100,0,18,55,43,8,8,3,6,5,4,0,0,100,100,40,25,15,17,9,12,1,1787516776.829696,G1,T01,micromovimenti_1m_H,1,micro_movement
25641298,1,1,1,133,79,75,100,0,17,54,75,18,12,2,2,3,4,0,0,100,100,38,25,15,17,8,12,1,1787516777.020208,G1,T01,micromovimenti_1m_H,1,micro_movement
25641498,1,1,1,90,133,100,100,0,18,100,74,14,2,3,4,4,3,0,0,100,100,35,25,15,18,8,12,1,1787516777.2276444,G1,T01,micromovimenti_1m_H,1,micro_movement
25641698,1,1,1,88,89,100,100,0,25,100,74,11,5,3,3,1,2,0,0,100,100,33,26,15,17,7,12,1,1787516777.4342575,G1,T01,micromovimenti_1m_H,1,micro_movement
25641898,1,0,1,0,91,0,100,0,19,17,3,2,3,5,2,2,2,0,0,100,100,30,26,14,17,7,13,1,1787516777.6253746,G1,T01,micromovimenti_1m_H,1,micro_movement
25642098,1,1,1,81,83,67,100,0,17,67,33,5,6,3,2,1,2,0,0,100,100,28,25,15,16,7,12,1,1787516777.8319838,G1,T01,micromovimenti_1m_H,1,micro_movement
25642298,1,1,1,80,81,73,100,0,31,73,42,9,4,4,3,2,2,0,0,100,100,27,25,15,16,7,12,1,1787516778.0232553,G1,T01,micromovimenti_1m_H,1,micro_movement
25642498,1,1,1,79,86,74,100,0,31,74,41,10,4,4,5,2,4,0,0,100,100,26,24,15,16,6,12,1,1787516778.2310908,G1,T01,micromovimenti_1m_H,1,micro_movement
25642698,1,1,1,97,79,89,100,0,18,89,72,11,5,6,3,2,2,0,0,100,100,25,24,14,15,7,12,1,1787516778.420997,G1,T01,micromovimenti_1m_H,1,micro_movement
25642898,1,0,1,0,93,0,100,0,19,20,19,8,7,2,1,3,3,0,0,100,100,24,22,14,14,6,11,1,1787516778.6279063,G1,T01,micromovimenti_1m_H,1,micro_movement
25643098,1,1,1,117,93,44,100,0,21,42,44,12,8,3,1,4,4,0,0,100,100,22,21,13,14,6,11,1,1787516778.8198621,G1,T01,micromovimenti_1m_H,1,micro_movement
25643298,1,0,1,0,96,0,100,0,19,20,22,5,9,3,1,4,3,0,0,100,100,19,20,13,14,6,11,1,1787516779.0260901,G1,T01,micromovimenti_1m_H,1,micro_movement
25643498,1,0,1,0,97,0,100,0,29,47,32,9,5,4,2,3,5,0,0,100,100,19,21,13,15,6,11,1,1787516779.2328124,G1,T01,micromovimenti_1m_H,1,micro_movement
25643698,1,0,1,0,97,0,100,0,14,30,39,5,4,2,2,4,6,0,0,100,100,19,21,12,15,6,11,1,1787516779.4235427,G1,T01,micromovimenti_1m_H,1,micro_movement
25643898,1,1,1,106,104,82,100,0,17,82,76,12,8,4,2,4,3,0,0,100,100,17,21,13,14,6,12,1,1787516779.6304135,G1,T01,micromovimenti_1m_H,1,micro_movement
25644098,1,1,1,96,81,100,100,0,30,100,83,13,7,2,1,3,3,0,0,100,100,17,21,12,13,6,12,1,1787516779.8213196,G1,T01,micromovimenti_1m_H,1,micro_movement
25644298,1,1,1,94,93,81,100,0,17,81,61,9,6,6,1,1,4,0,0,100,100,19,21,12,12,7,12,1,1787516780.028144,G1,T01,micromovimenti_1m_H,1,micro_movement
25644498,1,0,1,0,89,0,100,0,13,18,13,3,7,5,2,1,3,0,0,100,100,20,21,12,11,7,12,1,1787516780.2348135,G1,T01,micromovimenti_1m_H,1,micro_movement
25644698,1,0,1,0,89,0,100,0,16,10,9,5,6,6,1,1,3,0,0,100,100,21,20,11,10,8,12,1,1787516780.4259481,G1,T01,micromovimenti_1m_H,1,micro_movement
25644898,1,1,1,83,89,96,100,0,17,96,47,8,2,7,1,1,4,0,0,100,100,22,21,11,9,8,12,1,1787516780.6324682,G1,T01,micromovimenti_1m_H,1,micro_movement
25645098,1,1,1,83,85,100,100,0,64,100,100,4,4,5,1,3,3,0,0,100,100,23,20,10,9,8,12,1,1787516780.8235235,G1,T01,micromovimenti_1m_H,1,micro_movement
25645298,1,1,1,87,89,71,100,0,34,71,53,9,7,6,5,1,3,0,0,100,100,21,20,10,8,8,12,1,1787516781.0296645,G1,T01,micromovimenti_1m_H,1,micro_movement
25645498,1,1,1,105,88,60,100,0,19,60,56,15,9,14,7,3,6,0,0,100,100,22,22,10,7,8,11,1,1787516781.220766,G1,T01,micromovimenti_1m_H,1,micro_movement
25645698,1,1,1,93,100,61,100,0,22,61,47,15,7,5,1,5,7,0,0,100,100,25,23,10,7,9,11,1,1787516781.4273832,G1,T01,micromovimenti_1m_H,1,micro_movement
25645898,1,1,1,91,86,89,100,0,23,89,63,27,8,13,8,5,5,0,0,100,100,26,25,11,8,9,11,1,1787516781.6317353,G1,T01,micromovimenti_1m_H,1,micro_movement
25646098,1,1,1,171,82,55,100,0,18,35,55,49,12,2,9,9,8,0,0,100,100,28,28,13,9,11,11,1,1787516781.822275,G1,T01,micromovimenti_1m_H,1,micro_movement
25646298,1,1,1,125,150,42,100,0,16,35,42,10,9,6,8,12,8,0,0,100,100,30,31,14,11,13,11,1,1787516782.0294907,G1,T01,micromovimenti_1m_H,1,micro_movement
25646498,1,1,1,109,86,100,100,0,20,100,100,28,4,5,5,8,11,0,0,100,100,32,34,16,13,16,12,1,1787516782.2215078,G1,T01,micromovimenti_1m_H,1,micro_movement
25646698,1,1,1,111,101,100,100,0,23,100,100,24,10,5,6,5,7,0,0,100,100,34,36,17,15,19,12,1,1787516782.4291682,G1,T01,micromovimenti_1m_H,1,micro_movement
25646898,1,1,1,107,97,72,100,0,17,72,68,14,9,6,7,4,4,0,0,100,100,38,38,18,17,22,12,1,1787516782.635205,G1,T01,micromovimenti_1m_H,1,micro_movement
25647098,1,1,1,99,96,67,100,1,15,67,56,5,4,6,4,1,1,0,0,100,100,42,39,20,19,25,12,1,1787516782.8255358,G1,T01,micromovimenti_1m_H,1,micro_movement
25647298,1,0,1,0,118,0,100,1,16,24,22,8,3,6,2,2,1,0,0,100,100,45,40,22,20,28,12,1,1787516783.0342565,G1,T01,micromovimenti_1m_H,1,micro_movement
25647498,1,0,1,0,118,0,100,1,17,15,10,9,6,6,0,1,1,0,0,100,100,45,39,24,21,30,12,1,1787516783.2240462,G1,T01,micromovimenti_1m_H,1,micro_movement
25647698,1,0,1,0,118,0,100,1,18,42,26,11,10,8,2,2,1,0,0,100,100,46,40,25,22,31,12,1,1787516783.4303403,G1,T01,micromovimenti_1m_H,1,micro_movement
25647898,1,1,1,91,89,71,100,1,29,71,55,12,7,6,7,3,2,0,0,100,100,48,42,25,23,33,12,1,1787516783.6208243,G1,T01,micromovimenti_1m_H,1,micro_movement
25648098,1,0,1,0,83,0,100,1,27,42,24,9,8,6,5,1,3,0,0,100,100,50,43,25,24,34,12,1,1787516783.828174,G1,T01,micromovimenti_1m_H,1,micro_movement
25648298,1,1,1,124,101,81,100,1,18,70,81,20,10,7,6,2,3,0,0,100,100,51,42,25,25,34,12,1,1787516784.0349996,G1,T01,micromovimenti_1m_H,1,micro_movement
25648498,1,1,1,103,117,59,100,1,17,59,54,1,5,10,3,4,4,0,0,100,100,51,41,25,25,34,12,1,1787516784.225846,G1,T01,micromovimenti_1m_H,1,micro_movement
25648698,1,1,1,105,105,100,100,1,18,100,100,17,11,4,5,6,9,0,0,100,100,52,42,25,26,35,12,1,1787516784.432842,G1,T01,micromovimenti_1m_H,1,micro_movement
25648898,1,1,1,99,93,100,100,1,46,100,100,18,4,6,13,9,5,0,0,100,100,53,43,27,27,36,11,1,1787516784.623338,G1,T01,micromovimenti_1m_H,1,micro_movement
25649098,1,1,1,101,103,100,100,1,24,100,100,22,5,6,3,11,10,0,0,100,100,54,43,28,28,39,12,1,1787516784.830029,G1,T01,micromovimenti_1m_H,1,micro_movement
25649298,1,1,1,120,104,74,100,1,18,68,74,20,5,9,3,10,9,0,0,100,100,55,44,29,30,42,12,1,1787516785.0204866,G1,T01,micromovimenti_1m_H,1,micro_movement
25649498,1,1,1,91,93,100,100,1,29,100,100,9,4,9,5,0,8,0,0,100,100,55,42,31,32,45,12,1,1787516785.2292411,G1,T01,micromovimenti_1m_H,1,micro_movement
25649698,1,1,1,110,104,100,100,1,18,100,100,26,11,9,2,3,7,0,0,100,100,55,41,32,34,47,12,1,1787516785.43403,G1,T01,micromovimenti_1m_H,1,micro_movement
25649898,1,1,1,105,107,69,100,1,18,69,64,12,3,5,2,2,4,0,0,100,100,57,40,32,35,48,12,1,1787516785.6257079,G1,T01,micromovimenti_1m_H,1,micro_movement
25650098,1,0,1,0,113,0,100,1,20,33,36,8,5,7,2,2,3,0,0,100,100,57,39,30,34,47,12,1,1787516785.83225,G1,T01,micromovimenti_1m_H,1,micro_movement
25650298,1,0,1,0,90,0,100,1,17,45,34,7,7,6,3,1,4,0,0,100,100,57,38,29,33,46,12,1,1787516786.0235834,G1,T01,micromovimenti_1m_H,1,micro_movement
25650498,1,0,1,0,90,0,100,0,22,19,16,10,8,8,4,2,5,0,0,100,100,58,37,28,31,44,12,1,1787516786.2303877,G1,T01,micromovimenti_1m_H,1,micro_movement
25650698,1,0,1,0,90,0,100,0,16,17,10,6,8,9,4,2,4,0,0,100,100,57,37,27,30,41,12,1,1787516786.421393,G1,T01,micromovimenti_1m_H,1,micro_movement
25650898,1,0,1,0,90,0,100,0,19,13,8,6,4,6,4,2,4,0,0,100,100,55,37,25,28,39,12,1,1787516786.6277335,G1,T01,micromovimenti_1m_H,1,micro_movement
25651098,1,0,1,0,90,0,100,0,27,25,9,6,1,3,3,1,4,0,0,100,100,52,38,24,26,37,12,1,1787516786.835029,G1,T01,micromovimenti_1m_H,1,micro_movement
25651298,1,0,1,0,90,0,100,0,16,32,14,2,5,3,3,1,5,0,0,100,100,50,39,22,25,35,12,1,1787516787.0254543,G1,T01,micromovimenti_1m_H,1,micro_movement
25651498,1,0,1,0,90,0,100,0,19,38,38,4,7,6,2,2,5,0,0,100,100,50,39,21,24,33,12,1,1787516787.2318473,G1,T01,micromovimenti_1m_H,1,micro_movement
25651698,1,1,1,90,96,89,100,0,35,89,68,10,9,10,2,3,5,0,0,100,100,52,41,20,23,32,12,1,1787516787.4237385,G1,T01,micromovimenti_1m_H,1,micro_movement
25651898,1,1,1,109,106,75,100,0,24,75,73,17,2,6,5,3,6,0,0,100,100,53,41,21,22,31,12,1,1787516787.6301854,G1,T01,micromovimenti_1m_H,1,micro_movement
25652098,1,0,1,0,95,0,100,0,16,45,36,10,4,6,8,3,8,0,0,100,100,53,43,23,22,31,12,1,1787516787.8219366,G1,T01,micromovimenti_1m_H,1,micro_movement
25652298,1,1,1,97,95,69,100,0,20,69,57,10,5,6,5,2,7,0,0,100,100,52,44,24,21,32,12,1,1787516788.026933,G1,T01,micromovimenti_1m_H,1,micro_movement
25652498,1,1,1,110,104,75,100,0,20,75,74,14,9,5,2,3,5,0,0,100,100,54,47,24,21,32,12,1,1787516788.2335994,G1,T01,micromovimenti_1m_H,1,micro_movement
25652698,1,1,1,150,114,46,100,0,17,48,46,10,1,2,2,3,4,0,0,100,100,53,47,24,21,31,12,1,1787516788.4247777,G1,T01,micromovimenti_1m_H,1,micro_movement
25652898,1,0,1,0,150,0,100,0,22,37,28,11,7,9,1,2,4,0,0,100,100,52,46,22,21,29,12,1,1787516788.631132,G1,T01,micromovimenti_1m_H,1,micro_movement
25653098,1,0,1,0,150,0,100,0,19,28,24,7,5,2,3,4,6,0,0,100,100,52,47,21,20,26,12,1,1787516788.8216395,G1,T01,micromovimenti_1m_H,1,micro_movement
25653298,1,1,1,150,150,46,100,0,20,48,46,10,7,2,1,2,5,0,0,100,100,51,47,19,18,22,12,1,1787516789.028474,G1,T01,micromovimenti_1m_H,1,micro_movement
25653498,1,0,1,0,89,0,100,0,20,25,9,5,4,1,1,2,5,0,0,100,100,50,47,17,16,19,12,1,1787516789.235109,G1,T01,micromovimenti_1m_H,1,micro_movement
25653698,1,0,1,0,89,0,100,0,13,18,27,10,6,3,1,3,5,0,0,100,100,48,46,16,14,16,12,1,1787516789.4262252,G1,T01,micromovimenti_1m_H,1,micro_movement
25653898,1,0,1,0,89,0,100,0,20,19,9,8,4,4,1,2,6,0,0,100,100,45,46,15,12,15,12,1,1787516789.6328826,G1,T01,micromovimenti_1m_H,1,micro_movement
25654098,1,1,1,87,91,84,100,0,23,84,54,5,5,4,2,3,4,0,0,100,100,43,44,14,11,14,12,1,1787516789.8234751,G1,T01,micromovimenti_1m_H,1,micro_movement
25654298,1,1,1,96,88,75,100,0,17,75,59,9,8,7,1,4,4,0,0,100,100,41,43,14,11,13,12,1,1787516790.0340018,G1,T01,micromovimenti_1m_H,1,micro_movement
25654498,1,1,1,115,96,100,100,0,20,100,100,23,2,9,1,2,5,0,0,100,100,40,42,14,10,12,12,1,1787516790.221305,G1,T01,micromovimenti_1m_H,1,micro_movement
25654698,1,1,1,99,105,100,100,0,51,100,100,22,6,5,7,4,7,0,0,100,100,38,40,15,10,12,12,1,1787516790.4276693,G1,T01,micromovimenti_1m_H,1,micro_movement
25654898,1,1,1,114,114,71,100,0,16,69,71,12,11,7,9,4,9,0,0,100,100,37,38,16,10,12,12,1,1787516790.6351345,G1,T01,micromovimenti_1m_H,1,micro_movement
25655098,1,1,1,96,110,100,100,0,31,100,92,14,2,6,5,2,8,0,0,100,100,36,37,17,11,12,12,1,1787516790.8251424,G1,T01,micromovimenti_1m_H,1,micro_movement
25655298,1,1,1,108,105,100,100,0,18,100,100,23,7,9,1,2,5,0,0,100,100,37,37,17,10,11,12,1,1787516791.032347,G1,T01,micromovimenti_1m_H,1,micro_movement
25655498,1,1,1,128,107,97,100,0,16,77,97,19,6,3,2,1,5,0,0,100,100,36,36,17,10,11,12,1,1787516791.2238953,G1,T01,micromovimenti_1m_H,1,micro_movement
25655698,1,0,1,0,106,0,100,0,20,30,29,5,2,2,2,1,5,0,0,100,100,33,34,18,10,11,13,1,1787516791.430742,G1,T01,micromovimenti_1m_H,1,micro_movement
25655898,1,0,1,0,106,0,100,0,15,33,40,11,1,4,4,1,6,0,0,100,100,31,34,17,11,10,12,1,1787516791.6226294,G1,T01,micromovimenti_1m_H,1,micro_movement
25656098,1,1,1,90,111,85,100,0,27,85,62,6,2,6,2,2,5,0,0,100,100,29,33,16,11,9,12,1,1787516791.8297806,G1,T01,micromovimenti_1m_H,1,micro_movement
25656298,1,1,1,90,94,100,100,0,38,100,100,27,14,9,7,6,3,0,0,100,100,31,34,16,12,8,12,1,1787516792.0352535,G1,T01,micromovimenti_1m_H,1,micro_movement
25656498,1,1,1,101,100,58,100,0,15,58,51,19,12,9,5,7,2,0,0,100,100,32,34,17,13,9,12,1,1787516792.2258046,G1,T01,micromovimenti_1m_H,1,micro_movement
25656698,1,1,1,134,107,100,100,0,15,77,100,35,4,1,10,8,5,0,0,100,100,35,33,18,15,11,12,1,1787516792.4320066,G1,T01,micromovimenti_1m_H,1,micro_movement
25656898,1,1,1,93,96,71,100,0,17,71,53,13,20,10,5,4,1,0,0,100,100,38,34,19,16,12,12,1,1787516792.6225376,G1,T01,micromovimenti_1m_H,1,micro_movement
25657098,1,1,1,75,106,94,100,0,41,94,43,4,7,5,2,6,3,0,0,100,100,39,34,18,16,12,12,1,1787516792.8292725,G1,T01,micromovimenti_1m_H,1,micro_movement
25657298,1,1,1,103,125,100,100,0,41,100,100,28,14,4,2,5,6,0,0,100,100,42,34,19,17,12,12,1,1787516793.0357895,G1,T01,micromovimenti_1m_H,1,micro_movement
25657498,1,1,1,93,110,100,100,0,13,100,100,15,13,5,6,6,8,0,0,100,100,44,36,20,17,13,12,1,1787516793.226176,G1,T01,micromovimenti_1m_H,1,micro_movement
25657698,1,1,1,95,83,100,100,0,38,100,100,19,1,6,2,5,4,0,0,100,100,46,36,21,17,14,12,1,1787516793.4326653,G1,T01,micromovimenti_1m_H,1,micro_movement
25657898,1,1,1,90,100,100,100,0,24,100,100,13,10,10,1,4,3,0,0,100,100,48,35,21,18,14,12,1,1787516793.623454,G1,T01,micromovimenti_1m_H,1,micro_movement
25658098,1,1,1,103,71,100,100,0,26,100,100,26,5,11,6,4,5,0,0,100,100,50,35,22,18,14,12,1,1787516793.8298345,G1,T01,micromovimenti_1m_H,1,micro_movement
25658298,1,1,1,89,99,100,100,0,68,100,100,17,5,9,12,2,6,0,0,100,100,53,36,24,18,15,12,1,1787516794.03619,G1,T01,micromovimenti_1m_H,1,micro_movement
25658498,1,1,1,107,101,100,100,0,17,100,100,30,6,3,2,6,2,0,0,100,100,54,37,26,19,16,13,1,1787516794.2283158,G1,T01,micromovimenti_1m_H,1,micro_movement
25658698,1,1,1,100,90,100,100,0,29,100,96,16,4,6,3,9,5,0,0,100,100,56,37,25,20,15,13,1,1787516794.4336014,G1,T01,micromovimenti_1m_H,1,micro_movement
25658898,1,0,1,0,141,0,100,0,34,33,23,18,8,5,6,5,7,0,0,100,100,56,38,24,21,15,12,1,1787516794.6232758,G1,T01,micromovimenti_1m_H,1,micro_movement
25659098,1,1,1,86,134,100,100,0,95,100,100,14,5,8,2,6,8,0,0,100,100,56,38,23,21,15,12,1,1787516794.8306818,G1,T01,micromovimenti_1m_H,1,micro_movement
25659298,1,1,1,90,89,100,100,0,50,100,100,14,10,6,6,4,5,0,0,100,100,56,39,24,22,15,11,1,1787516795.0249789,G1,T01,micromovimenti_1m_H,1,micro_movement
25659498,1,1,1,72,123,82,100,0,35,82,26,16,9,5,8,5,6,0,0,100,100,58,40,25,21,15,11,1,1787516795.2281055,G1,T01,micromovimenti_1m_H,1,micro_movement
25659698,1,0,1,0,83,0,100,0,19,15,21,26,10,2,5,5,6,0,0,100,100,61,40,25,21,15,11,1,1787516795.4287698,G1,T01,micromovimenti_1m_H,1,micro_movement
25659898,1,1,1,81,86,67,100,0,17,67,33,19,10,5,1,8,2,0,0,100,100,62,39,25,22,15,11,1,1787516795.6354375,G1,T01,micromovimenti_1m_H,1,micro_movement
25660098,1,1,1,99,117,100,100,0,31,100,99,13,10,1,4,9,5,0,0,100,100,65,39,26,21,16,11,1,1787516795.829385,G1,T01,micromovimenti_1m_H,1,micro_movement
25660298,1,1,1,117,123,51,100,0,39,48,51,11,8,6,3,8,7,0,0,100,100,66,38,26,21,16,12,1,1787516796.0328457,G1,T01,micromovimenti_1m_H,1,micro_movement
25660498,1,0,1,0,127,0,100,0,21,24,22,13,9,3,2,10,6,0,0,100,100,65,38,25,20,15,12,1,1787516796.2318308,G1,T01,micromovimenti_1m_H,1,micro_movement
25660698,1,1,1,86,73,100,100,0,77,100,100,16,3,7,4,9,6,0,0,100,100,62,39,25,20,13,12,1,1787516796.4329207,G1,T01,micromovimenti_1m_H,1,micro_movement
25660898,1,1,1,102,117,100,100,0,53,100,100,26,4,9,8,7,2,0,0,100,100,60,39,26,20,12,12,1,1787516796.6343627,G1,T01,micromovimenti_1m_H,1,micro_movement
25661098,1,1,1,99,87,100,100,0,75,100,100,40,6,9,6,7,4,0,0,100,100,65,40,27,21,13,12,1,1787516796.835613,G1,T01,micromovimenti_1m_H,1,micro_movement
25661298,1,1,1,89,133,100,100,0,56,100,100,13,13,10,9,3,1,0,0,100,100,68,41,28,22,14,12,1,1787516797.035251,G1,T01,micromovimenti_1m_H,1,micro_movement
25661498,1,1,1,84,82,100,100,0,26,100,100,30,25,15,2,2,7,0,0,100,100,75,44,29,24,16,12,1,1787516797.2255802,G1,T01,micromovimenti_1m_H,1,micro_movement
25661698,1,1,1,130,89,100,100,1,21,100,100,37,8,2,4,3,4,0,0,100,100,74,46,29,25,20,12,1,1787516797.4326236,G1,T01,micromovimenti_1m_H,1,micro_movement
25661898,1,1,1,73,86,100,100,1,78,100,72,22,14,8,3,9,3,0,0,100,100,76,50,30,27,23,12,1,1787516797.6231625,G1,T01,micromovimenti_1m_H,1,micro_movement
25662098,1,1,1,101,142,100,100,1,39,100,93,21,12,1,3,5,2,0,0,100,100,81,54,31,29,25,12,1,1787516797.830268,G1,T01,micromovimenti_1m_H,1,micro_movement
25662298,1,1,1,87,76,100,100,1,51,100,100,65,21,5,4,4,5,0,0,100,100,82,54,30,30,26,12,1,1787516798.0208194,G1,T01,micromovimenti_1m_H,1,micro_movement
25662498,1,1,1,85,85,100,100,1,22,100,78,15,10,7,10,5,4,0,0,100,100,81,53,28,31,26,11,1,1787516798.2275243,G1,T01,micromovimenti_1m_H,1,micro_movement
25662698,1,1,1,75,85,97,100,1,42,97,44,12,10,4,8,6,4,0,0,100,100,80,53,28,30,28,11,1,1787516798.4343183,G1,T01,micromovimenti_1m_H,1,micro_movement
25662898,1,1,1,93,130,100,100,1,54,100,100,32,9,10,9,8,7,0,0,100,100,85,54,29,30,28,11,1,1787516798.624982,G1,T01,micromovimenti_1m_H,1,micro_movement
25663098,1,1,1,91,81,100,100,1,39,100,100,24,8,5,1,5,9,0,0,100,100,89,55,29,30,28,12,1,1787516798.8324027,G1,T01,micromovimenti_1m_H,1,micro_movement
25663298,1,1,1,83,99,100,100,1,45,100,80,9,3,2,5,5,9,0,0,100,100,93,55,28,30,29,12,1,1787516799.0232172,G1,T01,micromovimenti_1m_H,1,micro_movement
25663498,1,1,1,89,84,91,100,1,14,91,58,15,9,3,8,4,7,0,0,100,100,93,54,27,30,30,12,1,1787516799.2299323,G1,T01,micromovimenti_1m_H,1,micro_movement
25663698,1,1,1,90,97,100,100,1,80,100,100,17,8,6,10,7,4,0,0,100,100,94,54,27,30,30,12,1,1787516799.4204626,G1,T01,micromovimenti_1m_H,1,micro_movement
25663898,1,1,1,89,98,100,100,1,58,100,100,9,5,2,6,4,6,0,0,100,100,95,54,27,30,30,12,1,1787516799.6269395,G1,T01,micromovimenti_1m_H,1,micro_movement
25664098,1,1,1,83,89,100,100,1,60,100,99,17,7,5,6,5,5,0,0,100,100,92,52,26,30,29,12,1,1787516799.832871,G1,T01,micromovimenti_1m_H,1,micro_movement
25664298,1,1,1,94,118,100,100,1,37,100,100,22,10,4,2,3,7,0,0,100,100,89,51,25,29,29,12,1,1787516800.0237455,G1,T01,micromovimenti_1m_H,1,micro_movement
25664498,1,1,1,89,97,88,100,1,25,88,60,11,4,7,5,2,7,0,0,100,100,91,51,25,28,29,12,1,1787516800.2315676,G1,T01,micromovimenti_1m_H,1,micro_movement
25664698,1,0,1,0,90,0,100,1,32,30,21,12,3,5,4,1,6,0,0,100,100,92,50,25,27,28,12,1,1787516800.4348905,G1,T01,micromovimenti_1m_H,1,micro_movement
25664898,1,0,1,0,84,0,100,1,22,39,11,11,6,3,9,3,4,0,0,100,100,92,48,24,27,28,12,1,1787516800.625354,G1,T01,micromovimenti_1m_H,1,micro_movement
25665098,1,1,1,96,79,100,100,1,24,100,100,23,5,1,3,1,6,0,0,100,100,86,46,24,25,28,12,1,1787516800.8317835,G1,T01,micromovimenti_1m_H,1,micro_movement
25665298,1,1,1,90,115,92,100,0,19,92,62,10,2,4,4,2,6,0,0,100,100,81,44,22,24,27,12,1,1787516801.0222294,G1,T01,micromovimenti_1m_H,1,micro_movement
25665498,1,1,1,105,91,100,100,0,19,100,100,23,12,2,4,3,2,0,0,100,100,75,40,21,22,25,12,1,1787516801.2290173,G1,T01,micromovimenti_1m_H,1,micro_movement
25665698,1,1,1,120,91,100,100,0,19,100,100,19,8,7,5,4,4,0,0,100,100,77,40,22,22,22,12,1,1787516801.4361722,G1,T01,micromovimenti_1m_H,1,micro_movement
25665898,1,1,1,93,92,100,100,0,26,100,81,15,11,8,2,1,1,0,0,100,100,77,36,21,19,20,12,1,1787516801.62537,G1,T01,micromovimenti_1m_H,1,micro_movement
25666098,1,1,1,111,94,88,100,0,19,88,87,23,2,3,2,1,1,0,0,100,100,71,32,21,17,19,12,1,1787516801.8321183,G1,T01,micromovimenti_1m_H,1,micro_movement
25666298,1,1,1,137,148,47,100,0,22,32,47,16,9,8,6,3,2,0,0,100,100,69,32,20,16,18,12,1,1787516802.0227923,G1,T01,micromovimenti_1m_H,1,micro_movement
25666498,1,1,1,85,137,100,100,0,22,100,67,37,16,8,4,5,1,0,0,100,100,70,32,21,15,17,12,1,1787516802.2299678,G1,T01,micromovimenti_1m_H,1,micro_movement
25666698,1,1,1,102,128,100,100,0,19,100,100,45,19,7,7,2,3,0,0,100,100,73,33,22,15,16,12,1,1787516802.421017,G1,T01,micromovimenti_1m_H,1,micro_movement
25666898,1,1,1,92,81,100,100,0,13,100,100,23,2,5,7,0,3,0,0,100,100,72,32,22,15,16,12,1,1787516802.627883,G1,T01,micromovimenti_1m_H,1,micro_movement
25667098,1,1,1,90,93,100,100,0,46,100,100,23,9,11,2,5,4,0,0,100,100,71,31,24,14,15,12,1,1787516802.835069,G1,T01,micromovimenti_1m_H,1,micro_movement
25667298,1,1,1,97,96,100,100,0,20,100,100,5,8,2,2,3,5,0,0,100,100,70,31,25,14,14,12,1,1787516803.0258214,G1,T01,micromovimenti_1m_H,1,micro_movement
25667498,1,1,1,101,104,100,100,0,18,100,100,9,12,8,8,5,6,0,0,100,100,71,31,26,15,15,12,1,1787516803.233623,G1,T01,micromovimenti_1m_H,1,micro_movement
25667698,1,0,1,0,95,0,100,0,18,34,27,8,5,7,2,10,11,0,0,100,100,69,32,25,16,16,12,1,1787516803.4257636,G1,T01,micromovimenti_1m_H,1,micro_movement
25667898,1,1,1,94,85,100,100,0,47,100,100,52,18,12,8,6,7,0,0,100,100,74,36,26,18,19,12,1,1787516803.631286,G1,T01,micromovimenti_1m_H,1,micro_movement
25668098,1,1,1,94,93,100,100,0,31,100,100,12,10,9,1,4,9,0,0,100,100,83,41,26,19,20,12,1,1787516803.8217893,G1,T01,micromovimenti_1m_H,1,micro_movement
25668298,1,1,1,83,99,90,100,0,19,90,45,8,7,1,5,8,3,0,0,100,100,89,43,26,21,21,12,1,1787516804.0286267,G1,T01,micromovimenti_1m_H,1,micro_movement
25668498,1,1,1,91,83,100,100,0,56,100,100,19,9,5,1,4,4,0,0,100,100,89,44,26,22,22,12,1,1787516804.235557,G1,T01,micromovimenti_1m_H,1,micro_movement
25668698,1,1,1,93,95,100,100,0,59,100,100,20,9,2,10,7,4,0,0,100,100,90,44,26,23,24,12,1,1787516804.426395,G1,T01,micromovimenti_1m_H,1,micro_movement
25668898,1,1,1,94,94,100,100,0,30,100,100,35,10,7,9,6,7,0,0,100,100,89,45,26,24,25,12,1,1787516804.6335423,G1,T01,micromovimenti_1m_H,1,micro_movement
25669098,1,1,1,82,85,100,100,0,57,100,100,2,3,8,7,6,6,0,0,100,100,91,45,26,26,26,12,1,1787516804.824237,G1,T01,micromovimenti_1m_H,1,micro_movement
25669298,1,1,1,123,90,100,100,0,48,100,100,32,8,7,2,2,6,0,0,100,100,92,46,27,27,26,12,1,1787516805.031477,G1,T01,micromovimenti_1m_H,1,micro_movement
25669498,1,1,1,86,84,100,100,0,20,100,100,12,4,9,10,3,4,0,0,100,100,90,48,28,27,25,12,1,1787516805.2284513,G1,T01,micromovimenti_1m_H,1,micro_movement
25669698,1,1,1,83,86,100,100,0,18,100,100,21,7,4,9,4,5,0,0,100,100,88,47,28,26,24,12,1,1787516805.4289522,G1,T01,micromovimenti_1m_H,1,micro_movement
25669898,1,1,1,95,75,51,100,0,31,51,45,7,13,10,4,7,11,0,0,100,100,86,49,30,27,25,12,1,1787516805.635552,G1,T01,micromovimenti_1m_H,1,micro_movement
25670098,1,1,1,95,95,89,100,0,15,89,68,12,10,7,4,6,9,0,0,100,100,86,51,28,28,26,12,1,1787516805.8271651,G1,T01,micromovimenti_1m_H,1,micro_movement
25670298,1,1,1,75,84,100,100,0,44,100,41,22,6,5,8,6,6,0,0,100,100,87,51,28,29,26,12,1,1787516806.0342445,G1,T01,micromovimenti_1m_H,1,micro_movement
25670498,1,1,1,77,81,96,100,0,38,96,45,14,9,1,6,4,6,0,0,100,100,86,50,28,30,27,12,1,1787516806.2305427,G1,T01,micromovimenti_1m_H,1,micro_movement
25670698,1,1,1,85,79,100,100,0,61,100,100,14,6,6,2,4,5,0,0,100,100,86,50,27,31,27,12,1,1787516806.4318504,G1,T01,micromovimenti_1m_H,1,micro_movement
25670898,1,1,1,86,84,90,100,0,21,90,55,14,8,5,7,3,5,0,0,100,100,82,48,25,32,27,12,1,1787516806.6223285,G1,T01,micromovimenti_1m_H,1,micro_movement
25671098,1,1,1,113,101,94,100,0,15,93,94,16,4,1,8,3,7,0,0,100,100,81,47,24,31,28,12,1,1787516806.8295217,G1,T01,micromovimenti_1m_H,1,micro_movement
25671298,1,0,1,0,103,0,100,0,15,33,26,7,9,3,4,4,9,0,0,100,100,82,47,22,30,28,12,1,1787516807.0206177,G1,T01,micromovimenti_1m_H,1,micro_movement
25671498,1,1,1,107,94,68,100,0,14,68,64,11,2,6,2,3,6,0,0,100,100,83,47,22,30,28,12,1,1787516807.2321033,G1,T01,micromovimenti_1m_H,1,micro_movement
25671698,1,1,1,83,94,93,100,0,27,93,53,6,3,7,1,1,5,0,0,100,100,84,47,23,28,26,12,1,1787516807.4342575,G1,T01,micromovimenti_1m_H,1,micro_movement
25671898,1,1,1,86,83,67,100,0,16,67,41,8,5,7,1,1,3,0,0,100,100,80,45,23,27,24,12,1,1787516807.624751,G1,T01,micromovimenti_1m_H,1,micro_movement
25672098,1,1,1,81,86,64,100,0,25,64,37,10,8,6,1,1,5,0,0,100,100,75,41,23,26,22,12,1,1787516807.8316345,G1,T01,micromovimenti_1m_H,1,micro_movement
25672298,1,0,1,0,81,0,100,0,13,16,15,2,6,5,3,1,5,0,0,100,100,70,39,23,24,21,13,1,1787516808.023085,G1,T01,micromovimenti_1m_H,1,micro_movement
25672498,1,0,1,0,81,0,100,0,19,22,20,1,6,7,1,2,5,0,0,100,100,67,38,23,24,20,13,1,1787516808.2339709,G1,T01,micromovimenti_1m_H,1,micro_movement
25672698,1,0,1,0,81,0,100,0,16,31,26,7,5,8,3,1,4,0,0,100,100,66,38,23,22,18,12,1,1787516808.4342709,G1,T01,micromovimenti_1m_H,1,micro_movement
25672898,1,0,1,0,81,0,100,0,17,33,34,10,2,6,4,2,5,0,0,100,100,67,38,23,20,17,12,1,1787516808.6251893,G1,T01,micromovimenti_1m_H,1,micro_movement
25673098,1,1,1,122,81,42,100,0,16,37,42,11,4,3,5,2,5,0,0,100,100,65,38,21,18,16,12,1,1787516808.8315694,G1,T01,micromovimenti_1m_H,1,micro_movement
25673298,1,0,1,0,131,0,100,0,16,30,32,10,11,1,4,4,5,0,0,100,100,64,36,21,17,16,11,1,1787516809.0230086,G1,T01,micromovimenti_1m_H,1,micro_movement
25673498,1,1,1,82,69,59,100,0,23,59,35,10,9,7,1,1,4,0,0,100,100,65,34,19,17,16,11,1,1787516809.2359145,G1,T01,micromovimenti_1m_H,1,micro_movement
25673698,1,1,1,92,94,100,100,0,14,100,74,9,8,5,7,3,4,0,0,100,100,66,33,19,16,17,11,1,1787516809.4208438,G1,T01,micromovimenti_1m_H,1,micro_movement
25673898,1,0,1,0,100,0,100,0,16,23,22,14,6,3,2,5,3,0,0,100,100,68,32,18,16,16,11,1,1787516809.6272082,G1,T01,micromovimenti_1m_H,1,micro_movement
25674098,1,1,1,89,90,94,100,0,21,94,62,11,9,2,1,4,3,0,0,100,100,69,29,18,15,14,12,1,1787516809.834592,G1,T01,micromovimenti_1m_H,1,micro_movement
25674298,1,1,1,88,84,93,100,0,24,93,61,1,4,9,7,3,4,0,0,100,100,68,30,19,15,14,12,1,1787516810.0249991,G1,T01,micromovimenti_1m_H,1,micro_movement
25674498,1,1,1,130,78,42,100,0,16,31,42,6,6,9,7,1,4,0,0,100,100,69,31,20,13,13,12,1,1787516810.236255,G1,T01,micromovimenti_1m_H,1,micro_movement
25674698,1,0,1,0,80,0,100,0,15,24,27,3,4,6,6,2,6,0,0,100,100,66,31,20,12,12,12,1,1787516810.4221978,G1,T01,micromovimenti_1m_H,1,micro_movement
25674898,1,1,1,82,88,100,100,0,70,100,100,9,7,9,4,2,5,0,0,100,100,66,31,21,11,12,12,1,1787516810.629679,G1,T01,micromovimenti_1m_H,1,micro_movement
25675098,1,1,1,91,93,100,100,0,24,100,100,8,7,5,5,1,7,0,0,100,100,65,31,21,10,11,13,1,1787516810.8360355,G1,T01,micromovimenti_1m_H,1,micro_movement
25675298,1,1,1,97,97,99,100,0,21,99,79,10,6,7,5,1,7,0,0,100,100,63,29,22,10,11,12,1,1787516811.0263627,G1,T01,micromovimenti_1m_H,1,micro_movement
25675498,1,1,1,91,94,100,100,0,23,100,98,9,5,2,1,2,5,0,0,100,100,60,28,22,11,11,12,1,1787516811.23631,G1,T01,micromovimenti_1m_H,1,micro_movement
25675698,1,1,1,77,82,100,100,0,28,100,36,16,5,3,1,1,5,0,0,100,100,57,27,21,11,11,12,1,1787516811.4363816,G1,T01,micromovimenti_1m_H,1,micro_movement
25675898,1,1,1,75,83,91,100,0,24,91,24,9,9,4,1,4,4,0,0,100,100,55,26,20,11,11,11,1,1787516811.6304626,G1,T01,micromovimenti_1m_H,1,micro_movement
25676098,1,1,1,91,83,63,100,0,18,63,46,3,4,3,1,6,6,0,0,100,100,53,25,20,11,11,11,1,1787516811.8351073,G1,T01,micromovimenti_1m_H,1,micro_movement
25676298,1,1,1,94,87,87,100,0,23,87,67,13,6,3,5,4,5,0,0,100,100,51,24,20,12,12,11,1,1787516812.0249646,G1,T01,micromovimenti_1m_H,1,micro_movement
25676498,1,1,1,94,95,63,100,0,18,63,49,7,6,1,6,3,4,0,0,100,100,49,23,20,11,12,11,1,1787516812.2321622,G1,T01,micromovimenti_1m_H,1,micro_movement
25676698,1,1,1,86,94,57,100,0,17,57,36,3,7,4,4,2,6,0,0,100,100,47,23,20,11,12,11,1,1787516812.4232297,G1,T01,micromovimenti_1m_H,1,micro_movement
25676898,1,0,1,0,86,0,100,0,23,12,7,10,6,5,2,2,5,0,0,100,100,46,23,20,11,12,12,1,1787516812.629629,G1,T01,micromovimenti_1m_H,1,micro_movement
25677098,1,0,1,0,86,0,100,0,16,16,14,8,2,6,1,2,6,0,0,100,100,45,22,20,11,12,12,1,1787516812.8205626,G1,T01,micromovimenti_1m_H,1,micro_movement
25677298,1,0,1,0,86,0,100,0,17,26,31,9,5,6,1,3,5,0,0,100,100,46,22,20,11,11,12,1,1787516813.0269186,G1,T01,micromovimenti_1m_H,1,micro_movement
25677498,1,1,1,89,144,100,100,0,82,100,100,24,12,8,11,1,6,0,0,100,100,46,24,21,11,11,12,1,1787516813.2332919,G1,T01,micromovimenti_1m_H,1,micro_movement
25677698,1,1,1,94,103,100,100,0,30,100,100,9,10,6,5,1,6,0,0,100,100,45,24,20,11,10,12,1,1787516813.4247518,G1,T01,micromovimenti_1m_H,1,micro_movement
25677898,1,1,1,101,100,100,100,0,15,100,94,14,5,2,8,2,4,0,0,100,100,46,25,21,11,10,12,1,1787516813.6309242,G1,T01,micromovimenti_1m_H,1,micro_movement
25678098,1,1,1,93,101,100,100,0,63,100,100,40,10,9,7,3,8,0,0,100,100,45,26,22,11,10,12,1,1787516813.8224142,G1,T01,micromovimenti_1m_H,1,micro_movement
25678298,1,1,1,129,91,100,100,0,22,100,100,39,8,5,3,6,7,0,0,100,100,48,25,21,12,10,12,1,1787516814.0289886,G1,T01,micromovimenti_1m_H,1,micro_movement
25678498,1,1,1,144,127,84,100,0,14,44,84,30,2,9,3,5,7,0,0,100,100,49,25,20,12,10,12,1,1787516814.2356641,G1,T01,micromovimenti_1m_H,1,micro_movement
25678698,1,1,1,126,144,67,100,0,19,57,67,20,10,8,3,6,7,0,0,100,100,51,25,19,13,10,12,1,1787516814.427082,G1,T01,micromovimenti_1m_H,1,micro_movement
25678898,1,1,1,106,120,100,100,0,19,100,100,28,11,2,1,3,8,0,0,100,100,52,27,19,13,10,12,1,1787516814.6340432,G1,T01,micromovimenti_1m_H,1,micro_movement
25679098,1,1,1,75,95,72,100,0,38,72,39,6,7,1,1,4,7,0,0,100,100,53,28,18,14,10,12,1,1787516814.8245463,G1,T01,micromovimenti_1m_H,1,micro_movement
25679298,1,0,1,0,75,0,100,0,18,22,28,7,5,4,1,3,6,0,0,100,100,53,28,17,15,9,12,1,1787516815.0313256,G1,T01,micromovimenti_1m_H,1,micro_movement
25679498,1,1,1,122,91,42,100,0,19,37,42,9,4,1,3,1,7,0,0,100,100,55,28,17,14,8,12,1,1787516815.2218134,G1,T01,micromovimenti_1m_H,1,micro_movement
25679698,1,1,1,88,122,51,100,0,15,51,34,2,3,2,3,1,6,0,0,100,100,56,28,17,15,8,12,1,1787516815.4261887,G1,T01,micromovimenti_1m_H,1,micro_movement
25679898,1,0,1,0,88,0,100,0,16,27,22,5,11,3,1,1,6,0,0,100,100,55,28,17,14,8,12,1,1787516815.6331916,G1,T01,micromovimenti_1m_H,1,micro_movement
25680098,1,0,1,0,88,0,100,0,22,13,4,2,8,6,1,1,6,0,0,100,100,54,28,17,14,7,12,1,1787516815.8240175,G1,T01,micromovimenti_1m_H,1,micro_movement
25680298,1,0,1,0,88,0,100,0,17,19,34,15,5,11,4,3,5,0,0,100,100,54,28,17,13,7,12,1,1787516816.0318365,G1,T01,micromovimenti_1m_H,1,micro_movement
25680498,1,1,1,118,88,56,100,0,19,52,56,10,2,8,4,1,8,0,0,100,100,54,29,18,13,8,12,1,1787516816.2232776,G1,T01,micromovimenti_1m_H,1,micro_movement
25680698,1,1,1,83,118,67,100,0,16,67,36,6,2,5,3,1,8,0,0,100,100,54,29,18,13,8,12,1,1787516816.4296217,G1,T01,micromovimenti_1m_H,1,micro_movement
25680898,1,1,1,88,97,100,100,0,53,100,100,12,6,4,4,1,9,0,0,100,100,53,30,18,14,8,12,1,1787516816.6366522,G1,T01,micromovimenti_1m_H,1,micro_movement
25681098,1,1,1,94,83,100,100,0,27,100,97,16,11,1,1,2,8,0,0,100,100,54,30,18,14,8,12,1,1787516816.8273976,G1,T01,micromovimenti_1m_H,1,micro_movement
25681298,1,1,1,89,84,100,100,0,22,100,98,4,5,2,4,1,9,0,0,100,100,54,31,18,14,9,12,1,1787516817.0341766,G1,T01,micromovimenti_1m_H,1,micro_movement
25681498,1,1,1,90,89,92,100,0,14,92,62,13,7,4,6,1,8,0,0,100,100,52,28,17,13,9,12,1,1787516817.2251618,G1,T01,micromovimenti_1m_H,1,micro_movement
25681698,1,0,1,0,90,0,100,0,18,27,11,10,9,10,6,2,6,0,0,100,100,49,28,18,13,9,12,1,1787516817.4321694,G1,T01,micromovimenti_1m_H,1,micro_movement
25681898,1,1,1,150,90,46,100,0,37,50,46,15,5,9,4,2,5,0,0,100,100,46,27,16,13,9,12,1,1787516817.6227272,G1,T01,micromovimenti_1m_H,1,micro_movement
25682098,1,0,1,0,117,0,100,0,15,37,22,5,6,7,6,1,5,0,0,100,100,45,26,16,12,9,12,1,1787516817.8292584,G1,T01,micromovimenti_1m_H,1,micro_movement
25682298,1,1,1,86,91,74,100,0,19,74,45,7,7,8,4,1,6,0,0,100,100,42,26,16,11,8,12,1,1787516818.035774,G1,T01,micromovimenti_1m_H,1,micro_movement
25682498,1,1,1,101,86,59,100,0,19,59,52,8,7,2,1,2,6,0,0,100,100,42,25,16,11,8,12,1,1787516818.2267551,G1,T01,micromovimenti_1m_H,1,micro_movement
25682698,1,0,1,0,77,0,100,0,25,37,37,20,2,10,2,6,6,0,0,100,100,41,23,16,10,8,12,1,1787516818.4333003,G1,T01,micromovimenti_1m_H,1,micro_movement
25682898,1,0,1,0,77,0,100,0,17,20,18,3,6,5,1,4,5,0,0,100,100,39,23,17,11,8,12,1,1787516818.6239824,G1,T01,micromovimenti_1m_H,1,micro_movement
25683098,1,1,1,86,77,90,100,0,35,90,61,14,6,6,2,1,6,0,0,100,100,40,23,16,10,8,12,1,1787516818.8303337,G1,T01,micromovimenti_1m_H,1,micro_movement
25683298,1,0,1,0,105,0,100,0,19,32,37,14,3,3,2,3,7,0,0,100,100,40,24,17,10,8,12,1,1787516819.0212271,G1,T01,micromovimenti_1m_H,1,micro_movement
25683498,1,1,1,100,94,76,100,0,17,76,66,18,14,8,2,1,8,0,0,100,100,39,24,17,10,9,12,1,1787516819.22867,G1,T01,micromovimenti_1m_H,1,micro_movement
25683698,1,0,1,0,100,0,100,0,16,28,24,4,5,7,4,1,7,0,0,100,100,40,25,17,10,10,12,1,1787516819.43597,G1,T01,micromovimenti_1m_H,1,micro_movement
25683898,1,0,1,0,80,0,100,0,23,46,37,14,3,6,4,2,7,0,0,100,100,42,25,17,10,10,12,1,1787516819.6264439,G1,T01,micromovimenti_1m_H,1,micro_movement
25684098,1,0,1,0,80,0,100,0,21,42,34,11,3,5,4,2,7,0,0,100,100,43,25,17,10,10,12,1,1787516819.8339255,G1,T01,micromovimenti_1m_H,1,micro_movement
25684298,1,1,1,89,102,100,100,0,30,100,70,14,5,7,6,1,8,0,0,100,100,43,25,17,10,10,12,1,1787516820.0352607,G1,T01,micromovimenti_1m_H,1,micro_movement
25684498,1,0,1,0,82,0,100,0,19,47,24,2,6,8,6,2,7,0,0,100,100,42,24,17,10,10,12,1,1787516820.2325006,G1,T01,micromovimenti_1m_H,1,micro_movement
25684698,1,1,1,103,103,100,100,0,19,100,100,21,7,7,3,1,6,0,0,100,100,43,23,16,10,10,12,1,1787516820.42859,G1,T01,micromovimenti_1m_H,1,micro_movement
25684898,1,1,1,92,100,54,100,0,36,54,47,23,11,8,2,5,4,0,0,100,100,44,22,16,11,10,12,1,1787516820.6349459,G1,T01,micromovimenti_1m_H,1,micro_movement
25685098,1,1,1,111,93,95,100,0,20,95,94,21,14,7,6,7,4,0,0,100,100,49,22,17,11,11,12,1,1787516820.825654,G1,T01,micromovimenti_1m_H,1,micro_movement
25685298,1,0,1,0,113,0,100,0,25,34,34,9,9,1,3,8,10,0,0,100,100,52,23,17,14,14,12,1,1787516821.0330245,G1,T01,micromovimenti_1m_H,1,micro_movement
25685498,1,1,1,90,99,100,100,0,15,100,100,16,4,5,4,3,9,0,0,100,100,57,24,17,18,17,12,1,1787516821.2241683,G1,T01,micromovimenti_1m_H,1,micro_movement
25685698,1,1,1,94,100,100,100,1,36,100,95,21,8,6,5,4,6,0,0,100,100,63,24,17,21,21,12,1,1787516821.4320836,G1,T01,micromovimenti_1m_H,1,micro_movement
25685898,1,1,1,132,94,73,100,1,17,56,73,24,5,8,6,3,7,0,0,100,100,66,24,18,25,24,12,1,1787516821.6229627,G1,T01,micromovimenti_1m_H,1,micro_movement
25686098,1,1,1,92,118,100,100,1,28,100,100,12,17,9,5,3,4,0,0,100,100,68,24,19,28,28,12,1,1787516821.8303492,G1,T01,micromovimenti_1m_H,1,micro_movement
25686298,1,0,1,0,92,0,100,1,29,34,18,12,8,8,4,6,3,0,0,100,100,73,24,19,31,31,13,1,1787516822.0212445,G1,T01,micromovimenti_1m_H,1,micro_movement
25686498,1,1,1,124,100,81,100,1,14,68,81,15,9,3,3,7,2,0,0,100,100,76,25,20,33,34,12,1,1787516822.2275448,G1,T01,micromovimenti_1m_H,1,micro_movement
25686698,1,1,1,75,124,66,100,1,20,66,21,8,3,3,4,5,1,0,0,100,100,81,25,20,34,36,12,1,1787516822.4347045,G1,T01,micromovimenti_1m_H,1,micro_movement
25686898,1,0,1,0,75,0,100,1,15,22,32,14,12,7,6,5,1,0,0,100,100,86,26,20,36,37,12,1,1787516822.6263971,G1,T01,micromovimenti_1m_H,1,micro_movement
25687098,1,0,1,0,85,0,100,1,24,42,21,10,4,6,5,5,1,0,0,100,100,87,26,21,37,38,12,1,1787516822.8327267,G1,T01,micromovimenti_1m_H,1,micro_movement
25687298,1,0,1,0,85,0,100,1,17,25,4,8,8,7,6,4,1,0,0,100,100,88,26,21,38,39,12,1,1787516823.0234704,G1,T01,micromovimenti_1m_H,1,micro_movement
25687498,1,0,1,0,85,0,100,1,15,15,9,8,6,4,6,6,2,0,0,100,100,91,26,20,38,40,12,1,1787516823.2300792,G1,T01,micromovimenti_1m_H,1,micro_movement
25687698,1,0,1,0,85,0,100,1,15,34,24,6,3,3,4,4,2,0,0,100,100,90,25,20,39,40,12,1,1787516823.4364438,G1,T01,micromovimenti_1m_H,1,micro_movement
25687898,1,0,1,0,85,0,100,1,17,17,20,8,5,3,4,4,3,0,0,100,100,90,24,19,40,41,11,1,1787516823.6273756,G1,T01,micromovimenti_1m_H,1,micro_movement
25688098,1,0,1,0,85,0,100,1,24,39,25,5,3,4,3,5,1,0,0,100,100,89,24,19,40,42,12,1,1787516823.8343198,G1,T01,micromovimenti_1m_H,1,micro_movement
25688298,1,0,1,0,85,0,100,1,15,9,7,10,8,5,3,5,1,0,0,100,100,90,24,18,40,42,12,1,1787516824.025145,G1,T01,micromovimenti_1m_H,1,micro_movement
25688498,1,0,1,0,85,0,100,1,18,18,7,7,3,3,5,5,2,0,0,100,100,91,24,17,41,42,12,1,1787516824.2324812,G1,T01,micromovimenti_1m_H,1,micro_movement
25688698,1,0,1,0,85,0,100,1,27,20,10,9,2,2,4,4,2,0,0,100,100,91,23,17,41,43,12,1,1787516824.4234216,G1,T01,micromovimenti_1m_H,1,micro_movement
25688898,1,0,1,0,85,0,100,1,22,12,6,8,1,3,3,4,2,0,0,100,100,90,23,16,40,43,12,1,1787516824.630217,G1,T01,micromovimenti_1m_H,1,micro_movement
25689098,1,0,1,0,85,0,100,1,16,27,15,5,2,2,3,5,2,0,0,100,100,84,21,15,39,42,13,1,1787516824.8217986,G1,T01,micromovimenti_1m_H,1,micro_movement
25689298,1,0,1,0,85,0,100,1,23,22,11,1,1,3,3,3,2,0,0,100,100,81,19,15,37,39,12,1,1787516825.0281186,G1,T01,micromovimenti_1m_H,1,micro_movement
25689498,1,0,1,0,85,0,100,1,16,11,7,3,2,2,3,4,2,0,0,100,100,76,18,14,33,35,12,1,1787516825.234914,G1,T01,micromovimenti_1m_H,1,micro_movement
25689698,1,0,1,0,85,0,100,1,22,32,18,1,2,2,3,4,1,0,0,100,100,71,18,13,30,31,11,1,1787516825.4304469,G1,T01,micromovimenti_1m_H,1,micro_movement
25689898,1,0,1,0,85,0,100,1,13,31,27,8,3,6,5,5,1,0,0,100,100,68,16,11,26,28,11,1,1787516825.6202402,G1,T01,micromovimenti_1m_H,1,micro_movement
25690098,1,1,1,86,85,72,100,1,33,72,52,10,8,6,3,5,1,0,0,100,100,66,15,10,24,24,11,1,1787516825.8268113,G1,T01,micromovimenti_1m_H,1,micro_movement
25690298,1,0,1,0,116,0,100,1,21,18,21,10,7,5,1,5,1,0,0,100,100,62,14,9,21,21,11,1,1787516826.0344026,G1,T01,micromovimenti_1m_H,1,micro_movement
25690498,1,0,1,0,116,0,100,1,14,14,14,8,11,8,3,5,1,0,0,100,100,60,14,8,19,19,11,1,1787516826.2225792,G1,T01,micromovimenti_1m_H,1,micro_movement
25690698,1,0,1,0,116,0,100,1,14,23,26,9,9,8,4,4,1,0,0,100,100,58,14,7,16,17,12,1,1787516826.4284685,G1,T01,micromovimenti_1m_H,1,micro_movement
25690898,1,0,1,0,116,0,100,1,20,15,6,8,2,7,3,2,3,0,0,100,100,56,13,7,15,15,12,1,1787516826.633212,G1,T01,micromovimenti_1m_H,1,micro_movement
25691098,1,0,1,0,116,0,100,1,17,25,16,5,4,5,4,3,2,0,0,100,100,55,12,6,14,13,12,1,1787516826.8268378,G1,T01,micromovimenti_1m_H,1,micro_movement
25691298,1,0,1,0,116,0,100,1,22,14,10,11,3,4,3,2,3,0,0,100,100,54,12,5,13,12,12,1,1787516827.0238183,G1,T01,micromovimenti_1m_H,1,micro_movement
25691498,1,0,1,0,116,0,100,1,15,14,3,3,5,2,2,2,3,0,0,100,100,52,12,5,12,11,12,1,1787516827.2304895,G1,T01,micromovimenti_1m_H,1,micro_movement
25691698,1,0,1,0,116,0,100,1,25,28,17,8,4,3,2,2,3,0,0,100,100,54,13,5,11,10,12,1,1787516827.4213064,G1,T01,micromovimenti_1m_H,1,micro_movement
25691898,1,0,1,0,116,0,100,1,21,16,7,7,2,4,3,3,3,0,0,100,100,53,13,5,10,9,12,1,1787516827.6281772,G1,T01,micromovimenti_1m_H,1,micro_movement
25692098,1,0,1,0,116,0,100,1,14,22,19,6,3,3,3,3,3,0,0,100,100,54,13,5,9,9,12,1,1787516827.8339539,G1,T01,micromovimenti_1m_H,1,micro_movement
25692298,1,0,1,0,116,0,100,0,15,12,5,3,1,4,2,2,3,0,0,100,100,54,12,5,8,8,12,1,1787516828.0243204,G1,T01,micromovimenti_1m_H,1,micro_movement
25692498,1,0,1,0,116,0,100,0,20,28,20,7,5,10,4,2,4,0,0,100,100,53,13,5,8,8,11,1,1787516828.230749,G1,T01,micromovimenti_1m_H,1,micro_movement
25692698,1,0,1,0,116,0,100,0,18,43,37,9,8,3,1,2,5,0,0,100,100,54,14,6,8,8,11,1,1787516828.4236808,G1,T01,micromovimenti_1m_H,1,micro_movement
25692898,1,0,1,0,116,0,100,0,18,16,18,4,6,2,2,1,5,0,0,100,100,55,14,7,8,8,11,1,1787516828.6291227,G1,T01,micromovimenti_1m_H,1,micro_movement
25693098,1,0,1,0,116,0,100,0,18,42,25,7,6,4,1,1,4,0,0,100,100,56,15,7,8,7,11,1,1787516828.8289163,G1,T01,micromovimenti_1m_H,1,micro_movement
25693298,1,1,1,114,116,100,100,0,21,100,100,30,11,2,2,2,4,0,0,100,100,60,15,7,8,7,12,1,1787516829.0362155,G1,T01,micromovimenti_1m_H,1,micro_movement
25693498,1,1,1,122,150,100,100,0,14,100,100,42,19,9,3,9,10,0,0,100,100,61,17,8,10,8,12,1,1787516829.2267709,G1,T01,micromovimenti_1m_H,1,micro_movement
25693698,1,1,1,103,91,100,100,0,27,100,100,55,4,8,4,8,5,0,0,100,100,68,22,9,13,12,12,1,1787516829.433003,G1,T01,micromovimenti_1m_H,1,micro_movement
25693898,1,1,1,87,150,100,100,0,19,100,89,21,18,11,1,10,10,0,0,100,100,70,24,10,15,13,12,1,1787516829.62976,G1,T01,micromovimenti_1m_H,1,micro_movement
25694098,1,1,1,84,87,100,100,0,17,100,100,15,9,9,6,10,9,0,0,100,100,73,28,12,17,16,12,1,1787516829.8326175,G1,T01,micromovimenti_1m_H,1,micro_movement
25694298,1,1,1,85,73,100,100,0,22,100,58,20,12,10,4,7,8,0,0,100,100,74,34,14,21,19,12,1,1787516830.0312846,G1,T01,micromovimenti_1m_H,1,micro_movement
25694498,1,1,1,75,124,53,100,0,29,53,30,10,10,8,1,7,1,0,0,100,100,71,35,17,24,23,12,1,1787516830.2312956,G1,T01,micromovimenti_1m_H,1,micro_movement
25694698,1,1,1,95,89,100,100,0,38,100,97,20,9,4,8,8,3,0,0,100,100,68,36,18,27,26,12,1,1787516830.4329681,G1,T01,micromovimenti_1m_H,1,micro_movement
25694898,1,1,1,115,89,100,100,0,19,100,100,23,10,1,6,4,1,0,0,100,100,65,37,18,29,28,12,1,1787516830.6343274,G1,T01,micromovimenti_1m_H,1,micro_movement
25695098,1,1,1,125,103,100,100,0,28,100,100,35,15,11,7,12,10,0,0,100,100,65,38,18,30,29,12,1,1787516830.835515,G1,T01,micromovimenti_1m_H,1,micro_movement
25695298,1,1,1,108,127,100,100,0,47,100,100,12,14,11,3,14,11,0,0,100,100,65,40,20,33,32,12,1,1787516831.0356212,G1,T01,micromovimenti_1m_H,1,micro_movement
25695498,1,1,1,88,91,100,100,0,18,100,100,29,16,11,4,6,7,0,0,100,100,67,41,21,37,37,12,1,1787516831.2358203,G1,T01,micromovimenti_1m_H,1,micro_movement
25695698,1,1,1,91,93,100,100,0,30,100,79,15,8,5,7,4,6,0,0,100,100,75,45,23,40,41,12,1,1787516831.4355764,G1,T01,micromovimenti_1m_H,1,micro_movement
25695898,1,1,1,93,125,100,100,0,18,100,100,11,15,9,7,3,4,0,0,100,100,78,47,25,43,44,12,1,1787516831.6373498,G1,T01,micromovimenti_1m_H,1,micro_movement
25696098,1,1,1,95,87,78,100,0,18,78,61,16,9,6,4,4,4,0,0,100,100,78,48,27,45,47,12,1,1787516831.8325572,G1,T01,micromovimenti_1m_H,1,micro_movement
25696298,1,1,1,92,110,90,100,0,18,90,64,14,5,5,3,2,3,0,0,100,100,79,50,29,48,49,12,1,1787516832.0233762,G1,T01,micromovimenti_1m_H,1,micro_movement
25696498,1,1,1,100,95,73,100,0,17,73,62,12,5,3,3,2,3,0,0,100,100,79,51,31,50,51,12,1,1787516832.229283,G1,T01,micromovimenti_1m_H,1,micro_movement
25696698,1,0,1,0,102,0,100,0,14,32,35,8,5,6,4,2,2,0,0,100,100,78,51,31,52,52,12,1,1787516832.4356685,G1,T01,micromovimenti_1m_H,1,micro_movement
25696898,1,0,1,0,102,0,100,0,20,31,26,10,9,8,4,2,2,0,0,100,100,76,52,30,54,53,12,1,1787516832.6262774,G1,T01,micromovimenti_1m_H,1,micro_movement
25697098,1,0,1,0,102,0,100,0,20,12,15,10,3,7,6,2,2,0,0,100,100,75,54,30,55,54,12,1,1787516832.8339,G1,T01,micromovimenti_1m_H,1,micro_movement
25697298,1,0,1,0,102,0,100,0,18,12,9,4,1,3,7,3,3,0,0,100,100,71,55,31,56,54,12,1,1787516833.0250115,G1,T01,micromovimenti_1m_H,1,micro_movement
25697498,1,0,1,0,102,0,100,0,17,25,4,9,1,3,6,2,3,0,0,100,100,70,54,31,56,54,12,1,1787516833.231766,G1,T01,micromovimenti_1m_H,1,micro_movement
25697698,1,0,1,0,102,0,100,0,23,45,35,4,4,10,4,2,4,0,0,100,100,65,51,29,53,51,12,1,1787516833.422737,G1,T01,micromovimenti_1m_H,1,micro_movement
25697898,1,1,1,93,114,58,100,0,21,58,46,3,10,7,3,1,6,0,0,100,100,65,50,29,52,50,12,1,1787516833.6291404,G1,T01,micromovimenti_1m_H,1,micro_movement
25698098,1,1,1,150,93,47,100,0,19,47,47,3,9,6,6,1,6,0,0,100,100,65,47,28,51,49,12,1,1787516833.8356857,G1,T01,micromovimenti_1m_H,1,micro_movement
25698298,1,0,1,0,135,0,100,0,18,29,31,11,7,4,9,1,5,0,0,100,100,67,43,26,47,46,12,1,1787516834.0263817,G1,T01,micromovimenti_1m_H,1,micro_movement
25698498,1,0,1,0,135,0,100,1,18,18,27,10,5,4,10,2,6,0,0,100,100,70,42,25,43,43,12,1,1787516834.2329879,G1,T01,micromovimenti_1m_H,1,micro_movement
25698698,1,1,1,73,135,73,100,1,44,73,41,7,8,3,7,1,7,0,0,100,100,72,41,26,40,40,12,1,1787516834.4232595,G1,T01,micromovimenti_1m_H,1,micro_movement
25698898,1,0,1,0,93,0,100,1,18,30,28,12,5,3,3,2,6,0,0,100,100,73,42,26,39,38,12,1,1787516834.630018,G1,T01,micromovimenti_1m_H,1,micro_movement
25699098,1,0,1,0,87,0,100,1,16,10,11,3,11,9,7,3,5,0,0,100,100,74,42,26,38,38,12,1,1787516834.8363047,G1,T01,micromovimenti_1m_H,1,micro_movement
25699298,1,1,1,96,111,100,100,1,36,100,100,22,17,12,4,7,3,0,0,100,100,74,42,26,35,35,12,1,1787516835.0273094,G1,T01,micromovimenti_1m_H,1,micro_movement
25699498,1,1,1,100,96,100,100,1,40,100,100,24,13,13,6,8,1,0,0,100,100,73,44,26,33,31,12,1,1787516835.2339566,G1,T01,micromovimenti_1m_H,1,micro_movement
25699698,1,1,1,99,90,100,100,1,55,100,100,40,6,6,5,4,9,0,0,100,100,68,44,26,31,28,12,1,1787516835.4251914,G1,T01,micromovimenti_1m_H,1,micro_movement
25699898,1,1,1,87,83,100,100,1,35,100,100,6,5,2,4,7,8,0,0,100,100,68,44,24,30,26,12,1,1787516835.63143,G1,T01,micromovimenti_1m_H,1,micro_movement
25700098,1,1,1,96,94,100,100,1,43,100,100,25,7,5,4,3,1,0,0,100,100,68,43,24,30,25,12,1,1787516835.8219397,G1,T01,micromovimenti_1m_H,1,micro_movement
25700298,1,1,1,80,135,100,100,1,62,100,81,20,12,2,6,3,4,0,0,100,100,69,43,23,30,25,12,1,1787516836.0292711,G1,T01,micromovimenti_1m_H,1,micro_movement
25700498,1,1,1,89,92,100,100,1,44,100,100,15,11,10,3,6,2,0,0,100,100,71,42,23,30,24,12,1,1787516836.2361012,G1,T01,micromovimenti_1m_H,1,micro_movement
25700698,1,1,1,98,93,100,100,1,25,100,92,16,7,3,3,6,6,0,0,100,100,73,43,23,29,23,12,1,1787516836.427825,G1,T01,micromovimenti_1m_H,1,micro_movement
25700898,1,1,1,116,128,100,100,1,21,100,100,44,15,10,8,8,7,0,0,100,100,76,44,25,28,22,11,1,1787516836.6330228,G1,T01,micromovimenti_1m_H,1,micro_movement
25701098,1,1,1,107,101,100,100,1,42,100,100,27,10,8,9,6,5,0,0,100,100,78,44,26,27,22,12,1,1787516836.8235252,G1,T01,micromovimenti_1m_H,1,micro_movement
25701298,1,1,1,96,94,100,100,1,35,100,100,11,4,4,3,5,4,0,0,100,100,78,43,27,26,22,11,1,1787516837.029825,G1,T01,micromovimenti_1m_H,1,micro_movement
25701498,1,1,1,95,91,100,100,1,46,100,100,25,6,4,6,3,2,0,0,100,100,78,43,27,26,21,12,1,1787516837.236137,G1,T01,micromovimenti_1m_H,1,micro_movement
25701698,1,1,1,108,103,100,100,1,17,100,100,26,8,2,1,3,3,0,0,100,100,77,44,27,26,21,12,1,1787516837.4265385,G1,T01,micromovimenti_1m_H,1,micro_movement
25701898,1,1,1,99,94,100,100,1,32,100,100,18,3,1,6,2,1,0,0,100,100,75,45,27,25,20,11,1,1787516837.6337562,G1,T01,micromovimenti_1m_H,1,micro_movement
25702098,1,1,1,90,98,100,100,1,71,100,100,16,8,6,8,3,2,0,0,100,100,72,45,27,25,19,12,1,1787516837.8243747,G1,T01,micromovimenti_1m_H,1,micro_movement
25702298,1,1,1,108,109,100,100,1,35,100,100,30,5,11,3,6,1,0,0,100,100,71,44,27,26,19,12,1,1787516838.0307362,G1,T01,micromovimenti_1m_H,1,micro_movement
25702498,1,1,1,90,99,100,100,1,19,100,100,8,6,9,6,7,6,0,0,100,100,68,44,26,27,19,12,1,1787516838.237332,G1,T01,micromovimenti_1m_H,1,micro_movement
25702698,1,1,1,93,82,100,100,1,54,100,100,19,5,8,2,7,11,0,0,100,100,66,44,26,27,19,12,1,1787516838.4285357,G1,T01,micromovimenti_1m_H,1,micro_movement
25702898,1,1,1,124,98,60,100,1,13,52,60,17,11,6,9,10,12,0,0,100,100,64,44,26,30,20,12,1,1787516838.635717,G1,T01,micromovimenti_1m_H,1,micro_movement
25703098,1,1,1,132,98,100,100,1,19,100,100,31,8,8,5,2,4,0,0,100,100,62,46,26,30,20,12,1,1787516838.826926,G1,T01,micromovimenti_1m_H,1,micro_movement
25703298,1,1,1,92,92,60,100,1,25,60,48,19,5,2,2,2,2,0,0,100,100,62,46,26,31,22,12,1,1787516839.0336602,G1,T01,micromovimenti_1m_H,1,micro_movement
25703498,1,1,1,65,91,72,100,0,46,72,28,22,10,2,8,5,2,0,0,100,100,60,42,25,29,22,12,1,1787516839.2312553,G1,T01,micromovimenti_1m_H,1,micro_movement
25703698,1,1,1,97,90,91,100,0,19,91,74,12,2,5,8,6,6,0,0,100,100,55,38,24,29,23,11,1,1787516839.4306092,G1,T01,micromovimenti_1m_H,1,micro_movement
25703898,1,1,1,90,97,100,100,0,19,100,68,17,7,9,5,6,6,0,0,100,100,53,38,23,28,22,11,1,1787516839.6372905,G1,T01,micromovimenti_1m_H,1,micro_movement
25704098,1,1,1,118,104,83,100,0,17,77,83,13,6,10,5,8,5,0,0,100,100,51,40,22,26,20,11,1,1787516839.8284016,G1,T01,micromovimenti_1m_H,1,micro_movement
25704298,1,1,1,64,99,59,100,0,36,59,18,10,7,5,5,7,7,0,0,100,100,51,40,20,25,19,11,1,1787516840.034477,G1,T01,micromovimenti_1m_H,1,micro_movement
25704498,1,1,1,113,64,54,100,0,25,53,54,7,11,6,7,2,5,0,0,100,100,51,41,20,25,18,12,1,1787516840.2322211,G1,T01,micromovimenti_1m_H,1,micro_movement
25704698,1,1,1,94,105,79,100,0,16,79,59,8,8,5,6,4,4,0,0,100,100,53,40,20,23,18,12,1,1787516840.4251297,G1,T01,micromovimenti_1m_H,1,micro_movement
25704898,1,0,1,0,94,0,100,0,22,44,29,6,9,6,7,6,7,0,0,100,100,55,38,19,22,19,12,1,1787516840.632439,G1,T01,micromovimenti_1m_H,1,micro_movement
25705098,1,0,1,0,94,0,100,0,16,11,20,10,2,5,6,6,6,0,0,100,100,58,38,19,22,19,12,1,1787516840.822964,G1,T01,micromovimenti_1m_H,1,micro_movement
25705298,1,0,1,0,94,0,100,0,21,20,23,8,8,2,2,6,6,0,0,100,100,61,37,18,22,18,12,1,1787516841.0288067,G1,T01,micromovimenti_1m_H,1,micro_movement
25705498,1,0,1,0,94,0,100,0,17,40,22,12,6,6,1,6,7,0,0,100,100,62,37,18,21,18,13,1,1787516841.235634,G1,T01,micromovimenti_1m_H,1,micro_movement
25705698,1,0,1,0,86,0,100,0,18,46,33,3,5,8,1,8,5,0,0,100,100,63,37,19,21,18,13,1,1787516841.4261465,G1,T01,micromovimenti_1m_H,1,micro_movement
25705898,1,1,1,89,72,64,100,0,24,64,47,17,4,9,4,7,5,0,0,100,100,63,37,19,21,19,12,1,1787516841.6334648,G1,T01,micromovimenti_1m_H,1,micro_movement
25706098,1,1,1,121,120,43,100,0,15,39,43,10,11,7,6,7,5,0,0,100,100,66,38,18,21,18,12,1,1787516841.8239024,G1,T01,micromovimenti_1m_H,1,micro_movement
25706298,1,0,1,0,121,0,100,0,14,39,37,10,4,10,7,7,6,0,0,100,100,68,40,18,20,18,11,1,1787516842.0306034,G1,T01,micromovimenti_1m_H,1,micro_movement
25706498,1,0,1,0,107,0,100,0,21,19,19,11,9,8,12,10,4,0,0,100,100,69,40,18,21,18,11,1,1787516842.23751,G1,T01,micromovimenti_1m_H,1,micro_movement
25706698,1,1,1,81,77,57,100,0,21,57,32,10,7,6,8,1,5,0,0,100,100,72,43,19,20,17,11,1,1787516842.4284542,G1,T01,micromovimenti_1m_H,1,micro_movement
25706898,1,1,1,101,91,94,100,0,15,94,80,13,5,10,3,2,6,0,0,100,100,73,42,19,18,15,11,1,1787516842.6354322,G1,T01,micromovimenti_1m_H,1,micro_movement
25707098,1,0,1,0,122,0,100,0,18,31,23,7,6,5,2,4,5,0,0,100,100,75,41,18,18,14,11,1,1787516842.8258438,G1,T01,micromovimenti_1m_H,1,micro_movement
25707298,1,1,1,124,87,100,100,0,23,100,100,19,4,6,1,7,4,0,0,100,100,76,42,18,17,14,11,1,1787516843.0331573,G1,T01,micromovimenti_1m_H,1,micro_movement
25707498,1,1,1,102,104,100,100,0,29,100,92,18,3,4,7,8,9,0,0,100,100,78,44,18,17,13,12,1,1787516843.2353566,G1,T01,micromovimenti_1m_H,1,micro_movement
25707698,1,1,1,86,114,100,100,0,56,100,100,12,11,4,4,4,7,0,0,100,100,79,46,18,17,12,12,1,1787516843.431089,G1,T01,micromovimenti_1m_H,1,micro_movement
25707898,1,1,1,114,93,100,100,0,21,100,100,48,9,7,6,8,6,0,0,100,100,79,46,19,18,11,12,1,1787516843.63732,G1,T01,micromovimenti_1m_H,1,micro_movement
25708098,1,1,1,97,103,100,100,0,33,100,100,14,15,9,1,6,5,0,0,100,100,83,45,21,19,11,12,1,1787516843.8278062,G1,T01,micromovimenti_1m_H,1,micro_movement
25708298,1,1,1,122,118,100,100,0,24,100,100,58,13,4,1,5,4,0,0,100,100,83,44,22,19,13,12,1,1787516844.0346162,G1,T01,micromovimenti_1m_H,1,micro_movement
25708498,1,1,1,96,110,100,100,0,17,100,100,20,10,8,2,6,4,0,0,100,100,81,44,22,19,14,12,1,1787516844.2373545,G1,T01,micromovimenti_1m_H,1,micro_movement
25708698,1,1,1,101,96,100,100,0,24,100,100,34,21,4,2,5,3,0,0,100,100,83,45,23,20,15,12,1,1787516844.4319623,G1,T01,micromovimenti_1m_H,1,micro_movement
25708898,1,1,1,102,99,100,100,0,22,100,91,11,9,1,5,4,3,0,0,100,100,86,46,22,22,15,12,1,1787516844.6224403,G1,T01,micromovimenti_1m_H,1,micro_movement
25709098,1,1,1,95,98,100,100,0,24,100,100,18,12,9,7,5,2,0,0,100,100,84,47,22,23,15,12,1,1787516844.830374,G1,T01,micromovimenti_1m_H,1,micro_movement
25709298,1,1,1,98,95,58,100,0,18,58,49,9,5,8,7,2,1,0,0,100,100,83,48,22,24,15,12,1,1787516845.0352879,G1,T01,micromovimenti_1m_H,1,micro_movement
25709498,1,1,1,124,110,83,100,0,15,72,83,22,6,2,7,1,3,0,0,100,100,83,48,22,25,15,12,1,1787516845.2375112,G1,T01,micromovimenti_1m_H,1,micro_movement
25709698,1,1,1,91,90,94,100,0,42,94,74,15,8,8,6,3,3,0,0,100,100,84,49,23,25,14,12,1,1787516845.4319007,G1,T01,micromovimenti_1m_H,1,micro_movement
25709898,1,0,1,0,115,0,100,0,17,21,15,6,5,2,2,3,5,0,0,100,100,84,48,23,25,15,12,1,1787516845.6228058,G1,T01,micromovimenti_1m_H,1,micro_movement
25710098,1,1,1,97,85,69,100,0,19,69,57,12,13,10,5,2,3,0,0,100,100,82,47,24,25,15,12,1,1787516845.8297586,G1,T01,micromovimenti_1m_H,1,micro_movement
25710298,1,1,1,80,94,56,100,0,18,56,28,4,6,3,3,1,3,0,0,100,100,81,46,25,25,15,12,1,1787516846.0365696,G1,T01,micromovimenti_1m_H,1,micro_movement
25710498,1,1,1,75,100,61,100,0,34,61,34,11,6,6,2,1,5,0,0,100,100,80,44,25,24,16,12,1,1787516846.2369483,G1,T01,micromovimenti_1m_H,1,micro_movement
25710698,1,1,1,124,113,89,100,0,15,76,89,15,1,6,5,2,3,0,0,100,100,76,40,24,24,16,12,1,1787516846.4352474,G1,T01,micromovimenti_1m_H,1,micro_movement
25710898,1,1,1,92,100,100,100,0,21,100,84,8,9,9,7,1,5,0,0,100,100,76,40,23,23,16,12,1,1787516846.6258962,G1,T01,micromovimenti_1m_H,1,micro_movement
25711098,1,1,1,94,90,100,100,0,19,100,99,5,2,7,8,3,5,0,0,100,100,75,39,23,23,16,12,1,1787516846.8328297,G1,T01,micromovimenti_1m_H,1,micro_movement
25711298,1,1,1,96,94,100,100,0,13,100,90,12,4,1,3,1,3,0,0,100,100,73,38,23,23,15,12,1,1787516847.0238068,G1,T01,micromovimenti_1m_H,1,micro_movement
25711498,1,1,1,150,136,43,100,0,17,45,43,1,6,6,5,1,3,0,0,100,100,71,37,23,23,15,12,1,1787516847.236402,G1,T01,micromovimenti_1m_H,1,micro_movement
25711698,1,1,1,94,100,54,100,0,26,54,46,10,3,5,5,1,4,0,0,100,100,69,35,23,23,15,12,1,1787516847.4362888,G1,T01,micromovimenti_1m_H,1,micro_movement
25711898,1,1,1,99,94,94,100,0,21,94,78,16,6,7,4,1,6,0,0,100,100,68,34,22,21,15,12,1,1787516847.6277049,G1,T01,micromovimenti_1m_H,1,micro_movement
25712098,1,1,1,100,94,100,100,0,27,100,100,15,1,7,5,3,5,0,0,100,100,64,34,20,20,14,12,1,1787516847.8336623,G1,T01,micromovimenti_1m_H,1,micro_movement
25712298,1,1,1,86,96,100,100,0,32,100,70,10,3,6,5,2,4,0,0,100,100,62,34,19,18,13,12,1,1787516848.0246701,G1,T01,micromovimenti_1m_H,1,micro_movement
25712498,1,1,1,103,103,100,100,0,17,100,100,13,2,2,4,2,5,0,0,100,100,61,34,19,17,11,11,1,1787516848.237612,G1,T01,micromovimenti_1m_H,1,micro_movement
25712698,1,1,1,79,77,66,100,0,14,66,26,19,14,4,7,1,5,0,0,100,100,57,33,18,15,11,12,1,1787516848.4371428,G1,T01,micromovimenti_1m_H,1,micro_movement
25712898,1,1,1,121,102,100,100,0,19,100,100,45,9,1,7,2,9,0,0,100,100,52,31,20,14,12,12,1,1787516848.6289933,G1,T01,micromovimenti_1m_H,1,micro_movement
25713098,1,0,1,0,107,0,100,0,21,19,35,15,5,7,8,4,7,0,0,100,100,51,30,20,13,14,12,1,1787516848.8355312,G1,T01,micromovimenti_1m_H,1,micro_movement
25713298,1,0,1,0,103,0,100,0,14,49,32,4,9,5,1,3,10,0,0,100,100,50,29,21,12,16,12,1,1787516849.0278234,G1,T01,micromovimenti_1m_H,1,micro_movement
25713498,1,1,1,96,136,74,100,0,19,74,60,17,5,7,7,3,8,0,0,100,100,49,29,21,12,18,12,1,1787516849.2328923,G1,T01,micromovimenti_1m_H,1,micro_movement
25713698,1,1,1,116,113,93,100,0,22,89,93,16,1,9,1,3,2,0,0,100,100,49,29,20,12,19,12,1,1787516849.4228415,G1,T01,micromovimenti_1m_H,1,micro_movement
25713898,1,1,1,130,111,87,100,0,17,66,87,18,10,2,2,8,8,0,0,100,100,49,29,20,12,20,12,1,1787516849.6295624,G1,T01,micromovimenti_1m_H,1,micro_movement
25714098,1,1,1,107,107,100,100,0,28,100,100,35,6,7,3,8,7,0,0,100,100,48,30,21,13,21,12,1,1787516849.8368855,G1,T01,micromovimenti_1m_H,1,micro_movement
25714298,1,1,1,96,108,100,100,0,40,100,100,21,11,2,1,7,6,0,0,100,100,50,29,21,14,22,12,1,1787516850.036827,G1,T01,micromovimenti_1m_H,1,micro_movement
25714498,1,1,1,118,87,98,100,0,18,92,98,17,3,8,8,8,9,0,0,100,100,53,30,21,15,22,12,1,1787516850.233472,G1,T01,micromovimenti_1m_H,1,micro_movement
25714698,1,1,1,105,113,96,100,0,22,96,88,14,9,10,4,4,7,0,0,100,100,58,32,22,16,23,12,1,1787516850.423861,G1,T01,micromovimenti_1m_H,1,micro_movement
25714898,1,1,1,111,121,100,100,0,17,100,100,23,10,9,3,1,9,0,0,100,100,59,33,23,18,24,12,1,1787516850.630336,G1,T01,micromovimenti_1m_H,1,micro_movement
25715098,1,1,1,106,100,100,100,0,19,100,100,31,5,3,4,1,4,0,0,100,100,59,31,23,18,25,12,1,1787516850.8374116,G1,T01,micromovimenti_1m_H,1,micro_movement
25715298,1,1,1,125,119,100,100,0,15,89,100,10,7,9,1,4,7,0,0,100,100,58,32,23,19,25,12,1,1787516851.0270865,G1,T01,micromovimenti_1m_H,1,micro_movement
25715498,1,1,1,116,125,100,100,0,14,100,100,34,10,5,1,7,4,0,0,100,100,58,33,23,21,25,12,1,1787516851.2334855,G1,T01,micromovimenti_1m_H,1,micro_movement
25715698,1,1,1,102,128,100,100,0,19,100,100,10,5,9,5,8,9,0,0,100,100,60,34,23,21,26,11,1,1787516851.425458,G1,T01,micromovimenti_1m_H,1,micro_movement
25715898,1,1,1,130,102,100,100,0,21,86,100,39,11,9,6,8,2,0,0,100,100,61,34,23,22,27,12,1,1787516851.6260507,G1,T01,micromovimenti_1m_H,1,micro_movement
25716098,1,1,1,100,128,100,100,0,23,100,100,10,6,1,6,2,8,0,0,100,100,63,35,24,22,28,12,1,1787516851.8335772,G1,T01,micromovimenti_1m_H,1,micro_movement
25716298,1,1,1,96,97,100,100,0,26,100,96,19,16,10,10,11,9,0,0,100,100,68,36,25,23,29,12,1,1787516852.024055,G1,T01,micromovimenti_1m_H,1,micro_movement
25716498,1,1,1,97,91,100,100,0,23,100,100,25,13,2,11,5,6,0,0,100,100,72,37,26,25,30,12,1,1787516852.2308762,G1,T01,micromovimenti_1m_H,1,micro_movement
25716698,1,1,1,87,93,100,100,0,44,100,100,16,7,3,10,6,2,0,0,100,100,75,39,27,28,31,12,1,1787516852.437829,G1,T01,micromovimenti_1m_H,1,micro_movement
25716898,1,1,1,130,71,93,100,1,42,72,93,27,11,2,6,11,2,0,0,100,100,80,39,27,29,30,12,1,1787516852.6283982,G1,T01,micromovimenti_1m_H,1,micro_movement
25717098,1,1,1,111,100,84,100,1,29,84,84,11,4,2,10,8,5,0,0,100,100,81,40,26,31,31,12,1,1787516852.8351526,G1,T01,micromovimenti_1m_H,1,micro_movement
