timestamp_ms,radar_presence,moving_target,stationary_target,moving_distance_cm,stationary_distance_cm,moving_energy,stationary_energy,pir_presence,menergy_gate0,menergy_gate1,menergy_gate2,menergy_gate3,menergy_gate4,menergy_gate5,menergy_gate6,menergy_gate7,menergy_gate8,senergy_gate0,senergy_gate1,senergy_gate2,senergy_gate3,senergy_gate4,senergy_gate5,senergy_gate6,senergy_gate7,senergy_gate8,light_level,out_level,pc_time_s,group_id,trial_id,scenario,ground_truth_presence,ground_truth_state
27508899,1,1,1,63,75,100,100,1,100,100,100,30,3,8,12,8,8,0,0,100,100,100,72,65,59,47,0,1,1788124543.9477217,G1,T03,respiro_2m_10,1,static
27509099,1,1,1,70,53,100,100,1,100,100,96,11,15,3,2,6,7,0,0,100,100,100,72,62,55,46,0,1,1788124543.9480703,G1,T03,respiro_2m_10,1,static
27509299,1,1,1,75,72,67,100,1,26,67,27,16,9,1,4,5,4,0,0,100,100,100,73,61,52,47,0,1,1788124543.9491289,G1,T03,respiro_2m_10,1,static
27509499,1,1,1,43,50,100,100,1,100,100,36,14,5,7,3,2,1,0,0,100,100,100,72,60,51,47,0,1,1788124543.9491289,G1,T03,respiro_2m_10,1,static
27509699,1,1,1,67,57,100,100,1,54,100,25,6,10,7,5,3,5,0,0,100,100,100,72,58,50,46,0,1,1788124543.950132,G1,T03,respiro_2m_10,1,static
27509899,1,1,1,56,58,100,100,1,100,100,43,12,10,6,3,2,8,0,0,100,100,100,68,54,47,44,0,1,1788124543.950132,G1,T03,respiro_2m_10,1,static
27510099,1,1,1,66,48,100,100,1,100,100,100,13,4,14,10,5,13,0,0,100,100,100,67,52,44,44,0,1,1788124543.951142,G1,T03,respiro_2m_10,1,static
27510299,1,1,1,62,75,100,100,1,100,100,98,3,10,6,9,6,9,0,0,100,100,96,68,53,43,45,0,1,1788124543.951142,G1,T03,respiro_2m_10,1,static
27510499,1,1,1,68,52,100,100,1,100,100,100,19,10,8,3,2,3,0,0,100,100,89,66,54,43,46,0,1,1788124543.951142,G1,T03,respiro_2m_10,1,static
27510699,1,1,1,49,75,100,100,1,100,100,100,22,9,7,12,8,11,0,0,100,100,81,62,51,42,44,0,1,1788124543.9527209,G1,T03,respiro_2m_10,1,static
27510899,1,1,1,76,56,100,100,1,36,100,100,13,9,9,10,8,9,0,0,100,100,83,62,50,42,46,0,1,1788124543.994823,G1,T03,respiro_2m_10,1,static
27511099,1,1,1,53,56,100,100,1,100,100,100,8,26,6,9,10,8,0,0,100,100,87,61,53,43,47,0,1,1788124544.19519,G1,T03,respiro_2m_10,1,static
27511299,1,1,1,73,71,100,100,1,100,100,100,10,8,8,8,8,7,0,0,100,100,93,60,54,46,48,0,1,1788124544.3948834,G1,T03,respiro_2m_10,1,static
27511499,1,1,1,59,58,100,100,1,100,100,100,32,17,5,5,2,9,0,0,100,100,95,58,52,47,48,0,1,1788124544.5950718,G1,T03,respiro_2m_10,1,static
27511699,1,1,1,52,51,100,100,1,100,100,100,21,13,7,10,9,10,0,0,100,100,99,57,52,49,49,0,1,1788124544.795109,G1,T03,respiro_2m_10,1,static
27511899,1,1,1,49,60,100,100,1,100,100,100,16,5,10,5,8,9,0,0,100,100,100,53,51,47,47,0,1,1788124544.9947884,G1,T03,respiro_2m_10,1,static
27512099,1,1,1,73,50,100,100,1,100,100,100,50,24,12,11,11,5,0,0,100,100,94,51,47,43,43,0,1,1788124545.1955369,G1,T03,respiro_2m_10,1,static
27512299,1,1,1,45,66,100,100,1,100,100,100,26,14,7,10,9,11,0,0,100,100,91,49,46,42,42,0,1,1788124545.3951652,G1,T03,respiro_2m_10,1,static
27512499,1,1,1,65,56,100,100,1,100,100,22,9,13,8,8,8,8,0,0,100,100,90,47,42,40,38,0,1,1788124545.59453,G1,T03,respiro_2m_10,1,static
27512699,1,1,1,53,75,100,100,1,100,100,100,50,20,12,6,13,10,0,0,100,100,92,47,42,40,38,0,1,1788124545.7952251,G1,T03,respiro_2m_10,1,static
27512899,1,1,1,67,39,100,100,1,100,100,100,50,16,2,11,10,4,0,0,100,100,96,47,44,41,38,0,1,1788124545.9954875,G1,T03,respiro_2m_10,1,static
27513099,1,1,1,57,74,100,100,1,100,100,100,19,8,2,13,9,7,0,0,100,100,97,46,47,43,39,0,1,1788124546.1950314,G1,T03,respiro_2m_10,1,static
27513299,1,1,1,30,30,100,100,1,100,100,9,13,4,7,7,10,10,0,0,100,100,97,44,50,45,41,0,1,1788124546.3949654,G1,T03,respiro_2m_10,1,static
27513499,1,1,1,30,96,100,100,1,100,100,29,7,9,4,2,7,6,0,0,100,100,100,43,53,47,41,0,1,1788124546.594914,G1,T03,respiro_2m_10,1,static
27513699,1,1,1,58,30,100,100,1,100,100,100,35,14,3,12,5,3,0,0,100,100,100,42,56,49,42,0,1,1788124546.7948463,G1,T03,respiro_2m_10,1,static
27513899,1,1,1,43,68,100,100,1,100,100,82,36,18,4,7,9,6,0,0,100,100,100,43,58,51,42,0,1,1788124546.9948978,G1,T03,respiro_2m_10,1,static
27514099,1,1,1,75,67,100,100,1,91,100,100,43,16,6,8,5,8,0,0,100,100,100,41,58,51,42,0,1,1788124547.1951623,G1,T03,respiro_2m_10,1,static
27514299,1,1,1,65,65,100,100,1,100,100,100,44,15,5,12,11,9,0,0,100,100,100,40,56,52,42,0,1,1788124547.3954117,G1,T03,respiro_2m_10,1,static
27514499,1,1,1,42,72,100,100,1,100,100,100,25,14,11,14,7,10,0,0,100,100,100,45,58,55,43,0,1,1788124547.595149,G1,T03,respiro_2m_10,1,static
27514699,1,1,1,73,55,100,100,1,100,100,100,7,13,19,11,5,6,0,0,100,100,100,47,57,55,42,0,1,1788124547.794965,G1,T03,respiro_2m_10,1,static
27514899,1,1,1,69,65,100,100,1,100,100,100,33,15,3,4,8,5,0,0,100,100,100,45,55,54,40,0,1,1788124547.995324,G1,T03,respiro_2m_10,1,static
27515099,1,1,1,70,70,100,100,1,100,100,100,42,19,13,11,11,8,0,0,100,100,100,45,54,54,38,0,1,1788124548.1954992,G1,T03,respiro_2m_10,1,static
27515299,1,1,1,74,72,100,100,1,100,100,100,44,20,14,5,17,13,0,0,100,100,100,45,56,54,40,0,1,1788124548.395864,G1,T03,respiro_2m_10,1,static
27515499,1,1,1,78,75,100,100,1,100,100,100,26,15,11,17,27,22,0,0,100,100,100,51,64,57,43,0,1,1788124548.5952818,G1,T03,respiro_2m_10,1,static
27515699,1,1,1,79,81,100,100,1,100,100,100,25,13,25,20,14,11,0,0,100,100,100,60,74,65,49,0,1,1788124548.795388,G1,T03,respiro_2m_10,1,static
27515899,1,1,1,93,83,100,100,1,83,100,100,66,39,14,6,13,10,0,0,100,100,100,63,83,76,57,0,1,1788124548.99532,G1,T03,respiro_2m_10,1,static
27516099,1,1,1,76,79,100,100,1,100,100,100,69,16,14,16,13,3,0,0,100,100,100,68,95,91,66,0,1,1788124549.1955378,G1,T03,respiro_2m_10,1,static
27516299,1,1,1,78,87,100,100,1,85,100,100,56,26,5,11,11,6,0,0,100,100,100,74,100,100,74,0,1,1788124549.3955164,G1,T03,respiro_2m_10,1,static
27516499,1,1,1,86,75,100,100,1,100,100,100,66,16,12,4,4,3,0,0,100,100,100,82,100,100,81,0,1,1788124549.5955522,G1,T03,respiro_2m_10,1,static
27516699,1,1,1,96,81,100,100,1,37,100,100,44,18,5,8,5,7,0,0,100,100,100,86,100,100,86,0,1,1788124549.795303,G1,T03,respiro_2m_10,1,static
27516899,1,1,1,86,82,100,100,1,75,100,100,37,26,9,8,8,6,0,0,100,100,100,86,100,100,90,0,1,1788124549.9951785,G1,T03,respiro_2m_10,1,static
27517099,1,1,1,90,95,100,100,1,78,100,100,71,46,8,12,16,10,0,0,100,100,100,92,100,100,91,0,1,1788124550.1950758,G1,T03,respiro_2m_10,1,static
27517299,1,1,1,104,97,100,100,1,23,100,100,41,29,5,18,41,32,0,0,100,100,100,97,100,100,98,0,1,1788124550.3959389,G1,T03,respiro_2m_10,1,static
27517499,1,1,1,113,107,100,100,1,13,100,100,36,15,12,7,19,14,0,0,100,100,100,100,100,100,100,0,1,1788124550.5959413,G1,T03,respiro_2m_10,1,static
27517699,1,1,1,115,110,100,100,1,94,100,100,100,32,13,7,6,9,0,0,100,100,100,100,100,100,100,0,1,1788124550.795144,G1,T03,respiro_2m_10,1,static
27517899,1,1,1,111,108,100,100,1,70,100,100,68,15,17,5,3,3,0,0,100,100,100,100,100,100,100,0,1,1788124550.9940894,G1,T03,respiro_2m_10,1,static
27518099,1,1,1,122,127,100,100,1,37,100,100,100,45,24,11,2,7,0,0,100,100,100,100,100,100,100,0,1,1788124551.195652,G1,T03,respiro_2m_10,1,static
27518299,1,1,1,134,134,100,100,1,15,100,100,51,14,10,17,16,6,0,0,100,100,100,100,100,100,100,0,1,1788124551.396272,G1,T03,respiro_2m_10,1,static
27518499,1,1,1,141,138,100,100,1,18,100,100,88,18,8,10,13,14,0,0,100,100,100,100,100,100,100,0,1,1788124551.5953758,G1,T03,respiro_2m_10,1,static
27518699,1,1,1,148,143,100,100,1,14,87,100,80,10,13,11,8,9,0,0,100,100,100,100,100,100,100,0,1,1788124551.7944746,G1,T03,respiro_2m_10,1,static
27518899,1,1,1,157,155,100,100,1,27,75,100,100,29,6,3,5,10,0,0,100,100,100,100,100,100,100,0,1,1788124551.994549,G1,T03,respiro_2m_10,1,static
27519099,1,1,1,142,150,77,100,1,16,39,77,20,25,15,4,14,10,0,0,100,100,100,100,100,100,100,0,1,1788124552.1958044,G1,T03,respiro_2m_10,1,static
27519299,1,1,1,146,160,43,100,1,15,31,43,28,17,5,9,14,8,0,0,100,100,100,100,100,100,100,0,1,1788124552.395634,G1,T03,respiro_2m_10,1,static
27519499,1,1,1,147,176,100,100,1,19,48,100,39,32,13,10,1,3,0,0,100,100,100,100,100,100,100,0,1,1788124552.5939815,G1,T03,respiro_2m_10,1,static
27519699,1,1,1,174,157,70,100,1,18,31,70,62,19,13,14,8,7,0,0,100,100,100,100,100,100,100,0,1,1788124552.7953444,G1,T03,respiro_2m_10,1,static
27519899,1,1,1,158,154,100,100,1,18,100,100,100,24,5,6,2,13,0,0,100,100,100,100,100,100,100,0,1,1788124552.9951224,G1,T03,respiro_2m_10,1,static
27520099,1,1,1,155,155,100,100,1,15,94,100,100,10,14,11,11,8,0,0,100,100,100,100,100,100,100,0,1,1788124553.1960714,G1,T03,respiro_2m_10,1,static
27520299,1,1,1,148,150,100,100,1,19,100,100,100,15,15,7,7,5,0,0,100,100,100,100,100,100,94,0,1,1788124553.3938382,G1,T03,respiro_2m_10,1,static
27520499,1,1,1,129,137,100,100,1,22,100,100,40,13,11,6,3,4,0,0,100,100,100,100,100,100,91,0,1,1788124553.5950902,G1,T03,respiro_2m_10,1,static
27520699,1,1,1,119,116,100,100,1,26,100,100,52,30,15,3,8,10,0,0,100,100,100,100,100,100,88,0,1,1788124553.7945676,G1,T03,respiro_2m_10,1,static
27520899,1,1,1,125,126,100,100,1,25,100,100,95,13,10,11,9,9,0,0,100,100,100,100,100,100,86,0,1,1788124553.9946032,G1,T03,respiro_2m_10,1,static
27521099,1,1,1,106,96,100,100,1,73,100,100,78,13,11,13,8,6,0,0,100,100,100,100,100,100,89,0,1,1788124554.1959295,G1,T03,respiro_2m_10,1,static
27521299,1,1,1,95,116,100,100,1,44,100,100,50,13,14,15,9,11,0,0,100,100,100,100,100,100,86,0,1,1788124554.3940198,G1,T03,respiro_2m_10,1,static
27521499,1,1,1,89,93,100,100,1,100,100,100,33,28,4,6,22,14,0,0,100,100,100,100,100,100,81,0,1,1788124554.5958977,G1,T03,respiro_2m_10,1,static
27521699,1,1,1,82,85,100,100,1,66,100,100,49,13,2,7,10,8,0,0,100,100,100,100,100,100,83,0,1,1788124554.7957933,G1,T03,respiro_2m_10,1,static
27521899,1,1,1,82,89,100,100,1,91,100,100,67,21,7,9,12,7,0,0,100,100,100,100,100,100,87,0,1,1788124554.9957743,G1,T03,respiro_2m_10,1,static
27522099,1,1,1,95,84,100,100,1,55,100,100,88,24,9,4,6,6,0,0,100,100,100,100,98,100,89,0,1,1788124555.1956556,G1,T03,respiro_2m_10,1,static
27522299,1,1,1,76,80,100,100,1,100,100,100,22,10,15,19,27,19,0,0,100,100,100,100,96,100,91,0,1,1788124555.3944552,G1,T03,respiro_2m_10,1,static
27522499,1,1,1,76,74,100,100,1,100,100,100,33,43,18,3,8,7,0,0,100,100,100,100,96,100,95,0,1,1788124555.5959759,G1,T03,respiro_2m_10,1,static
27522699,1,1,1,69,67,100,100,1,100,100,100,34,8,10,8,6,2,0,0,100,100,100,100,95,100,97,0,1,1788124555.795587,G1,T03,respiro_2m_10,1,static
27522899,1,1,1,68,71,100,100,1,100,100,54,38,16,14,7,13,14,0,0,100,100,100,100,97,100,100,0,1,1788124555.9960186,G1,T03,respiro_2m_10,1,static
27523099,1,1,1,69,70,100,100,1,100,100,82,22,29,7,12,8,9,0,0,100,100,100,100,100,100,100,0,1,1788124556.1952782,G1,T03,respiro_2m_10,1,static
27523299,1,1,1,54,52,100,100,1,100,100,100,36,16,5,18,1,11,0,0,100,100,100,98,100,100,100,0,1,1788124556.3955796,G1,T03,respiro_2m_10,1,static
27523499,1,1,1,71,73,100,100,1,100,100,100,37,20,16,9,12,12,0,0,100,100,100,97,100,100,100,0,1,1788124556.5946803,G1,T03,respiro_2m_10,1,static
27523699,1,1,1,76,75,100,100,1,100,100,100,35,20,12,8,8,5,0,0,100,100,100,97,100,100,100,0,1,1788124556.7958958,G1,T03,respiro_2m_10,1,static
27523899,1,1,1,80,76,100,100,1,100,100,100,66,27,10,7,9,6,0,0,100,100,100,96,100,100,100,0,1,1788124556.995226,G1,T03,respiro_2m_10,1,static
27524099,1,1,1,93,81,100,100,1,100,100,100,72,31,10,7,14,13,0,0,100,100,100,93,100,100,100,0,1,1788124557.1940203,G1,T03,respiro_2m_10,1,static
27524299,1,1,1,94,79,100,100,1,64,100,100,53,6,11,7,4,4,0,0,100,100,100,90,100,100,100,0,1,1788124557.3958347,G1,T03,respiro_2m_10,1,static
27524499,1,1,1,103,90,100,100,1,61,100,100,96,17,11,11,11,3,0,0,100,100,100,85,100,100,100,0,1,1788124557.594344,G1,T03,respiro_2m_10,1,static
27524699,1,1,1,135,123,100,100,1,13,100,100,96,22,10,8,3,10,0,0,100,100,100,88,100,100,100,0,1,1788124557.7949219,G1,T03,respiro_2m_10,1,static
27524899,1,1,1,145,127,100,100,1,21,100,100,100,29,16,12,17,10,0,0,100,100,100,93,100,100,100,0,1,1788124557.996236,G1,T03,respiro_2m_10,1,static
27525099,1,1,1,139,166,100,100,1,20,100,100,100,37,17,10,27,16,0,0,100,100,100,98,100,100,100,0,1,1788124558.1957383,G1,T03,respiro_2m_10,1,static
27525299,1,1,1,141,143,70,100,1,17,44,70,27,20,11,6,12,10,0,0,100,100,100,98,100,100,100,0,1,1788124558.3959682,G1,T03,respiro_2m_10,1,static
27525499,1,1,1,131,147,70,100,1,20,49,70,10,15,5,6,5,4,0,0,100,100,100,100,100,100,100,0,1,1788124558.5956845,G1,T03,respiro_2m_10,1,static
27525699,1,1,1,154,150,100,100,1,19,42,100,59,23,10,10,1,11,0,0,100,100,100,100,100,100,100,0,1,1788124558.7956693,G1,T03,respiro_2m_10,1,static
27525899,1,1,1,168,162,84,100,1,14,38,84,69,14,3,15,25,20,0,0,100,100,100,100,100,100,100,0,1,1788124558.9962409,G1,T03,respiro_2m_10,1,static
27526099,1,1,1,158,166,73,100,1,21,39,73,51,17,17,14,14,10,0,0,100,100,100,100,100,100,100,0,1,1788124559.1948538,G1,T03,respiro_2m_10,1,static
27526299,1,1,1,158,165,100,100,1,16,53,100,79,43,5,9,9,9,0,0,100,100,100,100,100,100,100,0,1,1788124559.3960953,G1,T03,respiro_2m_10,1,static
27526499,1,1,1,160,166,100,100,1,18,36,100,67,20,15,6,8,8,0,0,100,100,100,100,100,100,100,0,1,1788124559.596146,G1,T03,respiro_2m_10,1,static
27526699,1,1,1,154,165,100,100,1,17,100,100,100,15,17,2,8,4,0,0,100,100,100,100,100,100,100,0,1,1788124559.7956996,G1,T03,respiro_2m_10,1,static
27526899,1,1,1,175,159,69,100,1,17,34,69,62,25,14,8,9,10,0,0,100,100,100,100,100,100,100,0,1,1788124559.9955957,G1,T03,respiro_2m_10,1,static
27527099,1,1,1,152,159,80,100,1,14,57,80,60,18,16,7,8,9,0,0,100,100,100,100,100,100,99,0,1,1788124560.1958623,G1,T03,respiro_2m_10,1,static
27527299,1,1,1,150,138,49,100,1,14,33,49,33,26,14,9,11,20,0,0,100,100,100,100,100,100,99,0,1,1788124560.3958561,G1,T03,respiro_2m_10,1,static
27527499,1,1,1,156,150,81,100,1,17,38,81,51,11,9,12,5,9,0,0,100,100,100,100,100,100,97,0,1,1788124560.595789,G1,T03,respiro_2m_10,1,static
27527699,1,1,1,193,179,42,100,1,17,19,40,42,15,7,9,13,11,0,0,100,100,100,100,100,100,96,0,1,1788124560.7955914,G1,T03,respiro_2m_10,1,static
27527899,1,0,1,0,149,0,100,1,13,13,35,21,9,9,8,6,12,0,0,100,100,100,100,100,100,95,0,1,1788124560.9954975,G1,T03,respiro_2m_10,1,static
27528099,1,1,1,137,149,63,100,1,20,44,63,23,11,6,5,4,5,0,0,100,100,100,100,100,100,93,0,1,1788124561.1959949,G1,T03,respiro_2m_10,1,static
27528299,1,1,1,160,160,48,100,1,20,24,48,35,11,9,7,9,10,0,0,100,100,100,100,100,100,93,0,1,1788124561.3953083,G1,T03,respiro_2m_10,1,static
27528499,1,1,1,199,173,81,100,1,15,12,70,81,19,17,11,7,6,0,0,100,100,100,100,100,100,93,0,1,1788124561.595903,G1,T03,respiro_2m_10,1,static
27528699,1,1,1,205,308,79,100,1,23,19,61,79,20,11,4,6,5,0,0,100,100,100,100,100,100,93,0,1,1788124561.7958274,G1,T03,respiro_2m_10,1,static
27528899,1,1,1,214,167,79,100,1,19,15,52,79,30,11,6,8,7,0,0,100,100,100,100,100,100,92,0,1,1788124561.9957435,G1,T03,respiro_2m_10,1,static
27529099,1,1,1,198,202,45,100,1,17,13,38,45,8,9,3,4,4,0,0,100,100,100,100,100,100,85,0,1,1788124562.195053,G1,T03,respiro_2m_10,1,static
27529299,1,1,1,300,226,25,100,1,13,9,30,29,25,10,3,3,7,0,0,100,100,100,100,90,97,76,0,1,1788124562.3950696,G1,T03,respiro_2m_10,1,static
27529499,1,1,1,214,206,100,100,1,15,18,83,100,43,4,3,7,4,0,0,100,100,100,100,77,77,62,0,1,1788124562.595859,G1,T03,respiro_2m_10,1,static
27529699,1,1,1,215,220,61,100,0,18,12,39,61,24,9,8,10,1,0,0,100,100,100,100,66,62,53,0,1,1788124562.7959034,G1,T03,respiro_2m_10,1,static
27529899,1,1,1,202,216,100,100,0,14,11,100,100,32,18,10,1,7,0,0,100,100,100,96,60,55,49,0,1,1788124562.9958448,G1,T03,respiro_2m_10,1,static
27530099,1,1,1,216,191,79,100,0,19,14,48,79,29,11,6,5,2,0,0,100,100,100,97,60,50,45,0,1,1788124563.1951673,G1,T03,respiro_2m_10,1,static
27530299,1,0,1,0,193,0,100,0,14,13,18,27,15,9,3,6,1,0,0,100,100,100,98,58,49,43,0,1,1788124563.3952632,G1,T03,respiro_2m_10,1,static
27530499,1,1,1,205,202,89,100,0,16,18,70,89,27,5,8,1,4,0,0,100,100,100,97,58,50,43,0,1,1788124563.5955365,G1,T03,respiro_2m_10,1,static
27530699,1,1,1,209,192,43,100,0,18,15,35,43,23,13,2,3,5,0,0,100,100,100,95,58,46,42,0,1,1788124563.7952597,G1,T03,respiro_2m_10,1,static
27530899,1,1,1,200,193,62,100,0,18,23,54,62,20,10,2,4,6,0,0,100,100,100,93,53,45,44,0,1,1788124563.9951189,G1,T03,respiro_2m_10,1,static
27531099,1,1,1,166,202,100,100,0,22,46,100,99,22,17,8,5,8,0,0,100,100,100,93,49,41,42,0,1,1788124564.1960304,G1,T03,respiro_2m_10,1,static
27531299,1,1,1,178,205,60,100,0,18,22,60,55,5,12,11,10,8,0,0,100,100,100,96,46,37,37,0,1,1788124564.3958044,G1,T03,respiro_2m_10,1,static
27531499,1,1,1,148,203,82,100,0,19,32,82,28,22,6,6,3,6,0,0,100,100,100,97,43,35,34,0,1,1788124564.5954041,G1,T03,respiro_2m_10,1,static
27531699,1,1,1,168,203,100,100,0,16,42,100,85,15,7,8,8,6,0,0,100,100,100,95,40,34,30,0,1,1788124564.795588,G1,T03,respiro_2m_10,1,static
27531899,1,1,1,214,205,51,100,0,16,24,29,51,10,18,7,10,6,0,0,100,100,100,92,39,35,29,0,1,1788124564.995922,G1,T03,respiro_2m_10,1,static
27532099,1,1,1,209,204,100,100,0,14,24,100,100,64,13,9,10,7,0,0,100,100,100,87,39,37,29,0,1,1788124565.1961691,G1,T03,respiro_2m_10,1,static
27532299,1,1,1,170,205,41,100,0,19,19,41,35,14,11,2,4,5,0,0,100,100,100,90,39,37,29,0,1,1788124565.395758,G1,T03,respiro_2m_10,1,static
27532499,1,1,1,212,206,100,100,0,16,20,100,100,45,13,4,7,5,0,0,100,100,100,91,40,37,28,0,1,1788124565.596035,G1,T03,respiro_2m_10,1,static
27532699,1,1,1,212,208,100,100,0,14,9,74,100,32,12,4,8,9,0,0,100,100,100,88,40,35,27,0,1,1788124565.795764,G1,T03,respiro_2m_10,1,static
27532899,1,1,1,228,207,36,100,0,17,13,18,36,22,6,4,5,2,0,0,100,100,100,86,40,36,27,0,1,1788124565.9950907,G1,T03,respiro_2m_10,1,static
27533099,1,1,1,216,208,96,100,0,20,15,68,96,49,17,4,9,2,0,0,100,100,100,91,42,38,26,0,1,1788124566.195627,G1,T03,respiro_2m_10,1,static
27533299,1,1,1,168,206,59,100,0,21,17,59,45,8,10,8,9,5,0,0,100,100,100,92,45,41,27,0,1,1788124566.3950026,G1,T03,respiro_2m_10,1,static
27533499,1,1,1,225,206,55,100,0,18,16,26,55,25,1,11,6,1,0,0,100,100,100,94,47,44,27,0,1,1788124566.5957959,G1,T03,respiro_2m_10,1,static
27533699,1,1,1,220,206,79,100,0,16,12,35,79,22,6,1,5,3,0,0,100,100,100,95,47,46,30,0,1,1788124566.7956204,G1,T03,respiro_2m_10,1,static
27533899,1,1,1,189,205,52,100,0,16,13,51,52,19,12,7,9,8,0,0,100,100,100,99,50,48,30,0,1,1788124566.9950564,G1,T03,respiro_2m_10,1,static
27534099,1,1,1,204,206,54,100,0,15,16,43,54,16,7,7,6,7,0,0,100,100,100,97,51,48,29,0,1,1788124567.1955748,G1,T03,respiro_2m_10,1,static
27534299,1,0,1,0,208,0,100,0,22,12,24,36,16,7,8,7,12,0,0,100,100,100,97,51,47,28,0,1,1788124567.395382,G1,T03,respiro_2m_10,1,static
27534499,1,1,1,210,209,51,100,0,16,14,32,51,7,13,7,9,9,0,0,100,100,100,98,54,47,27,0,1,1788124567.595656,G1,T03,respiro_2m_10,1,static
27534699,1,1,1,207,210,62,100,0,15,14,49,62,26,16,5,3,4,0,0,100,100,100,99,55,46,26,0,1,1788124567.7959616,G1,T03,respiro_2m_10,1,static
27534899,1,1,1,218,211,59,100,1,20,12,31,59,20,7,7,8,1,0,0,100,100,100,100,57,46,27,0,1,1788124567.9951878,G1,T03,respiro_2m_10,1,static
27535099,1,1,1,196,211,63,100,1,21,20,57,63,18,13,8,7,4,0,0,100,100,100,100,57,47,28,0,1,1788124568.1953642,G1,T03,respiro_2m_10,1,static
27535299,1,1,1,203,211,85,100,1,17,13,72,85,35,19,9,4,6,0,0,100,100,100,97,57,46,29,0,1,1788124568.3957272,G1,T03,respiro_2m_10,1,static
27535499,1,1,1,169,212,56,100,1,15,19,56,45,23,13,8,8,11,0,0,100,100,100,94,59,46,31,0,1,1788124568.5953228,G1,T03,respiro_2m_10,1,static
27535699,1,1,1,207,212,66,100,1,19,18,49,66,18,9,8,5,7,0,0,100,100,100,93,61,45,31,0,1,1788124568.795368,G1,T03,respiro_2m_10,1,static
27535899,1,1,1,219,212,35,100,1,20,20,25,35,21,3,1,1,3,0,0,100,100,100,94,62,44,31,0,1,1788124568.9950225,G1,T03,respiro_2m_10,1,static
27536099,1,0,1,0,210,0,100,1,17,11,51,37,21,1,6,3,6,0,0,100,100,100,95,62,43,32,0,1,1788124569.1947594,G1,T03,respiro_2m_10,1,static
27536299,1,1,1,210,210,34,100,1,19,13,23,34,8,7,2,1,7,0,0,100,100,100,95,63,41,32,0,1,1788124569.3953667,G1,T03,respiro_2m_10,1,static
27536499,1,1,1,206,207,90,100,1,16,19,73,90,39,18,6,3,7,0,0,100,100,100,94,63,42,32,0,1,1788124569.5953126,G1,T03,respiro_2m_10,1,static
27536699,1,0,1,0,208,0,100,1,21,14,9,12,9,2,8,7,7,0,0,100,100,100,92,63,42,32,0,1,1788124569.7947116,G1,T03,respiro_2m_10,1,static
27536899,1,1,1,144,208,47,100,1,20,16,47,6,21,11,3,7,6,0,0,100,100,100,94,62,42,31,0,1,1788124569.9955986,G1,T03,respiro_2m_10,1,static
27537099,1,1,1,245,206,47,100,1,15,16,18,47,39,8,5,7,7,0,0,100,100,100,93,59,42,31,0,1,1788124570.1955261,G1,T03,respiro_2m_10,1,static
27537299,1,1,1,225,208,48,100,1,16,13,20,48,21,12,5,9,5,0,0,100,100,100,93,59,39,30,0,1,1788124570.3960817,G1,T03,respiro_2m_10,1,static
27537499,1,1,1,269,208,29,100,1,21,13,32,27,29,9,2,1,5,0,0,100,100,100,91,57,36,30,0,1,1788124570.5953374,G1,T03,respiro_2m_10,1,static
27537699,1,0,1,0,205,0,100,1,17,11,35,14,17,9,8,8,6,0,0,100,100,100,90,56,34,29,0,1,1788124570.7952244,G1,T03,respiro_2m_10,1,static
27537899,1,1,1,193,203,44,100,1,13,8,42,44,13,9,7,5,7,0,0,100,100,100,86,54,35,31,0,1,1788124570.9948626,G1,T03,respiro_2m_10,1,static
27538099,1,0,1,0,202,0,100,1,18,19,46,44,16,6,3,3,7,0,0,100,100,100,84,54,37,33,0,1,1788124571.1951952,G1,T03,respiro_2m_10,1,static
27538299,1,0,1,0,199,0,100,1,16,13,7,12,6,10,7,1,5,0,0,100,100,100,82,56,38,33,0,1,1788124571.3954117,G1,T03,respiro_2m_10,1,static
27538499,1,1,1,223,198,37,100,0,16,15,22,37,21,6,3,3,1,0,0,100,100,100,79,56,38,33,0,1,1788124571.5959966,G1,T03,respiro_2m_10,1,static
27538699,1,1,1,203,194,72,100,0,13,11,59,72,23,10,6,2,3,0,0,100,100,100,75,55,38,32,0,1,1788124571.7959335,G1,T03,respiro_2m_10,1,static
27538899,1,0,1,0,191,0,100,0,18,14,40,23,4,5,3,1,4,0,0,100,100,100,71,52,38,31,0,1,1788124571.9946766,G1,T03,respiro_2m_10,1,static
27539099,1,0,1,0,194,0,100,0,25,20,19,16,9,7,4,2,0,0,0,100,100,100,66,52,38,29,0,1,1788124572.1955526,G1,T03,respiro_2m_10,1,static
27539299,1,0,1,0,194,0,100,0,14,12,32,21,7,7,5,5,5,0,0,100,100,100,63,50,39,28,0,1,1788124572.3954074,G1,T03,respiro_2m_10,1,static
27539499,1,1,1,211,195,63,100,0,24,13,44,63,22,7,3,6,6,0,0,100,100,100,60,48,40,27,0,1,1788124572.5958395,G1,T03,respiro_2m_10,1,static
27539699,1,0,1,0,197,0,100,0,17,19,33,30,13,3,3,7,8,0,0,100,100,100,55,45,41,27,0,1,1788124572.7952795,G1,T03,respiro_2m_10,1,static
27539899,1,1,1,215,198,62,100,0,25,16,38,62,22,5,7,5,9,0,0,100,100,100,51,42,41,28,0,1,1788124572.995467,G1,T03,respiro_2m_10,1,static
27540099,1,1,1,206,202,53,100,0,13,17,41,53,16,3,9,7,4,0,0,100,100,100,50,40,42,28,0,1,1788124573.1959436,G1,T03,respiro_2m_10,1,static
27540299,1,1,1,194,202,38,100,0,16,14,35,38,9,1,9,3,4,0,0,100,100,100,46,38,42,28,0,1,1788124573.3954852,G1,T03,respiro_2m_10,1,static
27540499,1,1,1,194,204,38,100,0,16,12,36,38,14,5,7,3,1,0,0,100,100,100,45,38,41,28,0,1,1788124573.59588,G1,T03,respiro_2m_10,1,static
27540699,1,0,1,0,200,0,100,0,18,13,13,22,17,3,5,4,5,0,0,100,100,100,41,37,41,28,0,1,1788124573.7949085,G1,T03,respiro_2m_10,1,static
27540899,1,0,1,0,202,0,100,0,15,14,30,29,12,2,5,4,8,0,0,100,100,100,38,37,41,28,0,1,1788124573.9952972,G1,T03,respiro_2m_10,1,static
27541099,1,0,1,0,203,0,100,0,18,14,21,10,17,9,6,3,4,0,0,100,100,100,35,37,39,27,0,1,1788124574.195749,G1,T03,respiro_2m_10,1,static
27541299,1,0,1,0,204,0,100,0,18,16,29,14,6,9,4,3,2,0,0,100,100,100,34,35,38,27,0,1,1788124574.3957036,G1,T03,respiro_2m_10,1,static
27541499,1,1,1,200,206,31,100,0,18,15,28,31,14,1,5,3,5,0,0,100,100,100,34,33,37,26,0,1,1788124574.5958915,G1,T03,respiro_2m_10,1,static
27541699,1,0,1,0,207,0,100,0,16,10,10,19,13,5,4,5,7,0,0,100,100,100,35,31,35,25,0,1,1788124574.795485,G1,T03,respiro_2m_10,1,static
27541899,1,0,1,0,209,0,100,0,17,15,12,2,8,7,7,3,9,0,0,100,100,100,34,30,32,23,0,1,1788124574.994631,G1,T03,respiro_2m_10,1,static
27542099,1,0,1,0,209,0,100,0,19,14,2,9,10,8,7,3,7,0,0,100,100,100,35,28,28,21,0,1,1788124575.1950724,G1,T03,respiro_2m_10,1,static
27542299,1,1,1,176,210,46,100,0,21,11,46,40,14,10,5,3,7,0,0,100,100,100,35,25,27,20,0,1,1788124575.3960602,G1,T03,respiro_2m_10,1,static
27542499,1,0,1,0,208,0,100,0,15,12,18,10,5,2,2,3,6,0,0,100,100,100,34,23,25,20,0,1,1788124575.5952315,G1,T03,respiro_2m_10,1,static
27542699,1,0,1,0,208,0,100,0,18,12,9,26,13,3,3,4,6,0,0,100,100,100,34,22,23,20,0,1,1788124575.795249,G1,T03,respiro_2m_10,1,static
27542899,1,1,1,198,209,36,100,0,15,14,32,36,10,6,3,1,6,0,0,100,100,100,33,22,22,19,0,1,1788124575.9961166,G1,T03,respiro_2m_10,1,static
27543099,1,1,1,209,206,33,100,0,13,10,25,33,13,6,2,2,6,0,0,100,100,100,33,22,21,19,0,1,1788124576.1960332,G1,T03,respiro_2m_10,1,static
27543299,1,0,1,0,208,0,100,0,18,17,11,26,10,7,4,5,4,0,0,100,100,100,33,21,20,18,0,1,1788124576.3956196,G1,T03,respiro_2m_10,1,static
27543499,1,0,1,0,207,0,100,0,20,20,30,14,5,6,4,6,3,0,0,100,100,100,33,19,18,18,0,1,1788124576.5956342,G1,T03,respiro_2m_10,1,static
27543699,1,0,1,0,206,0,100,0,18,16,16,15,6,3,2,5,4,0,0,100,100,100,33,18,17,17,0,1,1788124576.7953868,G1,T03,respiro_2m_10,1,static
27543899,1,1,1,209,205,32,100,0,18,12,26,32,17,4,4,7,2,0,0,100,100,100,32,19,16,17,0,1,1788124576.995898,G1,T03,respiro_2m_10,1,static
27544099,1,1,1,179,206,41,100,0,16,15,41,38,10,3,7,5,2,0,0,100,100,100,32,19,15,15,0,1,1788124577.196041,G1,T03,respiro_2m_10,1,static
27544299,1,0,1,0,206,0,100,0,17,12,26,27,11,2,6,4,3,0,0,100,100,100,31,19,15,15,0,1,1788124577.3957074,G1,T03,respiro_2m_10,1,static
27544499,1,0,1,0,206,0,100,0,15,10,9,9,8,2,3,5,3,0,0,100,100,100,29,18,14,14,0,1,1788124577.5954297,G1,T03,respiro_2m_10,1,static
27544699,1,0,1,0,206,0,100,0,17,14,7,13,7,1,1,5,3,0,0,100,100,100,29,17,13,13,0,1,1788124577.7953045,G1,T03,respiro_2m_10,1,static
27544899,1,0,1,0,205,0,100,0,20,12,10,14,10,2,1,8,2,0,0,100,100,100,29,18,13,13,0,1,1788124577.9956524,G1,T03,respiro_2m_10,1,static
27545099,1,0,1,0,205,0,100,0,22,14,13,19,13,7,3,7,2,0,0,100,100,100,28,19,13,14,0,1,1788124578.1957805,G1,T03,respiro_2m_10,1,static
27545299,1,1,1,225,204,34,100,0,19,18,36,34,18,3,7,5,6,0,0,100,100,100,26,19,13,13,0,1,1788124578.3957715,G1,T03,respiro_2m_10,1,static
27545499,1,0,1,0,203,0,100,0,17,13,4,9,7,2,9,6,6,0,0,100,100,100,25,21,13,14,0,1,1788124578.5950198,G1,T03,respiro_2m_10,1,static
27545699,1,0,1,0,204,0,100,0,17,12,25,21,9,2,4,6,6,0,0,100,100,100,23,21,12,14,0,1,1788124578.79564,G1,T03,respiro_2m_10,1,static
27545899,1,0,1,0,205,0,100,0,14,12,6,17,15,4,7,5,4,0,0,100,100,100,21,21,12,13,0,1,1788124578.9958212,G1,T03,respiro_2m_10,1,static
27546099,1,0,1,0,205,0,100,0,15,7,9,12,9,4,8,3,4,0,0,100,100,100,19,21,12,13,0,1,1788124579.1947844,G1,T03,respiro_2m_10,1,static
27546299,1,0,1,0,207,0,100,0,20,13,11,16,12,5,5,4,4,0,0,100,100,100,17,20,11,13,0,1,1788124579.3956468,G1,T03,respiro_2m_10,1,static
27546499,1,0,1,0,209,0,100,0,17,16,8,7,11,5,3,4,2,0,0,100,100,100,16,20,11,13,0,1,1788124579.5955906,G1,T03,respiro_2m_10,1,static
27546699,1,0,1,0,209,0,100,0,15,9,36,27,6,4,3,4,4,0,0,100,100,100,15,20,12,12,0,1,1788124579.795278,G1,T03,respiro_2m_10,1,static
27546899,1,0,1,0,208,0,100,0,17,14,18,13,6,2,3,7,4,0,0,100,100,100,15,20,13,12,0,1,1788124579.9957173,G1,T03,respiro_2m_10,1,static
27547099,1,0,1,0,208,0,100,0,19,16,23,11,2,1,3,5,3,0,0,100,100,100,16,20,13,12,0,1,1788124580.1945395,G1,T03,respiro_2m_10,1,static
27547299,1,1,1,225,206,33,100,0,16,16,37,33,10,2,1,8,2,0,0,100,100,100,16,21,12,12,0,1,1788124580.396207,G1,T03,respiro_2m_10,1,static
27547499,1,0,1,0,205,0,100,0,15,15,13,8,7,4,2,8,1,0,0,100,100,100,15,21,12,12,0,1,1788124580.5955338,G1,T03,respiro_2m_10,1,static
27547699,1,0,1,0,206,0,100,0,20,16,4,4,9,6,4,5,1,0,0,100,100,100,15,21,13,11,0,1,1788124580.7951553,G1,T03,respiro_2m_10,1,static
27547899,1,0,1,0,205,0,100,0,18,22,37,26,7,6,4,3,3,0,0,100,100,100,16,21,12,10,0,1,1788124580.9956799,G1,T03,respiro_2m_10,1,static
27548099,1,0,1,0,201,0,100,0,17,18,32,25,11,2,8,2,3,0,0,100,100,100,16,21,12,9,0,1,1788124581.195666,G1,T03,respiro_2m_10,1,static
27548299,1,0,1,0,199,0,100,0,26,13,16,5,11,1,6,2,4,0,0,100,100,100,16,20,12,9,0,1,1788124581.395651,G1,T03,respiro_2m_10,1,static
27548499,1,0,1,0,200,0,100,0,20,16,26,27,9,1,7,5,1,0,0,100,100,100,17,20,13,9,0,1,1788124581.595328,G1,T03,respiro_2m_10,1,static
27548699,1,0,1,0,201,0,100,0,14,16,25,25,12,3,3,5,2,0,0,100,100,100,18,20,13,8,0,1,1788124581.7956977,G1,T03,respiro_2m_10,1,static
27548899,1,0,1,0,202,0,100,0,19,11,10,21,15,6,3,5,4,0,0,100,100,100,19,19,12,8,0,1,1788124581.9957125,G1,T03,respiro_2m_10,1,static
27549099,1,1,1,172,202,50,100,0,16,15,50,41,10,8,5,5,6,0,0,100,100,100,21,18,11,9,0,1,1788124582.196071,G1,T03,respiro_2m_10,1,static
27549299,1,0,1,0,201,0,100,0,21,11,4,7,8,5,3,7,5,0,0,100,100,100,23,18,11,9,0,1,1788124582.3948405,G1,T03,respiro_2m_10,1,static
27549499,1,0,1,0,200,0,100,0,22,16,20,11,6,4,2,8,2,0,0,100,100,100,24,16,11,8,0,1,1788124582.5957134,G1,T03,respiro_2m_10,1,static
27549699,1,0,1,0,196,0,100,0,20,16,10,11,9,7,1,7,2,0,0,100,100,100,24,16,11,8,0,1,1788124582.7955306,G1,T03,respiro_2m_10,1,static
27549899,1,1,1,171,194,44,100,0,15,15,44,36,11,5,2,5,1,0,0,100,100,100,24,16,12,8,0,1,1788124582.9960554,G1,T03,respiro_2m_10,1,static
27550099,1,1,1,152,189,52,100,0,21,20,52,25,13,10,2,5,4,0,0,100,100,100,25,16,12,9,0,1,1788124583.196344,G1,T03,respiro_2m_10,1,static
27550299,1,0,1,0,152,0,100,0,16,14,39,30,9,3,2,4,6,0,0,100,100,100,26,16,12,9,0,1,1788124583.3958254,G1,T03,respiro_2m_10,1,static
27550499,1,0,1,0,171,0,100,0,22,13,30,30,10,1,2,5,4,0,0,100,100,100,26,16,13,9,0,1,1788124583.5960298,G1,T03,respiro_2m_10,1,static
27550699,1,0,1,0,171,0,100,0,16,13,2,6,5,5,2,5,4,0,0,100,100,100,26,15,13,10,0,1,1788124583.795306,G1,T03,respiro_2m_10,1,static
27550899,1,0,1,0,189,0,100,0,21,15,6,11,8,5,2,7,5,0,0,100,100,100,27,14,12,10,0,1,1788124583.9950044,G1,T03,respiro_2m_10,1,static
27551099,1,0,1,0,190,0,100,0,19,12,27,22,11,8,1,8,4,0,0,100,100,100,28,14,13,10,0,1,1788124584.196191,G1,T03,respiro_2m_10,1,static
27551299,1,0,1,0,192,0,100,0,16,11,12,13,5,5,1,8,4,0,0,100,100,100,28,14,13,10,0,1,1788124584.3959541,G1,T03,respiro_2m_10,1,static
27551499,1,0,1,0,194,0,100,0,23,20,5,6,8,6,1,7,4,0,0,100,100,100,29,14,12,9,0,1,1788124584.5949132,G1,T03,respiro_2m_10,1,static
27551699,1,0,1,0,195,0,100,0,19,14,13,13,5,5,1,8,4,0,0,100,100,100,29,13,11,9,0,1,1788124584.7957678,G1,T03,respiro_2m_10,1,static
27551899,1,0,1,0,195,0,100,0,17,12,6,4,5,2,1,8,4,0,0,100,100,100,28,14,11,9,0,1,1788124584.9954627,G1,T03,respiro_2m_10,1,static
27552099,1,0,1,0,196,0,100,0,16,13,5,5,8,2,2,7,4,0,0,100,100,100,28,13,11,9,0,1,1788124585.1957211,G1,T03,respiro_2m_10,1,static
27552299,1,0,1,0,198,0,100,0,19,15,14,9,9,4,2,6,3,0,0,100,100,100,27,13,11,9,0,1,1788124585.3951344,G1,T03,respiro_2m_10,1,static
27552499,1,0,1,0,193,0,100,0,14,14,11,19,13,6,1,8,1,0,0,100,100,100,27,12,11,9,0,1,1788124585.5962036,G1,T03,respiro_2m_10,1,static
27552699,1,0,1,0,192,0,100,0,19,15,12,26,16,6,1,4,2,0,0,100,100,100,27,12,11,9,0,1,1788124585.795809,G1,T03,respiro_2m_10,1,static
27552899,1,0,1,0,192,0,100,0,13,11,16,29,15,6,1,3,3,0,0,100,100,100,27,12,11,10,0,1,1788124585.9954517,G1,T03,respiro_2m_10,1,static
27553099,1,0,1,0,195,0,100,0,16,14,9,23,15,8,1,2,4,0,0,100,100,100,26,11,12,10,0,1,1788124586.1956277,G1,T03,respiro_2m_10,1,static
27553299,1,0,1,0,199,0,100,0,16,14,6,18,9,5,1,2,4,0,0,100,100,100,26,10,12,10,0,1,1788124586.39576,G1,T03,respiro_2m_10,1,static
27553499,1,0,1,0,202,0,100,0,15,12,11,23,16,2,1,3,3,0,0,100,100,100,25,10,12,11,0,1,1788124586.5960174,G1,T03,respiro_2m_10,1,static
27553699,1,0,1,0,206,0,100,0,15,10,11,22,11,2,3,5,2,0,0,100,100,100,24,10,12,11,0,1,1788124586.7954817,G1,T03,respiro_2m_10,1,static
27553899,1,0,1,0,208,0,100,0,17,14,8,11,5,3,2,5,3,0,0,100,100,100,24,11,12,12,0,1,1788124586.9951608,G1,T03,respiro_2m_10,1,static
27554099,1,0,1,0,210,0,100,0,15,13,4,15,12,3,2,6,3,0,0,100,100,100,23,10,12,11,0,1,1788124587.1950877,G1,T03,respiro_2m_10,1,static
27554299,1,0,1,0,212,0,100,0,19,14,14,22,11,3,3,7,3,0,0,100,100,100,22,10,11,11,0,1,1788124587.3960164,G1,T03,respiro_2m_10,1,static
27554499,1,0,1,0,213,0,100,0,18,15,6,10,11,3,3,7,3,0,0,100,100,100,21,10,11,11,0,1,1788124587.5961094,G1,T03,respiro_2m_10,1,static
27554699,1,0,1,0,213,0,100,0,20,12,9,14,6,5,5,7,4,0,0,100,100,100,20,10,10,11,0,1,1788124587.7958848,G1,T03,respiro_2m_10,1,static
27554899,1,0,1,0,213,0,100,0,18,13,11,21,10,4,3,7,3,0,0,100,100,100,19,10,10,11,0,1,1788124587.996034,G1,T03,respiro_2m_10,1,static
27555099,1,0,1,0,215,0,100,0,15,12,5,12,10,4,3,6,4,0,0,100,100,100,17,10,9,11,0,1,1788124588.1952894,G1,T03,respiro_2m_10,1,static
27555299,1,0,1,0,216,0,100,0,18,12,8,11,11,4,3,6,5,0,0,100,100,100,17,9,9,12,0,1,1788124588.3957376,G1,T03,respiro_2m_10,1,static
27555499,1,0,1,0,217,0,100,0,17,14,7,16,14,5,3,7,5,0,0,100,100,100,16,9,9,12,0,1,1788124588.5952473,G1,T03,respiro_2m_10,1,static
27555699,1,0,1,0,219,0,100,0,19,14,10,20,11,6,1,4,5,0,0,100,100,100,15,9,9,13,0,1,1788124588.7954,G1,T03,respiro_2m_10,1,static
27555899,1,0,1,0,221,0,100,0,20,16,11,18,12,6,1,4,4,0,0,100,100,100,16,9,8,13,0,1,1788124588.9957395,G1,T03,respiro_2m_10,1,static
27556099,1,0,1,0,223,0,100,0,16,13,13,20,13,6,3,6,3,0,0,100,100,100,17,10,9,13,0,1,1788124589.1957414,G1,T03,respiro_2m_10,1,static
27556299,1,0,1,0,225,0,100,0,19,13,8,13,6,8,5,7,4,0,0,100,100,100,17,10,9,13,0,1,1788124589.3957999,G1,T03,respiro_2m_10,1,static
27556499,1,0,1,0,225,0,100,0,18,14,10,17,11,7,4,7,3,0,0,100,100,100,17,11,9,12,0,1,1788124589.5960326,G1,T03,respiro_2m_10,1,static
27556699,1,0,1,0,225,0,100,0,25,16,13,16,11,8,4,8,2,0,0,100,100,100,17,11,9,12,0,1,1788124589.7961133,G1,T03,respiro_2m_10,1,static
27556899,1,0,1,0,225,0,100,0,21,15,10,14,10,3,5,8,2,0,0,100,100,100,17,12,9,12,0,1,1788124589.9959497,G1,T03,respiro_2m_10,1,static
27557099,1,0,1,0,225,0,100,0,17,17,10,12,8,2,6,8,2,0,0,100,100,100,17,12,10,11,0,1,1788124590.1958613,G1,T03,respiro_2m_10,1,static
27557299,1,0,1,0,225,0,100,0,15,11,9,10,7,1,3,5,2,0,0,100,100,100,17,12,10,10,0,1,1788124590.3961167,G1,T03,respiro_2m_10,1,static
27557499,1,0,1,0,226,0,100,0,23,16,10,12,11,4,5,4,4,0,0,100,100,100,18,12,9,9,0,1,1788124590.5959728,G1,T03,respiro_2m_10,1,static
27557699,1,0,1,0,226,0,100,0,16,15,10,13,10,7,3,2,2,0,0,100,100,100,18,12,9,8,0,1,1788124590.795918,G1,T03,respiro_2m_10,1,static
27557899,1,0,1,0,226,0,100,0,18,16,6,11,11,7,3,3,2,0,0,100,100,100,18,12,9,8,0,1,1788124590.9957414,G1,T03,respiro_2m_10,1,static
27558099,1,0,1,0,227,0,100,0,17,14,8,13,9,8,3,2,4,0,0,100,100,100,19,12,9,7,0,1,1788124591.1957426,G1,T03,respiro_2m_10,1,static
27558299,1,0,1,0,227,0,100,0,21,13,6,11,8,8,3,2,5,0,0,100,100,100,19,12,9,7,0,1,1788124591.3959007,G1,T03,respiro_2m_10,1,static
27558499,1,0,1,0,227,0,100,0,15,13,4,16,8,4,2,4,3,0,0,100,100,100,20,12,9,7,0,1,1788124591.5950851,G1,T03,respiro_2m_10,1,static
27558699,1,0,1,0,228,0,100,0,22,15,13,19,12,2,4,2,5,0,0,100,100,100,21,11,9,7,0,1,1788124591.7952294,G1,T03,respiro_2m_10,1,static
27558899,1,0,1,0,229,0,100,0,18,14,9,18,12,2,1,3,4,0,0,100,100,100,22,11,9,7,0,1,1788124591.9958217,G1,T03,respiro_2m_10,1,static
27559099,1,0,1,0,229,0,100,0,17,11,9,11,4,2,1,4,4,0,0,100,100,100,23,12,9,7,0,1,1788124592.195792,G1,T03,respiro_2m_10,1,static
27559299,1,0,1,0,229,0,100,0,17,13,6,12,9,2,1,4,4,0,0,100,100,100,23,12,9,6,0,1,1788124592.395205,G1,T03,respiro_2m_10,1,static
27559499,1,0,1,0,229,0,100,0,15,10,12,14,12,3,1,5,4,0,0,100,100,100,23,12,9,6,0,1,1788124592.595243,G1,T03,respiro_2m_10,1,static
27559699,1,0,1,0,229,0,100,0,16,12,11,19,8,3,4,7,5,0,0,100,100,100,22,13,9,6,0,1,1788124592.7953007,G1,T03,respiro_2m_10,1,static
27559899,1,0,1,0,228,0,100,0,16,14,7,6,6,2,3,5,5,0,0,100,100,100,21,13,9,6,0,1,1788124592.995633,G1,T03,respiro_2m_10,1,static
27560099,1,0,1,0,228,0,100,0,19,11,9,13,6,2,3,7,6,0,0,100,100,100,21,12,8,6,0,1,1788124593.1959288,G1,T03,respiro_2m_10,1,static
27560299,1,0,1,0,228,0,100,0,17,15,7,12,9,2,2,6,5,0,0,100,100,100,20,12,8,6,0,1,1788124593.3957531,G1,T03,respiro_2m_10,1,static
27560499,1,0,1,0,229,0,100,0,19,11,24,28,13,1,1,6,7,0,0,100,100,100,20,11,8,6,0,1,1788124593.5953052,G1,T03,respiro_2m_10,1,static
27560699,1,0,1,0,228,0,100,0,15,9,5,16,11,2,4,7,8,0,0,100,100,100,19,11,8,7,0,1,1788124593.7952542,G1,T03,respiro_2m_10,1,static
27560899,1,0,1,0,227,0,100,0,21,11,6,12,9,2,2,5,6,0,0,100,100,100,18,11,8,7,0,1,1788124593.99593,G1,T03,respiro_2m_10,1,static
27561099,1,0,1,0,227,0,100,0,24,14,5,13,9,3,3,5,7,0,0,100,100,100,16,11,8,7,0,1,1788124594.1959717,G1,T03,respiro_2m_10,1,static
27561299,1,0,1,0,226,0,100,0,17,12,2,12,11,4,5,5,5,0,0,100,100,100,15,12,8,7,0,1,1788124594.3960917,G1,T03,respiro_2m_10,1,static
27561499,1,0,1,0,226,0,100,0,22,15,10,12,8,6,8,5,6,0,0,100,100,100,15,13,9,8,0,1,1788124594.5957043,G1,T03,respiro_2m_10,1,static
27561699,1,0,1,0,226,0,100,0,16,11,9,16,10,9,7,1,4,0,0,100,100,100,16,14,9,8,0,1,1788124594.7957041,G1,T03,respiro_2m_10,1,static
27561899,1,0,1,0,226,0,100,0,19,14,6,13,11,9,6,1,5,0,0,100,100,100,17,14,9,8,0,1,1788124594.9960341,G1,T03,respiro_2m_10,1,static
27562099,1,0,1,0,226,0,100,0,18,11,10,13,7,9,7,2,4,0,0,100,100,100,18,14,10,8,0,1,1788124595.1961505,G1,T03,respiro_2m_10,1,static
27562299,1,0,1,0,226,0,100,0,19,13,8,11,8,4,6,2,4,0,0,100,100,100,19,14,10,8,0,1,1788124595.395573,G1,T03,respiro_2m_10,1,static
27562499,1,0,1,0,226,0,100,0,25,16,5,10,10,1,6,3,4,0,0,100,100,100,20,15,10,8,0,1,1788124595.596159,G1,T03,respiro_2m_10,1,static
27562699,1,0,1,0,226,0,100,0,14,12,9,17,13,4,2,6,3,0,0,100,100,100,21,15,11,8,0,1,1788124595.7960653,G1,T03,respiro_2m_10,1,static
27562899,1,0,1,0,225,0,100,0,16,10,8,10,6,7,1,7,2,0,0,100,100,100,22,15,11,8,0,1,1788124595.995859,G1,T03,respiro_2m_10,1,static
27563099,1,0,1,0,225,0,100,0,19,12,3,3,4,5,1,6,2,0,0,100,100,100,24,15,12,8,0,1,1788124596.195876,G1,T03,respiro_2m_10,1,static
27563299,1,0,1,0,225,0,100,0,16,16,2,11,2,5,1,6,3,0,0,100,100,100,25,16,12,8,0,1,1788124596.3962758,G1,T03,respiro_2m_10,1,static
27563499,1,0,1,0,225,0,100,0,14,14,10,14,9,3,1,5,3,0,0,100,100,100,25,15,12,8,0,1,1788124596.5959904,G1,T03,respiro_2m_10,1,static
27563699,1,0,1,0,225,0,100,0,13,11,4,8,5,1,5,3,4,0,0,100,100,100,26,15,12,7,0,1,1788124596.7960393,G1,T03,respiro_2m_10,1,static
27563899,1,0,1,0,225,0,100,0,15,12,5,7,8,4,4,5,3,0,0,100,100,100,26,15,12,7,0,1,1788124596.995857,G1,T03,respiro_2m_10,1,static
27564099,1,0,1,0,225,0,100,0,16,12,8,9,4,7,5,4,4,0,0,100,100,100,27,16,12,7,0,1,1788124597.1960628,G1,T03,respiro_2m_10,1,static
27564299,1,0,1,0,225,0,100,0,14,9,7,11,10,9,6,5,3,0,0,100,100,100,28,16,12,7,0,1,1788124597.395707,G1,T03,respiro_2m_10,1,static
27564499,1,0,1,0,225,0,100,0,19,12,6,9,8,9,6,3,4,0,0,100,100,100,29,16,12,7,0,1,1788124597.5961306,G1,T03,respiro_2m_10,1,static
27564699,1,0,1,0,225,0,100,0,17,14,10,12,11,9,7,4,5,0,0,100,100,100,29,16,11,6,0,1,1788124597.7960584,G1,T03,respiro_2m_10,1,static
27564899,1,0,1,0,226,0,100,0,18,12,9,18,11,3,4,4,7,0,0,100,100,100,30,16,11,6,0,1,1788124597.9957693,G1,T03,respiro_2m_10,1,static
27565099,1,0,1,0,226,0,100,0,22,18,6,16,9,1,3,4,8,0,0,100,100,100,30,16,11,7,0,1,1788124598.1961503,G1,T03,respiro_2m_10,1,static
27565299,1,0,1,0,227,0,100,0,18,11,8,13,10,5,2,6,10,0,0,100,100,100,30,16,11,7,0,1,1788124598.395963,G1,T03,respiro_2m_10,1,static
27565499,1,0,1,0,227,0,100,0,14,12,10,17,12,3,1,6,8,0,0,100,100,100,29,15,11,8,0,1,1788124598.5961132,G1,T03,respiro_2m_10,1,static
27565699,1,0,1,0,227,0,100,0,16,15,7,16,11,4,1,4,7,0,0,100,100,100,29,15,11,8,0,1,1788124598.7963393,G1,T03,respiro_2m_10,1,static
27565899,1,0,1,0,228,0,100,0,17,9,6,8,9,6,1,5,7,0,0,100,100,100,27,15,11,9,0,1,1788124598.9958627,G1,T03,respiro_2m_10,1,static
27566099,1,0,1,0,228,0,100,0,17,10,5,11,3,6,1,5,7,0,0,100,100,100,26,14,10,9,0,1,1788124599.1953359,G1,T03,respiro_2m_10,1,static
27566299,1,0,1,0,229,0,100,0,14,11,7,9,7,6,2,5,7,0,0,100,100,100,24,14,10,10,0,1,1788124599.3958306,G1,T03,respiro_2m_10,1,static
27566499,1,0,1,0,229,0,100,0,28,18,2,10,9,7,1,5,8,0,0,100,100,100,22,13,10,10,0,1,1788124599.5961301,G1,T03,respiro_2m_10,1,static
27566699,1,0,1,0,228,0,100,0,14,15,10,13,6,6,3,6,6,0,0,100,100,100,20,13,9,10,0,1,1788124599.7955198,G1,T03,respiro_2m_10,1,static
27566899,1,0,1,0,228,0,100,0,15,13,11,16,14,8,5,5,5,0,0,100,100,100,19,13,9,10,0,1,1788124599.9963036,G1,T03,respiro_2m_10,1,static
27567099,1,0,1,0,227,0,100,0,17,11,9,11,8,9,8,4,6,0,0,100,100,100,18,13,9,10,0,1,1788124600.1962898,G1,T03,respiro_2m_10,1,static
27567299,1,0,1,0,227,0,100,0,17,11,4,8,9,9,8,3,5,0,0,100,100,100,19,14,10,10,0,1,1788124600.3961716,G1,T03,respiro_2m_10,1,static
27567499,1,0,1,0,227,0,100,0,13,12,8,13,8,2,6,4,5,0,0,100,100,100,20,15,10,10,0,1,1788124600.5962338,G1,T03,respiro_2m_10,1,static
27567699,1,0,1,0,227,0,100,0,13,9,7,12,11,4,7,2,6,0,0,100,100,100,21,15,10,10,0,1,1788124600.7963421,G1,T03,respiro_2m_10,1,static
27567899,1,0,1,0,226,0,100,0,15,14,9,13,9,7,5,2,5,0,0,100,100,100,22,16,10,10,0,1,1788124600.9962718,G1,T03,respiro_2m_10,1,static
27568099,1,0,1,0,226,0,100,0,16,11,4,9,5,6,3,3,4,0,0,100,100,100,23,16,11,10,0,1,1788124601.1962426,G1,T03,respiro_2m_10,1,static
27568299,1,0,1,0,226,0,100,0,18,16,9,10,8,3,3,4,5,0,0,100,100,100,23,16,11,10,0,1,1788124601.3963077,G1,T03,respiro_2m_10,1,static
27568499,1,0,1,0,226,0,100,0,18,12,3,9,6,3,3,5,4,0,0,100,100,100,24,16,12,10,0,1,1788124601.5963037,G1,T03,respiro_2m_10,1,static
27568699,1,0,1,0,226,0,100,0,17,15,7,13,13,5,2,4,5,0,0,100,100,100,24,16,12,10,0,1,1788124601.7964342,G1,T03,respiro_2m_10,1,static
27568899,1,0,1,0,226,0,100,0,14,12,7,10,9,5,1,5,5,0,0,100,100,100,25,16,12,10,0,1,1788124601.9962125,G1,T03,respiro_2m_10,1,static
27569099,1,0,1,0,227,0,100,0,20,16,3,8,2,3,2,5,4,0,0,100,100,100,25,16,11,10,0,1,1788124602.1958244,G1,T03,respiro_2m_10,1,static
27569299,1,0,1,0,227,0,100,0,15,9,9,17,9,3,3,4,5,0,0,100,100,100,26,16,11,9,0,1,1788124602.3956883,G1,T03,respiro_2m_10,1,static
27569499,1,0,1,0,227,0,100,0,17,13,7,11,11,3,6,3,5,0,0,100,100,100,26,16,11,8,0,1,1788124602.596098,G1,T03,respiro_2m_10,1,static
27569699,1,0,1,0,227,0,100,0,19,14,5,7,2,2,5,4,4,0,0,100,100,100,26,16,11,7,0,1,1788124602.7951257,G1,T03,respiro_2m_10,1,static
27569899,1,0,1,0,227,0,100,0,21,15,6,8,7,5,5,5,4,0,0,100,100,100,27,16,11,7,0,1,1788124602.99618,G1,T03,respiro_2m_10,1,static
27570099,1,0,1,0,226,0,100,0,19,12,8,10,8,6,5,5,4,0,0,100,100,100,28,16,11,7,0,1,1788124603.196196,G1,T03,respiro_2m_10,1,static
27570299,1,0,1,0,226,0,100,0,20,15,10,10,4,7,6,4,4,0,0,99,100,100,30,16,11,6,0,1,1788124603.396194,G1,T03,respiro_2m_10,1,static
27570499,1,0,1,0,226,0,100,0,22,14,4,11,12,9,7,4,5,0,0,99,100,100,31,17,11,6,0,1,1788124603.5963109,G1,T03,respiro_2m_10,1,static
27570699,1,0,1,0,227,0,100,0,18,12,10,11,9,8,7,4,5,0,0,99,100,100,33,18,11,6,0,1,1788124603.796602,G1,T03,respiro_2m_10,1,static
27570899,1,0,1,0,227,0,100,0,15,13,9,16,8,3,5,5,7,0,0,98,100,100,33,18,10,6,0,1,1788124603.996221,G1,T03,respiro_2m_10,1,static
27571099,1,0,1,0,227,0,100,0,24,14,7,13,6,3,5,6,7,0,0,99,100,100,33,18,10,6,0,1,1788124604.1962864,G1,T03,respiro_2m_10,1,static
27571299,1,0,1,0,227,0,100,0,16,12,7,14,14,4,3,8,8,0,0,100,100,100,32,18,10,6,0,1,1788124604.3964787,G1,T03,respiro_2m_10,1,static
27571499,1,0,1,0,227,0,100,0,17,14,7,10,3,3,4,8,7,0,0,100,100,100,31,18,10,7,0,1,1788124604.5955973,G1,T03,respiro_2m_10,1,static
27571699,1,0,1,0,227,0,100,0,18,16,5,10,8,4,3,7,6,0,0,100,100,100,30,18,10,7,0,1,1788124604.7962391,G1,T03,respiro_2m_10,1,static
27571899,1,0,1,0,227,0,100,0,13,10,7,5,8,4,4,5,7,0,0,100,100,100,29,17,10,7,0,1,1788124604.995954,G1,T03,respiro_2m_10,1,static
27572099,1,0,1,0,227,0,100,0,23,14,3,14,4,3,4,5,8,0,0,100,100,100,28,17,10,7,0,1,1788124605.1960125,G1,T03,respiro_2m_10,1,static
27572299,1,0,1,0,227,0,100,0,13,10,9,11,4,4,3,5,7,0,0,95,100,100,26,16,9,7,0,1,1788124605.3957043,G1,T03,respiro_2m_10,1,static
27572499,1,0,1,0,227,0,100,0,15,9,11,8,8,4,5,6,6,0,0,91,100,100,25,16,8,7,0,1,1788124605.5959446,G1,T03,respiro_2m_10,1,static
27572699,1,0,1,0,228,0,100,0,23,17,2,9,10,5,6,5,6,0,0,88,100,100,24,16,8,7,0,1,1788124605.7961273,G1,T03,respiro_2m_10,1,static
27572899,1,0,1,0,227,0,100,0,19,14,10,12,6,8,7,4,6,0,0,87,100,100,23,16,8,7,0,1,1788124605.9962234,G1,T03,respiro_2m_10,1,static
27573099,1,0,1,0,227,0,100,0,17,16,11,15,8,11,8,4,4,0,0,88,100,100,23,16,8,7,0,1,1788124606.1963391,G1,T03,respiro_2m_10,1,static
27573299,1,0,1,0,227,0,100,0,14,12,7,8,3,10,7,3,4,0,0,90,100,100,24,16,8,7,0,1,1788124606.3952558,G1,T03,respiro_2m_10,1,static
27573499,1,0,1,0,227,0,100,0,19,12,6,10,8,5,6,5,4,0,0,92,100,100,25,17,8,7,0,1,1788124606.5959866,G1,T03,respiro_2m_10,1,static
27573699,1,0,1,0,227,0,100,0,15,12,12,11,10,4,7,2,5,0,0,96,100,100,26,17,8,7,0,1,1788124606.7958581,G1,T03,respiro_2m_10,1,static
27573899,1,0,1,0,227,0,100,0,20,12,5,12,8,4,6,2,3,0,0,100,100,100,27,18,9,7,0,1,1788124606.9964256,G1,T03,respiro_2m_10,1,static
27574099,1,0,1,0,227,0,100,0,16,11,7,13,7,4,4,4,2,0,0,100,100,100,27,18,9,7,0,1,1788124607.1961322,G1,T03,respiro_2m_10,1,static
27574299,1,0,1,0,227,0,100,0,20,16,4,9,10,4,3,5,3,0,0,100,100,100,28,19,10,8,0,1,1788124607.396429,G1,T03,respiro_2m_10,1,static
27574499,1,0,1,0,226,0,100,0,18,13,2,9,2,4,2,6,2,0,0,100,100,100,28,19,11,8,0,1,1788124607.595843,G1,T03,respiro_2m_10,1,static
27574699,1,0,1,0,226,0,100,0,14,10,5,11,7,4,1,6,2,0,0,100,100,100,28,19,11,8,0,1,1788124607.7960136,G1,T03,respiro_2m_10,1,static
27574899,1,0,1,0,226,0,100,0,14,9,7,8,9,5,1,7,3,0,0,100,100,100,28,19,12,8,0,1,1788124607.9962518,G1,T03,respiro_2m_10,1,static
27575099,1,0,1,0,226,0,100,0,16,9,7,6,7,5,1,7,2,0,0,100,100,100,28,19,12,8,0,1,1788124608.195832,G1,T03,respiro_2m_10,1,static
27575299,1,0,1,0,227,0,100,0,17,15,10,15,10,4,1,6,2,0,0,100,100,100,29,18,12,8,0,1,1788124608.3964844,G1,T03,respiro_2m_10,1,static
27575499,1,0,1,0,227,0,100,0,16,11,10,11,10,3,3,3,4,0,0,100,100,100,29,18,12,8,0,1,1788124608.5963004,G1,T03,respiro_2m_10,1,static
27575699,1,0,1,0,227,0,100,0,20,14,6,9,4,1,5,4,2,0,0,98,100,100,28,17,12,7,0,1,1788124608.7963223,G1,T03,respiro_2m_10,1,static
27575899,1,0,1,0,228,0,100,0,17,12,5,8,5,4,5,6,3,0,0,91,100,100,28,17,12,7,0,1,1788124608.996286,G1,T03,respiro_2m_10,1,static
27576099,1,0,1,0,228,0,100,0,17,11,4,4,9,6,4,6,2,0,0,88,100,100,29,17,12,7,0,1,1788124609.1964066,G1,T03,respiro_2m_10,1,static
27576299,1,0,1,0,228,0,100,0,18,12,8,8,5,7,6,5,2,0,0,88,100,100,30,18,12,7,0,1,1788124609.3961031,G1,T03,respiro_2m_10,1,static
27576499,1,0,1,0,227,0,100,0,17,12,3,7,12,9,6,5,4,0,0,90,100,100,32,18,12,7,0,1,1788124609.5963364,G1,T03,respiro_2m_10,1,static
27576699,1,0,1,0,227,0,100,0,14,8,7,9,6,8,6,6,5,0,0,92,100,100,33,19,12,7,0,1,1788124609.796128,G1,T03,respiro_2m_10,1,static
27576899,1,0,1,0,227,0,100,0,21,13,6,12,9,5,5,5,5,0,0,93,100,100,34,19,12,7,0,1,1788124609.995903,G1,T03,respiro_2m_10,1,static
27577099,1,0,1,0,227,0,100,0,16,11,9,12,9,2,5,5,7,0,0,96,100,100,34,19,12,7,0,1,1788124610.1965792,G1,T03,respiro_2m_10,1,static
27577299,1,0,1,0,227,0,100,0,23,17,8,10,8,2,5,7,7,0,0,98,100,100,33,19,12,8,0,1,1788124610.3964617,G1,T03,respiro_2m_10,1,static
27577499,1,0,1,0,227,0,100,0,16,12,6,10,9,1,5,7,6,0,0,99,100,100,33,19,12,8,0,1,1788124610.596543,G1,T03,respiro_2m_10,1,static
27577699,1,0,1,0,227,0,100,0,16,10,7,10,9,3,5,8,6,0,0,100,100,100,32,19,12,8,0,1,1788124610.7961676,G1,T03,respiro_2m_10,1,static
27577899,1,0,1,0,227,0,100,0,16,11,7,7,5,4,4,7,5,0,0,100,100,100,31,18,11,8,0,1,1788124610.996462,G1,T03,respiro_2m_10,1,static
27578099,1,0,1,0,227,0,100,0,14,12,4,10,2,3,5,5,6,0,0,98,100,100,29,18,11,8,0,1,1788124611.1958556,G1,T03,respiro_2m_10,1,static
27578299,1,0,1,0,227,0,100,0,32,20,10,10,10,2,5,5,6,0,0,94,100,100,28,17,10,8,0,1,1788124611.3965027,G1,T03,respiro_2m_10,1,static
27578499,1,0,1,0,227,0,100,0,17,9,10,15,10,4,5,6,4,0,0,89,100,100,26,16,9,8,0,1,1788124611.5965662,G1,T03,respiro_2m_10,1,static
27578699,1,0,1,0,228,0,100,0,14,10,5,9,7,6,6,6,4,0,0,86,100,100,25,15,8,7,0,1,1788124611.7962077,G1,T03,respiro_2m_10,1,static
27578899,1,0,1,0,228,0,100,0,20,14,12,10,6,9,6,5,4,0,0,84,100,100,25,15,8,7,0,1,1788124611.996312,G1,T03,respiro_2m_10,1,static
27579099,1,0,1,0,228,0,100,0,16,14,8,12,9,9,5,5,2,0,0,85,100,100,25,15,8,7,0,1,1788124612.1963449,G1,T03,respiro_2m_10,1,static
27579299,1,0,1,0,227,0,100,0,15,12,5,10,9,7,6,4,3,0,0,87,100,100,25,15,8,8,0,1,1788124612.3959734,G1,T03,respiro_2m_10,1,static
27579499,1,0,1,0,227,0,100,0,20,12,9,13,8,5,4,4,3,0,0,90,100,100,26,16,8,8,0,1,1788124612.595802,G1,T03,respiro_2m_10,1,static
27579699,1,0,1,0,227,0,100,0,16,14,2,9,7,6,5,3,3,0,0,95,100,100,28,17,8,8,0,1,1788124612.7962458,G1,T03,respiro_2m_10,1,static
27579899,1,0,1,0,227,0,100,0,16,14,8,11,12,6,4,4,3,0,0,100,100,100,29,17,9,8,0,1,1788124612.9965632,G1,T03,respiro_2m_10,1,static
27580099,1,0,1,0,227,0,100,0,27,16,11,15,9,7,4,6,2,0,0,100,100,100,30,18,9,8,0,1,1788124613.1965153,G1,T03,respiro_2m_10,1,static
27580299,1,0,1,0,226,0,100,0,20,14,8,9,9,6,3,7,2,0,0,100,100,100,31,19,10,8,0,1,1788124613.3964663,G1,T03,respiro_2m_10,1,static
27580499,1,0,1,0,226,0,100,0,20,17,9,12,9,7,2,6,2,0,0,100,100,100,31,19,11,8,0,1,1788124613.5965793,G1,T03,respiro_2m_10,1,static
27580699,1,0,1,0,226,0,100,0,22,16,6,10,8,6,2,8,1,0,0,100,100,100,31,19,11,8,0,1,1788124613.7965634,G1,T03,respiro_2m_10,1,static
27580899,1,0,1,0,226,0,100,0,14,10,4,10,8,5,1,7,1,0,0,100,100,100,31,19,12,8,0,1,1788124613.996476,G1,T03,respiro_2m_10,1,static
27581099,1,0,1,0,227,0,100,0,17,14,1,5,2,6,2,8,2,0,0,100,100,100,31,19,12,8,0,1,1788124614.1962523,G1,T03,respiro_2m_10,1,static
27581299,1,0,1,0,227,0,100,0,14,13,11,17,11,3,1,6,1,0,0,100,100,100,31,18,12,7,0,1,1788124614.3966997,G1,T03,respiro_2m_10,1,static
27581499,1,0,1,0,227,0,100,0,16,13,8,14,12,3,2,4,2,0,0,100,100,100,31,18,12,7,0,1,1788124614.596695,G1,T03,respiro_2m_10,1,static
27581699,1,0,1,0,227,0,100,0,15,12,8,8,11,2,4,4,2,0,0,100,100,100,31,18,12,6,0,1,1788124614.7966046,G1,T03,respiro_2m_10,1,static
27581899,1,0,1,0,228,0,100,0,17,15,9,9,8,3,3,6,2,0,0,97,100,100,31,18,12,6,0,1,1788124614.9964366,G1,T03,respiro_2m_10,1,static
27582099,1,0,1,0,228,0,100,0,18,14,7,7,5,4,2,6,2,0,0,94,100,100,32,18,12,6,0,1,1788124615.1966581,G1,T03,respiro_2m_10,1,static
27582299,1,0,1,0,229,0,100,0,21,15,6,9,4,7,4,6,1,0,0,94,100,100,33,18,12,6,0,1,1788124615.3959968,G1,T03,respiro_2m_10,1,static
27582499,1,0,1,0,229,0,100,0,18,12,9,11,11,7,5,5,3,0,0,95,100,100,34,19,12,6,0,1,1788124615.59684,G1,T03,respiro_2m_10,1,static
27582699,1,0,1,0,229,0,100,0,19,16,7,14,6,8,6,6,3,0,0,97,100,100,36,19,12,6,0,1,1788124615.796142,G1,T03,respiro_2m_10,1,static
27582899,1,0,1,0,229,0,100,0,17,18,5,8,9,7,6,7,4,0,0,98,100,100,36,20,13,7,0,1,1788124615.9962502,G1,T03,respiro_2m_10,1,static
27583099,1,0,1,0,229,0,100,0,18,14,10,11,5,3,5,6,4,0,0,99,100,100,36,20,13,7,0,1,1788124616.1966417,G1,T03,respiro_2m_10,1,static
27583299,1,0,1,0,229,0,100,0,18,10,5,10,7,1,5,6,4,0,0,100,100,100,35,20,12,6,0,1,1788124616.396804,G1,T03,respiro_2m_10,1,static
27583499,1,0,1,0,229,0,100,0,19,14,5,10,9,1,5,6,5,0,0,100,100,100,34,19,12,7,0,1,1788124616.5966558,G1,T03,respiro_2m_10,1,static
27583699,1,0,1,0,229,0,100,0,17,13,3,3,8,4,4,6,4,0,0,100,100,100,32,19,12,7,0,1,1788124616.7961144,G1,T03,respiro_2m_10,1,static
27583899,1,0,1,0,229,0,100,0,16,15,2,7,2,3,4,5,4,0,0,98,100,100,31,18,11,7,0,1,1788124616.9966722,G1,T03,respiro_2m_10,1,static
27584099,1,0,1,0,229,0,100,0,23,14,8,8,3,5,4,5,4,0,0,96,100,100,29,17,10,7,0,1,1788124617.195956,G1,T03,respiro_2m_10,1,static
27584299,1,0,1,0,229,0,100,0,15,11,4,12,4,5,4,6,4,0,0,91,100,100,27,16,9,6,0,1,1788124617.3967187,G1,T03,respiro_2m_10,1,static
27584499,1,0,1,0,229,0,100,0,17,12,7,12,8,6,5,5,2,0,0,87,100,100,26,15,9,6,0,1,1788124617.596829,G1,T03,respiro_2m_10,1,static
27584699,1,0,1,0,229,0,100,0,16,11,9,14,10,10,5,4,1,0,0,85,100,100,25,15,8,6,0,1,1788124617.7962697,G1,T03,respiro_2m_10,1,static
27584899,1,0,1,0,230,0,100,0,13,13,8,9,3,10,5,4,1,0,0,83,100,100,25,15,8,7,0,1,1788124617.9959784,G1,T03,respiro_2m_10,1,static
27585099,1,0,1,0,229,0,100,0,29,13,4,13,9,5,5,4,1,0,0,85,100,100,26,15,8,7,0,1,1788124618.1955602,G1,T03,respiro_2m_10,1,static
27585299,1,0,1,0,229,0,100,0,16,10,10,12,9,4,4,5,2,0,0,87,100,100,27,16,8,7,0,1,1788124618.3966708,G1,T03,respiro_2m_10,1,static
27585499,1,0,1,0,229,0,100,0,18,13,6,13,10,5,4,4,1,0,0,90,100,100,28,16,8,7,0,1,1788124618.596047,G1,T03,respiro_2m_10,1,static
27585699,1,0,1,0,229,0,100,0,21,18,8,12,7,6,5,6,1,0,0,94,100,100,29,17,8,7,0,1,1788124618.796363,G1,T03,respiro_2m_10,1,static
27585899,1,0,1,0,228,0,100,0,15,9,6,6,7,6,4,6,1,0,0,98,100,100,30,18,9,8,0,1,1788124618.9963202,G1,T03,respiro_2m_10,1,static
27586099,1,0,1,0,228,0,100,0,20,14,4,9,4,5,3,8,1,0,0,100,100,100,31,18,10,7,0,1,1788124619.1970663,G1,T03,respiro_2m_10,1,static
27586299,1,0,1,0,228,0,100,0,18,15,8,8,9,6,2,8,1,0,0,100,100,100,31,19,10,7,0,1,1788124619.3960814,G1,T03,respiro_2m_10,1,static
27586499,1,0,1,0,228,0,100,0,17,13,7,11,8,8,2,8,1,0,0,100,100,100,31,19,10,8,0,1,1788124619.5963042,G1,T03,respiro_2m_10,1,static
27586699,1,0,1,0,228,0,100,0,21,16,10,11,8,7,3,7,1,0,0,100,100,100,31,19,10,7,0,1,1788124619.7967591,G1,T03,respiro_2m_10,1,static
27586899,1,0,1,0,228,0,100,0,15,10,2,4,1,6,2,8,1,0,0,100,100,100,31,18,10,7,0,1,1788124619.9961855,G1,T03,respiro_2m_10,1,static
27587099,1,0,1,0,228,0,100,0,16,12,4,6,3,5,2,7,2,0,0,100,100,100,31,18,10,7,0,1,1788124620.196085,G1,T03,respiro_2m_10,1,static
27587299,1,0,1,0,228,0,100,0,17,12,10,16,11,3,2,7,1,0,0,100,100,100,31,18,10,7,0,1,1788124620.3967836,G1,T03,respiro_2m_10,1,static
27587499,1,0,1,0,228,0,100,0,20,15,9,11,11,4,2,6,2,0,0,100,100,100,31,17,10,6,0,1,1788124620.596841,G1,T03,respiro_2m_10,1,static
27587699,1,0,1,0,229,0,100,0,17,11,3,7,10,2,2,4,1,0,0,99,100,100,31,17,10,6,0,1,1788124620.7966669,G1,T03,respiro_2m_10,1,static
27587899,1,0,1,0,229,0,100,0,17,13,8,10,8,4,3,5,1,0,0,96,100,100,32,17,10,6,0,1,1788124620.9967785,G1,T03,respiro_2m_10,1,static
27588099,1,0,1,0,229,0,100,0,18,13,7,10,5,5,2,6,1,0,0,96,100,100,34,18,10,6,0,1,1788124621.19649,G1,T03,respiro_2m_10,1,static
27588299,1,0,1,0,229,0,100,0,17,10,7,8,6,5,2,6,1,0,0,97,100,100,35,18,10,6,0,1,1788124621.3965497,G1,T03,respiro_2m_10,1,static
27588499,1,0,1,0,229,0,100,0,18,13,4,8,9,8,5,6,1,0,0,97,100,100,36,18,10,6,0,1,1788124621.596214,G1,T03,respiro_2m_10,1,static
27588699,1,0,1,0,229,0,100,0,17,13,7,11,10,8,6,6,1,0,0,98,100,100,37,19,10,6,0,1,1788124621.7963498,G1,T03,respiro_2m_10,1,static
27588899,1,0,1,0,229,0,100,0,15,14,8,12,11,7,6,6,2,0,0,100,100,100,37,19,10,5,0,1,1788124621.996837,G1,T03,respiro_2m_10,1,static
27589099,1,0,1,0,229,0,100,0,14,10,6,11,10,4,6,5,3,0,0,100,100,100,37,19,10,6,0,1,1788124622.1969666,G1,T03,respiro_2m_10,1,static
27589299,1,0,1,0,229,0,100,0,17,11,2,7,5,1,6,6,2,0,0,100,100,100,37,19,10,6,0,1,1788124622.396767,G1,T03,respiro_2m_10,1,static
27589499,1,0,1,0,229,0,100,0,19,14,8,11,8,2,7,6,3,0,0,100,100,100,36,19,10,5,0,1,1788124622.596168,G1,T03,respiro_2m_10,1,static
27589699,1,0,1,0,229,0,100,0,19,13,8,11,8,4,7,5,3,0,0,100,100,100,34,19,9,5,0,1,1788124622.7966998,G1,T03,respiro_2m_10,1,static
27589899,1,0,1,0,228,0,100,0,17,11,3,3,3,5,5,1,2,0,0,100,100,100,33,18,8,5,0,1,1788124622.9960108,G1,T03,respiro_2m_10,1,static
27590099,1,0,1,0,228,0,100,0,25,14,12,11,4,4,5,1,3,0,0,100,100,100,31,17,8,5,0,1,1788124623.1967208,G1,T03,respiro_2m_10,1,static
27590299,1,0,1,0,228,0,100,0,14,10,2,7,8,4,5,1,2,0,0,100,100,100,30,17,7,5,0,1,1788124623.397089,G1,T03,respiro_2m_10,1,static
27590499,1,0,1,0,228,0,100,0,15,9,8,9,11,5,5,1,1,0,0,99,100,100,29,16,6,5,0,1,1788124623.5965428,G1,T03,respiro_2m_10,1,static
27590699,1,0,1,0,228,0,100,0,27,14,7,12,7,7,5,1,1,0,0,97,100,100,28,15,6,5,0,1,1788124623.796057,G1,T03,respiro_2m_10,1,static
27590899,1,0,1,0,229,0,100,0,18,13,6,8,5,10,4,4,1,0,0,95,100,100,28,15,6,5,0,1,1788124623.9969714,G1,T03,respiro_2m_10,1,static
27591099,1,0,1,0,228,0,100,0,15,12,8,9,8,7,4,3,1,0,0,96,100,100,28,16,7,6,0,1,1788124624.196911,G1,T03,respiro_2m_10,1,static
27591299,1,0,1,0,228,0,100,0,16,14,6,11,6,5,3,4,1,0,0,97,100,100,29,16,7,6,0,1,1788124624.3966925,G1,T03,respiro_2m_10,1,static
27591499,1,0,1,0,228,0,100,0,17,12,9,14,9,7,4,5,1,0,0,100,100,100,30,17,7,6,0,1,1788124624.596775,G1,T03,respiro_2m_10,1,static
27591699,1,0,1,0,227,0,100,0,19,14,6,11,10,5,2,4,1,0,0,100,100,100,31,17,8,6,0,1,1788124624.7964616,G1,T03,respiro_2m_10,1,static
27591899,1,0,1,0,227,0,100,0,19,15,6,14,13,6,3,5,1,0,0,100,100,100,31,18,8,6,0,1,1788124624.9966185,G1,T03,respiro_2m_10,1,static
27592099,1,0,1,0,227,0,100,0,17,15,8,14,6,6,3,5,1,0,0,100,100,100,31,18,9,6,0,1,1788124625.1962454,G1,T03,respiro_2m_10,1,static
27592299,1,0,1,0,227,0,100,0,21,11,3,9,9,7,3,4,1,0,0,100,100,100,32,19,10,6,0,1,1788124625.3962166,G1,T03,respiro_2m_10,1,static
27592499,1,0,1,0,227,0,100,0,14,7,3,10,9,7,4,5,1,0,0,100,100,100,32,19,10,5,0,1,1788124625.5961542,G1,T03,respiro_2m_10,1,static
27592699,1,0,1,0,227,0,100,0,23,16,6,10,3,5,3,4,1,0,0,100,100,100,32,19,11,5,0,1,1788124625.797072,G1,T03,respiro_2m_10,1,static
27592899,1,0,1,0,227,0,100,0,18,14,10,14,7,5,4,4,1,0,0,100,100,100,32,19,11,5,0,1,1788124625.996926,G1,T03,respiro_2m_10,1,static
27593099,1,0,1,0,227,0,100,0,16,12,7,11,8,3,4,5,1,0,0,100,100,100,32,19,11,5,0,1,1788124626.1967547,G1,T03,respiro_2m_10,1,static
27593299,1,0,1,0,227,0,100,0,18,14,4,3,4,2,4,5,1,0,0,100,100,100,32,18,10,4,0,1,1788124626.3961082,G1,T03,respiro_2m_10,1,static
27593499,1,0,1,0,227,0,100,0,13,7,8,16,8,4,3,6,1,0,0,100,100,100,32,18,10,4,0,1,1788124626.5965838,G1,T03,respiro_2m_10,1,static
27593699,1,0,1,0,228,0,100,0,19,12,11,13,10,7,1,7,1,0,0,100,100,100,32,17,10,4,0,1,1788124626.7970955,G1,T03,respiro_2m_10,1,static
27593899,1,0,1,0,229,0,100,0,15,12,6,10,8,9,1,7,1,0,0,100,100,100,33,17,10,4,0,1,1788124626.996972,G1,T03,respiro_2m_10,1,static
27594099,1,0,1,0,229,0,100,0,19,13,10,8,9,2,2,5,1,0,0,97,100,100,33,17,11,4,0,1,1788124627.1967452,G1,T03,respiro_2m_10,1,static
27594299,1,0,1,0,229,0,100,0,14,10,7,5,9,3,2,5,1,0,0,97,100,100,34,18,11,4,0,1,1788124627.3962934,G1,T03,respiro_2m_10,1,static
27594499,1,0,1,0,229,0,100,0,21,11,8,4,2,5,4,5,1,0,0,98,100,100,35,18,11,4,0,1,1788124627.596742,G1,T03,respiro_2m_10,1,static
27594699,1,0,1,0,229,0,100,0,14,8,6,8,9,7,6,5,1,0,0,100,100,100,36,19,11,3,0,1,1788124627.797006,G1,T03,respiro_2m_10,1,static
27594899,1,0,1,0,229,0,100,0,16,13,5,12,8,8,7,4,1,0,0,100,100,100,37,19,11,3,0,1,1788124627.9970179,G1,T03,respiro_2m_10,1,static
27595099,1,0,1,0,229,0,100,0,18,16,8,11,8,8,7,5,2,0,0,100,100,100,37,20,11,3,0,1,1788124628.1966064,G1,T03,respiro_2m_10,1,static
27595299,1,0,1,0,229,0,100,0,17,12,9,11,9,7,6,4,2,0,0,100,100,100,36,20,11,3,0,1,1788124628.3972528,G1,T03,respiro_2m_10,1,static
27595499,1,0,1,0,229,0,100,0,18,12,5,10,10,4,6,5,3,0,0,100,100,100,36,20,11,4,0,1,1788124628.5965736,G1,T03,respiro_2m_10,1,static
27595699,1,0,1,0,229,0,100,0,16,12,6,7,3,2,5,3,1,0,0,100,100,100,35,19,11,4,0,1,1788124628.7969146,G1,T03,respiro_2m_10,1,static
27595899,1,0,1,0,229,0,100,0,25,14,8,3,2,1,7,4,2,0,0,100,100,100,34,19,10,4,0,1,1788124628.9970422,G1,T03,respiro_2m_10,1,static
27596099,1,0,1,0,229,0,100,0,18,9,4,5,2,1,6,4,3,0,0,100,100,100,32,18,9,4,0,1,1788124629.196186,G1,T03,respiro_2m_10,1,static
27596299,1,0,1,0,229,0,100,0,14,14,5,10,5,2,5,4,1,0,0,100,100,100,31,17,8,4,0,1,1788124629.3971736,G1,T03,respiro_2m_10,1,static
27596499,1,0,1,0,229,0,100,0,19,14,7,10,9,3,6,4,1,0,0,97,100,100,29,16,8,4,0,1,1788124629.5970163,G1,T03,respiro_2m_10,1,static
27596699,1,0,1,0,229,0,100,0,19,15,8,8,6,5,6,4,1,0,0,92,100,100,28,16,7,4,0,1,1788124629.7968187,G1,T03,respiro_2m_10,1,static
27596899,1,0,1,0,229,0,100,0,15,11,7,11,7,8,5,5,1,0,0,89,100,100,27,15,7,4,0,1,1788124629.9969914,G1,T03,respiro_2m_10,1,static
27597099,1,0,1,0,229,0,100,0,17,14,9,12,7,8,4,7,1,0,0,87,100,100,27,15,7,5,0,1,1788124630.196228,G1,T03,respiro_2m_10,1,static
27597299,1,0,1,0,229,0,100,0,16,12,8,14,13,6,3,7,1,0,0,88,100,100,27,15,8,5,0,1,1788124630.3969061,G1,T03,respiro_2m_10,1,static
27597499,1,0,1,0,229,0,100,0,16,14,2,8,10,4,2,7,1,0,0,90,100,100,28,16,8,5,0,1,1788124630.5973253,G1,T03,respiro_2m_10,1,static
27597699,1,0,1,0,228,0,100,0,20,19,8,10,6,4,2,7,2,0,0,94,100,100,29,17,9,5,0,1,1788124630.7963583,G1,T03,respiro_2m_10,1,static
27597899,1,0,1,0,227,0,100,0,19,16,9,12,11,5,2,7,3,0,0,98,100,100,30,17,9,6,0,1,1788124630.9969566,G1,T03,respiro_2m_10,1,static
27598099,1,0,1,0,227,0,100,0,14,12,7,10,8,6,3,7,2,0,0,100,100,100,31,18,10,6,0,1,1788124631.197323,G1,T03,respiro_2m_10,1,static
27598299,1,0,1,0,227,0,100,0,25,17,6,13,9,7,4,6,2,0,0,100,100,100,32,19,11,6,0,1,1788124631.397093,G1,T03,respiro_2m_10,1,static
27598499,1,0,1,0,227,0,100,0,15,10,8,11,8,6,5,4,3,0,0,100,100,100,32,20,11,6,0,1,1788124631.5972416,G1,T03,respiro_2m_10,1,static
27598699,1,0,1,0,227,0,100,0,16,10,4,8,7,7,5,4,2,0,0,100,100,100,33,20,11,6,0,1,1788124631.7970326,G1,T03,respiro_2m_10,1,static
27598899,1,0,1,0,227,0,100,0,22,14,6,4,5,3,5,4,1,0,0,100,100,100,33,20,12,6,0,1,1788124631.997135,G1,T03,respiro_2m_10,1,static
27599099,1,0,1,0,227,0,100,0,15,10,8,9,9,2,5,6,2,0,0,100,100,100,33,20,12,6,0,1,1788124632.1967115,G1,T03,respiro_2m_10,1,static
27599299,1,0,1,0,227,0,100,0,21,13,5,6,9,4,5,5,1,0,0,100,100,100,33,19,11,6,0,1,1788124632.3970594,G1,T03,respiro_2m_10,1,static
27599499,1,0,1,0,228,0,100,0,15,12,11,18,9,3,5,5,1,0,0,100,100,100,33,19,11,6,0,1,1788124632.5970404,G1,T03,respiro_2m_10,1,static
27599699,1,0,1,0,228,0,100,0,23,13,14,17,13,9,2,8,1,0,0,100,100,100,33,19,11,5,0,1,1788124632.7971458,G1,T03,respiro_2m_10,1,static
27599899,1,0,1,0,229,0,100,0,13,9,6,13,10,8,1,7,2,0,0,98,100,100,33,19,12,5,0,1,1788124632.996891,G1,T03,respiro_2m_10,1,static
27600099,1,0,1,0,229,0,100,0,17,11,6,8,7,3,1,5,1,0,0,95,100,100,34,19,12,5,0,1,1788124633.1969898,G1,T03,respiro_2m_10,1,static
27600299,1,0,1,0,229,0,100,0,18,13,8,7,9,4,2,4,1,0,0,94,100,100,35,20,12,5,0,1,1788124633.3970344,G1,T03,respiro_2m_10,1,static
27600499,1,0,1,0,229,0,100,0,16,12,9,9,4,5,3,6,2,0,0,96,100,100,36,20,12,5,0,1,1788124633.597209,G1,T03,respiro_2m_10,1,static
27600699,1,0,1,0,229,0,100,0,18,11,4,11,8,6,4,5,1,0,0,99,100,100,37,20,13,5,0,1,1788124633.797063,G1,T03,respiro_2m_10,1,static
27600899,1,0,1,0,229,0,100,0,14,12,7,12,10,7,5,4,1,0,0,100,100,100,38,21,13,5,0,1,1788124633.9973545,G1,T03,respiro_2m_10,1,static
27601099,1,0,1,0,229,0,100,0,20,13,10,14,9,7,7,4,1,0,0,100,100,100,38,22,13,5,0,1,1788124634.1970255,G1,T03,respiro_2m_10,1,static
27601299,1,0,1,0,229,0,100,0,22,13,8,14,10,6,7,3,1,0,0,100,100,100,38,22,12,5,0,1,1788124634.396586,G1,T03,respiro_2m_10,1,static
27601499,1,0,1,0,229,0,100,0,25,16,8,14,7,6,7,3,1,0,0,100,100,100,37,22,13,5,0,1,1788124634.5975032,G1,T03,respiro_2m_10,1,static
27601699,1,0,1,0,228,0,100,0,13,8,9,10,8,6,8,2,2,0,0,100,100,100,36,22,12,5,0,1,1788124634.7968972,G1,T03,respiro_2m_10,1,static
27601899,1,0,1,0,227,0,100,0,17,11,5,8,3,5,7,2,1,0,0,100,100,100,35,22,12,5,0,1,1788124634.9970524,G1,T03,respiro_2m_10,1,static
27602099,1,0,1,0,227,0,100,0,15,12,5,10,1,6,8,1,1,0,0,100,100,100,33,22,11,5,0,1,1788124635.1970766,G1,T03,respiro_2m_10,1,static
27602299,1,0,1,0,227,0,100,0,19,16,6,6,5,6,7,1,1,0,0,100,100,100,32,21,11,5,0,1,1788124635.3973129,G1,T03,respiro_2m_10,1,static
27602499,1,0,1,0,227,0,100,0,16,12,7,10,8,6,6,4,3,0,0,100,100,100,30,19,10,5,0,1,1788124635.5974429,G1,T03,respiro_2m_10,1,static
27602699,1,0,1,0,227,0,100,0,18,15,9,11,10,3,5,4,2,0,0,100,100,100,29,18,9,5,0,1,1788124635.7972512,G1,T03,respiro_2m_10,1,static
27602899,1,0,1,0,227,0,100,0,16,12,10,9,9,4,6,4,2,0,0,100,100,100,28,18,9,5,0,1,1788124635.9971514,G1,T03,respiro_2m_10,1,static
27603099,1,0,1,0,227,0,100,0,19,13,7,10,6,4,5,5,2,0,0,100,100,100,27,17,9,5,0,1,1788124636.1970804,G1,T03,respiro_2m_10,1,static
27603299,1,0,1,0,227,0,100,0,15,13,9,9,5,6,4,6,2,0,0,100,100,100,27,17,9,5,0,1,1788124636.397047,G1,T03,respiro_2m_10,1,static
27603499,1,0,1,0,227,0,100,0,16,13,8,12,10,5,3,6,2,0,0,100,100,100,27,18,10,5,0,1,1788124636.5973265,G1,T03,respiro_2m_10,1,static
27603699,1,0,1,0,227,0,100,0,17,12,10,11,10,5,2,7,2,0,0,100,100,100,29,18,10,5,0,1,1788124636.797612,G1,T03,respiro_2m_10,1,static
27603899,1,0,1,0,226,0,100,0,22,16,6,11,8,5,2,7,2,0,0,100,100,100,29,19,10,5,0,1,1788124636.9973366,G1,T03,respiro_2m_10,1,static
27604099,1,0,1,0,226,0,100,0,20,12,9,9,11,6,2,7,2,0,0,100,100,100,30,19,11,5,0,1,1788124637.1967258,G1,T03,respiro_2m_10,1,static
27604299,1,0,1,0,226,0,100,0,18,17,8,13,9,7,4,7,2,0,0,100,100,100,30,20,11,6,0,1,1788124637.3970652,G1,T03,respiro_2m_10,1,static
27604499,1,0,1,0,226,0,100,0,21,15,12,14,12,7,6,7,2,0,0,100,100,100,31,21,12,6,0,1,1788124637.5973277,G1,T03,respiro_2m_10,1,static
27604699,1,0,1,0,226,0,100,0,15,13,9,10,10,8,7,7,3,0,0,100,100,100,31,22,13,6,0,1,1788124637.797461,G1,T03,respiro_2m_10,1,static
27604899,1,0,1,0,226,0,100,0,17,12,8,8,8,6,6,6,3,0,0,100,100,100,31,21,13,6,0,1,1788124637.9972486,G1,T03,respiro_2m_10,1,static
27605099,1,0,1,0,226,0,100,0,18,12,7,12,7,2,5,6,3,0,0,100,100,100,31,21,13,6,0,1,1788124638.197528,G1,T03,respiro_2m_10,1,static
27605299,1,0,1,0,226,0,100,0,20,14,9,10,3,3,6,5,3,0,0,100,100,100,31,21,12,5,0,1,1788124638.3967643,G1,T03,respiro_2m_10,1,static
27605499,1,0,1,0,227,0,100,0,17,11,2,5,9,2,6,5,2,0,0,100,100,100,31,21,12,5,0,1,1788124638.5975025,G1,T03,respiro_2m_10,1,static
27605699,1,0,1,0,227,0,100,0,16,13,11,16,11,4,3,7,2,0,0,100,100,100,32,20,12,5,0,1,1788124638.7975912,G1,T03,respiro_2m_10,1,static
27605899,1,0,1,0,228,0,100,0,20,13,9,14,5,8,1,7,3,0,0,100,100,100,32,19,12,5,0,1,1788124638.9975157,G1,T03,respiro_2m_10,1,static
27606099,1,0,1,0,229,0,100,0,13,11,8,7,9,6,1,6,2,0,0,99,100,100,32,19,11,4,0,1,1788124639.197084,G1,T03,respiro_2m_10,1,static
27606299,1,0,1,0,229,0,100,0,21,13,3,9,6,2,2,5,2,0,0,96,100,100,33,19,12,4,0,1,1788124639.3971715,G1,T03,respiro_2m_10,1,static
27606499,1,0,1,0,229,0,100,0,18,12,9,9,9,2,2,5,2,0,0,97,100,100,34,19,12,4,0,1,1788124639.59727,G1,T03,respiro_2m_10,1,static
27606699,1,0,1,0,229,0,100,0,21,14,1,7,3,5,3,6,2,0,0,99,100,100,35,20,12,4,0,1,1788124639.797253,G1,T03,respiro_2m_10,1,static
27606899,1,0,1,0,229,0,100,0,18,14,8,12,9,5,4,5,2,0,0,100,100,100,36,20,12,4,0,1,1788124639.99757,G1,T03,respiro_2m_10,1,static
27607099,1,0,1,0,229,0,100,0,17,12,10,12,9,5,7,4,4,0,0,100,100,100,36,21,12,4,0,1,1788124640.1968207,G1,T03,respiro_2m_10,1,static
27607299,1,0,1,0,228,0,100,0,18,13,12,17,12,7,8,4,3,0,0,100,100,100,36,21,12,4,0,1,1788124640.3973086,G1,T03,respiro_2m_10,1,static
27607499,1,0,1,0,228,0,100,0,13,9,8,16,10,6,9,2,1,0,0,100,100,100,36,22,12,5,0,1,1788124640.5970151,G1,T03,respiro_2m_10,1,static
27607699,1,0,1,0,227,0,100,0,13,11,7,10,6,6,8,2,1,0,0,100,100,100,35,22,12,5,0,1,1788124640.7971573,G1,T03,respiro_2m_10,1,static
27607899,1,0,1,0,227,0,100,0,18,16,3,2,4,6,9,1,2,0,0,100,100,100,34,22,12,5,0,1,1788124640.997479,G1,T03,respiro_2m_10,1,static
27608099,1,0,1,0,227,0,100,0,19,15,2,6,3,5,7,1,1,0,0,100,100,100,33,22,12,5,0,1,1788124641.19723,G1,T03,respiro_2m_10,1,static
27608299,1,0,1,0,227,0,100,0,20,13,2,10,4,3,6,3,3,0,0,100,100,100,32,21,11,5,0,1,1788124641.3976645,G1,T03,respiro_2m_10,1,static
27608499,1,0,1,0,227,0,100,0,15,11,7,8,6,1,5,3,2,0,0,100,100,100,30,19,10,5,0,1,1788124641.597145,G1,T03,respiro_2m_10,1,static
27608699,1,0,1,0,227,0,100,0,14,13,7,14,11,1,6,3,3,0,0,100,100,100,29,18,9,5,0,1,1788124641.7975116,G1,T03,respiro_2m_10,1,static
27608899,1,0,1,0,227,0,100,0,16,12,8,9,8,3,6,5,2,0,0,100,100,100,28,18,9,5,0,1,1788124641.9972568,G1,T03,respiro_2m_10,1,static
27609099,1,0,1,0,227,0,100,0,13,11,6,14,6,5,5,6,2,0,0,100,100,100,28,18,9,5,0,1,1788124642.1972697,G1,T03,respiro_2m_10,1,static
27609299,1,0,1,0,226,0,100,0,16,15,5,12,7,5,3,7,1,0,0,100,100,100,28,18,10,5,0,1,1788124642.3970103,G1,T03,respiro_2m_10,1,static
27609499,1,0,1,0,226,0,100,0,14,13,8,13,12,4,1,8,2,0,0,100,100,100,29,19,10,5,0,1,1788124642.597662,G1,T03,respiro_2m_10,1,static
27609699,1,0,1,0,226,0,100,0,19,14,4,9,8,5,1,8,2,0,0,100,100,100,29,19,11,5,0,1,1788124642.797346,G1,T03,respiro_2m_10,1,static
27609899,1,0,1,0,226,0,100,0,14,14,10,12,4,5,2,9,3,0,0,100,100,100,30,20,11,5,0,1,1788124642.9970288,G1,T03,respiro_2m_10,1,static
27610099,1,0,1,0,225,0,100,0,21,14,8,13,7,7,4,8,2,0,0,100,100,100,31,21,12,5,0,1,1788124643.1967957,G1,T03,respiro_2m_10,1,static
27610299,1,0,1,0,225,0,100,0,16,9,8,14,12,8,7,7,3,0,0,100,100,100,31,21,12,5,0,1,1788124643.3976731,G1,T03,respiro_2m_10,1,static
27610499,1,0,1,0,225,0,100,0,19,9,8,13,10,5,6,6,3,0,0,100,100,100,32,22,12,5,0,1,1788124643.597734,G1,T03,respiro_2m_10,1,static
27610699,1,0,1,0,226,0,100,0,21,9,5,10,2,2,6,5,2,0,0,100,100,100,32,22,12,5,0,1,1788124643.797341,G1,T03,respiro_2m_10,1,static
27610899,1,0,1,0,226,0,100,0,17,16,7,5,8,2,7,5,2,0,0,100,100,100,32,22,12,5,0,1,1788124643.9968004,G1,T03,respiro_2m_10,1,static
27611099,1,0,1,0,226,0,100,0,18,13,12,11,8,4,6,5,3,0,0,100,100,100,32,22,12,5,0,1,1788124644.1972718,G1,T03,respiro_2m_10,1,static
27611299,1,0,1,0,226,0,100,0,15,14,5,5,4,4,6,5,3,0,0,100,100,100,31,21,11,5,0,1,1788124644.3969285,G1,T03,respiro_2m_10,1,static
27611499,1,0,1,0,227,0,100,0,20,16,8,13,10,1,7,5,2,0,0,100,100,100,31,20,11,4,0,1,1788124644.597687,G1,T03,respiro_2m_10,1,static
27611699,1,0,1,0,227,0,100,0,17,10,10,17,11,4,3,7,2,0,0,100,100,100,31,20,10,4,0,1,1788124644.7977679,G1,T03,respiro_2m_10,1,static
27611899,1,0,1,0,228,0,100,0,17,10,11,12,5,8,1,7,2,0,0,100,100,100,31,19,10,4,0,1,1788124644.9974847,G1,T03,respiro_2m_10,1,static
27612099,1,0,1,0,229,0,100,0,16,11,7,7,10,9,1,6,1,0,0,98,100,100,31,19,10,4,0,1,1788124645.1972938,G1,T03,respiro_2m_10,1,static
27612299,1,0,1,0,229,0,100,0,17,14,9,7,5,3,2,4,1,0,0,96,100,100,31,19,10,4,0,1,1788124645.3970985,G1,T03,respiro_2m_10,1,static
27612499,1,0,1,0,229,0,100,0,20,15,4,4,8,2,3,5,2,0,0,98,100,100,33,19,11,4,0,1,1788124645.597354,G1,T03,respiro_2m_10,1,static
27612699,1,0,1,0,229,0,100,0,13,11,4,8,3,4,4,5,2,0,0,100,100,100,34,20,11,4,0,1,1788124645.7977552,G1,T03,respiro_2m_10,1,static
27612899,1,0,1,0,228,0,100,0,16,13,8,9,8,6,6,4,2,0,0,100,100,100,35,20,11,4,0,1,1788124645.9974632,G1,T03,respiro_2m_10,1,static
27613099,1,0,1,0,228,0,100,0,15,10,10,15,9,6,6,5,3,0,0,100,100,100,35,21,11,4,0,1,1788124646.196967,G1,T03,respiro_2m_10,1,static
27613299,1,0,1,0,228,0,100,0,15,10,11,16,10,7,8,3,2,0,0,100,100,100,35,20,11,4,0,1,1788124646.39724,G1,T03,respiro_2m_10,1,static
27613499,1,0,1,0,228,0,100,0,15,10,8,14,8,5,7,3,2,0,0,100,100,100,34,20,10,4,0,1,1788124646.596905,G1,T03,respiro_2m_10,1,static
27613699,1,0,1,0,228,0,100,0,17,14,6,12,8,6,6,3,3,0,0,100,100,100,33,20,10,5,0,1,1788124646.7977371,G1,T03,respiro_2m_10,1,static
27613899,1,0,1,0,229,0,100,0,13,11,7,5,3,4,6,3,1,0,0,100,100,100,32,19,9,5,0,1,1788124646.9973524,G1,T03,respiro_2m_10,1,static
27614099,1,0,1,0,229,0,100,0,24,12,3,8,2,4,6,3,2,0,0,100,100,100,31,18,9,5,0,1,1788124647.197472,G1,T03,respiro_2m_10,1,static
27614299,1,0,1,0,229,0,100,0,16,10,6,11,2,3,6,3,2,0,0,98,100,100,29,17,8,5,0,1,1788124647.396839,G1,T03,respiro_2m_10,1,static
27614499,1,0,1,0,229,0,100,0,14,12,7,7,7,3,5,4,2,0,0,93,100,100,28,16,7,5,0,1,1788124647.596881,G1,T03,respiro_2m_10,1,static
27614699,1,0,1,0,229,0,100,0,30,17,5,13,10,5,7,5,2,0,0,91,100,100,27,16,7,5,0,1,1788124647.7976828,G1,T03,respiro_2m_10,1,static
27614899,1,0,1,0,229,0,100,0,21,16,8,11,8,5,6,8,2,0,0,90,100,100,27,16,8,5,0,1,1788124647.9972894,G1,T03,respiro_2m_10,1,static
27615099,1,0,1,0,229,0,100,0,25,16,6,12,9,7,5,7,1,0,0,91,100,100,28,17,9,6,0,1,1788124648.196919,G1,T03,respiro_2m_10,1,static
27615299,1,0,1,0,229,0,100,0,20,13,11,12,8,6,4,6,1,0,0,94,100,100,28,17,9,6,0,1,1788124648.3970506,G1,T03,respiro_2m_10,1,static
27615499,1,0,1,0,228,0,100,0,14,13,7,11,11,6,2,6,1,0,0,98,100,100,29,18,10,6,0,1,1788124648.5978637,G1,T03,respiro_2m_10,1,static
27615699,1,0,1,0,228,0,100,0,22,18,7,10,11,7,2,7,2,0,0,100,100,100,31,19,11,6,0,1,1788124648.7972643,G1,T03,respiro_2m_10,1,static
27615899,1,0,1,0,227,0,100,0,16,13,7,11,8,7,3,8,2,0,0,100,100,100,32,20,11,6,0,1,1788124648.996934,G1,T03,respiro_2m_10,1,static
27616099,1,0,1,0,227,0,100,0,20,18,6,12,5,8,5,7,3,0,0,100,100,100,33,21,12,6,0,1,1788124649.197752,G1,T03,respiro_2m_10,1,static
27616299,1,0,1,0,227,0,100,0,17,13,7,13,10,7,6,5,2,0,0,100,100,100,33,21,12,6,0,1,1788124649.397721,G1,T03,respiro_2m_10,1,static
27616499,1,0,1,0,227,0,100,0,18,14,9,15,10,2,5,5,3,0,0,100,100,100,34,22,12,6,0,1,1788124649.5980213,G1,T03,respiro_2m_10,1,static
27616699,1,0,1,0,227,0,100,0,16,12,7,8,4,2,6,5,3,0,0,100,100,100,33,22,12,7,0,1,1788124649.7973273,G1,T03,respiro_2m_10,1,static
27616899,1,0,1,0,227,0,100,0,21,13,10,10,6,2,7,4,3,0,0,100,100,100,33,22,12,7,0,1,1788124649.998323,G1,T03,respiro_2m_10,1,static
27617099,1,0,1,0,227,0,100,0,14,14,6,8,9,2,6,5,3,0,0,100,100,100,33,22,12,6,0,1,1788124650.1971025,G1,T03,respiro_2m_10,1,static
27617299,1,0,1,0,228,0,100,0,21,14,2,2,2,3,6,5,2,0,0,100,100,100,33,22,12,6,0,1,1788124650.3970692,G1,T03,respiro_2m_10,1,static
27617499,1,0,1,0,229,0,100,0,21,13,5,17,8,2,6,5,3,0,0,100,100,100,33,22,12,6,0,1,1788124650.597937,G1,T03,respiro_2m_10,1,static
27617699,1,0,1,0,229,0,100,0,19,13,8,14,10,6,3,8,3,0,0,98,100,100,33,21,11,5,0,1,1788124650.7978725,G1,T03,respiro_2m_10,1,static
27617899,1,0,1,0,229,0,100,0,19,13,8,10,6,8,1,8,2,0,0,94,100,100,33,21,12,5,0,1,1788124650.9970765,G1,T03,respiro_2m_10,1,static
27618099,1,0,1,0,229,0,100,0,15,9,9,6,9,7,2,5,2,0,0,92,100,100,34,22,12,5,0,1,1788124651.1969984,G1,T03,respiro_2m_10,1,static
27618299,1,0,1,0,229,0,100,0,16,14,6,9,7,3,3,4,2,0,0,92,100,100,34,22,12,5,0,1,1788124651.3975441,G1,T03,respiro_2m_10,1,static
27618499,1,0,1,0,229,0,100,0,15,10,8,12,9,1,3,6,3,0,0,94,100,100,35,22,12,5,0,1,1788124651.5971475,G1,T03,respiro_2m_10,1,static
27618699,1,0,1,0,229,0,100,0,21,14,8,12,6,3,4,5,3,0,0,97,100,100,35,23,12,4,0,1,1788124651.7977524,G1,T03,respiro_2m_10,1,static
27618899,1,0,1,0,228,0,100,0,18,9,6,12,10,5,6,5,4,0,0,99,100,100,36,23,12,4,0,1,1788124651.9971426,G1,T03,respiro_2m_10,1,static
27619099,1,0,1,0,228,0,100,0,16,12,9,11,8,7,8,4,4,0,0,100,100,100,36,23,11,5,0,1,1788124652.1981053,G1,T03,respiro_2m_10,1,static
27619299,1,0,1,0,228,0,100,0,18,14,8,14,10,7,8,4,3,0,0,100,100,100,35,22,11,5,0,1,1788124652.3972194,G1,T03,respiro_2m_10,1,static
27619499,1,0,1,0,227,0,100,0,15,13,7,14,7,8,9,4,3,0,0,100,100,100,34,22,11,5,0,1,1788124652.5973957,G1,T03,respiro_2m_10,1,static
27619699,1,0,1,0,227,0,100,0,16,13,3,11,7,7,8,2,2,0,0,100,100,100,34,22,11,5,0,1,1788124652.7976012,G1,T03,respiro_2m_10,1,static
27619899,1,0,1,0,227,0,100,0,14,11,3,3,5,6,7,2,2,0,0,100,100,100,33,21,10,5,0,1,1788124652.9976885,G1,T03,respiro_2m_10,1,static
27620099,1,0,1,0,227,0,100,0,18,11,5,4,5,4,6,3,3,0,0,100,100,100,32,21,10,5,0,1,1788124653.1978698,G1,T03,respiro_2m_10,1,static
27620299,1,0,1,0,227,0,100,0,16,14,6,10,8,2,5,4,2,0,0,100,100,100,30,20,9,5,0,1,1788124653.3967812,G1,T03,respiro_2m_10,1,static
27620499,1,0,1,0,227,0,100,0,19,13,6,7,9,2,4,4,2,0,0,97,100,100,29,18,9,5,0,1,1788124653.5969653,G1,T03,respiro_2m_10,1,static
27620699,1,0,1,0,227,0,100,0,14,11,9,12,8,3,5,5,3,0,0,95,100,100,28,18,9,5,0,1,1788124653.7970092,G1,T03,respiro_2m_10,1,static
27620899,1,0,1,0,227,0,100,0,20,16,5,10,4,6,4,5,2,0,0,93,100,100,28,17,9,5,0,1,1788124653.997886,G1,T03,respiro_2m_10,1,static
27621099,1,0,1,0,227,0,100,0,16,13,9,11,11,7,3,7,2,0,0,92,100,100,28,17,9,5,0,1,1788124654.197803,G1,T03,respiro_2m_10,1,static
27621299,1,0,1,0,227,0,100,0,19,11,9,11,9,3,1,7,3,0,0,94,100,100,28,18,10,5,0,1,1788124654.3973825,G1,T03,respiro_2m_10,1,static
27621499,1,0,1,0,227,0,100,0,15,10,9,12,13,5,1,7,3,0,0,98,100,100,29,18,10,5,0,1,1788124654.5979166,G1,T03,respiro_2m_10,1,static
27621699,1,0,1,0,226,0,100,0,15,11,7,6,6,5,1,6,2,0,0,100,100,100,30,18,11,5,0,1,1788124654.7979808,G1,T03,respiro_2m_10,1,static
27621899,1,0,1,0,226,0,100,0,15,12,9,10,8,7,1,8,3,0,0,100,100,100,31,19,11,5,0,1,1788124654.9978929,G1,T03,respiro_2m_10,1,static
27622099,1,0,1,0,226,0,100,0,22,15,7,11,11,8,3,8,4,0,0,100,100,100,32,19,11,5,0,1,1788124655.1981657,G1,T03,respiro_2m_10,1,static
27622299,1,0,1,0,226,0,100,0,13,13,7,16,9,9,5,8,6,0,0,100,100,100,33,20,12,6,0,1,1788124655.3972962,G1,T03,respiro_2m_10,1,static
27622499,1,0,1,0,226,0,100,0,15,14,6,12,9,7,7,6,5,0,0,100,100,100,33,21,12,6,0,1,1788124655.5973325,G1,T03,respiro_2m_10,1,static
27622699,1,0,1,0,226,0,100,0,17,14,7,9,8,2,6,7,7,0,0,100,100,100,34,22,13,6,0,1,1788124655.7971816,G1,T03,respiro_2m_10,1,static
27622899,1,0,1,0,226,0,100,0,21,15,3,7,5,1,6,6,5,0,0,100,100,100,33,21,13,7,0,1,1788124655.997003,G1,T03,respiro_2m_10,1,static
27623099,1,0,1,0,226,0,100,0,13,8,7,12,4,1,5,5,4,0,0,100,100,100,33,21,12,6,0,1,1788124656.1980212,G1,T03,respiro_2m_10,1,static
27623299,1,0,1,0,227,0,100,0,14,12,9,4,7,1,5,6,5,0,0,100,100,100,33,21,12,6,0,1,1788124656.3969772,G1,T03,respiro_2m_10,1,static
27623499,1,0,1,0,227,0,100,0,16,15,2,16,8,1,4,6,5,0,0,100,100,100,33,20,11,6,0,1,1788124656.5981798,G1,T03,respiro_2m_10,1,static
27623699,1,0,1,0,228,0,100,0,18,13,4,10,10,5,1,8,5,0,0,95,100,100,32,20,11,6,0,1,1788124656.7971904,G1,T03,respiro_2m_10,1,static
27623899,1,0,1,0,229,0,100,0,20,13,8,11,7,8,1,7,4,0,0,91,100,100,32,20,11,5,0,1,1788124656.9975657,G1,T03,respiro_2m_10,1,static
27624099,1,0,1,0,229,0,100,0,18,14,5,11,10,8,3,6,4,0,0,88,100,100,32,20,11,5,0,1,1788124657.1983416,G1,T03,respiro_2m_10,1,static
27624299,1,0,1,0,229,0,100,0,16,12,6,5,8,4,3,4,3,0,0,89,100,100,32,20,12,5,0,1,1788124657.3971357,G1,T03,respiro_2m_10,1,static
27624499,1,0,1,0,229,0,100,0,16,11,4,10,3,1,3,5,4,0,0,91,100,100,33,20,11,5,0,1,1788124657.597255,G1,T03,respiro_2m_10,1,static
27624699,1,0,1,0,228,0,100,0,16,14,7,12,9,3,5,6,5,0,0,94,100,100,33,21,11,5,0,1,1788124657.7972329,G1,T03,respiro_2m_10,1,static
27624899,1,0,1,0,227,0,100,0,19,14,7,13,10,5,6,4,4,0,0,97,100,100,34,21,11,6,0,1,1788124657.9981978,G1,T03,respiro_2m_10,1,static
27625099,1,0,1,0,227,0,100,0,28,15,9,10,12,5,6,5,5,0,0,100,100,100,34,21,11,6,0,1,1788124658.1971953,G1,T03,respiro_2m_10,1,static
27625299,1,0,1,0,227,0,100,0,17,13,10,12,8,7,7,5,5,0,0,100,100,100,34,21,11,6,0,1,1788124658.3984578,G1,T03,respiro_2m_10,1,static
27625499,1,0,1,0,227,0,100,0,16,14,9,15,9,9,9,4,4,0,0,100,100,100,33,22,11,6,0,1,1788124658.5980964,G1,T03,respiro_2m_10,1,static
27625699,1,0,1,0,227,0,100,0,20,15,4,13,7,7,8,3,4,0,0,100,100,100,32,21,10,6,0,1,1788124658.797444,G1,T03,respiro_2m_10,1,static
27625899,1,0,1,0,227,0,100,0,20,11,6,10,7,6,8,2,4,0,0,100,100,100,31,21,10,6,0,1,1788124658.9981077,G1,T03,respiro_2m_10,1,static
27626099,1,0,1,0,227,0,100,0,15,8,2,3,6,7,7,3,3,0,0,100,100,100,30,21,10,6,0,1,1788124659.1974277,G1,T03,respiro_2m_10,1,static
27626299,1,0,1,0,227,0,100,0,17,11,2,3,5,6,7,4,4,0,0,100,100,100,30,20,9,6,0,1,1788124659.397831,G1,T03,respiro_2m_10,1,static
27626499,1,0,1,0,227,0,100,0,18,13,3,7,4,4,6,3,4,0,0,97,100,100,29,19,8,5,0,1,1788124659.5976343,G1,T03,respiro_2m_10,1,static
27626699,1,0,1,0,226,0,100,0,15,11,12,15,10,3,4,3,4,0,0,95,100,100,27,18,8,5,0,1,1788124659.797318,G1,T03,respiro_2m_10,1,static
27626899,1,0,1,0,226,0,100,0,18,14,10,8,5,2,5,4,6,0,0,94,100,100,26,17,8,5,0,1,1788124659.9980967,G1,T03,respiro_2m_10,1,static
27627099,1,0,1,0,226,0,100,0,14,13,4,8,8,5,3,5,5,0,0,93,100,100,25,16,8,5,0,1,1788124660.1973588,G1,T03,respiro_2m_10,1,static
27627299,1,0,1,0,226,0,100,0,14,12,8,13,8,6,2,6,5,0,0,94,100,100,25,16,8,5,0,1,1788124660.3971665,G1,T03,respiro_2m_10,1,static
27627499,1,0,1,0,226,0,100,0,17,12,7,15,9,2,2,7,5,0,0,98,100,100,25,16,9,5,0,1,1788124660.5973523,G1,T03,respiro_2m_10,1,static
27627699,1,0,1,0,225,0,100,0,19,16,6,10,10,3,1,7,4,0,0,100,100,100,25,16,9,5,0,1,1788124660.7981215,G1,T03,respiro_2m_10,1,static
27627899,1,0,1,0,225,0,100,0,21,14,8,8,6,5,1,8,5,0,0,100,100,100,26,17,9,5,0,1,1788124660.9973447,G1,T03,respiro_2m_10,1,static
27628099,1,0,1,0,225,0,100,0,23,18,7,12,10,8,2,9,7,0,0,100,100,100,27,17,10,5,0,1,1788124661.1980789,G1,T03,respiro_2m_10,1,static
27628299,1,0,1,0,225,0,100,0,18,11,10,15,9,11,4,8,7,0,0,100,100,100,29,18,10,5,0,1,1788124661.3984435,G1,T03,respiro_2m_10,1,static
27628499,1,0,1,0,225,0,100,0,15,13,7,10,10,3,7,6,7,0,0,100,100,100,30,19,11,6,0,1,1788124661.597933,G1,T03,respiro_2m_10,1,static
27628699,1,0,1,0,226,0,100,0,16,12,5,9,8,1,7,7,7,0,0,100,100,100,30,19,11,5,0,1,1788124661.798193,G1,T03,respiro_2m_10,1,static
27628899,1,0,1,0,226,0,100,0,15,12,4,11,7,2,6,6,7,0,0,100,100,100,30,19,11,6,0,1,1788124661.9979718,G1,T03,respiro_2m_10,1,static
27629099,1,0,1,0,226,0,100,0,16,10,5,8,12,1,5,5,7,0,0,100,100,100,30,19,11,6,0,1,1788124662.1980765,G1,T03,respiro_2m_10,1,static
27629299,1,0,1,0,226,0,100,0,16,11,6,10,4,2,4,7,7,0,0,100,100,100,30,19,11,5,0,1,1788124662.3973143,G1,T03,respiro_2m_10,1,static
27629499,1,0,1,0,227,0,100,0,18,12,4,14,9,2,3,6,6,0,0,100,100,100,30,18,10,5,0,1,1788124662.5980508,G1,T03,respiro_2m_10,1,static
27629699,1,0,1,0,227,0,100,0,15,14,7,11,9,1,1,8,6,0,0,100,100,100,29,17,10,5,0,1,1788124662.798,G1,T03,respiro_2m_10,1,static
27629899,1,0,1,0,227,0,100,0,24,13,4,9,5,5,1,7,6,0,0,96,100,100,29,17,10,5,0,1,1788124662.997111,G1,T03,respiro_2m_10,1,static
27630099,1,0,1,0,227,0,100,0,18,15,6,8,10,8,2,5,4,0,0,95,100,100,29,17,10,5,0,1,1788124663.1983657,G1,T03,respiro_2m_10,1,static
27630299,1,0,1,0,227,0,100,0,16,15,5,10,9,8,5,3,5,0,0,94,100,100,29,17,11,5,0,1,1788124663.3977492,G1,T03,respiro_2m_10,1,static
27630499,1,0,1,0,227,0,100,0,15,11,7,8,3,5,4,5,6,0,0,95,100,100,29,18,11,5,0,1,1788124663.5974257,G1,T03,respiro_2m_10,1,static
27630699,1,0,1,0,227,0,100,0,16,12,8,14,9,4,5,5,6,0,0,97,100,100,31,19,11,4,0,1,1788124663.7981555,G1,T03,respiro_2m_10,1,static
27630899,1,0,1,0,227,0,100,0,23,16,11,14,11,6,6,5,7,0,0,98,100,100,32,19,11,4,0,1,1788124663.998447,G1,T03,respiro_2m_10,1,static
27631099,1,0,1,0,227,0,100,0,14,10,7,12,11,7,7,5,6,0,0,100,100,100,33,20,11,5,0,1,1788124664.1981578,G1,T03,respiro_2m_10,1,static
27631299,1,0,1,0,227,0,100,0,22,13,11,16,11,8,7,6,6,0,0,100,100,100,34,20,11,5,0,1,1788124664.3984845,G1,T03,respiro_2m_10,1,static
27631499,1,0,1,0,227,0,100,0,15,12,11,14,10,7,8,4,4,0,0,100,100,100,33,20,11,5,0,1,1788124664.5984578,G1,T03,respiro_2m_10,1,static
27631699,1,0,1,0,227,0,100,0,15,10,5,9,7,4,8,3,5,0,0,100,100,100,33,20,11,5,0,1,1788124664.7980964,G1,T03,respiro_2m_10,1,static
27631899,1,0,1,0,227,0,100,0,18,12,2,8,7,5,7,3,4,0,0,100,100,100,32,20,11,5,0,1,1788124664.9983053,G1,T03,respiro_2m_10,1,static
27632099,1,0,1,0,227,0,100,0,13,9,6,8,1,4,6,4,4,0,0,100,100,100,31,19,11,6,0,1,1788124665.197642,G1,T03,respiro_2m_10,1,static
27632299,1,0,1,0,227,0,100,0,19,13,3,3,3,5,6,3,4,0,0,99,100,100,30,19,10,5,0,1,1788124665.3979647,G1,T03,respiro_2m_10,1,static
27632499,1,0,1,0,227,0,100,0,17,15,5,13,9,5,5,4,4,0,0,98,100,100,29,18,9,5,0,1,1788124665.5979846,G1,T03,respiro_2m_10,1,static
27632699,1,0,1,0,227,0,100,0,24,15,9,13,12,5,4,4,5,0,0,95,100,100,27,17,9,5,0,1,1788124665.7975876,G1,T03,respiro_2m_10,1,static
27632899,1,0,1,0,227,0,100,0,18,15,9,12,10,4,4,3,6,0,0,93,100,100,26,15,9,5,0,1,1788124665.9974365,G1,T03,respiro_2m_10,1,static
27633099,1,0,1,0,227,0,100,0,13,10,5,8,8,5,3,6,6,0,0,93,100,100,25,15,9,5,0,1,1788124666.1976342,G1,T03,respiro_2m_10,1,static
27633299,1,0,1,0,226,0,100,0,20,16,9,9,5,6,1,5,4,0,0,93,100,100,24,15,9,5,0,1,1788124666.3973763,G1,T03,respiro_2m_10,1,static
27633499,1,0,1,0,226,0,100,0,18,11,2,12,10,6,1,7,6,0,0,95,100,100,24,15,9,6,0,1,1788124666.5980735,G1,T03,respiro_2m_10,1,static
27633699,1,0,1,0,226,0,100,0,18,12,8,13,10,3,1,7,5,0,0,98,100,100,25,15,9,6,0,1,1788124666.7981524,G1,T03,respiro_2m_10,1,static
27633899,1,0,1,0,226,0,100,0,17,12,5,9,5,4,1,8,5,0,0,100,100,100,26,15,9,6,0,1,1788124666.9980602,G1,T03,respiro_2m_10,1,static
27634099,1,0,1,0,226,0,100,0,21,16,3,8,9,6,1,9,6,0,0,100,100,100,27,15,10,5,0,1,1788124667.1982718,G1,T03,respiro_2m_10,1,static
27634299,1,0,1,0,226,0,100,0,18,15,5,9,5,8,2,9,6,0,0,100,100,100,28,16,10,5,0,1,1788124667.3975525,G1,T03,respiro_2m_10,1,static
27634499,1,0,1,0,226,0,100,0,18,14,7,14,13,7,6,8,6,0,0,100,100,100,29,17,11,5,0,1,1788124667.5980902,G1,T03,respiro_2m_10,1,static
27634699,1,0,1,0,227,0,100,0,16,9,12,11,10,1,7,7,7,0,0,100,100,100,29,17,11,6,0,1,1788124667.7979903,G1,T03,respiro_2m_10,1,static
27634899,1,0,1,0,227,0,100,0,21,18,5,12,7,2,7,6,6,0,0,100,100,100,29,17,11,6,0,1,1788124667.9984355,G1,T03,respiro_2m_10,1,static
27635099,1,0,1,0,227,0,100,0,17,12,6,10,10,1,6,6,6,0,0,100,100,100,29,17,11,6,0,1,1788124668.1984737,G1,T03,respiro_2m_10,1,static
27635299,1,0,1,0,227,0,100,0,19,15,8,12,11,4,5,6,6,0,0,100,100,100,29,17,11,6,0,1,1788124668.3982844,G1,T03,respiro_2m_10,1,static
27635499,1,0,1,0,227,0,100,0,19,15,7,2,2,3,4,6,6,0,0,100,100,100,29,17,11,5,0,1,1788124668.5979946,G1,T03,respiro_2m_10,1,static
27635699,1,0,1,0,227,0,100,0,19,11,8,15,11,1,2,7,7,0,0,98,100,100,29,17,11,5,0,1,1788124668.7978928,G1,T03,respiro_2m_10,1,static
27635899,1,0,1,0,227,0,100,0,16,16,2,9,8,2,1,8,5,0,0,93,100,100,28,16,10,5,0,1,1788124668.9981904,G1,T03,respiro_2m_10,1,static
27636099,1,0,1,0,227,0,100,0,18,14,3,7,6,6,1,7,3,0,0,90,100,100,28,17,11,5,0,1,1788124669.1981256,G1,T03,respiro_2m_10,1,static
27636299,1,0,1,0,227,0,100,0,18,15,6,11,11,7,3,5,5,0,0,88,100,100,28,17,11,5,0,1,1788124669.398652,G1,T03,respiro_2m_10,1,static
27636499,1,0,1,0,227,0,100,0,17,13,9,6,5,6,3,3,5,0,0,87,100,100,29,17,11,5,0,1,1788124669.5982778,G1,T03,respiro_2m_10,1,static
27636699,1,0,1,0,227,0,100,0,13,11,10,12,9,4,4,4,5,0,0,88,100,100,30,18,11,5,0,1,1788124669.7983134,G1,T03,respiro_2m_10,1,static
27636899,1,0,1,0,227,0,100,0,20,10,8,11,8,7,6,3,5,0,0,90,100,100,32,19,11,5,0,1,1788124669.9979033,G1,T03,respiro_2m_10,1,static
27637099,1,0,1,0,227,0,100,0,14,10,7,10,11,8,7,3,4,0,0,91,100,100,33,20,12,5,0,1,1788124670.1983173,G1,T03,respiro_2m_10,1,static
27637299,1,0,1,0,227,0,100,0,19,14,8,16,6,6,7,4,5,0,0,92,100,100,34,21,12,5,0,1,1788124670.3983705,G1,T03,respiro_2m_10,1,static
27637499,1,0,1,0,227,0,100,0,17,11,10,15,11,7,8,4,5,0,0,93,100,100,34,21,12,5,0,1,1788124670.59848,G1,T03,respiro_2m_10,1,static
27637699,1,0,1,0,227,0,100,0,17,12,4,11,7,3,8,4,4,0,0,93,100,100,34,21,12,5,0,1,1788124670.797767,G1,T03,respiro_2m_10,1,static
27637899,1,0,1,0,227,0,100,0,24,16,7,8,7,3,7,3,3,0,0,94,100,100,34,21,12,6,0,1,1788124670.998142,G1,T03,respiro_2m_10,1,static
27638099,1,0,1,0,227,0,100,0,15,12,8,11,5,2,7,4,4,0,0,94,100,100,33,21,11,6,0,1,1788124671.1983218,G1,T03,respiro_2m_10,1,static
27638299,1,0,1,0,227,0,100,0,18,15,2,5,5,3,6,3,3,0,0,94,100,100,32,20,11,6,0,1,1788124671.3977926,G1,T03,respiro_2m_10,1,static
27638499,1,0,1,0,227,0,100,0,16,16,8,10,3,3,6,4,3,0,0,93,100,100,31,19,10,7,0,1,1788124671.5975187,G1,T03,respiro_2m_10,1,static
27638699,1,0,1,0,227,0,100,0,15,12,10,13,11,3,4,4,4,0,0,91,100,100,29,17,9,7,0,1,1788124671.7986383,G1,T03,respiro_2m_10,1,static
27638899,1,0,1,0,227,0,100,0,15,11,4,13,10,3,6,3,4,0,0,89,100,100,28,16,9,7,0,1,1788124671.997803,G1,T03,respiro_2m_10,1,static
27639099,1,0,1,0,227,0,100,0,18,15,12,8,6,4,6,5,5,0,0,88,100,100,27,16,9,6,0,1,1788124672.198348,G1,T03,respiro_2m_10,1,static
27639299,1,0,1,0,228,0,100,0,15,14,7,15,9,7,4,7,5,0,0,88,100,100,26,15,9,7,0,1,1788124672.3985152,G1,T03,respiro_2m_10,1,static
27639499,1,0,1,0,228,0,100,0,13,9,8,12,13,8,2,6,4,0,0,89,100,100,26,15,9,7,0,1,1788124672.5983727,G1,T03,respiro_2m_10,1,static
27639699,1,0,1,0,227,0,100,0,17,12,6,13,8,1,2,7,5,0,0,94,100,100,26,16,10,7,0,1,1788124672.7977362,G1,T03,respiro_2m_10,1,static
27639899,1,0,1,0,227,0,100,0,16,11,7,7,8,3,2,7,5,0,0,98,100,100,28,16,10,7,0,1,1788124672.9980364,G1,T03,respiro_2m_10,1,static
27640099,1,0,1,0,227,0,100,0,19,13,5,9,8,6,1,8,6,0,0,100,100,100,29,16,10,7,0,1,1788124673.1976233,G1,T03,respiro_2m_10,1,static
27640299,1,0,1,0,227,0,100,0,20,13,8,12,6,8,3,9,6,0,0,100,100,100,30,16,11,7,0,1,1788124673.398527,G1,T03,respiro_2m_10,1,static
27640499,1,0,1,0,227,0,100,0,19,16,11,13,13,7,4,9,7,0,0,100,100,100,31,17,11,7,0,1,1788124673.5977776,G1,T03,respiro_2m_10,1,static
27640699,1,0,1,0,227,0,100,0,14,16,8,10,8,1,5,8,6,0,0,100,100,100,31,17,12,7,0,1,1788124673.7983072,G1,T03,respiro_2m_10,1,static
27640899,1,0,1,0,228,0,100,0,19,13,10,12,8,2,8,7,7,0,0,100,100,100,31,17,12,7,0,1,1788124673.9978125,G1,T03,respiro_2m_10,1,static
27641099,1,0,1,0,228,0,100,0,14,11,3,6,8,1,6,6,7,0,0,100,100,100,31,17,12,7,0,1,1788124674.1985114,G1,T03,respiro_2m_10,1,static
27641299,1,0,1,0,228,0,100,0,19,14,8,15,10,1,6,7,8,0,0,100,100,100,30,17,12,7,0,1,1788124674.3976562,G1,T03,respiro_2m_10,1,static
27641499,1,0,1,0,228,0,100,0,19,17,6,5,7,2,5,8,8,0,0,100,100,100,30,17,11,7,0,1,1788124674.5977633,G1,T03,respiro_2m_10,1,static
27641699,1,0,1,0,228,0,100,0,19,18,9,19,10,1,5,7,7,0,0,100,100,100,29,17,11,7,0,1,1788124674.7976305,G1,T03,respiro_2m_10,1,static
27641899,1,0,1,0,228,0,100,0,15,12,6,10,9,3,1,9,8,0,0,96,100,100,29,17,11,7,0,1,1788124674.9984457,G1,T03,respiro_2m_10,1,static
27642099,1,0,1,0,228,0,100,0,22,16,7,10,8,7,1,8,7,0,0,93,100,100,29,17,11,6,0,1,1788124675.198466,G1,T03,respiro_2m_10,1,static
27642299,1,0,1,0,229,0,100,0,13,9,7,13,11,7,2,4,5,0,0,89,100,100,29,17,11,6,0,1,1788124675.3987548,G1,T03,respiro_2m_10,1,static
27642499,1,0,1,0,228,0,100,0,15,12,6,9,9,9,4,2,5,0,0,88,100,100,29,17,11,6,0,1,1788124675.5982752,G1,T03,respiro_2m_10,1,static
27642699,1,0,1,0,228,0,100,0,15,10,8,12,8,6,4,4,6,0,0,88,100,100,30,18,12,6,0,1,1788124675.7984965,G1,T03,respiro_2m_10,1,static
27642899,1,0,1,0,228,0,100,0,14,11,6,9,7,5,5,3,5,0,0,88,100,100,31,19,12,6,0,1,1788124675.9985404,G1,T03,respiro_2m_10,1,static
27643099,1,0,1,0,228,0,100,0,18,15,6,12,10,7,7,4,5,0,0,88,100,100,33,20,12,7,0,1,1788124676.1985874,G1,T03,respiro_2m_10,1,static
27643299,1,0,1,0,228,0,100,0,21,13,8,9,9,7,5,5,6,0,0,89,100,100,34,20,12,7,0,1,1788124676.39878,G1,T03,respiro_2m_10,1,static
27643499,1,0,1,0,228,0,100,0,14,8,8,13,11,7,7,5,6,0,0,90,100,100,34,20,12,7,0,1,1788124676.5986588,G1,T03,respiro_2m_10,1,static
27643699,1,0,1,0,228,0,100,0,19,13,6,12,10,5,7,3,4,0,0,91,100,100,34,20,12,7,0,1,1788124676.7977788,G1,T03,respiro_2m_10,1,static
27643899,1,0,1,0,227,0,100,0,16,12,7,10,10,5,7,3,4,0,0,92,100,100,33,20,12,8,0,1,1788124676.9977896,G1,T03,respiro_2m_10,1,static
27644099,1,0,1,0,227,0,100,0,17,12,7,13,3,3,7,2,4,0,0,93,100,100,32,20,11,8,0,1,1788124677.1983123,G1,T03,respiro_2m_10,1,static
27644299,1,0,1,0,227,0,100,0,18,12,7,11,11,6,7,2,3,0,0,94,100,100,31,20,11,8,0,1,1788124677.3980956,G1,T03,respiro_2m_10,1,static
27644499,1,0,1,0,227,0,100,0,16,13,2,4,2,5,6,3,3,0,0,93,100,100,29,19,10,8,0,1,1788124677.5981615,G1,T03,respiro_2m_10,1,static
27644699,1,0,1,0,227,0,100,0,17,12,9,13,6,5,6,4,4,0,0,91,100,100,28,18,10,9,0,1,1788124677.7988064,G1,T03,respiro_2m_10,1,static
27644899,1,0,1,0,227,0,100,0,15,13,9,13,13,3,7,3,4,0,0,90,100,100,27,16,9,8,0,1,1788124677.9981322,G1,T03,respiro_2m_10,1,static
27645099,1,0,1,0,227,0,100,0,19,14,12,11,9,4,7,3,4,0,0,90,100,100,26,16,9,8,0,1,1788124678.1986525,G1,T03,respiro_2m_10,1,static
27645299,1,0,1,0,227,0,100,0,16,14,7,12,10,7,5,5,4,0,0,91,100,100,25,15,9,8,0,1,1788124678.398173,G1,T03,respiro_2m_10,1,static
27645499,1,0,1,0,227,0,100,0,17,11,4,9,12,6,5,6,5,0,0,94,100,100,25,15,10,7,0,1,1788124678.597688,G1,T03,respiro_2m_10,1,static
27645699,1,0,1,0,227,0,100,0,15,13,6,13,10,3,3,7,5,0,0,99,100,100,25,15,10,7,0,1,1788124678.7980638,G1,T03,respiro_2m_10,1,static
27645899,1,0,1,0,227,0,100,0,18,11,9,12,6,4,1,8,5,0,0,100,100,100,26,16,11,8,0,1,1788124678.9979336,G1,T03,respiro_2m_10,1,static
27646099,1,0,1,0,227,0,100,0,17,13,6,9,12,8,2,8,6,0,0,100,100,100,28,16,11,8,0,1,1788124679.198427,G1,T03,respiro_2m_10,1,static
27646299,1,0,1,0,227,0,100,0,13,13,4,10,7,8,3,7,6,0,0,100,100,100,29,17,11,8,0,1,1788124679.3980284,G1,T03,respiro_2m_10,1,static
27646499,1,0,1,0,227,0,100,0,15,12,10,15,9,7,7,6,7,0,0,100,100,100,30,17,12,8,0,1,1788124679.5988598,G1,T03,respiro_2m_10,1,static
27646699,1,0,1,0,227,0,100,0,15,12,11,11,8,1,7,6,7,0,0,100,100,100,31,18,12,8,0,1,1788124679.7983956,G1,T03,respiro_2m_10,1,static
27646899,1,0,1,0,227,0,100,0,16,9,2,12,6,1,6,7,7,0,0,100,100,100,31,18,12,7,0,1,1788124679.9986358,G1,T03,respiro_2m_10,1,static
27647099,1,0,1,0,227,0,100,0,18,10,6,9,10,3,6,6,7,0,0,100,100,100,31,18,12,8,0,1,1788124680.1978672,G1,T03,respiro_2m_10,1,static
27647299,1,0,1,0,227,0,100,0,16,11,11,14,9,2,5,7,8,0,0,100,100,100,30,18,12,8,0,1,1788124680.39886,G1,T03,respiro_2m_10,1,static
27647499,1,0,1,0,227,0,100,0,17,14,3,5,7,3,4,6,7,0,0,100,100,100,30,18,12,7,0,1,1788124680.598738,G1,T03,respiro_2m_10,1,static
27647699,1,0,1,0,227,0,100,0,20,11,5,8,5,3,3,6,7,0,0,100,100,100,30,18,11,7,0,1,1788124680.798825,G1,T03,respiro_2m_10,1,static
27647899,1,0,1,0,227,0,100,0,18,12,8,15,13,1,1,7,6,0,0,100,100,100,29,18,11,6,0,1,1788124680.9983099,G1,T03,respiro_2m_10,1,static
27648099,1,0,1,0,227,0,100,0,16,13,7,10,6,1,2,8,7,0,0,98,100,100,29,17,11,6,0,1,1788124681.1980886,G1,T03,respiro_2m_10,1,static
27648299,1,0,1,0,227,0,100,0,19,10,6,7,5,3,1,8,6,0,0,95,100,100,29,17,10,6,0,1,1788124681.398364,G1,T03,respiro_2m_10,1,static
27648499,1,0,1,0,227,0,100,0,13,8,5,8,8,6,2,7,5,0,0,93,100,100,29,18,11,5,0,1,1788124681.5985763,G1,T03,respiro_2m_10,1,static
27648699,1,0,1,0,227,0,100,0,27,17,9,10,11,8,4,6,5,0,0,93,100,100,29,19,11,5,0,1,1788124681.7987075,G1,T03,respiro_2m_10,1,static
27648899,1,0,1,0,227,0,100,0,16,10,5,8,5,4,4,5,5,0,0,94,100,100,30,20,11,5,0,1,1788124681.997817,G1,T03,respiro_2m_10,1,static
27649099,1,0,1,0,227,0,100,0,21,12,4,8,6,3,3,6,7,0,0,93,100,100,31,20,11,5,0,1,1788124682.1984901,G1,T03,respiro_2m_10,1,static
27649299,1,0,1,0,227,0,100,0,20,12,6,10,5,6,6,4,5,0,0,93,100,100,32,20,11,6,0,1,1788124682.3988183,G1,T03,respiro_2m_10,1,static
27649499,1,0,1,0,227,0,100,0,18,11,10,18,11,5,5,6,6,0,0,91,100,100,33,20,11,5,0,1,1788124682.598876,G1,T03,respiro_2m_10,1,static
27649699,1,0,1,0,227,0,100,0,16,10,11,14,10,6,7,5,6,0,0,89,100,100,33,20,11,5,0,1,1788124682.7990332,G1,T03,respiro_2m_10,1,static
27649899,1,0,1,0,228,0,100,0,17,12,8,10,8,8,7,5,6,0,0,87,100,100,32,20,10,6,0,1,1788124682.9986432,G1,T03,respiro_2m_10,1,static
27650099,1,0,1,0,228,0,100,0,13,12,5,7,3,7,6,5,5,0,0,85,100,100,32,19,9,6,0,1,1788124683.1978157,G1,T03,respiro_2m_10,1,static
27650299,1,0,1,0,228,0,100,0,15,15,7,8,7,5,7,5,5,0,0,83,100,100,31,19,9,6,0,1,1788124683.3984609,G1,T03,respiro_2m_10,1,static
27650499,1,0,1,0,228,0,100,0,18,11,3,1,3,3,6,4,5,0,0,82,100,100,29,18,8,6,0,1,1788124683.5977738,G1,T03,respiro_2m_10,1,static
27650699,1,0,1,0,228,0,100,0,20,13,3,10,3,2,7,3,5,0,0,80,100,100,27,17,8,6,0,1,1788124683.7980182,G1,T03,respiro_2m_10,1,static
27650899,1,0,1,0,228,0,100,0,18,13,7,10,8,3,6,6,6,0,0,79,100,99,26,16,8,5,0,1,1788124683.9986968,G1,T03,respiro_2m_10,1,static
27651099,1,0,1,0,228,0,100,0,19,14,5,13,9,4,4,7,7,0,0,78,100,98,25,15,8,5,0,1,1788124684.198587,G1,T03,respiro_2m_10,1,static
27651299,1,0,1,0,228,0,100,0,19,14,11,13,10,3,3,7,5,0,0,78,100,98,25,15,8,5,0,1,1788124684.398273,G1,T03,respiro_2m_10,1,static
27651499,1,0,1,0,228,0,100,0,16,13,5,10,8,3,1,6,5,0,0,79,100,99,25,15,8,5,0,1,1788124684.5985713,G1,T03,respiro_2m_10,1,static
27651699,1,0,1,0,228,0,100,0,17,15,10,15,7,5,1,8,5,0,0,82,100,100,25,15,8,5,0,1,1788124684.798902,G1,T03,respiro_2m_10,1,static
27651899,1,0,1,0,227,0,100,0,22,16,8,7,9,8,1,9,6,0,0,86,100,100,27,16,9,5,0,1,1788124684.9983373,G1,T03,respiro_2m_10,1,static
27652099,1,0,1,0,227,0,100,0,17,16,5,13,6,10,4,9,7,0,0,88,100,100,28,17,10,5,0,1,1788124685.198837,G1,T03,respiro_2m_10,1,static
27652299,1,0,1,0,227,0,100,0,22,13,10,13,13,7,4,8,7,0,0,91,100,100,30,17,10,5,0,1,1788124685.3989215,G1,T03,respiro_2m_10,1,static
27652499,1,0,1,0,227,0,100,0,17,14,9,11,10,2,7,8,8,0,0,93,100,100,31,17,10,5,0,1,1788124685.5980637,G1,T03,respiro_2m_10,1,static
27652699,1,0,1,0,227,0,100,0,17,10,3,10,7,2,6,7,7,0,0,95,100,100,31,18,9,5,0,1,1788124685.798401,G1,T03,respiro_2m_10,1,static
27652899,1,0,1,0,227,0,100,0,20,13,7,11,11,1,6,6,6,0,0,96,100,100,31,18,9,5,0,1,1788124685.9987128,G1,T03,respiro_2m_10,1,static
27653099,1,0,1,0,227,0,100,0,18,15,8,9,6,2,5,6,7,0,0,97,100,100,31,18,10,5,0,1,1788124686.198827,G1,T03,respiro_2m_10,1,static
27653299,1,0,1,0,227,0,100,0,18,13,10,12,8,4,6,6,8,0,0,97,100,100,31,18,9,5,0,1,1788124686.3989053,G1,T03,respiro_2m_10,1,static
27653499,1,0,1,0,227,0,100,0,16,14,4,2,6,4,3,7,7,0,0,97,100,100,30,18,9,5,0,1,1788124686.5980618,G1,T03,respiro_2m_10,1,static
27653699,1,0,1,0,227,0,100,0,17,12,10,17,13,2,2,7,6,0,0,94,100,100,30,17,9,5,0,1,1788124686.79819,G1,T03,respiro_2m_10,1,static
27653899,1,0,1,0,227,0,100,0,15,14,8,12,10,3,1,8,7,0,0,91,100,100,29,17,9,4,0,1,1788124686.9990275,G1,T03,respiro_2m_10,1,static
27654099,1,0,1,0,227,0,100,0,16,13,2,7,7,4,2,10,8,0,0,89,100,100,29,17,9,4,0,1,1788124687.19863,G1,T03,respiro_2m_10,1,static
27654299,1,0,1,0,227,0,100,0,17,18,8,8,8,6,2,5,5,0,0,88,100,100,28,17,9,4,0,1,1788124687.398558,G1,T03,respiro_2m_10,1,static
27654499,1,0,1,0,227,0,100,0,17,14,10,12,10,6,4,3,6,0,0,87,100,100,29,18,10,4,0,1,1788124687.599016,G1,T03,respiro_2m_10,1,static
27654699,1,0,1,0,227,0,100,0,16,14,7,9,4,6,4,2,5,0,0,86,100,100,30,18,10,4,0,1,1788124687.7988327,G1,T03,respiro_2m_10,1,static
27654899,1,0,1,0,227,0,100,0,18,14,2,9,9,3,4,3,6,0,0,87,100,100,31,18,10,4,0,1,1788124687.9986453,G1,T03,respiro_2m_10,1,static
27655099,1,0,1,0,227,0,100,0,19,11,6,7,3,5,5,3,6,0,0,87,100,100,32,19,10,4,0,1,1788124688.1988225,G1,T03,respiro_2m_10,1,static
27655299,1,0,1,0,227,0,100,0,19,12,12,13,12,7,5,3,6,0,0,87,100,100,33,19,10,4,0,1,1788124688.3994155,G1,T03,respiro_2m_10,1,static
27655499,1,0,1,0,227,0,100,0,19,12,10,15,9,8,6,4,6,0,0,88,100,100,33,19,10,4,0,1,1788124688.5989654,G1,T03,respiro_2m_10,1,static
27655699,1,0,1,0,227,0,100,0,17,13,5,13,13,8,7,5,5,0,0,88,100,100,33,19,9,4,0,1,1788124688.7982638,G1,T03,respiro_2m_10,1,static
27655899,1,0,1,0,227,0,100,0,13,11,4,3,4,6,7,5,4,0,0,88,100,100,33,19,9,5,0,1,1788124688.998798,G1,T03,respiro_2m_10,1,static
27656099,1,0,1,0,227,0,100,0,14,13,6,5,8,4,7,6,6,0,0,87,100,100,32,18,8,5,0,1,1788124689.198014,G1,T03,respiro_2m_10,1,static
27656299,1,0,1,0,227,0,100,0,18,13,4,4,6,3,6,4,4,0,0,86,100,100,31,17,8,5,0,1,1788124689.398713,G1,T03,respiro_2m_10,1,static
27656499,1,0,1,0,227,0,100,0,17,14,6,4,3,5,4,5,5,0,0,83,100,100,29,16,7,5,0,1,1788124689.5985396,G1,T03,respiro_2m_10,1,static
27656699,1,0,1,0,228,0,100,0,17,13,7,12,6,4,6,3,5,0,0,80,100,100,28,16,7,5,0,1,1788124689.798905,G1,T03,respiro_2m_10,1,static
27656899,1,0,1,0,228,0,100,0,19,14,9,12,9,6,5,5,6,0,0,78,100,97,27,15,7,5,0,1,1788124689.9987342,G1,T03,respiro_2m_10,1,static
27657099,1,0,1,0,228,0,100,0,16,15,4,5,7,7,4,5,5,0,0,76,100,95,26,14,7,6,0,1,1788124690.1988468,G1,T03,respiro_2m_10,1,static
27657299,1,0,1,0,228,0,100,0,16,11,7,11,12,7,3,6,5,0,0,75,100,94,26,14,7,6,0,1,1788124690.39836,G1,T03,respiro_2m_10,1,static
27657499,1,0,1,0,227,0,100,0,17,12,9,12,10,3,3,6,5,0,0,76,100,94,26,14,8,6,0,1,1788124690.5988748,G1,T03,respiro_2m_10,1,static
27657699,1,0,1,0,227,0,100,0,19,14,6,5,5,5,1,7,5,0,0,79,100,96,27,14,8,6,0,1,1788124690.7984161,G1,T03,respiro_2m_10,1,static
27657899,1,0,1,0,227,0,100,0,16,10,4,4,6,6,1,9,6,0,0,81,100,97,28,15,9,6,0,1,1788124690.9987302,G1,T03,respiro_2m_10,1,static
27658099,1,0,1,0,227,0,100,0,17,13,9,10,10,9,2,8,6,0,0,83,100,98,29,15,9,6,0,1,1788124691.1984904,G1,T03,respiro_2m_10,1,static
27658299,1,0,1,0,227,0,100,0,17,15,5,14,9,8,5,8,6,0,0,85,100,100,31,16,9,6,0,1,1788124691.398132,G1,T03,respiro_2m_10,1,static
27658499,1,0,1,0,227,0,100,0,14,12,10,14,9,3,7,6,6,0,0,87,100,100,31,16,9,6,0,1,1788124691.5991201,G1,T03,respiro_2m_10,1,static
27658699,1,0,1,0,227,0,100,0,15,14,4,10,10,1,6,6,6,0,0,89,100,100,32,17,9,5,0,1,1788124691.7979605,G1,T03,respiro_2m_10,1,static
27658899,1,0,1,0,228,0,100,0,16,13,6,12,5,1,6,6,6,0,0,90,100,100,32,17,9,5,0,1,1788124691.9988244,G1,T03,respiro_2m_10,1,static
27659099,1,0,1,0,228,0,100,0,16,14,7,9,11,3,4,7,7,0,0,92,100,100,32,17,9,5,0,1,1788124692.198577,G1,T03,respiro_2m_10,1,static
27659299,1,0,1,0,228,0,100,0,18,10,3,10,5,4,4,6,7,0,0,92,100,100,32,17,9,5,0,1,1788124692.399085,G1,T03,respiro_2m_10,1,static
27659499,1,0,1,0,229,0,100,0,16,12,7,7,6,4,2,7,7,0,0,90,100,100,31,17,9,5,0,1,1788124692.598409,G1,T03,respiro_2m_10,1,static
27659699,1,0,1,0,229,0,100,0,16,14,12,15,9,2,1,7,7,0,0,87,100,100,31,17,9,5,0,1,1788124692.7986586,G1,T03,respiro_2m_10,1,static
27659899,1,0,1,0,229,0,100,0,19,14,8,13,11,1,1,8,7,0,0,85,100,100,30,16,9,4,0,1,1788124692.998465,G1,T03,respiro_2m_10,1,static
27660099,1,0,1,0,229,0,100,0,14,11,9,11,5,2,1,9,7,0,0,84,100,100,29,16,9,4,0,1,1788124693.1990263,G1,T03,respiro_2m_10,1,static
27660299,1,0,1,0,229,0,100,0,16,11,6,4,5,6,2,7,6,0,0,83,100,100,29,17,9,4,0,1,1788124693.3984485,G1,T03,respiro_2m_10,1,static
27660499,1,0,1,0,228,0,100,0,16,11,1,13,7,9,3,3,4,0,0,83,100,100,30,17,10,4,0,1,1788124693.5979905,G1,T03,respiro_2m_10,1,static
27660699,1,0,1,0,228,0,100,0,18,15,5,11,11,7,3,5,7,0,0,83,100,100,31,18,10,4,0,1,1788124693.7993736,G1,T03,respiro_2m_10,1,static
27660899,1,0,1,0,228,0,100,0,18,10,8,10,9,5,4,4,6,0,0,84,100,100,32,19,10,4,0,1,1788124693.9985814,G1,T03,respiro_2m_10,1,static
27661099,1,0,1,0,228,0,100,0,17,13,3,5,2,6,6,5,7,0,0,85,100,100,34,19,10,4,0,1,1788124694.1989875,G1,T03,respiro_2m_10,1,static
27661299,1,0,1,0,228,0,100,0,17,11,11,14,11,7,6,3,7,0,0,84,100,100,34,19,10,4,0,1,1788124694.3987992,G1,T03,respiro_2m_10,1,static
27661499,1,0,1,0,229,0,100,0,15,11,8,14,7,8,6,2,6,0,0,85,100,100,35,20,10,4,0,1,1788124694.5988278,G1,T03,respiro_2m_10,1,static
27661699,1,0,1,0,229,0,100,0,17,12,10,10,12,6,5,5,6,0,0,85,100,100,35,19,10,4,0,1,1788124694.799296,G1,T03,respiro_2m_10,1,static
27661899,1,0,1,0,229,0,100,0,20,13,4,8,7,5,7,4,6,0,0,85,100,100,34,19,9,4,0,1,1788124694.9986773,G1,T03,respiro_2m_10,1,static
27662099,1,0,1,0,229,0,100,0,23,11,4,8,10,2,8,4,5,0,0,86,100,100,33,19,9,4,0,1,1788124695.1983786,G1,T03,respiro_2m_10,1,static
27662299,1,0,1,0,229,0,100,0,16,14,7,9,4,4,6,5,5,0,0,85,100,100,32,18,8,4,0,1,1788124695.398134,G1,T03,respiro_2m_10,1,static
27662499,1,0,1,0,229,0,100,0,20,18,5,1,7,4,6,4,6,0,0,84,100,100,31,17,7,4,0,1,1788124695.5990577,G1,T03,respiro_2m_10,1,static
27662699,1,0,1,0,229,0,100,0,18,15,4,12,11,5,6,4,7,0,0,82,100,100,29,16,7,4,0,1,1788124695.7991562,G1,T03,respiro_2m_10,1,static
27662899,1,0,1,0,228,0,100,0,19,15,9,8,9,6,6,5,6,0,0,79,100,100,28,15,7,4,0,1,1788124695.9984632,G1,T03,respiro_2m_10,1,static
27663099,1,0,1,0,228,0,100,0,16,11,6,10,6,7,5,7,7,0,0,78,100,98,26,14,7,4,0,1,1788124696.198302,G1,T03,respiro_2m_10,1,static
27663299,1,0,1,0,228,0,100,0,17,10,9,12,9,8,4,6,7,0,0,78,100,97,26,14,8,4,0,1,1788124696.3990614,G1,T03,respiro_2m_10,1,static
27663499,1,0,1,0,227,0,100,0,17,14,5,13,8,2,3,7,7,0,0,80,100,97,25,13,8,4,0,1,1788124696.598967,G1,T03,respiro_2m_10,1,static
27663699,1,0,1,0,227,0,100,0,16,8,8,10,7,3,1,8,7,0,0,83,100,99,26,14,9,5,0,1,1788124696.7986555,G1,T03,respiro_2m_10,1,static
27663899,1,0,1,0,227,0,100,0,20,16,6,7,10,7,1,7,7,0,0,85,100,100,27,14,9,5,0,1,1788124696.9991221,G1,T03,respiro_2m_10,1,static
27664099,1,0,1,0,227,0,100,0,14,13,4,11,8,9,2,6,7,0,0,87,100,100,29,15,10,5,0,1,1788124697.1993861,G1,T03,respiro_2m_10,1,static
27664299,1,0,1,0,227,0,100,0,18,14,9,13,5,10,5,7,9,0,0,89,100,100,31,15,10,5,0,1,1788124697.3993266,G1,T03,respiro_2m_10,1,static
27664499,1,0,1,0,228,0,100,0,19,12,8,13,10,4,6,6,8,0,0,90,100,100,31,15,10,5,0,1,1788124697.5990744,G1,T03,respiro_2m_10,1,static
27664699,1,0,1,0,228,0,100,0,17,13,6,10,6,1,6,4,6,0,0,93,100,100,32,16,10,5,0,1,1788124697.7991698,G1,T03,respiro_2m_10,1,static
27664899,1,0,1,0,228,0,100,0,17,13,9,9,5,1,6,6,9,0,0,94,100,100,32,16,10,5,0,1,1788124697.9991333,G1,T03,respiro_2m_10,1,static
27665099,1,0,1,0,228,0,100,0,19,14,6,11,9,1,6,4,7,0,0,95,100,100,31,16,10,5,0,1,1788124698.199317,G1,T03,respiro_2m_10,1,static
27665299,1,0,1,0,228,0,100,0,23,15,9,14,9,3,7,3,6,0,0,96,100,100,30,16,10,5,0,1,1788124698.3992453,G1,T03,respiro_2m_10,1,static
27665499,1,0,1,0,227,0,100,0,20,12,2,4,4,3,6,4,7,0,0,95,100,100,30,16,9,5,0,1,1788124698.599044,G1,T03,respiro_2m_10,1,static
27665699,1,0,1,0,227,0,100,0,15,10,7,13,10,2,5,4,7,0,0,92,100,100,30,16,9,5,0,1,1788124698.799231,G1,T03,respiro_2m_10,1,static
27665899,1,0,1,0,228,0,100,0,17,13,7,13,8,2,5,4,6,0,0,89,100,100,29,16,9,4,0,1,1788124698.9994595,G1,T03,respiro_2m_10,1,static
27666099,1,0,1,0,228,0,100,0,15,10,8,10,9,4,1,5,6,0,0,87,100,100,29,16,9,4,0,1,1788124699.1989882,G1,T03,respiro_2m_10,1,static
27666299,1,0,1,0,228,0,100,0,21,15,7,10,6,5,0,2,4,0,0,85,100,100,28,16,10,4,0,1,1788124699.3993375,G1,T03,respiro_2m_10,1,static
27666499,1,0,1,0,228,0,100,0,17,13,3,5,6,7,3,4,4,0,0,83,100,100,29,17,10,4,0,1,1788124699.5991313,G1,T03,respiro_2m_10,1,static
27666699,1,0,1,0,228,0,100,0,14,11,2,11,9,9,3,5,4,0,0,84,100,100,30,17,10,5,0,1,1788124699.7985365,G1,T03,respiro_2m_10,1,static
27666899,1,0,1,0,228,0,100,0,17,12,6,7,4,5,4,6,5,0,0,84,100,100,31,18,10,5,0,1,1788124699.9990675,G1,T03,respiro_2m_10,1,static
27667099,1,0,1,0,228,0,100,0,16,8,4,10,10,3,4,6,7,0,0,84,100,100,32,18,10,5,0,1,1788124700.1994314,G1,T03,respiro_2m_10,1,static
27667299,1,0,1,0,228,0,100,0,14,11,5,5,4,5,5,5,7,0,0,84,100,100,33,19,10,5,0,1,1788124700.399297,G1,T03,respiro_2m_10,1,static
27667499,1,0,1,0,228,0,100,0,15,9,11,13,13,6,6,6,8,0,0,83,100,100,33,19,10,5,0,1,1788124700.5994196,G1,T03,respiro_2m_10,1,static
27667699,1,0,1,0,229,0,100,0,20,15,7,15,8,7,6,7,8,0,0,82,100,100,33,19,10,5,0,1,1788124700.7995028,G1,T03,respiro_2m_10,1,static
27667899,1,0,1,0,229,0,100,0,19,15,8,9,7,7,6,6,5,0,0,81,100,100,33,19,9,5,0,1,1788124700.999134,G1,T03,respiro_2m_10,1,static
27668099,1,0,1,0,229,0,100,0,18,12,6,2,6,6,6,6,6,0,0,81,100,100,32,19,9,5,0,1,1788124701.1981807,G1,T03,respiro_2m_10,1,static
27668299,1,0,1,0,229,0,100,0,16,15,6,5,6,5,7,5,7,0,0,78,100,100,30,18,8,5,0,1,1788124701.3992736,G1,T03,respiro_2m_10,1,static
27668499,1,0,1,0,229,0,100,0,15,10,6,3,8,5,6,5,6,0,0,76,100,100,28,17,7,5,0,1,1788124701.5990913,G1,T03,respiro_2m_10,1,static
27668699,1,0,1,0,229,0,100,0,20,14,11,10,9,4,5,3,7,0,0,74,100,97,27,16,7,5,0,1,1788124701.7988865,G1,T03,respiro_2m_10,1,static
27668899,1,0,1,0,229,0,100,0,18,12,10,15,8,3,5,2,7,0,0,73,100,96,26,15,7,4,0,1,1788124701.9993787,G1,T03,respiro_2m_10,1,static
27669099,1,0,1,0,229,0,100,0,16,14,4,11,6,1,3,3,7,0,0,73,100,94,25,14,7,4,0,1,1788124702.1992955,G1,T03,respiro_2m_10,1,static
27669299,1,0,1,0,228,0,100,0,18,11,8,9,8,2,2,3,7,0,0,73,100,93,24,14,8,4,0,1,1788124702.3988705,G1,T03,respiro_2m_10,1,static
27669499,1,0,1,0,228,0,100,0,17,11,8,12,9,4,1,3,8,0,0,74,100,93,25,14,8,4,0,1,1788124702.5986192,G1,T03,respiro_2m_10,1,static
27669699,1,0,1,0,228,0,100,0,16,12,4,9,11,8,2,4,7,0,0,76,100,94,25,14,9,4,0,1,1788124702.7990696,G1,T03,respiro_2m_10,1,static
27669899,1,0,1,0,227,0,100,0,19,13,10,16,8,9,4,6,9,0,0,80,100,97,27,15,9,4,0,1,1788124702.999252,G1,T03,respiro_2m_10,1,static
27670099,1,0,1,0,227,0,100,0,15,13,8,5,5,8,6,7,9,0,0,82,100,99,28,16,10,5,0,1,1788124703.1993296,G1,T03,respiro_2m_10,1,static
27670299,1,0,1,0,227,0,100,0,17,11,8,9,9,6,7,8,8,0,0,83,100,100,29,16,10,5,0,1,1788124703.399327,G1,T03,respiro_2m_10,1,static
27670499,1,0,1,0,228,0,100,0,17,8,6,10,7,3,7,7,8,0,0,84,100,100,30,17,10,5,0,1,1788124703.5994434,G1,T03,respiro_2m_10,1,static
27670699,1,0,1,0,228,0,100,0,19,12,7,14,6,2,8,6,7,0,0,85,100,100,30,17,10,5,0,1,1788124703.7989135,G1,T03,respiro_2m_10,1,static
27670899,1,0,1,0,228,0,100,0,25,17,9,12,11,1,6,7,6,0,0,87,100,100,30,17,10,4,0,1,1788124703.9996014,G1,T03,respiro_2m_10,1,static
27671099,1,0,1,0,228,0,100,0,15,13,6,8,8,1,5,6,5,0,0,88,100,100,30,17,9,4,0,1,1788124704.1994033,G1,T03,respiro_2m_10,1,static
27671299,1,0,1,0,228,0,100,0,19,16,4,8,7,2,6,6,6,0,0,89,100,100,29,17,9,5,0,1,1788124704.3991685,G1,T03,respiro_2m_10,1,static
27671499,1,0,1,0,227,0,100,0,20,14,7,9,9,1,5,7,5,0,0,89,100,100,29,16,9,5,0,1,1788124704.5991411,G1,T03,respiro_2m_10,1,static
27671699,1,0,1,0,227,0,100,0,17,11,2,2,6,2,3,7,5,0,0,87,100,100,28,16,9,5,0,1,1788124704.798342,G1,T03,respiro_2m_10,1,static
27671899,1,0,1,0,227,0,100,0,18,13,11,18,10,1,4,6,4,0,0,84,100,100,27,16,8,4,0,1,1788124704.9994073,G1,T03,respiro_2m_10,1,static
27672099,1,0,1,0,227,0,100,0,15,10,3,12,7,1,3,8,5,0,0,82,100,99,27,16,8,4,0,1,1788124705.199232,G1,T03,respiro_2m_10,1,static
27672299,1,0,1,0,227,0,100,0,18,13,6,8,8,5,2,5,4,0,0,82,100,99,27,16,9,4,0,1,1788124705.3993695,G1,T03,respiro_2m_10,1,static
27672499,1,0,1,0,227,0,100,0,17,8,5,8,5,5,2,3,5,0,0,82,100,98,27,17,9,5,0,1,1788124705.5977352,G1,T03,respiro_2m_10,1,static
27672699,1,0,1,0,227,0,100,0,16,12,2,3,6,8,2,2,5,0,0,82,100,98,28,17,10,5,0,1,1788124705.7991273,G1,T03,respiro_2m_10,1,static
27672899,1,0,1,0,227,0,100,0,14,15,2,14,11,6,3,5,6,0,0,82,100,97,29,18,10,5,0,1,1788124705.9991274,G1,T03,respiro_2m_10,1,static
27673099,1,0,1,0,227,0,100,0,16,11,8,10,7,2,4,6,8,0,0,81,100,98,30,18,10,5,0,1,1788124706.1993322,G1,T03,respiro_2m_10,1,static
27673299,1,0,1,0,227,0,100,0,13,9,3,10,8,2,4,4,5,0,0,80,100,98,31,19,10,5,0,1,1788124706.399271,G1,T03,respiro_2m_10,1,static
27673499,1,0,1,0,228,0,100,0,16,9,6,12,9,4,5,4,5,0,0,77,100,97,31,19,9,6,0,1,1788124706.598465,G1,T03,respiro_2m_10,1,static
27673699,1,0,1,0,228,0,100,0,14,11,10,13,12,3,6,4,5,0,0,77,100,98,30,19,9,6,0,1,1788124706.7994864,G1,T03,respiro_2m_10,1,static
27673899,1,0,1,0,228,0,100,0,18,16,7,9,7,5,6,4,5,0,0,76,100,98,29,18,9,6,0,1,1788124706.9991562,G1,T03,respiro_2m_10,1,static
27674099,1,0,1,0,229,0,100,0,16,14,8,8,11,5,7,4,5,0,0,75,100,98,28,18,8,6,0,1,1788124707.1989613,G1,T03,respiro_2m_10,1,static
27674299,1,0,1,0,228,0,100,0,20,15,9,11,7,6,8,4,3,0,0,77,100,99,27,17,8,6,0,1,1788124707.398816,G1,T03,respiro_2m_10,1,static
27674499,1,0,1,0,228,0,100,0,21,13,4,7,9,5,7,4,5,0,0,80,100,100,26,17,8,6,0,1,1788124707.599225,G1,T03,respiro_2m_10,1,static
27674699,1,0,1,0,228,0,100,0,18,12,7,9,6,5,6,4,5,0,0,80,100,99,25,16,8,6,0,1,1788124707.7988906,G1,T03,respiro_2m_10,1,static
27674899,1,0,1,0,228,0,100,0,19,17,5,10,6,5,6,7,7,0,0,78,100,97,24,16,8,6,0,1,1788124707.998639,G1,T03,respiro_2m_10,1,static
27675099,1,0,1,0,228,0,100,0,20,14,8,12,10,4,6,3,5,0,0,76,100,95,24,15,8,6,0,1,1788124708.199387,G1,T03,respiro_2m_10,1,static
27675299,1,0,1,0,228,0,100,0,16,16,9,12,6,2,5,3,5,0,0,75,100,94,23,15,8,6,0,1,1788124708.3993006,G1,T03,respiro_2m_10,1,static
27675499,1,0,1,0,228,0,100,0,17,15,6,11,12,1,3,3,6,0,0,75,100,93,23,14,9,5,0,1,1788124708.5993807,G1,T03,respiro_2m_10,1,static
27675699,1,0,1,0,227,0,100,0,19,13,11,12,7,3,1,3,6,0,0,76,100,94,24,15,9,5,0,1,1788124708.7994876,G1,T03,respiro_2m_10,1,static
27675899,1,0,1,0,227,0,100,0,15,12,8,12,8,6,1,3,4,0,0,80,100,96,24,15,10,5,0,1,1788124708.9991896,G1,T03,respiro_2m_10,1,static
27676099,1,0,1,0,227,0,100,0,23,16,3,8,6,7,2,4,5,0,0,83,100,98,25,16,10,6,0,1,1788124709.199365,G1,T03,respiro_2m_10,1,static
27676299,1,0,1,0,227,0,100,0,18,10,5,5,9,8,5,6,5,0,0,86,100,100,27,17,11,6,0,1,1788124709.3992305,G1,T03,respiro_2m_10,1,static
27676499,1,0,1,0,227,0,100,0,17,13,8,16,10,8,6,6,5,0,0,88,100,100,28,17,11,5,0,1,1788124709.599731,G1,T03,respiro_2m_10,1,static
27676699,1,0,1,0,227,0,100,0,16,12,7,13,7,3,7,6,4,0,0,91,100,100,28,17,11,5,0,1,1788124709.799335,G1,T03,respiro_2m_10,1,static
27676899,1,0,1,0,227,0,100,0,18,14,10,9,8,2,8,5,3,0,0,93,100,100,28,17,10,5,0,1,1788124709.9996395,G1,T03,respiro_2m_10,1,static
27677099,1,0,1,0,227,0,100,0,14,12,4,11,8,2,7,4,3,0,0,94,100,100,28,18,10,5,0,1,1788124710.1997285,G1,T03,respiro_2m_10,1,static
27677299,1,0,1,0,227,0,100,0,14,9,4,12,5,1,7,4,4,0,0,95,100,100,28,18,10,5,0,1,1788124710.3992972,G1,T03,respiro_2m_10,1,static
27677499,1,0,1,0,227,0,100,0,14,11,10,11,7,1,4,3,3,0,0,97,100,100,27,17,10,6,0,1,1788124710.599729,G1,T03,respiro_2m_10,1,static
27677699,1,0,1,0,227,0,100,0,24,16,9,6,2,1,5,3,2,0,0,97,100,100,27,17,9,6,0,1,1788124710.7986083,G1,T03,respiro_2m_10,1,static
27677899,1,0,1,0,227,0,100,0,16,13,4,15,9,1,4,4,2,0,0,95,100,100,26,16,9,6,0,1,1788124710.9991295,G1,T03,respiro_2m_10,1,static
27678099,1,0,1,0,226,0,100,0,21,14,11,8,6,6,3,5,4,0,0,93,100,100,26,16,9,6,0,1,1788124711.1996129,G1,T03,respiro_2m_10,1,static
27678299,1,0,1,0,226,0,100,0,15,12,4,7,4,8,2,3,3,0,0,89,100,100,26,16,9,5,0,1,1788124711.3991015,G1,T03,respiro_2m_10,1,static
27678499,1,0,1,0,226,0,100,0,18,12,2,6,5,9,1,1,2,0,0,85,100,96,26,17,10,5,0,1,1788124711.5994852,G1,T03,respiro_2m_10,1,static
27678699,1,0,1,0,226,0,100,0,17,12,6,9,10,8,2,1,3,0,0,82,100,93,27,18,10,6,0,1,1788124711.7993395,G1,T03,respiro_2m_10,1,static
27678899,1,0,1,0,226,0,100,0,16,12,7,9,8,1,2,2,3,0,0,82,100,92,28,18,11,6,0,1,1788124711.9995944,G1,T03,respiro_2m_10,1,static
27679099,1,0,1,0,226,0,100,0,18,11,8,12,9,1,2,2,4,0,0,82,100,93,29,19,11,6,0,1,1788124712.1994298,G1,T03,respiro_2m_10,1,static
27679299,1,0,1,0,227,0,100,0,17,13,8,10,9,1,4,1,4,0,0,82,100,95,30,19,11,6,0,1,1788124712.3994381,G1,T03,respiro_2m_10,1,static
27679499,1,0,1,0,227,0,100,0,16,11,6,11,9,1,4,1,2,0,0,81,100,96,30,20,11,6,0,1,1788124712.599616,G1,T03,respiro_2m_10,1,static
27679699,1,0,1,0,227,0,100,0,16,12,10,13,4,2,7,3,2,0,0,81,100,98,30,21,11,6,0,1,1788124712.7997751,G1,T03,respiro_2m_10,1,static
27679899,1,0,1,0,227,0,100,0,20,16,6,13,11,3,7,3,1,0,0,82,100,100,29,21,11,6,0,1,1788124712.9997168,G1,T03,respiro_2m_10,1,static
27680099,1,0,1,0,227,0,100,0,16,16,7,8,7,3,7,2,1,0,0,82,100,100,28,20,10,7,0,1,1788124713.19943,G1,T03,respiro_2m_10,1,static
27680299,1,0,1,0,227,0,100,0,17,13,6,9,5,3,7,2,1,0,0,83,100,100,27,20,10,7,0,1,1788124713.3995893,G1,T03,respiro_2m_10,1,static
27680499,1,0,1,0,227,0,100,0,18,15,2,6,2,3,6,3,1,0,0,82,100,100,25,19,9,7,0,1,1788124713.5993903,G1,T03,respiro_2m_10,1,static
27680699,1,0,1,0,227,0,100,0,17,11,7,4,2,3,7,3,2,0,0,80,100,97,24,18,9,7,0,1,1788124713.7991164,G1,T03,respiro_2m_10,1,static
27680899,1,0,1,0,227,0,100,0,28,21,7,15,9,1,6,2,2,0,0,77,100,94,22,17,9,7,0,1,1788124713.99923,G1,T03,respiro_2m_10,1,static
27681099,1,0,1,0,227,0,100,0,13,12,8,9,9,1,5,1,3,0,0,75,100,91,22,17,9,7,0,1,1788124714.1993124,G1,T03,respiro_2m_10,1,static
27681299,1,0,1,0,227,0,100,0,18,16,5,10,5,1,4,1,1,0,0,74,100,88,21,17,10,7,0,1,1788124714.3996758,G1,T03,respiro_2m_10,1,static
27681499,1,0,1,0,227,0,100,0,19,15,9,10,11,4,2,1,1,0,0,74,100,87,21,17,10,7,0,1,1788124714.5993829,G1,T03,respiro_2m_10,1,static
27681699,1,0,1,0,227,0,100,0,16,14,8,11,6,7,1,1,1,0,0,74,100,87,22,17,10,7,0,1,1788124714.7991781,G1,T03,respiro_2m_10,1,static
27681899,1,0,1,0,227,0,100,0,21,13,5,9,7,9,2,1,1,0,0,75,100,88,23,17,11,7,0,1,1788124714.9997509,G1,T03,respiro_2m_10,1,static
27682099,1,0,1,0,227,0,100,0,19,13,2,7,2,9,3,1,3,0,0,74,100,89,24,18,11,7,0,1,1788124715.1994703,G1,T03,respiro_2m_10,1,static
27682299,1,0,1,0,227,0,100,0,18,13,7,5,8,6,4,2,1,0,0,74,100,90,24,17,11,8,0,1,1788124715.399803,G1,T03,respiro_2m_10,1,static
27682499,1,0,1,0,227,0,100,0,15,11,7,11,7,3,6,2,1,0,0,75,100,92,25,17,10,8,0,1,1788124715.5994263,G1,T03,respiro_2m_10,1,static
27682699,1,0,1,0,227,0,100,0,19,12,9,9,8,2,7,2,2,0,0,77,100,95,26,17,9,8,0,1,1788124715.7996724,G1,T03,respiro_2m_10,1,static
27682899,1,0,1,0,227,0,100,0,17,13,6,6,11,1,7,1,2,0,0,79,100,95,26,18,9,9,0,1,1788124715.9996324,G1,T03,respiro_2m_10,1,static
27683099,1,0,1,0,227,0,100,0,19,9,5,5,6,2,6,1,2,0,0,80,100,94,27,18,9,9,0,1,1788124716.1994228,G1,T03,respiro_2m_10,1,static
27683299,1,0,1,0,226,0,100,0,14,15,5,6,4,2,6,1,2,0,0,81,100,92,27,18,9,10,0,1,1788124716.3993156,G1,T03,respiro_2m_10,1,static
27683499,1,0,1,0,226,0,100,0,17,13,7,8,9,3,8,1,2,0,0,81,100,89,27,18,8,10,0,1,1788124716.599585,G1,T03,respiro_2m_10,1,static
27683699,1,0,1,0,225,0,100,0,24,15,6,8,2,3,8,1,3,0,0,79,100,84,27,17,8,10,0,1,1788124716.799365,G1,T03,respiro_2m_10,1,static
27683899,1,0,1,0,226,0,100,0,15,12,9,13,10,2,6,1,3,0,0,74,100,80,28,17,7,10,0,1,1788124716.999353,G1,T03,respiro_2m_10,1,static
27684099,1,0,1,0,226,0,100,0,17,10,3,9,7,3,3,1,3,0,0,69,100,75,28,17,7,10,0,1,1788124717.1996791,G1,T03,respiro_2m_10,1,static
27684299,1,0,1,0,226,0,100,0,13,13,6,1,8,8,1,2,3,0,0,64,100,70,29,17,8,10,0,1,1788124717.3997357,G1,T03,respiro_2m_10,1,static
27684499,1,0,1,0,226,0,100,0,18,15,7,6,7,9,3,2,1,0,0,60,100,67,29,17,8,10,0,1,1788124717.599458,G1,T03,respiro_2m_10,1,static
27684699,1,0,1,0,226,0,100,0,19,13,8,10,6,7,3,2,1,0,0,59,100,65,30,18,8,10,0,1,1788124717.7993245,G1,T03,respiro_2m_10,1,static
27684899,1,0,1,0,226,0,100,0,21,15,2,11,6,4,4,2,1,0,0,59,100,65,31,18,8,10,0,1,1788124717.9997654,G1,T03,respiro_2m_10,1,static
27685099,1,0,1,0,226,0,100,0,18,11,10,12,11,1,6,1,1,0,0,61,100,67,32,18,8,11,0,1,1788124718.2000246,G1,T03,respiro_2m_10,1,static
27685299,1,0,1,0,226,0,100,0,18,14,6,9,5,1,5,1,1,0,0,62,100,70,33,19,8,11,0,1,1788124718.3989244,G1,T03,respiro_2m_10,1,static
27685499,1,0,1,0,226,0,100,0,21,15,7,11,6,2,7,2,1,0,0,64,100,71,33,19,8,11,0,1,1788124718.599447,G1,T03,respiro_2m_10,1,static
27685699,1,0,1,0,226,0,100,0,19,13,9,12,9,5,8,3,1,0,0,66,100,73,32,19,7,10,0,1,1788124718.7997413,G1,T03,respiro_2m_10,1,static
27685899,1,0,1,0,226,0,100,0,16,11,6,2,7,4,6,1,1,0,0,67,100,74,31,19,7,10,0,1,1788124718.9997175,G1,T03,respiro_2m_10,1,static
27686099,1,0,1,0,226,0,100,0,17,11,2,8,4,3,6,1,1,0,0,67,100,73,30,18,7,10,0,1,1788124719.1997187,G1,T03,respiro_2m_10,1,static
27686299,1,0,1,0,226,0,100,0,16,10,6,11,4,3,6,2,1,0,0,66,100,71,29,18,6,9,0,1,1788124719.3990006,G1,T03,respiro_2m_10,1,static
27686499,1,0,1,0,225,0,100,0,15,12,8,4,6,1,5,1,2,0,0,63,100,68,28,17,6,9,0,1,1788124719.599723,G1,T03,respiro_2m_10,1,static
27686699,1,0,1,0,225,0,100,0,16,11,2,8,7,2,5,2,2,0,0,61,100,65,27,16,6,9,0,1,1788124719.799298,G1,T03,respiro_2m_10,1,static
27686899,1,0,1,0,225,0,100,0,16,9,6,10,9,2,4,2,1,0,0,59,100,62,25,15,6,8,0,1,1788124719.9997175,G1,T03,respiro_2m_10,1,static
27687099,1,0,1,0,225,0,100,0,19,13,8,6,7,4,4,1,1,0,0,58,100,61,25,15,6,8,0,1,1788124720.1997166,G1,T03,respiro_2m_10,1,static
27687299,1,0,1,0,225,0,100,0,13,14,5,8,10,7,1,1,1,0,0,58,100,61,24,15,7,8,0,1,1788124720.3997896,G1,T03,respiro_2m_10,1,static
27687499,1,0,1,0,225,0,100,0,15,11,5,9,7,8,2,3,2,0,0,58,100,63,24,15,8,7,0,1,1788124720.5996907,G1,T03,respiro_2m_10,1,static
27687699,1,0,1,0,226,0,100,0,16,14,7,13,9,9,4,4,1,0,0,60,100,66,24,16,8,7,0,1,1788124720.7991383,G1,T03,respiro_2m_10,1,static
27687899,1,0,1,0,226,0,100,0,13,11,5,6,4,4,7,4,1,0,0,64,100,69,25,16,9,6,0,1,1788124720.9993315,G1,T03,respiro_2m_10,1,static
27688099,1,0,1,0,225,0,100,0,17,11,2,7,4,4,7,2,1,0,0,66,100,71,26,17,9,6,0,1,1788124721.1997745,G1,T03,respiro_2m_10,1,static
27688299,1,0,1,0,226,0,100,0,19,12,6,6,9,3,7,2,1,0,0,69,100,74,26,17,8,6,0,1,1788124721.3995528,G1,T03,respiro_2m_10,1,static
27688499,1,0,1,0,225,0,100,0,16,13,9,13,11,1,6,2,1,0,0,71,100,77,26,17,8,6,0,1,1788124721.599887,G1,T03,respiro_2m_10,1,static
27688699,1,0,1,0,225,0,100,0,18,11,10,11,4,1,8,2,1,0,0,73,100,78,26,17,8,6,0,1,1788124721.7994313,G1,T03,respiro_2m_10,1,static
27688899,1,0,1,0,225,0,100,0,15,11,3,9,8,1,6,2,2,0,0,74,100,79,26,17,8,5,0,1,1788124721.9995809,G1,T03,respiro_2m_10,1,static
27689099,1,0,1,0,225,0,100,0,17,11,2,2,7,0,6,1,1,0,0,74,100,78,26,17,8,5,0,1,1788124722.1997075,G1,T03,respiro_2m_10,1,static
27689299,1,0,1,0,225,0,100,0,15,12,6,4,7,1,5,1,1,0,0,72,100,76,25,17,8,5,0,1,1788124722.399758,G1,T03,respiro_2m_10,1,static
27689499,1,0,1,0,225,0,100,0,24,14,9,7,9,1,6,1,1,0,0,70,100,74,25,16,8,5,0,1,1788124722.5992675,G1,T03,respiro_2m_10,1,static
27689699,1,0,1,0,225,0,100,0,14,12,6,7,4,2,6,1,1,0,0,68,100,71,25,16,7,5,0,1,1788124722.7994428,G1,T03,respiro_2m_10,1,static
27689899,1,0,1,0,225,0,100,0,20,13,4,4,6,1,7,2,1,0,0,65,100,68,25,16,7,4,0,1,1788124722.9992878,G1,T03,respiro_2m_10,1,static
27690099,1,0,1,0,225,0,100,0,19,14,9,12,7,2,7,2,1,0,0,64,100,66,24,16,7,4,0,1,1788124723.19939,G1,T03,respiro_2m_10,1,static
27690299,1,0,1,0,225,0,100,0,14,10,5,9,12,3,4,2,2,0,0,65,100,66,24,16,7,4,0,1,1788124723.398584,G1,T03,respiro_2m_10,1,static
27690499,1,0,1,0,225,0,100,0,13,10,3,7,6,4,3,1,1,0,0,66,100,67,24,16,7,4,0,1,1788124723.5996988,G1,T03,respiro_2m_10,1,static
27690699,1,0,1,0,225,0,100,0,17,11,2,3,1,6,1,1,2,0,0,67,100,69,24,17,8,3,0,1,1788124723.7998452,G1,T03,respiro_2m_10,1,static
27690899,1,0,1,0,225,0,100,0,19,13,8,12,4,8,2,1,1,0,0,68,100,72,25,18,8,3,0,1,1788124723.9996774,G1,T03,respiro_2m_10,1,static
27691099,1,0,1,0,225,0,100,0,14,10,10,9,8,4,2,1,1,0,0,69,100,74,26,19,9,4,0,1,1788124724.1996112,G1,T03,respiro_2m_10,1,static
27691299,1,0,1,0,226,0,100,0,22,14,3,9,5,2,3,1,1,0,0,70,100,75,27,19,8,4,0,1,1788124724.3998165,G1,T03,respiro_2m_10,1,static
27691499,1,0,1,0,226,0,100,0,15,11,7,11,12,1,5,1,1,0,0,69,100,76,27,19,8,4,0,1,1788124724.5999439,G1,T03,respiro_2m_10,1,static
27691699,1,0,1,0,226,0,100,0,13,10,6,12,10,2,5,1,1,0,0,68,100,75,27,18,7,5,0,1,1788124724.7993324,G1,T03,respiro_2m_10,1,static
27691899,1,0,1,0,226,0,100,0,16,10,11,13,8,2,7,3,1,0,0,67,100,76,26,18,7,5,0,1,1788124724.999872,G1,T03,respiro_2m_10,1,static
27692099,1,0,1,0,226,0,100,0,14,11,7,11,9,2,7,2,1,0,0,68,100,77,26,17,7,4,0,1,1788124725.1998813,G1,T03,respiro_2m_10,1,static
27692299,1,0,1,0,226,0,100,0,19,13,7,14,5,4,8,4,2,0,0,69,100,78,25,17,7,5,0,1,1788124725.4000988,G1,T03,respiro_2m_10,1,static
27692499,1,0,1,0,226,0,100,0,17,16,7,10,10,3,6,3,1,0,0,71,100,80,24,17,7,5,0,1,1788124725.599468,G1,T03,respiro_2m_10,1,static
27692699,1,0,1,0,226,0,100,0,14,12,4,6,4,4,6,2,1,0,0,71,100,81,23,16,7,5,0,1,1788124725.7997499,G1,T03,respiro_2m_10,1,static
27692899,1,0,1,0,226,0,100,0,15,12,7,11,1,2,5,3,1,0,0,70,100,80,22,16,7,4,0,1,1788124725.999274,G1,T03,respiro_2m_10,1,static
27693099,1,0,1,0,226,0,100,0,20,16,6,11,5,3,5,2,1,0,0,68,100,79,22,15,7,5,0,1,1788124726.199999,G1,T03,respiro_2m_10,1,static
27693299,1,0,1,0,226,0,100,0,17,16,10,9,6,2,4,1,1,0,0,67,100,77,22,15,7,5,0,1,1788124726.3999841,G1,T03,respiro_2m_10,1,static
27693499,1,0,1,0,226,0,100,0,28,13,6,8,5,1,4,1,2,0,0,67,100,75,22,15,7,5,0,1,1788124726.599955,G1,T03,respiro_2m_10,1,static
27693699,1,0,1,0,226,0,100,0,17,12,8,11,10,4,1,1,1,0,0,68,100,75,22,15,8,5,0,1,1788124726.7998424,G1,T03,respiro_2m_10,1,static
27693899,1,0,1,0,226,0,100,0,16,15,9,8,8,4,1,1,1,0,0,70,100,77,23,16,8,5,0,1,1788124726.9999063,G1,T03,respiro_2m_10,1,static
27694099,1,0,1,0,226,0,100,0,17,15,5,10,8,6,0,2,1,0,0,74,100,80,24,16,9,5,0,1,1788124727.1999228,G1,T03,respiro_2m_10,1,static
27694299,1,0,1,0,225,0,100,0,18,13,7,11,4,9,3,3,1,0,0,77,100,83,25,17,10,5,0,1,1788124727.4003148,G1,T03,respiro_2m_10,1,static
27694499,1,0,1,0,226,0,100,0,18,15,4,11,9,9,6,5,2,0,0,80,100,86,26,18,10,6,0,1,1788124727.5999782,G1,T03,respiro_2m_10,1,static
27694699,1,0,1,0,226,0,100,0,21,13,8,9,4,4,7,4,1,0,0,83,100,90,27,18,10,5,0,1,1788124727.7999685,G1,T03,respiro_2m_10,1,static
27694899,1,0,1,0,226,0,100,0,16,12,9,9,9,3,7,3,1,0,0,83,100,92,27,19,10,5,0,1,1788124727.999876,G1,T03,respiro_2m_10,1,static
27695099,1,0,1,0,226,0,100,0,18,12,9,9,10,1,7,3,2,0,0,84,100,92,27,19,10,5,0,1,1788124728.2000744,G1,T03,respiro_2m_10,1,static
27695299,1,0,1,0,226,0,100,0,17,12,12,13,7,1,6,2,2,0,0,83,100,92,27,19,10,5,0,1,1788124728.399992,G1,T03,respiro_2m_10,1,static
27695499,1,0,1,0,225,0,100,0,15,11,6,6,7,2,6,1,2,0,0,84,100,90,27,19,10,5,0,1,1788124728.6000686,G1,T03,respiro_2m_10,1,static
27695699,1,0,1,0,225,0,100,0,17,15,5,6,9,2,6,1,2,0,0,85,100,88,27,18,9,5,0,1,1788124728.799859,G1,T03,respiro_2m_10,1,static
27695899,1,0,1,0,225,0,100,0,22,19,4,11,6,2,7,2,2,0,0,83,100,86,26,18,9,5,0,1,1788124729.0000718,G1,T03,respiro_2m_10,1,static
27696099,1,0,1,0,225,0,100,0,21,15,6,10,8,1,5,3,1,0,0,80,100,82,26,18,9,5,0,1,1788124729.2001927,G1,T03,respiro_2m_10,1,static
27696299,1,0,1,0,225,0,100,0,18,14,3,9,6,3,2,3,1,0,0,76,100,78,26,18,9,5,0,1,1788124729.3991404,G1,T03,respiro_2m_10,1,static
27696499,1,0,1,0,225,0,100,0,14,12,2,4,3,7,1,2,1,0,0,72,100,74,26,18,9,5,0,1,1788124729.599711,G1,T03,respiro_2m_10,1,static
27696699,1,0,1,0,225,0,100,0,21,16,4,11,5,10,1,1,1,0,0,70,100,71,27,19,9,5,0,1,1788124729.8002408,G1,T03,respiro_2m_10,1,static
27696899,1,0,1,0,225,0,100,0,18,10,8,9,7,7,3,2,1,0,0,70,100,70,28,19,10,6,0,1,1788124730.0002086,G1,T03,respiro_2m_10,1,static
27697099,1,0,1,0,225,0,100,0,15,11,2,7,4,3,2,2,1,0,0,70,100,72,29,20,10,6,0,1,1788124730.200023,G1,T03,respiro_2m_10,1,static
27697299,1,0,1,0,225,0,100,0,18,14,4,12,10,2,4,1,1,0,0,72,100,75,30,20,10,6,0,1,1788124730.399872,G1,T03,respiro_2m_10,1,static
27697499,1,0,1,0,225,0,100,0,13,11,7,10,10,1,5,1,1,0,0,72,100,77,30,21,10,5,0,1,1788124730.6002784,G1,T03,respiro_2m_10,1,static
27697699,1,0,1,0,226,0,100,0,17,15,8,12,7,3,7,2,1,0,0,72,100,79,30,21,10,5,0,1,1788124730.8001454,G1,T03,respiro_2m_10,1,static
27697899,1,0,1,0,226,0,100,0,16,19,7,11,5,2,7,3,1,0,0,72,100,81,30,21,10,5,0,1,1788124731.0000908,G1,T03,respiro_2m_10,1,static
27698099,1,0,1,0,226,0,100,0,14,12,9,12,8,4,8,4,2,0,0,73,100,83,29,22,10,5,0,1,1788124731.1996233,G1,T03,respiro_2m_10,1,static
27698299,1,0,1,0,226,0,100,0,16,13,8,15,10,5,7,4,1,0,0,75,100,83,28,22,10,6,0,1,1788124731.4000783,G1,T03,respiro_2m_10,1,static
27698499,1,0,1,0,226,0,100,0,18,13,7,10,10,6,5,4,1,0,0,77,100,85,27,21,10,6,0,1,1788124731.6002474,G1,T03,respiro_2m_10,1,static
27698699,1,0,1,0,226,0,100,0,14,13,8,11,2,4,3,2,1,0,0,78,100,85,26,21,9,6,0,1,1788124731.8000307,G1,T03,respiro_2m_10,1,static
27698899,1,0,1,0,226,0,100,0,20,14,7,10,4,4,2,1,2,0,0,77,100,84,25,20,9,5,0,1,1788124732.0002322,G1,T03,respiro_2m_10,1,static
27699099,1,0,1,0,226,0,100,0,16,12,5,6,2,3,2,2,2,0,0,74,100,82,24,19,9,5,0,1,1788124732.2001543,G1,T03,respiro_2m_10,1,static
27699299,1,0,1,0,226,0,100,0,17,12,7,6,5,2,2,2,2,0,0,71,100,79,23,18,9,6,0,1,1788124732.3998659,G1,T03,respiro_2m_10,1,static
27699499,1,0,1,0,226,0,100,0,26,17,7,10,7,1,2,1,2,0,0,68,100,77,22,17,9,5,0,1,1788124732.6002824,G1,T03,respiro_2m_10,1,static
27699699,1,0,1,0,226,0,100,0,18,15,7,6,8,1,1,1,1,0,0,68,100,76,21,16,9,5,0,1,1788124732.8001046,G1,T03,respiro_2m_10,1,static
27699899,1,0,1,0,226,0,100,0,16,8,7,10,6,3,3,1,2,0,0,69,100,75,21,16,9,5,0,1,1788124733.0000565,G1,T03,respiro_2m_10,1,static
27700099,1,0,1,0,225,0,100,0,22,15,10,11,10,4,1,1,2,0,0,71,100,75,22,16,9,5,0,1,1788124733.2002409,G1,T03,respiro_2m_10,1,static
27700299,1,0,1,0,225,0,100,0,20,14,6,9,5,8,1,2,1,0,0,74,100,77,23,17,10,6,0,1,1788124733.399905,G1,T03,respiro_2m_10,1,static
27700499,1,0,1,0,225,0,100,0,15,11,4,12,10,8,2,1,1,0,0,78,100,80,24,17,10,6,0,1,1788124733.5997667,G1,T03,respiro_2m_10,1,static
27700699,1,0,1,0,225,0,100,0,17,14,4,8,4,7,4,3,1,0,0,80,100,83,24,18,10,5,0,1,1788124733.7996364,G1,T03,respiro_2m_10,1,static
27700899,1,0,1,0,225,0,100,0,16,13,12,9,10,4,7,4,1,0,0,82,100,86,25,18,10,5,0,1,1788124734.0005937,G1,T03,respiro_2m_10,1,static
27701099,1,0,1,0,225,0,100,0,15,13,4,10,3,1,7,3,1,0,0,84,100,88,25,19,11,5,0,1,1788124734.2002811,G1,T03,respiro_2m_10,1,static
27701299,1,0,1,0,225,0,100,0,22,21,9,16,11,2,8,3,1,0,0,86,100,89,26,19,10,5,0,1,1788124734.400522,G1,T03,respiro_2m_10,1,static
27701499,1,0,1,0,225,0,100,0,16,11,2,10,5,2,7,2,1,0,0,87,100,90,26,19,10,5,0,1,1788124734.600243,G1,T03,respiro_2m_10,1,static
27701699,1,0,1,0,225,0,100,0,15,10,7,4,7,1,7,1,2,0,0,86,100,89,26,19,10,5,0,1,1788124734.8000112,G1,T03,respiro_2m_10,1,static
27701899,1,0,1,0,225,0,100,0,20,16,2,5,3,1,6,2,2,0,0,85,100,88,27,19,10,5,0,1,1788124735.0000112,G1,T03,respiro_2m_10,1,static
27702099,1,0,1,0,225,0,100,0,16,11,9,10,5,1,6,2,1,0,0,81,100,84,27,18,9,5,0,1,1788124735.200229,G1,T03,respiro_2m_10,1,static
27702299,1,0,1,0,225,0,100,0,19,11,7,12,11,2,2,1,2,0,0,75,100,80,27,17,8,5,0,1,1788124735.4002354,G1,T03,respiro_2m_10,1,static
27702499,1,0,1,0,226,0,100,0,21,12,7,7,7,7,1,2,3,0,0,70,100,76,27,17,8,5,0,1,1788124735.5999494,G1,T03,respiro_2m_10,1,static
27702699,1,0,1,0,226,0,100,0,19,14,4,8,6,8,1,2,1,0,0,67,100,72,28,17,9,6,0,1,1788124735.8002307,G1,T03,respiro_2m_10,1,static
27702899,1,0,1,0,226,0,100,0,20,15,5,7,4,8,3,2,1,0,0,66,100,71,28,18,10,6,0,1,1788124736.0003405,G1,T03,respiro_2m_10,1,static
27703099,1,0,1,0,226,0,100,0,21,15,4,8,7,4,3,1,1,0,0,68,100,73,29,19,10,6,0,1,1788124736.2002938,G1,T03,respiro_2m_10,1,static
27703299,1,0,1,0,225,0,100,0,16,12,11,12,11,2,5,1,1,0,0,71,100,76,30,20,10,6,0,1,1788124736.4005682,G1,T03,respiro_2m_10,1,static
27703499,1,0,1,0,226,0,100,0,18,14,6,11,6,2,5,1,1,0,0,73,100,79,31,21,11,5,0,1,1788124736.6004937,G1,T03,respiro_2m_10,1,static
27703699,1,0,1,0,226,0,100,0,17,16,10,12,9,2,6,2,1,0,0,74,100,82,31,21,11,5,0,1,1788124736.8003383,G1,T03,respiro_2m_10,1,static
27703899,1,0,1,0,226,0,100,0,14,10,8,8,8,3,7,2,2,0,0,76,100,87,31,22,11,5,0,1,1788124736.9997108,G1,T03,respiro_2m_10,1,static
27704099,1,0,1,0,226,0,100,0,17,14,6,11,5,5,7,4,2,0,0,78,100,90,30,22,11,5,0,1,1788124737.2002027,G1,T03,respiro_2m_10,1,static
27704299,1,0,1,0,226,0,100,0,17,12,10,13,11,4,5,4,1,0,0,80,100,92,29,22,11,5,0,1,1788124737.4001358,G1,T03,respiro_2m_10,1,static
27704499,1,0,1,0,226,0,100,0,20,14,6,5,8,6,4,4,2,0,0,81,100,93,28,22,11,5,0,1,1788124737.6002798,G1,T03,respiro_2m_10,1,static
27704699,1,0,1,0,226,0,100,0,14,12,4,13,4,4,3,2,1,0,0,80,100,92,27,21,10,5,0,1,1788124737.8002887,G1,T03,respiro_2m_10,1,static
27704899,1,0,1,0,226,0,100,0,20,11,8,9,3,4,4,3,2,0,0,77,100,89,25,20,9,6,0,1,1788124737.999637,G1,T03,respiro_2m_10,1,static
27705099,1,0,1,0,227,0,100,0,17,13,6,5,1,3,3,2,1,0,0,73,100,86,24,19,9,6,0,1,1788124738.2003314,G1,T03,respiro_2m_10,1,static
27705299,1,0,1,0,226,0,100,0,14,10,8,10,7,1,1,1,2,0,0,70,100,81,23,18,9,6,0,1,1788124738.3998067,G1,T03,respiro_2m_10,1,static
27705499,1,0,1,0,226,0,100,0,21,12,11,10,11,1,2,1,1,0,0,69,100,77,22,17,9,6,0,1,1788124738.6007707,G1,T03,respiro_2m_10,1,static
27705699,1,0,1,0,226,0,100,0,18,13,5,7,10,5,1,1,1,0,0,69,100,76,22,17,9,6,0,1,1788124738.8004684,G1,T03,respiro_2m_10,1,static
27705899,1,0,1,0,225,0,100,0,19,16,8,8,5,8,1,1,1,0,0,71,100,76,22,17,10,6,0,1,1788124739.000227,G1,T03,respiro_2m_10,1,static
27706099,1,0,1,0,225,0,100,0,21,13,5,10,12,9,1,2,1,0,0,75,100,78,23,18,11,6,0,1,1788124739.2004137,G1,T03,respiro_2m_10,1,static
27706299,1,0,1,0,225,0,100,0,17,14,7,14,9,10,3,3,2,0,0,79,100,82,24,19,11,6,0,1,1788124739.4002295,G1,T03,respiro_2m_10,1,static
27706499,1,0,1,0,225,0,100,0,19,23,7,12,9,5,6,3,1,0,0,81,100,85,25,19,12,6,0,1,1788124739.6003587,G1,T03,respiro_2m_10,1,static
27706699,1,0,1,0,225,0,100,0,18,14,2,5,4,4,7,3,2,0,0,83,100,87,26,19,11,6,0,1,1788124739.8003604,G1,T03,respiro_2m_10,1,static
27706899,1,0,1,0,225,0,100,0,18,13,5,10,9,2,7,3,1,0,0,84,100,89,26,19,11,6,0,1,1788124739.9998953,G1,T03,respiro_2m_10,1,static
27707099,1,0,1,0,225,0,100,0,20,17,11,9,9,2,6,1,3,0,0,85,100,90,26,20,10,5,0,1,1788124740.2002635,G1,T03,respiro_2m_10,1,static
27707299,1,0,1,0,225,0,100,0,19,19,8,14,11,2,8,1,2,0,0,85,100,90,26,19,10,6,0,1,1788124740.4006233,G1,T03,respiro_2m_10,1,static
27707499,1,0,1,0,225,0,100,0,17,14,7,6,7,2,7,1,3,0,0,85,100,89,27,19,9,6,0,1,1788124740.6003582,G1,T03,respiro_2m_10,1,static
27707699,1,0,1,0,225,0,100,0,15,13,7,3,6,2,8,1,2,0,0,84,100,87,27,19,9,6,0,1,1788124740.7995794,G1,T03,respiro_2m_10,1,static
27707899,1,0,1,0,225,0,100,0,14,10,8,15,6,2,7,1,3,0,0,81,100,84,27,18,9,6,0,1,1788124741.0003555,G1,T03,respiro_2m_10,1,static
27708099,1,0,1,0,225,0,100,0,22,14,8,8,7,3,5,1,3,0,0,77,100,80,27,17,8,6,0,1,1788124741.199534,G1,T03,respiro_2m_10,1,static
27708299,1,0,1,0,225,0,100,0,14,12,7,8,8,5,2,2,3,0,0,72,100,77,27,17,8,6,0,1,1788124741.4003217,G1,T03,respiro_2m_10,1,static
27708499,1,0,1,0,225,0,100,0,19,15,7,6,6,8,2,2,2,0,0,68,100,73,28,17,8,6,0,1,1788124741.600509,G1,T03,respiro_2m_10,1,static
27708699,1,0,1,0,225,0,100,0,19,19,5,11,9,9,2,2,2,0,0,67,100,71,29,18,9,7,0,1,1788124741.7998981,G1,T03,respiro_2m_10,1,static
27708899,1,0,1,0,225,0,100,0,16,13,2,9,6,6,3,2,1,0,0,69,100,72,30,18,9,7,0,1,1788124742.000586,G1,T03,respiro_2m_10,1,static
27709099,1,0,1,0,225,0,100,0,18,14,7,9,11,3,3,1,1,0,0,71,100,73,31,19,9,7,0,1,1788124742.200471,G1,T03,respiro_2m_10,1,static
27709299,1,0,1,0,225,0,100,0,13,11,11,12,5,1,5,1,1,0,0,73,100,76,32,20,9,7,0,1,1788124742.400557,G1,T03,respiro_2m_10,1,static
27709499,1,0,1,0,226,0,100,0,26,19,9,11,10,3,7,1,2,0,0,74,100,80,32,20,9,7,0,1,1788124742.6001203,G1,T03,respiro_2m_10,1,static
27709699,1,0,1,0,226,0,100,0,17,13,6,14,6,2,6,1,2,0,0,73,100,82,32,20,8,7,0,1,1788124742.8004303,G1,T03,respiro_2m_10,1,static
27709899,1,0,1,0,226,0,100,0,17,12,7,4,7,3,6,2,1,0,0,72,100,84,31,20,8,7,0,1,1788124743.0000134,G1,T03,respiro_2m_10,1,static
27710099,1,0,1,0,227,0,100,0,14,12,10,5,1,3,7,3,2,0,0,72,100,84,30,20,8,7,0,1,1788124743.2000802,G1,T03,respiro_2m_10,1,static
27710299,1,0,1,0,226,0,100,0,16,11,8,10,5,4,6,3,2,0,0,72,100,84,29,19,7,7,0,1,1788124743.400213,G1,T03,respiro_2m_10,1,static
27710499,1,0,1,0,226,0,100,0,13,8,3,2,7,5,6,4,1,0,0,73,100,82,27,18,7,7,0,1,1788124743.5999377,G1,T03,respiro_2m_10,1,static
27710699,1,0,1,0,226,0,100,0,17,12,11,13,3,3,4,2,1,0,0,72,100,81,26,17,7,7,0,1,1788124743.8003316,G1,T03,respiro_2m_10,1,static
27710899,1,0,1,0,226,0,100,0,19,15,6,7,7,3,4,2,2,0,0,69,100,77,24,17,6,7,0,1,1788124744.0004582,G1,T03,respiro_2m_10,1,static
