timestamp_ms,radar_presence,moving_target,stationary_target,moving_distance_cm,stationary_distance_cm,moving_energy,stationary_energy,pir_presence,menergy_gate0,menergy_gate1,menergy_gate2,menergy_gate3,menergy_gate4,menergy_gate5,menergy_gate6,menergy_gate7,menergy_gate8,senergy_gate0,senergy_gate1,senergy_gate2,senergy_gate3,senergy_gate4,senergy_gate5,senergy_gate6,senergy_gate7,senergy_gate8,light_level,out_level,pc_time_s,group_id,trial_id,scenario,ground_truth_presence,ground_truth_state
27071299,1,1,1,66,65,100,100,1,100,100,100,43,34,13,18,15,11,0,0,100,100,100,93,58,66,43,0,1,1788124106.2791731,G1,T01,respiro_2m_10,1,static
27071499,1,1,1,71,70,100,100,1,100,100,100,64,29,10,14,13,11,0,0,100,100,100,95,61,70,43,0,1,1788124106.2791731,G1,T01,respiro_2m_10,1,static
27071699,1,1,1,69,75,100,100,1,100,100,100,73,27,7,8,5,7,0,0,100,100,100,96,63,71,42,0,1,1788124106.2808642,G1,T01,respiro_2m_10,1,static
27071899,1,1,1,79,70,100,100,1,100,100,100,51,16,15,4,5,10,0,0,100,100,100,96,68,74,44,0,1,1788124106.2808642,G1,T01,respiro_2m_10,1,static
27072099,1,1,1,72,65,100,100,1,100,100,100,60,26,10,9,12,12,0,0,100,100,100,100,71,75,44,0,1,1788124106.2819352,G1,T01,respiro_2m_10,1,static
27072299,1,1,1,75,76,100,100,1,100,100,100,65,22,7,4,5,9,0,0,100,100,100,100,75,76,48,0,1,1788124106.282503,G1,T01,respiro_2m_10,1,static
27072499,1,1,1,78,79,100,100,1,100,100,100,25,16,7,10,19,14,0,0,100,100,100,100,80,79,50,0,1,1788124106.282503,G1,T01,respiro_2m_10,1,static
27072699,1,1,1,84,79,100,100,1,100,100,100,63,21,11,13,21,10,0,0,100,100,100,100,86,88,56,0,1,1788124106.2836041,G1,T01,respiro_2m_10,1,static
27072899,1,1,1,94,86,100,100,1,47,100,100,34,23,18,7,10,5,0,0,100,100,100,100,98,100,63,0,1,1788124106.2845917,G1,T01,respiro_2m_10,1,static
27073099,1,1,1,103,88,100,100,1,82,100,100,100,48,8,9,9,15,0,0,100,100,100,100,100,100,71,0,1,1788124106.2845917,G1,T01,respiro_2m_10,1,static
27073299,1,1,1,92,133,100,100,1,23,100,100,34,13,12,16,25,17,0,0,100,100,100,100,100,100,74,0,1,1788124106.381259,G1,T01,respiro_2m_10,1,static
27073499,1,1,1,128,86,100,100,1,28,100,100,100,35,9,4,15,9,0,0,100,100,100,100,100,100,81,0,1,1788124106.5812948,G1,T01,respiro_2m_10,1,static
27073699,1,1,1,100,99,100,100,1,31,100,100,52,49,24,24,17,13,0,0,100,100,100,100,100,100,84,0,1,1788124106.7815645,G1,T01,respiro_2m_10,1,static
27073899,1,1,1,116,113,100,100,1,33,100,100,59,32,16,13,17,10,0,0,100,100,100,100,100,100,84,0,1,1788124106.98109,G1,T01,respiro_2m_10,1,static
27074099,1,1,1,130,106,100,100,1,20,100,100,100,40,26,12,12,13,0,0,100,100,100,100,100,100,83,0,1,1788124107.1810396,G1,T01,respiro_2m_10,1,static
27074299,1,1,1,151,150,100,100,1,19,98,100,100,17,7,14,22,6,0,0,100,100,100,100,100,100,88,0,1,1788124107.380017,G1,T01,respiro_2m_10,1,static
27074499,1,1,1,158,152,100,100,1,15,61,100,97,9,8,17,21,16,0,0,100,100,100,100,100,100,95,0,1,1788124107.5809407,G1,T01,respiro_2m_10,1,static
27074699,1,1,1,140,108,75,100,1,17,43,75,20,24,8,6,13,8,0,0,100,100,100,100,100,100,98,0,1,1788124107.78129,G1,T01,respiro_2m_10,1,static
27074899,1,1,1,152,151,100,100,1,15,63,100,79,15,8,10,9,9,0,0,100,100,100,100,100,100,96,0,1,1788124107.9809422,G1,T01,respiro_2m_10,1,static
27075099,1,1,1,156,157,100,100,1,18,87,100,100,12,14,10,13,5,0,0,100,100,100,100,100,100,94,0,1,1788124108.1808558,G1,T01,respiro_2m_10,1,static
27075299,1,1,1,151,159,66,100,1,19,25,66,30,27,13,9,15,6,0,0,100,100,100,100,100,100,92,0,1,1788124108.3811314,G1,T01,respiro_2m_10,1,static
27075499,1,1,1,162,155,100,100,1,13,58,100,100,37,13,13,10,6,0,0,100,100,100,100,100,100,93,0,1,1788124108.581057,G1,T01,respiro_2m_10,1,static
27075699,1,1,1,157,168,100,100,1,18,72,100,100,29,14,9,3,6,0,0,100,100,100,100,100,100,95,0,1,1788124108.7815907,G1,T01,respiro_2m_10,1,static
27075899,1,1,1,159,144,100,100,1,15,60,100,100,34,13,7,10,11,0,0,100,100,100,100,100,100,96,0,1,1788124108.9810293,G1,T01,respiro_2m_10,1,static
27076099,1,1,1,148,161,100,100,1,13,68,100,60,14,21,17,15,4,0,0,100,100,100,100,100,100,96,0,1,1788124109.1803699,G1,T01,respiro_2m_10,1,static
27076299,1,1,1,138,162,100,100,1,13,77,100,40,35,8,2,2,8,0,0,100,100,100,100,100,100,94,0,1,1788124109.3809903,G1,T01,respiro_2m_10,1,static
27076499,1,1,1,124,125,60,100,1,14,51,60,17,11,5,5,6,11,0,0,100,100,100,100,100,100,95,0,1,1788124109.5813317,G1,T01,respiro_2m_10,1,static
27076699,1,0,1,0,136,0,100,1,18,32,38,18,35,14,5,4,12,0,0,100,100,100,100,100,100,93,0,1,1788124109.7803123,G1,T01,respiro_2m_10,1,static
27076899,1,1,1,203,296,48,100,1,19,39,39,48,13,9,3,10,7,0,0,100,100,100,100,100,100,88,0,1,1788124109.981433,G1,T01,respiro_2m_10,1,static
27077099,1,1,1,126,125,49,100,1,21,44,49,25,19,13,10,5,1,0,0,100,100,100,100,100,100,81,0,1,1788124110.1809368,G1,T01,respiro_2m_10,1,static
27077299,1,1,1,159,137,98,100,1,21,55,98,73,13,10,8,7,1,0,0,100,100,100,100,100,100,80,0,1,1788124110.3810165,G1,T01,respiro_2m_10,1,static
27077499,1,0,1,0,143,0,100,1,15,18,20,22,14,5,4,9,10,0,0,100,100,100,100,99,100,76,0,1,1788124110.5805752,G1,T01,respiro_2m_10,1,static
27077699,1,0,1,0,174,0,100,1,21,30,35,22,18,8,7,10,4,0,0,100,100,100,100,97,100,75,0,1,1788124110.780302,G1,T01,respiro_2m_10,1,static
27077899,1,1,1,210,199,69,100,1,16,13,47,69,18,1,8,4,7,0,0,100,100,100,100,96,100,78,0,1,1788124110.9810636,G1,T01,respiro_2m_10,1,static
27078099,1,1,1,183,189,48,100,1,19,28,48,47,21,11,7,6,2,0,0,100,100,100,100,94,100,80,0,1,1788124111.180705,G1,T01,respiro_2m_10,1,static
27078299,1,0,1,0,213,0,100,1,16,15,20,24,17,15,9,5,4,0,0,100,100,100,100,83,94,74,0,1,1788124111.380982,G1,T01,respiro_2m_10,1,static
27078499,1,1,1,199,173,100,100,1,16,28,100,100,46,16,5,9,7,0,0,100,100,100,100,74,82,67,0,1,1788124111.5812013,G1,T01,respiro_2m_10,1,static
27078699,1,1,1,193,188,100,100,1,17,22,100,100,38,14,2,13,10,0,0,100,100,100,100,71,77,62,0,1,1788124111.7815294,G1,T01,respiro_2m_10,1,static
27078899,1,1,1,220,225,100,100,1,15,14,95,100,70,11,2,5,7,0,0,100,100,100,97,63,73,62,0,1,1788124111.9811697,G1,T01,respiro_2m_10,1,static
27079099,1,1,1,210,214,100,100,1,19,18,77,100,32,7,4,6,8,0,0,100,100,100,93,60,73,61,0,1,1788124112.1812606,G1,T01,respiro_2m_10,1,static
27079299,1,1,1,212,172,100,100,1,13,18,100,100,50,12,10,9,10,0,0,100,100,100,90,58,74,62,0,1,1788124112.3817506,G1,T01,respiro_2m_10,1,static
27079499,1,1,1,202,198,100,100,1,17,20,100,100,34,4,11,9,5,0,0,100,100,100,89,57,72,59,0,1,1788124112.5810997,G1,T01,respiro_2m_10,1,static
27079699,1,1,1,186,202,65,100,1,18,16,65,64,11,11,6,3,5,0,0,100,100,100,90,58,71,56,0,1,1788124112.781186,G1,T01,respiro_2m_10,1,static
27079899,1,1,1,233,185,53,100,1,14,11,16,53,30,13,10,9,6,0,0,100,100,100,90,58,70,52,0,1,1788124112.9805834,G1,T01,respiro_2m_10,1,static
27080099,1,1,1,227,182,61,100,1,30,18,23,61,29,8,9,11,7,0,0,100,100,100,92,58,69,51,0,1,1788124113.1805003,G1,T01,respiro_2m_10,1,static
27080299,1,1,1,302,193,34,100,1,16,11,30,10,34,14,14,9,12,0,0,100,100,100,97,57,67,52,0,1,1788124113.3812308,G1,T01,respiro_2m_10,1,static
27080499,1,0,1,0,196,0,100,1,13,14,44,42,26,15,9,6,4,0,0,100,100,100,96,56,66,52,0,1,1788124113.5808206,G1,T01,respiro_2m_10,1,static
27080699,1,0,1,0,200,0,100,1,20,18,34,27,14,19,4,12,8,0,0,100,100,100,94,54,65,48,0,1,1788124113.7811317,G1,T01,respiro_2m_10,1,static
27080899,1,1,1,234,204,77,100,1,15,11,35,77,52,24,4,5,8,0,0,100,100,100,96,54,64,46,0,1,1788124113.9806256,G1,T01,respiro_2m_10,1,static
27081099,1,0,1,0,206,0,100,1,16,9,22,28,16,7,2,6,5,0,0,100,100,100,93,50,63,46,0,1,1788124114.1804056,G1,T01,respiro_2m_10,1,static
27081299,1,0,1,0,210,0,100,1,15,15,36,22,13,14,9,11,3,0,0,100,100,100,91,53,63,44,0,1,1788124114.3811235,G1,T01,respiro_2m_10,1,static
27081499,1,1,1,194,210,100,100,1,16,14,97,100,23,6,2,2,7,0,0,100,100,100,93,52,61,40,0,1,1788124114.5808067,G1,T01,respiro_2m_10,1,static
27081699,1,1,1,222,210,64,100,1,20,17,32,64,27,4,4,7,10,0,0,100,100,100,92,52,57,37,0,1,1788124114.7805538,G1,T01,respiro_2m_10,1,static
27081899,1,1,1,286,212,26,100,1,18,16,20,18,26,9,3,6,8,0,0,100,100,100,96,51,51,33,0,1,1788124114.9809952,G1,T01,respiro_2m_10,1,static
27082099,1,1,1,205,212,58,100,1,15,13,48,58,29,4,2,5,7,0,0,100,100,100,99,51,48,30,0,1,1788124115.1811397,G1,T01,respiro_2m_10,1,static
27082299,1,1,1,222,213,55,100,1,24,16,24,55,18,11,5,7,7,0,0,100,100,100,100,50,48,30,0,1,1788124115.3806913,G1,T01,respiro_2m_10,1,static
27082499,1,1,1,213,214,47,100,1,17,16,27,47,9,10,8,6,7,0,0,100,100,100,93,47,46,30,0,1,1788124115.5814662,G1,T01,respiro_2m_10,1,static
27082699,1,1,1,189,213,32,100,1,18,14,32,32,13,11,5,3,3,0,0,100,100,100,88,46,43,29,0,1,1788124115.7810946,G1,T01,respiro_2m_10,1,static
27082899,1,1,1,223,215,83,100,1,17,14,40,83,37,5,6,4,7,0,0,100,100,100,89,44,40,28,0,1,1788124115.980924,G1,T01,respiro_2m_10,1,static
27083099,1,1,1,215,215,52,100,1,18,10,34,52,21,3,10,1,6,0,0,100,100,100,92,44,38,27,0,1,1788124116.1811197,G1,T01,respiro_2m_10,1,static
27083299,1,1,1,205,216,72,100,1,16,13,54,72,13,1,3,5,5,0,0,100,100,100,91,44,37,27,0,1,1788124116.3804069,G1,T01,respiro_2m_10,1,static
27083499,1,1,1,215,218,84,100,1,14,19,61,84,44,20,8,8,5,0,0,100,100,100,92,44,36,26,0,1,1788124116.5812485,G1,T01,respiro_2m_10,1,static
27083699,1,1,1,245,220,50,100,1,14,13,18,50,41,9,3,2,5,0,0,100,100,100,90,42,33,25,0,1,1788124116.780841,G1,T01,respiro_2m_10,1,static
27083899,1,1,1,217,221,34,100,1,20,20,28,34,25,15,2,5,7,0,0,100,100,100,87,41,30,24,0,1,1788124116.9807134,G1,T01,respiro_2m_10,1,static
27084099,1,1,1,225,222,100,100,1,25,16,46,100,45,2,4,7,10,0,0,100,100,100,84,38,29,24,0,1,1788124117.1815085,G1,T01,respiro_2m_10,1,static
27084299,1,1,1,221,220,43,100,1,14,18,27,43,23,20,6,8,3,0,0,100,100,100,82,37,28,23,0,1,1788124117.3813245,G1,T01,respiro_2m_10,1,static
27084499,1,1,1,225,219,61,100,1,16,15,28,61,28,19,12,10,10,0,0,100,100,100,87,37,30,24,0,1,1788124117.5805185,G1,T01,respiro_2m_10,1,static
27084699,1,1,1,212,220,68,100,1,13,10,48,68,28,23,8,4,7,0,0,100,100,100,88,38,30,24,0,1,1788124117.7800317,G1,T01,respiro_2m_10,1,static
27084899,1,1,1,203,220,53,100,1,16,13,43,53,17,5,5,9,7,0,0,100,100,100,87,37,32,25,0,1,1788124117.9808805,G1,T01,respiro_2m_10,1,static
27085099,1,0,1,0,218,0,100,1,17,14,7,10,15,12,9,6,7,0,0,100,100,100,88,37,35,25,0,1,1788124118.181016,G1,T01,respiro_2m_10,1,static
27085299,1,1,1,223,219,80,100,1,17,12,40,80,37,16,12,10,2,0,0,100,100,100,89,36,36,27,0,1,1788124118.381114,G1,T01,respiro_2m_10,1,static
27085499,1,1,1,222,219,95,100,1,16,12,52,95,46,10,6,10,1,0,0,100,100,100,88,36,38,27,0,1,1788124118.5812607,G1,T01,respiro_2m_10,1,static
27085699,1,1,1,208,220,91,100,1,18,12,62,91,16,14,1,12,2,0,0,100,100,100,90,35,39,28,0,1,1788124118.7808738,G1,T01,respiro_2m_10,1,static
27085899,1,1,1,223,218,69,100,0,15,14,34,69,30,17,8,4,6,0,0,100,100,100,90,35,40,28,0,1,1788124118.9807627,G1,T01,respiro_2m_10,1,static
27086099,1,0,1,0,217,0,100,0,14,15,15,13,10,11,8,5,5,0,0,100,100,100,88,35,40,27,0,1,1788124119.1806436,G1,T01,respiro_2m_10,1,static
27086299,1,0,1,0,217,0,100,0,17,21,6,3,7,5,3,8,6,0,0,100,100,100,83,35,40,29,0,1,1788124119.3807557,G1,T01,respiro_2m_10,1,static
27086499,1,1,1,205,217,61,100,0,18,13,46,61,14,8,10,8,9,0,0,100,100,100,86,35,40,29,0,1,1788124119.5808566,G1,T01,respiro_2m_10,1,static
27086699,1,0,1,0,216,0,100,0,18,13,31,25,6,10,6,9,7,0,0,100,100,100,87,37,41,30,0,1,1788124119.7799296,G1,T01,respiro_2m_10,1,static
27086899,1,1,1,205,213,43,100,0,18,15,34,43,11,4,9,3,6,0,0,100,100,100,88,39,40,30,0,1,1788124119.9807856,G1,T01,respiro_2m_10,1,static
27087099,1,1,1,200,213,49,100,0,17,17,43,49,17,6,6,7,7,0,0,100,100,100,87,39,40,31,0,1,1788124120.1807015,G1,T01,respiro_2m_10,1,static
27087299,1,1,1,202,213,62,100,0,24,24,50,62,12,7,9,7,5,0,0,100,100,100,85,39,40,31,0,1,1788124120.3813987,G1,T01,respiro_2m_10,1,static
27087499,1,0,1,0,211,0,100,0,16,12,19,20,6,5,6,6,6,0,0,100,100,100,81,37,39,32,0,1,1788124120.5809083,G1,T01,respiro_2m_10,1,static
27087699,1,0,1,0,209,0,100,0,17,22,40,19,19,5,8,8,4,0,0,100,100,100,79,37,39,33,0,1,1788124120.7805505,G1,T01,respiro_2m_10,1,static
27087899,1,0,1,0,208,0,100,0,17,9,17,29,7,5,9,6,5,0,0,100,100,100,75,36,39,34,0,1,1788124120.980994,G1,T01,respiro_2m_10,1,static
27088099,1,0,1,0,207,0,100,0,18,15,16,26,6,9,5,7,5,0,0,100,100,100,75,36,38,34,0,1,1788124121.1810453,G1,T01,respiro_2m_10,1,static
27088299,1,1,1,216,207,33,100,0,16,13,19,33,11,3,1,4,3,0,0,100,100,100,71,35,38,32,0,1,1788124121.3814769,G1,T01,respiro_2m_10,1,static
27088499,1,0,1,0,206,0,100,0,17,11,14,14,8,1,5,1,2,0,0,100,100,100,63,32,34,29,0,1,1788124121.5810013,G1,T01,respiro_2m_10,1,static
27088699,1,0,1,0,205,0,100,0,15,13,18,21,8,6,1,4,1,0,0,100,100,100,59,30,33,28,0,1,1788124121.7809515,G1,T01,respiro_2m_10,1,static
27088899,1,0,1,0,202,0,100,0,14,11,13,17,9,6,4,3,3,0,0,100,100,100,57,29,31,27,0,1,1788124121.9806821,G1,T01,respiro_2m_10,1,static
27089099,1,0,1,0,202,0,100,0,18,11,8,11,2,5,6,3,2,0,0,100,100,100,54,29,28,25,0,1,1788124122.1806579,G1,T01,respiro_2m_10,1,static
27089299,1,0,1,0,200,0,100,0,19,14,6,11,10,11,5,2,3,0,0,100,100,94,52,28,25,23,0,1,1788124122.3798084,G1,T01,respiro_2m_10,1,static
27089499,1,0,1,0,199,0,100,0,14,12,7,11,6,8,5,1,3,0,0,100,100,85,52,27,23,22,0,1,1788124122.5800521,G1,T01,respiro_2m_10,1,static
27089699,1,0,1,0,199,0,100,0,22,16,8,15,10,1,3,1,4,0,0,100,100,86,51,27,21,21,0,1,1788124122.780564,G1,T01,respiro_2m_10,1,static
27089899,1,0,1,0,198,0,100,0,19,13,11,9,2,4,2,1,5,0,0,100,100,80,48,26,20,20,0,1,1788124122.9805696,G1,T01,respiro_2m_10,1,static
27090099,1,0,1,0,199,0,100,0,17,14,11,14,8,6,5,1,3,0,0,100,100,78,46,25,19,19,0,1,1788124123.1808593,G1,T01,respiro_2m_10,1,static
27090299,1,0,1,0,198,0,100,0,18,14,12,12,7,12,6,1,1,0,0,100,100,75,45,25,18,17,0,1,1788124123.3805876,G1,T01,respiro_2m_10,1,static
27090499,1,0,1,0,199,0,100,0,18,13,12,26,15,2,8,8,2,0,0,100,100,78,42,25,17,16,0,1,1788124123.580203,G1,T01,respiro_2m_10,1,static
27090699,1,0,1,0,201,0,100,0,16,14,17,23,14,3,6,7,2,0,0,100,100,85,42,23,15,15,0,1,1788124123.7810402,G1,T01,respiro_2m_10,1,static
27090899,1,0,1,0,203,0,100,0,20,18,14,22,11,5,1,5,3,0,0,100,100,89,39,21,15,14,0,1,1788124123.9811156,G1,T01,respiro_2m_10,1,static
27091099,1,0,1,0,204,0,100,0,19,14,9,19,12,9,6,4,2,0,0,100,100,91,37,20,15,13,0,1,1788124124.1809936,G1,T01,respiro_2m_10,1,static
27091299,1,0,1,0,203,0,100,0,15,8,11,22,11,4,8,4,2,0,0,100,100,88,35,21,14,12,0,1,1788124124.3811717,G1,T01,respiro_2m_10,1,static
27091499,1,0,1,0,206,0,100,0,17,15,10,19,8,6,5,7,2,0,0,100,100,88,34,22,14,10,0,1,1788124124.579869,G1,T01,respiro_2m_10,1,static
27091699,1,0,1,0,209,0,100,0,17,13,12,22,9,11,3,8,2,0,0,100,100,89,34,22,13,9,0,1,1788124124.7801087,G1,T01,respiro_2m_10,1,static
27091899,1,0,1,0,210,0,100,0,14,11,14,22,9,10,2,7,1,0,0,100,100,88,35,23,13,8,0,1,1788124124.9802282,G1,T01,respiro_2m_10,1,static
27092099,1,0,1,0,210,0,100,0,19,14,9,17,8,3,3,5,2,0,0,100,100,87,34,23,12,8,0,1,1788124125.1808944,G1,T01,respiro_2m_10,1,static
27092299,1,0,1,0,212,0,100,0,17,16,11,26,11,5,5,6,3,0,0,100,100,91,33,22,11,8,0,1,1788124125.381137,G1,T01,respiro_2m_10,1,static
27092499,1,1,1,216,214,35,100,0,20,14,19,35,11,8,3,7,4,0,0,100,100,94,33,22,11,8,0,1,1788124125.579862,G1,T01,respiro_2m_10,1,static
27092699,1,0,1,0,215,0,100,0,20,14,14,26,11,6,2,3,4,0,0,100,100,100,33,21,11,7,0,1,1788124125.7810779,G1,T01,respiro_2m_10,1,static
27092899,1,1,1,215,217,37,100,0,23,15,21,37,11,4,2,5,3,0,0,100,100,100,31,20,11,7,0,1,1788124125.9810572,G1,T01,respiro_2m_10,1,static
27093099,1,0,1,0,217,0,100,0,17,12,11,19,9,3,3,4,2,0,0,100,100,100,30,19,10,7,0,1,1788124126.1810794,G1,T01,respiro_2m_10,1,static
27093299,1,0,1,0,217,0,100,0,17,15,19,30,12,4,1,3,3,0,0,100,100,100,28,18,10,7,0,1,1788124126.3812363,G1,T01,respiro_2m_10,1,static
27093499,1,0,1,0,218,0,100,0,13,12,16,27,12,5,2,4,2,0,0,100,100,100,25,17,10,7,0,1,1788124126.581216,G1,T01,respiro_2m_10,1,static
27093699,1,0,1,0,218,0,100,0,21,16,14,24,13,8,3,4,2,0,0,100,100,100,23,17,11,7,0,1,1788124126.781048,G1,T01,respiro_2m_10,1,static
27093899,1,0,1,0,218,0,100,0,14,10,12,17,6,9,4,3,2,0,0,100,100,100,22,17,11,7,0,1,1788124126.9809275,G1,T01,respiro_2m_10,1,static
27094099,1,0,1,0,218,0,100,0,21,12,9,13,8,11,4,4,1,0,0,100,100,100,22,16,11,7,0,1,1788124127.181126,G1,T01,respiro_2m_10,1,static
27094299,1,0,1,0,218,0,100,0,16,14,9,16,11,7,3,1,2,0,0,100,100,100,23,16,11,6,0,1,1788124127.3808787,G1,T01,respiro_2m_10,1,static
27094499,1,0,1,0,217,0,100,0,16,12,11,16,8,3,2,3,4,0,0,100,100,100,23,15,11,7,0,1,1788124127.581194,G1,T01,respiro_2m_10,1,static
27094699,1,0,1,0,217,0,100,0,15,14,12,18,10,8,4,3,5,0,0,100,100,100,22,14,11,7,0,1,1788124127.781232,G1,T01,respiro_2m_10,1,static
27094899,1,0,1,0,217,0,100,0,19,16,7,9,4,7,6,5,4,0,0,100,100,100,22,14,11,7,0,1,1788124127.9808538,G1,T01,respiro_2m_10,1,static
27095099,1,0,1,0,217,0,100,0,13,13,9,9,8,2,6,5,5,0,0,100,100,100,23,13,11,8,0,1,1788124128.1808844,G1,T01,respiro_2m_10,1,static
27095299,1,0,1,0,217,0,100,0,20,14,9,11,3,6,5,5,4,0,0,100,100,100,24,12,11,8,0,1,1788124128.3808188,G1,T01,respiro_2m_10,1,static
27095499,1,0,1,0,217,0,100,0,20,14,9,17,12,8,3,8,3,0,0,100,100,100,25,12,12,8,0,1,1788124128.5805545,G1,T01,respiro_2m_10,1,static
27095699,1,0,1,0,217,0,100,0,17,13,7,13,7,8,3,7,4,0,0,100,100,100,27,11,12,8,0,1,1788124128.780504,G1,T01,respiro_2m_10,1,static
27095899,1,0,1,0,217,0,100,0,17,14,9,11,8,7,1,5,4,0,0,100,100,100,28,10,12,8,0,1,1788124128.9804933,G1,T01,respiro_2m_10,1,static
27096099,1,0,1,0,218,0,100,0,14,10,9,11,2,5,3,8,1,0,0,100,100,100,29,9,12,8,0,1,1788124129.1809871,G1,T01,respiro_2m_10,1,static
27096299,1,0,1,0,218,0,100,0,17,13,9,17,6,9,4,4,4,0,0,100,100,95,29,9,12,8,0,1,1788124129.380793,G1,T01,respiro_2m_10,1,static
27096499,1,0,1,0,218,0,100,0,17,13,7,13,13,8,5,3,4,0,0,100,100,88,28,9,12,7,0,1,1788124129.5809586,G1,T01,respiro_2m_10,1,static
27096699,1,0,1,0,217,0,100,0,17,15,11,19,10,2,1,3,4,0,0,100,100,83,30,10,12,7,0,1,1788124129.7809165,G1,T01,respiro_2m_10,1,static
27096899,1,0,1,0,217,0,100,0,13,12,15,23,8,1,4,8,1,0,0,100,100,81,31,11,12,7,0,1,1788124129.9809642,G1,T01,respiro_2m_10,1,static
27097099,1,0,1,0,217,0,100,0,15,10,12,20,5,1,5,7,3,0,0,100,100,78,32,12,13,8,0,1,1788124130.1811204,G1,T01,respiro_2m_10,1,static
27097299,1,0,1,0,217,0,100,0,19,13,15,25,12,3,4,4,3,0,0,100,100,75,34,12,13,8,0,1,1788124130.3807251,G1,T01,respiro_2m_10,1,static
27097499,1,0,1,0,217,0,100,0,17,13,13,17,7,3,4,4,3,0,0,100,100,71,35,13,13,7,0,1,1788124130.5811145,G1,T01,respiro_2m_10,1,static
27097699,1,0,1,0,217,0,100,0,15,12,14,23,9,4,3,3,4,0,0,100,100,69,35,13,12,7,0,1,1788124130.7806168,G1,T01,respiro_2m_10,1,static
27097899,1,0,1,0,217,0,100,0,16,12,13,25,11,5,4,4,5,0,0,100,100,71,34,13,12,7,0,1,1788124130.9810855,G1,T01,respiro_2m_10,1,static
27098099,1,0,1,0,217,0,100,0,22,16,15,29,14,3,2,3,5,0,0,100,100,77,32,13,12,7,0,1,1788124131.1811702,G1,T01,respiro_2m_10,1,static
27098299,1,0,1,0,218,0,100,0,21,14,11,14,4,5,2,5,4,0,0,100,100,83,31,13,12,8,0,1,1788124131.3810892,G1,T01,respiro_2m_10,1,static
27098499,1,0,1,0,218,0,100,0,16,11,18,25,9,8,4,6,4,0,0,100,100,91,30,13,11,7,0,1,1788124131.5806377,G1,T01,respiro_2m_10,1,static
27098699,1,0,1,0,218,0,100,0,15,8,4,7,1,8,4,6,4,0,0,100,100,96,29,13,11,7,0,1,1788124131.7808526,G1,T01,respiro_2m_10,1,static
27098899,1,0,1,0,219,0,100,0,15,13,15,26,15,6,4,4,5,0,0,100,100,100,28,13,10,6,0,1,1788124131.9811168,G1,T01,respiro_2m_10,1,static
27099099,1,0,1,0,219,0,100,0,18,13,15,30,11,5,9,6,5,0,0,100,100,100,28,13,10,6,0,1,1788124132.1808884,G1,T01,respiro_2m_10,1,static
27099299,1,0,1,0,219,0,100,0,16,12,2,12,9,10,6,4,4,0,0,100,100,100,29,14,10,6,0,1,1788124132.3812394,G1,T01,respiro_2m_10,1,static
27099499,1,0,1,0,219,0,100,0,17,13,18,28,9,6,2,5,4,0,0,100,100,100,28,14,9,6,0,1,1788124132.5808563,G1,T01,respiro_2m_10,1,static
27099699,1,0,1,0,219,0,100,0,19,15,13,23,8,5,1,5,5,0,0,100,100,100,29,14,9,6,0,1,1788124132.7803187,G1,T01,respiro_2m_10,1,static
27099899,1,0,1,0,219,0,100,0,14,13,16,26,8,6,3,4,3,0,0,100,100,100,29,15,9,5,0,1,1788124132.9810348,G1,T01,respiro_2m_10,1,static
27100099,1,0,1,0,218,0,100,0,17,11,13,21,8,7,3,6,3,0,0,100,100,100,29,15,8,5,0,1,1788124133.18099,G1,T01,respiro_2m_10,1,static
27100299,1,0,1,0,218,0,100,0,23,16,10,18,10,7,1,5,3,0,0,100,100,100,29,15,8,5,0,1,1788124133.3806505,G1,T01,respiro_2m_10,1,static
27100499,1,0,1,0,219,0,100,0,16,13,11,19,6,8,1,1,6,0,0,100,100,100,29,14,9,5,0,1,1788124133.5812666,G1,T01,respiro_2m_10,1,static
27100699,1,0,1,0,218,0,100,0,20,16,8,18,6,7,4,3,6,0,0,100,100,100,29,14,9,6,0,1,1788124133.7799208,G1,T01,respiro_2m_10,1,static
27100899,1,0,1,0,218,0,100,0,16,11,11,18,8,7,6,5,6,0,0,100,100,100,30,13,8,6,0,1,1788124133.9807808,G1,T01,respiro_2m_10,1,static
27101099,1,0,1,0,219,0,100,0,19,13,7,14,9,4,6,6,6,0,0,100,100,100,31,13,8,6,0,1,1788124134.1810918,G1,T01,respiro_2m_10,1,static
27101299,1,0,1,0,219,0,100,0,17,14,7,12,7,7,5,6,5,0,0,100,100,100,31,14,8,6,0,1,1788124134.3812416,G1,T01,respiro_2m_10,1,static
27101499,1,0,1,0,219,0,100,0,23,18,9,13,10,1,5,6,5,0,0,100,100,100,32,14,8,6,0,1,1788124134.5813048,G1,T01,respiro_2m_10,1,static
27101699,1,0,1,0,219,0,100,0,16,12,9,16,6,3,5,7,4,0,0,100,100,100,33,14,8,6,0,1,1788124134.7803042,G1,T01,respiro_2m_10,1,static
27101899,1,0,1,0,219,0,100,0,19,15,10,13,4,4,7,7,4,0,0,100,100,100,34,15,9,6,0,1,1788124134.9807305,G1,T01,respiro_2m_10,1,static
27102099,1,0,1,0,219,0,100,0,16,12,10,21,10,10,3,3,7,0,0,100,100,100,35,15,9,6,0,1,1788124135.180799,G1,T01,respiro_2m_10,1,static
27102299,1,0,1,0,219,0,100,0,20,17,10,20,9,10,2,3,6,0,0,100,100,99,36,15,9,6,0,1,1788124135.3810897,G1,T01,respiro_2m_10,1,static
27102499,1,0,1,0,219,0,100,0,17,12,11,22,10,1,2,4,4,0,0,100,100,95,37,16,9,6,0,1,1788124135.5809913,G1,T01,respiro_2m_10,1,static
27102699,1,0,1,0,219,0,100,0,15,12,14,20,3,2,4,8,2,0,0,100,100,91,37,16,9,7,0,1,1788124135.779965,G1,T01,respiro_2m_10,1,static
27102899,1,0,1,0,218,0,100,0,20,14,13,22,9,4,7,7,5,0,0,100,100,90,37,17,10,7,0,1,1788124135.9809268,G1,T01,respiro_2m_10,1,static
27103099,1,0,1,0,217,0,100,0,29,14,15,26,12,5,6,4,4,0,0,100,100,87,37,17,10,7,0,1,1788124136.181337,G1,T01,respiro_2m_10,1,static
27103299,1,0,1,0,217,0,100,0,22,15,14,26,9,4,5,4,4,0,0,100,100,85,38,18,10,7,0,1,1788124136.3813384,G1,T01,respiro_2m_10,1,static
27103499,1,0,1,0,217,0,100,0,14,9,10,16,7,2,3,4,5,0,0,100,100,83,38,19,10,7,0,1,1788124136.5806148,G1,T01,respiro_2m_10,1,static
27103699,1,0,1,0,217,0,100,0,18,13,14,29,16,5,1,5,4,0,0,100,100,84,37,19,10,6,0,1,1788124136.7801015,G1,T01,respiro_2m_10,1,static
27103899,1,1,1,220,217,33,100,0,24,18,17,33,12,8,3,4,5,0,0,100,100,86,36,19,10,7,0,1,1788124136.9817495,G1,T01,respiro_2m_10,1,static
27104099,1,0,1,0,218,0,100,0,16,9,14,26,12,5,1,2,5,0,0,100,100,92,35,19,11,7,0,1,1788124137.1806245,G1,T01,respiro_2m_10,1,static
27104299,1,0,1,0,218,0,100,0,18,11,8,15,5,4,1,1,5,0,0,100,100,97,34,19,11,7,0,1,1788124137.381236,G1,T01,respiro_2m_10,1,static
27104499,1,0,1,0,219,0,100,0,13,13,12,22,12,7,3,3,5,0,0,100,100,100,34,19,10,7,0,1,1788124137.5814266,G1,T01,respiro_2m_10,1,static
27104699,1,0,1,0,219,0,100,0,19,14,14,20,11,7,3,2,5,0,0,100,100,100,33,18,10,6,0,1,1788124137.7814825,G1,T01,respiro_2m_10,1,static
27104899,1,1,1,222,219,33,100,0,18,14,16,33,13,4,2,3,4,0,0,100,100,100,31,18,10,6,0,1,1788124137.9812202,G1,T01,respiro_2m_10,1,static
27105099,1,1,1,220,219,37,100,0,19,13,20,37,16,4,4,2,3,0,0,100,100,100,31,19,10,5,0,1,1788124138.1816003,G1,T01,respiro_2m_10,1,static
27105299,1,0,1,0,219,0,100,0,20,14,12,20,9,6,4,2,5,0,0,100,100,100,30,19,10,5,0,1,1788124138.381159,G1,T01,respiro_2m_10,1,static
27105499,1,0,1,0,219,0,100,0,20,9,7,11,5,9,3,3,4,0,0,100,100,100,29,19,10,5,0,1,1788124138.5809412,G1,T01,respiro_2m_10,1,static
27105699,1,0,1,0,218,0,100,0,17,12,9,15,7,6,5,5,4,0,0,100,100,100,31,19,10,5,0,1,1788124138.7810693,G1,T01,respiro_2m_10,1,static
27105899,1,0,1,0,218,0,100,0,17,12,11,14,6,6,4,5,3,0,0,100,100,100,32,19,10,5,0,1,1788124138.9814827,G1,T01,respiro_2m_10,1,static
27106099,1,0,1,0,218,0,100,0,13,10,11,14,3,6,2,5,3,0,0,100,100,100,33,19,10,5,0,1,1788124139.181411,G1,T01,respiro_2m_10,1,static
27106299,1,0,1,0,218,0,100,0,17,15,9,12,1,4,1,3,3,0,0,100,100,100,33,18,10,5,0,1,1788124139.3805983,G1,T01,respiro_2m_10,1,static
27106499,1,0,1,0,217,0,100,0,15,11,11,12,3,2,2,1,5,0,0,100,100,100,32,17,10,5,0,1,1788124139.5812557,G1,T01,respiro_2m_10,1,static
27106699,1,0,1,0,217,0,100,0,18,15,10,10,6,3,3,1,6,0,0,100,100,100,31,17,10,5,0,1,1788124139.7816148,G1,T01,respiro_2m_10,1,static
27106899,1,0,1,0,217,0,100,0,16,10,9,15,8,5,4,3,6,0,0,100,100,100,32,17,9,5,0,1,1788124139.9806397,G1,T01,respiro_2m_10,1,static
27107099,1,0,1,0,217,0,100,0,21,17,10,15,7,11,7,5,5,0,0,100,100,100,32,16,9,5,0,1,1788124140.1811213,G1,T01,respiro_2m_10,1,static
27107299,1,0,1,0,218,0,100,0,15,13,9,13,5,7,6,5,4,0,0,100,100,100,32,16,9,5,0,1,1788124140.380613,G1,T01,respiro_2m_10,1,static
27107499,1,0,1,0,218,0,100,0,18,15,9,12,6,4,6,5,5,0,0,100,100,100,32,15,10,6,0,1,1788124140.5806224,G1,T01,respiro_2m_10,1,static
27107699,1,0,1,0,218,0,100,0,15,10,10,10,6,4,6,7,4,0,0,100,100,100,32,15,10,5,0,1,1788124140.78153,G1,T01,respiro_2m_10,1,static
27107899,1,0,1,0,218,0,100,0,17,13,2,11,5,5,7,6,3,0,0,100,100,97,32,15,10,5,0,1,1788124140.9808419,G1,T01,respiro_2m_10,1,static
27108099,1,0,1,0,217,0,100,0,16,12,14,16,4,3,6,3,5,0,0,100,100,90,32,16,10,5,0,1,1788124141.1815073,G1,T01,respiro_2m_10,1,static
27108299,1,0,1,0,217,0,100,0,20,17,11,15,8,5,5,3,5,0,0,100,100,84,33,16,10,5,0,1,1788124141.3812847,G1,T01,respiro_2m_10,1,static
27108499,1,0,1,0,216,0,100,0,16,13,15,25,9,8,2,5,3,0,0,100,100,78,34,17,10,5,0,1,1788124141.5808475,G1,T01,respiro_2m_10,1,static
27108699,1,0,1,0,216,0,100,0,14,15,16,26,10,5,5,7,3,0,0,100,100,73,34,18,10,6,0,1,1788124141.781034,G1,T01,respiro_2m_10,1,static
27108899,1,0,1,0,215,0,100,0,16,9,13,23,8,7,8,5,4,0,0,100,100,71,34,18,10,6,0,1,1788124141.9807818,G1,T01,respiro_2m_10,1,static
27109099,1,0,1,0,215,0,100,0,21,15,7,9,9,10,10,4,4,0,0,100,100,67,34,18,11,5,0,1,1788124142.181539,G1,T01,respiro_2m_10,1,static
27109299,1,0,1,0,214,0,100,0,19,15,18,29,9,10,8,2,4,0,0,100,100,63,34,19,10,5,0,1,1788124142.3817108,G1,T01,respiro_2m_10,1,static
27109499,1,0,1,0,214,0,100,0,17,13,15,29,11,4,4,2,3,0,0,100,100,62,34,20,10,6,0,1,1788124142.5808947,G1,T01,respiro_2m_10,1,static
27109699,1,0,1,0,214,0,100,0,20,17,14,26,12,4,4,3,3,0,0,100,100,64,34,20,10,6,0,1,1788124142.7807915,G1,T01,respiro_2m_10,1,static
27109899,1,0,1,0,214,0,100,0,21,13,12,20,9,6,4,3,4,0,0,100,100,68,33,21,10,6,0,1,1788124142.980263,G1,T01,respiro_2m_10,1,static
27110099,1,0,1,0,215,0,100,0,14,9,12,23,10,8,2,3,5,0,0,100,100,73,33,22,9,6,0,1,1788124143.1816018,G1,T01,respiro_2m_10,1,static
27110299,1,0,1,0,215,0,100,0,18,13,15,24,9,11,5,3,5,0,0,100,100,79,34,23,9,6,0,1,1788124143.3811724,G1,T01,respiro_2m_10,1,static
27110499,1,0,1,0,215,0,100,0,14,12,8,13,5,7,6,3,5,0,0,100,100,85,36,24,8,5,0,1,1788124143.5807629,G1,T01,respiro_2m_10,1,static
27110699,1,1,1,217,216,35,100,0,20,18,22,35,15,8,3,4,5,0,0,100,100,90,37,25,8,5,0,1,1788124143.7818382,G1,T01,respiro_2m_10,1,static
27110899,1,1,1,213,216,36,100,0,13,7,24,36,12,4,2,3,5,0,0,100,100,92,37,26,8,5,0,1,1788124143.9818423,G1,T01,respiro_2m_10,1,static
27111099,1,0,1,0,216,0,100,0,17,12,13,20,9,4,5,4,6,0,0,100,100,93,37,25,8,5,0,1,1788124144.181487,G1,T01,respiro_2m_10,1,static
27111299,1,0,1,0,216,0,100,0,14,11,18,30,6,9,9,5,5,0,0,100,100,94,37,26,7,5,0,1,1788124144.381412,G1,T01,respiro_2m_10,1,static
27111499,1,0,1,0,215,0,100,0,22,13,16,27,10,9,7,6,3,0,0,100,100,96,39,27,8,5,0,1,1788124144.5813057,G1,T01,respiro_2m_10,1,static
27111699,1,1,1,217,215,40,100,0,19,13,21,40,11,3,4,3,6,0,0,100,100,95,41,27,8,6,0,1,1788124144.781748,G1,T01,respiro_2m_10,1,static
27111899,1,0,1,0,215,0,100,0,13,9,9,15,7,6,5,1,7,0,0,100,100,93,41,28,8,6,0,1,1788124144.9807734,G1,T01,respiro_2m_10,1,static
27112099,1,0,1,0,215,0,100,0,18,12,9,15,11,8,6,1,8,0,0,100,100,94,41,29,9,7,0,1,1788124145.1807036,G1,T01,respiro_2m_10,1,static
27112299,1,0,1,0,215,0,100,0,19,12,11,13,8,4,5,1,8,0,0,100,100,98,41,30,9,7,0,1,1788124145.3816304,G1,T01,respiro_2m_10,1,static
27112499,1,0,1,0,215,0,100,0,24,14,11,19,6,3,4,2,7,0,0,100,100,100,41,30,8,7,0,1,1788124145.58153,G1,T01,respiro_2m_10,1,static
27112699,1,0,1,0,216,0,100,0,15,14,10,15,10,7,1,1,7,0,0,100,100,100,43,29,8,7,0,1,1788124145.781733,G1,T01,respiro_2m_10,1,static
27112899,1,0,1,0,216,0,100,0,16,15,8,13,10,11,1,1,7,0,0,100,100,100,45,28,8,8,0,1,1788124145.9817007,G1,T01,respiro_2m_10,1,static
27113099,1,0,1,0,217,0,100,0,16,12,2,8,3,11,2,2,6,0,0,100,100,100,47,27,7,8,0,1,1788124146.1809125,G1,T01,respiro_2m_10,1,static
27113299,1,0,1,0,219,0,100,0,20,11,5,2,1,5,3,2,7,0,0,100,100,100,48,27,7,8,0,1,1788124146.3814254,G1,T01,respiro_2m_10,1,static
27113499,1,0,1,0,219,0,100,0,16,11,2,5,2,1,4,2,6,0,0,100,100,100,48,26,8,8,0,1,1788124146.5811822,G1,T01,respiro_2m_10,1,static
27113699,1,0,1,0,220,0,100,0,15,15,11,15,5,2,4,2,6,0,0,100,100,100,48,25,8,8,0,1,1788124146.7809367,G1,T01,respiro_2m_10,1,static
27113899,1,0,1,0,220,0,100,0,15,10,6,7,6,3,3,1,6,0,0,100,100,100,48,25,8,8,0,1,1788124146.9813457,G1,T01,respiro_2m_10,1,static
27114099,1,0,1,0,220,0,100,0,14,10,12,27,15,7,1,1,6,0,0,100,100,100,48,24,8,8,0,1,1788124147.1808534,G1,T01,respiro_2m_10,1,static
27114299,1,0,1,0,221,0,100,0,20,15,15,29,16,5,3,1,6,0,0,100,100,100,47,23,8,8,0,1,1788124147.3817258,G1,T01,respiro_2m_10,1,static
27114499,1,0,1,0,221,0,100,0,13,9,12,22,12,5,8,2,6,0,0,100,100,100,45,23,9,8,0,1,1788124147.5813863,G1,T01,respiro_2m_10,1,static
27114699,1,0,1,0,222,0,100,0,16,11,13,21,9,2,7,3,5,0,0,100,100,100,45,23,9,8,0,1,1788124147.781701,G1,T01,respiro_2m_10,1,static
27114899,1,0,1,0,222,0,100,0,15,13,16,29,12,3,3,1,5,0,0,100,100,100,44,23,9,8,0,1,1788124147.9814742,G1,T01,respiro_2m_10,1,static
27115099,1,0,1,0,222,0,100,0,18,13,16,26,11,7,2,1,4,0,0,100,100,100,43,23,10,8,0,1,1788124148.1819167,G1,T01,respiro_2m_10,1,static
27115299,1,0,1,0,222,0,100,0,19,14,15,25,12,5,5,1,5,0,0,100,100,100,41,23,10,8,0,1,1788124148.380957,G1,T01,respiro_2m_10,1,static
27115499,1,0,1,0,223,0,100,0,15,11,9,12,8,5,5,1,5,0,0,100,100,100,39,21,9,8,0,1,1788124148.5810647,G1,T01,respiro_2m_10,1,static
27115699,1,0,1,0,225,0,100,0,18,14,12,22,8,4,7,1,4,0,0,100,100,100,38,21,8,8,0,1,1788124148.7814229,G1,T01,respiro_2m_10,1,static
27115899,1,0,1,0,225,0,100,0,16,10,10,17,10,2,7,1,4,0,0,100,100,100,37,21,8,7,0,1,1788124148.981802,G1,T01,respiro_2m_10,1,static
27116099,1,0,1,0,225,0,100,0,15,13,12,13,9,5,6,1,5,0,0,100,100,100,37,20,7,7,0,1,1788124149.1814044,G1,T01,respiro_2m_10,1,static
27116299,1,0,1,0,225,0,100,0,13,8,7,9,6,5,6,2,4,0,0,100,100,100,37,20,7,6,0,1,1788124149.3810856,G1,T01,respiro_2m_10,1,static
27116499,1,0,1,0,224,0,100,0,17,13,5,9,5,3,6,1,4,0,0,100,100,100,36,21,7,6,0,1,1788124149.5812094,G1,T01,respiro_2m_10,1,static
27116699,1,0,1,0,224,0,100,0,17,16,12,13,5,1,4,1,3,0,0,100,100,100,34,21,6,6,0,1,1788124149.7815547,G1,T01,respiro_2m_10,1,static
27116899,1,0,1,0,223,0,100,0,16,11,12,22,10,3,1,1,3,0,0,100,100,100,32,21,6,5,0,1,1788124149.981281,G1,T01,respiro_2m_10,1,static
27117099,1,0,1,0,223,0,100,0,21,12,12,21,8,4,2,1,3,0,0,100,100,100,29,21,7,5,0,1,1788124150.181031,G1,T01,respiro_2m_10,1,static
27117299,1,0,1,0,222,0,100,0,14,7,12,18,11,5,1,3,3,0,0,100,100,100,27,21,7,5,0,1,1788124150.381693,G1,T01,respiro_2m_10,1,static
27117499,1,0,1,0,222,0,100,0,14,12,10,16,6,6,2,4,3,0,0,100,100,100,26,21,7,5,0,1,1788124150.581877,G1,T01,respiro_2m_10,1,static
27117699,1,0,1,0,221,0,100,0,13,14,8,16,8,8,3,4,3,0,0,100,100,100,25,21,8,5,0,1,1788124150.781844,G1,T01,respiro_2m_10,1,static
27117899,1,0,1,0,220,0,100,0,22,12,10,16,9,9,4,4,4,0,0,100,100,100,25,21,8,5,0,1,1788124150.9808886,G1,T01,respiro_2m_10,1,static
27118099,1,0,1,0,220,0,100,0,16,10,14,22,8,9,1,1,5,0,0,100,100,100,25,21,9,5,0,1,1788124151.1813395,G1,T01,respiro_2m_10,1,static
27118299,1,0,1,0,219,0,100,0,15,10,12,20,8,8,2,1,6,0,0,100,100,100,26,21,9,6,0,1,1788124151.380956,G1,T01,respiro_2m_10,1,static
27118499,1,0,1,0,219,0,100,0,18,12,6,9,8,4,2,1,6,0,0,100,100,100,25,21,9,6,0,1,1788124151.5815775,G1,T01,respiro_2m_10,1,static
27118699,1,0,1,0,219,0,100,0,17,14,8,16,10,2,3,2,4,0,0,100,100,100,26,20,9,6,0,1,1788124151.7818267,G1,T01,respiro_2m_10,1,static
27118899,1,0,1,0,219,0,100,0,16,12,11,14,8,3,4,2,4,0,0,100,100,100,27,20,9,6,0,1,1788124151.9818056,G1,T01,respiro_2m_10,1,static
27119099,1,0,1,0,219,0,100,0,17,13,12,17,10,6,6,4,2,0,0,100,100,100,28,20,9,6,0,1,1788124152.181786,G1,T01,respiro_2m_10,1,static
27119299,1,0,1,0,220,0,100,0,19,14,10,8,6,9,6,3,2,0,0,100,100,100,29,21,9,6,0,1,1788124152.3816266,G1,T01,respiro_2m_10,1,static
27119499,1,0,1,0,220,0,100,0,15,12,7,6,10,9,6,3,2,0,0,100,100,100,29,21,10,6,0,1,1788124152.5811129,G1,T01,respiro_2m_10,1,static
27119699,1,0,1,0,220,0,100,0,15,12,3,6,8,8,6,3,2,0,0,100,100,100,29,21,10,6,0,1,1788124152.7813945,G1,T01,respiro_2m_10,1,static
27119899,1,0,1,0,220,0,100,0,18,12,5,3,3,7,6,3,2,0,0,100,100,100,29,20,10,5,0,1,1788124152.981003,G1,T01,respiro_2m_10,1,static
27120099,1,0,1,0,220,0,100,0,18,15,10,18,11,4,6,2,1,0,0,100,100,99,29,20,10,5,0,1,1788124153.1810212,G1,T01,respiro_2m_10,1,static
27120299,1,0,1,0,220,0,100,0,16,15,12,24,12,4,2,1,2,0,0,100,100,94,29,19,10,5,0,1,1788124153.3813148,G1,T01,respiro_2m_10,1,static
27120499,1,0,1,0,220,0,100,0,16,12,13,27,15,11,5,1,2,0,0,100,100,92,30,20,11,5,0,1,1788124153.58161,G1,T01,respiro_2m_10,1,static
27120699,1,0,1,0,219,0,100,0,24,17,16,27,10,8,5,2,2,0,0,100,100,94,31,20,11,5,0,1,1788124153.782146,G1,T01,respiro_2m_10,1,static
27120899,1,0,1,0,219,0,100,0,18,13,15,24,12,1,7,3,1,0,0,100,100,99,31,22,11,5,0,1,1788124153.9810162,G1,T01,respiro_2m_10,1,static
27121099,1,0,1,0,219,0,100,0,15,9,17,27,11,3,5,3,1,0,0,100,100,100,30,22,11,5,0,1,1788124154.1818407,G1,T01,respiro_2m_10,1,static
27121299,1,0,1,0,219,0,100,0,16,15,15,23,9,5,5,2,1,0,0,100,100,100,30,22,11,5,0,1,1788124154.3821146,G1,T01,respiro_2m_10,1,static
27121499,1,0,1,0,219,0,100,0,24,14,14,23,9,9,3,2,2,0,0,100,100,100,31,22,10,5,0,1,1788124154.5819054,G1,T01,respiro_2m_10,1,static
27121699,1,0,1,0,218,0,100,0,23,12,10,17,6,9,3,2,1,0,0,100,100,97,32,23,10,5,0,1,1788124154.78134,G1,T01,respiro_2m_10,1,static
27121899,1,0,1,0,218,0,100,0,13,13,9,14,9,7,2,2,1,0,0,100,100,94,32,24,9,5,0,1,1788124154.9812498,G1,T01,respiro_2m_10,1,static
27122099,1,0,1,0,219,0,100,0,18,15,15,24,10,3,5,1,1,0,0,100,100,96,31,24,8,5,0,1,1788124155.1809695,G1,T01,respiro_2m_10,1,static
27122299,1,0,1,0,219,0,100,0,17,10,10,18,13,3,6,2,1,0,0,100,100,100,30,25,8,5,0,1,1788124155.381549,G1,T01,respiro_2m_10,1,static
27122499,1,0,1,0,219,0,100,0,16,15,6,11,9,6,6,2,1,0,0,100,100,100,30,24,8,4,0,1,1788124155.5816638,G1,T01,respiro_2m_10,1,static
27122699,1,0,1,0,219,0,100,0,24,16,11,18,6,4,3,3,2,0,0,100,100,100,29,24,7,4,0,1,1788124155.7813575,G1,T01,respiro_2m_10,1,static
27122899,1,0,1,0,219,0,100,0,14,10,7,13,6,6,3,2,1,0,0,100,100,100,28,24,7,4,0,1,1788124155.9811711,G1,T01,respiro_2m_10,1,static
27123099,1,0,1,0,219,0,100,0,16,9,12,22,10,8,1,2,1,0,0,100,100,100,27,23,7,4,0,1,1788124156.1818728,G1,T01,respiro_2m_10,1,static
27123299,1,0,1,0,219,0,100,0,17,9,5,14,10,7,3,4,2,0,0,100,100,100,26,23,7,4,0,1,1788124156.3818114,G1,T01,respiro_2m_10,1,static
27123499,1,0,1,0,218,0,100,0,17,18,10,20,11,11,4,6,3,0,0,100,100,100,26,23,7,4,0,1,1788124156.5818744,G1,T01,respiro_2m_10,1,static
27123699,1,0,1,0,218,0,100,0,20,15,8,16,6,8,5,6,2,0,0,100,100,100,26,23,8,5,0,1,1788124156.7818332,G1,T01,respiro_2m_10,1,static
27123899,1,0,1,0,217,0,100,0,25,12,11,14,6,7,4,5,2,0,0,100,100,100,27,23,8,5,0,1,1788124156.9815707,G1,T01,respiro_2m_10,1,static
27124099,1,0,1,0,217,0,100,0,21,17,10,17,6,3,2,3,2,0,0,100,100,100,27,22,8,5,0,1,1788124157.181954,G1,T01,respiro_2m_10,1,static
27124299,1,0,1,0,217,0,100,0,16,14,11,17,10,2,3,1,2,0,0,100,100,100,27,22,9,5,0,1,1788124157.381974,G1,T01,respiro_2m_10,1,static
27124499,1,0,1,0,217,0,100,0,18,13,11,20,9,5,6,3,1,0,0,100,100,100,27,21,9,6,0,1,1788124157.5818322,G1,T01,respiro_2m_10,1,static
27124699,1,0,1,0,216,0,100,0,14,14,7,15,10,7,6,5,1,0,0,100,100,99,27,21,9,6,0,1,1788124157.7818234,G1,T01,respiro_2m_10,1,static
27124899,1,0,1,0,216,0,100,0,17,12,9,14,10,8,7,4,1,0,0,100,100,94,28,21,9,6,0,1,1788124157.9817853,G1,T01,respiro_2m_10,1,static
27125099,1,0,1,0,216,0,100,0,19,13,8,13,5,1,7,4,1,0,0,100,100,91,30,21,9,6,0,1,1788124158.1818173,G1,T01,respiro_2m_10,1,static
27125299,1,0,1,0,217,0,100,0,17,14,9,14,9,4,7,5,2,0,0,100,100,92,30,20,9,6,0,1,1788124158.3809664,G1,T01,respiro_2m_10,1,static
27125499,1,0,1,0,217,0,100,0,17,8,3,9,6,6,6,5,3,0,0,100,100,94,30,20,9,6,0,1,1788124158.5809557,G1,T01,respiro_2m_10,1,static
27125699,1,0,1,0,219,0,100,0,15,10,6,3,7,5,6,4,2,0,0,100,100,96,29,20,10,6,0,1,1788124158.7818851,G1,T01,respiro_2m_10,1,static
27125899,1,0,1,0,219,0,100,0,18,10,4,7,2,5,9,5,3,0,0,100,100,96,30,20,10,6,0,1,1788124158.9818747,G1,T01,respiro_2m_10,1,static
27126099,1,0,1,0,219,0,100,0,17,17,10,17,7,2,8,4,2,0,0,100,100,92,30,19,10,6,0,1,1788124159.181754,G1,T01,respiro_2m_10,1,static
27126299,1,0,1,0,219,0,100,0,16,9,11,18,10,6,4,2,1,0,0,100,100,87,30,19,10,6,0,1,1788124159.3810775,G1,T01,respiro_2m_10,1,static
27126499,1,0,1,0,218,0,100,0,17,13,14,19,7,9,2,1,1,0,0,100,100,84,30,20,11,6,0,1,1788124159.5812185,G1,T01,respiro_2m_10,1,static
27126699,1,0,1,0,218,0,100,0,13,10,12,26,12,8,4,2,3,0,0,100,100,85,31,21,11,6,0,1,1788124159.781365,G1,T01,respiro_2m_10,1,static
27126899,1,1,1,217,218,33,100,0,15,15,19,33,12,5,6,5,3,0,0,100,100,89,31,21,12,6,0,1,1788124159.9817944,G1,T01,respiro_2m_10,1,static
27127099,1,0,1,0,218,0,100,0,16,13,15,26,11,6,8,5,4,0,0,100,100,93,31,22,12,6,0,1,1788124160.181862,G1,T01,respiro_2m_10,1,static
27127299,1,0,1,0,217,0,100,0,13,11,12,16,10,9,7,2,4,0,0,100,100,94,32,22,11,6,0,1,1788124160.3818574,G1,T01,respiro_2m_10,1,static
27127499,1,0,1,0,217,0,100,0,15,12,16,28,7,5,5,2,2,0,0,100,100,91,33,22,11,6,0,1,1788124160.580909,G1,T01,respiro_2m_10,1,static
27127699,1,0,1,0,217,0,100,0,20,13,15,25,10,8,3,2,2,0,0,100,100,88,33,23,10,6,0,1,1788124160.7815132,G1,T01,respiro_2m_10,1,static
27127899,1,0,1,0,217,0,100,0,19,12,13,18,5,9,4,2,2,0,0,100,100,87,34,24,9,6,0,1,1788124160.9817762,G1,T01,respiro_2m_10,1,static
27128099,1,0,1,0,217,0,100,0,15,12,7,14,7,6,5,3,2,0,0,100,100,88,34,25,9,6,0,1,1788124161.1818457,G1,T01,respiro_2m_10,1,static
27128299,1,0,1,0,217,0,100,0,18,12,12,18,10,6,7,3,1,0,0,100,100,91,33,26,9,6,0,1,1788124161.3822005,G1,T01,respiro_2m_10,1,static
27128499,1,0,1,0,218,0,100,0,19,14,15,25,10,9,7,2,1,0,0,100,100,97,33,26,8,5,0,1,1788124161.5817697,G1,T01,respiro_2m_10,1,static
27128699,1,0,1,0,219,0,100,0,15,12,3,9,7,3,7,2,1,0,0,100,100,100,33,26,8,5,0,1,1788124161.7815118,G1,T01,respiro_2m_10,1,static
27128899,1,1,1,218,219,31,100,0,16,9,18,31,13,5,4,3,2,0,0,100,100,100,33,25,8,5,0,1,1788124161.9817834,G1,T01,respiro_2m_10,1,static
27129099,1,1,1,219,218,40,100,0,13,11,23,40,17,7,1,2,1,0,0,100,100,100,33,25,7,5,0,1,1788124162.1824138,G1,T01,respiro_2m_10,1,static
27129299,1,0,1,0,218,0,100,0,14,10,9,21,11,6,3,2,1,0,0,100,100,100,33,26,7,4,0,1,1788124162.3818235,G1,T01,respiro_2m_10,1,static
27129499,1,0,1,0,217,0,100,0,18,13,11,17,9,3,5,5,2,0,0,100,100,100,33,26,8,5,0,1,1788124162.5818188,G1,T01,respiro_2m_10,1,static
27129699,1,0,1,0,217,0,100,0,18,8,8,10,10,2,4,6,2,0,0,100,100,100,33,26,8,5,0,1,1788124162.7819898,G1,T01,respiro_2m_10,1,static
27129899,1,0,1,0,217,0,100,0,24,13,6,13,5,3,4,7,4,0,0,100,100,100,33,26,8,5,0,1,1788124162.9810724,G1,T01,respiro_2m_10,1,static
27130099,1,0,1,0,217,0,100,0,18,12,10,14,4,7,5,6,4,0,0,100,100,100,34,25,9,5,0,1,1788124163.1809442,G1,T01,respiro_2m_10,1,static
27130299,1,0,1,0,217,0,100,0,22,14,10,12,5,5,1,4,4,0,0,100,100,100,34,25,9,5,0,1,1788124163.3817492,G1,T01,respiro_2m_10,1,static
27130499,1,0,1,0,217,0,100,0,15,11,10,15,7,8,2,1,3,0,0,100,100,100,33,24,9,5,0,1,1788124163.5814493,G1,T01,respiro_2m_10,1,static
27130699,1,0,1,0,217,0,100,0,15,13,4,13,9,5,5,3,1,0,0,100,100,100,33,23,9,5,0,1,1788124163.7816148,G1,T01,respiro_2m_10,1,static
27130899,1,0,1,0,217,0,100,0,22,14,11,20,8,5,8,6,2,0,0,100,100,100,34,23,9,5,0,1,1788124163.9822106,G1,T01,respiro_2m_10,1,static
27131099,1,0,1,0,217,0,100,0,17,10,10,14,6,9,7,6,4,0,0,100,100,100,35,23,9,6,0,1,1788124164.1811867,G1,T01,respiro_2m_10,1,static
27131299,1,0,1,0,217,0,100,0,19,15,9,12,11,4,6,6,4,0,0,100,100,100,35,23,9,6,0,1,1788124164.3813198,G1,T01,respiro_2m_10,1,static
27131499,1,0,1,0,217,0,100,0,17,15,7,12,6,3,6,6,4,0,0,100,100,100,34,22,10,6,0,1,1788124164.5809367,G1,T01,respiro_2m_10,1,static
27131699,1,0,1,0,218,0,100,0,20,11,7,7,7,6,5,5,5,0,0,100,100,100,34,22,10,5,0,1,1788124164.7811232,G1,T01,respiro_2m_10,1,static
27131899,1,0,1,0,218,0,100,0,15,13,4,2,4,1,8,6,5,0,0,100,100,100,33,21,10,5,0,1,1788124164.981704,G1,T01,respiro_2m_10,1,static
27132099,1,0,1,0,218,0,100,0,17,14,13,19,4,4,6,4,5,0,0,100,100,99,33,21,10,5,0,1,1788124165.181885,G1,T01,respiro_2m_10,1,static
27132299,1,0,1,0,218,0,100,0,19,12,14,23,9,8,4,3,4,0,0,100,100,95,33,20,11,5,0,1,1788124165.381653,G1,T01,respiro_2m_10,1,static
27132499,1,0,1,0,217,0,100,0,20,16,12,22,8,7,2,2,5,0,0,100,100,91,33,21,11,5,0,1,1788124165.5810828,G1,T01,respiro_2m_10,1,static
27132699,1,0,1,0,217,0,100,0,20,14,13,22,10,8,4,5,6,0,0,100,100,88,33,21,12,6,0,1,1788124165.782334,G1,T01,respiro_2m_10,1,static
27132899,1,0,1,0,217,0,100,0,18,13,14,23,7,7,8,7,5,0,0,100,100,88,32,22,12,6,0,1,1788124165.9813633,G1,T01,respiro_2m_10,1,static
27133099,1,0,1,0,217,0,100,0,17,14,11,15,13,6,8,5,5,0,0,100,100,89,31,21,12,6,0,1,1788124166.181744,G1,T01,respiro_2m_10,1,static
27133299,1,0,1,0,217,0,100,0,17,12,16,29,9,3,6,2,5,0,0,100,100,87,30,21,12,6,0,1,1788124166.3815658,G1,T01,respiro_2m_10,1,static
27133499,1,0,1,0,217,0,100,0,26,17,16,23,9,6,4,3,5,0,0,100,100,85,29,21,12,5,0,1,1788124166.5823905,G1,T01,respiro_2m_10,1,static
27133699,1,0,1,0,216,0,100,0,14,10,13,21,11,8,2,2,4,0,0,100,100,83,29,21,11,5,0,1,1788124166.7823305,G1,T01,respiro_2m_10,1,static
27133899,1,0,1,0,216,0,100,0,23,17,5,10,6,7,4,1,4,0,0,100,100,83,29,22,11,5,0,1,1788124166.9816177,G1,T01,respiro_2m_10,1,static
27134099,1,0,1,0,217,0,100,0,16,11,14,21,11,7,4,1,5,0,0,100,100,86,29,23,10,5,0,1,1788124167.1816173,G1,T01,respiro_2m_10,1,static
27134299,1,0,1,0,217,0,100,0,17,16,11,16,7,6,7,2,5,0,0,100,100,90,29,25,10,5,0,1,1788124167.382443,G1,T01,respiro_2m_10,1,static
27134499,1,0,1,0,217,0,100,0,16,11,7,1,7,5,5,1,5,0,0,100,100,96,30,25,10,4,0,1,1788124167.581463,G1,T01,respiro_2m_10,1,static
27134699,1,1,1,218,218,33,100,0,15,10,18,33,12,5,2,2,6,0,0,100,100,99,29,25,9,4,0,1,1788124167.781944,G1,T01,respiro_2m_10,1,static
27134899,1,0,1,0,218,0,100,0,18,11,16,27,11,8,2,2,5,0,0,100,100,100,29,25,9,4,0,1,1788124167.9825265,G1,T01,respiro_2m_10,1,static
27135099,1,0,1,0,218,0,100,0,14,8,8,14,8,5,4,3,5,0,0,100,100,100,29,25,9,4,0,1,1788124168.1818104,G1,T01,respiro_2m_10,1,static
27135299,1,0,1,0,218,0,100,0,19,15,7,12,6,2,5,5,6,0,0,100,100,100,28,25,9,4,0,1,1788124168.3813698,G1,T01,respiro_2m_10,1,static
27135499,1,0,1,0,218,0,100,0,19,13,5,11,6,1,6,7,7,0,0,100,100,100,27,25,10,4,0,1,1788124168.581394,G1,T01,respiro_2m_10,1,static
27135699,1,0,1,0,218,0,100,0,15,9,12,12,6,4,6,6,6,0,0,100,100,100,28,26,10,4,0,1,1788124168.7824023,G1,T01,respiro_2m_10,1,static
27135899,1,0,1,0,218,0,100,0,19,10,7,13,9,5,4,6,7,0,0,100,100,100,28,25,10,4,0,1,1788124168.982235,G1,T01,respiro_2m_10,1,static
27136099,1,0,1,0,218,0,100,0,18,14,7,13,5,7,3,4,7,0,0,100,100,100,28,25,10,4,0,1,1788124169.1824622,G1,T01,respiro_2m_10,1,static
27136299,1,0,1,0,217,0,100,0,17,10,9,11,6,9,4,2,5,0,0,100,100,100,28,24,10,4,0,1,1788124169.3813028,G1,T01,respiro_2m_10,1,static
27136499,1,0,1,0,217,0,100,0,17,12,8,13,8,7,5,3,5,0,0,100,100,100,28,23,9,4,0,1,1788124169.5822163,G1,T01,respiro_2m_10,1,static
27136699,1,0,1,0,217,0,100,0,17,16,10,15,6,4,7,5,4,0,0,100,100,99,28,22,9,4,0,1,1788124169.7822723,G1,T01,respiro_2m_10,1,static
27136899,1,0,1,0,217,0,100,0,18,11,11,15,9,6,7,5,5,0,0,100,100,95,29,23,9,4,0,1,1788124169.9814034,G1,T01,respiro_2m_10,1,static
27137099,1,0,1,0,217,0,100,0,15,12,9,11,5,6,7,6,7,0,0,100,100,95,30,23,9,5,0,1,1788124170.1820915,G1,T01,respiro_2m_10,1,static
27137299,1,0,1,0,217,0,100,0,19,15,8,14,6,1,4,5,6,0,0,100,100,95,31,23,10,5,0,1,1788124170.3822181,G1,T01,respiro_2m_10,1,static
27137499,1,0,1,0,218,0,100,0,20,16,5,9,7,3,2,5,7,0,0,100,100,95,32,23,10,5,0,1,1788124170.5820131,G1,T01,respiro_2m_10,1,static
27137699,1,0,1,0,218,0,100,0,15,10,11,15,11,6,1,6,7,0,0,100,100,95,31,21,10,5,0,1,1788124170.7825024,G1,T01,respiro_2m_10,1,static
27137899,1,0,1,0,218,0,100,0,16,16,2,2,8,5,2,6,7,0,0,100,100,94,30,20,10,5,0,1,1788124170.9815476,G1,T01,respiro_2m_10,1,static
27138099,1,0,1,0,218,0,100,0,16,13,12,19,5,4,3,5,5,0,0,100,100,89,30,19,10,5,0,1,1788124171.1811843,G1,T01,respiro_2m_10,1,static
27138299,1,0,1,0,217,0,100,0,15,14,13,19,11,9,6,4,4,0,0,100,100,83,29,19,10,5,0,1,1788124171.382436,G1,T01,respiro_2m_10,1,static
27138499,1,0,1,0,217,0,100,0,20,15,14,21,12,6,6,2,5,0,0,100,100,80,30,19,10,5,0,1,1788124171.5825837,G1,T01,respiro_2m_10,1,static
27138699,1,0,1,0,217,0,100,0,21,14,13,17,10,7,3,2,5,0,0,100,100,80,31,20,10,5,0,1,1788124171.7825708,G1,T01,respiro_2m_10,1,static
27138899,1,0,1,0,217,0,100,0,23,15,16,25,9,5,3,6,6,0,0,100,100,82,31,20,10,6,0,1,1788124171.9823222,G1,T01,respiro_2m_10,1,static
27139099,1,0,1,0,217,0,100,0,18,13,15,23,8,6,7,6,4,0,0,100,100,83,31,19,11,6,0,1,1788124172.1824787,G1,T01,respiro_2m_10,1,static
27139299,1,0,1,0,216,0,100,0,18,13,14,23,8,4,7,4,3,0,0,100,100,81,30,19,10,6,0,1,1788124172.3824227,G1,T01,respiro_2m_10,1,static
27139499,1,0,1,0,216,0,100,0,15,12,8,13,9,3,9,4,3,0,0,100,100,78,30,19,10,6,0,1,1788124172.5824423,G1,T01,respiro_2m_10,1,static
27139699,1,0,1,0,216,0,100,0,17,13,15,20,11,1,7,4,4,0,0,100,100,76,30,20,10,5,0,1,1788124172.7824655,G1,T01,respiro_2m_10,1,static
27139899,1,0,1,0,215,0,100,0,15,9,15,25,11,4,4,2,4,0,0,100,100,76,30,21,10,6,0,1,1788124172.9824696,G1,T01,respiro_2m_10,1,static
27140099,1,0,1,0,216,0,100,0,13,12,13,23,7,8,3,3,5,0,0,100,100,80,31,22,10,5,0,1,1788124173.1821642,G1,T01,respiro_2m_10,1,static
27140299,1,0,1,0,216,0,100,0,19,12,10,14,9,8,3,2,6,0,0,100,100,85,32,23,10,5,0,1,1788124173.3823802,G1,T01,respiro_2m_10,1,static
27140499,1,0,1,0,217,0,100,0,15,12,7,17,10,5,3,2,5,0,0,100,100,92,32,24,10,5,0,1,1788124173.5826297,G1,T01,respiro_2m_10,1,static
27140699,1,0,1,0,218,0,100,0,16,11,11,20,9,5,4,2,4,0,0,100,100,100,32,24,9,5,0,1,1788124173.7824676,G1,T01,respiro_2m_10,1,static
27140899,1,0,1,0,218,0,100,0,22,16,11,18,8,3,2,3,6,0,0,100,100,100,31,24,9,4,0,1,1788124173.9825768,G1,T01,respiro_2m_10,1,static
27141099,1,1,1,221,218,34,100,0,17,13,17,34,14,9,4,2,5,0,0,100,100,100,31,24,9,4,0,1,1788124174.1826959,G1,T01,respiro_2m_10,1,static
27141299,1,0,1,0,218,0,100,0,16,10,16,24,11,3,6,2,5,0,0,100,100,100,30,25,9,4,0,1,1788124174.3826716,G1,T01,respiro_2m_10,1,static
27141499,1,0,1,0,218,0,100,0,17,10,8,12,7,3,5,4,5,0,0,100,100,100,29,25,9,4,0,1,1788124174.5825262,G1,T01,respiro_2m_10,1,static
27141699,1,0,1,0,218,0,100,0,16,12,11,15,8,4,5,5,6,0,0,100,100,100,29,26,9,4,0,1,1788124174.782564,G1,T01,respiro_2m_10,1,static
27141899,1,0,1,0,218,0,100,0,30,15,11,14,7,4,5,7,6,0,0,100,100,100,29,26,9,4,0,1,1788124174.9826305,G1,T01,respiro_2m_10,1,static
27142099,1,0,1,0,218,0,100,0,19,18,7,11,8,1,5,7,7,0,0,100,100,100,29,26,10,4,0,1,1788124175.1811593,G1,T01,respiro_2m_10,1,static
27142299,1,0,1,0,218,0,100,0,19,14,11,14,4,1,2,5,8,0,0,100,100,100,28,25,10,4,0,1,1788124175.382615,G1,T01,respiro_2m_10,1,static
27142499,1,0,1,0,218,0,100,0,19,12,9,16,8,2,2,2,7,0,0,100,100,100,27,23,10,4,0,1,1788124175.5824876,G1,T01,respiro_2m_10,1,static
27142699,1,0,1,0,217,0,100,0,16,10,9,11,3,3,5,3,4,0,0,100,100,100,25,22,10,4,0,1,1788124175.7826924,G1,T01,respiro_2m_10,1,static
27142899,1,0,1,0,217,0,100,0,15,13,11,22,10,6,7,5,4,0,0,100,100,100,25,22,10,4,0,1,1788124175.9825985,G1,T01,respiro_2m_10,1,static
27143099,1,0,1,0,217,0,100,0,19,13,10,17,9,12,7,5,5,0,0,100,100,99,26,22,10,4,0,1,1788124176.1826763,G1,T01,respiro_2m_10,1,static
27143299,1,0,1,0,218,0,100,0,17,13,6,13,9,10,5,5,6,0,0,100,100,99,28,23,10,4,0,1,1788124176.382554,G1,T01,respiro_2m_10,1,static
27143499,1,0,1,0,218,0,100,0,18,17,13,14,7,4,6,4,5,0,0,100,100,100,29,22,9,4,0,1,1788124176.582656,G1,T01,respiro_2m_10,1,static
27143699,1,0,1,0,219,0,100,0,19,13,7,9,7,1,4,6,5,0,0,100,100,100,30,22,9,4,0,1,1788124176.7824216,G1,T01,respiro_2m_10,1,static
27143899,1,0,1,0,219,0,100,0,17,11,4,11,8,4,5,5,5,0,0,100,100,100,30,21,9,4,0,1,1788124176.982596,G1,T01,respiro_2m_10,1,static
27144099,1,0,1,0,219,0,100,0,16,12,10,13,5,9,6,3,4,0,0,100,100,100,29,20,8,4,0,1,1788124177.1825902,G1,T01,respiro_2m_10,1,static
27144299,1,0,1,0,219,0,100,0,17,11,16,26,10,10,7,4,5,0,0,100,100,95,29,19,8,4,0,1,1788124177.3827574,G1,T01,respiro_2m_10,1,static
27144499,1,0,1,0,219,0,100,0,22,15,13,25,13,4,6,2,4,0,0,100,100,92,30,19,8,4,0,1,1788124177.582669,G1,T01,respiro_2m_10,1,static
27144699,1,0,1,0,218,0,100,0,20,13,14,23,8,4,2,4,6,0,0,100,100,89,30,19,9,5,0,1,1788124177.782581,G1,T01,respiro_2m_10,1,static
27144899,1,0,1,0,218,0,100,0,16,10,13,21,10,6,3,6,6,0,0,100,100,87,30,19,9,5,0,1,1788124177.98256,G1,T01,respiro_2m_10,1,static
27145099,1,0,1,0,217,0,100,0,15,13,17,24,9,5,7,7,5,0,0,100,100,88,28,18,10,5,0,1,1788124178.1818771,G1,T01,respiro_2m_10,1,static
27145299,1,0,1,0,217,0,100,0,19,11,16,27,11,5,8,4,5,0,0,100,100,88,28,18,10,5,0,1,1788124178.3827245,G1,T01,respiro_2m_10,1,static
27145499,1,0,1,0,217,0,100,0,13,11,15,27,12,1,8,2,6,0,0,100,100,88,29,19,10,5,0,1,1788124178.5826201,G1,T01,respiro_2m_10,1,static
27145699,1,0,1,0,217,0,100,0,13,11,14,26,10,4,6,2,6,0,0,100,100,90,30,20,10,5,0,1,1788124178.7826424,G1,T01,respiro_2m_10,1,static
27145899,1,0,1,0,217,0,100,0,19,11,14,19,7,3,5,2,6,0,0,100,100,92,30,21,10,5,0,1,1788124178.9825444,G1,T01,respiro_2m_10,1,static
27146099,1,0,1,0,217,0,100,0,15,15,14,27,12,5,1,3,6,0,0,100,100,97,30,21,9,5,0,1,1788124179.1825993,G1,T01,respiro_2m_10,1,static
27146299,1,0,1,0,217,0,100,0,19,13,15,23,12,9,1,2,5,0,0,100,100,100,30,22,9,5,0,1,1788124179.3825433,G1,T01,respiro_2m_10,1,static
27146499,1,0,1,0,218,0,100,0,18,14,7,15,7,6,3,3,5,0,0,100,100,100,31,23,8,5,0,1,1788124179.5826192,G1,T01,respiro_2m_10,1,static
27146699,1,0,1,0,219,0,100,0,16,10,7,5,5,4,2,2,6,0,0,100,100,100,32,23,8,5,0,1,1788124179.7818625,G1,T01,respiro_2m_10,1,static
27146899,1,0,1,0,219,0,100,0,18,17,10,18,9,3,2,3,5,0,0,100,100,100,32,23,7,4,0,1,1788124179.9825516,G1,T01,respiro_2m_10,1,static
27147099,1,0,1,0,219,0,100,0,16,8,13,21,10,4,2,3,6,0,0,100,100,100,30,23,7,4,0,1,1788124180.1826994,G1,T01,respiro_2m_10,1,static
27147299,1,0,1,0,219,0,100,0,16,13,12,22,10,6,6,2,6,0,0,100,100,100,29,23,7,4,0,1,1788124180.382571,G1,T01,respiro_2m_10,1,static
27147499,1,0,1,0,219,0,100,0,18,12,12,21,11,4,7,3,5,0,0,100,100,100,28,23,7,4,0,1,1788124180.582725,G1,T01,respiro_2m_10,1,static
27147699,1,0,1,0,219,0,100,0,13,12,10,15,8,3,6,5,5,0,0,100,100,100,26,23,8,4,0,1,1788124180.782571,G1,T01,respiro_2m_10,1,static
27147899,1,0,1,0,219,0,100,0,18,15,11,16,11,5,4,5,4,0,0,100,100,100,25,23,8,4,0,1,1788124180.9829235,G1,T01,respiro_2m_10,1,static
27148099,1,0,1,0,219,0,100,0,20,15,8,13,8,4,3,6,6,0,0,100,100,100,24,23,8,4,0,1,1788124181.1826313,G1,T01,respiro_2m_10,1,static
27148299,1,0,1,0,219,0,100,0,17,17,7,16,3,1,4,5,5,0,0,100,100,100,23,22,9,4,0,1,1788124181.3825781,G1,T01,respiro_2m_10,1,static
27148499,1,0,1,0,219,0,100,0,13,11,12,17,9,4,3,2,4,0,0,100,100,100,22,21,9,4,0,1,1788124181.582628,G1,T01,respiro_2m_10,1,static
27148699,1,0,1,0,219,0,100,0,19,11,9,13,8,5,4,2,4,0,0,100,100,100,22,20,8,4,0,1,1788124181.7825532,G1,T01,respiro_2m_10,1,static
27148899,1,0,1,0,218,0,100,0,19,13,8,15,7,8,6,3,4,0,0,100,100,100,23,20,8,4,0,1,1788124181.9826381,G1,T01,respiro_2m_10,1,static
27149099,1,0,1,0,219,0,100,0,18,12,12,16,10,9,6,4,2,0,0,100,100,100,25,20,7,4,0,1,1788124182.1828108,G1,T01,respiro_2m_10,1,static
27149299,1,0,1,0,219,0,100,0,18,14,14,24,11,9,4,4,3,0,0,100,100,100,26,20,7,4,0,1,1788124182.3826885,G1,T01,respiro_2m_10,1,static
27149499,1,0,1,0,219,0,100,0,20,13,8,15,10,2,5,5,3,0,0,100,100,100,27,19,7,5,0,1,1788124182.5826275,G1,T01,respiro_2m_10,1,static
27149699,1,0,1,0,219,0,100,0,21,17,3,10,4,1,3,4,5,0,0,100,100,100,28,18,7,5,0,1,1788124182.7825375,G1,T01,respiro_2m_10,1,static
27149899,1,0,1,0,220,0,100,0,21,11,10,13,8,1,3,4,4,0,0,100,100,100,28,18,7,5,0,1,1788124182.982751,G1,T01,respiro_2m_10,1,static
27150099,1,0,1,0,220,0,100,0,16,11,6,5,8,3,4,4,3,0,0,100,100,100,29,17,7,5,0,1,1788124183.1827004,G1,T01,respiro_2m_10,1,static
27150299,1,0,1,0,220,0,100,0,19,12,9,17,6,8,6,3,3,0,0,100,100,100,30,17,7,5,0,1,1788124183.3827481,G1,T01,respiro_2m_10,1,static
27150499,1,0,1,0,219,0,100,0,19,15,10,22,15,9,8,4,3,0,0,100,100,100,31,17,7,5,0,1,1788124183.5827167,G1,T01,respiro_2m_10,1,static
27150699,1,0,1,0,219,0,100,0,17,13,16,29,12,9,6,3,3,0,0,100,100,100,32,18,8,5,0,1,1788124183.782921,G1,T01,respiro_2m_10,1,static
27150899,1,0,1,0,219,0,100,0,18,10,20,28,12,5,2,3,5,0,0,100,100,100,33,19,8,5,0,1,1788124183.9829361,G1,T01,respiro_2m_10,1,static
27151099,1,0,1,0,219,0,100,0,14,11,15,28,11,6,4,6,4,0,0,100,100,100,34,19,9,5,0,1,1788124184.1825948,G1,T01,respiro_2m_10,1,static
27151299,1,0,1,0,219,0,100,0,20,14,13,17,8,5,6,6,4,0,0,100,100,100,33,18,9,5,0,1,1788124184.3826509,G1,T01,respiro_2m_10,1,static
27151499,1,0,1,0,218,0,100,0,14,12,16,29,11,6,9,4,3,0,0,100,100,100,33,18,9,5,0,1,1788124184.5825741,G1,T01,respiro_2m_10,1,static
27151699,1,0,1,0,217,0,100,0,16,12,18,28,14,1,6,2,3,0,0,100,100,99,34,18,9,5,0,1,1788124184.7826803,G1,T01,respiro_2m_10,1,static
27151899,1,0,1,0,217,0,100,0,16,11,14,26,11,3,5,2,2,0,0,100,100,99,35,19,9,5,0,1,1788124184.982663,G1,T01,respiro_2m_10,1,static
27152099,1,0,1,0,217,0,100,0,16,14,13,13,4,4,5,1,3,0,0,100,100,100,36,21,9,5,0,1,1788124185.1826057,G1,T01,respiro_2m_10,1,static
27152299,1,0,1,0,218,0,100,0,17,14,12,18,12,5,3,2,3,0,0,100,100,100,36,22,8,5,0,1,1788124185.3827727,G1,T01,respiro_2m_10,1,static
27152499,1,0,1,0,219,0,100,0,16,11,15,24,13,7,1,4,2,0,0,100,100,100,35,23,8,5,0,1,1788124185.5825388,G1,T01,respiro_2m_10,1,static
27152699,1,0,1,0,219,0,100,0,17,11,10,17,10,8,1,2,3,0,0,100,100,100,35,23,8,4,0,1,1788124185.782749,G1,T01,respiro_2m_10,1,static
27152899,1,0,1,0,220,0,100,0,20,12,6,15,8,5,1,3,2,0,0,100,100,100,34,24,8,4,0,1,1788124185.9824336,G1,T01,respiro_2m_10,1,static
27153099,1,1,1,218,220,31,100,0,19,15,18,31,12,1,4,3,2,0,0,100,100,100,33,24,8,4,0,1,1788124186.1831815,G1,T01,respiro_2m_10,1,static
27153299,1,0,1,0,220,0,100,0,20,12,14,21,12,2,8,2,2,0,0,100,100,100,32,24,8,4,0,1,1788124186.3826044,G1,T01,respiro_2m_10,1,static
27153499,1,0,1,0,220,0,100,0,15,15,11,21,10,2,8,4,2,0,0,100,100,100,30,24,8,4,0,1,1788124186.5829318,G1,T01,respiro_2m_10,1,static
27153699,1,0,1,0,219,0,100,0,16,14,12,25,12,5,5,4,1,0,0,100,100,100,28,24,8,4,0,1,1788124186.7828991,G1,T01,respiro_2m_10,1,static
27153899,1,0,1,0,219,0,100,0,16,8,7,14,12,3,5,5,1,0,0,100,100,100,26,24,8,4,0,1,1788124186.982788,G1,T01,respiro_2m_10,1,static
27154099,1,0,1,0,219,0,100,0,13,11,10,16,7,3,2,5,2,0,0,100,100,100,25,23,7,4,0,1,1788124187.182822,G1,T01,respiro_2m_10,1,static
27154299,1,0,1,0,219,0,100,0,21,18,8,16,12,1,3,5,1,0,0,100,100,100,23,23,8,4,0,1,1788124187.3829312,G1,T01,respiro_2m_10,1,static
27154499,1,0,1,0,219,0,100,0,13,13,9,17,10,1,2,2,1,0,0,100,100,100,22,22,9,4,0,1,1788124187.5828981,G1,T01,respiro_2m_10,1,static
27154699,1,0,1,0,219,0,100,0,18,12,11,15,10,7,4,1,2,0,0,100,100,100,21,21,9,4,0,1,1788124187.7829146,G1,T01,respiro_2m_10,1,static
27154899,1,0,1,0,219,0,100,0,17,13,9,13,7,7,5,1,1,0,0,100,100,100,21,20,9,4,0,1,1788124187.981374,G1,T01,respiro_2m_10,1,static
27155099,1,0,1,0,218,0,100,0,20,15,8,12,8,8,6,4,1,0,0,100,100,100,22,19,8,4,0,1,1788124188.182765,G1,T01,respiro_2m_10,1,static
27155299,1,0,1,0,218,0,100,0,17,11,11,13,8,6,6,4,1,0,0,100,100,100,24,20,8,5,0,1,1788124188.382758,G1,T01,respiro_2m_10,1,static
27155499,1,0,1,0,219,0,100,0,18,14,10,18,11,8,6,5,1,0,0,100,100,100,25,20,8,5,0,1,1788124188.5826058,G1,T01,respiro_2m_10,1,static
27155699,1,0,1,0,219,0,100,0,14,12,10,18,10,5,4,5,1,0,0,100,100,100,26,19,8,5,0,1,1788124188.7827666,G1,T01,respiro_2m_10,1,static
27155899,1,0,1,0,220,0,100,0,22,17,5,9,6,5,4,5,2,0,0,100,100,100,27,18,8,5,0,1,1788124188.9819229,G1,T01,respiro_2m_10,1,static
27156099,1,0,1,0,220,0,100,0,20,11,8,13,8,3,5,4,2,0,0,100,100,100,27,17,8,5,0,1,1788124189.1824625,G1,T01,respiro_2m_10,1,static
27156299,1,0,1,0,220,0,100,0,21,12,12,22,11,7,7,4,1,0,0,100,100,100,28,17,8,5,0,1,1788124189.3826957,G1,T01,respiro_2m_10,1,static
27156499,1,0,1,0,220,0,100,0,20,16,9,18,11,5,7,3,1,0,0,100,100,100,29,17,7,5,0,1,1788124189.5828118,G1,T01,respiro_2m_10,1,static
27156699,1,0,1,0,219,0,100,0,14,13,12,19,10,8,5,3,1,0,0,100,100,100,30,17,8,5,0,1,1788124189.7828867,G1,T01,respiro_2m_10,1,static
27156899,1,0,1,0,219,0,100,0,17,23,18,27,12,3,1,5,1,0,0,100,100,100,31,17,8,5,0,1,1788124189.9829419,G1,T01,respiro_2m_10,1,static
27157099,1,0,1,0,219,0,100,0,13,13,16,26,11,6,5,7,1,0,0,100,100,100,31,17,9,5,0,1,1788124190.1828532,G1,T01,respiro_2m_10,1,static
27157299,1,0,1,0,219,0,100,0,15,10,16,26,10,6,8,5,1,0,0,100,100,100,30,17,9,5,0,1,1788124190.382515,G1,T01,respiro_2m_10,1,static
27157499,1,0,1,0,219,0,100,0,23,13,10,16,8,5,8,3,1,0,0,100,100,100,30,17,9,6,0,1,1788124190.582902,G1,T01,respiro_2m_10,1,static
27157699,1,0,1,0,218,0,100,0,17,13,17,29,13,3,6,4,1,0,0,100,100,100,31,17,9,6,0,1,1788124190.7829857,G1,T01,respiro_2m_10,1,static
27157899,1,0,1,0,218,0,100,0,16,13,15,29,12,1,5,2,1,0,0,100,100,100,32,18,9,6,0,1,1788124190.9824917,G1,T01,respiro_2m_10,1,static
27158099,1,0,1,0,218,0,100,0,17,13,14,22,7,4,4,3,1,0,0,100,100,100,33,20,9,6,0,1,1788124191.182954,G1,T01,respiro_2m_10,1,static
27158299,1,0,1,0,218,0,100,0,18,12,10,12,8,6,5,2,1,0,0,100,100,100,35,21,8,6,0,1,1788124191.3828182,G1,T01,respiro_2m_10,1,static
27158499,1,0,1,0,218,0,100,0,21,12,8,19,9,5,2,2,2,0,0,100,100,100,35,22,8,6,0,1,1788124191.583061,G1,T01,respiro_2m_10,1,static
27158699,1,0,1,0,219,0,100,0,17,18,12,22,10,8,1,3,1,0,0,100,100,100,34,23,7,5,0,1,1788124191.7826574,G1,T01,respiro_2m_10,1,static
27158899,1,0,1,0,219,0,100,0,18,9,3,9,6,6,2,2,1,0,0,100,100,100,33,23,7,5,0,1,1788124191.982489,G1,T01,respiro_2m_10,1,static
27159099,1,1,1,218,220,31,100,0,19,15,18,31,12,3,5,2,1,0,0,100,100,100,32,24,7,5,0,1,1788124192.182723,G1,T01,respiro_2m_10,1,static
27159299,1,0,1,0,220,0,100,0,16,11,17,27,11,1,9,3,1,0,0,100,100,100,31,24,7,5,0,1,1788124192.3826413,G1,T01,respiro_2m_10,1,static
27159499,1,0,1,0,220,0,100,0,14,12,8,14,9,4,6,4,1,0,0,100,100,100,29,24,7,4,0,1,1788124192.582887,G1,T01,respiro_2m_10,1,static
27159699,1,0,1,0,220,0,100,0,18,15,12,20,14,4,5,5,2,0,0,100,100,100,26,24,7,4,0,1,1788124192.7825332,G1,T01,respiro_2m_10,1,static
27159899,1,0,1,0,219,0,100,0,18,13,12,20,8,3,4,7,2,0,0,100,100,100,24,23,7,4,0,1,1788124192.9827821,G1,T01,respiro_2m_10,1,static
27160099,1,0,1,0,219,0,100,0,19,15,12,19,11,1,3,5,1,0,0,100,100,100,23,23,8,4,0,1,1788124193.1825802,G1,T01,respiro_2m_10,1,static
27160299,1,0,1,0,219,0,100,0,17,17,9,18,10,2,2,5,1,0,0,100,100,100,22,23,9,4,0,1,1788124193.3827415,G1,T01,respiro_2m_10,1,static
27160499,1,0,1,0,219,0,100,0,15,14,10,13,7,5,3,3,1,0,0,100,100,100,21,22,10,4,0,1,1788124193.582897,G1,T01,respiro_2m_10,1,static
27160699,1,0,1,0,219,0,100,0,20,12,5,11,11,7,6,1,2,0,0,100,100,100,21,22,10,4,0,1,1788124193.7828197,G1,T01,respiro_2m_10,1,static
27160899,1,0,1,0,219,0,100,0,17,12,9,16,10,9,5,3,2,0,0,100,100,100,21,21,9,5,0,1,1788124193.9830034,G1,T01,respiro_2m_10,1,static
27161099,1,0,1,0,219,0,100,0,14,10,12,16,7,4,8,6,2,0,0,100,100,100,23,22,9,5,0,1,1788124194.1830273,G1,T01,respiro_2m_10,1,static
27161299,1,0,1,0,219,0,100,0,17,11,5,15,8,7,8,5,1,0,0,100,100,100,26,23,9,5,0,1,1788124194.382529,G1,T01,respiro_2m_10,1,static
27161499,1,0,1,0,219,0,100,0,14,14,9,11,6,7,4,4,2,0,0,100,100,100,28,23,9,5,0,1,1788124194.5830142,G1,T01,respiro_2m_10,1,static
27161699,1,0,1,0,220,0,100,0,18,10,10,16,7,4,2,5,2,0,0,100,100,100,30,23,9,5,0,1,1788124194.7826135,G1,T01,respiro_2m_10,1,static
27161899,1,0,1,0,220,0,100,0,17,12,13,20,12,7,2,5,1,0,0,100,100,100,31,22,9,5,0,1,1788124194.9830701,G1,T01,respiro_2m_10,1,static
27162099,1,0,1,0,220,0,100,0,19,13,8,9,5,7,4,6,2,0,0,100,100,100,30,22,9,5,0,1,1788124195.1829011,G1,T01,respiro_2m_10,1,static
27162299,1,0,1,0,220,0,100,0,21,11,5,12,7,1,7,6,1,0,0,100,100,100,30,21,9,5,0,1,1788124195.382854,G1,T01,respiro_2m_10,1,static
27162499,1,0,1,0,220,0,100,0,20,13,12,21,9,5,6,4,2,0,0,100,100,100,32,21,9,5,0,1,1788124195.5825577,G1,T01,respiro_2m_10,1,static
27162699,1,0,1,0,220,0,100,0,15,14,15,25,10,8,6,5,1,0,0,100,100,100,33,21,9,5,0,1,1788124195.782892,G1,T01,respiro_2m_10,1,static
27162899,1,0,1,0,220,0,100,0,13,10,14,21,12,4,6,3,1,0,0,100,100,100,34,21,9,5,0,1,1788124195.982421,G1,T01,respiro_2m_10,1,static
27163099,1,0,1,0,220,0,100,0,15,14,13,21,11,8,2,3,1,0,0,100,100,100,36,22,9,5,0,1,1788124196.1828582,G1,T01,respiro_2m_10,1,static
27163299,1,0,1,0,220,0,100,0,14,12,12,25,9,7,1,4,1,0,0,100,100,100,36,22,10,5,0,1,1788124196.383143,G1,T01,respiro_2m_10,1,static
27163499,1,0,1,0,220,0,100,0,17,13,13,22,7,4,5,6,1,0,0,100,100,100,36,21,10,5,0,1,1788124196.5832324,G1,T01,respiro_2m_10,1,static
27163699,1,0,1,0,219,0,100,0,20,12,9,15,9,3,8,6,1,0,0,100,100,100,37,21,10,5,0,1,1788124196.7824347,G1,T01,respiro_2m_10,1,static
27163899,1,0,1,0,219,0,100,0,19,14,15,21,10,2,9,4,1,0,0,100,100,100,37,21,10,4,0,1,1788124196.9829092,G1,T01,respiro_2m_10,1,static
27164099,1,0,1,0,219,0,100,0,15,15,15,29,10,3,10,3,1,0,0,100,100,100,37,22,9,5,0,1,1788124197.1832898,G1,T01,respiro_2m_10,1,static
27164299,1,0,1,0,219,0,100,0,19,14,12,25,13,5,3,3,1,0,0,100,100,100,38,23,9,5,0,1,1788124197.383083,G1,T01,respiro_2m_10,1,static
27164499,1,0,1,0,219,0,100,0,17,14,8,14,11,1,3,2,1,0,0,100,100,100,39,25,8,5,0,1,1788124197.5832853,G1,T01,respiro_2m_10,1,static
27164699,1,0,1,0,219,0,100,0,16,11,8,15,6,1,4,2,1,0,0,100,100,100,38,26,8,5,0,1,1788124197.7827687,G1,T01,respiro_2m_10,1,static
27164899,1,0,1,0,220,0,100,0,21,9,15,22,6,3,6,3,1,0,0,100,100,100,37,26,8,4,0,1,1788124197.9828713,G1,T01,respiro_2m_10,1,static
27165099,1,0,1,0,220,0,100,0,17,14,6,17,5,2,3,3,1,0,0,100,100,100,35,26,8,4,0,1,1788124198.1827805,G1,T01,respiro_2m_10,1,static
27165299,1,0,1,0,220,0,100,0,17,13,13,26,12,3,3,3,3,0,0,100,100,100,33,25,8,5,0,1,1788124198.3828251,G1,T01,respiro_2m_10,1,static
27165499,1,0,1,0,220,0,100,0,18,11,15,26,12,6,5,5,4,0,0,100,100,100,31,25,8,4,0,1,1788124198.582703,G1,T01,respiro_2m_10,1,static
27165699,1,0,1,0,220,0,100,0,16,8,9,13,9,5,6,5,3,0,0,100,100,100,29,24,8,4,0,1,1788124198.7825484,G1,T01,respiro_2m_10,1,static
27165899,1,0,1,0,219,0,100,0,15,11,10,14,8,4,8,5,3,0,0,100,100,100,27,23,8,4,0,1,1788124198.982691,G1,T01,respiro_2m_10,1,static
27166099,1,0,1,0,219,0,100,0,14,8,6,12,6,3,8,5,4,0,0,100,100,100,26,22,8,4,0,1,1788124199.1829617,G1,T01,respiro_2m_10,1,static
27166299,1,0,1,0,219,0,100,0,20,15,14,22,10,4,4,4,3,0,0,100,100,100,26,22,8,4,0,1,1788124199.3833413,G1,T01,respiro_2m_10,1,static
27166499,1,0,1,0,219,0,100,0,22,13,9,12,6,5,2,2,7,0,0,100,100,100,24,21,8,5,0,1,1788124199.5836124,G1,T01,respiro_2m_10,1,static
27166699,1,0,1,0,219,0,100,0,14,11,9,13,11,8,1,2,6,0,0,100,100,100,23,20,8,5,0,1,1788124199.7826803,G1,T01,respiro_2m_10,1,static
27166899,1,0,1,0,219,0,100,0,19,14,10,15,10,7,4,3,6,0,0,100,100,100,22,19,8,5,0,1,1788124199.982888,G1,T01,respiro_2m_10,1,static
27167099,1,0,1,0,219,0,100,0,15,11,11,19,9,4,6,4,7,0,0,100,100,100,23,18,8,5,0,1,1788124200.1832862,G1,T01,respiro_2m_10,1,static
27167299,1,0,1,0,219,0,100,0,18,13,12,18,10,10,8,5,6,0,0,100,100,100,24,19,8,5,0,1,1788124200.383122,G1,T01,respiro_2m_10,1,static
27167499,1,0,1,0,219,0,100,0,17,15,9,11,9,8,6,4,6,0,0,100,100,100,26,20,8,5,0,1,1788124200.5832098,G1,T01,respiro_2m_10,1,static
27167699,1,0,1,0,220,0,100,0,14,10,8,14,6,1,6,6,6,0,0,100,100,100,29,20,7,5,0,1,1788124200.7828565,G1,T01,respiro_2m_10,1,static
27167899,1,0,1,0,220,0,100,0,22,12,10,14,12,4,5,5,5,0,0,100,100,100,31,20,7,5,0,1,1788124200.9827385,G1,T01,respiro_2m_10,1,static
27168099,1,0,1,0,221,0,100,0,15,11,9,17,9,7,4,6,5,0,0,100,100,100,31,20,8,5,0,1,1788124201.1829212,G1,T01,respiro_2m_10,1,static
27168299,1,0,1,0,221,0,100,0,22,17,8,11,5,2,7,7,6,0,0,100,100,100,31,19,8,5,0,1,1788124201.3824303,G1,T01,respiro_2m_10,1,static
27168499,1,0,1,0,222,0,100,0,19,16,17,24,13,4,9,4,6,0,0,100,100,100,31,19,8,5,0,1,1788124201.5829608,G1,T01,respiro_2m_10,1,static
27168699,1,0,1,0,221,0,100,0,18,16,14,24,11,9,8,4,6,0,0,100,100,100,32,18,8,5,0,1,1788124201.7835894,G1,T01,respiro_2m_10,1,static
27168899,1,0,1,0,221,0,100,0,17,15,16,28,12,3,7,4,7,0,0,100,100,100,33,18,8,5,0,1,1788124201.982982,G1,T01,respiro_2m_10,1,static
27169099,1,0,1,0,221,0,100,0,18,14,13,22,10,9,6,1,7,0,0,100,100,100,35,19,8,5,0,1,1788124202.182959,G1,T01,respiro_2m_10,1,static
27169299,1,0,1,0,221,0,100,0,16,13,13,22,12,7,2,3,6,0,0,100,100,100,36,19,8,5,0,1,1788124202.3837464,G1,T01,respiro_2m_10,1,static
27169499,1,0,1,0,221,0,100,0,19,13,15,26,11,4,4,5,6,0,0,100,100,100,37,19,8,5,0,1,1788124202.5827339,G1,T01,respiro_2m_10,1,static
27169699,1,0,1,0,220,0,100,0,20,15,16,21,9,5,8,6,6,0,0,100,100,100,36,19,8,5,0,1,1788124202.783395,G1,T01,respiro_2m_10,1,static
27169899,1,0,1,0,220,0,100,0,19,14,12,17,7,1,9,4,5,0,0,100,100,100,36,20,8,5,0,1,1788124202.98331,G1,T01,respiro_2m_10,1,static
27170099,1,0,1,0,219,0,100,0,17,13,14,25,9,2,10,4,7,0,0,100,100,100,36,21,9,5,0,1,1788124203.182966,G1,T01,respiro_2m_10,1,static
27170299,1,0,1,0,219,0,100,0,15,10,14,25,11,3,5,5,6,0,0,100,100,100,36,22,8,5,0,1,1788124203.3827834,G1,T01,respiro_2m_10,1,static
27170499,1,0,1,0,219,0,100,0,15,7,12,22,10,1,3,2,4,0,0,100,100,100,37,23,8,5,0,1,1788124203.583473,G1,T01,respiro_2m_10,1,static
27170699,1,0,1,0,220,0,100,0,15,13,10,15,4,1,3,2,4,0,0,100,100,100,38,25,8,4,0,1,1788124203.7824793,G1,T01,respiro_2m_10,1,static
27170899,1,0,1,0,220,0,100,0,16,13,8,7,6,3,1,3,4,0,0,100,100,100,37,25,8,4,0,1,1788124203.9831815,G1,T01,respiro_2m_10,1,static
27171099,1,0,1,0,220,0,100,0,18,16,3,9,6,2,4,3,3,0,0,100,100,100,35,25,8,4,0,1,1788124204.1825798,G1,T01,respiro_2m_10,1,static
27171299,1,0,1,0,220,0,100,0,15,11,15,24,12,3,4,3,4,0,0,100,100,100,33,25,8,4,0,1,1788124204.3827193,G1,T01,respiro_2m_10,1,static
27171499,1,1,1,219,220,31,100,0,18,10,16,31,11,5,2,4,5,0,0,100,100,100,31,25,8,4,0,1,1788124204.5837073,G1,T01,respiro_2m_10,1,static
27171699,1,0,1,0,219,0,100,0,17,12,11,19,9,5,4,5,6,0,0,100,100,100,29,24,8,4,0,1,1788124204.7828083,G1,T01,respiro_2m_10,1,static
27171899,1,0,1,0,219,0,100,0,13,13,9,15,7,4,4,7,5,0,0,100,100,100,27,23,8,4,0,1,1788124204.9833887,G1,T01,respiro_2m_10,1,static
27172099,1,0,1,0,219,0,100,0,17,14,6,14,9,2,4,6,4,0,0,100,100,100,25,23,8,4,0,1,1788124205.183587,G1,T01,respiro_2m_10,1,static
27172299,1,0,1,0,219,0,100,0,16,12,11,16,10,3,2,4,5,0,0,100,100,100,24,22,8,4,0,1,1788124205.383428,G1,T01,respiro_2m_10,1,static
27172499,1,0,1,0,219,0,100,0,17,13,8,17,11,7,6,1,5,0,0,100,100,100,24,22,9,4,0,1,1788124205.5840237,G1,T01,respiro_2m_10,1,static
27172699,1,0,1,0,219,0,100,0,15,12,11,16,9,10,7,3,6,0,0,100,100,100,23,21,9,4,0,1,1788124205.7835782,G1,T01,respiro_2m_10,1,static
27172899,1,0,1,0,219,0,100,0,19,13,8,16,10,5,9,5,7,0,0,100,100,100,23,20,9,5,0,1,1788124205.9836137,G1,T01,respiro_2m_10,1,static
27173099,1,0,1,0,219,0,100,0,19,12,8,12,13,5,8,4,6,0,0,100,100,100,23,20,9,5,0,1,1788124206.1830587,G1,T01,respiro_2m_10,1,static
27173299,1,0,1,0,219,0,100,0,17,14,13,23,10,9,7,4,5,0,0,100,100,100,24,19,8,5,0,1,1788124206.3838043,G1,T01,respiro_2m_10,1,static
27173499,1,0,1,0,219,0,100,0,14,10,9,16,7,1,6,5,4,0,0,100,100,100,26,20,8,5,0,1,1788124206.5839558,G1,T01,respiro_2m_10,1,static
27173699,1,0,1,0,219,0,100,0,16,15,8,7,9,3,6,7,4,0,0,100,100,100,28,21,8,5,0,1,1788124206.7829564,G1,T01,respiro_2m_10,1,static
27173899,1,0,1,0,220,0,100,0,13,15,8,11,9,6,3,4,3,0,0,100,100,100,31,21,8,5,0,1,1788124206.9836802,G1,T01,respiro_2m_10,1,static
27174099,1,0,1,0,220,0,100,0,28,19,6,7,1,6,3,5,3,0,0,100,100,100,32,21,8,4,0,1,1788124207.182564,G1,T01,respiro_2m_10,1,static
27174299,1,0,1,0,221,0,100,0,17,13,6,4,2,4,6,6,4,0,0,100,100,100,32,20,8,5,0,1,1788124207.3824868,G1,T01,respiro_2m_10,1,static
27174499,1,0,1,0,222,0,100,0,21,16,14,24,14,3,8,4,4,0,0,100,100,100,33,19,8,5,0,1,1788124207.583379,G1,T01,respiro_2m_10,1,static
27174699,1,0,1,0,222,0,100,0,16,11,18,28,15,10,7,4,3,0,0,100,100,100,33,19,8,5,0,1,1788124207.7835608,G1,T01,respiro_2m_10,1,static
27174899,1,0,1,0,222,0,100,0,19,14,14,25,13,4,7,4,4,0,0,100,100,100,35,19,8,5,0,1,1788124207.9829338,G1,T01,respiro_2m_10,1,static
27175099,1,0,1,0,222,0,100,0,17,14,14,25,11,9,3,3,3,0,0,100,100,100,36,20,8,5,0,1,1788124208.182894,G1,T01,respiro_2m_10,1,static
27175299,1,0,1,0,222,0,100,0,14,8,13,21,10,5,1,5,2,0,0,100,100,100,37,19,8,5,0,1,1788124208.3837283,G1,T01,respiro_2m_10,1,static
27175499,1,0,1,0,222,0,100,0,18,15,17,25,11,7,5,7,3,0,0,100,100,100,37,19,9,5,0,1,1788124208.5836298,G1,T01,respiro_2m_10,1,static
27175699,1,0,1,0,221,0,100,0,16,11,15,25,10,6,8,5,3,0,0,100,100,100,37,20,9,5,0,1,1788124208.783649,G1,T01,respiro_2m_10,1,static
27175899,1,0,1,0,220,0,100,0,17,11,13,21,11,3,10,4,3,0,0,100,100,100,37,20,9,5,0,1,1788124208.9839761,G1,T01,respiro_2m_10,1,static
27176099,1,0,1,0,220,0,100,0,15,12,10,16,9,2,8,3,2,0,0,100,100,100,38,21,8,5,0,1,1788124209.1834857,G1,T01,respiro_2m_10,1,static
27176299,1,0,1,0,220,0,100,0,16,10,13,26,12,1,5,4,3,0,0,100,100,100,39,22,8,5,0,1,1788124209.3836446,G1,T01,respiro_2m_10,1,static
27176499,1,0,1,0,220,0,100,0,14,11,14,24,11,2,1,3,2,0,0,100,100,100,39,23,8,5,0,1,1788124209.5828457,G1,T01,respiro_2m_10,1,static
27176699,1,0,1,0,220,0,100,0,14,11,11,16,7,3,4,2,2,0,0,100,100,100,39,24,8,4,0,1,1788124209.7836788,G1,T01,respiro_2m_10,1,static
27176899,1,0,1,0,220,0,100,0,18,13,6,7,9,3,2,3,2,0,0,100,100,100,38,25,8,4,0,1,1788124209.9826863,G1,T01,respiro_2m_10,1,static
27177099,1,0,1,0,221,0,100,0,18,12,2,7,3,2,4,2,2,0,0,100,100,100,37,25,8,4,0,1,1788124210.1829035,G1,T01,respiro_2m_10,1,static
27177299,1,0,1,0,220,0,100,0,16,12,14,20,11,1,8,3,2,0,0,100,100,100,35,25,8,4,0,1,1788124210.3829494,G1,T01,respiro_2m_10,1,static
27177499,1,0,1,0,220,0,100,0,23,16,13,24,13,3,9,5,3,0,0,100,100,100,33,24,8,4,0,1,1788124210.5834894,G1,T01,respiro_2m_10,1,static
27177699,1,0,1,0,220,0,100,0,16,15,15,27,14,5,5,5,3,0,0,100,100,100,30,24,8,4,0,1,1788124210.7834263,G1,T01,respiro_2m_10,1,static
27177899,1,0,1,0,220,0,100,0,19,13,10,19,9,5,4,6,3,0,0,100,100,100,28,23,8,4,0,1,1788124210.9838924,G1,T01,respiro_2m_10,1,static
27178099,1,0,1,0,219,0,100,0,15,12,9,11,7,5,3,7,3,0,0,100,100,100,27,23,8,4,0,1,1788124211.1836672,G1,T01,respiro_2m_10,1,static
27178299,1,0,1,0,219,0,100,0,16,14,9,15,10,2,4,6,3,0,0,100,100,100,26,22,8,3,0,1,1788124211.3836648,G1,T01,respiro_2m_10,1,static
27178499,1,0,1,0,219,0,100,0,19,13,8,16,9,5,4,4,4,0,0,100,100,100,25,22,9,3,0,1,1788124211.5836017,G1,T01,respiro_2m_10,1,static
27178699,1,0,1,0,219,0,100,0,17,12,9,16,10,8,6,2,4,0,0,100,100,100,24,21,9,4,0,1,1788124211.7829738,G1,T01,respiro_2m_10,1,static
27178899,1,0,1,0,219,0,100,0,16,11,12,12,11,4,7,4,4,0,0,100,100,100,24,20,9,4,0,1,1788124211.9837153,G1,T01,respiro_2m_10,1,static
27179099,1,0,1,0,218,0,100,0,19,13,4,11,4,3,8,5,4,0,0,100,100,100,24,19,9,4,0,1,1788124212.1829207,G1,T01,respiro_2m_10,1,static
27179299,1,0,1,0,218,0,100,0,15,12,10,19,11,8,7,4,4,0,0,100,100,100,24,20,9,4,0,1,1788124212.383678,G1,T01,respiro_2m_10,1,static
27179499,1,0,1,0,218,0,100,0,15,13,17,26,12,3,6,5,4,0,0,100,100,100,26,20,8,4,0,1,1788124212.5838382,G1,T01,respiro_2m_10,1,static
27179699,1,0,1,0,219,0,100,0,15,12,9,15,12,5,5,5,3,0,0,100,100,100,29,21,8,4,0,1,1788124212.7834885,G1,T01,respiro_2m_10,1,static
27179899,1,0,1,0,220,0,100,0,24,17,6,10,5,8,5,6,3,0,0,100,100,100,31,21,8,4,0,1,1788124212.9835713,G1,T01,respiro_2m_10,1,static
27180099,1,0,1,0,220,0,100,0,17,11,10,8,6,7,3,5,3,0,0,100,100,100,32,21,8,4,0,1,1788124213.1835907,G1,T01,respiro_2m_10,1,static
27180299,1,0,1,0,220,0,100,0,13,9,2,5,4,7,4,5,4,0,0,100,100,100,33,20,8,4,0,1,1788124213.38362,G1,T01,respiro_2m_10,1,static
27180499,1,0,1,0,221,0,100,0,20,15,9,13,6,3,7,5,4,0,0,100,100,100,33,19,8,4,0,1,1788124213.5838876,G1,T01,respiro_2m_10,1,static
27180699,1,0,1,0,221,0,100,0,13,11,15,25,15,3,7,4,4,0,0,100,100,100,33,19,8,4,0,1,1788124213.7839396,G1,T01,respiro_2m_10,1,static
27180899,1,0,1,0,221,0,100,0,15,14,16,27,12,9,9,4,3,0,0,100,100,100,34,18,8,4,0,1,1788124213.983434,G1,T01,respiro_2m_10,1,static
27181099,1,0,1,0,221,0,100,0,18,13,11,25,12,6,6,4,3,0,0,100,100,100,35,19,8,4,0,1,1788124214.1836643,G1,T01,respiro_2m_10,1,static
27181299,1,0,1,0,220,0,100,0,15,12,16,26,10,7,3,2,3,0,0,100,100,100,36,19,8,5,0,1,1788124214.3835819,G1,T01,respiro_2m_10,1,static
27181499,1,0,1,0,220,0,100,0,19,12,10,16,8,4,1,3,2,0,0,100,100,100,37,20,8,5,0,1,1788124214.5834217,G1,T01,respiro_2m_10,1,static
27181699,1,0,1,0,220,0,100,0,16,12,14,22,10,6,5,7,3,0,0,100,100,100,38,19,8,5,0,1,1788124214.7837422,G1,T01,respiro_2m_10,1,static
27181899,1,0,1,0,220,0,100,0,17,13,17,25,7,7,8,7,3,0,0,100,100,100,37,20,9,5,0,1,1788124214.9834256,G1,T01,respiro_2m_10,1,static
27182099,1,0,1,0,220,0,100,0,17,10,12,22,10,6,10,6,3,0,0,100,100,100,37,20,9,5,0,1,1788124215.1842222,G1,T01,respiro_2m_10,1,static
27182299,1,0,1,0,219,0,100,0,20,12,8,15,4,4,7,3,1,0,0,100,100,100,38,21,8,5,0,1,1788124215.3836718,G1,T01,respiro_2m_10,1,static
27182499,1,0,1,0,219,0,100,0,20,16,12,22,12,2,5,4,2,0,0,100,100,100,38,22,8,5,0,1,1788124215.5837536,G1,T01,respiro_2m_10,1,static
27182699,1,0,1,0,219,0,100,0,17,11,12,23,10,1,3,4,1,0,0,100,100,100,39,24,8,5,0,1,1788124215.7840443,G1,T01,respiro_2m_10,1,static
27182899,1,0,1,0,220,0,100,0,15,10,10,10,9,4,4,3,1,0,0,100,100,100,39,25,8,5,0,1,1788124215.9834094,G1,T01,respiro_2m_10,1,static
27183099,1,0,1,0,220,0,100,0,13,9,11,26,6,1,2,2,1,0,0,100,100,100,38,26,8,4,0,1,1788124216.1829038,G1,T01,respiro_2m_10,1,static
27183299,1,0,1,0,220,0,100,0,14,10,11,23,10,5,2,5,2,0,0,100,100,100,36,25,8,4,0,1,1788124216.3826795,G1,T01,respiro_2m_10,1,static
27183499,1,0,1,0,220,0,100,0,14,12,13,21,12,8,7,6,2,0,0,100,100,100,33,25,9,4,0,1,1788124216.5829597,G1,T01,respiro_2m_10,1,static
27183699,1,0,1,0,219,0,100,0,17,8,12,19,8,6,8,7,4,0,0,100,100,100,31,24,9,4,0,1,1788124216.7826464,G1,T01,respiro_2m_10,1,static
27183899,1,0,1,0,219,0,100,0,18,11,13,17,9,2,5,6,3,0,0,100,100,100,29,23,9,4,0,1,1788124216.9829056,G1,T01,respiro_2m_10,1,static
27184099,1,0,1,0,219,0,100,0,21,13,9,14,8,2,2,5,3,0,0,100,100,100,28,23,9,4,0,1,1788124217.1839209,G1,T01,respiro_2m_10,1,static
27184299,1,0,1,0,219,0,100,0,19,16,9,11,4,3,1,3,3,0,0,100,100,100,26,22,9,4,0,1,1788124217.3839552,G1,T01,respiro_2m_10,1,static
27184499,1,0,1,0,219,0,100,0,18,13,4,11,7,6,2,2,3,0,0,100,100,100,25,22,10,4,0,1,1788124217.5832956,G1,T01,respiro_2m_10,1,static
27184699,1,0,1,0,218,0,100,0,18,14,10,19,13,10,4,4,4,0,0,100,100,100,25,21,10,4,0,1,1788124217.7836,G1,T01,respiro_2m_10,1,static
27184899,1,0,1,0,218,0,100,0,18,14,11,16,8,9,7,7,4,0,0,100,100,100,25,21,10,5,0,1,1788124217.98406,G1,T01,respiro_2m_10,1,static
27185099,1,0,1,0,218,0,100,0,16,11,7,12,9,8,7,5,3,0,0,100,100,100,26,21,10,5,0,1,1788124218.1838586,G1,T01,respiro_2m_10,1,static
27185299,1,0,1,0,218,0,100,0,15,11,9,14,9,1,6,4,3,0,0,100,100,100,26,20,10,5,0,1,1788124218.3837352,G1,T01,respiro_2m_10,1,static
27185499,1,0,1,0,218,0,100,0,20,13,11,14,9,5,5,4,2,0,0,100,100,100,28,20,10,5,0,1,1788124218.5837114,G1,T01,respiro_2m_10,1,static
27185699,1,0,1,0,218,0,100,0,13,10,10,18,12,7,5,5,3,0,0,100,100,100,30,21,9,5,0,1,1788124218.7834291,G1,T01,respiro_2m_10,1,static
27185899,1,0,1,0,219,0,100,0,22,14,8,13,5,9,4,6,2,0,0,100,100,100,32,21,9,5,0,1,1788124218.983427,G1,T01,respiro_2m_10,1,static
27186099,1,0,1,0,219,0,100,0,16,10,6,3,7,8,3,7,2,0,0,100,100,100,33,21,9,5,0,1,1788124219.1836975,G1,T01,respiro_2m_10,1,static
27186299,1,0,1,0,220,0,100,0,13,10,2,8,3,5,3,5,3,0,0,100,100,100,34,21,9,5,0,1,1788124219.3838723,G1,T01,respiro_2m_10,1,static
27186499,1,0,1,0,220,0,100,0,16,15,12,18,11,5,6,5,3,0,0,100,100,100,35,20,9,5,0,1,1788124219.5838046,G1,T01,respiro_2m_10,1,static
27186699,1,0,1,0,221,0,100,0,18,12,6,14,7,2,7,4,2,0,0,100,100,100,35,19,9,5,0,1,1788124219.7837002,G1,T01,respiro_2m_10,1,static
27186899,1,0,1,0,221,0,100,0,17,11,13,23,11,7,6,4,3,0,0,100,100,100,35,18,8,5,0,1,1788124219.9837797,G1,T01,respiro_2m_10,1,static
27187099,1,0,1,0,221,0,100,0,19,12,14,26,13,8,7,5,3,0,0,100,100,100,36,18,8,5,0,1,1788124220.1834874,G1,T01,respiro_2m_10,1,static
27187299,1,0,1,0,221,0,100,0,17,12,13,24,9,7,4,3,1,0,0,100,100,100,37,18,8,5,0,1,1788124220.3834803,G1,T01,respiro_2m_10,1,static
27187499,1,0,1,0,221,0,100,0,17,11,12,23,12,6,1,4,1,0,0,100,100,100,39,19,8,5,0,1,1788124220.5832283,G1,T01,respiro_2m_10,1,static
27187699,1,0,1,0,221,0,100,0,15,12,10,17,10,9,3,7,1,0,0,100,100,100,39,18,8,5,0,1,1788124220.7834916,G1,T01,respiro_2m_10,1,static
27187899,1,0,1,0,221,0,100,0,16,14,15,20,9,8,6,7,1,0,0,100,100,100,39,18,8,5,0,1,1788124220.98374,G1,T01,respiro_2m_10,1,static
27188099,1,0,1,0,220,0,100,0,21,13,16,23,11,6,7,5,1,0,0,100,100,100,39,19,7,5,0,1,1788124221.1839833,G1,T01,respiro_2m_10,1,static
27188299,1,0,1,0,220,0,100,0,21,13,12,23,10,5,8,4,1,0,0,100,100,100,39,20,8,5,0,1,1788124221.3825474,G1,T01,respiro_2m_10,1,static
27188499,1,0,1,0,220,0,100,0,16,14,9,10,5,4,5,3,1,0,0,100,100,100,40,21,8,5,0,1,1788124221.58369,G1,T01,respiro_2m_10,1,static
27188699,1,0,1,0,220,0,100,0,24,15,11,20,11,2,4,4,1,0,0,100,100,100,39,22,8,4,0,1,1788124221.7840238,G1,T01,respiro_2m_10,1,static
27188899,1,0,1,0,220,0,100,0,16,11,11,21,5,4,3,4,1,0,0,100,100,100,39,23,8,4,0,1,1788124221.984047,G1,T01,respiro_2m_10,1,static
27189099,1,0,1,0,220,0,100,0,18,14,9,12,4,7,6,2,2,0,0,100,100,100,38,24,8,4,0,1,1788124222.183969,G1,T01,respiro_2m_10,1,static
27189299,1,0,1,0,220,0,100,0,15,11,11,21,10,2,2,3,1,0,0,100,100,100,36,24,8,4,0,1,1788124222.383638,G1,T01,respiro_2m_10,1,static
27189499,1,0,1,0,220,0,100,0,15,11,13,24,11,5,2,4,2,0,0,100,100,100,34,24,8,4,0,1,1788124222.5837495,G1,T01,respiro_2m_10,1,static
27189699,1,0,1,0,219,0,100,0,16,13,12,20,13,8,5,6,1,0,0,100,100,100,32,23,8,4,0,1,1788124222.7835417,G1,T01,respiro_2m_10,1,static
27189899,1,0,1,0,219,0,100,0,18,14,9,20,11,8,7,7,2,0,0,100,100,100,31,23,8,3,0,1,1788124222.9834924,G1,T01,respiro_2m_10,1,static
27190099,1,0,1,0,219,0,100,0,20,14,14,20,7,4,6,7,1,0,0,100,100,100,29,23,8,4,0,1,1788124223.183887,G1,T01,respiro_2m_10,1,static
27190299,1,0,1,0,219,0,100,0,17,14,9,18,11,1,1,5,2,0,0,100,100,100,27,23,9,3,0,1,1788124223.384003,G1,T01,respiro_2m_10,1,static
27190499,1,0,1,0,219,0,100,0,18,11,8,13,9,3,2,3,2,0,0,100,100,100,26,22,9,3,0,1,1788124223.5838516,G1,T01,respiro_2m_10,1,static
27190699,1,0,1,0,219,0,100,0,20,14,7,10,6,5,5,4,1,0,0,100,100,100,25,22,9,3,0,1,1788124223.7840052,G1,T01,respiro_2m_10,1,static
27190899,1,0,1,0,219,0,100,0,14,12,9,16,12,10,8,5,1,0,0,100,100,100,25,22,9,4,0,1,1788124223.9840853,G1,T01,respiro_2m_10,1,static
27191099,1,0,1,0,218,0,100,0,19,15,13,17,8,6,8,6,1,0,0,100,100,100,25,21,10,4,0,1,1788124224.1837773,G1,T01,respiro_2m_10,1,static
27191299,1,0,1,0,218,0,100,0,15,9,10,12,9,8,7,5,2,0,0,100,100,100,26,21,10,4,0,1,1788124224.384078,G1,T01,respiro_2m_10,1,static
27191499,1,0,1,0,218,0,100,0,15,12,12,15,8,4,5,5,3,0,0,100,100,100,27,21,10,4,0,1,1788124224.5835245,G1,T01,respiro_2m_10,1,static
27191699,1,0,1,0,218,0,100,0,19,14,12,15,8,5,4,6,3,0,0,100,100,100,28,22,9,4,0,1,1788124224.7837374,G1,T01,respiro_2m_10,1,static
27191899,1,0,1,0,219,0,100,0,20,14,12,19,11,9,5,7,4,0,0,100,100,100,30,23,9,4,0,1,1788124224.9835994,G1,T01,respiro_2m_10,1,static
27192099,1,0,1,0,219,0,100,0,16,11,5,10,5,8,5,6,4,0,0,100,100,100,32,23,9,4,0,1,1788124225.1838117,G1,T01,respiro_2m_10,1,static
27192299,1,0,1,0,220,0,100,0,23,16,3,2,6,7,3,5,5,0,0,100,100,100,33,23,9,4,0,1,1788124225.3835242,G1,T01,respiro_2m_10,1,static
27192499,1,0,1,0,220,0,100,0,16,10,7,16,3,6,5,6,4,0,0,100,100,100,34,22,9,4,0,1,1788124225.5835814,G1,T01,respiro_2m_10,1,static
27192699,1,0,1,0,221,0,100,0,15,11,10,16,11,2,7,5,4,0,0,100,100,100,34,21,9,4,0,1,1788124225.7834952,G1,T01,respiro_2m_10,1,static
27192899,1,0,1,0,221,0,100,0,21,14,12,23,12,5,9,4,4,0,0,100,100,100,34,20,8,4,0,1,1788124225.9843066,G1,T01,respiro_2m_10,1,static
27193099,1,0,1,0,221,0,100,0,16,16,16,30,14,9,7,4,4,0,0,100,100,100,35,20,8,4,0,1,1788124226.183842,G1,T01,respiro_2m_10,1,static
27193299,1,0,1,0,221,0,100,0,18,12,16,30,14,8,3,4,5,0,0,100,100,100,36,20,8,4,0,1,1788124226.3835287,G1,T01,respiro_2m_10,1,static
27193499,1,0,1,0,221,0,100,0,15,15,16,25,10,5,1,3,5,0,0,100,100,100,37,20,8,4,0,1,1788124226.583851,G1,T01,respiro_2m_10,1,static
27193699,1,0,1,0,221,0,100,0,15,10,11,16,9,6,3,6,5,0,0,100,100,100,38,20,8,4,0,1,1788124226.784066,G1,T01,respiro_2m_10,1,static
27193899,1,0,1,0,220,0,100,0,20,14,17,24,9,7,7,7,4,0,0,100,100,100,37,20,8,4,0,1,1788124226.9838655,G1,T01,respiro_2m_10,1,static
27194099,1,0,1,0,220,0,100,0,16,14,16,26,11,7,8,4,5,0,0,100,100,100,38,20,8,4,0,1,1788124227.1841297,G1,T01,respiro_2m_10,1,static
27194299,1,0,1,0,220,0,100,0,16,13,16,24,10,2,7,3,7,0,0,100,100,100,39,21,7,5,0,1,1788124227.3839722,G1,T01,respiro_2m_10,1,static
27194499,1,0,1,0,220,0,100,0,13,10,11,17,9,2,4,4,7,0,0,100,100,100,40,22,7,5,0,1,1788124227.5838482,G1,T01,respiro_2m_10,1,static
27194699,1,0,1,0,220,0,100,0,15,10,10,17,8,5,1,4,6,0,0,100,100,100,41,23,7,5,0,1,1788124227.78393,G1,T01,respiro_2m_10,1,static
27194899,1,0,1,0,220,0,100,0,19,12,10,19,11,6,1,3,6,0,0,100,100,100,40,24,7,4,0,1,1788124227.9839349,G1,T01,respiro_2m_10,1,static
27195099,1,0,1,0,220,0,100,0,14,12,9,13,6,7,2,3,6,0,0,100,100,100,37,23,7,4,0,1,1788124228.1839476,G1,T01,respiro_2m_10,1,static
27195299,1,0,1,0,221,0,100,0,21,14,13,22,12,3,5,3,6,0,0,100,100,100,35,23,7,4,0,1,1788124228.3841972,G1,T01,respiro_2m_10,1,static
27195499,1,0,1,0,220,0,100,0,17,12,17,26,12,4,8,3,7,0,0,100,100,100,34,23,7,4,0,1,1788124228.5845284,G1,T01,respiro_2m_10,1,static
27195699,1,0,1,0,220,0,100,0,17,15,14,21,11,7,7,5,6,0,0,100,100,100,33,23,7,4,0,1,1788124228.7840374,G1,T01,respiro_2m_10,1,static
27195899,1,0,1,0,220,0,100,0,18,14,15,30,13,9,6,6,5,0,0,100,100,100,31,23,7,4,0,1,1788124228.9842112,G1,T01,respiro_2m_10,1,static
27196099,1,0,1,0,220,0,100,0,18,15,14,28,11,6,6,8,6,0,0,100,100,100,29,23,7,4,0,1,1788124229.1843607,G1,T01,respiro_2m_10,1,static
27196299,1,0,1,0,219,0,100,0,18,14,11,18,10,4,3,6,6,0,0,100,100,100,27,23,7,4,0,1,1788124229.3836572,G1,T01,respiro_2m_10,1,static
27196499,1,0,1,0,219,0,100,0,18,10,10,12,6,3,3,5,6,0,0,100,100,100,26,23,8,4,0,1,1788124229.5839458,G1,T01,respiro_2m_10,1,static
27196699,1,0,1,0,219,0,100,0,17,10,11,15,12,7,6,3,5,0,0,100,100,100,26,23,8,5,0,1,1788124229.7841933,G1,T01,respiro_2m_10,1,static
27196899,1,0,1,0,219,0,100,0,20,14,12,18,8,8,7,3,5,0,0,100,100,100,26,23,8,5,0,1,1788124229.983548,G1,T01,respiro_2m_10,1,static
27197099,1,0,1,0,219,0,100,0,20,12,11,17,13,5,9,5,5,0,0,100,100,100,26,22,8,5,0,1,1788124230.1841042,G1,T01,respiro_2m_10,1,static
27197299,1,0,1,0,219,0,100,0,16,12,9,14,9,10,7,4,4,0,0,100,100,100,26,22,8,5,0,1,1788124230.384059,G1,T01,respiro_2m_10,1,static
27197499,1,0,1,0,219,0,100,0,21,16,9,13,6,4,6,4,4,0,0,100,100,100,27,22,8,5,0,1,1788124230.583659,G1,T01,respiro_2m_10,1,static
27197699,1,0,1,0,219,0,100,0,19,14,6,12,7,4,5,5,5,0,0,100,100,100,29,23,8,5,0,1,1788124230.7840412,G1,T01,respiro_2m_10,1,static
27197899,1,0,1,0,220,0,100,0,17,14,12,20,14,6,5,6,5,0,0,100,100,100,31,23,8,5,0,1,1788124230.9842958,G1,T01,respiro_2m_10,1,static
27198099,1,0,1,0,220,0,100,0,14,9,8,14,9,9,4,6,7,0,0,100,100,100,33,24,8,5,0,1,1788124231.1839378,G1,T01,respiro_2m_10,1,static
27198299,1,0,1,0,221,0,100,0,18,11,2,10,2,6,6,5,5,0,0,100,100,100,33,23,8,5,0,1,1788124231.3835537,G1,T01,respiro_2m_10,1,static
27198499,1,0,1,0,222,0,100,0,26,16,13,23,13,1,8,5,5,0,0,100,100,100,33,22,8,5,0,1,1788124231.584605,G1,T01,respiro_2m_10,1,static
27198699,1,0,1,0,222,0,100,0,19,14,14,24,14,8,8,3,6,0,0,100,100,100,33,21,8,4,0,1,1788124231.7840033,G1,T01,respiro_2m_10,1,static
27198899,1,0,1,0,221,0,100,0,16,13,11,21,9,7,7,4,5,0,0,100,100,100,35,21,8,4,0,1,1788124231.9842834,G1,T01,respiro_2m_10,1,static
27199099,1,0,1,0,221,0,100,0,19,12,12,23,11,8,5,3,6,0,0,100,100,100,37,22,8,4,0,1,1788124232.184596,G1,T01,respiro_2m_10,1,static
27199299,1,0,1,0,221,0,100,0,16,13,14,25,12,8,1,4,5,0,0,100,100,100,38,22,8,4,0,1,1788124232.3837569,G1,T01,respiro_2m_10,1,static
27199499,1,0,1,0,221,0,100,0,15,14,13,23,11,8,3,5,6,0,0,100,100,100,37,22,8,4,0,1,1788124232.5844078,G1,T01,respiro_2m_10,1,static
27199699,1,0,1,0,220,0,100,0,18,15,11,19,8,5,7,6,5,0,0,100,100,100,36,21,8,4,0,1,1788124232.783699,G1,T01,respiro_2m_10,1,static
27199899,1,0,1,0,220,0,100,0,14,9,11,20,9,5,9,6,5,0,0,100,100,100,36,20,9,4,0,1,1788124232.9839478,G1,T01,respiro_2m_10,1,static
27200099,1,0,1,0,220,0,100,0,22,17,15,23,10,1,9,4,5,0,0,100,100,100,36,20,8,4,0,1,1788124233.184661,G1,T01,respiro_2m_10,1,static
27200299,1,0,1,0,220,0,100,0,15,9,16,22,8,4,7,3,7,0,0,100,100,100,38,21,8,4,0,1,1788124233.3835812,G1,T01,respiro_2m_10,1,static
27200499,1,0,1,0,220,0,100,0,15,13,3,9,6,3,4,3,7,0,0,100,100,100,38,22,7,4,0,1,1788124233.584019,G1,T01,respiro_2m_10,1,static
27200699,1,0,1,0,220,0,100,0,19,12,8,10,7,2,2,3,6,0,0,100,100,100,38,22,7,4,0,1,1788124233.7834985,G1,T01,respiro_2m_10,1,static
27200899,1,0,1,0,220,0,100,0,18,13,12,18,8,2,1,4,6,0,0,100,100,100,38,23,7,4,0,1,1788124233.9838367,G1,T01,respiro_2m_10,1,static
27201099,1,0,1,0,220,0,100,0,18,16,4,2,6,2,2,3,6,0,0,100,100,100,36,23,7,4,0,1,1788124234.183447,G1,T01,respiro_2m_10,1,static
27201299,1,1,1,219,220,32,100,0,18,8,17,32,12,3,3,3,5,0,0,100,100,100,35,23,7,3,0,1,1788124234.384642,G1,T01,respiro_2m_10,1,static
27201499,1,0,1,0,220,0,100,0,16,13,16,27,12,8,5,5,5,0,0,100,100,100,33,23,7,4,0,1,1788124234.5837088,G1,T01,respiro_2m_10,1,static
27201699,1,0,1,0,220,0,100,0,14,12,13,19,9,7,6,7,5,0,0,100,100,100,31,23,7,3,0,1,1788124234.7844486,G1,T01,respiro_2m_10,1,static
27201899,1,0,1,0,220,0,100,0,14,8,9,16,9,7,6,6,5,0,0,100,100,100,29,22,7,3,0,1,1788124234.9840243,G1,T01,respiro_2m_10,1,static
27202099,1,0,1,0,220,0,100,0,19,13,8,14,11,4,2,5,6,0,0,100,100,100,27,21,7,3,0,1,1788124235.183823,G1,T01,respiro_2m_10,1,static
27202299,1,0,1,0,219,0,100,0,22,15,9,17,9,4,4,3,4,0,0,100,100,100,26,21,7,4,0,1,1788124235.3842475,G1,T01,respiro_2m_10,1,static
27202499,1,0,1,0,219,0,100,0,19,11,9,14,11,5,6,2,4,0,0,100,100,100,25,21,8,4,0,1,1788124235.583663,G1,T01,respiro_2m_10,1,static
27202699,1,0,1,0,219,0,100,0,18,14,10,13,6,9,8,4,2,0,0,100,100,100,25,20,7,4,0,1,1788124235.7844996,G1,T01,respiro_2m_10,1,static
27202899,1,0,1,0,219,0,100,0,18,13,10,14,7,3,8,4,2,0,0,100,100,100,25,20,7,4,0,1,1788124235.9837835,G1,T01,respiro_2m_10,1,static
27203099,1,0,1,0,219,0,100,0,17,11,12,20,12,10,8,4,3,0,0,100,100,100,25,20,7,4,0,1,1788124236.1846917,G1,T01,respiro_2m_10,1,static
27203299,1,0,1,0,219,0,100,0,14,12,12,16,8,2,6,5,4,0,0,100,100,100,26,20,7,4,0,1,1788124236.3843486,G1,T01,respiro_2m_10,1,static
27203499,1,0,1,0,219,0,100,0,15,14,7,12,10,3,4,5,4,0,0,100,100,100,28,21,7,5,0,1,1788124236.5836406,G1,T01,respiro_2m_10,1,static
27203699,1,0,1,0,220,0,100,0,15,11,5,16,11,7,3,6,4,0,0,100,100,100,31,22,7,4,0,1,1788124236.7839024,G1,T01,respiro_2m_10,1,static
27203899,1,0,1,0,220,0,100,0,17,13,10,17,8,7,3,5,5,0,0,100,100,100,33,22,8,5,0,1,1788124236.9839191,G1,T01,respiro_2m_10,1,static
27204099,1,0,1,0,221,0,100,0,16,13,6,10,7,8,3,5,5,0,0,100,100,100,34,22,8,5,0,1,1788124237.1836886,G1,T01,respiro_2m_10,1,static
27204299,1,0,1,0,222,0,100,0,18,11,8,10,5,6,5,6,5,0,0,100,100,100,34,22,8,5,0,1,1788124237.3838542,G1,T01,respiro_2m_10,1,static
27204499,1,0,1,0,222,0,100,0,16,12,13,21,9,3,8,4,5,0,0,100,100,100,34,21,8,4,0,1,1788124237.5841653,G1,T01,respiro_2m_10,1,static
27204699,1,0,1,0,222,0,100,0,22,12,12,24,15,6,8,3,4,0,0,100,100,100,35,21,8,4,0,1,1788124237.7838748,G1,T01,respiro_2m_10,1,static
27204899,1,0,1,0,222,0,100,0,14,13,11,20,8,8,8,4,4,0,0,100,100,100,36,21,8,4,0,1,1788124237.983818,G1,T01,respiro_2m_10,1,static
27205099,1,0,1,0,222,0,100,0,20,15,10,18,10,5,5,4,6,0,0,100,100,100,37,21,8,5,0,1,1788124238.1839404,G1,T01,respiro_2m_10,1,static
27205299,1,0,1,0,222,0,100,0,19,10,14,26,12,10,2,4,4,0,0,100,100,100,38,21,8,5,0,1,1788124238.3846533,G1,T01,respiro_2m_10,1,static
27205499,1,0,1,0,222,0,100,0,16,11,15,23,10,8,2,6,6,0,0,100,100,100,39,21,8,4,1,1,1788124238.5845637,G1,T01,respiro_2m_10,1,static
27205699,1,0,1,0,222,0,100,0,19,12,15,21,8,9,5,6,6,0,0,100,100,100,39,20,8,4,1,1,1788124238.784061,G1,T01,respiro_2m_10,1,static
27205899,1,0,1,0,221,0,100,0,17,15,10,16,9,7,9,7,4,0,0,100,100,100,38,20,8,4,1,1,1788124238.984202,G1,T01,respiro_2m_10,1,static
27206099,1,0,1,0,221,0,100,0,14,10,13,21,10,4,8,5,6,0,0,100,100,100,38,21,8,4,1,1,1788124239.1846166,G1,T01,respiro_2m_10,1,static
27206299,1,0,1,0,220,0,100,0,17,12,16,25,12,2,7,5,5,0,0,100,100,100,39,22,8,4,1,1,1788124239.3834221,G1,T01,respiro_2m_10,1,static
27206499,1,0,1,0,220,0,100,0,18,11,10,18,8,5,4,3,6,0,0,100,100,100,40,23,8,4,0,1,1788124239.5838048,G1,T01,respiro_2m_10,1,static
27206699,1,0,1,0,220,0,100,0,20,19,10,13,8,1,1,3,6,0,0,100,100,100,40,24,8,4,0,1,1788124239.7846925,G1,T01,respiro_2m_10,1,static
27206899,1,0,1,0,221,0,100,0,17,15,10,15,7,3,3,4,6,0,0,100,100,100,39,25,8,4,0,1,1788124239.9838572,G1,T01,respiro_2m_10,1,static
27207099,1,0,1,0,221,0,100,0,19,14,6,2,5,4,2,3,3,0,0,100,100,100,37,24,8,4,0,1,1788124240.1839166,G1,T01,respiro_2m_10,1,static
27207299,1,0,1,0,221,0,100,0,15,11,15,27,13,5,2,3,4,0,0,100,100,100,36,24,8,4,0,1,1788124240.3847582,G1,T01,respiro_2m_10,1,static
27207499,1,0,1,0,220,0,100,0,15,12,15,28,11,8,4,5,2,0,0,100,100,100,34,24,8,4,0,1,1788124240.584805,G1,T01,respiro_2m_10,1,static
27207699,1,0,1,0,220,0,100,0,15,16,11,19,8,8,7,6,2,0,0,100,100,100,32,24,8,4,0,1,1788124240.7841218,G1,T01,respiro_2m_10,1,static
27207899,1,0,1,0,220,0,100,0,19,13,9,16,10,5,8,8,3,0,0,100,100,100,30,23,8,4,0,1,1788124240.9845214,G1,T01,respiro_2m_10,1,static
27208099,1,0,1,0,219,0,100,0,17,14,7,14,9,4,6,8,3,0,0,100,100,100,29,23,8,4,0,1,1788124241.1845963,G1,T01,respiro_2m_10,1,static
27208299,1,0,1,0,219,0,100,0,15,11,12,18,10,3,2,6,3,0,0,100,100,100,28,23,8,4,0,1,1788124241.3848796,G1,T01,respiro_2m_10,1,static
27208499,1,0,1,0,219,0,100,0,16,11,7,13,5,4,3,3,4,0,0,100,100,100,27,23,9,4,0,1,1788124241.5839083,G1,T01,respiro_2m_10,1,static
27208699,1,0,1,0,219,0,100,0,17,10,7,11,12,6,5,2,4,0,0,100,100,100,26,23,9,4,0,1,1788124241.7843728,G1,T01,respiro_2m_10,1,static
27208899,1,0,1,0,219,0,100,0,17,10,10,14,5,9,7,4,4,0,0,100,100,100,24,22,9,4,0,1,1788124241.9843647,G1,T01,respiro_2m_10,1,static
27209099,1,0,1,0,219,0,100,0,16,12,10,18,10,5,8,6,3,0,0,100,100,100,24,21,9,4,0,1,1788124242.1847742,G1,T01,respiro_2m_10,1,static
27209299,1,0,1,0,219,0,100,0,13,10,12,19,9,8,10,4,4,0,0,100,100,100,24,21,9,4,0,1,1788124242.3845532,G1,T01,respiro_2m_10,1,static
27209499,1,0,1,0,219,0,100,0,13,9,9,13,9,9,6,4,5,0,0,100,100,100,26,22,9,4,0,1,1788124242.5843964,G1,T01,respiro_2m_10,1,static
27209699,1,0,1,0,219,0,100,0,14,11,10,15,11,3,5,5,5,0,0,100,100,100,28,23,8,5,0,1,1788124242.7842004,G1,T01,respiro_2m_10,1,static
27209899,1,0,1,0,219,0,100,0,17,13,10,17,9,3,1,6,6,0,0,100,100,100,30,23,8,5,0,1,1788124242.984067,G1,T01,respiro_2m_10,1,static
27210099,1,0,1,0,220,0,100,0,15,11,13,22,12,6,2,6,5,0,0,100,100,100,32,23,8,5,0,1,1788124243.1847975,G1,T01,respiro_2m_10,1,static
27210299,1,0,1,0,220,0,100,0,20,16,4,5,6,7,1,6,7,0,0,100,100,100,33,23,8,5,0,1,1788124243.3838878,G1,T01,respiro_2m_10,1,static
27210499,1,0,1,0,221,0,100,0,16,10,14,21,8,3,3,6,6,0,0,100,100,100,33,22,8,4,0,1,1788124243.5839748,G1,T01,respiro_2m_10,1,static
27210699,1,0,1,0,221,0,100,0,27,17,18,28,17,6,5,3,5,0,0,100,100,100,33,21,8,4,0,1,1788124243.784829,G1,T01,respiro_2m_10,1,static
27210899,1,0,1,0,221,0,100,0,17,14,13,27,13,9,8,3,5,0,0,100,100,100,34,22,8,4,0,1,1788124243.9846938,G1,T01,respiro_2m_10,1,static
27211099,1,0,1,0,221,0,100,0,16,13,11,21,10,3,8,3,6,0,0,100,100,100,35,22,9,4,0,1,1788124244.1845946,G1,T01,respiro_2m_10,1,static
27211299,1,0,1,0,221,0,100,0,22,11,16,27,12,8,2,3,5,0,0,100,100,100,36,22,8,4,0,1,1788124244.3847551,G1,T01,respiro_2m_10,1,static
27211499,1,0,1,0,221,0,100,0,16,11,17,29,10,8,5,6,6,0,0,100,100,100,36,22,9,4,0,1,1788124244.5842166,G1,T01,respiro_2m_10,1,static
27211699,1,0,1,0,221,0,100,0,20,14,15,24,12,6,9,7,5,0,0,100,100,100,36,21,9,4,0,1,1788124244.784705,G1,T01,respiro_2m_10,1,static
27211899,1,0,1,0,220,0,100,0,19,11,11,15,6,3,9,5,6,0,0,100,100,100,36,21,9,4,0,1,1788124244.9847715,G1,T01,respiro_2m_10,1,static
27212099,1,0,1,0,220,0,100,0,17,10,12,25,10,1,10,5,6,0,0,100,100,100,36,22,8,4,0,1,1788124245.1850624,G1,T01,respiro_2m_10,1,static
27212299,1,0,1,0,220,0,100,0,17,11,13,24,12,5,7,4,7,0,0,100,100,100,37,22,7,5,0,1,1788124245.3844657,G1,T01,respiro_2m_10,1,static
27212499,1,0,1,0,220,0,100,0,15,11,10,14,8,8,5,3,7,0,0,100,100,100,38,23,7,5,0,1,1788124245.584794,G1,T01,respiro_2m_10,1,static
27212699,1,0,1,0,220,0,100,0,21,17,9,11,9,5,1,3,6,0,0,100,100,100,39,24,7,5,0,1,1788124245.7846935,G1,T01,respiro_2m_10,1,static
27212899,1,0,1,0,220,0,100,0,14,13,9,14,8,3,1,3,6,0,0,100,100,100,38,24,7,4,0,1,1788124245.9845796,G1,T01,respiro_2m_10,1,static
27213099,1,0,1,0,221,0,100,0,20,11,11,13,11,5,2,4,6,0,0,100,100,100,37,24,6,4,0,1,1788124246.1847014,G1,T01,respiro_2m_10,1,static
27213299,1,0,1,0,221,0,100,0,21,14,11,15,5,5,4,2,7,0,0,100,100,100,35,24,7,4,0,1,1788124246.384902,G1,T01,respiro_2m_10,1,static
27213499,1,0,1,0,221,0,100,0,18,14,14,26,14,3,8,3,7,0,0,100,100,100,34,25,7,4,0,1,1788124246.5844858,G1,T01,respiro_2m_10,1,static
27213699,1,0,1,0,221,0,100,0,21,14,9,20,10,4,4,4,6,0,0,100,100,100,33,25,7,4,0,1,1788124246.7839777,G1,T01,respiro_2m_10,1,static
27213899,1,0,1,0,220,0,100,0,18,17,14,20,9,2,6,5,4,0,0,100,100,100,31,25,7,4,0,1,1788124246.984849,G1,T01,respiro_2m_10,1,static
27214099,1,0,1,0,220,0,100,0,16,13,10,16,10,5,8,6,4,0,0,100,100,100,29,24,6,5,0,1,1788124247.1847005,G1,T01,respiro_2m_10,1,static
27214299,1,0,1,0,220,0,100,0,14,12,12,20,10,9,9,7,4,0,0,100,100,100,27,23,6,5,0,1,1788124247.3844078,G1,T01,respiro_2m_10,1,static
27214499,1,0,1,0,220,0,100,0,18,13,10,14,7,8,8,5,3,0,0,100,100,100,27,23,7,5,0,1,1788124247.5849628,G1,T01,respiro_2m_10,1,static
27214699,1,0,1,0,220,0,100,0,15,12,8,13,9,4,4,4,4,0,0,100,100,100,26,23,7,4,0,1,1788124247.7840767,G1,T01,respiro_2m_10,1,static
27214899,1,0,1,0,220,0,100,0,18,12,9,12,9,1,1,3,4,0,0,100,100,100,25,23,8,4,0,1,1788124247.9842649,G1,T01,respiro_2m_10,1,static
27215099,1,0,1,0,220,0,100,0,20,15,9,16,11,6,3,2,4,0,0,100,100,100,24,22,8,4,0,1,1788124248.1849906,G1,T01,respiro_2m_10,1,static
27215299,1,0,1,0,219,0,100,0,21,13,13,15,8,8,5,4,3,0,0,100,100,100,23,22,8,4,0,1,1788124248.3849025,G1,T01,respiro_2m_10,1,static
27215499,1,0,1,0,219,0,100,0,16,13,9,13,8,3,7,4,2,0,0,100,100,100,24,21,8,4,0,1,1788124248.5847127,G1,T01,respiro_2m_10,1,static
27215699,1,0,1,0,220,0,100,0,16,12,10,16,11,7,7,3,3,0,0,100,100,100,26,22,7,5,0,1,1788124248.7844849,G1,T01,respiro_2m_10,1,static
27215899,1,0,1,0,220,0,100,0,14,9,14,17,12,10,6,4,2,0,0,100,100,100,28,22,7,5,0,1,1788124248.984907,G1,T01,respiro_2m_10,1,static
27216099,1,0,1,0,220,0,100,0,18,16,14,24,11,3,5,5,4,0,0,100,100,100,30,22,7,5,0,1,1788124249.1851335,G1,T01,respiro_2m_10,1,static
27216299,1,0,1,0,221,0,100,0,19,14,10,15,8,3,4,7,4,0,0,100,100,100,31,22,7,5,0,1,1788124249.3846245,G1,T01,respiro_2m_10,1,static
27216499,1,0,1,0,222,0,100,0,18,12,3,3,6,4,3,6,4,0,0,100,100,100,32,22,8,4,0,1,1788124249.5840185,G1,T01,respiro_2m_10,1,static
27216699,1,0,1,0,222,0,100,0,17,10,13,25,12,3,5,4,4,0,0,100,100,100,33,21,7,4,0,1,1788124249.784436,G1,T01,respiro_2m_10,1,static
27216899,1,0,1,0,222,0,100,0,17,10,12,23,13,10,7,3,2,0,0,100,100,100,34,21,7,4,0,1,1788124249.9853442,G1,T01,respiro_2m_10,1,static
27217099,1,0,1,0,222,0,100,0,22,15,13,20,11,3,7,3,3,0,0,100,100,100,36,21,8,4,0,1,1788124250.1850877,G1,T01,respiro_2m_10,1,static
27217299,1,0,1,0,222,0,100,0,20,18,12,25,14,7,4,3,3,0,0,100,100,100,37,21,8,4,0,1,1788124250.3848875,G1,T01,respiro_2m_10,1,static
27217499,1,0,1,0,222,0,100,0,14,12,15,26,13,8,1,5,4,0,0,100,100,100,38,21,8,4,0,1,1788124250.5847735,G1,T01,respiro_2m_10,1,static
27217699,1,0,1,0,222,0,100,0,13,6,10,21,11,7,4,5,3,0,0,100,100,100,38,21,8,4,0,1,1788124250.7846603,G1,T01,respiro_2m_10,1,static
27217899,1,0,1,0,222,0,100,0,19,12,8,16,7,5,8,6,3,0,0,100,100,100,38,20,8,4,0,1,1788124250.9847834,G1,T01,respiro_2m_10,1,static
27218099,1,0,1,0,221,0,100,0,14,14,15,22,8,4,9,6,3,0,0,100,100,100,37,20,8,4,0,1,1788124251.1848705,G1,T01,respiro_2m_10,1,static
27218299,1,0,1,0,221,0,100,0,15,10,15,24,10,1,9,5,3,0,0,100,100,100,37,21,8,4,0,1,1788124251.3850243,G1,T01,respiro_2m_10,1,static
27218499,1,0,1,0,221,0,100,0,16,12,15,21,10,5,5,4,3,0,0,100,100,100,38,22,8,4,0,1,1788124251.5848513,G1,T01,respiro_2m_10,1,static
27218699,1,0,1,0,220,0,100,0,13,12,6,10,10,7,1,4,4,0,0,100,100,100,39,23,7,4,0,1,1788124251.7849736,G1,T01,respiro_2m_10,1,static
27218899,1,0,1,0,220,0,100,0,20,14,7,15,10,5,1,4,4,0,0,100,100,100,39,23,7,4,0,1,1788124251.9849303,G1,T01,respiro_2m_10,1,static
27219099,1,0,1,0,221,0,100,0,18,12,11,17,6,5,4,3,4,0,0,100,100,100,38,23,7,4,0,1,1788124252.184639,G1,T01,respiro_2m_10,1,static
27219299,1,0,1,0,221,0,100,0,16,14,6,6,4,8,1,3,4,0,0,100,100,100,37,24,7,4,0,1,1788124252.3846967,G1,T01,respiro_2m_10,1,static
27219499,1,0,1,0,221,0,100,0,18,11,17,28,12,8,5,3,5,0,0,100,100,100,37,24,7,4,0,1,1788124252.5850308,G1,T01,respiro_2m_10,1,static
27219699,1,0,1,0,221,0,100,0,22,14,13,24,11,1,5,5,3,0,0,100,100,100,35,25,7,4,0,1,1788124252.7849362,G1,T01,respiro_2m_10,1,static
27219899,1,0,1,0,221,0,100,0,16,13,13,18,10,5,7,6,2,0,0,100,100,100,33,24,7,4,0,1,1788124252.9850857,G1,T01,respiro_2m_10,1,static
27220099,1,0,1,0,221,0,100,0,20,15,9,14,11,8,7,6,3,0,0,100,100,100,31,23,7,4,0,1,1788124253.1851478,G1,T01,respiro_2m_10,1,static
27220299,1,0,1,0,220,0,100,0,20,17,10,15,9,10,9,6,3,0,0,100,100,100,29,22,7,4,0,1,1788124253.3847032,G1,T01,respiro_2m_10,1,static
27220499,1,0,1,0,220,0,100,0,15,14,16,23,10,4,3,5,3,0,0,100,100,100,28,22,7,4,0,1,1788124253.5851657,G1,T01,respiro_2m_10,1,static
27220699,1,0,1,0,220,0,100,0,16,13,10,18,10,4,1,2,3,0,0,100,100,100,27,22,8,4,0,1,1788124253.7850206,G1,T01,respiro_2m_10,1,static
27220899,1,0,1,0,220,0,100,0,14,11,9,14,10,4,4,2,3,0,0,100,100,100,26,22,8,4,0,1,1788124253.9850388,G1,T01,respiro_2m_10,1,static
27221099,1,0,1,0,220,0,100,0,20,15,11,16,11,6,7,3,1,0,0,100,100,100,26,22,8,5,0,1,1788124254.1852038,G1,T01,respiro_2m_10,1,static
27221299,1,0,1,0,220,0,100,0,17,12,11,18,11,5,7,4,2,0,0,100,100,100,26,21,8,5,0,1,1788124254.3853724,G1,T01,respiro_2m_10,1,static
27221499,1,0,1,0,220,0,100,0,14,9,13,17,10,8,6,4,2,0,0,100,100,100,27,21,8,5,0,1,1788124254.5849836,G1,T01,respiro_2m_10,1,static
27221699,1,0,1,0,220,0,100,0,18,12,7,12,5,10,5,5,1,0,0,100,100,100,29,22,8,5,0,1,1788124254.7850049,G1,T01,respiro_2m_10,1,static
27221899,1,0,1,0,220,0,100,0,14,11,5,13,9,3,1,4,1,0,0,100,100,100,32,23,7,5,0,1,1788124254.9851282,G1,T01,respiro_2m_10,1,static
27222099,1,0,1,0,221,0,100,0,19,10,7,12,12,1,1,6,2,0,0,100,100,100,34,23,7,5,0,1,1788124255.1849902,G1,T01,respiro_2m_10,1,static
27222299,1,0,1,0,222,0,100,0,21,14,10,18,11,4,2,5,2,0,0,100,100,100,35,23,8,5,0,1,1788124255.3850255,G1,T01,respiro_2m_10,1,static
27222499,1,0,1,0,222,0,100,0,19,13,13,18,10,2,2,6,1,0,0,100,100,100,36,23,8,4,0,1,1788124255.585198,G1,T01,respiro_2m_10,1,static
27222699,1,0,1,0,223,0,100,0,13,9,14,28,16,9,6,4,1,0,0,100,100,100,36,22,8,4,0,1,1788124255.785005,G1,T01,respiro_2m_10,1,static
27222899,1,0,1,0,223,0,100,0,21,16,15,27,14,4,9,3,1,0,0,100,100,100,38,23,8,4,0,1,1788124255.9851065,G1,T01,respiro_2m_10,1,static
27223099,1,0,1,0,222,0,100,0,14,12,12,22,14,7,4,2,1,0,0,100,100,100,40,24,8,4,0,1,1788124256.1851883,G1,T01,respiro_2m_10,1,static
27223299,1,0,1,0,222,0,100,0,13,14,14,23,10,8,1,2,1,0,0,100,100,100,42,24,8,4,0,1,1788124256.3853972,G1,T01,respiro_2m_10,1,static
27223499,1,0,1,0,222,0,100,0,21,11,15,23,11,7,3,5,1,0,0,100,100,100,42,24,8,4,0,1,1788124256.584615,G1,T01,respiro_2m_10,1,static
27223699,1,0,1,0,222,0,100,0,19,15,12,23,11,5,9,7,1,0,0,100,100,100,41,23,9,4,0,1,1788124256.7853339,G1,T01,respiro_2m_10,1,static
27223899,1,0,1,0,222,0,100,0,17,11,9,18,9,2,10,6,1,0,0,100,100,100,41,23,9,4,0,1,1788124256.9851594,G1,T01,respiro_2m_10,1,static
27224099,1,0,1,0,222,0,100,0,18,14,8,13,10,1,10,5,1,0,0,100,100,100,40,24,9,4,0,1,1788124257.185499,G1,T01,respiro_2m_10,1,static
27224299,1,0,1,0,222,0,100,0,18,14,16,23,11,2,9,4,1,0,0,100,100,100,40,24,9,4,0,1,1788124257.3852239,G1,T01,respiro_2m_10,1,static
27224499,1,0,1,0,221,0,100,0,15,13,11,14,7,5,5,5,0,0,0,100,100,100,41,25,8,4,0,1,1788124257.585113,G1,T01,respiro_2m_10,1,static
27224699,1,0,1,0,221,0,100,0,21,14,5,9,10,7,1,4,1,0,0,100,100,100,41,25,8,4,0,1,1788124257.7850094,G1,T01,respiro_2m_10,1,static
27224899,1,0,1,0,221,0,100,0,19,13,5,8,6,6,2,4,1,0,0,100,100,100,41,25,7,3,0,1,1788124257.9849396,G1,T01,respiro_2m_10,1,static
27225099,1,0,1,0,221,0,100,0,22,14,4,6,7,3,3,4,1,0,0,100,100,100,40,26,7,3,0,1,1788124258.1850903,G1,T01,respiro_2m_10,1,static
27225299,1,0,1,0,221,0,100,0,21,13,10,13,7,3,3,3,1,0,0,100,100,100,39,26,7,3,0,1,1788124258.3845656,G1,T01,respiro_2m_10,1,static
27225499,1,0,1,0,220,0,100,0,19,14,15,26,10,2,7,4,1,0,0,100,100,100,36,25,7,3,0,1,1788124258.5849612,G1,T01,respiro_2m_10,1,static
27225699,1,1,1,222,220,33,100,0,21,14,18,33,15,5,10,6,1,0,0,100,100,100,34,24,7,3,0,1,1788124258.7856424,G1,T01,respiro_2m_10,1,static
27225899,1,0,1,0,220,0,100,0,14,13,13,22,11,7,8,7,1,0,0,100,100,100,32,24,8,3,0,1,1788124258.9849136,G1,T01,respiro_2m_10,1,static
27226099,1,0,1,0,219,0,100,0,20,16,8,16,12,8,1,5,1,0,0,100,100,100,30,24,8,3,0,1,1788124259.1850395,G1,T01,respiro_2m_10,1,static
27226299,1,0,1,0,219,0,100,0,17,10,12,18,9,6,5,2,2,0,0,100,100,100,29,24,8,3,0,1,1788124259.3847349,G1,T01,respiro_2m_10,1,static
27226499,1,0,1,0,219,0,100,0,18,12,10,16,10,5,9,3,1,0,0,100,100,100,28,24,8,3,0,1,1788124259.5850544,G1,T01,respiro_2m_10,1,static
27226699,1,0,1,0,219,0,100,0,21,14,9,16,9,5,8,4,1,0,0,100,100,100,28,24,8,3,0,1,1788124259.7850864,G1,T01,respiro_2m_10,1,static
27226899,1,0,1,0,219,0,100,0,19,17,5,6,7,7,8,4,1,0,0,100,100,100,28,23,8,3,0,1,1788124259.9846308,G1,T01,respiro_2m_10,1,static
27227099,1,0,1,0,219,0,100,0,17,10,10,13,8,9,7,5,1,0,0,100,100,100,27,23,8,4,0,1,1788124260.184979,G1,T01,respiro_2m_10,1,static
27227299,1,0,1,0,219,0,100,0,20,12,13,14,12,11,6,4,1,0,0,100,100,100,28,22,8,3,0,1,1788124260.3854613,G1,T01,respiro_2m_10,1,static
27227499,1,0,1,0,219,0,100,0,14,8,10,18,8,4,4,5,1,0,0,100,100,100,30,22,7,4,0,1,1788124260.5854607,G1,T01,respiro_2m_10,1,static
27227699,1,0,1,0,219,0,100,0,22,12,7,10,6,3,3,6,1,0,0,100,100,100,32,23,7,4,0,1,1788124260.7851903,G1,T01,respiro_2m_10,1,static
27227899,1,0,1,0,220,0,100,0,21,16,11,13,8,3,3,7,1,0,0,100,100,100,35,23,7,4,0,1,1788124260.9850595,G1,T01,respiro_2m_10,1,static
27228099,1,0,1,0,220,0,100,0,18,16,5,12,9,4,2,6,1,0,0,100,100,100,37,23,7,4,0,1,1788124261.1840217,G1,T01,respiro_2m_10,1,static
27228299,1,0,1,0,221,0,100,0,18,13,11,9,7,5,2,5,1,0,0,100,100,100,38,23,8,4,0,1,1788124261.3845155,G1,T01,respiro_2m_10,1,static
27228499,1,0,1,0,222,0,100,0,18,15,4,2,5,4,4,5,1,0,0,100,100,100,38,23,8,4,0,1,1788124261.5844038,G1,T01,respiro_2m_10,1,static
27228699,1,0,1,0,222,0,100,0,21,13,11,24,13,1,7,5,3,0,0,100,100,100,38,22,8,4,0,1,1788124261.785277,G1,T01,respiro_2m_10,1,static
27228899,1,1,1,226,222,31,100,0,17,12,16,31,17,8,8,3,3,0,0,100,100,100,39,22,8,4,0,1,1788124261.985593,G1,T01,respiro_2m_10,1,static
27229099,1,0,1,0,223,0,100,0,22,14,15,27,15,7,8,3,2,0,0,100,100,100,40,22,8,4,0,1,1788124262.185168,G1,T01,respiro_2m_10,1,static
27229299,1,0,1,0,223,0,100,0,17,11,9,21,12,5,6,4,2,0,0,100,100,100,42,23,8,4,0,1,1788124262.3849463,G1,T01,respiro_2m_10,1,static
27229499,1,0,1,0,223,0,100,0,17,13,11,22,9,7,3,3,4,0,0,100,100,100,44,24,8,4,0,1,1788124262.585509,G1,T01,respiro_2m_10,1,static
27229699,1,0,1,0,223,0,100,0,18,12,15,28,12,6,3,5,3,0,0,100,100,100,45,24,8,4,0,1,1788124262.7850647,G1,T01,respiro_2m_10,1,static
27229899,1,0,1,0,223,0,100,0,18,10,9,22,9,4,7,6,3,0,0,100,100,100,44,23,8,4,0,1,1788124262.9846303,G1,T01,respiro_2m_10,1,static
27230099,1,0,1,0,223,0,100,0,16,12,11,19,10,1,10,4,3,0,0,100,100,100,44,22,8,4,0,1,1788124263.1855392,G1,T01,respiro_2m_10,1,static
27230299,1,0,1,0,223,0,100,0,17,14,10,16,10,1,10,4,3,0,0,100,100,100,44,22,8,4,0,1,1788124263.385639,G1,T01,respiro_2m_10,1,static
27230499,1,0,1,0,223,0,100,0,22,12,14,22,12,4,7,4,2,0,0,100,100,100,44,23,7,4,0,1,1788124263.5857484,G1,T01,respiro_2m_10,1,static
27230699,1,0,1,0,223,0,100,0,17,11,10,19,9,6,1,3,3,0,0,100,100,100,44,24,8,4,0,1,1788124263.7854452,G1,T01,respiro_2m_10,1,static
27230899,1,0,1,0,223,0,100,0,17,13,9,10,5,8,2,3,3,0,0,100,100,100,43,24,8,4,0,1,1788124263.9854503,G1,T01,respiro_2m_10,1,static
27231099,1,0,1,0,223,0,100,0,13,11,4,6,5,6,3,3,5,0,0,100,100,100,42,25,8,4,0,1,1788124264.1844847,G1,T01,respiro_2m_10,1,static
27231299,1,0,1,0,222,0,100,0,18,15,5,10,7,5,2,2,4,0,0,100,100,100,40,24,8,4,0,1,1788124264.384644,G1,T01,respiro_2m_10,1,static
27231499,1,0,1,0,222,0,100,0,14,13,13,20,7,5,3,4,5,0,0,100,100,100,38,24,8,4,0,1,1788124264.5856946,G1,T01,respiro_2m_10,1,static
27231699,1,0,1,0,222,0,100,0,17,13,13,24,11,1,7,5,5,0,0,100,100,100,36,24,7,4,0,1,1788124264.7848623,G1,T01,respiro_2m_10,1,static
27231899,1,0,1,0,221,0,100,0,17,14,13,25,13,6,7,6,7,0,0,100,100,100,34,23,7,5,0,1,1788124264.9852915,G1,T01,respiro_2m_10,1,static
27232099,1,0,1,0,220,0,100,0,18,13,13,19,5,8,8,7,4,0,0,100,100,100,33,24,8,4,0,1,1788124265.1848707,G1,T01,respiro_2m_10,1,static
27232299,1,0,1,0,220,0,100,0,15,13,8,14,12,9,1,6,5,0,0,100,100,100,32,24,8,4,0,1,1788124265.3846014,G1,T01,respiro_2m_10,1,static
27232499,1,0,1,0,220,0,100,0,15,12,10,16,11,5,4,3,5,0,0,100,100,100,32,24,8,4,0,1,1788124265.5850787,G1,T01,respiro_2m_10,1,static
27232699,1,0,1,0,220,0,100,0,17,15,9,18,12,6,8,2,6,0,0,100,100,100,32,25,8,4,0,1,1788124265.7848833,G1,T01,respiro_2m_10,1,static
27232899,1,0,1,0,220,0,100,0,18,16,11,15,10,6,9,3,6,0,0,100,100,100,32,25,8,5,0,1,1788124265.9853086,G1,T01,respiro_2m_10,1,static
27233099,1,0,1,0,220,0,100,0,17,11,9,12,8,6,10,4,6,0,0,100,100,100,31,24,8,5,0,1,1788124266.1854155,G1,T01,respiro_2m_10,1,static
27233299,1,0,1,0,220,0,100,0,22,17,8,14,9,7,10,5,6,0,0,100,100,100,31,23,8,5,0,1,1788124266.3854656,G1,T01,respiro_2m_10,1,static
27233499,1,0,1,0,219,0,100,0,15,11,9,15,11,8,10,4,6,0,0,100,100,100,31,22,8,5,0,1,1788124266.5856044,G1,T01,respiro_2m_10,1,static
27233699,1,0,1,0,220,0,100,0,14,8,11,19,8,9,6,4,5,0,0,100,100,100,32,23,8,5,0,1,1788124266.785368,G1,T01,respiro_2m_10,1,static
27233899,1,0,1,0,220,0,100,0,19,12,9,12,9,2,6,5,6,0,0,100,100,100,35,24,8,5,0,1,1788124266.9848104,G1,T01,respiro_2m_10,1,static
27234099,1,0,1,0,221,0,100,0,15,14,9,10,3,2,4,6,5,0,0,100,100,100,37,25,8,5,0,1,1788124267.1848176,G1,T01,respiro_2m_10,1,static
27234299,1,0,1,0,222,0,100,0,18,14,6,10,9,4,3,6,6,0,0,100,100,100,39,25,8,5,0,1,1788124267.3855677,G1,T01,respiro_2m_10,1,static
27234499,1,0,1,0,222,0,100,0,20,13,7,11,9,5,4,5,5,0,0,100,100,100,40,24,8,5,0,1,1788124267.5857334,G1,T01,respiro_2m_10,1,static
27234699,1,0,1,0,223,0,100,0,16,12,5,13,6,1,7,5,6,0,0,100,100,100,40,23,8,4,0,1,1788124267.784853,G1,T01,respiro_2m_10,1,static
27234899,1,0,1,0,223,0,100,0,16,10,17,30,14,8,9,4,5,0,0,100,100,100,40,23,8,4,0,1,1788124267.9851127,G1,T01,respiro_2m_10,1,static
27235099,1,0,1,0,223,0,100,0,17,13,14,27,13,8,8,4,5,0,0,100,100,100,41,23,8,4,0,1,1788124268.185549,G1,T01,respiro_2m_10,1,static
27235299,1,0,1,0,223,0,100,0,20,13,16,27,14,7,5,4,5,0,0,100,100,100,43,24,8,4,0,1,1788124268.3855848,G1,T01,respiro_2m_10,1,static
27235499,1,0,1,0,223,0,100,0,17,14,13,26,11,8,2,3,5,0,0,100,100,100,45,24,8,4,0,1,1788124268.5855463,G1,T01,respiro_2m_10,1,static
27235699,1,0,1,0,223,0,100,0,19,16,10,19,10,6,1,3,5,0,0,100,100,100,46,25,8,4,0,1,1788124268.7856941,G1,T01,respiro_2m_10,1,static
27235899,1,0,1,0,224,0,100,0,16,11,13,27,12,6,4,5,6,0,0,100,100,100,46,24,8,4,0,1,1788124268.9856486,G1,T01,respiro_2m_10,1,static
27236099,1,0,1,0,223,0,100,0,17,13,13,21,10,3,10,6,7,0,0,100,100,100,45,24,8,4,0,1,1788124269.185727,G1,T01,respiro_2m_10,1,static
27236299,1,0,1,0,223,0,100,0,16,10,10,14,11,1,10,5,6,0,0,100,100,100,44,24,8,4,0,1,1788124269.3858144,G1,T01,respiro_2m_10,1,static
27236499,1,0,1,0,223,0,100,0,19,14,13,22,8,3,10,4,5,0,0,100,100,100,44,24,7,4,0,1,1788124269.585429,G1,T01,respiro_2m_10,1,static
27236699,1,0,1,0,222,0,100,0,19,11,14,22,11,5,2,4,4,0,0,100,100,100,44,24,7,4,0,1,1788124269.7858298,G1,T01,respiro_2m_10,1,static
27236899,1,0,1,0,222,0,100,0,18,12,9,15,7,8,2,3,5,0,0,100,100,100,44,25,7,4,0,1,1788124269.9857082,G1,T01,respiro_2m_10,1,static
27237099,1,0,1,0,222,0,100,0,15,12,4,4,5,8,2,3,5,0,0,100,100,100,44,26,7,4,0,1,1788124270.1855552,G1,T01,respiro_2m_10,1,static
27237299,1,0,1,0,222,0,100,0,22,12,8,15,11,5,1,3,4,0,0,100,100,100,42,26,7,4,0,1,1788124270.3855374,G1,T01,respiro_2m_10,1,static
27237499,1,0,1,0,222,0,100,0,16,14,13,19,9,4,3,3,5,0,0,100,100,100,41,26,7,4,0,1,1788124270.585377,G1,T01,respiro_2m_10,1,static
27237699,1,0,1,0,222,0,100,0,14,9,14,26,13,2,7,4,6,0,0,100,100,100,39,26,7,4,0,1,1788124270.785121,G1,T01,respiro_2m_10,1,static
27237899,1,0,1,0,221,0,100,0,19,15,14,25,11,6,9,5,5,0,0,100,100,100,37,25,7,4,0,1,1788124270.9858103,G1,T01,respiro_2m_10,1,static
27238099,1,0,1,0,221,0,100,0,18,11,11,16,11,9,7,6,5,0,0,100,100,100,35,25,7,4,0,1,1788124271.1857421,G1,T01,respiro_2m_10,1,static
27238299,1,0,1,0,220,0,100,0,15,10,8,10,9,7,3,5,4,0,0,100,100,100,34,25,7,4,0,1,1788124271.384976,G1,T01,respiro_2m_10,1,static
27238499,1,0,1,0,220,0,100,0,21,13,6,11,9,4,1,3,6,0,0,100,100,100,32,25,7,4,0,1,1788124271.5854802,G1,T01,respiro_2m_10,1,static
27238699,1,0,1,0,220,0,100,0,19,16,10,17,13,5,2,2,6,0,0,100,100,100,31,24,8,5,0,1,1788124271.785757,G1,T01,respiro_2m_10,1,static
27238899,1,0,1,0,220,0,100,0,14,14,11,17,9,4,4,3,6,0,0,100,100,100,31,24,8,5,0,1,1788124271.9858186,G1,T01,respiro_2m_10,1,static
27239099,1,0,1,0,220,0,100,0,21,13,10,10,9,7,5,3,6,0,0,100,100,100,31,24,8,5,0,1,1788124272.1858487,G1,T01,respiro_2m_10,1,static
27239299,1,0,1,0,220,0,100,0,18,17,8,13,10,7,7,4,6,0,0,100,100,100,31,23,8,5,0,1,1788124272.3848877,G1,T01,respiro_2m_10,1,static
27239499,1,0,1,0,220,0,100,0,17,12,6,14,10,10,9,4,6,0,0,100,100,100,31,22,8,5,0,1,1788124272.5855556,G1,T01,respiro_2m_10,1,static
27239699,1,0,1,0,220,0,100,0,14,12,10,17,11,4,5,4,6,0,0,100,100,100,32,23,8,5,0,1,1788124272.785904,G1,T01,respiro_2m_10,1,static
27239899,1,0,1,0,221,0,100,0,16,12,7,12,10,2,5,6,5,0,0,100,100,100,34,24,8,5,0,1,1788124272.9856791,G1,T01,respiro_2m_10,1,static
27240099,1,0,1,0,222,0,100,0,15,12,10,12,9,3,2,5,4,0,0,100,100,100,37,24,8,5,0,1,1788124273.1855998,G1,T01,respiro_2m_10,1,static
27240299,1,0,1,0,222,0,100,0,21,14,9,13,9,5,1,5,5,0,0,100,100,100,39,24,8,5,0,1,1788124273.385638,G1,T01,respiro_2m_10,1,static
27240499,1,0,1,0,223,0,100,0,18,13,4,7,8,3,4,6,4,0,0,100,100,100,39,23,8,5,0,1,1788124273.5849078,G1,T01,respiro_2m_10,1,static
27240699,1,0,1,0,224,0,100,0,18,12,11,19,10,4,8,5,6,0,0,100,100,100,40,23,8,5,0,1,1788124273.785891,G1,T01,respiro_2m_10,1,static
27240899,1,0,1,0,224,0,100,0,20,14,17,30,15,11,9,3,5,0,0,100,100,100,41,22,8,4,0,1,1788124273.985918,G1,T01,respiro_2m_10,1,static
27241099,1,1,1,225,224,31,100,0,21,15,15,31,16,6,9,3,6,0,0,100,100,100,42,22,8,4,0,1,1788124274.186043,G1,T01,respiro_2m_10,1,static
27241299,1,0,1,0,225,0,100,0,19,14,14,29,15,8,5,2,6,0,0,100,100,100,44,23,8,4,0,1,1788124274.3859425,G1,T01,respiro_2m_10,1,static
27241499,1,0,1,0,225,0,100,0,20,13,13,23,11,7,1,3,5,0,0,100,100,100,45,23,8,4,0,1,1788124274.585797,G1,T01,respiro_2m_10,1,static
27241699,1,0,1,0,225,0,100,0,16,10,16,24,11,5,3,4,5,0,0,100,100,100,46,23,8,4,0,1,1788124274.785616,G1,T01,respiro_2m_10,1,static
27241899,1,0,1,0,225,0,100,0,20,16,14,24,10,3,8,6,6,0,0,100,100,100,45,23,8,4,0,1,1788124274.9859703,G1,T01,respiro_2m_10,1,static
27242099,1,0,1,0,224,0,100,0,20,18,14,21,12,1,10,4,5,0,0,100,100,100,44,23,8,4,0,1,1788124275.1859396,G1,T01,respiro_2m_10,1,static
27242299,1,0,1,0,223,0,100,0,15,13,12,17,7,5,7,3,5,0,0,100,100,100,44,23,8,5,0,1,1788124275.385765,G1,T01,respiro_2m_10,1,static
27242499,1,0,1,0,223,0,100,0,15,12,12,20,12,6,1,4,5,0,0,100,100,100,44,24,7,5,0,1,1788124275.5858757,G1,T01,respiro_2m_10,1,static
27242699,1,0,1,0,223,0,100,0,24,15,15,22,12,6,1,4,5,0,0,100,100,100,44,25,7,5,0,1,1788124275.7858956,G1,T01,respiro_2m_10,1,static
27242899,1,0,1,0,223,0,100,0,13,10,5,12,11,7,4,4,6,0,0,100,100,100,44,25,7,4,0,1,1788124275.9850848,G1,T01,respiro_2m_10,1,static
27243099,1,0,1,0,223,0,100,0,16,14,2,3,3,6,5,3,4,0,0,100,100,100,43,26,7,4,0,1,1788124276.1854672,G1,T01,respiro_2m_10,1,static
27243299,1,0,1,0,223,0,100,0,14,12,15,25,12,5,1,3,5,0,0,100,100,100,41,26,7,4,0,1,1788124276.3850427,G1,T01,respiro_2m_10,1,static
27243499,1,0,1,0,222,0,100,0,19,14,11,19,10,2,4,5,5,0,0,100,100,100,39,26,7,4,0,1,1788124276.5857587,G1,T01,respiro_2m_10,1,static
27243699,1,0,1,0,222,0,100,0,16,13,12,22,9,3,6,4,7,0,0,100,100,100,37,25,7,5,0,1,1788124276.7857819,G1,T01,respiro_2m_10,1,static
27243899,1,0,1,0,222,0,100,0,16,14,11,19,10,8,9,5,6,0,0,100,100,100,35,24,7,4,0,1,1788124276.985958,G1,T01,respiro_2m_10,1,static
27244099,1,0,1,0,221,0,100,0,21,14,8,21,13,6,8,5,5,0,0,100,100,100,33,24,7,4,0,1,1788124277.1860013,G1,T01,respiro_2m_10,1,static
27244299,1,0,1,0,221,0,100,0,16,14,8,14,10,5,6,4,5,0,0,100,100,100,32,24,7,4,0,1,1788124277.385916,G1,T01,respiro_2m_10,1,static
27244499,1,0,1,0,220,0,100,0,13,10,8,10,6,3,3,3,6,0,0,100,100,100,30,24,7,4,0,1,1788124277.5858765,G1,T01,respiro_2m_10,1,static
27244699,1,0,1,0,220,0,100,0,17,13,9,13,9,3,2,2,6,0,0,100,100,100,29,23,8,4,0,1,1788124277.7858505,G1,T01,respiro_2m_10,1,static
27244899,1,0,1,0,220,0,100,0,20,12,10,17,12,3,3,4,7,0,0,100,100,100,28,22,8,5,0,1,1788124277.9861186,G1,T01,respiro_2m_10,1,static
27245099,1,0,1,0,220,0,100,0,24,17,10,16,10,6,8,5,6,0,0,100,100,100,27,22,8,5,0,1,1788124278.1856146,G1,T01,respiro_2m_10,1,static
27245299,1,0,1,0,220,0,100,0,16,10,5,9,8,7,7,6,5,0,0,100,100,100,27,21,8,5,0,1,1788124278.3855906,G1,T01,respiro_2m_10,1,static
27245499,1,0,1,0,220,0,100,0,17,18,8,13,11,10,5,3,6,0,0,100,100,100,28,21,8,5,0,1,1788124278.5855813,G1,T01,respiro_2m_10,1,static
27245699,1,0,1,0,220,0,100,0,20,13,8,13,8,1,4,5,5,0,0,100,100,100,29,22,8,5,0,1,1788124278.7858,G1,T01,respiro_2m_10,1,static
27245899,1,0,1,0,221,0,100,0,14,10,11,20,11,3,3,6,5,0,0,100,100,100,32,23,8,5,0,1,1788124278.985771,G1,T01,respiro_2m_10,1,static
27246099,1,0,1,0,222,0,100,0,23,16,6,14,10,5,2,5,4,0,0,100,100,100,34,23,8,5,0,1,1788124279.1856723,G1,T01,respiro_2m_10,1,static
27246299,1,0,1,0,223,0,100,0,19,13,8,7,1,7,1,5,5,0,0,100,100,100,35,22,8,5,0,1,1788124279.3849907,G1,T01,respiro_2m_10,1,static
27246499,1,0,1,0,223,0,100,0,17,13,3,8,6,6,1,5,5,0,0,100,100,100,35,22,9,4,0,1,1788124279.584941,G1,T01,respiro_2m_10,1,static
27246699,1,0,1,0,224,0,100,0,15,12,9,14,6,3,3,6,5,0,0,100,100,100,36,21,9,4,0,1,1788124279.7856805,G1,T01,respiro_2m_10,1,static
27246899,1,0,1,0,225,0,100,0,17,13,14,20,12,2,5,4,5,0,0,100,100,100,37,20,9,4,0,1,1788124279.9859934,G1,T01,respiro_2m_10,1,static
27247099,1,0,1,0,225,0,100,0,14,12,16,30,17,9,9,3,6,0,0,100,100,100,38,20,9,4,0,1,1788124280.1857345,G1,T01,respiro_2m_10,1,static
27247299,1,0,1,0,225,0,100,0,24,16,13,26,14,7,8,4,5,0,0,100,100,100,40,20,9,4,0,1,1788124280.385766,G1,T01,respiro_2m_10,1,static
27247499,1,0,1,0,225,0,100,0,16,15,11,24,14,6,7,3,6,0,0,100,100,100,42,21,9,4,0,1,1788124280.585752,G1,T01,respiro_2m_10,1,static
27247699,1,0,1,0,225,0,100,0,18,12,11,18,9,7,3,3,6,0,0,100,100,100,43,22,9,4,0,1,1788124280.7857854,G1,T01,respiro_2m_10,1,static
27247899,1,0,1,0,225,0,100,0,19,13,13,24,11,5,1,4,5,0,0,100,100,100,44,22,8,4,0,1,1788124280.9861424,G1,T01,respiro_2m_10,1,static
27248099,1,0,1,0,225,0,100,0,20,14,11,22,10,4,5,5,6,0,0,100,100,100,44,22,8,4,0,1,1788124281.185624,G1,T01,respiro_2m_10,1,static
27248299,1,0,1,0,225,0,100,0,15,14,13,21,10,3,9,4,6,0,0,100,100,100,43,21,8,4,0,1,1788124281.3857396,G1,T01,respiro_2m_10,1,static
27248499,1,0,1,0,225,0,100,0,16,14,10,15,6,3,8,3,5,0,0,100,100,100,44,22,8,4,0,1,1788124281.585894,G1,T01,respiro_2m_10,1,static
27248699,1,0,1,0,224,0,100,0,20,13,13,22,12,5,5,4,4,0,0,100,100,100,45,23,8,4,0,1,1788124281.786149,G1,T01,respiro_2m_10,1,static
27248899,1,0,1,0,223,0,100,0,15,13,11,17,8,6,2,5,5,0,0,100,100,100,45,24,8,4,0,1,1788124281.9856126,G1,T01,respiro_2m_10,1,static
27249099,1,0,1,0,223,0,100,0,14,10,7,13,7,7,4,4,6,0,0,100,100,100,44,24,8,4,0,1,1788124282.1861115,G1,T01,respiro_2m_10,1,static
27249299,1,0,1,0,223,0,100,0,21,12,12,13,3,4,2,3,5,0,0,100,100,100,42,24,8,3,0,1,1788124282.3860207,G1,T01,respiro_2m_10,1,static
27249499,1,0,1,0,223,0,100,0,17,12,10,17,8,5,1,4,6,0,0,100,100,100,40,24,8,3,0,1,1788124282.5859938,G1,T01,respiro_2m_10,1,static
27249699,1,0,1,0,222,0,100,0,16,7,15,20,9,1,5,4,5,0,0,100,100,100,38,24,8,3,0,1,1788124282.785908,G1,T01,respiro_2m_10,1,static
27249899,1,0,1,0,222,0,100,0,18,13,16,20,12,4,8,5,6,0,0,100,100,100,36,23,8,3,0,1,1788124282.9861252,G1,T01,respiro_2m_10,1,static
27250099,1,0,1,0,221,0,100,0,16,11,14,22,12,7,9,7,6,0,0,100,100,100,34,23,7,3,0,1,1788124283.186134,G1,T01,respiro_2m_10,1,static
27250299,1,0,1,0,221,0,100,0,19,12,11,18,10,8,6,5,6,0,0,100,100,100,33,23,8,3,0,1,1788124283.3859658,G1,T01,respiro_2m_10,1,static
27250499,1,0,1,0,220,0,100,0,15,12,9,12,8,4,1,4,5,0,0,100,100,100,33,23,8,3,0,1,1788124283.586124,G1,T01,respiro_2m_10,1,static
27250699,1,0,1,0,220,0,100,0,14,12,9,13,9,3,4,2,6,0,0,100,100,100,32,23,8,3,0,1,1788124283.7859643,G1,T01,respiro_2m_10,1,static
27250899,1,0,1,0,220,0,100,0,19,14,12,17,11,6,5,4,7,0,0,100,100,100,32,23,8,4,0,1,1788124283.9860191,G1,T01,respiro_2m_10,1,static
27251099,1,0,1,0,220,0,100,0,15,10,10,17,9,5,5,4,6,0,0,100,100,100,31,23,8,4,0,1,1788124284.1861713,G1,T01,respiro_2m_10,1,static
27251299,1,0,1,0,220,0,100,0,16,11,5,7,6,6,7,5,5,0,0,100,100,100,31,23,8,4,0,1,1788124284.38498,G1,T01,respiro_2m_10,1,static
27251499,1,0,1,0,220,0,100,0,19,14,10,16,12,9,7,4,7,0,0,100,100,100,31,22,8,4,0,1,1788124284.5857027,G1,T01,respiro_2m_10,1,static
27251699,1,0,1,0,220,0,100,0,14,11,12,13,10,10,6,5,6,0,0,100,100,100,32,22,8,4,0,1,1788124284.7858858,G1,T01,respiro_2m_10,1,static
27251899,1,0,1,0,220,0,100,0,19,12,10,19,10,2,4,6,4,0,0,100,100,100,33,23,8,4,0,1,1788124284.9855607,G1,T01,respiro_2m_10,1,static
27252099,1,0,1,0,221,0,100,0,17,15,7,13,11,4,3,6,4,0,0,100,100,100,35,23,9,4,0,1,1788124285.1859064,G1,T01,respiro_2m_10,1,static
27252299,1,0,1,0,222,0,100,0,23,19,9,7,7,6,1,5,5,0,0,100,100,100,37,24,9,4,0,1,1788124285.3859682,G1,T01,respiro_2m_10,1,static
27252499,1,0,1,0,223,0,100,0,14,15,3,6,8,8,1,5,4,0,0,100,100,100,38,24,9,4,0,1,1788124285.5856733,G1,T01,respiro_2m_10,1,static
27252699,1,0,1,0,223,0,100,0,16,15,8,13,9,2,5,4,6,0,0,100,100,100,39,23,9,4,0,1,1788124285.7860932,G1,T01,respiro_2m_10,1,static
27252899,1,0,1,0,223,0,100,0,16,13,13,26,13,4,7,4,6,0,0,100,100,100,39,22,9,4,0,1,1788124285.9861798,G1,T01,respiro_2m_10,1,static
27253099,1,0,1,0,223,0,100,0,19,13,14,29,15,13,9,2,6,0,0,100,100,100,41,22,9,4,0,1,1788124286.1863594,G1,T01,respiro_2m_10,1,static
27253299,1,0,1,0,224,0,100,0,16,11,12,26,11,6,6,3,5,0,0,100,100,100,43,23,9,4,0,1,1788124286.3861613,G1,T01,respiro_2m_10,1,static
27253499,1,0,1,0,224,0,100,0,13,10,14,26,11,9,2,3,5,0,0,100,100,100,44,23,9,4,0,1,1788124286.5858622,G1,T01,respiro_2m_10,1,static
27253699,1,0,1,0,225,0,100,0,17,12,11,17,8,7,1,3,4,0,0,100,100,100,45,24,9,5,0,1,1788124286.7860813,G1,T01,respiro_2m_10,1,static
27253899,1,0,1,0,225,0,100,0,19,12,13,22,12,6,4,5,4,0,0,100,100,100,46,23,9,4,0,1,1788124286.9861512,G1,T01,respiro_2m_10,1,static
27254099,1,0,1,0,225,0,100,0,22,16,16,24,12,4,7,5,5,0,0,100,100,100,45,23,9,4,0,1,1788124287.186055,G1,T01,respiro_2m_10,1,static
27254299,1,0,1,0,224,0,100,0,13,8,12,22,10,3,9,4,5,0,0,100,100,100,45,23,8,5,0,1,1788124287.386072,G1,T01,respiro_2m_10,1,static
27254499,1,0,1,0,223,0,100,0,13,11,8,14,8,5,5,3,6,0,0,100,100,100,45,23,8,5,0,1,1788124287.586011,G1,T01,respiro_2m_10,1,static
27254699,1,0,1,0,223,0,100,0,18,12,14,21,11,5,1,3,5,0,0,100,100,100,45,24,7,5,0,1,1788124287.786346,G1,T01,respiro_2m_10,1,static
27254899,1,0,1,0,223,0,100,0,18,16,9,13,6,6,4,3,5,0,0,100,100,100,45,24,7,5,0,1,1788124287.9861288,G1,T01,respiro_2m_10,1,static
27255099,1,0,1,0,223,0,100,0,14,11,5,10,8,7,8,2,5,0,0,100,100,100,43,25,7,4,0,1,1788124288.1853883,G1,T01,respiro_2m_10,1,static
27255299,1,0,1,0,223,0,100,0,15,13,5,11,2,2,4,3,6,0,0,100,100,100,42,25,7,4,0,1,1788124288.386181,G1,T01,respiro_2m_10,1,static
27255499,1,0,1,0,223,0,100,0,16,10,7,10,7,2,2,4,4,0,0,100,100,100,40,25,7,4,0,1,1788124288.5860667,G1,T01,respiro_2m_10,1,static
27255699,1,0,1,0,222,0,100,0,17,13,14,21,11,4,1,3,5,0,0,100,100,100,38,25,7,4,0,1,1788124288.7856126,G1,T01,respiro_2m_10,1,static
27255899,1,0,1,0,222,0,100,0,16,15,14,22,6,1,5,4,5,0,0,100,100,100,35,24,7,4,0,1,1788124288.986157,G1,T01,respiro_2m_10,1,static
27256099,1,0,1,0,221,0,100,0,16,14,13,21,10,7,8,5,6,0,0,100,100,100,34,23,6,4,0,1,1788124289.1863108,G1,T01,respiro_2m_10,1,static
27256299,1,0,1,0,221,0,100,0,17,11,8,14,5,8,8,5,6,0,0,100,100,100,32,23,6,4,0,1,1788124289.3857112,G1,T01,respiro_2m_10,1,static
27256499,1,0,1,0,220,0,100,0,15,10,4,10,13,10,5,6,6,0,0,100,100,100,31,23,6,4,0,1,1788124289.5862498,G1,T01,respiro_2m_10,1,static
27256699,1,0,1,0,220,0,100,0,16,8,13,18,10,2,1,4,6,0,0,100,100,100,30,23,7,4,0,1,1788124289.7859569,G1,T01,respiro_2m_10,1,static
27256899,1,0,1,0,220,0,100,0,21,16,9,16,10,2,4,2,5,0,0,100,100,100,29,23,7,5,0,1,1788124289.9857147,G1,T01,respiro_2m_10,1,static
27257099,1,0,1,0,220,0,100,0,17,13,7,19,12,6,8,3,7,0,0,100,100,100,28,22,7,5,0,1,1788124290.1861117,G1,T01,respiro_2m_10,1,static
27257299,1,0,1,0,220,0,100,0,20,16,6,9,8,4,9,4,6,0,0,100,100,100,27,21,7,5,0,1,1788124290.385999,G1,T01,respiro_2m_10,1,static
27257499,1,0,1,0,220,0,100,0,17,10,7,12,12,6,8,5,7,0,0,100,100,100,27,20,7,5,0,1,1788124290.5859773,G1,T01,respiro_2m_10,1,static
27257699,1,0,1,0,220,0,100,0,18,14,10,17,11,9,7,4,6,0,0,100,100,100,27,20,7,5,0,1,1788124290.78601,G1,T01,respiro_2m_10,1,static
27257899,1,0,1,0,220,0,100,0,16,11,11,14,9,7,6,5,6,0,0,100,100,100,30,21,7,5,0,1,1788124290.9860969,G1,T01,respiro_2m_10,1,static
27258099,1,0,1,0,221,0,100,0,17,10,9,11,8,3,4,5,5,0,0,100,100,100,33,23,7,5,0,1,1788124291.186043,G1,T01,respiro_2m_10,1,static
27258299,1,0,1,0,222,0,100,0,17,16,5,14,10,5,3,5,6,0,0,100,100,100,35,23,7,5,0,1,1788124291.386283,G1,T01,respiro_2m_10,1,static
27258499,1,0,1,0,223,0,100,0,19,16,10,11,6,6,1,5,4,0,0,100,100,100,36,23,7,5,0,1,1788124291.5857275,G1,T01,respiro_2m_10,1,static
27258699,1,0,1,0,223,0,100,0,14,11,4,11,5,3,5,6,5,0,0,100,100,100,37,22,7,5,0,1,1788124291.786171,G1,T01,respiro_2m_10,1,static
27258899,1,0,1,0,223,0,100,0,18,11,15,26,13,6,9,5,7,0,0,100,100,100,38,22,7,5,0,1,1788124291.9861388,G1,T01,respiro_2m_10,1,static
27259099,1,0,1,0,223,0,100,0,16,13,18,29,14,10,8,3,5,0,0,100,100,100,39,22,7,5,0,1,1788124292.1860633,G1,T01,respiro_2m_10,1,static
27259299,1,0,1,0,223,0,100,0,14,14,11,24,12,5,7,3,6,0,0,100,100,100,41,22,7,5,0,1,1788124292.3861036,G1,T01,respiro_2m_10,1,static
27259499,1,0,1,0,224,0,100,0,16,15,14,22,14,8,4,2,6,0,0,100,100,100,42,23,8,5,0,1,1788124292.5863955,G1,T01,respiro_2m_10,1,static
27259699,1,0,1,0,224,0,100,0,17,14,13,19,10,5,2,4,5,0,0,100,100,100,43,23,8,5,0,1,1788124292.7863338,G1,T01,respiro_2m_10,1,static
27259899,1,0,1,0,224,0,100,0,16,14,12,24,10,5,5,5,5,0,0,100,100,100,43,22,8,5,0,1,1788124292.9866,G1,T01,respiro_2m_10,1,static
27260099,1,0,1,0,223,0,100,0,18,13,13,22,12,3,7,4,8,0,0,100,100,100,42,22,8,5,0,1,1788124293.1857326,G1,T01,respiro_2m_10,1,static
27260299,1,0,1,0,223,0,100,0,16,10,9,16,6,4,8,4,5,0,0,100,100,100,42,22,8,5,0,1,1788124293.3863122,G1,T01,respiro_2m_10,1,static
27260499,1,0,1,0,223,0,100,0,19,12,12,21,10,5,7,3,5,0,0,100,100,100,42,23,7,5,0,1,1788124293.5861466,G1,T01,respiro_2m_10,1,static
27260699,1,0,1,0,222,0,100,0,20,16,13,22,9,7,1,3,5,0,0,100,100,100,42,23,7,5,0,1,1788124293.7862062,G1,T01,respiro_2m_10,1,static
27260899,1,0,1,0,222,0,100,0,18,11,7,13,8,6,5,3,5,0,0,100,100,100,43,24,7,5,0,1,1788124293.985418,G1,T01,respiro_2m_10,1,static
27261099,1,0,1,0,222,0,100,0,16,10,9,4,5,2,7,2,5,0,0,100,100,100,43,25,7,5,0,1,1788124294.1859977,G1,T01,respiro_2m_10,1,static
27261299,1,0,1,0,222,0,100,0,15,13,3,5,6,3,6,2,5,0,0,100,100,100,42,26,6,4,0,1,1788124294.3863232,G1,T01,respiro_2m_10,1,static
27261499,1,0,1,0,222,0,100,0,13,10,5,5,6,5,3,2,5,0,0,100,100,100,40,26,7,4,0,1,1788124294.5859141,G1,T01,respiro_2m_10,1,static
27261699,1,0,1,0,222,0,100,0,14,8,11,19,10,6,3,3,4,0,0,100,100,100,38,25,6,4,0,1,1788124294.7862756,G1,T01,respiro_2m_10,1,static
27261899,1,0,1,0,222,0,100,0,16,14,16,27,9,7,2,4,5,0,0,100,100,100,35,24,6,4,0,1,1788124294.9862697,G1,T01,respiro_2m_10,1,static
27262099,1,0,1,0,221,0,100,0,17,12,12,22,13,5,8,5,6,0,0,100,100,100,33,24,6,4,0,1,1788124295.1860173,G1,T01,respiro_2m_10,1,static
27262299,1,0,1,0,220,0,100,0,19,12,9,11,9,8,9,6,6,0,0,100,100,100,31,24,6,4,0,1,1788124295.3863273,G1,T01,respiro_2m_10,1,static
27262499,1,0,1,0,220,0,100,0,19,14,7,11,7,9,7,6,5,0,0,100,100,100,31,23,6,4,0,1,1788124295.58629,G1,T01,respiro_2m_10,1,static
27262699,1,0,1,0,220,0,100,0,16,13,11,16,9,7,1,5,4,0,0,100,100,100,29,24,7,4,0,1,1788124295.7864537,G1,T01,respiro_2m_10,1,static
27262899,1,0,1,0,220,0,100,0,13,12,11,18,8,1,3,2,6,0,0,100,100,100,28,24,7,4,0,1,1788124295.9855475,G1,T01,respiro_2m_10,1,static
27263099,1,0,1,0,220,0,100,0,15,10,10,14,8,4,6,3,6,0,0,100,100,100,27,23,7,4,0,1,1788124296.1858685,G1,T01,respiro_2m_10,1,static
27263299,1,0,1,0,219,0,100,0,21,10,12,12,9,4,8,4,8,0,0,100,100,100,26,22,7,5,0,1,1788124296.38634,G1,T01,respiro_2m_10,1,static
27263499,1,0,1,0,219,0,100,0,21,13,9,10,8,4,9,5,6,0,0,100,100,100,26,21,7,5,0,1,1788124296.5859358,G1,T01,respiro_2m_10,1,static
27263699,1,0,1,0,219,0,100,0,17,15,4,14,9,10,8,5,4,0,0,100,100,100,27,21,7,5,0,1,1788124296.7859097,G1,T01,respiro_2m_10,1,static
27263899,1,0,1,0,219,0,100,0,18,14,8,11,7,9,7,5,5,0,0,100,100,100,29,23,8,5,0,1,1788124296.986314,G1,T01,respiro_2m_10,1,static
27264099,1,0,1,0,220,0,100,0,26,21,11,8,3,4,4,5,5,0,0,100,100,100,33,24,7,5,0,1,1788124297.185917,G1,T01,respiro_2m_10,1,static
27264299,1,0,1,0,221,0,100,0,17,13,11,12,10,4,3,6,3,0,0,100,100,100,35,24,8,5,0,1,1788124297.3862672,G1,T01,respiro_2m_10,1,static
27264499,1,0,1,0,222,0,100,0,15,15,11,21,13,5,2,6,4,0,0,100,100,100,36,24,8,5,0,1,1788124297.5865295,G1,T01,respiro_2m_10,1,static
27264699,1,0,1,0,222,0,100,0,15,10,3,2,6,7,2,5,5,0,0,100,100,100,37,24,8,5,0,1,1788124297.7863226,G1,T01,respiro_2m_10,1,static
27264899,1,0,1,0,222,0,100,0,16,11,14,25,13,3,6,5,5,0,0,100,100,100,38,23,8,5,0,1,1788124297.9865413,G1,T01,respiro_2m_10,1,static
27265099,1,0,1,0,223,0,100,0,15,11,12,23,14,10,9,5,7,0,0,100,100,100,39,23,8,5,0,1,1788124298.1865468,G1,T01,respiro_2m_10,1,static
27265299,1,0,1,0,223,0,100,0,17,10,14,25,13,4,7,3,6,0,0,100,100,100,40,23,8,5,0,1,1788124298.3861647,G1,T01,respiro_2m_10,1,static
27265499,1,0,1,0,223,0,100,0,17,14,11,21,10,8,3,3,6,0,0,100,100,100,42,24,9,5,0,1,1788124298.58615,G1,T01,respiro_2m_10,1,static
27265699,1,0,1,0,223,0,100,0,14,12,16,25,11,8,1,6,5,0,0,100,100,100,43,24,9,5,0,1,1788124298.7865326,G1,T01,respiro_2m_10,1,static
27265899,1,0,1,0,223,0,100,0,23,18,16,29,10,6,6,6,7,0,0,100,100,100,43,24,9,5,0,1,1788124298.9866242,G1,T01,respiro_2m_10,1,static
27266099,1,0,1,0,223,0,100,0,19,13,13,19,9,3,10,6,6,0,0,100,100,100,43,23,9,5,0,1,1788124299.1868079,G1,T01,respiro_2m_10,1,static
27266299,1,0,1,0,222,0,100,0,17,17,8,19,6,1,9,4,6,0,0,100,100,100,43,24,9,5,0,1,1788124299.3864448,G1,T01,respiro_2m_10,1,static
27266499,1,0,1,0,222,0,100,0,17,15,13,22,11,4,3,4,4,0,0,100,100,100,43,24,9,5,0,1,1788124299.5866992,G1,T01,respiro_2m_10,1,static
27266699,1,0,1,0,222,0,100,0,21,12,11,19,9,6,3,4,5,0,0,100,100,100,43,25,8,5,0,1,1788124299.786544,G1,T01,respiro_2m_10,1,static
27266899,1,0,1,0,222,0,100,0,19,13,3,8,7,8,5,3,5,0,0,100,100,100,44,25,8,5,0,1,1788124299.9862797,G1,T01,respiro_2m_10,1,static
27267099,1,0,1,0,222,0,100,0,21,13,8,12,8,4,6,3,3,0,0,100,100,100,44,26,8,5,0,1,1788124300.1863954,G1,T01,respiro_2m_10,1,static
27267299,1,0,1,0,222,0,100,0,17,12,9,17,9,4,8,3,4,0,0,100,100,100,42,26,8,5,0,1,1788124300.3865113,G1,T01,respiro_2m_10,1,static
27267499,1,0,1,0,222,0,100,0,16,11,2,2,1,6,5,3,5,0,0,100,100,100,40,26,8,5,0,1,1788124300.5863147,G1,T01,respiro_2m_10,1,static
27267699,1,0,1,0,222,0,100,0,19,15,12,19,9,5,1,3,4,0,0,100,100,100,38,25,7,5,0,1,1788124300.7864397,G1,T01,respiro_2m_10,1,static
27267899,1,0,1,0,222,0,100,0,14,11,15,27,12,5,1,4,5,0,0,100,100,100,36,24,7,5,0,1,1788124300.986603,G1,T01,respiro_2m_10,1,static
27268099,1,0,1,0,221,0,100,0,13,9,11,14,7,2,5,5,6,0,0,100,100,100,34,24,7,5,0,1,1788124301.1864092,G1,T01,respiro_2m_10,1,static
27268299,1,0,1,0,221,0,100,0,24,14,13,19,8,1,6,5,7,0,0,100,100,100,32,24,7,5,0,1,1788124301.3868234,G1,T01,respiro_2m_10,1,static
27268499,1,0,1,0,220,0,100,0,13,13,9,20,11,6,9,6,6,0,0,100,100,100,31,23,7,5,0,1,1788124301.5861275,G1,T01,respiro_2m_10,1,static
27268699,1,0,1,0,220,0,100,0,15,9,14,22,9,8,9,6,5,0,0,100,100,100,29,23,7,5,0,1,1788124301.7866101,G1,T01,respiro_2m_10,1,static
27268899,1,0,1,0,220,0,100,0,19,14,10,16,8,7,6,4,5,0,0,100,100,100,28,23,7,5,0,1,1788124301.9867597,G1,T01,respiro_2m_10,1,static
27269099,1,0,1,0,220,0,100,0,19,19,9,12,8,4,1,3,5,0,0,100,100,100,27,23,8,5,0,1,1788124302.1859348,G1,T01,respiro_2m_10,1,static
27269299,1,0,1,0,220,0,100,0,16,13,11,17,11,5,2,2,5,0,0,100,100,100,26,22,8,5,0,1,1788124302.386125,G1,T01,respiro_2m_10,1,static
27269499,1,0,1,0,220,0,100,0,19,12,10,16,11,5,4,4,7,0,0,100,100,100,25,21,8,5,0,1,1788124302.5868325,G1,T01,respiro_2m_10,1,static
27269699,1,0,1,0,220,0,100,0,19,12,10,17,11,8,9,6,5,0,0,100,100,100,26,21,8,5,0,1,1788124302.78663,G1,T01,respiro_2m_10,1,static
27269899,1,0,1,0,220,0,100,0,17,13,8,14,9,9,6,4,5,0,0,100,100,100,28,23,8,5,0,1,1788124302.986819,G1,T01,respiro_2m_10,1,static
27270099,1,0,1,0,220,0,100,0,14,10,9,14,8,9,2,6,6,0,0,100,100,100,31,23,8,5,0,1,1788124303.1865168,G1,T01,respiro_2m_10,1,static
27270299,1,0,1,0,221,0,100,0,15,11,14,24,14,2,4,5,6,0,0,100,100,100,33,23,7,5,0,1,1788124303.3866756,G1,T01,respiro_2m_10,1,static
27270499,1,0,1,0,222,0,100,0,14,10,5,15,11,3,6,6,5,0,0,100,100,100,34,23,8,5,0,1,1788124303.585987,G1,T01,respiro_2m_10,1,static
27270699,1,0,1,0,222,0,100,0,22,13,7,12,7,2,2,7,6,0,0,100,100,100,35,23,8,5,0,1,1788124303.785899,G1,T01,respiro_2m_10,1,static
27270899,1,0,1,0,222,0,100,0,18,14,13,26,14,8,4,3,6,0,0,100,100,100,36,23,8,5,0,1,1788124303.9869218,G1,T01,respiro_2m_10,1,static
27271099,1,0,1,0,222,0,100,0,21,16,10,23,11,11,9,4,5,0,0,100,100,100,37,23,8,4,0,1,1788124304.186726,G1,T01,respiro_2m_10,1,static
27271299,1,0,1,0,222,0,100,0,15,11,13,18,11,6,10,4,5,0,0,100,100,100,39,24,8,4,0,1,1788124304.3868847,G1,T01,respiro_2m_10,1,static
27271499,1,0,1,0,222,0,100,0,13,10,13,24,13,5,7,4,5,0,0,100,100,100,41,25,8,4,0,1,1788124304.5864732,G1,T01,respiro_2m_10,1,static
27271699,1,0,1,0,222,0,100,0,19,13,14,28,14,6,3,6,6,0,0,100,100,100,42,25,8,4,0,1,1788124304.7868853,G1,T01,respiro_2m_10,1,static
27271899,1,0,1,0,222,0,100,0,16,12,13,25,10,4,7,7,5,0,0,100,100,100,41,24,9,4,0,1,1788124304.9869215,G1,T01,respiro_2m_10,1,static
27272099,1,0,1,0,222,0,100,0,17,14,7,12,7,3,8,5,6,0,0,100,100,100,40,23,9,4,0,1,1788124305.1862323,G1,T01,respiro_2m_10,1,static
27272299,1,0,1,0,222,0,100,0,22,15,16,25,11,4,8,4,5,0,0,100,100,100,40,23,9,4,0,1,1788124305.386901,G1,T01,respiro_2m_10,1,static
27272499,1,0,1,0,221,0,100,0,17,15,14,22,12,4,7,5,5,0,0,100,100,100,40,24,9,4,0,1,1788124305.5868657,G1,T01,respiro_2m_10,1,static
27272699,1,0,1,0,221,0,100,0,15,12,10,15,9,4,2,5,5,0,0,100,100,100,41,24,8,4,0,1,1788124305.7866175,G1,T01,respiro_2m_10,1,static
27272899,1,0,1,0,221,0,100,0,17,9,5,9,7,4,2,4,5,0,0,100,100,100,41,24,8,4,0,1,1788124305.9865394,G1,T01,respiro_2m_10,1,static
27273099,1,0,1,0,221,0,100,0,16,11,10,14,7,3,4,4,6,0,0,100,100,100,40,25,7,4,0,1,1788124306.1866074,G1,T01,respiro_2m_10,1,static
27273299,1,0,1,0,221,0,100,0,17,13,3,7,7,2,5,4,5,0,0,100,100,100,39,25,7,4,0,1,1788124306.3859735,G1,T01,respiro_2m_10,1,static
