timestamp_ms,radar_presence,moving_target,stationary_target,moving_distance_cm,stationary_distance_cm,moving_energy,stationary_energy,pir_presence,menergy_gate0,menergy_gate1,menergy_gate2,menergy_gate3,menergy_gate4,menergy_gate5,menergy_gate6,menergy_gate7,menergy_gate8,senergy_gate0,senergy_gate1,senergy_gate2,senergy_gate3,senergy_gate4,senergy_gate5,senergy_gate6,senergy_gate7,senergy_gate8,light_level,out_level,pc_time_s,group_id,trial_id,scenario,ground_truth_presence,ground_truth_state
8020698,1,1,1,70,91,100,100,0,65,100,45,35,18,11,2,6,4,0,0,100,100,87,33,15,10,8,3,1,1787416449.0100088,G1,T01,sotto_banco_movimenti,1,static
8020898,1,1,1,77,62,100,100,1,100,100,100,29,7,9,3,4,2,0,0,100,100,86,33,16,10,8,3,1,1787416449.0100088,G1,T01,sotto_banco_movimenti,1,static
8021098,1,1,1,70,64,100,100,1,100,100,69,75,19,6,4,4,3,0,0,100,100,89,32,17,10,8,3,1,1787416449.0100088,G1,T01,sotto_banco_movimenti,1,static
8021298,1,1,1,58,60,100,100,1,100,100,100,44,14,5,6,9,7,0,0,100,100,90,32,17,11,8,3,1,1787416449.0100088,G1,T01,sotto_banco_movimenti,1,static
8021498,1,1,1,76,69,100,100,1,100,100,100,92,15,9,9,2,2,0,0,100,100,91,34,19,12,9,3,1,1787416449.0100088,G1,T01,sotto_banco_movimenti,1,static
8021698,1,1,1,78,137,100,100,1,100,100,100,47,9,4,5,3,3,0,0,100,100,96,35,20,14,10,2,1,1787416449.0100088,G1,T01,sotto_banco_movimenti,1,static
8021898,1,1,1,84,82,100,100,1,54,100,100,91,22,10,4,6,3,0,0,100,100,96,35,21,15,11,3,1,1787416449.0100088,G1,T01,sotto_banco_movimenti,1,static
8022098,1,1,1,76,90,100,100,1,100,100,100,100,45,12,7,4,1,0,0,100,100,100,36,22,15,12,3,1,1787416449.0100088,G1,T01,sotto_banco_movimenti,1,static
8022298,1,1,1,62,72,100,100,1,100,100,100,79,24,3,6,4,1,0,0,100,100,100,37,22,16,12,2,1,1787416449.0100088,G1,T01,sotto_banco_movimenti,1,static
8022498,1,1,1,73,73,100,100,1,100,100,100,69,7,7,3,2,3,0,0,100,100,100,36,23,16,13,2,1,1787416449.0100088,G1,T01,sotto_banco_movimenti,1,static
8022698,1,1,1,71,66,100,100,1,100,100,100,87,21,4,3,10,4,0,0,100,100,100,36,23,17,12,2,1,1787416449.1853678,G1,T01,sotto_banco_movimenti,1,static
8022898,1,1,1,83,75,100,100,1,100,100,100,43,12,9,4,3,1,0,0,100,100,100,35,24,17,12,2,1,1787416449.3861299,G1,T01,sotto_banco_movimenti,1,static
8023098,1,1,1,82,76,100,100,1,100,100,100,58,20,5,5,8,4,0,0,100,100,100,38,25,17,13,2,1,1787416449.5862048,G1,T01,sotto_banco_movimenti,1,static
8023298,1,1,1,83,75,100,100,1,100,100,100,59,12,5,9,8,6,0,0,100,100,100,38,25,18,13,3,1,1787416449.7861695,G1,T01,sotto_banco_movimenti,1,static
8023498,1,1,1,113,87,100,100,1,69,100,100,62,21,4,1,5,2,0,0,100,100,100,37,24,18,14,3,1,1787416449.9864218,G1,T01,sotto_banco_movimenti,1,static
8023698,1,1,1,78,83,100,100,1,100,100,100,38,21,9,2,3,3,0,0,100,100,100,37,24,18,14,3,1,1787416450.1875339,G1,T01,sotto_banco_movimenti,1,static
8023898,1,1,1,79,80,100,100,1,64,100,100,51,20,5,11,6,8,0,0,100,100,100,36,24,19,14,3,1,1787416450.3878963,G1,T01,sotto_banco_movimenti,1,static
8024098,1,1,1,86,77,100,100,1,100,100,100,66,7,1,6,4,3,0,0,100,100,100,34,24,19,14,3,1,1787416450.587939,G1,T01,sotto_banco_movimenti,1,static
8024298,1,1,1,125,69,83,100,0,62,75,83,49,17,12,5,5,2,0,0,100,100,100,36,23,19,15,3,1,1787416450.7876222,G1,T01,sotto_banco_movimenti,1,static
8024498,1,1,1,78,73,100,100,0,100,100,100,25,16,11,10,2,2,0,0,100,100,100,36,24,19,15,3,1,1787416450.9888089,G1,T01,sotto_banco_movimenti,1,static
8024698,1,1,1,70,80,100,100,0,100,100,100,46,19,9,7,1,6,0,0,100,100,100,36,24,19,15,3,1,1787416451.1842818,G1,T01,sotto_banco_movimenti,1,static
8024898,1,1,1,30,89,100,100,0,100,100,100,34,13,12,10,8,9,0,0,100,100,100,39,24,21,16,3,1,1787416451.3788671,G1,T01,sotto_banco_movimenti,1,static
8025098,1,1,1,55,76,100,100,0,100,100,100,73,22,11,10,10,9,0,0,100,100,100,43,24,22,18,3,1,1787416451.5836918,G1,T01,sotto_banco_movimenti,1,static
8025298,1,1,1,39,55,100,100,0,100,100,100,75,26,10,5,7,8,0,0,100,100,100,46,25,23,18,3,1,1787416451.776078,G1,T01,sotto_banco_movimenti,1,static
8025498,1,1,1,30,79,100,100,0,100,100,100,50,37,3,11,7,4,0,0,100,100,100,51,26,24,18,3,1,1787416451.9844496,G1,T01,sotto_banco_movimenti,1,static
8025698,1,1,1,65,53,100,100,0,100,100,100,19,5,5,7,4,4,0,0,100,100,100,55,28,25,20,3,1,1787416452.177988,G1,T01,sotto_banco_movimenti,1,static
8025898,1,1,1,73,59,100,100,0,100,100,100,66,14,3,2,1,4,0,0,100,100,100,59,28,25,20,3,1,1787416452.383744,G1,T01,sotto_banco_movimenti,1,static
8026098,1,1,1,48,52,100,100,0,100,100,100,10,8,11,5,7,5,0,0,100,100,100,61,29,27,21,3,1,1787416452.5759196,G1,T01,sotto_banco_movimenti,1,static
8026298,1,1,1,66,30,100,100,0,100,100,100,76,12,10,7,11,6,0,0,100,100,100,65,30,30,22,3,1,1787416452.784373,G1,T01,sotto_banco_movimenti,1,static
8026498,1,1,1,75,58,100,100,0,67,100,100,24,7,15,13,8,10,0,0,100,100,100,68,34,31,24,3,1,1787416452.9753158,G1,T01,sotto_banco_movimenti,1,static
8026698,1,1,1,30,76,100,100,0,100,100,100,53,13,9,4,4,6,0,0,100,100,100,70,37,32,26,3,1,1787416453.1831732,G1,T01,sotto_banco_movimenti,1,static
8026898,1,1,1,64,54,100,100,0,100,100,100,87,31,12,7,11,10,0,0,100,100,100,77,38,35,28,3,1,1787416453.381692,G1,T01,sotto_banco_movimenti,1,static
8027098,1,1,1,74,74,100,100,0,100,100,100,89,45,5,12,11,15,0,0,100,100,100,77,40,37,30,3,1,1787416453.5822313,G1,T01,sotto_banco_movimenti,1,static
8027298,1,1,1,63,63,100,100,0,100,100,54,38,17,6,11,11,8,0,0,100,100,100,80,41,38,31,2,1,1787416453.7738955,G1,T01,sotto_banco_movimenti,1,static
8027498,1,1,1,30,43,100,100,0,100,100,73,48,21,14,15,11,13,0,0,100,100,100,86,44,42,34,2,1,1787416453.9824212,G1,T01,sotto_banco_movimenti,1,static
8027698,1,1,1,63,38,100,100,0,100,100,100,28,38,21,24,17,17,0,0,100,100,100,89,48,45,37,2,1,1787416454.174016,G1,T01,sotto_banco_movimenti,1,static
8027898,1,1,1,71,63,100,100,0,100,100,100,52,28,11,4,6,3,0,0,100,100,100,90,49,46,38,2,1,1787416454.3826861,G1,T01,sotto_banco_movimenti,1,static
8028098,1,1,1,68,70,100,100,0,100,100,100,54,35,13,14,8,13,0,0,100,100,100,92,52,48,40,2,1,1787416454.588753,G1,T01,sotto_banco_movimenti,1,static
8028298,1,1,1,46,49,100,100,0,100,100,100,81,18,20,18,19,16,0,0,100,100,100,94,55,51,43,2,1,1787416454.7812712,G1,T01,sotto_banco_movimenti,1,static
8028498,1,1,1,45,51,100,100,0,100,100,100,19,35,4,13,11,5,0,0,100,100,100,94,58,53,43,2,1,1787416454.9885938,G1,T01,sotto_banco_movimenti,1,static
8028698,1,1,1,75,58,100,100,0,100,100,100,30,29,7,4,4,2,0,0,100,100,100,94,60,54,44,2,1,1787416455.1813252,G1,T01,sotto_banco_movimenti,1,static
8028898,1,1,1,78,30,100,100,0,100,100,100,77,24,17,5,5,5,0,0,100,100,100,92,60,55,44,2,1,1787416455.3889956,G1,T01,sotto_banco_movimenti,1,static
8029098,1,1,1,30,30,100,100,0,100,100,100,55,17,6,12,11,12,0,0,100,100,100,91,61,56,45,2,1,1787416455.5811508,G1,T01,sotto_banco_movimenti,1,static
8029298,1,1,1,60,77,100,100,0,100,100,98,89,12,11,12,9,5,0,0,100,100,100,90,61,56,45,3,1,1787416455.773743,G1,T01,sotto_banco_movimenti,1,static
8029498,1,1,1,67,77,100,100,0,100,100,100,11,11,23,9,13,10,0,0,100,100,100,89,62,56,46,3,1,1787416455.9818535,G1,T01,sotto_banco_movimenti,1,static
8029698,1,1,1,30,50,100,100,0,100,100,100,59,12,2,7,5,14,0,0,100,100,100,88,62,56,47,3,1,1787416456.1736434,G1,T01,sotto_banco_movimenti,1,static
8029898,1,1,1,55,63,100,100,0,100,100,100,25,4,15,11,5,11,0,0,100,100,100,87,64,57,49,3,1,1787416456.3839405,G1,T01,sotto_banco_movimenti,1,static
8030098,1,1,1,69,65,100,100,0,100,100,100,40,11,10,9,11,9,0,0,100,100,100,83,64,56,49,3,1,1787416456.588655,G1,T01,sotto_banco_movimenti,1,static
8030298,1,1,1,45,54,100,100,0,100,100,100,100,59,19,22,18,18,0,0,100,100,100,82,68,57,52,2,1,1787416456.7803478,G1,T01,sotto_banco_movimenti,1,static
8030498,1,1,1,30,53,100,100,0,100,100,100,55,43,25,22,19,24,0,0,100,100,100,83,69,60,55,3,1,1787416456.9859931,G1,T01,sotto_banco_movimenti,1,static
8030698,1,1,1,52,69,100,100,0,100,100,100,56,29,9,15,14,15,0,0,100,100,100,83,72,62,57,2,1,1787416457.1773403,G1,T01,sotto_banco_movimenti,1,static
8030898,1,1,1,62,75,100,100,0,100,100,100,100,33,18,12,11,9,0,0,100,100,100,79,71,61,56,3,1,1787416457.3857098,G1,T01,sotto_banco_movimenti,1,static
8031098,1,1,1,59,48,100,100,1,100,100,100,35,15,11,17,6,14,0,0,100,100,100,80,72,61,57,2,1,1787416457.5748281,G1,T01,sotto_banco_movimenti,1,static
8031298,1,1,1,66,30,100,100,1,100,100,100,65,31,12,9,7,5,0,0,100,100,100,77,72,60,56,2,1,1787416457.782496,G1,T01,sotto_banco_movimenti,1,static
8031498,1,1,1,65,30,100,100,1,100,100,100,33,25,9,12,13,6,0,0,100,100,100,74,69,59,54,2,1,1787416457.9743967,G1,T01,sotto_banco_movimenti,1,static
8031698,1,1,1,49,30,100,100,1,100,100,100,40,22,20,13,19,11,0,0,100,100,100,74,67,59,53,2,1,1787416458.1819189,G1,T01,sotto_banco_movimenti,1,static
8031898,1,1,1,52,46,100,100,1,100,100,100,33,18,18,11,13,13,0,0,100,100,100,78,68,61,55,2,1,1787416458.3872592,G1,T01,sotto_banco_movimenti,1,static
8032098,1,1,1,48,30,100,100,1,100,100,100,52,19,21,17,14,13,0,0,100,100,100,79,68,62,56,3,1,1787416458.582725,G1,T01,sotto_banco_movimenti,1,static
8032298,1,1,1,49,46,100,100,1,100,100,100,36,7,8,11,6,6,0,0,100,100,100,75,67,61,54,3,1,1787416458.7747653,G1,T01,sotto_banco_movimenti,1,static
8032498,1,1,1,53,63,100,100,1,100,100,100,57,33,14,12,6,11,0,0,100,100,100,77,65,60,54,3,1,1787416458.9824045,G1,T01,sotto_banco_movimenti,1,static
8032698,1,1,1,55,67,100,100,1,100,100,100,36,15,10,10,10,9,0,0,100,100,100,76,64,59,53,3,1,1787416459.1736465,G1,T01,sotto_banco_movimenti,1,static
8032898,1,1,1,65,55,100,100,1,100,100,100,60,14,11,15,10,9,0,0,100,100,100,77,64,59,54,3,1,1787416459.387958,G1,T01,sotto_banco_movimenti,1,static
8033098,1,1,1,73,62,100,100,1,100,100,100,19,17,4,2,3,6,0,0,100,100,100,74,64,58,53,3,1,1787416459.5738204,G1,T01,sotto_banco_movimenti,1,static
8033298,1,1,1,30,73,100,100,1,100,100,100,43,52,7,23,17,18,0,0,100,100,100,73,66,59,55,3,1,1787416459.782077,G1,T01,sotto_banco_movimenti,1,static
8033498,1,1,1,58,52,100,100,1,100,100,100,39,17,18,9,9,6,0,0,100,100,100,69,66,57,54,2,1,1787416459.9742007,G1,T01,sotto_banco_movimenti,1,static
8033698,1,1,1,63,30,100,100,1,100,100,100,92,35,24,9,12,13,0,0,100,100,100,68,64,56,52,2,1,1787416460.1826527,G1,T01,sotto_banco_movimenti,1,static
8033898,1,1,1,75,30,100,100,1,100,100,100,55,13,9,9,9,4,0,0,100,100,100,66,63,56,50,2,1,1787416460.388382,G1,T01,sotto_banco_movimenti,1,static
8034098,1,1,1,74,30,100,100,1,86,100,77,14,11,10,3,5,1,0,0,100,100,100,66,63,56,50,2,1,1787416460.5831196,G1,T01,sotto_banco_movimenti,1,static
8034298,1,1,1,58,64,100,100,1,100,100,100,70,20,8,7,9,9,0,0,100,100,100,66,59,56,48,2,1,1787416460.7757201,G1,T01,sotto_banco_movimenti,1,static
8034498,1,1,1,70,50,100,100,1,100,100,100,45,28,12,12,11,11,0,0,100,100,100,65,57,53,45,2,1,1787416460.9839902,G1,T01,sotto_banco_movimenti,1,static
8034698,1,1,1,75,46,100,100,0,100,100,100,46,10,11,5,3,4,0,0,100,100,100,65,50,49,42,2,1,1787416461.1762993,G1,T01,sotto_banco_movimenti,1,static
8034898,1,1,1,48,63,100,100,0,100,100,100,58,29,24,13,4,9,0,0,100,100,100,66,51,49,42,3,1,1787416461.3892312,G1,T01,sotto_banco_movimenti,1,static
8035098,1,1,1,75,66,100,100,0,87,100,100,80,17,10,8,8,9,0,0,100,100,100,67,47,47,41,3,1,1787416461.5746212,G1,T01,sotto_banco_movimenti,1,static
8035298,1,1,1,75,67,100,100,0,100,100,100,97,49,17,9,1,3,0,0,100,100,100,70,48,47,44,3,1,1787416461.783748,G1,T01,sotto_banco_movimenti,1,static
8035498,1,1,1,55,48,100,100,0,100,100,100,40,5,7,9,8,7,0,0,100,100,100,70,48,45,43,2,1,1787416461.9755118,G1,T01,sotto_banco_movimenti,1,static
8035698,1,1,1,70,43,100,100,0,100,100,100,66,25,11,11,10,11,0,0,100,100,100,68,48,43,42,2,1,1787416462.1835303,G1,T01,sotto_banco_movimenti,1,static
8035898,1,1,1,73,56,100,100,0,100,100,100,27,19,20,11,9,10,0,0,100,100,100,68,48,42,41,3,1,1787416462.3892558,G1,T01,sotto_banco_movimenti,1,static
8036098,1,1,1,78,72,100,100,0,100,100,100,10,21,7,7,3,8,0,0,100,100,100,67,46,40,40,2,1,1787416462.582904,G1,T01,sotto_banco_movimenti,1,static
8036298,1,1,1,75,68,100,100,0,100,100,100,60,21,19,2,10,7,0,0,100,100,100,71,44,41,41,2,1,1787416462.7748966,G1,T01,sotto_banco_movimenti,1,static
8036498,1,1,1,43,62,100,100,0,100,100,100,30,4,12,21,12,14,0,0,100,100,100,71,47,43,42,2,1,1787416462.9840841,G1,T01,sotto_banco_movimenti,1,static
8036698,1,1,1,46,30,100,100,0,100,100,100,40,11,21,10,17,11,0,0,100,100,100,74,49,43,43,3,1,1787416463.1759553,G1,T01,sotto_banco_movimenti,1,static
8036898,1,1,1,58,49,100,100,0,100,100,100,49,18,10,7,3,4,0,0,100,100,100,76,49,43,44,3,1,1787416463.3835335,G1,T01,sotto_banco_movimenti,1,static
8037098,1,1,1,71,67,100,100,0,100,100,100,10,19,11,9,11,8,0,0,100,100,100,78,47,44,44,3,1,1787416463.5756142,G1,T01,sotto_banco_movimenti,1,static
8037298,1,1,1,75,69,100,100,0,100,100,100,61,19,9,11,5,12,0,0,100,100,100,78,46,42,45,3,1,1787416463.7824438,G1,T01,sotto_banco_movimenti,1,static
8037498,1,1,1,46,63,100,100,0,100,100,100,26,23,22,10,16,12,0,0,100,100,100,81,46,45,47,2,1,1787416463.9740887,G1,T01,sotto_banco_movimenti,1,static
8037698,1,1,1,76,62,100,100,0,100,100,100,70,21,2,12,5,9,0,0,100,100,100,81,47,46,47,2,1,1787416464.1818328,G1,T01,sotto_banco_movimenti,1,static
8037898,1,1,1,47,67,100,100,0,100,100,100,59,8,9,9,11,12,0,0,100,100,100,82,47,46,48,2,1,1787416464.3743873,G1,T01,sotto_banco_movimenti,1,static
8038098,1,1,1,60,52,100,100,0,100,100,100,58,37,5,12,6,8,0,0,100,100,100,84,48,45,49,3,1,1787416464.5837343,G1,T01,sotto_banco_movimenti,1,static
8038298,1,1,1,38,60,100,100,0,100,100,100,75,30,5,12,8,11,0,0,100,100,100,85,49,45,49,3,1,1787416464.7754672,G1,T01,sotto_banco_movimenti,1,static
8038498,1,1,1,68,47,100,100,0,100,100,100,57,53,12,13,13,10,0,0,100,100,100,84,50,45,49,3,1,1787416464.9836845,G1,T01,sotto_banco_movimenti,1,static
8038698,1,1,1,50,59,100,100,0,100,100,100,23,11,9,2,8,2,0,0,100,100,100,83,52,48,50,3,1,1787416465.1758142,G1,T01,sotto_banco_movimenti,1,static
8038898,1,1,1,45,60,100,100,0,100,100,100,25,36,6,11,8,10,0,0,100,100,100,81,52,48,49,3,1,1787416465.383473,G1,T01,sotto_banco_movimenti,1,static
8039098,1,1,1,67,70,100,100,0,100,100,100,14,10,10,4,5,5,0,0,100,100,100,77,53,48,49,2,1,1787416465.5740252,G1,T01,sotto_banco_movimenti,1,static
8039298,1,1,1,61,66,100,100,0,100,100,100,42,22,20,14,16,16,0,0,100,100,100,77,53,50,48,2,1,1787416465.782174,G1,T01,sotto_banco_movimenti,1,static
8039498,1,1,1,50,39,100,100,0,100,100,97,55,28,16,9,7,8,0,0,100,100,100,78,56,52,50,2,1,1787416465.9754703,G1,T01,sotto_banco_movimenti,1,static
8039698,1,1,1,73,66,100,100,0,100,100,100,90,22,12,18,12,13,0,0,100,100,100,78,58,54,51,2,1,1787416466.1818376,G1,T01,sotto_banco_movimenti,1,static
8039898,1,1,1,55,66,100,100,0,100,100,100,77,44,15,16,17,14,0,0,100,100,100,74,59,55,51,2,1,1787416466.3893597,G1,T01,sotto_banco_movimenti,1,static
8040098,1,1,1,51,73,100,100,0,100,100,100,41,35,6,13,12,9,0,0,100,100,100,72,60,56,51,2,1,1787416466.5812864,G1,T01,sotto_banco_movimenti,1,static
8040298,1,1,1,47,89,100,100,1,100,100,100,36,20,10,9,9,9,0,0,100,100,100,68,60,55,50,2,1,1787416466.7882423,G1,T01,sotto_banco_movimenti,1,static
8040498,1,1,1,72,49,100,100,1,100,100,100,66,42,10,6,3,7,0,0,100,100,100,66,58,55,49,3,1,1787416466.9793367,G1,T01,sotto_banco_movimenti,1,static
8040698,1,1,1,75,70,100,100,1,100,100,100,73,17,6,1,7,2,0,0,100,100,100,66,58,55,50,3,1,1787416467.1880474,G1,T01,sotto_banco_movimenti,1,static
8040898,1,1,1,71,55,100,100,1,100,100,100,37,5,7,7,5,6,0,0,100,100,100,64,58,55,50,2,1,1787416467.3791833,G1,T01,sotto_banco_movimenti,1,static
8041098,1,1,1,65,68,100,100,1,100,100,100,91,15,21,9,12,9,0,0,100,100,100,65,58,54,50,3,1,1787416467.5873075,G1,T01,sotto_banco_movimenti,1,static
8041298,1,1,1,69,63,100,100,1,100,100,100,46,24,15,6,10,7,0,0,100,100,100,68,58,55,49,2,1,1787416467.779715,G1,T01,sotto_banco_movimenti,1,static
8041498,1,1,1,63,30,100,100,1,100,100,100,15,4,7,11,8,8,0,0,100,100,100,65,56,53,47,2,1,1787416467.9869232,G1,T01,sotto_banco_movimenti,1,static
8041698,1,1,1,50,75,100,100,1,100,100,100,40,22,11,9,9,8,0,0,100,100,100,63,59,54,48,2,1,1787416468.179234,G1,T01,sotto_banco_movimenti,1,static
8041898,1,1,1,75,30,100,100,1,100,100,100,15,18,7,12,9,8,0,0,100,100,100,63,59,55,48,3,1,1787416468.386872,G1,T01,sotto_banco_movimenti,1,static
8042098,1,1,1,53,42,100,100,1,100,100,100,53,11,9,8,5,10,0,0,100,100,100,61,59,54,47,3,1,1787416468.57897,G1,T01,sotto_banco_movimenti,1,static
8042298,1,1,1,63,74,100,100,1,100,100,100,90,23,10,9,3,5,0,0,100,100,100,58,56,53,45,3,1,1787416468.7873092,G1,T01,sotto_banco_movimenti,1,static
8042498,1,1,1,68,49,100,100,1,100,100,100,50,3,3,12,7,7,0,0,100,100,100,58,54,51,43,3,1,1787416468.9790306,G1,T01,sotto_banco_movimenti,1,static
8042698,1,1,1,38,65,100,100,1,100,100,100,73,22,19,5,12,6,0,0,100,100,100,58,52,50,43,3,1,1787416469.187597,G1,T01,sotto_banco_movimenti,1,static
8042898,1,1,1,78,60,100,100,1,100,100,100,35,38,9,10,9,10,0,0,100,100,100,58,53,50,44,2,1,1787416469.3787718,G1,T01,sotto_banco_movimenti,1,static
8043098,1,1,1,50,57,100,100,1,100,100,100,32,20,10,9,11,9,0,0,100,100,100,60,55,51,45,2,1,1787416469.586861,G1,T01,sotto_banco_movimenti,1,static
8043298,1,1,1,49,61,100,100,1,100,100,100,82,38,10,16,12,15,0,0,100,100,100,59,56,51,46,2,1,1787416469.7793221,G1,T01,sotto_banco_movimenti,1,static
8043498,1,1,1,59,69,100,100,1,100,100,100,56,11,23,16,12,8,0,0,100,100,100,59,55,50,46,2,1,1787416469.9870317,G1,T01,sotto_banco_movimenti,1,static
8043698,1,1,1,65,53,100,100,0,100,100,100,48,17,5,11,12,8,0,0,100,100,100,56,52,48,44,2,1,1787416470.1788733,G1,T01,sotto_banco_movimenti,1,static
8043898,1,1,1,66,60,100,100,0,100,100,100,100,33,16,25,22,19,0,0,100,100,100,59,56,50,45,2,1,1787416470.3881564,G1,T01,sotto_banco_movimenti,1,static
8044098,1,1,1,73,69,100,100,0,100,100,100,52,20,1,4,2,6,0,0,100,100,100,58,56,48,45,3,1,1787416470.5792327,G1,T01,sotto_banco_movimenti,1,static
8044298,1,1,1,73,68,100,100,0,100,100,100,59,39,16,20,22,17,0,0,100,100,100,61,59,51,47,2,1,1787416470.7868822,G1,T01,sotto_banco_movimenti,1,static
8044498,1,1,1,47,69,100,100,0,100,100,100,54,27,11,16,12,15,0,0,100,100,100,62,60,50,48,2,1,1787416470.978626,G1,T01,sotto_banco_movimenti,1,static
8044698,1,1,1,42,43,100,100,0,100,100,100,53,39,10,15,16,9,0,0,100,100,100,63,62,52,49,2,1,1787416471.1864269,G1,T01,sotto_banco_movimenti,1,static
8044898,1,1,1,69,61,100,100,0,100,100,100,100,44,7,10,12,6,0,0,100,100,100,62,63,54,49,2,1,1787416471.3780808,G1,T01,sotto_banco_movimenti,1,static
8045098,1,1,1,64,74,100,100,0,100,100,100,75,27,2,12,8,12,0,0,100,100,100,59,64,54,49,2,1,1787416471.585889,G1,T01,sotto_banco_movimenti,1,static
8045298,1,1,1,73,58,100,100,0,100,100,100,62,36,2,10,8,5,0,0,100,100,100,57,66,53,50,2,1,1787416471.777197,G1,T01,sotto_banco_movimenti,1,static
8045498,1,1,1,63,80,100,100,0,100,100,100,45,39,9,14,14,14,0,0,100,100,100,58,67,54,50,2,1,1787416471.9851007,G1,T01,sotto_banco_movimenti,1,static
8045698,1,1,1,53,58,100,100,0,100,100,100,86,25,18,16,17,14,0,0,100,100,100,59,65,53,50,2,1,1787416472.1774597,G1,T01,sotto_banco_movimenti,1,static
8045898,1,1,1,73,68,100,100,0,100,100,100,100,22,20,17,11,15,0,0,100,100,100,63,67,54,51,2,1,1787416472.3857641,G1,T01,sotto_banco_movimenti,1,static
8046098,1,1,1,56,69,100,100,0,100,100,100,52,28,10,9,10,5,0,0,100,100,100,65,69,57,53,2,1,1787416472.5781024,G1,T01,sotto_banco_movimenti,1,static
8046298,1,1,1,52,42,100,100,0,100,100,100,58,24,4,9,7,6,0,0,100,100,100,68,70,57,54,2,1,1787416472.785838,G1,T01,sotto_banco_movimenti,1,static
8046498,1,1,1,79,68,100,100,0,100,100,100,100,19,3,10,1,12,0,0,100,100,100,66,71,58,55,2,1,1787416472.9776602,G1,T01,sotto_banco_movimenti,1,static
8046698,1,1,1,58,50,100,100,0,100,100,100,41,27,24,22,15,18,0,0,100,100,100,68,75,60,58,2,1,1787416473.1853206,G1,T01,sotto_banco_movimenti,1,static
8046898,1,1,1,30,30,100,100,0,100,100,21,75,14,5,8,6,10,0,0,100,100,100,69,75,59,57,2,1,1787416473.3771822,G1,T01,sotto_banco_movimenti,1,static
8047098,1,1,1,63,65,100,100,0,100,100,100,26,15,21,11,16,12,0,0,100,100,100,70,77,60,58,2,1,1787416473.5846481,G1,T01,sotto_banco_movimenti,1,static
8047298,1,1,1,67,53,100,100,0,100,100,100,23,20,6,10,11,6,0,0,100,100,100,69,75,60,56,2,1,1787416473.776346,G1,T01,sotto_banco_movimenti,1,static
8047498,1,1,1,79,69,100,100,0,100,100,100,41,8,11,6,4,1,0,0,100,100,100,69,74,60,56,2,1,1787416473.9837182,G1,T01,sotto_banco_movimenti,1,static
8047698,1,1,1,59,72,100,100,0,100,100,100,73,33,10,13,12,11,0,0,100,100,100,72,73,61,56,3,1,1787416474.1754746,G1,T01,sotto_banco_movimenti,1,static
8047898,1,1,1,67,70,100,100,0,100,100,60,69,11,2,4,1,6,0,0,100,100,100,73,70,59,55,2,1,1787416474.3833642,G1,T01,sotto_banco_movimenti,1,static
8048098,1,1,1,30,30,100,100,0,100,100,100,27,4,9,10,6,1,0,0,100,100,100,75,71,60,56,2,1,1787416474.5787814,G1,T01,sotto_banco_movimenti,1,static
8048298,1,1,1,61,64,100,100,0,100,100,100,52,13,11,14,10,12,0,0,100,100,100,74,70,57,55,2,1,1787416474.7841196,G1,T01,sotto_banco_movimenti,1,static
8048498,1,1,1,50,45,100,100,0,100,100,100,24,32,10,23,17,14,0,0,100,100,100,73,72,60,56,2,1,1787416474.9765387,G1,T01,sotto_banco_movimenti,1,static
8048698,1,1,1,65,64,100,100,0,100,100,100,20,13,8,10,7,7,0,0,100,100,100,72,75,61,57,2,1,1787416475.1853378,G1,T01,sotto_banco_movimenti,1,static
8048898,1,1,1,50,66,100,100,0,100,100,100,36,21,18,20,18,14,0,0,100,100,100,75,76,63,58,2,1,1787416475.3769252,G1,T01,sotto_banco_movimenti,1,static
8049098,1,1,1,70,46,100,100,0,100,100,100,36,1,5,4,5,4,0,0,100,100,100,77,76,64,58,2,1,1787416475.584773,G1,T01,sotto_banco_movimenti,1,static
8049298,1,1,1,73,71,100,100,0,100,100,78,20,13,13,8,8,7,0,0,100,100,100,80,75,66,58,2,1,1787416475.777228,G1,T01,sotto_banco_movimenti,1,static
8049498,1,1,1,43,30,100,100,0,100,100,100,16,13,12,11,9,8,0,0,100,100,100,86,75,69,59,2,1,1787416475.9857361,G1,T01,sotto_banco_movimenti,1,static
8049698,1,1,1,66,52,100,100,0,100,100,92,12,17,16,7,13,5,0,0,100,100,100,90,75,72,59,2,1,1787416476.1756613,G1,T01,sotto_banco_movimenti,1,static
8049898,1,1,1,30,51,100,100,0,100,100,100,12,25,21,12,15,11,0,0,100,100,100,91,75,76,60,2,1,1787416476.3831143,G1,T01,sotto_banco_movimenti,1,static
8050098,1,1,1,68,48,100,100,0,100,100,100,49,13,15,9,11,13,0,0,100,100,100,94,75,75,60,2,1,1787416476.579958,G1,T01,sotto_banco_movimenti,1,static
8050298,1,1,1,45,57,100,100,0,100,100,100,33,8,17,13,10,10,0,0,100,100,100,92,76,74,60,2,1,1787416476.7833536,G1,T01,sotto_banco_movimenti,1,static
8050498,1,1,1,75,58,100,100,0,100,100,100,33,30,17,6,12,11,0,0,100,100,100,97,76,76,61,3,1,1787416476.9755363,G1,T01,sotto_banco_movimenti,1,static
8050698,1,1,1,68,60,100,100,0,100,100,100,69,16,12,5,8,2,0,0,100,100,100,95,72,74,58,2,1,1787416477.1832435,G1,T01,sotto_banco_movimenti,1,static
8050898,1,1,1,62,53,100,100,1,100,100,100,74,34,18,11,12,9,0,0,100,100,100,96,72,75,58,2,1,1787416477.3756173,G1,T01,sotto_banco_movimenti,1,static
8051098,1,1,1,51,42,100,100,1,100,100,100,54,15,21,11,12,14,0,0,100,100,100,97,72,75,60,3,1,1787416477.5839918,G1,T01,sotto_banco_movimenti,1,static
8051298,1,1,1,46,79,100,100,1,100,100,100,35,17,9,1,10,7,0,0,100,100,100,100,72,75,60,3,1,1787416477.7754064,G1,T01,sotto_banco_movimenti,1,static
8051498,1,1,1,30,58,100,100,1,100,100,100,58,23,10,11,4,5,0,0,100,100,100,100,73,75,60,3,1,1787416477.9834054,G1,T01,sotto_banco_movimenti,1,static
8051698,1,1,1,42,75,100,100,1,100,100,100,23,7,10,9,9,7,0,0,100,100,100,99,73,75,60,3,1,1787416478.1751769,G1,T01,sotto_banco_movimenti,1,static
8051898,1,1,1,70,67,100,100,1,100,100,100,27,7,8,9,6,6,0,0,100,100,100,97,71,73,58,2,1,1787416478.3832414,G1,T01,sotto_banco_movimenti,1,static
8052098,1,1,1,59,65,100,100,1,100,100,100,36,26,10,10,12,7,0,0,100,100,100,100,72,75,59,3,1,1787416478.5831838,G1,T01,sotto_banco_movimenti,1,static
8052298,1,1,1,30,63,100,100,1,100,100,73,13,3,7,8,7,7,0,0,100,100,100,100,74,77,59,3,1,1787416478.7830205,G1,T01,sotto_banco_movimenti,1,static
8052498,1,1,1,51,42,100,100,1,100,100,100,35,23,15,11,10,9,0,0,100,100,100,100,71,75,58,3,1,1787416478.9766104,G1,T01,sotto_banco_movimenti,1,static
8052698,1,1,1,73,69,100,100,1,100,100,100,20,11,5,5,6,3,0,0,100,100,100,100,67,73,56,3,1,1787416479.1844747,G1,T01,sotto_banco_movimenti,1,static
8052898,1,0,1,0,67,0,100,1,33,49,30,9,8,7,5,2,4,0,0,100,100,100,100,65,69,54,2,1,1787416479.376381,G1,T01,sotto_banco_movimenti,1,static
8053098,1,1,1,76,76,100,100,1,100,100,100,28,16,8,6,4,4,0,0,100,100,100,100,64,68,54,3,1,1787416479.5841742,G1,T01,sotto_banco_movimenti,1,static
8053298,1,1,1,66,67,100,100,1,100,100,49,16,6,5,8,6,6,0,0,100,100,100,100,62,65,53,2,1,1787416479.7759237,G1,T01,sotto_banco_movimenti,1,static
8053498,1,1,1,60,30,100,100,1,100,100,54,11,3,3,4,3,3,0,0,100,100,100,100,61,61,52,3,1,1787416479.9843097,G1,T01,sotto_banco_movimenti,1,static
8053698,1,1,1,70,75,100,100,1,100,100,62,9,5,12,2,2,2,0,0,100,100,100,100,60,57,51,2,1,1787416480.1759923,G1,T01,sotto_banco_movimenti,1,static
8053898,1,1,1,38,62,100,100,1,100,100,26,9,10,6,2,4,3,0,0,100,100,100,96,56,50,47,3,1,1787416480.3833387,G1,T01,sotto_banco_movimenti,1,static
8054098,1,1,1,45,72,100,100,1,100,100,30,13,9,2,3,3,5,0,0,100,100,100,93,53,48,44,3,1,1787416480.583335,G1,T01,sotto_banco_movimenti,1,static
8054298,1,1,1,39,30,100,100,0,100,100,35,11,8,8,8,5,7,0,0,100,100,100,93,51,49,43,3,1,1787416480.783626,G1,T01,sotto_banco_movimenti,1,static
8054498,1,1,1,30,45,100,100,0,100,100,33,9,8,7,8,7,8,0,0,100,100,100,91,50,47,42,3,1,1787416480.973454,G1,T01,sotto_banco_movimenti,1,static
8054698,1,1,1,30,30,100,100,0,100,100,25,20,14,11,9,7,1,0,0,100,100,100,93,50,47,42,3,1,1787416481.1814198,G1,T01,sotto_banco_movimenti,1,static
8054898,1,1,1,47,30,100,100,0,100,100,31,13,3,4,5,2,3,0,0,100,100,100,94,51,47,42,3,1,1787416481.3893347,G1,T01,sotto_banco_movimenti,1,static
8055098,1,1,1,76,30,100,100,0,84,100,100,15,1,8,9,3,2,0,0,100,100,100,92,50,45,39,3,1,1787416481.5846708,G1,T01,sotto_banco_movimenti,1,static
8055298,1,1,1,30,78,100,100,0,100,100,27,13,10,9,7,9,8,0,0,100,100,100,91,52,45,39,3,1,1787416481.7889504,G1,T01,sotto_banco_movimenti,1,static
8055498,1,1,1,66,30,100,100,0,100,100,42,30,34,12,10,7,3,0,0,100,100,100,88,49,42,37,3,1,1787416481.9814644,G1,T01,sotto_banco_movimenti,1,static
8055698,1,1,1,57,30,100,100,0,100,100,66,16,10,8,6,7,6,0,0,100,100,100,86,47,40,35,3,1,1787416482.1883388,G1,T01,sotto_banco_movimenti,1,static
8055898,1,0,1,0,49,0,100,0,18,36,21,12,7,4,7,1,5,0,0,100,100,100,84,46,39,35,2,1,1787416482.3786156,G1,T01,sotto_banco_movimenti,1,static
8056098,1,1,1,45,67,100,100,0,100,100,100,46,21,9,6,2,1,0,0,100,100,100,81,44,36,33,3,1,1787416482.58938,G1,T01,sotto_banco_movimenti,1,static
8056298,1,1,1,65,45,100,100,0,100,100,89,25,14,13,8,3,4,0,0,100,100,100,83,40,33,31,3,1,1787416482.7793703,G1,T01,sotto_banco_movimenti,1,static
8056498,1,1,1,70,53,100,100,0,100,100,73,48,15,8,6,11,7,0,0,100,100,100,81,39,32,30,3,1,1787416482.987403,G1,T01,sotto_banco_movimenti,1,static
8056698,1,1,1,59,52,100,100,0,100,100,100,51,19,24,12,16,9,0,0,100,100,100,83,39,34,31,2,1,1787416483.178844,G1,T01,sotto_banco_movimenti,1,static
8056898,1,1,1,70,46,100,100,0,100,100,100,46,8,9,3,5,7,0,0,100,100,100,82,37,34,29,3,1,1787416483.3868499,G1,T01,sotto_banco_movimenti,1,static
8057098,1,1,1,55,71,100,100,0,100,100,100,27,25,4,8,10,9,0,0,100,100,100,81,37,35,29,3,1,1787416483.5768054,G1,T01,sotto_banco_movimenti,1,static
8057298,1,1,1,56,60,100,100,0,100,100,100,32,13,10,12,7,9,0,0,100,100,100,82,38,36,31,3,1,1787416483.7857215,G1,T01,sotto_banco_movimenti,1,static
8057498,1,1,1,30,56,100,100,0,100,100,63,2,8,5,8,6,2,0,0,100,100,100,84,41,39,33,2,1,1787416483.9773853,G1,T01,sotto_banco_movimenti,1,static
8057698,1,1,1,71,30,100,100,0,100,100,100,27,18,10,10,11,11,0,0,100,100,100,83,43,41,35,3,1,1787416484.1853187,G1,T01,sotto_banco_movimenti,1,static
8057898,1,1,1,30,68,100,100,0,100,100,100,43,10,9,10,2,6,0,0,100,100,100,80,45,42,36,3,1,1787416484.3760817,G1,T01,sotto_banco_movimenti,1,static
8058098,1,1,1,46,62,100,100,0,100,100,100,32,8,18,14,14,11,0,0,100,100,100,80,48,45,39,2,1,1787416484.5837054,G1,T01,sotto_banco_movimenti,1,static
8058298,1,1,1,67,69,100,100,0,100,100,100,36,29,6,13,10,14,0,0,100,100,100,80,52,48,42,2,1,1787416484.7761483,G1,T01,sotto_banco_movimenti,1,static
8058498,1,1,1,78,58,100,100,0,100,100,100,32,20,6,5,2,4,0,0,100,100,100,78,54,49,44,2,1,1787416484.9845033,G1,T01,sotto_banco_movimenti,1,static
8058698,1,1,1,45,53,100,100,0,100,100,100,41,35,13,18,16,17,0,0,100,100,100,77,55,50,44,2,1,1787416485.1901274,G1,T01,sotto_banco_movimenti,1,static
8058898,1,1,1,62,41,100,100,0,100,100,100,41,14,13,11,12,6,0,0,100,100,100,74,55,51,46,2,1,1787416485.3820653,G1,T01,sotto_banco_movimenti,1,static
8059098,1,1,1,53,48,100,100,0,100,100,100,20,15,2,7,4,5,0,0,100,100,100,72,52,50,46,2,1,1787416485.589682,G1,T01,sotto_banco_movimenti,1,static
8059298,1,1,1,58,73,100,100,0,100,100,100,20,18,10,4,4,6,0,0,100,100,100,70,50,49,46,2,1,1787416485.781528,G1,T01,sotto_banco_movimenti,1,static
8059498,1,1,1,41,71,100,100,0,100,100,45,34,23,3,8,8,4,0,0,100,100,100,71,52,50,48,2,1,1787416485.9896424,G1,T01,sotto_banco_movimenti,1,static
8059698,1,1,1,65,54,100,100,1,100,100,100,23,5,7,3,9,1,0,0,100,100,100,73,54,52,50,2,1,1787416486.1816201,G1,T01,sotto_banco_movimenti,1,static
8059898,1,1,1,65,73,100,100,1,100,100,100,45,1,9,3,1,4,0,0,100,100,100,78,56,54,52,2,1,1787416486.3895748,G1,T01,sotto_banco_movimenti,1,static
8060098,1,1,1,69,63,100,100,1,100,100,100,35,16,11,5,7,3,0,0,100,100,100,78,57,55,52,2,1,1787416486.5813224,G1,T01,sotto_banco_movimenti,1,static
8060298,1,1,1,30,70,100,100,1,100,100,100,59,16,12,7,8,7,0,0,100,100,100,74,57,55,51,2,1,1787416486.7889228,G1,T01,sotto_banco_movimenti,1,static
8060498,1,1,1,56,60,100,100,1,100,100,100,22,7,7,3,6,4,0,0,100,100,100,76,58,57,52,2,1,1787416486.9877372,G1,T01,sotto_banco_movimenti,1,static
8060698,1,1,1,30,65,100,100,1,100,100,100,14,12,12,13,10,12,0,0,100,100,100,75,58,56,51,2,1,1787416487.1851609,G1,T01,sotto_banco_movimenti,1,static
8060898,1,1,1,69,64,100,100,1,100,100,100,16,10,14,7,4,6,0,0,100,100,100,73,60,57,52,2,1,1787416487.375665,G1,T01,sotto_banco_movimenti,1,static
8061098,1,1,1,75,100,100,100,1,100,100,100,64,5,8,2,10,3,0,0,100,100,100,72,60,57,52,2,1,1787416487.5829215,G1,T01,sotto_banco_movimenti,1,static
8061298,1,1,1,46,49,100,100,1,100,100,72,32,14,9,8,5,7,0,0,100,100,100,71,60,56,51,2,1,1787416487.7889626,G1,T01,sotto_banco_movimenti,1,static
8061498,1,1,1,30,46,100,100,1,100,100,100,13,13,11,5,6,1,0,0,100,100,100,70,58,55,49,2,1,1787416487.9893587,G1,T01,sotto_banco_movimenti,1,static
8061698,1,1,1,41,30,100,100,1,100,100,61,6,4,9,3,3,2,0,0,100,100,100,71,56,53,47,2,1,1787416488.1892757,G1,T01,sotto_banco_movimenti,1,static
8061898,1,1,1,30,50,100,100,1,100,100,88,14,4,1,4,6,1,0,0,100,100,100,73,55,51,45,2,1,1787416488.389463,G1,T01,sotto_banco_movimenti,1,static
8062098,1,1,1,75,62,100,100,1,100,100,100,20,7,14,11,9,8,0,0,100,100,100,72,54,51,45,2,1,1787416488.5892174,G1,T01,sotto_banco_movimenti,1,static
8062298,1,1,1,75,56,100,100,1,72,100,76,11,6,6,7,4,5,0,0,100,100,100,72,50,49,42,2,1,1787416488.7891665,G1,T01,sotto_banco_movimenti,1,static
8062498,1,1,1,59,63,100,100,1,100,100,53,12,11,9,7,9,11,0,0,100,100,100,72,48,47,40,2,1,1787416488.989147,G1,T01,sotto_banco_movimenti,1,static
8062698,1,1,1,65,43,100,100,1,82,100,44,2,8,2,7,3,8,0,0,100,100,100,70,47,46,39,2,1,1787416489.1893501,G1,T01,sotto_banco_movimenti,1,static
8062898,1,1,1,70,30,100,100,1,100,100,72,12,8,9,6,10,12,0,0,100,100,100,69,45,44,37,3,1,1787416489.389201,G1,T01,sotto_banco_movimenti,1,static
8063098,1,1,1,47,54,100,100,1,100,100,77,16,11,7,8,8,2,0,0,100,100,96,71,45,45,37,3,1,1787416489.589359,G1,T01,sotto_banco_movimenti,1,static
8063298,1,1,1,60,77,100,100,0,100,100,100,12,8,9,5,7,2,0,0,100,100,91,72,44,46,37,2,1,1787416489.7891858,G1,T01,sotto_banco_movimenti,1,static
8063498,1,1,1,65,59,100,100,0,90,100,56,4,4,7,7,7,2,0,0,100,100,87,71,43,45,35,2,1,1787416489.9892545,G1,T01,sotto_banco_movimenti,1,static
8063698,1,1,1,76,62,100,100,0,32,100,38,3,6,1,4,7,3,0,0,100,100,84,70,41,43,33,2,1,1787416490.189208,G1,T01,sotto_banco_movimenti,1,static
8063898,1,1,1,59,30,100,100,0,100,100,27,9,12,10,9,4,6,0,0,100,100,81,65,39,40,31,2,1,1787416490.389175,G1,T01,sotto_banco_movimenti,1,static
8064098,1,1,1,76,75,100,100,0,48,100,82,5,9,6,8,4,11,0,0,100,100,78,66,41,41,31,2,1,1787416490.5893033,G1,T01,sotto_banco_movimenti,1,static
8064298,1,1,1,63,73,100,100,0,100,100,38,11,7,8,8,8,7,0,0,100,100,77,67,43,42,32,3,1,1787416490.7891257,G1,T01,sotto_banco_movimenti,1,static
8064498,1,1,1,46,62,100,100,0,92,100,3,19,3,3,7,6,5,0,0,100,100,76,64,44,41,32,2,1,1787416490.9891987,G1,T01,sotto_banco_movimenti,1,static
8064698,1,1,1,30,45,100,100,0,100,100,63,10,3,11,6,9,2,0,0,100,100,75,59,43,39,31,3,1,1787416491.189315,G1,T01,sotto_banco_movimenti,1,static
8064898,1,1,1,79,63,100,100,0,25,100,100,32,10,7,6,7,11,0,0,100,100,72,59,44,39,32,3,1,1787416491.3894498,G1,T01,sotto_banco_movimenti,1,static
8065098,1,1,1,60,62,100,100,0,100,100,100,2,13,9,5,2,3,0,0,100,100,78,57,43,36,31,3,1,1787416491.589441,G1,T01,sotto_banco_movimenti,1,static
8065298,1,1,1,67,62,100,100,0,100,100,100,8,5,7,8,2,4,0,0,100,100,76,53,41,35,30,2,1,1787416491.7843046,G1,T01,sotto_banco_movimenti,1,static
8065498,1,1,1,68,81,100,100,0,100,100,93,24,17,6,9,6,4,0,0,100,100,79,49,40,34,29,2,1,1787416491.9881315,G1,T01,sotto_banco_movimenti,1,static
8065698,1,1,1,83,30,100,100,0,20,100,100,20,8,5,8,5,4,0,0,100,100,79,46,39,32,28,2,1,1787416492.1794565,G1,T01,sotto_banco_movimenti,1,static
8065898,1,1,1,30,50,100,100,0,100,100,69,10,22,7,10,7,9,0,0,100,100,82,45,39,33,28,3,1,1787416492.3865376,G1,T01,sotto_banco_movimenti,1,static
8066098,1,1,1,63,52,100,100,0,100,100,100,60,12,14,7,5,6,0,0,100,100,80,45,39,31,28,3,1,1787416492.5784504,G1,T01,sotto_banco_movimenti,1,static
8066298,1,1,1,69,65,100,100,0,100,100,100,35,17,11,5,7,5,0,0,100,100,81,46,39,30,27,3,1,1787416492.7863204,G1,T01,sotto_banco_movimenti,1,static
8066498,1,1,1,30,81,100,100,0,100,100,100,100,7,8,6,5,12,0,0,100,100,81,48,40,31,29,3,1,1787416492.9787338,G1,T01,sotto_banco_movimenti,1,static
8066698,1,1,1,76,71,100,100,0,100,100,100,47,24,13,15,4,6,0,0,100,100,85,50,42,33,30,3,1,1787416493.1866868,G1,T01,sotto_banco_movimenti,1,static
8066898,1,1,1,72,66,100,100,0,100,100,100,43,17,15,12,13,11,0,0,100,100,88,53,44,35,31,3,1,1787416493.3780677,G1,T01,sotto_banco_movimenti,1,static
8067098,1,1,1,69,61,100,100,0,100,100,100,43,26,10,5,4,6,0,0,100,100,92,52,44,34,30,3,1,1787416493.5858455,G1,T01,sotto_banco_movimenti,1,static
8067298,1,1,1,65,62,100,100,0,100,100,100,98,33,12,16,13,10,0,0,100,100,96,52,46,35,31,3,1,1787416493.7781568,G1,T01,sotto_banco_movimenti,1,static
8067498,1,1,1,46,62,100,100,0,100,100,100,35,32,9,26,18,13,0,0,100,100,100,53,51,39,33,2,1,1787416493.9862983,G1,T01,sotto_banco_movimenti,1,static
8067698,1,1,1,30,56,100,100,0,100,100,84,28,12,9,4,7,4,0,0,100,100,100,54,54,41,34,3,1,1787416494.1788075,G1,T01,sotto_banco_movimenti,1,static
8067898,1,1,1,42,47,100,100,0,100,100,100,28,9,44,21,23,22,0,0,100,100,100,63,57,46,40,3,1,1787416494.3871121,G1,T01,sotto_banco_movimenti,1,static
8068098,1,1,1,81,59,100,100,0,68,100,100,49,26,1,3,6,6,0,0,100,100,100,61,55,46,40,3,1,1787416494.5789943,G1,T01,sotto_banco_movimenti,1,static
8068298,1,1,1,63,65,100,100,0,100,100,100,31,16,6,20,15,11,0,0,100,100,100,59,54,45,40,3,1,1787416494.7877567,G1,T01,sotto_banco_movimenti,1,static
8068498,1,1,1,75,68,100,100,0,100,100,100,39,19,5,13,7,11,0,0,100,100,100,59,52,44,39,3,1,1787416494.9788663,G1,T01,sotto_banco_movimenti,1,static
8068698,1,1,1,60,65,100,100,1,100,100,100,24,12,28,11,13,11,0,0,100,100,100,64,53,45,41,3,1,1787416495.186575,G1,T01,sotto_banco_movimenti,1,static
8068898,1,1,1,63,30,100,100,1,100,100,100,51,6,9,10,10,10,0,0,100,100,100,65,51,45,40,3,1,1787416495.3789592,G1,T01,sotto_banco_movimenti,1,static
8069098,1,1,1,49,74,100,100,1,100,100,100,51,37,11,10,1,4,0,0,100,100,100,69,54,48,42,3,1,1787416495.5868301,G1,T01,sotto_banco_movimenti,1,static
8069298,1,1,1,77,71,100,100,1,100,100,100,44,19,1,10,7,5,0,0,100,100,100,71,56,50,43,3,1,1787416495.7791018,G1,T01,sotto_banco_movimenti,1,static
8069498,1,1,1,69,69,100,100,1,100,100,100,39,14,11,12,11,11,0,0,100,100,100,72,57,50,44,3,1,1787416495.9865758,G1,T01,sotto_banco_movimenti,1,static
8069698,1,1,1,64,73,100,100,1,100,100,100,47,17,13,8,7,7,0,0,100,100,100,72,58,51,45,2,1,1787416496.1779504,G1,T01,sotto_banco_movimenti,1,static
8069898,1,1,1,30,65,100,100,1,100,100,100,30,14,17,5,10,8,0,0,100,100,100,76,61,53,47,3,1,1787416496.3848386,G1,T01,sotto_banco_movimenti,1,static
8070098,1,1,1,49,60,100,100,1,100,100,100,55,48,8,17,12,12,0,0,100,100,100,79,65,56,51,3,1,1787416496.576297,G1,T01,sotto_banco_movimenti,1,static
8070298,1,1,1,72,69,100,100,1,100,100,100,26,41,21,11,13,13,0,0,100,100,100,80,65,57,52,3,1,1787416496.7844496,G1,T01,sotto_banco_movimenti,1,static
8070498,1,1,1,60,73,100,100,1,100,100,100,42,25,16,6,14,9,0,0,100,100,100,81,67,61,54,3,1,1787416496.9777749,G1,T01,sotto_banco_movimenti,1,static
8070698,1,1,1,67,60,100,100,1,100,100,100,60,33,8,10,8,10,0,0,100,100,100,81,66,60,54,3,1,1787416497.1835172,G1,T01,sotto_banco_movimenti,1,static
8070898,1,1,1,64,69,100,100,1,100,100,100,57,23,16,16,10,11,0,0,100,100,100,80,66,58,53,3,1,1787416497.3754966,G1,T01,sotto_banco_movimenti,1,static
8071098,1,1,1,49,49,100,100,1,100,100,100,12,11,14,14,11,9,0,0,100,100,100,80,68,60,54,3,1,1787416497.5827909,G1,T01,sotto_banco_movimenti,1,static
8071298,1,1,1,60,80,100,100,1,100,100,100,21,20,10,12,11,11,0,0,100,100,100,80,67,60,54,3,1,1787416497.7751448,G1,T01,sotto_banco_movimenti,1,static
8071498,1,1,1,72,67,100,100,1,100,100,100,25,8,5,8,8,9,0,0,100,100,100,78,62,56,52,3,1,1787416497.982843,G1,T01,sotto_banco_movimenti,1,static
8071698,1,1,1,65,69,100,100,1,100,100,100,21,18,19,18,11,14,0,0,100,100,100,79,62,55,53,3,1,1787416498.190101,G1,T01,sotto_banco_movimenti,1,static
8071898,1,1,1,43,63,100,100,1,100,100,100,45,8,13,14,8,10,0,0,100,100,100,72,60,51,49,3,1,1787416498.3821008,G1,T01,sotto_banco_movimenti,1,static
8072098,1,1,1,72,62,100,100,1,100,100,100,22,12,27,14,16,13,0,0,100,100,100,77,63,53,51,3,1,1787416498.5889025,G1,T01,sotto_banco_movimenti,1,static
8072298,1,1,1,48,52,100,100,0,100,100,100,32,19,12,8,8,10,0,0,100,100,100,83,68,57,56,3,1,1787416498.7809255,G1,T01,sotto_banco_movimenti,1,static
8072498,1,1,1,41,63,100,100,0,100,100,100,35,34,16,11,13,12,0,0,100,100,100,87,70,61,59,3,1,1787416498.9892695,G1,T01,sotto_banco_movimenti,1,static
8072698,1,1,1,68,60,100,100,0,100,100,100,31,8,13,7,10,9,0,0,100,100,100,83,67,59,57,3,1,1787416499.180585,G1,T01,sotto_banco_movimenti,1,static
8072898,1,1,1,63,56,100,100,0,100,100,100,66,24,7,10,8,5,0,0,100,100,100,83,70,60,58,3,1,1787416499.388899,G1,T01,sotto_banco_movimenti,1,static
8073098,1,1,1,75,68,100,100,0,100,100,100,33,6,14,9,6,6,0,0,100,100,100,81,68,58,56,3,1,1787416499.5807595,G1,T01,sotto_banco_movimenti,1,static
8073298,1,1,1,66,77,100,100,0,100,100,100,21,20,18,12,16,11,0,0,100,100,100,84,69,59,57,3,1,1787416499.787908,G1,T01,sotto_banco_movimenti,1,static
8073498,1,1,1,75,67,100,100,0,100,100,100,11,15,10,8,9,9,0,0,100,100,100,86,72,62,59,3,1,1787416499.979566,G1,T01,sotto_banco_movimenti,1,static
8073698,1,1,1,73,75,100,100,0,100,100,100,100,34,20,23,17,18,0,0,100,100,100,89,76,64,62,3,1,1787416500.188476,G1,T01,sotto_banco_movimenti,1,static
8073898,1,1,1,71,69,100,100,0,100,100,100,61,32,15,23,22,15,0,0,100,100,100,86,76,64,61,3,1,1787416500.3798633,G1,T01,sotto_banco_movimenti,1,static
8074098,1,1,1,75,64,100,100,0,100,100,100,44,12,5,7,4,7,0,0,100,100,100,82,72,61,58,3,1,1787416500.5866516,G1,T01,sotto_banco_movimenti,1,static
8074298,1,1,1,59,72,100,100,0,100,100,100,30,16,11,12,4,10,0,0,100,100,100,80,72,59,58,3,1,1787416500.7784314,G1,T01,sotto_banco_movimenti,1,static
8074498,1,1,1,48,64,100,100,0,100,100,100,58,26,14,8,11,9,0,0,100,100,100,81,73,59,59,3,1,1787416500.9854233,G1,T01,sotto_banco_movimenti,1,static
8074698,1,1,1,63,45,100,100,0,100,100,100,45,19,30,24,20,19,0,0,100,100,100,84,76,61,60,3,1,1787416501.1765652,G1,T01,sotto_banco_movimenti,1,static
8074898,1,1,1,74,30,100,100,0,100,100,100,68,37,13,6,8,10,0,0,100,100,100,84,76,63,61,3,1,1787416501.3849826,G1,T01,sotto_banco_movimenti,1,static
8075098,1,1,1,72,74,100,100,0,100,100,100,26,23,12,7,4,5,0,0,100,100,100,84,72,60,59,3,1,1787416501.5759964,G1,T01,sotto_banco_movimenti,1,static
8075298,1,1,1,51,52,100,100,0,100,100,100,19,6,12,12,12,9,0,0,100,100,100,84,72,61,60,3,1,1787416501.784465,G1,T01,sotto_banco_movimenti,1,static
8075498,1,1,1,52,76,100,100,0,100,100,100,89,45,10,11,8,11,0,0,100,100,100,86,75,62,61,3,1,1787416501.9763336,G1,T01,sotto_banco_movimenti,1,static
8075698,1,1,1,57,52,100,100,0,100,100,100,23,6,9,11,11,9,0,0,100,100,100,84,74,64,61,3,1,1787416502.186089,G1,T01,sotto_banco_movimenti,1,static
8075898,1,1,1,65,66,100,100,0,100,100,100,28,35,3,14,11,8,0,0,100,100,100,81,74,63,60,3,1,1787416502.3770652,G1,T01,sotto_banco_movimenti,1,static
8076098,1,1,1,42,59,100,100,0,100,100,100,22,31,12,21,12,12,0,0,100,100,100,78,73,61,58,3,1,1787416502.584296,G1,T01,sotto_banco_movimenti,1,static
8076298,1,1,1,51,60,100,100,0,100,100,48,47,22,11,14,8,12,0,0,100,100,100,73,69,58,54,3,1,1787416502.777358,G1,T01,sotto_banco_movimenti,1,static
8076498,1,1,1,65,46,100,100,0,100,100,100,63,27,7,5,10,5,0,0,100,100,100,70,67,55,52,3,1,1787416502.9855049,G1,T01,sotto_banco_movimenti,1,static
8076698,1,1,1,48,71,100,100,0,100,100,100,33,36,13,14,12,11,0,0,100,100,100,70,70,56,53,3,1,1787416503.176695,G1,T01,sotto_banco_movimenti,1,static
8076898,1,1,1,70,73,100,100,0,100,100,100,93,28,17,12,13,6,0,0,100,100,100,70,68,55,52,3,1,1787416503.3838942,G1,T01,sotto_banco_movimenti,1,static
8077098,1,1,1,67,65,100,100,0,100,100,100,43,13,15,14,9,10,0,0,100,100,100,70,69,56,52,3,1,1787416503.575335,G1,T01,sotto_banco_movimenti,1,static
8077298,1,1,1,58,68,100,100,0,100,100,100,39,29,8,10,8,7,0,0,100,100,100,66,66,54,50,3,1,1787416503.783074,G1,T01,sotto_banco_movimenti,1,static
8077498,1,1,1,63,73,100,100,0,100,100,100,47,31,12,6,2,3,0,0,100,100,100,65,63,53,49,3,1,1787416503.989631,G1,T01,sotto_banco_movimenti,1,static
8077698,1,1,1,76,64,100,100,1,100,100,100,30,11,11,11,10,8,0,0,100,100,100,66,60,52,48,3,1,1787416504.180847,G1,T01,sotto_banco_movimenti,1,static
8077898,1,1,1,58,71,100,100,1,100,100,100,71,5,7,4,1,10,0,0,100,100,100,65,58,50,46,3,1,1787416504.3889694,G1,T01,sotto_banco_movimenti,1,static
8078098,1,1,1,58,48,100,100,1,100,100,100,19,5,6,9,9,7,0,0,100,100,100,67,58,49,46,3,1,1787416504.5813842,G1,T01,sotto_banco_movimenti,1,static
8078298,1,1,1,50,55,100,100,1,100,100,100,31,4,13,10,9,10,0,0,100,100,100,67,57,49,44,3,1,1787416504.7881382,G1,T01,sotto_banco_movimenti,1,static
8078498,1,1,1,30,74,100,100,1,100,100,88,28,23,14,7,11,10,0,0,100,100,100,64,55,47,41,3,1,1787416504.9795678,G1,T01,sotto_banco_movimenti,1,static
8078698,1,1,1,57,42,100,100,1,100,100,100,43,13,25,8,13,12,0,0,100,100,100,62,53,47,40,3,1,1787416505.1885176,G1,T01,sotto_banco_movimenti,1,static
8078898,1,1,1,30,63,100,100,1,100,100,100,47,10,18,15,8,6,0,0,100,100,100,65,55,48,41,3,1,1787416505.3798797,G1,T01,sotto_banco_movimenti,1,static
8079098,1,1,1,79,62,100,100,1,100,100,100,62,17,12,7,9,5,0,0,100,100,100,64,56,48,41,3,1,1787416505.5875175,G1,T01,sotto_banco_movimenti,1,static
8079298,1,1,1,69,54,100,100,1,100,100,100,71,9,11,10,8,6,0,0,100,100,100,64,56,47,40,3,1,1787416505.7797055,G1,T01,sotto_banco_movimenti,1,static
8079498,1,1,1,56,58,100,100,1,100,100,100,67,18,9,9,3,8,0,0,100,100,100,64,54,46,39,3,1,1787416505.9875896,G1,T01,sotto_banco_movimenti,1,static
8079698,1,1,1,60,138,100,100,1,100,100,100,15,1,10,4,6,7,0,0,100,100,100,65,53,45,38,3,1,1787416506.1796434,G1,T01,sotto_banco_movimenti,1,static
8079898,1,1,1,66,65,100,100,1,100,100,100,35,29,4,9,5,7,0,0,100,100,100,69,53,47,39,3,1,1787416506.3886352,G1,T01,sotto_banco_movimenti,1,static
8080098,1,1,1,55,60,100,100,1,100,100,100,35,20,13,8,9,6,0,0,100,100,100,69,51,46,39,3,1,1787416506.5806196,G1,T01,sotto_banco_movimenti,1,static
8080298,1,1,1,50,74,100,100,1,100,100,100,51,25,12,14,17,7,0,0,100,100,100,68,51,47,37,3,1,1787416506.788533,G1,T01,sotto_banco_movimenti,1,static
8080498,1,1,1,54,66,100,100,1,100,100,100,65,30,10,14,15,12,0,0,100,100,100,69,53,49,39,3,1,1787416506.9796748,G1,T01,sotto_banco_movimenti,1,static
8080698,1,1,1,56,60,100,100,1,100,100,100,58,26,14,15,11,14,0,0,100,100,100,70,53,50,39,3,1,1787416507.1870244,G1,T01,sotto_banco_movimenti,1,static
8080898,1,1,1,66,49,100,100,1,100,100,100,51,18,4,11,7,7,0,0,100,100,100,70,56,52,42,3,1,1787416507.378305,G1,T01,sotto_banco_movimenti,1,static
8081098,1,1,1,42,48,100,100,1,100,100,100,23,7,11,9,7,7,0,0,100,100,100,71,56,52,43,3,1,1787416507.585684,G1,T01,sotto_banco_movimenti,1,static
8081298,1,1,1,80,30,100,100,0,100,100,100,45,27,10,6,7,6,0,0,100,100,100,72,56,52,43,3,1,1787416507.7782323,G1,T01,sotto_banco_movimenti,1,static
8081498,1,1,1,55,50,100,100,0,100,100,100,8,8,19,15,14,10,0,0,100,100,100,73,57,53,43,3,1,1787416507.9859526,G1,T01,sotto_banco_movimenti,1,static
8081698,1,1,1,59,47,100,100,0,100,100,100,59,35,10,10,6,11,0,0,100,100,100,71,56,51,43,3,1,1787416508.1789932,G1,T01,sotto_banco_movimenti,1,static
8081898,1,1,1,72,51,100,100,0,100,100,100,37,29,10,14,6,11,0,0,100,100,100,71,57,52,43,3,1,1787416508.3865569,G1,T01,sotto_banco_movimenti,1,static
8082098,1,1,1,75,72,100,100,0,100,100,100,63,43,10,10,10,8,0,0,100,100,100,71,57,52,43,3,1,1787416508.5780146,G1,T01,sotto_banco_movimenti,1,static
8082298,1,1,1,69,48,100,100,0,100,100,100,78,17,16,8,8,9,0,0,100,100,100,71,58,53,44,3,1,1787416508.7859545,G1,T01,sotto_banco_movimenti,1,static
8082498,1,1,1,62,59,100,100,0,100,100,100,35,34,19,11,14,11,0,0,100,100,100,75,58,54,45,3,1,1787416508.9771464,G1,T01,sotto_banco_movimenti,1,static
8082698,1,1,1,62,59,100,100,0,100,100,100,26,12,15,15,15,14,0,0,100,100,100,76,59,54,46,3,1,1787416509.185926,G1,T01,sotto_banco_movimenti,1,static
8082898,1,1,1,57,64,100,100,0,100,100,100,100,31,6,2,7,1,0,0,100,100,100,71,55,50,43,3,1,1787416509.3775396,G1,T01,sotto_banco_movimenti,1,static
8083098,1,1,1,57,69,100,100,0,100,100,100,46,22,15,11,13,7,0,0,100,100,100,72,58,52,46,3,1,1787416509.583221,G1,T01,sotto_banco_movimenti,1,static
8083298,1,1,1,44,66,100,100,0,100,100,100,47,26,12,8,5,6,0,0,100,100,100,72,58,52,46,3,1,1787416509.7758236,G1,T01,sotto_banco_movimenti,1,static
8083498,1,1,1,56,73,100,100,0,100,100,100,52,31,6,14,15,9,0,0,100,100,100,72,59,53,46,3,1,1787416509.9835784,G1,T01,sotto_banco_movimenti,1,static
8083698,1,1,1,30,30,100,100,0,100,100,100,47,18,3,5,3,5,0,0,100,100,100,71,60,54,47,3,1,1787416510.175363,G1,T01,sotto_banco_movimenti,1,static
8083898,1,1,1,62,63,100,100,0,100,100,100,17,28,11,17,12,13,0,0,100,100,100,69,61,54,48,3,1,1787416510.3820572,G1,T01,sotto_banco_movimenti,1,static
8084098,1,1,1,55,72,100,100,0,100,100,100,43,12,19,14,7,10,0,0,100,100,100,70,61,55,48,3,1,1787416510.58942,G1,T01,sotto_banco_movimenti,1,static
8084298,1,1,1,39,69,100,100,0,100,100,100,30,11,18,10,5,10,0,0,100,100,100,73,62,54,49,3,1,1787416510.7797303,G1,T01,sotto_banco_movimenti,1,static
8084498,1,1,1,56,68,100,100,0,100,100,100,33,15,9,2,10,8,0,0,100,100,100,72,59,52,48,3,1,1787416510.9877183,G1,T01,sotto_banco_movimenti,1,static
8084698,1,1,1,51,72,100,100,0,100,100,100,48,26,5,1,8,4,0,0,100,100,100,69,56,50,45,3,1,1787416511.1792622,G1,T01,sotto_banco_movimenti,1,static
8084898,1,1,1,60,65,100,100,0,100,100,95,54,14,15,3,6,3,0,0,100,100,100,68,51,47,41,3,1,1787416511.3876948,G1,T01,sotto_banco_movimenti,1,static
8085098,1,1,1,59,73,100,100,0,100,100,100,49,13,21,15,11,13,0,0,100,100,100,68,52,47,41,3,1,1787416511.5791934,G1,T01,sotto_banco_movimenti,1,static
8085298,1,1,1,56,49,100,100,0,100,100,100,74,21,17,12,10,9,0,0,100,100,100,70,54,49,43,3,1,1787416511.7872403,G1,T01,sotto_banco_movimenti,1,static
8085498,1,1,1,70,48,100,100,0,100,100,81,20,15,8,6,3,4,0,0,100,100,100,72,54,50,44,3,1,1787416511.980409,G1,T01,sotto_banco_movimenti,1,static
8085698,1,1,1,45,77,100,100,0,100,100,100,35,30,14,8,11,11,0,0,100,100,100,72,55,51,44,3,1,1787416512.1870658,G1,T01,sotto_banco_movimenti,1,static
8085898,1,1,1,67,74,100,100,0,100,100,100,46,25,13,5,9,9,0,0,100,100,100,73,55,51,44,3,1,1787416512.3792415,G1,T01,sotto_banco_movimenti,1,static
8086098,1,1,1,74,53,100,100,0,100,100,100,42,20,12,3,9,6,0,0,100,100,100,73,54,51,44,3,1,1787416512.586591,G1,T01,sotto_banco_movimenti,1,static
8086298,1,1,1,78,76,100,100,0,100,100,100,47,20,10,9,2,7,0,0,100,100,100,72,53,50,43,3,1,1787416512.7792158,G1,T01,sotto_banco_movimenti,1,static
8086498,1,1,1,46,62,100,100,0,100,100,61,46,8,8,9,7,4,0,0,100,100,100,68,52,48,40,3,1,1787416512.9869719,G1,T01,sotto_banco_movimenti,1,static
8086698,1,1,1,67,79,100,100,0,100,100,100,28,16,25,12,11,9,0,0,100,100,100,66,49,46,39,3,1,1787416513.1780338,G1,T01,sotto_banco_movimenti,1,static
8086898,1,1,1,54,62,100,100,0,100,100,100,34,25,6,12,8,5,0,0,100,100,100,66,51,47,40,3,1,1787416513.3864229,G1,T01,sotto_banco_movimenti,1,static
8087098,1,1,1,76,78,100,100,0,100,100,100,17,11,7,8,6,8,0,0,100,100,100,67,48,44,37,3,1,1787416513.577534,G1,T01,sotto_banco_movimenti,1,static
8087298,1,1,1,58,73,100,100,0,100,100,100,61,21,18,20,16,12,0,0,100,100,100,70,52,47,41,3,1,1787416513.7848313,G1,T01,sotto_banco_movimenti,1,static
8087498,1,1,1,45,71,100,100,0,100,100,100,8,9,15,11,11,13,0,0,100,100,100,73,52,48,42,3,1,1787416513.976354,G1,T01,sotto_banco_movimenti,1,static
8087698,1,1,1,63,70,100,100,0,100,100,100,11,13,19,7,8,9,0,0,100,100,100,75,51,48,41,3,1,1787416514.1842084,G1,T01,sotto_banco_movimenti,1,static
8087898,1,1,1,71,55,100,100,0,100,100,100,94,28,10,11,11,12,0,0,100,100,100,75,49,48,40,3,1,1787416514.3913438,G1,T01,sotto_banco_movimenti,1,static
8088098,1,1,1,116,53,100,100,0,100,100,100,100,29,9,6,1,6,0,0,100,100,100,73,48,48,40,2,1,1787416514.5827339,G1,T01,sotto_banco_movimenti,1,static
8088298,1,1,1,73,75,100,100,0,100,100,100,38,10,8,7,7,5,0,0,100,100,100,71,47,47,39,3,1,1787416514.790007,G1,T01,sotto_banco_movimenti,1,static
8088498,1,1,1,50,49,100,100,0,100,100,100,25,12,14,11,12,11,0,0,100,100,100,72,48,47,39,3,1,1787416514.9819853,G1,T01,sotto_banco_movimenti,1,static
8088698,1,1,1,64,46,100,100,0,100,100,100,13,13,11,5,8,11,0,0,100,100,100,72,49,48,41,3,1,1787416515.1893237,G1,T01,sotto_banco_movimenti,1,static
8088898,1,1,1,61,67,100,100,0,100,100,100,63,26,3,5,2,4,0,0,100,100,100,73,51,50,42,3,1,1787416515.38028,G1,T01,sotto_banco_movimenti,1,static
8089098,1,1,1,72,75,100,100,0,100,100,100,22,23,4,7,5,5,0,0,100,100,100,73,50,49,42,3,1,1787416515.5878408,G1,T01,sotto_banco_movimenti,1,static
8089298,1,1,1,75,75,100,100,0,100,100,100,22,31,7,8,2,3,0,0,100,100,100,71,50,48,42,3,1,1787416515.7788732,G1,T01,sotto_banco_movimenti,1,static
8089498,1,1,1,68,75,100,100,0,100,100,100,17,11,16,14,11,6,0,0,100,100,100,67,49,46,40,3,1,1787416515.9871705,G1,T01,sotto_banco_movimenti,1,static
8089698,1,1,1,65,66,100,100,0,100,100,100,15,6,2,5,7,4,0,0,100,100,100,66,47,45,40,3,1,1787416516.1787863,G1,T01,sotto_banco_movimenti,1,static
8089898,1,1,1,30,76,100,100,0,100,100,100,47,12,11,13,12,12,0,0,100,100,100,65,47,46,39,3,1,1787416516.3873718,G1,T01,sotto_banco_movimenti,1,static
8090098,1,1,1,30,80,100,100,0,100,100,100,70,20,11,9,8,3,0,0,100,100,100,66,48,44,40,3,1,1787416516.5790386,G1,T01,sotto_banco_movimenti,1,static
8090298,1,1,1,65,42,100,100,0,100,100,100,56,14,10,9,11,7,0,0,100,100,100,65,48,45,40,3,1,1787416516.7867713,G1,T01,sotto_banco_movimenti,1,static
8090498,1,1,1,73,55,100,100,0,100,100,100,30,10,5,4,7,4,0,0,100,100,100,66,49,47,42,3,1,1787416516.9758313,G1,T01,sotto_banco_movimenti,1,static
8090698,1,1,1,61,66,100,100,1,100,100,100,50,11,5,9,8,8,0,0,100,100,100,64,50,47,41,3,1,1787416517.1833136,G1,T01,sotto_banco_movimenti,1,static
8090898,1,1,1,52,38,100,100,1,100,100,100,80,21,19,7,10,9,0,0,100,100,100,67,49,47,41,3,1,1787416517.390569,G1,T01,sotto_banco_movimenti,1,static
8091098,1,1,1,45,30,100,100,1,100,100,100,33,7,7,10,5,10,0,0,100,100,100,66,51,47,42,3,1,1787416517.5823002,G1,T01,sotto_banco_movimenti,1,static
8091298,1,1,1,54,50,100,100,1,100,100,100,37,7,13,14,10,12,0,0,100,100,100,65,48,45,40,3,1,1787416517.789855,G1,T01,sotto_banco_movimenti,1,static
8091498,1,1,1,59,58,100,100,1,100,100,100,14,7,11,12,9,6,0,0,100,100,100,63,47,43,38,3,1,1787416517.9810596,G1,T01,sotto_banco_movimenti,1,static
8091698,1,1,1,50,59,100,100,1,100,100,100,56,11,14,17,13,12,0,0,100,100,100,65,49,46,40,3,1,1787416518.1878338,G1,T01,sotto_banco_movimenti,1,static
8091898,1,1,1,76,46,100,100,1,88,100,100,20,16,5,6,3,2,0,0,100,100,100,65,49,44,39,3,1,1787416518.3795235,G1,T01,sotto_banco_movimenti,1,static
8092098,1,1,1,71,57,100,100,1,100,100,100,64,36,24,12,11,15,0,0,100,100,100,68,51,45,42,3,1,1787416518.5871766,G1,T01,sotto_banco_movimenti,1,static
8092298,1,1,1,59,59,100,100,1,100,100,100,60,13,16,14,14,13,0,0,100,100,100,68,52,47,42,3,1,1787416518.7789538,G1,T01,sotto_banco_movimenti,1,static
8092498,1,1,1,43,87,100,100,1,100,100,100,31,17,5,10,5,6,0,0,100,100,100,68,53,46,42,3,1,1787416518.9862833,G1,T01,sotto_banco_movimenti,1,static
8092698,1,1,1,30,72,100,100,1,100,100,61,43,17,8,8,9,5,0,0,100,100,100,67,52,44,41,3,1,1787416519.1775262,G1,T01,sotto_banco_movimenti,1,static
8092898,1,1,1,63,57,100,100,1,100,100,100,31,19,12,9,14,7,0,0,100,100,100,67,52,44,40,3,1,1787416519.385716,G1,T01,sotto_banco_movimenti,1,static
8093098,1,1,1,79,67,100,100,1,100,100,100,11,12,12,2,9,1,0,0,100,100,100,65,52,43,39,3,1,1787416519.577655,G1,T01,sotto_banco_movimenti,1,static
8093298,1,1,1,67,30,100,100,1,100,100,100,55,7,2,8,5,8,0,0,100,100,100,66,49,42,38,3,1,1787416519.7847114,G1,T01,sotto_banco_movimenti,1,static
8093498,1,1,1,53,78,100,100,1,100,100,100,83,8,10,10,8,7,0,0,100,100,100,65,50,43,37,3,1,1787416519.9763281,G1,T01,sotto_banco_movimenti,1,static
8093698,1,1,1,73,75,100,100,1,100,100,100,54,23,11,16,13,13,0,0,100,100,100,66,53,45,39,3,1,1787416520.1843793,G1,T01,sotto_banco_movimenti,1,static
8093898,1,1,1,67,30,100,100,1,100,100,100,58,31,11,13,8,6,0,0,100,100,100,67,53,45,39,3,1,1787416520.3912716,G1,T01,sotto_banco_movimenti,1,static
8094098,1,1,1,69,60,100,100,0,100,100,100,27,10,11,17,12,13,0,0,100,100,100,68,55,47,40,3,1,1787416520.5834599,G1,T01,sotto_banco_movimenti,1,static
8094298,1,1,1,76,60,100,100,0,100,100,100,52,8,17,8,9,7,0,0,100,100,100,69,54,45,40,3,1,1787416520.7755363,G1,T01,sotto_banco_movimenti,1,static
8094498,1,1,1,66,76,100,100,0,100,100,100,33,32,13,19,15,13,0,0,100,100,100,68,55,46,41,3,1,1787416520.983522,G1,T01,sotto_banco_movimenti,1,static
8094698,1,1,1,59,64,100,100,0,100,100,100,15,42,17,11,10,15,0,0,100,100,100,70,55,48,42,3,1,1787416521.1760542,G1,T01,sotto_banco_movimenti,1,static
8094898,1,1,1,65,83,100,100,0,100,100,100,40,32,10,12,8,9,0,0,100,100,100,66,55,47,41,3,1,1787416521.3845265,G1,T01,sotto_banco_movimenti,1,static
8095098,1,1,1,75,63,100,100,0,100,100,100,30,14,5,5,7,3,0,0,100,100,100,68,56,48,43,3,1,1787416521.57578,G1,T01,sotto_banco_movimenti,1,static
8095298,1,1,1,80,63,100,100,0,100,100,100,76,32,15,9,5,5,0,0,100,100,100,65,55,46,42,3,1,1787416521.7836237,G1,T01,sotto_banco_movimenti,1,static
8095498,1,1,1,82,30,100,100,0,38,100,100,40,18,15,2,3,2,0,0,100,100,100,68,55,45,42,3,1,1787416521.9902458,G1,T01,sotto_banco_movimenti,1,static
8095698,1,1,1,66,52,100,100,0,100,100,100,10,20,4,12,3,10,0,0,100,100,100,64,55,44,41,3,1,1787416522.1821117,G1,T01,sotto_banco_movimenti,1,static
8095898,1,1,1,68,73,100,100,0,100,100,100,28,27,4,10,8,5,0,0,100,100,100,63,54,44,41,3,1,1787416522.3891284,G1,T01,sotto_banco_movimenti,1,static
8096098,1,1,1,52,67,100,100,0,100,100,100,30,7,9,12,11,12,0,0,100,100,100,60,54,44,40,3,1,1787416522.5806696,G1,T01,sotto_banco_movimenti,1,static
8096298,1,1,1,59,56,100,100,0,100,100,100,26,14,10,10,12,13,0,0,100,100,100,62,56,46,40,3,1,1787416522.7867754,G1,T01,sotto_banco_movimenti,1,static
8096498,1,1,1,68,59,100,100,0,100,100,100,35,32,8,18,13,15,0,0,100,100,100,61,56,46,41,3,1,1787416522.9787102,G1,T01,sotto_banco_movimenti,1,static
8096698,1,1,1,43,67,100,100,0,100,100,100,38,26,12,12,11,7,0,0,100,100,100,63,57,48,41,3,1,1787416523.1869028,G1,T01,sotto_banco_movimenti,1,static
8096898,1,1,1,52,30,100,100,0,100,100,76,63,12,7,10,9,6,0,0,100,100,100,61,58,47,42,3,1,1787416523.3790238,G1,T01,sotto_banco_movimenti,1,static
8097098,1,1,1,75,46,100,100,0,100,100,100,33,11,11,11,8,9,0,0,100,100,100,62,61,49,44,3,1,1787416523.5867794,G1,T01,sotto_banco_movimenti,1,static
8097298,1,1,1,51,71,100,100,0,100,100,100,15,10,13,13,9,10,0,0,100,100,100,64,63,50,46,3,1,1787416523.7791157,G1,T01,sotto_banco_movimenti,1,static
8097498,1,1,1,62,45,100,100,0,100,100,100,48,8,7,14,12,10,0,0,100,100,100,63,63,50,46,3,1,1787416523.9869306,G1,T01,sotto_banco_movimenti,1,static
8097698,1,1,1,67,55,100,100,0,100,100,95,52,18,5,5,2,2,0,0,100,100,100,62,60,48,43,3,1,1787416524.1792068,G1,T01,sotto_banco_movimenti,1,static
8097898,1,1,1,58,65,100,100,0,100,100,100,40,22,22,12,9,10,0,0,100,100,100,64,59,47,43,3,1,1787416524.3862824,G1,T01,sotto_banco_movimenti,1,static
8098098,1,1,1,49,56,100,100,0,100,100,100,51,20,16,10,13,10,0,0,100,100,100,65,59,48,43,3,1,1787416524.5777483,G1,T01,sotto_banco_movimenti,1,static
8098298,1,1,1,30,63,100,100,0,100,100,100,16,18,8,12,12,13,0,0,100,100,100,63,61,48,44,3,1,1787416524.7867756,G1,T01,sotto_banco_movimenti,1,static
8098498,1,1,1,69,47,100,100,0,100,100,100,42,35,9,7,11,6,0,0,100,100,100,65,61,48,45,3,1,1787416524.9765577,G1,T01,sotto_banco_movimenti,1,static
8098698,1,1,1,41,75,100,100,0,100,100,100,50,26,15,18,17,16,0,0,100,100,100,64,62,49,45,3,1,1787416525.1842246,G1,T01,sotto_banco_movimenti,1,static
8098898,1,1,1,46,44,100,100,0,100,100,100,51,20,13,19,20,14,0,0,100,100,100,66,65,52,47,3,1,1787416525.3759308,G1,T01,sotto_banco_movimenti,1,static
8099098,1,1,1,60,47,100,100,0,100,100,48,13,14,10,3,5,1,0,0,100,100,100,71,66,53,49,3,1,1787416525.5829186,G1,T01,sotto_banco_movimenti,1,static
8099298,1,1,1,30,50,100,100,0,100,100,100,44,12,3,7,7,5,0,0,100,100,100,71,67,54,50,3,1,1787416525.7892394,G1,T01,sotto_banco_movimenti,1,static
8099498,1,1,1,65,55,100,100,0,100,100,100,14,15,15,5,9,3,0,0,100,100,100,69,67,54,49,3,1,1787416525.9811726,G1,T01,sotto_banco_movimenti,1,static
8099698,1,1,1,59,73,100,100,0,100,100,100,53,13,10,8,5,7,0,0,100,100,100,70,65,53,49,3,1,1787416526.1892018,G1,T01,sotto_banco_movimenti,1,static
8099898,1,1,1,76,45,100,100,0,100,100,100,29,11,8,9,6,8,0,0,100,100,100,72,66,53,50,3,1,1787416526.3819008,G1,T01,sotto_banco_movimenti,1,static
8100098,1,1,1,30,53,100,100,0,100,100,64,15,18,9,7,7,8,0,0,100,100,100,71,64,52,49,3,1,1787416526.589925,G1,T01,sotto_banco_movimenti,1,static
8100298,1,1,1,54,50,100,100,0,100,100,100,32,16,9,8,11,4,0,0,100,100,100,69,63,50,48,3,1,1787416526.7820945,G1,T01,sotto_banco_movimenti,1,static
8100498,1,1,1,53,53,100,100,0,100,100,100,37,23,11,12,11,8,0,0,100,100,100,71,63,50,48,3,1,1787416526.990002,G1,T01,sotto_banco_movimenti,1,static
8100698,1,1,1,71,69,100,100,0,100,100,100,100,28,17,12,13,7,0,0,100,100,100,70,62,50,48,3,1,1787416527.1824868,G1,T01,sotto_banco_movimenti,1,static
8100898,1,1,1,63,66,100,100,0,100,100,100,63,22,28,17,13,13,0,0,100,100,100,75,64,52,50,3,1,1787416527.3895912,G1,T01,sotto_banco_movimenti,1,static
8101098,1,1,1,53,68,100,100,0,100,100,100,39,31,17,10,9,11,0,0,100,100,100,76,61,52,48,2,1,1787416527.5815873,G1,T01,sotto_banco_movimenti,1,static
8101298,1,1,1,58,62,100,100,0,100,100,100,20,23,8,11,10,11,0,0,100,100,100,74,60,52,48,3,1,1787416527.7906191,G1,T01,sotto_banco_movimenti,1,static
8101498,1,1,1,30,69,100,100,0,100,100,91,60,27,13,11,10,8,0,0,100,100,100,74,59,50,47,3,1,1787416527.9816375,G1,T01,sotto_banco_movimenti,1,static
8101698,1,1,1,79,73,100,100,0,100,100,100,39,8,9,3,8,8,0,0,100,100,100,75,59,51,49,3,1,1787416528.1892667,G1,T01,sotto_banco_movimenti,1,static
8101898,1,1,1,46,55,100,100,0,100,100,100,76,35,13,14,8,8,0,0,100,100,100,74,61,52,49,3,1,1787416528.381507,G1,T01,sotto_banco_movimenti,1,static
8102098,1,1,1,66,73,100,100,1,100,100,100,57,32,10,13,14,12,0,0,100,100,100,73,60,51,48,3,1,1787416528.5895967,G1,T01,sotto_banco_movimenti,1,static
8102298,1,1,1,58,48,100,100,1,100,100,100,60,7,18,10,9,10,0,0,100,100,100,75,60,51,47,3,1,1787416528.7842238,G1,T01,sotto_banco_movimenti,1,static
8102498,1,1,1,40,65,100,100,1,100,100,100,44,9,7,10,5,8,0,0,100,100,100,73,59,50,46,3,1,1787416528.9902077,G1,T01,sotto_banco_movimenti,1,static
8102698,1,1,1,81,59,100,100,1,97,100,100,34,12,12,4,4,3,0,0,100,100,100,73,59,50,46,3,1,1787416529.1859682,G1,T01,sotto_banco_movimenti,1,static
8102898,1,1,1,62,66,100,100,1,100,100,52,14,24,2,9,9,2,0,0,100,100,100,71,57,47,44,3,1,1787416529.390955,G1,T01,sotto_banco_movimenti,1,static
8103098,1,1,1,70,70,100,100,1,100,100,100,11,31,10,8,7,11,0,0,100,100,100,66,55,47,42,3,1,1787416529.5886488,G1,T01,sotto_banco_movimenti,1,static
8103298,1,1,1,56,49,100,100,1,100,100,100,26,9,20,18,18,15,0,0,100,100,100,67,55,48,42,3,1,1787416529.790564,G1,T01,sotto_banco_movimenti,1,static
8103498,1,1,1,72,63,100,100,1,100,100,100,49,28,1,6,4,3,0,0,100,100,100,65,56,48,42,3,1,1787416529.9904878,G1,T01,sotto_banco_movimenti,1,static
8103698,1,1,1,56,69,100,100,1,100,100,100,44,35,15,10,7,6,0,0,100,100,100,66,57,49,42,3,1,1787416530.1900387,G1,T01,sotto_banco_movimenti,1,static
8103898,1,1,1,67,66,100,100,1,100,100,100,21,30,9,6,3,9,0,0,100,100,100,66,57,49,42,3,1,1787416530.39114,G1,T01,sotto_banco_movimenti,1,static
8104098,1,1,1,30,44,100,100,1,100,100,76,10,8,4,5,10,8,0,0,100,100,100,64,59,48,42,3,1,1787416530.58677,G1,T01,sotto_banco_movimenti,1,static
8104298,1,1,1,70,30,100,100,1,100,100,100,29,15,5,9,9,8,0,0,100,100,100,64,59,48,42,3,1,1787416530.778086,G1,T01,sotto_banco_movimenti,1,static
8104498,1,1,1,52,67,100,100,1,100,100,100,23,47,8,20,10,10,0,0,100,100,100,61,61,48,43,3,1,1787416530.9854033,G1,T01,sotto_banco_movimenti,1,static
8104698,1,1,1,78,60,100,100,1,100,100,100,52,7,2,6,7,1,0,0,100,100,100,60,62,48,44,3,1,1787416531.1770833,G1,T01,sotto_banco_movimenti,1,static
8104898,1,1,1,46,75,100,100,1,100,100,100,31,22,23,11,11,12,0,0,100,100,100,58,60,46,41,3,1,1787416531.3846235,G1,T01,sotto_banco_movimenti,1,static
8105098,1,1,1,79,73,100,100,1,62,100,100,44,15,21,9,10,11,0,0,100,100,100,59,60,46,42,3,1,1787416531.5769083,G1,T01,sotto_banco_movimenti,1,static
8105298,1,1,1,70,41,100,100,1,100,100,100,91,14,12,12,9,9,0,0,100,100,100,60,59,46,41,3,1,1787416531.7845962,G1,T01,sotto_banco_movimenti,1,static
8105498,1,1,1,49,69,100,100,1,100,100,82,97,23,9,11,6,4,0,0,100,100,100,60,59,46,41,3,1,1787416531.9762373,G1,T01,sotto_banco_movimenti,1,static
8105698,1,1,1,59,66,100,100,0,100,100,100,41,8,3,10,4,7,0,0,100,100,100,59,59,45,41,3,1,1787416532.1844862,G1,T01,sotto_banco_movimenti,1,static
8105898,1,1,1,49,59,100,100,0,100,100,100,91,41,12,20,10,9,0,0,100,100,100,57,61,45,41,3,1,1787416532.3759732,G1,T01,sotto_banco_movimenti,1,static
8106098,1,1,1,75,61,100,100,0,100,100,100,36,25,13,20,14,16,0,0,100,100,100,59,62,46,41,3,1,1787416532.5842774,G1,T01,sotto_banco_movimenti,1,static
8106298,1,1,1,50,73,100,100,0,100,100,100,61,21,15,12,13,10,0,0,100,100,100,59,62,46,41,3,1,1787416532.7767358,G1,T01,sotto_banco_movimenti,1,static
8106498,1,1,1,67,53,100,100,0,100,100,99,78,16,15,11,10,8,0,0,100,100,100,60,61,47,41,3,1,1787416532.9828997,G1,T01,sotto_banco_movimenti,1,static
8106698,1,1,1,30,52,100,100,0,100,100,43,6,12,12,6,4,6,0,0,100,100,100,60,60,45,41,2,1,1787416533.190617,G1,T01,sotto_banco_movimenti,1,static
8106898,1,1,1,30,30,100,100,0,100,100,100,37,18,11,15,8,14,0,0,100,100,100,64,62,47,43,2,1,1787416533.382107,G1,T01,sotto_banco_movimenti,1,static
8107098,1,1,1,63,52,100,100,0,100,100,100,37,17,20,6,11,8,0,0,100,100,100,66,63,47,44,3,1,1787416533.5890155,G1,T01,sotto_banco_movimenti,1,static
8107298,1,1,1,55,45,100,100,0,100,100,100,32,12,16,8,9,9,0,0,100,100,100,67,60,45,43,3,1,1787416533.7814972,G1,T01,sotto_banco_movimenti,1,static
8107498,1,1,1,59,62,100,100,0,100,100,100,66,27,16,10,6,10,0,0,100,100,100,70,61,46,44,3,1,1787416533.9895103,G1,T01,sotto_banco_movimenti,1,static
8107698,1,1,1,53,58,100,100,0,100,100,100,8,7,15,13,9,13,0,0,100,100,100,71,61,47,45,3,1,1787416534.1812265,G1,T01,sotto_banco_movimenti,1,static
8107898,1,1,1,76,54,100,100,0,100,100,100,46,16,14,13,6,9,0,0,100,100,100,72,61,48,44,3,1,1787416534.388424,G1,T01,sotto_banco_movimenti,1,static
8108098,1,1,1,70,83,100,100,0,100,100,100,79,29,7,12,8,9,0,0,100,100,100,74,59,48,44,2,1,1787416534.5804992,G1,T01,sotto_banco_movimenti,1,static
8108298,1,1,1,43,41,100,100,0,100,100,97,7,7,5,9,3,8,0,0,100,100,100,75,61,50,47,2,1,1787416534.788539,G1,T01,sotto_banco_movimenti,1,static
8108498,1,1,1,53,43,100,100,0,100,100,93,40,7,17,15,11,13,0,0,100,100,100,78,58,50,45,2,1,1787416534.9819903,G1,T01,sotto_banco_movimenti,1,static
8108698,1,1,1,41,30,100,100,0,100,100,100,45,9,18,10,16,11,0,0,100,100,100,82,59,53,47,2,1,1787416535.1884239,G1,T01,sotto_banco_movimenti,1,static
8108898,1,1,1,62,30,100,100,0,100,100,100,49,9,19,5,11,8,0,0,100,100,100,81,59,52,47,3,1,1787416535.3797753,G1,T01,sotto_banco_movimenti,1,static
8109098,1,1,1,54,75,100,100,0,100,100,100,36,11,7,10,5,8,0,0,100,100,100,78,60,52,47,2,1,1787416535.5880675,G1,T01,sotto_banco_movimenti,1,static
8109298,1,1,1,70,42,100,100,0,100,100,75,25,37,20,8,8,2,0,0,100,100,100,79,61,51,47,3,1,1787416535.7798634,G1,T01,sotto_banco_movimenti,1,static
8109498,1,1,1,48,76,100,100,0,100,100,100,36,7,10,6,7,9,0,0,100,100,100,80,62,52,47,3,1,1787416535.9885056,G1,T01,sotto_banco_movimenti,1,static
8109698,1,1,1,55,84,100,100,0,100,100,100,83,73,3,14,12,16,0,0,100,100,100,82,63,53,48,3,1,1787416536.1812408,G1,T01,sotto_banco_movimenti,1,static
8109898,1,1,1,52,45,100,100,0,100,100,100,61,23,11,4,10,4,0,0,100,100,100,84,61,54,48,3,1,1787416536.3896298,G1,T01,sotto_banco_movimenti,1,static
8110098,1,1,1,49,30,100,100,0,100,100,100,64,19,6,13,8,9,0,0,100,100,100,82,61,55,49,2,1,1787416536.5809674,G1,T01,sotto_banco_movimenti,1,static
8110298,1,1,1,51,60,100,100,0,100,100,100,33,15,5,13,12,15,0,0,100,100,100,82,63,55,51,2,1,1787416536.7886195,G1,T01,sotto_banco_movimenti,1,static
8110498,1,1,1,30,60,100,100,0,100,100,100,15,12,13,9,6,13,0,0,100,100,100,82,62,54,51,2,1,1787416536.9804068,G1,T01,sotto_banco_movimenti,1,static
8110698,1,1,1,54,60,100,100,0,100,100,100,51,21,14,13,18,10,0,0,100,100,100,81,63,55,50,2,1,1787416537.1875982,G1,T01,sotto_banco_movimenti,1,static
8110898,1,1,1,71,54,100,100,0,100,100,100,22,6,12,11,9,8,0,0,100,100,100,77,60,53,48,3,1,1787416537.381441,G1,T01,sotto_banco_movimenti,1,static
8111098,1,1,1,48,71,100,100,0,100,100,21,51,51,9,10,11,2,0,0,100,100,100,75,60,53,47,3,1,1787416537.588076,G1,T01,sotto_banco_movimenti,1,static
8111298,1,1,1,66,59,100,100,0,100,100,100,45,14,14,10,6,8,0,0,100,100,100,74,61,53,47,3,1,1787416537.7795308,G1,T01,sotto_banco_movimenti,1,static
8111498,1,1,1,64,30,100,100,0,100,100,100,35,18,20,15,15,11,0,0,100,100,100,77,62,54,47,2,1,1787416537.9874444,G1,T01,sotto_banco_movimenti,1,static
8111698,1,1,1,45,73,100,100,0,100,100,100,47,23,12,12,13,7,0,0,100,100,100,74,62,53,47,2,1,1787416538.1788454,G1,T01,sotto_banco_movimenti,1,static
8111898,1,1,1,49,58,100,100,0,100,100,100,100,20,8,12,4,10,0,0,100,100,100,72,63,54,48,2,1,1787416538.3864279,G1,T01,sotto_banco_movimenti,1,static
8112098,1,1,1,43,30,100,100,1,100,100,100,38,10,8,12,6,9,0,0,100,100,100,70,64,55,49,2,1,1787416538.5789125,G1,T01,sotto_banco_movimenti,1,static
8112298,1,1,1,39,30,100,100,1,100,100,100,28,12,12,18,16,12,0,0,100,100,100,71,65,56,49,2,1,1787416538.7869604,G1,T01,sotto_banco_movimenti,1,static
8112498,1,1,1,30,30,100,100,1,100,100,53,46,14,8,8,7,2,0,0,100,100,100,71,65,55,49,2,1,1787416538.9782138,G1,T01,sotto_banco_movimenti,1,static
8112698,1,1,1,65,54,100,100,1,100,100,100,17,13,6,10,6,6,0,0,100,100,100,68,64,53,48,2,1,1787416539.1852977,G1,T01,sotto_banco_movimenti,1,static
8112898,1,1,1,72,50,100,100,1,100,100,100,42,14,10,11,4,9,0,0,100,100,100,66,65,53,48,2,1,1787416539.3775077,G1,T01,sotto_banco_movimenti,1,static
8113098,1,1,1,61,80,100,100,1,100,100,100,19,5,9,8,3,6,0,0,100,100,100,66,63,53,47,3,1,1787416539.5856156,G1,T01,sotto_banco_movimenti,1,static
8113298,1,1,1,52,74,100,100,1,100,100,100,66,22,10,12,8,9,0,0,100,100,100,66,62,54,47,2,1,1787416539.778071,G1,T01,sotto_banco_movimenti,1,static
8113498,1,1,1,43,50,100,100,1,100,100,100,60,20,10,9,11,9,0,0,100,100,100,64,62,55,48,2,1,1787416539.9855542,G1,T01,sotto_banco_movimenti,1,static
8113698,1,1,1,73,43,100,100,1,100,100,100,74,28,14,2,3,4,0,0,100,100,100,64,60,53,47,2,1,1787416540.1773624,G1,T01,sotto_banco_movimenti,1,static
8113898,1,1,1,51,49,100,100,1,100,100,100,20,3,6,7,6,5,0,0,100,100,100,65,63,54,49,2,1,1787416540.385769,G1,T01,sotto_banco_movimenti,1,static
8114098,1,1,1,45,40,100,100,1,100,100,100,92,5,8,18,14,16,0,0,100,100,100,66,62,53,49,2,1,1787416540.5775776,G1,T01,sotto_banco_movimenti,1,static
8114298,1,1,1,75,52,100,100,1,100,100,100,43,16,4,9,4,6,0,0,100,100,100,64,59,51,46,2,1,1787416540.7860653,G1,T01,sotto_banco_movimenti,1,static
8114498,1,1,1,77,69,100,100,1,100,100,100,28,17,2,8,3,9,0,0,100,100,100,62,57,49,44,3,1,1787416540.97728,G1,T01,sotto_banco_movimenti,1,static
8114698,1,1,1,76,58,100,100,1,100,100,100,16,30,15,16,8,11,0,0,100,100,100,63,57,49,44,2,1,1787416541.1834323,G1,T01,sotto_banco_movimenti,1,static
8114898,1,1,1,66,49,100,100,1,100,100,100,29,45,15,12,12,11,0,0,100,100,100,65,59,50,45,3,1,1787416541.3914254,G1,T01,sotto_banco_movimenti,1,static
8115098,1,1,1,39,70,100,100,1,100,100,100,44,24,9,8,6,7,0,0,100,100,100,66,59,50,47,2,1,1787416541.5833442,G1,T01,sotto_banco_movimenti,1,static
8115298,1,1,1,69,30,100,100,1,100,100,100,94,31,16,8,11,12,0,0,100,100,100,65,62,52,48,2,1,1787416541.7908921,G1,T01,sotto_banco_movimenti,1,static
8115498,1,1,1,69,46,100,100,1,100,100,100,18,1,6,5,10,1,0,0,100,100,100,62,60,49,48,2,1,1787416541.982734,G1,T01,sotto_banco_movimenti,1,static
8115698,1,1,1,55,72,100,100,0,100,100,100,66,16,12,7,6,8,0,0,100,100,100,63,57,48,46,2,1,1787416542.1897094,G1,T01,sotto_banco_movimenti,1,static
8115898,1,1,1,75,75,100,100,0,100,100,100,21,11,14,10,10,5,0,0,100,100,100,64,55,46,44,2,1,1787416542.382379,G1,T01,sotto_banco_movimenti,1,static
8116098,1,1,1,48,116,100,100,0,100,100,100,31,16,15,5,7,7,0,0,100,100,100,66,53,46,44,2,1,1787416542.5908654,G1,T01,sotto_banco_movimenti,1,static
8116298,1,1,1,63,70,100,100,0,100,100,100,46,18,14,8,10,9,0,0,100,100,100,64,50,43,41,2,1,1787416542.7833586,G1,T01,sotto_banco_movimenti,1,static
8116498,1,1,1,49,58,100,100,0,100,100,100,46,9,14,9,3,4,0,0,100,100,100,65,50,43,41,3,1,1787416542.9910405,G1,T01,sotto_banco_movimenti,1,static
8116698,1,1,1,67,51,100,100,0,100,100,100,43,52,19,13,6,7,0,0,100,100,100,65,50,42,39,3,1,1787416543.1832156,G1,T01,sotto_banco_movimenti,1,static
8116898,1,1,1,75,65,100,100,0,100,100,100,65,14,9,11,9,8,0,0,100,100,100,66,49,42,39,2,1,1787416543.3914702,G1,T01,sotto_banco_movimenti,1,static
8117098,1,1,1,69,46,100,100,0,100,100,100,68,7,14,9,5,9,0,0,100,100,100,68,52,42,41,2,1,1787416543.5842361,G1,T01,sotto_banco_movimenti,1,static
8117298,1,1,1,60,71,100,100,0,100,100,100,57,24,16,17,15,16,0,0,100,100,100,69,53,44,43,2,1,1787416543.790332,G1,T01,sotto_banco_movimenti,1,static
8117498,1,1,1,60,42,100,100,0,100,100,79,64,32,11,9,11,10,0,0,100,100,100,71,52,43,43,2,1,1787416543.9821851,G1,T01,sotto_banco_movimenti,1,static
8117698,1,1,1,56,41,100,100,0,100,100,100,44,11,9,6,8,10,0,0,100,100,100,69,52,44,42,2,1,1787416544.1905916,G1,T01,sotto_banco_movimenti,1,static
8117898,1,1,1,82,62,100,100,0,100,100,100,61,19,11,5,4,1,0,0,100,100,100,66,47,40,38,2,1,1787416544.3821082,G1,T01,sotto_banco_movimenti,1,static
8118098,1,1,1,48,72,100,100,0,100,100,95,43,30,5,11,8,6,0,0,100,100,100,63,45,38,36,3,1,1787416544.5899863,G1,T01,sotto_banco_movimenti,1,static
8118298,1,1,1,64,43,100,100,0,100,100,100,12,25,10,11,6,11,0,0,100,100,100,67,49,42,39,3,1,1787416544.7821908,G1,T01,sotto_banco_movimenti,1,static
8118498,1,1,1,55,53,100,100,0,100,100,100,29,11,15,4,9,4,0,0,100,100,100,69,52,45,42,3,1,1787416544.9899287,G1,T01,sotto_banco_movimenti,1,static
8118698,1,1,1,76,30,100,100,0,100,100,100,28,13,8,8,4,6,0,0,100,100,100,68,49,45,40,3,1,1787416545.1824327,G1,T01,sotto_banco_movimenti,1,static
8118898,1,1,1,76,30,100,100,0,100,100,100,74,9,20,13,19,11,0,0,100,100,100,69,49,46,41,3,1,1787416545.390364,G1,T01,sotto_banco_movimenti,1,static
8119098,1,1,1,30,39,100,100,0,100,100,100,44,16,16,10,11,5,0,0,100,100,100,73,52,48,43,3,1,1787416545.5817354,G1,T01,sotto_banco_movimenti,1,static
8119298,1,1,1,60,52,100,100,0,100,100,100,50,13,7,6,3,9,0,0,100,100,100,75,50,47,42,3,1,1787416545.7909865,G1,T01,sotto_banco_movimenti,1,static
8119498,1,1,1,49,50,100,100,0,100,100,100,77,21,8,3,6,3,0,0,100,100,100,74,50,47,41,3,1,1787416545.9828837,G1,T01,sotto_banco_movimenti,1,static
8119698,1,1,1,56,72,100,100,0,100,100,100,30,4,20,11,12,7,0,0,100,100,100,77,50,48,41,3,1,1787416546.191116,G1,T01,sotto_banco_movimenti,1,static
8119898,1,1,1,65,30,100,100,0,100,100,100,44,12,11,6,10,6,0,0,100,100,100,76,50,48,41,3,1,1787416546.383174,G1,T01,sotto_banco_movimenti,1,static
8120098,1,1,1,55,59,100,100,0,100,100,100,18,5,15,4,10,6,0,0,100,100,100,78,50,49,42,3,1,1787416546.5906405,G1,T01,sotto_banco_movimenti,1,static
8120298,1,1,1,53,63,100,100,0,100,100,100,87,23,7,14,9,11,0,0,100,100,100,82,54,52,45,3,1,1787416546.7825475,G1,T01,sotto_banco_movimenti,1,static
8120498,1,1,1,43,65,100,100,0,100,100,100,48,22,12,11,8,6,0,0,100,100,100,80,54,51,44,3,1,1787416546.9898765,G1,T01,sotto_banco_movimenti,1,static
8120698,1,1,1,88,73,100,100,0,100,100,100,99,18,9,7,4,5,0,0,100,100,100,79,52,51,44,3,1,1787416547.1821778,G1,T01,sotto_banco_movimenti,1,static
8120898,1,1,1,66,62,100,100,0,100,100,100,38,16,14,11,12,10,0,0,100,100,100,81,52,53,44,3,1,1787416547.3894293,G1,T01,sotto_banco_movimenti,1,static
8121098,1,1,1,51,49,100,100,0,100,100,100,61,29,19,14,12,15,0,0,100,100,100,83,54,55,46,3,1,1787416547.5808098,G1,T01,sotto_banco_movimenti,1,static
8121298,1,1,1,56,55,100,100,0,100,100,100,54,19,11,12,10,9,0,0,100,100,100,81,54,53,44,3,1,1787416547.7889543,G1,T01,sotto_banco_movimenti,1,static
8121498,1,1,1,82,74,100,100,0,100,100,100,82,10,11,4,3,3,0,0,100,100,100,80,55,52,44,3,1,1787416547.9815168,G1,T01,sotto_banco_movimenti,1,static
8121698,1,1,1,57,72,100,100,0,100,100,100,55,18,11,16,6,10,0,0,100,100,100,82,58,54,46,3,1,1787416548.1889777,G1,T01,sotto_banco_movimenti,1,static
8121898,1,1,1,45,70,100,100,1,100,100,100,49,6,17,9,11,7,0,0,100,100,100,84,59,55,46,3,1,1787416548.3810222,G1,T01,sotto_banco_movimenti,1,static
8122098,1,1,1,72,68,100,100,1,100,100,100,59,37,11,10,12,10,0,0,100,100,100,85,59,57,47,3,1,1787416548.5882962,G1,T01,sotto_banco_movimenti,1,static
8122298,1,1,1,43,57,100,100,1,100,100,100,62,21,16,19,12,13,0,0,100,100,100,82,60,56,47,3,1,1787416548.7806735,G1,T01,sotto_banco_movimenti,1,static
8122498,1,1,1,51,46,100,100,1,100,100,99,49,10,8,10,8,11,0,0,100,100,100,82,59,54,46,3,1,1787416548.9891038,G1,T01,sotto_banco_movimenti,1,static
8122698,1,1,1,48,30,100,100,1,100,100,100,46,8,25,13,13,14,0,0,100,100,100,84,61,55,49,3,1,1787416549.1809134,G1,T01,sotto_banco_movimenti,1,static
8122898,1,1,1,39,60,100,100,1,100,100,100,15,9,9,10,8,6,0,0,100,100,100,82,61,55,48,3,1,1787416549.3884482,G1,T01,sotto_banco_movimenti,1,static
8123098,1,1,1,70,52,100,100,1,100,100,100,81,20,24,10,13,11,0,0,100,100,100,80,58,53,45,3,1,1787416549.5810719,G1,T01,sotto_banco_movimenti,1,static
8123298,1,1,1,54,50,100,100,1,100,100,100,20,9,9,9,9,4,0,0,100,100,100,77,57,52,44,3,1,1787416549.7875876,G1,T01,sotto_banco_movimenti,1,static
8123498,1,1,1,30,63,100,100,1,100,100,100,36,24,9,4,7,2,0,0,100,100,100,76,58,52,45,3,1,1787416549.9792747,G1,T01,sotto_banco_movimenti,1,static
8123698,1,1,1,73,30,100,100,1,100,100,100,18,18,5,6,2,4,0,0,100,100,100,74,59,52,45,3,1,1787416550.1876118,G1,T01,sotto_banco_movimenti,1,static
8123898,1,1,1,77,55,100,100,1,100,100,100,51,5,9,10,10,9,0,0,100,100,100,75,61,53,46,3,1,1787416550.3790705,G1,T01,sotto_banco_movimenti,1,static
8124098,1,1,1,67,64,100,100,1,100,100,100,27,29,4,3,9,4,0,0,100,100,100,70,62,53,47,3,1,1787416550.5871935,G1,T01,sotto_banco_movimenti,1,static
8124298,1,1,1,49,30,100,100,1,100,100,100,52,25,18,12,11,11,0,0,100,100,100,67,60,50,44,3,1,1787416550.7796247,G1,T01,sotto_banco_movimenti,1,static
8124498,1,1,1,56,66,100,100,1,100,100,66,39,14,15,13,11,12,0,0,100,100,100,67,60,51,45,3,1,1787416550.9880068,G1,T01,sotto_banco_movimenti,1,static
8124698,1,1,1,75,45,100,100,1,100,100,100,38,21,4,9,2,7,0,0,100,100,100,69,63,52,47,3,1,1787416551.1778321,G1,T01,sotto_banco_movimenti,1,static
8124898,1,1,1,30,60,100,100,1,100,100,100,40,13,7,12,5,9,0,0,100,100,100,70,66,52,49,3,1,1787416551.3856544,G1,T01,sotto_banco_movimenti,1,static
8125098,1,1,1,72,30,100,100,1,100,100,100,58,13,9,11,3,8,0,0,100,100,100,67,63,49,46,3,1,1787416551.5783908,G1,T01,sotto_banco_movimenti,1,static
8125298,1,1,1,30,61,100,100,0,100,100,100,64,10,7,6,2,8,0,0,100,100,100,70,65,52,48,3,1,1787416551.7866855,G1,T01,sotto_banco_movimenti,1,static
8125498,1,1,1,43,70,100,100,0,100,100,100,30,24,19,13,19,11,0,0,100,100,100,72,67,54,50,3,1,1787416551.978394,G1,T01,sotto_banco_movimenti,1,static
8125698,1,1,1,76,50,100,100,0,100,100,100,34,12,2,6,4,8,0,0,100,100,100,71,65,52,49,3,1,1787416552.1870594,G1,T01,sotto_banco_movimenti,1,static
8125898,1,1,1,45,80,100,100,0,100,100,100,34,26,12,16,10,11,0,0,100,100,100,69,67,51,49,3,1,1787416552.379253,G1,T01,sotto_banco_movimenti,1,static
8126098,1,1,1,52,63,100,100,0,100,100,100,39,9,11,2,7,3,0,0,100,100,100,70,65,51,48,3,1,1787416552.5877137,G1,T01,sotto_banco_movimenti,1,static
8126298,1,1,1,59,134,100,100,0,100,100,52,39,19,11,11,7,7,0,0,100,100,100,70,62,49,45,2,1,1787416552.7784631,G1,T01,sotto_banco_movimenti,1,static
8126498,1,1,1,54,80,100,100,0,100,100,64,9,11,2,7,8,7,0,0,100,100,100,70,60,48,46,3,1,1787416552.9868581,G1,T01,sotto_banco_movimenti,1,static
8126698,1,1,1,30,73,100,100,0,100,100,100,54,12,7,13,13,10,0,0,100,100,100,66,61,49,45,2,1,1787416553.1788661,G1,T01,sotto_banco_movimenti,1,static
8126898,1,1,1,30,75,100,100,0,100,100,100,54,33,15,16,18,10,0,0,100,100,100,66,60,49,46,3,1,1787416553.387041,G1,T01,sotto_banco_movimenti,1,static
8127098,1,1,1,72,63,100,100,0,100,100,100,25,28,7,9,3,8,0,0,100,100,100,64,61,48,45,3,1,1787416553.57891,G1,T01,sotto_banco_movimenti,1,static
8127298,1,1,1,68,70,100,100,0,100,100,61,61,25,5,8,9,8,0,0,100,100,100,64,60,48,45,3,1,1787416553.7860792,G1,T01,sotto_banco_movimenti,1,static
8127498,1,1,1,39,59,100,100,0,100,100,100,16,38,11,8,2,4,0,0,100,100,100,65,61,49,45,3,1,1787416553.9783611,G1,T01,sotto_banco_movimenti,1,static
8127698,1,1,1,75,70,100,100,0,100,100,100,23,11,4,12,3,6,0,0,100,100,100,64,62,48,46,3,1,1787416554.1865613,G1,T01,sotto_banco_movimenti,1,static
8127898,1,1,1,52,73,100,100,0,100,100,100,21,15,16,11,10,13,0,0,100,100,100,66,63,49,47,3,1,1787416554.3773015,G1,T01,sotto_banco_movimenti,1,static
8128098,1,1,1,45,69,100,100,0,100,100,100,27,10,7,8,7,6,0,0,100,100,100,69,63,49,48,3,1,1787416554.5845041,G1,T01,sotto_banco_movimenti,1,static
8128298,1,1,1,53,49,100,100,0,100,100,100,20,32,8,11,14,10,0,0,100,100,100,70,62,52,48,3,1,1787416554.7912977,G1,T01,sotto_banco_movimenti,1,static
8128498,1,1,1,71,61,100,100,0,100,100,74,55,38,7,2,5,6,0,0,100,100,100,70,61,52,49,3,1,1787416554.9823446,G1,T01,sotto_banco_movimenti,1,static
8128698,1,1,1,48,53,100,100,0,100,100,100,72,20,12,17,13,10,0,0,100,100,100,67,61,52,48,3,1,1787416555.1903954,G1,T01,sotto_banco_movimenti,1,static
8128898,1,1,1,42,65,100,100,0,100,100,100,28,11,14,8,10,9,0,0,100,100,100,64,59,51,46,3,1,1787416555.3813512,G1,T01,sotto_banco_movimenti,1,static
8129098,1,1,1,43,66,100,100,0,100,100,100,8,8,4,13,5,8,0,0,100,100,100,63,60,51,47,3,1,1787416555.5883942,G1,T01,sotto_banco_movimenti,1,static
8129298,1,1,1,30,70,100,100,0,100,100,77,80,23,9,8,6,7,0,0,100,100,100,59,57,49,44,3,1,1787416555.780398,G1,T01,sotto_banco_movimenti,1,static
8129498,1,1,1,56,56,100,100,0,100,100,100,37,17,4,11,8,7,0,0,100,100,100,59,58,49,45,3,1,1787416555.987856,G1,T01,sotto_banco_movimenti,1,static
8129698,1,1,1,64,63,100,100,0,100,100,100,37,40,10,14,14,11,0,0,100,100,100,58,58,49,45,3,1,1787416556.1807256,G1,T01,sotto_banco_movimenti,1,static
8129898,1,1,1,66,72,100,100,0,100,100,100,56,22,10,2,1,8,0,0,100,100,100,60,57,49,45,3,1,1787416556.3886817,G1,T01,sotto_banco_movimenti,1,static
8130098,1,1,1,53,57,100,100,0,100,100,100,25,10,21,10,18,9,0,0,100,100,100,62,58,51,45,3,1,1787416556.5794542,G1,T01,sotto_banco_movimenti,1,static
8130298,1,1,1,30,62,100,100,0,100,100,100,31,15,8,4,2,7,0,0,100,100,100,63,58,51,47,3,1,1787416556.787851,G1,T01,sotto_banco_movimenti,1,static
8130498,1,1,1,57,60,100,100,0,100,100,100,62,6,17,11,12,8,0,0,100,100,100,64,58,52,46,3,1,1787416556.979533,G1,T01,sotto_banco_movimenti,1,static
8130698,1,1,1,57,76,100,100,0,100,100,100,44,25,9,10,1,7,0,0,100,100,100,65,56,49,44,3,1,1787416557.187869,G1,T01,sotto_banco_movimenti,1,static
8130898,1,1,1,64,60,100,100,1,100,100,100,23,21,6,6,1,3,0,0,100,100,100,64,56,47,43,3,1,1787416557.380378,G1,T01,sotto_banco_movimenti,1,static
8131098,1,1,1,66,78,100,100,1,100,100,100,46,14,13,6,12,8,0,0,100,100,100,65,58,49,45,3,1,1787416557.588273,G1,T01,sotto_banco_movimenti,1,static
8131298,1,1,1,69,69,100,100,1,100,100,100,87,37,8,6,3,5,0,0,100,100,100,63,59,49,45,3,1,1787416557.7808313,G1,T01,sotto_banco_movimenti,1,static
8131498,1,1,1,50,67,100,100,1,100,100,100,79,45,9,10,7,4,0,0,100,100,100,62,58,48,44,3,1,1787416557.988729,G1,T01,sotto_banco_movimenti,1,static
8131698,1,1,1,49,44,100,100,1,100,100,100,55,8,12,17,11,12,0,0,100,100,100,66,60,51,46,3,1,1787416558.1807222,G1,T01,sotto_banco_movimenti,1,static
8131898,1,1,1,52,38,100,100,1,100,100,100,6,21,15,9,9,10,0,0,100,100,100,66,58,50,44,3,1,1787416558.3874288,G1,T01,sotto_banco_movimenti,1,static
8132098,1,1,1,58,89,100,100,1,100,100,100,47,17,16,14,13,11,0,0,100,100,100,64,57,50,43,3,1,1787416558.5786722,G1,T01,sotto_banco_movimenti,1,static
8132298,1,1,1,66,57,100,100,1,100,100,100,23,19,29,24,17,21,0,0,100,100,100,67,61,51,46,3,1,1787416558.787365,G1,T01,sotto_banco_movimenti,1,static
8132498,1,1,1,59,53,100,100,1,100,100,95,32,9,16,18,12,12,0,0,100,100,100,68,63,52,46,3,1,1787416558.9784656,G1,T01,sotto_banco_movimenti,1,static
8132698,1,1,1,64,55,100,100,1,100,100,100,75,36,18,13,10,11,0,0,100,100,100,70,62,51,46,3,1,1787416559.186955,G1,T01,sotto_banco_movimenti,1,static
8132898,1,1,1,83,54,100,100,1,100,100,100,53,8,3,7,7,9,0,0,100,100,100,70,61,51,45,3,1,1787416559.3791144,G1,T01,sotto_banco_movimenti,1,static
8133098,1,1,1,70,76,100,100,1,100,100,100,83,32,4,14,10,12,0,0,100,100,100,69,60,51,46,3,1,1787416559.5870426,G1,T01,sotto_banco_movimenti,1,static
8133298,1,1,1,67,62,100,100,1,100,100,100,72,21,5,6,11,3,0,0,100,100,100,68,59,51,44,3,1,1787416559.7790732,G1,T01,sotto_banco_movimenti,1,static
8133498,1,1,1,73,30,100,100,1,100,100,100,49,13,14,12,13,11,0,0,100,100,100,66,57,51,44,3,1,1787416559.9866545,G1,T01,sotto_banco_movimenti,1,static
8133698,1,1,1,52,77,100,100,1,100,100,100,11,17,7,4,9,3,0,0,100,100,100,67,57,52,44,3,1,1787416560.1784654,G1,T01,sotto_banco_movimenti,1,static
8133898,1,1,1,70,50,100,100,1,100,100,100,10,21,15,9,10,11,0,0,100,100,100,68,59,54,45,3,1,1787416560.3865745,G1,T01,sotto_banco_movimenti,1,static
8134098,1,1,1,50,72,100,100,1,100,100,100,35,17,16,29,18,19,0,0,100,100,100,67,64,54,48,3,1,1787416560.5785334,G1,T01,sotto_banco_movimenti,1,static
8134298,1,1,1,52,53,100,100,0,100,100,100,84,38,17,10,10,7,0,0,100,100,100,67,65,56,46,3,1,1787416560.7865133,G1,T01,sotto_banco_movimenti,1,static
8134498,1,1,1,50,30,100,100,0,100,100,100,53,43,14,11,13,6,0,0,100,100,100,66,66,55,47,3,1,1787416560.9783907,G1,T01,sotto_banco_movimenti,1,static
8134698,1,1,1,45,53,100,100,0,100,100,100,100,27,15,14,13,8,0,0,100,100,100,66,67,57,48,3,1,1787416561.1867192,G1,T01,sotto_banco_movimenti,1,static
8134898,1,1,1,72,55,100,100,0,100,100,100,73,45,5,20,12,14,0,0,100,100,100,66,69,58,49,3,1,1787416561.3780658,G1,T01,sotto_banco_movimenti,1,static
8135098,1,1,1,63,56,100,100,0,100,100,100,76,32,8,12,9,7,0,0,100,100,100,65,68,57,48,3,1,1787416561.583867,G1,T01,sotto_banco_movimenti,1,static
8135298,1,1,1,44,78,100,100,0,100,100,80,36,22,11,14,10,11,0,0,100,100,100,67,67,57,48,3,1,1787416561.791493,G1,T01,sotto_banco_movimenti,1,static
8135498,1,1,1,69,77,100,100,0,100,100,100,90,23,4,7,1,4,0,0,100,100,100,69,67,58,47,3,1,1787416561.9839396,G1,T01,sotto_banco_movimenti,1,static
8135698,1,1,1,60,72,100,100,0,100,100,100,75,33,18,4,9,3,0,0,100,100,100,67,64,55,44,3,1,1787416562.1915853,G1,T01,sotto_banco_movimenti,1,static
8135898,1,1,1,62,52,100,100,0,100,100,100,44,30,7,12,7,6,0,0,100,100,100,68,67,55,46,3,1,1787416562.383096,G1,T01,sotto_banco_movimenti,1,static
8136098,1,1,1,64,45,100,100,0,100,100,97,35,30,10,4,2,7,0,0,100,100,100,68,67,55,46,3,1,1787416562.5906985,G1,T01,sotto_banco_movimenti,1,static
8136298,1,1,1,60,66,100,100,0,100,100,100,29,14,11,10,6,9,0,0,100,100,100,65,64,52,44,3,1,1787416562.7825215,G1,T01,sotto_banco_movimenti,1,static
8136498,1,1,1,30,75,100,100,0,100,100,93,15,6,10,5,8,6,0,0,100,100,100,66,62,53,43,3,1,1787416562.9903767,G1,T01,sotto_banco_movimenti,1,static
8136698,1,1,1,68,61,100,100,0,100,100,100,34,37,15,6,8,5,0,0,100,100,100,63,63,54,43,3,1,1787416563.1826036,G1,T01,sotto_banco_movimenti,1,static
8136898,1,1,1,45,72,100,100,0,100,100,100,59,24,9,18,13,15,0,0,100,100,100,64,67,55,45,3,1,1787416563.3912146,G1,T01,sotto_banco_movimenti,1,static
8137098,1,1,1,30,75,100,100,0,100,100,100,29,22,14,14,11,12,0,0,100,100,100,64,66,55,45,3,1,1787416563.5813124,G1,T01,sotto_banco_movimenti,1,static
8137298,1,1,1,30,52,100,100,0,100,100,100,28,12,11,10,7,5,0,0,100,100,100,67,68,56,48,3,1,1787416563.7895362,G1,T01,sotto_banco_movimenti,1,static
8137498,1,1,1,56,72,100,100,0,100,100,100,40,13,13,7,3,8,0,0,100,100,100,67,67,54,46,4,1,1787416563.9815686,G1,T01,sotto_banco_movimenti,1,static
8137698,1,1,1,48,78,100,100,0,100,100,100,53,18,10,6,5,4,0,0,100,100,100,67,66,52,46,3,1,1787416564.189983,G1,T01,sotto_banco_movimenti,1,static
8137898,1,1,1,58,52,100,100,0,100,100,100,36,29,7,11,9,6,0,0,100,100,100,65,64,51,44,3,1,1787416564.3823957,G1,T01,sotto_banco_movimenti,1,static
8138098,1,1,1,47,45,100,100,0,100,100,100,90,12,11,7,4,6,0,0,100,100,100,65,59,50,41,3,1,1787416564.590099,G1,T01,sotto_banco_movimenti,1,static
8138298,1,1,1,77,66,100,100,0,100,100,100,36,15,6,7,8,1,0,0,100,100,100,63,58,50,41,3,1,1787416564.781811,G1,T01,sotto_banco_movimenti,1,static
8138498,1,1,1,30,44,100,100,0,100,100,100,48,55,15,19,17,14,0,0,100,100,100,66,61,52,43,3,1,1787416564.9905398,G1,T01,sotto_banco_movimenti,1,static
8138698,1,1,1,62,46,100,100,0,100,100,100,67,25,19,11,12,12,0,0,100,100,100,68,61,53,45,3,1,1787416565.181939,G1,T01,sotto_banco_movimenti,1,static
8138898,1,1,1,48,67,100,100,0,100,100,100,82,21,14,17,16,12,0,0,100,100,100,70,61,54,45,3,1,1787416565.3894606,G1,T01,sotto_banco_movimenti,1,static
8139098,1,1,1,47,50,100,100,0,100,100,100,41,29,14,9,10,11,0,0,100,100,100,70,59,53,45,3,1,1787416565.580661,G1,T01,sotto_banco_movimenti,1,static
8139298,1,1,1,58,71,100,100,0,100,100,100,76,29,13,15,9,13,0,0,100,100,100,71,63,55,48,3,1,1787416565.788859,G1,T01,sotto_banco_movimenti,1,static
8139498,1,1,1,72,71,100,100,0,100,100,100,7,17,6,19,15,18,0,0,100,100,100,70,66,56,50,3,1,1787416565.9804416,G1,T01,sotto_banco_movimenti,1,static
8139698,1,1,1,65,47,100,100,0,100,100,100,89,12,7,14,12,13,0,0,100,100,100,69,70,59,54,3,1,1787416566.1882217,G1,T01,sotto_banco_movimenti,1,static
8139898,1,1,1,50,76,100,100,0,100,100,100,41,14,15,11,10,12,0,0,100,100,100,67,66,58,52,3,1,1787416566.3808377,G1,T01,sotto_banco_movimenti,1,static
8140098,1,1,1,74,69,100,100,0,100,100,100,32,14,10,12,6,7,0,0,100,100,100,66,65,58,51,3,1,1787416566.588062,G1,T01,sotto_banco_movimenti,1,static
8140298,1,1,1,78,41,100,100,0,100,100,100,28,15,11,7,8,3,0,0,100,100,100,67,64,58,51,3,1,1787416566.780792,G1,T01,sotto_banco_movimenti,1,static
8140498,1,1,1,80,68,100,100,0,94,100,100,13,11,9,8,3,5,0,0,100,100,100,67,67,57,53,3,1,1787416566.9887116,G1,T01,sotto_banco_movimenti,1,static
8140698,1,1,1,60,47,100,100,0,100,100,100,31,29,16,9,10,7,0,0,100,100,100,71,68,58,55,3,1,1787416567.180725,G1,T01,sotto_banco_movimenti,1,static
8140898,1,1,1,73,67,100,100,0,100,100,100,38,10,5,9,1,1,0,0,100,100,100,70,65,56,53,3,1,1787416567.3886843,G1,T01,sotto_banco_movimenti,1,static
8141098,1,1,1,70,63,100,100,0,100,100,100,48,12,8,6,3,2,0,0,100,100,100,71,64,55,51,3,1,1787416567.5818863,G1,T01,sotto_banco_movimenti,1,static
8141298,1,1,1,84,83,100,100,0,100,100,100,60,20,10,7,5,2,0,0,100,100,100,69,62,53,50,3,1,1787416567.7878864,G1,T01,sotto_banco_movimenti,1,static
8141498,1,1,1,77,73,100,100,1,100,100,100,68,21,16,4,12,10,0,0,100,100,100,70,63,54,50,3,1,1787416567.984554,G1,T01,sotto_banco_movimenti,1,static
8141698,1,1,1,70,45,100,100,1,100,100,100,19,27,6,6,2,7,0,0,100,100,100,71,65,57,52,3,1,1787416568.1883066,G1,T01,sotto_banco_movimenti,1,static
8141898,1,1,1,58,58,100,100,1,100,100,100,97,15,10,6,3,5,0,0,100,100,100,70,66,56,52,3,1,1787416568.3868895,G1,T01,sotto_banco_movimenti,1,static
8142098,1,1,1,73,77,100,100,1,100,100,100,45,12,10,4,7,3,0,0,100,100,100,68,63,53,51,3,1,1787416568.587996,G1,T01,sotto_banco_movimenti,1,static
8142298,1,1,1,43,59,100,100,1,100,100,100,41,10,10,14,10,8,0,0,100,100,100,71,63,52,51,3,1,1787416568.7884138,G1,T01,sotto_banco_movimenti,1,static
8142498,1,1,1,63,43,100,100,1,100,100,100,27,30,14,13,14,9,0,0,100,100,100,69,61,50,49,3,1,1787416568.9885132,G1,T01,sotto_banco_movimenti,1,static
8142698,1,1,1,67,55,100,100,1,100,100,100,45,19,12,7,9,10,0,0,100,100,100,72,62,52,50,3,1,1787416569.1926203,G1,T01,sotto_banco_movimenti,1,static
8142898,1,1,1,73,72,100,100,1,100,100,100,42,20,13,8,10,7,0,0,100,100,100,72,61,50,50,3,1,1787416569.3908148,G1,T01,sotto_banco_movimenti,1,static
8143098,1,1,1,30,65,100,100,1,100,100,100,91,31,12,15,10,12,0,0,100,100,100,72,63,50,50,3,1,1787416569.5919085,G1,T01,sotto_banco_movimenti,1,static
8143298,1,1,1,69,30,100,100,1,100,100,100,63,29,7,6,6,8,0,0,100,100,100,70,59,48,48,3,1,1787416569.7917964,G1,T01,sotto_banco_movimenti,1,static
8143498,1,1,1,57,63,100,100,1,100,100,100,49,23,19,9,8,12,0,0,100,100,100,72,56,47,46,3,1,1787416569.9922023,G1,T01,sotto_banco_movimenti,1,static
8143698,1,1,1,43,59,100,100,1,100,100,50,100,34,9,11,8,11,0,0,100,100,100,70,54,43,44,3,1,1787416570.1838248,G1,T01,sotto_banco_movimenti,1,static
8143898,1,1,1,67,40,100,100,1,100,100,100,34,13,14,9,5,7,0,0,100,100,100,71,56,42,44,3,1,1787416570.391854,G1,T01,sotto_banco_movimenti,1,static
8144098,1,1,1,67,72,100,100,1,100,100,100,61,17,6,8,5,1,0,0,100,100,100,71,55,43,44,3,1,1787416570.583562,G1,T01,sotto_banco_movimenti,1,static
8144298,1,1,1,72,69,100,100,1,100,100,100,59,10,5,10,6,1,0,0,100,100,100,69,56,42,44,3,1,1787416570.788564,G1,T01,sotto_banco_movimenti,1,static
8144498,1,1,1,73,80,100,100,1,100,100,100,59,18,10,8,8,13,0,0,100,100,100,66,52,40,41,3,1,1787416570.9815223,G1,T01,sotto_banco_movimenti,1,static
8144698,1,1,1,72,90,100,100,1,100,100,100,42,24,7,12,12,12,0,0,100,100,100,62,51,39,39,3,1,1787416571.188896,G1,T01,sotto_banco_movimenti,1,static
8144898,1,1,1,30,46,100,100,0,100,100,39,47,4,20,16,15,14,0,0,100,100,100,66,53,41,41,3,1,1787416571.3806875,G1,T01,sotto_banco_movimenti,1,static
8145098,1,1,1,62,59,100,100,0,100,100,100,72,20,9,4,6,8,0,0,100,100,100,67,53,42,41,3,1,1787416571.5888395,G1,T01,sotto_banco_movimenti,1,static
8145298,1,1,1,50,60,100,100,0,100,100,100,18,9,10,17,12,12,0,0,100,100,100,68,55,45,42,3,1,1787416571.7810273,G1,T01,sotto_banco_movimenti,1,static
8145498,1,1,1,67,30,100,100,0,100,100,100,64,16,8,9,11,3,0,0,100,100,100,68,55,45,42,3,1,1787416571.988893,G1,T01,sotto_banco_movimenti,1,static
8145698,1,1,1,64,60,100,100,0,100,100,100,68,19,17,3,6,1,0,0,100,100,100,68,53,43,40,3,1,1787416572.1802847,G1,T01,sotto_banco_movimenti,1,static
8145898,1,1,1,73,30,100,100,0,100,100,85,52,34,7,4,4,9,0,0,100,100,100,68,52,44,41,3,1,1787416572.38677,G1,T01,sotto_banco_movimenti,1,static
8146098,1,1,1,50,63,100,100,0,100,100,100,28,15,9,12,3,10,0,0,100,100,100,70,53,45,42,3,1,1787416572.577379,G1,T01,sotto_banco_movimenti,1,static
8146298,1,1,1,67,59,100,100,0,100,100,100,46,24,9,15,11,11,0,0,100,100,100,68,54,47,43,3,1,1787416572.7853832,G1,T01,sotto_banco_movimenti,1,static
8146498,1,1,1,66,60,100,100,0,100,100,100,30,10,3,18,8,10,0,0,100,100,100,66,55,46,43,3,1,1787416572.9775994,G1,T01,sotto_banco_movimenti,1,static
8146698,1,1,1,30,57,100,100,0,100,100,100,49,5,9,9,12,5,0,0,100,100,100,62,52,43,40,3,1,1787416573.186279,G1,T01,sotto_banco_movimenti,1,static
8146898,1,1,1,66,58,100,100,0,100,100,100,13,11,8,6,7,8,0,0,100,100,100,60,53,43,40,3,1,1787416573.3779435,G1,T01,sotto_banco_movimenti,1,static
8147098,1,1,1,60,59,100,100,0,100,100,100,11,22,5,15,11,9,0,0,100,100,100,62,52,43,40,3,1,1787416573.5853379,G1,T01,sotto_banco_movimenti,1,static
8147298,1,1,1,48,62,100,100,0,100,100,100,24,22,12,6,5,10,0,0,100,100,100,65,51,43,40,3,1,1787416573.7925258,G1,T01,sotto_banco_movimenti,1,static
8147498,1,1,1,66,55,100,100,0,100,100,100,66,24,25,28,20,19,0,0,100,100,100,65,56,46,43,3,1,1787416573.9845045,G1,T01,sotto_banco_movimenti,1,static
8147698,1,1,1,75,70,100,100,0,100,100,100,28,38,15,3,8,7,0,0,100,100,100,67,54,47,41,3,1,1787416574.191214,G1,T01,sotto_banco_movimenti,1,static
8147898,1,1,1,63,75,100,100,0,100,100,100,72,20,21,11,14,10,0,0,100,100,100,69,53,48,42,3,1,1787416574.38371,G1,T01,sotto_banco_movimenti,1,static
8148098,1,1,1,30,60,100,100,0,100,100,50,18,6,6,15,1,8,0,0,100,100,100,67,54,47,42,3,1,1787416574.5912943,G1,T01,sotto_banco_movimenti,1,static
8148298,1,1,1,69,64,100,100,0,100,100,100,76,6,10,2,5,8,0,0,100,100,100,67,52,48,41,3,1,1787416574.7823112,G1,T01,sotto_banco_movimenti,1,static
8148498,1,1,1,75,30,100,100,0,100,100,100,61,14,7,11,8,6,0,0,100,100,100,67,52,48,41,3,1,1787416574.990252,G1,T01,sotto_banco_movimenti,1,static
8148698,1,1,1,30,30,100,100,0,100,100,85,97,38,17,15,14,9,0,0,100,100,100,69,53,49,42,3,1,1787416575.182267,G1,T01,sotto_banco_movimenti,1,static
8148898,1,1,1,61,75,100,100,0,100,100,100,16,32,5,9,8,3,0,0,100,100,100,65,49,46,39,3,1,1787416575.3898404,G1,T01,sotto_banco_movimenti,1,static
8149098,1,1,1,77,86,100,100,0,97,100,100,24,11,10,10,6,8,0,0,100,100,100,63,50,45,40,3,1,1787416575.5813031,G1,T01,sotto_banco_movimenti,1,static
8149298,1,1,1,72,42,100,100,0,100,100,100,81,24,8,13,8,10,0,0,100,100,100,62,50,44,40,3,1,1787416575.7878742,G1,T01,sotto_banco_movimenti,1,static
8149498,1,1,1,70,56,100,100,0,100,100,100,49,23,10,7,3,7,0,0,100,100,100,63,51,44,41,3,1,1787416575.979461,G1,T01,sotto_banco_movimenti,1,static
8149698,1,1,1,56,52,100,100,0,100,100,100,33,27,9,19,14,14,0,0,100,100,100,63,53,45,43,3,1,1787416576.1878839,G1,T01,sotto_banco_movimenti,1,static
8149898,1,1,1,30,58,100,100,0,100,100,100,61,34,13,10,5,7,0,0,100,100,100,68,56,48,44,3,1,1787416576.379526,G1,T01,sotto_banco_movimenti,1,static
8150098,1,1,1,72,60,100,100,0,100,100,100,15,10,15,9,13,10,0,0,100,100,100,65,55,48,44,3,1,1787416576.5876257,G1,T01,sotto_banco_movimenti,1,static
8150298,1,1,1,65,55,100,100,0,100,100,100,42,20,3,20,10,11,0,0,100,100,100,64,57,47,45,3,1,1787416576.7793524,G1,T01,sotto_banco_movimenti,1,static
8150498,1,1,1,30,53,100,100,0,100,100,90,23,7,10,9,5,9,0,0,100,100,100,67,58,49,47,3,1,1787416576.9833193,G1,T01,sotto_banco_movimenti,1,static
8150698,1,1,1,94,79,100,100,0,100,100,100,63,16,5,9,5,2,0,0,100,100,100,69,57,49,47,3,1,1787416577.1909974,G1,T01,sotto_banco_movimenti,1,static
8150898,1,1,1,45,51,100,100,0,100,100,100,52,3,17,6,11,10,0,0,100,100,100,74,59,52,48,3,1,1787416577.3824213,G1,T01,sotto_banco_movimenti,1,static
8151098,1,1,1,41,73,100,100,0,100,100,100,76,26,22,7,14,11,0,0,100,100,100,74,59,52,49,3,1,1787416577.590415,G1,T01,sotto_banco_movimenti,1,static
8151298,1,1,1,30,61,100,100,0,100,100,100,42,13,17,9,10,9,0,0,100,100,100,74,61,54,50,3,1,1787416577.782353,G1,T01,sotto_banco_movimenti,1,static
8151498,1,1,1,40,30,100,100,1,100,100,100,47,14,15,13,11,12,0,0,100,100,100,73,57,52,48,3,1,1787416577.989913,G1,T01,sotto_banco_movimenti,1,static
8151698,1,1,1,44,30,100,100,1,100,100,100,43,9,19,20,18,15,0,0,100,100,100,74,60,54,50,3,1,1787416578.1836817,G1,T01,sotto_banco_movimenti,1,static
8151898,1,1,1,43,42,100,100,1,100,100,90,75,38,5,5,4,6,0,0,100,100,100,74,63,57,52,3,1,1787416578.3908536,G1,T01,sotto_banco_movimenti,1,static
8152098,1,1,1,30,42,100,100,1,100,100,36,50,18,11,5,5,3,0,0,100,100,100,76,63,57,53,3,1,1787416578.5822113,G1,T01,sotto_banco_movimenti,1,static
8152298,1,1,1,70,30,100,100,1,100,100,100,39,11,10,9,10,10,0,0,100,100,100,79,63,58,54,3,1,1787416578.7903576,G1,T01,sotto_banco_movimenti,1,static
8152498,1,1,1,58,82,100,100,1,100,100,100,50,31,7,6,6,1,0,0,100,100,100,78,64,58,55,3,1,1787416578.9823406,G1,T01,sotto_banco_movimenti,1,static
8152698,1,1,1,62,45,100,100,1,100,100,100,48,11,8,3,7,3,0,0,100,100,100,75,63,56,53,3,1,1787416579.190895,G1,T01,sotto_banco_movimenti,1,static
8152898,1,1,1,72,79,100,100,1,100,100,100,47,7,12,7,5,1,0,0,100,100,100,76,63,56,53,3,1,1787416579.3829098,G1,T01,sotto_banco_movimenti,1,static
8153098,1,1,1,61,52,100,100,1,100,100,100,12,29,1,7,8,7,0,0,100,100,100,78,64,58,54,3,1,1787416579.589948,G1,T01,sotto_banco_movimenti,1,static
8153298,1,1,1,72,46,100,100,1,100,100,100,10,10,11,9,5,12,0,0,100,100,100,78,63,57,54,3,1,1787416579.7819772,G1,T01,sotto_banco_movimenti,1,static
8153498,1,1,1,50,74,100,100,1,100,100,100,20,22,9,11,6,11,0,0,100,100,100,76,63,55,54,3,1,1787416579.990005,G1,T01,sotto_banco_movimenti,1,static
8153698,1,1,1,56,60,100,100,1,100,100,100,42,33,15,10,11,7,0,0,100,100,100,75,61,55,53,3,1,1787416580.181194,G1,T01,sotto_banco_movimenti,1,static
8153898,1,1,1,60,61,100,100,1,100,100,100,35,19,8,8,10,8,0,0,100,100,100,72,60,53,51,3,1,1787416580.3872294,G1,T01,sotto_banco_movimenti,1,static
8154098,1,1,1,57,63,100,100,1,100,100,100,75,58,16,28,18,20,0,0,100,100,100,74,65,55,55,3,1,1787416580.5843031,G1,T01,sotto_banco_movimenti,1,static
8154298,1,1,1,50,30,100,100,1,100,100,100,34,25,15,7,4,5,0,0,100,100,100,79,66,56,56,3,1,1787416580.7855017,G1,T01,sotto_banco_movimenti,1,static
8154498,1,1,1,69,44,100,100,1,100,100,100,31,16,9,10,9,6,0,0,100,100,100,78,66,55,54,3,1,1787416580.9776897,G1,T01,sotto_banco_movimenti,1,static
8154698,1,1,1,60,56,100,100,1,100,100,100,49,24,10,7,7,4,0,0,100,100,100,77,67,56,55,3,1,1787416581.1863108,G1,T01,sotto_banco_movimenti,1,static
8154898,1,1,1,56,66,100,100,1,100,100,100,62,19,6,16,8,6,0,0,100,100,100,71,66,54,53,3,1,1787416581.3926876,G1,T01,sotto_banco_movimenti,1,static
8155098,1,1,1,75,56,100,100,0,100,100,100,19,21,10,3,11,4,0,0,100,100,100,70,66,53,52,3,1,1787416581.5846534,G1,T01,sotto_banco_movimenti,1,static
8155298,1,1,1,65,30,100,100,0,100,100,100,79,12,14,19,12,15,0,0,100,100,100,69,68,52,53,3,1,1787416581.7910697,G1,T01,sotto_banco_movimenti,1,static
8155498,1,1,1,63,53,100,100,0,100,100,100,16,10,17,10,5,9,0,0,100,100,100,69,67,52,53,3,1,1787416581.983566,G1,T01,sotto_banco_movimenti,1,static
8155698,1,1,1,67,55,100,100,0,100,100,100,35,19,22,13,10,16,0,0,100,100,100,68,67,51,53,3,1,1787416582.1908977,G1,T01,sotto_banco_movimenti,1,static
8155898,1,1,1,71,30,100,100,0,100,100,74,30,16,2,6,6,2,0,0,100,100,100,65,64,48,52,3,1,1787416582.3821588,G1,T01,sotto_banco_movimenti,1,static
8156098,1,1,1,65,63,100,100,0,100,100,100,35,37,4,3,3,4,0,0,100,100,100,65,65,49,52,3,1,1787416582.5897062,G1,T01,sotto_banco_movimenti,1,static
8156298,1,1,1,58,65,100,100,0,100,100,100,87,21,20,7,6,6,0,0,100,100,100,66,65,49,52,3,1,1787416582.7814603,G1,T01,sotto_banco_movimenti,1,static
8156498,1,1,1,67,71,100,100,0,100,100,100,38,10,6,5,5,5,0,0,100,100,100,67,64,49,51,3,1,1787416582.988887,G1,T01,sotto_banco_movimenti,1,static
8156698,1,1,1,47,73,100,100,0,100,100,68,24,10,7,5,3,3,0,0,100,100,100,68,64,51,51,3,1,1787416583.1808815,G1,T01,sotto_banco_movimenti,1,static
8156898,1,1,1,56,43,100,100,0,100,100,100,32,23,3,14,5,8,0,0,100,100,100,67,65,52,52,3,1,1787416583.387901,G1,T01,sotto_banco_movimenti,1,static
8157098,1,1,1,50,42,100,100,0,100,100,100,86,31,5,10,11,7,0,0,100,100,100,65,66,53,51,3,1,1787416583.5862527,G1,T01,sotto_banco_movimenti,1,static
8157298,1,1,1,62,55,100,100,0,100,100,100,27,29,24,11,12,10,0,0,100,100,100,68,66,54,51,3,1,1787416583.7873347,G1,T01,sotto_banco_movimenti,1,static
8157498,1,1,1,68,69,100,100,0,100,100,100,19,21,10,10,7,5,0,0,100,100,100,73,64,53,51,3,1,1787416583.9794834,G1,T01,sotto_banco_movimenti,1,static
8157698,1,1,1,65,73,100,100,0,100,100,100,100,49,5,6,3,3,0,0,100,100,100,71,64,52,50,3,1,1787416584.187291,G1,T01,sotto_banco_movimenti,1,static
8157898,1,1,1,59,66,100,100,0,100,100,100,15,19,1,4,5,4,0,0,100,100,100,70,63,52,49,3,1,1787416584.3779087,G1,T01,sotto_banco_movimenti,1,static
8158098,1,1,1,52,76,100,100,0,100,100,100,55,10,11,3,7,5,0,0,100,100,100,70,58,49,46,3,1,1787416584.5865054,G1,T01,sotto_banco_movimenti,1,static
8158298,1,1,1,80,64,100,100,0,100,100,100,69,52,8,9,4,5,0,0,100,100,100,67,56,46,43,3,1,1787416584.7795873,G1,T01,sotto_banco_movimenti,1,static
8158498,1,1,1,69,73,100,100,0,100,100,100,38,25,11,5,2,5,0,0,100,100,100,64,53,44,42,2,1,1787416584.9866512,G1,T01,sotto_banco_movimenti,1,static
8158698,1,1,1,68,65,100,100,0,100,100,100,82,30,19,9,10,12,0,0,100,100,100,64,51,43,41,2,1,1787416585.1776965,G1,T01,sotto_banco_movimenti,1,static
8158898,1,1,1,49,77,100,100,0,100,100,100,21,8,30,13,14,12,0,0,100,100,100,68,50,43,41,2,1,1787416585.3858197,G1,T01,sotto_banco_movimenti,1,static
8159098,1,1,1,76,61,100,100,0,100,100,100,16,23,12,12,12,9,0,0,100,100,100,70,51,43,42,2,1,1787416585.5919113,G1,T01,sotto_banco_movimenti,1,static
8159298,1,1,1,30,30,100,100,0,100,100,39,27,24,19,7,12,11,0,0,100,100,100,71,50,43,41,2,1,1787416585.7828882,G1,T01,sotto_banco_movimenti,1,static
8159498,1,1,1,72,30,100,100,0,100,100,100,46,13,6,3,4,5,0,0,100,100,100,69,51,44,40,2,1,1787416585.9915662,G1,T01,sotto_banco_movimenti,1,static
8159698,1,1,1,50,58,100,100,0,100,100,100,81,26,15,3,2,1,0,0,100,100,100,71,50,43,40,2,1,1787416586.1833844,G1,T01,sotto_banco_movimenti,1,static
8159898,1,1,1,53,66,100,100,0,100,100,100,60,9,7,5,9,5,0,0,100,100,100,70,49,43,39,3,1,1787416586.3917937,G1,T01,sotto_banco_movimenti,1,static
8160098,1,1,1,50,88,100,100,0,100,100,100,45,13,8,13,12,9,0,0,100,100,100,71,48,43,38,3,1,1787416586.5879085,G1,T01,sotto_banco_movimenti,1,static
8160298,1,1,1,58,60,100,100,0,100,100,100,37,3,20,7,9,6,0,0,100,100,100,70,47,42,37,3,1,1787416586.7911797,G1,T01,sotto_banco_movimenti,1,static
8160498,1,1,1,50,45,100,100,0,100,100,100,39,27,17,12,8,12,0,0,100,100,100,72,48,43,38,3,1,1787416586.9829,G1,T01,sotto_banco_movimenti,1,static
8160698,1,1,1,53,53,100,100,0,100,100,100,21,11,13,10,13,4,0,0,100,100,100,72,48,42,38,3,1,1787416587.1916692,G1,T01,sotto_banco_movimenti,1,static
8160898,1,1,1,30,38,100,100,0,100,100,100,20,14,12,17,15,10,0,0,100,100,100,73,47,42,38,3,1,1787416587.3832436,G1,T01,sotto_banco_movimenti,1,static
8161098,1,1,1,67,65,100,100,0,100,100,100,51,40,12,14,13,13,0,0,100,100,100,75,48,42,38,2,1,1787416587.5911958,G1,T01,sotto_banco_movimenti,1,static
8161298,1,1,1,79,30,100,100,0,63,100,100,43,12,9,9,6,5,0,0,100,100,100,71,48,41,38,2,1,1787416587.7833853,G1,T01,sotto_banco_movimenti,1,static
8161498,1,1,1,51,59,100,100,1,100,100,100,80,7,15,16,14,13,0,0,100,100,100,68,51,42,39,2,1,1787416587.9912016,G1,T01,sotto_banco_movimenti,1,static
8161698,1,1,1,72,30,100,100,1,100,100,100,63,19,18,15,9,14,0,0,100,100,100,70,52,43,40,2,1,1787416588.1834636,G1,T01,sotto_banco_movimenti,1,static
8161898,1,1,1,71,75,100,100,1,100,100,100,6,15,5,5,11,6,0,0,100,100,100,70,52,44,39,3,1,1787416588.3911169,G1,T01,sotto_banco_movimenti,1,static
8162098,1,1,1,70,43,100,100,1,100,100,100,25,19,9,19,16,10,0,0,100,100,100,71,56,48,41,3,1,1787416588.5895562,G1,T01,sotto_banco_movimenti,1,static
8162298,1,1,1,57,30,100,100,1,100,100,100,31,22,8,8,3,2,0,0,100,100,100,74,54,48,40,3,1,1787416588.789667,G1,T01,sotto_banco_movimenti,1,static
8162498,1,1,1,65,77,100,100,1,100,100,100,32,30,7,11,9,10,0,0,100,100,100,76,57,50,42,3,1,1787416588.9810407,G1,T01,sotto_banco_movimenti,1,static
8162698,1,1,1,73,65,100,100,1,100,100,100,33,31,9,4,5,4,0,0,100,100,100,75,58,51,42,3,1,1787416589.1894996,G1,T01,sotto_banco_movimenti,1,static
8162898,1,1,1,51,54,100,100,1,100,100,60,52,29,12,11,11,11,0,0,100,100,100,72,58,50,41,2,1,1787416589.380501,G1,T01,sotto_banco_movimenti,1,static
8163098,1,1,1,52,70,100,100,1,100,100,100,23,12,10,11,12,8,0,0,100,100,100,70,56,49,40,2,1,1787416589.589601,G1,T01,sotto_banco_movimenti,1,static
8163298,1,1,1,94,77,100,100,1,95,100,100,51,20,7,9,2,5,0,0,100,100,100,68,54,48,38,2,1,1787416589.7802048,G1,T01,sotto_banco_movimenti,1,static
8163498,1,1,1,30,53,100,100,1,100,100,100,61,14,1,8,6,5,0,0,100,100,100,68,56,49,39,2,1,1787416589.987556,G1,T01,sotto_banco_movimenti,1,static
8163698,1,1,1,59,69,100,100,1,100,100,100,35,28,17,9,10,11,0,0,100,100,100,66,55,48,38,2,1,1787416590.1811585,G1,T01,sotto_banco_movimenti,1,static
8163898,1,1,1,58,62,100,100,1,100,100,100,22,13,15,9,10,7,0,0,100,100,100,69,55,49,38,3,1,1787416590.3884962,G1,T01,sotto_banco_movimenti,1,static
8164098,1,1,1,53,70,100,100,1,100,100,100,61,25,12,5,12,8,0,0,100,100,100,68,55,49,37,3,1,1787416590.590894,G1,T01,sotto_banco_movimenti,1,static
8164298,1,1,1,75,69,100,100,1,100,100,100,14,18,4,1,2,1,0,0,100,100,100,67,56,49,38,3,1,1787416590.7876573,G1,T01,sotto_banco_movimenti,1,static
8164498,1,1,1,72,87,100,100,1,100,100,98,41,19,17,10,9,11,0,0,100,100,100,67,56,49,38,3,1,1787416590.9790192,G1,T01,sotto_banco_movimenti,1,static
8164698,1,1,1,69,62,100,100,1,100,100,65,65,22,9,7,5,7,0,0,100,100,100,67,56,49,39,3,1,1787416591.1858532,G1,T01,sotto_banco_movimenti,1,static
8164898,1,1,1,73,60,100,100,0,100,100,100,17,27,11,18,11,6,0,0,100,100,100,69,56,48,38,3,1,1787416591.378312,G1,T01,sotto_banco_movimenti,1,static
8165098,1,1,1,56,58,100,100,0,100,100,100,19,13,12,9,12,11,0,0,100,100,100,69,54,47,37,3,1,1787416591.5923207,G1,T01,sotto_banco_movimenti,1,static
8165298,1,1,1,69,74,100,100,0,100,100,100,74,26,28,8,9,11,0,0,100,100,100,73,54,48,38,2,1,1787416591.7934198,G1,T01,sotto_banco_movimenti,1,static
8165498,1,1,1,30,52,100,100,0,100,100,100,43,14,12,10,9,10,0,0,100,100,100,73,52,47,37,2,1,1787416591.9857495,G1,T01,sotto_banco_movimenti,1,static
8165698,1,1,1,48,45,100,100,0,100,100,100,46,19,8,12,8,4,0,0,100,100,100,73,53,48,38,2,1,1787416592.1934013,G1,T01,sotto_banco_movimenti,1,static
8165898,1,1,1,53,67,100,100,0,100,100,100,28,6,6,11,5,4,0,0,100,100,100,74,53,46,38,2,1,1787416592.3863025,G1,T01,sotto_banco_movimenti,1,static
8166098,1,1,1,50,60,100,100,0,100,100,100,62,30,10,8,12,9,0,0,100,100,100,73,50,44,37,3,1,1787416592.592006,G1,T01,sotto_banco_movimenti,1,static
8166298,1,1,1,63,73,100,100,0,100,100,100,13,11,10,12,7,10,0,0,100,100,100,72,53,46,39,3,1,1787416592.7845116,G1,T01,sotto_banco_movimenti,1,static
8166498,1,1,1,60,58,100,100,0,100,100,100,20,17,3,13,7,9,0,0,100,100,100,70,51,45,39,3,1,1787416592.992558,G1,T01,sotto_banco_movimenti,1,static
8166698,1,1,1,69,76,100,100,0,100,100,100,83,72,6,16,12,15,0,0,100,100,100,69,53,45,39,3,1,1787416593.1832762,G1,T01,sotto_banco_movimenti,1,static
8166898,1,1,1,65,55,100,100,0,100,100,100,13,13,7,10,5,7,0,0,100,100,100,68,52,45,39,3,1,1787416593.3908591,G1,T01,sotto_banco_movimenti,1,static
8167098,1,1,1,60,43,100,100,0,100,100,100,34,18,8,12,7,8,0,0,100,100,100,67,53,46,39,3,1,1787416593.5930257,G1,T01,sotto_banco_movimenti,1,static
8167298,1,1,1,66,30,100,100,0,100,100,100,62,9,21,13,14,12,0,0,100,100,100,68,54,47,40,3,1,1787416593.79173,G1,T01,sotto_banco_movimenti,1,static
8167498,1,1,1,46,56,100,100,0,100,100,100,14,7,14,2,4,3,0,0,100,100,100,70,51,45,39,3,1,1787416593.9812276,G1,T01,sotto_banco_movimenti,1,static
8167698,1,1,1,62,69,100,100,0,100,100,100,96,41,11,8,10,7,0,0,100,100,100,68,51,44,39,2,1,1787416594.1896768,G1,T01,sotto_banco_movimenti,1,static
8167898,1,1,1,46,62,100,100,0,100,100,22,44,15,18,10,15,11,0,0,100,100,100,68,53,45,40,2,1,1787416594.3816988,G1,T01,sotto_banco_movimenti,1,static
8168098,1,1,1,42,30,100,100,0,100,100,100,51,35,13,15,9,12,0,0,100,100,100,70,54,46,42,2,1,1787416594.5891192,G1,T01,sotto_banco_movimenti,1,static
8168298,1,1,1,62,30,100,100,0,100,100,100,22,9,12,4,9,6,0,0,100,100,100,70,52,46,41,2,1,1787416594.780981,G1,T01,sotto_banco_movimenti,1,static
8168498,1,1,1,70,39,100,100,0,100,100,100,46,28,18,20,13,17,0,0,100,100,100,69,53,46,42,2,1,1787416594.9881868,G1,T01,sotto_banco_movimenti,1,static
8168698,1,1,1,30,72,100,100,0,100,100,100,67,37,10,12,11,6,0,0,100,100,100,69,53,46,41,3,1,1787416595.1785796,G1,T01,sotto_banco_movimenti,1,static
8168898,1,1,1,59,77,100,100,0,100,100,100,32,5,6,4,3,3,0,0,100,100,100,66,51,45,40,3,1,1787416595.3862605,G1,T01,sotto_banco_movimenti,1,static
8169098,1,1,1,44,52,100,100,0,100,100,46,22,14,7,2,3,6,0,0,100,100,100,65,50,45,40,3,1,1787416595.5783613,G1,T01,sotto_banco_movimenti,1,static
8169298,1,1,1,30,48,100,100,0,100,100,94,100,16,19,6,10,10,0,0,100,100,100,62,50,45,39,3,1,1787416595.7861161,G1,T01,sotto_banco_movimenti,1,static
8169498,1,1,1,48,70,100,100,0,100,100,100,21,8,12,10,7,4,0,0,100,100,100,61,49,45,38,3,1,1787416595.9784663,G1,T01,sotto_banco_movimenti,1,static
8169698,1,1,1,58,59,100,100,0,100,100,76,66,14,12,6,9,9,0,0,100,100,100,61,46,44,37,2,1,1787416596.1860065,G1,T01,sotto_banco_movimenti,1,static
8169898,1,1,1,39,43,100,100,0,100,100,100,75,13,33,9,14,10,0,0,100,100,100,63,46,46,37,2,1,1787416596.3780055,G1,T01,sotto_banco_movimenti,1,static
8170098,1,1,1,30,38,100,100,0,100,100,100,100,51,9,10,3,1,0,0,100,100,100,62,46,44,36,2,1,1787416596.584764,G1,T01,sotto_banco_movimenti,1,static
8170298,1,1,1,30,63,100,100,0,100,100,100,33,26,21,18,10,16,0,0,100,100,100,65,47,44,38,2,1,1787416596.792244,G1,T01,sotto_banco_movimenti,1,static
8170498,1,1,1,62,63,100,100,0,100,100,100,50,14,11,3,5,5,0,0,100,100,100,68,46,45,37,2,1,1787416596.9827843,G1,T01,sotto_banco_movimenti,1,static
8170698,1,1,1,47,56,100,100,0,100,100,100,44,21,3,6,3,6,0,0,100,100,100,67,46,45,38,2,1,1787416597.190996,G1,T01,sotto_banco_movimenti,1,static
8170898,1,1,1,72,73,100,100,1,100,100,100,44,28,10,2,4,3,0,0,100,100,100,68,47,45,38,3,1,1787416597.3826497,G1,T01,sotto_banco_movimenti,1,static
8171098,1,1,1,56,73,100,100,1,100,100,100,63,35,10,8,9,7,0,0,100,100,100,73,46,45,38,3,1,1787416597.5900097,G1,T01,sotto_banco_movimenti,1,static
8171298,1,1,1,54,65,100,100,1,100,100,100,39,11,4,9,1,9,0,0,100,100,100,73,45,43,37,3,1,1787416597.782719,G1,T01,sotto_banco_movimenti,1,static
8171498,1,1,1,55,50,100,100,1,100,100,100,6,6,3,3,2,7,0,0,100,100,100,71,45,42,37,3,1,1787416597.9892623,G1,T01,sotto_banco_movimenti,1,static
8171698,1,1,1,59,68,100,100,1,100,100,100,12,9,5,8,6,2,0,0,100,100,100,73,44,43,37,3,1,1787416598.1815767,G1,T01,sotto_banco_movimenti,1,static
8171898,1,1,1,40,71,100,100,1,100,100,100,63,21,12,4,9,8,0,0,100,100,100,71,42,41,35,3,1,1787416598.3897433,G1,T01,sotto_banco_movimenti,1,static
8172098,1,1,1,79,58,100,100,1,100,100,100,96,36,7,7,1,7,0,0,100,100,100,70,42,40,35,3,1,1787416598.582018,G1,T01,sotto_banco_movimenti,1,static
8172298,1,1,1,30,70,100,100,1,100,100,94,77,21,16,2,7,5,0,0,100,100,100,71,43,41,35,2,1,1787416598.7905543,G1,T01,sotto_banco_movimenti,1,static
8172498,1,1,1,42,55,100,100,1,100,100,100,16,15,6,7,9,8,0,0,100,100,100,71,43,40,34,2,1,1787416598.9824069,G1,T01,sotto_banco_movimenti,1,static
8172698,1,1,1,49,48,100,100,1,100,100,100,20,15,10,6,6,6,0,0,100,100,100,72,42,39,34,2,1,1787416599.1898077,G1,T01,sotto_banco_movimenti,1,static
8172898,1,1,1,67,76,100,100,1,100,100,100,13,16,10,5,7,3,0,0,100,100,100,74,45,40,35,2,1,1787416599.382637,G1,T01,sotto_banco_movimenti,1,static
8173098,1,1,1,64,47,100,100,1,100,100,100,38,29,15,18,9,13,0,0,100,100,100,75,48,40,36,3,1,1787416599.590072,G1,T01,sotto_banco_movimenti,1,static
8173298,1,1,1,55,66,100,100,1,100,100,100,17,18,17,8,9,5,0,0,100,100,100,77,49,40,37,3,1,1787416599.780633,G1,T01,sotto_banco_movimenti,1,static
8173498,1,1,1,57,56,100,100,1,100,100,100,63,20,8,2,9,1,0,0,100,100,100,76,49,40,38,3,1,1787416599.9887633,G1,T01,sotto_banco_movimenti,1,static
8173698,1,1,1,75,75,100,100,1,100,100,100,8,11,6,2,7,7,0,0,100,100,100,75,49,41,38,3,1,1787416600.1799774,G1,T01,sotto_banco_movimenti,1,static
8173898,1,1,1,69,30,100,100,1,100,100,100,12,8,11,9,5,1,0,0,100,100,100,73,48,38,37,3,1,1787416600.3884058,G1,T01,sotto_banco_movimenti,1,static
8174098,1,1,1,79,58,100,100,1,100,100,100,43,9,2,9,5,4,0,0,100,100,100,71,47,38,36,3,1,1787416600.5809243,G1,T01,sotto_banco_movimenti,1,static
8174298,1,1,1,59,65,100,100,0,100,100,100,53,22,10,16,10,12,0,0,100,100,100,66,44,36,34,2,1,1787416600.7880197,G1,T01,sotto_banco_movimenti,1,static
8174498,1,1,1,73,42,100,100,0,100,100,100,92,15,17,1,12,7,0,0,100,100,100,68,46,38,35,2,1,1787416600.9800198,G1,T01,sotto_banco_movimenti,1,static
8174698,1,1,1,70,30,100,100,0,100,100,100,58,15,1,11,6,9,0,0,100,100,100,69,44,38,34,2,1,1787416601.1888466,G1,T01,sotto_banco_movimenti,1,static
8174898,1,1,1,56,63,100,100,0,100,100,100,62,9,13,11,10,10,0,0,100,100,100,69,46,39,35,2,1,1787416601.3814209,G1,T01,sotto_banco_movimenti,1,static
8175098,1,1,1,73,56,100,100,0,100,100,100,62,39,20,1,10,5,0,0,100,100,100,69,44,40,35,2,1,1787416601.5901706,G1,T01,sotto_banco_movimenti,1,static
8175298,1,1,1,60,49,100,100,0,100,100,100,46,14,7,4,6,4,0,0,100,100,100,69,44,41,36,2,1,1787416601.7827969,G1,T01,sotto_banco_movimenti,1,static
8175498,1,1,1,68,41,100,100,0,100,100,100,28,17,20,9,8,11,0,0,100,100,100,70,44,43,36,3,1,1787416601.9906752,G1,T01,sotto_banco_movimenti,1,static
8175698,1,1,1,71,41,100,100,0,100,100,100,54,25,14,6,7,8,0,0,100,100,100,71,46,44,37,3,1,1787416602.1826355,G1,T01,sotto_banco_movimenti,1,static
8175898,1,1,1,75,70,100,100,0,100,100,100,64,26,4,13,9,10,0,0,100,100,100,71,49,45,38,3,1,1787416602.3925548,G1,T01,sotto_banco_movimenti,1,static
8176098,1,1,1,30,65,100,100,0,100,100,100,38,22,11,12,11,10,0,0,100,100,100,72,50,45,39,3,1,1787416602.5812361,G1,T01,sotto_banco_movimenti,1,static
8176298,1,1,1,70,58,100,100,0,100,100,100,40,39,12,18,19,15,0,0,100,100,100,70,51,47,41,3,1,1787416602.7900274,G1,T01,sotto_banco_movimenti,1,static
8176498,1,1,1,30,45,100,100,0,100,100,100,37,21,12,5,11,6,0,0,100,100,100,71,52,48,42,3,1,1787416602.9816434,G1,T01,sotto_banco_movimenti,1,static
8176698,1,1,1,46,46,100,100,0,100,100,100,74,34,7,6,8,3,0,0,100,100,100,69,53,48,42,2,1,1787416603.1888192,G1,T01,sotto_banco_movimenti,1,static
8176898,1,1,1,30,30,100,100,0,100,100,100,28,8,4,6,1,3,0,0,100,100,100,71,53,50,43,2,1,1787416603.3838055,G1,T01,sotto_banco_movimenti,1,static
8177098,1,1,1,69,66,100,100,0,100,100,100,33,12,5,5,3,4,0,0,100,100,100,71,51,51,42,3,1,1787416603.5879095,G1,T01,sotto_banco_movimenti,1,static
8177298,1,1,1,46,77,100,100,0,100,100,100,37,14,9,9,7,9,0,0,100,100,100,68,52,50,41,3,1,1787416603.7864864,G1,T01,sotto_banco_movimenti,1,static
8177498,1,1,1,63,57,100,100,0,100,100,100,22,10,15,13,13,13,0,0,100,100,100,68,53,51,41,3,1,1787416603.9875164,G1,T01,sotto_banco_movimenti,1,static
8177698,1,1,1,49,70,100,100,0,100,100,100,54,19,14,18,11,13,0,0,100,100,100,71,56,51,43,3,1,1787416604.188325,G1,T01,sotto_banco_movimenti,1,static
8177898,1,1,1,63,67,100,100,0,100,100,100,43,10,8,10,10,4,0,0,100,100,100,71,57,53,43,3,1,1787416604.3897943,G1,T01,sotto_banco_movimenti,1,static
8178098,1,1,1,48,59,100,100,0,100,100,77,15,12,16,7,7,2,0,0,100,100,100,72,59,53,44,3,1,1787416604.5915825,G1,T01,sotto_banco_movimenti,1,static
8178298,1,1,1,43,47,100,100,0,100,100,100,38,17,4,8,9,6,0,0,100,100,100,73,57,54,43,3,1,1787416604.792089,G1,T01,sotto_banco_movimenti,1,static
8178498,1,1,1,60,66,100,100,0,100,100,100,6,15,10,15,12,9,0,0,100,100,100,71,58,54,42,3,1,1787416604.9920669,G1,T01,sotto_banco_movimenti,1,static
8178698,1,1,1,67,39,100,100,0,100,100,100,50,35,12,11,5,10,0,0,100,100,100,73,58,53,43,2,1,1787416605.1931965,G1,T01,sotto_banco_movimenti,1,static
8178898,1,1,1,30,30,100,100,0,100,100,100,73,29,5,9,6,7,0,0,100,100,100,73,58,52,43,3,1,1787416605.3927581,G1,T01,sotto_banco_movimenti,1,static
8179098,1,1,1,65,45,100,100,0,100,100,100,81,21,14,8,14,8,0,0,100,100,100,72,60,51,43,3,1,1787416605.5823686,G1,T01,sotto_banco_movimenti,1,static
8179298,1,1,1,66,71,100,100,0,100,100,100,35,13,12,4,9,11,0,0,100,100,100,70,59,51,42,3,1,1787416605.7902615,G1,T01,sotto_banco_movimenti,1,static
8179498,1,1,1,65,80,100,100,0,100,100,100,25,9,6,7,8,4,0,0,100,100,100,68,60,50,42,3,1,1787416605.9832008,G1,T01,sotto_banco_movimenti,1,static
8179698,1,1,1,53,63,100,100,0,100,100,100,51,19,14,9,8,10,0,0,100,100,100,67,58,49,41,3,1,1787416606.190013,G1,T01,sotto_banco_movimenti,1,static
8179898,1,1,1,61,60,100,100,0,100,100,100,55,13,14,5,11,9,0,0,100,100,100,66,56,48,39,3,1,1787416606.3824313,G1,T01,sotto_banco_movimenti,1,static
8180098,1,1,1,63,79,100,100,1,100,100,74,20,19,4,6,10,7,0,0,100,100,100,65,54,47,38,3,1,1787416606.588763,G1,T01,sotto_banco_movimenti,1,static
8180298,1,1,1,63,78,100,100,1,100,100,100,47,8,1,10,7,2,0,0,100,100,100,64,52,45,35,3,1,1787416606.7800848,G1,T01,sotto_banco_movimenti,1,static
8180498,1,1,1,72,70,100,100,1,100,100,100,69,16,3,6,6,3,0,0,100,100,100,61,49,42,33,3,1,1787416606.9886665,G1,T01,sotto_banco_movimenti,1,static
8180698,1,1,1,75,70,100,100,1,100,100,100,24,11,7,8,12,4,0,0,100,100,100,62,48,41,32,3,1,1787416607.1805458,G1,T01,sotto_banco_movimenti,1,static
8180898,1,1,1,58,69,100,100,1,100,100,100,52,21,8,4,7,5,0,0,100,100,100,61,46,40,31,3,1,1787416607.387551,G1,T01,sotto_banco_movimenti,1,static
8181098,1,1,1,30,86,100,100,1,100,100,84,23,4,1,14,10,10,0,0,100,100,100,59,47,39,31,3,1,1787416607.5785143,G1,T01,sotto_banco_movimenti,1,static
8181298,1,1,1,30,75,100,100,1,100,100,96,54,31,15,11,8,8,0,0,100,100,100,61,48,39,33,2,1,1787416607.7864025,G1,T01,sotto_banco_movimenti,1,static
8181498,1,1,1,30,39,100,100,1,100,100,50,56,25,6,4,5,6,0,0,100,100,100,60,45,38,32,3,1,1787416607.9783144,G1,T01,sotto_banco_movimenti,1,static
8181698,1,1,1,70,69,100,100,1,100,100,100,59,27,11,10,9,3,0,0,100,100,100,59,44,38,30,3,1,1787416608.1857839,G1,T01,sotto_banco_movimenti,1,static
8181898,1,1,1,55,69,100,100,1,100,100,100,36,8,4,11,8,9,0,0,100,100,100,56,42,36,30,3,1,1787416608.3935537,G1,T01,sotto_banco_movimenti,1,static
8182098,1,1,1,40,45,100,100,1,100,100,100,58,14,11,4,7,3,0,0,100,100,100,55,41,35,30,3,1,1787416608.5851598,G1,T01,sotto_banco_movimenti,1,static
8182298,1,1,1,77,72,100,100,1,100,100,100,73,26,4,11,6,6,0,0,100,100,100,54,41,34,30,3,1,1787416608.7931206,G1,T01,sotto_banco_movimenti,1,static
8182498,1,1,1,57,63,100,100,1,100,100,100,25,6,11,9,8,7,0,0,100,100,100,54,40,33,29,3,1,1787416608.9849262,G1,T01,sotto_banco_movimenti,1,static
8182698,1,1,1,92,59,100,100,1,30,100,100,87,31,10,1,5,5,0,0,100,100,100,51,39,32,27,3,1,1787416609.1936681,G1,T01,sotto_banco_movimenti,1,static
8182898,1,1,1,39,30,100,100,1,100,100,100,34,22,16,9,12,7,0,0,100,100,100,52,37,32,26,3,1,1787416609.3858166,G1,T01,sotto_banco_movimenti,1,static
8183098,1,1,1,64,59,100,100,1,100,100,100,24,11,4,10,10,6,0,0,100,100,100,50,35,30,25,3,1,1787416609.592822,G1,T01,sotto_banco_movimenti,1,static
8183298,1,1,1,63,45,100,100,1,100,100,71,54,23,11,8,10,5,0,0,100,100,100,51,38,32,27,3,1,1787416609.7847044,G1,T01,sotto_banco_movimenti,1,static
8183498,1,1,1,69,58,100,100,0,100,100,100,56,29,9,12,4,10,0,0,100,100,100,51,38,31,27,2,1,1787416609.9923525,G1,T01,sotto_banco_movimenti,1,static
8183698,1,1,1,55,30,100,100,0,100,100,100,5,3,14,7,6,9,0,0,100,100,100,51,39,32,27,2,1,1787416610.1839938,G1,T01,sotto_banco_movimenti,1,static
8183898,1,1,1,42,74,100,100,0,100,100,100,54,10,10,5,11,4,0,0,100,100,100,51,38,32,28,3,1,1787416610.3924708,G1,T01,sotto_banco_movimenti,1,static
8184098,1,1,1,65,65,100,100,0,100,100,100,34,31,18,11,9,15,0,0,100,100,100,51,38,31,28,3,1,1787416610.5851915,G1,T01,sotto_banco_movimenti,1,static
8184298,1,1,1,84,66,100,100,0,100,100,100,37,30,5,6,10,2,0,0,100,100,100,51,38,32,29,3,1,1787416610.793582,G1,T01,sotto_banco_movimenti,1,static
8184498,1,1,1,81,79,100,100,0,100,100,100,32,8,11,14,7,4,0,0,100,100,100,53,40,33,30,3,1,1787416610.9842916,G1,T01,sotto_banco_movimenti,1,static
8184698,1,1,1,72,62,100,100,0,100,100,100,39,26,14,6,10,7,0,0,100,100,100,53,41,34,31,3,1,1787416611.1920633,G1,T01,sotto_banco_movimenti,1,static
8184898,1,1,1,56,75,100,100,0,100,100,100,17,10,13,13,7,10,0,0,100,100,100,54,42,34,31,3,1,1787416611.38389,G1,T01,sotto_banco_movimenti,1,static
8185098,1,1,1,56,65,100,100,0,100,100,100,72,20,17,16,14,11,0,0,100,100,100,55,43,36,32,3,1,1787416611.591232,G1,T01,sotto_banco_movimenti,1,static
8185298,1,1,1,55,41,100,100,0,100,100,100,53,28,8,16,12,11,0,0,100,100,100,54,44,37,32,3,1,1787416611.781826,G1,T01,sotto_banco_movimenti,1,static
8185498,1,1,1,56,59,100,100,0,100,100,100,60,20,18,18,15,14,0,0,100,100,100,56,46,38,34,3,1,1787416611.9903398,G1,T01,sotto_banco_movimenti,1,static
8185698,1,1,1,65,59,100,100,0,100,100,100,70,16,26,9,9,5,0,0,100,100,100,59,46,39,34,3,1,1787416612.181934,G1,T01,sotto_banco_movimenti,1,static
8185898,1,1,1,59,54,100,100,0,100,100,100,91,15,24,8,14,9,0,0,100,100,100,64,47,42,36,3,1,1787416612.3899415,G1,T01,sotto_banco_movimenti,1,static
8186098,1,1,1,66,55,100,100,0,100,100,100,40,13,11,9,10,11,0,0,100,100,100,68,48,45,37,3,1,1787416612.5818062,G1,T01,sotto_banco_movimenti,1,static
8186298,1,1,1,66,50,100,100,0,100,100,100,93,54,6,6,9,4,0,0,100,100,100,69,48,47,38,3,1,1787416612.7890072,G1,T01,sotto_banco_movimenti,1,static
8186498,1,1,1,70,70,100,100,0,100,100,100,13,20,9,7,2,4,0,0,100,100,100,68,48,46,37,3,1,1787416612.9812963,G1,T01,sotto_banco_movimenti,1,static
8186698,1,1,1,75,80,100,100,0,100,100,100,50,30,4,5,5,2,0,0,100,100,100,68,49,46,38,3,1,1787416613.1882885,G1,T01,sotto_banco_movimenti,1,static
8186898,1,1,1,80,75,100,100,0,100,100,100,14,11,9,7,3,2,0,0,100,100,100,67,50,46,37,3,1,1787416613.3794935,G1,T01,sotto_banco_movimenti,1,static
8187098,1,1,1,54,77,100,100,0,100,100,100,63,48,11,7,10,5,0,0,100,100,100,67,51,47,38,3,1,1787416613.585818,G1,T01,sotto_banco_movimenti,1,static
8187298,1,1,1,60,59,100,100,0,100,100,100,14,29,12,17,10,10,0,0,100,100,100,66,51,45,37,3,1,1787416613.7928224,G1,T01,sotto_banco_movimenti,1,static
8187498,1,1,1,68,69,100,100,0,100,100,100,54,10,4,12,10,7,0,0,100,100,100,65,52,46,37,3,1,1787416613.9846425,G1,T01,sotto_banco_movimenti,1,static
8187698,1,1,1,67,83,100,100,0,100,100,100,29,11,10,19,12,10,0,0,100,100,100,64,53,46,36,3,1,1787416614.192569,G1,T01,sotto_banco_movimenti,1,static
8187898,1,1,1,70,62,100,100,0,100,100,100,51,17,21,13,11,11,0,0,100,100,100,68,56,47,38,3,1,1787416614.3841805,G1,T01,sotto_banco_movimenti,1,static
8188098,1,1,1,58,72,100,100,0,100,100,100,62,29,10,14,13,10,0,0,100,100,100,68,57,48,39,3,1,1787416614.5915449,G1,T01,sotto_banco_movimenti,1,static
8188298,1,1,1,55,55,100,100,0,100,100,100,100,40,4,4,6,8,0,0,100,100,100,70,58,48,39,3,1,1787416614.7830133,G1,T01,sotto_banco_movimenti,1,static
8188498,1,1,1,65,55,100,100,0,100,100,100,57,21,14,12,17,11,0,0,100,100,100,71,59,50,40,3,1,1787416614.9910197,G1,T01,sotto_banco_movimenti,1,static
8188698,1,1,1,62,30,100,100,0,100,100,100,33,5,22,5,10,9,0,0,100,100,100,71,57,48,39,3,1,1787416615.1834636,G1,T01,sotto_banco_movimenti,1,static
8188898,1,1,1,70,64,100,100,1,100,100,100,58,40,4,10,6,2,0,0,100,100,100,70,57,47,39,3,1,1787416615.3916428,G1,T01,sotto_banco_movimenti,1,static
8189098,1,1,1,63,30,100,100,1,100,100,100,80,13,8,7,4,8,0,0,100,100,100,68,55,45,37,3,1,1787416615.586092,G1,T01,sotto_banco_movimenti,1,static
8189298,1,1,1,61,85,100,100,1,100,100,100,44,16,7,14,6,11,0,0,100,100,100,67,54,43,36,3,1,1787416615.791128,G1,T01,sotto_banco_movimenti,1,static
8189498,1,1,1,30,75,100,100,1,100,84,25,37,9,9,6,4,4,0,0,100,100,100,66,51,42,33,3,1,1787416615.983422,G1,T01,sotto_banco_movimenti,1,static
8189698,1,1,1,81,63,100,100,1,65,100,100,29,14,9,2,7,6,0,0,100,100,100,61,50,40,31,3,1,1787416616.1911483,G1,T01,sotto_banco_movimenti,1,static
8189898,1,1,1,71,77,100,100,1,100,100,100,44,22,2,6,1,10,0,0,100,100,100,56,49,37,29,3,1,1787416616.382636,G1,T01,sotto_banco_movimenti,1,static
8190098,1,1,1,60,57,100,100,1,100,100,100,86,30,18,9,9,10,0,0,100,100,100,54,47,35,28,3,1,1787416616.5905406,G1,T01,sotto_banco_movimenti,1,static
8190298,1,1,1,66,65,100,100,1,100,100,100,15,21,5,6,4,5,0,0,100,100,100,53,48,34,29,3,1,1787416616.7821033,G1,T01,sotto_banco_movimenti,1,static
8190498,1,1,1,55,45,100,100,1,100,100,100,81,42,13,8,13,6,0,0,100,100,100,53,48,35,30,3,1,1787416616.990277,G1,T01,sotto_banco_movimenti,1,static
8190698,1,1,1,69,58,100,100,1,100,100,100,22,10,13,14,8,13,0,0,100,100,100,55,51,37,31,3,1,1787416617.1828942,G1,T01,sotto_banco_movimenti,1,static
8190898,1,1,1,59,65,100,100,1,100,100,100,22,12,20,20,16,16,0,0,100,100,100,58,52,40,34,3,1,1787416617.391142,G1,T01,sotto_banco_movimenti,1,static
8191098,1,1,1,59,48,100,100,1,100,100,100,35,15,22,13,10,11,0,0,100,100,100,62,55,42,36,3,1,1787416617.5879395,G1,T01,sotto_banco_movimenti,1,static
8191298,1,1,1,52,77,100,100,1,100,100,79,61,29,6,7,10,8,0,0,100,100,100,62,53,44,37,3,1,1787416617.7916827,G1,T01,sotto_banco_movimenti,1,static
8191498,1,1,1,30,57,100,100,1,100,100,100,33,13,19,7,7,9,0,0,100,100,100,66,52,45,38,3,1,1787416617.983436,G1,T01,sotto_banco_movimenti,1,static
8191698,1,1,1,56,80,100,100,1,100,100,42,46,10,5,3,1,3,0,0,100,100,100,66,50,44,37,3,1,1787416618.1905236,G1,T01,sotto_banco_movimenti,1,static
8191898,1,1,1,72,86,100,100,1,100,100,100,26,19,6,14,4,2,0,0,100,100,100,63,49,42,36,3,1,1787416618.3814743,G1,T01,sotto_banco_movimenti,1,static
8192098,1,1,1,70,69,100,100,1,100,100,100,36,30,9,20,15,12,0,0,100,100,100,62,50,42,36,3,1,1787416618.5890145,G1,T01,sotto_banco_movimenti,1,static
8192298,1,1,1,52,76,100,100,0,100,100,100,56,27,6,13,6,2,0,0,100,100,100,61,51,43,36,3,1,1787416618.781885,G1,T01,sotto_banco_movimenti,1,static
8192498,1,1,1,41,70,100,100,0,100,100,100,34,23,11,10,8,7,0,0,100,100,100,61,49,42,35,3,1,1787416618.990297,G1,T01,sotto_banco_movimenti,1,static
8192698,1,1,1,52,59,100,100,0,100,100,100,34,41,9,24,13,16,0,0,100,100,100,60,54,45,38,3,1,1787416619.1823204,G1,T01,sotto_banco_movimenti,1,static
8192898,1,1,1,70,63,100,100,0,100,100,100,22,24,19,9,16,12,0,0,100,100,100,62,54,47,39,3,1,1787416619.3903446,G1,T01,sotto_banco_movimenti,1,static
8193098,1,1,1,68,41,100,100,0,100,100,100,24,17,7,4,1,2,0,0,100,100,100,66,57,52,42,3,1,1787416619.5893836,G1,T01,sotto_banco_movimenti,1,static
8193298,1,1,1,63,45,100,100,0,100,100,100,100,24,16,5,10,8,0,0,100,100,100,70,56,54,43,3,1,1787416619.7882526,G1,T01,sotto_banco_movimenti,1,static
8193498,1,1,1,30,61,100,100,0,100,100,100,38,12,14,4,7,3,0,0,100,100,100,72,57,54,43,3,1,1787416619.9811835,G1,T01,sotto_banco_movimenti,1,static
8193698,1,1,1,71,60,100,100,0,100,100,100,46,13,8,6,5,3,0,0,100,100,100,75,57,55,45,3,1,1787416620.1877608,G1,T01,sotto_banco_movimenti,1,static
8193898,1,1,1,41,47,100,100,0,100,100,100,37,30,6,14,8,5,0,0,100,100,100,75,60,57,47,3,1,1787416620.38054,G1,T01,sotto_banco_movimenti,1,static
8194098,1,1,1,45,53,100,100,0,100,100,100,70,17,13,10,11,9,0,0,100,100,100,76,61,58,47,3,1,1787416620.5898728,G1,T01,sotto_banco_movimenti,1,static
8194298,1,1,1,43,70,100,100,0,100,100,100,32,16,12,8,9,4,0,0,100,100,100,79,62,58,47,3,1,1787416620.7803967,G1,T01,sotto_banco_movimenti,1,static
8194498,1,1,1,52,65,100,100,0,100,100,100,52,18,5,8,4,6,0,0,100,100,100,78,62,58,46,3,1,1787416620.9866364,G1,T01,sotto_banco_movimenti,1,static
8194698,1,1,1,55,70,100,100,0,100,100,100,59,24,7,3,10,5,0,0,100,100,100,76,60,57,45,3,1,1787416621.1782656,G1,T01,sotto_banco_movimenti,1,static
8194898,1,1,1,60,50,100,100,0,100,100,100,51,28,5,10,6,9,0,0,100,100,100,72,57,55,43,3,1,1787416621.3872597,G1,T01,sotto_banco_movimenti,1,static
8195098,1,1,1,66,63,100,100,0,100,100,100,26,20,18,13,18,12,0,0,100,100,100,73,58,55,44,3,1,1787416621.5913696,G1,T01,sotto_banco_movimenti,1,static
8195298,1,1,1,30,70,100,100,0,100,100,100,65,13,21,11,11,11,0,0,100,100,100,76,59,55,44,3,1,1787416621.7871573,G1,T01,sotto_banco_movimenti,1,static
8195498,1,1,1,53,71,100,100,0,100,100,100,64,15,8,11,3,9,0,0,100,100,100,74,59,55,43,3,1,1787416621.9793978,G1,T01,sotto_banco_movimenti,1,static
8195698,1,1,1,47,42,100,100,0,100,100,100,55,17,13,14,12,11,0,0,100,100,100,74,62,56,45,3,1,1787416622.1874452,G1,T01,sotto_banco_movimenti,1,static
8195898,1,1,1,48,42,100,100,0,100,100,100,91,26,7,9,5,5,0,0,100,100,100,74,62,57,45,3,1,1787416622.3792615,G1,T01,sotto_banco_movimenti,1,static
8196098,1,1,1,66,71,100,100,0,100,100,48,57,38,10,11,8,8,0,0,100,100,100,74,59,55,44,3,1,1787416622.5931673,G1,T01,sotto_banco_movimenti,1,static
8196298,1,1,1,65,68,100,100,0,100,100,100,54,25,13,13,5,11,0,0,100,100,100,75,59,55,44,3,1,1787416622.7790492,G1,T01,sotto_banco_movimenti,1,static
8196498,1,1,1,73,44,100,100,0,100,100,100,46,20,9,7,4,4,0,0,100,100,100,76,60,54,45,3,1,1787416622.9862983,G1,T01,sotto_banco_movimenti,1,static
8196698,1,1,1,73,62,100,100,0,100,100,100,95,8,15,7,11,9,0,0,100,100,100,77,56,53,42,3,1,1787416623.1929061,G1,T01,sotto_banco_movimenti,1,static
8196898,1,1,1,58,42,100,100,0,100,100,100,14,10,20,9,9,8,0,0,100,100,100,77,55,53,43,3,1,1787416623.385605,G1,T01,sotto_banco_movimenti,1,static
8197098,1,1,1,75,42,100,100,0,100,100,100,26,28,13,16,11,10,0,0,100,100,100,74,59,52,44,3,1,1787416623.5935338,G1,T01,sotto_banco_movimenti,1,static
8197298,1,1,1,57,64,100,100,0,100,100,100,38,9,4,9,7,6,0,0,100,100,100,75,61,53,45,3,1,1787416623.784694,G1,T01,sotto_banco_movimenti,1,static
8197498,1,1,1,30,30,100,100,0,100,100,100,36,21,16,7,11,8,0,0,100,100,100,75,64,54,46,3,1,1787416623.9914498,G1,T01,sotto_banco_movimenti,1,static
8197698,1,1,1,67,55,100,100,1,100,100,100,43,15,8,11,3,10,0,0,100,100,100,73,63,53,45,3,1,1787416624.182781,G1,T01,sotto_banco_movimenti,1,static
8197898,1,1,1,64,55,100,100,1,100,100,100,61,33,15,14,14,12,0,0,100,100,100,74,63,53,46,3,1,1787416624.3915126,G1,T01,sotto_banco_movimenti,1,static
8198098,1,1,1,30,30,100,100,1,100,100,100,100,54,11,12,7,6,0,0,100,100,100,71,62,53,45,3,1,1787416624.5942,G1,T01,sotto_banco_movimenti,1,static
8198298,1,1,1,60,60,100,100,1,100,100,100,48,13,9,6,5,3,0,0,100,100,100,70,61,53,45,2,1,1787416624.7915661,G1,T01,sotto_banco_movimenti,1,static
8198498,1,1,1,75,30,100,100,1,100,100,100,21,12,13,4,4,5,0,0,100,100,100,73,61,54,46,3,1,1787416624.9833095,G1,T01,sotto_banco_movimenti,1,static
8198698,1,1,1,60,30,100,100,1,100,100,100,28,8,8,16,5,12,0,0,100,100,100,75,63,54,47,3,1,1787416625.1913815,G1,T01,sotto_banco_movimenti,1,static
8198898,1,1,1,62,30,100,100,1,100,100,100,66,23,9,5,10,6,0,0,100,100,100,76,64,55,47,3,1,1787416625.3835177,G1,T01,sotto_banco_movimenti,1,static
8199098,1,1,1,30,30,100,100,1,100,100,100,85,42,31,16,14,12,0,0,100,100,100,75,64,53,46,3,1,1787416625.5915403,G1,T01,sotto_banco_movimenti,1,static
8199298,1,1,1,67,43,100,100,1,100,100,100,47,30,3,11,6,9,0,0,100,100,100,70,62,52,44,3,1,1787416625.7838306,G1,T01,sotto_banco_movimenti,1,static
8199498,1,1,1,66,30,100,100,1,100,100,100,100,34,11,9,12,6,0,0,100,100,100,70,63,52,45,3,1,1787416625.9914417,G1,T01,sotto_banco_movimenti,1,static
8199698,1,1,1,67,65,100,100,1,100,100,100,38,37,14,5,5,9,0,0,100,100,100,71,61,50,44,3,1,1787416626.1827857,G1,T01,sotto_banco_movimenti,1,static
8199898,1,1,1,49,54,100,100,1,100,100,70,71,26,1,9,9,3,0,0,100,100,100,70,60,50,43,3,1,1787416626.389477,G1,T01,sotto_banco_movimenti,1,static
8200098,1,1,1,65,44,100,100,1,100,100,100,59,16,2,4,6,2,0,0,100,100,100,70,61,52,45,3,1,1787416626.5813715,G1,T01,sotto_banco_movimenti,1,static
8200298,1,1,1,30,73,100,100,1,100,100,100,31,23,12,17,11,12,0,0,100,100,100,69,62,53,46,3,1,1787416626.7897727,G1,T01,sotto_banco_movimenti,1,static
8200498,1,1,1,30,72,100,100,1,100,100,100,79,22,7,2,3,3,0,0,100,100,100,68,63,53,46,3,1,1787416626.9814055,G1,T01,sotto_banco_movimenti,1,static
8200698,1,1,1,75,30,100,100,1,100,100,100,30,12,11,3,6,6,0,0,100,100,100,67,64,53,47,3,1,1787416627.1895978,G1,T01,sotto_banco_movimenti,1,static
8200898,1,1,1,63,73,100,100,1,100,100,100,27,8,12,11,4,11,0,0,100,100,100,66,65,52,47,3,1,1787416627.3824985,G1,T01,sotto_banco_movimenti,1,static
8201098,1,1,1,53,71,100,100,0,100,100,100,25,17,7,4,7,3,0,0,100,100,100,65,59,48,44,3,1,1787416627.5901814,G1,T01,sotto_banco_movimenti,1,static
8201298,1,1,1,60,52,100,100,0,100,100,100,26,19,6,13,6,11,0,0,100,100,100,60,56,46,42,3,1,1787416627.78306,G1,T01,sotto_banco_movimenti,1,static
8201498,1,1,1,67,65,100,100,0,100,100,100,73,12,11,11,1,3,0,0,100,100,100,61,55,44,42,3,1,1787416627.9896452,G1,T01,sotto_banco_movimenti,1,static
8201698,1,1,1,50,60,100,100,0,100,100,41,64,30,8,5,3,8,0,0,100,100,100,63,54,44,42,3,1,1787416628.1821263,G1,T01,sotto_banco_movimenti,1,static
8201898,1,1,1,62,53,100,100,0,100,100,100,21,29,14,9,10,8,0,0,100,100,100,64,54,45,42,3,1,1787416628.3898861,G1,T01,sotto_banco_movimenti,1,static
8202098,1,1,1,59,78,100,100,0,100,100,100,80,21,13,5,4,1,0,0,100,100,100,65,53,44,41,3,1,1787416628.5822415,G1,T01,sotto_banco_movimenti,1,static
8202298,1,1,1,67,46,100,100,0,100,100,100,35,6,11,12,14,8,0,0,100,100,100,65,54,45,42,3,1,1787416628.7894404,G1,T01,sotto_banco_movimenti,1,static
8202498,1,1,1,69,41,100,100,0,100,100,100,61,17,24,6,14,9,0,0,100,100,100,66,54,45,41,3,1,1787416628.9831812,G1,T01,sotto_banco_movimenti,1,static
8202698,1,1,1,62,53,100,100,0,100,100,100,17,15,9,12,10,12,0,0,100,100,100,66,55,45,42,3,1,1787416629.1873615,G1,T01,sotto_banco_movimenti,1,static
8202898,1,1,1,51,45,100,100,0,100,100,100,28,8,10,12,8,7,0,0,100,100,100,66,54,44,41,3,1,1787416629.3945813,G1,T01,sotto_banco_movimenti,1,static
8203098,1,1,1,62,73,100,100,0,100,100,100,22,47,9,12,9,10,0,0,100,100,100,64,53,43,41,3,1,1787416629.586323,G1,T01,sotto_banco_movimenti,1,static
8203298,1,1,1,52,47,100,100,0,100,100,100,57,28,6,4,8,6,0,0,100,100,100,69,54,45,42,3,1,1787416629.7941382,G1,T01,sotto_banco_movimenti,1,static
8203498,1,1,1,70,60,100,100,0,100,100,100,32,3,18,9,8,11,0,0,100,100,100,68,52,45,42,3,1,1787416629.986248,G1,T01,sotto_banco_movimenti,1,static
8203698,1,1,1,52,62,100,100,0,100,100,100,100,20,23,10,12,9,0,0,100,100,100,70,54,47,42,3,1,1787416630.1939209,G1,T01,sotto_banco_movimenti,1,static
8203898,1,1,1,63,63,100,100,0,100,100,100,46,29,10,11,11,6,0,0,100,100,100,70,56,47,44,3,1,1787416630.3876474,G1,T01,sotto_banco_movimenti,1,static
8204098,1,1,1,67,72,100,100,0,100,100,100,35,23,8,8,5,2,0,0,100,100,100,72,56,47,42,3,1,1787416630.5942903,G1,T01,sotto_banco_movimenti,1,static
8204298,1,1,1,53,38,100,100,0,100,100,100,26,7,14,16,10,10,0,0,100,100,100,73,54,46,41,3,1,1787416630.7867484,G1,T01,sotto_banco_movimenti,1,static
8204498,1,1,1,53,62,100,100,0,100,100,100,54,35,5,7,8,9,0,0,100,100,100,72,55,46,41,3,1,1787416630.9942276,G1,T01,sotto_banco_movimenti,1,static
8204698,1,1,1,50,65,100,100,0,100,100,100,43,5,8,13,8,10,0,0,100,100,100,73,57,46,42,3,1,1787416631.1851804,G1,T01,sotto_banco_movimenti,1,static
8204898,1,1,1,72,60,100,100,0,100,100,100,35,15,32,26,22,21,0,0,100,100,100,79,61,50,45,3,1,1787416631.3945816,G1,T01,sotto_banco_movimenti,1,static
8205098,1,1,1,57,30,100,100,0,100,100,100,49,22,10,15,15,13,0,0,100,100,100,81,62,52,46,3,1,1787416631.584657,G1,T01,sotto_banco_movimenti,1,static
8205298,1,1,1,59,47,100,100,0,100,100,100,6,7,11,12,12,8,0,0,100,100,100,81,63,53,46,3,1,1787416631.7926023,G1,T01,sotto_banco_movimenti,1,static
8205498,1,1,1,71,65,100,100,0,100,100,100,18,29,12,5,2,4,0,0,100,100,100,81,62,54,46,3,1,1787416631.9839845,G1,T01,sotto_banco_movimenti,1,static
8205698,1,1,1,55,74,100,100,0,100,100,100,92,36,6,13,9,8,0,0,100,100,100,80,64,54,46,3,1,1787416632.1916428,G1,T01,sotto_banco_movimenti,1,static
8205898,1,1,1,79,67,100,100,0,68,100,100,38,24,13,4,4,3,0,0,100,100,100,79,63,52,44,3,1,1787416632.3839395,G1,T01,sotto_banco_movimenti,1,static
8206098,1,1,1,73,67,100,100,0,100,100,100,76,30,11,12,8,9,0,0,100,100,100,80,64,53,45,3,1,1787416632.5915716,G1,T01,sotto_banco_movimenti,1,static
8206298,1,1,1,70,69,100,100,0,100,100,100,16,27,11,10,5,8,0,0,100,100,100,80,64,51,44,3,1,1787416632.7834468,G1,T01,sotto_banco_movimenti,1,static
8206498,1,1,1,47,73,100,100,0,100,100,100,69,27,17,4,10,7,0,0,100,100,100,77,63,50,44,3,1,1787416632.991049,G1,T01,sotto_banco_movimenti,1,static
8206698,1,1,1,52,65,100,100,1,100,100,100,28,7,4,13,4,8,0,0,100,100,100,75,65,51,45,3,1,1787416633.1828282,G1,T01,sotto_banco_movimenti,1,static
8206898,1,1,1,56,55,100,100,1,100,100,100,36,20,16,16,13,11,0,0,100,100,100,78,67,53,47,3,1,1787416633.3909862,G1,T01,sotto_banco_movimenti,1,static
8207098,1,1,1,49,30,100,100,1,100,100,100,32,22,14,10,8,9,0,0,100,100,100,80,68,55,48,3,1,1787416633.5829794,G1,T01,sotto_banco_movimenti,1,static
8207298,1,1,1,72,60,100,100,1,100,100,100,36,14,18,18,11,17,0,0,100,100,100,79,68,54,48,3,1,1787416633.7913003,G1,T01,sotto_banco_movimenti,1,static
8207498,1,1,1,62,76,100,100,1,100,100,100,73,25,19,3,7,9,0,0,100,100,100,81,68,53,48,3,1,1787416633.9871137,G1,T01,sotto_banco_movimenti,1,static
8207698,1,1,1,43,53,100,100,1,100,100,100,69,34,5,2,3,3,0,0,100,100,100,79,67,52,48,3,1,1787416634.191155,G1,T01,sotto_banco_movimenti,1,static
8207898,1,1,1,66,67,100,100,1,100,100,100,33,16,14,6,6,7,0,0,100,100,100,82,65,54,49,3,1,1787416634.383179,G1,T01,sotto_banco_movimenti,1,static
8208098,1,1,1,70,74,100,100,1,100,100,100,6,32,12,10,10,8,0,0,100,100,100,82,66,53,50,3,1,1787416634.5908315,G1,T01,sotto_banco_movimenti,1,static
8208298,1,1,1,57,48,100,100,1,100,100,100,92,14,6,10,9,5,0,0,100,100,100,81,64,52,49,3,1,1787416634.7821825,G1,T01,sotto_banco_movimenti,1,static
8208498,1,1,1,70,68,100,100,1,100,100,100,31,5,5,7,7,2,0,0,100,100,100,80,64,50,47,3,1,1787416634.989302,G1,T01,sotto_banco_movimenti,1,static
8208698,1,1,1,62,51,100,100,1,100,100,100,67,31,14,3,5,1,0,0,100,100,100,78,61,48,45,3,1,1787416635.1936402,G1,T01,sotto_banco_movimenti,1,static
8208898,1,1,1,62,69,100,100,1,100,100,100,87,33,7,9,7,8,0,0,100,100,100,72,58,46,43,3,1,1787416635.3881147,G1,T01,sotto_banco_movimenti,1,static
8209098,1,1,1,82,63,100,100,1,100,100,100,100,12,8,6,3,4,0,0,100,100,100,70,58,46,42,3,1,1787416635.5793738,G1,T01,sotto_banco_movimenti,1,static
8209298,1,1,1,52,30,100,100,1,100,100,61,25,20,7,8,2,5,0,0,100,100,100,73,59,47,44,3,1,1787416635.7875059,G1,T01,sotto_banco_movimenti,1,static
8209498,1,1,1,60,39,100,100,1,100,100,100,44,21,18,18,11,15,0,0,100,100,100,75,60,47,45,3,1,1787416635.9887357,G1,T01,sotto_banco_movimenti,1,static
8209698,1,1,1,68,62,100,100,1,100,100,100,38,21,11,5,5,3,0,0,100,100,100,76,63,50,48,3,1,1787416636.1866946,G1,T01,sotto_banco_movimenti,1,static
8209898,1,1,1,73,72,100,100,1,100,100,100,42,16,7,8,8,8,0,0,100,100,100,75,64,51,48,3,1,1787416636.3793354,G1,T01,sotto_banco_movimenti,1,static
8210098,1,1,1,59,67,100,100,0,100,100,100,50,19,9,5,6,4,0,0,100,100,100,76,64,53,50,3,1,1787416636.5882983,G1,T01,sotto_banco_movimenti,1,static
8210298,1,1,1,51,30,100,100,0,100,100,100,38,11,2,14,6,9,0,0,100,100,100,76,64,53,50,3,1,1787416636.7942536,G1,T01,sotto_banco_movimenti,1,static
8210498,1,1,1,58,46,100,100,0,100,100,100,88,25,8,4,5,4,0,0,100,100,100,77,63,55,49,3,1,1787416636.9899926,G1,T01,sotto_banco_movimenti,1,static
8210698,1,1,1,76,75,100,100,0,100,100,100,93,36,12,11,13,9,0,0,100,100,100,84,61,55,50,3,1,1787416637.1889472,G1,T01,sotto_banco_movimenti,1,static
8210898,1,1,1,61,76,100,100,0,100,100,100,51,2,16,4,7,6,0,0,100,100,100,83,58,53,47,3,1,1787416637.380072,G1,T01,sotto_banco_movimenti,1,static
8211098,1,1,1,70,60,100,100,0,100,100,100,17,35,9,18,12,13,0,0,100,100,100,80,58,53,47,3,1,1787416637.587216,G1,T01,sotto_banco_movimenti,1,static
8211298,1,1,1,56,70,100,100,0,100,100,100,40,17,9,12,14,7,0,0,100,100,100,78,57,52,46,3,1,1787416637.779316,G1,T01,sotto_banco_movimenti,1,static
8211498,1,1,1,63,45,100,100,0,100,100,100,26,16,5,8,8,5,0,0,100,100,100,76,59,53,46,3,1,1787416637.9903555,G1,T01,sotto_banco_movimenti,1,static
8211698,1,1,1,62,30,100,100,0,100,100,100,62,18,16,11,6,12,0,0,100,100,100,78,59,52,47,3,1,1787416638.180163,G1,T01,sotto_banco_movimenti,1,static
8211898,1,1,1,30,48,100,100,0,100,100,45,54,19,2,6,13,3,0,0,100,100,100,76,59,52,46,3,1,1787416638.3944628,G1,T01,sotto_banco_movimenti,1,static
8212098,1,1,1,69,54,100,100,0,100,100,100,34,10,8,12,2,4,0,0,100,100,100,74,58,52,45,3,1,1787416638.5934677,G1,T01,sotto_banco_movimenti,1,static
8212298,1,1,1,75,70,100,100,0,100,100,100,65,19,3,5,6,8,0,0,100,100,100,74,58,53,46,3,1,1787416638.7856278,G1,T01,sotto_banco_movimenti,1,static
8212498,1,1,1,70,82,100,100,0,100,100,86,56,19,3,7,13,3,0,0,100,100,100,73,58,54,45,3,1,1787416638.9937184,G1,T01,sotto_banco_movimenti,1,static
8212698,1,1,1,66,79,100,100,0,98,100,50,14,14,13,7,4,5,0,0,100,100,100,76,59,54,46,3,1,1787416639.1862776,G1,T01,sotto_banco_movimenti,1,static
8212898,1,1,1,70,56,100,100,0,100,100,100,36,26,12,6,6,1,0,0,100,100,100,76,56,51,44,3,1,1787416639.3790758,G1,T01,sotto_banco_movimenti,1,static
8213098,1,1,1,52,52,100,100,0,100,100,100,61,28,18,14,12,8,0,0,100,100,100,77,57,50,44,3,1,1787416639.5868018,G1,T01,sotto_banco_movimenti,1,static
8213298,1,1,1,42,63,100,100,0,100,100,100,49,19,14,6,9,3,0,0,100,100,100,74,54,49,43,3,1,1787416639.7947507,G1,T01,sotto_banco_movimenti,1,static
8213498,1,1,1,82,54,100,100,0,56,100,100,68,28,6,9,5,7,0,0,100,100,100,71,53,48,41,3,1,1787416639.9914765,G1,T01,sotto_banco_movimenti,1,static
8213698,1,1,1,49,57,100,100,0,100,100,100,47,13,7,3,9,4,0,0,100,100,100,69,50,45,38,3,1,1787416640.19424,G1,T01,sotto_banco_movimenti,1,static
8213898,1,1,1,51,94,100,100,0,100,100,100,100,61,15,8,15,11,0,0,100,100,100,70,49,45,38,3,1,1787416640.3865397,G1,T01,sotto_banco_movimenti,1,static
8214098,1,1,1,70,82,100,100,0,100,100,100,69,54,14,10,6,10,0,0,100,100,100,68,48,41,36,3,1,1787416640.5947242,G1,T01,sotto_banco_movimenti,1,static
8214298,1,1,1,69,68,100,100,0,100,100,87,79,28,17,11,4,14,0,0,100,100,100,68,47,41,36,3,1,1787416640.7861893,G1,T01,sotto_banco_movimenti,1,static
8214498,1,1,1,75,79,100,100,0,100,100,100,76,9,4,9,4,6,0,0,100,100,100,65,47,39,36,3,1,1787416640.9940078,G1,T01,sotto_banco_movimenti,1,static
8214698,1,1,1,68,71,100,100,0,100,100,100,38,33,23,13,2,10,0,0,100,100,100,63,46,37,35,3,1,1787416641.185419,G1,T01,sotto_banco_movimenti,1,static
8214898,1,1,1,72,73,100,100,0,100,100,100,35,18,3,6,3,8,0,0,100,100,100,62,48,36,35,3,1,1787416641.3929658,G1,T01,sotto_banco_movimenti,1,static
8215098,1,1,1,70,61,100,100,0,100,100,100,51,17,11,14,4,10,0,0,100,100,100,62,45,34,32,3,1,1787416641.5850835,G1,T01,sotto_banco_movimenti,1,static
8215298,1,1,1,71,56,100,100,0,100,100,100,38,28,31,21,17,17,0,0,100,100,100,68,48,36,34,3,1,1787416641.7919326,G1,T01,sotto_banco_movimenti,1,static
8215498,1,1,1,40,59,100,100,0,100,100,100,65,22,7,12,9,5,0,0,100,100,100,70,48,36,35,3,1,1787416641.993095,G1,T01,sotto_banco_movimenti,1,static
8215698,1,1,1,38,30,100,100,0,100,100,100,42,18,7,10,12,7,0,0,100,100,100,68,49,37,35,3,1,1787416642.191326,G1,T01,sotto_banco_movimenti,1,static
8215898,1,1,1,38,51,100,100,0,100,100,100,26,25,13,9,10,11,0,0,100,100,100,70,50,37,35,3,1,1787416642.384307,G1,T01,sotto_banco_movimenti,1,static
8216098,1,1,1,69,67,100,100,0,100,100,100,27,7,9,13,11,8,0,0,100,100,100,72,50,38,35,3,1,1787416642.5907326,G1,T01,sotto_banco_movimenti,1,static
8216298,1,1,1,48,66,100,100,0,100,100,100,39,20,13,13,12,12,0,0,100,100,100,73,51,39,36,4,1,1787416642.781583,G1,T01,sotto_banco_movimenti,1,static
8216498,1,1,1,71,79,100,100,0,100,100,100,17,13,6,8,2,9,0,0,100,100,100,74,50,38,37,4,1,1787416642.9945288,G1,T01,sotto_banco_movimenti,1,static
8216698,1,1,1,30,69,100,100,1,100,100,100,52,22,9,11,1,7,0,0,100,100,100,72,51,39,36,4,1,1787416643.183958,G1,T01,sotto_banco_movimenti,1,static
8216898,1,1,1,73,54,100,100,1,100,100,100,55,13,6,7,4,8,0,0,100,100,100,70,50,38,36,3,1,1787416643.3886597,G1,T01,sotto_banco_movimenti,1,static
8217098,1,1,1,56,48,100,100,1,100,100,100,38,19,12,14,10,8,0,0,100,100,100,69,51,39,36,3,1,1787416643.5862885,G1,T01,sotto_banco_movimenti,1,static
8217298,1,1,1,39,71,100,100,1,100,100,84,18,17,12,3,2,6,0,0,100,100,100,69,51,39,36,3,1,1787416643.78806,G1,T01,sotto_banco_movimenti,1,static
8217498,1,1,1,63,62,100,100,1,100,100,100,58,25,31,26,21,22,0,0,100,100,100,76,56,43,40,3,1,1787416643.995037,G1,T01,sotto_banco_movimenti,1,static
8217698,1,1,1,68,63,100,100,1,100,100,100,29,25,14,15,14,12,0,0,100,100,100,82,61,49,45,3,1,1787416644.191357,G1,T01,sotto_banco_movimenti,1,static
8217898,1,1,1,70,41,100,100,1,100,100,100,49,23,17,7,7,6,0,0,100,100,100,85,64,52,49,3,1,1787416644.3926458,G1,T01,sotto_banco_movimenti,1,static
8218098,1,1,1,63,52,100,100,1,100,100,100,67,33,4,7,6,5,0,0,100,100,100,85,65,53,50,3,1,1787416644.593931,G1,T01,sotto_banco_movimenti,1,static
8218298,1,1,1,54,61,100,100,1,100,100,37,29,4,1,4,10,6,0,0,100,100,100,83,65,53,49,3,1,1787416644.7941437,G1,T01,sotto_banco_movimenti,1,static
8218498,1,1,1,71,73,100,100,1,100,100,100,48,26,7,12,12,11,0,0,100,100,100,84,67,54,50,3,1,1787416644.993511,G1,T01,sotto_banco_movimenti,1,static
8218698,1,1,1,57,59,100,100,1,100,100,100,23,5,9,15,12,5,0,0,100,100,100,81,68,56,50,4,1,1787416645.191385,G1,T01,sotto_banco_movimenti,1,static
8218898,1,1,1,38,44,100,100,1,100,100,100,38,16,16,20,15,14,0,0,100,100,100,80,69,57,51,3,1,1787416645.3838923,G1,T01,sotto_banco_movimenti,1,static
8219098,1,1,1,62,41,100,100,1,100,100,100,35,10,13,15,10,11,0,0,100,100,100,80,71,59,52,3,1,1787416645.5953028,G1,T01,sotto_banco_movimenti,1,static
8219298,1,1,1,70,58,100,100,1,100,100,100,10,19,7,12,7,7,0,0,100,100,100,74,71,58,51,3,1,1787416645.7840207,G1,T01,sotto_banco_movimenti,1,static
8219498,1,1,1,68,63,100,100,1,100,100,100,78,63,26,41,30,28,0,0,100,100,100,76,77,62,55,3,1,1787416645.9951558,G1,T01,sotto_banco_movimenti,1,static
8219698,1,1,1,49,42,100,100,1,100,100,100,36,14,29,26,20,20,0,0,100,100,100,80,80,63,58,3,1,1787416646.1824296,G1,T01,sotto_banco_movimenti,1,static
8219898,1,1,1,48,63,100,100,1,100,100,100,12,18,24,26,25,19,0,0,100,100,100,82,84,67,61,3,1,1787416646.3884194,G1,T01,sotto_banco_movimenti,1,static
8220098,1,1,1,53,30,100,100,0,100,100,100,81,15,14,9,12,9,0,0,100,100,100,80,85,68,62,3,1,1787416646.5808513,G1,T01,sotto_banco_movimenti,1,static
8220298,1,1,1,69,56,100,100,0,100,100,100,20,10,8,8,4,5,0,0,100,100,100,79,85,68,62,3,1,1787416646.7886047,G1,T01,sotto_banco_movimenti,1,static
8220498,1,1,1,75,65,100,100,0,100,100,100,59,22,7,8,4,4,0,0,100,100,100,79,85,69,63,3,1,1787416646.9797678,G1,T01,sotto_banco_movimenti,1,static
8220698,1,1,1,57,74,100,100,0,100,100,100,24,20,10,14,11,8,0,0,100,100,100,80,87,71,65,3,1,1787416647.1883197,G1,T01,sotto_banco_movimenti,1,static
8220898,1,1,1,69,69,100,100,0,100,100,100,56,6,8,12,9,8,0,0,100,100,100,81,88,73,65,3,1,1787416647.3946319,G1,T01,sotto_banco_movimenti,1,static
8221098,1,1,1,76,39,100,100,0,100,100,100,18,9,12,6,6,3,0,0,100,100,100,81,87,71,65,3,1,1787416647.5861018,G1,T01,sotto_banco_movimenti,1,static
8221298,1,1,1,51,70,100,100,0,100,100,100,33,20,13,8,15,11,0,0,100,100,100,84,90,73,67,3,1,1787416647.7926607,G1,T01,sotto_banco_movimenti,1,static
8221498,1,1,1,30,30,100,100,0,100,100,100,75,34,10,10,12,6,0,0,100,100,100,76,85,68,63,3,1,1787416647.9852045,G1,T01,sotto_banco_movimenti,1,static
8221698,1,1,1,60,49,100,100,0,100,100,100,36,24,13,8,9,9,0,0,100,100,100,72,83,65,61,3,1,1787416648.1931708,G1,T01,sotto_banco_movimenti,1,static
8221898,1,1,1,69,56,100,100,0,100,100,100,22,13,21,27,17,18,0,0,100,100,100,70,83,64,61,3,1,1787416648.3863015,G1,T01,sotto_banco_movimenti,1,static
8222098,1,1,1,30,62,100,100,0,100,100,100,28,20,9,9,13,11,0,0,100,100,100,72,84,65,61,3,1,1787416648.592678,G1,T01,sotto_banco_movimenti,1,static
8222298,1,1,1,50,46,100,100,0,100,100,100,89,31,6,10,6,8,0,0,100,100,100,75,87,68,64,3,1,1787416648.7840073,G1,T01,sotto_banco_movimenti,1,static
8222498,1,1,1,72,73,100,100,0,100,100,100,15,21,4,9,10,7,0,0,100,100,100,74,85,68,64,3,1,1787416648.9916766,G1,T01,sotto_banco_movimenti,1,static
8222698,1,1,1,49,70,100,100,0,100,100,100,42,13,13,3,10,12,0,0,100,100,100,76,84,67,64,3,1,1787416649.1840727,G1,T01,sotto_banco_movimenti,1,static
8222898,1,1,1,50,61,100,100,0,100,100,100,40,22,38,31,29,24,0,0,100,100,100,82,89,72,68,3,1,1787416649.3917294,G1,T01,sotto_banco_movimenti,1,static
8223098,1,1,1,30,30,100,100,0,100,100,100,44,9,8,13,9,8,0,0,100,100,100,86,91,75,70,3,1,1787416649.583815,G1,T01,sotto_banco_movimenti,1,static
8223298,1,1,1,59,69,100,100,0,100,100,100,50,7,9,11,10,7,0,0,100,100,100,89,90,75,70,3,1,1787416649.791428,G1,T01,sotto_banco_movimenti,1,static
8223498,1,1,1,69,77,100,100,0,100,100,100,47,20,22,13,13,13,0,0,100,100,100,85,83,69,64,3,1,1787416649.982776,G1,T01,sotto_banco_movimenti,1,static
8223698,1,1,1,58,65,100,100,0,100,100,100,32,24,12,6,5,7,0,0,100,100,100,80,77,66,60,4,1,1787416650.190636,G1,T01,sotto_banco_movimenti,1,static
8223898,1,1,1,73,62,100,100,0,100,100,100,12,16,6,5,3,8,0,0,100,100,100,76,73,62,57,4,1,1787416650.382524,G1,T01,sotto_banco_movimenti,1,static
8224098,1,1,1,41,70,100,100,0,100,100,40,55,18,12,8,4,8,0,0,100,100,100,77,71,59,56,4,1,1787416650.5895867,G1,T01,sotto_banco_movimenti,1,static
8224298,1,1,1,77,61,100,100,0,100,100,100,22,28,13,6,7,7,0,0,100,100,100,79,70,59,55,3,1,1787416650.7817202,G1,T01,sotto_banco_movimenti,1,static
8224498,1,1,1,53,75,100,100,0,100,100,100,23,25,15,10,9,9,0,0,100,100,100,80,71,59,54,3,1,1787416650.9893312,G1,T01,sotto_banco_movimenti,1,static
8224698,1,1,1,42,30,100,100,0,100,100,100,37,14,13,16,9,15,0,0,100,100,100,81,71,59,54,3,1,1787416651.1821923,G1,T01,sotto_banco_movimenti,1,static
8224898,1,1,1,140,77,100,100,0,100,100,100,100,46,7,10,5,9,0,0,100,100,100,80,71,59,54,3,1,1787416651.3900278,G1,T01,sotto_banco_movimenti,1,static
8225098,1,1,1,57,53,100,100,0,100,100,100,53,29,11,19,17,14,0,0,100,100,100,81,73,61,56,3,1,1787416651.5820758,G1,T01,sotto_banco_movimenti,1,static
8225298,1,1,1,48,55,100,100,0,100,100,100,100,21,9,8,8,7,0,0,100,100,100,81,73,61,55,3,1,1787416651.7901266,G1,T01,sotto_banco_movimenti,1,static
8225498,1,1,1,69,63,100,100,0,100,100,100,95,24,16,18,13,12,0,0,100,100,100,82,74,61,55,4,1,1787416651.9822001,G1,T01,sotto_banco_movimenti,1,static
8225698,1,1,1,50,72,100,100,0,100,100,33,29,11,5,8,8,7,0,0,100,100,100,81,70,59,52,4,1,1787416652.1895332,G1,T01,sotto_banco_movimenti,1,static
8225898,1,1,1,73,67,100,100,0,100,100,100,22,9,9,8,8,7,0,0,100,100,100,79,67,58,51,4,1,1787416652.3805122,G1,T01,sotto_banco_movimenti,1,static
8226098,1,1,1,72,64,100,100,1,100,100,100,35,10,12,8,3,3,0,0,100,100,100,78,66,57,50,4,1,1787416652.5877202,G1,T01,sotto_banco_movimenti,1,static
8226298,1,1,1,42,52,100,100,1,100,100,100,64,32,3,8,4,4,0,0,100,100,100,75,64,56,48,4,1,1787416652.7807124,G1,T01,sotto_banco_movimenti,1,static
8226498,1,1,1,60,65,100,100,1,100,100,100,35,30,8,10,3,4,0,0,100,100,100,76,65,54,48,4,1,1787416652.9880166,G1,T01,sotto_banco_movimenti,1,static
8226698,1,1,1,65,67,100,100,1,100,100,100,9,22,6,11,9,7,0,0,100,100,100,76,65,55,48,3,1,1787416653.1800725,G1,T01,sotto_banco_movimenti,1,static
8226898,1,1,1,73,72,100,100,1,100,100,100,53,29,11,7,8,6,0,0,100,100,100,68,59,50,43,3,1,1787416653.3879766,G1,T01,sotto_banco_movimenti,1,static
8227098,1,1,1,42,64,100,100,1,100,100,100,86,35,26,22,21,15,0,0,100,100,100,67,58,48,42,3,1,1787416653.580792,G1,T01,sotto_banco_movimenti,1,static
8227298,1,1,1,46,39,100,100,1,100,100,100,88,34,55,34,33,28,0,0,100,100,100,73,62,53,46,3,1,1787416653.7883115,G1,T01,sotto_banco_movimenti,1,static
8227498,1,1,1,49,51,100,100,1,100,100,100,44,25,16,20,16,12,0,0,100,100,100,76,64,55,48,3,1,1787416653.995017,G1,T01,sotto_banco_movimenti,1,static
8227698,1,1,1,58,59,100,100,1,100,100,60,42,6,12,8,6,7,0,0,100,100,100,75,65,56,48,3,1,1787416654.1852534,G1,T01,sotto_banco_movimenti,1,static
8227898,1,1,1,30,56,100,100,1,100,100,100,59,24,11,8,4,2,0,0,100,100,100,76,64,56,47,4,1,1787416654.3915434,G1,T01,sotto_banco_movimenti,1,static
8228098,1,1,1,46,56,100,100,1,100,100,100,29,8,18,16,12,13,0,0,100,100,100,77,66,58,48,4,1,1787416654.5831988,G1,T01,sotto_banco_movimenti,1,static
8228298,1,1,1,41,65,100,100,1,100,100,100,38,30,21,9,9,8,0,0,100,100,100,76,65,57,48,4,1,1787416654.7901294,G1,T01,sotto_banco_movimenti,1,static
8228498,1,1,1,30,46,100,100,1,100,100,69,45,24,18,5,5,4,0,0,100,100,100,76,62,56,47,4,1,1787416654.9815645,G1,T01,sotto_banco_movimenti,1,static
8228698,1,1,1,53,53,100,100,1,100,100,100,64,35,22,13,13,15,0,0,100,100,100,79,62,57,48,4,1,1787416655.1894865,G1,T01,sotto_banco_movimenti,1,static
8228898,1,1,1,67,61,100,100,1,100,100,100,100,60,17,8,10,11,0,0,100,100,100,81,62,57,49,4,1,1787416655.3822927,G1,T01,sotto_banco_movimenti,1,static
8229098,1,1,1,38,73,100,100,1,100,100,100,22,9,11,10,5,8,0,0,100,100,100,79,58,54,46,3,1,1787416655.5903072,G1,T01,sotto_banco_movimenti,1,static
8229298,1,1,1,30,55,100,100,1,100,100,100,28,21,17,26,18,17,0,0,100,100,100,76,59,54,46,3,1,1787416655.7818534,G1,T01,sotto_banco_movimenti,1,static
8229498,1,1,1,64,30,100,100,0,100,100,100,37,33,9,14,15,10,0,0,100,100,100,79,61,58,48,3,1,1787416655.988854,G1,T01,sotto_banco_movimenti,1,static
8229698,1,1,1,61,63,100,100,0,100,100,100,38,16,18,16,16,17,0,0,100,100,100,83,65,61,51,3,1,1787416656.1804166,G1,T01,sotto_banco_movimenti,1,static
8229898,1,1,1,30,67,100,100,0,100,100,98,11,21,27,14,11,12,0,0,100,100,100,91,69,64,55,3,1,1787416656.3889387,G1,T01,sotto_banco_movimenti,1,static
8230098,1,1,1,42,30,100,100,0,100,100,100,54,18,25,27,19,22,0,0,100,100,100,93,72,66,56,3,1,1787416656.5811632,G1,T01,sotto_banco_movimenti,1,static
8230298,1,1,1,70,30,100,100,0,100,100,73,81,24,18,9,10,8,0,0,100,100,100,96,73,67,56,3,1,1787416656.7886987,G1,T01,sotto_banco_movimenti,1,static
8230498,1,1,1,50,46,100,100,0,100,100,100,63,23,11,16,12,8,0,0,100,100,100,96,74,68,57,3,1,1787416656.980465,G1,T01,sotto_banco_movimenti,1,static
8230698,1,1,1,67,48,100,100,0,100,100,100,53,31,32,21,22,19,0,0,100,100,100,97,76,68,58,3,1,1787416657.1890297,G1,T01,sotto_banco_movimenti,1,static
8230898,1,1,1,53,46,100,100,0,100,100,100,25,12,17,3,8,3,0,0,100,100,100,98,74,68,57,4,1,1787416657.380507,G1,T01,sotto_banco_movimenti,1,static
8231098,1,1,1,62,68,100,100,0,100,100,100,21,10,16,14,15,15,0,0,100,100,100,96,72,65,55,4,1,1787416657.5872452,G1,T01,sotto_banco_movimenti,1,static
8231298,1,1,1,30,51,100,100,0,100,100,94,41,29,15,1,5,5,0,0,100,100,100,90,68,61,52,4,1,1787416657.7951415,G1,T01,sotto_banco_movimenti,1,static
8231498,1,1,1,79,73,100,100,0,89,100,100,37,4,10,11,8,6,0,0,100,100,100,88,64,58,49,4,1,1787416657.987478,G1,T01,sotto_banco_movimenti,1,static
8231698,1,1,1,65,52,100,100,0,100,100,100,25,14,14,8,5,6,0,0,100,100,100,91,63,59,50,4,1,1787416658.1946619,G1,T01,sotto_banco_movimenti,1,static
8231898,1,1,1,51,83,100,100,0,100,100,100,69,9,10,6,6,8,0,0,100,100,100,90,63,58,50,4,1,1787416658.3865497,G1,T01,sotto_banco_movimenti,1,static
8232098,1,1,1,66,50,100,100,0,100,100,100,39,19,15,11,15,10,0,0,100,100,100,90,62,58,49,4,1,1787416658.5938635,G1,T01,sotto_banco_movimenti,1,static
8232298,1,1,1,72,75,100,100,0,100,100,100,88,28,15,5,4,7,0,0,100,100,100,88,62,57,49,3,1,1787416658.7861073,G1,T01,sotto_banco_movimenti,1,static
8232498,1,1,1,42,52,100,100,0,100,100,100,69,26,16,11,13,13,0,0,100,100,100,89,65,60,53,3,1,1787416658.9955232,G1,T01,sotto_banco_movimenti,1,static
8232698,1,1,1,70,38,100,100,0,100,100,100,13,34,32,31,26,25,0,0,100,100,100,90,70,64,56,3,1,1787416659.1856022,G1,T01,sotto_banco_movimenti,1,static
8232898,1,1,1,42,71,100,100,0,100,100,100,73,30,22,15,15,15,0,0,100,100,100,91,73,66,59,3,1,1787416659.3925264,G1,T01,sotto_banco_movimenti,1,static
8233098,1,1,1,30,62,100,100,0,100,100,100,60,35,8,8,9,5,0,0,100,100,100,90,75,67,60,3,1,1787416659.5855536,G1,T01,sotto_banco_movimenti,1,static
8233298,1,1,1,69,69,100,100,0,100,100,100,10,18,16,16,15,14,0,0,100,100,100,90,72,66,58,4,1,1787416659.7920084,G1,T01,sotto_banco_movimenti,1,static
8233498,1,1,1,56,30,100,100,0,100,100,100,52,16,24,9,6,7,0,0,100,100,100,90,70,63,57,4,1,1787416659.983762,G1,T01,sotto_banco_movimenti,1,static
8233698,1,1,1,73,73,100,100,0,100,100,100,72,35,7,10,6,10,0,0,100,100,100,87,68,60,55,4,1,1787416660.1912348,G1,T01,sotto_banco_movimenti,1,static
8233898,1,1,1,63,63,100,100,0,100,100,100,24,21,17,5,10,13,0,0,100,100,100,83,64,59,53,4,1,1787416660.3827398,G1,T01,sotto_banco_movimenti,1,static
8234098,1,1,1,75,75,100,100,0,100,100,100,38,13,15,5,8,5,0,0,100,100,100,82,63,58,53,4,1,1787416660.5902271,G1,T01,sotto_banco_movimenti,1,static
8234298,1,1,1,63,45,100,100,0,100,100,100,57,12,10,10,12,6,0,0,100,100,100,82,62,57,52,4,1,1787416660.7820787,G1,T01,sotto_banco_movimenti,1,static
8234498,1,1,1,49,72,100,100,0,100,100,100,27,6,15,12,7,10,0,0,100,100,100,82,61,56,52,3,1,1787416660.9882507,G1,T01,sotto_banco_movimenti,1,static
8234698,1,1,1,44,48,100,100,1,100,100,100,52,16,12,6,5,7,0,0,100,100,100,83,59,57,51,3,1,1787416661.1802638,G1,T01,sotto_banco_movimenti,1,static
8234898,1,1,1,57,67,100,100,1,100,100,100,53,34,13,28,20,22,0,0,100,100,100,84,65,59,55,3,1,1787416661.3889098,G1,T01,sotto_banco_movimenti,1,static
8235098,1,1,1,30,66,100,100,1,100,100,100,36,8,16,9,14,10,0,0,100,100,100,87,69,63,58,3,1,1787416661.5808141,G1,T01,sotto_banco_movimenti,1,static
8235298,1,1,1,30,39,100,100,1,100,100,100,80,36,25,12,17,13,0,0,100,100,100,90,71,67,60,3,1,1787416661.7883248,G1,T01,sotto_banco_movimenti,1,static
8235498,1,1,1,57,59,100,100,1,100,100,100,19,23,16,17,12,12,0,0,100,100,100,94,74,70,63,3,1,1787416661.9956903,G1,T01,sotto_banco_movimenti,1,static
8235698,1,1,1,63,68,100,100,1,100,100,100,51,8,8,12,6,8,0,0,100,100,100,92,75,67,62,3,1,1787416662.1873696,G1,T01,sotto_banco_movimenti,1,static
8235898,1,1,1,78,59,100,100,1,100,100,100,41,5,6,5,6,3,0,0,100,100,100,92,75,68,63,4,1,1787416662.3952448,G1,T01,sotto_banco_movimenti,1,static
8236098,1,1,1,30,53,100,100,1,100,100,100,27,20,9,11,7,5,0,0,100,100,100,91,75,68,62,4,1,1787416662.5866287,G1,T01,sotto_banco_movimenti,1,static
8236298,1,1,1,30,46,100,100,1,100,100,100,38,11,24,8,12,6,0,0,100,100,100,95,76,69,63,4,1,1787416662.794917,G1,T01,sotto_banco_movimenti,1,static
8236498,1,1,1,70,63,100,100,1,100,100,100,16,18,13,7,6,9,0,0,100,100,100,95,73,67,61,4,1,1787416662.9878592,G1,T01,sotto_banco_movimenti,1,static
8236698,1,1,1,58,60,100,100,1,100,100,100,32,19,13,16,10,12,0,0,100,100,100,93,69,64,57,4,1,1787416663.180453,G1,T01,sotto_banco_movimenti,1,static
8236898,1,1,1,54,44,100,100,1,100,100,100,34,31,4,6,6,7,0,0,100,100,100,92,64,60,52,4,1,1787416663.3880582,G1,T01,sotto_banco_movimenti,1,static
8237098,1,1,1,52,76,100,100,1,100,100,100,31,14,13,11,10,9,0,0,100,100,100,93,63,59,52,3,1,1787416663.595894,G1,T01,sotto_banco_movimenti,1,static
8237298,1,1,1,51,49,100,100,1,100,100,71,66,46,8,9,5,8,0,0,100,100,100,96,67,62,55,3,1,1787416663.7890327,G1,T01,sotto_banco_movimenti,1,static
8237498,1,1,1,55,30,100,100,1,100,100,100,46,43,21,23,16,20,0,0,100,100,100,97,70,65,57,3,1,1787416663.995736,G1,T01,sotto_banco_movimenti,1,static
8237698,1,1,1,65,67,100,100,1,100,100,100,52,7,8,12,9,8,0,0,100,100,100,100,73,67,58,3,1,1787416664.1884565,G1,T01,sotto_banco_movimenti,1,static
8237898,1,1,1,65,63,100,100,1,100,100,100,60,25,10,15,6,9,0,0,100,100,100,98,74,65,58,3,1,1787416664.3805864,G1,T01,sotto_banco_movimenti,1,static
8238098,1,1,1,39,60,100,100,0,100,100,71,16,4,8,3,8,5,0,0,100,100,100,94,71,63,55,4,1,1787416664.5889025,G1,T01,sotto_banco_movimenti,1,static
8238298,1,1,1,30,69,100,100,0,100,100,100,72,29,21,9,11,6,0,0,100,100,100,96,70,63,55,4,1,1787416664.7806294,G1,T01,sotto_banco_movimenti,1,static
8238498,1,1,1,79,30,100,100,0,100,100,100,7,24,13,6,4,6,0,0,100,100,100,97,69,62,55,4,1,1787416664.9886515,G1,T01,sotto_banco_movimenti,1,static
8238698,1,1,1,62,67,100,100,0,100,100,100,90,22,11,4,3,4,0,0,100,100,100,97,69,62,55,4,1,1787416665.1800077,G1,T01,sotto_banco_movimenti,1,static
8238898,1,1,1,73,75,100,100,0,100,100,100,58,22,13,5,8,4,0,0,100,100,100,95,64,58,51,4,1,1787416665.3852787,G1,T01,sotto_banco_movimenti,1,static
8239098,1,1,1,54,58,100,100,0,100,100,100,69,23,12,10,7,6,0,0,100,100,100,92,61,54,49,4,1,1787416665.591861,G1,T01,sotto_banco_movimenti,1,static
8239298,1,1,1,30,30,100,100,0,100,100,78,29,17,8,4,6,6,0,0,100,100,100,85,56,49,44,3,1,1787416665.7848854,G1,T01,sotto_banco_movimenti,1,static
8239498,1,1,1,68,47,100,100,0,100,100,100,59,12,17,9,8,8,0,0,100,100,100,84,53,47,42,3,1,1787416665.991936,G1,T01,sotto_banco_movimenti,1,static
8239698,1,1,1,73,30,100,100,0,100,100,100,13,22,15,10,12,8,0,0,100,100,100,86,55,50,45,3,1,1787416666.182694,G1,T01,sotto_banco_movimenti,1,static
8239898,1,1,1,30,55,100,100,0,100,100,100,38,22,14,4,10,8,0,0,100,100,100,88,59,53,47,3,1,1787416666.389056,G1,T01,sotto_banco_movimenti,1,static
8240098,1,1,1,55,66,100,100,0,100,100,100,47,5,26,20,16,12,0,0,100,100,100,91,61,55,48,3,1,1787416666.5808465,G1,T01,sotto_banco_movimenti,1,static
8240298,1,1,1,48,62,100,100,0,100,100,100,63,14,25,17,15,15,0,0,100,100,100,87,61,54,48,4,1,1787416666.7888825,G1,T01,sotto_banco_movimenti,1,static
8240498,1,1,1,55,70,100,100,0,100,100,82,38,19,15,4,2,2,0,0,100,100,100,86,61,53,48,4,1,1787416666.9802864,G1,T01,sotto_banco_movimenti,1,static
8240698,1,1,1,62,55,100,100,0,100,100,100,37,16,2,12,10,5,0,0,100,100,100,82,60,51,47,4,1,1787416667.1901462,G1,T01,sotto_banco_movimenti,1,static
8240898,1,1,1,73,68,100,100,0,100,100,100,14,9,11,12,4,1,0,0,100,100,100,85,63,51,47,4,1,1787416667.3814504,G1,T01,sotto_banco_movimenti,1,static
8241098,1,1,1,59,39,100,100,0,100,100,100,30,14,5,5,6,5,0,0,100,100,100,85,63,52,48,4,1,1787416667.588964,G1,T01,sotto_banco_movimenti,1,static
8241298,1,1,1,63,53,100,100,0,100,100,100,20,22,8,7,9,6,0,0,100,100,100,81,58,49,44,4,1,1787416667.7806084,G1,T01,sotto_banco_movimenti,1,static
8241498,1,1,1,58,69,100,100,0,100,100,100,52,34,14,14,11,13,0,0,100,100,100,79,54,45,41,3,1,1787416667.9883504,G1,T01,sotto_banco_movimenti,1,static
8241698,1,1,1,39,63,100,100,0,100,100,100,41,10,37,29,25,22,0,0,100,100,100,79,55,46,41,3,1,1787416668.1802676,G1,T01,sotto_banco_movimenti,1,static
8241898,1,1,1,44,61,100,100,0,100,100,100,32,11,27,11,15,14,0,0,100,100,100,81,52,47,41,3,1,1787416668.3876553,G1,T01,sotto_banco_movimenti,1,static
8242098,1,1,1,75,54,100,100,0,100,100,100,34,22,4,10,10,11,0,0,100,100,100,84,53,47,42,3,1,1787416668.595416,G1,T01,sotto_banco_movimenti,1,static
8242298,1,1,1,39,65,100,100,0,100,100,100,52,28,9,16,16,13,0,0,100,100,100,84,59,51,44,3,1,1787416668.787882,G1,T01,sotto_banco_movimenti,1,static
8242498,1,1,1,41,30,100,100,0,100,100,100,44,15,21,12,16,13,0,0,100,100,100,83,61,54,47,3,1,1787416668.9937525,G1,T01,sotto_banco_movimenti,1,static
8242698,1,1,1,56,62,100,100,0,100,100,100,24,32,17,14,15,11,0,0,100,100,100,81,60,53,46,4,1,1787416669.1865964,G1,T01,sotto_banco_movimenti,1,static
8242898,1,1,1,63,67,100,100,0,100,100,100,86,41,19,19,15,16,0,0,100,100,100,81,62,54,48,4,1,1787416669.3932643,G1,T01,sotto_banco_movimenti,1,static
8243098,1,1,1,67,48,100,100,0,100,100,100,33,19,27,13,16,13,0,0,100,100,100,83,62,56,48,4,1,1787416669.5847852,G1,T01,sotto_banco_movimenti,1,static
8243298,1,1,1,59,66,100,100,0,100,100,35,37,14,12,7,4,3,0,0,100,100,100,83,64,57,48,4,1,1787416669.7917957,G1,T01,sotto_banco_movimenti,1,static
8243498,1,1,1,49,64,100,100,0,100,100,55,42,24,13,6,3,7,0,0,100,100,100,82,66,58,48,4,1,1787416669.9837868,G1,T01,sotto_banco_movimenti,1,static
8243698,1,1,1,62,45,100,100,0,100,100,100,45,27,3,5,7,6,0,0,100,100,100,78,62,55,46,4,1,1787416670.1920645,G1,T01,sotto_banco_movimenti,1,static
8243898,1,1,1,65,59,100,100,1,100,100,100,53,14,20,16,13,14,0,0,100,100,100,76,60,52,44,3,1,1787416670.3831685,G1,T01,sotto_banco_movimenti,1,static
8244098,1,1,1,64,69,100,100,1,100,100,100,63,30,22,22,22,19,0,0,100,100,100,75,62,52,46,3,1,1787416670.5925207,G1,T01,sotto_banco_movimenti,1,static
8244298,1,1,1,48,55,100,100,1,100,100,100,29,19,10,11,12,8,0,0,100,100,100,79,68,58,50,3,1,1787416670.7835658,G1,T01,sotto_banco_movimenti,1,static
8244498,1,1,1,30,61,100,100,1,100,100,34,75,29,3,5,8,6,0,0,100,100,100,83,72,62,55,3,1,1787416670.9915106,G1,T01,sotto_banco_movimenti,1,static
8244698,1,1,1,30,30,100,100,1,100,100,100,69,34,18,9,11,7,0,0,100,100,100,88,74,64,58,3,1,1787416671.182928,G1,T01,sotto_banco_movimenti,1,static
8244898,1,1,1,44,30,100,100,1,100,100,59,53,23,11,5,5,3,0,0,100,100,100,88,72,64,58,3,1,1787416671.3911614,G1,T01,sotto_banco_movimenti,1,static
8245098,1,1,1,63,77,100,100,1,100,100,100,8,24,9,7,9,9,0,0,100,100,100,90,73,65,58,3,1,1787416671.5828202,G1,T01,sotto_banco_movimenti,1,static
8245298,1,1,1,56,49,100,100,1,100,100,100,14,41,11,20,20,13,0,0,100,100,100,90,76,68,62,3,1,1787416671.7908127,G1,T01,sotto_banco_movimenti,1,static
8245498,1,1,1,56,51,100,100,1,100,100,100,61,9,11,10,9,9,0,0,100,100,100,92,78,69,64,3,1,1787416671.983237,G1,T01,sotto_banco_movimenti,1,static
8245698,1,1,1,53,55,100,100,1,100,100,100,31,19,6,8,5,4,0,0,100,100,100,87,75,65,61,3,1,1787416672.1912115,G1,T01,sotto_banco_movimenti,1,static
8245898,1,1,1,67,69,100,100,1,100,100,100,60,15,3,16,10,12,0,0,100,100,100,83,73,62,59,4,1,1787416672.3835986,G1,T01,sotto_banco_movimenti,1,static
8246098,1,1,1,30,30,100,100,1,100,100,94,70,10,9,6,3,4,0,0,100,100,100,80,72,62,58,4,1,1787416672.5913074,G1,T01,sotto_banco_movimenti,1,static
8246298,1,1,1,72,73,100,100,1,100,100,100,57,24,9,8,7,8,0,0,100,100,100,78,69,59,56,4,1,1787416672.7823699,G1,T01,sotto_banco_movimenti,1,static
8246498,1,1,1,42,46,100,100,1,100,100,100,52,38,9,1,4,2,0,0,100,100,100,77,66,57,53,4,1,1787416672.9896042,G1,T01,sotto_banco_movimenti,1,static
8246698,1,1,1,52,55,100,100,1,100,100,100,17,43,5,7,6,1,0,0,100,100,100,78,65,55,53,4,1,1787416673.1826165,G1,T01,sotto_banco_movimenti,1,static
8246898,1,1,1,69,74,100,100,1,100,100,100,35,27,5,4,3,2,0,0,100,100,100,78,62,54,51,4,1,1787416673.390383,G1,T01,sotto_banco_movimenti,1,static
8247098,1,1,1,63,72,100,100,1,100,100,100,100,34,8,15,13,13,0,0,100,100,100,73,62,52,50,4,1,1787416673.5815568,G1,T01,sotto_banco_movimenti,1,static
8247298,1,1,1,30,69,100,100,1,100,100,100,16,15,9,11,10,8,0,0,100,100,100,73,61,50,50,4,1,1787416673.7894228,G1,T01,sotto_banco_movimenti,1,static
8247498,1,1,1,59,55,100,100,0,100,100,100,77,20,14,5,9,9,0,0,100,100,100,74,60,51,50,4,1,1787416673.980624,G1,T01,sotto_banco_movimenti,1,static
8247698,1,1,1,51,67,100,100,0,100,100,100,56,29,24,11,19,11,0,0,100,100,100,76,61,52,51,3,1,1787416674.1874938,G1,T01,sotto_banco_movimenti,1,static
8247898,1,1,1,30,56,100,100,0,100,100,73,35,4,10,8,5,4,0,0,100,100,100,79,64,56,54,3,1,1787416674.395168,G1,T01,sotto_banco_movimenti,1,static
8248098,1,1,1,45,41,100,100,0,100,100,100,27,9,13,8,10,8,0,0,100,100,100,86,67,60,58,3,1,1787416674.5872009,G1,T01,sotto_banco_movimenti,1,static
8248298,1,1,1,30,45,100,100,0,100,100,62,45,10,16,7,8,8,0,0,100,100,100,85,65,57,55,3,1,1787416674.7941422,G1,T01,sotto_banco_movimenti,1,static
8248498,1,1,1,56,30,100,100,0,100,100,100,47,13,8,10,8,8,0,0,100,100,100,79,60,52,51,3,1,1787416674.9848263,G1,T01,sotto_banco_movimenti,1,static
8248698,1,1,1,56,61,100,100,0,100,100,100,49,7,7,9,3,7,0,0,100,100,100,75,58,50,49,4,1,1787416675.192465,G1,T01,sotto_banco_movimenti,1,static
8248898,1,1,1,63,67,100,100,0,100,100,100,30,22,10,17,14,12,0,0,100,100,100,72,58,50,48,4,1,1787416675.3843544,G1,T01,sotto_banco_movimenti,1,static
8249098,1,1,1,69,40,100,100,0,100,100,100,50,34,9,11,7,12,0,0,100,100,100,70,57,50,48,4,1,1787416675.5906327,G1,T01,sotto_banco_movimenti,1,static
8249298,1,1,1,89,57,100,100,0,89,100,100,6,15,11,5,1,2,0,0,100,100,100,71,55,48,46,4,1,1787416675.782644,G1,T01,sotto_banco_movimenti,1,static
8249498,1,1,1,65,83,100,100,0,100,100,100,46,16,8,11,12,9,0,0,100,100,100,68,54,47,44,4,1,1787416675.9899979,G1,T01,sotto_banco_movimenti,1,static
8249698,1,1,1,73,74,100,100,0,100,100,96,15,16,2,6,5,5,0,0,100,100,100,68,54,47,44,4,1,1787416676.1817875,G1,T01,sotto_banco_movimenti,1,static
8249898,1,1,1,69,76,100,100,0,100,100,100,33,20,11,11,5,8,0,0,100,100,100,71,55,49,45,4,1,1787416676.389461,G1,T01,sotto_banco_movimenti,1,static
8250098,1,1,1,55,62,100,100,0,100,100,100,36,21,15,20,9,11,0,0,100,100,100,71,58,49,47,4,1,1787416676.5959797,G1,T01,sotto_banco_movimenti,1,static
8250298,1,1,1,52,56,100,100,0,100,100,100,50,26,10,4,10,3,0,0,100,100,100,71,56,48,46,4,1,1787416676.788448,G1,T01,sotto_banco_movimenti,1,static
8250498,1,1,1,68,56,100,100,0,100,100,100,32,27,13,16,13,13,0,0,100,100,100,71,57,49,46,4,1,1787416676.9952643,G1,T01,sotto_banco_movimenti,1,static
8250698,1,1,1,70,30,100,100,0,100,100,100,100,18,8,11,6,8,0,0,100,100,100,69,58,49,46,3,1,1787416677.1862488,G1,T01,sotto_banco_movimenti,1,static
8250898,1,1,1,62,51,100,100,0,100,100,100,55,7,18,13,14,10,0,0,100,100,100,70,62,52,48,3,1,1787416677.3941553,G1,T01,sotto_banco_movimenti,1,static
8251098,1,1,1,52,40,100,100,0,100,100,100,54,21,7,10,9,5,0,0,100,100,100,71,65,54,50,3,1,1787416677.5872622,G1,T01,sotto_banco_movimenti,1,static
8251298,1,1,1,30,50,100,100,0,100,100,100,56,20,31,20,19,20,0,0,100,100,100,77,68,59,54,3,1,1787416677.7930975,G1,T01,sotto_banco_movimenti,1,static
8251498,1,1,1,30,30,100,100,0,100,100,100,66,44,21,14,15,12,0,0,100,100,100,78,71,60,55,3,1,1787416677.9852443,G1,T01,sotto_banco_movimenti,1,static
8251698,1,1,1,56,62,100,100,0,100,100,100,35,29,25,19,18,16,0,0,100,100,100,78,71,59,55,3,1,1787416678.192772,G1,T01,sotto_banco_movimenti,1,static
8251898,1,1,1,75,58,100,100,0,100,100,100,47,26,17,7,6,6,0,0,100,100,100,75,67,56,52,3,1,1787416678.3845947,G1,T01,sotto_banco_movimenti,1,static
8252098,1,1,1,73,41,100,100,0,100,100,100,61,32,10,17,12,14,0,0,100,100,100,67,63,51,48,3,1,1787416678.5908298,G1,T01,sotto_banco_movimenti,1,static
8252298,1,1,1,40,38,100,100,0,100,100,100,28,9,17,13,12,11,0,0,100,100,100,67,62,51,48,3,1,1787416678.7823033,G1,T01,sotto_banco_movimenti,1,static
8252498,1,1,1,30,54,100,100,0,100,100,100,28,9,12,4,2,7,0,0,100,100,100,66,63,51,47,3,1,1787416678.9904,G1,T01,sotto_banco_movimenti,1,static
8252698,1,1,1,61,74,100,100,0,100,100,96,24,15,15,10,11,11,0,0,100,100,100,68,63,52,47,3,1,1787416679.1819825,G1,T01,sotto_banco_movimenti,1,static
8252898,1,1,1,62,30,100,100,0,100,100,100,84,41,11,10,7,3,0,0,100,100,100,68,65,54,48,3,1,1787416679.3897436,G1,T01,sotto_banco_movimenti,1,static
8253098,1,1,1,30,30,100,100,0,100,100,100,78,28,7,8,9,7,0,0,100,100,100,68,65,54,48,3,1,1787416679.5818825,G1,T01,sotto_banco_movimenti,1,static
8253298,1,1,1,66,47,100,100,0,100,100,100,11,23,8,6,3,4,0,0,100,100,100,68,64,54,47,3,1,1787416679.7889068,G1,T01,sotto_banco_movimenti,1,static
8253498,1,1,1,66,70,100,100,0,100,100,100,73,25,4,5,3,3,0,0,100,100,100,68,64,55,47,3,1,1787416679.9807587,G1,T01,sotto_banco_movimenti,1,static
8253698,1,1,1,76,63,100,100,1,100,100,100,23,31,7,9,4,7,0,0,100,100,100,70,63,55,46,3,1,1787416680.1882474,G1,T01,sotto_banco_movimenti,1,static
8253898,1,1,1,55,69,100,100,1,100,100,100,43,21,15,6,8,4,0,0,100,100,100,69,64,55,46,3,1,1787416680.3958251,G1,T01,sotto_banco_movimenti,1,static
8254098,1,1,1,67,77,100,100,1,100,100,100,28,17,7,8,4,5,0,0,100,100,100,68,61,54,44,3,1,1787416680.5877078,G1,T01,sotto_banco_movimenti,1,static
8254298,1,1,1,79,67,100,100,1,65,100,100,12,9,15,7,7,10,0,0,100,100,100,69,62,56,45,3,1,1787416680.7953198,G1,T01,sotto_banco_movimenti,1,static
8254498,1,1,1,54,72,100,100,1,100,100,100,27,16,6,9,8,7,0,0,100,100,100,68,62,56,45,3,1,1787416680.986577,G1,T01,sotto_banco_movimenti,1,static
8254698,1,1,1,65,63,100,100,1,100,100,100,53,20,18,7,3,6,0,0,100,100,100,71,62,56,45,3,1,1787416681.194909,G1,T01,sotto_banco_movimenti,1,static
8254898,1,1,1,66,50,100,100,1,100,100,100,28,14,8,8,7,9,0,0,100,100,100,71,59,54,44,3,1,1787416681.3847463,G1,T01,sotto_banco_movimenti,1,static
8255098,1,1,1,42,58,100,100,1,100,100,100,36,8,7,6,4,9,0,0,100,100,100,70,57,52,43,3,1,1787416681.592579,G1,T01,sotto_banco_movimenti,1,static
8255298,1,1,1,54,59,100,100,1,100,100,100,69,22,17,15,14,12,0,0,100,100,100,66,54,49,41,3,1,1787416681.7846909,G1,T01,sotto_banco_movimenti,1,static
8255498,1,1,1,45,59,100,100,1,100,100,100,50,6,21,13,13,12,0,0,100,100,100,67,55,50,41,3,1,1787416681.9932864,G1,T01,sotto_banco_movimenti,1,static
8255698,1,1,1,39,30,100,100,1,100,100,100,51,22,8,16,12,9,0,0,100,100,100,67,55,50,41,3,1,1787416682.182494,G1,T01,sotto_banco_movimenti,1,static
8255898,1,1,1,30,38,100,100,1,100,100,100,74,11,3,4,5,2,0,0,100,100,100,72,63,56,46,2,1,1787416682.3903737,G1,T01,sotto_banco_movimenti,1,static
8256098,1,1,1,43,51,100,100,1,100,100,100,10,13,27,19,21,16,0,0,100,100,100,75,64,58,47,3,1,1787416682.5854733,G1,T01,sotto_banco_movimenti,1,static
8256298,1,1,1,56,61,100,100,1,100,100,37,30,20,25,20,18,19,0,0,100,100,100,78,67,60,49,3,1,1787416682.7898407,G1,T01,sotto_banco_movimenti,1,static
8256498,1,1,1,46,55,100,100,1,100,100,100,45,13,6,3,8,5,0,0,100,100,100,81,67,63,51,3,1,1787416682.987965,G1,T01,sotto_banco_movimenti,1,static
8256698,1,1,1,45,62,100,100,1,100,100,100,9,35,6,19,17,11,0,0,100,100,100,80,71,65,53,3,1,1787416683.188348,G1,T01,sotto_banco_movimenti,1,static
8256898,1,1,1,30,65,100,100,1,100,100,100,28,30,26,25,19,18,0,0,100,100,100,86,75,68,57,3,1,1787416683.3959424,G1,T01,sotto_banco_movimenti,1,static
8257098,1,1,1,30,50,100,100,0,100,100,100,80,16,13,18,12,13,0,0,100,100,100,86,80,71,60,3,1,1787416683.5905046,G1,T01,sotto_banco_movimenti,1,static
8257298,1,1,1,69,30,100,100,0,100,100,100,33,25,21,20,19,17,0,0,100,100,100,91,84,74,63,3,1,1787416683.7964823,G1,T01,sotto_banco_movimenti,1,static
8257498,1,1,1,47,30,100,100,0,100,100,100,13,21,22,26,20,20,0,0,100,100,100,95,86,76,66,3,1,1787416683.9920704,G1,T01,sotto_banco_movimenti,1,static
8257698,1,1,1,30,41,100,100,0,100,100,100,20,29,10,21,15,16,0,0,100,100,100,95,91,79,70,3,1,1787416684.1933818,G1,T01,sotto_banco_movimenti,1,static
8257898,1,1,1,55,62,100,100,0,100,100,100,40,27,32,20,24,19,0,0,100,100,100,100,94,84,75,3,1,1787416684.394689,G1,T01,sotto_banco_movimenti,1,static
8258098,1,1,1,50,30,100,100,0,100,100,100,11,12,15,11,9,11,0,0,100,100,100,100,96,86,77,3,1,1787416684.5958514,G1,T01,sotto_banco_movimenti,1,static
8258298,1,1,1,69,52,100,100,0,100,100,100,26,18,27,20,15,16,0,0,100,100,100,100,99,88,79,3,1,1787416684.7961323,G1,T01,sotto_banco_movimenti,1,static
8258498,1,1,1,30,66,100,100,0,100,100,100,36,25,20,23,21,20,0,0,100,100,100,100,100,90,82,3,1,1787416684.9956248,G1,T01,sotto_banco_movimenti,1,static
8258698,1,1,1,30,65,100,100,0,100,100,100,32,18,1,4,2,6,0,0,100,100,100,100,100,91,84,3,1,1787416685.1901534,G1,T01,sotto_banco_movimenti,1,static
8258898,1,1,1,30,30,100,100,0,100,100,97,42,7,6,11,8,9,0,0,100,100,100,100,100,93,85,3,1,1787416685.3818164,G1,T01,sotto_banco_movimenti,1,static
8259098,1,1,1,42,30,100,100,0,100,100,49,72,31,8,12,9,10,0,0,100,100,100,100,100,94,87,3,1,1787416685.5905538,G1,T01,sotto_banco_movimenti,1,static
8259298,1,1,1,61,43,100,100,0,100,100,100,33,19,16,25,15,18,0,0,100,100,100,100,100,95,89,3,1,1787416685.7828825,G1,T01,sotto_banco_movimenti,1,static
8259498,1,1,1,30,45,100,100,0,100,100,100,41,20,19,19,16,14,0,0,100,100,100,100,100,96,89,3,1,1787416685.990459,G1,T01,sotto_banco_movimenti,1,static
8259698,1,1,1,64,67,100,100,0,100,100,100,37,41,31,25,26,24,0,0,100,100,100,100,100,100,94,3,1,1787416686.1826417,G1,T01,sotto_banco_movimenti,1,static
8259898,1,1,1,59,59,100,100,0,100,100,100,56,39,29,25,25,27,0,0,100,100,100,100,100,98,93,3,1,1787416686.389904,G1,T01,sotto_banco_movimenti,1,static
8260098,1,1,1,50,30,100,100,0,100,100,100,32,44,23,26,22,18,0,0,100,100,100,100,100,98,92,3,1,1787416686.5817306,G1,T01,sotto_banco_movimenti,1,static
8260298,1,1,1,30,50,100,100,0,100,100,100,44,9,10,12,8,7,0,0,100,100,100,100,100,96,90,3,1,1787416686.7905898,G1,T01,sotto_banco_movimenti,1,static
8260498,1,1,1,53,56,100,100,0,100,100,100,55,27,17,9,13,10,0,0,100,100,100,100,100,98,92,3,1,1787416686.981914,G1,T01,sotto_banco_movimenti,1,static
8260698,1,1,1,62,30,100,100,0,100,100,47,14,12,15,5,8,10,0,0,100,100,100,100,100,97,92,3,1,1787416687.1902902,G1,T01,sotto_banco_movimenti,1,static
8260898,1,1,1,68,62,100,100,0,100,100,47,69,30,14,12,11,13,0,0,100,100,100,100,100,94,89,3,1,1787416687.3818035,G1,T01,sotto_banco_movimenti,1,static
8261098,1,1,1,52,30,100,100,0,100,100,100,44,14,16,7,13,7,0,0,100,100,100,100,100,93,87,3,1,1787416687.5885627,G1,T01,sotto_banco_movimenti,1,static
8261298,1,1,1,62,56,100,100,0,100,100,100,52,31,25,22,19,18,0,0,100,100,100,100,100,91,87,3,1,1787416687.7961738,G1,T01,sotto_banco_movimenti,1,static
8261498,1,1,1,62,51,100,100,0,100,100,100,46,11,14,11,8,5,0,0,100,100,100,100,100,93,88,3,1,1787416687.988996,G1,T01,sotto_banco_movimenti,1,static
8261698,1,1,1,30,30,100,100,0,100,100,60,27,3,7,7,8,4,0,0,100,100,100,100,100,90,87,3,1,1787416688.1809046,G1,T01,sotto_banco_movimenti,1,static
8261898,1,1,1,30,30,100,100,0,100,100,100,41,20,10,5,4,9,0,0,100,100,100,100,100,88,85,3,1,1787416688.3886938,G1,T01,sotto_banco_movimenti,1,static
8262098,1,1,1,30,51,100,100,0,100,100,100,38,37,18,14,10,11,0,0,100,100,100,100,100,88,86,3,1,1787416688.5812178,G1,T01,sotto_banco_movimenti,1,static
8262298,1,1,1,54,59,100,100,0,100,100,85,51,16,17,10,11,9,0,0,100,100,100,100,100,88,85,3,1,1787416688.7889378,G1,T01,sotto_banco_movimenti,1,static
8262498,1,1,1,56,69,100,100,1,100,100,100,27,10,20,12,15,10,0,0,100,100,100,100,100,87,83,3,1,1787416688.9952261,G1,T01,sotto_banco_movimenti,1,static
8262698,1,1,1,43,43,100,100,1,100,100,100,28,5,10,10,11,10,0,0,100,100,100,100,100,92,86,3,1,1787416689.1964414,G1,T01,sotto_banco_movimenti,1,static
8262898,1,1,1,51,39,100,100,1,100,100,100,24,13,14,14,13,12,0,0,100,100,100,100,100,94,87,3,1,1787416689.3929036,G1,T01,sotto_banco_movimenti,1,static
8263098,1,1,1,43,65,100,100,1,100,100,100,57,18,6,11,9,5,0,0,100,100,100,100,100,93,86,3,1,1787416689.5936115,G1,T01,sotto_banco_movimenti,1,static
8263298,1,1,1,30,51,100,100,1,100,100,100,48,23,21,28,18,20,0,0,100,100,100,100,100,92,85,3,1,1787416689.7933002,G1,T01,sotto_banco_movimenti,1,static
8263498,1,1,1,30,39,100,100,1,100,100,100,28,25,17,11,10,11,0,0,100,100,100,100,100,91,84,3,1,1787416689.995817,G1,T01,sotto_banco_movimenti,1,static
8263698,1,1,1,30,70,100,100,1,100,100,100,30,15,21,15,13,13,0,0,100,100,100,100,100,90,83,2,1,1787416690.1920302,G1,T01,sotto_banco_movimenti,1,static
8263898,1,1,1,30,30,100,100,1,100,100,100,20,9,18,11,12,11,0,0,100,100,100,100,100,90,83,2,1,1787416690.396819,G1,T01,sotto_banco_movimenti,1,static
8264098,1,1,1,30,30,100,100,1,100,100,60,55,20,8,4,4,4,0,0,100,100,100,100,100,90,82,3,1,1787416690.5950146,G1,T01,sotto_banco_movimenti,1,static
8264298,1,1,1,30,59,100,100,1,100,100,100,52,27,14,12,7,9,0,0,100,100,100,100,100,92,84,3,1,1787416690.7913496,G1,T01,sotto_banco_movimenti,1,static
8264498,1,1,1,61,30,100,100,1,100,100,100,17,22,23,22,23,18,0,0,100,100,100,100,100,91,83,3,1,1787416690.9814165,G1,T01,sotto_banco_movimenti,1,static
8264698,1,1,1,48,41,100,100,1,100,100,75,43,30,20,7,10,8,0,0,100,100,100,100,100,91,83,3,1,1787416691.18693,G1,T01,sotto_banco_movimenti,1,static
8264898,1,1,1,65,30,100,100,1,100,100,100,62,18,12,3,7,5,0,0,100,100,100,100,100,90,81,3,1,1787416691.3921473,G1,T01,sotto_banco_movimenti,1,static
8265098,1,1,1,30,52,100,100,1,100,100,73,50,12,9,13,8,10,0,0,100,100,100,100,100,88,81,3,1,1787416691.5817964,G1,T01,sotto_banco_movimenti,1,static
8265298,1,1,1,30,38,100,100,1,100,100,100,45,43,14,18,17,14,0,0,100,100,100,100,100,87,80,3,1,1787416691.7899113,G1,T01,sotto_banco_movimenti,1,static
8265498,1,1,1,30,44,100,100,1,100,100,100,35,26,22,25,17,21,0,0,100,100,100,100,100,85,78,3,1,1787416691.9939694,G1,T01,sotto_banco_movimenti,1,static
8265698,1,1,1,50,63,100,100,1,100,100,100,47,30,15,23,16,17,0,0,100,100,100,100,100,87,79,3,1,1787416692.1830702,G1,T01,sotto_banco_movimenti,1,static
8265898,1,1,1,30,30,100,100,1,100,100,100,70,52,18,27,21,18,0,0,100,100,100,100,100,86,79,3,1,1787416692.3891335,G1,T01,sotto_banco_movimenti,1,static
8266098,1,1,1,60,70,100,100,0,100,100,100,87,63,23,31,21,19,0,0,100,100,100,100,100,88,80,3,1,1787416692.5951488,G1,T01,sotto_banco_movimenti,1,static
8266298,1,1,1,30,30,100,100,0,100,100,100,59,21,19,27,21,18,0,0,100,100,100,100,100,89,80,3,1,1787416692.7857385,G1,T01,sotto_banco_movimenti,1,static
8266498,1,1,1,30,53,100,100,0,100,100,100,34,10,15,12,13,9,0,0,100,100,100,100,100,88,80,3,1,1787416692.9908903,G1,T01,sotto_banco_movimenti,1,static
8266698,1,1,1,56,30,100,100,0,100,100,100,36,11,23,11,10,13,0,0,100,100,100,100,100,84,77,3,1,1787416693.1960478,G1,T01,sotto_banco_movimenti,1,static
8266898,1,1,1,42,41,100,100,0,100,100,100,49,28,19,19,13,14,0,0,100,100,100,100,100,84,77,3,1,1787416693.3963306,G1,T01,sotto_banco_movimenti,1,static
8267098,1,1,1,63,66,100,100,0,100,100,100,48,35,33,29,23,22,0,0,100,100,100,100,100,88,82,3,1,1787416693.5917919,G1,T01,sotto_banco_movimenti,1,static
8267298,1,1,1,30,62,100,100,0,100,100,57,60,34,24,6,6,4,0,0,100,100,100,100,100,87,80,3,1,1787416693.7821379,G1,T01,sotto_banco_movimenti,1,static
8267498,1,1,1,30,55,100,100,0,100,100,100,39,33,6,12,10,7,0,0,100,100,100,100,100,85,78,3,1,1787416693.987819,G1,T01,sotto_banco_movimenti,1,static
8267698,1,1,1,30,48,100,100,0,100,100,100,38,29,23,18,14,15,0,0,100,100,100,100,97,84,75,3,1,1787416694.1956537,G1,T01,sotto_banco_movimenti,1,static
8267898,1,1,1,30,30,100,100,0,100,100,64,32,4,19,11,11,14,0,0,100,100,100,100,96,82,74,3,1,1787416694.387338,G1,T01,sotto_banco_movimenti,1,static
8268098,1,1,1,30,30,100,100,0,100,100,68,14,14,25,20,16,10,0,0,100,100,100,100,96,81,74,3,1,1787416694.5951884,G1,T01,sotto_banco_movimenti,1,static
8268298,1,1,1,53,63,100,100,0,100,100,90,34,10,28,19,16,14,0,0,100,100,100,100,95,81,74,3,1,1787416694.7877078,G1,T01,sotto_banco_movimenti,1,static
8268498,1,1,1,48,30,100,100,0,100,100,100,53,38,33,33,25,24,0,0,100,100,100,100,98,82,76,3,1,1787416694.9947073,G1,T01,sotto_banco_movimenti,1,static
8268698,1,1,1,41,54,100,100,0,100,100,100,69,17,12,13,12,9,0,0,100,100,100,100,97,80,75,3,1,1787416695.1861284,G1,T01,sotto_banco_movimenti,1,static
8268898,1,1,1,63,30,100,100,0,100,100,100,61,16,23,23,18,17,0,0,100,100,100,100,98,82,76,3,1,1787416695.3962953,G1,T01,sotto_banco_movimenti,1,static
8269098,1,1,1,44,62,100,100,0,100,100,100,87,24,18,2,6,3,0,0,100,100,100,100,99,84,77,3,1,1787416695.5956028,G1,T01,sotto_banco_movimenti,1,static
8269298,1,1,1,49,57,100,100,0,100,100,100,16,49,27,27,28,22,0,0,100,100,100,100,100,87,80,3,1,1787416695.7897227,G1,T01,sotto_banco_movimenti,1,static
8269498,1,1,1,48,30,100,100,0,100,100,100,34,17,15,14,11,11,0,0,100,100,100,100,100,87,80,3,1,1787416695.9821641,G1,T01,sotto_banco_movimenti,1,static
8269698,1,1,1,59,55,100,100,0,100,100,100,82,34,13,11,12,12,0,0,100,100,100,100,100,87,80,3,1,1787416696.191033,G1,T01,sotto_banco_movimenti,1,static
8269898,1,1,1,30,41,100,100,0,100,100,100,50,16,14,10,8,11,0,0,100,100,100,100,97,87,79,3,1,1787416696.3829806,G1,T01,sotto_banco_movimenti,1,static
8270098,1,1,1,53,30,100,100,0,100,100,100,39,30,30,24,19,19,0,0,100,100,100,100,96,85,78,3,1,1787416696.5916533,G1,T01,sotto_banco_movimenti,1,static
8270298,1,1,1,59,63,100,100,0,100,100,100,86,44,28,31,27,21,0,0,100,100,100,100,97,86,79,3,1,1787416696.7834992,G1,T01,sotto_banco_movimenti,1,static
8270498,1,1,1,49,30,100,100,0,100,100,100,45,23,8,9,8,7,0,0,100,100,100,100,98,88,80,3,1,1787416696.987662,G1,T01,sotto_banco_movimenti,1,static
8270698,1,1,1,51,47,100,100,0,100,100,100,100,22,12,11,9,11,0,0,100,100,100,100,98,88,81,3,1,1787416697.1967306,G1,T01,sotto_banco_movimenti,1,static
8270898,1,1,1,73,30,100,100,0,100,100,100,36,27,18,16,17,15,0,0,100,100,100,100,96,87,80,3,1,1787416697.3880012,G1,T01,sotto_banco_movimenti,1,static
8271098,1,1,1,48,30,100,100,0,100,100,100,61,5,19,19,16,11,0,0,100,100,100,100,93,85,77,3,1,1787416697.5950685,G1,T01,sotto_banco_movimenti,1,static
8271298,1,1,1,30,49,100,100,0,100,100,100,67,29,15,4,8,6,0,0,100,100,100,100,92,85,78,3,1,1787416697.7868118,G1,T01,sotto_banco_movimenti,1,static
8271498,1,1,1,52,61,100,100,1,100,100,100,46,21,19,10,8,11,0,0,100,100,100,100,93,84,78,3,1,1787416697.9947934,G1,T01,sotto_banco_movimenti,1,static
8271698,1,1,1,30,53,100,100,1,100,100,100,91,25,15,15,8,13,0,0,100,100,100,100,93,86,80,3,1,1787416698.1867974,G1,T01,sotto_banco_movimenti,1,static
8271898,1,1,1,62,43,100,100,1,100,100,26,18,21,16,10,8,10,0,0,100,100,100,100,96,88,82,3,1,1787416698.3937182,G1,T01,sotto_banco_movimenti,1,static
8272098,1,1,1,30,59,100,100,1,100,100,100,40,26,5,17,9,12,0,0,100,100,100,100,97,89,82,3,1,1787416698.5863578,G1,T01,sotto_banco_movimenti,1,static
8272298,1,1,1,39,30,100,100,1,100,100,100,85,15,31,18,17,14,0,0,100,100,100,100,96,89,82,3,1,1787416698.7932239,G1,T01,sotto_banco_movimenti,1,static
8272498,1,1,1,63,44,100,100,1,100,100,100,72,37,20,16,16,14,0,0,100,100,100,100,93,87,80,3,1,1787416698.985623,G1,T01,sotto_banco_movimenti,1,static
8272698,1,1,1,30,30,100,100,1,100,100,100,22,22,22,18,15,14,0,0,100,100,100,100,94,88,81,3,1,1787416699.1932683,G1,T01,sotto_banco_movimenti,1,static
8272898,1,1,1,67,30,100,100,1,100,100,59,29,5,11,3,1,5,0,0,100,100,100,100,91,86,78,3,1,1787416699.3868847,G1,T01,sotto_banco_movimenti,1,static
8273098,1,1,1,57,45,100,100,1,100,100,78,34,13,11,17,10,8,0,0,100,100,100,100,91,84,78,3,1,1787416699.593743,G1,T01,sotto_banco_movimenti,1,static
8273298,1,1,1,30,42,100,100,1,100,100,100,56,26,9,9,7,8,0,0,100,100,100,100,87,79,73,3,1,1787416699.7865553,G1,T01,sotto_banco_movimenti,1,static
8273498,1,1,1,58,30,100,100,1,100,100,100,40,17,5,4,3,5,0,0,100,100,100,100,87,79,73,3,1,1787416699.994893,G1,T01,sotto_banco_movimenti,1,static
8273698,1,1,1,30,66,100,100,1,100,100,86,34,20,4,3,5,4,0,0,100,100,100,100,90,82,76,3,1,1787416700.1880856,G1,T01,sotto_banco_movimenti,1,static
8273898,1,1,1,48,50,100,100,1,100,100,100,41,9,11,8,10,6,0,0,100,100,100,100,93,83,77,3,1,1787416700.396511,G1,T01,sotto_banco_movimenti,1,static
8274098,1,1,1,52,30,100,100,1,100,100,100,24,27,15,28,17,18,0,0,100,100,100,100,95,85,79,3,1,1787416700.588612,G1,T01,sotto_banco_movimenti,1,static
8274298,1,1,1,60,30,100,100,1,100,100,100,32,22,15,22,18,15,0,0,100,100,100,100,94,85,78,3,1,1787416700.797014,G1,T01,sotto_banco_movimenti,1,static
8274498,1,1,1,30,30,100,100,1,100,100,51,63,30,11,12,6,7,0,0,100,100,100,100,94,83,77,3,1,1787416700.9896276,G1,T01,sotto_banco_movimenti,1,static
8274698,1,1,1,66,56,100,100,1,100,100,100,25,11,7,10,11,10,0,0,100,100,100,100,92,82,75,3,1,1787416701.197078,G1,T01,sotto_banco_movimenti,1,static
8274898,1,1,1,69,69,100,100,0,100,100,100,95,6,19,16,12,13,0,0,100,100,100,100,93,81,75,3,1,1787416701.3899224,G1,T01,sotto_banco_movimenti,1,static
8275098,1,1,1,60,65,100,100,0,100,100,100,51,14,25,25,23,19,0,0,100,100,100,100,95,83,77,3,1,1787416701.5824566,G1,T01,sotto_banco_movimenti,1,static
8275298,1,1,1,30,55,100,100,0,100,100,100,22,18,10,17,15,12,0,0,100,100,100,100,96,83,77,3,1,1787416701.7896035,G1,T01,sotto_banco_movimenti,1,static
8275498,1,1,1,62,58,100,100,0,100,100,100,77,32,37,28,26,24,0,0,100,100,100,100,100,90,82,3,1,1787416701.9966857,G1,T01,sotto_banco_movimenti,1,static
8275698,1,1,1,60,30,100,100,0,100,100,100,29,26,24,12,18,15,0,0,100,100,100,100,100,91,83,3,1,1787416702.1879709,G1,T01,sotto_banco_movimenti,1,static
8275898,1,1,1,73,56,100,100,0,100,100,100,45,37,12,9,8,6,0,0,100,100,100,100,100,87,79,3,1,1787416702.3965569,G1,T01,sotto_banco_movimenti,1,static
8276098,1,1,1,56,43,100,100,0,100,100,100,18,28,39,35,32,27,0,0,100,100,100,100,100,89,80,3,1,1787416702.587716,G1,T01,sotto_banco_movimenti,1,static
8276298,1,1,1,46,63,100,100,0,100,100,73,43,17,11,17,16,14,0,0,100,100,100,100,100,89,81,3,1,1787416702.7953775,G1,T01,sotto_banco_movimenti,1,static
8276498,1,1,1,30,50,100,100,0,100,100,100,25,28,16,21,16,17,0,0,100,100,100,100,100,90,82,3,1,1787416702.9871104,G1,T01,sotto_banco_movimenti,1,static
8276698,1,1,1,52,30,100,100,0,100,100,100,82,16,11,13,14,11,0,0,100,100,100,100,100,89,80,3,1,1787416703.1945426,G1,T01,sotto_banco_movimenti,1,static
8276898,1,1,1,70,58,100,100,0,100,100,100,26,16,12,5,5,6,0,0,100,100,100,100,100,89,81,3,1,1787416703.383432,G1,T01,sotto_banco_movimenti,1,static
8277098,1,1,1,51,60,100,100,0,100,100,100,46,33,28,21,24,19,0,0,100,100,100,100,100,91,82,3,1,1787416703.5913787,G1,T01,sotto_banco_movimenti,1,static
8277298,1,1,1,43,63,100,100,0,100,100,100,18,27,44,37,34,29,0,0,100,100,100,100,100,96,86,3,1,1787416703.7887006,G1,T01,sotto_banco_movimenti,1,static
8277498,1,1,1,46,30,100,100,0,100,100,100,8,9,12,16,15,11,0,0,100,100,100,100,100,99,90,3,1,1787416703.991544,G1,T01,sotto_banco_movimenti,1,static
8277698,1,1,1,30,41,100,100,0,100,100,100,95,17,33,28,28,26,0,0,100,100,100,100,100,99,90,3,1,1787416704.1852171,G1,T01,sotto_banco_movimenti,1,static
8277898,1,1,1,62,30,100,100,0,100,100,100,52,34,24,20,21,17,0,0,100,100,100,100,100,100,92,2,1,1787416704.3923616,G1,T01,sotto_banco_movimenti,1,static
8278098,1,1,1,65,50,100,100,0,100,100,100,50,55,35,43,28,29,0,0,100,100,100,100,100,100,94,2,1,1787416704.58454,G1,T01,sotto_banco_movimenti,1,static
8278298,1,1,1,30,52,100,100,0,100,100,100,87,33,34,36,31,27,0,0,100,100,100,100,100,100,99,2,1,1787416704.7927299,G1,T01,sotto_banco_movimenti,1,static
8278498,1,1,1,30,65,100,100,0,100,100,100,16,14,13,18,16,15,0,0,100,100,100,100,100,100,100,2,1,1787416704.985504,G1,T01,sotto_banco_movimenti,1,static
8278698,1,1,1,57,56,100,100,0,100,100,100,37,18,18,14,18,16,0,0,100,100,100,100,100,100,100,2,1,1787416705.1917307,G1,T01,sotto_banco_movimenti,1,static
8278898,1,1,1,30,52,100,100,0,100,100,100,50,39,45,38,33,27,0,0,100,100,100,100,100,100,100,2,1,1787416705.3832924,G1,T01,sotto_banco_movimenti,1,static
8279098,1,1,1,30,30,100,100,0,100,100,100,27,25,23,23,18,19,0,0,100,100,100,100,100,100,100,3,1,1787416705.591355,G1,T01,sotto_banco_movimenti,1,static
8279298,1,1,1,30,58,100,100,0,100,100,100,16,25,8,12,8,11,0,0,100,100,100,100,100,100,100,3,1,1787416705.7902603,G1,T01,sotto_banco_movimenti,1,static
8279498,1,1,1,66,63,100,100,0,100,100,100,71,35,17,18,15,11,0,0,100,100,100,100,100,100,100,3,1,1787416705.9905684,G1,T01,sotto_banco_movimenti,1,static
8279698,1,1,1,61,55,100,100,0,100,100,100,43,19,11,9,9,10,0,0,100,100,100,100,100,100,99,3,1,1787416706.1824439,G1,T01,sotto_banco_movimenti,1,static
8279898,1,1,1,52,72,100,100,0,100,100,100,27,16,18,8,7,10,0,0,100,100,100,100,100,100,98,4,1,1787416706.3883889,G1,T01,sotto_banco_movimenti,1,static
8280098,1,1,1,61,62,100,100,0,100,100,100,58,17,12,14,8,6,0,0,100,100,100,100,100,100,95,4,1,1787416706.5957203,G1,T01,sotto_banco_movimenti,1,static
8280298,1,1,1,45,66,100,100,0,100,100,100,32,15,12,9,14,10,0,0,100,100,100,100,100,100,95,4,1,1787416706.7908368,G1,T01,sotto_banco_movimenti,1,static
8280498,1,1,1,74,55,100,100,0,100,100,100,47,18,3,17,8,12,0,0,100,100,100,100,100,98,94,4,1,1787416706.9967794,G1,T01,sotto_banco_movimenti,1,static
8280698,1,1,1,78,86,100,100,0,100,100,100,42,20,8,15,12,11,0,0,100,100,100,100,100,97,94,4,1,1787416707.1886837,G1,T01,sotto_banco_movimenti,1,static
8280898,1,1,1,60,59,100,100,0,100,100,100,24,14,12,10,13,7,0,0,100,100,100,100,100,98,94,4,1,1787416707.3962312,G1,T01,sotto_banco_movimenti,1,static
8281098,1,1,1,61,57,100,100,0,100,100,100,32,6,4,10,2,1,0,0,100,100,100,100,100,97,93,4,1,1787416707.588518,G1,T01,sotto_banco_movimenti,1,static
8281298,1,1,1,70,59,100,100,0,100,100,100,77,17,9,5,7,6,0,0,100,100,100,100,100,92,88,4,1,1787416707.7963183,G1,T01,sotto_banco_movimenti,1,static
8281498,1,1,1,63,55,100,100,0,100,100,100,30,18,10,10,7,6,0,0,100,100,100,100,100,88,84,4,1,1787416707.9886434,G1,T01,sotto_banco_movimenti,1,static
8281698,1,1,1,75,54,100,100,0,100,100,100,38,34,3,7,3,7,0,0,100,100,100,100,94,80,77,4,1,1787416708.1968894,G1,T01,sotto_banco_movimenti,1,static
8281898,1,1,1,62,128,100,100,1,100,100,100,41,9,9,4,7,5,0,0,100,100,100,97,88,75,72,4,1,1787416708.3890073,G1,T01,sotto_banco_movimenti,1,static
8282098,1,1,1,69,55,100,100,1,100,100,100,81,32,18,16,10,13,0,0,100,100,100,94,81,70,68,4,1,1787416708.596664,G1,T01,sotto_banco_movimenti,1,static
8282298,1,1,1,30,62,100,100,1,100,100,98,36,7,19,17,9,10,0,0,100,100,100,88,74,63,62,4,1,1787416708.7926855,G1,T01,sotto_banco_movimenti,1,static
8282498,1,1,1,72,70,100,100,1,100,100,100,40,17,5,8,8,8,0,0,100,100,100,85,69,59,58,4,1,1787416708.9956715,G1,T01,sotto_banco_movimenti,1,static
8282698,1,1,1,30,55,100,100,1,100,100,100,11,16,8,8,10,12,0,0,100,100,100,78,62,53,52,4,1,1787416709.1871605,G1,T01,sotto_banco_movimenti,1,static
8282898,1,1,1,68,56,100,100,1,100,100,100,64,12,12,18,11,14,0,0,100,100,100,71,60,49,50,4,1,1787416709.3946733,G1,T01,sotto_banco_movimenti,1,static
8283098,1,1,1,71,67,100,100,1,100,100,100,23,8,13,2,4,5,0,0,100,100,100,70,58,48,50,4,1,1787416709.5860028,G1,T01,sotto_banco_movimenti,1,static
8283298,1,1,1,49,75,100,100,1,100,100,57,38,24,10,10,10,7,0,0,100,100,100,70,57,47,48,4,1,1787416709.7936995,G1,T01,sotto_banco_movimenti,1,static
8283498,1,1,1,69,92,100,100,1,100,100,81,47,18,16,2,4,1,0,0,100,100,100,72,56,47,46,4,1,1787416709.9851456,G1,T01,sotto_banco_movimenti,1,static
8283698,1,1,1,57,63,100,100,1,100,100,100,8,30,18,10,13,13,0,0,100,100,100,74,57,47,47,4,1,1787416710.1926267,G1,T01,sotto_banco_movimenti,1,static
8283898,1,1,1,58,30,100,100,1,100,100,100,59,26,18,15,16,14,0,0,100,100,100,73,59,49,49,4,1,1787416710.3845632,G1,T01,sotto_banco_movimenti,1,static
8284098,1,1,1,54,56,100,100,1,100,100,100,57,21,19,15,17,13,0,0,100,100,100,75,59,49,49,4,1,1787416710.592682,G1,T01,sotto_banco_movimenti,1,static
8284298,1,1,1,63,55,100,100,1,100,100,100,87,8,4,9,3,5,0,0,100,100,100,70,58,47,48,4,1,1787416710.7941878,G1,T01,sotto_banco_movimenti,1,static
8284498,1,1,1,64,59,100,100,1,100,100,100,40,24,12,15,12,11,0,0,100,100,100,71,58,47,47,4,1,1787416710.9933276,G1,T01,sotto_banco_movimenti,1,static
8284698,1,1,1,63,30,100,100,1,100,100,100,27,10,19,11,11,12,0,0,100,100,100,72,57,48,48,4,1,1787416711.1832879,G1,T01,sotto_banco_movimenti,1,static
8284898,1,1,1,48,39,100,100,1,100,100,100,89,28,22,12,11,10,0,0,100,100,100,73,56,48,48,4,1,1787416711.390309,G1,T01,sotto_banco_movimenti,1,static
8285098,1,1,1,48,55,100,100,1,100,100,100,41,12,14,19,14,16,0,0,100,100,100,71,57,48,49,4,1,1787416711.5823755,G1,T01,sotto_banco_movimenti,1,static
8285298,1,1,1,63,64,100,100,0,100,100,100,67,10,15,4,2,4,0,0,100,100,100,72,57,47,48,4,1,1787416711.7950866,G1,T01,sotto_banco_movimenti,1,static
8285498,1,1,1,70,70,100,100,0,100,100,100,34,6,3,19,12,13,0,0,100,100,100,72,60,49,49,4,1,1787416711.9968822,G1,T01,sotto_banco_movimenti,1,static
8285698,1,1,1,69,75,100,100,0,100,100,100,51,15,11,6,5,3,0,0,100,100,100,73,60,49,50,4,1,1787416712.1892247,G1,T01,sotto_banco_movimenti,1,static
8285898,1,1,1,56,63,100,100,0,100,100,100,44,12,6,16,12,7,0,0,100,100,100,74,63,51,52,4,1,1787416712.3964052,G1,T01,sotto_banco_movimenti,1,static
8286098,1,1,1,52,62,100,100,0,100,100,100,69,4,13,10,9,8,0,0,100,100,100,72,61,49,51,4,1,1787416712.588591,G1,T01,sotto_banco_movimenti,1,static
8286298,1,1,1,75,69,100,100,0,100,100,100,72,15,6,8,5,8,0,0,100,100,100,70,61,50,50,4,1,1787416712.7964585,G1,T01,sotto_banco_movimenti,1,static
8286498,1,1,1,58,30,100,100,0,100,100,100,22,18,10,14,12,12,0,0,100,100,100,70,60,50,50,4,1,1787416712.9875858,G1,T01,sotto_banco_movimenti,1,static
8286698,1,1,1,70,61,100,100,0,100,100,100,15,13,12,8,13,10,0,0,100,100,100,71,59,50,50,4,1,1787416713.1953068,G1,T01,sotto_banco_movimenti,1,static
8286898,1,1,1,69,59,100,100,0,100,100,100,54,37,10,4,3,4,0,0,100,100,100,70,55,48,48,4,1,1787416713.3873305,G1,T01,sotto_banco_movimenti,1,static
8287098,1,1,1,52,71,100,100,0,100,100,100,18,14,10,16,9,9,0,0,100,100,100,70,56,48,47,4,1,1787416713.5957255,G1,T01,sotto_banco_movimenti,1,static
8287298,1,1,1,65,73,100,100,0,100,100,100,100,27,6,11,14,12,0,0,100,100,100,69,57,49,48,4,1,1787416713.7973297,G1,T01,sotto_banco_movimenti,1,static
8287498,1,1,1,59,49,100,100,0,100,100,100,38,14,10,13,10,13,0,0,100,100,100,70,59,52,51,4,1,1787416713.997071,G1,T01,sotto_banco_movimenti,1,static
8287698,1,1,1,67,50,100,100,0,100,100,100,8,16,13,9,7,5,0,0,100,100,100,68,57,51,50,4,1,1787416714.1890574,G1,T01,sotto_banco_movimenti,1,static
8287898,1,1,1,73,64,100,100,0,100,100,100,39,17,6,8,10,12,0,0,100,100,100,68,55,50,48,4,1,1787416714.396424,G1,T01,sotto_banco_movimenti,1,static
8288098,1,1,1,79,61,100,100,0,100,100,100,63,22,9,7,8,2,0,0,100,100,100,65,53,48,45,4,1,1787416714.5879757,G1,T01,sotto_banco_movimenti,1,static
8288298,1,1,1,71,45,100,100,0,100,100,100,53,4,10,1,3,3,0,0,100,100,100,66,52,48,45,4,1,1787416714.7961066,G1,T01,sotto_banco_movimenti,1,static
8288498,1,1,1,59,57,100,100,0,100,100,88,16,11,8,4,2,5,0,0,100,100,100,68,49,47,44,4,1,1787416714.988132,G1,T01,sotto_banco_movimenti,1,static
8288698,1,1,1,39,52,100,100,0,100,100,100,35,10,7,11,8,9,0,0,100,100,97,67,50,45,43,4,1,1787416715.1970296,G1,T01,sotto_banco_movimenti,1,static
8288898,1,1,1,30,56,100,100,0,100,100,65,22,10,14,10,9,7,0,0,100,100,95,65,48,44,42,4,1,1787416715.3890734,G1,T01,sotto_banco_movimenti,1,static
8289098,1,1,1,52,59,100,100,0,100,100,100,60,27,15,4,10,7,0,0,100,100,99,66,46,43,41,4,1,1787416715.5966308,G1,T01,sotto_banco_movimenti,1,static
8289298,1,1,1,30,60,100,100,0,100,100,35,54,12,6,4,5,6,0,0,100,100,95,64,47,44,43,4,1,1787416715.788795,G1,T01,sotto_banco_movimenti,1,static
8289498,1,1,1,75,72,100,100,0,100,100,100,19,10,9,3,3,1,0,0,100,100,94,65,43,42,41,4,1,1787416715.9964776,G1,T01,sotto_banco_movimenti,1,static
8289698,1,1,1,89,77,100,100,0,75,100,100,25,7,5,10,11,10,0,0,100,100,92,64,42,42,40,4,1,1787416716.1881146,G1,T01,sotto_banco_movimenti,1,static
8289898,1,1,1,52,57,100,100,0,100,100,100,100,37,9,8,6,8,0,0,100,100,94,65,41,41,39,4,1,1787416716.3963273,G1,T01,sotto_banco_movimenti,1,static
8290098,1,1,1,56,62,100,100,0,100,100,100,69,33,11,7,12,6,0,0,100,100,100,65,40,42,38,4,1,1787416716.5889611,G1,T01,sotto_banco_movimenti,1,static
8290298,1,1,1,46,74,100,100,0,100,100,100,40,23,11,15,7,9,0,0,100,100,100,66,40,41,38,4,1,1787416716.7965198,G1,T01,sotto_banco_movimenti,1,static
8290498,1,1,1,50,66,100,100,0,100,100,100,39,13,6,9,8,4,0,0,100,100,100,69,41,43,39,4,1,1787416716.9879036,G1,T01,sotto_banco_movimenti,1,static
8290698,1,1,1,61,47,100,100,0,100,100,100,47,37,4,4,5,4,0,0,100,100,100,68,41,43,39,4,1,1787416717.1933322,G1,T01,sotto_banco_movimenti,1,static
8290898,1,1,1,66,66,100,100,0,100,100,100,33,37,11,9,6,2,0,0,100,100,100,69,41,43,39,4,1,1787416717.3847983,G1,T01,sotto_banco_movimenti,1,static
8291098,1,1,1,58,69,100,100,0,100,100,100,62,14,9,8,8,9,0,0,100,100,100,69,41,43,40,4,1,1787416717.5931952,G1,T01,sotto_banco_movimenti,1,static
8291298,1,1,1,80,69,100,100,1,100,100,100,36,20,8,10,9,3,0,0,100,100,100,69,41,42,39,4,1,1787416717.78515,G1,T01,sotto_banco_movimenti,1,static
8291498,1,1,1,48,78,100,100,1,100,100,64,11,7,5,5,6,5,0,0,100,100,100,66,39,40,37,4,1,1787416717.9918664,G1,T01,sotto_banco_movimenti,1,static
8291698,1,1,1,80,62,100,100,1,100,100,100,34,15,11,10,8,9,0,0,100,100,100,65,39,38,37,4,1,1787416718.1835072,G1,T01,sotto_banco_movimenti,1,static
8291898,1,1,1,59,58,100,100,1,100,100,100,48,9,15,5,6,5,0,0,100,100,100,66,41,39,38,4,1,1787416718.3903403,G1,T01,sotto_banco_movimenti,1,static
8292098,1,1,1,65,56,100,100,1,100,100,100,15,10,12,7,10,7,0,0,100,100,100,68,42,40,40,4,1,1787416718.582366,G1,T01,sotto_banco_movimenti,1,static
8292298,1,1,1,71,87,100,100,1,100,100,100,52,38,12,3,7,12,0,0,100,100,100,67,42,40,40,4,1,1787416718.7919774,G1,T01,sotto_banco_movimenti,1,static
8292498,1,1,1,55,52,100,100,1,100,100,100,16,26,16,13,14,12,0,0,100,100,100,67,44,42,41,4,1,1787416718.98336,G1,T01,sotto_banco_movimenti,1,static
8292698,1,1,1,77,41,100,100,1,100,100,100,66,49,9,13,3,6,0,0,100,100,100,67,43,42,41,4,1,1787416719.1913307,G1,T01,sotto_banco_movimenti,1,static
8292898,1,1,1,69,67,100,100,1,100,100,100,99,22,10,9,10,2,0,0,100,100,100,67,43,41,41,4,1,1787416719.3840013,G1,T01,sotto_banco_movimenti,1,static
8293098,1,1,1,58,75,100,100,1,100,100,100,59,11,10,10,8,5,0,0,100,100,100,66,45,42,41,4,1,1787416719.592615,G1,T01,sotto_banco_movimenti,1,static
8293298,1,1,1,66,71,100,100,1,100,100,100,33,2,17,7,5,3,0,0,100,100,100,69,45,41,39,4,1,1787416719.7854578,G1,T01,sotto_banco_movimenti,1,static
8293498,1,1,1,41,30,100,100,1,100,100,97,7,24,13,4,8,11,0,0,100,100,100,69,47,42,39,4,1,1787416719.9930434,G1,T01,sotto_banco_movimenti,1,static
8293698,1,1,1,75,75,100,100,1,100,100,100,23,20,13,11,7,9,0,0,100,100,100,69,48,43,40,4,1,1787416720.188493,G1,T01,sotto_banco_movimenti,1,static
8293898,1,1,1,56,65,100,100,1,100,100,100,24,6,9,15,15,13,0,0,100,100,100,68,48,42,40,4,1,1787416720.3939629,G1,T01,sotto_banco_movimenti,1,static
8294098,1,1,1,50,70,100,100,1,100,100,100,74,14,17,12,10,11,0,0,100,100,100,69,49,42,41,4,1,1787416720.5905116,G1,T01,sotto_banco_movimenti,1,static
8294298,1,1,1,77,50,100,100,1,100,100,100,65,17,4,8,7,4,0,0,100,100,100,68,48,42,39,4,1,1787416720.7930434,G1,T01,sotto_banco_movimenti,1,static
8294498,1,1,1,74,82,100,100,1,100,100,100,42,26,11,7,7,8,0,0,100,100,100,66,47,39,38,4,1,1787416720.9910963,G1,T01,sotto_banco_movimenti,1,static
8294698,1,1,1,52,60,100,100,0,100,100,100,12,1,8,9,8,10,0,0,100,100,100,68,50,40,40,4,1,1787416721.1922207,G1,T01,sotto_banco_movimenti,1,static
8294898,1,1,1,79,58,100,100,0,76,100,100,39,38,2,4,6,4,0,0,100,100,100,66,51,40,40,4,1,1787416721.3927186,G1,T01,sotto_banco_movimenti,1,static
8295098,1,1,1,52,74,100,100,0,100,100,100,58,28,11,3,8,1,0,0,100,100,100,66,49,40,39,4,1,1787416721.593687,G1,T01,sotto_banco_movimenti,1,static
8295298,1,1,1,67,64,100,100,0,100,100,100,74,10,6,5,4,7,0,0,100,100,100,67,51,41,40,4,1,1787416721.7941144,G1,T01,sotto_banco_movimenti,1,static
8295498,1,1,1,64,42,100,100,0,100,100,100,42,17,9,8,6,9,0,0,100,100,100,71,52,43,41,4,1,1787416721.9954474,G1,T01,sotto_banco_movimenti,1,static
8295698,1,1,1,66,75,100,100,0,100,100,100,12,8,12,8,7,11,0,0,100,100,100,72,55,45,43,4,1,1787416722.196791,G1,T01,sotto_banco_movimenti,1,static
8295898,1,1,1,70,62,100,100,0,100,100,92,39,19,13,9,4,8,0,0,100,100,100,72,55,45,43,4,1,1787416722.397365,G1,T01,sotto_banco_movimenti,1,static
8296098,1,1,1,65,59,100,100,0,100,100,100,42,21,10,4,2,5,0,0,100,100,100,73,55,44,43,4,1,1787416722.5970786,G1,T01,sotto_banco_movimenti,1,static
8296298,1,1,1,46,69,100,100,0,100,100,44,15,32,9,2,5,3,0,0,100,100,100,74,55,45,41,4,1,1787416722.7936502,G1,T01,sotto_banco_movimenti,1,static
8296498,1,1,1,60,71,100,100,0,100,100,100,17,51,19,18,15,15,0,0,100,100,100,72,56,44,41,4,1,1787416722.9851432,G1,T01,sotto_banco_movimenti,1,static
8296698,1,1,1,64,67,100,100,0,100,100,100,41,33,10,9,6,7,0,0,100,100,100,73,57,46,42,4,1,1787416723.1938097,G1,T01,sotto_banco_movimenti,1,static
8296898,1,1,1,76,30,100,100,0,100,100,100,49,24,11,11,7,9,0,0,100,100,100,73,57,46,42,4,1,1787416723.3854296,G1,T01,sotto_banco_movimenti,1,static
8297098,1,1,1,60,43,100,100,0,100,100,100,23,28,15,11,10,8,0,0,100,100,100,73,56,45,41,4,1,1787416723.5926368,G1,T01,sotto_banco_movimenti,1,static
8297298,1,1,1,72,50,100,100,0,100,100,100,61,15,7,3,4,2,0,0,100,100,100,71,55,45,42,4,1,1787416723.7851396,G1,T01,sotto_banco_movimenti,1,static
8297498,1,1,1,50,82,100,100,0,100,100,100,20,15,12,10,12,6,0,0,100,100,100,72,56,45,41,4,1,1787416723.9934144,G1,T01,sotto_banco_movimenti,1,static
8297698,1,1,1,30,47,100,100,0,100,100,82,50,24,9,14,11,6,0,0,100,100,100,70,56,46,40,4,1,1787416724.1850839,G1,T01,sotto_banco_movimenti,1,static
8297898,1,1,1,45,55,100,100,0,100,100,100,81,9,20,7,9,8,0,0,100,100,100,72,56,47,40,4,1,1787416724.393256,G1,T01,sotto_banco_movimenti,1,static
8298098,1,1,1,65,60,100,100,0,100,100,100,57,17,11,12,13,11,0,0,100,100,100,69,55,47,40,4,1,1787416724.5850625,G1,T01,sotto_banco_movimenti,1,static
8298298,1,1,1,71,69,100,100,0,100,100,100,20,26,12,7,7,4,0,0,100,100,100,69,55,47,41,4,1,1787416724.7922432,G1,T01,sotto_banco_movimenti,1,static
8298498,1,1,1,30,55,100,100,0,100,100,40,4,10,8,6,2,4,0,0,100,100,100,70,55,47,41,4,1,1787416724.9835596,G1,T01,sotto_banco_movimenti,1,static
8298698,1,1,1,73,67,100,100,0,100,100,100,41,9,9,9,10,8,0,0,100,100,100,68,52,46,39,4,1,1787416725.1912196,G1,T01,sotto_banco_movimenti,1,static
8298898,1,1,1,72,41,100,100,0,100,100,100,24,9,11,7,2,4,0,0,100,100,100,69,53,47,39,4,1,1787416725.3828368,G1,T01,sotto_banco_movimenti,1,static
8299098,1,1,1,68,77,100,100,0,100,100,100,24,27,9,6,9,7,0,0,100,100,100,68,53,47,39,4,1,1787416725.5921874,G1,T01,sotto_banco_movimenti,1,static
8299298,1,1,1,87,72,100,100,0,68,100,100,44,17,4,8,7,7,0,0,100,100,100,64,50,46,37,4,1,1787416725.7836704,G1,T01,sotto_banco_movimenti,1,static
8299498,1,1,1,65,65,100,100,0,100,100,100,82,24,6,8,9,9,0,0,100,100,100,63,50,44,37,4,1,1787416725.9910645,G1,T01,sotto_banco_movimenti,1,static
8299698,1,1,1,72,79,100,100,0,100,100,100,91,47,13,14,9,12,0,0,100,100,100,64,50,43,37,4,1,1787416726.1822438,G1,T01,sotto_banco_movimenti,1,static
8299898,1,1,1,67,65,100,100,0,100,100,100,49,34,10,14,10,9,0,0,100,100,100,62,50,43,37,4,1,1787416726.3905559,G1,T01,sotto_banco_movimenti,1,static
8300098,1,1,1,69,75,100,100,1,100,100,100,52,16,14,11,8,9,0,0,100,100,100,62,49,43,37,4,1,1787416726.5824382,G1,T01,sotto_banco_movimenti,1,static
8300298,1,1,1,61,72,100,100,1,100,100,100,23,7,8,10,3,6,0,0,100,100,100,60,50,42,37,4,1,1787416726.7905438,G1,T01,sotto_banco_movimenti,1,static
8300498,1,1,1,62,58,100,100,1,100,100,100,70,9,9,7,8,7,0,0,100,100,100,58,48,40,35,4,1,1787416726.9829206,G1,T01,sotto_banco_movimenti,1,static
8300698,1,1,1,58,63,100,100,1,100,100,100,94,17,14,9,9,7,0,0,100,100,100,58,46,38,35,4,1,1787416727.1908474,G1,T01,sotto_banco_movimenti,1,static
8300898,1,1,1,50,47,100,100,1,100,100,100,51,25,20,15,12,13,0,0,100,100,100,61,49,41,38,4,1,1787416727.3826838,G1,T01,sotto_banco_movimenti,1,static
8301098,1,1,1,72,59,100,100,1,100,100,100,31,15,26,15,12,13,0,0,100,100,100,64,51,43,41,4,1,1787416727.591226,G1,T01,sotto_banco_movimenti,1,static
8301298,1,1,1,65,65,100,100,1,100,100,100,27,6,8,11,6,5,0,0,100,100,100,64,52,44,41,4,1,1787416727.7828047,G1,T01,sotto_banco_movimenti,1,static
8301498,1,1,1,70,52,100,100,1,100,100,100,11,5,6,8,6,7,0,0,100,100,100,61,52,43,42,4,1,1787416727.989214,G1,T01,sotto_banco_movimenti,1,static
8301698,1,1,1,76,58,100,100,1,100,100,100,89,17,9,3,7,1,0,0,100,100,100,61,50,43,41,4,1,1787416728.1970375,G1,T01,sotto_banco_movimenti,1,static
8301898,1,1,1,60,67,100,100,1,100,100,100,14,13,7,10,12,7,0,0,100,100,100,62,51,43,42,4,1,1787416728.3891063,G1,T01,sotto_banco_movimenti,1,static
8302098,1,1,1,59,73,100,100,1,100,100,38,13,8,7,4,8,3,0,0,100,100,100,64,50,42,41,4,1,1787416728.5973544,G1,T01,sotto_banco_movimenti,1,static
8302298,1,1,1,58,62,100,100,1,100,100,100,32,7,10,5,6,10,0,0,100,100,100,65,50,42,42,4,1,1787416728.7891588,G1,T01,sotto_banco_movimenti,1,static
8302498,1,1,1,123,49,100,100,1,100,100,100,64,10,8,4,2,7,0,0,100,100,100,65,49,41,41,4,1,1787416728.9975705,G1,T01,sotto_banco_movimenti,1,static
8302698,1,1,1,66,50,100,100,1,100,100,100,19,7,7,9,12,3,0,0,100,100,100,64,49,41,41,4,1,1787416729.1895237,G1,T01,sotto_banco_movimenti,1,static
8302898,1,1,1,56,89,100,100,1,100,100,95,13,6,12,4,5,11,0,0,100,100,100,63,49,39,40,4,1,1787416729.3974316,G1,T01,sotto_banco_movimenti,1,static
8303098,1,1,1,64,48,100,100,1,100,100,100,26,11,15,3,10,5,0,0,100,100,100,66,51,42,42,4,1,1787416729.588476,G1,T01,sotto_banco_movimenti,1,static
8303298,1,1,1,30,58,100,100,1,100,100,100,28,5,13,3,11,3,0,0,100,100,100,69,52,43,44,4,1,1787416729.7968705,G1,T01,sotto_banco_movimenti,1,static
8303498,1,1,1,62,65,100,100,0,100,100,91,16,10,3,9,11,4,0,0,100,100,100,68,51,42,42,4,1,1787416729.988561,G1,T01,sotto_banco_movimenti,1,static
8303698,1,1,1,67,60,100,100,0,100,100,100,66,10,4,5,8,6,0,0,100,100,100,66,49,42,40,4,1,1787416730.196329,G1,T01,sotto_banco_movimenti,1,static
8303898,1,1,1,75,46,100,100,0,100,100,100,13,7,14,5,11,6,0,0,100,100,97,68,49,42,40,4,1,1787416730.3878834,G1,T01,sotto_banco_movimenti,1,static
8304098,1,1,1,42,57,100,100,0,100,100,100,42,20,14,13,11,11,0,0,100,100,94,68,50,44,41,4,1,1787416730.5958598,G1,T01,sotto_banco_movimenti,1,static
8304298,1,1,1,75,71,100,100,0,100,100,100,47,11,2,4,4,6,0,0,100,100,94,69,51,44,41,4,1,1787416730.7879484,G1,T01,sotto_banco_movimenti,1,static
8304498,1,1,1,75,57,100,100,0,100,100,100,18,32,11,6,11,10,0,0,100,100,96,67,50,44,41,4,1,1787416730.9964635,G1,T01,sotto_banco_movimenti,1,static
8304698,1,1,1,56,65,100,100,0,100,100,100,31,7,13,7,6,10,0,0,100,100,100,67,49,44,40,4,1,1787416731.1893172,G1,T01,sotto_banco_movimenti,1,static
8304898,1,1,1,67,41,100,100,0,100,100,100,44,19,19,5,6,5,0,0,100,100,100,65,50,44,40,3,1,1787416731.396737,G1,T01,sotto_banco_movimenti,1,static
8305098,1,1,1,70,62,100,100,0,100,100,100,18,13,12,6,5,10,0,0,100,100,100,61,52,44,40,4,1,1787416731.5885227,G1,T01,sotto_banco_movimenti,1,static
8305298,1,1,1,73,60,100,100,0,100,100,100,40,25,8,4,3,2,0,0,100,100,100,63,54,44,41,3,1,1787416731.7949164,G1,T01,sotto_banco_movimenti,1,static
8305498,1,1,1,53,57,100,100,0,100,100,100,46,15,8,12,9,6,0,0,100,100,100,67,55,46,42,4,1,1787416731.9873748,G1,T01,sotto_banco_movimenti,1,static
8305698,1,1,1,39,59,100,100,0,100,100,100,23,16,5,10,6,3,0,0,100,100,100,65,56,46,43,4,1,1787416732.195402,G1,T01,sotto_banco_movimenti,1,static
8305898,1,1,1,72,73,100,100,0,100,100,100,45,33,15,3,4,2,0,0,100,100,100,65,54,44,41,4,1,1787416732.3855307,G1,T01,sotto_banco_movimenti,1,static
8306098,1,1,1,64,74,100,100,0,100,100,100,24,20,8,3,9,9,0,0,100,100,100,64,54,45,41,4,1,1787416732.5933235,G1,T01,sotto_banco_movimenti,1,static
8306298,1,1,1,48,59,100,100,0,100,100,100,49,16,17,11,10,10,0,0,100,100,100,63,54,46,41,4,1,1787416732.7856326,G1,T01,sotto_banco_movimenti,1,static
8306498,1,1,1,64,67,100,100,0,100,100,100,47,22,19,13,13,13,0,0,100,100,100,65,57,48,43,4,1,1787416732.9928458,G1,T01,sotto_banco_movimenti,1,static
8306698,1,1,1,69,63,100,100,0,100,100,100,22,31,10,8,9,5,0,0,100,100,100,66,57,48,42,4,1,1787416733.184858,G1,T01,sotto_banco_movimenti,1,static
8306898,1,1,1,48,65,100,100,0,100,100,100,18,21,15,10,13,5,0,0,100,100,100,67,56,48,42,4,1,1787416733.39188,G1,T01,sotto_banco_movimenti,1,static
8307098,1,1,1,30,50,100,100,0,100,100,70,9,11,9,11,6,4,0,0,100,100,100,68,56,47,42,4,1,1787416733.5835316,G1,T01,sotto_banco_movimenti,1,static
8307298,1,1,1,66,68,100,100,0,100,100,100,26,6,13,3,9,11,0,0,100,100,100,69,55,47,41,4,1,1787416733.7914226,G1,T01,sotto_banco_movimenti,1,static
8307498,1,1,1,62,65,100,100,0,100,100,100,25,11,9,6,3,6,0,0,100,100,100,70,59,49,44,4,1,1787416733.9971857,G1,T01,sotto_banco_movimenti,1,static
8307698,1,1,1,75,67,100,100,0,100,100,100,100,7,6,11,2,4,0,0,100,100,100,68,61,51,45,4,1,1787416734.1878464,G1,T01,sotto_banco_movimenti,1,static
8307898,1,1,1,69,76,100,100,0,100,100,100,61,32,14,9,10,8,0,0,100,100,100,68,60,50,45,4,1,1787416734.3950472,G1,T01,sotto_banco_movimenti,1,static
8308098,1,1,1,53,70,100,100,0,100,100,100,79,20,15,8,7,9,0,0,100,100,100,68,59,50,45,4,1,1787416734.58581,G1,T01,sotto_banco_movimenti,1,static
8308298,1,1,1,62,55,100,100,0,100,100,100,66,23,14,11,10,11,0,0,100,100,100,71,60,53,47,4,1,1787416734.7925363,G1,T01,sotto_banco_movimenti,1,static
8308498,1,1,1,67,72,100,100,0,100,100,100,47,32,19,14,16,14,0,0,100,100,100,74,62,55,48,4,1,1787416734.9845605,G1,T01,sotto_banco_movimenti,1,static
8308698,1,1,1,60,72,100,100,0,100,100,100,58,12,18,2,9,10,0,0,100,100,100,75,60,53,48,4,1,1787416735.1929555,G1,T01,sotto_banco_movimenti,1,static
8308898,1,1,1,67,67,100,100,0,100,100,100,100,59,18,18,12,15,0,0,100,100,100,75,60,53,48,4,1,1787416735.385105,G1,T01,sotto_banco_movimenti,1,static
8309098,1,1,1,61,38,100,100,0,100,100,100,13,19,5,21,10,12,0,0,100,100,100,77,59,54,47,4,1,1787416735.5930626,G1,T01,sotto_banco_movimenti,1,static
8309298,1,1,1,61,58,100,100,0,100,100,100,33,29,13,5,13,4,0,0,100,100,100,77,58,54,46,4,1,1787416735.7849245,G1,T01,sotto_banco_movimenti,1,static
8309498,1,1,1,72,30,100,100,0,100,100,100,35,16,22,12,12,7,0,0,100,100,100,77,57,53,45,4,1,1787416735.9926603,G1,T01,sotto_banco_movimenti,1,static
8309698,1,1,1,53,41,100,100,0,100,100,100,15,19,6,13,8,9,0,0,100,100,100,78,58,54,46,4,1,1787416736.1841486,G1,T01,sotto_banco_movimenti,1,static
8309898,1,1,1,58,45,100,100,0,100,100,100,11,5,6,4,4,9,0,0,100,100,100,76,58,54,46,4,1,1787416736.392975,G1,T01,sotto_banco_movimenti,1,static
8310098,1,1,1,53,45,100,100,1,100,100,100,24,23,1,9,9,3,0,0,100,100,100,74,60,54,46,4,1,1787416736.584736,G1,T01,sotto_banco_movimenti,1,static
8310298,1,1,1,30,45,100,100,1,100,100,100,40,11,9,10,6,8,0,0,100,100,100,72,61,54,47,4,1,1787416736.7924473,G1,T01,sotto_banco_movimenti,1,static
8310498,1,1,1,30,67,100,100,1,100,100,100,40,20,12,11,9,10,0,0,100,100,100,71,60,53,46,4,1,1787416736.9845002,G1,T01,sotto_banco_movimenti,1,static
8310698,1,1,1,60,54,100,100,1,100,100,100,31,25,6,8,6,6,0,0,100,100,100,69,60,53,46,4,1,1787416737.1958673,G1,T01,sotto_banco_movimenti,1,static
8310898,1,1,1,66,53,100,100,1,100,100,100,39,18,13,2,3,7,0,0,100,100,100,69,61,53,47,4,1,1787416737.3838236,G1,T01,sotto_banco_movimenti,1,static
8311098,1,1,1,66,59,100,100,1,100,100,100,15,16,7,2,1,7,0,0,100,100,100,68,60,52,47,4,1,1787416737.590723,G1,T01,sotto_banco_movimenti,1,static
8311298,1,1,1,30,60,100,100,1,100,100,100,42,28,2,5,10,3,0,0,100,100,100,64,61,52,47,4,1,1787416737.7971745,G1,T01,sotto_banco_movimenti,1,static
8311498,1,1,1,65,63,100,100,1,100,100,100,19,5,10,2,4,4,0,0,100,100,100,64,57,49,45,4,1,1787416737.9892507,G1,T01,sotto_banco_movimenti,1,static
8311698,1,1,1,70,30,100,100,1,100,100,100,67,22,12,7,4,2,0,0,100,100,100,66,56,48,45,4,1,1787416738.1956944,G1,T01,sotto_banco_movimenti,1,static
8311898,1,1,1,42,62,100,100,1,100,100,100,33,16,3,17,13,13,0,0,100,100,100,64,57,48,45,4,1,1787416738.3848512,G1,T01,sotto_banco_movimenti,1,static
8312098,1,1,1,73,75,100,100,1,100,100,100,39,24,8,11,10,10,0,0,100,100,100,62,58,47,45,4,1,1787416738.590358,G1,T01,sotto_banco_movimenti,1,static
8312298,1,1,1,66,70,100,100,1,100,100,100,9,14,9,16,10,7,0,0,100,100,100,60,58,45,43,4,1,1787416738.796379,G1,T01,sotto_banco_movimenti,1,static
8312498,1,1,1,62,75,100,100,1,100,100,100,100,9,11,6,8,2,0,0,100,100,100,58,57,43,42,4,1,1787416738.9888341,G1,T01,sotto_banco_movimenti,1,static
8312698,1,1,1,67,57,100,100,1,100,100,100,10,19,4,3,1,7,0,0,100,100,100,56,58,43,42,4,1,1787416739.1971986,G1,T01,sotto_banco_movimenti,1,static
8312898,1,1,1,60,54,100,100,1,100,100,100,20,18,22,12,11,14,0,0,100,100,100,59,56,42,40,4,1,1787416739.3893633,G1,T01,sotto_banco_movimenti,1,static
8313098,1,1,1,52,43,100,100,1,100,100,100,13,3,17,7,8,10,0,0,100,100,100,62,55,41,40,4,1,1787416739.5969875,G1,T01,sotto_banco_movimenti,1,static
8313298,1,1,1,79,71,100,100,1,74,100,100,27,29,1,2,3,3,0,0,100,100,100,60,53,39,39,4,1,1787416739.7892985,G1,T01,sotto_banco_movimenti,1,static
8313498,1,1,1,70,66,100,100,0,100,100,100,30,22,17,6,12,8,0,0,100,100,100,57,51,38,38,4,1,1787416739.9968905,G1,T01,sotto_banco_movimenti,1,static
8313698,1,1,1,58,69,100,100,0,100,100,100,46,24,10,19,15,13,0,0,100,100,100,59,53,40,38,4,1,1787416740.1881397,G1,T01,sotto_banco_movimenti,1,static
8313898,1,1,1,75,68,100,100,0,100,100,100,30,13,12,10,3,6,0,0,100,100,100,60,52,40,37,4,1,1787416740.396198,G1,T01,sotto_banco_movimenti,1,static
8314098,1,1,1,41,59,100,100,0,100,100,91,15,4,13,6,2,11,0,0,100,100,100,65,50,39,37,4,1,1787416740.5884004,G1,T01,sotto_banco_movimenti,1,static
8314298,1,1,1,67,62,100,100,0,100,100,100,77,9,12,10,10,12,0,0,100,100,100,65,48,38,36,4,1,1787416740.7951384,G1,T01,sotto_banco_movimenti,1,static
8314498,1,1,1,59,49,100,100,0,100,100,100,48,22,4,15,9,7,0,0,100,100,100,65,49,38,36,3,1,1787416740.9872632,G1,T01,sotto_banco_movimenti,1,static
8314698,1,1,1,61,66,100,100,0,100,100,100,49,35,37,21,25,21,0,0,100,100,100,70,51,41,39,3,1,1787416741.1972146,G1,T01,sotto_banco_movimenti,1,static
8314898,1,1,1,66,59,100,100,0,100,100,100,68,34,17,23,21,19,0,0,100,100,100,71,54,44,40,3,1,1787416741.3882782,G1,T01,sotto_banco_movimenti,1,static
8315098,1,1,1,38,75,100,100,0,100,100,100,55,37,21,27,21,22,0,0,100,100,100,73,57,47,42,3,1,1787416741.5967908,G1,T01,sotto_banco_movimenti,1,static
8315298,1,1,1,52,30,100,100,0,100,100,100,26,36,14,17,13,13,0,0,100,100,100,79,59,50,45,3,1,1787416741.7895894,G1,T01,sotto_banco_movimenti,1,static
8315498,1,1,1,30,30,100,100,0,100,100,100,56,32,11,9,5,5,0,0,100,100,100,79,58,50,44,3,1,1787416741.9977884,G1,T01,sotto_banco_movimenti,1,static
8315698,1,1,1,59,63,100,100,0,100,100,100,48,39,24,29,22,19,0,0,100,100,100,77,57,50,44,3,1,1787416742.1907623,G1,T01,sotto_banco_movimenti,1,static
8315898,1,1,1,66,75,100,100,0,100,100,100,100,37,12,6,5,7,0,0,100,100,100,79,56,51,44,3,1,1787416742.397881,G1,T01,sotto_banco_movimenti,1,static
8316098,1,1,1,30,56,100,100,0,100,100,94,29,9,7,13,9,9,0,0,100,100,100,81,56,50,45,3,1,1787416742.5897708,G1,T01,sotto_banco_movimenti,1,static
8316298,1,1,1,52,69,100,100,0,100,100,100,71,25,13,7,5,1,0,0,100,100,100,83,56,53,46,3,1,1787416742.797522,G1,T01,sotto_banco_movimenti,1,static
8316498,1,1,1,60,56,100,100,0,100,100,100,37,4,23,17,16,15,0,0,100,100,100,88,59,56,48,3,1,1787416742.9905753,G1,T01,sotto_banco_movimenti,1,static
8316698,1,1,1,52,46,100,100,0,100,100,100,91,33,10,6,8,6,0,0,100,100,100,88,59,58,49,3,1,1787416743.1978166,G1,T01,sotto_banco_movimenti,1,static
8316898,1,1,1,66,46,100,100,0,100,100,100,36,29,17,22,17,12,0,0,100,100,100,82,59,58,49,3,1,1787416743.3922005,G1,T01,sotto_banco_movimenti,1,static
8317098,1,1,1,54,69,100,100,0,100,100,100,38,16,26,15,17,17,0,0,100,100,100,80,56,57,48,3,1,1787416743.5958292,G1,T01,sotto_banco_movimenti,1,static
8317298,1,1,1,64,61,100,100,0,100,100,100,53,28,12,20,14,16,0,0,100,100,100,81,59,58,49,3,1,1787416743.7890253,G1,T01,sotto_banco_movimenti,1,static
8317498,1,1,1,30,30,100,100,0,100,100,100,17,30,35,22,23,19,0,0,100,100,100,88,65,63,54,3,1,1787416743.9957373,G1,T01,sotto_banco_movimenti,1,static
8317698,1,1,1,30,44,100,100,0,100,100,100,22,23,13,10,14,10,0,0,100,100,100,92,67,64,58,3,1,1787416744.1874692,G1,T01,sotto_banco_movimenti,1,static
8317898,1,1,1,59,67,100,100,0,100,100,100,64,34,21,26,18,20,0,0,100,100,100,94,73,69,63,3,1,1787416744.3957167,G1,T01,sotto_banco_movimenti,1,static
8318098,1,1,1,30,30,100,100,0,100,100,100,25,7,9,11,7,5,0,0,100,100,100,92,74,68,62,3,1,1787416744.5877047,G1,T01,sotto_banco_movimenti,1,static
8318298,1,1,1,46,68,100,100,0,100,100,100,31,31,8,9,9,11,0,0,100,100,100,92,76,70,63,3,1,1787416744.795723,G1,T01,sotto_banco_movimenti,1,static
8318498,1,1,1,46,30,100,100,0,100,100,100,38,18,6,10,7,9,0,0,100,100,100,91,77,72,65,3,1,1787416744.9882047,G1,T01,sotto_banco_movimenti,1,static
8318698,1,1,1,50,85,100,100,0,100,100,100,21,15,14,12,6,11,0,0,100,100,100,86,76,68,63,3,1,1787416745.195709,G1,T01,sotto_banco_movimenti,1,static
8318898,1,1,1,60,54,100,100,0,100,100,100,28,19,11,3,5,3,0,0,100,100,100,84,73,66,61,3,1,1787416745.3874967,G1,T01,sotto_banco_movimenti,1,static
8319098,1,1,1,69,65,100,100,0,100,100,100,41,15,8,8,5,8,0,0,100,100,100,81,70,62,59,3,1,1787416745.5952995,G1,T01,sotto_banco_movimenti,1,static
8319298,1,1,1,53,74,100,100,0,100,100,100,56,23,4,7,8,10,0,0,100,100,100,76,67,58,56,3,1,1787416745.7880313,G1,T01,sotto_banco_movimenti,1,static
8319498,1,1,1,30,67,100,100,0,100,100,100,29,17,17,6,6,5,0,0,100,100,100,79,68,59,57,3,1,1787416745.9968317,G1,T01,sotto_banco_movimenti,1,static
8319698,1,1,1,59,30,100,100,0,100,100,100,11,28,32,14,16,12,0,0,100,100,100,84,70,61,58,3,1,1787416746.1889703,G1,T01,sotto_banco_movimenti,1,static
8319898,1,1,1,30,67,100,100,1,100,100,97,16,18,11,13,11,11,0,0,100,100,100,84,71,62,59,3,1,1787416746.3964036,G1,T01,sotto_banco_movimenti,1,static
8320098,1,1,1,49,30,100,100,1,100,100,100,51,47,22,20,17,20,0,0,100,100,100,86,73,64,61,3,1,1787416746.5881326,G1,T01,sotto_banco_movimenti,1,static
8320298,1,1,1,72,46,100,100,1,100,100,100,16,15,7,6,10,4,0,0,100,100,100,88,75,64,63,3,1,1787416746.796308,G1,T01,sotto_banco_movimenti,1,static
8320498,1,1,1,46,69,100,100,1,100,100,53,32,26,7,10,5,5,0,0,100,100,100,85,74,63,62,3,1,1787416746.989871,G1,T01,sotto_banco_movimenti,1,static
8320698,1,1,1,43,69,100,100,1,100,100,100,12,26,14,17,13,12,0,0,100,100,100,89,78,65,65,3,1,1787416747.19628,G1,T01,sotto_banco_movimenti,1,static
8320898,1,1,1,30,30,100,100,1,100,100,100,39,26,34,20,24,18,0,0,100,100,100,94,80,67,67,3,1,1787416747.3881376,G1,T01,sotto_banco_movimenti,1,static
8321098,1,1,1,30,30,100,100,1,100,100,70,11,20,7,8,5,10,0,0,100,100,100,92,83,68,68,3,1,1787416747.5959597,G1,T01,sotto_banco_movimenti,1,static
8321298,1,1,1,30,30,100,100,1,100,100,100,51,18,23,17,13,16,0,0,100,100,100,95,83,70,69,3,1,1787416747.7882159,G1,T01,sotto_banco_movimenti,1,static
8321498,1,1,1,61,39,100,100,1,100,100,100,30,16,30,16,24,15,0,0,100,100,100,91,80,68,67,3,1,1787416747.9979203,G1,T01,sotto_banco_movimenti,1,static
8321698,1,1,1,44,30,100,100,1,100,100,100,53,24,6,8,6,6,0,0,100,100,100,87,77,65,64,3,1,1787416748.1875339,G1,T01,sotto_banco_movimenti,1,static
8321898,1,1,1,30,30,100,100,1,100,100,31,26,25,11,6,4,2,0,0,100,100,100,89,72,63,61,3,1,1787416748.3948412,G1,T01,sotto_banco_movimenti,1,static
8322098,1,1,1,30,30,100,100,1,100,100,100,54,18,18,17,12,10,0,0,100,100,100,88,74,64,61,3,1,1787416748.5875037,G1,T01,sotto_banco_movimenti,1,static
8322298,1,1,1,66,56,100,100,1,100,100,100,100,14,17,23,15,18,0,0,100,100,100,92,75,66,63,3,1,1787416748.7947009,G1,T01,sotto_banco_movimenti,1,static
8322498,1,1,1,30,69,100,100,1,100,100,100,63,41,14,12,18,11,0,0,100,100,100,93,74,65,63,3,1,1787416748.9872882,G1,T01,sotto_banco_movimenti,1,static
8322698,1,1,1,30,42,100,100,1,100,100,100,39,17,24,24,21,18,0,0,100,100,100,97,78,70,66,3,1,1787416749.19596,G1,T01,sotto_banco_movimenti,1,static
8322898,1,1,1,65,60,100,100,1,100,100,100,84,25,20,18,18,11,0,0,100,100,100,100,80,72,67,3,1,1787416749.388233,G1,T01,sotto_banco_movimenti,1,static
8323098,1,1,1,30,30,100,100,1,100,100,47,21,17,7,4,6,6,0,0,100,100,100,100,82,75,69,3,1,1787416749.596401,G1,T01,sotto_banco_movimenti,1,static
8323298,1,1,1,51,56,100,100,0,100,100,100,20,18,16,14,16,11,0,0,100,100,100,100,87,80,74,3,1,1787416749.7884154,G1,T01,sotto_banco_movimenti,1,static
8323498,1,1,1,30,62,100,100,0,100,100,100,17,10,15,14,16,15,0,0,100,100,100,100,90,82,76,3,1,1787416749.9964921,G1,T01,sotto_banco_movimenti,1,static
8323698,1,1,1,65,71,100,100,0,100,100,100,57,15,4,7,6,9,0,0,100,100,100,100,90,81,75,3,1,1787416750.1886845,G1,T01,sotto_banco_movimenti,1,static
8323898,1,1,1,46,40,100,100,0,100,100,100,29,15,10,15,13,10,0,0,100,100,100,100,92,82,76,3,1,1787416750.3969781,G1,T01,sotto_banco_movimenti,1,static
8324098,1,1,1,39,41,100,100,0,100,100,87,34,10,7,10,12,8,0,0,100,100,100,100,91,81,75,3,1,1787416750.589983,G1,T01,sotto_banco_movimenti,1,static
8324298,1,1,1,65,74,100,100,0,100,100,100,14,19,17,12,13,11,0,0,100,100,100,100,88,80,72,3,1,1787416750.7975647,G1,T01,sotto_banco_movimenti,1,static
8324498,1,1,1,38,30,100,100,0,100,100,100,23,29,19,21,20,16,0,0,100,100,100,100,90,81,73,3,1,1787416750.990874,G1,T01,sotto_banco_movimenti,1,static
8324698,1,1,1,66,47,100,100,0,100,100,100,64,28,13,15,13,11,0,0,100,100,100,100,90,82,74,3,1,1787416751.198138,G1,T01,sotto_banco_movimenti,1,static
8324898,1,1,1,67,30,100,100,0,100,100,100,75,16,10,9,9,8,0,0,100,100,100,100,88,81,73,3,1,1787416751.3897572,G1,T01,sotto_banco_movimenti,1,static
8325098,1,1,1,30,60,100,100,0,100,100,100,65,42,20,21,18,12,0,0,100,100,100,100,89,82,74,3,1,1787416751.5974617,G1,T01,sotto_banco_movimenti,1,static
8325298,1,1,1,52,43,100,100,0,100,100,100,17,7,32,20,23,19,0,0,100,100,100,100,91,84,75,3,1,1787416751.7897153,G1,T01,sotto_banco_movimenti,1,static
8325498,1,1,1,73,50,100,100,0,100,100,100,50,28,16,17,16,18,0,0,100,100,100,100,92,83,75,3,1,1787416751.9977484,G1,T01,sotto_banco_movimenti,1,static
8325698,1,1,1,30,48,100,100,0,100,100,66,38,12,5,2,3,3,0,0,100,100,100,100,93,84,75,3,1,1787416752.1918015,G1,T01,sotto_banco_movimenti,1,static
8325898,1,1,1,30,62,100,100,0,100,100,66,36,14,3,3,3,2,0,0,100,100,100,100,95,85,77,3,1,1787416752.398218,G1,T01,sotto_banco_movimenti,1,static
8326098,1,1,1,39,30,100,100,0,100,100,100,23,32,4,18,8,12,0,0,100,100,100,100,96,85,78,3,1,1787416752.58994,G1,T01,sotto_banco_movimenti,1,static
8326298,1,1,1,30,30,100,100,0,100,100,100,55,53,13,13,16,14,0,0,100,100,100,100,95,85,77,3,1,1787416752.7978497,G1,T01,sotto_banco_movimenti,1,static
8326498,1,1,1,48,56,100,100,0,100,100,100,14,21,36,23,22,20,0,0,100,100,100,100,100,89,80,3,1,1787416752.9906816,G1,T01,sotto_banco_movimenti,1,static
8326698,1,1,1,30,57,100,100,0,100,100,100,47,7,29,20,21,17,0,0,100,100,100,100,99,89,80,3,1,1787416753.1983275,G1,T01,sotto_banco_movimenti,1,static
8326898,1,1,1,67,30,100,100,0,100,100,31,30,14,3,2,2,2,0,0,100,100,100,100,98,87,79,3,1,1787416753.3907425,G1,T01,sotto_banco_movimenti,1,static
8327098,1,1,1,55,72,100,100,0,100,100,100,43,63,16,25,24,18,0,0,100,100,100,100,100,89,81,3,1,1787416753.5831358,G1,T01,sotto_banco_movimenti,1,static
8327298,1,1,1,49,51,100,100,0,100,100,100,100,48,15,17,21,17,0,0,100,100,100,100,99,87,78,3,1,1787416753.7907903,G1,T01,sotto_banco_movimenti,1,static
8327498,1,1,1,59,45,100,100,0,100,100,100,25,8,14,8,13,6,0,0,100,100,100,100,97,86,76,3,1,1787416753.9982324,G1,T01,sotto_banco_movimenti,1,static
8327698,1,1,1,66,58,100,100,0,100,100,100,18,11,7,8,7,2,0,0,100,100,100,100,99,88,78,3,1,1787416754.1914496,G1,T01,sotto_banco_movimenti,1,static
8327898,1,1,1,64,30,100,100,0,100,100,100,21,10,8,8,4,3,0,0,100,100,100,100,96,87,76,3,1,1787416754.3837323,G1,T01,sotto_banco_movimenti,1,static
8328098,1,1,1,52,52,100,100,0,100,100,40,23,18,10,13,10,9,0,0,100,100,100,100,95,88,76,3,1,1787416754.5912924,G1,T01,sotto_banco_movimenti,1,static
8328298,1,1,1,45,67,100,100,0,100,100,100,56,33,10,7,5,8,0,0,100,100,100,100,95,86,75,3,1,1787416754.7986135,G1,T01,sotto_banco_movimenti,1,static
8328498,1,1,1,42,67,100,100,0,100,100,84,30,17,12,9,6,5,0,0,100,100,100,100,94,85,75,3,1,1787416754.9907758,G1,T01,sotto_banco_movimenti,1,static
8328698,1,1,1,57,30,100,100,1,100,100,100,26,37,10,18,17,9,0,0,100,100,100,100,94,85,74,3,1,1787416755.183026,G1,T01,sotto_banco_movimenti,1,static
8328898,1,1,1,30,67,100,100,1,100,100,100,36,24,12,13,12,10,0,0,100,100,100,100,97,87,76,3,1,1787416755.3923697,G1,T01,sotto_banco_movimenti,1,static
8329098,1,1,1,42,68,100,100,1,100,100,100,87,76,15,28,21,16,0,0,100,100,100,100,99,87,77,3,1,1787416755.5836549,G1,T01,sotto_banco_movimenti,1,static
8329298,1,1,1,48,30,100,100,1,100,100,100,8,8,23,21,20,17,0,0,100,100,100,98,97,85,75,3,1,1787416755.7925642,G1,T01,sotto_banco_movimenti,1,static
8329498,1,1,1,50,55,100,100,1,100,100,67,29,22,11,5,6,6,0,0,100,100,100,98,94,83,72,3,1,1787416755.9834177,G1,T01,sotto_banco_movimenti,1,static
8329698,1,1,1,30,53,100,100,1,100,100,100,15,11,10,4,2,6,0,0,100,100,100,97,92,82,72,3,1,1787416756.190996,G1,T01,sotto_banco_movimenti,1,static
8329898,1,1,1,72,74,100,100,1,100,100,100,17,7,8,8,10,7,0,0,100,100,100,96,89,80,70,3,1,1787416756.3832002,G1,T01,sotto_banco_movimenti,1,static
8330098,1,1,1,30,62,100,100,1,100,100,100,42,34,6,10,5,1,0,0,100,100,100,95,89,80,70,3,1,1787416756.5902116,G1,T01,sotto_banco_movimenti,1,static
8330298,1,1,1,65,62,100,100,1,100,100,100,29,11,7,6,10,6,0,0,100,100,100,93,87,78,67,3,1,1787416756.7971966,G1,T01,sotto_banco_movimenti,1,static
8330498,1,1,1,59,53,100,100,1,100,100,100,57,11,13,18,14,12,0,0,100,100,100,90,85,76,64,3,1,1787416756.98628,G1,T01,sotto_banco_movimenti,1,static
8330698,1,1,1,61,30,100,100,1,100,100,100,54,12,14,15,12,8,0,0,100,100,100,84,81,72,61,3,1,1787416757.19356,G1,T01,sotto_banco_movimenti,1,static
8330898,1,1,1,43,42,100,100,1,100,100,100,46,30,18,16,13,11,0,0,100,100,100,90,80,73,60,3,1,1787416757.3845959,G1,T01,sotto_banco_movimenti,1,static
8331098,1,1,1,30,49,100,100,1,100,100,100,60,39,9,16,13,10,0,0,100,100,100,87,78,71,59,3,1,1787416757.5933304,G1,T01,sotto_banco_movimenti,1,static
8331298,1,1,1,60,55,100,100,1,100,100,100,35,27,13,21,16,16,0,0,100,100,100,83,75,67,55,3,1,1787416757.7861106,G1,T01,sotto_banco_movimenti,1,static
8331498,1,1,1,64,49,100,100,1,100,100,100,73,20,17,10,9,10,0,0,100,100,100,82,73,65,54,3,1,1787416757.992559,G1,T01,sotto_banco_movimenti,1,static
8331698,1,1,1,55,63,100,100,1,100,100,100,55,9,12,14,14,11,0,0,100,100,100,81,70,63,52,3,1,1787416758.186759,G1,T01,sotto_banco_movimenti,1,static
8331898,1,1,1,70,70,100,100,1,100,100,100,32,46,14,20,17,13,0,0,100,100,100,80,73,65,53,3,1,1787416758.3921015,G1,T01,sotto_banco_movimenti,1,static
8332098,1,1,1,49,71,100,100,1,100,100,100,36,44,12,9,11,11,0,0,100,100,100,81,73,66,54,3,1,1787416758.5889723,G1,T01,sotto_banco_movimenti,1,static
8332298,1,1,1,38,59,100,100,0,100,100,74,22,8,15,9,9,8,0,0,100,100,100,82,73,66,54,3,1,1787416758.791609,G1,T01,sotto_banco_movimenti,1,static
8332498,1,1,1,61,30,100,100,0,100,100,100,24,21,19,9,8,15,0,0,100,100,100,81,71,64,53,3,1,1787416758.998248,G1,T01,sotto_banco_movimenti,1,static
8332698,1,1,1,61,51,100,100,0,100,100,100,17,7,11,11,8,5,0,0,100,100,100,77,67,61,50,3,1,1787416759.1921878,G1,T01,sotto_banco_movimenti,1,static
8332898,1,1,1,52,56,100,100,0,100,100,100,40,18,16,11,7,7,0,0,100,100,100,72,62,56,46,3,1,1787416759.39597,G1,T01,sotto_banco_movimenti,1,static
8333098,1,1,1,50,56,100,100,0,100,100,100,19,25,12,16,8,9,0,0,100,100,100,72,59,53,45,3,1,1787416759.5942364,G1,T01,sotto_banco_movimenti,1,static
8333298,1,1,1,60,57,100,100,0,100,100,100,32,42,29,31,32,23,0,0,100,100,100,76,64,58,48,3,1,1787416759.7957487,G1,T01,sotto_banco_movimenti,1,static
8333498,1,1,1,59,57,100,100,0,100,100,100,61,18,10,8,5,6,0,0,100,100,100,77,65,60,50,3,1,1787416759.9959095,G1,T01,sotto_banco_movimenti,1,static
8333698,1,1,1,30,30,100,100,0,100,100,100,23,8,22,13,16,12,0,0,100,100,100,80,67,62,52,3,1,1787416760.1965084,G1,T01,sotto_banco_movimenti,1,static
8333898,1,1,1,56,65,100,100,0,100,100,100,45,13,13,8,14,10,0,0,100,100,100,82,69,65,54,3,1,1787416760.3977075,G1,T01,sotto_banco_movimenti,1,static
8334098,1,1,1,71,45,100,100,0,100,100,57,24,17,5,2,6,7,0,0,100,100,100,82,66,63,52,3,1,1787416760.5971298,G1,T01,sotto_banco_movimenti,1,static
8334298,1,1,1,30,51,100,100,0,100,100,100,79,28,20,20,21,18,0,0,100,100,100,84,70,65,55,3,1,1787416760.7985353,G1,T01,sotto_banco_movimenti,1,static
8334498,1,1,1,30,38,100,100,0,100,100,100,68,21,11,10,8,6,0,0,100,100,100,84,69,65,56,3,1,1787416760.9950724,G1,T01,sotto_banco_movimenti,1,static
8334698,1,1,1,30,45,100,100,0,100,100,88,47,13,21,8,13,10,0,0,100,100,100,89,71,67,58,3,1,1787416761.1870637,G1,T01,sotto_banco_movimenti,1,static
8334898,1,1,1,30,30,100,100,0,100,100,100,54,36,9,9,10,10,0,0,100,100,100,89,71,68,60,3,1,1787416761.3952658,G1,T01,sotto_banco_movimenti,1,static
8335098,1,1,1,30,70,100,100,0,100,100,100,59,35,19,19,15,13,0,0,100,100,100,91,71,68,60,3,1,1787416761.587307,G1,T01,sotto_banco_movimenti,1,static
8335298,1,1,1,30,65,100,100,0,100,100,75,26,20,7,8,6,7,0,0,100,100,100,94,73,71,63,3,1,1787416761.7952387,G1,T01,sotto_banco_movimenti,1,static
8335498,1,1,1,55,30,100,100,0,100,100,100,100,17,19,16,18,17,0,0,100,100,100,97,78,75,67,3,1,1787416761.9870465,G1,T01,sotto_banco_movimenti,1,static
8335698,1,1,1,30,30,100,100,0,100,100,100,27,15,11,5,14,5,0,0,100,100,100,100,80,79,69,3,1,1787416762.194649,G1,T01,sotto_banco_movimenti,1,static
8335898,1,1,1,30,60,100,100,0,100,100,100,74,14,17,19,14,14,0,0,100,100,100,100,79,78,70,3,1,1787416762.3867483,G1,T01,sotto_banco_movimenti,1,static
8336098,1,1,1,49,43,100,100,0,100,100,100,28,38,29,30,23,24,0,0,100,100,100,100,84,81,73,3,1,1787416762.5944262,G1,T01,sotto_banco_movimenti,1,static
8336298,1,1,1,51,54,100,100,0,100,100,100,45,37,30,29,26,25,0,0,100,100,100,100,88,85,76,2,1,1787416762.7864926,G1,T01,sotto_banco_movimenti,1,static
8336498,1,1,1,46,46,100,100,0,100,100,80,35,9,15,10,9,10,0,0,100,100,100,100,95,93,81,2,1,1787416762.9935381,G1,T01,sotto_banco_movimenti,1,static
8336698,1,1,1,30,39,100,100,0,100,100,100,65,30,24,17,20,17,0,0,100,100,100,100,100,97,86,2,1,1787416763.1836712,G1,T01,sotto_banco_movimenti,1,static
8336898,1,1,1,48,30,100,100,0,100,100,100,47,24,28,21,21,19,0,0,100,100,100,100,100,100,91,2,1,1787416763.3907008,G1,T01,sotto_banco_movimenti,1,static
8337098,1,1,1,30,72,100,100,0,100,100,100,77,44,23,28,20,19,0,0,100,100,100,100,100,100,95,3,1,1787416763.5831401,G1,T01,sotto_banco_movimenti,1,static
8337298,1,1,1,30,43,100,100,0,100,100,100,38,23,25,25,22,21,0,0,100,100,100,100,100,100,95,3,1,1787416763.790383,G1,T01,sotto_banco_movimenti,1,static
8337498,1,1,1,63,48,100,100,0,100,100,100,36,31,39,32,27,23,0,0,100,100,100,100,100,100,98,2,1,1787416763.9972198,G1,T01,sotto_banco_movimenti,1,static
8337698,1,1,1,30,38,100,100,1,100,100,100,48,13,21,14,12,14,0,0,100,100,100,100,100,100,100,2,1,1787416764.18813,G1,T01,sotto_banco_movimenti,1,static
8337898,1,1,1,55,67,100,100,1,100,100,100,8,32,17,17,12,15,0,0,100,100,100,100,100,100,100,2,1,1787416764.3958156,G1,T01,sotto_banco_movimenti,1,static
8338098,1,1,1,68,30,100,100,1,100,100,100,24,30,35,37,32,26,0,0,100,100,100,100,100,100,100,2,1,1787416764.587206,G1,T01,sotto_banco_movimenti,1,static
8338298,1,1,1,30,39,100,100,1,100,100,100,20,34,48,31,33,29,0,0,100,100,100,100,100,100,100,3,1,1787416764.7946208,G1,T01,sotto_banco_movimenti,1,static
8338498,1,1,1,48,56,100,100,1,100,100,100,44,25,22,21,17,15,0,0,100,100,100,100,100,100,100,3,1,1787416764.9860976,G1,T01,sotto_banco_movimenti,1,static
8338698,1,1,1,30,30,100,100,1,100,100,100,48,26,3,9,8,6,0,0,100,100,100,100,100,100,100,3,1,1787416765.1927707,G1,T01,sotto_banco_movimenti,1,static
8338898,1,1,1,30,30,100,100,1,100,100,100,24,7,6,11,7,5,0,0,100,100,100,100,100,100,100,3,1,1787416765.3844466,G1,T01,sotto_banco_movimenti,1,static
8339098,1,1,1,30,30,100,100,1,100,100,31,40,12,10,2,10,2,0,0,100,100,100,100,100,100,100,3,1,1787416765.5915873,G1,T01,sotto_banco_movimenti,1,static
8339298,1,1,1,30,30,100,100,1,100,100,100,11,10,16,12,17,12,0,0,100,100,100,100,100,100,100,3,1,1787416765.7844045,G1,T01,sotto_banco_movimenti,1,static
8339498,1,1,1,30,52,100,100,1,100,100,100,42,13,22,9,15,12,0,0,100,100,100,100,100,100,100,3,1,1787416765.9922798,G1,T01,sotto_banco_movimenti,1,static
8339698,1,1,1,30,30,100,100,1,100,100,100,46,33,34,23,22,20,0,0,100,100,100,100,100,100,100,3,1,1787416766.184112,G1,T01,sotto_banco_movimenti,1,static
8339898,1,1,1,30,67,100,100,1,100,100,100,20,11,12,8,8,9,0,0,100,100,100,100,100,100,100,2,1,1787416766.3918655,G1,T01,sotto_banco_movimenti,1,static
8340098,1,1,1,30,40,100,100,1,100,100,100,65,34,56,35,33,33,0,0,100,100,100,100,100,100,100,3,1,1787416766.5834138,G1,T01,sotto_banco_movimenti,1,static
8340298,1,1,1,30,30,100,100,1,100,100,100,63,20,19,12,16,15,0,0,100,100,100,100,100,100,100,3,1,1787416766.7917078,G1,T01,sotto_banco_movimenti,1,static
8340498,1,1,1,58,65,100,100,1,100,100,100,33,18,15,22,15,17,0,0,100,100,100,100,100,100,100,3,1,1787416766.999134,G1,T01,sotto_banco_movimenti,1,static
8340698,1,1,1,48,66,100,100,1,100,100,100,12,32,24,27,22,18,0,0,100,100,100,100,100,100,100,4,1,1787416767.1911511,G1,T01,sotto_banco_movimenti,1,static
8340898,1,1,1,30,30,100,100,1,100,100,92,22,13,11,18,13,13,0,0,100,100,100,100,100,100,100,3,1,1787416767.3834624,G1,T01,sotto_banco_movimenti,1,static
8341098,1,1,1,30,30,100,100,1,100,100,76,17,1,13,6,11,12,0,0,100,100,100,100,100,100,100,3,1,1787416767.5910013,G1,T01,sotto_banco_movimenti,1,static
8341298,1,1,1,69,30,100,100,0,100,100,100,60,37,21,24,19,18,0,0,100,100,100,100,100,100,100,3,1,1787416767.7991164,G1,T01,sotto_banco_movimenti,1,static
8341498,1,1,1,58,59,100,100,0,100,100,100,47,10,24,24,17,17,0,0,100,100,100,100,100,100,100,3,1,1787416767.9898858,G1,T01,sotto_banco_movimenti,1,static
8341698,1,1,1,55,30,100,100,0,100,100,100,28,22,37,27,24,24,0,0,100,100,100,100,100,100,100,3,1,1787416768.1974669,G1,T01,sotto_banco_movimenti,1,static
8341898,1,1,1,42,59,100,100,0,100,100,100,15,20,25,15,18,15,0,0,100,100,100,100,100,100,100,2,1,1787416768.3892143,G1,T01,sotto_banco_movimenti,1,static
8342098,1,1,1,63,54,100,100,0,100,100,100,85,38,48,29,28,28,0,0,100,100,100,100,100,100,100,3,1,1787416768.5970502,G1,T01,sotto_banco_movimenti,1,static
8342298,1,1,1,41,53,100,100,0,100,100,100,33,29,23,29,25,20,0,0,100,100,100,100,100,100,100,3,1,1787416768.7893875,G1,T01,sotto_banco_movimenti,1,static
8342498,1,1,1,56,30,100,100,0,100,100,100,37,11,20,21,16,17,0,0,100,100,100,100,100,100,100,3,1,1787416768.9974644,G1,T01,sotto_banco_movimenti,1,static
8342698,1,1,1,66,30,100,100,0,100,100,100,26,16,13,15,12,12,0,0,100,100,100,100,100,100,100,3,1,1787416769.1887667,G1,T01,sotto_banco_movimenti,1,static
8342898,1,1,1,30,30,100,100,0,100,100,83,34,28,11,15,14,14,0,0,100,100,100,100,100,100,100,3,1,1787416769.3961234,G1,T01,sotto_banco_movimenti,1,static
8343098,1,1,1,30,42,100,100,0,100,100,67,18,11,16,17,16,16,0,0,100,100,100,100,100,100,100,3,1,1787416769.5873783,G1,T01,sotto_banco_movimenti,1,static
8343298,1,1,1,59,30,100,100,0,100,100,23,4,8,12,14,13,10,0,0,100,100,100,100,100,100,100,3,1,1787416769.7943797,G1,T01,sotto_banco_movimenti,1,static
8343498,1,1,1,54,57,100,100,0,100,100,61,13,14,15,14,11,10,0,0,100,100,100,100,100,100,100,3,1,1787416769.985944,G1,T01,sotto_banco_movimenti,1,static
8343698,1,1,1,61,30,100,100,0,100,100,100,52,32,10,16,10,10,0,0,100,100,100,100,100,100,100,3,1,1787416770.1943452,G1,T01,sotto_banco_movimenti,1,static
8343898,1,1,1,39,42,100,100,0,100,100,100,48,24,21,23,23,20,0,0,100,100,100,100,100,100,100,3,1,1787416770.3859615,G1,T01,sotto_banco_movimenti,1,static
8344098,1,1,1,30,30,100,100,0,100,100,100,47,26,39,26,23,25,0,0,100,100,100,100,100,100,100,3,1,1787416770.59465,G1,T01,sotto_banco_movimenti,1,static
8344298,1,1,1,30,43,100,100,0,100,100,75,22,13,11,7,7,7,0,0,100,100,100,100,100,100,100,2,1,1787416770.7870855,G1,T01,sotto_banco_movimenti,1,static
8344498,1,1,1,43,30,100,100,0,100,100,100,100,47,36,24,24,22,0,0,100,100,100,100,100,100,100,2,1,1787416770.995588,G1,T01,sotto_banco_movimenti,1,static
8344698,1,1,1,65,52,100,100,0,100,100,100,69,17,30,27,26,23,0,0,100,100,100,100,100,100,100,2,1,1787416771.1875598,G1,T01,sotto_banco_movimenti,1,static
8344898,1,1,1,30,63,100,100,0,100,100,100,31,25,26,21,22,19,0,0,100,100,100,100,100,100,100,3,1,1787416771.395417,G1,T01,sotto_banco_movimenti,1,static
8345098,1,1,1,30,30,100,100,0,100,100,100,33,6,11,13,8,6,0,0,100,100,100,100,100,100,100,3,1,1787416771.5872269,G1,T01,sotto_banco_movimenti,1,static
8345298,1,1,1,43,30,100,100,0,100,100,58,15,16,11,11,9,10,0,0,100,100,100,100,100,100,100,3,1,1787416771.7955618,G1,T01,sotto_banco_movimenti,1,static
8345498,1,1,1,42,62,100,100,0,100,100,35,46,11,18,13,12,12,0,0,100,100,100,100,100,100,100,2,1,1787416771.987862,G1,T01,sotto_banco_movimenti,1,static
8345698,1,1,1,30,30,100,100,0,100,100,100,31,25,15,15,14,12,0,0,100,100,100,100,100,100,98,3,1,1787416772.1953049,G1,T01,sotto_banco_movimenti,1,static
8345898,1,1,1,43,30,100,100,0,100,100,100,53,10,30,24,25,22,0,0,100,100,100,100,100,100,98,3,1,1787416772.3879435,G1,T01,sotto_banco_movimenti,1,static
8346098,1,1,1,47,30,100,100,0,100,100,100,65,28,31,23,20,22,0,0,100,100,100,100,100,100,98,2,1,1787416772.595644,G1,T01,sotto_banco_movimenti,1,static
8346298,1,1,1,30,67,100,100,0,100,100,100,57,33,31,24,21,20,0,0,100,100,100,100,100,100,99,3,1,1787416772.7875705,G1,T01,sotto_banco_movimenti,1,static
8346498,1,1,1,41,46,100,100,0,100,100,100,30,24,39,31,29,26,0,0,100,100,100,100,100,100,100,3,1,1787416772.99207,G1,T01,sotto_banco_movimenti,1,static
8346698,1,1,1,30,55,100,100,0,100,100,100,8,16,10,18,13,12,0,0,100,100,100,100,100,100,100,3,1,1787416773.1835203,G1,T01,sotto_banco_movimenti,1,static
8346898,1,1,1,48,30,100,100,0,100,100,100,33,16,20,16,13,12,0,0,100,100,100,100,100,100,100,3,1,1787416773.3917866,G1,T01,sotto_banco_movimenti,1,static
8347098,1,1,1,58,30,100,100,0,100,100,100,37,25,24,20,17,17,0,0,100,100,100,100,100,100,100,3,1,1787416773.5842574,G1,T01,sotto_banco_movimenti,1,static
8347298,1,1,1,30,30,100,100,0,100,100,80,16,20,10,4,4,10,0,0,100,100,100,100,100,100,100,3,1,1787416773.7913973,G1,T01,sotto_banco_movimenti,1,static
8347498,1,1,1,45,30,100,100,0,100,100,78,92,63,28,26,25,22,0,0,100,100,100,100,100,100,100,3,1,1787416773.9839332,G1,T01,sotto_banco_movimenti,1,static
8347698,1,1,1,56,30,100,100,0,100,100,100,43,23,22,15,10,14,0,0,100,100,100,100,100,100,100,3,1,1787416774.191683,G1,T01,sotto_banco_movimenti,1,static
8347898,1,1,1,65,30,100,100,0,100,100,100,57,30,48,31,27,30,0,0,100,100,100,100,100,100,100,2,1,1787416774.3843944,G1,T01,sotto_banco_movimenti,1,static
8348098,1,1,1,50,56,100,100,0,100,100,100,26,19,25,22,18,16,0,0,100,100,100,100,100,100,100,2,1,1787416774.5919535,G1,T01,sotto_banco_movimenti,1,static
8348298,1,1,1,48,30,100,100,0,100,100,100,41,40,39,33,30,26,0,0,100,100,100,100,100,100,100,2,1,1787416774.7838454,G1,T01,sotto_banco_movimenti,1,static
8348498,1,1,1,73,56,100,100,0,100,100,100,6,19,9,17,14,9,0,0,100,100,100,100,100,100,100,2,1,1787416774.9912307,G1,T01,sotto_banco_movimenti,1,static
8348698,1,1,1,30,41,100,100,0,100,100,100,52,39,19,13,16,12,0,0,100,100,100,100,100,100,100,2,1,1787416775.1841497,G1,T01,sotto_banco_movimenti,1,static
8348898,1,1,1,56,59,100,100,0,100,100,100,39,5,12,7,9,8,0,0,100,100,100,100,100,100,100,3,1,1787416775.3931005,G1,T01,sotto_banco_movimenti,1,static
8349098,1,1,1,30,30,100,100,0,100,100,100,4,27,9,11,3,10,0,0,100,100,100,100,100,100,100,3,1,1787416775.5851862,G1,T01,sotto_banco_movimenti,1,static
8349298,1,1,1,30,30,100,100,1,100,100,100,19,25,11,14,12,11,0,0,100,100,100,100,100,100,100,3,1,1787416775.7925005,G1,T01,sotto_banco_movimenti,1,static
8349498,1,1,1,42,61,100,100,1,100,100,100,8,16,14,13,16,12,0,0,100,100,100,100,100,100,100,3,1,1787416775.984079,G1,T01,sotto_banco_movimenti,1,static
8349698,1,1,1,53,60,100,100,1,100,100,100,49,15,7,4,7,6,0,0,100,100,100,100,100,100,100,3,1,1787416776.19265,G1,T01,sotto_banco_movimenti,1,static
8349898,1,1,1,30,30,100,100,1,100,100,100,19,4,15,5,8,8,0,0,100,100,100,100,100,100,100,2,1,1787416776.3843167,G1,T01,sotto_banco_movimenti,1,static
8350098,1,1,1,30,49,100,100,1,100,100,72,47,8,26,16,17,13,0,0,100,100,100,100,100,100,100,3,1,1787416776.5908895,G1,T01,sotto_banco_movimenti,1,static
8350298,1,1,1,30,54,100,100,1,100,100,100,24,24,24,24,23,18,0,0,100,100,100,100,100,100,100,3,1,1787416776.7995746,G1,T01,sotto_banco_movimenti,1,static
8350498,1,1,1,75,38,100,100,1,100,100,100,56,25,8,3,3,7,0,0,100,100,100,100,100,100,99,3,1,1787416776.9917495,G1,T01,sotto_banco_movimenti,1,static
8350698,1,1,1,51,30,100,100,1,100,100,100,46,27,12,16,12,11,0,0,100,100,100,100,100,100,96,3,1,1787416777.1841204,G1,T01,sotto_banco_movimenti,1,static
8350898,1,1,1,30,30,100,100,1,100,100,100,7,6,11,8,8,6,0,0,100,100,100,100,100,100,96,3,1,1787416777.3925564,G1,T01,sotto_banco_movimenti,1,static
8351098,1,1,1,46,30,100,100,1,100,100,100,48,28,13,21,15,11,0,0,100,100,100,100,100,100,95,3,1,1787416777.5850022,G1,T01,sotto_banco_movimenti,1,static
8351298,1,1,1,30,61,100,100,1,100,100,100,26,6,8,2,4,3,0,0,100,100,100,100,100,100,93,3,1,1787416777.7927349,G1,T01,sotto_banco_movimenti,1,static
8351498,1,1,1,30,30,100,100,1,100,100,69,22,11,12,6,8,5,0,0,100,100,100,100,100,100,91,3,1,1787416777.983658,G1,T01,sotto_banco_movimenti,1,static
8351698,1,1,1,58,30,100,100,1,100,100,100,38,16,14,12,12,8,0,0,100,100,100,100,100,100,88,3,1,1787416778.1920242,G1,T01,sotto_banco_movimenti,1,static
8351898,1,1,1,30,30,100,100,1,100,100,100,42,21,24,12,14,13,0,0,100,100,100,100,100,98,85,3,1,1787416778.3995304,G1,T01,sotto_banco_movimenti,1,static
8352098,1,1,1,60,30,100,100,1,100,100,100,68,18,20,20,16,16,0,0,100,100,100,100,100,95,82,3,1,1787416778.5923228,G1,T01,sotto_banco_movimenti,1,static
8352298,1,1,1,30,30,100,100,1,100,100,97,24,5,4,7,8,8,0,0,100,100,100,100,99,93,80,3,1,1787416778.784864,G1,T01,sotto_banco_movimenti,1,static
8352498,1,1,1,30,30,100,100,1,100,100,100,56,11,8,7,2,7,0,0,100,100,100,100,93,87,76,3,1,1787416778.9929705,G1,T01,sotto_banco_movimenti,1,static
8352698,1,1,1,30,41,100,100,0,100,100,100,50,13,6,9,7,4,0,0,100,100,100,100,92,86,75,3,1,1787416779.184074,G1,T01,sotto_banco_movimenti,1,static
8352898,1,1,1,30,30,100,100,0,100,100,100,60,22,16,12,14,11,0,0,100,100,100,100,92,87,75,2,1,1787416779.3917115,G1,T01,sotto_banco_movimenti,1,static
8353098,1,1,1,30,66,100,100,0,100,100,100,7,33,19,23,19,18,0,0,100,100,100,100,100,94,82,2,1,1787416779.5994768,G1,T01,sotto_banco_movimenti,1,static
8353298,1,1,1,30,30,100,100,0,100,100,100,20,30,21,19,19,14,0,0,100,100,100,100,100,93,82,3,1,1787416779.7915602,G1,T01,sotto_banco_movimenti,1,static
8353498,1,1,1,45,61,100,100,0,100,100,100,38,14,14,7,6,7,0,0,100,100,100,100,100,92,82,3,1,1787416779.984176,G1,T01,sotto_banco_movimenti,1,static
8353698,1,1,1,64,63,100,100,0,100,100,100,14,17,2,10,4,3,0,0,100,100,100,100,98,89,80,3,1,1787416780.1909306,G1,T01,sotto_banco_movimenti,1,static
8353898,1,1,1,30,30,100,100,0,100,100,56,61,13,10,8,4,5,0,0,100,100,100,100,98,89,81,3,1,1787416780.3985076,G1,T01,sotto_banco_movimenti,1,static
8354098,1,1,1,30,30,100,100,0,100,100,100,28,22,11,14,14,13,0,0,100,100,100,100,98,89,82,3,1,1787416780.5906308,G1,T01,sotto_banco_movimenti,1,static
8354298,1,1,1,30,30,100,100,0,100,100,100,30,12,14,12,11,15,0,0,100,100,100,99,94,85,80,3,1,1787416780.7990417,G1,T01,sotto_banco_movimenti,1,static
8354498,1,1,1,47,30,100,100,0,100,100,100,25,24,10,17,13,12,0,0,100,100,100,98,95,85,80,3,1,1787416780.9916077,G1,T01,sotto_banco_movimenti,1,static
8354698,1,1,1,56,30,100,100,0,100,100,100,25,16,22,17,16,17,0,0,100,100,100,100,97,88,82,3,1,1787416781.1985757,G1,T01,sotto_banco_movimenti,1,static
8354898,1,1,1,30,57,100,100,0,100,100,100,95,11,10,18,5,8,0,0,100,100,100,100,97,88,82,4,1,1787416781.39039,G1,T01,sotto_banco_movimenti,1,static
8355098,1,1,1,30,30,100,100,0,100,100,100,30,39,33,34,31,30,0,0,100,100,100,100,100,95,89,2,1,1787416781.5979478,G1,T01,sotto_banco_movimenti,1,static
8355298,1,1,1,41,30,100,100,0,100,100,100,27,58,43,43,40,37,0,0,100,100,100,100,100,100,95,2,1,1787416781.7893217,G1,T01,sotto_banco_movimenti,1,static
8355498,1,1,1,30,59,100,100,0,100,100,100,54,14,18,19,19,17,0,0,100,100,100,100,100,100,96,2,1,1787416781.9982226,G1,T01,sotto_banco_movimenti,1,static
8355698,1,1,1,30,41,100,100,0,100,100,100,41,11,26,12,15,13,0,0,100,100,100,100,100,100,97,3,1,1787416782.1886103,G1,T01,sotto_banco_movimenti,1,static
8355898,1,1,1,30,30,100,100,0,100,100,100,43,14,5,4,2,2,0,0,100,100,100,100,100,100,97,3,1,1787416782.3956182,G1,T01,sotto_banco_movimenti,1,static
8356098,1,1,1,60,58,100,100,0,100,100,100,90,39,17,31,25,21,0,0,100,100,100,100,100,100,99,3,1,1787416782.5886092,G1,T01,sotto_banco_movimenti,1,static
8356298,1,1,1,30,49,100,100,0,100,100,100,17,17,14,19,18,18,0,0,100,100,100,100,100,100,99,3,1,1787416782.7949412,G1,T01,sotto_banco_movimenti,1,static
8356498,1,1,1,57,39,100,100,0,100,100,100,33,19,3,5,3,1,0,0,100,100,100,100,100,100,100,3,1,1787416782.986948,G1,T01,sotto_banco_movimenti,1,static
8356698,1,1,1,60,30,100,100,0,100,100,74,22,26,10,10,10,10,0,0,100,100,100,100,100,100,98,2,1,1787416783.1950626,G1,T01,sotto_banco_movimenti,1,static
8356898,1,1,1,30,38,100,100,0,100,100,100,31,39,18,13,17,15,0,0,100,100,100,100,100,100,97,2,1,1787416783.3870878,G1,T01,sotto_banco_movimenti,1,static
8357098,1,1,1,50,30,100,100,0,100,100,100,8,25,11,7,9,7,0,0,100,100,100,100,100,100,93,2,1,1787416783.5937774,G1,T01,sotto_banco_movimenti,1,static
8357298,1,1,1,41,38,100,100,0,100,100,100,18,23,14,17,14,11,0,0,100,100,100,100,100,100,93,2,1,1787416783.7855508,G1,T01,sotto_banco_movimenti,1,static
8357498,1,1,1,48,30,100,100,0,100,100,100,41,34,16,11,11,13,0,0,100,100,100,100,100,100,94,2,1,1787416783.993162,G1,T01,sotto_banco_movimenti,1,static
8357698,1,1,1,45,57,100,100,0,100,100,100,25,12,25,22,20,20,0,0,100,100,100,100,100,100,97,3,1,1787416784.1846917,G1,T01,sotto_banco_movimenti,1,static
8357898,1,1,1,30,30,100,100,0,100,100,99,12,14,7,8,8,7,0,0,100,100,100,100,100,100,97,3,1,1787416784.3930717,G1,T01,sotto_banco_movimenti,1,static
8358098,1,1,1,30,30,100,100,0,100,100,85,71,16,14,18,14,14,0,0,100,100,100,100,100,100,97,3,1,1787416784.6002555,G1,T01,sotto_banco_movimenti,1,static
8358298,1,1,1,30,51,100,100,0,100,100,100,36,12,21,16,14,16,0,0,100,100,100,100,100,100,99,3,1,1787416784.7915437,G1,T01,sotto_banco_movimenti,1,static
8358498,1,1,1,30,30,100,100,0,100,100,100,43,15,20,19,18,17,0,0,100,100,100,100,100,100,99,3,1,1787416784.983694,G1,T01,sotto_banco_movimenti,1,static
8358698,1,1,1,30,30,100,100,0,100,100,84,80,33,6,8,5,3,0,0,100,100,100,100,100,100,98,3,1,1787416785.1914794,G1,T01,sotto_banco_movimenti,1,static
8358898,1,1,1,30,42,100,100,0,100,100,100,61,13,32,16,16,16,0,0,100,100,100,100,100,100,98,3,1,1787416785.3837729,G1,T01,sotto_banco_movimenti,1,static
8359098,1,1,1,72,55,100,100,0,100,100,100,55,22,16,23,14,16,0,0,100,100,100,100,100,100,93,2,1,1787416785.5895221,G1,T01,sotto_banco_movimenti,1,static
8359298,1,1,1,30,45,100,100,0,100,100,100,44,11,11,6,10,7,0,0,100,100,100,100,100,100,93,2,1,1787416785.7987278,G1,T01,sotto_banco_movimenti,1,static
8359498,1,1,1,54,57,100,100,0,100,100,100,21,50,24,30,27,22,0,0,100,100,100,100,100,100,96,2,1,1787416785.990258,G1,T01,sotto_banco_movimenti,1,static
8359698,1,1,1,48,39,100,100,0,100,100,100,41,49,22,31,24,23,0,0,100,100,100,100,100,100,97,3,1,1787416786.1969445,G1,T01,sotto_banco_movimenti,1,static
8359898,1,1,1,54,66,100,100,1,100,100,100,40,20,17,12,12,11,0,0,100,100,100,100,100,100,100,3,1,1787416786.389132,G1,T01,sotto_banco_movimenti,1,static
8360098,1,1,1,63,30,100,100,1,100,100,100,54,27,19,17,14,11,0,0,100,100,100,100,100,100,98,3,1,1787416786.5974703,G1,T01,sotto_banco_movimenti,1,static
8360298,1,1,1,64,46,100,100,1,100,100,100,12,14,15,10,9,8,0,0,100,100,100,100,100,100,96,3,1,1787416786.7898436,G1,T01,sotto_banco_movimenti,1,static
8360498,1,1,1,43,55,100,100,1,100,100,100,12,45,15,21,19,19,0,0,100,100,100,100,100,100,97,3,1,1787416786.9981055,G1,T01,sotto_banco_movimenti,1,static
8360698,1,1,1,73,73,100,100,1,100,100,100,39,19,15,20,16,15,0,0,100,100,100,100,100,100,98,3,1,1787416787.1894822,G1,T01,sotto_banco_movimenti,1,static
8360898,1,1,1,59,30,100,100,1,100,100,100,10,26,19,26,17,16,0,0,100,100,100,100,100,100,98,3,1,1787416787.3970804,G1,T01,sotto_banco_movimenti,1,static
8361098,1,1,1,69,30,100,100,1,100,100,100,43,34,24,22,20,18,0,0,100,100,100,100,100,100,98,2,1,1787416787.589173,G1,T01,sotto_banco_movimenti,1,static
8361298,1,1,1,63,30,100,100,1,100,100,100,28,12,13,13,13,11,0,0,100,100,100,100,100,100,98,2,1,1787416787.7978334,G1,T01,sotto_banco_movimenti,1,static
8361498,1,1,1,30,64,100,100,1,100,100,100,32,7,6,7,5,7,0,0,100,100,100,100,100,100,98,2,1,1787416787.9906065,G1,T01,sotto_banco_movimenti,1,static
8361698,1,1,1,39,49,100,100,1,100,100,100,36,20,12,18,18,13,0,0,100,100,100,100,100,100,95,2,1,1787416788.1985567,G1,T01,sotto_banco_movimenti,1,static
8361898,1,1,1,59,42,100,100,1,100,100,100,8,39,20,17,17,13,0,0,100,100,100,100,100,100,97,2,1,1787416788.3902128,G1,T01,sotto_banco_movimenti,1,static
8362098,1,1,1,46,47,100,100,1,100,100,100,17,19,14,15,14,12,0,0,100,100,100,100,100,100,96,2,1,1787416788.5987892,G1,T01,sotto_banco_movimenti,1,static
8362298,1,1,1,30,30,100,100,1,100,100,100,31,24,16,11,11,13,0,0,100,100,100,100,100,100,93,2,1,1787416788.7913418,G1,T01,sotto_banco_movimenti,1,static
8362498,1,1,1,69,30,100,100,1,100,100,100,34,29,16,13,11,12,0,0,100,100,100,100,100,100,92,3,1,1787416788.983217,G1,T01,sotto_banco_movimenti,1,static
8362698,1,1,1,30,30,100,100,1,100,100,82,54,19,2,14,11,12,0,0,100,100,100,100,100,100,91,3,1,1787416789.191318,G1,T01,sotto_banco_movimenti,1,static
