timestamp_ms,radar_presence,moving_target,stationary_target,moving_distance_cm,stationary_distance_cm,moving_energy,stationary_energy,pir_presence,menergy_gate0,menergy_gate1,menergy_gate2,menergy_gate3,menergy_gate4,menergy_gate5,menergy_gate6,menergy_gate7,menergy_gate8,senergy_gate0,senergy_gate1,senergy_gate2,senergy_gate3,senergy_gate4,senergy_gate5,senergy_gate6,senergy_gate7,senergy_gate8,light_level,out_level,pc_time_s,group_id,trial_id,scenario,ground_truth_presence,ground_truth_state
4811898,1,1,1,135,83,49,100,0,17,40,49,28,6,6,7,7,2,0,0,100,100,74,31,12,8,6,5,1,1787413240.083126,G1,T03,sotto_banco_immobile,1,static
4812098,1,1,1,95,81,100,100,0,38,100,100,27,11,7,8,7,2,0,0,100,100,70,30,13,8,6,5,1,1787413240.083126,G1,T03,sotto_banco_immobile,1,static
4812298,1,1,1,133,92,93,100,0,18,75,93,45,15,8,7,7,1,0,0,100,100,71,30,12,8,5,5,1,1787413240.0841253,G1,T03,sotto_banco_immobile,1,static
4812498,1,1,1,91,90,100,100,0,22,100,73,23,8,6,6,5,2,0,0,100,100,69,31,12,8,5,5,1,1787413240.0841253,G1,T03,sotto_banco_immobile,1,static
4812698,1,1,1,178,77,43,100,0,13,24,43,40,11,9,7,4,2,0,0,100,100,70,34,12,8,5,5,1,1787413240.085123,G1,T03,sotto_banco_immobile,1,static
4812898,1,1,1,109,178,100,100,0,13,100,100,22,8,10,5,3,2,0,0,100,100,73,36,13,8,5,5,1,1787413240.085123,G1,T03,sotto_banco_immobile,1,static
4813098,1,1,1,89,86,100,100,0,24,100,97,2,6,5,7,3,1,0,0,100,100,72,36,13,8,6,5,1,1787413240.0861228,G1,T03,sotto_banco_immobile,1,static
4813298,1,1,1,83,82,100,100,0,47,100,79,9,4,3,5,5,2,0,0,100,100,71,36,13,8,6,4,1,1787413240.0861228,G1,T03,sotto_banco_immobile,1,static
4813498,1,1,1,162,89,61,100,0,17,45,61,53,20,7,5,4,1,0,0,100,100,73,37,13,8,6,4,1,1787413240.0871227,G1,T03,sotto_banco_immobile,1,static
4813698,1,1,1,91,101,100,100,0,18,100,89,11,8,4,7,3,2,0,0,100,100,77,36,13,8,6,4,1,1787413240.0871227,G1,T03,sotto_banco_immobile,1,static
4813898,1,1,1,153,124,81,100,0,17,29,81,39,4,6,7,4,1,0,0,100,100,79,37,13,8,6,4,1,1787413240.2850854,G1,T03,sotto_banco_immobile,1,static
4814098,1,1,1,134,138,91,100,0,19,71,91,42,12,8,6,3,1,0,0,100,100,77,37,12,8,6,5,1,1787413240.480072,G1,T03,sotto_banco_immobile,1,static
4814298,1,1,1,161,124,51,100,0,18,18,51,33,10,5,4,4,1,0,0,100,100,80,38,12,8,6,5,1,1787413240.679361,G1,T03,sotto_banco_immobile,1,static
4814498,1,1,1,94,111,100,100,0,30,100,87,15,9,4,5,5,2,0,0,100,100,81,37,12,7,5,5,1,1787413240.880053,G1,T03,sotto_banco_immobile,1,static
4814698,1,1,1,138,127,100,100,0,14,100,100,61,14,5,8,5,1,0,0,100,100,79,37,12,7,5,5,1,1787413241.0852888,G1,T03,sotto_banco_immobile,1,static
4814898,1,1,1,138,94,100,100,0,17,71,100,30,3,6,7,4,1,0,0,100,100,80,37,12,7,5,5,1,1787413241.2795856,G1,T03,sotto_banco_immobile,1,static
4815098,1,1,1,138,82,96,100,0,24,64,96,36,3,2,7,4,1,0,0,100,100,80,37,12,7,5,5,1,1787413241.4803684,G1,T03,sotto_banco_immobile,1,static
4815298,1,0,1,0,137,0,100,0,14,17,13,9,7,6,4,5,1,0,0,100,100,78,37,11,7,5,5,1,1787413241.680587,G1,T03,sotto_banco_immobile,1,static
4815498,1,1,1,135,105,89,100,0,40,58,89,19,5,1,9,2,1,0,0,100,100,77,36,12,6,5,5,1,1787413241.8795605,G1,T03,sotto_banco_immobile,1,static
4815698,1,1,1,91,90,100,100,0,76,100,100,36,11,10,9,5,2,0,0,100,100,79,35,11,6,5,5,1,1787413242.0854213,G1,T03,sotto_banco_immobile,1,static
4815898,1,1,1,102,87,100,100,0,22,100,100,37,13,3,5,3,2,0,0,100,100,82,37,12,6,5,5,1,1787413242.280867,G1,T03,sotto_banco_immobile,1,static
4816098,1,1,1,91,83,100,100,0,46,100,100,33,21,10,7,5,2,0,0,100,100,83,37,12,6,5,5,1,1787413242.4811854,G1,T03,sotto_banco_immobile,1,static
4816298,1,1,1,86,90,100,100,0,27,100,63,23,11,5,7,4,3,0,0,100,100,83,36,12,7,5,5,1,1787413242.6817398,G1,T03,sotto_banco_immobile,1,static
4816498,1,1,1,106,77,100,100,0,26,100,100,23,8,4,6,6,1,0,0,100,100,84,34,12,7,5,5,1,1787413242.8823528,G1,T03,sotto_banco_immobile,1,static
4816698,1,0,1,0,144,0,100,0,13,36,38,6,13,1,5,5,1,0,0,100,100,84,32,12,6,5,5,1,1787413243.0842645,G1,T03,sotto_banco_immobile,1,static
4816898,1,1,1,140,147,100,100,0,22,73,100,42,11,12,9,7,1,0,0,100,100,83,31,12,6,5,5,1,1787413243.2830465,G1,T03,sotto_banco_immobile,1,static
4817098,1,1,1,88,88,100,100,0,61,100,100,10,9,5,5,6,2,0,0,100,100,84,31,12,6,5,6,1,1787413243.4853108,G1,T03,sotto_banco_immobile,1,static
4817298,1,1,1,90,113,100,100,0,62,100,100,60,18,7,2,3,2,0,0,100,100,87,31,12,7,5,5,1,1787413243.6841674,G1,T03,sotto_banco_immobile,1,static
4817498,1,1,1,75,80,100,100,1,63,100,63,33,11,2,9,6,0,0,0,100,100,84,30,12,7,5,6,1,1787413243.8848906,G1,T03,sotto_banco_immobile,1,static
4817698,1,1,1,83,82,100,100,1,100,100,100,34,5,7,6,3,2,0,0,100,100,81,30,13,7,5,5,1,1787413244.0853965,G1,T03,sotto_banco_immobile,1,static
4817898,1,1,1,97,95,100,100,1,53,100,100,15,13,3,7,4,3,0,0,100,100,82,31,13,7,5,5,1,1787413244.2797215,G1,T03,sotto_banco_immobile,1,static
4818098,1,1,1,148,89,83,100,1,13,36,83,31,16,2,5,5,3,0,0,100,100,88,33,14,8,5,5,1,1787413244.4797952,G1,T03,sotto_banco_immobile,1,static
4818298,1,1,1,66,81,53,100,1,31,53,16,18,15,7,3,5,2,0,0,100,100,88,34,14,8,6,6,1,1787413244.6859818,G1,T03,sotto_banco_immobile,1,static
4818498,1,1,1,86,75,100,100,1,14,100,65,24,13,3,3,6,1,0,0,100,100,89,35,14,8,6,6,1,1787413244.8861907,G1,T03,sotto_banco_immobile,1,static
4818698,1,1,1,69,80,65,100,1,35,65,23,3,9,9,7,4,1,0,0,100,100,94,35,14,8,6,6,1,1787413245.0861216,G1,T03,sotto_banco_immobile,1,static
4818898,1,1,1,68,69,97,100,1,51,97,30,24,19,4,8,4,1,0,0,100,100,97,35,14,8,6,6,1,1787413245.2798564,G1,T03,sotto_banco_immobile,1,static
4819098,1,0,1,0,90,0,100,1,21,20,13,11,12,4,4,7,1,0,0,100,100,98,35,14,8,6,5,1,1787413245.4798138,G1,T03,sotto_banco_immobile,1,static
4819298,1,1,1,85,84,89,100,1,18,89,50,36,14,3,3,6,1,0,0,100,100,100,35,14,8,6,5,1,1787413245.6800401,G1,T03,sotto_banco_immobile,1,static
4819498,1,1,1,97,75,100,100,1,35,100,100,39,15,6,4,3,1,0,0,100,100,100,39,15,8,6,5,1,1787413245.8802466,G1,T03,sotto_banco_immobile,1,static
4819698,1,1,1,75,95,100,100,1,35,100,33,37,15,11,5,4,1,0,0,100,100,100,40,15,8,6,5,1,1787413246.086484,G1,T03,sotto_banco_immobile,1,static
4819898,1,1,1,83,85,100,100,1,58,100,100,8,5,2,4,4,1,0,0,100,100,100,42,15,8,6,5,1,1787413246.280372,G1,T03,sotto_banco_immobile,1,static
4820098,1,1,1,85,61,100,100,1,15,100,100,25,9,7,1,4,1,0,0,100,100,100,43,15,8,6,5,1,1787413246.4797237,G1,T03,sotto_banco_immobile,1,static
4820298,1,1,1,79,80,100,100,1,51,100,85,2,13,8,1,6,1,0,0,100,100,100,43,15,8,6,6,1,1787413246.6799881,G1,T03,sotto_banco_immobile,1,static
4820498,1,1,1,83,81,100,100,1,40,100,100,26,9,1,4,3,1,0,0,100,100,100,43,15,8,6,6,1,1787413246.87977,G1,T03,sotto_banco_immobile,1,static
4820698,1,1,1,89,81,54,100,1,14,54,37,19,11,7,2,5,1,0,0,100,100,100,43,16,8,6,6,1,1787413247.0798337,G1,T03,sotto_banco_immobile,1,static
4820898,1,0,1,0,89,0,100,1,18,12,57,70,14,5,3,4,1,0,0,100,100,100,42,16,8,6,6,1,1787413247.2859716,G1,T03,sotto_banco_immobile,1,static
4821098,1,1,1,151,201,69,100,0,18,39,69,42,10,4,5,5,1,0,0,100,100,100,41,16,8,6,6,1,1787413247.4797666,G1,T03,sotto_banco_immobile,1,static
4821298,1,0,1,0,151,0,100,0,17,15,15,10,2,4,7,4,1,0,0,100,100,100,41,16,7,6,6,1,1787413247.6798894,G1,T03,sotto_banco_immobile,1,static
4821498,1,0,1,0,188,0,100,0,14,17,35,30,6,7,8,4,1,0,0,100,100,100,42,17,7,6,6,1,1787413247.8799713,G1,T03,sotto_banco_immobile,1,static
4821698,1,0,1,0,188,0,100,0,14,9,18,26,17,7,3,3,2,0,0,100,100,100,42,17,7,6,6,1,1787413248.0795183,G1,T03,sotto_banco_immobile,1,static
4821898,1,0,1,0,188,0,100,0,19,25,12,10,2,9,2,2,1,0,0,100,100,100,42,17,7,6,6,1,1787413248.2859254,G1,T03,sotto_banco_immobile,1,static
4822098,1,1,1,213,188,34,100,0,14,12,23,34,14,1,3,3,2,0,0,100,100,100,43,17,7,6,6,1,1787413248.4794142,G1,T03,sotto_banco_immobile,1,static
4822298,1,0,1,0,213,0,100,0,18,32,21,16,12,6,4,4,2,0,0,100,100,100,43,16,7,6,5,1,1787413248.6802871,G1,T03,sotto_banco_immobile,1,static
4822498,1,0,1,0,213,0,100,0,18,37,19,8,9,8,3,4,2,0,0,100,100,100,44,16,7,6,5,1,1787413248.8794277,G1,T03,sotto_banco_immobile,1,static
4822698,1,0,1,0,213,0,100,0,23,49,33,22,1,2,5,5,2,0,0,100,100,100,46,16,7,6,5,1,1787413249.0803368,G1,T03,sotto_banco_immobile,1,static
4822898,1,0,1,0,213,0,100,0,19,47,26,9,13,6,6,3,2,0,0,100,100,100,47,16,7,6,5,1,1787413249.285179,G1,T03,sotto_banco_immobile,1,static
4823098,1,1,1,138,84,44,100,0,15,36,44,29,7,10,10,3,2,0,0,100,100,100,48,17,7,6,5,1,1787413249.479595,G1,T03,sotto_banco_immobile,1,static
4823298,1,1,1,114,88,100,100,0,13,100,100,23,14,3,7,6,5,0,0,100,100,100,48,17,6,6,6,1,1787413249.6792235,G1,T03,sotto_banco_immobile,1,static
4823498,1,1,1,75,90,100,100,0,74,100,81,17,10,7,4,6,2,0,0,100,100,100,45,16,7,6,6,1,1787413249.8803432,G1,T03,sotto_banco_immobile,1,static
4823698,1,1,1,108,85,100,100,0,18,100,100,35,12,4,4,4,1,0,0,100,100,96,43,15,7,6,6,1,1787413250.0797381,G1,T03,sotto_banco_immobile,1,static
4823898,1,1,1,93,93,100,100,0,50,100,93,17,2,4,4,5,1,0,0,100,100,89,40,15,6,6,6,1,1787413250.2854128,G1,T03,sotto_banco_immobile,1,static
4824098,1,1,1,106,104,100,100,0,20,100,100,42,20,3,4,5,1,0,0,100,100,88,39,14,6,6,6,1,1787413250.48024,G1,T03,sotto_banco_immobile,1,static
4824298,1,1,1,146,93,54,100,0,34,35,54,30,12,9,3,2,3,0,0,100,100,86,39,14,7,6,6,1,1787413250.680429,G1,T03,sotto_banco_immobile,1,static
4824498,1,1,1,82,151,100,100,0,48,100,93,41,18,8,6,6,3,0,0,100,100,87,40,14,6,6,5,1,1787413250.880121,G1,T03,sotto_banco_immobile,1,static
4824698,1,1,1,89,84,100,100,0,45,100,100,37,11,13,10,5,3,0,0,100,100,89,42,14,6,6,5,1,1787413251.079506,G1,T03,sotto_banco_immobile,1,static
4824898,1,1,1,82,81,100,100,0,85,100,100,50,12,4,4,5,3,0,0,100,100,94,43,14,6,6,5,1,1787413251.2856638,G1,T03,sotto_banco_immobile,1,static
4825098,1,1,1,118,64,81,100,0,33,78,81,42,10,4,9,6,2,0,0,100,100,91,44,14,6,6,5,1,1787413251.4797359,G1,T03,sotto_banco_immobile,1,static
4825298,1,1,1,77,104,100,100,0,14,100,31,25,14,4,6,4,3,0,0,100,100,91,45,14,6,6,5,1,1787413251.6798208,G1,T03,sotto_banco_immobile,1,static
4825498,1,1,1,82,83,100,100,0,25,100,98,21,14,8,3,3,5,0,0,100,100,91,45,13,6,7,5,1,1787413251.8797178,G1,T03,sotto_banco_immobile,1,static
4825698,1,1,1,148,158,100,100,0,21,54,100,47,9,3,5,6,3,0,0,100,100,88,45,12,6,7,5,1,1787413252.0798297,G1,T03,sotto_banco_immobile,1,static
4825898,1,1,1,87,90,75,100,0,31,75,54,16,8,8,6,4,3,0,0,100,100,84,43,12,6,6,5,1,1787413252.2853546,G1,T03,sotto_banco_immobile,1,static
4826098,1,1,1,99,83,65,100,0,14,65,54,14,8,7,2,2,3,0,0,100,100,82,42,12,6,6,5,1,1787413252.4798377,G1,T03,sotto_banco_immobile,1,static
4826298,1,1,1,66,80,100,100,0,89,100,52,19,8,5,1,4,2,0,0,100,100,79,40,13,6,6,5,1,1787413252.6800046,G1,T03,sotto_banco_immobile,1,static
4826498,1,1,1,86,86,100,100,0,51,100,100,33,12,4,7,2,1,0,0,100,100,77,38,13,7,6,5,1,1787413252.8802824,G1,T03,sotto_banco_immobile,1,static
4826698,1,1,1,74,84,71,100,0,24,71,21,14,6,7,4,5,2,0,0,100,100,77,36,12,7,6,5,1,1787413253.07999,G1,T03,sotto_banco_immobile,1,static
4826898,1,1,1,73,88,100,100,0,50,100,43,20,5,8,8,5,2,0,0,100,100,79,35,12,7,6,5,1,1787413253.2855437,G1,T03,sotto_banco_immobile,1,static
4827098,1,1,1,83,90,100,100,0,26,100,66,11,5,5,5,5,3,0,0,100,100,79,33,11,7,6,5,1,1787413253.4797237,G1,T03,sotto_banco_immobile,1,static
4827298,1,1,1,65,81,100,100,0,100,100,75,34,6,7,6,4,3,0,0,100,100,77,33,11,7,6,5,1,1787413253.6799226,G1,T03,sotto_banco_immobile,1,static
4827498,1,1,1,82,75,100,100,1,96,100,100,18,8,4,6,2,2,0,0,100,100,76,33,11,7,5,5,1,1787413253.8796892,G1,T03,sotto_banco_immobile,1,static
4827698,1,1,1,73,71,100,100,1,51,100,23,95,27,6,9,3,1,0,0,100,100,78,33,12,7,6,4,1,1787413254.080362,G1,T03,sotto_banco_immobile,1,static
4827898,1,1,1,57,69,100,100,1,100,100,100,29,17,8,2,5,5,0,0,100,100,80,34,12,8,6,4,1,1787413254.2850358,G1,T03,sotto_banco_immobile,1,static
4828098,1,1,1,88,76,100,100,1,40,100,100,24,14,2,5,2,1,0,0,100,100,83,35,13,9,7,4,1,1787413254.4799452,G1,T03,sotto_banco_immobile,1,static
4828298,1,1,1,63,74,100,100,1,100,100,100,16,18,2,2,3,6,0,0,100,100,89,36,14,9,7,4,1,1787413254.6802356,G1,T03,sotto_banco_immobile,1,static
4828498,1,1,1,67,63,100,100,1,99,100,27,64,23,2,7,6,2,0,0,100,100,93,34,14,9,7,4,1,1787413254.8793917,G1,T03,sotto_banco_immobile,1,static
4828698,1,1,1,79,75,100,100,1,59,100,75,72,14,7,9,7,2,0,0,100,100,94,33,14,10,8,4,1,1787413255.0800679,G1,T03,sotto_banco_immobile,1,static
4828898,1,1,1,73,69,100,100,1,100,100,100,91,19,3,9,3,2,0,0,100,100,90,32,16,10,8,4,1,1787413255.2854831,G1,T03,sotto_banco_immobile,1,static
4829098,1,1,1,67,81,100,100,1,100,100,100,56,6,5,3,4,3,0,0,100,100,93,30,15,10,8,3,1,1787413255.4799623,G1,T03,sotto_banco_immobile,1,static
4829298,1,1,1,73,73,100,100,1,100,100,100,34,14,8,10,4,6,0,0,100,100,96,29,16,10,8,4,1,1787413255.6797836,G1,T03,sotto_banco_immobile,1,static
4829498,1,1,1,71,49,100,100,1,100,100,100,68,17,8,2,1,5,0,0,100,100,97,30,18,10,9,4,1,1787413255.8795235,G1,T03,sotto_banco_immobile,1,static
4829698,1,1,1,89,83,100,100,1,53,100,100,100,24,7,7,6,3,0,0,100,100,98,30,18,11,9,4,1,1787413256.086153,G1,T03,sotto_banco_immobile,1,static
4829898,1,1,1,62,75,100,100,1,100,100,100,44,29,2,10,5,3,0,0,100,100,100,30,18,12,10,4,1,1787413256.2801213,G1,T03,sotto_banco_immobile,1,static
4830098,1,1,1,72,72,100,100,1,100,100,100,44,10,13,11,9,11,0,0,100,100,100,30,20,13,11,4,1,1787413256.4802392,G1,T03,sotto_banco_immobile,1,static
4830298,1,1,1,120,66,100,100,1,100,100,100,70,10,5,8,1,3,0,0,100,100,100,32,21,13,12,4,1,1787413256.6802094,G1,T03,sotto_banco_immobile,1,static
4830498,1,1,1,70,118,100,100,1,100,100,100,100,21,5,7,4,3,0,0,100,100,100,35,22,14,12,4,1,1787413256.8796196,G1,T03,sotto_banco_immobile,1,static
4830698,1,1,1,75,80,100,100,1,100,100,100,81,10,5,5,6,3,0,0,100,100,100,38,23,15,13,4,1,1787413257.079314,G1,T03,sotto_banco_immobile,1,static
4830898,1,1,1,59,79,100,100,1,100,100,100,17,4,9,8,6,10,0,0,100,100,100,40,25,16,14,4,1,1787413257.2865305,G1,T03,sotto_banco_immobile,1,static
4831098,1,1,1,59,66,100,100,0,100,100,100,14,9,6,9,8,8,0,0,100,100,100,41,26,18,16,4,1,1787413257.4797995,G1,T03,sotto_banco_immobile,1,static
4831298,1,1,1,75,75,100,100,0,100,100,100,40,27,8,14,12,8,0,0,100,100,100,41,31,21,19,4,1,1787413257.6801803,G1,T03,sotto_banco_immobile,1,static
4831498,1,1,1,40,71,100,100,0,100,100,100,78,10,17,12,13,12,0,0,100,100,100,42,33,23,21,4,1,1787413257.880008,G1,T03,sotto_banco_immobile,1,static
4831698,1,1,1,62,66,100,100,0,100,100,100,39,22,13,9,7,8,0,0,100,100,100,44,34,24,22,4,1,1787413258.0858204,G1,T03,sotto_banco_immobile,1,static
4831898,1,1,1,73,65,100,100,0,100,100,100,82,49,12,9,7,3,0,0,100,100,100,46,37,27,24,4,1,1787413258.2801015,G1,T03,sotto_banco_immobile,1,static
4832098,1,1,1,70,65,100,100,0,100,100,100,90,26,13,9,9,9,0,0,100,100,100,48,40,30,27,4,1,1787413258.480078,G1,T03,sotto_banco_immobile,1,static
4832298,1,1,1,72,75,100,100,0,100,100,100,74,11,9,2,2,1,0,0,100,100,100,50,42,31,29,4,1,1787413258.6799166,G1,T03,sotto_banco_immobile,1,static
4832498,1,1,1,52,60,100,100,0,100,100,100,75,14,19,17,12,6,0,0,100,100,100,55,46,34,31,4,1,1787413258.880064,G1,T03,sotto_banco_immobile,1,static
4832698,1,1,1,76,76,100,100,0,100,100,100,65,14,2,3,2,2,0,0,100,100,100,56,48,36,32,4,1,1787413259.0863888,G1,T03,sotto_banco_immobile,1,static
4832898,1,1,1,74,77,100,100,0,100,100,100,68,25,3,3,3,5,0,0,100,100,100,60,47,37,33,4,1,1787413259.2800457,G1,T03,sotto_banco_immobile,1,static
4833098,1,1,1,62,65,100,100,0,100,100,100,36,14,19,8,7,10,0,0,100,100,100,63,49,39,35,4,1,1787413259.4798934,G1,T03,sotto_banco_immobile,1,static
4833298,1,1,1,62,62,100,100,0,100,100,100,21,21,8,5,6,6,0,0,100,100,100,64,49,40,35,4,1,1787413259.6803834,G1,T03,sotto_banco_immobile,1,static
4833498,1,1,1,77,70,100,100,0,100,100,100,60,8,11,8,3,3,0,0,100,100,100,63,49,40,36,4,1,1787413259.8855183,G1,T03,sotto_banco_immobile,1,static
4833698,1,1,1,77,66,100,100,0,100,100,100,50,27,6,17,8,12,0,0,100,100,100,63,52,42,38,4,1,1787413260.0862439,G1,T03,sotto_banco_immobile,1,static
4833898,1,1,1,60,58,100,100,0,100,100,100,87,29,10,8,11,1,0,0,100,100,100,64,52,42,38,4,1,1787413260.2798402,G1,T03,sotto_banco_immobile,1,static
4834098,1,1,1,49,41,100,100,0,100,100,100,37,19,12,4,3,3,0,0,100,100,100,64,52,43,39,4,1,1787413260.480206,G1,T03,sotto_banco_immobile,1,static
4834298,1,1,1,55,59,100,100,0,100,100,100,34,26,20,19,19,15,0,0,100,100,100,65,53,45,41,4,1,1787413260.6804025,G1,T03,sotto_banco_immobile,1,static
4834498,1,1,1,57,73,100,100,0,100,100,100,56,21,10,12,8,10,0,0,100,100,100,65,54,46,41,4,1,1787413260.8866339,G1,T03,sotto_banco_immobile,1,static
4834698,1,1,1,62,72,100,100,0,100,100,100,24,5,14,7,13,10,0,0,100,100,100,65,57,48,43,4,1,1787413261.0793505,G1,T03,sotto_banco_immobile,1,static
4834898,1,1,1,39,75,100,100,0,100,100,100,93,12,10,2,3,7,0,0,100,100,100,64,57,48,43,4,1,1787413261.2794762,G1,T03,sotto_banco_immobile,1,static
4835098,1,1,1,30,77,100,100,0,100,100,100,43,14,9,6,3,9,0,0,100,100,100,66,57,48,43,4,1,1787413261.479875,G1,T03,sotto_banco_immobile,1,static
4835298,1,1,1,73,63,100,100,0,100,100,100,50,30,11,10,9,7,0,0,100,100,100,68,54,46,41,5,1,1787413261.6791785,G1,T03,sotto_banco_immobile,1,static
4835498,1,1,1,41,70,100,100,0,100,100,100,10,38,8,12,12,9,0,0,100,100,100,68,54,46,42,5,1,1787413261.885903,G1,T03,sotto_banco_immobile,1,static
4835698,1,1,1,71,30,100,100,0,100,100,100,43,10,11,8,10,10,0,0,100,100,100,68,54,47,42,5,1,1787413262.0801096,G1,T03,sotto_banco_immobile,1,static
4835898,1,1,1,70,75,100,100,0,100,100,100,24,35,2,10,10,3,0,0,100,100,100,66,53,46,40,5,1,1787413262.2795928,G1,T03,sotto_banco_immobile,1,static
4836098,1,1,1,30,46,100,100,0,100,100,100,38,16,13,4,10,3,0,0,100,100,100,68,51,45,39,6,1,1787413262.479846,G1,T03,sotto_banco_immobile,1,static
4836298,1,1,1,89,44,100,100,0,100,100,100,31,15,7,3,4,4,0,0,100,100,100,64,49,44,37,5,1,1787413262.680372,G1,T03,sotto_banco_immobile,1,static
4836498,1,1,1,30,77,100,100,0,100,100,100,73,31,16,2,5,3,0,0,100,100,100,62,47,43,37,5,1,1787413262.8863323,G1,T03,sotto_banco_immobile,1,static
4836698,1,1,1,62,65,100,100,1,100,100,100,34,23,8,13,7,9,0,0,100,100,100,62,48,43,38,5,1,1787413263.0800612,G1,T03,sotto_banco_immobile,1,static
4836898,1,1,1,71,30,100,100,1,100,100,32,38,17,9,8,8,3,0,0,100,100,100,61,48,43,38,4,1,1787413263.280263,G1,T03,sotto_banco_immobile,1,static
4837098,1,1,1,67,76,100,100,1,100,100,100,54,14,12,14,10,13,0,0,100,100,100,60,49,43,39,4,1,1787413263.479808,G1,T03,sotto_banco_immobile,1,static
4837298,1,1,1,58,57,100,100,1,100,100,100,38,10,11,5,6,3,0,0,100,100,100,62,50,44,40,4,1,1787413263.6798773,G1,T03,sotto_banco_immobile,1,static
4837498,1,1,1,55,61,100,100,1,100,100,100,43,18,25,14,12,12,0,0,100,100,100,67,53,47,43,4,1,1787413263.8866239,G1,T03,sotto_banco_immobile,1,static
4837698,1,1,1,54,62,100,100,1,100,100,100,15,32,16,18,13,15,0,0,100,100,100,70,54,49,44,4,1,1787413264.079972,G1,T03,sotto_banco_immobile,1,static
4837898,1,1,1,41,46,100,100,1,100,100,100,75,19,13,11,6,7,0,0,100,100,100,76,58,53,47,4,1,1787413264.2793236,G1,T03,sotto_banco_immobile,1,static
4838098,1,1,1,65,58,100,100,1,100,100,100,39,25,18,13,10,10,0,0,100,100,100,80,61,55,49,5,1,1787413264.4797766,G1,T03,sotto_banco_immobile,1,static
4838298,1,1,1,67,73,100,100,1,100,100,100,42,11,10,11,10,12,0,0,100,100,100,81,63,56,50,5,1,1787413264.6795359,G1,T03,sotto_banco_immobile,1,static
4838498,1,1,1,53,78,100,100,1,100,100,100,55,29,17,12,17,11,0,0,100,100,100,82,63,57,51,5,1,1787413264.8864524,G1,T03,sotto_banco_immobile,1,static
4838698,1,1,1,65,52,100,100,1,100,100,40,93,17,6,11,12,5,0,0,100,100,100,81,63,56,51,6,1,1787413265.079566,G1,T03,sotto_banco_immobile,1,static
4838898,1,1,1,59,43,95,100,1,70,95,33,12,4,2,1,2,7,0,0,100,100,100,82,65,59,54,6,1,1787413265.2803147,G1,T03,sotto_banco_immobile,1,static
4839098,1,1,1,55,56,100,100,1,100,100,100,27,9,5,7,9,7,0,0,100,100,100,79,64,58,53,6,1,1787413265.4800136,G1,T03,sotto_banco_immobile,1,static
4839298,1,1,1,69,99,100,100,1,100,100,100,40,2,10,7,1,1,0,0,100,100,100,79,63,58,52,5,1,1787413265.6797707,G1,T03,sotto_banco_immobile,1,static
4839498,1,1,1,80,73,100,100,1,16,100,100,41,14,6,9,3,4,0,0,100,100,100,79,62,58,52,4,1,1787413265.8852074,G1,T03,sotto_banco_immobile,1,static
4839698,1,1,1,67,85,100,100,1,100,100,99,17,2,3,3,5,3,0,0,100,100,100,77,62,56,52,4,1,1787413266.0801315,G1,T03,sotto_banco_immobile,1,static
4839898,1,1,1,75,71,100,100,1,100,100,100,11,11,8,6,7,8,0,0,100,100,100,77,60,55,51,4,1,1787413266.2803478,G1,T03,sotto_banco_immobile,1,static
4840098,1,1,1,71,81,100,100,0,100,100,70,22,7,6,1,1,5,0,0,100,100,100,72,61,53,49,4,1,1787413266.4794962,G1,T03,sotto_banco_immobile,1,static
4840298,1,1,1,30,44,100,100,0,100,100,38,39,14,4,10,2,5,0,0,100,100,100,73,61,53,50,4,1,1787413266.6803594,G1,T03,sotto_banco_immobile,1,static
4840498,1,1,1,59,43,100,100,0,100,100,57,6,3,10,7,6,10,0,0,100,100,100,72,61,53,50,4,1,1787413266.8861778,G1,T03,sotto_banco_immobile,1,static
4840698,1,1,1,30,69,100,100,0,100,100,56,31,15,8,3,1,2,0,0,100,100,100,71,59,50,47,4,1,1787413267.0793014,G1,T03,sotto_banco_immobile,1,static
4840898,1,1,1,85,88,100,100,0,41,100,100,32,14,11,1,2,4,0,0,100,100,100,69,58,49,46,4,1,1787413267.2799296,G1,T03,sotto_banco_immobile,1,static
4841098,1,1,1,55,73,100,100,0,100,100,100,4,16,8,7,9,4,0,0,100,100,100,67,55,48,43,4,1,1787413267.4800253,G1,T03,sotto_banco_immobile,1,static
4841298,1,1,1,71,58,100,100,0,100,100,75,14,10,4,10,1,8,0,0,100,100,100,67,55,49,43,4,1,1787413267.680179,G1,T03,sotto_banco_immobile,1,static
4841498,1,1,1,60,30,100,100,0,100,100,100,17,11,7,1,3,3,0,0,100,100,100,62,50,47,40,4,1,1787413267.88023,G1,T03,sotto_banco_immobile,1,static
4841698,1,1,1,65,62,100,100,0,100,100,100,9,8,9,2,8,4,0,0,100,100,100,58,46,43,36,4,1,1787413268.0859785,G1,T03,sotto_banco_immobile,1,static
4841898,1,1,1,74,70,100,100,0,100,100,100,20,8,6,1,4,8,0,0,100,100,100,53,42,39,33,4,1,1787413268.2802536,G1,T03,sotto_banco_immobile,1,static
4842098,1,0,1,0,83,0,100,0,41,36,31,13,3,4,1,4,7,0,0,100,100,100,47,38,36,30,4,1,1787413268.4798217,G1,T03,sotto_banco_immobile,1,static
4842298,1,1,1,59,60,100,100,0,100,100,56,4,8,8,4,5,3,0,0,100,100,98,43,34,32,27,4,1,1787413268.67969,G1,T03,sotto_banco_immobile,1,static
4842498,1,1,1,66,56,100,100,0,54,100,15,9,5,8,3,7,6,0,0,100,100,92,39,31,30,25,4,1,1787413268.8798206,G1,T03,sotto_banco_immobile,1,static
4842698,1,1,1,65,61,100,100,0,100,100,65,6,4,3,2,5,8,0,0,100,100,88,37,29,28,23,4,1,1787413269.0855565,G1,T03,sotto_banco_immobile,1,static
4842898,1,1,1,64,30,85,100,0,58,85,36,17,2,1,2,4,4,0,0,100,100,82,34,26,25,20,4,1,1787413269.2803433,G1,T03,sotto_banco_immobile,1,static
4843098,1,1,1,30,52,100,100,0,100,100,39,8,6,12,8,6,11,0,0,100,100,76,37,25,25,21,4,1,1787413269.479957,G1,T03,sotto_banco_immobile,1,static
4843298,1,1,1,46,77,100,100,0,100,100,100,54,8,11,7,7,3,0,0,100,100,75,38,28,25,22,4,1,1787413269.6801627,G1,T03,sotto_banco_immobile,1,static
4843498,1,1,1,58,76,100,100,0,100,100,100,16,16,12,13,13,12,0,0,100,100,82,38,30,27,24,4,1,1787413269.8802075,G1,T03,sotto_banco_immobile,1,static
4843698,1,1,1,46,68,100,100,0,100,100,100,34,10,12,8,5,7,0,0,100,100,80,40,32,29,25,4,1,1787413270.0866508,G1,T03,sotto_banco_immobile,1,static
4843898,1,1,1,68,75,100,100,0,100,100,100,68,31,8,6,8,10,0,0,100,100,86,41,32,30,25,4,1,1787413270.2865694,G1,T03,sotto_banco_immobile,1,static
4844098,1,1,1,49,61,100,100,0,100,100,100,37,15,16,8,12,9,0,0,100,100,90,46,32,32,27,4,1,1787413270.4799702,G1,T03,sotto_banco_immobile,1,static
4844298,1,1,1,80,80,100,100,0,100,100,100,36,7,7,3,5,1,0,0,100,100,89,47,30,32,26,4,1,1787413270.6800563,G1,T03,sotto_banco_immobile,1,static
4844498,1,1,1,77,87,100,100,0,93,100,100,53,14,11,8,4,11,0,0,100,100,85,47,29,31,26,4,1,1787413270.8797598,G1,T03,sotto_banco_immobile,1,static
4844698,1,1,1,76,63,100,100,0,100,100,100,20,12,3,4,6,1,0,0,100,100,90,47,29,31,26,4,1,1787413271.0858665,G1,T03,sotto_banco_immobile,1,static
4844898,1,1,1,80,56,100,100,0,26,100,100,14,4,10,8,3,1,0,0,100,100,96,47,31,32,28,4,1,1787413271.279961,G1,T03,sotto_banco_immobile,1,static
4845098,1,1,1,54,55,100,100,0,100,100,100,48,26,3,9,7,8,0,0,100,100,94,47,33,31,29,4,1,1787413271.4801948,G1,T03,sotto_banco_immobile,1,static
4845298,1,1,1,58,53,100,100,0,100,100,65,71,39,9,13,8,7,0,0,100,100,95,47,34,31,30,4,1,1787413271.679692,G1,T03,sotto_banco_immobile,1,static
4845498,1,1,1,65,30,100,100,0,100,100,100,49,15,7,7,1,2,0,0,100,100,100,48,36,32,32,4,1,1787413271.8800044,G1,T03,sotto_banco_immobile,1,static
4845698,1,1,1,69,65,100,100,0,100,100,54,57,15,5,4,8,6,0,0,100,100,100,51,38,35,34,4,1,1787413272.0867434,G1,T03,sotto_banco_immobile,1,static
4845898,1,1,1,63,77,100,100,0,100,100,100,46,21,11,18,19,9,0,0,100,100,100,52,42,38,36,4,1,1787413272.279613,G1,T03,sotto_banco_immobile,1,static
4846098,1,1,1,77,74,100,100,0,100,100,100,60,18,15,7,7,3,0,0,100,100,100,55,44,40,38,4,1,1787413272.4804235,G1,T03,sotto_banco_immobile,1,static
4846298,1,1,1,75,60,100,100,0,100,100,100,41,16,10,8,7,8,0,0,100,100,100,58,45,41,38,4,1,1787413272.679905,G1,T03,sotto_banco_immobile,1,static
4846498,1,1,1,42,71,100,100,0,100,100,100,68,28,10,8,3,8,0,0,100,100,100,60,47,42,40,4,1,1787413272.8793454,G1,T03,sotto_banco_immobile,1,static
4846698,1,1,1,71,73,100,100,0,100,100,100,63,23,12,6,2,5,0,0,100,100,100,61,48,42,41,4,1,1787413273.0868516,G1,T03,sotto_banco_immobile,1,static
4846898,1,1,1,77,57,100,100,0,88,100,100,38,6,12,9,8,9,0,0,100,100,100,67,52,46,44,4,1,1787413273.2860825,G1,T03,sotto_banco_immobile,1,static
4847098,1,1,1,79,56,83,100,0,34,83,45,10,10,10,6,6,4,0,0,100,100,100,70,55,48,47,4,1,1787413273.4796107,G1,T03,sotto_banco_immobile,1,static
4847298,1,1,1,79,77,100,100,0,67,100,100,51,13,4,1,6,2,0,0,100,100,100,70,54,48,46,4,1,1787413273.679744,G1,T03,sotto_banco_immobile,1,static
4847498,1,1,1,66,61,100,100,0,100,100,100,27,18,14,4,2,7,0,0,100,100,100,70,52,45,45,4,1,1787413273.8799865,G1,T03,sotto_banco_immobile,1,static
4847698,1,1,1,87,96,100,100,0,37,100,100,13,11,2,4,1,5,0,0,100,100,100,70,49,43,43,4,1,1787413274.0794673,G1,T03,sotto_banco_immobile,1,static
4847898,1,1,1,48,75,100,100,0,100,100,62,12,9,10,5,4,10,0,0,100,100,100,70,48,43,43,4,1,1787413274.2867298,G1,T03,sotto_banco_immobile,1,static
4848098,1,1,1,42,53,100,100,0,100,100,35,33,14,10,8,11,3,0,0,100,100,100,69,47,42,42,4,1,1787413274.4793804,G1,T03,sotto_banco_immobile,1,static
4848298,1,1,1,76,44,100,100,0,66,100,100,16,10,4,8,2,6,0,0,100,100,100,70,48,44,43,4,1,1787413274.6794562,G1,T03,sotto_banco_immobile,1,static
4848498,1,1,1,77,54,100,100,0,100,100,100,47,35,30,20,18,20,0,0,100,100,100,75,52,48,46,4,1,1787413274.8796399,G1,T03,sotto_banco_immobile,1,static
4848698,1,1,1,69,69,100,100,0,100,100,100,43,22,14,8,9,7,0,0,100,100,100,77,53,49,47,4,1,1787413275.0804212,G1,T03,sotto_banco_immobile,1,static
4848898,1,1,1,60,62,100,100,0,100,100,100,48,30,15,13,15,10,0,0,100,100,100,80,56,53,49,4,1,1787413275.2870944,G1,T03,sotto_banco_immobile,1,static
4849098,1,1,1,30,81,100,100,0,100,100,100,28,11,5,13,8,10,0,0,100,100,100,80,55,53,49,4,1,1787413275.479633,G1,T03,sotto_banco_immobile,1,static
4849298,1,1,1,75,56,100,100,0,100,100,100,36,19,4,11,10,7,0,0,100,100,100,78,56,53,49,4,1,1787413275.680014,G1,T03,sotto_banco_immobile,1,static
4849498,1,1,1,41,30,100,100,0,100,100,100,28,17,11,7,13,13,0,0,100,100,100,79,55,52,49,4,1,1787413275.8800874,G1,T03,sotto_banco_immobile,1,static
4849698,1,1,1,64,45,100,100,0,100,100,100,22,28,7,5,7,3,0,0,100,100,100,79,56,51,48,4,1,1787413276.0804164,G1,T03,sotto_banco_immobile,1,static
4849898,1,1,1,30,43,100,100,1,100,100,100,13,7,24,23,20,18,0,0,100,100,100,82,56,52,49,4,1,1787413276.2869346,G1,T03,sotto_banco_immobile,1,static
4850098,1,1,1,63,46,100,100,1,100,100,53,46,7,18,12,11,9,0,0,100,100,100,85,59,55,51,4,1,1787413276.4826565,G1,T03,sotto_banco_immobile,1,static
4850298,1,1,1,47,48,100,100,1,100,100,100,75,30,14,16,14,13,0,0,100,100,100,85,62,56,53,4,1,1787413276.6871743,G1,T03,sotto_banco_immobile,1,static
4850498,1,1,1,52,51,100,100,1,100,100,100,62,20,7,12,11,11,0,0,100,100,100,84,63,57,53,4,1,1787413276.8851404,G1,T03,sotto_banco_immobile,1,static
4850698,1,1,1,81,49,100,100,1,100,100,100,17,15,7,3,3,2,0,0,100,100,100,85,61,57,52,4,1,1787413277.0847514,G1,T03,sotto_banco_immobile,1,static
4850898,1,1,1,44,46,100,100,1,100,100,100,57,21,9,13,12,10,0,0,100,100,100,81,60,56,51,4,1,1787413277.286767,G1,T03,sotto_banco_immobile,1,static
4851098,1,1,1,58,66,100,100,1,100,100,100,27,26,7,11,10,9,0,0,100,100,100,77,58,55,48,4,1,1787413277.4801366,G1,T03,sotto_banco_immobile,1,static
4851298,1,1,1,30,77,100,100,1,100,100,100,36,27,11,10,10,10,0,0,100,100,100,77,59,56,49,4,1,1787413277.6797345,G1,T03,sotto_banco_immobile,1,static
4851498,1,1,1,63,72,100,100,1,100,100,100,71,27,7,9,8,3,0,0,100,100,100,80,62,59,51,4,1,1787413277.8797317,G1,T03,sotto_banco_immobile,1,static
4851698,1,1,1,44,69,100,100,1,100,100,100,61,5,14,13,12,12,0,0,100,100,100,81,64,60,53,4,1,1787413278.0801127,G1,T03,sotto_banco_immobile,1,static
4851898,1,1,1,48,70,100,100,1,100,100,100,31,21,13,9,11,7,0,0,100,100,100,83,68,64,56,4,1,1787413278.280203,G1,T03,sotto_banco_immobile,1,static
4852098,1,1,1,68,30,100,100,1,100,100,100,48,10,12,3,12,7,0,0,100,100,100,84,70,65,57,4,1,1787413278.4804344,G1,T03,sotto_banco_immobile,1,static
4852298,1,1,1,72,62,100,100,1,100,100,100,42,25,13,9,11,9,0,0,100,100,100,84,70,66,58,4,1,1787413278.6869056,G1,T03,sotto_banco_immobile,1,static
4852498,1,1,1,96,73,100,100,1,48,100,100,31,2,3,3,6,1,0,0,100,100,100,79,67,63,55,4,1,1787413278.8793156,G1,T03,sotto_banco_immobile,1,static
4852698,1,1,1,72,81,100,100,1,100,100,100,34,10,5,9,9,4,0,0,100,100,100,77,66,62,53,4,1,1787413279.0847564,G1,T03,sotto_banco_immobile,1,static
4852898,1,1,1,73,80,100,100,1,100,100,100,14,11,14,9,11,3,0,0,100,100,100,77,64,61,52,4,1,1787413279.2855442,G1,T03,sotto_banco_immobile,1,static
4853098,1,1,1,39,30,100,100,1,100,100,96,10,11,7,6,8,7,0,0,100,100,100,81,65,63,54,4,1,1787413279.4860723,G1,T03,sotto_banco_immobile,1,static
4853298,1,1,1,67,49,100,100,0,100,100,100,32,8,8,10,4,8,0,0,100,100,100,84,64,64,54,4,1,1787413279.6865788,G1,T03,sotto_banco_immobile,1,static
4853498,1,1,1,57,47,100,100,0,100,100,73,10,4,2,2,2,7,0,0,100,100,100,83,64,63,53,4,1,1787413279.8829985,G1,T03,sotto_banco_immobile,1,static
4853698,1,1,1,63,65,100,100,0,100,100,100,24,14,8,11,12,11,0,0,100,100,100,84,66,65,56,4,1,1787413280.0871756,G1,T03,sotto_banco_immobile,1,static
4853898,1,1,1,75,74,100,100,0,100,100,100,54,6,14,10,9,12,0,0,100,100,100,83,63,63,53,4,1,1787413280.2830613,G1,T03,sotto_banco_immobile,1,static
4854098,1,1,1,46,63,100,100,0,100,100,34,16,7,7,8,3,4,0,0,100,100,100,81,60,60,51,4,1,1787413280.4831278,G1,T03,sotto_banco_immobile,1,static
4854298,1,1,1,69,55,100,100,0,100,100,100,55,29,30,31,28,21,0,0,100,100,100,83,62,62,53,4,1,1787413280.6831825,G1,T03,sotto_banco_immobile,1,static
4854498,1,1,1,56,43,100,100,0,100,100,100,13,35,16,11,18,12,0,0,100,100,100,83,62,63,54,4,1,1787413280.8831902,G1,T03,sotto_banco_immobile,1,static
4854698,1,1,1,59,68,100,100,0,100,100,100,8,4,9,6,7,7,0,0,100,100,100,81,62,63,54,4,1,1787413281.086535,G1,T03,sotto_banco_immobile,1,static
4854898,1,1,1,59,77,100,100,0,100,100,100,16,23,13,12,13,13,0,0,100,100,100,83,62,64,54,4,1,1787413281.2867956,G1,T03,sotto_banco_immobile,1,static
4855098,1,1,1,58,45,100,100,0,100,100,100,31,15,9,9,9,9,0,0,100,100,100,88,65,68,58,4,1,1787413281.4831133,G1,T03,sotto_banco_immobile,1,static
4855298,1,1,1,72,74,100,100,0,100,100,100,43,7,13,9,8,10,0,0,100,100,100,90,67,69,59,4,1,1787413281.6833289,G1,T03,sotto_banco_immobile,1,static
4855498,1,1,1,51,59,100,100,0,100,100,60,13,4,11,9,11,8,0,0,100,100,100,90,67,69,59,4,1,1787413281.8829367,G1,T03,sotto_banco_immobile,1,static
4855698,1,1,1,46,76,100,100,0,100,100,72,20,4,1,3,1,5,0,0,100,100,100,91,69,70,60,4,1,1787413282.0833828,G1,T03,sotto_banco_immobile,1,static
4855898,1,1,1,73,59,100,100,0,100,100,100,20,14,15,14,9,11,0,0,100,100,100,90,68,70,60,4,1,1787413282.2831242,G1,T03,sotto_banco_immobile,1,static
4856098,1,1,1,53,70,100,100,0,100,100,100,17,18,10,8,11,11,0,0,100,100,100,90,70,71,61,4,1,1787413282.483023,G1,T03,sotto_banco_immobile,1,static
4856298,1,1,1,46,46,100,100,0,100,100,28,8,11,2,6,5,10,0,0,100,100,100,92,70,72,62,4,1,1787413282.6833348,G1,T03,sotto_banco_immobile,1,static
4856498,1,0,1,0,46,0,100,0,14,24,17,10,9,6,3,6,8,0,0,100,100,100,93,70,72,62,4,1,1787413282.8793535,G1,T03,sotto_banco_immobile,1,static
4856698,1,1,1,69,67,100,100,0,100,100,100,20,18,4,2,7,5,0,0,100,100,100,94,71,74,63,4,1,1787413283.0795794,G1,T03,sotto_banco_immobile,1,static
4856898,1,1,1,77,75,100,100,0,100,100,100,29,22,9,7,8,3,0,0,100,100,100,91,70,73,63,4,1,1787413283.280434,G1,T03,sotto_banco_immobile,1,static
4857098,1,1,1,61,68,100,100,0,100,100,68,22,10,7,8,5,5,0,0,100,100,100,86,68,71,60,4,1,1787413283.4793763,G1,T03,sotto_banco_immobile,1,static
4857298,1,1,1,75,55,100,100,0,19,100,18,6,6,4,5,5,2,0,0,100,100,100,82,66,69,58,4,1,1787413283.6801116,G1,T03,sotto_banco_immobile,1,static
4857498,1,0,1,0,75,0,100,0,17,32,22,3,4,4,5,4,1,0,0,100,100,100,80,65,68,57,4,1,1787413283.8860307,G1,T03,sotto_banco_immobile,1,static
4857698,1,0,1,0,75,0,100,0,33,42,19,15,8,2,7,4,3,0,0,100,100,100,76,61,65,54,4,1,1787413284.0797877,G1,T03,sotto_banco_immobile,1,static
4857898,1,1,1,64,53,100,100,0,100,100,61,13,10,3,9,4,3,0,0,100,100,100,72,61,63,52,4,1,1787413284.280303,G1,T03,sotto_banco_immobile,1,static
4858098,1,1,1,79,75,100,100,0,29,100,100,21,18,6,5,8,3,0,0,100,100,100,69,60,61,51,4,1,1787413284.4796078,G1,T03,sotto_banco_immobile,1,static
4858298,1,1,1,60,72,100,100,0,100,100,100,21,16,10,7,4,8,0,0,100,100,100,66,57,59,49,4,1,1787413284.680142,G1,T03,sotto_banco_immobile,1,static
4858498,1,1,1,56,55,100,100,0,100,100,100,23,9,3,9,9,10,0,0,100,100,100,67,57,59,49,4,1,1787413284.8869927,G1,T03,sotto_banco_immobile,1,static
4858698,1,1,1,67,61,100,100,0,100,100,76,16,11,7,6,8,2,0,0,100,100,100,68,58,60,50,4,1,1787413285.0795376,G1,T03,sotto_banco_immobile,1,static
4858898,1,1,1,78,75,100,100,0,19,100,53,13,4,9,8,9,5,0,0,100,100,100,67,58,59,49,4,1,1787413285.2803807,G1,T03,sotto_banco_immobile,1,static
4859098,1,1,1,75,76,57,100,0,19,57,19,11,6,4,6,7,4,0,0,100,100,100,62,54,55,46,4,1,1787413285.479642,G1,T03,sotto_banco_immobile,1,static
4859298,1,1,1,65,68,100,100,0,100,100,73,9,2,4,5,1,3,0,0,100,100,100,57,51,52,43,4,1,1787413285.6798556,G1,T03,sotto_banco_immobile,1,static
4859498,1,1,1,60,62,100,100,0,100,100,81,17,12,6,8,3,5,0,0,100,100,100,53,47,49,40,4,1,1787413285.8869534,G1,T03,sotto_banco_immobile,1,static
4859698,1,1,1,62,60,77,100,0,52,77,27,17,7,6,7,2,6,0,0,100,100,100,49,44,45,38,5,1,1787413286.0797644,G1,T03,sotto_banco_immobile,1,static
4859898,1,1,1,45,62,91,100,0,84,91,32,15,9,3,5,3,5,0,0,100,100,100,47,42,41,35,4,1,1787413286.2799234,G1,T03,sotto_banco_immobile,1,static
4860098,1,1,1,48,55,100,100,0,100,100,42,10,1,6,4,5,5,0,0,100,100,100,44,39,37,32,4,1,1787413286.4797015,G1,T03,sotto_banco_immobile,1,static
4860298,1,0,1,0,30,0,100,0,43,31,16,10,6,11,4,6,5,0,0,100,100,100,42,38,34,30,4,1,1787413286.6800787,G1,T03,sotto_banco_immobile,1,static
4860498,1,0,1,0,30,0,100,0,31,16,14,11,6,12,5,6,5,0,0,100,100,100,41,37,31,28,4,1,1787413286.8866112,G1,T03,sotto_banco_immobile,1,static
4860698,1,1,1,66,30,100,100,0,68,100,39,3,3,4,5,5,6,0,0,100,100,100,41,35,29,27,4,1,1787413287.0793269,G1,T03,sotto_banco_immobile,1,static
4860898,1,1,1,62,66,75,100,0,48,75,21,9,9,1,4,5,7,0,0,100,100,100,42,35,27,27,4,1,1787413287.279992,G1,T03,sotto_banco_immobile,1,static
4861098,1,1,1,55,54,100,100,0,100,100,59,15,7,4,2,5,8,0,0,100,100,100,43,35,26,27,4,1,1787413287.480363,G1,T03,sotto_banco_immobile,1,static
4861298,1,1,1,53,53,100,100,0,100,100,56,3,3,7,2,5,8,0,0,100,100,100,44,35,26,27,4,1,1787413287.6808643,G1,T03,sotto_banco_immobile,1,static
4861498,1,1,1,73,51,100,100,0,75,100,64,4,14,7,2,2,6,0,0,100,100,100,45,35,26,27,4,1,1787413287.8869517,G1,T03,sotto_banco_immobile,1,static
4861698,1,1,1,58,62,100,100,0,100,100,100,16,12,7,6,3,1,0,0,100,100,100,46,34,25,27,4,1,1787413288.0811436,G1,T03,sotto_banco_immobile,1,static
4861898,1,1,1,68,58,100,100,0,100,100,100,17,13,8,9,7,6,0,0,100,100,100,48,35,26,27,4,1,1787413288.2815812,G1,T03,sotto_banco_immobile,1,static
4862098,1,1,1,66,77,100,100,0,100,100,100,15,8,9,9,8,8,0,0,100,100,100,51,36,27,29,4,1,1787413288.4823608,G1,T03,sotto_banco_immobile,1,static
4862298,1,1,1,72,72,100,100,0,71,100,63,14,10,3,2,5,4,0,0,100,100,100,54,36,26,30,4,1,1787413288.6827657,G1,T03,sotto_banco_immobile,1,static
4862498,1,1,1,73,69,100,100,0,58,100,47,17,3,7,6,3,6,0,0,100,100,100,55,34,24,28,4,1,1787413288.886529,G1,T03,sotto_banco_immobile,1,static
4862698,1,1,1,65,73,100,100,0,94,100,50,13,8,9,7,3,5,0,0,100,100,98,56,32,22,27,4,1,1787413289.0849617,G1,T03,sotto_banco_immobile,1,static
4862898,1,1,1,46,65,60,100,0,53,60,6,12,11,5,8,3,7,0,0,100,100,97,57,30,21,25,4,1,1787413289.2854414,G1,T03,sotto_banco_immobile,1,static
4863098,1,1,1,75,56,100,100,0,26,100,36,17,6,8,7,3,10,0,0,100,100,96,56,28,19,23,4,1,1787413289.4855828,G1,T03,sotto_banco_immobile,1,static
4863298,1,1,1,79,76,100,100,0,14,100,52,6,6,11,1,3,7,0,0,100,100,95,57,27,18,22,4,1,1787413289.686489,G1,T03,sotto_banco_immobile,1,static
4863498,1,1,1,70,80,100,100,0,57,100,39,4,9,4,1,5,4,0,0,100,100,94,59,27,18,22,4,1,1787413289.8797462,G1,T03,sotto_banco_immobile,1,static
4863698,1,1,1,30,38,100,100,0,100,78,10,11,7,1,3,6,3,0,0,100,100,93,60,26,18,22,4,1,1787413290.0863118,G1,T03,sotto_banco_immobile,1,static
4863898,1,1,1,66,55,100,100,0,100,100,32,10,4,6,6,6,2,0,0,100,100,87,61,26,19,22,4,1,1787413290.280171,G1,T03,sotto_banco_immobile,1,static
4864098,1,1,1,77,75,100,100,0,13,100,36,21,9,6,7,6,6,0,0,100,100,81,61,25,20,22,4,1,1787413290.4801924,G1,T03,sotto_banco_immobile,1,static
4864298,1,1,1,70,76,100,100,0,100,100,100,31,10,11,10,7,9,0,0,100,100,81,60,26,21,22,4,1,1787413290.6800807,G1,T03,sotto_banco_immobile,1,static
4864498,1,1,1,58,63,100,100,0,100,100,100,18,14,12,5,8,8,0,0,100,100,82,63,28,23,24,4,1,1787413290.8801901,G1,T03,sotto_banco_immobile,1,static
4864698,1,1,1,56,53,100,100,0,100,100,51,12,6,1,4,4,7,0,0,100,100,81,67,30,25,26,4,1,1787413291.086875,G1,T03,sotto_banco_immobile,1,static
4864898,1,1,1,54,75,100,100,0,100,100,100,24,9,11,6,7,7,0,0,100,100,80,71,32,27,29,4,1,1787413291.2799401,G1,T03,sotto_banco_immobile,1,static
4865098,1,1,1,69,63,100,100,0,100,100,100,7,10,10,8,5,6,0,0,100,100,79,78,35,30,31,4,1,1787413291.4792333,G1,T03,sotto_banco_immobile,1,static
4865298,1,1,1,49,75,79,100,0,71,79,34,6,4,2,2,3,4,0,0,100,100,77,84,36,31,33,4,1,1787413291.6796732,G1,T03,sotto_banco_immobile,1,static
4865498,1,1,1,55,52,100,100,0,100,100,49,13,7,3,4,6,4,0,0,100,100,75,89,37,32,35,4,1,1787413291.8795688,G1,T03,sotto_banco_immobile,1,static
4865698,1,1,1,58,55,100,100,0,86,100,27,8,7,2,3,5,7,0,0,100,100,71,92,39,33,37,4,1,1787413292.0862641,G1,T03,sotto_banco_immobile,1,static
4865898,1,1,1,46,58,88,100,0,79,88,24,11,4,4,2,4,6,0,0,100,100,68,95,38,34,38,4,1,1787413292.2800062,G1,T03,sotto_banco_immobile,1,static
4866098,1,1,1,76,80,100,100,0,46,100,64,10,9,8,4,7,3,0,0,100,100,67,94,36,34,36,4,1,1787413292.4799628,G1,T03,sotto_banco_immobile,1,static
4866298,1,1,1,30,79,54,100,0,54,51,35,13,6,7,5,5,5,0,0,100,100,68,92,35,33,35,4,1,1787413292.6803076,G1,T03,sotto_banco_immobile,1,static
4866498,1,1,1,46,30,100,100,0,100,100,20,15,4,2,1,6,6,0,0,100,100,68,91,36,34,35,4,1,1787413292.8802016,G1,T03,sotto_banco_immobile,1,static
4866698,1,1,1,58,55,100,100,0,95,100,27,6,7,2,2,6,7,0,0,100,100,68,90,37,35,36,4,1,1787413293.086264,G1,T03,sotto_banco_immobile,1,static
4866898,1,1,1,74,58,100,100,0,38,100,33,9,3,2,4,8,6,0,0,100,100,69,89,39,36,37,4,1,1787413293.279661,G1,T03,sotto_banco_immobile,1,static
4867098,1,1,1,67,66,100,100,0,47,100,17,6,9,9,4,7,5,0,0,100,100,70,89,40,36,38,4,1,1787413293.4798663,G1,T03,sotto_banco_immobile,1,static
4867298,1,0,1,0,67,0,100,0,18,21,11,6,2,5,5,2,6,0,0,100,100,71,90,41,38,38,4,1,1787413293.6794543,G1,T03,sotto_banco_immobile,1,static
4867498,1,0,1,0,67,0,100,0,15,19,2,11,10,2,4,3,5,0,0,100,100,71,91,41,39,38,4,1,1787413293.886177,G1,T03,sotto_banco_immobile,1,static
4867698,1,1,1,62,62,100,100,0,76,100,41,12,14,9,7,3,4,0,0,100,100,69,90,42,40,38,4,1,1787413294.0798495,G1,T03,sotto_banco_immobile,1,static
4867898,1,1,1,30,30,62,100,0,62,60,15,8,11,4,6,6,4,0,0,100,100,69,89,42,40,38,4,1,1787413294.2797382,G1,T03,sotto_banco_immobile,1,static
4868098,1,1,1,79,78,100,100,0,23,100,64,16,9,7,1,8,4,0,0,100,100,70,88,41,39,37,4,1,1787413294.4800658,G1,T03,sotto_banco_immobile,1,static
4868298,1,1,1,79,77,100,100,0,45,100,100,6,2,9,2,8,6,0,0,100,100,68,89,40,38,36,4,1,1787413294.6801286,G1,T03,sotto_banco_immobile,1,static
4868498,1,1,1,79,80,100,100,0,28,100,100,3,11,2,8,4,9,0,0,100,100,69,86,38,38,35,4,1,1787413294.88163,G1,T03,sotto_banco_immobile,1,static
4868698,1,1,1,75,77,100,100,0,98,100,94,21,2,8,9,9,9,0,0,100,100,73,84,38,39,34,4,1,1787413295.087143,G1,T03,sotto_banco_immobile,1,static
4868898,1,1,1,69,70,100,100,0,86,100,44,10,9,10,4,3,8,0,0,100,100,76,83,38,40,34,4,1,1787413295.280516,G1,T03,sotto_banco_immobile,1,static
4869098,1,1,1,57,69,100,100,0,100,100,45,7,7,7,1,2,6,0,0,100,100,76,79,37,40,33,4,1,1787413295.4801812,G1,T03,sotto_banco_immobile,1,static
4869298,1,1,1,72,65,100,100,0,100,100,100,10,6,2,6,9,9,0,0,100,100,73,74,36,39,31,4,1,1787413295.6798482,G1,T03,sotto_banco_immobile,1,static
4869498,1,1,1,30,73,76,100,0,76,60,26,13,6,3,6,7,7,0,0,100,100,71,70,35,39,30,4,1,1787413295.8798244,G1,T03,sotto_banco_immobile,1,static
4869698,1,1,1,76,30,61,100,0,22,61,25,9,4,3,7,6,5,0,0,100,100,70,65,35,39,28,4,1,1787413296.0799022,G1,T03,sotto_banco_immobile,1,static
4869898,1,1,1,78,80,100,100,0,25,100,47,5,2,1,7,5,4,0,0,100,100,68,62,34,38,27,4,1,1787413296.2865806,G1,T03,sotto_banco_immobile,1,static
4870098,1,1,1,79,79,100,100,0,22,100,48,4,5,3,5,4,2,0,0,100,100,66,60,34,38,26,4,1,1787413296.4801471,G1,T03,sotto_banco_immobile,1,static
4870298,1,0,1,0,82,0,100,0,24,33,17,8,7,4,7,5,6,0,0,100,100,66,58,33,38,26,4,1,1787413296.68013,G1,T03,sotto_banco_immobile,1,static
4870498,1,1,1,74,69,100,100,0,44,100,40,8,6,7,9,3,7,0,0,100,100,63,56,32,37,25,4,1,1787413296.8791502,G1,T03,sotto_banco_immobile,1,static
4870698,1,1,1,77,77,100,100,0,37,100,65,4,5,10,7,3,6,0,0,100,100,61,55,31,36,24,4,1,1787413297.079531,G1,T03,sotto_banco_immobile,1,static
4870898,1,1,1,71,76,100,100,0,100,100,80,8,8,2,2,3,5,0,0,100,100,59,54,30,35,23,4,1,1787413297.279805,G1,T03,sotto_banco_immobile,1,static
4871098,1,1,1,30,50,95,100,0,95,72,15,5,4,6,2,2,5,0,0,100,100,57,52,29,34,23,4,1,1787413297.486365,G1,T03,sotto_banco_immobile,1,static
4871298,1,1,1,78,77,100,100,0,31,100,81,13,3,3,5,4,7,0,0,100,100,54,49,28,33,22,4,1,1787413297.6798356,G1,T03,sotto_banco_immobile,1,static
4871498,1,1,1,75,76,100,100,0,52,100,61,12,4,7,8,7,9,0,0,100,100,52,48,28,33,22,4,1,1787413297.8802094,G1,T03,sotto_banco_immobile,1,static
4871698,1,1,1,67,75,100,100,0,100,100,60,12,1,10,6,8,8,0,0,100,100,51,49,29,34,23,4,1,1787413298.0799053,G1,T03,sotto_banco_immobile,1,static
4871898,1,0,1,0,65,0,100,0,24,33,7,10,6,4,4,3,6,0,0,100,100,51,50,31,35,24,4,1,1787413298.279758,G1,T03,sotto_banco_immobile,1,static
4872098,1,1,1,67,63,100,100,0,100,100,59,7,1,1,3,6,6,0,0,100,100,48,51,31,36,25,4,1,1787413298.4870477,G1,T03,sotto_banco_immobile,1,static
4872298,1,1,1,80,73,100,100,0,24,100,100,13,9,7,8,10,8,0,0,100,100,47,50,31,35,24,4,1,1787413298.6798375,G1,T03,sotto_banco_immobile,1,static
4872498,1,1,1,77,79,100,100,0,34,100,60,15,5,8,2,5,6,0,0,100,100,44,48,31,35,24,4,1,1787413298.8803763,G1,T03,sotto_banco_immobile,1,static
4872698,1,0,1,0,75,0,100,0,14,23,13,7,4,3,1,7,6,0,0,100,100,41,47,29,33,23,4,1,1787413299.0797257,G1,T03,sotto_banco_immobile,1,static
4872898,1,0,1,0,75,0,100,0,29,32,25,10,3,5,1,8,7,0,0,100,100,37,46,27,31,22,4,1,1787413299.2802503,G1,T03,sotto_banco_immobile,1,static
4873098,1,1,1,76,75,56,100,0,33,56,35,9,4,3,3,8,5,0,0,100,100,34,45,26,29,20,4,1,1787413299.4799714,G1,T03,sotto_banco_immobile,1,static
4873298,1,1,1,72,75,100,100,0,55,100,45,8,8,1,5,8,4,0,0,100,100,33,44,26,29,20,4,1,1787413299.687226,G1,T03,sotto_banco_immobile,1,static
4873498,1,1,1,77,73,100,100,0,24,100,36,9,6,2,4,8,3,0,0,100,100,32,42,26,29,19,4,1,1787413299.8800905,G1,T03,sotto_banco_immobile,1,static
4873698,1,1,1,70,77,100,100,0,67,100,42,4,7,2,3,8,4,0,0,100,100,31,42,26,29,19,4,1,1787413300.0796034,G1,T03,sotto_banco_immobile,1,static
4873898,1,1,1,65,67,100,100,0,100,100,60,8,7,2,4,6,6,0,0,100,100,30,42,25,29,19,4,1,1787413300.2796571,G1,T03,sotto_banco_immobile,1,static
4874098,1,1,1,73,46,93,100,0,24,93,19,10,9,1,1,5,6,0,0,100,100,29,42,24,28,18,4,1,1787413300.4871814,G1,T03,sotto_banco_immobile,1,static
4874298,1,1,1,79,77,100,100,0,17,100,54,16,4,6,3,4,5,0,0,100,100,28,41,24,27,17,4,1,1787413300.6802626,G1,T03,sotto_banco_immobile,1,static
4874498,1,1,1,79,79,100,100,0,23,100,84,14,3,8,5,8,6,0,0,100,100,29,42,24,27,17,4,1,1787413300.8800917,G1,T03,sotto_banco_immobile,1,static
4874698,1,1,1,69,75,100,100,0,84,100,50,8,1,6,7,9,8,0,0,100,100,30,43,25,28,18,4,1,1787413301.08023,G1,T03,sotto_banco_immobile,1,static
4874898,1,1,1,70,68,76,100,0,32,76,20,9,2,8,7,7,8,0,0,100,100,30,45,25,29,19,4,1,1787413301.2801008,G1,T03,sotto_banco_immobile,1,static
4875098,1,1,1,60,70,93,100,0,66,93,33,3,2,5,2,5,5,0,0,100,100,29,47,26,31,19,4,1,1787413301.486918,G1,T03,sotto_banco_immobile,1,static
4875298,1,1,1,66,69,100,100,0,88,100,48,12,4,5,2,5,2,0,0,100,100,29,47,26,31,20,4,1,1787413301.6801524,G1,T03,sotto_banco_immobile,1,static
4875498,1,1,1,30,30,62,100,0,62,52,13,13,7,7,4,7,3,0,0,100,100,30,45,26,30,19,4,1,1787413301.8800411,G1,T03,sotto_banco_immobile,1,static
4875698,1,1,1,76,72,59,100,0,22,59,26,11,2,6,5,6,3,0,0,100,100,29,43,25,28,18,4,1,1787413302.0802586,G1,T03,sotto_banco_immobile,1,static
4875898,1,0,1,0,76,0,100,0,23,23,25,8,5,2,6,6,5,0,0,100,100,28,41,24,27,17,4,1,1787413302.279584,G1,T03,sotto_banco_immobile,1,static
4876098,1,0,1,0,76,0,100,0,24,39,23,3,6,2,4,6,5,0,0,100,100,29,40,23,26,17,4,1,1787413302.4869127,G1,T03,sotto_banco_immobile,1,static
4876298,1,1,1,77,75,100,100,0,18,100,33,18,8,3,6,5,3,0,0,100,100,28,39,24,27,17,4,1,1787413302.6798923,G1,T03,sotto_banco_immobile,1,static
4876498,1,1,1,72,72,100,100,0,67,100,48,13,5,1,6,7,6,0,0,100,100,29,38,24,27,16,4,1,1787413302.8797123,G1,T03,sotto_banco_immobile,1,static
4876698,1,1,1,62,66,79,100,0,50,79,21,11,3,3,6,7,5,0,0,100,100,30,36,24,28,16,4,1,1787413303.0803127,G1,T03,sotto_banco_immobile,1,static
4876898,1,1,1,80,62,53,100,0,23,53,30,13,8,5,6,3,3,0,0,100,100,32,33,25,27,15,4,1,1787413303.2794142,G1,T03,sotto_banco_immobile,1,static
4877098,1,1,1,74,75,100,100,0,17,100,10,4,2,6,5,1,4,0,0,100,100,33,32,24,26,15,4,1,1787413303.4872391,G1,T03,sotto_banco_immobile,1,static
4877298,1,1,1,79,76,100,100,0,19,100,70,20,6,9,5,2,5,0,0,100,100,36,31,23,25,14,4,1,1787413303.680269,G1,T03,sotto_banco_immobile,1,static
4877498,1,1,1,74,78,100,100,0,79,100,71,19,3,5,8,7,9,0,0,100,100,39,32,23,26,15,4,1,1787413303.8800123,G1,T03,sotto_banco_immobile,1,static
4877698,1,1,1,65,70,100,100,0,94,100,49,19,2,4,7,9,7,0,0,100,100,41,33,25,27,16,4,1,1787413304.080217,G1,T03,sotto_banco_immobile,1,static
4877898,1,1,1,52,54,85,100,0,70,85,26,15,4,7,1,2,7,0,0,100,100,41,34,26,29,17,4,1,1787413304.2870736,G1,T03,sotto_banco_immobile,1,static
4878098,1,0,1,0,52,0,100,0,31,24,3,2,4,7,1,3,5,0,0,100,100,42,36,28,32,18,4,1,1787413304.4797075,G1,T03,sotto_banco_immobile,1,static
4878298,1,1,1,57,48,100,100,0,100,100,39,11,10,5,2,7,5,0,0,100,100,42,37,29,33,19,4,1,1787413304.6801074,G1,T03,sotto_banco_immobile,1,static
4878498,1,1,1,75,65,100,100,0,83,100,93,31,6,1,10,10,7,0,0,100,100,42,35,29,32,19,4,1,1787413304.8801355,G1,T03,sotto_banco_immobile,1,static
4878698,1,1,1,75,79,100,100,0,100,100,100,21,6,9,4,8,6,0,0,100,100,42,35,29,31,19,4,1,1787413305.0803351,G1,T03,sotto_banco_immobile,1,static
4878898,1,1,1,70,72,100,100,0,73,100,47,19,7,8,5,8,7,0,0,100,100,44,35,29,31,19,4,1,1787413305.2875853,G1,T03,sotto_banco_immobile,1,static
4879098,1,1,1,62,63,100,100,0,100,100,45,17,12,3,6,3,8,0,0,100,100,49,36,30,33,20,4,1,1787413305.479879,G1,T03,sotto_banco_immobile,1,static
4879298,1,1,1,51,49,100,100,0,100,100,38,8,6,3,8,1,8,0,0,100,100,53,37,32,35,22,4,1,1787413305.6798632,G1,T03,sotto_banco_immobile,1,static
4879498,1,0,1,0,46,0,100,0,37,23,12,6,9,5,4,2,5,0,0,100,100,58,40,34,38,23,4,1,1787413305.8796046,G1,T03,sotto_banco_immobile,1,static
4879698,1,1,1,60,62,83,100,0,58,83,25,7,4,4,1,2,4,0,0,100,100,62,42,36,40,24,4,1,1787413306.080146,G1,T03,sotto_banco_immobile,1,static
4879898,1,0,1,0,60,0,100,0,17,48,3,4,2,5,4,1,3,0,0,100,100,65,44,37,41,26,4,1,1787413306.2866728,G1,T03,sotto_banco_immobile,1,static
4880098,1,1,1,57,60,100,100,0,100,100,30,12,9,3,5,3,5,0,0,100,100,68,45,37,42,26,4,1,1787413306.480144,G1,T03,sotto_banco_immobile,1,static
4880298,1,1,1,70,65,100,100,0,100,100,100,22,13,9,10,10,6,0,0,100,100,70,45,36,41,26,4,1,1787413306.6806014,G1,T03,sotto_banco_immobile,1,static
4880498,1,1,1,78,74,100,100,0,32,100,94,18,7,8,6,5,9,0,0,100,100,69,47,37,41,26,4,1,1787413306.879969,G1,T03,sotto_banco_immobile,1,static
4880698,1,1,1,75,77,100,100,0,79,100,77,21,6,9,8,10,9,0,0,100,100,67,50,37,42,28,4,1,1787413307.0802178,G1,T03,sotto_banco_immobile,1,static
4880898,1,1,1,65,71,100,100,0,74,100,26,9,6,7,1,6,4,0,0,100,100,65,53,39,44,29,4,1,1787413307.2872999,G1,T03,sotto_banco_immobile,1,static
4881098,1,1,1,68,66,55,100,0,20,55,4,6,9,2,1,2,3,0,0,100,100,65,57,42,47,31,4,1,1787413307.4864326,G1,T03,sotto_banco_immobile,1,static
4881298,1,1,1,30,72,56,100,0,56,45,13,12,10,3,1,4,2,0,0,100,100,63,59,44,49,33,4,1,1787413307.6797428,G1,T03,sotto_banco_immobile,1,static
4881498,1,1,1,67,43,100,100,0,100,100,71,20,2,7,7,11,4,0,0,100,100,64,59,44,49,33,4,1,1787413307.8796704,G1,T03,sotto_banco_immobile,1,static
4881698,1,1,1,77,75,100,100,0,20,100,85,14,5,8,8,8,10,0,0,100,100,65,58,43,47,32,4,1,1787413308.079534,G1,T03,sotto_banco_immobile,1,static
4881898,1,1,1,72,74,100,100,0,60,100,38,11,7,9,5,7,4,0,0,100,100,67,57,42,46,31,4,1,1787413308.2796638,G1,T03,sotto_banco_immobile,1,static
4882098,1,1,1,61,68,100,100,0,83,100,24,2,5,7,6,8,5,0,0,100,100,68,56,42,45,31,4,1,1787413308.48732,G1,T03,sotto_banco_immobile,1,static
4882298,1,1,1,58,63,100,100,0,100,100,33,5,5,7,7,7,7,0,0,100,100,68,56,42,46,32,4,1,1787413308.6868358,G1,T03,sotto_banco_immobile,1,static
4882498,1,1,1,50,52,100,100,0,100,100,23,8,6,5,6,3,6,0,0,100,100,70,58,44,48,33,4,1,1787413308.879742,G1,T03,sotto_banco_immobile,1,static
4882698,1,1,1,30,30,61,100,0,61,48,7,5,3,3,4,2,5,0,0,100,100,71,58,44,48,33,4,1,1787413309.0803325,G1,T03,sotto_banco_immobile,1,static
4882898,1,0,1,0,30,0,100,0,24,20,6,8,2,2,1,1,4,0,0,100,100,70,56,44,47,32,4,1,1787413309.2802854,G1,T03,sotto_banco_immobile,1,static
4883098,1,1,1,55,30,100,100,0,100,100,23,6,5,2,4,4,6,0,0,100,100,66,54,44,45,32,4,1,1787413309.4873793,G1,T03,sotto_banco_immobile,1,static
4883298,1,1,1,67,60,100,100,0,100,100,59,16,13,7,10,9,8,0,0,100,100,62,51,41,43,30,4,1,1787413309.6795378,G1,T03,sotto_banco_immobile,1,static
4883498,1,1,1,77,73,100,100,0,28,100,64,24,6,9,6,9,6,0,0,100,100,59,49,40,41,29,4,1,1787413309.8795927,G1,T03,sotto_banco_immobile,1,static
4883698,1,1,1,73,77,100,100,0,73,100,49,21,2,6,9,10,10,0,0,100,100,56,50,40,41,30,4,1,1787413310.0794306,G1,T03,sotto_banco_immobile,1,static
4883898,1,1,1,67,70,100,100,0,77,100,30,15,4,8,2,7,6,0,0,100,100,53,51,42,43,31,4,1,1787413310.27926,G1,T03,sotto_banco_immobile,1,static
4884098,1,0,1,0,70,0,100,0,26,14,8,3,4,1,1,4,3,0,0,100,100,51,53,44,45,32,4,1,1787413310.486777,G1,T03,sotto_banco_immobile,1,static
4884298,1,1,1,57,30,100,100,0,100,100,22,27,8,6,7,7,4,0,0,100,100,51,54,45,46,33,4,1,1787413310.680368,G1,T03,sotto_banco_immobile,1,static
4884498,1,1,1,77,72,100,100,0,38,100,74,22,9,3,11,11,8,0,0,100,100,52,52,45,45,32,4,1,1787413310.879647,G1,T03,sotto_banco_immobile,1,static
4884698,1,1,1,75,77,100,100,0,62,100,66,17,8,9,6,6,4,0,0,100,100,53,49,43,43,31,4,1,1787413311.0803041,G1,T03,sotto_banco_immobile,1,static
4884898,1,1,1,64,73,100,100,0,73,100,15,9,7,8,7,8,5,0,0,100,100,55,46,42,41,30,4,1,1787413311.280261,G1,T03,sotto_banco_immobile,1,static
4885098,1,0,1,0,52,0,100,0,32,22,12,2,7,4,6,8,5,0,0,100,100,56,43,41,40,28,4,1,1787413311.479407,G1,T03,sotto_banco_immobile,1,static
4885298,1,0,1,0,52,0,100,0,24,29,18,8,5,5,5,10,5,0,0,100,100,55,40,40,38,27,4,1,1787413311.6869848,G1,T03,sotto_banco_immobile,1,static
4885498,1,1,1,30,52,58,100,0,58,48,7,6,4,5,6,8,7,0,0,100,100,54,39,39,38,27,4,1,1787413311.8800712,G1,T03,sotto_banco_immobile,1,static
4885698,1,1,1,70,52,100,100,0,58,100,36,4,3,6,6,6,6,0,0,100,100,53,40,39,39,27,4,1,1787413312.0801024,G1,T03,sotto_banco_immobile,1,static
4885898,1,1,1,42,80,81,100,0,76,81,4,7,4,5,6,4,5,0,0,100,100,50,39,39,39,27,4,1,1787413312.280126,G1,T03,sotto_banco_immobile,1,static
4886098,1,1,1,72,66,100,100,0,100,100,62,14,10,5,6,9,2,0,0,100,100,50,38,38,37,26,4,1,1787413312.4800355,G1,T03,sotto_banco_immobile,1,static
4886298,1,1,1,77,76,100,100,0,30,100,57,17,6,9,6,6,5,0,0,100,100,51,37,37,36,26,4,1,1787413312.679832,G1,T03,sotto_banco_immobile,1,static
4886498,1,1,1,70,71,100,100,0,68,100,38,15,4,4,9,7,6,0,0,100,100,50,37,37,36,25,4,1,1787413312.8793116,G1,T03,sotto_banco_immobile,1,static
4886698,1,1,1,67,68,100,100,0,95,100,34,12,5,8,8,8,7,0,0,100,100,50,37,37,37,26,4,1,1787413313.0799356,G1,T03,sotto_banco_immobile,1,static
4886898,1,1,1,65,65,100,100,0,100,100,41,6,11,5,4,4,4,0,0,100,100,51,40,39,39,27,4,1,1787413313.2797768,G1,T03,sotto_banco_immobile,1,static
4887098,1,1,1,30,69,100,100,0,100,100,10,16,6,2,3,2,3,0,0,100,100,54,42,41,41,29,4,1,1787413313.4796543,G1,T03,sotto_banco_immobile,1,static
4887298,1,1,1,70,57,100,100,0,100,100,86,21,8,10,10,10,7,0,0,100,100,56,42,42,42,29,4,1,1787413313.68037,G1,T03,sotto_banco_immobile,1,static
4887498,1,1,1,78,76,100,100,0,20,100,84,17,6,7,8,6,9,0,0,100,100,54,41,42,42,29,4,1,1787413313.8873377,G1,T03,sotto_banco_immobile,1,static
4887698,1,1,1,66,75,100,100,0,49,100,9,9,8,7,5,8,4,0,0,100,100,53,40,41,41,28,4,1,1787413314.0796556,G1,T03,sotto_banco_immobile,1,static
4887898,1,1,1,49,59,54,100,0,47,54,11,9,8,8,7,8,4,0,0,100,100,55,37,40,39,27,4,1,1787413314.279238,G1,T03,sotto_banco_immobile,1,static
4888098,1,1,1,30,55,70,100,0,70,65,9,3,1,9,7,7,5,0,0,100,100,55,35,38,38,26,4,1,1787413314.4796042,G1,T03,sotto_banco_immobile,1,static
4888298,1,1,1,63,30,63,100,0,45,63,27,11,4,9,6,5,7,0,0,100,100,55,35,38,38,25,4,1,1787413314.6795413,G1,T03,sotto_banco_immobile,1,static
4888498,1,1,1,54,44,100,100,0,93,100,29,11,7,7,7,4,5,0,0,100,100,56,37,39,39,26,4,1,1787413314.8813057,G1,T03,sotto_banco_immobile,1,static
4888698,1,1,1,70,62,76,100,0,45,76,34,10,6,6,5,1,6,0,0,100,100,56,38,39,40,27,4,1,1787413315.0797973,G1,T03,sotto_banco_immobile,1,static
4888898,1,1,1,69,70,100,100,0,73,100,51,9,6,1,4,5,6,0,0,100,100,55,38,38,40,27,4,1,1787413315.281041,G1,T03,sotto_banco_immobile,1,static
4889098,1,1,1,75,76,100,100,0,23,100,23,10,4,8,1,7,2,0,0,100,100,53,38,38,39,26,4,1,1787413315.4827971,G1,T03,sotto_banco_immobile,1,static
4889298,1,1,1,72,66,100,100,0,41,100,29,16,11,10,1,4,2,0,0,100,100,52,38,37,38,26,4,1,1787413315.682944,G1,T03,sotto_banco_immobile,1,static
4889498,1,1,1,75,73,100,100,0,77,100,77,14,5,5,4,4,7,0,0,100,100,52,39,37,38,26,4,1,1787413315.8841007,G1,T03,sotto_banco_immobile,1,static
4889698,1,1,1,79,78,100,100,0,18,100,80,11,1,6,8,9,10,0,0,100,100,52,42,38,38,26,4,1,1787413316.0871205,G1,T03,sotto_banco_immobile,1,static
4889898,1,1,1,75,76,100,100,0,25,100,26,6,1,4,4,5,6,0,0,100,100,53,44,38,39,27,4,1,1787413316.2874773,G1,T03,sotto_banco_immobile,1,static
4890098,1,1,1,78,76,100,100,0,25,100,79,14,4,8,2,3,3,0,0,100,100,52,45,38,39,26,4,1,1787413316.487235,G1,T03,sotto_banco_immobile,1,static
4890298,1,1,1,75,75,100,100,0,38,100,38,17,6,9,1,6,5,0,0,100,100,50,45,37,39,26,4,1,1787413316.6875238,G1,T03,sotto_banco_immobile,1,static
4890498,1,0,1,0,75,0,100,0,18,25,14,9,4,7,2,6,3,0,0,100,100,49,45,35,38,25,4,1,1787413316.8872073,G1,T03,sotto_banco_immobile,1,static
4890698,1,1,1,61,62,100,100,0,75,100,18,9,6,5,4,7,6,0,0,100,100,49,44,33,36,24,4,1,1787413317.087952,G1,T03,sotto_banco_immobile,1,static
4890898,1,1,1,54,59,100,100,0,100,100,21,8,8,6,5,7,5,0,0,100,100,48,43,31,34,22,4,1,1787413317.2871058,G1,T03,sotto_banco_immobile,1,static
4891098,1,1,1,43,43,100,100,0,97,100,22,2,7,3,6,3,5,0,0,100,100,48,42,29,32,20,4,1,1787413317.4800725,G1,T03,sotto_banco_immobile,1,static
4891298,1,0,1,0,43,0,100,0,41,22,12,4,4,4,5,3,2,0,0,100,100,49,44,28,33,20,4,1,1787413317.6799421,G1,T03,sotto_banco_immobile,1,static
4891498,1,0,1,0,43,0,100,0,25,28,5,2,3,3,6,2,2,0,0,100,100,51,45,28,33,21,4,1,1787413317.8800094,G1,T03,sotto_banco_immobile,1,static
4891698,1,1,1,63,60,94,100,0,60,94,31,11,4,5,6,4,2,0,0,100,100,52,46,27,33,20,4,1,1787413318.0872636,G1,T03,sotto_banco_immobile,1,static
4891898,1,1,1,79,82,100,100,0,23,100,49,10,2,2,6,5,2,0,0,100,100,51,46,26,32,20,4,1,1787413318.2795372,G1,T03,sotto_banco_immobile,1,static
4892098,1,1,1,67,77,100,100,0,50,100,14,14,10,6,4,6,2,0,0,100,100,50,46,25,30,19,4,1,1787413318.4796042,G1,T03,sotto_banco_immobile,1,static
4892298,1,1,1,65,63,100,100,0,100,100,48,15,8,12,1,9,6,0,0,100,100,48,45,23,29,18,4,1,1787413318.6796598,G1,T03,sotto_banco_immobile,1,static
4892498,1,1,1,73,70,100,100,0,100,100,89,20,8,6,4,6,9,0,0,100,100,47,46,23,29,18,4,1,1787413318.879623,G1,T03,sotto_banco_immobile,1,static
4892698,1,1,1,77,76,75,100,0,14,75,21,4,4,7,6,6,8,0,0,100,100,46,48,24,29,18,4,1,1787413319.0876775,G1,T03,sotto_banco_immobile,1,static
4892898,1,1,1,71,77,72,100,0,25,72,15,12,7,4,3,4,4,0,0,100,100,45,49,24,29,18,4,1,1787413319.280233,G1,T03,sotto_banco_immobile,1,static
4893098,1,1,1,76,76,100,100,0,60,100,74,21,4,3,1,5,3,0,0,100,100,46,49,24,29,17,4,1,1787413319.4803412,G1,T03,sotto_banco_immobile,1,static
4893298,1,1,1,66,71,100,100,0,83,100,27,12,5,9,2,6,3,0,0,100,100,46,49,23,29,17,4,1,1787413319.6797302,G1,T03,sotto_banco_immobile,1,static
4893498,1,1,1,60,66,52,100,0,32,52,5,14,11,8,2,6,1,0,0,100,100,46,49,22,29,17,4,1,1787413319.8793013,G1,T03,sotto_banco_immobile,1,static
4893698,1,1,1,61,70,100,100,0,93,100,26,11,9,7,6,4,2,0,0,100,100,47,47,21,28,16,4,1,1787413320.0824358,G1,T03,sotto_banco_immobile,1,static
4893898,1,1,1,39,49,100,100,0,100,100,15,3,7,2,7,4,3,0,0,100,100,48,46,21,27,15,4,1,1787413320.2871983,G1,T03,sotto_banco_immobile,1,static
4894098,1,0,1,0,30,0,100,0,45,34,14,3,11,5,7,4,2,0,0,100,100,53,47,22,28,16,4,1,1787413320.4875424,G1,T03,sotto_banco_immobile,1,static
4894298,1,1,1,68,30,54,100,0,26,54,14,7,4,3,6,4,2,0,0,100,100,54,48,23,28,16,4,1,1787413320.6800187,G1,T03,sotto_banco_immobile,1,static
4894498,1,1,1,52,68,91,100,0,77,91,28,2,3,5,5,5,1,0,0,100,100,55,48,23,28,17,4,1,1787413320.8800263,G1,T03,sotto_banco_immobile,1,static
4894698,1,1,1,55,53,100,100,0,88,100,31,4,2,7,7,7,2,0,0,100,100,55,49,23,29,16,4,1,1787413321.080292,G1,T03,sotto_banco_immobile,1,static
4894898,1,1,1,77,71,100,100,0,24,100,37,6,5,6,5,8,2,0,0,100,100,54,48,22,28,16,4,1,1787413321.2880142,G1,T03,sotto_banco_immobile,1,static
4895098,1,1,1,59,61,100,100,0,100,100,29,14,13,2,4,6,2,0,0,100,100,52,46,21,26,16,4,1,1787413321.4793303,G1,T03,sotto_banco_immobile,1,static
4895298,1,1,1,67,61,100,100,0,100,100,49,19,10,11,3,9,3,0,0,100,100,52,45,20,25,15,4,1,1787413321.6813493,G1,T03,sotto_banco_immobile,1,static
4895498,1,1,1,73,69,100,100,0,54,100,45,12,3,8,3,3,5,0,0,100,100,53,46,20,26,14,4,1,1787413321.8797185,G1,T03,sotto_banco_immobile,1,static
4895698,1,1,1,77,73,100,100,0,27,100,49,9,2,2,4,4,9,0,0,100,100,55,47,20,26,14,4,1,1787413322.0799732,G1,T03,sotto_banco_immobile,1,static
4895898,1,1,1,71,75,64,100,0,23,64,14,1,1,2,4,5,7,0,0,100,100,56,48,21,28,15,4,1,1787413322.2878978,G1,T03,sotto_banco_immobile,1,static
4896098,1,1,1,76,71,100,100,0,19,100,29,13,2,3,1,3,5,0,0,100,100,59,50,22,29,16,4,1,1787413322.480063,G1,T03,sotto_banco_immobile,1,static
4896298,1,1,1,69,76,100,100,0,100,100,63,16,8,9,2,7,2,0,0,100,100,61,50,21,29,16,4,1,1787413322.6852305,G1,T03,sotto_banco_immobile,1,static
4896498,1,1,1,62,67,100,100,0,96,100,29,14,7,9,3,8,1,0,0,100,100,60,48,20,28,15,4,1,1787413322.8802297,G1,T03,sotto_banco_immobile,1,static
4896698,1,1,1,55,59,84,100,0,63,84,15,9,12,9,6,6,3,0,0,100,100,60,46,18,26,14,4,1,1787413323.079692,G1,T03,sotto_banco_immobile,1,static
4896898,1,1,1,48,53,67,100,0,59,67,15,2,4,2,7,6,2,0,0,100,100,61,44,18,26,13,4,1,1787413323.2870011,G1,T03,sotto_banco_immobile,1,static
4897098,1,1,1,50,30,53,100,0,45,53,12,10,8,2,7,4,2,0,0,100,100,63,45,18,27,14,4,1,1787413323.4799309,G1,T03,sotto_banco_immobile,1,static
4897298,1,1,1,55,59,100,100,0,100,100,38,8,8,3,9,4,2,0,0,100,100,66,46,19,27,14,4,1,1787413323.6822238,G1,T03,sotto_banco_immobile,1,static
4897498,1,1,1,81,63,100,100,0,15,100,48,11,7,6,7,7,1,0,0,100,100,68,47,19,27,14,4,1,1787413323.8804765,G1,T03,sotto_banco_immobile,1,static
4897698,1,1,1,66,69,100,100,0,62,100,17,6,2,1,4,7,2,0,0,100,100,67,46,19,27,14,4,1,1787413324.07999,G1,T03,sotto_banco_immobile,1,static
4897898,1,1,1,66,63,100,100,0,77,100,30,8,8,3,3,8,3,0,0,100,100,65,44,18,26,14,4,1,1787413324.2881079,G1,T03,sotto_banco_immobile,1,static
4898098,1,1,1,72,71,100,100,0,85,100,60,16,13,11,4,3,5,0,0,100,100,65,44,18,25,13,4,1,1787413324.4799283,G1,T03,sotto_banco_immobile,1,static
4898298,1,1,1,78,74,56,100,0,14,56,22,9,7,7,5,4,6,0,0,100,100,67,45,18,26,13,4,1,1787413324.682716,G1,T03,sotto_banco_immobile,1,static
4898498,1,0,1,0,78,0,100,0,17,13,6,3,6,1,3,2,6,0,0,100,100,68,45,18,26,13,4,1,1787413324.8801658,G1,T03,sotto_banco_immobile,1,static
4898698,1,1,1,75,70,100,100,0,26,100,27,13,8,9,3,2,7,0,0,100,100,68,43,18,25,13,4,1,1787413325.0802875,G1,T03,sotto_banco_immobile,1,static
4898898,1,1,1,72,77,93,100,0,32,93,22,2,4,8,2,4,4,0,0,100,100,67,42,17,24,12,4,1,1787413325.2879162,G1,T03,sotto_banco_immobile,1,static
4899098,1,1,1,77,70,67,100,0,19,67,26,9,7,2,2,6,5,0,0,100,100,67,43,17,24,12,4,1,1787413325.4802759,G1,T03,sotto_banco_immobile,1,static
4899298,1,1,1,75,77,83,100,0,23,83,24,6,12,2,4,5,5,0,0,100,100,66,42,17,24,12,4,1,1787413325.6835282,G1,T03,sotto_banco_immobile,1,static
4899498,1,1,1,53,62,100,100,0,99,100,22,5,5,5,5,7,3,0,0,100,100,67,40,17,23,12,4,1,1787413325.880415,G1,T03,sotto_banco_immobile,1,static
4899698,1,1,1,54,57,100,100,0,100,100,57,5,8,8,8,6,2,0,0,100,100,69,39,17,22,11,4,1,1787413326.0802348,G1,T03,sotto_banco_immobile,1,static
4899898,1,0,1,0,46,0,100,0,32,26,8,8,4,8,7,5,2,0,0,100,100,71,38,17,21,10,4,1,1787413326.2869887,G1,T03,sotto_banco_immobile,1,static
4900098,1,1,1,79,74,100,100,0,16,100,39,10,2,6,6,3,1,0,0,100,100,71,38,16,20,10,4,1,1787413326.4881122,G1,T03,sotto_banco_immobile,1,static
4900298,1,1,1,78,80,100,100,0,21,100,46,15,13,2,5,4,1,0,0,100,100,70,39,16,20,11,4,1,1787413326.6835165,G1,T03,sotto_banco_immobile,1,static
4900498,1,1,1,74,77,100,100,0,37,100,32,14,9,1,4,5,2,0,0,100,100,72,37,17,19,11,4,1,1787413326.8797934,G1,T03,sotto_banco_immobile,1,static
4900698,1,1,1,69,69,100,100,0,66,100,25,10,5,8,4,6,5,0,0,100,100,75,36,17,19,11,4,1,1787413327.0804303,G1,T03,sotto_banco_immobile,1,static
4900898,1,1,1,65,66,100,100,0,80,100,37,10,6,10,2,2,6,0,0,100,100,77,36,17,19,11,4,1,1787413327.2881339,G1,T03,sotto_banco_immobile,1,static
4901098,1,1,1,60,67,58,100,0,40,58,17,7,6,10,1,2,7,0,0,100,100,78,37,16,20,11,4,1,1787413327.4796288,G1,T03,sotto_banco_immobile,1,static
4901298,1,1,1,75,60,85,100,0,22,85,24,15,8,6,1,3,6,0,0,100,100,77,36,16,19,11,4,1,1787413327.6848047,G1,T03,sotto_banco_immobile,1,static
4901498,1,1,1,72,70,100,100,0,74,100,52,13,10,2,2,5,4,0,0,100,100,75,34,15,19,10,4,1,1787413327.8796034,G1,T03,sotto_banco_immobile,1,static
4901698,1,1,1,74,75,100,100,0,51,100,47,7,8,4,3,7,5,0,0,100,100,76,34,15,19,10,4,1,1787413328.0796404,G1,T03,sotto_banco_immobile,1,static
4901898,1,1,1,68,62,100,100,0,50,100,26,6,8,6,4,7,4,0,0,100,100,79,35,15,19,10,4,1,1787413328.2880046,G1,T03,sotto_banco_immobile,1,static
4902098,1,1,1,59,60,100,100,0,79,100,33,5,4,6,7,6,4,0,0,100,100,79,35,14,19,10,4,1,1787413328.4800556,G1,T03,sotto_banco_immobile,1,static
4902298,1,1,1,57,59,96,100,0,73,96,31,5,4,6,6,5,2,0,0,100,100,78,33,14,18,9,4,1,1787413328.6877346,G1,T03,sotto_banco_immobile,1,static
4902498,1,1,1,61,61,100,100,0,100,100,49,8,8,4,9,7,2,0,0,100,100,80,32,14,18,9,4,1,1787413328.879658,G1,T03,sotto_banco_immobile,1,static
4902698,1,1,1,74,69,100,100,0,37,100,32,8,5,6,6,8,2,0,0,100,100,83,33,14,18,9,4,1,1787413329.0802002,G1,T03,sotto_banco_immobile,1,static
4902898,1,1,1,67,67,100,100,0,100,100,56,28,19,10,3,8,3,0,0,100,100,90,34,14,19,9,4,1,1787413329.2880502,G1,T03,sotto_banco_immobile,1,static
4903098,1,1,1,72,69,100,100,0,60,100,43,18,7,3,4,8,5,0,0,100,100,95,34,15,19,9,4,1,1787413329.4799728,G1,T03,sotto_banco_immobile,1,static
4903298,1,1,1,74,72,100,100,0,51,100,44,16,15,10,4,2,6,0,0,100,100,100,35,16,20,10,4,1,1787413329.6848195,G1,T03,sotto_banco_immobile,1,static
4903498,1,0,1,0,76,0,100,0,16,14,8,8,8,6,2,1,5,0,0,100,100,100,36,15,20,10,4,1,1787413329.8795593,G1,T03,sotto_banco_immobile,1,static
4903698,1,0,1,0,76,0,100,0,31,45,6,11,2,2,4,1,5,0,0,100,100,100,36,14,20,10,4,1,1787413330.08006,G1,T03,sotto_banco_immobile,1,static
4903898,1,1,1,73,73,100,100,0,40,100,30,21,12,3,6,3,4,0,0,100,100,100,35,14,19,9,4,1,1787413330.2795985,G1,T03,sotto_banco_immobile,1,static
4904098,1,1,1,69,70,100,100,0,100,100,91,20,13,2,7,6,2,0,0,100,100,100,34,14,19,9,4,1,1787413330.4882889,G1,T03,sotto_banco_immobile,1,static
4904298,1,1,1,61,65,100,100,0,100,100,40,6,5,6,8,8,2,0,0,100,100,100,34,14,19,9,4,1,1787413330.6882734,G1,T03,sotto_banco_immobile,1,static
4904498,1,1,1,75,61,91,100,0,34,91,32,13,8,7,8,10,2,0,0,100,100,100,35,15,20,9,4,1,1787413330.8791916,G1,T03,sotto_banco_immobile,1,static
4904698,1,0,1,0,73,0,100,0,20,48,30,9,10,10,7,7,2,0,0,100,100,100,35,15,20,8,4,1,1787413331.0795085,G1,T03,sotto_banco_immobile,1,static
4904898,1,1,1,55,49,100,100,0,100,100,61,10,8,6,9,7,1,0,0,100,100,100,35,15,20,8,4,1,1787413331.2802048,G1,T03,sotto_banco_immobile,1,static
4905098,1,1,1,72,58,100,100,0,68,100,53,9,4,7,6,6,1,0,0,100,100,99,34,15,19,8,4,1,1787413331.4794595,G1,T03,sotto_banco_immobile,1,static
4905298,1,1,1,65,74,100,100,0,98,100,30,12,5,5,4,6,3,0,0,100,100,97,34,15,19,8,4,1,1787413331.687555,G1,T03,sotto_banco_immobile,1,static
4905498,1,1,1,56,58,100,100,0,100,100,30,11,7,9,4,3,4,0,0,100,100,97,35,16,19,8,4,1,1787413331.8800178,G1,T03,sotto_banco_immobile,1,static
4905698,1,1,1,71,61,100,100,0,100,100,100,17,12,5,5,1,5,0,0,100,100,97,35,17,20,9,4,1,1787413332.0792844,G1,T03,sotto_banco_immobile,1,static
4905898,1,1,1,77,74,100,100,0,49,100,68,7,7,5,5,1,7,0,0,100,100,98,34,18,21,10,4,1,1787413332.2797709,G1,T03,sotto_banco_immobile,1,static
4906098,1,1,1,73,76,69,100,0,19,69,15,2,5,5,4,1,7,0,0,100,100,99,35,19,21,10,4,1,1787413332.4797924,G1,T03,sotto_banco_immobile,1,static
4906298,1,1,1,75,73,100,100,0,50,100,53,12,7,6,3,1,5,0,0,100,100,99,34,19,21,10,4,1,1787413332.6882753,G1,T03,sotto_banco_immobile,1,static
4906498,1,1,1,72,75,100,100,0,87,100,59,15,6,5,3,4,5,0,0,100,100,96,33,18,20,10,4,1,1787413332.8799381,G1,T03,sotto_banco_immobile,1,static
4906698,1,1,1,75,72,100,100,0,24,100,28,6,8,9,4,7,4,0,0,100,100,95,32,18,20,10,4,1,1787413333.0800774,G1,T03,sotto_banco_immobile,1,static
4906898,1,1,1,71,76,100,100,0,82,100,57,7,5,7,8,7,3,0,0,100,100,91,31,18,20,10,4,1,1787413333.2795315,G1,T03,sotto_banco_immobile,1,static
4907098,1,1,1,49,63,100,100,0,100,100,29,29,13,8,7,9,2,0,0,100,100,91,30,18,20,10,4,1,1787413333.4796655,G1,T03,sotto_banco_immobile,1,static
4907298,1,1,1,55,43,100,100,0,88,100,34,18,9,9,8,7,2,0,0,100,100,88,28,18,20,10,4,1,1787413333.6881318,G1,T03,sotto_banco_immobile,1,static
4907498,1,0,1,0,30,0,100,0,30,22,16,19,12,7,6,4,2,0,0,100,100,87,27,19,19,11,4,1,1787413333.8801997,G1,T03,sotto_banco_immobile,1,static
4907698,1,0,1,0,30,0,100,0,29,19,13,12,8,8,6,6,1,0,0,100,100,85,25,20,19,11,4,1,1787413334.0794191,G1,T03,sotto_banco_immobile,1,static
4907898,1,1,1,66,66,100,100,0,87,100,37,12,2,10,7,8,1,0,0,100,100,84,25,20,20,12,4,1,1787413334.2802813,G1,T03,sotto_banco_immobile,1,static
4908098,1,1,1,63,68,100,100,0,100,100,21,27,15,6,5,7,2,0,0,100,100,86,24,20,19,12,4,1,1787413334.4797127,G1,T03,sotto_banco_immobile,1,static
4908298,1,1,1,69,63,100,100,0,68,100,35,18,8,4,4,5,4,0,0,100,100,87,24,20,19,12,4,1,1787413334.687753,G1,T03,sotto_banco_immobile,1,static
4908498,1,1,1,75,73,100,100,0,81,100,78,5,5,4,1,5,4,0,0,100,100,85,24,20,20,12,4,1,1787413334.8793583,G1,T03,sotto_banco_immobile,1,static
4908698,1,1,1,75,74,100,100,0,45,100,49,3,2,7,4,4,6,0,0,100,100,82,25,21,21,12,4,1,1787413335.0803325,G1,T03,sotto_banco_immobile,1,static
4908898,1,0,1,0,76,0,100,0,20,42,19,9,5,6,2,3,9,0,0,100,100,81,26,21,22,13,4,1,1787413335.280449,G1,T03,sotto_banco_immobile,1,static
4909098,1,1,1,73,78,100,100,0,100,100,92,12,3,7,1,1,4,0,0,100,100,82,25,20,22,12,4,1,1787413335.4883978,G1,T03,sotto_banco_immobile,1,static
4909298,1,1,1,72,73,100,100,0,93,100,59,17,2,10,3,6,2,0,0,100,100,83,25,20,22,12,4,1,1787413335.6872578,G1,T03,sotto_banco_immobile,1,static
4909498,1,1,1,69,76,100,100,0,58,100,34,15,10,2,8,6,3,0,0,100,100,84,25,21,22,12,4,1,1787413335.880098,G1,T03,sotto_banco_immobile,1,static
4909698,1,1,1,51,75,72,100,0,56,72,5,7,4,4,7,7,3,0,0,100,100,85,24,21,21,12,4,1,1787413336.079851,G1,T03,sotto_banco_immobile,1,static
4909898,1,1,1,50,49,100,100,0,100,100,45,11,8,8,8,7,1,0,0,100,100,84,24,21,21,12,4,1,1787413336.2800164,G1,T03,sotto_banco_immobile,1,static
4910098,1,1,1,50,53,100,100,0,100,100,29,43,14,10,7,6,2,0,0,100,100,81,23,20,21,11,4,1,1787413336.4802048,G1,T03,sotto_banco_immobile,1,static
4910298,1,0,1,0,55,0,100,0,24,43,22,12,4,6,8,6,1,0,0,100,100,81,24,20,21,12,4,1,1787413336.687668,G1,T03,sotto_banco_immobile,1,static
4910498,1,1,1,56,60,100,100,0,100,100,20,27,11,5,5,7,2,0,0,100,100,81,24,20,21,12,4,1,1787413336.880228,G1,T03,sotto_banco_immobile,1,static
4910698,1,1,1,67,59,100,100,0,100,100,64,24,12,3,3,8,2,0,0,100,100,82,23,20,20,12,4,1,1787413337.0803962,G1,T03,sotto_banco_immobile,1,static
4910898,1,1,1,73,66,100,100,0,100,100,84,12,2,2,3,8,4,0,0,100,100,81,23,21,21,12,4,1,1787413337.2797995,G1,T03,sotto_banco_immobile,1,static
4911098,1,1,1,79,75,100,100,0,24,100,62,14,8,1,4,2,6,0,0,100,100,79,24,22,21,12,4,1,1787413337.480451,G1,T03,sotto_banco_immobile,1,static
4911298,1,1,1,70,75,100,100,0,45,100,28,9,7,1,4,1,7,0,0,100,100,79,24,23,22,13,4,1,1787413337.687569,G1,T03,sotto_banco_immobile,1,static
4911498,1,1,1,79,65,100,100,0,21,100,57,5,4,1,3,1,5,0,0,100,100,76,24,22,22,12,4,1,1787413337.8802352,G1,T03,sotto_banco_immobile,1,static
4911698,1,1,1,72,76,100,100,0,100,100,100,13,8,2,6,4,3,0,0,100,100,73,24,22,21,12,4,1,1787413338.080199,G1,T03,sotto_banco_immobile,1,static
4911898,1,1,1,64,67,100,100,0,100,100,57,11,6,7,5,6,3,0,0,100,100,70,23,22,21,11,4,1,1787413338.279715,G1,T03,sotto_banco_immobile,1,static
4912098,1,1,1,75,69,100,100,0,35,100,39,9,7,7,8,8,3,0,0,100,100,70,24,21,22,11,4,1,1787413338.479864,G1,T03,sotto_banco_immobile,1,static
4912298,1,1,1,91,74,71,100,0,18,71,51,10,5,7,8,6,1,0,0,100,100,70,24,21,22,12,4,1,1787413338.6874971,G1,T03,sotto_banco_immobile,1,static
4912498,1,1,1,42,91,91,100,0,86,91,14,14,9,6,8,6,3,0,0,100,100,72,23,21,21,12,4,1,1787413338.879715,G1,T03,sotto_banco_immobile,1,static
4912698,1,1,1,51,48,100,100,0,100,100,45,10,7,7,6,6,1,0,0,100,100,75,21,21,20,12,4,1,1787413339.0801077,G1,T03,sotto_banco_immobile,1,static
4912898,1,1,1,59,57,100,100,0,77,100,36,12,3,8,4,6,1,0,0,100,100,77,19,22,19,11,4,1,1787413339.279821,G1,T03,sotto_banco_immobile,1,static
4913098,1,1,1,52,59,100,100,0,100,100,27,12,5,7,6,7,1,0,0,100,100,77,19,22,19,11,4,1,1787413339.4886527,G1,T03,sotto_banco_immobile,1,static
4913298,1,1,1,61,58,100,100,0,100,100,80,16,7,3,4,5,3,0,0,100,100,74,18,21,19,11,4,1,1787413339.6886706,G1,T03,sotto_banco_immobile,1,static
4913498,1,1,1,71,68,100,100,0,100,100,82,8,8,1,6,6,4,0,0,100,100,73,18,21,19,11,4,1,1787413339.879533,G1,T03,sotto_banco_immobile,1,static
4913698,1,1,1,77,75,100,100,0,44,100,73,8,12,1,7,1,5,0,0,100,100,72,19,21,20,12,4,1,1787413340.0799022,G1,T03,sotto_banco_immobile,1,static
4913898,1,1,1,79,79,100,100,0,20,100,54,9,4,2,6,2,5,0,0,100,100,70,19,21,21,12,4,1,1787413340.2792647,G1,T03,sotto_banco_immobile,1,static
4914098,1,1,1,80,79,100,100,0,23,100,76,6,7,2,2,1,4,0,0,100,100,70,19,21,21,12,4,1,1787413340.4876795,G1,T03,sotto_banco_immobile,1,static
4914298,1,1,1,73,77,100,100,0,100,100,88,16,6,3,1,3,2,0,0,100,100,66,19,20,20,12,4,1,1787413340.6884956,G1,T03,sotto_banco_immobile,1,static
4914498,1,1,1,72,73,100,100,0,100,100,80,4,2,4,2,6,3,0,0,100,100,65,18,19,20,11,4,1,1787413340.8795576,G1,T03,sotto_banco_immobile,1,static
4914698,1,1,1,65,70,100,100,0,100,100,100,17,9,6,3,7,1,0,0,100,100,62,19,19,20,11,4,1,1787413341.080112,G1,T03,sotto_banco_immobile,1,static
4914898,1,1,1,58,63,100,100,0,100,100,100,18,8,10,2,10,1,0,0,100,100,62,20,18,21,12,4,1,1787413341.280106,G1,T03,sotto_banco_immobile,1,static
4915098,1,1,1,43,46,100,100,0,100,100,31,5,6,6,2,9,1,0,0,100,100,62,20,18,21,12,4,1,1787413341.4886687,G1,T03,sotto_banco_immobile,1,static
4915298,1,1,1,91,30,51,100,0,13,51,37,26,11,2,3,4,3,0,0,100,100,60,22,17,21,12,4,1,1787413341.6802647,G1,T03,sotto_banco_immobile,1,static
4915498,1,1,1,56,91,53,100,0,42,53,19,9,8,3,2,4,2,0,0,100,100,62,22,17,21,12,4,1,1787413341.8803535,G1,T03,sotto_banco_immobile,1,static
4915698,1,1,1,76,68,100,100,0,21,100,29,19,15,4,2,1,2,0,0,100,100,65,23,18,22,13,4,1,1787413342.0795414,G1,T03,sotto_banco_immobile,1,static
4915898,1,1,1,46,62,100,100,0,100,100,32,24,6,12,2,5,3,0,0,100,100,71,24,18,22,13,4,1,1787413342.2797244,G1,T03,sotto_banco_immobile,1,static
4916098,1,1,1,56,51,100,100,0,100,100,77,21,12,5,4,6,2,0,0,100,100,76,24,19,22,13,4,1,1787413342.4888651,G1,T03,sotto_banco_immobile,1,static
4916298,1,1,1,70,65,100,100,0,100,100,100,7,3,8,8,2,6,0,0,100,100,78,24,19,23,14,4,1,1787413342.6795173,G1,T03,sotto_banco_immobile,1,static
4916498,1,1,1,75,72,100,100,0,70,100,71,10,6,1,8,4,7,0,0,100,100,82,26,20,24,14,4,1,1787413342.8800502,G1,T03,sotto_banco_immobile,1,static
4916698,1,1,1,76,75,100,100,0,42,100,51,16,5,1,1,4,6,0,0,100,100,83,27,20,25,15,4,1,1787413343.0802512,G1,T03,sotto_banco_immobile,1,static
4916898,1,1,1,72,73,100,100,0,100,100,100,21,16,2,7,2,4,0,0,100,100,82,27,19,24,14,4,1,1787413343.2886357,G1,T03,sotto_banco_immobile,1,static
4917098,1,1,1,75,72,100,100,0,38,100,41,13,12,1,5,6,2,0,0,100,100,82,28,19,24,14,4,1,1787413343.4803605,G1,T03,sotto_banco_immobile,1,static
4917298,1,1,1,82,73,68,100,0,18,68,35,36,11,1,7,6,3,0,0,100,100,85,29,20,25,14,4,1,1787413343.6804118,G1,T03,sotto_banco_immobile,1,static
4917498,1,1,1,58,67,100,100,0,100,100,90,15,8,3,9,9,3,0,0,100,100,86,29,20,25,14,4,1,1787413343.8805745,G1,T03,sotto_banco_immobile,1,static
4917698,1,1,1,53,54,100,100,0,100,100,81,15,11,6,7,10,1,0,0,100,100,90,29,20,25,14,4,1,1787413344.0804498,G1,T03,sotto_banco_immobile,1,static
4917898,1,1,1,47,49,71,100,0,61,71,3,17,5,6,5,7,1,0,0,100,100,91,27,21,24,14,4,1,1787413344.2879777,G1,T03,sotto_banco_immobile,1,static
4918098,1,1,1,75,47,100,100,0,38,100,41,2,4,4,7,5,1,0,0,100,100,90,27,21,24,14,4,1,1787413344.4804003,G1,T03,sotto_banco_immobile,1,static
4918298,1,1,1,30,58,58,100,0,58,34,24,14,6,5,4,3,1,0,0,100,100,93,27,22,25,14,4,1,1787413344.6795917,G1,T03,sotto_banco_immobile,1,static
4918498,1,1,1,52,54,100,100,0,100,100,5,18,10,5,4,3,1,0,0,100,100,96,27,23,25,14,4,1,1787413344.8797135,G1,T03,sotto_banco_immobile,1,static
4918698,1,1,1,52,62,100,100,0,100,100,23,12,7,6,3,5,4,0,0,100,100,99,27,23,24,14,4,1,1787413345.0795753,G1,T03,sotto_banco_immobile,1,static
4918898,1,1,1,67,60,100,100,0,100,100,76,11,9,7,4,5,6,0,0,100,100,100,28,23,24,14,4,1,1787413345.288478,G1,T03,sotto_banco_immobile,1,static
4919098,1,1,1,74,69,100,100,0,100,100,100,12,9,6,7,1,8,0,0,100,100,100,28,23,23,15,4,1,1787413345.4890099,G1,T03,sotto_banco_immobile,1,static
4919298,1,1,1,72,76,100,100,0,50,100,37,5,1,6,2,2,9,0,0,100,100,100,29,23,24,15,4,1,1787413345.6796148,G1,T03,sotto_banco_immobile,1,static
4919498,1,1,1,73,75,100,100,0,100,100,100,11,11,1,4,1,6,0,0,100,100,100,29,22,24,15,4,1,1787413345.8795784,G1,T03,sotto_banco_immobile,1,static
4919698,1,1,1,70,72,100,100,0,100,100,100,11,12,2,5,5,5,0,0,100,100,100,28,21,23,14,4,1,1787413346.0803256,G1,T03,sotto_banco_immobile,1,static
4919898,1,1,1,71,76,100,100,0,62,100,42,4,4,5,5,6,4,0,0,100,100,96,27,21,23,14,4,1,1787413346.2880695,G1,T03,sotto_banco_immobile,1,static
4920098,1,1,1,83,75,69,100,0,16,69,36,7,5,2,6,8,4,0,0,100,100,91,27,21,23,14,4,1,1787413346.4798017,G1,T03,sotto_banco_immobile,1,static
4920298,1,1,1,58,58,100,100,0,100,100,76,15,5,3,6,9,3,0,0,100,100,90,27,21,22,13,4,1,1787413346.6792881,G1,T03,sotto_banco_immobile,1,static
4920498,1,1,1,54,54,100,100,0,100,100,55,9,9,6,8,8,1,0,0,100,100,88,27,20,21,13,4,1,1787413346.8803327,G1,T03,sotto_banco_immobile,1,static
4920698,1,1,1,66,55,96,100,0,57,96,34,2,5,7,6,7,2,0,0,100,100,88,27,19,20,12,4,1,1787413347.0800724,G1,T03,sotto_banco_immobile,1,static
4920898,1,1,1,53,43,100,100,0,94,100,14,11,5,7,4,2,1,0,0,100,100,87,27,20,21,12,4,1,1787413347.2881827,G1,T03,sotto_banco_immobile,1,static
4921098,1,1,1,63,60,100,100,0,100,100,43,10,10,6,3,4,3,0,0,100,100,84,28,20,20,12,4,1,1787413347.4799018,G1,T03,sotto_banco_immobile,1,static
4921298,1,1,1,67,63,100,100,0,100,100,64,11,10,5,2,3,4,0,0,100,100,83,28,20,20,12,4,1,1787413347.6802893,G1,T03,sotto_banco_immobile,1,static
4921498,1,1,1,73,72,100,100,0,100,100,100,9,12,2,4,1,7,0,0,100,100,87,28,21,20,13,4,1,1787413347.8797672,G1,T03,sotto_banco_immobile,1,static
4921698,1,1,1,74,75,100,100,0,100,100,100,11,8,3,5,1,8,0,0,100,100,88,27,22,21,13,4,1,1787413348.080353,G1,T03,sotto_banco_immobile,1,static
4921898,1,1,1,75,70,100,100,0,25,100,30,7,2,7,1,1,6,0,0,100,100,88,28,22,21,14,4,1,1787413348.2883124,G1,T03,sotto_banco_immobile,1,static
4922098,1,1,1,75,77,100,100,0,100,100,100,19,8,4,2,2,6,0,0,100,100,88,29,21,20,13,4,1,1787413348.480012,G1,T03,sotto_banco_immobile,1,static
4922298,1,1,1,65,69,100,100,0,100,100,100,5,4,2,6,7,3,0,0,100,100,87,29,20,20,13,4,1,1787413348.6795995,G1,T03,sotto_banco_immobile,1,static
4922498,1,1,1,59,62,100,100,0,100,100,57,17,10,4,8,8,3,0,0,100,100,88,30,21,20,14,4,1,1787413348.883074,G1,T03,sotto_banco_immobile,1,static
4922698,1,1,1,39,54,75,100,0,74,75,13,20,7,9,7,10,3,0,0,100,100,89,31,21,21,15,4,1,1787413349.079977,G1,T03,sotto_banco_immobile,1,static
4922898,1,1,1,30,30,100,100,0,100,96,27,30,13,5,8,10,1,0,0,100,100,91,30,21,22,15,4,1,1787413349.288571,G1,T03,sotto_banco_immobile,1,static
4923098,1,1,1,58,54,100,100,0,85,100,38,21,2,9,5,9,1,0,0,100,100,92,29,21,21,14,4,1,1787413349.4794903,G1,T03,sotto_banco_immobile,1,static
4923298,1,1,1,52,68,67,100,0,53,67,10,9,9,6,5,6,1,0,0,100,100,94,28,20,20,14,4,1,1787413349.6794808,G1,T03,sotto_banco_immobile,1,static
4923498,1,1,1,52,53,100,100,0,100,100,41,10,6,2,3,1,1,0,0,100,100,99,27,20,19,13,4,1,1787413349.8804066,G1,T03,sotto_banco_immobile,1,static
4923698,1,1,1,59,55,100,100,0,100,100,73,17,10,8,6,1,4,0,0,100,100,100,29,21,20,13,4,1,1787413350.07964,G1,T03,sotto_banco_immobile,1,static
4923898,1,1,1,75,70,100,100,0,100,100,100,38,12,9,7,2,7,0,0,100,100,100,30,21,21,14,4,1,1787413350.2893758,G1,T03,sotto_banco_immobile,1,static
4924098,1,1,1,77,73,100,100,0,83,100,100,20,9,1,3,3,9,0,0,100,100,100,31,22,22,15,3,1,1787413350.479746,G1,T03,sotto_banco_immobile,1,static
4924298,1,1,1,80,72,100,100,0,22,100,54,7,6,1,1,3,8,0,0,100,100,100,33,22,23,16,4,1,1787413350.67968,G1,T03,sotto_banco_immobile,1,static
4924498,1,1,1,75,75,100,100,0,100,100,100,20,2,9,2,3,5,0,0,100,100,100,32,22,23,17,3,1,1787413350.8795912,G1,T03,sotto_banco_immobile,1,static
4924698,1,1,1,69,71,100,100,0,97,100,60,32,17,3,5,5,4,0,0,100,100,100,30,22,22,17,3,1,1787413351.0793576,G1,T03,sotto_banco_immobile,1,static
4924898,1,1,1,64,63,100,100,0,67,100,33,6,5,2,7,5,4,0,0,100,100,100,29,22,22,17,3,1,1787413351.2888806,G1,T03,sotto_banco_immobile,1,static
4925098,1,1,1,60,65,100,100,0,100,100,74,32,15,6,7,9,5,0,0,100,100,100,29,21,23,17,4,1,1787413351.4889243,G1,T03,sotto_banco_immobile,1,static
4925298,1,1,1,53,56,100,100,0,100,100,76,16,8,4,4,8,3,0,0,100,100,100,30,22,24,17,4,1,1787413351.68045,G1,T03,sotto_banco_immobile,1,static
4925498,1,0,1,0,53,0,100,0,40,45,15,3,5,7,2,6,1,0,0,100,100,100,31,21,25,17,4,1,1787413351.879692,G1,T03,sotto_banco_immobile,1,static
4925698,1,1,1,73,53,100,100,0,70,100,64,6,3,6,1,6,3,0,0,100,100,100,32,20,24,16,3,1,1787413352.0798292,G1,T03,sotto_banco_immobile,1,static
4925898,1,1,1,58,63,100,100,0,100,100,59,13,2,3,3,5,4,0,0,100,100,100,32,20,24,15,3,1,1787413352.2798707,G1,T03,sotto_banco_immobile,1,static
4926098,1,1,1,63,62,100,100,0,88,100,24,11,9,2,2,6,5,0,0,100,100,100,30,20,23,15,3,1,1787413352.479727,G1,T03,sotto_banco_immobile,1,static
4926298,1,1,1,69,63,100,100,0,100,100,100,19,4,7,7,7,8,0,0,100,100,100,31,20,23,15,3,1,1787413352.6892028,G1,T03,sotto_banco_immobile,1,static
4926498,1,1,1,75,72,100,100,0,100,100,100,12,6,6,7,5,9,0,0,100,100,98,33,20,24,16,3,1,1787413352.8801432,G1,T03,sotto_banco_immobile,1,static
4926698,1,1,1,78,76,100,100,0,70,100,100,7,9,4,3,6,9,0,0,100,100,97,34,22,26,16,3,1,1787413353.0801878,G1,T03,sotto_banco_immobile,1,static
4926898,1,1,1,79,74,100,100,0,33,100,86,8,3,3,3,4,6,0,0,100,100,95,35,23,27,16,3,1,1787413353.2799196,G1,T03,sotto_banco_immobile,1,static
4927098,1,1,1,75,78,100,100,0,100,100,100,15,6,7,3,3,4,0,0,100,100,90,34,22,27,15,3,1,1787413353.4795759,G1,T03,sotto_banco_immobile,1,static
4927298,1,1,1,68,69,100,100,0,100,100,100,23,11,7,6,6,3,0,0,100,100,84,34,22,26,15,3,1,1787413353.688452,G1,T03,sotto_banco_immobile,1,static
4927498,1,1,1,65,69,100,100,0,88,100,53,16,9,5,6,7,5,0,0,100,100,80,34,22,27,15,3,1,1787413353.880411,G1,T03,sotto_banco_immobile,1,static
4927698,1,1,1,52,52,61,100,0,48,61,9,9,9,6,9,5,4,0,0,100,100,82,34,23,26,16,3,1,1787413354.0792034,G1,T03,sotto_banco_immobile,1,static
4927898,1,1,1,53,48,100,100,0,100,100,38,4,7,8,9,7,2,0,0,100,100,84,34,22,25,16,3,1,1787413354.2793396,G1,T03,sotto_banco_immobile,1,static
4928098,1,1,1,55,55,100,100,0,86,100,32,2,7,7,6,7,2,0,0,100,100,82,33,22,24,15,3,1,1787413354.4798796,G1,T03,sotto_banco_immobile,1,static
4928298,1,1,1,79,61,100,100,0,15,100,37,3,6,6,3,4,1,0,0,100,100,82,33,22,23,14,3,1,1787413354.68032,G1,T03,sotto_banco_immobile,1,static
4928498,1,1,1,59,65,100,100,0,100,100,47,13,9,2,2,3,1,0,0,100,100,80,33,22,23,13,3,1,1787413354.8799355,G1,T03,sotto_banco_immobile,1,static
4928698,1,1,1,65,61,100,100,0,100,100,100,15,11,2,2,1,5,0,0,100,100,76,33,22,23,13,3,1,1787413355.0803354,G1,T03,sotto_banco_immobile,1,static
4928898,1,1,1,73,70,100,100,0,100,100,100,13,8,4,4,2,7,0,0,100,100,75,33,21,24,14,3,1,1787413355.2794178,G1,T03,sotto_banco_immobile,1,static
4929098,1,1,1,80,76,100,100,0,25,100,88,7,6,7,4,2,8,0,0,100,100,76,33,22,25,14,3,1,1787413355.4881353,G1,T03,sotto_banco_immobile,1,static
4929298,1,1,1,78,80,100,100,0,37,100,68,7,5,4,2,2,8,0,0,100,100,73,32,21,25,15,3,1,1787413355.6801374,G1,T03,sotto_banco_immobile,1,static
4929498,1,1,1,74,76,100,100,0,90,100,80,10,7,3,5,1,5,0,0,100,100,69,30,20,24,14,3,1,1787413355.8794336,G1,T03,sotto_banco_immobile,1,static
4929698,1,1,1,69,73,100,100,0,100,100,69,9,10,3,6,3,4,0,0,100,100,66,29,19,22,14,3,1,1787413356.0796783,G1,T03,sotto_banco_immobile,1,static
4929898,1,1,1,63,68,77,100,0,45,77,15,9,3,6,5,6,5,0,0,100,100,67,29,18,22,14,3,1,1787413356.280197,G1,T03,sotto_banco_immobile,1,static
4930098,1,1,1,57,59,100,100,0,100,100,38,9,10,5,7,6,4,0,0,100,100,70,30,18,23,14,3,1,1787413356.4803026,G1,T03,sotto_banco_immobile,1,static
4930298,1,1,1,53,56,100,100,0,100,100,42,9,9,6,9,7,3,0,0,100,100,73,29,18,23,14,3,1,1787413356.6891172,G1,T03,sotto_banco_immobile,1,static
4930498,1,1,1,65,58,100,100,0,96,100,56,9,3,6,8,9,4,0,0,100,100,76,28,17,23,13,3,1,1787413356.8795168,G1,T03,sotto_banco_immobile,1,static
4930698,1,1,1,70,57,97,100,0,50,97,37,7,2,8,6,8,2,0,0,100,100,77,26,16,21,13,3,1,1787413357.0796335,G1,T03,sotto_banco_immobile,1,static
4930898,1,1,1,57,79,100,100,0,100,100,26,13,9,3,1,7,3,0,0,100,100,74,24,14,19,13,3,1,1787413357.289214,G1,T03,sotto_banco_immobile,1,static
4931098,1,1,1,63,58,100,100,0,100,100,100,17,8,1,4,1,4,0,0,100,100,73,23,14,19,13,3,1,1787413357.48917,G1,T03,sotto_banco_immobile,1,static
4931298,1,1,1,74,67,100,100,0,100,100,100,16,12,5,1,2,8,0,0,100,100,76,24,15,20,13,3,1,1787413357.683431,G1,T03,sotto_banco_immobile,1,static
4931498,1,1,1,78,76,100,100,0,53,100,99,12,6,8,3,5,10,0,0,100,100,78,24,16,22,14,3,1,1787413357.885252,G1,T03,sotto_banco_immobile,1,static
4931698,1,1,1,77,78,100,100,0,68,100,100,15,7,5,2,2,8,0,0,100,100,77,24,17,23,14,3,1,1787413358.0858061,G1,T03,sotto_banco_immobile,1,static
4931898,1,1,1,73,75,100,100,0,100,100,100,13,10,3,2,2,6,0,0,100,100,74,23,16,22,13,3,1,1787413358.2873018,G1,T03,sotto_banco_immobile,1,static
4932098,1,1,1,73,70,100,100,0,28,100,19,7,1,2,4,3,5,0,0,100,100,69,22,15,21,13,3,1,1787413358.4884026,G1,T03,sotto_banco_immobile,1,static
4932298,1,0,1,0,76,0,100,0,19,33,7,8,6,3,3,4,5,0,0,100,100,67,21,14,21,13,3,1,1787413358.688887,G1,T03,sotto_banco_immobile,1,static
4932498,1,1,1,63,71,100,100,0,100,100,89,8,13,6,5,5,4,0,0,100,100,70,21,14,21,13,3,1,1787413358.888859,G1,T03,sotto_banco_immobile,1,static
4932698,1,1,1,52,56,100,100,0,100,100,47,2,8,6,8,8,2,0,0,100,100,73,21,14,22,13,3,1,1787413359.0890563,G1,T03,sotto_banco_immobile,1,static
4932898,1,1,1,63,52,93,100,0,63,93,33,8,8,7,8,7,3,0,0,100,100,75,21,15,21,13,3,1,1787413359.2802124,G1,T03,sotto_banco_immobile,1,static
4933098,1,1,1,75,63,100,100,0,42,100,42,10,5,7,8,7,2,0,0,100,100,75,20,14,20,12,3,1,1787413359.4890456,G1,T03,sotto_banco_immobile,1,static
4933298,1,1,1,75,53,100,100,0,36,100,39,13,9,5,6,4,3,0,0,100,100,75,20,14,19,12,3,1,1787413359.6792061,G1,T03,sotto_banco_immobile,1,static
4933498,1,1,1,63,51,100,100,0,100,100,63,16,9,2,5,1,4,0,0,100,100,74,20,14,19,12,3,1,1787413359.879687,G1,T03,sotto_banco_immobile,1,static
4933698,1,1,1,69,66,100,100,0,100,100,100,10,12,4,2,2,7,0,0,100,100,76,21,14,20,12,3,1,1787413360.0798962,G1,T03,sotto_banco_immobile,1,static
4933898,1,1,1,75,74,100,100,0,100,100,100,15,11,8,2,6,8,0,0,100,100,80,22,15,21,13,3,1,1787413360.2804298,G1,T03,sotto_banco_immobile,1,static
4934098,1,1,1,79,77,100,100,0,63,100,100,12,7,8,3,7,9,0,0,100,100,84,23,16,23,14,3,1,1787413360.4889965,G1,T03,sotto_banco_immobile,1,static
4934298,1,1,1,77,77,100,100,0,24,100,47,4,5,2,2,5,9,0,0,100,100,86,25,17,24,15,3,1,1787413360.6802716,G1,T03,sotto_banco_immobile,1,static
4934498,1,1,1,75,78,100,100,0,100,100,100,15,8,2,2,1,4,0,0,100,100,84,24,16,23,15,3,1,1787413360.8792288,G1,T03,sotto_banco_immobile,1,static
4934698,1,1,1,70,72,100,100,0,100,100,100,13,7,1,4,3,3,0,0,100,100,81,23,15,23,15,3,1,1787413361.0797718,G1,T03,sotto_banco_immobile,1,static
4934898,1,1,1,67,69,100,100,0,84,100,48,7,8,5,4,4,3,0,0,100,100,82,24,15,23,15,3,1,1787413361.2801085,G1,T03,sotto_banco_immobile,1,static
4935098,1,1,1,59,55,78,100,0,54,78,19,7,7,5,4,6,3,0,0,100,100,84,25,15,24,15,3,1,1787413361.4886189,G1,T03,sotto_banco_immobile,1,static
4935298,1,1,1,55,53,100,100,0,100,100,53,8,11,7,7,7,3,0,0,100,100,83,25,14,24,15,3,1,1787413361.680149,G1,T03,sotto_banco_immobile,1,static
4935498,1,1,1,63,58,100,100,0,100,100,58,7,6,7,7,5,2,0,0,100,100,82,24,13,22,14,3,1,1787413361.8799899,G1,T03,sotto_banco_immobile,1,static
4935698,1,0,1,0,60,0,100,0,37,50,18,8,3,4,6,9,3,0,0,100,100,81,24,12,22,13,3,1,1787413362.0804265,G1,T03,sotto_banco_immobile,1,static
4935898,1,1,1,57,53,100,100,0,100,100,62,17,11,5,4,4,4,0,0,100,100,80,25,12,22,13,3,1,1787413362.2801986,G1,T03,sotto_banco_immobile,1,static
4936098,1,1,1,63,61,100,100,0,100,100,100,17,11,3,1,1,7,0,0,100,100,81,25,13,23,13,3,1,1787413362.4798877,G1,T03,sotto_banco_immobile,1,static
4936298,1,1,1,73,68,100,100,0,100,100,100,11,10,4,2,4,9,0,0,100,100,84,25,13,24,14,3,1,1787413362.6891189,G1,T03,sotto_banco_immobile,1,static
4936498,1,1,1,80,77,100,100,0,18,100,70,13,7,7,4,5,9,0,0,100,100,87,27,14,25,15,3,1,1787413362.8803494,G1,T03,sotto_banco_immobile,1,static
4936698,1,0,1,0,78,0,100,0,28,33,9,4,3,8,2,7,6,0,0,100,100,88,28,15,26,16,3,1,1787413363.0798135,G1,T03,sotto_banco_immobile,1,static
4936898,1,1,1,78,77,100,100,0,31,100,77,14,10,4,1,4,3,0,0,100,100,86,28,15,26,16,3,1,1787413363.279676,G1,T03,sotto_banco_immobile,1,static
4937098,1,1,1,70,75,100,100,0,100,100,100,18,8,2,5,2,3,0,0,100,100,83,29,14,26,16,3,1,1787413363.488852,G1,T03,sotto_banco_immobile,1,static
4937298,1,1,1,61,65,100,100,0,100,100,81,10,11,4,5,5,2,0,0,100,100,83,29,15,26,16,3,1,1787413363.679621,G1,T03,sotto_banco_immobile,1,static
4937498,1,1,1,67,60,100,100,0,81,100,56,10,7,7,4,6,1,0,0,100,100,88,30,15,27,16,3,1,1787413363.8803968,G1,T03,sotto_banco_immobile,1,static
4937698,1,1,1,30,39,69,100,0,69,47,5,3,3,4,6,6,1,0,0,100,100,90,30,15,27,16,3,1,1787413364.0801005,G1,T03,sotto_banco_immobile,1,static
4937898,1,1,1,68,30,96,100,0,55,96,37,6,4,3,6,7,1,0,0,100,100,90,29,15,26,16,3,1,1787413364.2802157,G1,T03,sotto_banco_immobile,1,static
4938098,1,1,1,47,61,100,100,0,100,100,30,9,5,3,7,8,2,0,0,100,100,89,28,14,25,16,3,1,1787413364.4890804,G1,T03,sotto_banco_immobile,1,static
4938298,1,1,1,43,49,95,100,0,87,95,13,9,5,4,5,6,3,0,0,100,100,87,27,13,24,15,3,1,1787413364.679952,G1,T03,sotto_banco_immobile,1,static
4938498,1,1,1,61,56,100,100,0,100,100,83,12,9,7,2,3,6,0,0,100,100,85,27,14,23,15,3,1,1787413364.8792531,G1,T03,sotto_banco_immobile,1,static
4938698,1,1,1,69,64,100,100,0,100,100,100,13,11,5,3,2,9,0,0,100,100,88,27,14,24,15,3,1,1787413365.079706,G1,T03,sotto_banco_immobile,1,static
4938898,1,1,1,75,72,100,100,0,100,100,100,12,12,5,3,5,9,0,0,100,100,91,28,15,25,16,3,1,1787413365.280177,G1,T03,sotto_banco_immobile,1,static
4939098,1,1,1,78,76,100,100,0,22,100,57,6,9,9,5,7,10,0,0,100,100,94,28,16,26,17,3,1,1787413365.4843445,G1,T03,sotto_banco_immobile,1,static
4939298,1,1,1,77,78,100,100,0,37,100,82,9,3,4,3,4,6,0,0,100,100,95,29,17,27,18,3,1,1787413365.6890018,G1,T03,sotto_banco_immobile,1,static
4939498,1,1,1,69,75,100,100,0,100,100,100,17,8,1,3,2,5,0,0,100,100,91,28,16,26,17,3,1,1787413365.8796048,G1,T03,sotto_banco_immobile,1,static
4939698,1,1,1,69,65,100,100,0,100,100,48,9,10,5,4,5,3,0,0,100,100,89,27,16,26,17,3,1,1787413366.0796473,G1,T03,sotto_banco_immobile,1,static
4939898,1,0,1,0,59,0,100,0,31,33,10,10,9,5,3,4,5,0,0,100,100,92,27,16,26,17,3,1,1787413366.2793052,G1,T03,sotto_banco_immobile,1,static
4940098,1,1,1,52,59,100,100,0,97,100,31,10,7,6,4,5,4,0,0,100,100,96,28,16,26,18,3,1,1787413366.4803572,G1,T03,sotto_banco_immobile,1,static
4940298,1,1,1,53,50,100,100,0,100,100,52,4,10,4,7,7,2,0,0,100,100,97,28,16,25,17,3,1,1787413366.6804032,G1,T03,sotto_banco_immobile,1,static
4940498,1,1,1,48,55,72,100,0,64,72,20,5,7,7,5,8,4,0,0,100,100,96,27,16,25,17,3,1,1787413366.8890793,G1,T03,sotto_banco_immobile,1,static
4940698,1,1,1,58,70,100,100,0,100,100,52,5,4,4,6,5,4,0,0,100,100,94,26,15,24,16,3,1,1787413367.0804303,G1,T03,sotto_banco_immobile,1,static
4940898,1,1,1,59,55,100,100,0,100,100,78,9,12,3,4,3,6,0,0,100,100,93,25,15,22,15,3,1,1787413367.279781,G1,T03,sotto_banco_immobile,1,static
4941098,1,1,1,70,65,100,100,0,100,100,100,11,9,2,1,2,10,0,0,100,100,96,25,16,23,16,3,1,1787413367.4799054,G1,T03,sotto_banco_immobile,1,static
4941298,1,1,1,77,74,100,100,0,51,100,87,13,11,5,3,6,8,0,0,100,100,98,26,16,24,16,3,1,1787413367.6891606,G1,T03,sotto_banco_immobile,1,static
4941498,1,1,1,77,79,100,100,0,27,100,60,9,10,8,6,8,7,0,0,100,100,100,26,18,25,18,3,1,1787413367.8895013,G1,T03,sotto_banco_immobile,1,static
4941698,1,1,1,70,77,93,100,0,40,93,23,6,2,6,6,7,1,0,0,100,100,100,28,19,26,19,3,1,1787413368.0802846,G1,T03,sotto_banco_immobile,1,static
4941898,1,1,1,79,75,100,100,0,28,100,88,14,6,5,2,5,6,0,0,100,100,100,28,20,26,19,3,1,1787413368.2797322,G1,T03,sotto_banco_immobile,1,static
4942098,1,1,1,73,76,100,100,0,100,100,76,11,5,6,1,3,9,0,0,100,100,95,28,19,26,19,3,1,1787413368.4802454,G1,T03,sotto_banco_immobile,1,static
4942298,1,1,1,63,67,100,100,0,100,100,64,10,10,1,3,3,8,0,0,100,100,93,27,19,26,18,3,1,1787413368.6796415,G1,T03,sotto_banco_immobile,1,static
4942498,1,1,1,58,64,100,100,0,100,100,51,8,11,4,6,3,7,0,0,100,100,97,28,20,26,18,3,1,1787413368.8801785,G1,T03,sotto_banco_immobile,1,static
4942698,1,1,1,55,50,100,100,0,95,100,32,5,7,5,6,4,7,0,0,100,100,100,28,20,26,18,3,1,1787413369.0795872,G1,T03,sotto_banco_immobile,1,static
4942898,1,1,1,55,55,100,100,0,100,100,36,2,7,4,7,5,7,0,0,100,100,100,28,20,25,17,3,1,1787413369.27968,G1,T03,sotto_banco_immobile,1,static
4943098,1,1,1,61,49,62,100,0,41,62,16,8,4,5,8,5,6,0,0,100,100,98,27,19,24,16,3,1,1787413369.4801164,G1,T03,sotto_banco_immobile,1,static
4943298,1,1,1,57,61,100,100,0,100,100,36,10,12,2,6,3,4,0,0,100,100,96,27,19,23,16,3,1,1787413369.679697,G1,T03,sotto_banco_immobile,1,static
4943498,1,1,1,64,61,100,100,0,100,100,90,9,10,3,3,2,4,0,0,100,100,95,27,19,23,16,3,1,1787413369.8793707,G1,T03,sotto_banco_immobile,1,static
4943698,1,1,1,72,69,100,100,0,100,100,93,9,12,5,1,6,9,0,0,100,100,97,27,19,23,16,3,1,1787413370.0890007,G1,T03,sotto_banco_immobile,1,static
4943898,1,1,1,77,75,100,100,0,42,100,77,11,9,5,6,8,5,0,0,100,100,100,27,21,24,17,3,1,1787413370.2796662,G1,T03,sotto_banco_immobile,1,static
4944098,1,1,1,77,78,100,100,0,22,100,43,9,5,6,6,8,3,0,0,100,100,100,28,22,26,19,3,1,1787413370.4799306,G1,T03,sotto_banco_immobile,1,static
4944298,1,1,1,79,75,100,100,0,19,100,84,7,10,5,3,5,6,0,0,100,100,100,29,22,27,19,3,1,1787413370.6896446,G1,T03,sotto_banco_immobile,1,static
4944498,1,1,1,74,77,100,100,0,65,100,58,6,9,4,1,4,8,0,0,100,100,95,28,21,26,18,3,1,1787413370.880201,G1,T03,sotto_banco_immobile,1,static
4944698,1,1,1,69,72,100,100,0,78,100,48,12,10,2,2,2,6,0,0,100,100,91,28,21,26,18,3,1,1787413371.0800834,G1,T03,sotto_banco_immobile,1,static
4944898,1,1,1,60,66,100,100,0,100,100,45,8,8,2,5,3,8,0,0,100,100,92,27,21,26,18,3,1,1787413371.279669,G1,T03,sotto_banco_immobile,1,static
4945098,1,1,1,50,52,100,100,0,100,100,36,2,9,4,6,3,7,0,0,100,100,92,27,22,26,18,4,1,1787413371.4798305,G1,T03,sotto_banco_immobile,1,static
4945298,1,1,1,52,53,100,100,0,100,100,35,2,8,4,8,6,8,0,0,100,100,93,27,22,26,18,3,1,1787413371.6793563,G1,T03,sotto_banco_immobile,1,static
4945498,1,0,1,0,30,0,100,0,14,19,7,2,4,4,8,5,6,0,0,100,100,91,25,21,25,17,3,1,1787413371.8800285,G1,T03,sotto_banco_immobile,1,static
4945698,1,1,1,52,57,100,100,0,100,100,34,6,10,4,7,4,5,0,0,100,96,87,24,20,24,16,4,1,1787413372.0803308,G1,T03,sotto_banco_immobile,1,static
4945898,1,1,1,65,60,100,100,0,100,100,62,14,7,2,2,2,6,0,0,100,97,85,23,20,22,15,4,1,1787413372.2795749,G1,T03,sotto_banco_immobile,1,static
4946098,1,1,1,72,69,100,100,0,100,100,74,9,10,5,2,3,7,0,0,100,100,86,22,20,23,15,4,1,1787413372.4803464,G1,T03,sotto_banco_immobile,1,static
4946298,1,1,1,76,75,100,100,0,56,100,82,8,13,8,4,7,8,0,0,100,100,89,23,20,24,16,4,1,1787413372.6798573,G1,T03,sotto_banco_immobile,1,static
4946498,1,1,1,78,77,100,100,0,20,100,82,9,9,6,8,10,6,0,0,100,100,92,26,22,26,17,4,1,1787413372.889174,G1,T03,sotto_banco_immobile,1,static
4946698,1,1,1,70,76,100,100,0,67,100,41,10,6,5,6,4,2,0,0,100,100,94,28,23,27,19,4,1,1787413373.0801396,G1,T03,sotto_banco_immobile,1,static
4946898,1,1,1,77,77,100,100,0,48,100,100,10,6,4,2,9,7,0,0,100,100,91,28,23,27,18,4,1,1787413373.2802966,G1,T03,sotto_banco_immobile,1,static
4947098,1,1,1,66,73,100,100,0,100,100,73,12,10,7,5,2,9,0,0,100,98,86,27,23,26,18,4,1,1787413373.4796329,G1,T03,sotto_banco_immobile,1,static
4947298,1,1,1,62,66,100,100,0,72,100,25,6,5,2,5,2,8,0,0,100,97,87,27,23,27,18,4,1,1787413373.6795971,G1,T03,sotto_banco_immobile,1,static
4947498,1,1,1,46,39,95,100,0,85,95,22,9,9,4,6,2,6,0,0,100,98,90,27,24,28,18,4,1,1787413373.879769,G1,T03,sotto_banco_immobile,1,static
4947698,1,1,1,53,56,100,100,0,100,100,55,6,11,6,7,5,7,0,0,100,99,92,27,25,28,18,4,1,1787413374.0795314,G1,T03,sotto_banco_immobile,1,static
4947898,1,1,1,52,52,100,100,0,100,100,42,9,7,6,7,6,5,0,0,100,96,92,27,24,27,18,4,1,1787413374.279364,G1,T03,sotto_banco_immobile,1,static
4948098,1,0,1,0,42,0,100,0,33,50,17,6,3,5,4,6,3,0,0,100,91,90,26,24,27,17,4,1,1787413374.479629,G1,T03,sotto_banco_immobile,1,static
4948298,1,1,1,51,62,100,100,0,95,100,25,8,8,5,6,3,2,0,0,100,92,88,26,24,26,17,4,1,1787413374.6795607,G1,T03,sotto_banco_immobile,1,static
4948498,1,1,1,53,44,100,100,0,100,100,18,12,6,3,4,1,4,0,0,100,95,88,26,24,26,17,4,1,1787413374.880109,G1,T03,sotto_banco_immobile,1,static
4948698,1,1,1,71,66,100,100,0,94,100,59,13,12,5,1,2,6,0,0,100,98,90,25,24,26,17,4,1,1787413375.079823,G1,T03,sotto_banco_immobile,1,static
4948898,1,1,1,77,73,100,100,0,46,100,73,10,11,6,3,6,7,0,0,100,100,93,25,24,26,17,4,1,1787413375.2802405,G1,T03,sotto_banco_immobile,1,static
4949098,1,1,1,75,77,100,100,0,57,100,59,9,12,6,3,8,8,0,0,100,100,97,26,24,27,17,4,1,1787413375.4803565,G1,T03,sotto_banco_immobile,1,static
4949298,1,1,1,78,79,84,100,0,20,84,32,7,7,4,2,8,5,0,0,100,100,100,27,24,27,18,4,1,1787413375.6800537,G1,T03,sotto_banco_immobile,1,static
4949498,1,1,1,73,77,100,100,0,100,100,100,24,9,7,2,2,2,0,0,100,100,100,27,23,27,17,4,1,1787413375.889765,G1,T03,sotto_banco_immobile,1,static
4949698,1,1,1,62,66,100,100,0,100,100,100,15,12,6,8,4,3,0,0,100,100,98,27,23,27,17,4,1,1787413376.0800948,G1,T03,sotto_banco_immobile,1,static
4949898,1,1,1,62,60,100,100,0,71,100,32,12,7,4,6,3,4,0,0,100,100,99,28,24,28,18,4,1,1787413376.2801428,G1,T03,sotto_banco_immobile,1,static
4950098,1,1,1,68,59,100,100,0,100,100,64,11,9,5,3,2,5,0,0,100,100,100,28,24,27,18,4,1,1787413376.4803987,G1,T03,sotto_banco_immobile,1,static
4950298,1,1,1,57,68,100,100,0,100,100,46,9,10,6,6,3,5,0,0,100,100,100,27,23,26,18,4,1,1787413376.679339,G1,T03,sotto_banco_immobile,1,static
4950498,1,1,1,55,56,100,100,0,100,100,95,7,8,9,8,7,1,0,0,100,100,99,26,22,25,17,4,1,1787413376.8898656,G1,T03,sotto_banco_immobile,1,static
4950698,1,1,1,53,56,100,100,0,100,100,46,6,11,4,5,9,1,0,0,100,100,100,24,21,24,16,4,1,1787413377.0795243,G1,T03,sotto_banco_immobile,1,static
4950898,1,1,1,53,53,100,100,0,90,100,30,6,1,2,4,7,2,0,0,100,100,100,25,21,25,17,4,1,1787413377.2796478,G1,T03,sotto_banco_immobile,1,static
4951098,1,1,1,55,56,100,100,0,100,100,73,14,11,5,6,3,2,0,0,100,100,100,25,21,25,17,4,1,1787413377.4799423,G1,T03,sotto_banco_immobile,1,static
4951298,1,1,1,62,56,100,100,0,100,100,64,15,8,8,6,1,5,0,0,100,100,100,25,20,24,16,4,1,1787413377.6803958,G1,T03,sotto_banco_immobile,1,static
4951498,1,1,1,70,64,100,100,0,100,100,64,12,11,5,9,1,8,0,0,100,100,100,25,20,24,16,4,1,1787413377.8899531,G1,T03,sotto_banco_immobile,1,static
4951698,1,1,1,75,73,100,100,0,71,100,76,11,9,6,4,4,9,0,0,100,100,100,25,19,24,16,4,1,1787413378.080199,G1,T03,sotto_banco_immobile,1,static
4951898,1,0,1,0,75,0,100,0,25,38,10,7,7,6,2,5,7,0,0,100,100,100,25,19,24,17,4,1,1787413378.2802145,G1,T03,sotto_banco_immobile,1,static
4952098,1,1,1,71,72,100,100,0,100,100,100,13,6,1,5,1,5,0,0,100,100,100,25,18,23,16,4,1,1787413378.4804292,G1,T03,sotto_banco_immobile,1,static
4952298,1,1,1,60,65,100,100,0,100,100,100,18,13,6,7,4,1,0,0,100,100,100,24,17,23,16,4,1,1787413378.6798372,G1,T03,sotto_banco_immobile,1,static
4952498,1,1,1,54,58,100,100,0,100,100,88,13,7,8,8,8,1,0,0,100,100,100,25,18,24,16,4,1,1787413378.879595,G1,T03,sotto_banco_immobile,1,static
4952698,1,1,1,41,52,57,100,0,56,57,22,6,7,5,3,9,1,0,0,100,100,100,26,19,26,18,4,1,1787413379.079504,G1,T03,sotto_banco_immobile,1,static
4952898,1,0,1,0,41,0,100,0,48,50,14,8,9,5,2,8,2,0,0,100,100,100,27,20,26,18,4,1,1787413379.2796965,G1,T03,sotto_banco_immobile,1,static
4953098,1,1,1,62,41,100,100,0,90,100,45,4,3,5,3,7,1,0,0,100,100,100,26,20,26,18,4,1,1787413379.47978,G1,T03,sotto_banco_immobile,1,static
4953298,1,1,1,60,58,100,100,0,100,100,53,6,8,6,4,5,4,0,0,100,100,100,26,21,26,18,4,1,1787413379.6804304,G1,T03,sotto_banco_immobile,1,static
4953498,1,1,1,69,57,82,100,0,36,82,18,10,6,7,3,3,4,0,0,100,100,100,27,22,28,19,4,1,1787413379.8797824,G1,T03,sotto_banco_immobile,1,static
4953698,1,1,1,30,40,100,100,0,100,100,30,10,5,6,2,5,3,0,0,100,100,100,27,22,27,19,4,1,1787413380.0797842,G1,T03,sotto_banco_immobile,1,static
4953898,1,1,1,53,42,100,100,0,100,100,87,15,8,8,2,7,2,0,0,100,100,100,26,21,26,19,4,1,1787413380.280162,G1,T03,sotto_banco_immobile,1,static
4954098,1,1,1,61,57,100,100,0,100,100,100,15,7,8,4,7,5,0,0,100,100,100,26,21,27,18,4,1,1787413380.480323,G1,T03,sotto_banco_immobile,1,static
4954298,1,1,1,67,66,100,100,0,100,100,100,13,12,4,6,4,7,0,0,100,100,100,27,21,28,19,4,1,1787413380.6797132,G1,T03,sotto_banco_immobile,1,static
4954498,1,1,1,73,72,100,100,0,55,100,45,5,7,3,8,3,7,0,0,100,100,100,27,21,27,19,4,1,1787413380.8800688,G1,T03,sotto_banco_immobile,1,static
4954698,1,1,1,59,67,100,100,0,100,100,100,15,11,7,5,6,2,0,0,100,100,98,25,20,26,18,4,1,1787413381.089454,G1,T03,sotto_banco_immobile,1,static
4954898,1,1,1,50,53,100,100,0,100,100,67,12,6,10,4,8,1,0,0,100,100,94,24,20,25,18,4,1,1787413381.2800431,G1,T03,sotto_banco_immobile,1,static
4955098,1,0,1,0,60,0,100,0,27,24,26,11,11,7,3,8,1,0,0,100,100,96,24,20,25,18,4,1,1787413381.479668,G1,T03,sotto_banco_immobile,1,static
4955298,1,1,1,52,60,100,100,0,98,100,36,9,9,4,4,7,1,0,0,100,100,99,25,21,26,18,4,1,1787413381.6804287,G1,T03,sotto_banco_immobile,1,static
4955498,1,1,1,57,48,100,100,0,100,100,54,10,6,4,4,4,3,0,0,100,100,100,26,21,27,19,4,1,1787413381.8795214,G1,T03,sotto_banco_immobile,1,static
4955698,1,1,1,56,56,100,100,0,100,100,39,8,7,3,5,4,5,0,0,100,100,100,26,22,27,19,4,1,1787413382.079435,G1,T03,sotto_banco_immobile,1,static
4955898,1,1,1,62,66,67,100,0,43,67,16,3,3,3,4,5,6,0,0,100,100,100,25,23,27,19,4,1,1787413382.2794933,G1,T03,sotto_banco_immobile,1,static
4956098,1,1,1,30,62,100,100,0,100,94,9,12,12,4,4,2,4,0,0,100,100,98,26,24,28,20,4,1,1787413382.479607,G1,T03,sotto_banco_immobile,1,static
4956298,1,1,1,45,30,100,100,0,100,100,26,6,8,4,1,1,4,0,0,100,100,97,26,24,28,20,4,1,1787413382.679692,G1,T03,sotto_banco_immobile,1,static
4956498,1,1,1,61,30,100,100,0,100,100,70,11,12,3,2,4,2,0,0,100,100,94,25,23,26,19,4,1,1787413382.890048,G1,T03,sotto_banco_immobile,1,static
4956698,1,1,1,60,65,100,100,0,100,100,100,17,10,8,3,8,4,0,0,100,100,92,23,22,26,18,4,1,1787413383.0792031,G1,T03,sotto_banco_immobile,1,static
4956898,1,1,1,66,62,100,100,0,100,100,67,9,5,8,4,5,6,0,0,100,100,92,23,22,26,18,4,1,1787413383.2804465,G1,T03,sotto_banco_immobile,1,static
4957098,1,1,1,60,66,100,100,0,100,100,100,13,8,5,1,1,4,0,0,100,100,90,23,21,25,18,4,1,1787413383.4800932,G1,T03,sotto_banco_immobile,1,static
4957298,1,1,1,50,57,100,100,0,100,100,99,11,11,5,2,7,2,0,0,100,100,84,22,20,23,17,4,1,1787413383.6803486,G1,T03,sotto_banco_immobile,1,static
4957498,1,1,1,48,46,100,100,0,100,100,41,8,7,4,2,1,3,0,0,100,100,81,21,19,22,16,4,1,1787413383.889882,G1,T03,sotto_banco_immobile,1,static
4957698,1,1,1,63,76,68,100,0,46,68,27,9,5,5,4,2,1,0,0,100,100,83,21,18,22,16,4,1,1787413384.07993,G1,T03,sotto_banco_immobile,1,static
4957898,1,1,1,66,89,100,100,0,89,100,60,9,9,2,4,4,3,0,0,100,100,87,22,19,23,16,4,1,1787413384.2801914,G1,T03,sotto_banco_immobile,1,static
4958098,1,1,1,59,56,100,100,0,100,100,57,9,11,2,5,5,6,0,0,100,100,88,23,19,23,16,4,1,1787413384.480473,G1,T03,sotto_banco_immobile,1,static
4958298,1,1,1,59,57,100,100,0,100,100,37,8,7,1,9,5,8,0,0,100,100,87,22,21,23,17,4,1,1787413384.6901145,G1,T03,sotto_banco_immobile,1,static
4958498,1,0,1,0,67,0,100,0,13,33,12,3,5,1,7,5,7,0,0,100,100,87,21,22,24,17,4,1,1787413384.880074,G1,T03,sotto_banco_immobile,1,static
4958698,1,0,1,0,67,0,100,0,25,23,24,12,9,5,2,5,6,0,0,100,100,88,22,23,25,18,4,1,1787413385.0802975,G1,T03,sotto_banco_immobile,1,static
4958898,1,1,1,30,67,86,100,0,86,72,37,9,11,3,1,2,5,0,0,100,100,87,22,23,25,18,4,1,1787413385.2801087,G1,T03,sotto_banco_immobile,1,static
4959098,1,1,1,45,30,100,100,0,100,100,56,6,6,4,1,1,3,0,0,100,100,84,21,22,25,18,4,1,1787413385.4803965,G1,T03,sotto_banco_immobile,1,static
4959298,1,1,1,66,58,100,100,0,100,100,100,14,11,7,1,5,3,0,0,100,100,82,20,22,25,18,4,1,1787413385.690257,G1,T03,sotto_banco_immobile,1,static
4959498,1,1,1,65,63,100,100,0,100,100,100,17,7,7,4,7,3,0,0,100,100,83,20,22,25,18,4,1,1787413385.8800492,G1,T03,sotto_banco_immobile,1,static
4959698,1,1,1,69,65,100,100,0,100,100,100,13,7,7,6,8,6,0,0,100,100,85,21,22,25,18,4,1,1787413386.0792708,G1,T03,sotto_banco_immobile,1,static
4959898,1,1,1,73,72,100,100,0,56,100,48,2,6,1,5,5,5,0,0,100,100,86,21,22,25,18,4,1,1787413386.2803094,G1,T03,sotto_banco_immobile,1,static
4960098,1,1,1,61,66,100,100,0,100,100,100,22,12,7,1,1,3,0,0,100,100,86,21,21,24,17,4,1,1787413386.479745,G1,T03,sotto_banco_immobile,1,static
4960298,1,1,1,55,58,100,100,0,100,100,100,8,10,8,3,1,4,0,0,100,100,88,21,21,24,17,4,1,1787413386.6900373,G1,T03,sotto_banco_immobile,1,static
4960498,1,1,1,65,59,100,100,0,76,100,57,8,7,8,4,2,5,0,0,100,100,91,20,21,24,17,4,1,1787413386.879601,G1,T03,sotto_banco_immobile,1,static
4960698,1,1,1,30,65,65,100,0,65,53,27,10,9,7,4,3,5,0,0,100,100,90,21,22,24,17,4,1,1787413387.0801613,G1,T03,sotto_banco_immobile,1,static
4960898,1,1,1,52,30,100,100,0,100,100,29,10,9,3,5,4,6,0,0,100,100,89,21,21,24,17,4,1,1787413387.280025,G1,T03,sotto_banco_immobile,1,static
4961098,1,1,1,60,55,100,100,0,83,100,34,9,9,2,8,5,8,0,0,100,100,91,20,22,24,17,4,1,1787413387.4799423,G1,T03,sotto_banco_immobile,1,static
4961298,1,1,1,72,71,100,100,0,50,100,37,9,7,2,6,7,9,0,0,100,100,97,21,23,26,18,4,1,1787413387.6804283,G1,T03,sotto_banco_immobile,1,static
4961498,1,1,1,76,76,77,100,0,16,77,23,2,7,4,4,6,9,0,0,100,100,100,22,24,27,19,4,1,1787413387.8898532,G1,T03,sotto_banco_immobile,1,static
4961698,1,1,1,30,76,75,100,0,75,59,11,14,11,4,4,5,7,0,0,100,100,99,22,25,28,20,4,1,1787413388.0799732,G1,T03,sotto_banco_immobile,1,static
4961898,1,1,1,30,30,96,100,0,96,84,19,8,10,3,3,2,6,0,0,100,100,97,21,25,28,20,4,1,1787413388.2803767,G1,T03,sotto_banco_immobile,1,static
4962098,1,1,1,59,30,100,100,0,100,100,65,3,2,3,1,1,5,0,0,100,100,93,21,24,27,19,4,1,1787413388.4797215,G1,T03,sotto_banco_immobile,1,static
4962298,1,1,1,64,56,100,100,0,100,100,90,14,11,5,1,3,4,0,0,100,100,91,20,23,25,18,4,1,1787413388.6899455,G1,T03,sotto_banco_immobile,1,static
4962498,1,1,1,72,65,100,100,0,84,100,72,7,9,7,2,4,5,0,0,100,100,91,20,21,25,18,4,1,1787413388.8896313,G1,T03,sotto_banco_immobile,1,static
4962698,1,1,1,66,72,100,100,0,96,100,62,9,7,5,2,5,5,0,0,100,100,92,19,20,25,17,4,1,1787413389.0796413,G1,T03,sotto_banco_immobile,1,static
4962898,1,1,1,62,62,100,100,0,100,100,100,11,7,2,4,1,6,0,0,100,100,93,19,19,24,16,4,1,1787413389.2795458,G1,T03,sotto_banco_immobile,1,static
4963098,1,1,1,62,63,100,100,0,100,100,66,12,5,3,7,4,9,0,0,100,100,94,19,20,25,17,4,1,1787413389.4799237,G1,T03,sotto_banco_immobile,1,static
4963298,1,1,1,30,41,73,100,0,73,48,22,8,9,4,8,7,9,0,0,100,100,93,19,21,25,17,4,1,1787413389.6899166,G1,T03,sotto_banco_immobile,1,static
4963498,1,1,1,30,30,59,100,0,59,24,14,6,10,2,8,8,8,0,0,100,100,90,19,20,25,17,4,1,1787413389.880301,G1,T03,sotto_banco_immobile,1,static
4963698,1,1,1,57,30,100,100,0,98,100,25,13,10,3,9,9,10,0,0,100,100,88,18,19,25,17,4,1,1787413390.0804305,G1,T03,sotto_banco_immobile,1,static
4963898,1,1,1,74,67,100,100,0,27,100,23,7,4,4,9,11,9,0,0,100,100,87,18,20,25,17,4,1,1787413390.2800472,G1,T03,sotto_banco_immobile,1,static
4964098,1,1,1,76,75,88,100,0,14,88,22,10,9,4,6,12,7,0,0,100,100,91,19,21,26,18,4,1,1787413390.4797597,G1,T03,sotto_banco_immobile,1,static
4964298,1,0,1,0,72,0,100,0,13,32,11,1,7,4,4,7,3,0,0,100,100,94,19,22,28,19,4,1,1787413390.680375,G1,T03,sotto_banco_immobile,1,static
4964498,1,0,1,0,72,0,100,0,41,34,16,13,4,3,2,4,3,0,0,100,100,93,20,23,28,19,4,1,1787413390.8896263,G1,T03,sotto_banco_immobile,1,static
4964698,1,1,1,65,53,100,100,0,80,100,44,12,7,2,6,2,5,0,0,100,100,89,19,22,28,19,4,1,1787413391.0803108,G1,T03,sotto_banco_immobile,1,static
4964898,1,1,1,50,58,100,100,0,100,100,30,10,5,5,7,3,9,0,0,100,100,86,19,22,27,19,4,1,1787413391.2803037,G1,T03,sotto_banco_immobile,1,static
4965098,1,1,1,59,52,100,100,0,86,100,49,7,11,5,8,1,10,0,0,100,100,82,20,21,26,18,4,1,1787413391.4802675,G1,T03,sotto_banco_immobile,1,static
4965298,1,1,1,57,62,100,100,0,85,100,44,11,7,6,7,2,9,0,0,100,100,78,20,19,26,17,4,1,1787413391.6798406,G1,T03,sotto_banco_immobile,1,static
4965498,1,1,1,75,69,100,100,0,98,100,100,14,8,6,6,5,8,0,0,100,100,79,20,18,25,16,4,1,1787413391.879569,G1,T03,sotto_banco_immobile,1,static
4965698,1,1,1,72,79,100,100,0,100,100,83,11,7,8,3,3,6,0,0,100,100,82,19,18,25,16,4,1,1787413392.0795834,G1,T03,sotto_banco_immobile,1,static
4965898,1,1,1,71,73,100,100,0,100,100,100,16,7,5,7,5,4,0,0,100,100,81,19,18,24,15,4,1,1787413392.2897694,G1,T03,sotto_banco_immobile,1,static
4966098,1,1,1,63,66,100,100,0,99,100,47,6,6,4,7,9,4,0,0,100,100,81,20,19,25,16,4,1,1787413392.4795463,G1,T03,sotto_banco_immobile,1,static
4966298,1,1,1,30,30,59,100,0,59,32,8,1,8,5,1,9,3,0,0,100,100,78,20,20,25,17,4,1,1787413392.67968,G1,T03,sotto_banco_immobile,1,static
4966498,1,1,1,30,30,63,100,0,63,45,11,10,6,4,3,10,4,0,0,100,100,74,20,20,25,17,4,1,1787413392.8800378,G1,T03,sotto_banco_immobile,1,static
4966698,1,1,1,70,30,100,100,0,45,100,28,12,8,3,3,11,2,0,0,100,100,73,21,21,25,17,4,1,1787413393.081121,G1,T03,sotto_banco_immobile,1,static
4966898,1,1,1,75,76,100,100,0,16,100,20,12,9,3,2,8,1,0,0,100,100,76,22,22,26,18,4,1,1787413393.290222,G1,T03,sotto_banco_immobile,1,static
4967098,1,1,1,74,75,100,100,0,23,100,19,7,7,2,5,4,3,0,0,100,100,81,23,23,28,19,4,1,1787413393.4800932,G1,T03,sotto_banco_immobile,1,static
4967298,1,1,1,43,69,100,100,0,100,100,24,10,7,4,6,2,5,0,0,100,100,81,23,24,28,20,4,1,1787413393.6795044,G1,T03,sotto_banco_immobile,1,static
4967498,1,1,1,43,38,100,100,0,100,100,33,22,12,2,7,1,6,0,0,100,100,82,23,25,28,20,4,1,1787413393.8800805,G1,T03,sotto_banco_immobile,1,static
4967698,1,1,1,77,41,79,100,0,14,79,23,10,5,4,7,3,5,0,0,100,100,82,22,25,27,19,4,1,1787413394.0802355,G1,T03,sotto_banco_immobile,1,static
4967898,1,1,1,80,82,100,100,0,30,100,52,12,7,5,6,6,5,0,0,100,100,82,21,24,25,18,4,1,1787413394.2903488,G1,T03,sotto_banco_immobile,1,static
4968098,1,1,1,84,79,100,100,0,17,100,88,11,4,5,7,7,9,0,0,100,100,81,21,23,25,18,4,1,1787413394.4802153,G1,T03,sotto_banco_immobile,1,static
4968298,1,1,1,56,82,85,100,0,62,85,18,6,9,5,9,7,8,0,0,100,100,82,21,22,24,17,5,1,1787413394.6799667,G1,T03,sotto_banco_immobile,1,static
4968498,1,1,1,82,79,100,100,0,37,100,100,20,4,3,3,4,5,0,0,100,100,83,21,21,23,16,4,1,1787413394.8804772,G1,T03,sotto_banco_immobile,1,static
4968698,1,1,1,75,77,100,100,0,35,100,40,6,7,1,3,5,5,0,0,100,100,84,21,22,23,16,4,1,1787413395.081027,G1,T03,sotto_banco_immobile,1,static
4968898,1,1,1,30,30,73,100,0,73,59,19,5,9,2,4,6,4,0,0,100,100,83,20,23,24,17,4,1,1787413395.28917,G1,T03,sotto_banco_immobile,1,static
4969098,1,1,1,43,30,100,100,0,100,100,27,8,9,2,1,7,3,0,0,100,100,83,19,23,24,17,4,1,1787413395.482126,G1,T03,sotto_banco_immobile,1,static
4969298,1,1,1,59,46,64,100,0,40,64,5,1,7,2,2,8,2,0,0,100,100,82,19,24,24,17,4,1,1787413395.683279,G1,T03,sotto_banco_immobile,1,static
4969498,1,1,1,73,76,100,100,0,41,100,31,11,4,3,5,4,2,0,0,100,100,80,18,25,24,17,4,1,1787413395.8902194,G1,T03,sotto_banco_immobile,1,static
4969698,1,1,1,70,69,93,100,0,33,93,14,11,8,4,8,5,6,0,0,100,100,79,18,26,24,18,4,1,1787413396.0858703,G1,T03,sotto_banco_immobile,1,static
4969898,1,0,1,0,61,0,100,0,17,15,2,8,5,3,8,6,5,0,0,100,100,81,18,27,25,18,4,1,1787413396.2869165,G1,T03,sotto_banco_immobile,1,static
4970098,1,1,1,59,61,92,100,0,58,92,10,14,9,5,7,4,5,0,0,100,100,80,18,26,25,18,4,1,1787413396.4893878,G1,T03,sotto_banco_immobile,1,static
4970298,1,1,1,43,57,92,100,0,85,92,17,10,8,4,7,2,6,0,0,100,100,81,18,25,25,17,4,1,1787413396.6901042,G1,T03,sotto_banco_immobile,1,static
4970498,1,1,1,73,43,53,100,0,32,53,30,14,9,5,8,5,7,0,0,100,100,80,18,25,24,17,4,1,1787413396.8901458,G1,T03,sotto_banco_immobile,1,static
4970698,1,1,1,82,73,77,100,0,25,77,43,10,5,2,6,5,6,0,0,100,100,78,17,24,23,16,4,1,1787413397.0894113,G1,T03,sotto_banco_immobile,1,static
4970898,1,1,1,79,83,100,100,0,54,100,99,10,5,3,6,6,8,0,0,100,100,74,16,24,22,16,4,1,1787413397.279654,G1,T03,sotto_banco_immobile,1,static
4971098,1,1,1,74,74,100,100,0,70,100,67,12,7,2,5,7,6,0,0,100,100,69,16,23,21,15,4,1,1787413397.4799802,G1,T03,sotto_banco_immobile,1,static
4971298,1,1,1,81,83,100,100,0,13,100,85,13,5,5,1,5,5,0,0,100,100,67,15,21,20,14,4,1,1787413397.6902099,G1,T03,sotto_banco_immobile,1,static
4971498,1,1,1,75,77,100,100,0,14,100,20,10,4,8,4,5,6,0,0,100,100,63,16,20,20,13,4,1,1787413397.8795853,G1,T03,sotto_banco_immobile,1,static
4971698,1,1,1,43,75,87,100,0,81,87,25,5,5,8,2,6,5,0,0,100,100,57,17,20,20,13,4,1,1787413398.0797348,G1,T03,sotto_banco_immobile,1,static
4971898,1,1,1,30,30,80,100,0,80,75,15,9,12,8,2,8,4,0,0,100,100,54,18,21,21,14,4,1,1787413398.2796404,G1,T03,sotto_banco_immobile,1,static
4972098,1,1,1,72,63,100,100,0,30,100,19,10,2,5,5,7,5,0,0,100,100,53,17,20,20,14,4,1,1787413398.480853,G1,T03,sotto_banco_immobile,1,static
4972298,1,1,1,65,67,100,100,0,67,100,21,5,5,7,6,6,7,0,0,100,100,50,17,21,21,14,4,1,1787413398.6903448,G1,T03,sotto_banco_immobile,1,static
4972498,1,1,1,48,59,63,100,0,53,63,1,11,7,5,6,4,7,0,0,100,100,48,18,22,21,15,4,1,1787413398.8802757,G1,T03,sotto_banco_immobile,1,static
4972698,1,1,1,75,70,100,100,0,16,100,19,1,6,4,4,3,7,0,0,100,100,47,17,21,21,15,4,1,1787413399.0796385,G1,T03,sotto_banco_immobile,1,static
4972898,1,1,1,73,76,100,100,0,19,100,8,10,6,3,1,3,6,0,0,100,100,47,17,20,20,14,4,1,1787413399.280224,G1,T03,sotto_banco_immobile,1,static
4973098,1,1,1,87,73,55,100,0,15,55,35,16,9,3,1,4,6,0,0,100,100,46,17,20,20,14,4,1,1787413399.4827154,G1,T03,sotto_banco_immobile,1,static
4973298,1,0,1,0,87,0,100,0,22,40,34,10,1,2,2,4,6,0,0,100,100,46,17,20,19,14,4,1,1787413399.690056,G1,T03,sotto_banco_immobile,1,static
4973498,1,1,1,52,72,89,100,0,72,89,17,3,4,3,4,7,6,0,0,100,100,44,17,20,19,13,4,1,1787413399.8791552,G1,T03,sotto_banco_immobile,1,static
4973698,1,1,1,30,30,85,100,0,85,60,29,11,10,3,7,5,4,0,0,100,100,42,16,19,19,13,4,1,1787413400.0797322,G1,T03,sotto_banco_immobile,1,static
4973898,1,1,1,75,81,100,100,0,42,100,39,13,8,4,5,5,5,0,0,100,100,39,15,18,17,12,4,1,1787413400.279648,G1,T03,sotto_banco_immobile,1,static
4974098,1,1,1,75,72,100,100,0,13,100,11,8,3,5,6,5,7,0,0,100,100,38,15,19,17,12,4,1,1787413400.4843404,G1,T03,sotto_banco_immobile,1,static
4974298,1,1,1,75,75,73,100,0,16,73,19,8,4,6,6,5,7,0,0,100,100,38,15,19,18,13,4,1,1787413400.6901653,G1,T03,sotto_banco_immobile,1,static
4974498,1,1,1,73,60,73,100,0,26,73,20,10,10,6,8,6,7,0,0,100,100,39,14,20,19,13,4,1,1787413400.880004,G1,T03,sotto_banco_immobile,1,static
4974698,1,1,1,59,75,88,100,0,59,88,17,10,4,5,8,5,7,0,0,100,100,41,14,20,20,13,4,1,1787413401.079642,G1,T03,sotto_banco_immobile,1,static
4974898,1,1,1,61,59,86,100,0,54,86,19,5,4,5,9,5,8,0,0,100,100,44,14,21,19,13,4,1,1787413401.2796204,G1,T03,sotto_banco_immobile,1,static
4975098,1,0,1,0,43,0,100,0,28,49,9,7,3,6,5,5,9,0,0,100,100,45,14,21,19,13,4,1,1787413401.484697,G1,T03,sotto_banco_immobile,1,static
4975298,1,1,1,80,76,88,100,0,16,88,35,9,8,6,4,3,8,0,0,100,100,45,14,21,19,13,4,1,1787413401.6800144,G1,T03,sotto_banco_immobile,1,static
4975498,1,1,1,59,61,100,100,0,89,100,17,11,9,4,6,2,6,0,0,100,100,47,13,20,19,13,4,1,1787413401.8904743,G1,T03,sotto_banco_immobile,1,static
4975698,1,1,1,75,67,100,100,0,38,100,37,12,4,3,6,3,5,0,0,100,100,48,12,20,18,12,4,1,1787413402.080228,G1,T03,sotto_banco_immobile,1,static
4975898,1,1,1,76,77,100,100,0,57,100,69,9,4,4,6,4,6,0,0,100,100,46,11,20,18,12,4,1,1787413402.2797234,G1,T03,sotto_banco_immobile,1,static
4976098,1,0,1,0,78,0,100,0,19,34,17,4,6,3,6,3,5,0,0,100,100,44,11,21,17,12,4,1,1787413402.4863114,G1,T03,sotto_banco_immobile,1,static
4976298,1,1,1,81,76,100,100,0,15,100,65,8,3,5,5,4,4,0,0,100,100,41,10,20,17,11,4,1,1787413402.680234,G1,T03,sotto_banco_immobile,1,static
4976498,1,1,1,72,77,100,100,0,99,100,81,14,5,9,5,5,8,0,0,100,100,41,10,19,16,11,4,1,1787413402.889766,G1,T03,sotto_banco_immobile,1,static
4976698,1,0,1,0,69,0,100,0,22,50,13,5,9,8,6,4,8,0,0,100,100,42,11,19,16,11,4,1,1787413403.0798078,G1,T03,sotto_banco_immobile,1,static
4976898,1,1,1,30,69,90,100,0,90,78,17,6,11,7,6,5,6,0,0,100,100,43,12,19,17,11,4,1,1787413403.280003,G1,T03,sotto_banco_immobile,1,static
4977098,1,1,1,53,30,71,100,0,56,71,14,10,7,7,8,7,7,0,0,100,100,43,13,19,17,11,4,1,1787413403.4867327,G1,T03,sotto_banco_immobile,1,static
4977298,1,1,1,68,75,97,100,0,40,97,16,9,7,6,8,6,8,0,0,100,100,44,13,19,17,11,4,1,1787413403.6799133,G1,T03,sotto_banco_immobile,1,static
4977498,1,1,1,53,53,100,100,0,100,100,28,6,5,4,7,5,9,0,0,100,100,45,12,18,17,11,4,1,1787413403.890382,G1,T03,sotto_banco_immobile,1,static
4977698,1,1,1,48,50,77,100,0,66,77,15,11,5,5,5,5,8,0,0,100,100,44,12,18,17,11,4,1,1787413404.0801883,G1,T03,sotto_banco_immobile,1,static
4977898,1,1,1,57,70,100,100,0,74,100,26,9,9,2,4,3,4,0,0,100,100,45,12,19,18,12,4,1,1787413404.279648,G1,T03,sotto_banco_immobile,1,static
4978098,1,1,1,57,75,100,100,0,74,100,2,13,6,4,3,3,3,0,0,100,100,48,12,18,17,12,4,1,1787413404.4871876,G1,T03,sotto_banco_immobile,1,static
4978298,1,1,1,69,58,98,100,0,47,98,26,17,6,4,2,2,4,0,0,100,100,49,12,18,16,11,4,1,1787413404.6794367,G1,T03,sotto_banco_immobile,1,static
4978498,1,1,1,66,72,100,100,0,76,100,44,9,5,4,2,2,5,0,0,100,100,49,12,17,16,11,4,1,1787413404.8903353,G1,T03,sotto_banco_immobile,1,static
4978698,1,0,1,0,47,0,100,0,43,8,28,8,1,5,4,3,6,0,0,100,100,47,12,17,15,10,4,1,1787413405.0797687,G1,T03,sotto_banco_immobile,1,static
4978898,1,1,1,77,91,100,100,0,24,100,35,14,5,7,4,3,5,0,0,100,100,44,12,15,15,9,4,1,1787413405.2796686,G1,T03,sotto_banco_immobile,1,static
4979098,1,1,1,73,70,81,100,0,18,81,13,10,5,9,6,5,5,0,0,100,100,43,12,15,14,9,4,1,1787413405.489404,G1,T03,sotto_banco_immobile,1,static
4979298,1,0,1,0,73,0,100,0,32,28,18,7,9,8,6,5,5,0,0,100,100,43,12,14,14,9,4,1,1787413405.6798966,G1,T03,sotto_banco_immobile,1,static
4979498,1,1,1,77,73,86,100,0,16,86,27,4,6,7,6,6,6,0,0,100,100,43,12,15,14,9,4,1,1787413405.8900638,G1,T03,sotto_banco_immobile,1,static
4979698,1,1,1,65,73,100,100,0,63,100,26,11,8,8,6,6,7,0,0,100,100,44,12,15,15,9,4,1,1787413406.090049,G1,T03,sotto_banco_immobile,1,static
4979898,1,1,1,62,65,93,100,0,58,93,21,8,8,8,7,6,6,0,0,100,100,45,12,15,15,9,4,1,1787413406.2794602,G1,T03,sotto_banco_immobile,1,static
4980098,1,1,1,61,55,95,100,0,55,95,11,12,7,7,3,5,4,0,0,100,100,45,11,15,15,9,4,1,1787413406.489717,G1,T03,sotto_banco_immobile,1,static
4980298,1,1,1,60,65,100,100,0,77,100,29,11,6,6,6,4,1,0,0,100,100,46,11,16,15,9,4,1,1787413406.679866,G1,T03,sotto_banco_immobile,1,static
4980498,1,0,1,0,50,0,100,0,21,32,15,15,10,8,1,4,1,0,0,100,100,48,12,17,16,10,4,1,1787413406.8896463,G1,T03,sotto_banco_immobile,1,static
4980698,1,1,1,60,62,100,100,0,72,100,15,18,6,7,1,3,2,0,0,100,100,49,12,17,16,10,4,1,1787413407.0800617,G1,T03,sotto_banco_immobile,1,static
4980898,1,1,1,57,57,100,100,0,100,100,54,15,12,5,1,2,4,0,0,100,100,50,12,18,16,10,4,1,1787413407.2800338,G1,T03,sotto_banco_immobile,1,static
4981098,1,1,1,38,59,67,100,0,67,67,10,4,4,3,3,2,5,0,0,100,100,48,11,18,16,10,4,1,1787413407.4901135,G1,T03,sotto_banco_immobile,1,static
4981298,1,1,1,72,81,100,100,0,62,100,45,16,4,7,2,3,5,0,0,100,100,46,11,18,15,10,4,1,1787413407.6801531,G1,T03,sotto_banco_immobile,1,static
4981498,1,1,1,60,64,100,100,0,90,100,18,20,5,2,4,4,3,0,0,100,100,44,12,17,15,9,4,1,1787413407.8800755,G1,T03,sotto_banco_immobile,1,static
4981698,1,1,1,30,60,68,100,0,68,64,18,8,3,3,5,4,4,0,0,100,100,44,12,16,14,9,4,1,1787413408.090383,G1,T03,sotto_banco_immobile,1,static
4981898,1,1,1,30,30,82,100,0,82,79,17,8,4,4,6,3,5,0,0,100,100,43,11,16,14,8,4,1,1787413408.2799647,G1,T03,sotto_banco_immobile,1,static
4982098,1,1,1,75,30,86,100,0,29,86,31,5,7,3,6,4,4,0,0,100,100,42,11,16,14,8,4,1,1787413408.4797297,G1,T03,sotto_banco_immobile,1,static
4982298,1,1,1,59,65,100,100,0,100,100,44,8,8,4,7,5,4,0,0,100,100,41,11,16,14,8,4,1,1787413408.6798716,G1,T03,sotto_banco_immobile,1,static
4982498,1,0,1,0,61,0,100,0,30,34,8,1,4,3,7,4,3,0,0,100,100,40,11,16,14,8,4,1,1787413408.879827,G1,T03,sotto_banco_immobile,1,static
4982698,1,1,1,79,61,100,100,0,19,100,39,10,4,3,5,4,2,0,0,100,100,39,10,16,13,8,4,1,1787413409.0903919,G1,T03,sotto_banco_immobile,1,static
4982898,1,1,1,65,76,96,100,0,53,96,23,8,4,2,3,4,1,0,0,100,100,39,11,16,14,8,4,1,1787413409.2803333,G1,T03,sotto_banco_immobile,1,static
4983098,1,0,1,0,65,0,100,0,22,17,12,10,11,7,1,4,1,0,0,100,100,40,12,17,14,8,4,1,1787413409.4801922,G1,T03,sotto_banco_immobile,1,static
4983298,1,1,1,62,73,85,100,0,52,85,17,12,7,5,1,2,1,0,0,100,100,43,12,17,14,9,4,1,1787413409.6799219,G1,T03,sotto_banco_immobile,1,static
4983498,1,1,1,51,59,100,100,0,100,100,34,13,9,5,1,1,5,0,0,100,100,44,12,17,14,9,4,1,1787413409.8796785,G1,T03,sotto_banco_immobile,1,static
4983698,1,1,1,75,50,78,100,0,15,78,14,4,1,4,2,3,4,0,0,100,100,43,12,17,13,8,4,1,1787413410.0798397,G1,T03,sotto_banco_immobile,1,static
4983898,1,1,1,59,59,100,100,0,100,100,33,14,7,1,3,4,1,0,0,100,100,41,13,16,13,8,4,1,1787413410.279805,G1,T03,sotto_banco_immobile,1,static
4984098,1,1,1,66,62,84,100,0,35,84,7,13,5,3,6,4,1,0,0,100,100,41,13,16,13,8,4,1,1787413410.4802387,G1,T03,sotto_banco_immobile,1,static
4984298,1,1,1,48,30,100,100,0,100,100,28,9,10,5,6,3,4,0,0,100,100,39,13,15,12,8,4,1,1787413410.6794121,G1,T03,sotto_banco_immobile,1,static
4984498,1,1,1,49,46,100,100,0,99,100,13,10,6,6,8,4,6,0,0,100,100,38,12,15,11,7,4,1,1787413410.8800204,G1,T03,sotto_banco_immobile,1,static
4984698,1,1,1,60,75,100,100,0,95,100,35,3,3,5,7,3,4,0,0,100,100,37,12,15,11,7,4,1,1787413411.0902724,G1,T03,sotto_banco_immobile,1,static
4984898,1,1,1,59,59,100,100,0,100,100,41,9,7,6,8,4,2,0,0,100,100,35,12,15,10,7,4,1,1787413411.2801664,G1,T03,sotto_banco_immobile,1,static
4985098,1,1,1,75,56,58,100,0,19,58,21,7,7,6,8,3,2,0,0,100,100,35,11,15,10,7,4,1,1787413411.4804769,G1,T03,sotto_banco_immobile,1,static
4985298,1,1,1,79,76,78,100,0,17,78,30,5,7,5,6,4,1,0,0,100,100,35,11,15,10,8,4,1,1787413411.6798444,G1,T03,sotto_banco_immobile,1,static
4985498,1,0,1,0,79,0,100,0,16,40,9,12,8,2,2,5,1,0,0,100,100,36,12,16,10,8,4,1,1787413411.880136,G1,T03,sotto_banco_immobile,1,static
4985698,1,1,1,68,79,92,100,0,42,92,20,14,6,3,1,4,1,0,0,100,100,39,13,16,10,8,4,1,1787413412.0802903,G1,T03,sotto_banco_immobile,1,static
4985898,1,1,1,62,63,100,100,0,86,100,28,10,3,2,1,2,2,0,0,100,100,41,14,16,10,8,4,1,1787413412.2801363,G1,T03,sotto_banco_immobile,1,static
4986098,1,1,1,30,50,66,100,0,66,65,2,9,2,5,2,2,2,0,0,100,100,41,15,16,11,9,4,1,1787413412.4793606,G1,T03,sotto_banco_immobile,1,static
4986298,1,1,1,72,76,82,100,0,25,82,17,13,5,3,2,4,1,0,0,100,100,40,15,16,11,8,4,1,1787413412.6804006,G1,T03,sotto_banco_immobile,1,static
4986498,1,1,1,60,62,100,100,0,100,100,21,19,4,6,5,4,1,0,0,100,100,40,15,16,10,8,4,1,1787413412.8800929,G1,T03,sotto_banco_immobile,1,static
4986698,1,0,1,0,70,0,100,0,21,35,26,14,5,7,7,4,1,0,0,100,100,40,16,16,10,8,4,1,1787413413.0898535,G1,T03,sotto_banco_immobile,1,static
4986898,1,1,1,42,72,100,100,0,100,100,17,11,12,7,7,4,2,0,0,100,100,39,15,16,10,8,4,1,1787413413.2802055,G1,T03,sotto_banco_immobile,1,static
4987098,1,1,1,72,57,91,100,0,29,91,18,7,7,7,8,4,4,0,0,100,100,39,14,16,9,8,4,1,1787413413.479803,G1,T03,sotto_banco_immobile,1,static
4987298,1,1,1,60,71,100,100,0,86,100,34,5,2,7,7,5,3,0,0,100,100,37,14,16,10,8,4,1,1787413413.6798086,G1,T03,sotto_banco_immobile,1,static
4987498,1,1,1,65,62,100,100,0,100,100,33,21,10,7,8,6,1,0,0,100,100,36,14,17,10,8,4,1,1787413413.879607,G1,T03,sotto_banco_immobile,1,static
4987698,1,1,1,72,68,100,100,0,50,100,31,8,6,9,7,5,2,0,0,100,100,37,14,17,10,8,4,1,1787413414.0907662,G1,T03,sotto_banco_immobile,1,static
4987898,1,1,1,75,72,100,100,0,46,100,45,16,3,4,1,7,1,0,0,100,100,37,15,18,11,9,4,1,1787413414.279367,G1,T03,sotto_banco_immobile,1,static
4988098,1,1,1,61,67,100,100,0,100,100,49,18,5,3,1,4,3,0,0,100,100,38,16,18,11,9,4,1,1787413414.4802287,G1,T03,sotto_banco_immobile,1,static
4988298,1,1,1,56,59,100,100,0,99,100,26,13,8,5,1,3,2,0,0,100,100,39,16,19,11,9,4,1,1787413414.6802588,G1,T03,sotto_banco_immobile,1,static
4988498,1,0,1,0,59,0,100,0,35,28,7,3,9,7,1,3,4,0,0,100,100,39,16,19,12,9,4,1,1787413414.8803213,G1,T03,sotto_banco_immobile,1,static
4988698,1,1,1,60,66,100,100,0,100,100,40,13,5,2,1,5,1,0,0,100,100,39,17,18,12,9,4,1,1787413415.0909722,G1,T03,sotto_banco_immobile,1,static
4988898,1,1,1,65,60,100,100,0,78,100,27,16,1,7,5,6,1,0,0,100,100,39,17,17,12,9,4,1,1787413415.2800229,G1,T03,sotto_banco_immobile,1,static
4989098,1,1,1,44,65,100,100,0,100,100,15,7,6,6,7,4,1,0,0,100,100,38,17,17,12,9,4,1,1787413415.4796238,G1,T03,sotto_banco_immobile,1,static
4989298,1,1,1,30,46,95,100,0,95,90,14,5,9,6,6,4,4,0,0,100,100,38,17,17,12,9,4,1,1787413415.679922,G1,T03,sotto_banco_immobile,1,static
4989498,1,1,1,75,30,87,100,0,39,87,38,10,7,6,6,4,3,0,0,100,100,37,17,17,11,8,4,1,1787413415.8800275,G1,T03,sotto_banco_immobile,1,static
4989698,1,1,1,59,69,100,100,0,100,100,40,8,5,5,7,5,2,0,0,100,100,35,16,17,11,8,4,1,1787413416.0908778,G1,T03,sotto_banco_immobile,1,static
4989898,1,1,1,63,63,51,100,0,33,51,17,6,5,6,8,5,1,0,0,100,100,33,16,17,11,8,4,1,1787413416.2798932,G1,T03,sotto_banco_immobile,1,static
4990098,1,1,1,77,63,89,100,0,13,89,24,8,3,9,8,5,2,0,0,100,100,31,16,17,11,8,4,1,1787413416.4799087,G1,T03,sotto_banco_immobile,1,static
4990298,1,1,1,76,79,85,100,0,21,85,27,9,2,8,5,6,1,0,0,100,100,30,16,17,11,8,4,1,1787413416.680369,G1,T03,sotto_banco_immobile,1,static
4990498,1,0,1,0,76,0,100,0,18,34,6,11,3,6,3,7,1,0,0,100,100,30,18,18,11,8,4,1,1787413416.8801928,G1,T03,sotto_banco_immobile,1,static
4990698,1,1,1,71,77,100,100,0,63,100,41,13,10,7,1,6,1,0,0,100,94,32,19,18,11,9,4,1,1787413417.090389,G1,T03,sotto_banco_immobile,1,static
4990898,1,1,1,60,65,100,100,0,100,100,32,11,5,1,1,4,2,0,0,100,96,34,20,18,12,9,4,1,1787413417.2801006,G1,T03,sotto_banco_immobile,1,static
4991098,1,1,1,44,56,59,100,0,53,59,5,3,3,1,1,3,3,0,0,100,100,33,20,18,12,9,4,1,1787413417.4799762,G1,T03,sotto_banco_immobile,1,static
4991298,1,1,1,61,44,100,100,0,98,100,27,12,6,3,1,5,1,0,0,100,100,32,21,18,12,9,4,1,1787413417.679458,G1,T03,sotto_banco_immobile,1,static
4991498,1,1,1,67,65,100,100,0,77,100,34,17,5,7,3,6,1,0,0,100,100,32,21,17,12,9,4,1,1787413417.8800144,G1,T03,sotto_banco_immobile,1,static
4991698,1,1,1,57,68,70,100,0,50,70,14,11,4,5,6,4,2,0,0,100,99,30,21,16,11,8,4,1,1787413418.0905268,G1,T03,sotto_banco_immobile,1,static
4991898,1,1,1,48,53,85,100,0,75,85,18,8,8,7,7,3,2,0,0,100,100,30,20,16,10,7,4,1,1787413418.280024,G1,T03,sotto_banco_immobile,1,static
4992098,1,1,1,76,48,79,100,0,35,79,38,8,5,7,7,4,2,0,0,100,98,29,20,16,10,7,4,1,1787413418.4797032,G1,T03,sotto_banco_immobile,1,static
4992298,1,1,1,67,65,100,100,0,92,100,55,4,3,7,9,5,2,0,0,100,92,28,21,15,10,7,4,1,1787413418.6795995,G1,T03,sotto_banco_immobile,1,static
4992498,1,1,1,63,66,82,100,0,53,82,24,8,5,5,8,5,1,0,0,100,86,26,20,15,9,7,4,1,1787413418.8804317,G1,T03,sotto_banco_immobile,1,static
4992698,1,0,1,0,63,0,100,0,21,15,7,8,5,6,4,6,1,0,0,100,83,26,20,16,9,7,4,1,1787413419.0898926,G1,T03,sotto_banco_immobile,1,static
4992898,1,1,1,77,71,100,100,0,16,100,34,11,5,7,1,7,1,0,0,100,86,26,20,17,9,7,4,1,1787413419.2804961,G1,T03,sotto_banco_immobile,1,static
4993098,1,1,1,76,76,100,100,0,15,100,23,12,4,7,3,8,3,0,0,100,88,27,21,17,10,8,4,1,1787413419.4795952,G1,T03,sotto_banco_immobile,1,static
4993298,1,1,1,79,76,100,100,0,17,100,40,11,2,4,7,7,2,0,0,100,87,26,23,18,11,8,4,1,1787413419.6801229,G1,T03,sotto_banco_immobile,1,static
4993498,1,1,1,67,73,100,100,0,100,100,73,16,4,10,7,2,1,0,0,100,89,26,23,18,11,8,4,1,1787413419.8799894,G1,T03,sotto_banco_immobile,1,static
4993698,1,1,1,58,63,100,100,0,100,100,34,14,5,3,3,3,2,0,0,100,97,25,24,19,12,8,4,1,1787413420.0909941,G1,T03,sotto_banco_immobile,1,static
4993898,1,0,1,0,44,0,100,0,14,46,15,6,5,2,1,4,3,0,0,100,100,26,25,19,13,9,4,1,1787413420.2801175,G1,T03,sotto_banco_immobile,1,static
4994098,1,1,1,62,60,100,100,0,100,100,44,16,6,7,2,7,1,0,0,100,100,27,25,19,13,9,4,1,1787413420.480185,G1,T03,sotto_banco_immobile,1,static
4994298,1,1,1,69,66,92,100,0,38,92,16,16,6,6,7,6,1,0,0,100,100,28,25,19,12,9,4,1,1787413420.6800566,G1,T03,sotto_banco_immobile,1,static
4994498,1,1,1,55,38,100,100,0,99,100,19,2,8,5,6,4,1,0,0,100,100,28,24,19,12,8,4,1,1787413420.8802407,G1,T03,sotto_banco_immobile,1,static
4994698,1,1,1,52,55,100,100,0,84,100,16,9,9,7,7,3,3,0,0,100,100,27,23,18,12,8,4,1,1787413421.0798159,G1,T03,sotto_banco_immobile,1,static
4994898,1,1,1,69,78,93,100,0,49,93,33,3,3,6,7,5,2,0,0,100,100,27,23,18,12,9,4,1,1787413421.2907262,G1,T03,sotto_banco_immobile,1,static
4995098,1,1,1,63,64,100,100,0,87,100,40,8,3,5,8,6,3,0,0,100,99,27,23,18,12,9,4,1,1787413421.4801576,G1,T03,sotto_banco_immobile,1,static
4995298,1,1,1,63,58,63,100,0,41,63,21,6,8,5,7,6,2,0,0,100,95,27,23,18,11,9,4,1,1787413421.6807353,G1,T03,sotto_banco_immobile,1,static
4995498,1,1,1,71,75,59,100,0,15,59,5,2,4,5,4,6,1,0,0,100,93,26,23,19,11,9,4,1,1787413421.8797657,G1,T03,sotto_banco_immobile,1,static
4995698,1,1,1,71,73,100,100,0,53,100,36,9,2,7,2,5,1,0,0,100,90,26,23,19,11,9,4,1,1787413422.0792565,G1,T03,sotto_banco_immobile,1,static
4995898,1,1,1,67,76,92,100,0,44,92,20,12,6,9,3,8,2,0,0,100,88,25,23,19,12,9,4,1,1787413422.2908146,G1,T03,sotto_banco_immobile,1,static
4996098,1,1,1,73,75,100,100,0,99,100,79,9,7,4,1,5,1,0,0,100,88,25,24,19,12,9,4,1,1787413422.4801476,G1,T03,sotto_banco_immobile,1,static
4996298,1,1,1,60,67,100,100,0,100,100,26,15,5,5,1,3,1,0,0,100,93,26,24,20,13,9,4,1,1787413422.680643,G1,T03,sotto_banco_immobile,1,static
4996498,1,1,1,46,54,100,100,0,100,100,16,11,2,3,1,3,3,0,0,100,100,26,25,20,14,9,4,1,1787413422.8798494,G1,T03,sotto_banco_immobile,1,static
4996698,1,1,1,59,56,100,100,0,96,100,20,13,9,1,1,4,2,0,0,100,100,26,25,21,14,10,4,1,1787413423.0799534,G1,T03,sotto_banco_immobile,1,static
4996898,1,1,1,65,59,100,100,0,100,100,41,24,3,6,5,5,1,0,0,100,100,26,25,20,14,10,4,1,1787413423.2913635,G1,T03,sotto_banco_immobile,1,static
4997098,1,1,1,73,65,57,100,0,23,57,19,14,4,6,8,5,1,0,0,100,100,26,24,19,13,9,4,1,1787413423.479735,G1,T03,sotto_banco_immobile,1,static
4997298,1,1,1,66,72,79,100,0,42,79,18,11,2,4,7,4,2,0,0,100,100,26,23,19,12,8,4,1,1787413423.6808817,G1,T03,sotto_banco_immobile,1,static
4997498,1,1,1,73,66,76,100,0,39,76,36,10,2,4,8,5,2,0,0,100,100,25,22,19,12,8,4,1,1787413423.8795466,G1,T03,sotto_banco_immobile,1,static
4997698,1,1,1,62,70,100,100,0,95,100,43,11,3,4,8,6,1,0,0,100,100,25,22,18,11,8,4,1,1787413424.0798085,G1,T03,sotto_banco_immobile,1,static
4997898,1,1,1,76,67,100,100,0,20,100,32,7,6,4,4,5,1,0,0,100,100,27,21,18,10,8,4,1,1787413424.290992,G1,T03,sotto_banco_immobile,1,static
4998098,1,1,1,79,77,100,100,0,20,100,57,10,7,5,3,7,2,0,0,100,100,28,21,19,10,8,4,1,1787413424.480149,G1,T03,sotto_banco_immobile,1,static
4998298,1,1,1,73,76,61,100,0,18,61,13,9,11,10,3,7,5,0,0,100,100,30,21,20,11,9,4,1,1787413424.68085,G1,T03,sotto_banco_immobile,1,static
4998498,1,1,1,77,76,100,100,0,36,100,51,13,9,3,6,7,4,0,0,100,98,30,22,20,12,9,4,1,1787413424.880093,G1,T03,sotto_banco_immobile,1,static
4998698,1,1,1,74,78,100,100,0,100,100,90,12,2,10,9,5,1,0,0,100,98,28,23,20,12,9,4,1,1787413425.0801997,G1,T03,sotto_banco_immobile,1,static
4998898,1,1,1,63,67,100,100,0,100,100,35,11,3,1,3,2,1,0,0,100,99,26,23,21,12,9,4,1,1787413425.2910378,G1,T03,sotto_banco_immobile,1,static
4999098,1,0,1,0,55,0,100,0,22,25,8,7,2,1,1,4,1,0,0,100,100,26,24,21,13,9,4,1,1787413425.47985,G1,T03,sotto_banco_immobile,1,static
4999298,1,1,1,67,62,100,100,0,100,100,74,8,1,5,4,6,1,0,0,100,100,26,23,21,13,9,4,1,1787413425.6911945,G1,T03,sotto_banco_immobile,1,static
4999498,1,1,1,77,72,100,100,0,31,100,47,12,8,7,8,7,1,0,0,100,100,27,23,20,14,9,4,1,1787413425.8804102,G1,T03,sotto_banco_immobile,1,static
4999698,1,1,1,70,77,79,100,0,29,79,14,6,5,9,6,6,1,0,0,100,100,27,24,20,14,9,4,1,1787413426.0804782,G1,T03,sotto_banco_immobile,1,static
4999898,1,1,1,55,65,74,100,0,55,74,10,10,4,6,4,4,1,0,0,100,100,28,24,21,13,9,4,1,1787413426.2905266,G1,T03,sotto_banco_immobile,1,static
5000098,1,1,1,69,55,75,100,0,41,75,29,12,8,3,3,5,1,0,0,100,100,27,24,20,13,9,4,1,1787413426.4804444,G1,T03,sotto_banco_immobile,1,static
5000298,1,1,1,68,72,100,100,0,67,100,42,10,9,3,2,6,2,0,0,100,100,27,23,20,12,9,4,1,1787413426.6911862,G1,T03,sotto_banco_immobile,1,static
5000498,1,0,1,0,72,0,100,0,16,35,15,4,4,3,3,7,2,0,0,100,100,28,23,19,11,9,4,1,1787413426.8803926,G1,T03,sotto_banco_immobile,1,static
5000698,1,1,1,75,72,100,100,0,38,100,37,10,4,4,4,6,2,0,0,100,100,29,23,19,10,8,4,1,1787413427.0800314,G1,T03,sotto_banco_immobile,1,static
5000898,1,1,1,76,73,100,100,0,16,100,28,15,10,8,4,8,3,0,0,100,100,31,23,20,11,9,4,1,1787413427.2800887,G1,T03,sotto_banco_immobile,1,static
5001098,1,0,1,0,76,0,100,0,18,50,27,6,3,3,6,8,3,0,0,100,95,31,25,19,12,9,4,1,1787413427.4800441,G1,T03,sotto_banco_immobile,1,static
5001298,1,1,1,79,79,100,100,0,31,100,89,10,9,8,8,6,2,0,0,100,91,31,27,20,13,9,4,1,1787413427.6906514,G1,T03,sotto_banco_immobile,1,static
5001498,1,1,1,71,74,100,100,0,100,100,64,10,4,9,6,2,1,0,0,100,89,32,27,20,13,9,4,1,1787413427.8796296,G1,T03,sotto_banco_immobile,1,static
5001698,1,1,1,75,66,76,100,0,26,76,26,7,10,5,4,4,1,0,0,100,88,33,28,21,14,9,4,1,1787413428.0798929,G1,T03,sotto_banco_immobile,1,static
5001898,1,1,1,80,77,100,100,0,16,100,44,11,4,3,1,4,1,0,0,100,87,33,28,20,14,9,4,1,1787413428.2906635,G1,T03,sotto_banco_immobile,1,static
5002098,1,0,1,0,79,0,100,0,18,32,6,5,5,4,2,5,1,0,0,100,87,32,29,19,13,9,4,1,1787413428.4804368,G1,T03,sotto_banco_immobile,1,static
5002298,1,1,1,69,67,57,100,0,27,57,16,8,5,7,1,3,1,0,0,100,83,30,29,19,12,8,4,1,1787413428.6908696,G1,T03,sotto_banco_immobile,1,static
5002498,1,1,1,67,69,100,100,0,67,100,46,12,6,6,1,4,1,0,0,100,80,29,28,19,11,8,4,1,1787413428.8804662,G1,T03,sotto_banco_immobile,1,static
5002698,1,1,1,75,70,100,100,0,42,100,39,9,9,3,3,7,0,0,0,100,81,29,28,18,11,7,4,1,1787413429.0802398,G1,T03,sotto_banco_immobile,1,static
5002898,1,1,1,78,73,78,100,0,17,78,27,8,6,1,3,4,3,0,0,100,82,30,27,18,10,7,4,1,1787413429.2909286,G1,T03,sotto_banco_immobile,1,static
5003098,1,0,1,0,78,0,100,0,30,33,16,6,5,4,3,5,1,0,0,100,81,30,27,18,10,7,4,1,1787413429.479969,G1,T03,sotto_banco_immobile,1,static
5003298,1,1,1,76,73,100,100,0,60,100,72,9,6,6,5,6,5,0,0,100,84,31,26,18,10,7,4,1,1787413429.6884313,G1,T03,sotto_banco_immobile,1,static
5003498,1,0,1,0,71,0,100,0,13,47,29,7,8,7,5,7,4,0,0,100,82,31,27,18,10,8,4,1,1787413429.8799005,G1,T03,sotto_banco_immobile,1,static
5003698,1,1,1,78,81,100,100,0,42,100,80,5,8,5,8,6,3,0,0,100,79,30,28,18,10,8,4,1,1787413430.0804663,G1,T03,sotto_banco_immobile,1,static
5003898,1,1,1,70,78,100,100,0,100,100,72,12,2,11,7,4,1,0,0,100,78,31,29,19,10,8,4,1,1787413430.2802982,G1,T03,sotto_banco_immobile,1,static
5004098,1,1,1,54,62,100,100,0,100,100,25,8,1,2,1,3,1,0,0,100,79,31,29,21,12,9,4,1,1787413430.490334,G1,T03,sotto_banco_immobile,1,static
5004298,1,1,1,64,75,100,100,0,100,100,74,7,3,7,3,6,1,0,0,100,77,31,29,21,12,9,4,1,1787413430.6911557,G1,T03,sotto_banco_immobile,1,static
5004498,1,1,1,73,69,100,100,0,60,100,49,14,7,6,8,6,2,0,0,100,74,30,28,20,12,9,4,1,1787413430.8911533,G1,T03,sotto_banco_immobile,1,static
5004698,1,0,1,0,68,0,100,0,20,49,9,7,6,4,8,6,1,0,0,100,76,29,29,20,12,9,4,1,1787413431.0802867,G1,T03,sotto_banco_immobile,1,static
5004898,1,1,1,70,72,100,100,0,46,100,23,7,2,4,4,3,1,0,0,100,73,26,29,20,11,9,4,1,1787413431.279839,G1,T03,sotto_banco_immobile,1,static
5005098,1,1,1,75,70,100,100,0,43,100,47,10,1,5,2,5,1,0,0,100,73,25,28,20,10,8,4,1,1787413431.4911323,G1,T03,sotto_banco_immobile,1,static
5005298,1,1,1,76,74,100,100,0,49,100,60,11,1,4,3,6,4,0,0,100,78,26,26,20,10,8,4,1,1787413431.6912267,G1,T03,sotto_banco_immobile,1,static
5005498,1,1,1,77,79,84,100,0,19,84,29,3,7,2,5,8,3,0,0,100,86,27,25,20,10,9,4,1,1787413431.8801837,G1,T03,sotto_banco_immobile,1,static
5005698,1,1,1,65,57,100,100,0,78,100,52,17,3,7,4,7,2,0,0,100,88,28,24,20,10,9,4,1,1787413432.0796945,G1,T03,sotto_banco_immobile,1,static
5005898,1,1,1,55,63,57,100,0,44,57,14,10,9,8,4,7,2,0,0,100,89,26,24,19,10,9,4,1,1787413432.2906673,G1,T03,sotto_banco_immobile,1,static
5006098,1,1,1,80,76,100,100,0,32,100,68,6,9,2,8,7,2,0,0,100,88,27,25,19,10,9,4,1,1787413432.4906995,G1,T03,sotto_banco_immobile,1,static
5006298,1,1,1,79,82,100,100,0,27,100,61,1,2,9,8,7,1,0,0,100,89,27,25,20,10,9,4,1,1787413432.690151,G1,T03,sotto_banco_immobile,1,static
5006498,1,1,1,68,75,100,100,0,100,100,45,9,7,10,4,6,1,0,0,100,89,28,26,21,10,9,4,1,1787413432.880356,G1,T03,sotto_banco_immobile,1,static
5006698,1,1,1,75,59,93,100,0,35,93,34,8,2,5,3,4,1,0,0,100,90,29,25,21,11,9,4,1,1787413433.0795593,G1,T03,sotto_banco_immobile,1,static
5006898,1,1,1,75,70,100,100,0,77,100,85,10,7,7,8,6,1,0,0,100,91,31,25,21,11,9,4,1,1787413433.2793155,G1,T03,sotto_banco_immobile,1,static
5007098,1,1,1,70,74,79,100,0,26,79,12,22,7,7,8,7,1,0,0,100,97,33,26,22,12,9,4,1,1787413433.4908705,G1,T03,sotto_banco_immobile,1,static
5007298,1,1,1,72,70,95,100,0,33,95,23,11,3,10,2,4,1,0,0,100,100,33,27,22,11,9,4,1,1787413433.6913288,G1,T03,sotto_banco_immobile,1,static
5007498,1,1,1,73,76,63,100,0,21,63,18,14,8,10,3,5,2,0,0,100,100,33,27,22,11,9,4,1,1787413433.8795896,G1,T03,sotto_banco_immobile,1,static
5007698,1,1,1,76,76,100,100,0,47,100,59,9,6,6,2,7,2,0,0,100,100,33,26,22,11,9,4,1,1787413434.079634,G1,T03,sotto_banco_immobile,1,static
5007898,1,1,1,77,79,100,100,0,30,100,49,3,5,2,4,8,3,0,0,100,99,32,24,22,11,9,4,1,1787413434.2811859,G1,T03,sotto_banco_immobile,1,static
5008098,1,1,1,69,73,90,100,0,50,90,36,15,8,6,5,6,3,0,0,100,99,32,23,21,11,9,4,1,1787413434.4795585,G1,T03,sotto_banco_immobile,1,static
5008298,1,1,1,79,79,100,100,0,19,100,53,12,7,3,2,5,3,0,0,100,100,32,24,20,11,8,4,1,1787413434.6910644,G1,T03,sotto_banco_immobile,1,static
5008498,1,1,1,79,80,100,100,0,24,100,59,11,1,3,6,6,1,0,0,100,100,32,25,20,11,8,4,1,1787413434.8796673,G1,T03,sotto_banco_immobile,1,static
5008698,1,1,1,77,80,100,100,0,45,100,68,3,4,10,8,5,1,0,0,100,100,32,26,21,11,9,4,1,1787413435.0802171,G1,T03,sotto_banco_immobile,1,static
5008898,1,0,1,0,70,0,100,0,27,50,18,7,3,7,7,5,1,0,0,100,100,32,26,21,12,9,4,1,1787413435.2907999,G1,T03,sotto_banco_immobile,1,static
5009098,1,1,1,82,80,88,100,0,18,88,43,6,8,1,3,5,1,0,0,100,100,33,26,22,12,9,4,1,1787413435.4857793,G1,T03,sotto_banco_immobile,1,static
5009298,1,1,1,75,80,100,100,0,37,100,40,8,9,4,2,5,1,0,0,100,100,34,27,21,12,9,4,1,1787413435.687349,G1,T03,sotto_banco_immobile,1,static
5009498,1,0,1,0,78,0,100,0,18,43,23,10,4,7,1,5,1,0,0,100,96,32,28,21,11,8,4,1,1787413435.8911512,G1,T03,sotto_banco_immobile,1,static
5009698,1,0,1,0,82,0,100,0,17,33,28,13,1,8,1,6,1,0,0,100,96,31,28,21,11,8,4,1,1787413436.0888176,G1,T03,sotto_banco_immobile,1,static
5009898,1,0,1,0,82,0,100,0,30,48,32,13,3,7,2,6,2,0,0,100,100,31,28,21,11,8,4,1,1787413436.2913435,G1,T03,sotto_banco_immobile,1,static
5010098,1,1,1,78,78,100,100,0,27,100,49,9,2,2,3,6,2,0,0,100,100,30,28,22,11,8,4,1,1787413436.491294,G1,T03,sotto_banco_immobile,1,static
5010298,1,1,1,75,79,100,100,0,21,100,23,6,3,4,8,7,3,0,0,100,100,29,27,22,11,9,4,1,1787413436.6915987,G1,T03,sotto_banco_immobile,1,static
5010498,1,1,1,63,67,100,100,0,99,100,49,13,7,8,7,8,3,0,0,100,100,30,25,23,11,9,4,1,1787413436.8798723,G1,T03,sotto_banco_immobile,1,static
5010698,1,1,1,70,71,54,100,0,21,54,12,15,7,6,6,7,4,0,0,100,100,29,26,22,10,9,4,1,1787413437.079675,G1,T03,sotto_banco_immobile,1,static
5010898,1,1,1,79,80,100,100,0,36,100,100,11,10,3,6,6,2,0,0,100,100,28,26,22,10,9,4,1,1787413437.279722,G1,T03,sotto_banco_immobile,1,static
5011098,1,1,1,77,76,100,100,0,37,100,54,5,2,6,7,5,1,0,0,100,100,28,27,22,10,9,4,1,1787413437.4799337,G1,T03,sotto_banco_immobile,1,static
5011298,1,1,1,69,73,100,100,0,52,100,23,9,2,8,4,5,2,0,0,100,100,28,27,23,11,10,4,1,1787413437.679908,G1,T03,sotto_banco_immobile,1,static
5011498,1,1,1,74,69,100,100,0,64,100,57,4,3,3,2,6,1,0,0,100,100,29,27,23,11,9,4,1,1787413437.8803809,G1,T03,sotto_banco_immobile,1,static
5011698,1,1,1,77,75,100,100,0,29,100,42,7,10,4,8,6,1,0,0,100,100,30,27,23,11,9,4,1,1787413438.079597,G1,T03,sotto_banco_immobile,1,static
5011898,1,0,1,0,77,0,100,0,18,29,16,6,7,7,4,5,2,0,0,100,100,31,28,22,11,9,4,1,1787413438.2903192,G1,T03,sotto_banco_immobile,1,static
5012098,1,1,1,73,75,95,100,0,27,95,20,8,3,8,1,5,1,0,0,100,100,31,29,22,10,9,4,1,1787413438.4802327,G1,T03,sotto_banco_immobile,1,static
5012298,1,0,1,0,77,0,100,0,26,50,27,10,2,9,2,4,1,0,0,100,97,31,28,22,10,9,4,1,1787413438.6804626,G1,T03,sotto_banco_immobile,1,static
5012498,1,1,1,70,72,100,100,0,59,100,38,6,3,5,2,6,1,0,0,100,96,31,27,22,10,9,4,1,1787413438.8796058,G1,T03,sotto_banco_immobile,1,static
5012698,1,1,1,79,75,100,100,0,13,100,47,8,8,1,6,6,3,0,0,100,99,32,26,22,9,9,4,1,1787413439.0800152,G1,T03,sotto_banco_immobile,1,static
5012898,1,1,1,61,72,100,100,0,90,100,40,11,6,1,8,6,4,0,0,100,100,34,26,22,9,9,4,1,1787413439.2800615,G1,T03,sotto_banco_immobile,1,static
5013098,1,1,1,57,71,72,100,0,55,72,24,9,1,4,6,7,4,0,0,100,100,33,25,22,9,9,4,1,1787413439.4802048,G1,T03,sotto_banco_immobile,1,static
5013298,1,1,1,82,57,100,100,0,20,100,57,9,3,0,5,7,4,0,0,100,99,31,25,22,10,9,4,1,1787413439.6803243,G1,T03,sotto_banco_immobile,1,static
5013498,1,1,1,80,83,100,100,0,24,100,97,8,3,9,8,6,2,0,0,100,99,32,26,22,10,9,4,1,1787413439.879387,G1,T03,sotto_banco_immobile,1,static
5013698,1,1,1,69,77,100,100,0,84,100,43,3,5,11,7,4,1,0,0,100,96,34,27,23,10,9,4,1,1787413440.0916252,G1,T03,sotto_banco_immobile,1,static
5013898,1,1,1,79,68,100,100,0,30,100,49,3,3,3,3,5,1,0,0,100,90,33,26,23,10,9,4,1,1787413440.280078,G1,T03,sotto_banco_immobile,1,static
5014098,1,1,1,78,79,100,100,0,46,100,83,4,5,3,2,7,2,0,0,100,82,33,26,23,11,9,4,1,1787413440.479435,G1,T03,sotto_banco_immobile,1,static
5014298,1,1,1,72,77,57,100,0,17,57,10,11,6,9,1,6,1,0,0,100,78,34,27,22,10,9,4,1,1787413440.6804938,G1,T03,sotto_banco_immobile,1,static
5014498,1,1,1,75,75,100,100,0,21,100,21,10,2,11,1,5,1,0,0,100,76,34,28,21,10,9,4,1,1787413440.8796644,G1,T03,sotto_banco_immobile,1,static
5014698,1,1,1,72,70,51,100,0,30,51,27,7,2,4,2,5,2,0,0,100,77,33,28,20,10,8,4,1,1787413441.0801263,G1,T03,sotto_banco_immobile,1,static
5014898,1,1,1,78,71,100,100,0,27,100,56,8,5,1,6,6,1,0,0,100,77,32,28,21,10,8,4,1,1787413441.2905421,G1,T03,sotto_banco_immobile,1,static
5015098,1,1,1,70,77,95,100,0,38,95,22,11,7,1,6,7,1,0,0,100,77,32,27,20,9,8,4,1,1787413441.4798005,G1,T03,sotto_banco_immobile,1,static
5015298,1,1,1,72,75,100,100,0,63,100,52,12,5,7,6,7,4,0,0,100,75,32,26,19,9,8,4,1,1787413441.6801748,G1,T03,sotto_banco_immobile,1,static
5015498,1,1,1,70,62,58,100,0,30,58,23,7,4,6,4,8,4,0,0,100,73,30,26,18,9,8,4,1,1787413441.8797815,G1,T03,sotto_banco_immobile,1,static
5015698,1,1,1,82,83,100,100,0,17,100,85,6,2,5,7,6,3,0,0,100,75,29,27,19,9,8,4,1,1787413442.0792415,G1,T03,sotto_banco_immobile,1,static
5015898,1,1,1,77,80,100,100,0,51,100,81,3,5,11,9,4,1,0,0,100,76,27,27,19,9,8,4,1,1787413442.2912447,G1,T03,sotto_banco_immobile,1,static
5016098,1,1,1,60,72,100,100,0,100,100,30,14,5,7,5,5,2,0,0,100,76,27,27,21,10,9,4,1,1787413442.4803963,G1,T03,sotto_banco_immobile,1,static
5016298,1,1,1,73,60,100,100,0,90,100,74,3,4,7,3,5,1,0,0,100,73,27,27,22,10,9,4,1,1787413442.6801577,G1,T03,sotto_banco_immobile,1,static
5016498,1,1,1,78,76,100,100,0,39,100,72,8,5,2,7,7,2,0,0,100,69,27,27,22,10,9,4,1,1787413442.8793592,G1,T03,sotto_banco_immobile,1,static
5016698,1,0,1,0,80,0,100,0,18,41,17,4,5,5,6,6,1,0,0,100,64,27,28,21,10,8,4,1,1787413443.0803792,G1,T03,sotto_banco_immobile,1,static
5016898,1,1,1,76,75,100,100,0,18,100,36,8,4,7,1,4,1,0,0,100,61,26,29,20,10,8,4,1,1787413443.2913327,G1,T03,sotto_banco_immobile,1,static
5017098,1,1,1,68,76,54,100,0,36,54,28,11,5,5,2,4,1,0,0,100,64,26,30,20,10,8,4,1,1787413443.4802234,G1,T03,sotto_banco_immobile,1,static
5017298,1,1,1,77,73,100,100,0,41,100,64,6,7,1,6,5,2,0,0,100,67,27,30,21,10,8,4,1,1787413443.6798377,G1,T03,sotto_banco_immobile,1,static
5017498,1,1,1,77,79,100,100,0,20,100,41,6,5,4,7,7,5,0,0,100,70,27,28,21,10,8,4,1,1787413443.880453,G1,T03,sotto_banco_immobile,1,static
5017698,1,1,1,47,70,56,100,0,50,56,18,4,5,5,6,7,3,0,0,100,73,26,26,20,10,9,4,1,1787413444.0796664,G1,T03,sotto_banco_immobile,1,static
5017898,1,1,1,55,67,91,100,0,73,91,35,15,4,9,5,7,3,0,0,100,75,26,26,19,10,8,4,1,1787413444.2910488,G1,T03,sotto_banco_immobile,1,static
5018098,1,1,1,66,45,77,100,0,45,77,27,3,7,2,6,7,3,0,0,100,80,27,27,19,10,9,4,1,1787413444.4793317,G1,T03,sotto_banco_immobile,1,static
5018298,1,1,1,80,83,100,100,0,27,100,71,6,5,4,8,5,2,0,0,100,80,27,27,20,10,9,4,1,1787413444.6803503,G1,T03,sotto_banco_immobile,1,static
5018498,1,1,1,76,76,100,100,0,44,100,55,3,7,7,9,4,1,0,0,100,80,27,27,20,10,9,4,1,1787413444.8801372,G1,T03,sotto_banco_immobile,1,static
5018698,1,1,1,61,69,86,100,0,49,86,8,10,12,5,3,4,3,0,0,100,78,28,26,22,11,9,4,1,1787413445.0796428,G1,T03,sotto_banco_immobile,1,static
5018898,1,1,1,72,77,100,100,0,100,100,89,1,3,2,6,6,2,0,0,100,75,29,26,22,11,9,4,1,1787413445.2810893,G1,T03,sotto_banco_immobile,1,static
5019098,1,1,1,75,76,100,100,0,36,100,42,13,11,6,8,6,4,0,0,100,73,30,27,22,11,9,4,1,1787413445.4797962,G1,T03,sotto_banco_immobile,1,static
5019298,1,1,1,75,76,100,100,0,28,100,30,14,2,9,2,5,1,0,0,100,72,30,28,21,10,9,4,1,1787413445.6804001,G1,T03,sotto_banco_immobile,1,static
5019498,1,1,1,78,77,100,100,0,13,100,39,10,2,9,2,4,1,0,0,100,74,31,28,22,10,9,4,1,1787413445.8794942,G1,T03,sotto_banco_immobile,1,static
5019698,1,1,1,75,74,88,100,0,31,88,32,6,2,7,2,4,1,0,0,100,74,32,27,21,11,9,4,1,1787413446.0803401,G1,T03,sotto_banco_immobile,1,static
5019898,1,1,1,78,76,100,100,0,21,100,54,7,7,6,6,4,2,0,0,100,74,32,27,21,10,9,4,1,1787413446.2916777,G1,T03,sotto_banco_immobile,1,static
5020098,1,1,1,71,75,100,100,0,65,100,46,10,2,5,8,6,4,0,0,100,74,33,26,20,10,9,4,1,1787413446.4799283,G1,T03,sotto_banco_immobile,1,static
5020298,1,1,1,56,70,72,100,0,56,72,24,8,5,6,5,8,3,0,0,100,76,33,26,20,10,8,4,1,1787413446.6803145,G1,T03,sotto_banco_immobile,1,static
5020498,1,1,1,77,75,100,100,0,42,100,67,6,8,1,6,7,4,0,0,100,79,33,26,20,10,9,4,1,1787413446.87952,G1,T03,sotto_banco_immobile,1,static
5020698,1,1,1,78,77,100,100,0,26,100,52,2,6,3,7,5,3,0,0,100,79,33,26,21,10,9,4,1,1787413447.0801816,G1,T03,sotto_banco_immobile,1,static
5020898,1,1,1,75,76,100,100,0,42,100,41,1,3,8,4,4,2,0,0,100,78,32,26,22,10,9,4,1,1787413447.2910733,G1,T03,sotto_banco_immobile,1,static
5021098,1,0,1,0,55,0,100,0,15,40,24,9,8,4,3,3,2,0,0,100,75,32,25,22,10,9,4,1,1787413447.4801939,G1,T03,sotto_banco_immobile,1,static
5021298,1,1,1,73,76,100,100,0,55,100,48,7,5,4,6,5,2,0,0,100,71,32,24,22,10,9,4,1,1787413447.6800015,G1,T03,sotto_banco_immobile,1,static
5021498,1,1,1,75,77,100,100,0,39,100,40,8,5,7,9,5,3,0,0,100,66,31,25,21,9,8,4,1,1787413447.8802764,G1,T03,sotto_banco_immobile,1,static
5021698,1,1,1,73,75,67,100,0,24,67,19,4,4,11,4,5,1,0,0,100,63,32,27,21,9,8,4,1,1787413448.0804784,G1,T03,sotto_banco_immobile,1,static
5021898,1,0,1,0,73,0,100,0,17,37,22,6,5,6,2,3,1,0,0,100,63,33,27,21,9,8,4,1,1787413448.2811954,G1,T03,sotto_banco_immobile,1,static
5022098,1,1,1,62,73,55,100,0,38,55,19,11,6,5,3,5,1,0,0,100,63,34,26,21,8,8,4,1,1787413448.480393,G1,T03,sotto_banco_immobile,1,static
5022298,1,1,1,76,62,83,100,0,19,83,25,5,10,3,4,5,2,0,0,100,66,35,25,21,8,9,5,1,1787413448.6796172,G1,T03,sotto_banco_immobile,1,static
5022498,1,1,1,70,75,100,100,0,66,100,42,14,2,7,5,6,3,0,0,100,67,35,24,20,8,8,4,1,1787413448.8797631,G1,T03,sotto_banco_immobile,1,static
5022698,1,1,1,55,66,89,100,0,69,89,22,4,4,5,5,6,2,0,0,100,68,34,24,18,8,8,4,1,1787413449.0800273,G1,T03,sotto_banco_immobile,1,static
5022898,1,1,1,76,73,100,100,0,57,100,72,9,8,1,7,5,2,0,0,100,66,32,25,17,8,8,4,1,1787413449.281189,G1,T03,sotto_banco_immobile,1,static
5023098,1,1,1,71,75,100,100,0,87,100,57,11,5,8,7,3,3,0,0,100,64,31,25,19,8,8,4,1,1787413449.4914818,G1,T03,sotto_banco_immobile,1,static
5023298,1,0,1,0,68,0,100,0,21,30,12,2,7,6,2,2,2,0,0,100,65,31,25,20,9,8,4,1,1787413449.6793065,G1,T03,sotto_banco_immobile,1,static
5023498,1,1,1,72,72,100,100,0,92,100,72,8,2,3,7,3,1,0,0,100,65,32,24,21,9,8,4,1,1787413449.879704,G1,T03,sotto_banco_immobile,1,static
5023698,1,1,1,74,76,100,100,0,52,100,48,5,8,8,7,5,1,0,0,100,64,31,24,21,8,8,4,1,1787413450.0799065,G1,T03,sotto_banco_immobile,1,static
5023898,1,1,1,75,68,100,100,0,26,100,32,3,4,9,3,5,1,0,0,100,62,32,24,21,9,8,4,1,1787413450.2809932,G1,T03,sotto_banco_immobile,1,static
5024098,1,1,1,63,76,70,100,0,48,70,28,9,1,8,2,5,2,0,0,100,64,31,24,20,9,8,4,1,1787413450.479969,G1,T03,sotto_banco_immobile,1,static
5024298,1,1,1,76,73,100,100,0,42,100,66,5,3,2,6,7,1,0,0,100,64,30,24,20,8,8,4,1,1787413450.680451,G1,T03,sotto_banco_immobile,1,static
5024498,1,1,1,74,79,100,100,0,49,100,42,8,8,3,8,8,4,0,0,100,60,31,23,21,9,8,4,1,1787413450.879753,G1,T03,sotto_banco_immobile,1,static
5024698,1,1,1,67,69,93,100,0,58,93,41,14,3,6,4,8,3,0,0,100,63,33,22,21,10,9,4,1,1787413451.080065,G1,T03,sotto_banco_immobile,1,static
5024898,1,1,1,70,67,100,100,0,56,100,32,15,8,4,6,5,3,0,0,100,66,33,21,20,10,9,4,1,1787413451.2792974,G1,T03,sotto_banco_immobile,1,static
5025098,1,1,1,75,75,100,100,0,49,100,54,8,2,2,7,6,3,0,0,100,66,34,22,19,9,9,4,1,1787413451.4915001,G1,T03,sotto_banco_immobile,1,static
5025298,1,1,1,79,79,100,100,0,25,100,46,12,3,1,7,5,3,0,0,100,67,33,22,19,9,9,4,1,1787413451.6802807,G1,T03,sotto_banco_immobile,1,static
5025498,1,1,1,67,75,100,100,0,46,100,16,6,4,3,4,5,4,0,0,100,68,33,22,20,9,9,4,1,1787413451.8795648,G1,T03,sotto_banco_immobile,1,static
5025698,1,1,1,83,74,61,100,0,22,61,38,13,4,5,2,4,3,0,0,100,71,33,21,21,10,9,4,1,1787413452.079475,G1,T03,sotto_banco_immobile,1,static
5025898,1,1,1,70,77,100,100,0,71,100,52,8,3,7,1,5,2,0,0,100,74,33,21,21,10,9,4,1,1787413452.279716,G1,T03,sotto_banco_immobile,1,static
5026098,1,1,1,59,72,75,100,0,51,75,17,9,1,8,1,5,1,0,0,100,70,30,21,21,10,9,4,1,1787413452.4914746,G1,T03,sotto_banco_immobile,1,static
5026298,1,1,1,57,70,73,100,0,55,73,20,2,2,7,2,6,1,0,0,100,67,28,21,21,10,9,4,1,1787413452.6797655,G1,T03,sotto_banco_immobile,1,static
5026498,1,1,1,73,59,100,100,0,42,100,34,5,2,6,5,7,1,0,0,100,67,27,22,21,10,9,4,1,1787413452.8792825,G1,T03,sotto_banco_immobile,1,static
5026698,1,1,1,75,77,100,100,0,51,100,57,6,5,2,9,8,3,0,0,100,65,26,22,23,10,9,4,1,1787413453.0794392,G1,T03,sotto_banco_immobile,1,static
5026898,1,1,1,55,71,98,100,0,78,98,31,15,12,5,5,7,4,0,0,100,70,29,21,23,10,10,4,1,1787413453.2801845,G1,T03,sotto_banco_immobile,1,static
5027098,1,1,1,65,64,100,100,0,65,100,23,12,4,4,4,6,3,0,0,100,74,30,19,22,10,10,4,1,1787413453.4919798,G1,T03,sotto_banco_immobile,1,static
5027298,1,1,1,74,72,100,100,0,67,100,60,6,7,4,6,6,3,0,0,100,73,29,18,20,9,9,4,1,1787413453.6799564,G1,T03,sotto_banco_immobile,1,static
5027498,1,1,1,75,73,100,100,0,73,100,69,10,6,1,8,4,3,0,0,100,72,27,19,21,10,9,4,1,1787413453.8802574,G1,T03,sotto_banco_immobile,1,static
5027698,1,1,1,70,70,87,100,0,41,87,27,8,1,7,1,3,3,0,0,100,72,27,19,22,10,10,4,1,1787413454.0797493,G1,T03,sotto_banco_immobile,1,static
5027898,1,0,1,0,66,0,100,0,41,48,10,3,5,7,2,3,3,0,0,100,74,27,20,24,11,10,4,1,1787413454.2803662,G1,T03,sotto_banco_immobile,1,static
5028098,1,1,1,74,77,100,100,0,64,100,61,10,3,2,3,3,3,0,0,100,75,28,19,25,11,10,4,1,1787413454.4920874,G1,T03,sotto_banco_immobile,1,static
5028298,1,1,1,64,75,100,100,0,63,100,27,8,2,5,5,5,2,0,0,100,78,29,19,24,11,10,4,1,1787413454.6795924,G1,T03,sotto_banco_immobile,1,static
5028498,1,1,1,72,72,82,100,0,37,82,30,13,5,10,6,3,1,0,0,100,84,29,20,24,10,10,4,1,1787413454.8803508,G1,T03,sotto_banco_immobile,1,static
5028698,1,1,1,75,65,53,100,0,19,53,20,2,7,10,5,4,3,0,0,100,86,29,21,23,10,10,4,1,1787413455.080054,G1,T03,sotto_banco_immobile,1,static
5028898,1,1,1,70,67,58,100,0,35,58,29,8,6,10,2,5,3,0,0,100,88,30,22,23,10,11,4,1,1787413455.2801776,G1,T03,sotto_banco_immobile,1,static
5029098,1,1,1,69,70,73,100,0,41,73,29,7,4,5,3,4,2,0,0,100,94,30,22,23,10,11,4,1,1787413455.4914804,G1,T03,sotto_banco_immobile,1,static
5029298,1,0,1,0,70,0,100,0,17,35,11,4,5,6,4,4,1,0,0,100,98,30,22,23,10,11,4,1,1787413455.6798387,G1,T03,sotto_banco_immobile,1,static
5029498,1,1,1,62,71,100,100,0,80,100,40,12,3,9,5,7,4,0,0,100,96,29,22,23,10,10,4,1,1787413455.8803794,G1,T03,sotto_banco_immobile,1,static
5029698,1,1,1,58,57,100,100,0,100,100,39,6,9,9,5,5,2,0,0,100,96,29,22,21,9,10,4,1,1787413456.0796351,G1,T03,sotto_banco_immobile,1,static
5029898,1,1,1,62,66,100,100,0,96,100,41,11,6,3,8,5,2,0,0,100,95,29,22,21,9,10,4,1,1787413456.2803185,G1,T03,sotto_banco_immobile,1,static
5030098,1,1,1,69,67,100,100,0,85,100,56,11,8,6,6,4,5,0,0,100,97,31,22,22,10,10,4,1,1787413456.4921644,G1,T03,sotto_banco_immobile,1,static
5030298,1,1,1,62,65,100,100,0,71,100,22,14,9,9,3,1,4,0,0,100,99,33,23,24,10,10,4,1,1787413456.691653,G1,T03,sotto_banco_immobile,1,static
5030498,1,1,1,70,68,60,100,0,32,60,24,5,4,1,3,2,3,0,0,100,100,34,22,25,11,10,4,1,1787413456.8795116,G1,T03,sotto_banco_immobile,1,static
5030698,1,1,1,63,62,100,100,0,100,100,45,12,9,3,3,4,3,0,0,100,100,36,22,25,11,10,4,1,1787413457.080191,G1,T03,sotto_banco_immobile,1,static
5030898,1,1,1,64,68,100,100,0,62,100,28,4,5,6,6,5,3,0,0,100,100,36,22,24,10,10,4,1,1787413457.2802012,G1,T03,sotto_banco_immobile,1,static
5031098,1,1,1,76,75,100,100,0,20,100,30,13,10,11,6,6,4,0,0,100,100,35,23,24,10,10,4,1,1787413457.479711,G1,T03,sotto_banco_immobile,1,static
5031298,1,1,1,73,75,73,100,0,36,73,33,6,6,9,7,4,3,0,0,100,100,36,24,24,11,10,4,1,1787413457.6917892,G1,T03,sotto_banco_immobile,1,static
5031498,1,1,1,74,71,100,100,0,83,100,72,10,11,3,6,5,1,0,0,100,100,38,25,24,11,9,4,1,1787413457.8796935,G1,T03,sotto_banco_immobile,1,static
5031698,1,1,1,77,75,100,100,0,17,100,36,6,3,2,8,6,1,0,0,100,100,41,25,23,10,9,4,1,1787413458.0804112,G1,T03,sotto_banco_immobile,1,static
5031898,1,1,1,75,60,100,100,0,76,100,75,2,2,6,4,5,2,0,0,100,100,43,24,22,10,9,4,1,1787413458.2795827,G1,T03,sotto_banco_immobile,1,static
5032098,1,1,1,66,70,100,100,0,100,100,64,19,10,7,8,4,3,0,0,100,100,42,24,21,9,9,4,1,1787413458.4796987,G1,T03,sotto_banco_immobile,1,static
5032298,1,1,1,61,61,100,100,0,100,100,52,15,3,4,3,2,3,0,0,100,100,44,24,22,10,9,4,1,1787413458.6923065,G1,T03,sotto_banco_immobile,1,static
5032498,1,1,1,63,62,100,100,0,78,100,26,9,4,3,2,3,4,0,0,100,100,46,23,24,11,9,4,1,1787413458.8801486,G1,T03,sotto_banco_immobile,1,static
5032698,1,1,1,49,53,100,100,0,100,100,30,10,5,5,5,3,6,0,0,100,100,46,23,25,12,9,4,1,1787413459.080283,G1,T03,sotto_banco_immobile,1,static
5032898,1,1,1,76,52,100,100,0,19,100,25,6,3,6,6,7,8,0,0,100,100,45,22,27,13,9,4,1,1787413459.2802153,G1,T03,sotto_banco_immobile,1,static
5033098,1,1,1,56,60,100,100,0,100,100,44,8,3,5,5,5,6,0,0,100,100,46,22,28,14,10,4,1,1787413459.4800723,G1,T03,sotto_banco_immobile,1,static
5033298,1,1,1,55,53,100,100,0,100,100,29,13,9,7,6,6,5,0,0,100,100,45,21,29,15,10,4,1,1787413459.6924422,G1,T03,sotto_banco_immobile,1,static
5033498,1,0,1,0,58,0,100,0,30,40,23,3,5,7,6,6,4,0,0,100,100,46,22,29,15,10,4,1,1787413459.8801017,G1,T03,sotto_banco_immobile,1,static
5033698,1,1,1,56,75,100,100,0,75,100,26,6,7,5,8,6,4,0,0,100,100,45,22,30,16,10,4,1,1787413460.0805278,G1,T03,sotto_banco_immobile,1,static
5033898,1,1,1,70,65,100,100,0,63,100,41,10,6,2,7,5,2,0,0,100,100,45,23,31,16,10,4,1,1787413460.2798193,G1,T03,sotto_banco_immobile,1,static
5034098,1,1,1,69,71,100,100,0,52,100,31,12,6,2,3,5,1,0,0,100,100,44,23,31,16,10,4,1,1787413460.480292,G1,T03,sotto_banco_immobile,1,static
5034298,1,1,1,76,72,67,100,0,22,67,27,10,6,2,4,5,1,0,0,100,100,42,21,31,16,10,4,1,1787413460.6917229,G1,T03,sotto_banco_immobile,1,static
5034498,1,1,1,61,58,100,100,0,100,100,55,2,1,7,5,5,2,0,0,100,100,42,22,29,15,10,4,1,1787413460.8804884,G1,T03,sotto_banco_immobile,1,static
5034698,1,1,1,57,63,100,100,0,100,100,55,17,3,6,9,4,3,0,0,100,100,40,22,30,15,10,4,1,1787413461.0795977,G1,T03,sotto_banco_immobile,1,static
5034898,1,1,1,52,55,100,100,0,100,100,26,15,6,4,3,3,6,0,0,100,100,41,22,31,15,10,4,1,1787413461.2797139,G1,T03,sotto_banco_immobile,1,static
5035098,1,1,1,59,50,100,100,0,90,100,33,8,7,5,5,5,6,0,0,100,100,41,21,32,16,11,4,1,1787413461.4796927,G1,T03,sotto_banco_immobile,1,static
5035298,1,1,1,48,55,57,100,0,50,57,16,6,7,6,6,6,8,0,0,100,100,39,19,34,17,12,4,1,1787413461.6832986,G1,T03,sotto_banco_immobile,1,static
5035498,1,1,1,57,67,100,100,0,100,100,27,18,9,5,6,6,6,0,0,100,100,38,18,34,18,12,4,1,1787413461.8798275,G1,T03,sotto_banco_immobile,1,static
5035698,1,1,1,53,50,100,100,0,100,100,36,13,6,7,6,6,6,0,0,100,100,36,17,34,18,12,4,1,1787413462.0800827,G1,T03,sotto_banco_immobile,1,static
5035898,1,1,1,67,58,73,100,0,41,73,25,9,7,7,6,5,4,0,0,100,100,34,16,34,18,12,4,1,1787413462.2796533,G1,T03,sotto_banco_immobile,1,static
5036098,1,1,1,76,67,71,100,0,19,71,24,5,4,6,6,5,4,0,0,100,100,34,17,34,18,12,4,1,1787413462.4792979,G1,T03,sotto_banco_immobile,1,static
5036298,1,1,1,72,76,62,100,0,24,62,16,4,4,4,8,5,5,0,0,100,100,31,17,34,17,12,4,1,1787413462.6917844,G1,T03,sotto_banco_immobile,1,static
5036498,1,1,1,65,56,100,100,0,63,100,29,5,4,3,7,5,3,0,0,100,100,28,18,33,16,12,4,1,1787413462.8799694,G1,T03,sotto_banco_immobile,1,static
5036698,1,1,1,73,72,94,100,0,41,94,36,11,3,3,5,5,2,0,0,100,100,25,18,31,15,12,4,1,1787413463.0798008,G1,T03,sotto_banco_immobile,1,static
5036898,1,1,1,58,68,100,100,0,100,100,45,10,4,6,2,4,2,0,0,100,100,25,18,29,14,11,4,1,1787413463.2799098,G1,T03,sotto_banco_immobile,1,static
5037098,1,1,1,56,57,100,100,0,100,100,41,13,7,6,2,2,4,0,0,100,100,25,18,28,13,10,4,1,1787413463.479229,G1,T03,sotto_banco_immobile,1,static
5037298,1,1,1,56,56,100,100,0,100,100,43,16,6,5,5,4,7,0,0,100,100,27,17,28,13,10,4,1,1787413463.6925051,G1,T03,sotto_banco_immobile,1,static
5037498,1,1,1,62,58,100,100,0,100,100,61,13,6,7,6,6,7,0,0,100,100,29,16,29,14,11,4,1,1787413463.8800237,G1,T03,sotto_banco_immobile,1,static
5037698,1,1,1,56,60,100,100,0,100,100,36,2,5,6,7,6,9,0,0,100,100,29,15,30,16,12,4,1,1787413464.0801854,G1,T03,sotto_banco_immobile,1,static
5037898,1,1,1,64,75,100,100,0,100,100,86,11,6,5,6,7,6,0,0,100,100,29,14,31,17,12,4,1,1787413464.280082,G1,T03,sotto_banco_immobile,1,static
5038098,1,1,1,59,59,100,100,0,100,100,34,13,6,5,6,7,5,0,0,100,100,28,13,30,17,13,4,1,1787413464.4796731,G1,T03,sotto_banco_immobile,1,static
5038298,1,1,1,69,67,82,100,0,41,82,24,6,3,7,7,6,5,0,0,100,100,28,13,30,17,12,4,1,1787413464.6915202,G1,T03,sotto_banco_immobile,1,static
5038498,1,1,1,59,69,63,100,0,46,63,23,8,2,8,7,5,5,0,0,100,100,28,14,30,18,12,4,1,1787413464.8795054,G1,T03,sotto_banco_immobile,1,static
5038698,1,1,1,58,64,100,100,0,84,100,33,9,4,5,6,5,5,0,0,100,100,28,14,30,18,13,4,1,1787413465.0801122,G1,T03,sotto_banco_immobile,1,static
5038898,1,1,1,55,56,100,100,0,100,100,37,11,7,5,8,4,4,0,0,100,100,26,15,30,18,12,4,1,1787413465.2795644,G1,T03,sotto_banco_immobile,1,static
5039098,1,1,1,63,63,99,100,0,59,99,25,9,7,5,8,4,3,0,0,100,100,26,16,29,17,12,4,1,1787413465.4796543,G1,T03,sotto_banco_immobile,1,static
5039298,1,0,1,0,59,0,100,0,18,16,9,4,5,4,7,4,3,0,0,100,100,27,17,28,16,12,4,1,1787413465.6915479,G1,T03,sotto_banco_immobile,1,static
5039498,1,1,1,57,66,100,100,0,100,100,50,1,5,5,5,3,5,0,0,100,98,26,17,28,16,11,4,1,1787413465.8796637,G1,T03,sotto_banco_immobile,1,static
5039698,1,1,1,52,55,100,100,0,100,100,47,11,11,6,4,3,6,0,0,100,99,25,17,27,15,11,4,1,1787413466.0803657,G1,T03,sotto_banco_immobile,1,static
5039898,1,1,1,46,49,100,100,0,100,100,48,15,3,5,7,6,8,0,0,100,100,25,16,28,16,11,4,1,1787413466.2803488,G1,T03,sotto_banco_immobile,1,static
5040098,1,1,1,60,51,100,100,0,100,100,60,12,4,4,7,8,8,0,0,100,100,26,16,29,17,12,4,1,1787413466.49275,G1,T03,sotto_banco_immobile,1,static
5040298,1,1,1,67,67,100,100,0,100,100,90,9,4,5,8,9,5,0,0,100,100,27,15,31,19,13,4,1,1787413466.679627,G1,T03,sotto_banco_immobile,1,static
5040498,1,1,1,78,55,100,100,0,28,100,43,3,6,5,6,8,1,0,0,100,100,27,15,32,21,14,4,1,1787413466.8803668,G1,T03,sotto_banco_immobile,1,static
5040698,1,1,1,67,76,100,100,0,100,100,100,17,5,4,3,8,6,0,0,100,100,29,14,33,22,15,4,1,1787413467.0798907,G1,T03,sotto_banco_immobile,1,static
5040898,1,1,1,53,58,100,100,0,100,100,67,8,1,5,9,5,9,0,0,100,100,28,14,34,22,15,4,1,1787413467.2797372,G1,T03,sotto_banco_immobile,1,static
5041098,1,1,1,56,51,93,100,0,70,93,21,1,2,3,7,4,9,0,0,100,100,27,13,35,23,15,4,1,1787413467.4922311,G1,T03,sotto_banco_immobile,1,static
5041298,1,1,1,58,56,62,100,0,46,62,19,10,1,1,7,3,9,0,0,100,100,26,14,35,23,15,4,1,1787413467.6796265,G1,T03,sotto_banco_immobile,1,static
5041498,1,1,1,55,44,100,100,0,81,100,32,8,2,4,5,3,8,0,0,100,100,24,15,34,22,14,4,1,1787413467.8797176,G1,T03,sotto_banco_immobile,1,static
5041698,1,1,1,53,56,100,100,0,100,100,38,11,2,5,6,3,10,0,0,100,99,23,15,33,21,14,4,1,1787413468.0811863,G1,T03,sotto_banco_immobile,1,static
5041898,1,0,1,0,58,0,100,0,30,50,9,7,4,6,6,4,5,0,0,100,98,22,16,33,20,14,4,1,1787413468.280275,G1,T03,sotto_banco_immobile,1,static
5042098,1,1,1,60,59,100,100,0,100,100,70,13,6,6,6,2,4,0,0,100,98,24,16,33,20,14,4,1,1787413468.4919975,G1,T03,sotto_banco_immobile,1,static
5042298,1,1,1,49,55,100,100,0,100,100,46,11,4,7,8,1,5,0,0,100,98,23,17,32,19,14,4,1,1787413468.679565,G1,T03,sotto_banco_immobile,1,static
5042498,1,1,1,58,48,100,100,0,100,100,29,13,8,6,8,2,6,0,0,100,100,22,16,33,19,14,4,1,1787413468.879904,G1,T03,sotto_banco_immobile,1,static
5042698,1,1,1,63,65,100,100,0,84,100,45,8,3,3,5,5,5,0,0,100,100,22,15,34,19,14,4,1,1787413469.0818665,G1,T03,sotto_banco_immobile,1,static
5042898,1,1,1,59,63,89,100,0,64,89,26,2,1,3,6,5,6,0,0,100,100,22,14,34,20,14,4,1,1787413469.280081,G1,T03,sotto_banco_immobile,1,static
5043098,1,1,1,65,75,100,100,0,100,100,58,8,4,3,6,3,6,0,0,100,100,21,13,34,20,14,4,1,1787413469.4926019,G1,T03,sotto_banco_immobile,1,static
5043298,1,1,1,60,66,100,100,0,100,100,31,9,1,5,7,1,6,0,0,100,100,21,12,34,20,14,4,1,1787413469.6796484,G1,T03,sotto_banco_immobile,1,static
5043498,1,1,1,50,49,95,100,0,80,95,20,4,3,3,5,1,5,0,0,100,100,21,12,34,21,15,4,1,1787413469.8798501,G1,T03,sotto_banco_immobile,1,static
5043698,1,1,1,41,50,55,100,0,54,55,15,8,7,4,5,3,7,0,0,100,100,22,13,34,21,15,4,1,1787413470.0823655,G1,T03,sotto_banco_immobile,1,static
5043898,1,1,1,53,41,84,100,0,68,84,20,3,8,7,3,3,5,0,0,100,98,22,14,33,21,15,4,1,1787413470.2798076,G1,T03,sotto_banco_immobile,1,static
5044098,1,1,1,53,51,100,100,0,100,100,40,9,6,7,4,5,6,0,0,100,89,21,15,32,20,14,4,1,1787413470.4918242,G1,T03,sotto_banco_immobile,1,static
5044298,1,1,1,53,55,100,100,0,82,100,21,7,9,6,6,6,3,0,0,100,82,21,15,31,19,14,4,1,1787413470.6797695,G1,T03,sotto_banco_immobile,1,static
5044498,1,1,1,66,53,100,100,0,71,100,42,5,4,5,6,8,4,0,0,100,75,21,14,30,17,13,4,1,1787413470.8795056,G1,T03,sotto_banco_immobile,1,static
5044698,1,1,1,53,56,100,100,0,100,100,45,11,9,8,4,7,4,0,0,100,74,21,15,29,17,13,4,1,1787413471.0823498,G1,T03,sotto_banco_immobile,1,static
5044898,1,1,1,48,52,100,100,0,100,100,30,5,6,6,7,5,7,0,0,100,75,22,16,28,16,12,4,1,1787413471.2797906,G1,T03,sotto_banco_immobile,1,static
5045098,1,1,1,50,48,96,100,0,82,96,25,14,7,3,7,7,8,0,0,100,78,23,17,29,16,12,4,1,1787413471.4916968,G1,T03,sotto_banco_immobile,1,static
5045298,1,1,1,52,50,93,100,0,77,93,27,3,2,1,7,7,8,0,0,100,82,22,16,29,16,12,4,1,1787413471.680259,G1,T03,sotto_banco_immobile,1,static
5045498,1,1,1,65,76,100,100,0,82,100,42,6,1,1,5,5,7,0,0,100,84,22,15,29,16,12,4,1,1787413471.8797352,G1,T03,sotto_banco_immobile,1,static
5045698,1,1,1,58,54,100,100,0,100,100,30,17,4,1,7,5,6,0,0,100,81,22,14,29,15,12,4,1,1787413472.0826783,G1,T03,sotto_banco_immobile,1,static
5045898,1,1,1,64,69,88,100,0,49,88,17,4,3,2,8,3,6,0,0,100,75,23,14,28,15,11,4,1,1787413472.2806745,G1,T03,sotto_banco_immobile,1,static
5046098,1,0,1,0,64,0,100,0,25,32,16,6,2,1,6,3,5,0,0,100,74,23,14,29,14,11,4,1,1787413472.4796524,G1,T03,sotto_banco_immobile,1,static
5046298,1,1,1,50,64,100,100,0,96,100,28,4,4,3,4,5,7,0,0,100,73,23,14,29,15,11,4,1,1787413472.6801596,G1,T03,sotto_banco_immobile,1,static
5046498,1,1,1,56,60,100,100,0,98,100,34,10,5,4,5,6,5,0,0,100,71,23,14,29,15,11,4,1,1787413472.8798354,G1,T03,sotto_banco_immobile,1,static
5046698,1,0,1,0,56,0,100,0,39,50,16,2,7,5,4,5,6,0,0,100,67,23,14,28,14,11,4,1,1787413473.0828383,G1,T03,sotto_banco_immobile,1,static
5046898,1,1,1,49,58,100,100,0,100,100,47,6,3,6,1,6,6,0,0,100,62,23,14,27,13,11,4,1,1787413473.2798014,G1,T03,sotto_banco_immobile,1,static
5047098,1,1,1,46,52,100,100,0,100,100,33,9,7,3,5,5,8,0,0,100,62,24,14,26,13,10,4,1,1787413473.4818704,G1,T03,sotto_banco_immobile,1,static
5047298,1,1,1,49,43,100,100,0,100,100,46,15,9,2,8,8,10,0,0,100,70,24,14,27,13,10,4,1,1787413473.681869,G1,T03,sotto_banco_immobile,1,static
5047498,1,1,1,63,59,100,100,0,100,100,100,9,1,1,7,12,8,0,0,100,80,24,15,29,15,12,4,1,1787413473.8833518,G1,T03,sotto_banco_immobile,1,static
5047698,1,1,1,59,66,100,100,0,100,100,68,6,7,1,6,10,1,0,0,100,88,26,15,30,17,13,4,1,1787413474.0860777,G1,T03,sotto_banco_immobile,1,static
5047898,1,1,1,75,81,100,100,0,100,100,100,3,7,1,1,1,3,0,0,100,93,26,15,32,18,14,4,1,1787413474.2844248,G1,T03,sotto_banco_immobile,1,static
5048098,1,1,1,63,69,100,100,0,100,100,87,12,10,2,6,5,7,0,0,100,93,28,15,32,19,14,4,1,1787413474.4928372,G1,T03,sotto_banco_immobile,1,static
5048298,1,1,1,50,57,100,100,0,90,100,28,7,9,2,9,6,8,0,0,100,88,30,14,32,19,14,4,1,1787413474.6867988,G1,T03,sotto_banco_immobile,1,static
5048498,1,1,1,30,30,62,100,0,62,58,12,6,6,2,8,5,8,0,0,100,86,33,15,32,19,14,4,1,1787413474.8923879,G1,T03,sotto_banco_immobile,1,static
5048698,1,1,1,45,30,100,100,0,100,100,23,8,9,3,7,5,8,0,0,100,87,35,15,33,19,14,4,1,1787413475.087348,G1,T03,sotto_banco_immobile,1,static
5048898,1,1,1,46,43,100,100,0,100,100,35,4,10,5,4,2,8,0,0,100,87,35,14,34,20,14,4,1,1787413475.2883327,G1,T03,sotto_banco_immobile,1,static
5049098,1,0,1,0,49,0,100,0,20,21,8,10,7,7,3,1,8,0,0,100,83,34,14,33,20,15,4,1,1787413475.4922678,G1,T03,sotto_banco_immobile,1,static
5049298,1,1,1,44,46,100,100,0,100,100,65,7,4,7,9,4,6,0,0,100,78,34,15,33,20,14,4,1,1787413475.6926546,G1,T03,sotto_banco_immobile,1,static
5049498,1,1,1,53,42,100,100,0,100,100,64,13,1,2,11,9,2,0,0,100,77,34,15,33,20,15,4,1,1787413475.8930085,G1,T03,sotto_banco_immobile,1,static
5049698,1,1,1,65,56,100,100,0,100,100,55,7,4,1,2,11,1,0,0,100,79,34,16,35,22,16,4,1,1787413476.0927324,G1,T03,sotto_banco_immobile,1,static
5049898,1,1,1,70,75,100,100,0,78,100,60,10,6,2,2,10,2,0,0,100,84,34,16,35,23,17,4,1,1787413476.2928455,G1,T03,sotto_banco_immobile,1,static
5050098,1,1,1,77,70,100,100,0,46,100,67,6,7,1,1,6,2,0,0,100,88,35,16,36,24,18,4,1,1787413476.4921222,G1,T03,sotto_banco_immobile,1,static
5050298,1,1,1,76,76,100,100,0,42,100,53,13,8,1,5,4,6,0,0,100,89,38,17,35,25,18,4,1,1787413476.679752,G1,T03,sotto_banco_immobile,1,static
5050498,1,1,1,51,67,100,100,0,100,100,45,9,8,3,9,1,7,0,0,100,91,41,17,35,25,18,4,1,1787413476.8796782,G1,T03,sotto_banco_immobile,1,static
5050698,1,1,1,30,48,100,100,0,100,99,22,5,8,6,8,2,8,0,0,100,93,43,18,35,25,19,4,1,1787413477.0853035,G1,T03,sotto_banco_immobile,1,static
5050898,1,1,1,30,30,74,100,0,74,72,18,4,8,7,7,3,8,0,0,100,95,45,19,35,26,19,4,1,1787413477.2800887,G1,T03,sotto_banco_immobile,1,static
5051098,1,1,1,30,48,76,100,0,76,75,14,9,9,6,6,2,6,0,0,100,95,46,21,36,27,20,4,1,1787413477.4918761,G1,T03,sotto_banco_immobile,1,static
5051298,1,0,1,0,39,0,100,0,47,45,10,5,4,4,4,3,5,0,0,100,91,48,21,35,26,19,4,1,1787413477.6791096,G1,T03,sotto_banco_immobile,1,static
5051498,1,0,1,0,30,0,100,0,41,45,13,5,1,2,3,2,6,0,0,100,82,49,21,34,25,19,4,1,1787413477.8798363,G1,T03,sotto_banco_immobile,1,static
5051698,1,1,1,41,43,100,100,0,100,100,32,5,6,3,9,2,3,0,0,100,74,46,21,32,23,17,4,1,1787413478.0869486,G1,T03,sotto_banco_immobile,1,static
5051898,1,1,1,56,44,100,100,0,100,100,45,14,5,1,14,5,2,0,0,100,72,47,20,31,21,16,4,1,1787413478.2795672,G1,T03,sotto_banco_immobile,1,static
5052098,1,1,1,60,58,100,100,0,100,100,100,14,15,4,3,9,1,0,0,100,74,48,20,31,21,16,4,1,1787413478.4931095,G1,T03,sotto_banco_immobile,1,static
5052298,1,1,1,69,66,100,100,0,100,100,78,8,7,2,4,10,1,0,0,100,74,51,19,32,22,16,4,1,1787413478.6797605,G1,T03,sotto_banco_immobile,1,static
5052498,1,1,1,77,69,100,100,0,47,100,82,1,7,4,2,3,3,0,0,100,74,52,19,33,22,16,4,1,1787413478.8803053,G1,T03,sotto_banco_immobile,1,static
5052698,1,1,1,65,73,100,100,0,100,100,100,11,7,4,7,5,7,0,0,100,78,54,18,32,22,16,4,1,1787413479.0871935,G1,T03,sotto_banco_immobile,1,static
5052898,1,1,1,48,53,100,100,0,100,100,45,5,8,5,10,8,8,0,0,100,82,55,18,32,22,16,4,1,1787413479.279881,G1,T03,sotto_banco_immobile,1,static
5053098,1,1,1,42,45,83,100,0,78,83,17,2,6,6,9,6,6,0,0,100,88,58,18,31,22,16,4,1,1787413479.492213,G1,T03,sotto_banco_immobile,1,static
5053298,1,1,1,43,42,67,100,0,62,67,12,5,5,5,8,8,8,0,0,100,92,61,17,32,22,16,4,1,1787413479.680288,G1,T03,sotto_banco_immobile,1,static
5053498,1,1,1,42,41,100,100,0,100,100,40,6,10,7,6,8,8,0,0,100,92,61,18,32,22,16,4,1,1787413479.8797317,G1,T03,sotto_banco_immobile,1,static
5053698,1,1,1,52,48,100,100,0,82,100,20,3,7,9,5,1,8,0,0,100,89,63,18,32,22,16,4,1,1787413480.0874186,G1,T03,sotto_banco_immobile,1,static
5053898,1,1,1,48,53,100,100,0,100,100,47,7,5,6,4,1,6,0,0,100,85,62,18,31,22,15,4,1,1787413480.2801764,G1,T03,sotto_banco_immobile,1,static
5054098,1,1,1,38,42,100,100,0,100,100,52,12,8,6,10,6,4,0,0,100,83,63,19,30,21,14,4,1,1787413480.479591,G1,T03,sotto_banco_immobile,1,static
5054298,1,1,1,57,46,100,100,0,100,100,60,5,8,4,11,10,2,0,0,100,83,62,18,30,20,14,4,1,1787413480.6793091,G1,T03,sotto_banco_immobile,1,static
5054498,1,1,1,64,65,100,100,0,97,100,54,6,7,5,1,10,1,0,0,100,80,60,17,31,21,14,4,1,1787413480.8795767,G1,T03,sotto_banco_immobile,1,static
5054698,1,1,1,44,54,67,100,0,63,67,18,5,6,4,1,10,1,0,0,100,77,59,16,31,21,14,4,1,1787413481.0889208,G1,T03,sotto_banco_immobile,1,static
5054898,1,1,1,73,77,100,100,0,91,100,78,8,6,3,5,3,3,0,0,100,76,60,15,31,21,14,4,1,1787413481.2921383,G1,T03,sotto_banco_immobile,1,static
5055098,1,1,1,48,58,100,100,0,100,100,76,10,10,6,9,3,5,0,0,100,75,59,14,31,21,14,4,1,1787413481.4802432,G1,T03,sotto_banco_immobile,1,static
5055298,1,1,1,39,44,100,100,0,100,100,33,8,6,8,11,3,7,0,0,100,74,57,13,31,20,14,4,1,1787413481.6797829,G1,T03,sotto_banco_immobile,1,static
5055498,1,0,1,0,42,0,100,0,35,28,14,6,6,8,7,3,5,0,0,100,77,57,12,31,21,14,4,1,1787413481.8804297,G1,T03,sotto_banco_immobile,1,static
5055698,1,1,1,30,46,78,100,0,78,75,13,7,2,5,7,2,4,0,0,100,81,59,13,32,21,14,4,1,1787413482.0927558,G1,T03,sotto_banco_immobile,1,static
5055898,1,1,1,30,30,65,100,0,65,65,11,9,1,2,7,2,5,0,0,100,81,59,14,32,22,15,4,1,1787413482.292075,G1,T03,sotto_banco_immobile,1,static
5056098,1,0,1,0,44,0,100,0,20,18,8,2,5,4,2,2,5,0,0,100,82,57,15,31,22,15,4,1,1787413482.480175,G1,T03,sotto_banco_immobile,1,static
5056298,1,1,1,39,41,100,100,0,100,100,39,11,5,7,6,4,4,0,0,100,82,52,14,28,20,13,4,1,1787413482.6798675,G1,T03,sotto_banco_immobile,1,static
5056498,1,1,1,42,39,100,100,0,100,100,60,11,11,8,9,9,4,0,0,100,82,48,14,27,19,13,4,1,1787413482.8800964,G1,T03,sotto_banco_immobile,1,static
5056698,1,1,1,64,55,100,100,0,100,100,100,11,13,8,6,10,6,0,0,100,80,48,14,28,20,14,4,1,1787413483.093456,G1,T03,sotto_banco_immobile,1,static
5056898,1,1,1,74,69,100,100,0,66,100,62,12,7,6,4,8,2,0,0,100,80,50,15,30,21,14,4,1,1787413483.2930934,G1,T03,sotto_banco_immobile,1,static
5057098,1,1,1,58,73,83,100,0,62,83,25,5,6,1,4,5,1,0,0,100,80,52,15,31,22,15,4,1,1787413483.4802747,G1,T03,sotto_banco_immobile,1,static
5057298,1,1,1,70,78,100,100,0,100,100,100,1,9,3,1,1,4,0,0,100,80,51,16,31,23,15,4,1,1787413483.679783,G1,T03,sotto_banco_immobile,1,static
5057498,1,1,1,60,66,100,100,0,100,100,72,12,5,5,7,5,7,0,0,100,81,51,15,30,22,15,4,1,1787413483.8799484,G1,T03,sotto_banco_immobile,1,static
5057698,1,1,1,50,52,61,100,0,52,61,17,4,2,6,6,5,7,0,0,100,80,50,14,29,21,14,4,1,1787413484.0923429,G1,T03,sotto_banco_immobile,1,static
5057898,1,1,1,30,50,80,100,0,80,73,13,10,8,5,9,5,8,0,0,100,80,50,13,29,21,14,4,1,1787413484.2929325,G1,T03,sotto_banco_immobile,1,static
5058098,1,1,1,40,30,100,100,0,100,100,37,12,7,7,8,7,8,0,0,100,83,51,14,29,22,15,4,1,1787413484.480382,G1,T03,sotto_banco_immobile,1,static
5058298,1,1,1,41,43,100,100,0,100,100,29,4,9,5,8,7,7,0,0,100,86,54,15,30,23,15,4,1,1787413484.6796427,G1,T03,sotto_banco_immobile,1,static
5058498,1,1,1,30,48,73,100,0,73,70,12,6,3,4,3,3,6,0,0,100,90,56,15,30,23,15,4,1,1787413484.8796883,G1,T03,sotto_banco_immobile,1,static
5058698,1,1,1,51,40,100,100,0,88,100,34,6,10,5,4,2,4,0,0,100,92,55,16,29,22,15,4,1,1787413485.0930054,G1,T03,sotto_banco_immobile,1,static
5058898,1,1,1,47,42,100,100,0,99,100,30,11,9,9,7,1,2,0,0,100,95,55,15,29,22,15,4,1,1787413485.2930288,G1,T03,sotto_banco_immobile,1,static
5059098,1,1,1,39,49,100,100,0,100,100,20,6,2,10,10,1,5,0,0,100,97,58,16,29,21,15,4,1,1787413485.4804294,G1,T03,sotto_banco_immobile,1,static
5059298,1,1,1,43,46,100,100,0,100,100,51,10,9,7,9,3,4,0,0,100,95,58,17,29,21,14,4,1,1787413485.6797485,G1,T03,sotto_banco_immobile,1,static
5059498,1,1,1,62,56,100,100,0,100,100,92,8,8,8,7,5,8,0,0,100,93,60,17,29,21,15,4,1,1787413485.8800182,G1,T03,sotto_banco_immobile,1,static
5059698,1,1,1,74,62,83,100,0,29,83,25,11,7,7,2,3,6,0,0,100,90,62,17,30,21,15,4,1,1787413486.0921795,G1,T03,sotto_banco_immobile,1,static
5059898,1,1,1,53,66,100,100,0,100,100,100,9,1,10,7,5,3,0,0,100,88,61,17,30,21,15,4,1,1787413486.292519,G1,T03,sotto_banco_immobile,1,static
5060098,1,1,1,46,49,100,100,0,100,100,61,17,11,7,11,9,6,0,0,100,93,61,17,30,21,15,4,1,1787413486.479674,G1,T03,sotto_banco_immobile,1,static
5060298,1,0,1,0,42,0,100,0,16,28,12,10,4,5,8,6,6,0,0,100,100,63,17,31,22,15,4,1,1787413486.6798625,G1,T03,sotto_banco_immobile,1,static
5060498,1,0,1,0,55,0,100,0,26,13,4,5,3,7,7,6,6,0,0,100,100,64,18,31,22,15,4,1,1787413486.8803458,G1,T03,sotto_banco_immobile,1,static
5060698,1,1,1,42,42,100,100,0,100,100,32,8,3,8,5,4,8,0,0,100,100,62,18,31,21,15,4,1,1787413487.080236,G1,T03,sotto_banco_immobile,1,static
5060898,1,1,1,52,46,100,100,0,100,100,27,4,5,3,5,1,10,0,0,100,98,59,18,30,20,15,4,1,1787413487.2928915,G1,T03,sotto_banco_immobile,1,static
5061098,1,1,1,30,52,70,100,0,70,65,6,5,5,4,2,0,7,0,0,100,93,55,18,30,19,14,4,1,1787413487.4802957,G1,T03,sotto_banco_immobile,1,static
5061298,1,1,1,44,48,100,100,0,100,100,35,2,3,6,2,2,6,0,0,100,90,53,17,29,19,14,4,1,1787413487.679592,G1,T03,sotto_banco_immobile,1,static
5061498,1,1,1,45,45,100,100,0,100,100,40,12,5,7,8,3,6,0,0,100,88,53,17,29,19,14,4,1,1787413487.8795378,G1,T03,sotto_banco_immobile,1,static
5061698,1,1,1,47,43,100,100,0,100,100,68,4,9,6,12,8,7,0,0,100,90,53,17,29,18,14,4,1,1787413488.0930564,G1,T03,sotto_banco_immobile,1,static
5061898,1,1,1,63,53,100,100,0,100,100,68,12,1,8,9,9,8,0,0,100,92,54,17,30,19,14,4,1,1787413488.2926133,G1,T03,sotto_banco_immobile,1,static
5062098,1,1,1,62,64,100,100,0,100,100,100,7,11,9,1,10,8,0,0,100,91,56,17,31,20,15,4,1,1787413488.4931874,G1,T03,sotto_banco_immobile,1,static
5062298,1,1,1,73,48,100,100,0,100,100,100,2,8,8,2,5,4,0,0,100,90,56,16,31,20,15,4,1,1787413488.6801915,G1,T03,sotto_banco_immobile,1,static
5062498,1,1,1,53,63,100,100,0,100,100,100,8,9,2,8,8,3,0,0,100,86,53,15,30,19,14,4,1,1787413488.8796136,G1,T03,sotto_banco_immobile,1,static
5062698,1,1,1,43,47,100,100,0,100,100,45,12,5,3,10,7,5,0,0,100,86,53,15,30,19,14,4,1,1787413489.079679,G1,T03,sotto_banco_immobile,1,static
5062898,1,1,1,42,30,100,100,0,100,100,29,8,4,6,5,3,3,0,0,100,82,52,15,30,20,14,4,1,1787413489.279454,G1,T03,sotto_banco_immobile,1,static
5063098,1,0,1,0,45,0,100,0,47,49,9,4,7,1,4,3,2,0,0,100,80,51,15,31,21,14,4,1,1787413489.4924734,G1,T03,sotto_banco_immobile,1,static
5063298,1,1,1,43,30,100,100,0,100,100,47,12,6,4,7,5,7,0,0,100,79,51,15,31,21,15,4,1,1787413489.6800585,G1,T03,sotto_banco_immobile,1,static
5063498,1,1,1,48,45,100,100,0,100,100,46,7,8,8,5,3,9,0,0,100,79,49,15,31,21,15,4,1,1787413489.8798063,G1,T03,sotto_banco_immobile,1,static
5063698,1,1,1,41,55,100,100,0,100,100,19,9,6,5,3,1,6,0,0,100,77,47,15,32,21,15,4,1,1787413490.0801647,G1,T03,sotto_banco_immobile,1,static
5063898,1,1,1,45,47,100,100,0,100,100,60,4,2,5,6,4,5,0,0,100,74,46,14,32,21,15,4,1,1787413490.2924325,G1,T03,sotto_banco_immobile,1,static
5064098,1,1,1,39,40,100,100,0,100,100,33,10,4,5,9,6,5,0,0,100,69,44,13,32,21,15,4,1,1787413490.4925575,G1,T03,sotto_banco_immobile,1,static
5064298,1,1,1,45,30,100,100,0,100,100,35,7,3,6,9,8,6,0,0,100,64,42,13,32,20,15,4,1,1787413490.679361,G1,T03,sotto_banco_immobile,1,static
5064498,1,1,1,60,58,100,100,0,100,100,46,9,8,5,7,8,8,0,0,100,64,41,13,32,21,15,4,1,1787413490.8804288,G1,T03,sotto_banco_immobile,1,static
5064698,1,1,1,54,58,100,100,0,100,100,43,6,8,5,1,9,7,0,0,100,65,41,12,32,21,15,4,1,1787413491.0804262,G1,T03,sotto_banco_immobile,1,static
5064898,1,1,1,76,50,100,100,0,47,100,60,4,3,1,2,2,6,0,0,100,66,41,12,32,21,16,4,1,1787413491.2797348,G1,T03,sotto_banco_immobile,1,static
5065098,1,1,1,48,57,100,100,0,100,100,99,9,8,3,10,7,5,0,0,100,66,41,12,31,21,15,4,1,1787413491.493189,G1,T03,sotto_banco_immobile,1,static
5065298,1,1,1,38,44,100,100,0,100,100,36,12,1,5,12,8,7,0,0,100,66,41,12,31,21,15,4,1,1787413491.6801827,G1,T03,sotto_banco_immobile,1,static
5065498,1,1,1,30,30,65,100,0,65,56,13,6,3,3,6,3,6,0,0,100,64,42,11,32,21,16,4,1,1787413491.8803222,G1,T03,sotto_banco_immobile,1,static
5065698,1,1,1,45,39,100,100,0,100,100,33,7,8,4,1,1,3,0,0,100,65,43,12,32,21,16,4,1,1787413492.0800865,G1,T03,sotto_banco_immobile,1,static
5065898,1,1,1,38,38,100,100,0,100,100,23,7,6,3,4,2,5,0,0,100,66,43,13,31,21,16,4,1,1787413492.2803757,G1,T03,sotto_banco_immobile,1,static
5066098,1,1,1,48,44,100,100,0,100,100,42,2,6,8,3,1,8,0,0,100,64,40,14,30,20,15,4,1,1787413492.492773,G1,T03,sotto_banco_immobile,1,static
5066298,1,1,1,46,49,100,100,0,100,100,30,11,4,7,2,1,7,0,0,100,60,37,13,30,19,15,4,1,1787413492.680242,G1,T03,sotto_banco_immobile,1,static
5066498,1,1,1,42,41,100,100,0,100,100,58,14,12,6,9,4,5,0,0,100,64,39,14,30,19,15,4,1,1787413492.8802454,G1,T03,sotto_banco_immobile,1,static
5066698,1,1,1,48,43,100,100,0,100,100,100,7,8,7,10,9,7,0,0,100,66,39,14,30,19,15,4,1,1787413493.0802598,G1,T03,sotto_banco_immobile,1,static
5066898,1,1,1,70,57,100,100,0,52,100,33,9,4,7,3,5,7,0,0,100,71,40,14,31,20,16,4,1,1787413493.2800531,G1,T03,sotto_banco_immobile,1,static
5067098,1,1,1,58,67,91,100,0,69,91,32,5,5,6,1,4,7,0,0,100,74,40,14,32,21,17,4,1,1787413493.4813063,G1,T03,sotto_banco_immobile,1,static
5067298,1,1,1,65,76,100,100,0,100,100,96,1,4,4,5,5,3,0,0,100,77,40,14,32,21,17,4,1,1787413493.680349,G1,T03,sotto_banco_immobile,1,static
5067498,1,1,1,45,53,100,100,0,100,100,57,11,6,3,9,6,3,0,0,100,81,38,13,31,20,16,4,1,1787413493.8802414,G1,T03,sotto_banco_immobile,1,static
5067698,1,1,1,42,43,100,100,0,100,100,28,7,4,3,9,8,3,0,0,100,84,36,12,30,20,15,4,1,1787413494.080189,G1,T03,sotto_banco_immobile,1,static
5067898,1,1,1,42,30,57,100,0,54,57,13,13,10,2,7,7,5,0,0,100,89,38,12,30,19,15,4,1,1787413494.2803676,G1,T03,sotto_banco_immobile,1,static
5068098,1,1,1,49,48,88,100,0,75,88,17,15,13,3,6,9,3,0,0,100,96,43,12,31,20,16,4,1,1787413494.4931762,G1,T03,sotto_banco_immobile,1,static
5068298,1,1,1,41,49,81,100,0,77,81,8,14,4,4,6,9,6,0,0,100,100,48,13,31,20,16,4,1,1787413494.680143,G1,T03,sotto_banco_immobile,1,static
5068498,1,1,1,46,46,66,100,0,59,66,11,9,8,4,5,8,4,0,0,100,100,50,13,30,20,16,4,1,1787413494.879338,G1,T03,sotto_banco_immobile,1,static
5068698,1,0,1,0,46,0,100,0,21,19,9,5,4,6,3,4,6,0,0,100,100,51,14,29,19,15,4,1,1787413495.0795825,G1,T03,sotto_banco_immobile,1,static
5068898,1,1,1,48,59,91,100,0,79,91,18,13,9,10,2,2,8,0,0,100,100,49,14,28,19,15,4,1,1787413495.2799792,G1,T03,sotto_banco_immobile,1,static
5069098,1,1,1,40,41,100,100,0,100,100,23,13,3,9,7,4,7,0,0,100,100,50,15,27,19,15,4,1,1787413495.493584,G1,T03,sotto_banco_immobile,1,static
5069298,1,1,1,41,42,100,100,0,100,100,44,9,5,7,10,5,6,0,0,100,100,51,15,27,18,14,4,1,1787413495.6800086,G1,T03,sotto_banco_immobile,1,static
5069498,1,1,1,51,49,100,100,0,100,100,73,6,8,8,9,9,6,0,0,100,100,51,16,28,18,14,4,1,1787413495.8792868,G1,T03,sotto_banco_immobile,1,static
5069698,1,1,1,54,58,100,100,0,100,100,44,5,2,9,1,8,6,0,0,100,100,51,15,29,19,15,4,1,1787413496.0935557,G1,T03,sotto_banco_immobile,1,static
5069898,1,1,1,74,40,100,100,0,67,100,61,5,5,8,3,2,5,0,0,100,100,51,15,30,20,15,4,1,1787413496.2799635,G1,T03,sotto_banco_immobile,1,static
5070098,1,1,1,45,55,100,100,0,100,100,83,12,10,4,8,5,4,0,0,100,100,49,14,28,19,15,4,1,1787413496.4929242,G1,T03,sotto_banco_immobile,1,static
5070298,1,1,1,30,42,100,100,0,100,100,23,14,8,5,8,7,4,0,0,100,100,50,13,28,19,14,4,1,1787413496.6798942,G1,T03,sotto_banco_immobile,1,static
5070498,1,1,1,30,30,58,100,0,58,57,17,6,9,4,5,5,4,0,0,100,100,49,13,28,19,14,4,1,1787413496.8800683,G1,T03,sotto_banco_immobile,1,static
5070698,1,1,1,41,30,71,100,0,68,71,16,8,5,2,5,4,4,0,0,100,100,48,14,27,18,14,4,1,1787413497.0798864,G1,T03,sotto_banco_immobile,1,static
5070898,1,1,1,41,30,100,100,0,100,100,28,9,5,5,8,6,4,0,0,100,100,48,14,26,17,13,4,1,1787413497.2791948,G1,T03,sotto_banco_immobile,1,static
5071098,1,1,1,51,43,100,100,0,85,100,22,7,11,8,7,6,6,0,0,100,100,48,13,25,16,13,4,1,1787413497.4935348,G1,T03,sotto_banco_immobile,1,static
5071298,1,1,1,41,51,100,100,0,100,100,31,3,4,9,1,3,5,0,0,100,100,48,13,24,16,12,4,1,1787413497.68041,G1,T03,sotto_banco_immobile,1,static
5071498,1,1,1,39,45,100,100,0,100,100,28,13,8,10,6,1,6,0,0,100,100,50,13,24,16,12,4,1,1787413497.8799088,G1,T03,sotto_banco_immobile,1,static
5071698,1,1,1,42,38,100,100,0,100,100,41,6,8,8,6,4,5,0,0,100,100,52,14,24,16,12,4,1,1787413498.0800102,G1,T03,sotto_banco_immobile,1,static
5071898,1,1,1,40,45,100,100,0,100,100,32,10,5,7,9,3,8,0,0,100,100,51,14,25,16,12,4,1,1787413498.2796388,G1,T03,sotto_banco_immobile,1,static
5072098,1,1,1,58,64,100,100,0,100,100,80,1,7,6,5,5,8,0,0,100,97,48,14,25,17,12,4,1,1787413498.480356,G1,T03,sotto_banco_immobile,1,static
5072298,1,1,1,75,47,100,100,0,59,100,61,1,3,3,2,4,6,0,0,100,90,46,14,26,17,12,4,1,1787413498.6933806,G1,T03,sotto_banco_immobile,1,static
5072498,1,1,1,49,62,100,100,0,100,100,74,10,1,4,8,4,4,0,0,100,84,45,13,25,17,12,4,1,1787413498.880312,G1,T03,sotto_banco_immobile,1,static
5072698,1,1,1,39,30,100,100,0,100,100,37,10,9,4,8,6,6,0,0,100,81,43,13,25,16,12,4,1,1787413499.0799644,G1,T03,sotto_banco_immobile,1,static
5072898,1,1,1,52,39,65,100,0,53,65,18,4,10,4,6,6,5,0,0,100,82,42,12,26,16,12,4,1,1787413499.2801378,G1,T03,sotto_banco_immobile,1,static
5073098,1,1,1,46,47,100,100,0,100,100,33,13,8,4,4,4,4,0,0,100,88,44,13,26,16,12,4,1,1787413499.4801264,G1,T03,sotto_banco_immobile,1,static
5073298,1,1,1,30,46,100,100,0,100,100,29,8,8,4,8,6,4,0,0,100,90,46,13,26,17,12,4,1,1787413499.6931138,G1,T03,sotto_banco_immobile,1,static
5073498,1,1,1,41,41,100,100,0,100,100,33,5,6,6,8,8,7,0,0,100,92,47,14,26,17,12,4,1,1787413499.8796685,G1,T03,sotto_banco_immobile,1,static
5073698,1,1,1,30,46,51,100,0,51,48,7,1,6,6,2,5,6,0,0,100,91,47,14,25,16,12,4,1,1787413500.0799294,G1,T03,sotto_banco_immobile,1,static
5073898,1,1,1,30,42,100,100,0,100,100,58,13,12,5,9,0,5,0,0,100,89,45,14,24,15,11,4,1,1787413500.280037,G1,T03,sotto_banco_immobile,1,static
5074098,1,1,1,39,30,100,100,0,100,100,75,11,10,9,9,2,8,0,0,100,92,48,14,25,15,12,4,1,1787413500.4801044,G1,T03,sotto_banco_immobile,1,static
5074298,1,1,1,68,60,100,100,0,100,100,59,8,6,7,5,6,8,0,0,100,96,50,16,27,17,13,4,1,1787413500.6929545,G1,T03,sotto_banco_immobile,1,static
5074498,1,1,1,75,75,100,100,0,73,100,75,8,10,1,4,7,4,0,0,100,100,52,17,29,18,14,4,1,1787413500.8803337,G1,T03,sotto_banco_immobile,1,static
5074698,1,1,1,80,70,94,100,0,18,94,38,6,3,2,3,6,2,0,0,100,100,55,18,31,20,15,4,1,1787413501.0798874,G1,T03,sotto_banco_immobile,1,static
5074898,1,1,1,69,74,100,100,0,100,100,100,3,10,3,4,2,5,0,0,100,100,54,18,31,20,15,4,1,1787413501.2803202,G1,T03,sotto_banco_immobile,1,static
5075098,1,1,1,49,60,100,100,0,100,100,48,16,8,5,7,2,7,0,0,100,100,53,18,30,19,15,4,1,1787413501.4792907,G1,T03,sotto_banco_immobile,1,static
5075298,1,1,1,30,39,77,100,0,77,62,23,10,5,6,7,3,7,0,0,100,100,53,18,30,19,16,4,1,1787413501.69349,G1,T03,sotto_banco_immobile,1,static
5075498,1,0,1,0,30,0,100,0,43,35,7,13,6,6,3,2,6,0,0,100,100,54,18,31,20,16,4,1,1787413501.879599,G1,T03,sotto_banco_immobile,1,static
5075698,1,1,1,30,30,100,100,0,100,100,15,10,10,9,5,3,6,0,0,100,100,56,19,31,20,16,4,1,1787413502.0803537,G1,T03,sotto_banco_immobile,1,static
5075898,1,1,1,39,30,100,100,0,100,100,33,3,3,6,9,7,6,0,0,100,100,57,20,31,20,16,4,1,1787413502.2798073,G1,T03,sotto_banco_immobile,1,static
5076098,1,1,1,45,43,63,100,0,58,63,14,7,6,2,5,7,4,0,0,100,100,58,20,31,20,16,4,1,1787413502.4814863,G1,T03,sotto_banco_immobile,1,static
5076298,1,1,1,72,45,53,100,0,31,53,27,10,6,4,1,4,5,0,0,100,100,58,21,31,19,16,4,1,1787413502.6796064,G1,T03,sotto_banco_immobile,1,static
5076498,1,1,1,45,72,100,100,0,98,100,22,11,7,8,2,2,6,0,0,100,100,58,21,31,20,16,4,1,1787413502.879548,G1,T03,sotto_banco_immobile,1,static
5076698,1,1,1,30,46,100,100,0,100,100,15,11,8,9,8,3,6,0,0,100,100,61,22,30,20,17,4,1,1787413503.0804036,G1,T03,sotto_banco_immobile,1,static
5076898,1,1,1,30,30,100,100,0,100,100,52,8,8,8,9,4,5,0,0,100,100,63,22,30,20,17,4,1,1787413503.2801566,G1,T03,sotto_banco_immobile,1,static
5077098,1,1,1,55,44,100,100,0,100,100,91,5,9,10,8,5,9,0,0,100,100,62,21,32,21,17,4,1,1787413503.4938524,G1,T03,sotto_banco_immobile,1,static
5077298,1,0,1,0,56,0,100,0,18,18,18,3,6,7,2,6,7,0,0,100,100,62,21,33,22,18,4,1,1787413503.6798933,G1,T03,sotto_banco_immobile,1,static
5077498,1,1,1,55,73,100,100,0,100,100,64,10,2,2,6,3,4,0,0,100,100,61,20,32,21,18,4,1,1787413503.8803434,G1,T03,sotto_banco_immobile,1,static
5077698,1,1,1,30,42,100,100,0,100,100,40,10,7,2,8,6,4,0,0,100,100,59,19,32,21,17,4,1,1787413504.0792997,G1,T03,sotto_banco_immobile,1,static
5077898,1,1,1,30,30,62,100,0,62,55,6,11,8,1,6,5,3,0,0,100,100,59,19,32,21,17,4,1,1787413504.2801096,G1,T03,sotto_banco_immobile,1,static
5078098,1,1,1,49,45,65,100,0,56,65,11,9,5,2,5,3,3,0,0,100,100,58,19,31,21,17,4,1,1787413504.4813392,G1,T03,sotto_banco_immobile,1,static
5078298,1,1,1,30,30,100,100,0,100,100,20,9,6,1,8,6,4,0,0,100,100,57,19,30,19,16,4,1,1787413504.6803112,G1,T03,sotto_banco_immobile,1,static
5078498,1,1,1,41,43,100,100,0,100,100,30,3,7,4,9,8,6,0,0,100,100,56,19,29,18,15,4,1,1787413504.8797324,G1,T03,sotto_banco_immobile,1,static
5078698,1,1,1,38,41,52,100,0,52,52,15,7,7,5,1,8,5,0,0,100,100,54,18,28,17,15,4,1,1787413505.0795903,G1,T03,sotto_banco_immobile,1,static
5078898,1,1,1,30,39,100,100,0,100,100,43,12,7,6,5,3,3,0,0,100,100,53,17,27,17,14,4,1,1787413505.2802043,G1,T03,sotto_banco_immobile,1,static
5079098,1,1,1,39,30,100,100,0,100,100,65,14,9,9,7,4,6,0,0,100,100,54,17,28,17,14,4,1,1787413505.4937942,G1,T03,sotto_banco_immobile,1,static
5079298,1,1,1,65,52,100,100,0,100,100,45,8,6,7,7,5,8,0,0,100,100,55,17,30,18,15,4,1,1787413505.680208,G1,T03,sotto_banco_immobile,1,static
5079498,1,1,1,75,70,100,100,0,85,100,83,6,9,7,5,7,6,0,0,100,100,57,18,32,20,16,4,1,1787413505.8801281,G1,T03,sotto_banco_immobile,1,static
5079698,1,1,1,79,69,100,100,0,20,100,41,6,4,4,4,7,3,0,0,100,100,58,17,33,21,17,4,1,1787413506.0796545,G1,T03,sotto_banco_immobile,1,static
5079898,1,1,1,74,74,100,100,0,97,100,85,5,7,6,4,2,4,0,0,100,100,57,17,33,21,17,4,1,1787413506.2802672,G1,T03,sotto_banco_immobile,1,static
5080098,1,1,1,46,60,100,100,0,100,100,50,11,12,8,7,1,7,0,0,100,100,54,16,32,20,16,4,1,1787413506.4937143,G1,T03,sotto_banco_immobile,1,static
5080298,1,1,1,30,39,100,100,0,100,100,32,9,9,7,9,3,9,0,0,100,100,53,15,31,20,16,4,1,1787413506.6803787,G1,T03,sotto_banco_immobile,1,static
5080498,1,1,1,30,30,100,100,0,100,100,15,7,8,6,4,5,7,0,0,100,100,53,15,32,20,16,4,1,1787413506.8795266,G1,T03,sotto_banco_immobile,1,static
5080698,1,1,1,30,43,91,100,0,91,85,14,11,5,5,7,6,4,0,0,100,100,53,15,33,20,16,4,1,1787413507.0799446,G1,T03,sotto_banco_immobile,1,static
5080898,1,1,1,41,30,94,100,0,91,94,19,7,5,3,7,7,3,0,0,100,100,54,15,34,21,17,4,1,1787413507.2796307,G1,T03,sotto_banco_immobile,1,static
5081098,1,0,1,0,39,0,100,0,29,26,8,6,8,1,8,6,5,0,0,100,99,54,16,34,20,17,4,1,1787413507.4931328,G1,T03,sotto_banco_immobile,1,static
5081298,1,1,1,30,39,100,100,0,100,100,17,12,6,5,1,4,4,0,0,100,93,52,16,33,20,16,4,1,1787413507.6805575,G1,T03,sotto_banco_immobile,1,static
5081498,1,1,1,38,39,100,100,0,100,100,32,10,9,6,4,2,5,0,0,100,92,52,15,32,19,15,4,1,1787413507.8799293,G1,T03,sotto_banco_immobile,1,static
5081698,1,1,1,30,30,100,100,0,100,100,42,7,6,9,6,3,6,0,0,100,97,54,16,32,19,16,4,1,1787413508.0803833,G1,T03,sotto_banco_immobile,1,static
5081898,1,1,1,59,45,100,100,0,100,100,97,9,9,6,9,6,8,0,0,100,100,56,17,33,20,16,4,1,1787413508.2801046,G1,T03,sotto_banco_immobile,1,static
5082098,1,1,1,58,65,90,100,0,65,90,21,8,2,5,5,6,7,0,0,100,98,57,17,35,21,17,4,1,1787413508.4802592,G1,T03,sotto_banco_immobile,1,static
5082298,1,1,1,66,77,100,100,0,100,100,85,9,10,5,5,2,2,0,0,100,96,58,16,36,22,18,4,1,1787413508.6940596,G1,T03,sotto_banco_immobile,1,static
5082498,1,1,1,48,52,100,100,0,100,100,79,9,7,7,10,2,2,0,0,100,93,57,15,35,21,17,4,1,1787413508.8801048,G1,T03,sotto_banco_immobile,1,static
5082698,1,1,1,39,40,96,100,0,94,96,16,9,8,8,5,4,1,0,0,100,94,58,15,34,21,17,4,1,1787413509.080262,G1,T03,sotto_banco_immobile,1,static
5082898,1,1,1,53,53,63,100,0,53,63,21,8,9,8,3,3,1,0,0,100,99,61,16,34,21,17,4,1,1787413509.280283,G1,T03,sotto_banco_immobile,1,static
5083098,1,1,1,42,53,78,100,0,75,78,25,7,9,5,4,4,1,0,0,100,100,62,17,34,21,17,4,1,1787413509.4797544,G1,T03,sotto_banco_immobile,1,static
5083298,1,1,1,41,30,100,100,0,100,100,31,15,6,1,9,8,4,0,0,100,100,61,17,33,21,17,4,1,1787413509.6935515,G1,T03,sotto_banco_immobile,1,static
5083498,1,1,1,30,42,65,100,0,65,55,9,7,4,5,4,8,3,0,0,100,100,59,17,31,20,16,4,1,1787413509.88023,G1,T03,sotto_banco_immobile,1,static
5083698,1,1,1,38,30,100,100,0,100,100,60,15,11,7,3,1,5,0,0,100,97,55,17,29,18,15,4,1,1787413510.0802252,G1,T03,sotto_banco_immobile,1,static
5083898,1,1,1,43,38,100,100,0,100,100,62,9,10,7,8,2,7,0,0,100,99,57,17,29,19,14,4,1,1787413510.2802494,G1,T03,sotto_banco_immobile,1,static
5084098,1,1,1,64,46,100,100,0,100,100,61,11,8,6,8,5,8,0,0,100,100,60,17,30,19,15,4,1,1787413510.4802895,G1,T03,sotto_banco_immobile,1,static
5084298,1,1,1,74,73,100,100,0,50,100,48,10,4,5,2,6,6,0,0,100,100,64,17,31,20,16,4,1,1787413510.693424,G1,T03,sotto_banco_immobile,1,static
5084498,1,1,1,77,74,100,100,0,17,100,31,2,3,6,2,5,1,0,0,100,100,66,17,31,20,16,4,1,1787413510.8800256,G1,T03,sotto_banco_immobile,1,static
5084698,1,1,1,65,79,100,100,0,97,100,53,15,11,4,5,2,2,0,0,100,100,66,16,30,20,15,4,1,1787413511.0803277,G1,T03,sotto_banco_immobile,1,static
5084898,1,1,1,49,54,100,100,0,100,100,72,10,9,2,9,1,1,0,0,100,100,65,16,29,20,15,4,1,1787413511.2799966,G1,T03,sotto_banco_immobile,1,static
5085098,1,1,1,30,42,100,100,0,100,100,29,10,8,1,6,2,2,0,0,100,100,65,15,28,20,14,4,1,1787413511.481237,G1,T03,sotto_banco_immobile,1,static
5085298,1,1,1,42,30,85,100,0,81,85,21,9,7,2,5,3,2,0,0,100,100,67,16,28,20,14,4,1,1787413511.680421,G1,T03,sotto_banco_immobile,1,static
5085498,1,1,1,30,30,58,100,0,58,40,10,10,7,1,5,4,1,0,0,100,100,67,17,30,20,15,4,1,1787413511.8799314,G1,T03,sotto_banco_immobile,1,static
5085698,1,1,1,30,30,100,100,0,100,100,21,8,7,4,6,6,3,0,0,100,100,69,18,30,21,15,4,1,1787413512.0799882,G1,T03,sotto_banco_immobile,1,static
5085898,1,1,1,64,42,87,100,0,55,87,29,1,3,4,8,8,3,0,0,100,100,69,19,29,21,15,4,1,1787413512.279785,G1,T03,sotto_banco_immobile,1,static
5086098,1,1,1,42,44,100,100,0,100,100,35,14,6,6,4,6,4,0,0,100,100,67,18,27,21,14,4,1,1787413512.4939528,G1,T03,sotto_banco_immobile,1,static
5086298,1,1,1,30,30,100,100,0,100,100,46,17,12,4,4,3,5,0,0,100,100,66,18,26,20,13,4,1,1787413512.6804981,G1,T03,sotto_banco_immobile,1,static
5086498,1,1,1,48,44,100,100,0,100,100,96,5,5,5,10,4,6,0,0,100,100,67,18,27,20,13,4,1,1787413512.8811722,G1,T03,sotto_banco_immobile,1,static
5086698,1,1,1,75,65,100,100,0,59,100,59,9,9,5,3,6,8,0,0,100,100,68,18,29,21,14,4,1,1787413513.082175,G1,T03,sotto_banco_immobile,1,static
5086898,1,1,1,72,80,100,100,0,65,100,53,5,8,8,3,7,6,0,0,100,100,69,17,31,22,15,4,1,1787413513.2832036,G1,T03,sotto_banco_immobile,1,static
5087098,1,1,1,77,49,100,100,0,62,100,82,3,4,7,1,5,4,0,0,100,100,68,16,32,23,15,4,1,1787413513.4941173,G1,T03,sotto_banco_immobile,1,static
5087298,1,1,1,58,68,100,100,0,100,100,100,9,6,5,6,2,1,0,0,100,100,66,15,31,22,14,4,1,1787413513.685627,G1,T03,sotto_banco_immobile,1,static
5087498,1,1,1,40,48,100,100,0,100,100,34,8,7,4,8,1,1,0,0,100,100,64,15,30,22,14,4,1,1787413513.8871915,G1,T03,sotto_banco_immobile,1,static
5087698,1,0,1,0,30,0,100,0,22,31,19,9,4,4,6,2,3,0,0,100,100,64,15,30,22,14,4,1,1787413514.093709,G1,T03,sotto_banco_immobile,1,static
5087898,1,1,1,54,30,51,100,0,40,51,12,8,6,3,3,1,2,0,0,100,100,63,15,30,21,14,4,1,1787413514.2884097,G1,T03,sotto_banco_immobile,1,static
5088098,1,1,1,42,30,100,100,0,100,100,28,13,4,2,4,4,3,0,0,100,100,61,15,29,21,14,4,1,1787413514.4938445,G1,T03,sotto_banco_immobile,1,static
5088298,1,1,1,30,39,100,100,0,100,100,20,7,9,1,8,4,3,0,0,100,100,59,16,29,20,13,4,1,1787413514.6940708,G1,T03,sotto_banco_immobile,1,static
5088498,1,1,1,30,43,69,100,0,69,66,10,9,1,1,8,7,4,0,0,100,100,57,16,29,20,13,4,1,1787413514.8905628,G1,T03,sotto_banco_immobile,1,static
5088698,1,0,1,0,30,0,100,0,47,48,13,9,4,3,3,6,4,0,0,100,100,55,16,29,20,13,4,1,1787413515.0930438,G1,T03,sotto_banco_immobile,1,static
5088898,1,1,1,41,38,100,100,0,100,100,41,14,11,6,3,3,3,0,0,100,100,54,17,29,20,13,4,1,1787413515.2942047,G1,T03,sotto_banco_immobile,1,static
5089098,1,1,1,45,30,100,100,0,100,100,59,10,10,6,8,1,6,0,0,100,100,53,17,29,19,14,4,1,1787413515.4941485,G1,T03,sotto_banco_immobile,1,static
5089298,1,1,1,63,49,100,100,0,100,100,100,10,9,6,6,6,8,0,0,100,100,56,16,30,20,14,4,1,1787413515.6941478,G1,T03,sotto_banco_immobile,1,static
5089498,1,1,1,74,71,73,100,0,24,73,22,11,7,6,5,6,7,0,0,100,100,59,15,32,21,15,4,1,1787413515.8804119,G1,T03,sotto_banco_immobile,1,static
5089698,1,1,1,77,74,100,100,0,37,100,58,9,3,3,2,5,3,0,0,100,100,59,14,33,21,15,4,1,1787413516.0936713,G1,T03,sotto_banco_immobile,1,static
5089898,1,1,1,56,66,100,100,0,100,100,100,6,10,3,6,1,1,0,0,100,100,57,12,32,20,14,4,1,1787413516.2935107,G1,T03,sotto_banco_immobile,1,static
5090098,1,1,1,30,50,100,100,0,100,100,25,14,9,2,8,3,1,0,0,100,100,56,12,32,19,14,4,1,1787413516.4801042,G1,T03,sotto_banco_immobile,1,static
5090298,1,1,1,51,30,100,100,0,98,100,34,8,9,4,8,1,1,0,0,100,100,56,12,32,20,14,4,1,1787413516.680407,G1,T03,sotto_banco_immobile,1,static
5090498,1,1,1,30,51,53,100,0,53,41,8,10,6,4,7,2,1,0,0,100,100,56,13,31,20,13,4,1,1787413516.879892,G1,T03,sotto_banco_immobile,1,static
5090698,1,1,1,42,30,100,100,0,100,100,33,11,7,3,6,4,1,0,0,100,100,55,14,29,19,12,4,1,1787413517.0804505,G1,T03,sotto_banco_immobile,1,static
5090898,1,1,1,43,45,100,100,0,100,100,24,9,4,2,7,6,3,0,0,100,100,56,15,28,18,12,4,1,1787413517.279539,G1,T03,sotto_banco_immobile,1,static
5091098,1,0,1,0,30,0,100,0,34,39,11,3,4,1,5,6,3,0,0,100,100,57,16,27,18,12,4,1,1787413517.49358,G1,T03,sotto_banco_immobile,1,static
5091298,1,1,1,30,30,52,100,0,52,49,15,13,7,2,4,4,4,0,0,100,100,58,16,28,18,12,4,1,1787413517.6804302,G1,T03,sotto_banco_immobile,1,static
5091498,1,1,1,41,30,100,100,0,100,100,42,10,12,4,3,3,5,0,0,100,100,58,17,28,18,12,4,1,1787413517.8797374,G1,T03,sotto_banco_immobile,1,static
5091698,1,1,1,45,42,100,100,0,100,100,55,12,6,5,7,2,6,0,0,100,100,60,17,28,18,12,4,1,1787413518.0800192,G1,T03,sotto_banco_immobile,1,static
5091898,1,1,1,49,44,100,100,0,100,100,70,9,11,3,6,4,8,0,0,100,100,61,17,29,18,12,4,1,1787413518.280096,G1,T03,sotto_banco_immobile,1,static
5092098,1,1,1,46,57,96,100,0,86,96,24,9,8,4,4,5,8,0,0,100,100,64,16,30,19,13,4,1,1787413518.493544,G1,T03,sotto_banco_immobile,1,static
5092298,1,1,1,50,60,100,100,0,100,100,100,7,9,3,6,1,4,0,0,100,100,63,15,29,19,12,4,1,1787413518.6798034,G1,T03,sotto_banco_immobile,1,static
5092498,1,1,1,42,45,100,100,0,100,100,69,13,9,5,9,6,4,0,0,100,100,63,15,28,19,12,4,1,1787413518.87955,G1,T03,sotto_banco_immobile,1,static
5092698,1,1,1,30,47,72,100,0,72,71,12,6,3,4,7,7,4,0,0,100,100,65,15,28,19,12,4,1,1787413519.0791945,G1,T03,sotto_banco_immobile,1,static
5092898,1,1,1,48,52,100,100,0,100,100,31,14,9,1,4,5,3,0,0,100,100,68,15,29,20,13,4,1,1787413519.2796211,G1,T03,sotto_banco_immobile,1,static
5093098,1,1,1,30,42,100,100,0,100,99,12,8,5,2,7,7,3,0,0,100,100,69,15,29,20,13,4,1,1787413519.4800317,G1,T03,sotto_banco_immobile,1,static
5093298,1,1,1,45,44,100,100,0,100,100,37,12,11,3,7,8,5,0,0,100,100,68,15,28,20,13,4,1,1787413519.694379,G1,T03,sotto_banco_immobile,1,static
5093498,1,0,1,0,50,0,100,0,30,36,8,6,2,4,1,7,7,0,0,100,100,68,15,27,20,12,4,1,1787413519.8801794,G1,T03,sotto_banco_immobile,1,static
5093698,1,1,1,48,48,100,100,0,100,100,30,15,10,8,4,2,8,0,0,100,100,69,16,27,20,13,4,1,1787413520.079627,G1,T03,sotto_banco_immobile,1,static
5093898,1,1,1,43,41,100,100,0,100,100,33,2,6,8,8,2,6,0,0,100,100,71,17,27,20,13,4,1,1787413520.2797272,G1,T03,sotto_banco_immobile,1,static
5094098,1,1,1,42,46,100,100,0,100,100,65,6,10,5,11,9,5,0,0,100,100,72,17,27,20,13,4,1,1787413520.4808245,G1,T03,sotto_banco_immobile,1,static
5094298,1,1,1,52,45,100,100,0,100,100,84,9,11,4,6,5,7,0,0,100,100,70,17,29,21,14,4,1,1787413520.6943436,G1,T03,sotto_banco_immobile,1,static
5094498,1,0,1,0,61,0,100,0,24,49,18,7,8,5,1,4,7,0,0,100,100,70,17,30,21,14,4,1,1787413520.8796508,G1,T03,sotto_banco_immobile,1,static
5094698,1,1,1,50,59,100,100,0,100,100,100,9,8,6,7,5,4,0,0,100,100,68,16,30,21,15,4,1,1787413521.0795343,G1,T03,sotto_banco_immobile,1,static
5094898,1,1,1,39,48,100,100,0,100,100,44,10,5,6,9,6,6,0,0,100,100,65,15,29,20,14,4,1,1787413521.2802336,G1,T03,sotto_banco_immobile,1,static
5095098,1,1,1,30,30,62,100,0,62,62,10,7,6,4,7,6,5,0,0,100,96,62,14,29,20,14,4,1,1787413521.4803383,G1,T03,sotto_banco_immobile,1,static
5095298,1,1,1,50,47,100,100,0,100,100,32,7,9,1,4,5,3,0,0,100,97,63,14,29,20,14,4,1,1787413521.680147,G1,T03,sotto_banco_immobile,1,static
5095498,1,1,1,44,47,67,100,0,62,67,13,10,5,1,6,6,2,0,0,100,100,65,14,29,20,14,4,1,1787413521.8939767,G1,T03,sotto_banco_immobile,1,static
5095698,1,1,1,41,39,100,100,0,100,100,28,8,7,3,9,8,5,0,0,100,100,65,14,30,21,15,4,1,1787413522.0935712,G1,T03,sotto_banco_immobile,1,static
5095898,1,1,1,46,48,93,100,0,82,93,11,9,9,4,5,7,5,0,0,100,98,64,14,29,21,15,4,1,1787413522.2799273,G1,T03,sotto_banco_immobile,1,static
5096098,1,1,1,39,46,96,100,0,94,96,13,7,3,6,4,4,6,0,0,100,92,60,14,28,20,15,4,1,1787413522.4803712,G1,T03,sotto_banco_immobile,1,static
5096298,1,1,1,41,38,100,100,0,100,100,24,11,10,7,8,1,6,0,0,100,89,60,15,28,20,14,4,1,1787413522.6797774,G1,T03,sotto_banco_immobile,1,static
5096498,1,1,1,43,38,100,100,0,100,100,46,6,10,6,10,2,5,0,0,100,92,59,15,28,19,14,4,1,1787413522.8799818,G1,T03,sotto_banco_immobile,1,static
5096698,1,1,1,54,51,100,100,0,100,100,99,3,9,5,8,3,6,0,0,100,93,58,14,28,19,14,4,1,1787413523.0940156,G1,T03,sotto_banco_immobile,1,static
5096898,1,0,1,0,50,0,100,0,44,36,13,8,2,3,1,4,7,0,0,100,93,58,14,29,20,14,4,1,1787413523.293394,G1,T03,sotto_banco_immobile,1,static
5097098,1,1,1,50,53,100,100,0,100,100,93,6,9,4,6,3,4,0,0,100,90,56,13,29,20,14,4,1,1787413523.479869,G1,T03,sotto_banco_immobile,1,static
5097298,1,1,1,50,50,100,100,0,100,100,94,6,11,8,10,8,8,0,0,100,86,53,13,28,19,14,4,1,1787413523.6797576,G1,T03,sotto_banco_immobile,1,static
5097498,1,1,1,41,46,100,100,0,100,100,14,10,4,6,4,3,6,0,0,100,83,50,14,27,19,13,4,1,1787413523.8801746,G1,T03,sotto_banco_immobile,1,static
5097698,1,1,1,45,48,100,100,0,100,100,59,7,10,2,2,2,3,0,0,100,86,48,13,27,18,13,4,1,1787413524.0803113,G1,T03,sotto_banco_immobile,1,static
5097898,1,1,1,39,47,65,100,0,64,65,13,4,6,1,2,2,2,0,0,100,89,49,13,27,18,13,4,1,1787413524.2940154,G1,T03,sotto_banco_immobile,1,static
5098098,1,1,1,42,41,100,100,0,100,100,54,10,11,2,4,8,5,0,0,100,90,50,13,27,18,13,4,1,1787413524.480266,G1,T03,sotto_banco_immobile,1,static
5098298,1,1,1,49,46,100,100,0,100,100,29,9,6,6,2,3,8,0,0,100,87,52,14,27,18,13,4,1,1787413524.6803546,G1,T03,sotto_banco_immobile,1,static
5098498,1,1,1,42,49,100,100,0,100,100,33,9,8,7,3,2,6,0,0,100,83,50,14,26,18,13,4,1,1787413524.8796382,G1,T03,sotto_banco_immobile,1,static
5098698,1,1,1,41,41,100,100,0,100,100,38,10,7,7,9,5,5,0,0,100,82,51,15,25,17,12,4,1,1787413525.0802653,G1,T03,sotto_banco_immobile,1,static
5098898,1,1,1,48,41,100,100,0,100,100,52,4,5,4,8,7,5,0,0,100,84,52,15,26,18,12,4,1,1787413525.294237,G1,T03,sotto_banco_immobile,1,static
5099098,1,1,1,49,49,67,100,0,59,67,22,2,7,3,6,8,6,0,0,100,85,52,15,26,18,13,4,1,1787413525.480156,G1,T03,sotto_banco_immobile,1,static
5099298,1,0,1,0,49,0,100,0,47,49,20,1,2,5,4,6,5,0,0,100,84,50,14,26,18,13,4,1,1787413525.680368,G1,T03,sotto_banco_immobile,1,static
5099498,1,1,1,50,46,100,100,0,100,100,49,8,4,3,1,1,4,0,0,100,81,48,13,26,18,12,4,1,1787413525.8799708,G1,T03,sotto_banco_immobile,1,static
5099698,1,1,1,50,49,100,100,0,100,100,77,8,11,7,10,3,8,0,0,100,79,48,13,26,18,12,4,1,1787413526.0804663,G1,T03,sotto_banco_immobile,1,static
5099898,1,1,1,42,50,100,100,0,100,100,22,10,1,7,3,1,11,0,0,100,76,48,13,26,18,13,4,1,1787413526.293988,G1,T03,sotto_banco_immobile,1,static
5100098,1,1,1,50,43,100,100,0,100,100,36,4,9,3,3,2,7,0,0,100,76,49,13,27,19,13,4,1,1787413526.4796562,G1,T03,sotto_banco_immobile,1,static
5100298,1,1,1,49,46,100,100,0,100,100,25,11,8,2,1,4,4,0,0,100,78,51,13,27,19,13,4,1,1787413526.6799092,G1,T03,sotto_banco_immobile,1,static
5100498,1,1,1,47,30,100,100,0,100,100,30,4,3,4,5,1,8,0,0,100,78,52,14,28,20,13,4,1,1787413526.8814666,G1,T03,sotto_banco_immobile,1,static
5100698,1,1,1,55,50,100,100,0,100,100,35,4,8,6,9,4,8,0,0,100,75,51,14,29,20,14,4,1,1787413527.0946085,G1,T03,sotto_banco_immobile,1,static
5100898,1,1,1,47,55,100,100,0,100,100,29,11,9,9,5,4,7,0,0,100,73,49,14,28,20,14,4,1,1787413527.279583,G1,T03,sotto_banco_immobile,1,static
5101098,1,1,1,42,41,100,100,0,100,100,33,14,6,9,4,4,7,0,0,100,77,50,15,28,20,14,4,1,1787413527.4801426,G1,T03,sotto_banco_immobile,1,static
5101298,1,1,1,51,48,100,100,0,100,100,62,6,6,6,9,5,5,0,0,100,78,51,15,28,19,13,4,1,1787413527.6803513,G1,T03,sotto_banco_immobile,1,static
5101498,1,1,1,46,52,100,100,0,100,100,40,9,5,2,11,8,6,0,0,100,79,52,15,29,20,13,4,1,1787413527.883081,G1,T03,sotto_banco_immobile,1,static
5101698,1,1,1,55,45,95,100,0,73,95,23,6,13,3,8,8,6,0,0,100,77,52,14,30,20,14,4,1,1787413528.0938787,G1,T03,sotto_banco_immobile,1,static
5101898,1,1,1,53,49,100,100,0,100,100,85,3,2,6,4,2,6,0,0,100,74,49,13,30,20,13,4,1,1787413528.2943752,G1,T03,sotto_banco_immobile,1,static
5102098,1,1,1,52,53,100,100,0,100,100,65,8,7,8,7,3,9,0,0,100,74,48,14,29,20,14,4,1,1787413528.4794445,G1,T03,sotto_banco_immobile,1,static
5102298,1,1,1,30,42,96,100,0,96,92,13,10,8,4,3,4,8,0,0,100,74,47,14,29,20,13,4,1,1787413528.6799748,G1,T03,sotto_banco_immobile,1,static
5102498,1,1,1,49,30,100,100,0,89,100,34,4,3,3,4,2,7,0,0,100,74,47,14,29,20,13,4,1,1787413528.8844912,G1,T03,sotto_banco_immobile,1,static
5102698,1,1,1,30,53,85,100,0,85,82,13,10,6,5,3,2,7,0,0,100,71,47,14,30,20,14,4,1,1787413529.0943296,G1,T03,sotto_banco_immobile,1,static
5102898,1,1,1,57,52,100,100,0,100,100,41,5,4,3,8,4,8,0,0,100,69,47,13,30,21,14,4,1,1787413529.294383,G1,T03,sotto_banco_immobile,1,static
5103098,1,1,1,57,55,61,100,0,44,61,12,3,1,6,9,6,7,0,0,100,67,47,13,31,21,14,4,1,1787413529.4802592,G1,T03,sotto_banco_immobile,1,static
5103298,1,1,1,53,57,57,100,0,48,57,22,3,3,4,9,5,5,0,0,100,66,49,13,31,21,14,4,1,1787413529.6802914,G1,T03,sotto_banco_immobile,1,static
5103498,1,1,1,52,54,100,100,0,100,100,41,4,2,5,5,3,6,0,0,100,64,49,14,31,21,15,4,1,1787413529.8857727,G1,T03,sotto_banco_immobile,1,static
5103698,1,1,1,48,51,100,100,0,100,100,48,10,8,3,4,2,7,0,0,100,61,46,14,30,21,14,4,1,1787413530.0946572,G1,T03,sotto_banco_immobile,1,static
5103898,1,1,1,47,47,100,100,0,100,100,46,7,5,4,10,5,9,0,0,100,62,44,13,30,20,13,4,1,1787413530.2942448,G1,T03,sotto_banco_immobile,1,static
5104098,1,1,1,52,48,100,100,0,100,100,81,5,14,4,10,9,8,0,0,100,63,44,14,31,21,14,4,1,1787413530.4797907,G1,T03,sotto_banco_immobile,1,static
5104298,1,1,1,55,53,100,100,0,100,100,46,3,4,4,5,6,3,0,0,100,61,45,14,33,22,15,4,1,1787413530.6799798,G1,T03,sotto_banco_immobile,1,static
5104498,1,1,1,51,52,100,100,0,100,100,90,9,8,7,9,2,9,0,0,100,58,42,14,32,21,14,4,1,1787413530.8945322,G1,T03,sotto_banco_immobile,1,static
5104698,1,1,1,52,53,100,100,0,100,100,52,8,6,11,6,5,9,0,0,100,60,41,14,31,21,14,4,1,1787413531.0945086,G1,T03,sotto_banco_immobile,1,static
5104898,1,1,1,47,53,100,100,0,97,100,22,1,3,8,5,4,6,0,0,100,59,41,14,30,21,13,4,1,1787413531.2799275,G1,T03,sotto_banco_immobile,1,static
5105098,1,1,1,51,50,100,100,0,100,100,37,5,8,7,2,1,4,0,0,100,54,40,14,31,20,13,4,1,1787413531.4800687,G1,T03,sotto_banco_immobile,1,static
5105298,1,1,1,57,51,100,100,0,100,100,34,3,3,8,5,3,5,0,0,100,51,39,13,31,20,13,4,1,1787413531.6799076,G1,T03,sotto_banco_immobile,1,static
5105498,1,1,1,58,53,100,100,0,100,100,41,6,3,9,11,6,7,0,0,100,49,38,13,31,20,13,4,1,1787413531.8878546,G1,T03,sotto_banco_immobile,1,static
5105698,1,0,1,0,56,0,100,0,33,48,15,7,2,8,8,7,7,0,0,100,48,37,13,30,20,13,4,1,1787413532.0940375,G1,T03,sotto_banco_immobile,1,static
5105898,1,1,1,57,63,98,100,0,76,98,36,16,7,5,6,5,4,0,0,100,49,36,14,30,21,13,4,1,1787413532.279683,G1,T03,sotto_banco_immobile,1,static
5106098,1,1,1,45,43,100,100,0,100,100,30,7,5,2,7,6,4,0,0,100,48,35,15,30,21,13,4,1,1787413532.479907,G1,T03,sotto_banco_immobile,1,static
5106298,1,1,1,53,54,100,100,0,100,100,48,8,5,3,6,3,6,0,0,100,45,34,14,29,20,13,4,1,1787413532.6804276,G1,T03,sotto_banco_immobile,1,static
5106498,1,1,1,51,49,100,100,0,100,100,44,5,10,6,8,3,8,0,0,100,45,33,14,29,20,13,4,1,1787413532.894615,G1,T03,sotto_banco_immobile,1,static
5106698,1,1,1,43,46,84,100,0,79,84,13,2,8,7,7,5,8,0,0,100,45,33,14,30,20,13,4,1,1787413533.0942616,G1,T03,sotto_banco_immobile,1,static
5106898,1,1,1,51,38,100,100,0,100,100,53,9,3,5,4,1,7,0,0,100,45,33,14,30,20,13,4,1,1787413533.2799907,G1,T03,sotto_banco_immobile,1,static
5107098,1,1,1,54,51,100,100,0,100,100,48,6,3,4,9,5,3,0,0,100,43,33,14,29,20,13,4,1,1787413533.48036,G1,T03,sotto_banco_immobile,1,static
5107298,1,1,1,49,50,89,100,0,75,89,19,10,7,7,8,4,5,0,0,100,43,33,14,28,19,13,4,1,1787413533.6795015,G1,T03,sotto_banco_immobile,1,static
5107498,1,1,1,39,44,51,100,0,50,51,22,7,6,10,10,2,6,0,0,100,43,34,14,29,19,13,4,1,1787413533.8946688,G1,T03,sotto_banco_immobile,1,static
5107698,1,1,1,48,39,69,100,0,59,69,7,10,9,7,9,4,5,0,0,100,44,36,14,29,19,13,4,1,1787413534.0939586,G1,T03,sotto_banco_immobile,1,static
5107898,1,1,1,57,57,100,100,0,100,100,38,9,2,6,12,6,2,0,0,100,43,36,13,29,19,13,4,1,1787413534.2803545,G1,T03,sotto_banco_immobile,1,static
5108098,1,0,1,0,59,0,100,0,20,22,12,1,2,5,7,7,3,0,0,100,42,35,13,28,18,13,4,1,1787413534.4796095,G1,T03,sotto_banco_immobile,1,static
5108298,1,1,1,42,55,100,100,0,100,100,28,3,1,4,2,8,2,0,0,100,42,32,13,27,17,12,4,1,1787413534.6795404,G1,T03,sotto_banco_immobile,1,static
5108498,1,1,1,56,40,100,100,0,100,100,53,9,8,3,3,7,3,0,0,100,44,34,14,26,18,13,4,1,1787413534.8946366,G1,T03,sotto_banco_immobile,1,static
5108698,1,1,1,54,57,100,100,0,100,100,65,6,9,4,7,2,7,0,0,100,43,35,14,26,17,13,4,1,1787413535.0796576,G1,T03,sotto_banco_immobile,1,static
5108898,1,1,1,50,53,100,100,0,100,100,50,9,2,8,9,5,9,0,0,100,44,36,15,27,18,13,4,1,1787413535.2800517,G1,T03,sotto_banco_immobile,1,static
5109098,1,1,1,47,52,95,100,0,83,95,17,7,9,7,9,7,9,0,0,100,43,38,15,29,19,14,4,1,1787413535.4799628,G1,T03,sotto_banco_immobile,1,static
5109298,1,1,1,55,52,100,100,0,100,100,76,7,7,3,5,4,5,0,0,100,43,38,15,29,19,14,4,1,1787413535.6797879,G1,T03,sotto_banco_immobile,1,static
5109498,1,1,1,56,57,100,100,0,100,100,60,13,7,3,7,8,3,0,0,100,46,37,16,28,19,14,4,1,1787413535.8948085,G1,T03,sotto_banco_immobile,1,static
5109698,1,1,1,61,58,100,100,0,71,100,36,9,2,4,7,8,2,0,0,100,47,36,17,28,19,14,4,1,1787413536.0801,G1,T03,sotto_banco_immobile,1,static
5109898,1,1,1,50,53,100,100,0,100,100,45,5,2,6,8,4,4,0,0,100,45,37,16,28,19,14,4,1,1787413536.280501,G1,T03,sotto_banco_immobile,1,static
5110098,1,1,1,49,52,71,100,0,61,71,18,5,7,9,8,4,6,0,0,100,43,38,16,28,18,13,4,1,1787413536.4801857,G1,T03,sotto_banco_immobile,1,static
5110298,1,1,1,58,58,100,100,0,100,100,36,2,4,6,6,8,4,0,0,100,43,38,15,29,19,13,4,1,1787413536.6799924,G1,T03,sotto_banco_immobile,1,static
5110498,1,1,1,65,62,100,100,0,78,100,37,4,6,5,4,9,1,0,0,100,43,39,15,28,19,13,4,1,1787413536.8946564,G1,T03,sotto_banco_immobile,1,static
5110698,1,1,1,50,52,100,100,0,100,100,35,8,5,5,1,8,1,0,0,100,46,39,16,28,19,13,4,1,1787413537.0800314,G1,T03,sotto_banco_immobile,1,static
5110898,1,1,1,56,46,100,100,0,100,100,46,1,9,4,4,2,1,0,0,100,46,39,17,28,19,14,4,1,1787413537.2804465,G1,T03,sotto_banco_immobile,1,static
5111098,1,1,1,58,58,100,100,0,100,100,60,11,6,1,9,4,5,0,0,100,48,39,18,27,19,14,4,1,1787413537.4791484,G1,T03,sotto_banco_immobile,1,static
5111298,1,1,1,52,56,100,100,0,100,100,58,7,6,5,7,8,9,0,0,100,47,39,19,28,19,14,4,1,1787413537.6798813,G1,T03,sotto_banco_immobile,1,static
5111498,1,1,1,49,53,92,100,0,78,92,20,9,3,7,8,7,8,0,0,100,50,39,20,29,21,15,4,1,1787413537.8946075,G1,T03,sotto_banco_immobile,1,static
5111698,1,1,1,54,49,100,100,0,100,100,47,9,4,3,6,1,6,0,0,100,49,38,20,30,21,15,4,1,1787413538.0797775,G1,T03,sotto_banco_immobile,1,static
5111898,1,1,1,60,56,100,100,0,100,100,78,7,8,3,6,5,3,0,0,100,48,38,21,29,21,15,4,1,1787413538.2800417,G1,T03,sotto_banco_immobile,1,static
5112098,1,1,1,43,53,100,100,0,100,100,33,10,7,4,7,3,4,0,0,100,48,37,21,29,21,15,4,1,1787413538.479627,G1,T03,sotto_banco_immobile,1,static
5112298,1,1,1,57,53,100,100,0,100,100,43,8,4,8,7,4,6,0,0,100,46,38,21,28,20,14,4,1,1787413538.694699,G1,T03,sotto_banco_immobile,1,static
5112498,1,1,1,53,57,99,100,0,78,99,20,6,7,8,7,3,5,0,0,100,43,38,20,29,20,14,4,1,1787413538.8944492,G1,T03,sotto_banco_immobile,1,static
5112698,1,1,1,61,58,100,100,0,100,100,55,6,4,5,4,7,2,0,0,100,43,37,20,29,20,14,4,1,1787413539.0798569,G1,T03,sotto_banco_immobile,1,static
5112898,1,0,1,0,60,0,100,0,27,21,11,3,3,6,1,5,2,0,0,100,44,36,19,28,19,13,4,1,1787413539.2798297,G1,T03,sotto_banco_immobile,1,static
5113098,1,1,1,62,53,100,100,0,81,100,38,2,3,4,5,5,3,0,0,100,44,33,18,26,17,12,4,1,1787413539.4792268,G1,T03,sotto_banco_immobile,1,static
5113298,1,1,1,41,50,100,100,0,100,100,24,13,5,2,7,2,4,0,0,100,46,32,18,25,17,12,4,1,1787413539.681533,G1,T03,sotto_banco_immobile,1,static
5113498,1,1,1,58,52,100,100,0,100,100,40,6,8,2,11,1,5,0,0,100,45,33,18,25,16,12,4,1,1787413539.894285,G1,T03,sotto_banco_immobile,1,static
5113698,1,1,1,46,53,90,100,0,81,90,16,5,9,3,6,1,7,0,0,100,42,34,17,25,16,11,4,1,1787413540.0800798,G1,T03,sotto_banco_immobile,1,static
5113898,1,1,1,30,46,70,100,0,70,69,19,6,7,1,4,1,7,0,0,100,43,36,17,26,16,12,4,1,1787413540.27966,G1,T03,sotto_banco_immobile,1,static
5114098,1,1,1,56,52,100,100,0,100,100,54,6,4,5,5,7,5,0,0,100,46,35,17,26,16,12,4,1,1787413540.4794655,G1,T03,sotto_banco_immobile,1,static
5114298,1,1,1,59,59,100,100,0,100,100,50,11,4,4,7,8,2,0,0,100,48,34,18,25,16,12,4,1,1787413540.6950216,G1,T03,sotto_banco_immobile,1,static
5114498,1,1,1,49,46,100,100,0,100,100,37,7,4,5,6,5,4,0,0,100,47,32,18,25,16,12,4,1,1787413540.8947537,G1,T03,sotto_banco_immobile,1,static
5114698,1,1,1,54,52,100,100,0,95,100,31,11,6,5,5,5,5,0,0,100,48,32,18,23,15,12,4,1,1787413541.0798419,G1,T03,sotto_banco_immobile,1,static
5114898,1,0,1,0,38,0,100,0,15,14,15,10,9,4,4,6,5,0,0,100,53,32,17,23,14,11,4,1,1787413541.2804668,G1,T03,sotto_banco_immobile,1,static
5115098,1,1,1,54,43,94,100,0,75,94,27,2,7,5,5,3,4,0,0,100,55,32,16,23,14,11,4,1,1787413541.4798825,G1,T03,sotto_banco_immobile,1,static
5115298,1,1,1,55,51,100,100,0,100,100,53,12,1,2,5,3,7,0,0,100,60,30,16,22,14,10,4,1,1787413541.694804,G1,T03,sotto_banco_immobile,1,static
5115498,1,1,1,47,52,100,100,0,93,100,16,5,6,2,3,3,7,0,0,100,64,29,15,22,13,10,4,1,1787413541.8948438,G1,T03,sotto_banco_immobile,1,static
5115698,1,1,1,56,63,100,100,0,100,100,30,7,6,1,2,2,6,0,0,100,70,30,15,21,13,9,4,1,1787413542.0795665,G1,T03,sotto_banco_immobile,1,static
5115898,1,1,1,52,48,100,100,0,99,100,23,8,1,2,6,5,5,0,0,100,74,29,15,21,12,9,4,1,1787413542.2797358,G1,T03,sotto_banco_immobile,1,static
5116098,1,0,1,0,61,0,100,0,49,49,15,5,1,4,8,5,5,0,0,100,77,29,15,20,12,9,4,1,1787413542.4797933,G1,T03,sotto_banco_immobile,1,static
5116298,1,0,1,0,43,0,100,0,26,25,8,2,3,4,7,4,4,0,0,100,82,29,15,20,11,8,4,1,1787413542.6938035,G1,T03,sotto_banco_immobile,1,static
5116498,1,1,1,63,65,100,100,0,79,100,31,9,2,3,11,6,2,0,0,100,86,27,15,20,11,8,4,1,1787413542.8797975,G1,T03,sotto_banco_immobile,1,static
5116698,1,1,1,62,62,51,100,0,33,51,15,4,2,3,9,7,2,0,0,100,85,27,15,19,11,8,4,1,1787413543.0797386,G1,T03,sotto_banco_immobile,1,static
5116898,1,0,1,0,62,0,100,0,27,28,10,9,3,3,5,6,3,0,0,100,84,27,15,19,11,8,4,1,1787413543.279888,G1,T03,sotto_banco_immobile,1,static
5117098,1,1,1,55,62,53,100,0,43,53,19,5,2,3,5,5,4,0,0,100,83,26,15,19,11,8,4,1,1787413543.4803097,G1,T03,sotto_banco_immobile,1,static
5117298,1,1,1,55,56,100,100,0,100,100,41,10,5,2,7,3,4,0,0,100,85,27,15,19,11,8,4,1,1787413543.67992,G1,T03,sotto_banco_immobile,1,static
5117498,1,1,1,53,50,100,100,0,100,100,49,8,4,1,7,1,7,0,0,100,88,26,15,19,11,9,4,1,1787413543.8796415,G1,T03,sotto_banco_immobile,1,static
5117698,1,1,1,50,52,100,100,0,100,100,63,4,11,5,6,2,10,0,0,100,91,26,15,20,12,9,4,1,1787413544.0952141,G1,T03,sotto_banco_immobile,1,static
5117898,1,0,1,0,51,0,100,0,34,47,12,1,8,6,9,3,7,0,0,100,91,26,15,22,13,10,4,1,1787413544.2798464,G1,T03,sotto_banco_immobile,1,static
5118098,1,1,1,51,46,100,100,0,100,100,51,2,1,2,1,1,2,0,0,100,90,26,15,23,14,10,4,1,1787413544.4940717,G1,T03,sotto_banco_immobile,1,static
5118298,1,1,1,56,52,100,100,0,100,100,91,17,8,4,11,10,4,0,0,100,93,28,15,24,13,10,4,1,1787413544.695367,G1,T03,sotto_banco_immobile,1,static
5118498,1,1,1,42,65,86,100,0,82,86,13,11,2,1,5,7,2,0,0,100,93,31,15,25,15,11,4,1,1787413544.879964,G1,T03,sotto_banco_immobile,1,static
5118698,1,1,1,55,58,100,100,0,100,100,49,13,4,3,6,6,3,0,0,100,93,32,15,26,15,11,4,1,1787413545.0798519,G1,T03,sotto_banco_immobile,1,static
5118898,1,1,1,50,56,100,100,0,100,100,33,7,7,7,7,6,6,0,0,100,90,32,16,26,15,11,4,1,1787413545.2796593,G1,T03,sotto_banco_immobile,1,static
5119098,1,1,1,70,55,65,100,0,31,65,23,2,6,5,5,8,4,0,0,100,90,34,16,26,15,11,4,1,1787413545.480083,G1,T03,sotto_banco_immobile,1,static
5119298,1,1,1,61,64,100,100,0,100,100,60,9,4,5,4,5,2,0,0,100,87,37,16,26,16,11,4,1,1787413545.6813924,G1,T03,sotto_banco_immobile,1,static
5119498,1,1,1,78,63,66,100,0,32,66,39,11,7,3,2,7,2,0,0,100,81,39,15,25,15,11,4,1,1787413545.879699,G1,T03,sotto_banco_immobile,1,static
5119698,1,1,1,55,60,100,100,0,100,100,46,6,4,2,2,6,3,0,0,100,75,37,15,24,15,11,4,1,1787413546.079719,G1,T03,sotto_banco_immobile,1,static
5119898,1,1,1,55,55,100,100,0,100,100,62,9,4,3,8,7,6,0,0,100,72,37,15,25,15,12,4,1,1787413546.28024,G1,T03,sotto_banco_immobile,1,static
5120098,1,1,1,47,52,100,100,0,100,100,32,7,9,7,8,9,8,0,0,100,70,38,15,27,16,13,4,1,1787413546.4793863,G1,T03,sotto_banco_immobile,1,static
5120298,1,1,1,51,48,100,100,0,100,100,52,12,11,8,9,9,10,0,0,100,67,40,15,29,18,14,4,1,1787413546.6952946,G1,T03,sotto_banco_immobile,1,static
5120498,1,1,1,57,52,96,100,0,72,96,29,3,7,2,9,6,10,0,0,100,66,45,16,32,20,15,4,1,1787413546.879298,G1,T03,sotto_banco_immobile,1,static
5120698,1,1,1,53,52,100,100,0,100,100,65,11,7,6,8,3,7,0,0,100,66,47,16,32,21,16,4,1,1787413547.080369,G1,T03,sotto_banco_immobile,1,static
5120898,1,1,1,57,54,100,100,0,100,100,77,12,7,5,6,8,3,0,0,100,67,47,17,32,21,16,4,1,1787413547.2800536,G1,T03,sotto_banco_immobile,1,static
5121098,1,1,1,45,60,100,100,0,99,100,25,9,6,4,7,8,4,0,0,100,68,47,18,33,22,16,4,1,1787413547.494966,G1,T03,sotto_banco_immobile,1,static
5121298,1,1,1,45,38,100,100,0,99,100,24,1,4,7,8,5,6,0,0,100,66,47,19,34,23,16,4,1,1787413547.6950252,G1,T03,sotto_banco_immobile,1,static
5121498,1,1,1,60,45,67,100,0,48,67,23,6,6,8,7,5,4,0,0,100,64,47,20,35,23,16,4,1,1787413547.880356,G1,T03,sotto_banco_immobile,1,static
5121698,1,1,1,60,63,100,100,0,100,100,39,9,7,6,5,5,2,0,0,100,64,46,20,33,22,15,4,1,1787413548.0798829,G1,T03,sotto_banco_immobile,1,static
5121898,1,1,1,59,62,72,100,0,51,72,21,4,6,5,2,6,3,0,0,100,66,45,20,32,21,14,4,1,1787413548.2803955,G1,T03,sotto_banco_immobile,1,static
5122098,1,1,1,60,66,100,100,0,100,100,49,5,2,3,4,6,3,0,0,100,66,44,20,31,21,14,4,1,1787413548.4803853,G1,T03,sotto_banco_immobile,1,static
5122298,1,1,1,53,53,100,100,0,100,100,42,14,9,2,8,5,5,0,0,100,63,43,20,30,20,13,4,1,1787413548.6954088,G1,T03,sotto_banco_immobile,1,static
5122498,1,1,1,55,57,100,100,0,100,100,55,4,7,1,10,4,7,0,0,100,65,41,20,29,18,13,4,1,1787413548.8802702,G1,T03,sotto_banco_immobile,1,static
5122698,1,1,1,49,52,100,100,0,100,100,39,12,5,3,7,7,9,0,0,100,66,41,20,30,19,13,4,1,1787413549.0801473,G1,T03,sotto_banco_immobile,1,static
5122898,1,1,1,50,52,100,100,0,100,100,30,6,4,5,9,10,10,0,0,100,66,40,20,32,20,14,4,1,1787413549.2954292,G1,T03,sotto_banco_immobile,1,static
5123098,1,1,1,52,46,100,100,0,100,100,57,11,7,5,3,4,6,0,0,100,64,38,19,33,21,15,4,1,1787413549.4799562,G1,T03,sotto_banco_immobile,1,static
5123298,1,1,1,58,56,100,100,0,100,100,83,14,8,1,5,6,3,0,0,100,64,35,19,33,20,15,4,1,1787413549.6947956,G1,T03,sotto_banco_immobile,1,static
5123498,1,1,1,59,56,100,100,0,80,100,39,6,1,2,7,5,2,0,0,100,70,33,20,34,21,15,4,1,1787413549.8951252,G1,T03,sotto_banco_immobile,1,static
5123698,1,1,1,53,38,100,100,0,100,100,48,3,6,5,5,8,5,0,0,100,74,35,20,34,21,15,4,1,1787413550.0796008,G1,T03,sotto_banco_immobile,1,static
5123898,1,1,1,39,53,62,100,0,61,62,13,3,9,6,5,7,5,0,0,100,76,38,20,33,22,14,4,1,1787413550.280127,G1,T03,sotto_banco_immobile,1,static
5124098,1,1,1,60,59,100,100,0,100,100,92,16,5,3,5,6,1,0,0,100,80,38,20,33,21,14,4,1,1787413550.4954028,G1,T03,sotto_banco_immobile,1,static
5124298,1,1,1,58,62,65,100,0,46,65,16,3,4,1,5,6,2,0,0,100,86,37,19,32,20,13,4,1,1787413550.6945953,G1,T03,sotto_banco_immobile,1,static
5124498,1,1,1,51,56,100,100,0,100,100,31,8,4,1,2,6,3,0,0,100,90,33,18,30,18,12,4,1,1787413550.8795013,G1,T03,sotto_banco_immobile,1,static
5124698,1,1,1,61,56,100,100,0,100,100,63,10,9,1,1,5,4,0,0,100,93,32,18,28,17,11,4,1,1787413551.0796301,G1,T03,sotto_banco_immobile,1,static
5124898,1,1,1,53,58,100,100,0,93,100,33,10,8,1,2,3,4,0,0,100,95,33,17,28,17,11,4,1,1787413551.280021,G1,T03,sotto_banco_immobile,1,static
5125098,1,1,1,59,49,100,100,0,95,100,39,9,6,2,3,4,5,0,0,100,96,34,16,27,16,11,4,1,1787413551.4951499,G1,T03,sotto_banco_immobile,1,static
5125298,1,1,1,47,52,100,100,0,100,100,19,3,7,3,4,6,6,0,0,100,97,36,15,27,16,12,4,1,1787413551.6954172,G1,T03,sotto_banco_immobile,1,static
5125498,1,1,1,62,66,100,100,0,89,100,42,12,6,4,3,6,6,0,0,100,100,37,14,26,16,12,4,1,1787413551.8828003,G1,T03,sotto_banco_immobile,1,static
5125698,1,1,1,56,50,100,100,0,100,100,39,10,8,4,6,5,4,0,0,100,100,38,13,25,15,12,4,1,1787413552.0954401,G1,T03,sotto_banco_immobile,1,static
5125898,1,1,1,66,62,100,100,0,93,100,53,8,8,5,6,5,3,0,0,100,100,38,13,24,15,11,4,1,1787413552.2839031,G1,T03,sotto_banco_immobile,1,static
5126098,1,0,1,0,59,0,100,0,26,39,16,7,6,6,8,4,3,0,0,100,100,39,14,24,14,11,4,1,1787413552.4855714,G1,T03,sotto_banco_immobile,1,static
5126298,1,0,1,0,66,0,100,0,28,27,20,8,5,6,6,6,2,0,0,100,100,39,13,25,14,12,4,1,1787413552.6949,G1,T03,sotto_banco_immobile,1,static
5126498,1,0,1,0,66,0,100,0,34,25,5,7,7,5,6,5,1,0,0,100,100,40,13,25,15,12,4,1,1787413552.8948038,G1,T03,sotto_banco_immobile,1,static
5126698,1,1,1,60,66,100,100,0,100,100,41,8,8,5,6,5,2,0,0,100,100,39,13,24,14,11,4,1,1787413553.0953367,G1,T03,sotto_banco_immobile,1,static
5126898,1,1,1,52,58,100,100,0,100,100,45,8,5,6,4,3,3,0,0,100,100,38,13,22,14,11,4,1,1787413553.2892454,G1,T03,sotto_banco_immobile,1,static
5127098,1,1,1,66,64,100,100,0,100,100,72,14,11,4,1,2,4,0,0,100,100,37,14,21,13,10,4,1,1787413553.4954612,G1,T03,sotto_banco_immobile,1,static
5127298,1,1,1,59,63,100,100,0,100,100,72,10,7,3,5,4,7,0,0,100,100,39,14,21,13,11,4,1,1787413553.6955843,G1,T03,sotto_banco_immobile,1,static
5127498,1,1,1,53,55,100,100,0,100,100,35,2,5,4,9,8,9,0,0,100,100,39,14,23,14,11,4,1,1787413553.8954499,G1,T03,sotto_banco_immobile,1,static
5127698,1,1,1,50,53,100,100,0,100,100,23,6,6,2,8,5,8,0,0,100,100,39,14,24,15,12,4,1,1787413554.0954053,G1,T03,sotto_banco_immobile,1,static
5127898,1,1,1,58,57,100,100,0,100,100,61,6,6,4,5,1,4,0,0,100,100,36,14,25,15,12,4,1,1787413554.2953875,G1,T03,sotto_banco_immobile,1,static
5128098,1,1,1,64,61,100,100,0,100,100,71,8,7,7,7,3,2,0,0,100,100,35,15,24,15,12,4,1,1787413554.4952693,G1,T03,sotto_banco_immobile,1,static
5128298,1,1,1,38,47,84,100,0,83,84,16,8,5,7,5,4,3,0,0,100,100,34,15,24,15,11,4,1,1787413554.6943786,G1,T03,sotto_banco_immobile,1,static
5128498,1,1,1,75,38,54,100,0,27,54,28,3,1,8,5,4,3,0,0,100,100,34,16,24,14,11,4,1,1787413554.893586,G1,T03,sotto_banco_immobile,1,static
5128698,1,1,1,76,65,100,100,0,42,100,52,8,3,7,7,4,3,0,0,100,100,34,16,25,15,11,4,1,1787413555.095301,G1,T03,sotto_banco_immobile,1,static
5128898,1,1,1,79,79,100,100,0,26,100,71,8,6,5,9,5,3,0,0,100,100,34,16,27,16,12,4,1,1787413555.280503,G1,T03,sotto_banco_immobile,1,static
5129098,1,0,1,0,76,0,100,0,24,48,36,11,3,7,3,4,2,0,0,100,100,34,16,28,16,12,4,1,1787413555.494854,G1,T03,sotto_banco_immobile,1,static
5129298,1,1,1,61,79,100,100,0,100,100,47,4,5,6,2,4,4,0,0,100,100,32,16,28,17,12,4,1,1787413555.6797833,G1,T03,sotto_banco_immobile,1,static
5129498,1,1,1,61,52,100,100,0,100,100,58,14,8,6,3,4,5,0,0,100,98,30,17,27,17,12,4,1,1787413555.8798053,G1,T03,sotto_banco_immobile,1,static
5129698,1,1,1,72,70,100,100,0,98,100,81,14,3,6,1,1,5,0,0,100,100,31,18,28,18,12,4,1,1787413556.0800107,G1,T03,sotto_banco_immobile,1,static
5129898,1,1,1,66,72,100,100,0,94,100,53,9,5,2,2,2,5,0,0,100,100,32,19,28,18,12,4,1,1787413556.295303,G1,T03,sotto_banco_immobile,1,static
5130098,1,1,1,63,66,100,100,0,97,100,24,10,6,2,7,4,7,0,0,100,100,34,19,30,18,13,4,1,1787413556.495186,G1,T03,sotto_banco_immobile,1,static
5130298,1,1,1,59,52,100,100,0,85,100,29,5,3,1,3,4,5,0,0,100,100,34,20,30,19,13,4,1,1787413556.695242,G1,T03,sotto_banco_immobile,1,static
5130498,1,1,1,66,60,100,100,0,100,100,55,4,4,5,2,2,3,0,0,100,100,32,20,29,19,13,4,1,1787413556.8795795,G1,T03,sotto_banco_immobile,1,static
5130698,1,1,1,73,70,100,100,0,88,100,78,12,6,7,6,5,5,0,0,100,100,32,20,29,19,13,4,1,1787413557.079927,G1,T03,sotto_banco_immobile,1,static
5130898,1,1,1,56,73,90,100,0,69,90,27,10,4,6,8,3,3,0,0,100,100,33,20,29,19,13,4,1,1787413557.280094,G1,T03,sotto_banco_immobile,1,static
5131098,1,1,1,66,67,89,100,0,45,89,18,5,2,7,9,3,4,0,0,100,100,34,20,30,19,13,4,1,1787413557.4801316,G1,T03,sotto_banco_immobile,1,static
5131298,1,1,1,79,66,100,100,0,26,100,61,11,3,3,9,4,3,0,0,100,100,34,21,30,18,12,4,1,1787413557.6812603,G1,T03,sotto_banco_immobile,1,static
5131498,1,1,1,76,79,100,100,0,54,100,68,10,3,2,7,5,3,0,0,100,100,33,21,28,17,11,4,1,1787413557.8955052,G1,T03,sotto_banco_immobile,1,static
5131698,1,1,1,79,79,100,100,0,34,100,53,9,3,2,4,6,4,0,0,100,100,33,21,28,17,11,4,1,1787413558.079605,G1,T03,sotto_banco_immobile,1,static
5131898,1,1,1,72,79,66,100,0,36,66,32,9,2,4,7,6,3,0,0,100,100,33,21,28,17,11,4,1,1787413558.2798808,G1,T03,sotto_banco_immobile,1,static
5132098,1,1,1,41,49,100,100,0,100,100,29,12,4,5,6,6,5,0,0,100,100,32,20,28,17,11,4,1,1787413558.495668,G1,T03,sotto_banco_immobile,1,static
5132298,1,1,1,76,56,100,100,0,83,100,92,21,2,7,7,4,7,0,0,100,100,32,21,27,17,12,4,1,1787413558.695684,G1,T03,sotto_banco_immobile,1,static
5132498,1,1,1,80,79,100,100,0,46,100,76,16,2,8,9,3,7,0,0,100,100,32,22,26,17,12,4,1,1787413558.8953454,G1,T03,sotto_banco_immobile,1,static
5132698,1,1,1,74,74,100,100,0,59,100,55,10,8,5,3,1,7,0,0,100,100,31,22,26,17,12,4,1,1787413559.0956862,G1,T03,sotto_banco_immobile,1,static
5132898,1,1,1,67,74,100,100,0,81,100,25,7,5,1,4,4,8,0,0,100,100,31,23,26,17,12,4,1,1787413559.2955618,G1,T03,sotto_banco_immobile,1,static
5133098,1,1,1,67,58,100,100,0,100,100,64,16,8,7,4,1,5,0,0,100,100,31,23,26,17,12,4,1,1787413559.4803813,G1,T03,sotto_banco_immobile,1,static
5133298,1,1,1,61,70,100,100,0,100,100,44,4,10,6,6,3,4,0,0,100,100,32,23,25,16,12,4,1,1787413559.6803875,G1,T03,sotto_banco_immobile,1,static
5133498,1,1,1,87,56,71,100,0,28,71,50,18,6,7,7,2,4,0,0,100,100,32,23,26,15,11,4,1,1787413559.895396,G1,T03,sotto_banco_immobile,1,static
5133698,1,1,1,60,76,92,100,0,60,92,20,7,9,6,7,2,5,0,0,100,100,31,22,26,15,11,4,1,1787413560.0796938,G1,T03,sotto_banco_immobile,1,static
5133898,1,1,1,79,65,100,100,0,28,100,59,11,5,3,7,2,3,0,0,100,100,30,22,25,15,11,4,1,1787413560.2955446,G1,T03,sotto_banco_immobile,1,static
5134098,1,1,1,78,80,100,100,0,24,100,58,7,10,3,7,4,5,0,0,100,100,29,21,24,14,10,4,1,1787413560.4799783,G1,T03,sotto_banco_immobile,1,static
5134298,1,0,1,0,74,0,100,0,15,46,14,15,13,8,1,3,6,0,0,100,100,33,22,24,13,11,4,1,1787413560.6821282,G1,T03,sotto_banco_immobile,1,static
5134498,1,1,1,70,74,83,100,0,45,83,36,4,9,5,5,5,3,0,0,100,100,36,23,25,14,11,4,1,1787413560.879992,G1,T03,sotto_banco_immobile,1,static
5134698,1,1,1,60,72,100,100,0,99,100,54,10,14,7,7,5,5,0,0,100,100,41,24,25,13,11,4,1,1787413561.0798588,G1,T03,sotto_banco_immobile,1,static
5134898,1,1,1,59,56,100,100,0,100,100,53,11,5,8,9,5,6,0,0,100,100,42,25,24,13,11,4,1,1787413561.2956197,G1,T03,sotto_banco_immobile,1,static
5135098,1,1,1,75,71,100,100,0,61,100,62,21,14,9,2,4,6,0,0,100,100,44,26,25,13,11,4,1,1787413561.4801493,G1,T03,sotto_banco_immobile,1,static
5135298,1,1,1,76,79,100,100,0,41,100,51,15,2,2,3,1,7,0,0,100,100,46,28,26,13,12,4,1,1787413561.682575,G1,T03,sotto_banco_immobile,1,static
5135498,1,1,1,74,74,100,100,0,30,100,22,9,8,8,4,2,5,0,0,100,100,48,29,27,13,12,4,1,1787413561.8802323,G1,T03,sotto_banco_immobile,1,static
5135698,1,1,1,74,69,100,100,0,80,100,75,27,16,7,3,3,5,0,0,100,100,49,30,26,13,12,4,1,1787413562.0802612,G1,T03,sotto_banco_immobile,1,static
5135898,1,1,1,80,80,100,100,0,40,100,100,15,9,7,7,6,5,0,0,100,100,50,30,25,13,11,4,1,1787413562.2957268,G1,T03,sotto_banco_immobile,1,static
5136098,1,1,1,79,82,100,100,0,25,100,42,13,15,9,9,7,5,0,0,100,100,54,32,26,13,11,4,1,1787413562.4954693,G1,T03,sotto_banco_immobile,1,static
5136298,1,1,1,65,73,100,100,0,65,100,19,11,5,3,8,3,4,0,0,100,100,58,33,27,12,11,4,1,1787413562.6950388,G1,T03,sotto_banco_immobile,1,static
5136498,1,1,1,66,69,100,100,0,63,100,30,4,2,1,8,3,4,0,0,100,100,60,33,28,12,11,4,1,1787413562.8797853,G1,T03,sotto_banco_immobile,1,static
5136698,1,1,1,79,66,100,100,0,20,100,47,1,8,2,6,4,4,0,0,100,100,63,33,28,11,10,4,1,1787413563.0954378,G1,T03,sotto_banco_immobile,1,static
5136898,1,1,1,75,76,74,100,0,21,74,23,3,4,3,4,4,5,0,0,100,100,65,33,27,10,9,4,1,1787413563.2799153,G1,T03,sotto_banco_immobile,1,static
5137098,1,1,1,55,69,100,100,0,93,100,31,1,4,3,4,6,6,0,0,100,100,67,33,27,10,9,4,1,1787413563.4798555,G1,T03,sotto_banco_immobile,1,static
5137298,1,1,1,72,52,100,100,0,79,100,66,12,6,3,5,5,5,0,0,100,100,67,33,27,10,9,4,1,1787413563.6857128,G1,T03,sotto_banco_immobile,1,static
5137498,1,1,1,80,82,100,100,0,58,100,100,17,6,8,9,3,7,0,0,100,100,66,34,27,10,10,4,1,1787413563.895846,G1,T03,sotto_banco_immobile,1,static
5137698,1,1,1,77,79,100,100,0,55,100,67,15,10,8,8,1,7,0,0,100,100,67,35,27,10,10,4,1,1787413564.094947,G1,T03,sotto_banco_immobile,1,static
5137898,1,1,1,75,79,100,100,0,57,100,55,13,7,7,1,1,7,0,0,100,100,69,36,28,11,10,4,1,1787413564.2953544,G1,T03,sotto_banco_immobile,1,static
5138098,1,1,1,76,72,55,100,0,19,55,23,11,6,3,2,1,7,0,0,100,100,69,36,28,11,10,4,1,1787413564.4954863,G1,T03,sotto_banco_immobile,1,static
5138298,1,1,1,71,80,100,100,0,70,100,55,10,8,6,6,2,6,0,0,100,100,63,35,26,11,10,4,1,1787413564.695682,G1,T03,sotto_banco_immobile,1,static
5138498,1,1,1,76,66,100,100,0,71,100,80,16,3,8,10,3,6,0,0,100,100,61,35,26,10,9,4,1,1787413564.8958535,G1,T03,sotto_banco_immobile,1,static
5138698,1,1,1,75,77,78,100,0,47,78,46,17,3,7,9,3,6,0,0,100,100,57,34,26,10,9,4,1,1787413565.094933,G1,T03,sotto_banco_immobile,1,static
5138898,1,1,1,63,59,66,100,0,40,66,17,8,1,1,9,3,3,0,0,100,100,57,33,26,9,9,4,1,1787413565.28036,G1,T03,sotto_banco_immobile,1,static
5139098,1,1,1,81,77,80,100,0,19,80,38,10,1,1,7,3,5,0,0,100,100,54,33,26,9,9,4,1,1787413565.4802232,G1,T03,sotto_banco_immobile,1,static
5139298,1,1,1,79,76,100,100,0,26,100,43,7,6,3,5,5,3,0,0,100,100,52,31,25,9,9,4,1,1787413565.6954985,G1,T03,sotto_banco_immobile,1,static
5139498,1,1,1,73,76,100,100,0,42,100,31,7,7,3,2,6,6,0,0,100,100,50,30,24,8,8,4,1,1787413565.8955429,G1,T03,sotto_banco_immobile,1,static
5139698,1,1,1,52,44,100,100,0,100,100,44,12,5,2,3,6,6,0,0,100,100,49,29,23,8,8,4,1,1787413566.0953963,G1,T03,sotto_banco_immobile,1,static
5139898,1,1,1,74,71,100,100,0,92,100,84,11,3,4,5,3,7,0,0,100,100,48,29,23,8,8,4,1,1787413566.2954628,G1,T03,sotto_banco_immobile,1,static
5140098,1,1,1,82,80,100,100,0,56,100,100,24,10,9,8,2,5,0,0,100,100,45,28,22,8,8,4,1,1787413566.495644,G1,T03,sotto_banco_immobile,1,static
5140298,1,1,1,75,77,100,100,0,58,100,57,14,6,9,2,1,5,0,0,100,100,44,28,23,8,9,4,1,1787413566.6950307,G1,T03,sotto_banco_immobile,1,static
5140498,1,1,1,68,74,67,100,0,31,67,15,8,6,2,4,2,5,0,0,100,100,44,28,24,9,9,4,1,1787413566.8954701,G1,T03,sotto_banco_immobile,1,static
5140698,1,1,1,76,68,100,100,0,46,100,53,14,6,7,3,1,4,0,0,100,100,42,27,25,10,10,4,1,1787413567.095688,G1,T03,sotto_banco_immobile,1,static
5140898,1,1,1,80,80,100,100,0,44,100,100,16,6,4,6,6,5,0,0,100,100,40,28,24,10,9,4,1,1787413567.295683,G1,T03,sotto_banco_immobile,1,static
5141098,1,1,1,78,76,100,100,0,43,100,61,14,6,5,9,6,5,0,0,100,100,38,29,23,10,9,4,1,1787413567.480013,G1,T03,sotto_banco_immobile,1,static
5141298,1,1,1,64,80,81,100,0,63,81,48,18,3,5,9,5,4,0,0,100,100,38,29,24,11,9,4,1,1787413567.6955557,G1,T03,sotto_banco_immobile,1,static
5141498,1,1,1,64,61,76,100,0,41,76,12,8,1,2,6,3,4,0,0,100,100,39,29,24,10,9,4,1,1787413567.8950975,G1,T03,sotto_banco_immobile,1,static
5141698,1,1,1,84,64,92,100,0,16,92,49,12,3,1,4,3,5,0,0,100,100,37,28,24,10,8,4,1,1787413568.0955362,G1,T03,sotto_banco_immobile,1,static
5141898,1,1,1,71,79,100,100,0,57,100,38,2,9,5,5,5,5,0,0,100,100,35,28,24,9,8,4,1,1787413568.295766,G1,T03,sotto_banco_immobile,1,static
5142098,1,1,1,66,73,100,100,0,100,100,59,4,9,5,2,7,8,0,0,100,100,35,28,24,9,9,4,1,1787413568.4957402,G1,T03,sotto_banco_immobile,1,static
5142298,1,1,1,65,53,100,100,0,68,100,33,12,2,4,4,7,6,0,0,100,100,36,27,24,9,9,4,1,1787413568.6956987,G1,T03,sotto_banco_immobile,1,static
5142498,1,1,1,84,82,100,100,0,23,100,100,24,5,7,9,7,7,0,0,100,100,36,27,24,10,9,4,1,1787413568.880281,G1,T03,sotto_banco_immobile,1,static
5142698,1,1,1,82,84,100,100,0,36,100,69,16,7,6,8,4,7,0,0,100,100,35,27,24,10,10,4,1,1787413569.095697,G1,T03,sotto_banco_immobile,1,static
5142898,1,1,1,81,83,100,100,0,16,100,66,14,12,8,4,2,6,0,0,100,100,37,28,25,10,10,4,1,1787413569.2960906,G1,T03,sotto_banco_immobile,1,static
5143098,1,1,1,76,78,89,100,0,15,89,23,6,4,3,2,1,5,0,0,100,100,39,29,26,11,10,4,1,1787413569.4802506,G1,T03,sotto_banco_immobile,1,static
5143298,1,1,1,82,78,100,100,0,24,100,100,24,10,4,6,5,7,0,0,100,100,39,29,26,11,10,4,1,1787413569.696099,G1,T03,sotto_banco_immobile,1,static
5143498,1,1,1,83,82,100,100,0,21,100,100,24,8,10,10,6,8,0,0,100,100,38,29,26,11,10,4,1,1787413569.8957543,G1,T03,sotto_banco_immobile,1,static
5143698,1,1,1,53,83,100,100,0,100,100,34,9,6,5,4,6,4,0,0,100,100,38,29,26,11,10,4,1,1787413570.0957623,G1,T03,sotto_banco_immobile,1,static
5143898,1,1,1,70,65,100,100,0,100,100,64,10,6,4,6,4,3,0,0,100,100,38,30,26,11,10,4,1,1787413570.2959166,G1,T03,sotto_banco_immobile,1,static
5144098,1,1,1,70,68,69,100,0,34,69,23,5,2,3,4,5,4,0,0,100,100,37,30,26,11,10,4,1,1787413570.4802117,G1,T03,sotto_banco_immobile,1,static
5144298,1,1,1,75,77,100,100,0,67,100,72,8,7,3,5,6,5,0,0,100,100,35,28,25,11,10,4,1,1787413570.6958156,G1,T03,sotto_banco_immobile,1,static
5144498,1,0,1,0,74,0,100,0,29,46,14,6,6,3,3,6,5,0,0,100,100,33,27,24,10,10,4,1,1787413570.8803997,G1,T03,sotto_banco_immobile,1,static
5144698,1,1,1,80,84,100,100,0,31,100,72,13,3,2,5,5,6,0,0,100,100,32,26,23,10,10,4,1,1787413571.0959046,G1,T03,sotto_banco_immobile,1,static
5144898,1,1,1,54,69,100,100,0,100,100,48,10,3,3,5,5,7,0,0,100,100,31,25,23,10,10,4,1,1787413571.295822,G1,T03,sotto_banco_immobile,1,static
5145098,1,1,1,75,66,100,100,0,94,100,96,27,3,8,7,5,8,0,0,100,100,30,25,22,9,10,4,1,1787413571.480334,G1,T03,sotto_banco_immobile,1,static
5145298,1,1,1,76,83,100,100,0,55,100,66,15,9,6,9,3,6,0,0,100,100,30,25,23,9,10,4,1,1787413571.6955202,G1,T03,sotto_banco_immobile,1,static
5145498,1,1,1,72,76,100,100,0,98,100,60,12,9,11,4,2,4,0,0,100,100,33,26,24,11,11,4,1,1787413571.8961008,G1,T03,sotto_banco_immobile,1,static
5145698,1,1,1,63,60,85,100,0,54,85,26,4,2,1,2,4,5,0,0,100,100,35,27,26,13,12,4,1,1787413572.095175,G1,T03,sotto_banco_immobile,1,static
5145898,1,1,1,75,59,100,100,0,100,100,100,17,9,10,8,3,4,0,0,100,100,37,26,25,13,12,4,1,1787413572.2961102,G1,T03,sotto_banco_immobile,1,static
5146098,1,1,1,82,79,100,100,0,16,100,100,17,8,3,9,7,6,0,0,100,100,36,26,24,13,11,4,1,1787413572.49583,G1,T03,sotto_banco_immobile,1,static
5146298,1,1,1,58,86,100,100,0,93,100,39,13,4,1,5,6,4,0,0,100,100,35,27,24,13,11,4,1,1787413572.6957407,G1,T03,sotto_banco_immobile,1,static
5146498,1,1,1,72,66,100,100,0,61,100,41,7,5,3,7,3,3,0,0,100,100,34,27,25,13,11,4,1,1787413572.895631,G1,T03,sotto_banco_immobile,1,static
5146698,1,1,1,79,72,100,100,0,22,100,65,4,8,4,4,5,4,0,0,100,100,33,26,24,13,11,4,1,1787413573.095214,G1,T03,sotto_banco_immobile,1,static
5146898,1,1,1,72,75,100,100,0,66,100,50,5,10,2,4,6,6,0,0,100,100,32,24,24,13,11,4,1,1787413573.2803147,G1,T03,sotto_banco_immobile,1,static
5147098,1,1,1,75,70,98,100,0,19,98,23,10,3,2,3,7,7,0,0,100,100,31,24,23,13,11,4,1,1787413573.4802518,G1,T03,sotto_banco_immobile,1,static
5147298,1,1,1,82,81,100,100,0,41,100,95,22,7,3,7,7,5,0,0,100,100,31,23,22,13,10,4,1,1787413573.6962688,G1,T03,sotto_banco_immobile,1,static
5147498,1,1,1,62,75,100,100,0,97,100,58,15,9,9,8,5,7,0,0,100,100,32,23,22,13,10,4,1,1787413573.8962548,G1,T03,sotto_banco_immobile,1,static
5147698,1,1,1,76,70,100,100,0,79,100,85,18,10,6,9,5,7,0,0,100,100,35,24,21,12,10,4,1,1787413574.0955582,G1,T03,sotto_banco_immobile,1,static
5147898,1,1,1,75,77,100,100,0,41,100,42,9,1,4,6,3,8,0,0,100,100,35,25,22,13,11,4,1,1787413574.2959833,G1,T03,sotto_banco_immobile,1,static
5148098,1,1,1,75,73,100,100,0,15,100,19,1,9,7,3,2,6,0,0,100,100,36,25,24,13,11,4,1,1787413574.4803824,G1,T03,sotto_banco_immobile,1,static
5148298,1,1,1,77,72,100,100,0,70,100,90,16,3,5,6,3,5,0,0,100,100,37,25,24,13,11,4,1,1787413574.6958299,G1,T03,sotto_banco_immobile,1,static
5148498,1,1,1,82,82,100,100,0,20,100,100,15,10,5,10,7,7,0,0,100,100,38,25,22,13,11,4,1,1787413574.8961902,G1,T03,sotto_banco_immobile,1,static
5148698,1,1,1,84,79,91,100,0,18,91,50,10,3,7,4,7,7,0,0,100,100,39,25,23,13,11,4,1,1787413575.095819,G1,T03,sotto_banco_immobile,1,static
5148898,1,1,1,70,57,100,100,0,100,100,72,9,3,6,6,4,3,0,0,100,100,38,25,24,13,11,4,1,1787413575.2953486,G1,T03,sotto_banco_immobile,1,static
5149098,1,1,1,70,75,100,100,0,60,100,38,6,8,4,8,3,3,0,0,100,100,39,25,24,13,11,4,1,1787413575.4956455,G1,T03,sotto_banco_immobile,1,static
5149298,1,1,1,77,82,100,100,0,72,100,100,11,2,2,6,6,6,0,0,100,100,39,23,23,13,11,4,1,1787413575.6956587,G1,T03,sotto_banco_immobile,1,static
5149498,1,1,1,61,70,100,100,0,100,100,53,11,7,3,5,6,9,0,0,100,100,36,21,22,13,11,4,1,1787413575.8956373,G1,T03,sotto_banco_immobile,1,static
5149698,1,1,1,75,40,100,100,0,44,100,43,9,3,5,4,4,8,0,0,100,100,33,20,21,11,11,4,1,1787413576.095659,G1,T03,sotto_banco_immobile,1,static
5149898,1,1,1,83,82,100,100,0,21,100,100,27,2,6,8,2,6,0,0,100,100,32,20,20,11,10,4,1,1787413576.2953691,G1,T03,sotto_banco_immobile,1,static
5150098,1,1,1,76,83,100,100,0,64,100,83,7,8,4,6,1,7,0,0,100,100,32,20,21,11,10,4,1,1787413576.4802682,G1,T03,sotto_banco_immobile,1,static
5150298,1,1,1,73,75,99,100,0,52,99,48,11,11,11,1,2,5,0,0,100,100,35,20,22,11,11,4,1,1787413576.696109,G1,T03,sotto_banco_immobile,1,static
5150498,1,1,1,75,75,72,100,0,16,72,15,13,8,3,1,2,7,0,0,100,100,37,22,23,12,11,4,1,1787413576.8959086,G1,T03,sotto_banco_immobile,1,static
5150698,1,1,1,76,79,100,100,0,54,100,71,13,19,9,3,5,7,0,0,100,100,40,22,24,12,11,4,1,1787413577.0963578,G1,T03,sotto_banco_immobile,1,static
5150898,1,1,1,76,79,100,100,0,53,100,66,26,10,8,8,6,7,0,0,100,100,44,24,23,13,11,4,1,1787413577.2963097,G1,T03,sotto_banco_immobile,1,static
5151098,1,1,1,82,82,100,100,0,30,100,83,17,7,7,11,5,5,0,0,100,100,47,26,24,13,11,4,1,1787413577.4953024,G1,T03,sotto_banco_immobile,1,static
5151298,1,1,1,60,79,87,100,0,54,87,13,20,6,7,6,6,4,0,0,100,100,50,28,25,13,11,4,1,1787413577.6955974,G1,T03,sotto_banco_immobile,1,static
5151498,1,1,1,65,55,60,100,0,35,60,17,25,9,4,6,5,4,0,0,100,100,50,28,25,13,11,4,1,1787413577.8958666,G1,T03,sotto_banco_immobile,1,static
5151698,1,1,1,80,65,54,100,0,19,54,28,24,7,7,7,3,4,0,0,100,100,49,28,25,13,11,4,1,1787413578.0804193,G1,T03,sotto_banco_immobile,1,static
5151898,1,1,1,75,75,100,100,0,53,100,59,26,7,3,4,3,5,0,0,100,100,50,28,25,13,11,4,1,1787413578.2957072,G1,T03,sotto_banco_immobile,1,static
5152098,1,1,1,67,75,75,100,0,47,75,32,13,8,6,6,3,5,0,0,100,100,51,28,25,13,11,4,1,1787413578.4960008,G1,T03,sotto_banco_immobile,1,static
5152298,1,1,1,57,30,100,100,0,80,100,41,25,12,3,5,2,5,0,0,100,100,52,28,25,14,11,4,1,1787413578.6961646,G1,T03,sotto_banco_immobile,1,static
5152498,1,1,1,81,76,100,100,0,44,100,100,25,12,7,7,6,6,0,0,100,100,52,29,25,14,11,4,1,1787413578.8961306,G1,T03,sotto_banco_immobile,1,static
5152698,1,1,1,82,84,100,100,0,18,100,100,27,5,7,7,7,4,0,0,100,100,55,31,24,13,10,4,1,1787413579.0964105,G1,T03,sotto_banco_immobile,1,static
5152898,1,1,1,74,80,100,100,0,51,100,46,16,11,9,3,7,4,0,0,100,100,62,33,26,14,10,4,1,1787413579.2959397,G1,T03,sotto_banco_immobile,1,static
5153098,1,1,1,59,67,100,100,0,93,100,21,6,7,9,3,3,3,0,0,100,100,68,37,29,16,10,4,1,1787413579.4959075,G1,T03,sotto_banco_immobile,1,static
5153298,1,1,1,70,64,100,100,0,100,100,64,28,16,8,3,2,4,0,0,100,100,69,39,30,16,10,4,1,1787413579.69612,G1,T03,sotto_banco_immobile,1,static
5153498,1,1,1,80,77,100,100,0,34,100,98,17,7,5,11,7,5,0,0,100,100,72,41,30,16,10,4,1,1787413579.8954525,G1,T03,sotto_banco_immobile,1,static
5153698,1,1,1,84,80,100,100,0,26,100,93,25,12,9,8,5,8,0,0,100,100,75,41,31,15,10,4,1,1787413580.096517,G1,T03,sotto_banco_immobile,1,static
