timestamp_ms,radar_presence,moving_target,stationary_target,moving_distance_cm,stationary_distance_cm,moving_energy,stationary_energy,pir_presence,menergy_gate0,menergy_gate1,menergy_gate2,menergy_gate3,menergy_gate4,menergy_gate5,menergy_gate6,menergy_gate7,menergy_gate8,senergy_gate0,senergy_gate1,senergy_gate2,senergy_gate3,senergy_gate4,senergy_gate5,senergy_gate6,senergy_gate7,senergy_gate8,light_level,out_level,pc_time_s,group_id,trial_id,scenario,ground_truth_presence,ground_truth_state
32733,1,1,1,131,127,85,100,1,26,61,85,13,33,28,10,3,8,0,0,100,100,100,100,84,100,100,10,1,1789073462.424000,G1,T01,Web_prova,1,unknown
32933,1,1,1,122,127,100,100,1,16,100,100,83,23,3,6,7,8,0,0,100,100,100,100,81,100,100,11,1,1789073462.624000,G1,T01,Web_prova,1,unknown
33133,1,1,1,137,127,79,100,1,16,60,79,40,23,13,14,2,2,0,0,100,100,100,100,82,100,100,10,1,1789073462.824000,G1,T01,Web_prova,1,unknown
33333,1,1,1,131,132,100,100,1,18,100,100,100,14,5,4,7,3,0,0,100,100,100,100,83,100,100,10,1,1789073463.024000,G1,T01,Web_prova,1,unknown
33533,1,1,1,117,116,100,100,1,23,100,100,68,25,5,5,8,10,0,0,100,100,100,100,80,100,100,10,1,1789073463.224000,G1,T01,Web_prova,1,unknown
33733,1,1,1,135,131,100,100,1,24,100,100,63,21,15,8,15,11,0,0,100,100,100,100,81,100,100,10,1,1789073463.424000,G1,T01,Web_prova,1,unknown
33933,1,1,1,157,142,100,100,1,25,48,100,85,13,11,9,29,22,0,0,100,100,100,100,87,100,100,10,1,1789073463.624000,G1,T01,Web_prova,1,unknown
34133,1,1,1,136,138,100,100,1,25,100,100,89,20,12,6,8,3,0,0,100,100,100,100,89,100,100,10,1,1789073463.824000,G1,T01,Web_prova,1,unknown
34333,1,1,1,128,131,100,100,1,19,100,100,64,17,11,2,15,13,0,0,100,100,100,100,88,100,100,10,1,1789073464.024000,G1,T01,Web_prova,1,unknown
34533,1,1,1,121,127,100,100,1,32,100,100,93,19,13,9,24,29,0,0,100,100,100,100,89,100,100,10,1,1789073464.224000,G1,T01,Web_prova,1,unknown
34733,1,1,1,123,130,100,100,1,29,100,100,63,15,26,12,39,27,0,0,100,100,100,100,88,100,100,10,1,1789073464.424000,G1,T01,Web_prova,1,unknown
34933,1,1,1,128,94,100,100,1,14,87,100,34,29,30,2,8,6,0,0,100,100,100,100,84,100,100,10,1,1789073464.624000,G1,T01,Web_prova,1,unknown
35133,1,1,1,152,127,100,100,1,13,91,100,100,31,8,11,9,1,0,0,100,100,100,100,85,100,100,10,1,1789073464.824000,G1,T01,Web_prova,1,unknown
35333,1,1,1,139,107,82,100,1,15,54,82,31,15,15,7,6,3,0,0,100,100,100,100,85,100,100,10,1,1789073465.024000,G1,T01,Web_prova,1,unknown
35533,1,1,1,117,125,100,100,1,55,100,100,100,17,9,10,10,2,0,0,100,100,100,100,82,100,100,10,1,1789073465.224000,G1,T01,Web_prova,1,unknown
35733,1,1,1,124,123,100,100,1,58,100,100,100,46,24,16,27,7,0,0,100,100,100,100,81,100,100,10,1,1789073465.424000,G1,T01,Web_prova,1,unknown
35933,1,1,1,127,123,100,100,1,18,100,100,64,15,22,19,31,20,0,0,100,100,100,100,83,100,100,10,1,1789073465.624000,G1,T01,Web_prova,1,unknown
36133,1,1,1,125,96,100,100,1,16,100,100,82,8,9,6,16,18,0,0,100,100,100,100,84,100,100,10,1,1789073465.824000,G1,T01,Web_prova,1,unknown
36333,1,1,1,121,97,100,100,1,51,100,100,100,9,6,11,10,7,0,0,100,100,100,100,85,100,100,10,1,1789073466.024000,G1,T01,Web_prova,1,unknown
36533,1,1,1,124,111,100,100,1,34,100,100,100,10,6,14,12,10,0,0,100,100,100,100,87,100,100,10,1,1789073466.224000,G1,T01,Web_prova,1,unknown
36733,1,1,1,134,110,100,100,1,13,100,100,69,9,14,20,41,33,0,0,100,100,100,100,86,100,100,10,1,1789073466.424000,G1,T01,Web_prova,1,unknown
36933,1,1,1,127,120,100,100,1,24,100,100,66,16,3,11,11,8,0,0,100,100,100,100,86,100,100,10,1,1789073466.624000,G1,T01,Web_prova,1,unknown
37133,1,1,1,102,123,100,100,1,33,100,100,19,15,6,14,5,8,0,0,100,100,100,100,82,100,100,10,1,1789073466.824000,G1,T01,Web_prova,1,unknown
37333,1,1,1,118,109,100,100,1,20,100,100,54,22,16,9,7,3,0,0,100,100,100,100,79,100,100,10,1,1789073467.024000,G1,T01,Web_prova,1,unknown
37533,1,1,1,118,121,100,100,1,69,100,100,87,11,8,8,4,10,0,0,100,100,100,100,81,100,100,10,1,1789073467.224000,G1,T01,Web_prova,1,unknown
37733,1,1,1,116,113,100,100,1,30,100,100,37,17,7,3,8,10,0,0,100,100,100,100,77,100,100,10,1,1789073467.424000,G1,T01,Web_prova,1,unknown
37933,1,1,1,134,121,100,100,1,19,100,100,67,33,9,14,23,15,0,0,100,100,100,100,74,100,100,10,1,1789073467.624000,G1,T01,Web_prova,1,unknown
38133,1,1,1,145,118,100,100,1,20,87,100,63,10,8,12,27,16,0,0,100,100,100,100,74,100,100,10,1,1789073467.824000,G1,T01,Web_prova,1,unknown
38333,1,1,1,110,134,100,100,1,18,100,100,19,12,16,10,3,8,0,0,100,100,100,100,75,100,100,10,1,1789073468.024000,G1,T01,Web_prova,1,unknown
38533,1,1,1,106,132,100,100,1,62,100,100,34,38,15,8,3,11,0,0,100,100,100,100,75,100,100,10,1,1789073468.224000,G1,T01,Web_prova,1,unknown
38733,1,1,1,124,125,100,100,1,31,100,100,86,27,10,10,25,15,0,0,100,100,100,100,73,100,100,10,1,1789073468.424000,G1,T01,Web_prova,1,unknown
38933,1,1,1,107,117,100,100,1,49,100,100,32,27,19,6,31,21,0,0,100,100,100,100,75,100,100,10,1,1789073468.624000,G1,T01,Web_prova,1,unknown
39133,1,1,1,119,115,100,100,1,43,100,100,85,17,17,10,16,11,0,0,100,100,100,100,74,100,100,10,1,1789073468.824000,G1,T01,Web_prova,1,unknown
39333,1,1,1,106,131,100,100,1,19,100,100,32,3,10,5,10,9,0,0,100,100,100,100,73,100,100,11,1,1789073469.024000,G1,T01,Web_prova,1,unknown
39533,1,1,1,96,114,95,100,1,16,95,74,35,10,5,6,7,2,0,0,100,100,100,100,73,100,100,11,1,1789073469.224000,G1,T01,Web_prova,1,unknown
39733,1,1,1,144,110,100,100,1,25,100,100,100,51,8,10,8,6,0,0,100,100,100,100,73,100,100,11,1,1789073469.424000,G1,T01,Web_prova,1,unknown
39933,1,1,1,110,110,100,100,1,61,100,100,55,37,24,11,6,13,0,0,100,100,100,100,71,100,100,10,1,1789073469.624000,G1,T01,Web_prova,1,unknown
40133,1,1,1,90,100,100,100,1,30,100,100,35,25,12,9,16,13,0,0,100,100,100,100,72,100,100,10,1,1789073469.824000,G1,T01,Web_prova,1,unknown
40333,1,1,1,118,103,100,100,1,25,100,100,70,15,14,10,32,19,0,0,100,100,100,100,71,100,100,10,1,1789073470.024000,G1,T01,Web_prova,1,unknown
40533,1,1,1,110,99,100,100,1,20,100,100,21,27,5,4,3,4,0,0,100,100,100,100,73,100,100,10,1,1789073470.224000,G1,T01,Web_prova,1,unknown
40733,1,1,1,91,130,100,100,1,48,100,100,30,13,28,15,9,5,0,0,100,100,100,100,75,100,100,10,1,1789073470.424000,G1,T01,Web_prova,1,unknown
40933,1,1,1,129,99,100,100,1,28,100,100,90,10,7,18,24,15,0,0,100,100,100,100,75,100,100,10,1,1789073470.624000,G1,T01,Web_prova,1,unknown
41133,1,1,1,142,138,100,100,1,21,100,100,100,22,9,11,6,9,0,0,100,100,100,100,77,100,100,10,1,1789073470.824000,G1,T01,Web_prova,1,unknown
41333,1,1,1,124,110,100,100,1,26,100,100,70,10,13,6,11,9,0,0,100,100,100,100,77,100,100,10,1,1789073471.024000,G1,T01,Web_prova,1,unknown
41533,1,1,1,121,118,100,100,1,16,100,100,55,17,20,14,13,15,0,0,100,100,100,100,77,100,100,10,1,1789073471.224000,G1,T01,Web_prova,1,unknown
41733,1,1,1,127,121,100,100,1,23,100,100,52,8,8,3,5,3,0,0,100,100,100,100,79,100,100,10,1,1789073471.424000,G1,T01,Web_prova,1,unknown
41933,1,1,1,121,125,100,100,1,14,100,100,71,29,11,12,15,10,0,0,100,100,100,100,77,100,100,11,1,1789073471.624000,G1,T01,Web_prova,1,unknown
42133,1,1,1,124,124,100,100,1,39,100,100,72,12,8,4,15,7,0,0,100,100,100,100,74,100,100,11,1,1789073471.824000,G1,T01,Web_prova,1,unknown
42333,1,1,1,108,124,100,100,1,42,100,100,64,26,7,11,20,16,0,0,100,100,100,100,71,100,100,11,1,1789073472.024000,G1,T01,Web_prova,1,unknown
42533,1,1,1,125,117,100,100,1,21,100,100,100,20,13,11,20,20,0,0,100,100,100,100,73,100,100,10,1,1789073472.224000,G1,T01,Web_prova,1,unknown
42733,1,0,1,0,101,0,100,1,21,67,59,76,34,9,5,6,4,0,0,100,100,100,100,75,100,100,10,1,1789073472.424000,G1,T01,Web_prova,1,unknown
42933,1,1,1,107,113,100,100,1,24,100,100,26,21,19,11,4,7,0,0,100,100,100,100,75,100,100,10,1,1789073472.624000,G1,T01,Web_prova,1,unknown
43133,1,1,1,115,118,100,100,1,31,100,100,26,25,13,11,30,21,0,0,100,100,100,100,76,100,100,10,1,1789073472.824000,G1,T01,Web_prova,1,unknown
43333,1,1,1,95,159,100,100,1,24,100,100,74,11,7,12,11,5,0,0,100,100,100,100,75,100,100,10,1,1789073473.024000,G1,T01,Web_prova,1,unknown
43533,1,1,1,103,120,100,100,1,43,100,100,28,20,25,12,12,8,0,0,100,100,100,100,76,100,100,10,1,1789073473.224000,G1,T01,Web_prova,1,unknown
43733,1,1,1,128,119,100,100,1,14,100,100,42,13,8,8,1,6,0,0,100,100,100,100,77,100,100,11,1,1789073473.424000,G1,T01,Web_prova,1,unknown
43933,1,1,1,130,97,100,100,1,32,100,100,66,16,8,8,9,9,0,0,100,100,100,100,78,100,100,11,1,1789073473.624000,G1,T01,Web_prova,1,unknown
44133,1,1,1,123,121,100,100,1,34,100,100,71,12,13,15,11,5,0,0,100,100,100,100,78,100,100,11,1,1789073473.824000,G1,T01,Web_prova,1,unknown
44333,1,1,1,116,106,100,100,1,30,100,100,55,25,11,5,23,10,0,0,100,100,100,100,79,100,100,10,1,1789073474.024000,G1,T01,Web_prova,1,unknown
44533,1,1,1,119,108,100,100,1,48,100,100,79,17,10,8,23,28,0,0,100,100,100,100,77,100,100,10,1,1789073474.224000,G1,T01,Web_prova,1,unknown
44733,1,1,1,89,100,100,100,1,45,100,100,17,20,15,9,6,11,0,0,100,100,100,100,74,100,100,10,1,1789073474.424000,G1,T01,Web_prova,1,unknown
44933,1,1,1,98,108,100,100,1,41,100,100,37,13,11,8,14,8,0,0,100,100,100,100,72,100,100,10,1,1789073474.624000,G1,T01,Web_prova,1,unknown
45133,1,1,1,104,121,100,100,1,64,100,100,28,23,11,7,32,24,0,0,100,100,100,100,69,100,100,10,1,1789073474.824000,G1,T01,Web_prova,1,unknown
45333,1,1,1,115,97,100,100,1,35,100,100,37,20,5,5,11,15,0,0,100,100,100,100,69,100,100,10,1,1789073475.024000,G1,T01,Web_prova,1,unknown
45533,1,1,1,104,104,100,100,1,59,100,100,61,31,19,7,7,8,0,0,100,100,100,97,67,100,100,10,1,1789073475.224000,G1,T01,Web_prova,1,unknown
45733,1,1,1,142,111,100,100,1,23,82,100,64,38,16,4,9,9,0,0,100,100,100,100,67,100,100,10,1,1789073475.424000,G1,T01,Web_prova,1,unknown
45933,1,1,1,118,131,100,100,1,34,100,100,64,23,20,8,12,12,0,0,100,100,100,100,66,100,100,10,1,1789073475.624000,G1,T01,Web_prova,1,unknown
46133,1,1,1,114,116,100,100,1,39,100,100,47,36,24,12,14,12,0,0,100,100,100,100,67,100,100,10,1,1789073475.824000,G1,T01,Web_prova,1,unknown
46333,1,1,1,131,120,100,100,1,13,100,100,80,26,7,12,12,8,0,0,100,100,100,100,69,100,100,10,1,1789073476.024000,G1,T01,Web_prova,1,unknown
46533,1,1,1,137,124,100,100,1,13,100,100,80,17,8,14,40,25,0,0,100,100,100,100,68,100,100,11,1,1789073476.224000,G1,T01,Web_prova,1,unknown
46733,1,1,1,109,128,100,100,1,44,100,100,54,14,11,7,13,13,0,0,100,100,100,97,67,100,100,10,1,1789073476.424000,G1,T01,Web_prova,1,unknown
46933,1,1,1,120,79,100,100,1,18,100,100,77,9,7,4,12,7,0,0,100,100,100,96,68,100,100,10,1,1789073476.624000,G1,T01,Web_prova,1,unknown
47133,1,1,1,94,117,100,100,1,28,100,100,27,7,18,7,21,22,0,0,100,100,100,98,67,100,100,10,1,1789073476.824000,G1,T01,Web_prova,1,unknown
47333,1,1,1,108,106,100,100,1,20,100,100,49,17,21,8,33,23,0,0,100,100,100,100,67,100,100,10,1,1789073477.024000,G1,T01,Web_prova,1,unknown
47533,1,1,1,107,97,100,100,1,41,100,100,39,15,17,9,7,9,0,0,100,100,100,99,65,100,100,10,1,1789073477.224000,G1,T01,Web_prova,1,unknown
47733,1,1,1,106,109,100,100,1,23,100,100,29,43,26,10,10,10,0,0,100,100,100,99,64,100,100,10,1,1789073477.424000,G1,T01,Web_prova,1,unknown
47933,1,1,1,138,116,84,100,1,13,66,84,52,7,10,3,7,3,0,0,100,100,100,100,65,100,100,10,1,1789073477.624000,G1,T01,Web_prova,1,unknown
48133,1,1,1,110,130,100,100,1,37,100,100,47,19,9,11,11,10,0,0,100,100,100,100,62,100,100,10,1,1789073477.824000,G1,T01,Web_prova,1,unknown
48333,1,1,1,124,138,100,100,1,14,100,100,47,25,5,9,17,17,0,0,100,100,100,98,60,100,100,10,1,1789073478.024000,G1,T01,Web_prova,1,unknown
48533,1,1,1,110,132,100,100,1,34,100,100,61,24,7,14,22,9,0,0,100,100,100,98,61,100,100,10,1,1789073478.224000,G1,T01,Web_prova,1,unknown
48733,1,1,1,110,137,100,100,1,14,100,100,38,10,9,9,21,16,0,0,100,100,100,100,64,100,100,10,1,1789073478.424000,G1,T01,Web_prova,1,unknown
48933,1,1,1,107,103,100,100,1,76,100,100,81,20,1,1,6,3,0,0,100,100,100,100,69,100,100,10,1,1789073478.624000,G1,T01,Web_prova,1,unknown
49133,1,1,1,101,114,100,100,1,23,100,100,60,11,16,12,11,9,0,0,100,100,100,100,71,100,100,10,1,1789073478.824000,G1,T01,Web_prova,1,unknown
49333,1,1,1,107,99,100,100,1,15,100,100,56,23,17,13,23,14,0,0,100,100,100,100,72,100,100,10,1,1789073479.024000,G1,T01,Web_prova,1,unknown
49533,1,1,1,110,114,100,100,1,37,100,100,37,39,26,4,16,10,0,0,100,100,100,100,72,100,100,10,1,1789073479.224000,G1,T01,Web_prova,1,unknown
49733,1,1,1,119,119,100,100,1,57,100,100,100,42,19,11,1,11,0,0,100,100,100,100,71,100,100,10,1,1789073479.424000,G1,T01,Web_prova,1,unknown
49933,1,1,1,111,87,100,100,1,21,100,100,32,5,3,5,11,6,0,0,100,100,100,100,73,100,100,10,1,1789073479.624000,G1,T01,Web_prova,1,unknown
50133,1,1,1,97,114,100,100,1,13,100,84,30,5,14,8,5,10,0,0,100,100,100,100,72,100,100,10,1,1789073479.824000,G1,T01,Web_prova,1,unknown
50333,1,1,1,119,128,100,100,1,25,100,100,52,15,6,5,5,12,0,0,100,100,100,100,70,100,100,10,1,1789073480.024000,G1,T01,Web_prova,1,unknown
50533,1,1,1,114,124,100,100,1,62,100,100,82,31,11,2,9,10,0,0,100,100,100,99,70,100,100,10,1,1789073480.224000,G1,T01,Web_prova,1,unknown
50733,1,1,1,142,141,100,100,1,20,72,100,35,15,5,12,37,30,0,0,100,100,100,100,70,100,100,10,1,1789073480.424000,G1,T01,Web_prova,1,unknown
50933,1,1,1,134,140,100,100,1,18,100,100,52,7,8,5,8,11,0,0,100,100,100,100,71,100,100,10,1,1789073480.624000,G1,T01,Web_prova,1,unknown
51133,1,1,1,146,140,77,100,1,13,39,77,30,51,15,9,9,11,0,0,100,100,100,100,71,100,100,10,1,1789073480.824000,G1,T01,Web_prova,1,unknown
51333,1,1,1,95,123,100,100,1,36,100,100,17,7,11,15,24,19,0,0,100,100,100,100,70,100,100,10,1,1789073481.024000,G1,T01,Web_prova,1,unknown
51533,1,1,1,96,97,100,100,1,14,100,86,37,30,16,7,29,17,0,0,100,100,100,100,73,100,100,10,1,1789073481.224000,G1,T01,Web_prova,1,unknown
51733,1,1,1,114,91,100,100,1,52,100,100,76,13,15,10,5,6,0,0,100,100,100,98,74,100,100,10,1,1789073481.424000,G1,T01,Web_prova,1,unknown
51933,1,1,1,131,133,100,100,1,22,100,100,35,32,12,7,13,10,0,0,100,100,100,95,71,100,100,11,1,1789073481.624000,G1,T01,Web_prova,1,unknown
52133,1,1,1,123,114,100,100,1,24,100,100,60,11,9,9,9,6,0,0,100,100,100,96,71,100,100,10,1,1789073481.824000,G1,T01,Web_prova,1,unknown
52333,1,1,1,103,116,100,100,1,53,100,100,66,34,7,8,12,3,0,0,100,100,100,95,70,100,100,10,1,1789073482.024000,G1,T01,Web_prova,1,unknown
52533,1,1,1,107,124,100,100,1,23,100,100,52,18,7,10,11,9,0,0,100,100,100,93,70,100,100,10,1,1789073482.224000,G1,T01,Web_prova,1,unknown
52733,1,1,1,120,93,100,100,1,14,100,100,50,19,10,14,42,33,0,0,100,100,100,89,66,100,100,10,1,1789073482.424000,G1,T01,Web_prova,1,unknown
52933,1,1,1,163,139,97,100,1,19,50,97,75,20,2,12,11,14,0,0,100,100,100,90,66,100,100,10,1,1789073482.624000,G1,T01,Web_prova,1,unknown
53133,1,1,1,86,106,100,100,1,28,100,70,40,27,11,18,9,2,0,0,100,100,100,91,67,100,100,10,1,1789073482.824000,G1,T01,Web_prova,1,unknown
53333,1,1,1,117,128,100,100,1,90,100,100,100,28,21,16,34,24,0,0,100,100,100,92,67,100,100,10,1,1789073483.024000,G1,T01,Web_prova,1,unknown
53533,1,1,1,117,129,100,100,1,24,100,100,87,14,13,7,15,16,0,0,100,100,100,89,70,100,100,10,1,1789073483.224000,G1,T01,Web_prova,1,unknown
53733,1,1,1,99,103,100,100,1,23,100,94,36,26,20,12,11,1,0,0,100,100,100,88,70,100,100,10,1,1789073483.424000,G1,T01,Web_prova,1,unknown
53933,1,1,1,117,126,100,100,1,43,100,100,84,43,21,9,9,14,0,0,100,100,100,90,68,100,100,10,1,1789073483.624000,G1,T01,Web_prova,1,unknown
54133,1,1,1,140,90,100,100,1,18,100,100,100,31,7,11,10,13,0,0,100,100,100,96,69,100,100,10,1,1789073483.824000,G1,T01,Web_prova,1,unknown
54333,1,1,1,117,94,100,100,1,21,100,100,34,20,8,3,9,11,0,0,100,100,100,96,66,100,100,10,1,1789073484.024000,G1,T01,Web_prova,1,unknown
54533,1,1,1,110,116,100,100,1,26,100,100,31,13,13,7,7,14,0,0,100,100,100,94,64,100,100,10,1,1789073484.224000,G1,T01,Web_prova,1,unknown
54733,1,1,1,127,150,100,100,1,34,100,100,81,17,17,2,16,6,0,0,100,100,100,94,64,100,100,10,1,1789073484.424000,G1,T01,Web_prova,1,unknown
54933,1,1,1,120,101,100,100,1,26,100,100,53,43,19,6,21,19,0,0,100,100,100,93,62,100,100,10,1,1789073484.624000,G1,T01,Web_prova,1,unknown
55133,1,1,1,108,121,100,100,1,31,100,100,56,35,2,10,10,7,0,0,100,100,100,97,68,100,100,11,1,1789073484.824000,G1,T01,Web_prova,1,unknown
55333,1,1,1,106,141,100,100,1,19,100,100,47,23,9,9,3,8,0,0,100,100,100,99,69,100,100,10,1,1789073485.024000,G1,T01,Web_prova,1,unknown
55533,1,1,1,100,126,100,100,1,38,100,100,33,19,4,9,25,25,0,0,100,100,100,96,65,100,100,11,1,1789073485.224000,G1,T01,Web_prova,1,unknown
55733,1,1,1,94,107,100,100,1,38,100,100,49,30,8,11,8,13,0,0,100,100,100,98,67,100,100,11,1,1789073485.424000,G1,T01,Web_prova,1,unknown
55933,1,1,1,86,106,83,100,1,24,83,52,39,17,4,7,9,13,0,0,100,100,100,96,69,100,100,11,1,1789073485.624000,G1,T01,Web_prova,1,unknown
56133,1,1,1,97,131,100,100,1,34,100,100,11,44,30,11,15,13,0,0,100,100,100,100,72,100,100,11,1,1789073485.824000,G1,T01,Web_prova,1,unknown
56333,1,1,1,108,122,100,100,1,13,100,100,22,12,6,6,1,2,0,0,100,100,100,100,73,100,100,10,1,1789073486.024000,G1,T01,Web_prova,1,unknown
56533,1,1,1,106,89,100,100,1,32,100,100,10,20,7,10,2,4,0,0,100,100,100,100,71,100,100,10,1,1789073486.224000,G1,T01,Web_prova,1,unknown
56733,1,1,1,118,101,100,100,1,23,100,100,86,23,26,15,7,15,0,0,100,100,100,100,73,100,100,9,1,1789073486.424000,G1,T01,Web_prova,1,unknown
56933,1,1,1,117,100,100,100,1,58,100,100,73,11,12,2,20,9,0,0,100,100,100,100,71,100,100,10,1,1789073486.624000,G1,T01,Web_prova,1,unknown
57133,1,1,1,97,110,100,100,1,14,100,100,48,34,16,10,16,13,0,0,100,100,100,100,74,100,100,10,1,1789073486.824000,G1,T01,Web_prova,1,unknown
57333,1,1,1,109,99,100,100,1,27,100,100,27,12,12,3,3,4,0,0,100,100,100,100,77,100,100,10,1,1789073487.024000,G1,T01,Web_prova,1,unknown
57533,1,1,1,111,93,100,100,1,41,100,100,71,16,3,16,18,12,0,0,100,100,100,100,75,100,100,10,1,1789073487.224000,G1,T01,Web_prova,1,unknown
57733,1,1,1,108,96,100,100,1,55,100,100,91,30,15,5,17,13,0,0,100,100,100,100,76,100,100,9,1,1789073487.424000,G1,T01,Web_prova,1,unknown
57933,1,1,1,103,103,100,100,1,66,100,100,75,22,19,10,17,6,0,0,100,100,100,100,78,100,100,10,1,1789073487.624000,G1,T01,Web_prova,1,unknown
58133,1,1,1,105,133,100,100,1,88,100,100,53,31,14,11,4,9,0,0,100,100,100,100,78,100,97,10,1,1789073487.824000,G1,T01,Web_prova,1,unknown
58333,1,1,1,109,110,100,100,1,17,100,100,63,15,5,7,7,6,0,0,100,100,100,100,82,100,98,10,1,1789073488.024000,G1,T01,Web_prova,1,unknown
58533,1,1,1,144,122,100,100,1,13,100,100,85,27,14,11,7,2,0,0,100,100,100,100,82,100,97,11,1,1789073488.224000,G1,T01,Web_prova,1,unknown
58733,1,1,1,144,132,100,100,1,14,100,100,100,37,14,9,9,13,0,0,100,100,100,100,82,100,98,11,1,1789073488.424000,G1,T01,Web_prova,1,unknown
58933,1,1,1,126,123,100,100,1,19,100,100,27,8,24,8,19,12,0,0,100,100,100,100,83,100,92,11,1,1789073488.624000,G1,T01,Web_prova,1,unknown
59133,1,1,1,104,97,100,100,1,27,100,100,50,44,17,8,21,22,0,0,100,100,100,100,77,100,92,10,1,1789073488.824000,G1,T01,Web_prova,1,unknown
59333,1,1,1,101,111,100,100,1,13,100,100,22,16,10,4,11,12,0,0,100,100,100,100,74,100,97,10,1,1789073489.024000,G1,T01,Web_prova,1,unknown
59533,1,1,1,102,121,100,100,1,31,100,100,19,16,8,7,14,1,0,0,100,100,100,100,75,100,100,9,1,1789073489.224000,G1,T01,Web_prova,1,unknown
59733,1,1,1,105,101,100,100,1,45,100,100,85,35,4,5,29,22,0,0,100,100,100,100,72,100,100,10,1,1789073489.424000,G1,T01,Web_prova,1,unknown
59933,1,1,1,121,99,100,100,1,14,99,100,35,22,12,10,13,17,0,0,100,100,100,100,72,100,100,10,1,1789073489.624000,G1,T01,Web_prova,1,unknown
60133,1,1,1,124,151,100,100,1,34,100,100,84,26,12,9,9,2,0,0,100,100,100,100,71,100,98,10,1,1789073489.824000,G1,T01,Web_prova,1,unknown
60333,1,1,1,134,144,100,100,1,26,100,100,100,28,14,5,2,8,0,0,100,100,100,100,71,100,95,11,1,1789073490.024000,G1,T01,Web_prova,1,unknown
60533,1,1,1,134,121,100,100,1,14,100,100,60,9,13,4,9,8,0,0,100,100,100,100,71,100,93,11,1,1789073490.224000,G1,T01,Web_prova,1,unknown
60733,1,1,1,125,114,100,100,1,20,100,100,45,31,21,8,3,3,0,0,100,100,100,100,70,100,91,11,1,1789073490.424000,G1,T01,Web_prova,1,unknown
60933,1,1,1,107,138,100,100,1,46,100,100,51,21,14,20,24,9,0,0,100,100,100,100,69,100,95,10,1,1789073490.624000,G1,T01,Web_prova,1,unknown
61133,1,1,1,106,115,100,100,1,34,100,100,33,10,15,9,30,17,0,0,100,100,100,100,65,100,94,10,1,1789073490.824000,G1,T01,Web_prova,1,unknown
61333,1,1,1,87,82,100,100,1,43,100,100,50,28,14,6,18,14,0,0,100,100,100,99,60,100,96,10,1,1789073491.024000,G1,T01,Web_prova,1,unknown
61533,1,1,1,108,117,100,100,1,23,100,100,52,36,10,6,13,7,0,0,100,100,100,96,59,100,100,10,1,1789073491.224000,G1,T01,Web_prova,1,unknown
61733,1,1,1,119,137,100,100,1,27,100,100,41,5,16,15,7,16,0,0,100,100,100,95,60,100,100,10,1,1789073491.424000,G1,T01,Web_prova,1,unknown
61933,1,1,1,104,107,100,100,1,51,100,100,41,15,8,8,27,9,0,0,100,100,100,94,61,100,100,10,1,1789073491.624000,G1,T01,Web_prova,1,unknown
62133,1,1,1,128,100,100,100,1,29,100,100,100,12,8,14,9,9,0,0,100,100,100,90,60,100,100,10,1,1789073491.824000,G1,T01,Web_prova,1,unknown
62333,1,1,1,123,124,100,100,1,48,100,100,69,38,26,14,9,5,0,0,100,100,100,89,60,100,100,10,1,1789073492.024000,G1,T01,Web_prova,1,unknown
62533,1,1,1,96,115,100,100,1,70,100,100,63,16,10,3,6,3,0,0,100,100,100,94,59,100,100,10,1,1789073492.224000,G1,T01,Web_prova,1,unknown
62733,1,1,1,141,114,100,100,1,30,100,100,100,42,17,8,4,10,0,0,100,100,100,95,59,100,100,10,1,1789073492.424000,G1,T01,Web_prova,1,unknown
62933,1,1,1,138,121,100,100,1,21,100,100,86,27,20,11,6,14,0,0,100,100,100,92,57,100,100,10,1,1789073492.624000,G1,T01,Web_prova,1,unknown
63133,1,1,1,124,111,100,100,1,18,100,100,40,17,8,11,20,11,0,0,100,100,100,90,60,100,100,10,1,1789073492.824000,G1,T01,Web_prova,1,unknown
63333,1,1,1,87,116,100,100,1,50,100,100,28,10,10,10,17,18,0,0,100,100,100,93,63,100,98,10,1,1789073493.024000,G1,T01,Web_prova,1,unknown
63533,1,1,1,106,99,100,100,1,21,100,100,59,12,9,8,11,10,0,0,100,100,100,93,67,100,94,10,1,1789073493.224000,G1,T01,Web_prova,1,unknown
63733,1,1,1,93,138,100,100,1,71,100,100,13,5,10,11,17,7,0,0,100,100,100,97,69,100,95,10,1,1789073493.424000,G1,T01,Web_prova,1,unknown
63933,1,1,1,95,108,100,100,1,40,100,100,28,10,11,19,25,11,0,0,100,100,100,96,69,100,94,10,1,1789073493.624000,G1,T01,Web_prova,1,unknown
64133,1,1,1,104,150,100,100,1,59,100,100,69,29,8,18,6,8,0,0,100,100,100,94,69,100,95,10,1,1789073493.824000,G1,T01,Web_prova,1,unknown
64333,1,1,1,100,113,79,100,1,13,79,67,39,14,13,8,6,8,0,0,100,100,100,95,70,100,95,10,1,1789073494.024000,G1,T01,Web_prova,1,unknown
64533,1,1,1,117,123,100,100,1,44,100,100,59,29,14,6,8,7,0,0,100,100,100,98,70,100,98,10,1,1789073494.224000,G1,T01,Web_prova,1,unknown
64733,1,1,1,120,104,100,100,1,40,100,100,89,14,7,7,2,4,0,0,100,100,100,100,70,100,100,10,1,1789073494.424000,G1,T01,Web_prova,1,unknown
64933,1,1,1,102,110,100,100,1,40,100,100,19,13,5,4,5,12,0,0,100,100,100,100,71,100,99,10,1,1789073494.624000,G1,T01,Web_prova,1,unknown
65133,1,1,1,107,103,100,100,1,40,100,100,48,16,4,12,8,14,0,0,100,100,100,100,70,100,98,10,1,1789073494.824000,G1,T01,Web_prova,1,unknown
65333,1,1,1,102,125,100,100,1,29,100,100,34,24,4,8,24,19,0,0,100,100,100,100,71,100,93,10,1,1789073495.024000,G1,T01,Web_prova,1,unknown
65533,1,1,1,97,99,100,100,1,36,100,100,10,13,3,4,5,9,0,0,100,100,100,100,73,100,93,10,1,1789073495.224000,G1,T01,Web_prova,1,unknown
65733,1,1,1,104,110,100,100,1,94,100,100,77,7,11,8,5,9,0,0,100,100,100,100,72,100,95,10,1,1789073495.424000,G1,T01,Web_prova,1,unknown
65933,1,1,1,86,106,100,100,1,41,100,100,48,26,11,11,15,9,0,0,100,100,100,100,72,100,93,10,1,1789073495.624000,G1,T01,Web_prova,1,unknown
66133,1,1,1,118,93,100,100,1,22,100,100,65,20,19,19,11,3,0,0,100,100,100,100,73,100,94,10,1,1789073495.824000,G1,T01,Web_prova,1,unknown
66333,1,1,1,111,120,100,100,1,14,100,100,93,43,31,12,9,8,0,0,100,100,100,100,73,100,95,10,1,1789073496.024000,G1,T01,Web_prova,1,unknown
66533,1,1,1,107,95,100,100,1,29,100,100,56,25,6,5,9,3,0,0,100,100,100,100,73,100,94,10,1,1789073496.224000,G1,T01,Web_prova,1,unknown
66733,1,1,1,119,128,100,100,1,41,100,100,61,10,12,4,12,1,0,0,100,100,100,100,73,100,94,10,1,1789073496.424000,G1,T01,Web_prova,1,unknown
66933,1,1,1,122,108,70,100,1,19,63,70,23,27,8,9,7,11,0,0,100,100,100,100,74,100,94,10,1,1789073496.624000,G1,T01,Web_prova,1,unknown
67133,1,1,1,100,106,100,100,1,23,100,100,47,43,25,17,15,12,0,0,100,100,100,100,74,100,95,10,1,1789073496.824000,G1,T01,Web_prova,1,unknown
67333,1,1,1,91,103,100,100,1,18,100,100,20,20,6,11,28,19,0,0,100,100,100,100,74,100,95,10,1,1789073497.024000,G1,T01,Web_prova,1,unknown
67533,1,1,1,114,116,100,100,1,20,100,100,49,8,8,6,9,6,0,0,100,100,100,100,72,100,98,10,1,1789073497.224000,G1,T01,Web_prova,1,unknown
67733,1,1,1,120,101,100,100,1,21,100,100,49,10,16,9,1,3,0,0,100,100,100,100,70,100,100,10,1,1789073497.424000,G1,T01,Web_prova,1,unknown
67933,1,1,1,99,124,100,100,1,55,100,100,37,13,15,18,23,12,0,0,100,100,100,100,69,100,99,10,1,1789073497.624000,G1,T01,Web_prova,1,unknown
68133,1,1,1,93,99,100,100,1,22,100,100,47,35,22,20,13,5,0,0,100,100,100,100,70,100,99,10,1,1789073497.824000,G1,T01,Web_prova,1,unknown
68333,1,1,1,97,111,100,100,1,80,100,100,15,21,21,6,10,4,0,0,100,100,100,100,70,100,100,10,1,1789073498.024000,G1,T01,Web_prova,1,unknown
68533,1,1,1,116,109,100,100,1,60,100,100,83,9,19,7,9,1,0,0,100,100,100,100,71,100,98,10,1,1789073498.224000,G1,T01,Web_prova,1,unknown
68733,1,1,1,120,107,100,100,1,43,100,100,72,8,7,8,5,2,0,0,100,100,100,100,69,100,96,10,1,1789073498.424000,G1,T01,Web_prova,1,unknown
68933,1,1,1,118,92,100,100,1,24,100,100,45,22,8,10,10,2,0,0,100,100,100,100,70,100,94,10,1,1789073498.624000,G1,T01,Web_prova,1,unknown
69133,1,1,1,97,106,100,100,1,21,100,100,26,12,31,21,10,13,0,0,100,100,100,100,72,100,95,10,1,1789073498.824000,G1,T01,Web_prova,1,unknown
69333,1,1,1,103,106,100,100,1,30,100,100,70,46,19,3,15,8,0,0,100,100,100,100,73,100,93,10,1,1789073499.024000,G1,T01,Web_prova,1,unknown
69533,1,1,1,93,117,100,100,1,16,100,100,46,37,8,7,23,13,0,0,100,100,100,100,74,100,92,10,1,1789073499.224000,G1,T01,Web_prova,1,unknown
69733,1,1,1,88,117,100,100,1,75,100,100,43,23,12,6,9,9,0,0,100,100,100,100,73,100,93,11,1,1789073499.424000,G1,T01,Web_prova,1,unknown
69933,1,1,1,117,95,100,100,1,23,100,100,32,20,14,7,24,19,0,0,100,100,100,100,70,100,95,10,1,1789073499.624000,G1,T01,Web_prova,1,unknown
70133,1,1,1,126,87,100,100,1,20,100,100,65,11,21,7,27,23,0,0,100,100,100,100,69,100,93,10,1,1789073499.824000,G1,T01,Web_prova,1,unknown
70333,1,1,1,96,101,100,100,1,25,100,100,55,12,23,13,11,12,0,0,100,100,100,100,70,100,93,10,1,1789073500.024000,G1,T01,Web_prova,1,unknown
70533,1,1,1,84,148,73,100,1,22,73,43,29,27,6,8,7,7,0,0,100,100,100,100,70,100,92,10,1,1789073500.224000,G1,T01,Web_prova,1,unknown
70733,1,1,1,100,129,100,100,1,32,100,100,50,13,18,13,12,5,0,0,100,100,100,100,71,100,91,10,1,1789073500.424000,G1,T01,Web_prova,1,unknown
70933,1,1,1,120,94,100,100,1,15,100,100,73,33,9,9,8,6,0,0,100,100,100,100,72,100,90,10,1,1789073500.624000,G1,T01,Web_prova,1,unknown
71133,1,1,1,115,101,100,100,1,53,100,100,98,44,29,19,12,13,0,0,100,100,100,100,71,100,90,10,1,1789073500.824000,G1,T01,Web_prova,1,unknown
71333,1,1,1,102,103,100,100,1,20,100,100,55,14,8,10,21,8,0,0,100,100,100,100,73,100,88,10,1,1789073501.024000,G1,T01,Web_prova,1,unknown
71533,1,1,1,100,106,100,100,1,28,100,100,50,21,9,8,17,17,0,0,100,100,100,100,76,100,86,10,1,1789073501.224000,G1,T01,Web_prova,1,unknown
71733,1,1,1,122,96,100,100,1,23,100,100,52,24,10,7,4,4,0,0,100,100,100,100,77,100,87,10,1,1789073501.424000,G1,T01,Web_prova,1,unknown
71933,1,1,1,106,97,100,100,1,16,100,100,23,25,14,1,16,17,0,0,100,100,100,100,78,100,87,10,1,1789073501.624000,G1,T01,Web_prova,1,unknown
72133,1,1,1,93,102,100,100,1,39,100,100,22,12,10,6,34,17,0,0,100,100,100,100,79,100,86,10,1,1789073501.824000,G1,T01,Web_prova,1,unknown
72333,1,1,1,101,100,100,100,1,27,100,100,35,17,9,9,1,14,0,0,100,100,100,100,78,100,87,11,1,1789073502.024000,G1,T01,Web_prova,1,unknown
72533,1,1,1,127,96,100,100,1,24,100,100,93,26,3,5,7,8,0,0,100,100,100,100,79,100,86,11,1,1789073502.224000,G1,T01,Web_prova,1,unknown
72733,1,1,1,198,119,47,100,1,16,42,42,47,12,5,3,11,9,0,0,100,100,100,100,80,100,88,11,1,1789073502.424000,G1,T01,Web_prova,1,unknown
72933,1,0,1,0,198,0,100,1,26,100,87,21,13,3,6,11,3,0,0,100,100,100,100,77,100,88,10,1,1789073502.624000,G1,T01,Web_prova,1,unknown
73133,1,1,1,109,106,100,100,1,13,100,100,48,16,6,3,9,12,0,0,100,100,100,100,77,100,88,9,1,1789073502.824000,G1,T01,Web_prova,1,unknown
73333,1,1,1,110,99,88,100,1,20,88,86,36,12,7,13,15,7,0,0,100,100,100,100,76,100,89,9,1,1789073503.024000,G1,T01,Web_prova,1,unknown
73533,1,1,1,109,119,100,100,1,56,100,100,46,17,15,5,17,14,0,0,100,100,100,100,75,100,84,10,1,1789073503.224000,G1,T01,Web_prova,1,unknown
73733,1,1,1,107,116,100,100,1,60,100,100,78,7,14,6,11,11,0,0,100,100,100,100,76,100,86,10,1,1789073503.424000,G1,T01,Web_prova,1,unknown
73933,1,1,1,114,108,100,100,1,36,100,100,61,19,14,8,5,10,0,0,100,100,100,100,76,100,87,10,1,1789073503.624000,G1,T01,Web_prova,1,unknown
74133,1,1,1,96,92,100,100,1,38,100,100,47,23,5,5,19,11,0,0,100,100,100,100,76,100,85,10,1,1789073503.824000,G1,T01,Web_prova,1,unknown
74333,1,1,1,97,97,100,100,1,60,100,100,39,28,12,13,18,6,0,0,100,100,100,100,73,100,85,10,1,1789073504.024000,G1,T01,Web_prova,1,unknown
74533,1,1,1,135,93,100,100,1,14,66,100,21,16,18,13,7,3,0,0,100,100,100,100,77,100,86,11,1,1789073504.224000,G1,T01,Web_prova,1,unknown
74733,1,1,1,95,95,100,100,1,23,100,79,25,34,13,9,7,7,0,0,100,100,100,100,75,100,87,11,1,1789073504.424000,G1,T01,Web_prova,1,unknown
74933,1,1,1,176,140,75,100,1,18,49,75,71,7,6,6,3,6,0,0,100,100,100,100,73,100,89,10,1,1789073504.624000,G1,T01,Web_prova,1,unknown
75133,1,1,1,99,132,100,100,1,37,100,100,52,19,12,13,8,7,0,0,100,100,100,100,75,100,85,10,1,1789073504.824000,G1,T01,Web_prova,1,unknown
75333,1,1,1,130,101,100,100,1,21,100,100,55,29,27,13,10,10,0,0,100,100,100,100,72,100,87,10,1,1789073505.024000,G1,T01,Web_prova,1,unknown
75533,1,1,1,123,109,100,100,1,37,100,100,100,36,12,12,24,18,0,0,100,100,100,100,69,100,84,10,1,1789073505.224000,G1,T01,Web_prova,1,unknown
75733,1,1,1,110,120,100,100,1,26,100,100,72,28,8,6,21,20,0,0,100,100,100,100,68,100,90,10,1,1789073505.424000,G1,T01,Web_prova,1,unknown
75933,1,1,1,111,95,100,100,1,34,100,100,61,14,8,15,9,2,0,0,100,100,100,100,67,100,100,10,1,1789073505.624000,G1,T01,Web_prova,1,unknown
76133,1,1,1,117,110,100,100,1,18,100,100,38,35,14,15,6,3,0,0,100,100,100,100,66,100,100,10,1,1789073505.824000,G1,T01,Web_prova,1,unknown
76333,1,1,1,120,114,100,100,1,49,100,100,75,20,17,19,21,14,0,0,100,100,100,100,65,100,100,10,1,1789073506.024000,G1,T01,Web_prova,1,unknown
76533,1,1,1,132,131,100,100,1,15,100,100,86,10,13,3,36,21,0,0,100,100,100,100,67,100,100,11,1,1789073506.224000,G1,T01,Web_prova,1,unknown
76733,1,1,1,176,133,58,100,1,13,41,58,55,20,27,20,12,7,0,0,100,100,100,100,71,100,100,11,1,1789073506.424000,G1,T01,Web_prova,1,unknown
76933,1,1,1,148,134,100,100,1,13,57,100,50,12,10,10,6,3,0,0,100,100,100,100,75,100,100,11,1,1789073506.624000,G1,T01,Web_prova,1,unknown
77133,1,1,1,161,144,59,100,1,16,30,59,44,42,13,15,13,10,0,0,100,100,100,100,77,100,100,11,1,1789073506.824000,G1,T01,Web_prova,1,unknown
77333,1,1,1,162,150,100,100,1,23,59,100,86,36,12,20,13,1,0,0,100,100,100,100,81,100,100,11,1,1789073507.024000,G1,T01,Web_prova,1,unknown
77533,1,1,1,146,147,100,100,1,17,76,100,64,12,16,9,24,16,0,0,100,100,100,100,80,100,100,10,1,1789073507.224000,G1,T01,Web_prova,1,unknown
77733,1,1,1,143,152,100,100,1,14,100,100,70,24,20,10,42,25,0,0,100,100,100,100,81,100,100,11,1,1789073507.424000,G1,T01,Web_prova,1,unknown
77933,1,1,1,162,159,98,100,1,14,36,98,67,32,5,11,23,26,0,0,100,100,100,100,85,100,100,11,1,1789073507.624000,G1,T01,Web_prova,1,unknown
78133,1,1,1,150,151,100,100,1,21,96,100,100,29,12,7,14,8,0,0,100,100,100,100,85,100,100,11,1,1789073507.824000,G1,T01,Web_prova,1,unknown
78333,1,1,1,155,151,100,100,1,16,100,100,100,10,11,5,10,14,0,0,100,100,100,100,84,100,100,11,1,1789073508.024000,G1,T01,Web_prova,1,unknown
78533,1,1,1,174,150,75,100,1,13,23,75,64,19,5,8,21,16,0,0,100,100,100,100,83,100,100,11,1,1789073508.224000,G1,T01,Web_prova,1,unknown
78733,1,1,1,162,142,100,100,1,19,51,100,98,33,24,8,37,24,0,0,100,100,100,100,84,100,100,11,1,1789073508.424000,G1,T01,Web_prova,1,unknown
78933,1,1,1,172,149,93,100,1,20,39,93,81,22,13,10,2,5,0,0,100,100,100,100,83,100,100,11,1,1789073508.624000,G1,T01,Web_prova,1,unknown
79133,1,1,1,152,159,100,100,1,14,39,100,47,7,3,12,11,6,0,0,100,100,100,100,84,100,100,11,1,1789073508.824000,G1,T01,Web_prova,1,unknown
79333,1,1,1,155,154,100,100,1,15,84,100,100,12,14,8,9,2,0,0,100,100,100,100,88,100,100,11,1,1789073509.024000,G1,T01,Web_prova,1,unknown
79533,1,1,1,160,164,100,100,1,15,66,100,100,19,16,11,13,1,0,0,100,100,100,100,88,100,100,11,1,1789073509.224000,G1,T01,Web_prova,1,unknown
79733,1,1,1,174,151,58,100,1,18,14,58,49,13,8,7,1,10,0,0,100,100,100,100,92,100,100,11,1,1789073509.424000,G1,T01,Web_prova,1,unknown
79933,1,1,1,163,150,90,100,1,18,35,90,65,31,17,6,38,30,0,0,100,100,100,100,91,100,100,12,1,1789073509.624000,G1,T01,Web_prova,1,unknown
80133,1,1,1,163,154,100,100,1,22,63,100,100,27,10,7,6,6,0,0,100,100,100,100,88,100,100,11,1,1789073509.824000,G1,T01,Web_prova,1,unknown
80333,1,1,1,154,158,94,100,1,16,39,94,51,15,8,8,6,11,0,0,100,100,100,100,86,100,100,11,1,1789073510.024000,G1,T01,Web_prova,1,unknown
80533,1,1,1,164,167,100,100,1,27,67,100,100,31,4,12,19,16,0,0,100,100,100,100,84,100,100,11,1,1789073510.224000,G1,T01,Web_prova,1,unknown
80733,1,1,1,155,155,100,100,1,16,89,100,100,14,11,15,42,23,0,0,100,100,100,100,81,100,100,11,1,1789073510.424000,G1,T01,Web_prova,1,unknown
80933,1,1,1,179,155,58,100,1,17,17,58,54,21,20,12,8,1,0,0,100,100,100,100,78,100,100,11,1,1789073510.624000,G1,T01,Web_prova,1,unknown
81133,1,1,1,156,154,43,100,1,15,22,43,29,28,20,8,12,9,0,0,100,100,100,100,79,100,100,11,1,1789073510.824000,G1,T01,Web_prova,1,unknown
81333,1,1,1,159,163,100,100,1,18,60,100,100,8,6,4,4,8,0,0,100,100,100,100,79,100,100,11,1,1789073511.024000,G1,T01,Web_prova,1,unknown
81533,1,1,1,150,165,82,100,1,17,26,82,28,30,11,11,9,4,0,0,100,100,100,100,82,100,100,11,1,1789073511.224000,G1,T01,Web_prova,1,unknown
81733,1,1,1,175,165,100,100,1,23,42,100,100,27,24,11,13,16,0,0,100,100,100,100,80,100,100,11,1,1789073511.424000,G1,T01,Web_prova,1,unknown
81933,1,1,1,157,161,92,100,1,14,27,92,49,29,12,12,24,20,0,0,100,100,100,100,79,100,100,11,1,1789073511.624000,G1,T01,Web_prova,1,unknown
82133,1,1,1,215,156,52,100,1,17,24,40,52,31,14,7,10,11,0,0,100,100,100,100,83,100,100,11,1,1789073511.824000,G1,T01,Web_prova,1,unknown
82333,1,1,1,172,156,100,100,1,21,36,100,94,22,16,9,10,1,0,0,100,100,100,100,85,100,100,11,1,1789073512.024000,G1,T01,Web_prova,1,unknown
82533,1,1,1,157,155,100,100,1,16,75,100,100,26,20,9,8,7,0,0,100,100,100,100,86,100,100,11,1,1789073512.224000,G1,T01,Web_prova,1,unknown
82733,1,1,1,164,163,73,100,1,13,20,73,49,19,8,12,31,23,0,0,100,100,100,100,84,100,100,11,1,1789073512.424000,G1,T01,Web_prova,1,unknown
82933,1,1,1,162,150,84,100,1,16,33,84,58,11,27,21,12,10,0,0,100,100,100,100,87,100,100,11,1,1789073512.624000,G1,T01,Web_prova,1,unknown
83133,1,1,1,172,176,100,100,1,15,46,100,100,59,23,7,10,3,0,0,100,100,100,100,86,100,100,11,1,1789073512.824000,G1,T01,Web_prova,1,unknown
83333,1,0,1,0,167,0,100,1,15,14,37,27,4,11,5,9,3,0,0,100,100,100,100,83,100,100,11,1,1789073513.024000,G1,T01,Web_prova,1,unknown
83533,1,1,1,147,151,100,100,1,15,36,100,23,36,8,8,8,9,0,0,100,100,100,100,84,100,100,11,1,1789073513.224000,G1,T01,Web_prova,1,unknown
83733,1,1,1,164,163,79,100,1,16,29,79,57,25,14,11,16,13,0,0,100,100,100,100,80,100,100,11,1,1789073513.424000,G1,T01,Web_prova,1,unknown
83933,1,1,1,158,159,100,100,1,24,59,100,100,22,12,13,19,16,0,0,100,100,100,100,82,100,100,11,1,1789073513.624000,G1,T01,Web_prova,1,unknown
84133,1,1,1,153,161,100,100,1,15,100,100,100,17,3,7,17,13,0,0,100,100,100,100,86,100,100,11,1,1789073513.824000,G1,T01,Web_prova,1,unknown
84333,1,1,1,179,154,100,100,1,19,29,100,100,30,6,6,7,9,0,0,100,100,100,100,87,100,100,11,1,1789073514.024000,G1,T01,Web_prova,1,unknown
84533,1,1,1,202,155,100,100,1,15,28,100,100,47,17,3,10,11,0,0,100,100,100,100,86,100,100,11,1,1789073514.224000,G1,T01,Web_prova,1,unknown
84733,1,1,1,159,151,100,100,1,16,42,100,82,26,15,5,24,21,0,0,100,100,100,100,86,100,100,11,1,1789073514.424000,G1,T01,Web_prova,1,unknown
84933,1,1,1,158,159,100,100,1,17,51,100,88,27,23,17,12,5,0,0,100,100,100,100,86,100,100,11,1,1789073514.624000,G1,T01,Web_prova,1,unknown
85133,1,1,1,170,157,100,100,1,17,27,100,87,30,25,8,7,9,0,0,100,100,100,100,81,100,100,11,1,1789073514.824000,G1,T01,Web_prova,1,unknown
85333,1,1,1,161,163,100,100,1,19,80,100,100,13,9,9,15,7,0,0,100,100,100,100,76,100,100,11,1,1789073515.024000,G1,T01,Web_prova,1,unknown
85533,1,1,1,157,177,100,100,1,19,37,100,63,19,7,8,16,11,0,0,100,100,100,100,74,100,100,11,1,1789073515.224000,G1,T01,Web_prova,1,unknown
85733,1,0,1,0,164,0,100,1,24,17,38,25,22,17,6,13,17,0,0,100,100,100,100,73,100,100,12,1,1789073515.424000,G1,T01,Web_prova,1,unknown
85933,1,1,1,152,152,100,100,1,15,46,100,58,38,23,6,15,20,0,0,100,100,100,100,71,100,100,11,1,1789073515.624000,G1,T01,Web_prova,1,unknown
86133,1,1,1,225,159,31,100,1,16,21,38,31,10,9,5,28,19,0,0,100,100,100,100,68,100,100,11,1,1789073515.824000,G1,T01,Web_prova,1,unknown
86333,1,1,1,164,160,100,100,1,21,53,100,100,21,15,4,9,1,0,0,100,100,100,100,66,100,100,10,1,1789073516.024000,G1,T01,Web_prova,1,unknown
86533,1,1,1,186,164,43,100,1,15,16,43,42,20,8,10,5,2,0,0,100,100,100,100,64,100,100,10,1,1789073516.224000,G1,T01,Web_prova,1,unknown
86733,1,1,1,168,159,100,100,1,24,71,100,100,19,8,5,23,24,0,0,100,100,100,100,65,100,100,10,1,1789073516.424000,G1,T01,Web_prova,1,unknown
86933,1,1,1,162,230,100,100,1,15,25,100,73,20,5,7,6,5,0,0,100,100,100,100,62,100,100,10,1,1789073516.624000,G1,T01,Web_prova,1,unknown
87133,1,1,1,164,172,100,100,1,13,35,100,88,14,14,8,10,8,0,0,100,100,100,100,61,100,100,11,1,1789073516.824000,G1,T01,Web_prova,1,unknown
87333,1,1,1,171,166,100,100,1,13,34,100,100,20,14,5,12,3,0,0,100,100,100,100,63,100,100,11,1,1789073517.024000,G1,T01,Web_prova,1,unknown
87533,1,1,1,171,165,100,100,1,19,29,100,87,12,8,9,12,9,0,0,100,100,100,100,64,100,100,11,1,1789073517.224000,G1,T01,Web_prova,1,unknown
87733,1,1,1,181,159,76,100,1,26,17,76,71,12,12,9,5,6,0,0,100,100,100,100,64,100,100,11,1,1789073517.424000,G1,T01,Web_prova,1,unknown
87933,1,1,1,174,181,100,100,1,16,41,100,100,32,13,6,12,14,0,0,100,100,100,100,63,100,100,11,1,1789073517.624000,G1,T01,Web_prova,1,unknown
88133,1,1,1,162,176,100,100,1,17,83,100,100,20,12,10,18,11,0,0,100,100,100,100,64,100,100,11,1,1789073517.824000,G1,T01,Web_prova,1,unknown
88333,1,1,1,196,179,100,100,1,15,22,100,100,25,6,7,9,6,0,0,100,100,100,100,67,100,100,11,1,1789073518.024000,G1,T01,Web_prova,1,unknown
88533,1,1,1,188,166,82,100,1,18,24,81,82,23,10,10,11,11,0,0,100,100,100,100,72,100,100,11,1,1789073518.224000,G1,T01,Web_prova,1,unknown
88733,1,1,1,168,218,100,100,1,15,67,100,100,38,19,14,23,17,0,0,100,100,100,100,73,100,100,11,1,1789073518.424000,G1,T01,Web_prova,1,unknown
88933,1,1,1,174,167,53,100,1,17,24,53,47,19,24,15,11,9,0,0,100,100,100,100,76,100,100,11,1,1789073518.624000,G1,T01,Web_prova,1,unknown
89133,1,1,1,161,165,100,100,1,18,31,100,72,27,21,9,8,11,0,0,100,100,100,100,77,100,100,10,1,1789073518.824000,G1,T01,Web_prova,1,unknown
89333,1,1,1,191,160,89,100,1,19,16,87,89,31,14,2,3,4,0,0,100,100,100,100,80,100,100,10,1,1789073519.024000,G1,T01,Web_prova,1,unknown
89533,1,1,1,166,163,100,100,1,16,49,100,100,15,17,13,12,9,0,0,100,100,100,100,82,100,100,10,1,1789073519.224000,G1,T01,Web_prova,1,unknown
89733,1,1,1,163,169,79,100,1,18,29,79,56,31,37,21,12,11,0,0,100,100,100,100,85,100,100,10,1,1789073519.424000,G1,T01,Web_prova,1,unknown
89933,1,1,1,225,271,33,100,1,13,11,38,33,16,10,9,8,10,0,0,100,100,100,100,87,100,100,11,1,1789073519.624000,G1,T01,Web_prova,1,unknown
90133,1,1,1,164,168,100,100,1,21,33,100,85,19,9,4,22,17,0,0,100,100,100,100,90,100,100,11,1,1789073519.824000,G1,T01,Web_prova,1,unknown
90333,1,1,1,178,157,100,100,1,13,43,100,100,47,8,6,8,6,0,0,100,100,100,100,94,100,100,11,1,1789073520.024000,G1,T01,Web_prova,1,unknown
90533,1,1,1,163,185,100,100,1,18,60,100,100,7,16,11,10,1,0,0,100,100,100,100,96,100,100,11,1,1789073520.224000,G1,T01,Web_prova,1,unknown
90733,1,1,1,155,161,100,100,1,13,34,100,52,35,17,13,26,18,0,0,100,100,100,100,95,100,100,11,1,1789073520.424000,G1,T01,Web_prova,1,unknown
90933,1,1,1,209,166,45,100,1,15,22,36,45,24,4,11,17,10,0,0,100,100,100,100,99,100,99,11,1,1789073520.624000,G1,T01,Web_prova,1,unknown
91133,1,1,1,179,174,100,100,1,16,31,100,100,46,23,10,9,8,0,0,100,100,100,100,100,100,98,11,1,1789073520.824000,G1,T01,Web_prova,1,unknown
91333,1,1,1,160,162,100,100,1,19,35,100,66,4,10,3,9,4,0,0,100,100,100,100,100,100,98,11,1,1789073521.024000,G1,T01,Web_prova,1,unknown
91533,1,1,1,189,176,100,100,1,17,22,100,100,39,13,1,8,11,0,0,100,100,100,100,100,100,96,11,1,1789073521.224000,G1,T01,Web_prova,1,unknown
91733,1,1,1,175,176,100,100,1,14,34,100,100,36,27,14,2,9,0,0,100,100,100,100,100,100,95,11,1,1789073521.424000,G1,T01,Web_prova,1,unknown
91933,1,1,1,167,183,100,100,1,18,63,100,100,31,13,8,7,5,0,0,100,100,100,100,100,100,95,11,1,1789073521.624000,G1,T01,Web_prova,1,unknown
92133,1,1,1,162,168,88,100,1,14,34,88,61,9,4,7,19,15,0,0,100,100,100,100,100,100,96,11,1,1789073521.824000,G1,T01,Web_prova,1,unknown
92333,1,1,1,164,166,100,100,1,15,61,100,100,26,10,7,6,9,0,0,100,100,100,100,100,100,96,11,1,1789073522.024000,G1,T01,Web_prova,1,unknown
92533,1,1,1,155,164,100,100,1,17,64,100,93,15,3,12,10,2,0,0,100,100,100,100,100,100,98,11,1,1789073522.224000,G1,T01,Web_prova,1,unknown
92733,1,1,1,199,186,63,100,1,22,19,59,63,43,19,16,30,20,0,0,100,100,100,100,99,100,98,11,1,1789073522.424000,G1,T01,Web_prova,1,unknown
92933,1,1,1,161,172,100,100,1,18,32,100,72,9,9,12,11,9,0,0,100,100,100,100,97,100,98,11,1,1789073522.624000,G1,T01,Web_prova,1,unknown
93133,1,1,1,161,166,100,100,1,25,35,100,76,13,20,9,6,12,0,0,100,100,100,100,99,100,98,11,1,1789073522.824000,G1,T01,Web_prova,1,unknown
93333,1,1,1,229,171,39,100,1,17,6,13,39,19,10,8,7,5,0,0,100,100,100,100,98,100,98,11,1,1789073523.024000,G1,T01,Web_prova,1,unknown
93533,1,1,1,173,174,95,100,1,18,19,95,78,13,8,6,10,10,0,0,100,100,100,100,99,100,99,11,1,1789073523.224000,G1,T01,Web_prova,1,unknown
93733,1,1,1,159,144,100,100,1,22,36,100,65,9,14,10,9,9,0,0,100,100,100,100,97,100,98,11,1,1789073523.424000,G1,T01,Web_prova,1,unknown
93933,1,1,1,148,169,56,100,1,19,31,56,28,19,8,8,8,8,0,0,100,100,100,100,95,100,97,11,1,1789073523.624000,G1,T01,Web_prova,1,unknown
94133,1,1,1,156,161,100,100,1,15,51,100,87,15,8,5,20,15,0,0,100,100,100,100,93,100,95,11,1,1789073523.824000,G1,T01,Web_prova,1,unknown
94333,1,1,1,161,164,100,100,1,15,27,100,62,24,20,3,13,7,0,0,100,100,100,100,92,100,96,11,1,1789073524.024000,G1,T01,Web_prova,1,unknown
94533,1,1,1,155,166,100,100,1,17,61,100,94,31,12,10,12,1,0,0,100,100,100,100,92,100,99,11,1,1789073524.224000,G1,T01,Web_prova,1,unknown
94733,1,1,1,159,150,100,100,1,17,59,100,100,17,12,8,26,20,0,0,100,100,100,100,91,100,99,11,1,1789073524.424000,G1,T01,Web_prova,1,unknown
94933,1,1,1,162,161,80,100,1,16,27,80,54,26,21,10,8,2,0,0,100,100,100,100,89,100,98,11,1,1789073524.624000,G1,T01,Web_prova,1,unknown
95133,1,1,1,162,168,100,100,1,17,43,100,100,19,7,3,15,15,0,0,100,100,100,100,88,100,99,11,1,1789073524.824000,G1,T01,Web_prova,1,unknown
95333,1,1,1,162,172,91,100,1,17,32,91,63,8,9,9,5,2,0,0,100,100,100,100,89,100,99,11,1,1789073525.024000,G1,T01,Web_prova,1,unknown
95533,1,1,1,173,171,100,100,1,13,27,100,100,45,21,5,10,11,0,0,100,100,100,100,88,100,99,11,1,1789073525.224000,G1,T01,Web_prova,1,unknown
95733,1,1,1,178,164,87,100,1,20,12,87,76,10,18,13,10,10,0,0,100,100,100,100,87,100,99,11,1,1789073525.424000,G1,T01,Web_prova,1,unknown
95933,1,1,1,159,160,91,100,1,16,35,91,60,24,11,11,11,12,0,0,100,100,100,100,90,100,99,11,1,1789073525.624000,G1,T01,Web_prova,1,unknown
96133,1,1,1,168,159,100,100,1,15,25,100,88,12,10,6,19,13,0,0,100,100,100,100,90,100,99,11,1,1789073525.824000,G1,T01,Web_prova,1,unknown
96333,1,1,1,206,151,74,100,1,15,19,60,74,32,12,4,10,8,0,0,100,100,100,100,88,100,99,11,1,1789073526.024000,G1,T01,Web_prova,1,unknown
96533,1,1,1,225,161,32,100,1,14,21,40,32,9,16,6,13,5,0,0,100,100,100,100,85,100,99,11,1,1789073526.224000,G1,T01,Web_prova,1,unknown
96733,1,1,1,202,152,70,100,1,15,23,60,70,31,6,16,34,26,0,0,100,100,100,100,85,100,100,11,1,1789073526.424000,G1,T01,Web_prova,1,unknown
96933,1,1,1,166,165,100,100,1,13,36,100,100,36,25,15,9,9,0,0,100,100,100,100,85,100,100,11,1,1789073526.624000,G1,T01,Web_prova,1,unknown
97133,1,1,1,179,169,100,100,1,19,27,100,100,24,7,12,5,8,0,0,100,100,100,100,84,100,100,11,1,1789073526.824000,G1,T01,Web_prova,1,unknown
97333,1,1,1,161,164,48,100,1,17,21,48,34,29,14,7,4,1,0,0,100,100,100,100,84,100,100,11,1,1789073527.024000,G1,T01,Web_prova,1,unknown
97533,1,1,1,209,171,40,100,1,16,12,32,40,22,8,11,12,9,0,0,100,100,100,100,84,100,100,11,1,1789073527.224000,G1,T01,Web_prova,1,unknown
97733,1,1,1,171,165,100,100,1,17,21,100,83,26,21,17,14,11,0,0,100,100,100,100,84,100,100,11,1,1789073527.424000,G1,T01,Web_prova,1,unknown
97933,1,1,1,150,196,80,100,1,18,32,80,31,16,10,14,7,10,0,0,100,100,100,100,86,100,100,11,1,1789073527.624000,G1,T01,Web_prova,1,unknown
98133,1,1,1,158,198,100,100,1,14,46,100,89,12,5,6,23,19,0,0,100,100,100,100,85,100,100,11,1,1789073527.824000,G1,T01,Web_prova,1,unknown
98333,1,1,1,183,158,97,100,1,13,27,97,94,33,25,10,4,8,0,0,100,100,100,100,86,100,100,11,1,1789073528.024000,G1,T01,Web_prova,1,unknown
98533,1,1,1,150,154,100,100,1,19,45,100,48,26,16,11,2,8,0,0,100,100,100,100,86,100,100,11,1,1789073528.224000,G1,T01,Web_prova,1,unknown
98733,1,1,1,150,186,62,100,1,14,34,62,36,27,12,7,22,15,0,0,100,100,100,100,86,100,100,11,1,1789073528.424000,G1,T01,Web_prova,1,unknown
98933,1,1,1,172,177,83,100,1,19,32,83,70,20,35,14,6,1,0,0,100,100,100,100,86,100,100,11,1,1789073528.624000,G1,T01,Web_prova,1,unknown
99133,1,1,1,159,157,100,100,1,21,40,100,65,23,25,8,12,11,0,0,100,100,100,100,86,100,100,11,1,1789073528.824000,G1,T01,Web_prova,1,unknown
99333,1,1,1,156,180,100,100,1,16,61,100,94,7,9,13,4,6,0,0,100,100,100,100,84,100,100,11,1,1789073529.024000,G1,T01,Web_prova,1,unknown
99533,1,1,1,162,164,100,100,1,18,35,100,83,10,7,3,1,6,0,0,100,100,100,100,83,100,100,12,1,1789073529.224000,G1,T01,Web_prova,1,unknown
99733,1,1,1,174,164,100,100,1,16,31,100,100,30,8,3,7,3,0,0,100,100,100,100,83,100,100,12,1,1789073529.424000,G1,T01,Web_prova,1,unknown
99933,1,1,1,168,156,94,100,1,18,31,94,72,14,19,10,12,12,0,0,100,100,100,100,80,100,100,11,1,1789073529.624000,G1,T01,Web_prova,1,unknown
100133,1,1,1,166,157,100,100,1,17,35,100,100,22,21,13,24,18,0,0,100,100,100,100,80,100,100,11,1,1789073529.824000,G1,T01,Web_prova,1,unknown
100333,1,1,1,161,162,100,100,1,16,30,100,64,12,6,13,23,16,0,0,100,100,100,100,81,100,100,11,1,1789073530.024000,G1,T01,Web_prova,1,unknown
100533,1,0,1,0,365,0,100,1,16,35,100,71,22,4,5,7,8,0,0,100,100,100,100,83,100,100,11,1,1789073530.224000,G1,T01,Web_prova,1,unknown
100733,1,1,1,168,181,100,100,1,19,41,100,100,27,11,6,16,12,0,0,100,100,100,100,84,100,100,11,1,1789073530.424000,G1,T01,Web_prova,1,unknown
100933,1,1,1,209,225,51,100,1,16,17,38,51,18,4,9,19,14,0,0,100,100,100,100,81,100,100,11,1,1789073530.624000,G1,T01,Web_prova,1,unknown
101133,1,1,1,174,166,100,100,1,16,36,100,100,44,19,7,10,10,0,0,100,100,100,100,83,100,100,11,1,1789073530.824000,G1,T01,Web_prova,1,unknown
101333,1,1,1,162,181,48,100,1,13,16,48,32,18,24,12,1,4,0,0,100,100,100,100,84,100,100,11,1,1789073531.024000,G1,T01,Web_prova,1,unknown
101533,1,1,1,158,156,78,100,1,13,25,78,46,25,11,9,10,7,0,0,100,100,100,100,85,100,100,11,1,1789073531.224000,G1,T01,Web_prova,1,unknown
101733,1,1,1,170,176,100,100,1,17,36,100,100,32,4,14,12,11,0,0,100,100,100,100,84,100,100,11,1,1789073531.424000,G1,T01,Web_prova,1,unknown
101933,1,1,1,164,203,84,100,1,17,31,84,61,28,18,3,8,10,0,0,100,100,100,100,84,100,100,11,1,1789073531.624000,G1,T01,Web_prova,1,unknown
102133,1,1,1,172,174,100,100,1,15,45,100,100,24,14,7,6,4,0,0,100,100,100,100,83,100,100,12,1,1789073531.824000,G1,T01,Web_prova,1,unknown
102333,1,1,1,166,171,87,100,1,19,21,87,62,9,10,3,15,15,0,0,100,100,100,100,83,100,100,12,1,1789073532.024000,G1,T01,Web_prova,1,unknown
102533,1,1,1,167,159,100,100,1,15,30,100,86,35,16,11,10,10,0,0,100,100,100,100,83,100,100,11,1,1789073532.224000,G1,T01,Web_prova,1,unknown
102733,1,1,1,166,180,100,100,1,14,27,100,93,11,9,7,11,13,0,0,100,100,100,100,85,100,100,11,1,1789073532.424000,G1,T01,Web_prova,1,unknown
102933,1,1,1,190,153,83,100,1,17,22,81,83,32,14,16,32,24,0,0,100,100,100,100,85,100,100,10,1,1789073532.624000,G1,T01,Web_prova,1,unknown
103133,1,1,1,182,201,100,100,1,17,26,100,99,27,13,6,11,16,0,0,100,100,100,100,82,100,100,10,1,1789073532.824000,G1,T01,Web_prova,1,unknown
103333,1,1,1,184,185,100,100,1,14,14,100,100,14,20,7,11,12,0,0,100,100,100,100,81,100,100,11,1,1789073533.024000,G1,T01,Web_prova,1,unknown
103533,1,1,1,196,197,100,100,1,25,25,100,100,22,7,9,8,10,0,0,100,100,100,100,84,100,100,11,1,1789073533.224000,G1,T01,Web_prova,1,unknown
103733,1,1,1,202,212,66,100,1,14,12,53,66,15,11,9,14,18,0,0,100,100,100,100,90,100,100,11,1,1789073533.424000,G1,T01,Web_prova,1,unknown
103933,1,1,1,214,211,100,100,1,18,21,87,100,59,32,15,11,10,0,0,100,100,100,100,95,100,100,12,1,1789073533.624000,G1,T01,Web_prova,1,unknown
104133,1,1,1,249,209,50,100,1,19,16,24,50,44,27,14,25,18,0,0,100,100,100,100,94,100,100,12,1,1789073533.824000,G1,T01,Web_prova,1,unknown
104333,1,1,1,215,228,62,100,1,17,13,42,62,27,13,7,20,21,0,0,100,100,100,100,92,100,100,11,1,1789073534.024000,G1,T01,Web_prova,1,unknown
104533,1,1,1,221,229,75,100,1,14,8,44,75,36,13,17,12,10,0,0,100,100,100,100,89,100,100,11,1,1789073534.224000,G1,T01,Web_prova,1,unknown
104733,1,1,1,233,217,64,100,1,16,16,33,64,45,19,12,13,11,0,0,100,100,100,100,91,100,100,11,1,1789073534.424000,G1,T01,Web_prova,1,unknown
104933,1,1,1,224,223,44,100,1,16,12,24,44,23,11,2,3,1,0,0,100,100,100,100,96,100,100,11,1,1789073534.624000,G1,T01,Web_prova,1,unknown
105133,1,0,1,0,413,0,100,1,14,10,88,82,13,7,8,12,13,0,0,100,100,100,100,93,100,100,11,1,1789073534.824000,G1,T01,Web_prova,1,unknown
105333,1,1,1,213,215,100,100,1,14,14,71,100,38,8,12,11,9,0,0,100,100,100,100,91,100,100,11,1,1789073535.024000,G1,T01,Web_prova,1,unknown
105533,1,0,1,0,190,0,100,1,14,16,73,98,39,29,4,23,12,0,0,100,100,100,100,89,100,100,11,1,1789073535.224000,G1,T01,Web_prova,1,unknown
105733,1,1,1,227,195,84,100,1,21,13,43,84,50,28,6,16,15,0,0,100,100,100,100,89,100,100,11,1,1789073535.424000,G1,T01,Web_prova,1,unknown
105933,1,1,1,236,201,63,100,1,20,15,29,63,45,21,10,6,2,0,0,100,100,100,100,89,100,100,10,1,1789073535.624000,G1,T01,Web_prova,1,unknown
106133,1,1,1,221,205,33,100,1,18,14,20,33,18,8,10,9,13,0,0,100,100,100,100,93,100,100,11,1,1789073535.824000,G1,T01,Web_prova,1,unknown
106333,1,0,1,0,210,0,100,1,18,12,45,75,40,16,18,21,9,0,0,100,100,100,100,93,100,100,11,1,1789073536.024000,G1,T01,Web_prova,1,unknown
106533,1,1,1,234,213,66,100,1,13,10,30,66,45,29,14,15,12,0,0,100,100,100,100,90,100,100,11,1,1789073536.224000,G1,T01,Web_prova,1,unknown
106733,1,1,1,232,213,35,100,1,17,12,19,35,24,12,13,9,11,0,0,100,100,100,100,94,100,100,12,1,1789073536.424000,G1,T01,Web_prova,1,unknown
106933,1,1,1,232,216,100,100,1,19,16,53,100,75,20,8,7,2,0,0,100,100,100,100,98,100,100,12,1,1789073536.624000,G1,T01,Web_prova,1,unknown
107133,1,1,1,215,216,100,100,1,17,13,93,100,55,24,10,12,13,0,0,100,100,100,100,100,100,100,11,1,1789073536.824000,G1,T01,Web_prova,1,unknown
107333,1,1,1,233,217,99,100,1,19,15,38,99,60,31,13,14,15,0,0,100,100,100,100,100,100,100,11,1,1789073537.024000,G1,T01,Web_prova,1,unknown
107533,1,1,1,216,218,59,100,1,15,10,39,59,26,9,5,18,17,0,0,100,100,100,100,99,100,100,11,1,1789073537.224000,G1,T01,Web_prova,1,unknown
107733,1,1,1,222,219,100,100,1,16,11,75,100,64,8,13,13,11,0,0,100,100,100,100,97,100,100,11,1,1789073537.424000,G1,T01,Web_prova,1,unknown
107933,1,1,1,214,220,94,100,1,18,10,56,94,26,9,10,13,12,0,0,100,100,100,100,94,100,100,11,1,1789073537.624000,G1,T01,Web_prova,1,unknown
108133,1,1,1,220,220,100,100,1,19,15,56,100,42,12,6,12,18,0,0,100,100,100,100,95,100,100,11,1,1789073537.824000,G1,T01,Web_prova,1,unknown
108333,1,1,1,227,221,97,100,1,16,11,51,97,56,16,8,9,10,0,0,100,100,100,100,97,100,100,11,1,1789073538.024000,G1,T01,Web_prova,1,unknown
108533,1,1,1,213,220,100,100,1,13,10,89,100,38,9,13,27,15,0,0,100,100,100,100,96,100,100,11,1,1789073538.224000,G1,T01,Web_prova,1,unknown
108733,1,1,1,217,221,77,100,1,15,11,42,77,24,12,5,7,3,0,0,100,100,100,100,93,100,100,11,1,1789073538.424000,G1,T01,Web_prova,1,unknown
108933,1,1,1,215,220,100,100,1,17,13,84,100,49,22,15,7,8,0,0,100,100,100,100,95,100,100,11,1,1789073538.624000,G1,T01,Web_prova,1,unknown
109133,1,1,1,218,222,100,100,1,18,17,90,100,67,18,5,7,6,0,0,100,100,100,100,97,100,100,11,1,1789073538.824000,G1,T01,Web_prova,1,unknown
109333,1,1,1,227,223,71,100,1,17,19,35,71,41,12,7,13,15,0,0,100,100,100,100,97,100,100,11,1,1789073539.024000,G1,T01,Web_prova,1,unknown
109533,1,1,1,225,223,61,100,1,17,16,34,61,35,21,16,16,16,0,0,100,100,100,100,97,100,100,11,1,1789073539.224000,G1,T01,Web_prova,1,unknown
109733,1,1,1,230,223,73,100,1,14,11,27,73,40,8,12,7,8,0,0,100,100,100,100,98,100,100,11,1,1789073539.424000,G1,T01,Web_prova,1,unknown
109933,1,1,1,217,222,38,100,1,15,13,24,38,18,7,7,12,17,0,0,100,100,100,100,98,100,100,11,1,1789073539.624000,G1,T01,Web_prova,1,unknown
110133,1,1,1,223,222,100,100,1,21,13,80,100,72,13,8,8,9,0,0,100,100,100,100,98,100,100,11,1,1789073539.824000,G1,T01,Web_prova,1,unknown
110333,1,1,1,223,222,73,100,1,19,14,37,73,34,13,4,11,9,0,0,100,100,100,100,96,100,100,11,1,1789073540.024000,G1,T01,Web_prova,1,unknown
110533,1,0,1,0,222,0,100,1,15,13,11,18,16,25,13,12,15,0,0,100,100,100,100,95,100,100,11,1,1789073540.224000,G1,T01,Web_prova,1,unknown
110733,1,1,1,219,223,95,100,1,20,16,62,95,49,19,4,10,19,0,0,100,100,100,100,92,100,100,11,1,1789073540.424000,G1,T01,Web_prova,1,unknown
110933,1,1,1,198,221,80,100,1,17,16,68,80,8,9,10,15,14,0,0,100,100,100,100,90,100,100,11,1,1789073540.624000,G1,T01,Web_prova,1,unknown
111133,1,1,1,218,222,100,100,1,15,15,80,100,55,8,8,13,11,0,0,100,100,100,100,90,100,100,11,1,1789073540.824000,G1,T01,Web_prova,1,unknown
111333,1,1,1,199,220,81,100,1,18,12,68,81,13,5,9,11,7,0,0,100,100,100,100,92,100,100,11,1,1789073541.024000,G1,T01,Web_prova,1,unknown
111533,1,1,1,218,220,74,100,1,23,15,41,74,27,11,13,18,17,0,0,100,100,100,100,89,100,100,11,1,1789073541.224000,G1,T01,Web_prova,1,unknown
111733,1,1,1,219,220,74,100,1,16,13,46,74,36,20,7,16,9,0,0,100,100,100,100,87,100,100,11,1,1789073541.424000,G1,T01,Web_prova,1,unknown
111933,1,1,1,212,219,100,100,1,15,11,65,100,25,22,11,13,17,0,0,100,100,100,100,88,100,100,11,1,1789073541.624000,G1,T01,Web_prova,1,unknown
112133,1,1,1,230,219,32,100,1,19,12,24,32,26,6,7,9,10,0,0,100,100,100,100,85,100,100,11,1,1789073541.824000,G1,T01,Web_prova,1,unknown
112333,1,1,1,219,219,100,100,1,13,13,100,100,70,5,9,19,19,0,0,100,100,100,100,83,100,100,11,1,1789073542.024000,G1,T01,Web_prova,1,unknown
112533,1,1,1,211,218,94,100,1,14,8,64,94,30,5,7,14,13,0,0,100,100,100,100,85,100,100,11,1,1789073542.224000,G1,T01,Web_prova,1,unknown
112733,1,1,1,210,218,77,100,1,16,12,54,77,26,11,12,30,20,0,0,100,100,100,100,85,100,100,11,1,1789073542.424000,G1,T01,Web_prova,1,unknown
112933,1,1,1,219,217,100,100,1,18,15,88,100,61,22,9,6,9,0,0,100,100,100,100,81,100,100,11,1,1789073542.624000,G1,T01,Web_prova,1,unknown
113133,1,1,1,223,218,81,100,1,18,12,42,81,40,6,3,11,12,0,0,100,100,100,100,82,100,100,11,1,1789073542.824000,G1,T01,Web_prova,1,unknown
113333,1,1,1,206,217,86,100,1,18,15,64,86,17,16,1,7,9,0,0,100,100,100,100,82,100,100,11,1,1789073543.024000,G1,T01,Web_prova,1,unknown
113533,1,1,1,206,216,100,100,1,17,17,100,100,32,15,14,10,10,0,0,100,100,100,100,82,100,100,11,1,1789073543.224000,G1,T01,Web_prova,1,unknown
113733,1,1,1,204,216,57,100,1,14,15,46,57,21,11,6,17,19,0,0,100,100,100,100,81,100,100,11,1,1789073543.424000,G1,T01,Web_prova,1,unknown
113933,1,1,1,213,216,100,100,1,23,16,74,100,40,14,13,20,20,0,0,100,100,100,100,83,100,100,11,1,1789073543.624000,G1,T01,Web_prova,1,unknown
114133,1,1,1,212,215,81,100,1,20,13,54,81,26,8,6,19,23,0,0,100,100,100,100,82,100,100,11,1,1789073543.824000,G1,T01,Web_prova,1,unknown
114333,1,1,1,210,215,100,100,1,14,14,91,100,32,10,5,3,3,0,0,100,100,100,100,84,100,100,11,1,1789073544.024000,G1,T01,Web_prova,1,unknown
114533,1,1,1,219,215,64,100,1,15,13,35,64,25,17,9,19,19,0,0,100,100,100,100,84,100,100,11,1,1789073544.224000,G1,T01,Web_prova,1,unknown
114733,1,1,1,218,214,62,100,1,14,15,41,62,32,11,5,9,14,0,0,100,100,100,100,81,100,100,11,1,1789073544.424000,G1,T01,Web_prova,1,unknown
114933,1,1,1,209,215,94,100,1,18,15,65,94,19,20,21,13,7,0,0,100,100,100,100,84,100,100,11,1,1789073544.624000,G1,T01,Web_prova,1,unknown
115133,1,0,1,0,215,0,100,1,18,12,14,26,19,11,8,9,12,0,0,100,100,100,100,83,100,100,11,1,1789073544.824000,G1,T01,Web_prova,1,unknown
115333,1,1,1,217,216,100,100,1,17,15,61,100,36,15,4,9,8,0,0,100,100,100,100,84,100,100,11,1,1789073545.024000,G1,T01,Web_prova,1,unknown
115533,1,1,1,215,215,100,100,1,13,11,74,100,36,13,5,7,8,0,0,100,100,100,100,86,100,100,12,1,1789073545.224000,G1,T01,Web_prova,1,unknown
115733,1,1,1,220,215,100,100,1,17,11,63,100,50,25,7,10,10,0,0,100,100,100,100,87,100,100,12,1,1789073545.424000,G1,T01,Web_prova,1,unknown
115933,1,1,1,212,215,96,100,1,16,10,67,96,38,17,9,22,17,0,0,100,100,100,100,85,100,100,12,1,1789073545.624000,G1,T01,Web_prova,1,unknown
116133,1,1,1,190,215,35,100,1,17,14,34,35,11,11,10,9,12,0,0,100,100,100,100,88,100,100,11,1,1789073545.824000,G1,T01,Web_prova,1,unknown
116333,1,1,1,206,214,85,100,1,16,15,59,85,11,9,7,19,16,0,0,100,100,100,100,88,100,100,11,1,1789073546.024000,G1,T01,Web_prova,1,unknown
116533,1,1,1,302,215,21,100,1,17,11,14,14,21,15,11,14,10,0,0,100,100,100,100,89,100,100,10,1,1789073546.224000,G1,T01,Web_prova,1,unknown
116733,1,1,1,211,215,100,100,1,19,17,74,100,28,13,9,8,14,0,0,100,100,100,100,90,100,100,10,1,1789073546.424000,G1,T01,Web_prova,1,unknown
116933,1,1,1,220,215,52,100,1,21,17,26,52,19,10,16,28,15,0,0,100,100,100,100,90,100,100,11,1,1789073546.624000,G1,T01,Web_prova,1,unknown
117133,1,0,1,0,214,0,100,1,13,13,37,59,26,22,19,3,5,0,0,100,100,100,100,89,100,100,11,1,1789073546.824000,G1,T01,Web_prova,1,unknown
117333,1,1,1,237,216,92,100,1,16,16,38,92,65,15,8,13,14,0,0,100,100,100,100,91,100,100,11,1,1789073547.024000,G1,T01,Web_prova,1,unknown
117533,1,1,1,241,217,35,100,1,17,13,11,35,26,10,3,10,11,0,0,100,100,100,100,94,100,100,11,1,1789073547.224000,G1,T01,Web_prova,1,unknown
117733,1,1,1,215,218,82,100,1,23,14,55,82,36,13,8,11,13,0,0,100,100,100,100,96,100,100,12,1,1789073547.424000,G1,T01,Web_prova,1,unknown
117933,1,1,1,216,219,100,100,1,13,13,77,100,43,16,18,12,12,0,0,100,100,100,100,93,100,100,11,1,1789073547.624000,G1,T01,Web_prova,1,unknown
118133,1,1,1,217,219,79,100,1,16,16,43,79,25,15,5,20,18,0,0,100,100,100,100,93,100,100,11,1,1789073547.824000,G1,T01,Web_prova,1,unknown
118333,1,1,1,223,220,64,100,1,15,13,33,64,31,18,7,12,14,0,0,100,100,100,100,91,100,100,11,1,1789073548.024000,G1,T01,Web_prova,1,unknown
118533,1,1,1,227,220,89,100,1,17,14,46,89,51,9,8,10,13,0,0,100,100,100,100,93,100,100,12,1,1789073548.224000,G1,T01,Web_prova,1,unknown
118733,1,1,1,219,220,99,100,1,17,12,54,99,38,4,1,10,11,0,0,100,100,100,100,95,100,100,12,1,1789073548.424000,G1,T01,Web_prova,1,unknown
118933,1,1,1,216,220,82,100,1,17,12,48,82,25,17,10,15,14,0,0,100,100,100,100,94,100,100,12,1,1789073548.624000,G1,T01,Web_prova,1,unknown
119133,1,1,1,224,219,71,100,1,15,12,37,71,35,17,5,24,23,0,0,100,100,100,100,90,100,100,11,1,1789073548.824000,G1,T01,Web_prova,1,unknown
119333,1,1,1,195,218,54,100,1,15,14,51,54,26,31,19,16,11,0,0,100,100,100,100,90,100,100,11,1,1789073549.024000,G1,T01,Web_prova,1,unknown
119533,1,1,1,212,219,100,100,1,15,16,90,100,45,21,7,18,19,0,0,100,100,100,100,91,100,100,10,1,1789073549.224000,G1,T01,Web_prova,1,unknown
119733,1,1,1,222,219,38,100,1,17,13,23,38,21,5,7,11,8,0,0,100,100,100,100,92,100,100,10,1,1789073549.424000,G1,T01,Web_prova,1,unknown
119933,1,1,1,209,219,32,100,1,15,13,24,32,13,8,8,13,13,0,0,100,100,100,100,93,100,100,11,1,1789073549.624000,G1,T01,Web_prova,1,unknown
120133,1,0,1,0,219,0,100,1,20,12,11,25,16,15,9,6,8,0,0,100,100,100,100,90,100,100,11,1,1789073549.824000,G1,T01,Web_prova,1,unknown
120333,1,1,1,212,219,78,100,1,16,12,57,78,36,15,4,22,21,0,0,100,100,100,100,91,100,100,11,1,1789073550.024000,G1,T01,Web_prova,1,unknown
120533,1,1,1,216,217,46,100,1,16,8,28,46,17,8,9,16,15,0,0,100,100,100,100,90,100,100,12,1,1789073550.224000,G1,T01,Web_prova,1,unknown
120733,1,1,1,210,217,100,100,1,14,13,93,100,28,18,3,16,22,0,0,100,100,100,100,91,100,100,12,1,1789073550.424000,G1,T01,Web_prova,1,unknown
120933,1,1,1,219,218,45,100,1,17,14,29,45,23,17,2,7,1,0,0,100,100,100,100,93,100,100,12,1,1789073550.624000,G1,T01,Web_prova,1,unknown
121133,1,1,1,210,218,85,100,1,13,10,62,85,34,9,7,13,17,0,0,100,100,100,100,92,100,100,11,1,1789073550.824000,G1,T01,Web_prova,1,unknown
121333,1,1,1,220,217,55,100,1,18,13,32,55,25,29,15,23,11,0,0,100,100,100,100,90,100,100,11,1,1789073551.024000,G1,T01,Web_prova,1,unknown
121533,1,1,1,234,216,49,100,1,14,12,28,49,37,37,18,15,13,0,0,100,100,100,100,89,100,100,11,1,1789073551.224000,G1,T01,Web_prova,1,unknown
121733,1,1,1,228,217,43,100,1,21,15,20,43,24,7,9,14,14,0,0,100,100,100,100,88,100,100,11,1,1789073551.424000,G1,T01,Web_prova,1,unknown
121933,1,1,1,273,217,29,100,1,15,15,11,27,29,16,8,9,9,0,0,100,100,100,100,90,100,100,11,1,1789073551.624000,G1,T01,Web_prova,1,unknown
122133,1,1,1,245,218,69,100,1,14,13,26,69,57,18,11,12,10,0,0,100,100,100,100,89,100,100,11,1,1789073551.824000,G1,T01,Web_prova,1,unknown
122333,1,1,1,216,218,65,100,1,14,8,40,65,24,6,9,15,15,0,0,100,100,100,100,88,100,100,11,1,1789073552.024000,G1,T01,Web_prova,1,unknown
122533,1,1,1,217,218,99,100,1,23,15,61,99,42,23,12,27,19,0,0,100,100,100,100,90,100,100,11,1,1789073552.224000,G1,T01,Web_prova,1,unknown
122733,1,1,1,274,218,44,100,1,16,18,12,40,44,23,7,13,11,0,0,100,100,100,100,90,100,100,11,1,1789073552.424000,G1,T01,Web_prova,1,unknown
122933,1,1,1,227,219,93,100,1,17,10,42,93,50,13,12,22,24,0,0,100,100,100,100,92,100,100,11,1,1789073552.624000,G1,T01,Web_prova,1,unknown
123133,1,1,1,213,219,100,100,1,13,13,68,100,29,11,10,11,3,0,0,100,100,100,100,92,100,100,11,1,1789073552.824000,G1,T01,Web_prova,1,unknown
123333,1,1,1,213,220,67,100,1,13,12,44,67,23,2,3,19,18,0,0,100,100,100,100,91,100,100,11,1,1789073553.024000,G1,T01,Web_prova,1,unknown
123533,1,1,1,223,220,58,100,1,20,15,31,58,27,10,15,19,6,0,0,100,100,100,100,88,100,100,11,1,1789073553.224000,G1,T01,Web_prova,1,unknown
123733,1,1,1,214,221,55,100,1,16,12,40,55,28,39,14,13,11,0,0,100,100,100,100,87,100,100,11,1,1789073553.424000,G1,T01,Web_prova,1,unknown
123933,1,1,1,210,220,82,100,1,21,15,57,82,22,20,13,23,15,0,0,100,100,100,100,90,100,100,11,1,1789073553.624000,G1,T01,Web_prova,1,unknown
124133,1,1,1,244,221,55,100,1,15,13,23,55,45,16,6,6,2,0,0,100,100,100,100,93,100,100,11,1,1789073553.824000,G1,T01,Web_prova,1,unknown
124333,1,1,1,224,222,42,100,1,19,10,22,42,21,4,7,15,13,0,0,100,100,100,100,93,100,100,11,1,1789073554.024000,G1,T01,Web_prova,1,unknown
124533,1,1,1,230,223,86,100,1,17,16,45,86,57,33,10,15,15,0,0,100,100,100,100,93,100,100,11,1,1789073554.224000,G1,T01,Web_prova,1,unknown
124733,1,1,1,236,225,59,100,1,15,9,28,59,43,26,12,27,18,0,0,100,100,100,100,92,100,100,11,1,1789073554.424000,G1,T01,Web_prova,1,unknown
124933,1,1,1,210,224,86,100,1,17,16,56,86,17,6,7,15,12,0,0,100,100,100,100,93,100,100,11,1,1789073554.624000,G1,T01,Web_prova,1,unknown
125133,1,1,1,216,225,85,100,1,16,13,52,85,32,17,6,12,18,0,0,100,100,100,100,93,100,100,11,1,1789073554.824000,G1,T01,Web_prova,1,unknown
125333,1,1,1,220,225,36,100,1,22,15,25,36,23,8,6,5,8,0,0,100,100,100,100,93,100,100,11,1,1789073555.024000,G1,T01,Web_prova,1,unknown
125533,1,1,1,214,225,95,100,1,14,14,59,95,31,8,11,23,21,0,0,100,100,100,100,92,100,100,11,1,1789073555.224000,G1,T01,Web_prova,1,unknown
125733,1,1,1,212,223,90,100,1,13,6,61,90,31,19,10,28,20,0,0,100,100,100,100,88,100,100,11,1,1789073555.424000,G1,T01,Web_prova,1,unknown
125933,1,1,1,224,223,69,100,1,18,11,37,69,36,23,13,9,9,0,0,100,100,100,100,88,100,100,11,1,1789073555.624000,G1,T01,Web_prova,1,unknown
126133,1,1,1,221,222,56,100,1,17,12,30,56,24,7,11,13,13,0,0,100,100,100,100,91,100,100,11,1,1789073555.824000,G1,T01,Web_prova,1,unknown
126333,1,1,1,225,223,100,100,1,16,15,52,100,53,13,10,6,8,0,0,100,100,100,100,93,100,100,11,1,1789073556.024000,G1,T01,Web_prova,1,unknown
126533,1,1,1,212,223,70,100,1,16,12,46,70,22,16,8,11,10,0,0,100,100,100,100,90,100,100,11,1,1789073556.224000,G1,T01,Web_prova,1,unknown
126733,1,1,1,240,223,43,100,1,17,13,21,43,34,24,21,17,12,0,0,100,100,100,100,91,100,100,11,1,1789073556.424000,G1,T01,Web_prova,1,unknown
126933,1,1,1,222,222,77,100,1,13,11,44,77,38,18,21,20,17,0,0,100,100,100,100,90,100,100,11,1,1789073556.624000,G1,T01,Web_prova,1,unknown
127133,1,1,1,212,222,63,100,1,17,13,42,63,19,9,12,18,24,0,0,100,100,100,100,92,100,100,11,1,1789073556.824000,G1,T01,Web_prova,1,unknown
127333,1,1,1,215,222,100,100,1,15,11,66,100,31,6,7,11,9,0,0,100,100,100,100,92,100,100,11,1,1789073557.024000,G1,T01,Web_prova,1,unknown
127533,1,1,1,223,222,100,100,1,14,13,65,100,60,9,8,16,14,0,0,100,100,100,100,93,100,100,11,1,1789073557.224000,G1,T01,Web_prova,1,unknown
127733,1,0,1,0,222,0,100,1,16,13,6,16,12,8,7,17,18,0,0,100,100,100,100,91,100,100,11,1,1789073557.424000,G1,T01,Web_prova,1,unknown
127933,1,1,1,261,223,66,100,1,16,13,21,66,66,17,11,17,20,0,0,100,100,100,100,88,100,100,11,1,1789073557.624000,G1,T01,Web_prova,1,unknown
128133,1,1,1,244,223,40,100,1,18,10,20,40,34,18,17,15,14,0,0,100,100,100,100,90,100,100,11,1,1789073557.824000,G1,T01,Web_prova,1,unknown
128333,1,0,1,0,222,0,100,1,17,9,18,17,17,14,10,6,7,0,0,100,100,100,100,92,100,100,11,1,1789073558.024000,G1,T01,Web_prova,1,unknown
128533,1,1,1,219,221,100,100,1,15,11,95,100,62,13,15,8,9,0,0,100,100,100,100,92,100,100,11,1,1789073558.224000,G1,T01,Web_prova,1,unknown
128733,1,1,1,210,221,70,100,1,20,16,53,70,32,39,18,18,13,0,0,100,100,100,100,93,100,100,11,1,1789073558.424000,G1,T01,Web_prova,1,unknown
128933,1,1,1,237,220,72,100,1,16,12,26,72,50,18,12,22,17,0,0,100,100,100,100,93,100,100,11,1,1789073558.624000,G1,T01,Web_prova,1,unknown
129133,1,1,1,219,220,100,100,1,16,17,58,100,40,7,3,16,16,0,0,100,100,100,100,92,100,100,11,1,1789073558.824000,G1,T01,Web_prova,1,unknown
129333,1,1,1,213,219,68,100,1,20,13,41,68,17,14,3,27,24,0,0,100,100,100,100,93,100,100,11,1,1789073559.024000,G1,T01,Web_prova,1,unknown
129533,1,1,1,215,220,75,100,1,15,11,47,75,29,7,9,8,6,0,0,100,100,100,100,94,100,100,12,1,1789073559.224000,G1,T01,Web_prova,1,unknown
129733,1,1,1,219,220,78,100,1,14,13,46,78,34,8,14,26,21,0,0,100,100,100,100,94,100,100,12,1,1789073559.424000,G1,T01,Web_prova,1,unknown
129933,1,1,1,225,220,49,100,1,16,15,36,49,35,22,8,16,20,0,0,100,100,100,100,93,100,100,11,1,1789073559.624000,G1,T01,Web_prova,1,unknown
130133,1,1,1,213,220,100,100,1,13,8,68,100,35,12,5,19,18,0,0,100,100,100,100,91,100,100,11,1,1789073559.824000,G1,T01,Web_prova,1,unknown
130333,1,1,1,208,219,83,100,1,13,8,56,83,8,25,19,15,10,0,0,100,100,100,100,92,100,100,11,1,1789073560.024000,G1,T01,Web_prova,1,unknown
130533,1,1,1,225,219,32,100,1,18,10,39,32,20,10,10,10,7,0,0,100,100,100,100,94,100,100,11,1,1789073560.224000,G1,T01,Web_prova,1,unknown
130733,1,1,1,216,218,51,100,1,19,14,34,51,23,5,9,10,9,0,0,100,100,100,100,93,100,100,11,1,1789073560.424000,G1,T01,Web_prova,1,unknown
130933,1,1,1,213,217,57,100,1,15,12,38,57,21,24,16,15,12,0,0,100,100,100,100,93,100,100,11,1,1789073560.624000,G1,T01,Web_prova,1,unknown
131133,1,1,1,243,217,42,100,1,16,16,27,42,37,27,12,18,11,0,0,100,100,100,100,91,100,100,11,1,1789073560.824000,G1,T01,Web_prova,1,unknown
131333,1,1,1,276,218,28,100,1,16,12,6,26,28,16,5,7,10,0,0,100,100,100,100,90,100,100,11,1,1789073561.024000,G1,T01,Web_prova,1,unknown
131533,1,1,1,229,219,68,100,1,14,9,36,68,44,18,4,22,19,0,0,100,100,100,100,90,100,100,11,1,1789073561.224000,G1,T01,Web_prova,1,unknown
131733,1,1,1,216,218,98,100,1,22,16,57,98,33,14,1,7,10,0,0,100,100,100,100,91,100,100,11,1,1789073561.424000,G1,T01,Web_prova,1,unknown
131933,1,1,1,248,218,51,100,1,13,10,20,51,44,8,6,19,17,0,0,100,100,100,100,91,100,100,11,1,1789073561.624000,G1,T01,Web_prova,1,unknown
132133,1,1,1,300,218,26,100,1,16,13,18,30,26,16,8,14,12,0,0,100,100,100,100,85,100,100,11,1,1789073561.824000,G1,T01,Web_prova,1,unknown
132333,1,1,1,229,219,56,100,1,14,13,27,56,34,10,12,17,15,0,0,100,100,100,100,83,100,100,12,1,1789073562.024000,G1,T01,Web_prova,1,unknown
132533,1,1,1,232,220,44,100,1,16,13,16,44,25,24,15,19,17,0,0,100,100,100,100,86,100,100,12,1,1789073562.224000,G1,T01,Web_prova,1,unknown
132733,1,1,1,225,219,44,100,1,16,10,21,44,20,10,11,9,10,0,0,100,100,100,100,87,100,100,11,1,1789073562.424000,G1,T01,Web_prova,1,unknown
132933,1,1,1,212,219,42,100,1,17,13,29,42,16,8,3,8,10,0,0,100,100,100,100,86,100,100,11,1,1789073562.624000,G1,T01,Web_prova,1,unknown
133133,1,1,1,209,218,100,100,1,20,16,88,100,28,16,15,19,17,0,0,100,100,100,100,86,100,100,11,1,1789073562.824000,G1,T01,Web_prova,1,unknown
133333,1,1,1,212,217,77,100,1,17,13,53,77,30,18,19,20,10,0,0,100,100,100,100,85,100,100,10,1,1789073563.024000,G1,T01,Web_prova,1,unknown
133533,1,1,1,218,217,33,100,1,13,12,16,33,8,12,5,16,15,0,0,100,100,100,100,83,100,100,10,1,1789073563.224000,G1,T01,Web_prova,1,unknown
133733,1,1,1,213,217,100,100,1,16,13,84,100,41,13,14,21,20,0,0,100,100,100,100,85,100,100,11,1,1789073563.424000,G1,T01,Web_prova,1,unknown
133933,1,1,1,226,217,59,100,1,14,11,33,59,35,12,7,4,3,0,0,100,100,100,100,87,100,100,11,1,1789073563.624000,G1,T01,Web_prova,1,unknown
134133,1,1,1,226,217,76,100,1,18,13,41,76,45,11,9,12,16,0,0,100,100,100,100,85,100,100,11,1,1789073563.824000,G1,T01,Web_prova,1,unknown
134333,1,1,1,213,217,65,100,1,16,13,47,65,29,8,17,17,3,0,0,100,100,100,100,82,100,100,11,1,1789073564.024000,G1,T01,Web_prova,1,unknown
134533,1,1,1,221,217,100,100,1,15,13,72,100,61,26,14,16,12,0,0,100,100,100,100,81,100,100,11,1,1789073564.224000,G1,T01,Web_prova,1,unknown
134733,1,1,1,222,217,90,100,1,19,14,50,90,42,8,8,17,14,0,0,100,100,100,100,85,100,100,11,1,1789073564.424000,G1,T01,Web_prova,1,unknown
134933,1,1,1,209,217,100,100,1,14,11,100,100,37,10,4,7,8,0,0,100,100,100,100,87,100,100,11,1,1789073564.624000,G1,T01,Web_prova,1,unknown
135133,1,1,1,215,217,52,100,1,18,13,31,52,16,13,13,9,16,0,0,100,100,100,100,89,100,100,11,1,1789073564.824000,G1,T01,Web_prova,1,unknown
135333,1,1,1,215,217,100,100,1,20,14,66,100,39,11,8,14,10,0,0,100,100,100,100,90,100,100,11,1,1789073565.024000,G1,T01,Web_prova,1,unknown
135533,1,1,1,225,217,55,100,1,15,10,46,55,45,24,12,25,19,0,0,100,100,100,100,89,100,100,11,1,1789073565.224000,G1,T01,Web_prova,1,unknown
135733,1,1,1,215,217,97,100,1,17,14,56,97,28,15,15,15,16,0,0,100,100,100,100,91,100,100,11,1,1789073565.424000,G1,T01,Web_prova,1,unknown
135933,1,1,1,215,217,80,100,1,13,10,50,80,28,7,5,17,15,0,0,100,100,100,100,91,100,100,10,1,1789073565.624000,G1,T01,Web_prova,1,unknown
136133,1,1,1,209,216,100,100,1,14,10,75,100,17,8,10,7,4,0,0,100,100,100,100,95,100,100,10,1,1789073565.824000,G1,T01,Web_prova,1,unknown
136333,1,1,1,225,216,47,100,1,18,15,22,47,21,6,10,17,17,0,0,100,100,100,100,95,100,100,10,1,1789073566.024000,G1,T01,Web_prova,1,unknown
136533,1,0,1,0,216,0,100,1,14,14,25,28,13,6,5,13,17,0,0,100,100,100,100,94,100,100,11,1,1789073566.224000,G1,T01,Web_prova,1,unknown
136733,1,1,1,219,216,71,100,1,15,13,41,71,30,15,14,20,19,0,0,100,100,100,100,90,100,100,11,1,1789073566.424000,G1,T01,Web_prova,1,unknown
136933,1,1,1,226,215,76,100,1,18,16,33,76,36,9,5,8,12,0,0,100,100,100,100,90,100,100,11,1,1789073566.624000,G1,T01,Web_prova,1,unknown
137133,1,1,1,222,216,71,100,1,15,14,35,71,28,16,13,18,15,0,0,100,100,100,100,92,100,100,11,1,1789073566.824000,G1,T01,Web_prova,1,unknown
137333,1,1,1,227,216,93,100,1,14,11,43,93,50,6,7,14,13,0,0,100,100,100,100,95,100,100,11,1,1789073567.024000,G1,T01,Web_prova,1,unknown
137533,1,1,1,229,217,80,100,1,19,12,32,80,42,11,10,12,12,0,0,100,100,100,100,95,100,100,11,1,1789073567.224000,G1,T01,Web_prova,1,unknown
137733,1,1,1,232,217,69,100,1,16,10,25,69,39,10,8,18,14,0,0,100,100,100,100,93,100,100,11,1,1789073567.424000,G1,T01,Web_prova,1,unknown
137933,1,1,1,250,217,78,100,1,15,12,16,78,68,25,9,16,19,0,0,100,100,100,100,91,100,100,11,1,1789073567.624000,G1,T01,Web_prova,1,unknown
138133,1,1,1,277,218,32,100,1,15,14,7,27,32,13,4,3,12,0,0,100,100,100,100,89,100,100,11,1,1789073567.824000,G1,T01,Web_prova,1,unknown
138333,1,1,1,257,219,42,100,1,15,12,8,42,39,13,7,9,4,0,0,100,100,100,100,91,100,100,11,1,1789073568.024000,G1,T01,Web_prova,1,unknown
138533,1,1,1,359,219,19,100,1,17,14,4,7,16,19,11,3,7,0,0,100,100,100,100,90,100,100,11,1,1789073568.224000,G1,T01,Web_prova,1,unknown
138733,1,1,1,540,222,29,100,1,18,13,5,27,28,15,15,29,23,0,0,100,100,100,100,86,100,100,11,1,1789073568.424000,G1,T01,Web_prova,1,unknown
138933,1,1,1,273,225,62,100,1,20,14,8,57,62,32,9,16,16,0,0,100,100,100,100,85,100,100,11,1,1789073568.624000,G1,T01,Web_prova,1,unknown
139133,1,1,1,301,227,45,100,1,16,11,6,34,45,35,10,27,29,0,0,100,100,100,100,84,100,100,11,1,1789073568.824000,G1,T01,Web_prova,1,unknown
139333,1,1,1,300,229,28,100,1,17,12,6,25,28,25,14,12,11,0,0,100,100,100,100,82,100,100,11,1,1789073569.024000,G1,T01,Web_prova,1,unknown
139533,1,1,1,263,232,76,100,1,17,12,13,75,76,25,8,4,14,0,0,100,100,100,100,81,100,100,11,1,1789073569.224000,G1,T01,Web_prova,1,unknown
139733,1,1,1,252,234,62,100,1,21,13,15,62,55,26,10,8,4,0,0,100,100,100,100,79,100,100,11,1,1789073569.424000,G1,T01,Web_prova,1,unknown
139933,1,1,1,295,238,42,100,1,18,12,7,25,42,21,9,29,31,0,0,98,100,100,100,78,100,100,11,1,1789073569.624000,G1,T01,Web_prova,1,unknown
140133,1,1,1,300,245,22,100,1,14,10,3,23,22,20,10,12,12,0,0,83,100,100,100,79,100,100,11,1,1789073569.824000,G1,T01,Web_prova,1,unknown
140333,1,1,1,286,249,31,100,1,17,11,5,27,31,22,21,22,10,0,0,78,100,100,100,78,100,100,11,1,1789073570.024000,G1,T01,Web_prova,1,unknown
140533,1,0,1,0,254,0,100,1,17,13,2,17,20,6,11,12,9,0,0,70,100,100,100,77,100,100,11,1,1789073570.224000,G1,T01,Web_prova,1,unknown
140733,1,1,1,271,258,48,100,1,15,11,6,43,48,10,14,11,8,0,0,64,100,100,100,77,100,100,11,1,1789073570.424000,G1,T01,Web_prova,1,unknown
140933,1,1,1,274,265,46,100,1,18,13,11,41,46,22,10,19,21,0,0,52,100,100,100,74,100,100,11,1,1789073570.624000,G1,T01,Web_prova,1,unknown
141133,1,1,1,264,271,25,100,1,14,10,4,24,25,9,3,16,18,0,0,45,100,100,100,71,100,100,11,1,1789073570.824000,G1,T01,Web_prova,1,unknown
141333,1,1,1,247,278,41,100,1,15,8,9,41,34,6,7,27,25,0,0,41,100,100,100,67,100,100,11,1,1789073571.024000,G1,T01,Web_prova,1,unknown
141533,1,1,1,264,282,48,100,1,19,14,7,47,48,12,10,11,5,0,0,36,100,100,100,68,100,100,11,1,1789073571.224000,G1,T01,Web_prova,1,unknown
141733,1,1,1,269,283,70,100,1,15,10,11,65,70,18,6,4,7,0,0,35,100,100,100,69,100,100,11,1,1789073571.424000,G1,T01,Web_prova,1,unknown
141933,1,1,1,273,283,52,100,1,16,13,8,46,52,17,5,21,23,0,0,35,100,100,100,66,100,100,11,1,1789073571.624000,G1,T01,Web_prova,1,unknown
142133,1,1,1,292,283,63,100,1,19,13,7,39,63,27,10,11,11,0,0,34,100,100,100,69,100,100,11,1,1789073571.824000,G1,T01,Web_prova,1,unknown
142333,1,0,1,0,285,0,100,1,16,13,5,14,18,6,13,21,14,0,0,33,100,100,100,67,100,100,11,1,1789073572.024000,G1,T01,Web_prova,1,unknown
142533,1,0,1,0,285,0,100,1,15,11,9,56,60,31,10,8,5,0,0,34,100,100,100,68,100,100,11,1,1789073572.224000,G1,T01,Web_prova,1,unknown
142733,1,0,1,0,285,0,100,1,16,16,3,22,14,10,8,7,8,0,0,34,100,100,100,69,100,100,11,1,1789073572.424000,G1,T01,Web_prova,1,unknown
142933,1,1,1,287,287,95,100,1,21,13,10,65,95,34,13,20,18,0,0,34,100,100,100,66,100,100,11,1,1789073572.624000,G1,T01,Web_prova,1,unknown
143133,1,1,1,277,287,73,100,1,24,14,9,64,73,35,6,10,13,0,0,34,100,100,100,67,100,100,11,1,1789073572.824000,G1,T01,Web_prova,1,unknown
143333,1,1,1,247,284,63,100,1,13,6,8,63,51,14,5,16,18,0,0,35,100,100,100,68,100,100,11,1,1789073573.024000,G1,T01,Web_prova,1,unknown
143533,1,0,1,0,285,0,100,1,18,17,9,55,66,10,16,14,13,0,0,33,100,100,100,68,100,100,11,1,1789073573.224000,G1,T01,Web_prova,1,unknown
143733,1,1,1,248,285,35,100,1,15,12,11,35,30,18,7,5,3,0,0,33,100,100,100,70,100,100,11,1,1789073573.424000,G1,T01,Web_prova,1,unknown
143933,1,1,1,270,283,58,100,1,16,12,7,53,58,12,6,25,14,0,0,34,100,100,100,69,100,100,11,1,1789073573.624000,G1,T01,Web_prova,1,unknown
144133,1,1,1,251,281,75,100,1,16,11,14,75,65,21,4,18,20,0,0,35,100,100,100,66,100,100,11,1,1789073573.824000,G1,T01,Web_prova,1,unknown
144333,1,1,1,249,280,47,100,1,16,10,10,47,40,17,15,17,14,0,0,35,100,100,100,65,100,100,11,1,1789073574.024000,G1,T01,Web_prova,1,unknown
144533,1,1,1,260,278,53,100,1,13,15,12,53,52,10,8,12,13,0,0,35,100,100,100,67,100,100,11,1,1789073574.224000,G1,T01,Web_prova,1,unknown
144733,1,1,1,281,277,40,100,1,14,12,6,35,40,26,7,2,7,0,0,36,100,100,100,65,100,100,11,1,1789073574.424000,G1,T01,Web_prova,1,unknown
144933,1,1,1,279,278,31,100,1,15,11,4,27,31,19,10,2,5,0,0,36,100,100,100,68,100,100,11,1,1789073574.624000,G1,T01,Web_prova,1,unknown
145133,1,0,1,0,280,0,100,1,14,12,7,40,67,29,16,27,19,0,0,36,100,100,100,68,100,100,11,1,1789073574.824000,G1,T01,Web_prova,1,unknown
145333,1,0,1,0,278,0,100,1,18,12,7,41,71,37,12,7,15,0,0,37,100,100,100,70,100,100,11,1,1789073575.024000,G1,T01,Web_prova,1,unknown
145533,1,1,1,294,275,55,100,0,18,9,5,38,55,32,8,26,27,0,0,38,100,100,100,69,100,100,11,1,1789073575.224000,G1,T01,Web_prova,1,unknown
145733,1,1,1,251,275,59,100,0,19,12,12,59,51,14,7,2,6,0,0,38,100,100,100,69,100,100,11,1,1789073575.424000,G1,T01,Web_prova,1,unknown
145933,1,1,1,282,271,92,100,0,17,12,9,68,92,24,2,2,7,0,0,38,100,100,100,69,100,100,12,1,1789073575.624000,G1,T01,Web_prova,1,unknown
146133,1,1,1,309,269,40,100,0,18,15,3,18,40,27,8,20,21,0,0,40,100,100,100,70,100,100,12,1,1789073575.824000,G1,T01,Web_prova,1,unknown
146333,1,1,1,284,268,87,100,0,17,12,4,65,87,31,10,2,12,0,0,41,100,100,100,69,100,100,12,1,1789073576.024000,G1,T01,Web_prova,1,unknown
146533,1,1,1,257,268,58,100,0,24,18,10,58,55,17,16,16,13,0,0,42,100,100,100,68,100,100,12,1,1789073576.224000,G1,T01,Web_prova,1,unknown
146733,1,1,1,256,270,38,100,0,16,13,8,38,35,12,12,7,2,0,0,42,100,100,100,69,100,100,11,1,1789073576.424000,G1,T01,Web_prova,1,unknown
146933,1,1,1,258,270,53,100,0,13,12,10,53,51,20,11,7,7,0,0,42,100,100,100,71,100,100,11,1,1789073576.624000,G1,T01,Web_prova,1,unknown
147133,1,0,1,0,268,0,100,0,16,13,4,32,32,9,15,26,24,0,0,42,100,100,100,70,100,100,10,1,1789073576.824000,G1,T01,Web_prova,1,unknown
147333,1,1,1,264,270,53,100,0,17,11,8,53,53,21,6,18,21,0,0,41,100,100,100,70,100,100,11,1,1789073577.024000,G1,T01,Web_prova,1,unknown
147533,1,1,1,240,271,60,100,0,17,11,11,60,40,7,10,25,28,0,0,42,100,100,100,68,100,100,11,1,1789073577.224000,G1,T01,Web_prova,1,unknown
147733,1,1,1,299,274,50,100,0,16,13,4,34,50,33,6,10,13,0,0,43,100,100,100,68,100,100,11,1,1789073577.424000,G1,T01,Web_prova,1,unknown
147933,1,1,1,256,277,42,100,0,15,15,6,42,40,8,7,18,17,0,0,42,100,100,100,69,100,100,11,1,1789073577.624000,G1,T01,Web_prova,1,unknown
148133,1,1,1,279,278,44,100,0,18,13,4,36,44,17,10,25,32,0,0,40,100,100,100,68,100,100,11,1,1789073577.824000,G1,T01,Web_prova,1,unknown
148333,1,0,1,0,278,0,100,0,20,15,3,30,36,23,10,19,16,0,0,40,100,100,100,69,100,100,11,1,1789073578.024000,G1,T01,Web_prova,1,unknown
148533,1,1,1,244,281,42,100,0,16,13,12,42,33,10,12,12,8,0,0,38,100,100,100,67,100,100,11,1,1789073578.224000,G1,T01,Web_prova,1,unknown
148733,1,1,1,281,281,37,100,0,15,12,2,28,37,11,4,12,14,0,0,37,100,100,100,67,100,100,12,1,1789073578.424000,G1,T01,Web_prova,1,unknown
148933,1,1,1,277,280,51,100,0,17,13,4,40,51,5,12,10,7,0,0,37,100,100,100,67,100,100,12,1,1789073578.624000,G1,T01,Web_prova,1,unknown
149133,1,0,1,0,277,0,100,0,17,12,10,76,68,13,11,19,16,0,0,39,100,100,100,66,100,100,12,1,1789073578.824000,G1,T01,Web_prova,1,unknown
149333,1,1,1,326,278,46,100,0,16,13,3,21,46,42,7,11,11,0,0,38,100,100,100,64,100,100,12,1,1789073579.024000,G1,T01,Web_prova,1,unknown
149533,1,1,1,268,278,49,100,0,15,9,4,46,49,12,9,31,24,0,0,38,100,100,100,64,100,100,11,1,1789073579.224000,G1,T01,Web_prova,1,unknown
149733,1,0,1,0,280,0,100,0,21,16,7,39,53,16,8,3,12,0,0,37,100,100,100,64,100,100,11,1,1789073579.424000,G1,T01,Web_prova,1,unknown
149933,1,1,1,277,280,92,100,0,17,13,12,76,92,25,8,4,2,0,0,39,100,100,100,65,100,100,10,1,1789073579.624000,G1,T01,Web_prova,1,unknown
150133,1,1,1,288,280,58,100,0,18,12,5,43,58,29,9,11,11,0,0,40,100,100,100,64,100,100,11,1,1789073579.824000,G1,T01,Web_prova,1,unknown
150333,1,1,1,244,278,59,100,0,15,11,8,59,44,19,7,29,31,0,0,40,100,100,100,65,100,100,11,1,1789073580.024000,G1,T01,Web_prova,1,unknown
150533,1,0,1,0,281,0,100,0,15,13,5,20,23,30,12,14,9,0,0,39,100,100,100,67,100,100,11,1,1789073580.224000,G1,T01,Web_prova,1,unknown
150733,1,1,1,277,281,26,100,0,15,11,3,21,26,6,9,17,18,0,0,38,100,100,100,64,100,100,12,1,1789073580.424000,G1,T01,Web_prova,1,unknown
150933,1,1,1,247,280,33,100,0,16,13,8,33,27,19,10,9,8,0,0,38,100,100,100,63,100,100,12,1,1789073580.624000,G1,T01,Web_prova,1,unknown
151133,1,1,1,268,281,56,100,0,14,11,6,52,56,8,12,27,31,0,0,38,100,100,100,61,100,100,12,1,1789073580.824000,G1,T01,Web_prova,1,unknown
151333,1,1,1,258,282,45,100,1,17,14,10,45,44,13,5,8,2,0,0,38,100,100,100,62,100,100,12,1,1789073581.024000,G1,T01,Web_prova,1,unknown
151533,1,1,1,305,280,43,100,1,13,10,5,29,43,33,19,40,33,0,0,37,100,100,100,64,100,100,11,1,1789073581.224000,G1,T01,Web_prova,1,unknown
151733,1,1,1,254,278,63,100,1,17,13,7,63,57,10,13,8,7,0,0,37,100,100,100,64,100,100,11,1,1789073581.424000,G1,T01,Web_prova,1,unknown
151933,1,1,1,283,280,96,100,1,21,13,7,68,96,23,10,7,8,0,0,38,100,100,100,67,100,100,11,1,1789073581.624000,G1,T01,Web_prova,1,unknown
152133,1,1,1,288,280,46,100,1,13,12,6,31,46,18,13,18,21,0,0,39,100,100,100,69,100,100,11,1,1789073581.824000,G1,T01,Web_prova,1,unknown
152333,1,1,1,241,280,40,100,1,18,18,8,40,28,17,12,32,35,0,0,39,100,100,100,67,100,100,11,1,1789073582.024000,G1,T01,Web_prova,1,unknown
152533,1,1,1,312,281,46,100,1,14,13,5,20,46,33,9,14,16,0,0,38,100,100,100,67,100,100,11,1,1789073582.224000,G1,T01,Web_prova,1,unknown
152733,1,1,1,257,281,41,100,1,15,15,5,41,39,19,16,19,18,0,0,40,100,100,100,68,100,100,11,1,1789073582.424000,G1,T01,Web_prova,1,unknown
152933,1,1,1,270,281,53,100,1,15,8,7,49,53,18,8,7,11,0,0,40,100,100,100,67,100,100,11,1,1789073582.624000,G1,T01,Web_prova,1,unknown
153133,1,0,1,0,283,0,100,1,14,12,3,18,14,11,9,21,16,0,0,39,100,100,100,67,100,100,11,1,1789073582.824000,G1,T01,Web_prova,1,unknown
153333,1,1,1,297,282,30,100,1,18,14,2,22,30,20,16,5,7,0,0,39,100,100,100,68,100,100,11,1,1789073583.024000,G1,T01,Web_prova,1,unknown
153533,1,1,1,308,281,50,100,1,19,14,8,31,50,38,15,26,29,0,0,40,100,100,100,69,100,100,11,1,1789073583.224000,G1,T01,Web_prova,1,unknown
153733,1,0,1,0,279,0,100,1,18,11,7,42,40,13,14,23,27,0,0,41,100,100,100,70,100,100,11,1,1789073583.424000,G1,T01,Web_prova,1,unknown
153933,1,1,1,273,281,75,100,1,14,15,9,66,75,18,10,13,12,0,0,39,100,100,100,73,100,100,12,1,1789073583.624000,G1,T01,Web_prova,1,unknown
154133,1,1,1,266,280,63,100,1,25,16,11,61,63,20,12,2,4,0,0,39,100,100,100,75,100,100,11,1,1789073583.824000,G1,T01,Web_prova,1,unknown
154333,1,1,1,295,283,50,100,1,16,13,7,30,50,24,14,10,9,0,0,37,100,100,100,74,100,100,11,1,1789073584.024000,G1,T01,Web_prova,1,unknown
154533,1,1,1,238,279,39,100,1,22,13,9,39,25,26,17,30,27,0,0,38,100,100,100,74,100,100,11,1,1789073584.224000,G1,T01,Web_prova,1,unknown
154733,1,1,1,251,279,46,100,1,17,13,7,46,39,11,7,16,13,0,0,39,100,100,100,78,100,100,11,1,1789073584.424000,G1,T01,Web_prova,1,unknown
154933,1,1,1,303,281,32,100,1,19,11,3,24,32,26,11,20,19,0,0,39,100,100,100,77,100,100,11,1,1789073584.624000,G1,T01,Web_prova,1,unknown
155133,1,1,1,261,280,39,100,1,14,11,5,39,39,15,13,3,5,0,0,39,100,100,100,78,100,100,11,1,1789073584.824000,G1,T01,Web_prova,1,unknown
155333,1,0,1,0,281,0,100,1,17,11,3,43,63,12,14,16,18,0,0,38,100,100,100,77,100,100,11,1,1789073585.024000,G1,T01,Web_prova,1,unknown
155533,1,1,1,256,282,46,100,1,21,14,11,46,43,20,10,14,3,0,0,38,100,100,100,79,100,100,11,1,1789073585.224000,G1,T01,Web_prova,1,unknown
155733,1,1,1,275,280,48,100,1,14,12,9,45,48,31,11,37,35,0,0,40,100,100,100,77,100,100,11,1,1789073585.424000,G1,T01,Web_prova,1,unknown
155933,1,1,1,274,278,52,100,1,22,15,9,46,52,24,16,14,18,0,0,40,100,100,100,76,100,100,11,1,1789073585.624000,G1,T01,Web_prova,1,unknown
156133,1,1,1,277,278,100,100,1,18,15,18,100,100,48,7,10,11,0,0,43,100,100,100,81,100,100,11,1,1789073585.824000,G1,T01,Web_prova,1,unknown
156333,1,1,1,272,279,91,100,1,17,14,14,81,91,25,9,7,11,0,0,43,100,100,100,84,100,100,11,1,1789073586.024000,G1,T01,Web_prova,1,unknown
156533,1,1,1,274,277,60,100,1,15,11,11,51,60,11,8,14,18,0,0,45,100,100,100,84,100,100,11,1,1789073586.224000,G1,T01,Web_prova,1,unknown
156733,1,1,1,291,277,43,100,1,13,11,6,28,43,19,12,33,27,0,0,45,100,100,100,84,100,100,11,1,1789073586.424000,G1,T01,Web_prova,1,unknown
156933,1,1,1,263,277,34,100,1,15,10,6,34,34,5,12,16,13,0,0,45,100,100,100,84,100,100,11,1,1789073586.624000,G1,T01,Web_prova,1,unknown
157133,1,1,1,288,278,40,100,1,21,15,4,30,40,21,14,20,16,0,0,44,100,100,100,86,100,100,11,1,1789073586.824000,G1,T01,Web_prova,1,unknown
157333,1,1,1,279,278,51,100,1,20,13,10,43,51,24,10,5,2,0,0,45,100,100,100,87,100,100,11,1,1789073587.024000,G1,T01,Web_prova,1,unknown
157533,1,1,1,275,279,50,100,1,17,17,8,43,50,15,10,8,11,0,0,44,100,100,100,87,100,100,10,1,1789073587.224000,G1,T01,Web_prova,1,unknown
157733,1,1,1,267,279,75,100,1,22,16,13,71,75,14,18,37,31,0,0,45,100,100,100,85,100,100,10,1,1789073587.424000,G1,T01,Web_prova,1,unknown
157933,1,1,1,234,278,44,100,1,15,8,12,44,25,42,13,23,20,0,0,46,100,100,100,83,100,100,11,1,1789073587.624000,G1,T01,Web_prova,1,unknown
158133,1,1,1,268,278,69,100,1,17,12,10,64,69,8,15,6,3,0,0,45,100,100,100,87,100,100,11,1,1789073587.824000,G1,T01,Web_prova,1,unknown
158333,1,1,1,289,280,81,100,1,16,13,2,51,81,27,3,8,10,0,0,46,100,100,100,91,100,100,11,1,1789073588.024000,G1,T01,Web_prova,1,unknown
158533,1,1,1,278,281,67,100,1,13,11,10,55,67,22,17,11,7,0,0,46,100,100,100,90,100,100,11,1,1789073588.224000,G1,T01,Web_prova,1,unknown
158733,1,0,1,0,280,0,100,1,18,15,4,15,21,21,17,40,39,0,0,46,100,100,100,88,100,100,11,1,1789073588.424000,G1,T01,Web_prova,1,unknown
158933,1,1,1,251,279,79,100,1,21,15,15,79,69,16,6,16,17,0,0,47,100,100,100,89,100,100,11,1,1789073588.624000,G1,T01,Web_prova,1,unknown
159133,1,1,1,298,280,70,100,1,17,15,3,40,70,38,9,19,15,0,0,47,100,100,100,88,100,100,11,1,1789073588.824000,G1,T01,Web_prova,1,unknown
159333,1,1,1,263,280,21,100,1,13,9,2,21,21,6,4,5,7,0,0,49,100,100,100,91,100,100,11,1,1789073589.024000,G1,T01,Web_prova,1,unknown
159533,1,1,1,256,278,58,100,1,14,11,11,58,55,21,13,16,15,0,0,51,100,100,100,89,100,100,11,1,1789073589.224000,G1,T01,Web_prova,1,unknown
159733,1,1,1,279,278,31,100,1,20,17,7,25,31,11,13,27,20,0,0,49,100,100,100,90,100,100,11,1,1789073589.424000,G1,T01,Web_prova,1,unknown
159933,1,1,1,271,276,73,100,1,19,13,11,65,73,15,8,16,22,0,0,51,100,100,100,89,100,100,11,1,1789073589.624000,G1,T01,Web_prova,1,unknown
160133,1,1,1,290,277,56,100,1,18,16,3,36,56,22,10,34,32,0,0,47,100,100,100,84,100,100,11,1,1789073589.824000,G1,T01,Web_prova,1,unknown
160333,1,1,1,295,276,60,100,1,18,17,9,42,60,37,18,4,9,0,0,49,100,100,100,84,100,100,11,1,1789073590.024000,G1,T01,Web_prova,1,unknown
160533,1,1,1,293,278,30,100,1,15,13,3,16,30,10,7,9,1,0,0,48,100,100,100,85,100,100,11,1,1789073590.224000,G1,T01,Web_prova,1,unknown
160733,1,1,1,281,278,38,100,1,17,13,5,36,38,30,15,10,13,0,0,48,100,100,100,86,100,100,11,1,1789073590.424000,G1,T01,Web_prova,1,unknown
160933,1,1,1,290,278,37,100,1,16,15,6,26,37,17,10,36,37,0,0,48,100,100,100,85,100,100,11,1,1789073590.624000,G1,T01,Web_prova,1,unknown
161133,1,1,1,248,277,71,100,1,16,12,14,71,58,20,10,11,12,0,0,49,100,100,100,85,100,100,11,1,1789073590.824000,G1,T01,Web_prova,1,unknown
161333,1,1,1,280,274,66,100,1,20,13,6,54,66,23,8,16,9,0,0,51,100,100,100,81,100,100,11,1,1789073591.024000,G1,T01,Web_prova,1,unknown
161533,1,1,1,277,276,26,100,1,17,12,7,22,26,8,9,9,10,0,0,50,100,100,100,80,100,100,11,1,1789073591.224000,G1,T01,Web_prova,1,unknown
161733,1,0,1,0,277,0,100,1,13,10,4,18,13,14,9,12,10,0,0,50,100,100,100,82,100,100,11,1,1789073591.424000,G1,T01,Web_prova,1,unknown
161933,1,1,1,294,280,41,100,1,17,13,6,28,41,24,13,24,23,0,0,48,100,100,100,80,100,100,11,1,1789073591.624000,G1,T01,Web_prova,1,unknown
162133,1,1,1,317,280,59,100,1,23,16,4,20,59,45,10,2,6,0,0,48,100,100,100,78,100,100,11,1,1789073591.824000,G1,T01,Web_prova,1,unknown
162333,1,1,1,297,278,95,100,1,14,10,8,53,95,46,9,29,31,0,0,47,100,100,100,73,100,100,11,1,1789073592.024000,G1,T01,Web_prova,1,unknown
162533,1,1,1,287,280,90,100,1,15,10,13,62,90,36,11,7,8,0,0,47,100,100,100,77,100,100,11,1,1789073592.224000,G1,T01,Web_prova,1,unknown
162733,1,1,1,273,281,100,100,1,14,13,11,97,100,25,7,2,2,0,0,47,100,100,100,81,100,100,11,1,1789073592.424000,G1,T01,Web_prova,1,unknown
162933,1,1,1,264,281,84,100,1,14,12,10,82,84,24,19,13,9,0,0,47,100,100,100,81,100,100,11,1,1789073592.624000,G1,T01,Web_prova,1,unknown
163133,1,1,1,261,280,55,100,1,16,11,11,55,54,23,20,32,33,0,0,49,100,100,100,83,100,100,11,1,1789073592.824000,G1,T01,Web_prova,1,unknown
163333,1,1,1,287,279,66,100,1,18,18,4,48,66,30,3,18,16,0,0,49,100,100,100,81,100,100,11,1,1789073593.024000,G1,T01,Web_prova,1,unknown
163533,1,1,1,241,281,43,100,1,17,10,8,43,30,9,7,6,5,0,0,47,100,100,100,82,100,100,11,1,1789073593.224000,G1,T01,Web_prova,1,unknown
163733,1,1,1,276,283,47,100,1,14,10,4,40,47,14,1,20,17,0,0,46,100,100,100,79,100,100,11,1,1789073593.424000,G1,T01,Web_prova,1,unknown
163933,1,1,1,279,284,51,100,1,15,13,7,40,51,13,6,6,7,0,0,43,100,100,100,79,100,100,11,1,1789073593.624000,G1,T01,Web_prova,1,unknown
164133,1,1,1,270,284,60,100,1,16,11,7,55,60,15,12,27,22,0,0,43,100,100,100,77,100,100,11,1,1789073593.824000,G1,T01,Web_prova,1,unknown
164333,1,1,1,275,283,64,100,1,15,8,8,54,64,15,14,14,8,0,0,42,100,100,100,76,100,100,11,1,1789073594.024000,G1,T01,Web_prova,1,unknown
164533,1,1,1,296,281,50,100,1,14,14,7,27,50,22,12,37,32,0,0,41,100,100,100,76,100,100,11,1,1789073594.224000,G1,T01,Web_prova,1,unknown
164733,1,1,1,260,284,37,100,1,18,12,1,37,36,13,12,30,30,0,0,39,100,100,100,76,100,100,11,1,1789073594.424000,G1,T01,Web_prova,1,unknown
164933,1,1,1,315,285,43,100,1,13,11,5,11,43,30,9,10,8,0,0,39,100,100,100,81,100,100,11,1,1789073594.624000,G1,T01,Web_prova,1,unknown
165133,1,1,1,283,286,61,100,1,14,12,8,43,61,11,11,6,2,0,0,39,100,100,100,83,100,100,11,1,1789073594.824000,G1,T01,Web_prova,1,unknown
165333,1,1,1,285,287,100,100,1,18,15,9,79,100,39,9,4,12,0,0,37,100,100,100,86,100,100,11,1,1789073595.024000,G1,T01,Web_prova,1,unknown
165533,1,1,1,300,285,77,100,1,16,14,7,35,77,36,11,32,39,0,0,39,100,100,100,87,100,100,11,1,1789073595.224000,G1,T01,Web_prova,1,unknown
165733,1,0,1,0,285,0,100,1,15,12,10,59,62,18,7,11,12,0,0,37,100,100,100,87,100,100,11,1,1789073595.424000,G1,T01,Web_prova,1,unknown
165933,1,1,1,274,284,42,100,1,18,11,7,38,42,17,10,16,14,0,0,38,100,100,100,86,100,100,12,1,1789073595.624000,G1,T01,Web_prova,1,unknown
166133,1,1,1,280,284,52,100,1,16,10,9,42,52,18,11,9,7,0,0,38,100,100,100,83,100,100,12,1,1789073595.824000,G1,T01,Web_prova,1,unknown
166333,1,1,1,374,283,16,100,1,16,13,2,12,11,16,11,9,3,0,0,39,100,100,100,84,100,100,11,1,1789073596.024000,G1,T01,Web_prova,1,unknown
166533,1,1,1,264,281,100,100,1,21,15,15,100,100,26,5,21,21,0,0,41,100,100,100,79,100,100,11,1,1789073596.224000,G1,T01,Web_prova,1,unknown
166733,1,1,1,270,280,27,100,1,17,13,6,25,27,6,6,14,14,0,0,40,100,100,100,76,100,100,11,1,1789073596.424000,G1,T01,Web_prova,1,unknown
166933,1,1,1,292,280,48,100,1,15,16,5,33,48,25,9,34,32,0,0,39,100,100,100,72,100,100,11,1,1789073596.624000,G1,T01,Web_prova,1,unknown
167133,1,1,1,276,282,36,100,1,14,10,2,31,36,14,15,6,1,0,0,38,100,100,100,72,100,100,11,1,1789073596.824000,G1,T01,Web_prova,1,unknown
167333,1,1,1,266,281,70,100,1,18,13,10,67,70,11,6,7,3,0,0,37,100,100,100,72,100,100,11,1,1789073597.024000,G1,T01,Web_prova,1,unknown
167533,1,1,1,284,281,56,100,1,18,12,6,45,56,28,8,6,12,0,0,37,100,100,100,70,100,100,11,1,1789073597.224000,G1,T01,Web_prova,1,unknown
167733,1,1,1,316,282,60,100,1,15,12,2,22,60,46,5,30,25,0,0,36,100,100,100,72,100,100,12,1,1789073597.424000,G1,T01,Web_prova,1,unknown
167933,1,1,1,304,283,64,100,1,17,13,3,23,64,32,13,10,12,0,0,35,100,100,100,71,100,100,12,1,1789073597.624000,G1,T01,Web_prova,1,unknown
168133,1,0,1,0,284,0,100,1,15,9,4,10,31,24,11,19,18,0,0,34,100,100,100,76,100,100,11,1,1789073597.824000,G1,T01,Web_prova,1,unknown
168333,1,0,1,0,285,0,100,1,16,11,3,9,18,14,4,19,14,0,0,32,100,100,100,77,100,100,11,1,1789073598.024000,G1,T01,Web_prova,1,unknown
168533,1,1,1,303,288,80,100,1,16,11,3,32,80,41,8,8,8,0,0,31,100,100,100,77,100,100,11,1,1789073598.224000,G1,T01,Web_prova,1,unknown
168733,1,0,1,0,286,0,100,1,16,12,2,10,20,11,20,25,13,0,0,30,100,100,100,79,100,100,11,1,1789073598.424000,G1,T01,Web_prova,1,unknown
168933,1,1,1,310,286,39,100,1,18,14,1,11,39,23,19,38,28,0,0,29,100,100,100,74,100,100,11,1,1789073598.624000,G1,T01,Web_prova,1,unknown
169133,1,1,1,301,287,48,100,1,16,13,2,18,48,20,8,12,9,0,0,28,100,100,100,73,100,100,11,1,1789073598.824000,G1,T01,Web_prova,1,unknown
169333,1,0,1,0,290,0,100,1,19,13,3,27,87,55,4,16,23,0,0,25,100,100,100,74,100,100,11,1,1789073599.024000,G1,T01,Web_prova,1,unknown
169533,1,1,1,302,292,24,100,1,16,13,3,11,24,13,10,7,3,0,0,23,100,100,100,72,100,100,11,1,1789073599.224000,G1,T01,Web_prova,1,unknown
169733,1,1,1,309,294,98,100,1,15,10,2,34,98,60,10,1,10,0,0,22,100,100,100,71,100,100,11,1,1789073599.424000,G1,T01,Web_prova,1,unknown
169933,1,1,1,307,296,77,100,1,14,11,2,28,77,45,11,35,42,0,0,21,100,100,100,71,100,100,11,1,1789073599.624000,G1,T01,Web_prova,1,unknown
170133,1,1,1,328,297,24,100,1,20,13,2,8,24,22,14,19,17,0,0,19,100,100,100,70,100,100,11,1,1789073599.824000,G1,T01,Web_prova,1,unknown
170333,1,1,1,437,299,18,100,1,18,12,3,11,15,14,18,10,5,0,0,16,100,100,100,72,100,100,11,1,1789073600.024000,G1,T01,Web_prova,1,unknown
170533,1,1,1,305,301,48,100,1,17,14,2,18,48,26,3,21,26,0,0,13,100,100,100,71,100,100,11,1,1789073600.224000,G1,T01,Web_prova,1,unknown
170733,1,1,1,312,304,60,100,1,17,10,3,24,60,42,11,2,8,0,0,11,100,100,100,73,100,100,11,1,1789073600.424000,G1,T01,Web_prova,1,unknown
170933,1,1,1,298,304,74,100,1,13,14,2,30,74,25,5,19,25,0,0,10,100,100,100,74,100,100,11,1,1789073600.624000,G1,T01,Web_prova,1,unknown
171133,1,1,1,312,306,67,100,1,18,12,2,24,67,46,14,6,8,0,0,8,100,100,100,74,100,100,11,1,1789073600.824000,G1,T01,Web_prova,1,unknown
171333,1,1,1,319,307,45,100,1,18,17,2,14,45,35,9,18,19,0,0,7,100,100,100,76,100,100,11,1,1789073601.024000,G1,T01,Web_prova,1,unknown
171533,1,0,1,0,307,0,100,1,17,10,2,12,29,19,10,29,31,0,0,6,100,100,100,76,100,100,11,1,1789073601.224000,G1,T01,Web_prova,1,unknown
171733,1,1,1,300,306,50,100,1,14,11,2,24,50,24,1,6,12,0,0,6,100,100,100,76,100,100,11,1,1789073601.424000,G1,T01,Web_prova,1,unknown
171933,1,1,1,320,307,63,100,1,16,13,2,19,63,51,8,16,18,0,0,6,100,100,100,77,100,100,11,1,1789073601.624000,G1,T01,Web_prova,1,unknown
172133,1,1,1,344,307,29,100,1,16,12,2,11,27,29,11,15,14,0,0,6,100,100,100,74,100,100,11,1,1789073601.824000,G1,T01,Web_prova,1,unknown
172333,1,0,1,0,307,0,100,1,16,15,1,11,34,33,22,40,33,0,0,6,100,100,100,73,100,100,11,1,1789073602.024000,G1,T01,Web_prova,1,unknown
172533,1,1,1,316,307,39,100,1,17,13,2,12,39,29,10,9,8,0,0,6,100,100,100,71,100,100,11,1,1789073602.224000,G1,T01,Web_prova,1,unknown
172733,1,0,1,0,308,0,100,1,23,15,2,5,25,24,8,20,17,0,0,6,100,100,100,65,100,100,11,1,1789073602.424000,G1,T01,Web_prova,1,unknown
172933,1,1,1,300,307,53,100,1,16,13,1,20,53,20,10,4,7,0,0,5,100,100,100,65,100,100,11,1,1789073602.624000,G1,T01,Web_prova,1,unknown
173133,1,1,1,305,307,36,100,1,14,10,2,15,36,21,5,16,21,0,0,5,100,100,100,64,100,100,11,1,1789073602.824000,G1,T01,Web_prova,1,unknown
173333,1,0,1,0,308,0,100,1,15,12,2,13,31,17,11,19,12,0,0,5,100,100,100,64,100,100,11,1,1789073603.024000,G1,T01,Web_prova,1,unknown
173533,1,0,1,0,307,0,100,1,18,11,2,6,28,24,15,28,28,0,0,5,100,100,100,67,100,100,11,1,1789073603.224000,G1,T01,Web_prova,1,unknown
173733,1,1,1,339,309,75,100,1,18,15,1,15,73,75,17,12,10,0,0,5,98,100,100,70,100,100,11,1,1789073603.424000,G1,T01,Web_prova,1,unknown
173933,1,1,1,300,308,60,100,1,13,10,2,23,60,24,6,9,5,0,0,6,98,100,100,69,100,100,11,1,1789073603.624000,G1,T01,Web_prova,1,unknown
174133,1,0,1,0,309,0,100,1,26,18,1,11,33,31,12,34,40,0,0,6,98,100,100,70,100,100,11,1,1789073603.824000,G1,T01,Web_prova,1,unknown
174333,1,1,1,338,309,25,100,1,14,10,3,13,25,25,6,6,7,0,0,6,98,100,100,67,100,100,11,1,1789073604.024000,G1,T01,Web_prova,1,unknown
174533,1,1,1,547,309,18,100,1,17,14,1,7,18,11,13,18,17,0,0,6,97,100,100,69,100,100,11,1,1789073604.224000,G1,T01,Web_prova,1,unknown
174733,1,1,1,302,309,40,100,1,16,12,2,18,40,22,11,19,20,0,0,6,96,100,100,68,100,100,11,1,1789073604.424000,G1,T01,Web_prova,1,unknown
174933,1,1,1,301,310,26,100,1,15,13,3,13,26,15,15,11,5,0,0,6,90,100,100,68,100,100,11,1,1789073604.624000,G1,T01,Web_prova,1,unknown
175133,1,1,1,318,310,24,100,1,15,10,2,7,24,18,9,9,12,0,0,6,88,100,100,67,100,100,11,1,1789073604.824000,G1,T01,Web_prova,1,unknown
175333,1,1,1,350,311,20,100,1,18,16,2,3,18,20,11,18,20,0,0,6,88,100,100,64,100,100,11,1,1789073605.024000,G1,T01,Web_prova,1,unknown
175533,1,1,1,325,311,25,100,1,13,11,2,7,25,22,3,9,11,0,0,6,85,100,100,66,100,100,11,1,1789073605.224000,G1,T01,Web_prova,1,unknown
175733,1,1,1,370,312,32,100,1,14,12,1,13,17,32,12,23,28,0,0,5,81,100,100,66,100,100,11,1,1789073605.424000,G1,T01,Web_prova,1,unknown
175933,1,0,1,0,312,0,100,1,15,11,2,4,6,10,5,9,7,0,0,5,79,100,100,64,100,100,11,1,1789073605.624000,G1,T01,Web_prova,1,unknown
176133,1,1,1,325,314,23,100,1,13,11,1,11,23,20,15,9,4,0,0,5,78,100,100,66,100,100,11,1,1789073605.824000,G1,T01,Web_prova,1,unknown
176333,1,1,1,578,315,37,100,1,13,13,3,8,18,12,9,29,37,0,0,5,76,100,100,64,100,100,11,1,1789073606.024000,G1,T01,Web_prova,1,unknown
176533,1,1,1,307,315,82,100,1,18,14,2,31,82,47,6,15,13,0,0,5,78,100,100,64,100,100,11,1,1789073606.224000,G1,T01,Web_prova,1,unknown
176733,1,1,1,328,314,52,100,1,21,16,1,16,52,47,16,4,11,0,0,5,82,100,100,69,100,100,12,1,1789073606.424000,G1,T01,Web_prova,1,unknown
176933,1,1,1,370,315,17,100,1,15,13,3,6,10,17,8,12,17,0,0,5,83,100,100,69,100,100,12,1,1789073606.624000,G1,T01,Web_prova,1,unknown
177133,1,1,1,300,316,29,100,1,15,13,2,16,29,16,13,2,5,0,0,5,82,100,100,69,100,100,11,1,1789073606.824000,G1,T01,Web_prova,1,unknown
177333,1,0,1,0,316,0,100,1,22,14,2,6,15,9,7,12,13,0,0,6,82,100,100,65,100,100,11,1,1789073607.024000,G1,T01,Web_prova,1,unknown
177533,1,1,1,303,315,100,100,1,15,11,2,42,100,53,12,32,31,0,0,6,86,100,100,64,100,100,10,1,1789073607.224000,G1,T01,Web_prova,1,unknown
177733,1,1,1,301,313,34,100,1,19,11,2,14,34,16,9,16,15,0,0,5,86,100,100,60,100,100,10,1,1789073607.424000,G1,T01,Web_prova,1,unknown
177933,1,1,1,573,315,27,100,1,19,14,2,5,17,17,7,23,27,0,0,5,80,100,100,61,100,100,11,1,1789073607.624000,G1,T01,Web_prova,1,unknown
178133,1,1,1,294,315,32,100,1,19,16,2,15,32,8,3,12,8,0,0,6,81,100,100,60,100,100,11,1,1789073607.824000,G1,T01,Web_prova,1,unknown
178333,1,1,1,321,315,32,100,1,15,10,3,15,32,28,15,10,8,0,0,6,83,100,100,61,100,100,11,1,1789073608.024000,G1,T01,Web_prova,1,unknown
178533,1,0,1,0,314,0,100,1,13,12,2,19,50,19,12,26,26,0,0,6,83,100,100,59,100,100,11,1,1789073608.224000,G1,T01,Web_prova,1,unknown
178733,1,1,1,316,314,25,100,1,18,16,2,9,25,19,4,18,15,0,0,6,83,100,100,58,100,100,11,1,1789073608.424000,G1,T01,Web_prova,1,unknown
178933,1,0,1,0,316,0,100,1,17,15,2,6,18,21,15,2,7,0,0,6,82,100,100,61,100,100,11,1,1789073608.624000,G1,T01,Web_prova,1,unknown
179133,1,1,1,307,315,39,100,1,13,12,2,14,39,23,7,12,16,0,0,6,84,100,100,58,100,100,11,1,1789073608.824000,G1,T01,Web_prova,1,unknown
179333,1,1,1,307,314,56,100,1,18,14,1,20,56,32,5,6,9,0,0,6,87,100,100,59,100,100,11,1,1789073609.024000,G1,T01,Web_prova,1,unknown
179533,1,1,1,363,314,20,100,1,15,10,2,10,13,20,7,18,16,0,0,5,88,100,100,57,100,100,11,1,1789073609.224000,G1,T01,Web_prova,1,unknown
179733,1,0,1,0,313,0,100,1,14,11,2,9,36,25,6,36,30,0,0,5,89,100,100,57,100,100,11,1,1789073609.424000,G1,T01,Web_prova,1,unknown
179933,1,1,1,305,311,35,100,1,17,11,2,15,35,21,9,15,18,0,0,5,95,100,100,59,100,100,12,1,1789073609.624000,G1,T01,Web_prova,1,unknown
180133,1,0,1,0,309,0,100,1,16,14,3,3,13,12,9,22,26,0,0,6,95,100,100,56,100,100,11,1,1789073609.824000,G1,T01,Web_prova,1,unknown
180333,1,0,1,0,309,0,100,1,13,10,3,6,14,11,5,1,7,0,0,6,95,100,100,57,100,100,11,1,1789073610.024000,G1,T01,Web_prova,1,unknown
180533,1,1,1,352,309,29,100,1,16,11,1,8,26,29,16,20,20,0,0,6,93,100,100,58,100,100,10,1,1789073610.224000,G1,T01,Web_prova,1,unknown
180733,1,1,1,297,308,52,100,1,15,12,2,24,52,20,10,25,32,0,0,6,95,100,100,56,100,100,10,1,1789073610.424000,G1,T01,Web_prova,1,unknown
180933,1,1,1,295,308,52,100,1,19,15,2,24,52,17,17,32,24,0,0,6,94,100,100,56,100,100,10,1,1789073610.624000,G1,T01,Web_prova,1,unknown
181133,1,0,1,0,307,0,100,1,15,14,1,10,28,32,18,14,7,0,0,6,94,100,100,57,100,100,11,1,1789073610.824000,G1,T01,Web_prova,1,unknown
181333,1,1,1,316,307,47,100,1,16,13,3,12,47,33,9,20,18,0,0,6,96,100,100,58,100,100,11,1,1789073611.024000,G1,T01,Web_prova,1,unknown
181533,1,1,1,312,308,33,100,1,14,11,2,12,33,22,4,6,9,0,0,5,90,100,100,56,100,100,11,1,1789073611.224000,G1,T01,Web_prova,1,unknown
181733,1,1,1,324,308,31,100,1,16,15,1,8,31,26,16,11,11,0,0,6,89,100,100,57,100,100,12,1,1789073611.424000,G1,T01,Web_prova,1,unknown
181933,1,1,1,375,308,17,100,1,16,15,2,7,19,17,12,14,15,0,0,5,88,100,100,57,100,100,12,1,1789073611.624000,G1,T01,Web_prova,1,unknown
182133,1,0,1,0,308,0,100,1,14,10,2,15,40,36,16,7,11,0,0,5,86,100,100,62,100,100,11,1,1789073611.824000,G1,T01,Web_prova,1,unknown
182333,1,0,1,0,308,0,100,1,21,15,2,7,13,12,5,26,34,0,0,5,86,100,100,60,100,100,11,1,1789073612.024000,G1,T01,Web_prova,1,unknown
182533,1,1,1,316,309,41,100,1,14,11,2,16,41,31,10,6,2,0,0,5,86,100,100,61,100,100,11,1,1789073612.224000,G1,T01,Web_prova,1,unknown
182733,1,1,1,298,308,43,100,1,14,13,3,20,43,18,7,14,19,0,0,5,89,100,100,62,100,100,11,1,1789073612.424000,G1,T01,Web_prova,1,unknown
182933,1,1,1,578,307,23,100,1,16,13,2,9,16,15,10,18,23,0,0,5,90,100,100,61,100,100,11,1,1789073612.624000,G1,T01,Web_prova,1,unknown
183133,1,0,1,0,307,0,100,1,15,12,2,7,23,17,11,33,31,0,0,5,91,100,100,60,100,100,11,1,1789073612.824000,G1,T01,Web_prova,1,unknown
183333,1,0,1,0,307,0,100,1,14,13,3,7,14,12,9,13,3,0,0,5,86,100,100,60,100,100,11,1,1789073613.024000,G1,T01,Web_prova,1,unknown
183533,1,1,1,541,307,17,100,1,14,9,2,8,9,8,10,17,15,0,0,5,84,100,100,61,100,100,11,1,1789073613.224000,G1,T01,Web_prova,1,unknown
183733,1,0,1,0,307,0,100,1,16,14,2,6,17,13,11,12,10,0,0,5,81,100,100,61,100,100,11,1,1789073613.424000,G1,T01,Web_prova,1,unknown
183933,1,1,1,300,308,25,100,1,19,13,1,11,25,11,8,15,8,0,0,4,79,100,100,60,100,100,11,1,1789073613.624000,G1,T01,Web_prova,1,unknown
184133,1,1,1,309,308,52,100,1,18,16,3,22,52,35,5,26,26,0,0,4,80,100,100,63,100,100,11,1,1789073613.824000,G1,T01,Web_prova,1,unknown
184333,1,1,1,307,308,33,100,1,14,10,1,11,33,19,17,29,28,0,0,4,85,100,100,61,100,100,12,1,1789073614.024000,G1,T01,Web_prova,1,unknown
184533,1,1,1,339,308,17,100,1,18,13,2,5,17,17,13,17,13,0,0,4,88,100,100,62,100,100,12,1,1789073614.224000,G1,T01,Web_prova,1,unknown
184733,1,1,1,301,308,68,100,1,17,13,1,28,68,31,6,7,1,0,0,4,89,100,100,62,100,100,12,1,1789073614.424000,G1,T01,Web_prova,1,unknown
184933,1,0,1,0,309,0,100,1,20,13,2,15,45,38,19,36,48,0,0,4,87,100,100,62,100,100,12,1,1789073614.624000,G1,T01,Web_prova,1,unknown
185133,1,1,1,305,309,32,100,1,17,13,3,11,32,16,11,11,11,0,0,4,85,100,100,61,100,100,11,1,1789073614.824000,G1,T01,Web_prova,1,unknown
185333,1,0,1,0,308,0,100,1,18,12,3,22,68,43,10,9,20,0,0,4,86,100,100,64,100,100,11,1,1789073615.024000,G1,T01,Web_prova,1,unknown
185533,1,1,1,299,308,33,100,1,14,11,2,14,33,13,6,14,15,0,0,4,90,100,100,67,100,100,11,1,1789073615.224000,G1,T01,Web_prova,1,unknown
185733,1,1,1,302,307,34,100,1,17,14,2,14,34,17,10,11,7,0,0,4,90,100,100,64,100,100,11,1,1789073615.424000,G1,T01,Web_prova,1,unknown
185933,1,0,1,0,307,0,100,1,20,12,2,7,20,29,14,20,4,0,0,5,90,100,100,65,100,100,11,1,1789073615.624000,G1,T01,Web_prova,1,unknown
186133,1,0,1,0,306,0,100,1,13,13,1,7,19,22,18,35,27,0,0,5,91,100,100,61,100,100,11,1,1789073615.824000,G1,T01,Web_prova,1,unknown
186333,1,1,1,338,307,53,100,1,15,12,2,12,53,53,15,20,24,0,0,5,92,100,100,63,100,100,11,1,1789073616.024000,G1,T01,Web_prova,1,unknown
186533,1,1,1,300,306,35,100,1,17,11,2,14,35,14,4,26,25,0,0,5,92,100,100,62,100,100,11,1,1789073616.224000,G1,T01,Web_prova,1,unknown
186733,1,1,1,302,307,28,100,1,14,11,3,14,28,16,8,6,3,0,0,5,88,100,100,62,100,100,11,1,1789073616.424000,G1,T01,Web_prova,1,unknown
186933,1,1,1,312,308,79,100,1,14,11,1,26,79,52,6,34,37,0,0,5,91,100,100,59,100,100,11,1,1789073616.624000,G1,T01,Web_prova,1,unknown
187133,1,1,1,361,308,29,100,1,16,13,2,15,21,29,12,4,12,0,0,5,91,100,100,63,100,100,11,1,1789073616.824000,G1,T01,Web_prova,1,unknown
187333,1,0,1,0,309,0,100,1,23,14,2,2,25,50,28,32,27,0,0,5,91,100,100,64,100,100,11,1,1789073617.024000,G1,T01,Web_prova,1,unknown
187533,1,1,1,401,308,25,100,1,15,12,2,10,8,25,23,13,13,0,0,5,94,100,100,64,100,100,11,1,1789073617.224000,G1,T01,Web_prova,1,unknown
187733,1,1,1,312,307,26,100,1,14,12,2,9,26,18,4,12,10,0,0,5,98,100,100,65,100,100,11,1,1789073617.424000,G1,T01,Web_prova,1,unknown
187933,1,1,1,351,308,44,100,1,19,15,1,10,37,44,10,15,21,0,0,5,94,100,100,65,100,100,11,1,1789073617.624000,G1,T01,Web_prova,1,unknown
188133,1,1,1,326,308,30,100,1,15,9,2,8,30,27,6,4,6,0,0,5,92,100,100,62,100,100,11,1,1789073617.824000,G1,T01,Web_prova,1,unknown
188333,1,0,1,0,308,0,100,1,13,11,2,16,40,38,5,25,26,0,0,5,88,100,100,63,100,100,12,1,1789073618.024000,G1,T01,Web_prova,1,unknown
188533,1,0,1,0,308,0,100,1,19,13,2,8,9,2,3,27,35,0,0,5,84,100,100,61,100,100,11,1,1789073618.224000,G1,T01,Web_prova,1,unknown
188733,1,0,1,0,308,0,100,1,18,15,1,3,6,12,4,5,11,0,0,5,79,100,100,59,100,100,11,1,1789073618.424000,G1,T01,Web_prova,1,unknown
188933,1,0,1,0,307,0,100,1,28,18,2,1,12,9,13,10,1,0,0,5,80,100,100,61,100,100,11,1,1789073618.624000,G1,T01,Web_prova,1,unknown
189133,1,0,1,0,307,0,100,1,14,13,2,8,19,15,10,38,43,0,0,5,86,100,100,61,100,100,11,1,1789073618.824000,G1,T01,Web_prova,1,unknown
189333,1,1,1,294,307,37,100,1,19,12,2,20,37,13,17,28,20,0,0,5,83,100,100,58,100,100,11,1,1789073619.024000,G1,T01,Web_prova,1,unknown
189533,1,0,1,0,307,0,100,1,17,17,4,11,10,13,10,12,12,0,0,5,80,100,100,61,100,100,11,1,1789073619.224000,G1,T01,Web_prova,1,unknown
189733,1,1,1,304,308,66,100,1,16,18,2,26,66,35,3,17,17,0,0,5,81,100,100,62,100,100,11,1,1789073619.424000,G1,T01,Web_prova,1,unknown
189933,1,0,1,0,308,0,100,1,17,14,2,6,17,11,10,11,3,0,0,5,82,100,100,61,100,100,11,1,1789073619.624000,G1,T01,Web_prova,1,unknown
190133,1,0,1,0,309,0,100,1,14,11,3,8,19,10,5,18,9,0,0,5,82,100,100,60,100,100,11,1,1789073619.824000,G1,T01,Web_prova,1,unknown
190333,1,1,1,313,308,76,100,1,23,20,2,25,76,52,18,23,18,0,0,5,83,100,100,59,100,100,11,1,1789073620.024000,G1,T01,Web_prova,1,unknown
190533,1,1,1,295,307,34,100,1,16,10,1,23,34,19,9,14,17,0,0,5,87,100,100,61,100,100,11,1,1789073620.224000,G1,T01,Web_prova,1,unknown
190733,1,0,1,0,307,0,100,1,16,10,2,15,31,23,9,28,30,0,0,5,90,100,100,61,100,100,11,1,1789073620.424000,G1,T01,Web_prova,1,unknown
190933,1,0,1,0,305,0,100,1,18,15,2,3,5,6,6,8,2,0,0,5,90,100,100,61,100,100,11,1,1789073620.624000,G1,T01,Web_prova,1,unknown
191133,1,0,1,0,305,0,100,1,21,14,1,10,23,23,7,31,37,0,0,5,86,100,100,57,100,100,11,1,1789073620.824000,G1,T01,Web_prova,1,unknown
191333,1,0,1,0,305,0,100,1,20,11,3,7,12,20,8,16,17,0,0,5,89,100,100,55,100,100,11,1,1789073621.024000,G1,T01,Web_prova,1,unknown
191533,1,1,1,304,304,31,100,1,13,12,2,13,31,17,14,25,25,0,0,5,89,100,100,56,100,100,11,1,1789073621.224000,G1,T01,Web_prova,1,unknown
191733,1,1,1,334,305,26,100,1,16,17,2,9,26,25,13,9,9,0,0,5,89,100,100,54,100,100,11,1,1789073621.424000,G1,T01,Web_prova,1,unknown
191933,1,1,1,301,304,74,100,1,13,13,2,32,74,36,17,15,11,0,0,5,96,100,100,55,100,100,11,1,1789073621.624000,G1,T01,Web_prova,1,unknown
192133,1,1,1,354,305,26,100,1,14,14,1,7,20,26,7,23,21,0,0,5,94,100,100,57,100,100,11,1,1789073621.824000,G1,T01,Web_prova,1,unknown
192333,1,1,1,317,305,54,100,1,16,12,3,20,54,42,8,20,16,0,0,5,95,100,100,55,100,100,11,1,1789073622.024000,G1,T01,Web_prova,1,unknown
192533,1,1,1,300,305,40,100,1,19,13,2,21,40,21,10,29,29,0,0,5,96,100,100,55,100,100,11,1,1789073622.224000,G1,T01,Web_prova,1,unknown
192733,1,1,1,302,305,51,100,1,14,10,3,21,51,25,17,32,37,0,0,5,100,100,100,57,100,100,11,1,1789073622.424000,G1,T01,Web_prova,1,unknown
192933,1,1,1,310,305,68,100,1,16,11,2,25,68,45,14,9,9,0,0,5,100,100,100,57,100,100,11,1,1789073622.624000,G1,T01,Web_prova,1,unknown
193133,1,1,1,309,306,74,100,1,16,12,3,30,74,49,12,6,3,0,0,5,100,100,100,57,100,100,11,1,1789073622.824000,G1,T01,Web_prova,1,unknown
193333,1,0,1,0,307,0,100,1,21,12,3,13,30,24,12,34,33,0,0,5,100,100,100,57,100,100,11,1,1789073623.024000,G1,T01,Web_prova,1,unknown
193533,1,0,1,0,305,0,100,1,14,11,3,12,18,21,18,7,15,0,0,5,100,100,100,56,100,100,12,1,1789073623.224000,G1,T01,Web_prova,1,unknown
193733,1,1,1,302,305,39,100,1,22,15,3,20,39,23,15,15,18,0,0,5,100,100,100,58,100,100,12,1,1789073623.424000,G1,T01,Web_prova,1,unknown
193933,1,1,1,359,305,18,100,1,19,16,2,5,15,18,10,14,11,0,0,5,100,100,100,57,100,100,12,1,1789073623.624000,G1,T01,Web_prova,1,unknown
194133,1,1,1,308,305,32,100,1,18,11,2,14,32,21,5,10,12,0,0,5,100,100,100,58,100,100,12,1,1789073623.824000,G1,T01,Web_prova,1,unknown
194333,1,0,1,0,305,0,100,1,18,15,3,7,21,15,9,23,18,0,0,5,100,100,100,57,100,100,11,1,1789073624.024000,G1,T01,Web_prova,1,unknown
194533,1,1,1,335,306,26,100,1,19,10,2,9,26,26,6,19,17,0,0,5,100,100,100,56,100,100,11,1,1789073624.224000,G1,T01,Web_prova,1,unknown
194733,1,0,1,0,306,0,100,1,15,11,2,13,28,16,12,13,12,0,0,5,100,100,100,58,100,100,10,1,1789073624.424000,G1,T01,Web_prova,1,unknown
194933,1,0,1,0,307,0,100,1,16,11,2,8,13,15,10,25,25,0,0,5,100,100,100,60,100,100,11,1,1789073624.624000,G1,T01,Web_prova,1,unknown
195133,1,1,1,314,307,21,100,1,13,8,2,8,21,15,9,9,10,0,0,5,100,100,100,63,100,100,11,1,1789073624.824000,G1,T01,Web_prova,1,unknown
195333,1,1,1,304,307,41,100,1,13,7,2,17,41,23,4,2,4,0,0,4,100,100,100,62,100,100,11,1,1789073625.024000,G1,T01,Web_prova,1,unknown
195533,1,0,1,0,307,0,100,1,19,14,2,23,55,19,9,33,39,0,0,4,100,100,100,62,100,100,11,1,1789073625.224000,G1,T01,Web_prova,1,unknown
195733,1,1,1,307,307,59,100,1,15,13,2,22,59,34,8,7,10,0,0,5,100,100,100,62,100,100,12,1,1789073625.424000,G1,T01,Web_prova,1,unknown
195933,1,0,1,0,307,0,100,1,16,12,2,20,63,41,11,21,20,0,0,5,100,100,100,64,100,100,11,1,1789073625.624000,G1,T01,Web_prova,1,unknown
196133,1,1,1,375,307,18,100,1,16,12,1,10,18,18,14,12,18,0,0,5,100,100,100,64,100,100,12,1,1789073625.824000,G1,T01,Web_prova,1,unknown
196333,1,1,1,307,305,27,100,1,15,11,3,8,27,14,11,14,11,0,0,4,100,100,100,65,100,100,12,1,1789073626.024000,G1,T01,Web_prova,1,unknown
196533,1,1,1,332,307,48,100,1,14,15,3,14,48,46,15,5,6,0,0,4,100,100,100,66,100,100,12,1,1789073626.224000,G1,T01,Web_prova,1,unknown
196733,1,1,1,307,308,58,100,1,17,11,2,18,58,32,9,18,16,0,0,4,97,100,100,65,100,100,12,1,1789073626.424000,G1,T01,Web_prova,1,unknown
196933,1,1,1,362,308,46,100,1,16,13,2,7,29,46,12,26,21,0,0,5,90,100,100,63,100,100,12,1,1789073626.624000,G1,T01,Web_prova,1,unknown
197133,1,1,1,297,308,27,100,1,15,13,2,9,27,5,11,9,6,0,0,5,84,100,100,63,100,100,11,1,1789073626.824000,G1,T01,Web_prova,1,unknown
197333,1,1,1,316,308,48,100,1,13,8,2,11,48,34,6,9,9,0,0,5,84,100,100,64,100,100,11,1,1789073627.024000,G1,T01,Web_prova,1,unknown
197533,1,1,1,336,311,46,100,1,19,18,2,7,46,45,14,13,7,0,0,5,79,100,100,61,100,100,10,1,1789073627.224000,G1,T01,Web_prova,1,unknown
197733,1,1,1,363,312,58,100,1,13,10,2,6,39,58,24,17,10,0,0,5,73,100,100,61,100,100,11,1,1789073627.424000,G1,T01,Web_prova,1,unknown
197933,1,1,1,360,314,24,100,1,20,14,2,5,19,24,13,16,12,0,0,5,68,100,100,62,100,100,11,1,1789073627.624000,G1,T01,Web_prova,1,unknown
198133,1,0,1,0,315,0,100,1,16,11,2,5,17,17,12,29,27,0,0,5,65,100,100,62,100,100,11,1,1789073627.824000,G1,T01,Web_prova,1,unknown
198333,1,1,1,375,316,16,100,1,14,17,2,8,19,16,10,3,5,0,0,5,63,100,100,63,100,100,12,1,1789073628.024000,G1,T01,Web_prova,1,unknown
198533,1,0,1,0,318,0,100,1,14,11,2,2,17,26,10,24,27,0,0,5,60,100,100,64,100,100,12,1,1789073628.224000,G1,T01,Web_prova,1,unknown
198733,1,0,1,0,321,0,100,1,20,14,2,3,13,17,7,21,13,0,0,5,57,100,100,62,100,100,12,1,1789073628.424000,G1,T01,Web_prova,1,unknown
198933,1,0,1,0,324,0,100,1,20,18,2,4,17,28,27,29,12,0,0,4,53,100,100,65,100,100,12,1,1789073628.624000,G1,T01,Web_prova,1,unknown
199133,1,0,1,0,325,0,100,1,21,14,2,2,9,15,9,19,17,0,0,5,50,100,100,64,100,100,11,1,1789073628.824000,G1,T01,Web_prova,1,unknown
199333,1,0,1,0,328,0,100,1,18,17,1,2,14,15,11,10,11,0,0,5,47,100,100,67,100,100,11,1,1789073629.024000,G1,T01,Web_prova,1,unknown
199533,1,0,1,0,331,0,100,1,16,14,3,3,8,6,12,22,19,0,0,4,42,100,100,66,100,100,11,1,1789073629.224000,G1,T01,Web_prova,1,unknown
199733,1,0,1,0,336,0,100,1,18,11,1,4,34,45,18,4,9,0,0,4,35,100,100,68,100,100,11,1,1789073629.424000,G1,T01,Web_prova,1,unknown
199933,1,1,1,354,343,27,100,1,14,9,1,1,23,27,13,27,21,0,0,4,31,100,100,69,100,100,11,1,1789073629.624000,G1,T01,Web_prova,1,unknown
200133,1,1,1,367,346,33,100,1,16,17,2,2,21,33,15,11,14,0,0,4,27,100,100,68,100,100,11,1,1789073629.824000,G1,T01,Web_prova,1,unknown
200333,1,1,1,485,353,19,100,1,20,14,3,3,9,14,19,19,14,0,0,5,22,100,100,71,100,100,11,1,1789073630.024000,G1,T01,Web_prova,1,unknown
200533,1,0,1,0,355,0,100,1,14,12,2,2,10,16,15,25,22,0,0,4,18,100,100,70,100,100,11,1,1789073630.224000,G1,T01,Web_prova,1,unknown
200733,1,1,1,514,550,25,100,1,14,12,3,4,11,19,20,25,16,0,0,4,16,100,100,72,100,100,11,1,1789073630.424000,G1,T01,Web_prova,1,unknown
200933,1,1,1,366,549,35,100,1,15,11,2,5,25,35,19,30,20,0,0,4,16,100,100,74,100,100,11,1,1789073630.624000,G1,T01,Web_prova,1,unknown
201133,1,0,1,0,359,0,100,1,14,11,2,4,9,6,7,21,22,0,0,4,15,100,100,75,100,100,11,1,1789073630.824000,G1,T01,Web_prova,1,unknown
201333,1,1,0,375,0,25,0,1,19,13,3,2,13,25,12,10,11,0,0,4,12,100,100,75,100,100,11,1,1789073631.024000,G1,T01,Web_prova,1,unknown
201533,1,1,1,360,560,25,100,1,18,11,3,4,18,25,8,4,9,0,0,4,11,100,100,77,100,100,11,1,1789073631.224000,G1,T01,Web_prova,1,unknown
201733,1,0,1,0,365,0,100,1,15,10,3,5,11,19,6,18,21,0,0,4,11,100,100,77,100,100,11,1,1789073631.424000,G1,T01,Web_prova,1,unknown
201933,1,0,1,0,365,0,100,1,16,15,2,2,9,21,15,24,5,0,0,4,11,100,100,78,100,100,11,1,1789073631.624000,G1,T01,Web_prova,1,unknown
202133,1,1,1,380,560,31,100,1,13,7,3,3,11,31,17,6,3,0,0,4,10,98,100,79,100,100,11,1,1789073631.824000,G1,T01,Web_prova,1,unknown
202333,1,1,0,376,0,36,0,1,13,11,3,3,13,36,16,20,22,0,0,4,9,92,100,78,100,100,11,1,1789073632.024000,G1,T01,Web_prova,1,unknown
202533,1,1,0,384,0,22,0,1,16,10,2,2,7,22,14,20,18,0,0,4,8,88,100,79,100,100,11,1,1789073632.224000,G1,T01,Web_prova,1,unknown
202733,1,0,1,0,565,0,100,1,17,15,2,3,6,14,10,16,17,0,0,4,8,84,100,82,100,100,11,1,1789073632.424000,G1,T01,Web_prova,1,unknown
202933,1,0,1,0,566,0,100,1,14,12,2,3,5,18,17,36,26,0,0,4,7,79,100,82,100,100,11,1,1789073632.624000,G1,T01,Web_prova,1,unknown
203133,1,0,1,0,563,0,100,1,16,9,2,3,7,17,14,11,8,0,0,4,7,77,100,86,100,100,11,1,1789073632.824000,G1,T01,Web_prova,1,unknown
203333,1,1,1,394,559,29,100,1,15,9,2,1,13,29,24,9,13,0,0,4,7,75,100,90,100,100,11,1,1789073633.024000,G1,T01,Web_prova,1,unknown
203533,1,1,1,389,558,42,100,1,16,13,3,3,7,42,27,26,29,0,0,4,7,72,100,94,100,100,11,1,1789073633.224000,G1,T01,Web_prova,1,unknown
203733,1,1,1,401,564,20,100,1,19,13,2,2,5,20,17,6,8,0,0,5,6,66,100,94,100,100,11,1,1789073633.424000,G1,T01,Web_prova,1,unknown
203933,1,1,1,400,566,39,100,1,15,13,3,3,11,39,34,9,18,0,0,5,6,61,100,94,100,100,11,1,1789073633.624000,G1,T01,Web_prova,1,unknown
204133,1,0,1,0,566,0,100,1,18,11,2,4,5,6,6,8,9,0,0,5,6,55,100,92,100,100,11,1,1789073633.824000,G1,T01,Web_prova,1,unknown
204333,1,1,1,416,564,22,100,1,19,15,2,2,6,22,22,9,6,0,0,5,5,51,100,91,100,100,11,1,1789073634.024000,G1,T01,Web_prova,1,unknown
204533,1,0,1,0,560,0,100,1,20,14,2,4,4,15,14,8,9,0,0,5,5,49,100,97,100,100,11,1,1789073634.224000,G1,T01,Web_prova,1,unknown
204733,1,0,1,0,564,0,100,1,13,15,2,2,7,41,34,17,21,0,0,5,5,48,100,100,100,100,11,1,1789073634.424000,G1,T01,Web_prova,1,unknown
204933,1,1,1,510,564,22,100,1,13,8,2,3,7,13,19,22,15,0,0,5,5,45,100,100,100,100,11,1,1789073634.624000,G1,T01,Web_prova,1,unknown
205133,1,0,1,0,563,0,100,1,16,9,4,4,6,23,22,30,31,0,0,5,4,42,100,100,100,100,11,1,1789073634.824000,G1,T01,Web_prova,1,unknown
205333,1,1,1,426,550,22,100,1,16,13,3,4,6,20,22,11,8,0,0,5,5,39,100,100,100,100,11,1,1789073635.024000,G1,T01,Web_prova,1,unknown
205533,1,1,1,504,546,27,100,1,14,12,2,2,6,12,23,27,14,0,0,5,4,37,100,100,100,100,11,1,1789073635.224000,G1,T01,Web_prova,1,unknown
205733,1,0,1,0,545,0,100,1,14,10,3,4,3,9,10,20,21,0,0,5,4,31,100,100,100,100,11,1,1789073635.424000,G1,T01,Web_prova,1,unknown
205933,1,1,1,411,546,56,100,1,14,12,3,2,10,56,56,6,3,0,0,5,4,32,100,100,100,100,11,1,1789073635.624000,G1,T01,Web_prova,1,unknown
206133,1,1,1,407,551,22,100,1,13,10,3,4,5,22,21,16,16,0,0,5,4,31,100,100,100,100,11,1,1789073635.824000,G1,T01,Web_prova,1,unknown
206333,1,1,1,408,546,20,100,1,14,9,4,3,6,20,19,6,3,0,0,5,4,31,100,100,100,100,11,1,1789073636.024000,G1,T01,Web_prova,1,unknown
206533,1,0,1,0,522,0,100,1,16,16,2,3,6,20,8,12,6,0,0,5,4,30,100,100,100,100,11,1,1789073636.224000,G1,T01,Web_prova,1,unknown
206733,1,1,0,385,0,33,0,1,20,13,3,2,8,33,19,18,11,0,0,5,4,28,100,100,100,100,11,1,1789073636.424000,G1,T01,Web_prova,1,unknown
206933,1,1,1,403,502,42,100,1,19,12,4,4,5,42,37,13,19,0,0,5,4,28,100,100,100,100,11,1,1789073636.624000,G1,T01,Web_prova,1,unknown
207133,1,0,1,0,409,0,100,1,14,11,3,2,2,13,15,12,10,0,0,5,4,27,100,100,100,100,11,1,1789073636.824000,G1,T01,Web_prova,1,unknown
207333,1,0,1,0,409,0,100,1,15,9,2,2,6,12,16,19,22,0,0,5,4,26,100,100,100,100,11,1,1789073637.024000,G1,T01,Web_prova,1,unknown
207533,1,1,1,451,500,27,100,1,13,12,5,2,3,21,27,21,13,0,0,5,4,24,100,100,100,100,12,1,1789073637.224000,G1,T01,Web_prova,1,unknown
207733,1,1,1,400,504,18,100,1,15,14,4,3,7,18,16,16,16,0,0,5,4,24,100,100,100,100,12,1,1789073637.424000,G1,T01,Web_prova,1,unknown
207933,1,0,1,0,512,0,100,1,17,9,4,4,8,18,18,11,17,0,0,5,4,23,100,100,100,100,11,1,1789073637.624000,G1,T01,Web_prova,1,unknown
208133,1,0,1,0,505,0,100,1,15,11,3,2,11,30,26,16,18,0,0,5,4,23,100,100,100,100,11,1,1789073637.824000,G1,T01,Web_prova,1,unknown
208333,1,1,1,496,505,20,100,1,24,14,2,2,6,17,19,20,13,0,0,5,4,23,100,100,100,100,11,1,1789073638.024000,G1,T01,Web_prova,1,unknown
208533,1,1,1,420,508,23,100,1,16,15,3,3,5,22,23,18,13,0,0,5,4,22,100,100,100,100,11,1,1789073638.224000,G1,T01,Web_prova,1,unknown
208733,1,1,1,384,501,23,100,1,16,15,3,3,7,23,14,2,7,0,0,5,4,21,100,100,100,100,11,1,1789073638.424000,G1,T01,Web_prova,1,unknown
208933,1,1,1,446,463,28,100,1,16,16,2,3,6,20,28,18,12,0,0,5,4,21,100,100,100,100,11,1,1789073638.624000,G1,T01,Web_prova,1,unknown
209133,1,0,1,0,496,0,100,1,17,16,2,3,10,45,45,10,13,0,0,5,4,21,100,100,100,100,11,1,1789073638.824000,G1,T01,Web_prova,1,unknown
209333,1,1,1,433,493,54,100,1,16,11,2,3,7,42,54,19,8,0,0,5,4,22,100,100,100,100,11,1,1789073639.024000,G1,T01,Web_prova,1,unknown
209533,1,1,1,428,500,35,100,1,22,12,1,2,7,30,35,17,5,0,0,5,4,22,100,100,100,100,11,1,1789073639.224000,G1,T01,Web_prova,1,unknown
209733,1,0,1,0,508,0,100,1,18,12,2,2,4,20,29,29,17,0,0,5,4,22,100,100,100,100,12,1,1789073639.424000,G1,T01,Web_prova,1,unknown
209933,1,1,1,410,517,26,100,1,13,7,3,4,5,26,25,9,10,0,0,5,4,21,100,100,100,100,12,1,1789073639.624000,G1,T01,Web_prova,1,unknown
210133,1,1,1,433,519,30,100,1,16,11,1,3,7,24,30,15,6,0,0,5,4,20,100,100,100,100,12,1,1789073639.824000,G1,T01,Web_prova,1,unknown
210333,1,1,1,416,519,32,100,1,20,12,2,3,6,31,32,5,12,0,0,5,4,20,100,100,100,100,12,1,1789073640.024000,G1,T01,Web_prova,1,unknown
210533,1,0,1,0,523,0,100,1,16,13,3,2,3,6,12,1,9,0,0,5,4,20,100,100,100,100,12,1,1789073640.224000,G1,T01,Web_prova,1,unknown
210733,1,1,1,444,526,29,100,1,13,13,4,4,8,27,29,26,21,0,0,5,4,19,100,100,100,100,12,1,1789073640.424000,G1,T01,Web_prova,1,unknown
210933,1,0,1,0,524,0,100,1,13,12,4,3,2,15,14,12,10,0,0,6,4,17,100,100,100,100,11,1,1789073640.624000,G1,T01,Web_prova,1,unknown
211133,1,1,1,423,510,20,100,1,17,15,3,2,1,17,20,2,9,0,0,5,4,17,100,100,100,100,11,1,1789073640.824000,G1,T01,Web_prova,1,unknown
211333,1,1,1,438,504,33,100,1,14,9,3,3,6,29,33,26,14,0,0,5,4,18,100,100,100,100,11,1,1789073641.024000,G1,T01,Web_prova,1,unknown
211533,1,0,1,0,518,0,100,1,13,10,4,3,6,7,8,23,24,0,0,5,4,18,100,100,100,100,11,1,1789073641.224000,G1,T01,Web_prova,1,unknown
211733,1,1,1,402,523,23,100,1,17,12,4,3,4,23,20,11,12,0,0,5,4,18,100,100,100,100,11,1,1789073641.424000,G1,T01,Web_prova,1,unknown
211933,1,0,1,0,530,0,100,1,20,11,3,3,6,11,12,15,13,0,0,5,3,18,100,100,100,100,11,1,1789073641.624000,G1,T01,Web_prova,1,unknown
212133,1,1,1,540,530,37,100,1,14,8,3,3,6,15,3,37,23,0,0,5,3,18,100,100,100,100,12,1,1789073641.824000,G1,T01,Web_prova,1,unknown
212333,1,1,1,417,530,27,100,1,14,13,2,2,6,26,27,15,8,0,0,5,4,18,100,100,100,100,12,1,1789073642.024000,G1,T01,Web_prova,1,unknown
212533,1,1,1,437,529,42,100,1,13,9,3,4,5,32,42,22,14,0,0,5,3,18,100,100,100,100,12,1,1789073642.224000,G1,T01,Web_prova,1,unknown
212733,1,0,1,0,533,0,100,1,18,14,2,3,2,11,9,15,22,0,0,5,3,19,100,100,100,100,11,1,1789073642.424000,G1,T01,Web_prova,1,unknown
212933,1,1,1,414,535,35,100,1,17,16,3,2,4,34,35,9,5,0,0,5,3,19,100,100,100,100,11,1,1789073642.624000,G1,T01,Web_prova,1,unknown
213133,1,0,1,0,534,0,100,1,18,14,3,2,4,15,14,6,8,0,0,5,3,18,100,100,100,100,11,1,1789073642.824000,G1,T01,Web_prova,1,unknown
213333,1,0,1,0,534,0,100,1,19,15,4,4,2,10,12,7,7,0,0,5,4,17,100,100,100,100,11,1,1789073643.024000,G1,T01,Web_prova,1,unknown
213533,1,0,1,0,528,0,100,1,22,14,2,1,2,9,10,11,10,0,0,5,4,17,100,100,100,100,11,1,1789073643.224000,G1,T01,Web_prova,1,unknown
213733,1,1,1,532,532,23,100,1,15,14,3,3,4,20,19,23,20,0,0,5,3,16,100,100,100,100,11,1,1789073643.424000,G1,T01,Web_prova,1,unknown
213933,1,0,1,0,537,0,100,1,14,11,1,1,7,9,11,8,6,0,0,5,4,16,100,100,100,100,11,1,1789073643.624000,G1,T01,Web_prova,1,unknown
214133,1,0,1,0,538,0,100,1,22,19,3,2,5,9,7,12,12,0,0,5,4,16,100,100,100,100,11,1,1789073643.824000,G1,T01,Web_prova,1,unknown
214333,1,1,1,472,539,27,100,1,14,13,2,3,8,23,27,26,25,0,0,5,3,16,100,100,100,100,11,1,1789073644.024000,G1,T01,Web_prova,1,unknown
214533,1,1,1,433,534,30,100,1,16,10,2,2,9,26,30,19,13,0,0,5,3,17,100,100,100,100,11,1,1789073644.224000,G1,T01,Web_prova,1,unknown
214733,1,1,1,524,534,16,100,1,15,14,2,2,8,14,9,16,8,0,0,5,3,17,100,100,100,100,12,1,1789073644.424000,G1,T01,Web_prova,1,unknown
214933,1,0,1,0,536,0,100,1,17,12,4,3,5,7,7,16,18,0,0,5,4,17,100,100,100,100,12,1,1789073644.624000,G1,T01,Web_prova,1,unknown
215133,1,1,1,435,539,36,100,1,19,16,3,2,4,29,36,20,12,0,0,5,4,17,100,100,100,100,12,1,1789073644.824000,G1,T01,Web_prova,1,unknown
215333,1,0,1,0,543,0,100,1,16,12,4,4,4,8,14,26,31,0,0,5,4,16,100,100,100,100,12,1,1789073645.024000,G1,T01,Web_prova,1,unknown
215533,1,1,1,402,541,17,100,1,17,14,3,2,3,17,15,7,7,0,0,5,4,16,100,100,100,100,11,1,1789073645.224000,G1,T01,Web_prova,1,unknown
215733,1,1,1,417,535,34,100,1,15,9,4,2,5,32,34,7,3,0,0,5,4,17,100,100,100,100,11,1,1789073645.424000,G1,T01,Web_prova,1,unknown
215933,1,1,1,458,527,31,100,1,15,15,4,3,7,28,31,29,20,0,0,5,4,17,100,100,100,100,11,1,1789073645.624000,G1,T01,Web_prova,1,unknown
216133,1,1,1,399,530,26,100,1,16,11,4,3,7,26,22,22,19,0,0,5,4,18,100,100,100,100,11,1,1789073645.824000,G1,T01,Web_prova,1,unknown
216333,1,0,1,0,536,0,100,1,15,11,4,3,3,14,9,11,9,0,0,5,4,18,100,100,100,100,11,1,1789073646.024000,G1,T01,Web_prova,1,unknown
216533,1,0,1,0,538,0,100,1,20,14,3,3,2,8,8,22,24,0,0,5,4,17,100,100,100,100,11,1,1789073646.224000,G1,T01,Web_prova,1,unknown
216733,1,1,1,408,533,29,100,1,13,9,2,2,7,29,28,18,12,0,0,5,4,17,100,100,100,100,11,1,1789073646.424000,G1,T01,Web_prova,1,unknown
216933,1,0,1,0,533,0,100,1,16,7,2,2,6,8,12,18,13,0,0,5,4,17,100,100,100,100,11,1,1789073646.624000,G1,T01,Web_prova,1,unknown
217133,1,1,1,558,533,24,100,1,13,14,5,5,5,10,15,24,23,0,0,5,4,17,100,100,100,100,11,1,1789073646.824000,G1,T01,Web_prova,1,unknown
217333,1,0,1,0,534,0,100,1,17,13,3,1,5,11,14,25,21,0,0,5,4,17,100,100,100,100,11,1,1789073647.024000,G1,T01,Web_prova,1,unknown
217533,1,1,1,425,541,20,100,1,15,12,4,2,1,17,20,5,8,0,0,5,4,18,100,100,100,100,11,1,1789073647.224000,G1,T01,Web_prova,1,unknown
217733,1,0,1,0,543,0,100,1,19,16,4,3,6,14,12,3,10,0,0,5,4,18,100,100,100,100,11,1,1789073647.424000,G1,T01,Web_prova,1,unknown
217933,1,1,1,436,531,49,100,1,18,13,3,3,9,38,49,25,8,0,0,5,4,18,100,100,100,100,11,1,1789073647.624000,G1,T01,Web_prova,1,unknown
218133,1,1,1,450,527,24,100,1,16,11,3,2,5,16,24,16,15,0,0,6,4,18,100,100,100,100,11,1,1789073647.824000,G1,T01,Web_prova,1,unknown
218333,1,1,1,454,525,39,100,1,20,14,3,2,12,28,39,30,22,0,0,6,4,18,100,100,100,100,11,1,1789073648.024000,G1,T01,Web_prova,1,unknown
218533,1,1,1,436,532,37,100,1,13,13,4,2,5,27,37,15,10,0,0,6,4,18,100,100,100,100,11,1,1789073648.224000,G1,T01,Web_prova,1,unknown
218733,1,1,1,404,537,24,100,1,18,13,4,3,3,24,21,14,16,0,0,6,4,18,100,100,100,100,11,1,1789073648.424000,G1,T01,Web_prova,1,unknown
218933,1,1,1,560,537,26,100,1,13,12,3,2,6,9,4,26,25,0,0,6,4,18,100,100,100,100,11,1,1789073648.624000,G1,T01,Web_prova,1,unknown
219133,1,1,1,485,536,18,100,1,14,14,5,3,7,12,18,18,12,0,0,6,4,17,100,100,100,100,11,1,1789073648.824000,G1,T01,Web_prova,1,unknown
219333,1,1,1,440,532,34,100,1,20,13,2,2,10,26,34,20,10,0,0,5,3,18,100,100,100,100,11,1,1789073649.024000,G1,T01,Web_prova,1,unknown
219533,1,0,1,0,533,0,100,1,14,14,3,2,3,5,11,16,19,0,0,5,4,18,100,100,100,100,11,1,1789073649.224000,G1,T01,Web_prova,1,unknown
219733,1,0,1,0,538,0,100,1,13,8,3,2,2,3,5,10,7,0,0,5,4,17,100,100,100,100,11,1,1789073649.424000,G1,T01,Web_prova,1,unknown
219933,1,0,1,0,542,0,100,1,16,15,4,3,5,13,14,8,12,0,0,5,4,17,100,100,100,100,11,1,1789073649.624000,G1,T01,Web_prova,1,unknown
220133,1,1,1,392,540,27,100,1,22,12,3,3,8,27,20,16,13,0,0,5,3,17,100,100,100,100,11,1,1789073649.824000,G1,T01,Web_prova,1,unknown
220333,1,0,1,0,533,0,100,1,15,11,4,3,4,9,11,9,8,0,0,5,3,16,100,100,100,100,11,1,1789073650.024000,G1,T01,Web_prova,1,unknown
220533,1,0,1,0,529,0,100,1,16,15,3,3,2,14,14,31,27,0,0,5,3,17,100,100,100,100,11,1,1789073650.224000,G1,T01,Web_prova,1,unknown
220733,1,0,1,0,534,0,100,1,16,16,4,3,9,39,37,10,12,0,0,5,3,16,100,100,100,100,11,1,1789073650.424000,G1,T01,Web_prova,1,unknown
220933,1,1,1,530,536,20,100,1,14,7,4,3,4,9,14,20,15,0,0,5,3,17,100,100,100,100,11,1,1789073650.624000,G1,T01,Web_prova,1,unknown
221133,1,1,1,488,533,23,100,1,13,11,4,3,7,15,23,23,16,0,0,5,3,17,100,100,100,100,11,1,1789073650.824000,G1,T01,Web_prova,1,unknown
221333,1,0,1,0,531,0,100,1,17,15,2,3,4,14,9,27,16,0,0,5,3,17,100,100,100,100,11,1,1789073651.024000,G1,T01,Web_prova,1,unknown
221533,1,1,1,441,529,41,100,1,16,13,3,2,3,31,41,25,13,0,0,5,3,17,100,100,100,100,11,1,1789073651.224000,G1,T01,Web_prova,1,unknown
221733,1,1,1,407,525,35,100,1,19,12,2,2,10,35,33,13,24,0,0,5,3,18,100,100,100,100,11,1,1789073651.424000,G1,T01,Web_prova,1,unknown
221933,1,1,1,410,528,31,100,1,18,14,2,2,9,31,30,4,3,0,0,4,3,18,100,100,100,100,11,1,1789073651.624000,G1,T01,Web_prova,1,unknown
222133,1,1,1,471,529,24,100,1,14,14,3,2,5,20,24,23,23,0,0,4,3,18,100,100,100,100,11,1,1789073651.824000,G1,T01,Web_prova,1,unknown
222333,1,1,1,461,530,25,100,1,17,12,4,4,2,11,25,18,2,0,0,4,3,18,100,100,100,100,11,1,1789073652.024000,G1,T01,Web_prova,1,unknown
222533,1,0,1,0,513,0,100,1,15,10,2,2,3,10,15,24,14,0,0,4,3,19,100,100,100,100,11,1,1789073652.224000,G1,T01,Web_prova,1,unknown
222733,1,1,1,420,489,23,100,1,19,14,4,4,3,22,23,17,14,0,0,4,3,19,100,100,100,100,11,1,1789073652.424000,G1,T01,Web_prova,1,unknown
222933,1,0,1,0,472,0,100,1,25,20,2,3,3,12,14,7,9,0,0,4,3,19,100,100,100,100,11,1,1789073652.624000,G1,T01,Web_prova,1,unknown
223133,1,0,1,0,461,0,100,1,14,11,3,2,5,14,11,25,30,0,0,4,3,19,100,100,100,100,11,1,1789073652.824000,G1,T01,Web_prova,1,unknown
223333,1,0,1,0,466,0,100,1,20,15,2,3,4,8,15,7,9,0,0,4,3,18,100,100,100,100,11,1,1789073653.024000,G1,T01,Web_prova,1,unknown
223533,1,1,1,475,461,27,100,1,19,14,3,3,3,12,27,24,13,0,0,4,3,18,100,100,100,100,11,1,1789073653.224000,G1,T01,Web_prova,1,unknown
223733,1,0,1,0,465,0,100,1,19,14,4,2,1,10,15,8,5,0,0,4,3,18,100,100,100,100,11,1,1789073653.424000,G1,T01,Web_prova,1,unknown
223933,1,1,1,421,456,40,100,1,16,14,3,1,3,35,40,8,8,0,0,4,3,19,100,100,100,100,12,1,1789073653.624000,G1,T01,Web_prova,1,unknown
224133,1,1,1,420,450,48,100,1,16,14,3,2,8,43,48,6,10,0,0,4,3,19,100,100,100,100,12,1,1789073653.824000,G1,T01,Web_prova,1,unknown
224333,1,1,1,379,450,17,100,1,16,13,5,3,8,17,10,5,10,0,0,4,3,19,100,100,100,100,12,1,1789073654.024000,G1,T01,Web_prova,1,unknown
224533,1,1,1,418,447,33,100,1,19,14,5,4,9,31,33,13,2,0,0,5,3,19,100,100,100,100,11,1,1789073654.224000,G1,T01,Web_prova,1,unknown
224733,1,1,1,441,447,27,100,1,13,9,5,4,2,21,27,18,10,0,0,5,4,19,100,100,100,100,10,1,1789073654.424000,G1,T01,Web_prova,1,unknown
224933,1,0,1,0,445,0,100,1,16,12,5,3,2,9,5,15,14,0,0,5,4,19,100,100,100,100,10,1,1789073654.624000,G1,T01,Web_prova,1,unknown
225133,1,1,1,397,443,32,100,1,20,13,3,3,11,32,27,8,7,0,0,5,4,20,100,100,100,100,10,1,1789073654.824000,G1,T01,Web_prova,1,unknown
225333,1,0,1,0,440,0,100,1,16,14,4,4,6,5,16,33,26,0,0,5,4,19,100,100,100,100,10,1,1789073655.024000,G1,T01,Web_prova,1,unknown
225533,1,1,1,537,444,17,100,1,19,14,2,3,5,6,6,17,12,0,0,5,4,19,100,100,100,100,11,1,1789073655.224000,G1,T01,Web_prova,1,unknown
225733,1,1,1,525,450,16,100,1,17,14,2,2,2,12,12,16,12,0,0,5,4,18,100,100,100,100,11,1,1789073655.424000,G1,T01,Web_prova,1,unknown
225933,1,1,1,428,448,39,100,1,18,12,3,2,7,34,39,22,26,0,0,5,4,19,100,100,100,100,11,1,1789073655.624000,G1,T01,Web_prova,1,unknown
226133,1,1,1,407,448,22,100,1,21,14,3,1,6,22,21,6,4,0,0,5,4,18,100,100,100,100,11,1,1789073655.824000,G1,T01,Web_prova,1,unknown
226333,1,1,1,433,440,28,100,1,15,12,3,3,10,25,28,20,20,0,0,5,4,19,100,100,100,100,11,1,1789073656.024000,G1,T01,Web_prova,1,unknown
226533,1,1,1,406,440,19,100,1,16,13,4,2,3,19,17,18,13,0,0,5,4,19,100,100,100,100,11,1,1789073656.224000,G1,T01,Web_prova,1,unknown
226733,1,1,1,401,441,26,100,1,19,14,4,3,6,26,23,9,7,0,0,5,3,20,100,100,100,100,12,1,1789073656.424000,G1,T01,Web_prova,1,unknown
226933,1,0,1,0,440,0,100,1,13,12,3,3,7,11,16,22,14,0,0,5,3,20,100,100,100,96,12,1,1789073656.624000,G1,T01,Web_prova,1,unknown
227133,1,1,1,396,435,54,100,1,17,14,5,4,7,54,41,17,17,0,0,5,4,21,100,100,100,99,12,1,1789073656.824000,G1,T01,Web_prova,1,unknown
227333,1,0,1,0,435,0,100,1,16,9,5,4,2,6,9,6,12,0,0,6,4,21,100,100,100,100,11,1,1789073657.024000,G1,T01,Web_prova,1,unknown
227533,1,0,1,0,428,0,100,1,19,13,3,2,9,25,17,20,13,0,0,6,4,22,100,100,100,100,11,1,1789073657.224000,G1,T01,Web_prova,1,unknown
227733,1,0,1,0,424,0,100,1,21,14,4,3,5,13,11,19,4,0,0,6,4,22,100,100,100,100,11,1,1789073657.424000,G1,T01,Web_prova,1,unknown
227933,1,0,1,0,424,0,100,1,16,15,3,2,1,22,19,5,5,0,0,5,4,22,100,100,100,98,10,1,1789073657.624000,G1,T01,Web_prova,1,unknown
228133,1,0,1,0,421,0,100,1,18,14,4,1,11,49,46,13,20,0,0,5,3,22,100,100,100,100,11,1,1789073657.824000,G1,T01,Web_prova,1,unknown
228333,1,1,1,420,417,20,100,1,17,11,4,3,3,19,20,8,6,0,0,5,3,23,100,100,100,100,11,1,1789073658.024000,G1,T01,Web_prova,1,unknown
228533,1,0,1,0,420,0,100,1,17,11,4,3,9,35,33,21,16,0,0,5,4,23,100,100,100,100,12,1,1789073658.224000,G1,T01,Web_prova,1,unknown
228733,1,1,1,416,410,26,100,1,14,11,3,2,10,25,26,11,13,0,0,5,3,24,100,100,100,100,12,1,1789073658.424000,G1,T01,Web_prova,1,unknown
228933,1,1,1,425,411,25,100,1,14,10,4,2,5,24,25,19,13,0,0,5,3,24,100,100,100,100,12,1,1789073658.624000,G1,T01,Web_prova,1,unknown
229133,1,0,1,0,411,0,100,1,15,10,5,3,4,6,10,28,18,0,0,5,3,23,100,100,100,100,12,1,1789073658.824000,G1,T01,Web_prova,1,unknown
229333,1,0,1,0,410,0,100,1,15,11,2,3,8,16,15,15,13,0,0,5,3,23,100,100,100,100,11,1,1789073659.024000,G1,T01,Web_prova,1,unknown
229533,1,0,1,0,409,0,100,1,15,13,3,2,4,9,8,4,3,0,0,5,3,24,100,100,100,100,11,1,1789073659.224000,G1,T01,Web_prova,1,unknown
229733,1,1,1,516,410,21,100,1,19,14,2,2,4,13,12,21,7,0,0,5,3,25,100,100,100,100,11,1,1789073659.424000,G1,T01,Web_prova,1,unknown
229933,1,1,1,445,411,24,100,1,16,12,3,3,6,20,24,18,10,0,0,5,3,24,100,100,100,100,11,1,1789073659.624000,G1,T01,Web_prova,1,unknown
230133,1,1,1,440,410,19,100,1,19,19,4,2,5,12,19,7,4,0,0,5,3,25,100,100,100,100,11,1,1789073659.824000,G1,T01,Web_prova,1,unknown
230333,1,1,1,387,408,28,100,1,18,15,2,2,9,28,19,18,22,0,0,5,3,25,100,100,100,100,11,1,1789073660.024000,G1,T01,Web_prova,1,unknown
230533,1,0,1,0,408,0,100,1,18,15,4,3,2,13,12,3,5,0,0,4,3,24,100,100,100,100,11,1,1789073660.224000,G1,T01,Web_prova,1,unknown
230733,1,0,1,0,407,0,100,1,15,11,4,4,4,14,18,17,21,0,0,4,3,23,100,100,100,100,11,1,1789073660.424000,G1,T01,Web_prova,1,unknown
230933,1,0,1,0,406,0,100,0,17,8,4,2,4,12,12,9,14,0,0,4,3,23,100,100,100,100,11,1,1789073660.624000,G1,T01,Web_prova,1,unknown
231133,1,0,1,0,407,0,100,0,22,13,4,2,4,18,14,21,18,0,0,4,3,22,100,100,100,100,11,1,1789073660.824000,G1,T01,Web_prova,1,unknown
231333,1,0,1,0,405,0,100,0,14,12,3,1,4,7,17,25,15,0,0,4,3,23,100,100,100,100,11,1,1789073661.024000,G1,T01,Web_prova,1,unknown
231533,1,0,1,0,407,0,100,0,17,12,5,3,5,25,15,19,19,0,0,4,3,22,100,100,100,100,11,1,1789073661.224000,G1,T01,Web_prova,1,unknown
231733,1,1,1,440,408,20,100,0,18,12,4,3,2,12,20,7,8,0,0,4,3,22,100,100,100,100,11,1,1789073661.424000,G1,T01,Web_prova,1,unknown
231933,1,1,1,420,408,42,100,0,17,14,4,2,5,40,42,28,24,0,0,4,3,23,100,100,100,100,11,1,1789073661.624000,G1,T01,Web_prova,1,unknown
232133,1,0,1,0,408,0,100,0,15,10,4,3,4,10,9,11,11,0,0,4,3,22,100,100,100,100,11,1,1789073661.824000,G1,T01,Web_prova,1,unknown
232333,1,1,1,537,410,22,100,0,15,9,3,3,8,11,14,22,18,0,0,5,4,22,100,100,100,100,11,1,1789073662.024000,G1,T01,Web_prova,1,unknown
232533,1,1,1,407,408,42,100,0,15,9,3,2,6,42,39,16,15,0,0,5,3,23,100,100,100,100,11,1,1789073662.224000,G1,T01,Web_prova,1,unknown
232733,1,1,1,387,410,19,100,0,20,13,4,2,6,19,13,5,9,0,0,5,3,23,100,100,100,100,11,1,1789073662.424000,G1,T01,Web_prova,1,unknown
232933,1,1,1,399,407,28,100,0,15,11,4,2,3,28,23,9,7,0,0,4,4,23,100,100,100,100,11,1,1789073662.624000,G1,T01,Web_prova,1,unknown
233133,1,0,1,0,407,0,100,0,18,14,3,3,3,30,21,19,23,0,0,4,4,24,100,100,100,100,11,1,1789073662.824000,G1,T01,Web_prova,1,unknown
233333,1,0,1,0,407,0,100,0,14,9,4,3,1,11,9,17,13,0,0,4,4,25,100,100,100,100,11,1,1789073663.024000,G1,T01,Web_prova,1,unknown
233533,1,1,1,407,407,19,100,0,18,11,4,3,7,19,18,13,10,0,0,4,4,24,100,100,100,100,11,1,1789073663.224000,G1,T01,Web_prova,1,unknown
233733,1,0,1,0,407,0,100,0,25,16,5,3,3,18,11,24,18,0,0,5,4,24,100,100,100,99,11,1,1789073663.424000,G1,T01,Web_prova,1,unknown
233933,1,0,1,0,406,0,100,0,15,11,2,3,8,33,31,15,9,0,0,5,4,24,100,100,100,100,11,1,1789073663.624000,G1,T01,Web_prova,1,unknown
234133,1,1,1,447,406,30,100,0,14,14,3,2,1,27,30,26,29,0,0,5,4,24,100,100,100,100,11,1,1789073663.824000,G1,T01,Web_prova,1,unknown
234333,1,0,1,0,407,0,100,0,19,15,3,2,1,14,14,8,11,0,0,5,4,23,100,100,100,100,11,1,1789073664.024000,G1,T01,Web_prova,1,unknown
234533,1,1,1,534,406,23,100,0,17,14,3,3,2,9,9,23,14,0,0,5,4,23,100,100,100,98,11,1,1789073664.224000,G1,T01,Web_prova,1,unknown
234733,1,1,1,417,405,43,100,0,14,12,3,2,3,41,43,17,14,0,0,5,4,24,100,100,100,98,11,1,1789073664.424000,G1,T01,Web_prova,1,unknown
234933,1,0,1,0,406,0,100,0,19,12,3,2,11,55,46,8,11,0,0,5,4,25,100,100,100,100,11,1,1789073664.624000,G1,T01,Web_prova,1,unknown
235133,1,0,1,0,405,0,100,0,13,10,4,2,2,7,6,6,1,0,0,5,4,26,100,100,100,100,11,1,1789073664.824000,G1,T01,Web_prova,1,unknown
235333,1,0,1,0,408,0,100,0,13,11,5,2,6,11,12,18,20,0,0,6,4,26,100,100,100,100,11,1,1789073665.024000,G1,T01,Web_prova,1,unknown
235533,1,1,1,406,407,31,100,0,20,11,4,2,3,31,29,18,11,0,0,6,4,26,100,100,100,100,11,1,1789073665.224000,G1,T01,Web_prova,1,unknown
235733,1,1,1,437,407,32,100,0,23,20,5,3,3,26,32,19,10,0,0,6,4,27,100,100,100,98,11,1,1789073665.424000,G1,T01,Web_prova,1,unknown
235933,1,1,1,410,406,33,100,0,17,14,5,3,10,33,32,26,25,0,0,6,4,27,100,100,100,98,11,1,1789073665.624000,G1,T01,Web_prova,1,unknown
236133,1,0,1,0,407,0,100,0,21,17,3,2,3,11,14,9,8,0,0,6,4,26,100,100,100,100,11,1,1789073665.824000,G1,T01,Web_prova,1,unknown
236333,1,0,1,0,407,0,100,0,16,10,3,2,3,5,8,27,30,0,0,6,4,25,100,100,100,100,11,1,1789073666.024000,G1,T01,Web_prova,1,unknown
236533,1,1,1,391,408,23,100,0,15,13,3,3,5,23,16,5,9,0,0,6,4,24,100,100,100,100,11,1,1789073666.224000,G1,T01,Web_prova,1,unknown
236733,1,1,1,490,408,33,100,0,15,18,4,2,8,22,32,33,14,0,0,6,4,24,100,100,100,100,11,1,1789073666.424000,G1,T01,Web_prova,1,unknown
236933,1,1,1,400,409,33,100,0,15,12,5,3,4,33,27,12,11,0,0,6,4,25,100,100,100,99,11,1,1789073666.624000,G1,T01,Web_prova,1,unknown
237133,1,0,1,0,411,0,100,0,17,12,7,4,6,8,10,14,14,0,0,6,4,25,100,100,100,100,11,1,1789073666.824000,G1,T01,Web_prova,1,unknown
237333,1,1,1,396,419,17,100,0,18,16,4,2,4,17,13,10,9,0,0,6,4,24,100,100,100,100,11,1,1789073667.024000,G1,T01,Web_prova,1,unknown
237533,1,0,1,0,413,0,100,0,25,16,3,2,2,12,10,18,17,0,0,6,4,24,100,100,100,100,12,1,1789073667.224000,G1,T01,Web_prova,1,unknown
237733,1,0,1,0,411,0,100,0,13,9,5,3,4,20,14,12,17,0,0,6,4,24,100,100,100,100,12,1,1789073667.424000,G1,T01,Web_prova,1,unknown
237933,1,1,1,513,420,17,100,0,21,13,5,3,2,14,14,17,11,0,0,6,4,23,100,100,100,100,11,1,1789073667.624000,G1,T01,Web_prova,1,unknown
238133,1,1,1,422,420,30,100,0,19,17,3,2,9,28,30,19,13,0,0,6,4,24,100,100,100,99,11,1,1789073667.824000,G1,T01,Web_prova,1,unknown
238333,1,1,1,578,418,16,100,0,22,20,5,3,4,10,12,12,16,0,0,6,4,24,100,100,100,100,11,1,1789073668.024000,G1,T01,Web_prova,1,unknown
238533,1,1,1,461,426,16,100,1,15,10,7,5,5,13,16,14,12,0,0,6,4,23,100,100,100,100,11,1,1789073668.224000,G1,T01,Web_prova,1,unknown
238733,1,0,1,0,436,0,100,1,20,10,6,3,8,21,16,15,14,0,0,7,4,22,100,100,100,100,11,1,1789073668.424000,G1,T01,Web_prova,1,unknown
238933,1,0,1,0,450,0,100,1,21,15,6,3,5,7,11,18,15,0,0,6,3,21,100,100,100,100,11,1,1789073668.624000,G1,T01,Web_prova,1,unknown
239133,1,0,1,0,480,0,100,1,16,16,4,3,4,13,10,18,22,0,0,6,3,20,100,100,100,100,11,1,1789073668.824000,G1,T01,Web_prova,1,unknown
239333,1,1,1,404,464,40,100,1,15,15,5,3,6,40,37,20,19,0,0,6,3,20,100,100,100,100,11,1,1789073669.024000,G1,T01,Web_prova,1,unknown
239533,1,1,1,400,462,27,100,1,19,14,6,2,6,27,23,4,10,0,0,6,3,20,100,100,100,100,11,1,1789073669.224000,G1,T01,Web_prova,1,unknown
239733,1,0,1,0,462,0,100,1,24,17,4,3,11,17,14,24,20,0,0,6,3,20,100,100,100,100,11,1,1789073669.424000,G1,T01,Web_prova,1,unknown
239933,1,1,1,536,472,16,100,1,20,13,5,2,6,12,6,16,10,0,0,5,3,20,100,100,100,100,11,1,1789073669.624000,G1,T01,Web_prova,1,unknown
240133,1,1,1,387,459,20,100,1,14,11,5,3,3,20,12,6,3,0,0,5,3,20,100,100,100,97,11,1,1789073669.824000,G1,T01,Web_prova,1,unknown
240333,1,1,1,425,448,31,100,1,17,12,5,3,3,29,31,22,19,0,0,5,3,21,100,100,100,96,11,1,1789073670.024000,G1,T01,Web_prova,1,unknown
240533,1,1,1,420,440,39,100,1,14,11,3,2,9,36,39,15,13,0,0,5,3,22,100,100,100,100,12,1,1789073670.224000,G1,T01,Web_prova,1,unknown
240733,1,1,1,428,435,27,100,1,14,11,4,2,8,23,27,8,15,0,0,5,3,22,100,100,100,100,12,1,1789073670.424000,G1,T01,Web_prova,1,unknown
240933,1,1,1,438,441,38,100,1,17,15,5,3,5,30,38,23,16,0,0,5,3,21,100,100,100,100,12,1,1789073670.624000,G1,T01,Web_prova,1,unknown
241133,1,0,1,0,441,0,100,1,17,12,4,2,4,15,9,13,5,0,0,5,3,21,100,100,100,100,11,1,1789073670.824000,G1,T01,Web_prova,1,unknown
241333,1,0,1,0,441,0,100,1,17,11,4,2,5,23,22,14,12,0,0,5,3,21,100,100,100,99,11,1,1789073671.024000,G1,T01,Web_prova,1,unknown
241533,1,1,1,378,435,18,100,1,18,15,4,2,8,18,10,7,10,0,0,6,3,22,100,100,100,100,10,1,1789073671.224000,G1,T01,Web_prova,1,unknown
241733,1,0,1,0,435,0,100,1,18,15,5,4,6,8,8,2,4,0,0,5,4,21,100,100,100,100,10,1,1789073671.424000,G1,T01,Web_prova,1,unknown
241933,1,0,1,0,431,0,100,1,17,13,5,2,5,6,7,4,10,0,0,6,4,21,100,100,100,100,10,1,1789073671.624000,G1,T01,Web_prova,1,unknown
242133,1,1,1,451,437,37,100,1,14,12,4,3,4,22,37,23,9,0,0,6,3,20,100,100,100,100,11,1,1789073671.824000,G1,T01,Web_prova,1,unknown
242333,1,0,1,0,441,0,100,1,18,17,4,3,6,9,14,10,7,0,0,6,3,20,100,100,100,98,11,1,1789073672.024000,G1,T01,Web_prova,1,unknown
242533,1,0,1,0,442,0,100,1,18,15,4,1,4,4,3,12,14,0,0,6,4,20,100,100,100,99,11,1,1789073672.224000,G1,T01,Web_prova,1,unknown
242733,1,0,1,0,441,0,100,1,17,13,5,3,4,14,14,5,10,0,0,5,3,19,100,100,100,100,11,1,1789073672.424000,G1,T01,Web_prova,1,unknown
242933,1,1,1,550,438,30,100,1,17,12,3,2,7,17,17,30,27,0,0,5,4,20,100,100,100,100,11,1,1789073672.624000,G1,T01,Web_prova,1,unknown
243133,1,1,1,396,431,26,100,1,20,14,6,3,9,26,22,11,11,0,0,5,4,21,100,100,100,100,11,1,1789073672.824000,G1,T01,Web_prova,1,unknown
243333,1,1,1,469,438,31,100,1,13,10,6,2,4,19,31,27,16,0,0,5,3,20,100,100,100,100,11,1,1789073673.024000,G1,T01,Web_prova,1,unknown
243533,1,1,1,460,440,25,100,1,18,17,6,3,8,21,25,23,22,0,0,6,3,20,100,100,100,99,11,1,1789073673.224000,G1,T01,Web_prova,1,unknown
243733,1,1,1,410,439,32,100,1,17,12,8,3,4,32,31,8,6,0,0,6,4,20,100,100,100,100,11,1,1789073673.424000,G1,T01,Web_prova,1,unknown
243933,1,0,1,0,438,0,100,1,16,14,3,3,4,11,18,17,23,0,0,6,4,20,100,100,100,100,11,1,1789073673.624000,G1,T01,Web_prova,1,unknown
244133,1,0,1,0,435,0,100,1,13,11,8,3,3,5,9,12,5,0,0,6,4,20,100,100,100,100,10,1,1789073673.824000,G1,T01,Web_prova,1,unknown
244333,1,0,1,0,441,0,100,0,23,10,5,2,8,12,8,7,4,0,0,6,4,19,100,100,100,100,10,1,1789073674.024000,G1,T01,Web_prova,1,unknown
244533,1,0,1,0,442,0,100,0,16,14,6,4,5,14,15,21,16,0,0,6,4,18,100,100,100,94,11,1,1789073674.224000,G1,T01,Web_prova,1,unknown
244733,1,1,1,418,445,41,100,0,13,9,5,3,4,40,41,24,23,0,0,6,4,18,100,100,100,99,11,1,1789073674.424000,G1,T01,Web_prova,1,unknown
244933,1,1,1,438,444,18,100,0,17,10,7,3,3,15,18,13,11,0,0,6,4,18,100,100,100,100,11,1,1789073674.624000,G1,T01,Web_prova,1,unknown
245133,1,0,1,0,440,0,100,0,17,10,6,3,7,15,16,18,17,0,0,6,4,18,100,100,100,100,12,1,1789073674.824000,G1,T01,Web_prova,1,unknown
245333,1,1,1,435,443,27,100,0,18,13,7,3,5,24,27,19,15,0,0,6,4,18,100,100,100,100,12,1,1789073675.024000,G1,T01,Web_prova,1,unknown
245533,1,1,1,432,448,50,100,0,14,13,4,4,9,43,50,29,16,0,0,6,4,18,100,100,100,99,11,1,1789073675.224000,G1,T01,Web_prova,1,unknown
245733,1,1,1,401,449,29,100,0,14,12,5,2,3,29,25,19,20,0,0,6,4,18,100,100,100,99,12,1,1789073675.424000,G1,T01,Web_prova,1,unknown
245933,1,1,1,406,442,20,100,0,15,12,2,2,8,20,19,3,2,0,0,6,4,20,100,100,100,100,11,1,1789073675.624000,G1,T01,Web_prova,1,unknown
246133,1,0,1,0,439,0,100,0,21,13,4,3,7,25,17,25,29,0,0,6,4,20,100,100,100,100,11,1,1789073675.824000,G1,T01,Web_prova,1,unknown
246333,1,0,1,0,428,0,100,0,19,16,2,3,8,26,24,8,2,0,0,6,4,20,100,100,100,100,11,1,1789073676.024000,G1,T01,Web_prova,1,unknown
246533,1,1,1,416,428,19,100,0,23,19,4,3,4,19,19,7,9,0,0,6,4,21,100,100,100,96,11,1,1789073676.224000,G1,T01,Web_prova,1,unknown
246733,1,0,1,0,425,0,100,0,13,14,5,3,4,7,8,15,14,0,0,6,4,21,100,100,100,92,11,1,1789073676.424000,G1,T01,Web_prova,1,unknown
246933,1,1,1,411,425,25,100,0,18,14,4,3,2,25,25,21,19,0,0,6,4,21,100,100,100,100,11,1,1789073676.624000,G1,T01,Web_prova,1,unknown
247133,1,1,1,393,434,19,100,0,17,13,2,3,4,19,14,8,11,0,0,6,4,20,100,100,100,100,11,1,1789073676.824000,G1,T01,Web_prova,1,unknown
247333,1,0,1,0,433,0,100,0,17,15,5,4,2,18,18,31,28,0,0,6,4,20,100,100,100,100,11,1,1789073677.024000,G1,T01,Web_prova,1,unknown
247533,1,1,1,551,440,18,100,0,16,10,4,2,4,14,13,18,17,0,0,6,4,20,100,100,100,100,11,1,1789073677.224000,G1,T01,Web_prova,1,unknown
247733,1,1,1,469,443,23,100,0,25,15,4,3,3,14,23,20,12,0,0,5,4,19,100,100,100,100,11,1,1789073677.424000,G1,T01,Web_prova,1,unknown
247933,1,0,1,0,447,0,100,0,13,18,3,2,2,19,21,19,23,0,0,5,4,20,100,100,100,100,11,1,1789073677.624000,G1,T01,Web_prova,1,unknown
248133,1,1,1,392,447,24,100,0,13,9,4,2,7,24,18,3,9,0,0,5,4,20,100,100,100,100,11,1,1789073677.824000,G1,T01,Web_prova,1,unknown
248333,1,1,1,522,441,20,100,0,16,13,5,2,3,19,15,20,14,0,0,5,4,20,100,100,100,100,11,1,1789073678.024000,G1,T01,Web_prova,1,unknown
248533,1,1,1,488,456,18,100,0,18,12,3,1,4,12,18,18,3,0,0,5,4,20,100,100,100,100,11,1,1789073678.224000,G1,T01,Web_prova,1,unknown
248733,1,1,1,410,444,35,100,0,17,12,6,3,4,35,34,17,11,0,0,5,4,21,100,100,100,100,11,1,1789073678.424000,G1,T01,Web_prova,1,unknown
248933,1,0,1,0,469,0,100,0,15,11,5,3,4,8,18,32,24,0,0,5,4,20,100,100,100,100,11,1,1789073678.624000,G1,T01,Web_prova,1,unknown
249133,1,0,1,0,508,0,100,0,21,13,7,3,7,16,21,14,6,0,0,5,4,21,100,100,100,100,11,1,1789073678.824000,G1,T01,Web_prova,1,unknown
249333,1,0,1,0,511,0,100,0,13,12,6,2,2,15,15,7,10,0,0,5,4,21,100,100,100,100,11,1,1789073679.024000,G1,T01,Web_prova,1,unknown
249533,1,0,1,0,516,0,100,0,17,14,5,3,5,23,17,23,17,0,0,5,4,20,100,100,100,100,11,1,1789073679.224000,G1,T01,Web_prova,1,unknown
249733,1,1,1,529,523,19,100,0,16,8,7,4,1,5,12,19,14,0,0,5,4,20,100,100,100,100,11,1,1789073679.424000,G1,T01,Web_prova,1,unknown
249933,1,1,1,433,525,28,100,1,24,15,6,3,7,25,28,21,17,0,0,4,4,19,100,100,100,100,11,1,1789073679.624000,G1,T01,Web_prova,1,unknown
250133,1,0,1,0,524,0,100,1,21,17,5,2,9,10,5,21,25,0,0,4,4,20,100,100,100,100,11,1,1789073679.824000,G1,T01,Web_prova,1,unknown
250333,1,0,1,0,530,0,100,1,15,9,5,2,5,5,8,8,2,0,0,4,4,19,100,100,100,100,11,1,1789073680.024000,G1,T01,Web_prova,1,unknown
250533,1,0,1,0,539,0,100,1,18,12,6,3,10,24,22,21,24,0,0,4,4,19,100,100,100,100,11,1,1789073680.224000,G1,T01,Web_prova,1,unknown
250733,1,1,1,390,536,19,100,1,14,12,5,3,1,19,12,12,7,0,0,4,4,19,100,100,100,100,11,1,1789073680.424000,G1,T01,Web_prova,1,unknown
250933,1,1,1,403,530,40,100,1,21,12,4,3,10,40,36,8,4,0,0,5,4,20,100,100,100,100,11,1,1789073680.624000,G1,T01,Web_prova,1,unknown
251133,1,1,1,437,519,19,100,1,15,11,5,4,5,17,19,15,15,0,0,5,4,20,100,100,100,100,11,1,1789073680.824000,G1,T01,Web_prova,1,unknown
251333,1,1,1,410,519,35,100,1,13,12,4,3,3,35,34,21,16,0,0,5,4,20,100,100,100,100,11,1,1789073681.024000,G1,T01,Web_prova,1,unknown
251533,1,1,1,423,511,41,100,1,20,15,3,2,11,36,41,14,17,0,0,5,4,21,100,100,100,100,11,1,1789073681.224000,G1,T01,Web_prova,1,unknown
251733,1,1,1,444,507,46,100,1,13,10,8,4,4,35,46,30,18,0,0,5,4,21,100,100,100,100,11,1,1789073681.424000,G1,T01,Web_prova,1,unknown
251933,1,0,1,0,513,0,100,1,17,8,7,3,6,10,10,20,15,0,0,5,4,21,100,100,100,100,11,1,1789073681.624000,G1,T01,Web_prova,1,unknown
252133,1,1,1,526,514,19,100,1,15,11,7,3,8,9,15,19,16,0,0,5,4,20,100,100,100,100,11,1,1789073681.824000,G1,T01,Web_prova,1,unknown
252333,1,1,1,545,513,26,100,1,14,7,6,2,4,15,19,26,24,0,0,6,4,20,100,100,100,100,11,1,1789073682.024000,G1,T01,Web_prova,1,unknown
252533,1,1,1,418,507,23,100,1,20,11,8,4,7,21,23,4,7,0,0,6,4,20,100,100,100,100,11,1,1789073682.224000,G1,T01,Web_prova,1,unknown
252733,1,0,1,0,523,0,100,1,17,15,5,3,6,6,5,19,21,0,0,6,4,18,100,100,100,100,11,1,1789073682.424000,G1,T01,Web_prova,1,unknown
252933,1,1,1,423,485,22,100,1,14,9,4,2,3,21,22,13,16,0,0,6,4,19,100,100,100,100,11,1,1789073682.624000,G1,T01,Web_prova,1,unknown
253133,1,0,1,0,458,0,100,1,13,10,3,3,4,5,7,12,6,0,0,6,4,20,100,100,100,100,11,1,1789073682.824000,G1,T01,Web_prova,1,unknown
253333,1,1,1,431,442,36,100,1,16,12,5,4,9,33,36,26,17,0,0,6,4,19,100,100,100,100,11,1,1789073683.024000,G1,T01,Web_prova,1,unknown
253533,1,1,1,410,450,23,100,1,18,14,3,4,5,23,23,17,23,0,0,6,4,20,100,100,100,100,11,1,1789073683.224000,G1,T01,Web_prova,1,unknown
253733,1,1,1,424,438,60,100,1,13,9,2,3,8,52,60,17,15,0,0,7,4,20,100,100,100,100,11,1,1789073683.424000,G1,T01,Web_prova,1,unknown
253933,1,1,1,522,438,30,100,1,19,14,3,4,1,14,20,30,19,0,0,7,4,19,100,100,100,100,11,1,1789073683.624000,G1,T01,Web_prova,1,unknown
254133,1,1,1,391,441,20,100,1,15,13,3,2,6,20,15,14,8,0,0,7,4,20,100,100,100,100,11,1,1789073683.824000,G1,T01,Web_prova,1,unknown
254333,1,1,1,437,440,53,100,1,16,15,6,4,7,41,53,29,18,0,0,7,4,20,100,100,100,100,12,1,1789073684.024000,G1,T01,Web_prova,1,unknown
254533,1,1,1,392,434,30,100,1,17,11,2,2,9,30,23,15,18,0,0,7,4,21,100,100,100,100,12,1,1789073684.224000,G1,T01,Web_prova,1,unknown
254733,1,1,1,409,434,37,100,1,15,9,4,3,3,37,36,12,6,0,0,7,4,21,100,100,100,100,12,1,1789073684.424000,G1,T01,Web_prova,1,unknown
254933,1,0,1,0,436,0,100,1,16,15,4,2,4,10,1,15,20,0,0,7,4,20,100,100,100,100,11,1,1789073684.624000,G1,T01,Web_prova,1,unknown
255133,1,0,1,0,440,0,100,1,15,9,3,2,5,12,8,12,13,0,0,7,4,20,100,100,100,100,11,1,1789073684.824000,G1,T01,Web_prova,1,unknown
255333,1,1,1,441,441,36,100,1,13,17,3,3,2,27,36,22,10,0,0,7,4,20,100,100,100,100,10,1,1789073685.024000,G1,T01,Web_prova,1,unknown
255533,1,1,1,420,440,41,100,1,14,10,5,3,8,38,41,15,8,0,0,7,4,20,100,100,100,100,10,1,1789073685.224000,G1,T01,Web_prova,1,unknown
255733,1,1,1,553,445,22,100,1,20,13,3,2,3,5,4,22,19,0,0,7,4,19,100,100,100,100,11,1,1789073685.424000,G1,T01,Web_prova,1,unknown
255933,1,1,1,408,437,35,100,1,18,15,5,3,5,35,33,10,7,0,0,7,4,20,100,100,100,100,11,1,1789073685.624000,G1,T01,Web_prova,1,unknown
256133,1,1,1,534,441,25,100,1,14,10,4,2,3,20,14,25,19,0,0,6,4,20,100,100,100,100,11,1,1789073685.824000,G1,T01,Web_prova,1,unknown
256333,1,1,1,431,441,40,100,1,16,11,5,3,9,34,40,25,9,0,0,6,4,20,100,100,100,100,11,1,1789073686.024000,G1,T01,Web_prova,1,unknown
256533,1,0,1,0,447,0,100,1,18,9,7,2,7,9,12,3,3,0,0,6,4,21,100,100,100,100,11,1,1789073686.224000,G1,T01,Web_prova,1,unknown
256733,1,1,1,462,446,19,100,1,14,9,7,2,4,14,19,16,14,0,0,6,4,21,100,100,100,100,11,1,1789073686.424000,G1,T01,Web_prova,1,unknown
256933,1,1,1,427,453,21,100,1,16,16,7,2,6,17,21,4,9,0,0,6,4,20,100,100,100,100,12,1,1789073686.624000,G1,T01,Web_prova,1,unknown
257133,1,1,1,432,450,23,100,1,15,9,6,1,3,16,23,4,9,0,0,6,4,19,100,100,100,100,12,1,1789073686.824000,G1,T01,Web_prova,1,unknown
257333,1,0,1,0,458,0,100,1,14,10,5,2,6,11,14,14,13,0,0,6,4,17,100,100,100,100,12,1,1789073687.024000,G1,T01,Web_prova,1,unknown
257533,1,1,1,447,461,62,100,1,16,16,5,3,6,40,62,36,19,0,0,5,4,16,100,100,100,99,11,1,1789073687.224000,G1,T01,Web_prova,1,unknown
257733,1,1,1,443,483,20,100,1,14,10,6,3,4,14,20,12,12,0,0,5,4,15,100,100,100,99,11,1,1789073687.424000,G1,T01,Web_prova,1,unknown
257933,1,1,1,443,479,30,100,1,14,10,6,3,4,15,30,9,12,0,0,5,4,15,100,100,100,100,11,1,1789073687.624000,G1,T01,Web_prova,1,unknown
258133,1,1,1,578,489,22,100,1,15,9,6,4,3,10,13,17,22,0,0,5,4,15,97,100,100,100,10,1,1789073687.824000,G1,T01,Web_prova,1,unknown
258333,1,1,1,455,497,34,100,1,23,15,6,2,4,16,34,20,21,0,0,5,4,13,92,100,100,100,11,1,1789073688.024000,G1,T01,Web_prova,1,unknown
258533,1,1,1,475,498,28,100,1,19,17,7,4,4,7,28,24,7,0,0,5,4,12,87,100,100,100,11,1,1789073688.224000,G1,T01,Web_prova,1,unknown
258733,1,1,1,516,499,18,100,1,25,16,7,4,4,7,15,18,13,0,0,5,4,11,82,100,100,100,11,1,1789073688.424000,G1,T01,Web_prova,1,unknown
258933,1,1,1,505,504,42,100,1,15,12,3,3,4,15,35,42,17,0,0,5,4,10,82,100,100,100,11,1,1789073688.624000,G1,T01,Web_prova,1,unknown
259133,1,1,1,465,501,34,100,1,22,14,3,2,5,17,34,27,20,0,0,5,4,10,84,100,100,100,11,1,1789073688.824000,G1,T01,Web_prova,1,unknown
259333,1,0,1,0,498,0,100,1,14,10,4,2,4,12,13,7,6,0,0,5,4,9,82,100,100,100,11,1,1789073689.024000,G1,T01,Web_prova,1,unknown
259533,1,0,1,0,500,0,100,1,19,14,6,1,3,5,6,11,13,0,0,5,4,8,77,100,100,100,11,1,1789073689.224000,G1,T01,Web_prova,1,unknown
259733,1,0,1,0,495,0,100,1,16,15,2,2,3,13,24,19,15,0,0,5,4,8,77,100,100,100,11,1,1789073689.424000,G1,T01,Web_prova,1,unknown
259933,1,1,1,455,500,30,100,1,16,12,3,2,5,15,30,19,4,0,0,5,4,7,70,100,100,100,11,1,1789073689.624000,G1,T01,Web_prova,1,unknown
260133,1,1,1,527,499,36,100,1,18,11,4,3,4,8,25,36,26,0,0,5,3,6,68,100,100,100,11,1,1789073689.824000,G1,T01,Web_prova,1,unknown
260333,1,1,1,523,504,55,100,1,17,12,8,3,5,14,41,55,40,0,0,5,4,6,65,100,100,100,11,1,1789073690.024000,G1,T01,Web_prova,1,unknown
260533,1,0,1,0,506,0,100,1,15,11,6,4,5,7,8,17,17,0,0,5,4,5,63,100,100,100,11,1,1789073690.224000,G1,T01,Web_prova,1,unknown
260733,1,1,1,508,510,23,100,1,13,12,7,2,4,11,23,23,22,0,0,5,3,4,61,100,100,100,11,1,1789073690.424000,G1,T01,Web_prova,1,unknown
260933,1,0,1,0,508,0,100,1,18,16,6,2,5,2,15,12,2,0,0,5,4,4,60,100,100,100,11,1,1789073690.624000,G1,T01,Web_prova,1,unknown
261133,1,1,1,460,506,23,100,1,17,12,6,3,4,11,23,17,9,0,0,5,3,4,60,100,100,100,11,1,1789073690.824000,G1,T01,Web_prova,1,unknown
261333,1,1,1,458,503,24,100,1,20,15,7,3,4,12,24,16,15,0,0,5,3,4,63,100,100,100,11,1,1789073691.024000,G1,T01,Web_prova,1,unknown
261533,1,1,1,477,496,25,100,1,17,13,4,2,3,11,25,23,18,0,0,5,3,4,66,100,100,100,11,1,1789073691.224000,G1,T01,Web_prova,1,unknown
261733,1,0,1,0,493,0,100,1,16,11,8,2,4,3,6,7,10,0,0,6,3,4,66,100,100,100,11,1,1789073691.424000,G1,T01,Web_prova,1,unknown
261933,1,1,1,518,488,37,100,0,13,10,6,3,5,15,30,37,27,0,0,6,3,4,68,100,100,100,12,1,1789073691.624000,G1,T01,Web_prova,1,unknown
262133,1,1,1,495,486,26,100,0,23,19,6,2,3,11,24,26,12,0,0,5,3,4,69,100,100,100,12,1,1789073691.824000,G1,T01,Web_prova,1,unknown
262333,1,1,1,436,486,34,100,0,15,13,7,2,5,21,34,6,3,0,0,5,3,4,72,100,100,100,11,1,1789073692.024000,G1,T01,Web_prova,1,unknown
262533,1,0,1,0,492,0,100,0,15,11,6,2,5,5,12,7,4,0,0,6,4,4,72,100,100,100,11,1,1789073692.224000,G1,T01,Web_prova,1,unknown
262733,1,1,1,567,489,23,100,0,13,11,6,2,5,10,15,22,23,0,0,5,4,4,73,100,100,100,11,1,1789073692.424000,G1,T01,Web_prova,1,unknown
262933,1,1,1,448,482,26,100,0,15,9,5,3,5,13,26,12,12,0,0,5,4,4,73,100,100,100,11,1,1789073692.624000,G1,T01,Web_prova,1,unknown
263133,1,1,1,440,484,20,100,0,15,11,6,3,4,12,20,5,5,0,0,5,4,4,71,100,100,100,11,1,1789073692.824000,G1,T01,Web_prova,1,unknown
263333,1,1,1,461,489,16,100,0,13,13,7,3,3,11,16,14,13,0,0,5,4,4,70,100,100,100,11,1,1789073693.024000,G1,T01,Web_prova,1,unknown
263533,1,1,1,519,499,29,100,0,20,13,6,3,5,15,18,29,14,0,0,6,4,4,69,100,100,100,11,1,1789073693.224000,G1,T01,Web_prova,1,unknown
263733,1,1,1,581,491,28,100,0,13,11,7,2,5,12,20,22,28,0,0,5,4,4,70,100,100,100,11,1,1789073693.424000,G1,T01,Web_prova,1,unknown
263933,1,0,1,0,491,0,100,0,13,9,4,2,2,9,19,9,2,0,0,6,4,4,70,100,100,100,11,1,1789073693.624000,G1,T01,Web_prova,1,unknown
264133,1,0,1,0,485,0,100,0,13,13,8,3,4,3,12,11,12,0,0,5,4,4,71,100,100,100,11,1,1789073693.824000,G1,T01,Web_prova,1,unknown
264333,1,0,1,0,486,0,100,0,16,10,7,3,4,5,8,10,9,0,0,6,4,4,71,100,100,100,11,1,1789073694.024000,G1,T01,Web_prova,1,unknown
264533,1,1,1,505,493,40,100,0,15,10,5,3,3,9,33,40,16,0,0,6,4,4,69,100,100,100,11,1,1789073694.224000,G1,T01,Web_prova,1,unknown
264733,1,1,1,467,492,29,100,0,17,14,5,4,5,10,29,22,12,0,0,6,4,4,73,100,100,100,11,1,1789073694.424000,G1,T01,Web_prova,1,unknown
264933,1,1,1,534,494,26,100,0,17,14,6,3,4,3,13,26,19,0,0,6,4,4,73,100,100,100,11,1,1789073694.624000,G1,T01,Web_prova,1,unknown
265133,1,0,1,0,491,0,100,0,16,15,7,3,4,16,28,7,10,0,0,6,4,4,71,100,100,100,11,1,1789073694.824000,G1,T01,Web_prova,1,unknown
265333,1,0,1,0,497,0,100,0,17,16,6,4,5,15,36,30,19,0,0,6,4,4,69,100,100,100,11,1,1789073695.024000,G1,T01,Web_prova,1,unknown
265533,1,1,1,442,503,24,100,0,13,11,7,2,4,13,24,8,6,0,0,6,4,4,67,100,100,100,11,1,1789073695.224000,G1,T01,Web_prova,1,unknown
265733,1,1,1,517,502,44,100,0,16,12,6,3,4,3,26,44,18,0,0,6,4,4,68,100,100,100,11,1,1789073695.424000,G1,T01,Web_prova,1,unknown
265933,1,1,1,469,504,26,100,0,17,11,5,2,4,12,26,22,15,0,0,6,4,4,66,100,100,100,11,1,1789073695.624000,G1,T01,Web_prova,1,unknown
266133,1,0,1,0,499,0,100,0,20,14,6,2,4,5,16,11,2,0,0,6,4,4,66,100,100,100,11,1,1789073695.824000,G1,T01,Web_prova,1,unknown
266333,1,0,1,0,500,0,100,0,14,10,6,2,4,6,8,11,17,0,0,6,4,3,65,100,100,100,11,1,1789073696.024000,G1,T01,Web_prova,1,unknown
266533,1,0,1,0,502,0,100,0,18,18,7,2,4,9,10,30,36,0,0,5,4,3,64,100,100,100,11,1,1789073696.224000,G1,T01,Web_prova,1,unknown
266733,1,1,1,517,508,43,100,0,17,10,6,3,4,7,27,43,20,0,0,6,4,3,61,100,100,100,11,1,1789073696.424000,G1,T01,Web_prova,1,unknown
266933,1,0,1,0,507,0,100,0,14,13,5,2,4,5,14,11,9,0,0,5,4,3,60,100,100,100,11,1,1789073696.624000,G1,T01,Web_prova,1,unknown
267133,1,1,1,440,505,28,100,0,14,9,6,2,3,16,28,7,13,0,0,5,4,3,60,100,100,100,11,1,1789073696.824000,G1,T01,Web_prova,1,unknown
267333,1,1,1,528,508,25,100,0,17,15,6,4,5,8,14,25,16,0,0,5,4,3,59,100,100,100,11,1,1789073697.024000,G1,T01,Web_prova,1,unknown
267533,1,1,1,584,500,28,100,0,14,10,5,3,4,20,28,20,28,0,0,5,4,3,61,100,100,100,11,1,1789073697.224000,G1,T01,Web_prova,1,unknown
267733,1,1,1,452,504,51,100,0,17,13,6,4,5,23,51,27,17,0,0,5,4,3,62,100,100,100,11,1,1789073697.424000,G1,T01,Web_prova,1,unknown
267933,1,1,1,503,505,26,100,0,18,14,7,3,4,9,22,26,11,0,0,5,4,3,62,100,100,100,11,1,1789073697.624000,G1,T01,Web_prova,1,unknown
268133,1,1,1,444,505,27,100,0,13,10,5,3,4,16,27,11,11,0,0,5,4,3,63,100,100,100,11,1,1789073697.824000,G1,T01,Web_prova,1,unknown
268333,1,0,1,0,507,0,100,0,18,13,7,1,4,4,9,8,9,0,0,5,4,3,62,100,100,100,11,1,1789073698.024000,G1,T01,Web_prova,1,unknown
268533,1,0,1,0,506,0,100,0,14,9,5,2,5,3,10,8,9,0,0,5,4,3,59,100,100,100,11,1,1789073698.224000,G1,T01,Web_prova,1,unknown
268733,1,1,1,537,508,29,100,0,13,9,5,3,3,4,18,29,23,0,0,5,4,3,55,100,100,100,11,1,1789073698.424000,G1,T01,Web_prova,1,unknown
268933,1,1,1,489,508,33,100,0,25,13,5,2,3,12,32,33,11,0,0,5,4,3,56,100,100,100,11,1,1789073698.624000,G1,T01,Web_prova,1,unknown
269133,1,1,1,447,506,32,100,0,17,12,7,4,4,13,32,10,15,0,0,5,4,3,57,100,100,100,11,1,1789073698.824000,G1,T01,Web_prova,1,unknown
269333,1,0,1,0,507,0,100,0,16,11,6,3,4,10,12,13,5,0,0,5,4,3,56,100,100,100,11,1,1789073699.024000,G1,T01,Web_prova,1,unknown
269533,1,1,1,544,512,25,100,1,13,7,7,2,4,5,8,25,19,0,0,5,4,3,54,100,100,100,11,1,1789073699.224000,G1,T01,Web_prova,1,unknown
269733,1,1,1,438,516,25,100,1,15,11,5,3,4,13,25,3,14,0,0,5,4,3,56,100,100,100,11,1,1789073699.424000,G1,T01,Web_prova,1,unknown
269933,1,1,1,536,517,34,100,1,14,11,5,2,5,2,11,34,22,0,0,5,4,3,55,100,100,100,11,1,1789073699.624000,G1,T01,Web_prova,1,unknown
270133,1,1,1,443,516,25,100,1,14,11,6,3,4,11,25,5,12,0,0,5,3,3,55,100,100,100,11,1,1789073699.824000,G1,T01,Web_prova,1,unknown
270333,1,1,1,522,519,35,100,1,16,12,5,5,5,12,21,35,19,0,0,5,4,3,53,100,100,100,11,1,1789073700.024000,G1,T01,Web_prova,1,unknown
270533,1,1,1,467,515,37,100,1,16,11,6,3,5,14,37,29,22,0,0,5,4,3,55,100,100,100,12,1,1789073700.224000,G1,T01,Web_prova,1,unknown
270733,1,0,1,0,510,0,100,1,16,11,6,2,5,6,5,11,8,0,0,5,4,3,57,100,100,100,12,1,1789073700.424000,G1,T01,Web_prova,1,unknown
270933,1,1,1,448,511,30,100,1,17,14,4,4,4,12,30,10,6,0,0,5,4,4,59,100,100,100,12,1,1789073700.624000,G1,T01,Web_prova,1,unknown
271133,1,1,1,447,514,23,100,1,16,13,5,3,4,10,23,8,9,0,0,5,4,4,58,100,100,100,12,1,1789073700.824000,G1,T01,Web_prova,1,unknown
271333,1,0,1,0,512,0,100,1,16,14,7,4,5,19,19,16,8,0,0,6,4,4,59,100,100,100,10,1,1789073701.024000,G1,T01,Web_prova,1,unknown
271533,1,1,1,452,512,33,100,1,15,11,7,2,3,14,33,17,10,0,0,6,4,3,58,100,100,100,11,1,1789073701.224000,G1,T01,Web_prova,1,unknown
271733,1,1,1,473,512,22,100,1,13,12,5,4,4,8,22,19,19,0,0,6,4,3,56,100,100,100,10,1,1789073701.424000,G1,T01,Web_prova,1,unknown
271933,1,1,1,444,514,28,100,1,20,11,7,2,4,14,28,8,7,0,0,5,4,4,56,100,100,100,11,1,1789073701.624000,G1,T01,Web_prova,1,unknown
272133,1,1,1,557,517,28,100,1,16,8,7,4,5,2,6,28,27,0,0,5,4,4,54,100,100,100,11,1,1789073701.824000,G1,T01,Web_prova,1,unknown
272333,1,1,1,536,513,17,100,1,17,13,7,3,4,7,14,17,16,0,0,5,4,4,53,100,100,100,11,1,1789073702.024000,G1,T01,Web_prova,1,unknown
272533,1,0,1,0,513,0,100,1,17,11,6,2,3,2,10,15,10,0,0,5,4,4,55,100,100,100,12,1,1789073702.224000,G1,T01,Web_prova,1,unknown
272733,1,0,1,0,510,0,100,1,21,15,5,2,4,6,13,5,1,0,0,5,4,3,56,100,100,100,12,1,1789073702.424000,G1,T01,Web_prova,1,unknown
272933,1,1,1,460,511,19,100,1,16,12,4,2,4,14,19,16,17,0,0,5,4,3,56,100,100,100,12,1,1789073702.624000,G1,T01,Web_prova,1,unknown
273133,1,0,1,0,515,0,100,1,18,12,6,3,5,9,14,9,6,0,0,5,4,3,54,100,100,100,11,1,1789073702.824000,G1,T01,Web_prova,1,unknown
273333,1,0,1,0,510,0,100,1,15,13,6,3,4,11,21,15,26,0,0,5,4,3,55,100,100,100,11,1,1789073703.024000,G1,T01,Web_prova,1,unknown
273533,1,1,1,491,502,44,100,0,21,11,7,3,4,12,42,44,18,0,0,5,4,3,56,100,100,100,11,1,1789073703.224000,G1,T01,Web_prova,1,unknown
273733,1,1,1,454,494,36,100,0,19,15,7,3,4,13,36,19,5,0,0,5,4,3,56,100,100,100,11,1,1789073703.424000,G1,T01,Web_prova,1,unknown
273933,1,0,1,0,499,0,100,0,14,15,6,1,3,4,14,10,11,0,0,5,4,3,55,100,100,100,11,1,1789073703.624000,G1,T01,Web_prova,1,unknown
274133,1,1,1,448,500,22,100,0,15,11,5,4,5,12,22,12,22,0,0,5,4,3,54,100,100,100,11,1,1789073703.824000,G1,T01,Web_prova,1,unknown
274333,1,1,1,471,499,27,100,0,16,12,6,2,4,10,27,23,11,0,0,5,4,3,54,100,100,100,10,1,1789073704.024000,G1,T01,Web_prova,1,unknown
274533,1,1,1,551,506,30,100,0,14,15,7,2,3,11,17,30,28,0,0,5,4,3,52,100,100,100,11,1,1789073704.224000,G1,T01,Web_prova,1,unknown
274733,1,1,1,473,507,32,100,0,14,11,6,3,4,11,32,27,17,0,0,5,4,3,50,100,100,100,11,1,1789073704.424000,G1,T01,Web_prova,1,unknown
274933,1,1,1,511,510,20,100,0,20,17,8,2,3,2,16,20,12,0,0,5,4,3,49,100,100,100,11,1,1789073704.624000,G1,T01,Web_prova,1,unknown
275133,1,0,1,0,509,0,100,0,16,15,7,2,5,11,13,9,4,0,0,5,4,3,51,100,100,100,11,1,1789073704.824000,G1,T01,Web_prova,1,unknown
275333,1,1,1,448,500,27,100,0,17,11,4,3,5,12,27,10,10,0,0,5,4,3,53,100,100,100,12,1,1789073705.024000,G1,T01,Web_prova,1,unknown
275533,1,1,1,445,495,39,100,0,17,10,6,2,4,19,39,12,10,0,0,5,4,3,56,100,100,100,12,1,1789073705.224000,G1,T01,Web_prova,1,unknown
275733,1,1,1,445,500,31,100,0,14,13,5,4,4,13,31,8,9,0,0,5,4,3,56,100,100,100,12,1,1789073705.424000,G1,T01,Web_prova,1,unknown
275933,1,1,1,469,492,60,100,0,17,10,6,2,5,18,60,47,6,0,0,5,4,3,58,100,100,100,11,1,1789073705.624000,G1,T01,Web_prova,1,unknown
276133,1,1,1,457,492,41,100,0,15,10,8,3,4,17,41,26,12,0,0,5,4,3,59,100,100,100,11,1,1789073705.824000,G1,T01,Web_prova,1,unknown
276333,1,1,1,455,483,60,100,0,14,12,6,3,4,23,60,33,31,0,0,5,4,3,63,100,100,100,11,1,1789073706.024000,G1,T01,Web_prova,1,unknown
276533,1,0,1,0,483,0,100,0,13,13,7,2,4,21,48,29,13,0,0,5,4,3,65,100,100,100,11,1,1789073706.224000,G1,T01,Web_prova,1,unknown
276733,1,1,1,551,483,41,100,0,15,14,5,3,3,6,18,41,38,0,0,5,4,3,67,100,100,100,11,1,1789073706.424000,G1,T01,Web_prova,1,unknown
276933,1,1,1,503,484,33,100,0,22,17,5,4,4,8,28,33,16,0,0,6,4,3,67,100,100,100,11,1,1789073706.624000,G1,T01,Web_prova,1,unknown
277133,1,1,1,448,483,35,100,0,16,13,5,4,4,17,35,16,16,0,0,6,4,3,69,100,100,100,11,1,1789073706.824000,G1,T01,Web_prova,1,unknown
277333,1,0,1,0,486,0,100,0,18,9,6,3,4,8,14,13,6,0,0,6,4,3,69,100,100,100,11,1,1789073707.024000,G1,T01,Web_prova,1,unknown
277533,1,1,1,455,482,63,100,0,20,17,6,2,3,30,63,38,17,0,0,6,4,4,73,100,100,100,11,1,1789073707.224000,G1,T01,Web_prova,1,unknown
277733,1,1,1,446,481,33,100,0,17,11,5,2,3,15,33,12,8,0,0,6,4,4,72,100,100,100,11,1,1789073707.424000,G1,T01,Web_prova,1,unknown
277933,1,1,1,497,478,37,100,0,17,10,6,3,5,16,35,37,24,0,0,6,4,4,73,100,100,100,11,1,1789073707.624000,G1,T01,Web_prova,1,unknown
278133,1,1,1,482,481,26,100,0,16,12,6,2,4,11,26,25,11,0,0,6,4,4,73,100,100,100,11,1,1789073707.824000,G1,T01,Web_prova,1,unknown
278333,1,1,1,446,479,25,100,0,15,13,7,2,4,12,25,9,15,0,0,6,4,3,73,100,100,100,11,1,1789073708.024000,G1,T01,Web_prova,1,unknown
278533,1,1,1,525,481,31,100,0,19,14,6,3,5,5,20,31,21,0,0,6,4,3,72,100,100,100,11,1,1789073708.224000,G1,T01,Web_prova,1,unknown
278733,1,1,1,483,485,34,100,0,14,12,6,3,4,13,34,33,26,0,0,6,4,3,73,100,100,100,11,1,1789073708.424000,G1,T01,Web_prova,1,unknown
278933,1,1,1,447,489,23,100,0,14,12,7,3,5,9,23,7,14,0,0,6,4,3,73,100,100,100,11,1,1789073708.624000,G1,T01,Web_prova,1,unknown
279133,1,0,1,0,495,0,100,1,16,10,5,2,4,10,10,25,26,0,0,6,4,3,71,100,100,100,11,1,1789073708.824000,G1,T01,Web_prova,1,unknown
279333,1,1,1,526,503,35,100,1,14,11,7,3,4,9,23,35,24,0,0,6,3,3,68,100,100,100,11,1,1789073709.024000,G1,T01,Web_prova,1,unknown
279533,1,1,1,467,505,36,100,1,15,12,7,2,4,6,36,25,3,0,0,6,3,3,67,100,100,100,11,1,1789073709.224000,G1,T01,Web_prova,1,unknown
279733,1,1,1,457,506,18,100,1,14,8,6,4,5,8,18,12,11,0,0,6,3,3,67,100,100,100,11,1,1789073709.424000,G1,T01,Web_prova,1,unknown
279933,1,1,1,547,505,21,100,1,22,14,6,3,4,7,4,21,17,0,0,6,4,3,65,100,100,100,11,1,1789073709.624000,G1,T01,Web_prova,1,unknown
280133,1,1,1,453,500,49,100,1,18,17,6,2,3,19,49,25,12,0,0,6,3,3,66,100,100,100,11,1,1789073709.824000,G1,T01,Web_prova,1,unknown
280333,1,1,1,450,507,34,100,1,16,11,6,3,4,19,34,19,9,0,0,6,4,3,65,100,100,100,11,1,1789073710.024000,G1,T01,Web_prova,1,unknown
280533,1,1,1,503,504,32,100,1,16,11,7,3,4,5,27,32,14,0,0,6,4,3,63,100,100,100,11,1,1789073710.224000,G1,T01,Web_prova,1,unknown
280733,1,1,1,514,508,16,100,1,14,12,6,2,4,8,14,16,13,0,0,6,3,3,59,100,100,100,11,1,1789073710.424000,G1,T01,Web_prova,1,unknown
280933,1,1,1,595,510,19,100,1,19,12,4,3,4,10,18,7,19,0,0,5,4,3,59,100,100,100,11,1,1789073710.624000,G1,T01,Web_prova,1,unknown
281133,1,1,1,464,517,16,100,1,22,13,4,2,4,4,16,11,6,0,0,5,3,3,57,100,100,100,11,1,1789073710.824000,G1,T01,Web_prova,1,unknown
281333,1,1,1,463,519,29,100,1,19,12,2,2,4,14,29,22,20,0,0,5,3,3,56,100,100,100,11,1,1789073711.024000,G1,T01,Web_prova,1,unknown
281533,1,1,1,504,523,36,100,1,15,15,3,3,3,9,30,36,13,0,0,5,3,3,51,100,100,100,11,1,1789073711.224000,G1,T01,Web_prova,1,unknown
281733,1,1,1,511,524,32,100,1,31,12,4,3,5,7,25,32,16,0,0,5,3,3,48,100,100,100,11,1,1789073711.424000,G1,T01,Web_prova,1,unknown
281933,1,1,1,469,525,34,100,1,13,12,3,3,4,7,34,25,4,0,0,5,3,3,48,100,100,100,11,1,1789073711.624000,G1,T01,Web_prova,1,unknown
282133,1,0,1,0,524,0,100,1,13,8,5,2,5,4,11,16,19,0,0,5,3,3,50,100,100,100,11,1,1789073711.824000,G1,T01,Web_prova,1,unknown
282333,1,0,1,0,524,0,100,1,17,13,6,2,4,12,28,19,12,0,0,5,3,3,51,100,100,100,11,1,1789073712.024000,G1,T01,Web_prova,1,unknown
282533,1,1,1,457,520,35,100,1,26,16,5,1,4,15,35,22,4,0,0,5,3,3,52,100,100,100,11,1,1789073712.224000,G1,T01,Web_prova,1,unknown
282733,1,1,1,450,514,33,100,1,14,12,5,3,4,20,33,20,9,0,0,5,3,3,52,100,100,100,11,1,1789073712.424000,G1,T01,Web_prova,1,unknown
282933,1,0,1,0,508,0,100,1,21,14,6,2,3,5,8,6,6,0,0,5,4,3,49,100,100,100,11,1,1789073712.624000,G1,T01,Web_prova,1,unknown
283133,1,1,1,514,507,24,100,1,14,7,7,4,5,6,17,24,11,0,0,5,4,3,49,100,100,100,11,1,1789073712.824000,G1,T01,Web_prova,1,unknown
283333,1,1,1,482,506,32,100,1,21,15,7,2,3,9,32,31,17,0,0,5,4,3,49,100,100,100,11,1,1789073713.024000,G1,T01,Web_prova,1,unknown
283533,1,1,1,543,510,28,100,1,19,23,7,3,3,7,13,28,23,0,0,5,4,3,47,100,100,100,11,1,1789073713.224000,G1,T01,Web_prova,1,unknown
283733,1,1,1,468,506,36,100,1,15,12,5,2,4,12,36,28,9,0,0,5,3,3,47,100,100,100,11,1,1789073713.424000,G1,T01,Web_prova,1,unknown
283933,1,1,1,452,513,21,100,1,16,12,6,3,4,10,21,12,8,0,0,5,4,3,45,100,100,100,11,1,1789073713.624000,G1,T01,Web_prova,1,unknown
284133,1,1,1,449,516,17,100,1,17,11,7,3,4,10,17,9,8,0,0,5,4,3,44,100,100,100,11,1,1789073713.824000,G1,T01,Web_prova,1,unknown
284333,1,0,1,0,517,0,100,1,18,14,6,2,3,8,11,14,19,0,0,6,4,3,41,100,100,100,12,1,1789073714.024000,G1,T01,Web_prova,1,unknown
284533,1,1,1,450,520,28,100,1,17,11,5,2,5,12,28,13,7,0,0,6,4,3,41,100,100,100,12,1,1789073714.224000,G1,T01,Web_prova,1,unknown
284733,1,0,1,0,522,0,100,1,18,14,4,2,5,4,8,20,20,0,0,6,4,4,42,100,100,100,12,1,1789073714.424000,G1,T01,Web_prova,1,unknown
284933,1,1,1,594,517,21,100,0,17,10,6,3,4,8,19,10,21,0,0,5,4,3,42,100,100,100,12,1,1789073714.624000,G1,T01,Web_prova,1,unknown
285133,1,0,1,0,510,0,100,0,16,12,5,3,4,6,14,9,2,0,0,5,4,3,42,100,100,100,11,1,1789073714.824000,G1,T01,Web_prova,1,unknown
285333,1,1,1,499,505,48,100,0,17,13,6,3,4,15,44,48,23,0,0,5,4,3,44,100,100,100,11,1,1789073715.024000,G1,T01,Web_prova,1,unknown
285533,1,1,1,549,494,29,100,0,13,7,6,3,4,5,10,29,25,0,0,5,4,3,46,100,100,100,10,1,1789073715.224000,G1,T01,Web_prova,1,unknown
285733,1,1,1,480,485,22,100,0,16,10,5,3,3,8,22,21,19,0,0,5,4,3,47,100,100,100,11,1,1789073715.424000,G1,T01,Web_prova,1,unknown
285933,1,0,1,0,483,0,100,0,14,17,5,3,5,7,18,9,5,0,0,4,4,3,47,100,100,100,11,1,1789073715.624000,G1,T01,Web_prova,1,unknown
286133,1,1,1,452,497,18,100,0,16,13,5,3,4,10,18,11,13,0,0,4,4,3,44,100,100,100,11,1,1789073715.824000,G1,T01,Web_prova,1,unknown
286333,1,1,1,465,499,29,100,0,16,15,6,3,4,9,29,21,6,0,0,4,4,3,44,100,100,100,11,1,1789073716.024000,G1,T01,Web_prova,1,unknown
286533,1,1,1,542,496,19,100,0,23,17,6,3,6,5,14,19,17,0,0,4,4,3,44,100,100,100,11,1,1789073716.224000,G1,T01,Web_prova,1,unknown
286733,1,1,1,458,502,27,100,0,17,10,5,1,5,13,27,18,7,0,0,4,4,3,43,100,100,100,11,1,1789073716.424000,G1,T01,Web_prova,1,unknown
286933,1,1,1,447,503,28,100,0,15,16,6,2,5,12,28,10,9,0,0,5,4,3,45,100,100,100,12,1,1789073716.624000,G1,T01,Web_prova,1,unknown
287133,1,1,1,502,498,32,100,0,18,14,5,2,4,12,29,32,20,0,0,4,4,3,46,100,100,100,12,1,1789073716.824000,G1,T01,Web_prova,1,unknown
287333,1,1,1,456,493,21,100,0,17,15,4,3,4,11,21,14,15,0,0,4,4,3,45,100,100,100,12,1,1789073717.024000,G1,T01,Web_prova,1,unknown
287533,1,1,1,480,490,23,100,0,17,12,4,2,5,7,23,21,8,0,0,4,4,3,44,100,100,100,12,1,1789073717.224000,G1,T01,Web_prova,1,unknown
287733,1,1,1,466,498,42,100,0,20,13,5,3,6,9,42,29,13,0,0,4,4,3,43,100,100,100,11,1,1789073717.424000,G1,T01,Web_prova,1,unknown
287933,1,0,1,0,492,0,100,0,19,15,4,2,4,2,11,16,16,0,0,4,4,3,43,100,100,100,11,1,1789073717.624000,G1,T01,Web_prova,1,unknown
288133,1,1,1,526,500,18,100,0,20,16,5,3,4,7,16,18,16,0,0,4,4,3,41,100,100,100,10,1,1789073717.824000,G1,T01,Web_prova,1,unknown
288333,1,1,1,471,499,36,100,0,19,19,4,2,4,5,36,28,7,0,0,4,4,3,42,100,100,100,10,1,1789073718.024000,G1,T01,Web_prova,1,unknown
288533,1,1,1,479,505,17,100,0,20,17,4,3,4,5,17,16,5,0,0,4,4,3,39,100,100,100,11,1,1789073718.224000,G1,T01,Web_prova,1,unknown
288733,1,1,1,483,501,24,100,0,25,13,4,2,5,4,24,23,5,0,0,4,4,3,37,100,100,100,11,1,1789073718.424000,G1,T01,Web_prova,1,unknown
288933,1,1,1,461,499,26,100,0,13,10,5,3,5,8,26,16,11,0,0,4,4,3,37,100,100,98,12,1,1789073718.624000,G1,T01,Web_prova,1,unknown
289133,1,0,1,0,500,0,100,0,19,17,6,3,4,6,7,5,2,0,0,4,4,3,35,100,100,96,12,1,1789073718.824000,G1,T01,Web_prova,1,unknown
289333,1,1,1,483,500,44,100,0,18,13,5,3,4,9,44,43,10,0,0,4,4,3,34,100,100,94,11,1,1789073719.024000,G1,T01,Web_prova,1,unknown
289533,1,1,1,514,503,21,100,0,15,10,6,4,5,8,14,21,10,0,0,4,4,3,31,100,100,87,12,1,1789073719.224000,G1,T01,Web_prova,1,unknown
289733,1,1,1,480,503,36,100,0,14,13,5,1,3,2,36,33,7,0,0,4,4,3,30,100,100,78,11,1,1789073719.424000,G1,T01,Web_prova,1,unknown
289933,1,1,1,513,507,17,100,0,21,13,6,3,5,5,13,17,10,0,0,5,4,3,28,100,100,79,11,1,1789073719.624000,G1,T01,Web_prova,1,unknown
290133,1,0,1,0,509,0,100,0,17,13,5,3,5,9,12,9,9,0,0,5,4,3,28,100,100,84,11,1,1789073719.824000,G1,T01,Web_prova,1,unknown
290333,1,1,1,468,508,49,100,0,15,12,4,2,4,11,49,37,1,0,0,5,4,3,28,100,100,84,11,1,1789073720.024000,G1,T01,Web_prova,1,unknown
290533,1,1,1,496,509,52,100,0,14,12,6,3,5,6,46,52,11,0,0,5,4,3,27,100,100,83,11,1,1789073720.224000,G1,T01,Web_prova,1,unknown
290733,1,0,1,0,508,0,100,0,20,17,5,2,4,7,12,11,7,0,0,5,4,3,25,100,100,79,11,1,1789073720.424000,G1,T01,Web_prova,1,unknown
290933,1,1,1,568,508,27,100,0,19,15,5,2,5,1,13,25,27,0,0,4,4,3,24,100,100,78,11,1,1789073720.624000,G1,T01,Web_prova,1,unknown
291133,1,1,1,499,510,19,100,0,17,11,5,1,5,3,17,19,8,0,0,5,4,3,23,100,100,83,11,1,1789073720.824000,G1,T01,Web_prova,1,unknown
291333,1,1,1,507,513,27,100,1,18,18,7,2,5,8,23,27,16,0,0,5,4,3,22,100,100,90,11,1,1789073721.024000,G1,T01,Web_prova,1,unknown
291533,1,1,1,570,513,21,100,1,16,14,4,2,4,5,19,20,21,0,0,5,4,3,22,100,100,92,11,1,1789073721.224000,G1,T01,Web_prova,1,unknown
291733,1,1,1,482,513,21,100,1,21,19,4,3,5,7,21,20,3,0,0,4,4,3,21,100,100,92,11,1,1789073721.424000,G1,T01,Web_prova,1,unknown
291933,1,1,1,498,512,67,100,1,13,10,4,2,4,8,58,67,12,0,0,4,4,3,22,100,100,93,12,1,1789073721.624000,G1,T01,Web_prova,1,unknown
292133,1,1,1,469,510,24,100,1,17,14,5,1,4,4,24,18,11,0,0,4,4,3,22,100,100,90,12,1,1789073721.824000,G1,T01,Web_prova,1,unknown
292333,1,1,1,498,511,31,100,1,19,13,4,3,6,7,27,31,9,0,0,4,4,3,22,100,100,88,11,1,1789073722.024000,G1,T01,Web_prova,1,unknown
292533,1,1,1,526,511,42,100,1,18,16,6,3,4,5,18,42,21,0,0,4,4,3,22,100,100,89,11,1,1789073722.224000,G1,T01,Web_prova,1,unknown
292733,1,1,1,481,510,30,100,1,19,11,7,4,4,11,30,28,6,0,0,4,4,3,23,100,100,92,11,1,1789073722.424000,G1,T01,Web_prova,1,unknown
292933,1,0,1,0,510,0,100,1,13,10,4,2,4,4,15,13,12,0,0,4,4,3,22,100,100,91,11,1,1789073722.624000,G1,T01,Web_prova,1,unknown
293133,1,1,1,588,510,25,100,1,25,17,4,1,5,4,7,13,25,0,0,4,4,3,22,100,100,94,11,1,1789073722.824000,G1,T01,Web_prova,1,unknown
293333,1,1,1,552,513,16,100,1,13,9,5,1,4,1,5,16,15,0,0,4,4,3,21,100,100,100,11,1,1789073723.024000,G1,T01,Web_prova,1,unknown
293533,1,1,1,567,514,19,100,1,16,14,5,3,5,3,10,18,19,0,0,4,4,3,21,100,100,100,11,1,1789073723.224000,G1,T01,Web_prova,1,unknown
293733,1,1,1,517,516,54,100,1,21,15,3,2,5,5,36,54,26,0,0,4,4,3,21,100,100,100,11,1,1789073723.424000,G1,T01,Web_prova,1,unknown
293933,1,1,1,492,516,39,100,1,14,13,5,2,4,6,37,39,7,0,0,4,4,3,21,100,100,100,11,1,1789073723.624000,G1,T01,Web_prova,1,unknown
294133,1,1,1,485,515,19,100,1,18,12,4,2,4,6,19,18,2,0,0,4,4,3,21,100,100,100,11,1,1789073723.824000,G1,T01,Web_prova,1,unknown
294333,1,1,1,516,515,17,100,1,14,12,4,3,5,9,12,17,9,0,0,4,4,3,20,100,100,100,11,1,1789073724.024000,G1,T01,Web_prova,1,unknown
294533,1,1,1,498,515,40,100,1,14,11,5,4,5,7,35,40,11,0,0,4,4,3,20,100,100,100,11,1,1789073724.224000,G1,T01,Web_prova,1,unknown
294733,1,0,1,0,516,0,100,1,14,15,4,3,4,1,6,11,4,0,0,4,4,3,19,100,100,100,11,1,1789073724.424000,G1,T01,Web_prova,1,unknown
294933,1,1,1,508,515,61,100,1,17,15,4,2,4,1,45,61,17,0,0,4,4,3,20,100,100,100,11,1,1789073724.624000,G1,T01,Web_prova,1,unknown
295133,1,1,1,532,515,28,100,0,15,11,4,2,4,5,16,28,20,0,0,4,4,3,19,100,100,100,11,1,1789073724.824000,G1,T01,Web_prova,1,unknown
295333,1,1,1,495,512,26,100,0,19,12,4,2,5,1,24,26,9,0,0,4,4,3,20,100,100,97,11,1,1789073725.024000,G1,T01,Web_prova,1,unknown
295533,1,0,1,0,511,0,100,0,14,14,3,3,5,5,11,12,8,0,0,4,4,3,19,100,100,95,11,1,1789073725.224000,G1,T01,Web_prova,1,unknown
295733,1,1,1,525,511,24,100,0,13,9,3,2,4,6,15,24,15,0,0,4,4,3,19,100,100,94,11,1,1789073725.424000,G1,T01,Web_prova,1,unknown
295933,1,1,1,499,514,31,100,0,15,13,5,4,6,8,28,31,18,0,0,4,4,3,18,100,100,99,11,1,1789073725.624000,G1,T01,Web_prova,1,unknown
296133,1,1,1,526,514,41,100,0,14,12,4,3,5,8,20,41,21,0,0,4,4,3,18,100,100,100,11,1,1789073725.824000,G1,T01,Web_prova,1,unknown
296333,1,1,1,536,513,40,100,0,20,13,3,2,4,9,14,40,27,0,0,4,4,3,19,100,100,100,11,1,1789073726.024000,G1,T01,Web_prova,1,unknown
296533,1,0,1,0,515,0,100,0,17,11,4,4,5,6,7,12,15,0,0,4,4,3,19,100,100,100,11,1,1789073726.224000,G1,T01,Web_prova,1,unknown
296733,1,1,1,476,516,16,100,0,17,13,4,3,5,5,16,14,6,0,0,4,4,3,19,100,100,100,11,1,1789073726.424000,G1,T01,Web_prova,1,unknown
296933,1,1,1,498,517,25,100,0,20,19,4,4,5,7,22,25,6,0,0,4,4,3,19,100,100,100,11,1,1789073726.624000,G1,T01,Web_prova,1,unknown
297133,1,0,1,0,516,0,100,0,16,10,4,4,5,8,11,7,10,0,0,4,3,3,20,100,100,100,11,1,1789073726.824000,G1,T01,Web_prova,1,unknown
297333,1,1,1,459,513,30,100,0,15,12,5,4,5,8,30,17,17,0,0,4,3,3,20,100,100,100,11,1,1789073727.024000,G1,T01,Web_prova,1,unknown
297533,1,1,1,481,513,17,100,0,13,11,4,2,4,7,17,16,15,0,0,4,3,3,21,100,100,100,11,1,1789073727.224000,G1,T01,Web_prova,1,unknown
297733,1,0,1,0,512,0,100,0,16,16,4,3,5,5,10,11,5,0,0,4,4,3,20,100,100,100,11,1,1789073727.424000,G1,T01,Web_prova,1,unknown
297933,1,1,1,541,512,27,100,0,14,13,3,2,4,6,11,27,21,0,0,5,4,3,20,100,100,100,11,1,1789073727.624000,G1,T01,Web_prova,1,unknown
298133,1,1,1,497,512,43,100,0,17,14,4,3,6,9,38,43,10,0,0,4,4,3,21,100,100,100,11,1,1789073727.824000,G1,T01,Web_prova,1,unknown
298333,1,0,1,0,513,0,100,0,15,10,4,2,5,6,10,15,10,0,0,5,4,3,20,100,100,100,11,1,1789073728.024000,G1,T01,Web_prova,1,unknown
298533,1,1,1,498,515,24,100,0,14,12,4,4,6,7,21,24,6,0,0,5,4,3,19,100,100,100,11,1,1789073728.224000,G1,T01,Web_prova,1,unknown
298733,1,1,1,468,516,23,100,0,15,11,3,4,6,7,23,18,11,0,0,5,4,3,20,100,100,100,11,1,1789073728.424000,G1,T01,Web_prova,1,unknown
298933,1,1,1,533,517,21,100,0,16,12,4,2,5,6,13,21,16,0,0,5,4,3,19,100,100,100,11,1,1789073728.624000,G1,T01,Web_prova,1,unknown
299133,1,0,1,0,516,0,100,0,15,15,3,3,5,4,13,12,11,0,0,5,4,3,19,100,100,100,11,1,1789073728.824000,G1,T01,Web_prova,1,unknown
299333,1,1,1,502,517,38,100,0,16,12,3,2,5,2,32,38,13,0,0,5,4,3,18,100,100,100,11,1,1789073729.024000,G1,T01,Web_prova,1,unknown
299533,1,0,1,0,518,0,100,0,17,12,2,1,4,6,9,9,10,0,0,5,4,3,19,100,100,100,11,1,1789073729.224000,G1,T01,Web_prova,1,unknown
299733,1,0,1,0,516,0,100,0,17,13,5,3,5,1,22,13,1,0,0,5,4,3,19,100,100,100,11,1,1789073729.424000,G1,T01,Web_prova,1,unknown
299933,1,1,1,453,513,17,100,0,15,11,4,3,6,7,17,9,4,0,0,5,4,3,20,100,100,100,11,1,1789073729.624000,G1,T01,Web_prova,1,unknown
300133,1,1,1,561,514,23,100,0,13,10,5,4,5,3,13,23,23,0,0,5,4,3,20,100,100,100,11,1,1789073729.824000,G1,T01,Web_prova,1,unknown
300333,1,1,1,595,516,20,100,0,16,13,2,1,4,3,10,10,20,0,0,5,4,3,18,100,100,100,11,1,1789073730.024000,G1,T01,Web_prova,1,unknown
300533,1,1,1,500,513,21,100,0,25,17,1,3,5,6,18,21,8,0,0,5,4,3,18,100,100,100,11,1,1789073730.224000,G1,T01,Web_prova,1,unknown
300733,1,1,1,505,510,32,100,0,17,12,3,2,5,8,27,32,14,0,0,5,4,3,18,100,100,100,11,1,1789073730.424000,G1,T01,Web_prova,1,unknown
300933,1,1,1,465,513,17,100,0,15,13,4,3,5,6,17,13,8,0,0,5,4,3,18,100,100,100,12,1,1789073730.624000,G1,T01,Web_prova,1,unknown
301133,1,0,1,0,515,0,100,0,14,13,4,3,5,7,13,6,13,0,0,5,4,3,18,100,100,100,12,1,1789073730.824000,G1,T01,Web_prova,1,unknown
301333,1,1,1,499,517,16,100,0,23,18,4,4,5,7,13,16,2,0,0,5,4,3,17,100,100,100,12,1,1789073731.024000,G1,T01,Web_prova,1,unknown
301533,1,1,1,497,517,30,100,0,19,12,3,1,4,9,27,30,12,0,0,5,4,3,16,100,100,100,11,1,1789073731.224000,G1,T01,Web_prova,1,unknown
301733,1,0,1,0,516,0,100,0,18,11,3,3,6,2,24,21,4,0,0,5,4,3,16,100,100,100,11,1,1789073731.424000,G1,T01,Web_prova,1,unknown
301933,1,0,1,0,513,0,100,0,13,10,5,2,5,3,7,16,21,0,0,5,4,3,17,100,100,100,11,1,1789073731.624000,G1,T01,Web_prova,1,unknown
302133,1,0,1,0,516,0,100,0,13,10,4,2,5,1,9,11,1,0,0,5,4,3,16,100,100,100,11,1,1789073731.824000,G1,T01,Web_prova,1,unknown
302333,1,1,1,571,518,16,100,0,18,14,5,3,6,4,5,15,16,0,0,5,4,3,16,100,100,100,11,1,1789073732.024000,G1,T01,Web_prova,1,unknown
302533,1,1,1,517,518,30,100,0,23,13,3,4,6,8,20,30,15,0,0,5,4,3,16,100,100,100,11,1,1789073732.224000,G1,T01,Web_prova,1,unknown
302733,1,1,1,515,517,56,100,0,13,12,4,4,5,2,38,56,23,0,0,5,4,3,16,100,100,100,11,1,1789073732.424000,G1,T01,Web_prova,1,unknown
302933,1,1,1,506,515,31,100,0,16,11,4,3,5,7,23,31,8,0,0,5,3,3,16,100,100,100,12,1,1789073732.624000,G1,T01,Web_prova,1,unknown
303133,1,1,1,535,515,19,100,0,15,11,2,2,5,7,13,5,19,0,0,5,4,3,16,100,100,100,12,1,1789073732.824000,G1,T01,Web_prova,1,unknown
303333,1,1,1,503,517,20,100,0,16,15,3,3,5,7,17,20,9,0,0,5,4,3,17,100,100,100,12,1,1789073733.024000,G1,T01,Web_prova,1,unknown
303533,1,1,1,474,516,20,100,0,15,10,4,2,4,1,20,16,8,0,0,5,4,3,17,100,100,100,11,1,1789073733.224000,G1,T01,Web_prova,1,unknown
303733,1,1,1,470,519,16,100,0,19,12,4,3,5,3,16,12,8,0,0,5,3,3,16,100,100,100,11,1,1789073733.424000,G1,T01,Web_prova,1,unknown
303933,1,1,1,465,518,20,100,0,17,10,4,3,5,6,20,15,17,0,0,5,3,3,15,100,100,100,12,1,1789073733.624000,G1,T01,Web_prova,1,unknown
304133,1,1,1,523,516,21,100,0,19,17,4,3,6,6,13,21,12,0,0,5,3,3,16,100,100,100,12,1,1789073733.824000,G1,T01,Web_prova,1,unknown
304333,1,0,1,0,513,0,100,0,16,13,3,2,5,3,11,15,2,0,0,5,3,3,17,100,100,100,11,1,1789073734.024000,G1,T01,Web_prova,1,unknown
304533,1,1,1,467,509,19,100,0,15,13,3,2,5,1,19,13,9,0,0,5,4,3,18,100,100,100,11,1,1789073734.224000,G1,T01,Web_prova,1,unknown
304733,1,1,1,542,508,17,100,0,15,12,3,3,4,7,14,17,16,0,0,5,4,3,17,100,100,100,11,1,1789073734.424000,G1,T01,Web_prova,1,unknown
304933,1,1,1,500,505,30,100,0,24,17,3,3,6,4,25,30,6,0,0,5,4,3,17,100,100,100,11,1,1789073734.624000,G1,T01,Web_prova,1,unknown
305133,1,0,1,0,502,0,100,0,13,9,2,4,5,6,11,3,9,0,0,4,3,3,18,100,100,100,11,1,1789073734.824000,G1,T01,Web_prova,1,unknown
305333,1,1,1,473,498,16,100,0,17,16,3,3,6,4,16,13,3,0,0,5,3,3,18,100,100,100,11,1,1789073735.024000,G1,T01,Web_prova,1,unknown
305533,1,1,1,493,508,22,100,0,14,13,3,3,5,9,21,22,10,0,0,5,3,3,18,100,100,100,11,1,1789073735.224000,G1,T01,Web_prova,1,unknown
305733,1,1,1,523,519,18,100,0,14,10,4,3,4,3,12,18,11,0,0,5,3,3,17,100,100,100,12,1,1789073735.424000,G1,T01,Web_prova,1,unknown
305933,1,1,1,501,516,42,100,0,19,11,2,2,5,11,35,42,8,0,0,5,3,3,17,100,100,100,12,1,1789073735.624000,G1,T01,Web_prova,1,unknown
306133,1,1,1,516,516,29,100,1,13,10,2,2,5,4,20,29,15,0,0,5,3,3,17,100,100,100,11,1,1789073735.824000,G1,T01,Web_prova,1,unknown
306333,1,0,1,0,517,0,100,1,21,10,2,2,5,6,9,9,4,0,0,4,3,3,17,100,100,100,11,1,1789073736.024000,G1,T01,Web_prova,1,unknown
306533,1,0,1,0,512,0,100,1,20,13,3,2,6,4,7,12,11,0,0,4,3,3,17,100,100,100,11,1,1789073736.224000,G1,T01,Web_prova,1,unknown
306733,1,1,1,485,510,22,100,1,13,10,2,2,5,10,22,22,8,0,0,4,3,3,18,100,100,100,11,1,1789073736.424000,G1,T01,Web_prova,1,unknown
306933,1,1,1,521,512,20,100,1,17,14,2,2,5,3,14,20,13,0,0,4,3,3,18,100,100,100,11,1,1789073736.624000,G1,T01,Web_prova,1,unknown
307133,1,1,1,516,515,21,100,1,13,10,2,2,5,9,15,21,11,0,0,4,3,3,19,100,100,100,11,1,1789073736.824000,G1,T01,Web_prova,1,unknown
307333,1,1,1,469,509,23,100,1,23,14,3,2,5,4,23,17,12,0,0,4,3,3,19,100,100,100,11,1,1789073737.024000,G1,T01,Web_prova,1,unknown
307533,1,1,1,471,512,17,100,1,17,11,3,2,5,5,17,13,12,0,0,4,3,3,18,100,100,100,11,1,1789073737.224000,G1,T01,Web_prova,1,unknown
307733,1,1,1,520,515,43,100,1,14,11,3,4,5,9,28,43,24,0,0,4,3,3,18,100,100,100,11,1,1789073737.424000,G1,T01,Web_prova,1,unknown
307933,1,1,1,484,517,26,100,1,21,16,3,2,5,7,26,25,9,0,0,5,3,3,18,100,100,100,11,1,1789073737.624000,G1,T01,Web_prova,1,unknown
308133,1,1,1,527,519,41,100,1,15,14,3,3,5,4,20,41,23,0,0,5,3,3,18,100,100,100,11,1,1789073737.824000,G1,T01,Web_prova,1,unknown
308333,1,0,1,0,519,0,100,1,17,12,3,3,7,3,19,12,18,0,0,4,3,3,17,100,100,100,11,1,1789073738.024000,G1,T01,Web_prova,1,unknown
308533,1,1,1,477,521,56,100,1,13,11,3,4,6,11,56,49,28,0,0,4,3,3,16,100,100,100,11,1,1789073738.224000,G1,T01,Web_prova,1,unknown
308733,1,0,1,0,520,0,100,1,19,11,3,2,5,8,14,9,15,0,0,5,3,3,17,100,100,100,11,1,1789073738.424000,G1,T01,Web_prova,1,unknown
308933,1,0,1,0,520,0,100,1,14,6,3,2,5,6,5,11,1,0,0,5,3,3,18,100,100,100,11,1,1789073738.624000,G1,T01,Web_prova,1,unknown
309133,1,0,1,0,522,0,100,1,14,13,4,3,5,6,9,7,1,0,0,5,3,3,18,100,100,100,11,1,1789073738.824000,G1,T01,Web_prova,1,unknown
309333,1,1,1,473,520,26,100,1,17,11,3,2,5,6,26,22,22,0,0,5,3,3,18,100,100,100,11,1,1789073739.024000,G1,T01,Web_prova,1,unknown
309533,1,0,1,0,520,0,100,1,17,13,2,3,6,8,24,24,23,0,0,5,3,3,18,100,100,100,11,1,1789073739.224000,G1,T01,Web_prova,1,unknown
309733,1,1,1,467,515,31,100,1,17,14,2,2,5,4,31,21,13,0,0,4,4,3,19,100,100,100,11,1,1789073739.424000,G1,T01,Web_prova,1,unknown
309933,1,1,1,469,514,19,100,1,13,14,4,3,6,5,19,15,5,0,0,5,4,3,19,100,100,100,11,1,1789073739.624000,G1,T01,Web_prova,1,unknown
310133,1,0,1,0,510,0,100,1,14,13,2,3,5,5,6,6,12,0,0,5,4,4,20,100,100,100,11,1,1789073739.824000,G1,T01,Web_prova,1,unknown
310333,1,1,1,539,509,28,100,1,15,11,3,3,7,8,15,28,22,0,0,5,4,4,20,100,100,100,11,1,1789073740.024000,G1,T01,Web_prova,1,unknown
310533,1,1,1,519,512,33,100,1,20,17,2,2,6,9,20,33,16,0,0,5,4,3,19,100,100,100,11,1,1789073740.224000,G1,T01,Web_prova,1,unknown
310733,1,1,1,514,512,31,100,1,16,10,4,4,6,3,23,31,16,0,0,5,4,4,19,100,100,100,11,1,1789073740.424000,G1,T01,Web_prova,1,unknown
310933,1,1,1,480,512,29,100,1,20,15,4,5,6,7,29,27,5,0,0,5,4,4,19,100,100,100,11,1,1789073740.624000,G1,T01,Web_prova,1,unknown
311133,1,1,1,459,506,19,100,1,13,10,3,3,6,1,19,9,14,0,0,5,4,4,19,100,100,100,11,1,1789073740.824000,G1,T01,Web_prova,1,unknown
311333,1,1,1,468,508,27,100,1,18,13,4,3,6,4,27,20,10,0,0,5,4,4,20,100,100,100,11,1,1789073741.024000,G1,T01,Web_prova,1,unknown
311533,1,1,1,464,507,19,100,0,16,10,2,2,6,9,19,15,10,0,0,5,4,4,21,100,100,100,11,1,1789073741.224000,G1,T01,Web_prova,1,unknown
311733,1,0,1,0,509,0,100,0,15,13,2,3,6,10,14,13,14,0,0,5,4,4,21,100,100,100,11,1,1789073741.424000,G1,T01,Web_prova,1,unknown
311933,1,1,1,513,508,29,100,0,16,14,2,3,6,9,20,29,12,0,0,5,4,4,21,100,100,100,11,1,1789073741.624000,G1,T01,Web_prova,1,unknown
312133,1,1,1,491,505,22,100,0,18,12,3,4,6,7,21,22,10,0,0,5,4,3,21,100,100,100,11,1,1789073741.824000,G1,T01,Web_prova,1,unknown
312333,1,1,1,475,499,29,100,0,16,13,4,3,5,5,29,25,8,0,0,5,4,3,22,100,100,100,11,1,1789073742.024000,G1,T01,Web_prova,1,unknown
312533,1,1,1,512,500,57,100,0,13,18,4,3,6,5,42,57,28,0,0,5,4,3,22,100,100,100,11,1,1789073742.224000,G1,T01,Web_prova,1,unknown
312733,1,1,1,585,502,16,100,0,16,13,2,3,5,7,4,10,16,0,0,5,4,3,22,100,100,100,11,1,1789073742.424000,G1,T01,Web_prova,1,unknown
