timestamp_ms,radar_presence,moving_target,stationary_target,moving_distance_cm,stationary_distance_cm,moving_energy,stationary_energy,pir_presence,menergy_gate0,menergy_gate1,menergy_gate2,menergy_gate3,menergy_gate4,menergy_gate5,menergy_gate6,menergy_gate7,menergy_gate8,senergy_gate0,senergy_gate1,senergy_gate2,senergy_gate3,senergy_gate4,senergy_gate5,senergy_gate6,senergy_gate7,senergy_gate8,light_level,out_level,pc_time_s,group_id,trial_id,scenario,ground_truth_presence,ground_truth_state
5784101,1,0,1,0,93,0,100,1,14,12,6,14,9,8,2,3,1,0,0,100,100,66,25,17,9,8,0,1,1788050557.3396282,G1,T02,angolo_120,1,moving
5784301,1,1,1,121,93,42,100,1,14,39,42,18,11,4,4,3,0,0,0,100,100,68,27,17,9,7,0,1,1788050557.3396282,G1,T02,angolo_120,1,moving
5784501,1,0,1,0,121,0,100,1,17,13,16,13,5,3,2,3,2,0,0,100,100,66,28,16,9,8,0,1,1788050557.3406267,G1,T02,angolo_120,1,moving
5784701,1,0,1,0,121,0,100,0,17,16,6,10,10,4,3,3,1,0,0,100,100,63,29,15,9,8,0,1,1788050557.341129,G1,T02,angolo_120,1,moving
5784901,1,0,1,0,121,0,100,0,15,23,15,12,6,2,3,3,1,0,0,100,100,61,28,14,9,7,0,1,1788050557.341129,G1,T02,angolo_120,1,moving
5785101,1,0,1,0,121,0,100,0,13,37,29,19,8,4,4,2,1,0,0,100,100,58,28,13,8,7,0,1,1788050557.3421311,G1,T02,angolo_120,1,moving
5785301,1,0,1,0,123,0,100,0,16,28,18,14,11,4,7,2,1,0,0,100,100,55,27,12,8,7,0,1,1788050557.3421311,G1,T02,angolo_120,1,moving
5785501,1,0,1,0,79,0,100,0,16,23,21,12,1,1,6,2,3,0,0,100,100,54,27,12,8,7,0,1,1788050557.3431334,G1,T02,angolo_120,1,moving
5785701,1,1,1,133,79,50,100,0,17,41,50,26,10,5,8,3,3,0,0,100,100,53,26,13,8,7,0,1,1788050557.3431334,G1,T02,angolo_120,1,moving
5785901,1,0,1,0,133,0,100,0,24,30,22,7,11,4,6,2,3,0,0,100,100,53,28,12,7,6,0,1,1788050557.3441331,G1,T02,angolo_120,1,moving
5786101,1,0,1,0,133,0,100,0,21,29,28,17,8,10,5,2,3,0,0,100,100,51,28,12,7,6,0,1,1788050557.4162798,G1,T02,angolo_120,1,moving
5786301,1,0,1,0,133,0,100,0,22,37,27,23,1,6,6,1,2,0,0,100,100,50,27,12,7,6,0,1,1788050557.6164145,G1,T02,angolo_120,1,moving
5786501,1,1,1,139,82,42,100,0,19,34,42,28,5,6,5,1,1,0,0,100,100,50,26,12,7,6,0,1,1788050557.8166268,G1,T02,angolo_120,1,moving
5786701,1,0,1,0,97,0,100,0,15,50,26,25,6,2,3,1,3,0,0,100,100,50,25,12,6,6,0,1,1788050558.0158317,G1,T02,angolo_120,1,moving
5786901,1,0,1,0,120,0,100,0,21,38,7,27,2,6,3,2,2,0,0,100,100,51,25,12,7,6,0,1,1788050558.2160408,G1,T02,angolo_120,1,moving
5787101,1,1,1,117,103,53,100,0,19,51,53,14,5,8,5,2,3,0,0,100,100,51,25,12,6,5,0,1,1788050558.4167833,G1,T02,angolo_120,1,moving
5787301,1,1,1,139,117,42,100,0,14,30,42,20,7,4,3,3,4,0,0,100,100,50,26,13,6,5,0,1,1788050558.6167054,G1,T02,angolo_120,1,moving
5787501,1,0,1,0,139,0,100,0,15,32,24,13,5,4,5,1,3,0,0,100,100,48,28,13,7,5,0,1,1788050558.8160198,G1,T02,angolo_120,1,moving
5787701,1,0,1,0,139,0,100,0,21,31,29,11,3,6,2,1,4,0,0,100,100,47,29,14,7,5,0,1,1788050559.0159075,G1,T02,angolo_120,1,moving
5787901,1,1,1,150,139,44,100,0,15,48,44,16,4,1,3,1,4,0,0,100,100,47,31,15,8,6,0,1,1788050559.216912,G1,T02,angolo_120,1,moving
5788101,1,0,1,0,150,0,100,0,17,22,14,26,15,6,7,2,3,0,0,100,100,49,31,15,8,6,0,1,1788050559.4159968,G1,T02,angolo_120,1,moving
5788301,1,0,1,0,150,0,100,0,13,43,39,27,9,4,5,3,1,0,0,100,100,46,29,15,8,6,0,1,1788050559.6160586,G1,T02,angolo_120,1,moving
5788501,1,0,1,0,150,0,100,0,20,30,24,4,8,7,7,1,2,0,0,100,100,45,28,15,8,6,0,1,1788050559.8163357,G1,T02,angolo_120,1,moving
5788701,1,1,1,80,73,100,100,0,45,100,64,28,8,4,5,1,1,0,0,100,100,45,30,16,8,6,0,1,1788050560.0167787,G1,T02,angolo_120,1,moving
5788901,1,1,1,76,75,100,100,0,60,100,65,29,8,10,4,3,3,0,0,100,100,47,31,17,9,6,0,1,1788050560.216976,G1,T02,angolo_120,1,moving
5789101,1,1,1,80,73,100,100,0,24,100,76,35,18,9,2,4,5,0,0,100,100,53,30,18,9,6,0,1,1788050560.4164426,G1,T02,angolo_120,1,moving
5789301,1,1,1,79,72,100,100,0,42,100,71,18,18,7,4,6,3,0,0,100,100,54,32,18,9,6,0,1,1788050560.6165624,G1,T02,angolo_120,1,moving
5789501,1,1,1,71,79,100,100,0,83,100,51,26,8,6,8,4,4,0,0,100,100,55,32,19,10,6,0,1,1788050560.8167813,G1,T02,angolo_120,1,moving
5789701,1,0,1,0,66,0,100,0,25,35,11,8,7,9,7,7,1,0,0,100,100,55,33,19,10,6,0,1,1788050561.0165708,G1,T02,angolo_120,1,moving
5789901,1,0,1,0,77,0,100,0,15,49,36,16,6,2,2,1,4,0,0,100,100,53,32,19,10,6,0,1,1788050561.2160964,G1,T02,angolo_120,1,moving
5790101,1,1,1,145,77,45,100,0,17,28,45,23,9,10,4,3,2,0,0,100,100,53,32,19,10,7,0,1,1788050561.4169781,G1,T02,angolo_120,1,moving
5790301,1,0,1,0,89,0,100,0,15,30,14,16,10,8,5,3,4,0,0,100,100,53,32,19,10,7,0,1,1788050561.61678,G1,T02,angolo_120,1,moving
5790501,1,0,1,0,89,0,100,0,24,24,6,18,4,5,3,4,2,0,0,100,100,53,32,19,10,7,0,1,1788050561.8160214,G1,T02,angolo_120,1,moving
5790701,1,0,1,0,89,0,100,0,18,34,17,14,12,4,8,5,3,0,0,100,100,53,34,19,10,7,0,1,1788050562.0167224,G1,T02,angolo_120,1,moving
5790901,1,0,1,0,89,0,100,0,14,23,23,9,8,8,6,2,4,0,0,100,100,51,35,20,9,7,0,1,1788050562.2163184,G1,T02,angolo_120,1,moving
5791101,1,0,1,0,89,0,100,0,18,16,23,24,11,2,4,2,2,0,0,100,100,53,35,20,9,7,0,1,1788050562.4165237,G1,T02,angolo_120,1,moving
5791301,1,0,1,0,89,0,100,0,17,10,32,19,6,7,1,2,3,0,0,100,100,54,34,18,9,6,0,1,1788050562.6163418,G1,T02,angolo_120,1,moving
5791501,1,1,1,116,89,44,100,0,15,42,44,18,4,3,2,2,2,0,0,100,100,55,33,18,9,6,0,1,1788050562.816262,G1,T02,angolo_120,1,moving
5791701,1,0,1,0,116,0,100,0,14,28,32,19,5,2,1,2,3,0,0,100,100,56,32,17,8,6,0,1,1788050563.0164068,G1,T02,angolo_120,1,moving
5791901,1,0,1,0,127,0,100,0,16,16,24,2,5,4,4,4,2,0,0,100,100,54,30,17,8,6,0,1,1788050563.2160525,G1,T02,angolo_120,1,moving
5792101,1,0,1,0,127,0,100,0,20,19,30,19,3,1,1,2,3,0,0,100,100,52,30,17,8,6,0,1,1788050563.4166505,G1,T02,angolo_120,1,moving
5792301,1,0,1,0,127,0,100,0,17,12,16,8,13,6,5,3,3,0,0,100,100,52,30,17,8,5,0,1,1788050563.6164122,G1,T02,angolo_120,1,moving
5792501,1,0,1,0,127,0,100,0,15,17,8,7,9,1,2,3,2,0,0,100,100,52,30,16,7,6,0,1,1788050563.8160112,G1,T02,angolo_120,1,moving
5792701,1,0,1,0,127,0,100,0,15,17,16,4,7,8,3,3,3,0,0,100,100,50,28,16,8,6,0,1,1788050564.0166032,G1,T02,angolo_120,1,moving
5792901,1,0,1,0,127,0,100,0,16,26,16,6,1,4,4,1,4,0,0,100,100,48,28,16,7,6,0,1,1788050564.215764,G1,T02,angolo_120,1,moving
5793101,1,0,1,0,127,0,100,0,15,9,5,16,7,9,9,2,1,0,0,100,100,42,28,16,7,5,0,1,1788050564.416341,G1,T02,angolo_120,1,moving
5793301,1,0,1,0,127,0,100,0,18,13,17,9,3,6,5,2,3,0,0,100,93,39,26,15,7,5,0,1,1788050564.6164837,G1,T02,angolo_120,1,moving
5793501,1,1,1,113,119,54,100,0,16,54,54,16,5,3,6,2,1,0,0,100,93,38,26,15,6,5,0,1,1788050564.8168993,G1,T02,angolo_120,1,moving
5793701,1,0,1,0,113,0,100,0,14,17,14,6,5,6,8,2,2,0,0,100,100,38,25,14,6,5,0,1,1788050565.016323,G1,T02,angolo_120,1,moving
5793901,1,0,1,0,113,0,100,0,17,16,18,18,1,9,9,3,1,0,0,100,99,39,25,14,6,5,0,1,1788050565.2166023,G1,T02,angolo_120,1,moving
5794101,1,0,1,0,113,0,100,0,18,17,9,17,6,7,7,2,2,0,0,100,97,38,25,14,6,5,0,1,1788050565.4165006,G1,T02,angolo_120,1,moving
5794301,1,0,1,0,113,0,100,0,17,40,39,13,7,2,7,1,3,0,0,100,97,37,25,13,6,4,0,1,1788050565.6166115,G1,T02,angolo_120,1,moving
5794501,1,0,1,0,113,0,100,0,15,25,16,14,9,1,7,1,5,0,0,100,98,37,24,13,6,5,0,1,1788050565.8164523,G1,T02,angolo_120,1,moving
5794701,1,0,1,0,113,0,100,0,19,33,28,8,10,1,6,1,4,0,0,100,99,40,24,13,6,5,0,1,1788050566.0161438,G1,T02,angolo_120,1,moving
5794901,1,0,1,0,120,0,100,0,18,28,37,26,7,3,2,2,4,0,0,100,100,43,24,13,6,5,0,1,1788050566.2159996,G1,T02,angolo_120,1,moving
5795101,1,1,1,85,93,83,100,0,25,83,51,13,9,4,4,3,2,0,0,100,100,45,24,13,6,5,0,1,1788050566.4166038,G1,T02,angolo_120,1,moving
5795301,1,0,1,0,85,0,100,0,16,40,18,7,9,4,3,2,5,0,0,100,100,44,24,13,6,5,0,1,1788050566.615955,G1,T02,angolo_120,1,moving
5795501,1,0,1,0,85,0,100,0,24,41,26,1,8,5,2,1,4,0,0,100,100,44,23,14,6,5,0,1,1788050566.8159602,G1,T02,angolo_120,1,moving
5795701,1,0,1,0,85,0,100,0,15,42,31,7,7,5,6,3,2,0,0,100,100,44,23,14,6,5,0,1,1788050567.0168178,G1,T02,angolo_120,1,moving
5795901,1,0,1,0,83,0,100,0,20,15,31,16,5,3,4,2,3,0,0,100,100,46,22,13,6,5,0,1,1788050567.2158804,G1,T02,angolo_120,1,moving
5796101,1,0,1,0,83,0,100,0,15,39,31,8,4,6,5,3,3,0,0,100,100,46,22,13,5,5,0,1,1788050567.4160755,G1,T02,angolo_120,1,moving
5796301,1,1,1,97,127,53,100,0,18,53,44,8,10,2,3,3,3,0,0,100,100,44,22,13,5,5,0,1,1788050567.6169932,G1,T02,angolo_120,1,moving
5796501,1,1,1,101,110,52,100,0,18,52,47,17,10,2,3,2,3,0,0,100,100,43,22,13,5,5,0,1,1788050567.8172474,G1,T02,angolo_120,1,moving
5796701,1,0,1,0,101,0,100,0,14,21,2,15,9,3,3,4,4,0,0,100,100,44,20,13,5,5,0,1,1788050568.0162148,G1,T02,angolo_120,1,moving
5796901,1,0,1,0,88,0,100,0,18,15,24,32,10,1,1,3,2,0,0,100,100,45,19,12,5,5,0,1,1788050568.2163944,G1,T02,angolo_120,1,moving
5797101,1,1,1,93,88,59,100,0,21,59,46,19,5,1,4,4,3,0,0,100,100,45,20,12,4,5,0,1,1788050568.4160185,G1,T02,angolo_120,1,moving
5797301,1,0,1,0,93,0,100,0,16,13,25,24,5,5,4,2,2,0,0,100,100,46,20,12,5,5,0,1,1788050568.6163642,G1,T02,angolo_120,1,moving
5797501,1,0,1,0,93,0,100,0,17,32,21,18,13,3,3,3,2,0,0,100,100,47,20,12,5,5,0,1,1788050568.8169026,G1,T02,angolo_120,1,moving
5797701,1,0,1,0,93,0,100,0,18,12,13,13,8,7,8,4,4,0,0,100,100,46,20,12,5,5,0,1,1788050569.0166554,G1,T02,angolo_120,1,moving
5797901,1,0,1,0,93,0,100,0,30,39,19,26,8,2,4,2,2,0,0,100,100,46,20,12,5,5,0,1,1788050569.2157848,G1,T02,angolo_120,1,moving
5798101,1,0,1,0,93,0,100,0,18,24,17,12,10,8,8,2,3,0,0,100,100,48,22,12,5,6,0,1,1788050569.416844,G1,T02,angolo_120,1,moving
5798301,1,0,1,0,93,0,100,0,16,38,33,14,10,2,7,4,3,0,0,100,100,48,22,13,5,6,0,1,1788050569.616786,G1,T02,angolo_120,1,moving
5798501,1,0,1,0,101,0,100,0,20,12,8,2,5,3,6,3,4,0,0,100,100,49,22,13,5,6,0,1,1788050569.8157709,G1,T02,angolo_120,1,moving
5798701,1,0,1,0,101,0,100,0,17,24,17,15,10,7,6,1,3,0,0,100,100,46,21,12,5,5,0,1,1788050570.0168767,G1,T02,angolo_120,1,moving
5798901,1,0,1,0,101,0,100,0,15,16,5,8,3,5,6,1,4,0,0,100,100,41,20,12,5,5,0,1,1788050570.216751,G1,T02,angolo_120,1,moving
5799101,1,0,1,0,101,0,100,0,16,13,8,6,8,1,3,1,4,0,0,100,100,38,18,12,6,5,0,1,1788050570.4161305,G1,T02,angolo_120,1,moving
5799301,1,0,1,0,101,0,100,0,17,19,4,8,8,1,6,1,3,0,0,100,100,37,18,11,6,5,0,1,1788050570.6166277,G1,T02,angolo_120,1,moving
5799501,1,0,1,0,101,0,100,0,15,17,9,3,9,1,5,1,3,0,0,100,100,37,18,10,6,5,0,1,1788050570.8167994,G1,T02,angolo_120,1,moving
5799701,1,0,1,0,101,0,100,0,15,10,7,7,6,3,6,1,3,0,0,100,100,36,17,10,6,5,0,1,1788050571.016519,G1,T02,angolo_120,1,moving
5799901,1,0,1,0,101,0,100,0,19,15,4,7,4,4,6,1,3,0,0,100,98,34,18,10,6,5,0,1,1788050571.215797,G1,T02,angolo_120,1,moving
5800101,1,0,1,0,101,0,100,0,27,29,10,4,8,3,6,2,3,0,0,100,95,33,17,10,6,5,0,1,1788050571.4168024,G1,T02,angolo_120,1,moving
5800301,1,0,1,0,101,0,100,0,20,10,3,1,8,2,7,2,3,0,0,100,88,32,17,10,6,5,0,1,1788050571.616592,G1,T02,angolo_120,1,moving
5800501,1,0,1,0,101,0,100,0,16,15,11,8,6,2,4,2,3,0,0,100,85,31,16,9,6,5,0,1,1788050571.8167553,G1,T02,angolo_120,1,moving
5800701,1,0,1,0,101,0,100,0,23,17,5,3,4,3,5,3,3,0,0,100,83,29,16,9,6,4,0,1,1788050572.0164979,G1,T02,angolo_120,1,moving
5800901,1,0,1,0,101,0,100,0,18,14,8,6,2,4,5,3,2,0,0,100,78,27,15,9,6,4,0,1,1788050572.2166464,G1,T02,angolo_120,1,moving
5801101,1,0,1,0,101,0,100,0,14,9,5,8,1,5,5,3,2,0,0,100,78,27,15,9,7,4,0,1,1788050572.416643,G1,T02,angolo_120,1,moving
5801301,1,0,1,0,101,0,100,0,22,16,12,9,5,6,7,1,3,0,0,100,71,26,15,9,7,4,0,1,1788050572.615397,G1,T02,angolo_120,1,moving
5801501,1,0,1,0,101,0,100,0,18,11,11,7,4,8,7,2,3,0,0,100,69,24,15,9,7,4,0,1,1788050572.8164802,G1,T02,angolo_120,1,moving
5801701,1,0,1,0,101,0,100,0,13,14,5,4,3,6,6,3,4,0,0,100,68,23,15,9,7,4,0,1,1788050573.0166137,G1,T02,angolo_120,1,moving
5801901,1,0,1,0,101,0,100,0,16,12,11,7,7,5,6,4,3,0,0,100,65,23,15,9,8,4,0,1,1788050573.2168894,G1,T02,angolo_120,1,moving
5802101,1,0,1,0,101,0,100,0,20,22,10,1,7,3,5,6,3,0,0,100,63,20,12,8,7,4,0,1,1788050573.416496,G1,T02,angolo_120,1,moving
5802301,1,0,1,0,101,0,100,0,17,20,11,5,12,2,4,6,3,0,0,100,58,21,12,7,7,3,0,1,1788050573.6165056,G1,T02,angolo_120,1,moving
5802501,1,0,1,0,101,0,100,0,17,16,10,5,4,3,6,6,3,0,0,100,53,20,12,7,8,3,0,1,1788050573.8166668,G1,T02,angolo_120,1,moving
5802701,1,0,1,0,101,0,100,0,24,19,11,8,4,3,4,5,2,0,0,100,51,20,11,7,8,4,0,1,1788050574.0164926,G1,T02,angolo_120,1,moving
5802901,1,0,1,0,101,0,100,0,18,11,9,11,7,5,4,6,1,0,0,100,51,20,10,7,7,4,0,1,1788050574.216676,G1,T02,angolo_120,1,moving
5803101,1,0,1,0,101,0,100,0,17,13,7,4,7,7,5,5,1,0,0,100,52,20,11,6,7,4,0,1,1788050574.4167933,G1,T02,angolo_120,1,moving
5803301,1,0,1,0,101,0,100,0,15,13,7,8,5,5,4,5,2,0,0,100,51,20,10,6,7,4,0,1,1788050574.6167123,G1,T02,angolo_120,1,moving
5803501,1,0,1,0,101,0,100,0,16,27,13,9,5,5,6,6,2,0,0,100,52,19,11,6,6,5,0,1,1788050574.8163795,G1,T02,angolo_120,1,moving
5803701,1,0,1,0,101,0,100,0,19,24,21,11,7,5,4,6,3,0,0,100,56,19,11,6,6,5,0,1,1788050575.0170817,G1,T02,angolo_120,1,moving
5803901,1,0,1,0,101,0,100,0,13,37,24,5,6,5,4,5,4,0,0,100,58,19,11,6,6,4,0,1,1788050575.2167478,G1,T02,angolo_120,1,moving
5804101,1,0,1,0,101,0,100,0,16,12,4,2,6,4,3,6,2,0,0,100,59,19,10,6,6,4,0,1,1788050575.4162393,G1,T02,angolo_120,1,moving
5804301,1,0,1,0,101,0,100,0,13,8,4,4,6,7,5,6,3,0,0,100,60,19,11,6,6,5,0,1,1788050575.6165395,G1,T02,angolo_120,1,moving
5804501,1,0,1,0,101,0,100,0,13,16,16,5,6,4,4,5,3,0,0,100,61,20,11,6,6,5,0,1,1788050575.8166456,G1,T02,angolo_120,1,moving
5804701,1,0,1,0,101,0,100,0,17,13,2,2,3,5,3,6,2,0,0,100,60,19,10,6,6,5,0,1,1788050576.0167465,G1,T02,angolo_120,1,moving
5804901,1,0,1,0,101,0,100,0,22,24,2,4,4,6,4,5,3,0,0,100,60,20,10,6,6,4,0,1,1788050576.2161164,G1,T02,angolo_120,1,moving
5805101,1,0,1,0,101,0,100,0,15,21,15,10,1,6,5,6,3,0,0,100,58,20,10,6,5,4,0,1,1788050576.4168096,G1,T02,angolo_120,1,moving
5805301,1,0,1,0,101,0,100,0,14,8,10,2,6,4,3,5,4,0,0,100,58,18,8,6,5,4,0,1,1788050576.6166854,G1,T02,angolo_120,1,moving
5805501,1,0,1,0,101,0,100,0,18,25,20,13,6,5,4,6,3,0,0,100,61,19,8,5,4,4,0,1,1788050576.8167038,G1,T02,angolo_120,1,moving
5805701,1,0,1,0,101,0,100,0,22,22,4,1,3,5,5,6,3,0,0,100,64,20,7,5,4,4,0,1,1788050577.0166066,G1,T02,angolo_120,1,moving
5805901,1,0,1,0,101,0,100,0,18,16,11,9,6,5,4,6,2,0,0,100,63,20,7,5,4,4,0,1,1788050577.2162893,G1,T02,angolo_120,1,moving
5806101,1,0,1,0,101,0,99,0,18,23,13,7,7,3,5,6,3,0,0,99,66,20,7,5,4,4,0,1,1788050577.4168036,G1,T02,angolo_120,1,moving
5806301,1,0,1,0,101,0,98,0,18,15,12,6,3,4,4,5,3,0,0,98,68,19,7,5,3,4,0,1,1788050577.615936,G1,T02,angolo_120,1,moving
5806501,1,0,1,0,101,0,99,0,16,19,11,14,1,5,5,5,3,0,0,99,72,19,7,5,3,4,0,1,1788050577.8167264,G1,T02,angolo_120,1,moving
5806701,1,0,1,0,101,0,99,0,19,17,10,9,4,5,7,7,3,0,0,99,80,19,7,5,3,4,0,1,1788050578.0165522,G1,T02,angolo_120,1,moving
5806901,1,0,1,0,101,0,97,0,13,26,12,7,5,5,4,5,3,0,0,97,86,20,7,5,3,4,0,1,1788050578.2167397,G1,T02,angolo_120,1,moving
5807101,1,0,1,0,101,0,96,0,14,20,11,9,6,6,6,7,2,0,0,96,91,21,6,5,3,3,0,1,1788050578.4165301,G1,T02,angolo_120,1,moving
5807301,1,0,1,0,101,0,100,0,17,21,21,21,9,6,5,6,2,0,0,100,98,23,6,5,3,3,0,1,1788050578.6168675,G1,T02,angolo_120,1,moving
5807501,1,1,1,122,101,44,100,0,26,41,44,25,12,7,2,5,4,0,0,100,100,26,7,6,3,4,0,1,1788050578.8169332,G1,T02,angolo_120,1,moving
5807701,1,1,1,136,139,56,100,0,17,43,56,28,12,10,6,8,3,0,0,100,100,27,8,6,4,4,0,1,1788050579.0173957,G1,T02,angolo_120,1,moving
5807901,1,1,1,75,126,57,100,0,16,57,17,20,8,5,4,7,2,0,0,100,100,29,8,6,4,4,0,1,1788050579.2170913,G1,T02,angolo_120,1,moving
5808101,1,1,1,88,85,55,100,0,19,55,39,8,4,8,9,4,4,0,0,100,100,31,9,7,4,4,0,1,1788050579.417001,G1,T02,angolo_120,1,moving
5808301,1,0,1,0,85,0,100,0,13,28,40,14,6,4,3,7,2,0,0,100,100,32,10,7,5,4,0,1,1788050579.6162992,G1,T02,angolo_120,1,moving
5808501,1,0,1,0,139,0,100,0,22,45,20,10,7,1,4,4,2,0,0,100,100,35,11,8,5,5,0,1,1788050579.8170896,G1,T02,angolo_120,1,moving
5808701,1,0,1,0,89,0,100,0,17,20,40,20,2,4,3,2,2,0,0,100,100,37,12,8,5,5,0,1,1788050580.0165408,G1,T02,angolo_120,1,moving
5808901,1,0,1,0,79,0,100,0,20,47,27,12,2,2,3,1,2,0,0,100,100,37,13,8,6,6,0,1,1788050580.2167435,G1,T02,angolo_120,1,moving
5809101,1,0,1,0,79,0,100,0,19,9,2,8,11,1,5,2,2,0,0,100,100,40,12,9,6,6,0,1,1788050580.416613,G1,T02,angolo_120,1,moving
5809301,1,0,1,0,79,0,100,0,20,29,10,11,7,4,7,2,1,0,0,100,100,42,13,9,6,6,0,1,1788050580.6166391,G1,T02,angolo_120,1,moving
5809501,1,0,1,0,79,0,100,0,16,27,9,6,9,2,9,3,2,0,0,100,100,42,13,9,6,6,0,1,1788050580.8167622,G1,T02,angolo_120,1,moving
5809701,1,0,1,0,79,0,100,0,17,17,13,6,3,4,8,2,2,0,0,100,100,42,14,10,7,6,0,1,1788050581.0170076,G1,T02,angolo_120,1,moving
5809901,1,0,1,0,79,0,100,0,18,18,14,9,2,3,7,1,3,0,0,100,100,45,15,10,7,6,0,1,1788050581.2167048,G1,T02,angolo_120,1,moving
5810101,1,0,1,0,79,0,100,0,23,23,8,7,9,10,4,5,1,0,0,100,100,46,16,11,7,6,0,1,1788050581.416628,G1,T02,angolo_120,1,moving
5810301,1,0,1,0,79,0,100,0,18,38,13,4,8,5,5,2,2,0,0,100,100,48,17,11,7,6,0,1,1788050581.6171381,G1,T02,angolo_120,1,moving
5810501,1,0,1,0,79,0,100,0,18,18,7,10,6,7,3,4,3,0,0,100,100,49,18,11,8,6,0,1,1788050581.816733,G1,T02,angolo_120,1,moving
5810701,1,0,1,0,79,0,100,0,15,16,13,14,3,8,2,3,3,0,0,100,100,49,19,11,8,6,0,1,1788050582.0170963,G1,T02,angolo_120,1,moving
5810901,1,0,1,0,79,0,100,0,16,15,18,7,7,8,4,3,4,0,0,100,100,49,21,12,8,7,0,1,1788050582.2166493,G1,T02,angolo_120,1,moving
5811101,1,0,1,0,79,0,100,0,17,13,10,3,3,1,1,3,3,0,0,100,100,49,21,12,8,7,0,1,1788050582.4169765,G1,T02,angolo_120,1,moving
5811301,1,0,1,0,79,0,100,0,18,28,5,9,1,5,3,4,4,0,0,100,100,48,22,13,8,7,0,1,1788050582.6169698,G1,T02,angolo_120,1,moving
5811501,1,0,1,0,79,0,100,0,19,13,9,14,11,1,5,5,4,0,0,100,100,45,21,12,9,6,0,1,1788050582.8168182,G1,T02,angolo_120,1,moving
5811701,1,0,1,0,79,0,100,0,16,15,5,2,9,7,4,3,4,0,0,100,100,44,21,12,8,6,0,1,1788050583.0164704,G1,T02,angolo_120,1,moving
5811901,1,0,1,0,79,0,100,0,24,17,6,6,2,5,5,5,3,0,0,100,100,43,22,13,8,6,0,1,1788050583.2166772,G1,T02,angolo_120,1,moving
5812101,1,0,1,0,79,0,100,0,19,16,10,5,7,1,4,3,4,0,0,100,100,41,22,12,8,6,0,1,1788050583.4168234,G1,T02,angolo_120,1,moving
5812301,1,0,1,0,79,0,100,0,17,12,7,8,10,8,2,4,3,0,0,100,100,41,22,12,8,6,0,1,1788050583.6169975,G1,T02,angolo_120,1,moving
5812501,1,0,1,0,79,0,100,0,19,14,9,2,6,6,6,4,3,0,0,100,94,40,24,12,7,5,0,1,1788050583.8170445,G1,T02,angolo_120,1,moving
5812701,1,0,1,0,79,0,100,0,23,18,6,1,2,2,6,5,3,0,0,100,89,41,24,11,7,5,0,1,1788050584.0169485,G1,T02,angolo_120,1,moving
5812901,1,0,1,0,79,0,100,0,16,9,5,4,1,2,5,5,2,0,0,100,89,41,23,11,8,5,0,1,1788050584.216734,G1,T02,angolo_120,1,moving
5813101,1,0,1,0,79,0,100,0,15,14,3,6,2,6,6,4,3,0,0,100,80,38,24,11,7,5,0,1,1788050584.4167213,G1,T02,angolo_120,1,moving
5813301,1,0,1,0,79,0,100,0,18,16,5,3,5,8,4,3,3,0,0,100,74,37,25,11,7,4,0,1,1788050584.6169548,G1,T02,angolo_120,1,moving
5813501,1,0,1,0,79,0,93,0,22,17,8,5,5,8,4,4,3,0,0,93,71,38,26,10,7,4,0,1,1788050584.8168151,G1,T02,angolo_120,1,moving
5813701,1,0,1,0,79,0,86,0,14,14,7,2,5,7,4,4,3,0,0,86,64,37,26,10,6,4,0,1,1788050585.0161746,G1,T02,angolo_120,1,moving
5813901,1,0,1,0,79,0,81,0,13,10,5,4,6,4,6,4,3,0,0,81,58,35,26,9,6,4,0,1,1788050585.2165632,G1,T02,angolo_120,1,moving
5814101,1,0,1,0,79,0,75,0,15,12,3,5,8,5,5,5,4,0,0,75,54,35,25,9,6,4,0,1,1788050585.4166744,G1,T02,angolo_120,1,moving
5814301,1,0,1,0,79,0,73,0,21,17,5,5,8,6,5,5,3,0,0,73,51,34,24,9,6,4,0,1,1788050585.616715,G1,T02,angolo_120,1,moving
5814501,1,0,1,0,79,0,68,0,16,10,4,8,6,6,5,4,3,0,0,68,48,32,24,9,6,4,0,1,1788050585.8168068,G1,T02,angolo_120,1,moving
5814701,1,0,1,0,79,0,61,0,15,11,3,5,6,10,5,4,4,0,0,61,45,33,24,9,6,4,0,1,1788050586.0164766,G1,T02,angolo_120,1,moving
5814901,1,0,1,0,79,0,59,0,15,11,9,6,4,8,2,3,4,0,0,59,44,32,23,9,6,4,0,1,1788050586.216831,G1,T02,angolo_120,1,moving
5815101,1,0,1,0,79,0,57,0,18,15,6,2,4,4,2,2,3,0,0,57,43,31,24,9,6,4,0,1,1788050586.4167435,G1,T02,angolo_120,1,moving
5815301,1,0,1,0,79,0,56,0,19,13,2,4,4,3,1,4,4,0,0,56,41,30,23,9,6,4,0,1,1788050586.616859,G1,T02,angolo_120,1,moving
5815501,1,0,1,0,79,0,49,0,14,12,4,5,3,1,2,3,4,0,0,49,38,30,24,9,5,4,0,1,1788050586.8161197,G1,T02,angolo_120,1,moving
5815701,1,0,1,0,79,0,44,0,20,13,7,7,1,1,3,3,3,0,0,44,35,29,24,8,5,3,0,1,1788050587.0167725,G1,T02,angolo_120,1,moving
5815901,1,0,1,0,79,0,41,0,18,20,7,8,3,1,3,4,2,0,0,41,34,28,23,8,5,4,0,1,1788050587.2166092,G1,T02,angolo_120,1,moving
5816101,1,0,1,0,79,0,38,0,20,11,4,5,8,1,3,3,3,0,0,38,32,28,23,8,5,4,0,1,1788050587.4166255,G1,T02,angolo_120,1,moving
5816301,1,0,1,0,79,0,33,0,16,12,6,6,6,2,5,4,3,0,0,33,30,28,22,7,5,4,0,1,1788050587.616861,G1,T02,angolo_120,1,moving
5816501,1,0,1,0,79,0,32,0,14,10,2,2,5,5,5,5,3,0,0,32,28,26,21,7,5,4,0,1,1788050587.8167212,G1,T02,angolo_120,1,moving
5816701,1,0,1,0,79,0,32,0,14,14,4,7,5,5,6,5,3,0,0,32,27,25,21,7,4,3,0,1,1788050588.0168471,G1,T02,angolo_120,1,moving
5816901,1,0,1,0,79,0,31,0,15,12,4,5,8,4,5,5,3,0,0,31,26,25,21,8,4,3,0,1,1788050588.2169425,G1,T02,angolo_120,1,moving
5817101,1,0,1,0,79,0,31,0,14,9,7,4,7,5,4,5,3,0,0,31,26,25,21,7,4,3,0,1,1788050588.4167435,G1,T02,angolo_120,1,moving
5817301,1,0,1,0,79,0,32,0,19,9,9,2,5,6,4,4,3,0,0,32,25,24,20,7,4,3,0,1,1788050588.6111805,G1,T02,angolo_120,1,moving
5817501,1,0,1,0,79,0,32,0,13,11,4,3,5,5,4,5,3,0,0,32,25,23,19,7,4,3,0,1,1788050588.8167112,G1,T02,angolo_120,1,moving
5817701,1,0,1,0,79,0,33,0,15,15,1,7,7,7,4,4,3,0,0,33,26,23,18,7,5,3,0,1,1788050589.016184,G1,T02,angolo_120,1,moving
5817901,1,0,1,0,79,0,33,0,20,14,4,8,7,6,4,4,3,0,0,33,28,24,19,7,4,3,0,1,1788050589.2168746,G1,T02,angolo_120,1,moving
5818101,1,0,1,0,79,0,35,0,19,9,5,2,8,2,3,4,3,0,0,35,28,25,19,7,4,3,0,1,1788050589.4168322,G1,T02,angolo_120,1,moving
5818301,1,0,1,0,79,0,36,0,16,14,5,4,7,1,2,3,3,0,0,36,28,26,20,7,4,3,0,1,1788050589.616996,G1,T02,angolo_120,1,moving
5818501,1,0,1,0,79,0,36,0,18,14,4,6,5,4,2,4,3,0,0,36,27,26,20,7,4,3,0,1,1788050589.8167963,G1,T02,angolo_120,1,moving
5818701,1,0,1,0,79,0,38,0,16,15,6,4,1,6,2,4,2,0,0,38,26,26,19,7,4,3,0,1,1788050590.0162387,G1,T02,angolo_120,1,moving
5818901,1,0,1,0,79,0,38,0,15,13,6,2,7,1,3,4,4,0,0,38,25,26,19,7,3,3,0,1,1788050590.2168558,G1,T02,angolo_120,1,moving
5819101,1,0,1,0,79,0,35,0,17,13,6,2,10,6,4,3,3,0,0,35,25,27,19,6,3,3,0,1,1788050590.417074,G1,T02,angolo_120,1,moving
5819301,1,0,1,0,79,0,33,0,17,12,3,3,1,6,4,3,2,0,0,33,25,27,18,6,3,3,0,1,1788050590.6165986,G1,T02,angolo_120,1,moving
5819501,1,0,1,0,79,0,32,0,13,13,2,5,2,7,3,4,4,0,0,32,24,27,18,5,3,3,0,1,1788050590.8168843,G1,T02,angolo_120,1,moving
5819701,1,0,1,0,79,0,31,0,16,17,6,7,2,5,2,5,4,0,0,31,23,27,18,5,3,3,0,1,1788050591.0162404,G1,T02,angolo_120,1,moving
5819901,1,0,1,0,79,0,31,0,16,13,8,5,7,2,3,4,4,0,0,31,24,27,18,6,3,3,0,1,1788050591.2167385,G1,T02,angolo_120,1,moving
5820101,1,0,1,0,79,0,31,0,16,11,7,4,7,3,3,4,3,0,0,31,26,27,18,6,3,3,0,1,1788050591.4163108,G1,T02,angolo_120,1,moving
5820301,1,0,1,0,79,0,32,0,17,12,6,5,2,4,2,4,4,0,0,32,27,28,18,6,3,3,0,1,1788050591.6166275,G1,T02,angolo_120,1,moving
5820501,1,0,1,0,79,0,32,0,13,9,4,7,5,2,3,3,4,0,0,32,27,27,17,6,3,3,0,1,1788050591.8166642,G1,T02,angolo_120,1,moving
5820701,1,0,1,0,79,0,32,0,20,12,2,6,8,7,3,3,3,0,0,32,28,28,17,5,3,3,0,1,1788050592.016984,G1,T02,angolo_120,1,moving
5820901,1,0,1,0,79,0,31,0,18,15,8,7,4,6,3,3,3,0,0,31,29,29,18,5,3,3,0,1,1788050592.2168171,G1,T02,angolo_120,1,moving
5821101,0,0,0,0,0,0,0,0,17,22,11,12,6,7,5,4,3,0,0,33,32,29,18,5,3,3,0,0,1788050592.4155858,G1,T02,angolo_120,1,moving
5821301,0,0,0,0,0,0,0,0,16,12,10,11,2,6,5,6,4,0,0,38,36,29,18,6,3,3,0,0,1788050592.616946,G1,T02,angolo_120,1,moving
5821501,0,0,0,0,0,0,0,0,17,17,9,7,1,2,2,5,3,0,0,41,41,32,21,6,3,3,0,0,1788050592.816139,G1,T02,angolo_120,1,moving
5821701,0,0,0,0,0,0,0,0,14,9,2,2,4,5,3,5,3,0,0,45,43,33,23,6,3,3,0,0,1788050593.016606,G1,T02,angolo_120,1,moving
5821901,0,0,0,0,0,0,0,0,22,19,16,14,12,3,5,5,3,0,0,47,46,34,23,6,4,4,0,0,1788050593.2171488,G1,T02,angolo_120,1,moving
5822101,0,0,0,0,0,0,0,0,19,12,16,8,3,3,6,3,2,0,0,49,45,33,23,6,4,4,0,0,1788050593.4166338,G1,T02,angolo_120,1,moving
5822301,0,0,0,0,0,0,0,0,20,14,4,4,5,6,5,5,2,0,0,51,45,33,23,6,4,4,0,0,1788050593.616956,G1,T02,angolo_120,1,moving
5822501,0,0,0,0,0,0,0,0,14,15,8,11,3,8,4,5,3,0,0,52,45,31,23,7,5,4,0,0,1788050593.8164136,G1,T02,angolo_120,1,moving
5822701,0,0,0,0,0,0,0,0,14,14,6,5,9,8,6,4,2,0,0,54,46,31,25,7,5,4,0,0,1788050594.016914,G1,T02,angolo_120,1,moving
5822901,0,0,0,0,0,0,0,0,16,11,6,1,5,7,5,4,2,0,0,55,45,32,26,7,5,4,0,0,1788050594.2162166,G1,T02,angolo_120,1,moving
5823101,0,0,0,0,0,0,0,0,18,16,13,1,7,6,1,5,3,0,0,60,44,31,27,7,5,4,0,0,1788050594.4163454,G1,T02,angolo_120,1,moving
5823301,0,0,0,0,0,0,0,0,13,7,3,4,7,8,2,5,3,0,0,63,43,31,28,8,5,4,0,0,1788050594.6160576,G1,T02,angolo_120,1,moving
5823501,0,0,0,0,0,0,0,0,17,13,2,7,3,4,3,5,3,0,0,65,45,31,28,9,5,4,0,0,1788050594.816107,G1,T02,angolo_120,1,moving
5823701,0,0,0,0,0,0,0,0,15,15,11,5,7,6,4,5,2,0,0,67,47,31,30,9,5,4,0,0,1788050595.0169513,G1,T02,angolo_120,1,moving
5823901,0,0,0,0,0,0,0,0,17,10,9,11,9,2,4,4,3,0,0,70,49,32,31,9,5,4,0,0,1788050595.2168424,G1,T02,angolo_120,1,moving
5824101,0,0,0,0,0,0,0,0,20,15,4,8,5,1,6,6,3,0,0,74,54,33,31,10,5,4,0,0,1788050595.416634,G1,T02,angolo_120,1,moving
5824301,0,0,0,0,0,0,0,0,20,12,5,5,7,3,6,6,3,0,0,77,59,34,31,10,5,4,0,0,1788050595.6169727,G1,T02,angolo_120,1,moving
5824501,0,0,0,0,0,0,0,0,14,13,10,2,7,3,6,6,2,0,0,79,63,36,32,11,5,4,0,0,1788050595.8170636,G1,T02,angolo_120,1,moving
5824701,0,0,0,0,0,0,0,0,15,12,2,6,9,2,7,5,2,0,0,81,67,37,31,11,6,4,0,0,1788050596.0168452,G1,T02,angolo_120,1,moving
5824901,0,0,0,0,0,0,0,0,17,10,3,5,1,1,7,6,3,0,0,83,69,38,31,11,6,4,0,0,1788050596.2170053,G1,T02,angolo_120,1,moving
5825101,0,0,0,0,0,0,0,0,15,12,3,8,3,1,6,5,2,0,0,82,69,39,30,11,6,4,0,0,1788050596.4167435,G1,T02,angolo_120,1,moving
5825301,0,0,0,0,0,0,0,0,14,9,9,7,4,1,6,5,3,0,0,79,69,39,30,11,6,4,0,0,1788050596.6169999,G1,T02,angolo_120,1,moving
5825501,0,0,0,0,0,0,0,0,19,13,14,8,8,2,4,5,2,0,0,77,65,38,27,11,5,4,0,0,1788050596.817061,G1,T02,angolo_120,1,moving
5825701,0,0,0,0,0,0,0,0,19,15,7,5,8,2,5,5,3,0,0,75,63,36,25,10,5,4,0,0,1788050597.0164974,G1,T02,angolo_120,1,moving
5825901,0,0,0,0,0,0,0,0,13,11,4,10,5,3,5,6,3,0,0,74,61,35,24,10,5,4,0,0,1788050597.216677,G1,T02,angolo_120,1,moving
5826101,0,0,0,0,0,0,0,0,13,7,3,7,4,2,5,5,3,0,0,73,64,36,23,10,5,4,0,0,1788050597.4166942,G1,T02,angolo_120,1,moving
5826301,0,0,0,0,0,0,0,0,15,16,5,3,4,2,6,5,3,0,0,72,64,36,23,10,5,4,0,0,1788050597.6171756,G1,T02,angolo_120,1,moving
5826501,0,0,0,0,0,0,0,0,22,10,6,3,8,4,5,5,3,0,0,72,63,36,22,9,4,3,0,0,1788050597.8169613,G1,T02,angolo_120,1,moving
5826701,0,0,0,0,0,0,0,0,17,15,9,9,5,2,5,5,2,0,0,69,64,35,20,9,4,3,0,0,1788050598.0157166,G1,T02,angolo_120,1,moving
5826901,0,0,0,0,0,0,0,0,17,13,3,8,8,2,7,4,1,0,0,68,66,34,18,10,4,3,0,0,1788050598.2169867,G1,T02,angolo_120,1,moving
5827101,0,0,0,0,0,0,0,0,17,13,4,5,6,4,5,4,2,0,0,65,70,35,16,9,4,3,0,0,1788050598.4168706,G1,T02,angolo_120,1,moving
5827301,0,0,0,0,0,0,0,0,19,15,6,6,7,4,5,4,1,0,0,62,74,37,16,9,4,4,0,0,1788050598.616683,G1,T02,angolo_120,1,moving
5827501,0,0,0,0,0,0,0,0,18,14,3,4,8,4,4,4,1,0,0,62,78,39,15,9,4,4,0,0,1788050598.8162746,G1,T02,angolo_120,1,moving
5827701,0,0,0,0,0,0,0,0,14,13,1,6,1,6,4,5,2,0,0,62,81,42,14,8,4,4,0,0,1788050599.0169783,G1,T02,angolo_120,1,moving
5827901,0,0,0,0,0,0,0,0,16,13,2,4,4,5,5,4,1,0,0,60,81,43,13,8,4,4,0,0,1788050599.2163935,G1,T02,angolo_120,1,moving
5828101,0,0,0,0,0,0,0,0,15,8,5,5,8,5,4,5,3,0,0,58,78,42,12,8,4,4,0,0,1788050599.4165413,G1,T02,angolo_120,1,moving
5828301,0,0,0,0,0,0,0,0,20,14,8,9,9,5,6,5,3,0,0,55,73,40,11,8,4,4,0,0,1788050599.6167738,G1,T02,angolo_120,1,moving
5828501,0,0,0,0,0,0,0,0,16,10,2,2,3,4,5,5,3,0,0,53,70,39,11,8,4,4,0,0,1788050599.8161833,G1,T02,angolo_120,1,moving
5828701,0,0,0,0,0,0,0,0,14,10,3,7,5,5,4,5,3,0,0,51,66,37,11,8,4,4,0,0,1788050600.0164566,G1,T02,angolo_120,1,moving
5828901,0,0,0,0,0,0,0,0,18,8,4,9,7,4,5,5,3,0,0,49,64,36,10,7,4,4,0,0,1788050600.2169669,G1,T02,angolo_120,1,moving
5829101,0,0,0,0,0,0,0,0,24,12,8,5,6,3,6,6,3,0,0,49,64,36,11,7,4,4,0,0,1788050600.416545,G1,T02,angolo_120,1,moving
5829301,0,0,0,0,0,0,0,0,21,20,2,3,4,3,6,6,3,0,0,49,62,36,11,7,4,4,0,0,1788050600.6168485,G1,T02,angolo_120,1,moving
5829501,0,0,0,0,0,0,0,0,19,13,6,6,1,4,4,5,2,0,0,46,61,35,11,8,4,4,0,0,1788050600.8167107,G1,T02,angolo_120,1,moving
5829701,0,0,0,0,0,0,0,0,16,16,7,8,8,5,4,4,3,0,0,45,61,35,11,8,4,4,0,0,1788050601.0168004,G1,T02,angolo_120,1,moving
5829901,0,0,0,0,0,0,0,0,13,10,3,5,8,6,6,5,3,0,0,45,60,34,10,8,4,4,0,0,1788050601.2171402,G1,T02,angolo_120,1,moving
5830101,0,0,0,0,0,0,0,0,17,10,2,2,7,7,4,4,2,0,0,45,60,33,11,8,4,4,0,0,1788050601.4168985,G1,T02,angolo_120,1,moving
5830301,0,0,0,0,0,0,0,0,15,10,3,2,7,6,5,5,3,0,0,44,60,32,11,8,4,3,0,0,1788050601.6163263,G1,T02,angolo_120,1,moving
5830501,0,0,0,0,0,0,0,0,20,13,3,3,6,7,6,4,2,0,0,44,63,33,11,8,4,3,0,0,1788050601.8172164,G1,T02,angolo_120,1,moving
5830701,0,0,0,0,0,0,0,0,20,14,5,3,7,7,4,4,2,0,0,45,64,33,12,8,3,3,0,0,1788050602.016961,G1,T02,angolo_120,1,moving
5830901,0,0,0,0,0,0,0,0,18,16,4,2,3,4,6,5,3,0,0,46,63,31,11,8,3,3,0,0,1788050602.2170715,G1,T02,angolo_120,1,moving
5831101,0,0,0,0,0,0,0,0,16,8,12,9,1,4,5,5,3,0,0,46,59,30,11,7,3,3,0,0,1788050602.416588,G1,T02,angolo_120,1,moving
5831301,0,0,0,0,0,0,0,0,16,11,6,11,2,2,4,6,4,0,0,48,57,29,11,7,3,3,0,0,1788050602.6171365,G1,T02,angolo_120,1,moving
5831501,0,0,0,0,0,0,0,0,18,11,6,8,7,5,4,4,2,0,0,48,55,28,11,6,3,3,0,0,1788050602.8169994,G1,T02,angolo_120,1,moving
5831701,0,0,0,0,0,0,0,0,14,9,7,4,6,2,3,5,2,0,0,49,53,27,10,6,3,3,0,0,1788050603.01653,G1,T02,angolo_120,1,moving
5831901,0,0,0,0,0,0,0,0,14,14,3,8,4,2,2,5,2,0,0,48,51,26,11,7,3,3,0,0,1788050603.2165055,G1,T02,angolo_120,1,moving
5832101,0,0,0,0,0,0,0,0,15,11,10,5,4,4,4,5,2,0,0,48,50,26,10,7,4,3,0,0,1788050603.416526,G1,T02,angolo_120,1,moving
5832301,0,0,0,0,0,0,0,0,16,11,10,4,5,5,2,5,2,0,0,50,50,25,10,7,4,3,0,0,1788050603.6165051,G1,T02,angolo_120,1,moving
5832501,0,0,0,0,0,0,0,0,20,13,7,10,8,7,1,4,2,0,0,53,50,26,10,7,4,3,0,0,1788050603.8173423,G1,T02,angolo_120,1,moving
5832701,0,0,0,0,0,0,0,0,19,15,8,5,5,5,3,5,2,0,0,55,52,26,10,7,4,3,0,0,1788050604.0165873,G1,T02,angolo_120,1,moving
5832901,0,0,0,0,0,0,0,0,15,12,2,2,4,6,3,5,2,0,0,58,52,25,11,7,3,3,0,0,1788050604.2170854,G1,T02,angolo_120,1,moving
5833101,0,0,0,0,0,0,0,0,17,11,5,3,6,4,4,5,2,0,0,58,52,24,11,7,4,3,0,0,1788050604.4169755,G1,T02,angolo_120,1,moving
5833301,0,0,0,0,0,0,0,0,17,12,4,1,3,5,4,5,2,0,0,58,52,23,11,7,3,3,0,0,1788050604.6171372,G1,T02,angolo_120,1,moving
5833501,0,0,0,0,0,0,0,0,13,11,6,4,5,5,4,5,3,0,0,59,54,23,11,7,3,3,0,0,1788050604.817254,G1,T02,angolo_120,1,moving
5833701,0,0,0,0,0,0,0,0,16,12,4,2,4,6,3,6,2,0,0,57,52,22,11,6,3,3,0,0,1788050605.0164545,G1,T02,angolo_120,1,moving
5833901,0,0,0,0,0,0,0,0,17,13,5,1,2,6,4,6,2,0,0,54,51,22,11,6,3,3,0,0,1788050605.2172668,G1,T02,angolo_120,1,moving
5834101,0,0,0,0,0,0,0,0,16,14,7,2,2,6,3,6,2,0,0,53,48,21,11,6,3,3,0,0,1788050605.416379,G1,T02,angolo_120,1,moving
5834301,0,0,0,0,0,0,0,0,14,9,8,8,2,6,4,5,2,0,0,53,46,21,11,6,3,3,0,0,1788050605.6163213,G1,T02,angolo_120,1,moving
5834501,0,0,0,0,0,0,0,0,21,17,6,4,3,5,4,5,3,0,0,54,45,22,11,6,3,3,0,0,1788050605.8172011,G1,T02,angolo_120,1,moving
5834701,0,0,0,0,0,0,0,0,20,11,9,9,7,5,5,6,2,0,0,55,46,23,11,6,4,3,0,0,1788050606.0167253,G1,T02,angolo_120,1,moving
5834901,0,0,0,0,0,0,0,0,15,11,5,6,7,4,4,6,3,0,0,55,48,25,12,6,4,3,0,0,1788050606.2169197,G1,T02,angolo_120,1,moving
5835101,0,0,0,0,0,0,0,0,23,16,4,5,4,4,5,6,3,0,0,56,50,26,11,6,4,3,0,0,1788050606.4165888,G1,T02,angolo_120,1,moving
5835301,0,0,0,0,0,0,0,0,21,15,5,8,2,5,4,6,2,0,0,54,49,25,11,6,4,3,0,0,1788050606.6174703,G1,T02,angolo_120,1,moving
5835501,0,0,0,0,0,0,0,0,21,15,4,7,1,5,5,5,2,0,0,52,46,23,11,6,4,3,0,0,1788050606.817422,G1,T02,angolo_120,1,moving
5835701,0,0,0,0,0,0,0,0,14,9,5,6,1,4,5,6,3,0,0,50,44,21,11,6,4,3,0,0,1788050607.017053,G1,T02,angolo_120,1,moving
5835901,0,0,0,0,0,0,0,0,17,12,5,3,3,6,6,4,2,0,0,50,43,21,10,5,4,3,0,0,1788050607.216293,G1,T02,angolo_120,1,moving
5836101,0,0,0,0,0,0,0,0,18,9,3,2,3,6,5,4,2,0,0,49,44,21,10,5,4,3,0,0,1788050607.4166696,G1,T02,angolo_120,1,moving
5836301,0,0,0,0,0,0,0,0,20,12,4,3,5,5,5,5,3,0,0,47,46,22,10,5,4,3,0,0,1788050607.6167927,G1,T02,angolo_120,1,moving
5836501,0,0,0,0,0,0,0,0,14,11,2,3,4,7,4,5,3,0,0,46,46,22,10,4,4,3,0,0,1788050607.8173022,G1,T02,angolo_120,1,moving
5836701,0,0,0,0,0,0,0,0,20,17,2,2,6,5,5,5,2,0,0,43,45,22,10,4,4,3,0,0,1788050608.0172777,G1,T02,angolo_120,1,moving
5836901,0,0,0,0,0,0,0,0,19,14,3,1,2,6,6,5,3,0,0,41,43,21,10,4,4,3,0,0,1788050608.2167137,G1,T02,angolo_120,1,moving
5837101,0,0,0,0,0,0,0,0,22,19,7,7,1,5,5,6,2,0,0,39,41,20,9,4,3,3,0,0,1788050608.4162977,G1,T02,angolo_120,1,moving
5837301,0,0,0,0,0,0,0,0,17,12,5,9,2,4,5,6,2,0,0,37,40,20,8,4,3,3,0,0,1788050608.6165311,G1,T02,angolo_120,1,moving
5837501,0,0,0,0,0,0,0,0,17,10,7,5,3,2,4,5,2,0,0,36,40,20,8,4,3,3,0,0,1788050608.8172784,G1,T02,angolo_120,1,moving
5837701,0,0,0,0,0,0,0,0,13,16,7,9,4,3,3,7,2,0,0,37,41,21,9,5,3,3,0,0,1788050609.0172398,G1,T02,angolo_120,1,moving
5837901,0,0,0,0,0,0,0,0,20,12,7,7,5,4,3,5,2,0,0,40,43,22,9,5,3,3,0,0,1788050609.2171893,G1,T02,angolo_120,1,moving
5838101,0,0,0,0,0,0,0,0,15,11,6,5,4,4,3,6,3,0,0,40,45,22,9,5,3,3,0,0,1788050609.4165697,G1,T02,angolo_120,1,moving
5838301,0,0,0,0,0,0,0,0,18,14,4,7,3,4,4,6,2,0,0,39,45,21,8,5,4,3,0,0,1788050609.6167705,G1,T02,angolo_120,1,moving
5838501,0,0,0,0,0,0,0,0,15,12,7,9,5,5,4,5,1,0,0,37,44,21,8,5,3,3,0,0,1788050609.8172324,G1,T02,angolo_120,1,moving
5838701,0,0,0,0,0,0,0,0,19,10,5,6,4,4,4,5,1,0,0,35,43,20,8,5,3,3,0,0,1788050610.0169942,G1,T02,angolo_120,1,moving
5838901,0,0,0,0,0,0,0,0,20,11,2,1,6,4,4,6,2,0,0,33,41,19,8,5,3,3,0,0,1788050610.2172801,G1,T02,angolo_120,1,moving
5839101,0,0,0,0,0,0,0,0,15,13,3,3,6,5,4,7,3,0,0,32,41,18,7,5,3,3,0,0,1788050610.4173443,G1,T02,angolo_120,1,moving
5839301,0,0,0,0,0,0,0,0,16,13,2,2,5,3,5,6,1,0,0,32,42,19,8,5,3,3,0,0,1788050610.6172986,G1,T02,angolo_120,1,moving
5839501,0,0,0,0,0,0,0,0,13,8,3,2,5,4,5,5,2,0,0,33,43,20,8,5,3,3,0,0,1788050610.816921,G1,T02,angolo_120,1,moving
5839701,0,0,0,0,0,0,0,0,19,13,3,3,3,5,3,5,2,0,0,33,43,20,8,5,3,3,0,0,1788050611.0175223,G1,T02,angolo_120,1,moving
5839901,0,0,0,0,0,0,0,0,14,8,9,7,3,5,4,5,2,0,0,32,41,20,8,5,3,3,0,0,1788050611.215959,G1,T02,angolo_120,1,moving
5840101,0,0,0,0,0,0,0,0,19,10,6,7,3,5,5,4,3,0,0,32,40,20,8,5,3,3,0,0,1788050611.4173865,G1,T02,angolo_120,1,moving
5840301,0,0,0,0,0,0,0,0,19,13,8,4,4,4,4,5,2,0,0,32,40,20,8,5,3,3,0,0,1788050611.6172912,G1,T02,angolo_120,1,moving
5840501,0,0,0,0,0,0,0,0,19,15,2,5,3,3,4,5,2,0,0,33,40,21,8,4,3,4,0,0,1788050611.8167489,G1,T02,angolo_120,1,moving
5840701,0,0,0,0,0,0,0,0,18,13,4,8,6,5,3,6,3,0,0,33,40,21,8,4,3,4,0,0,1788050612.017358,G1,T02,angolo_120,1,moving
5840901,0,0,0,0,0,0,0,0,13,14,3,2,4,4,6,6,2,0,0,34,42,22,8,4,3,4,0,0,1788050612.2173164,G1,T02,angolo_120,1,moving
5841101,0,0,0,0,0,0,0,0,18,10,6,2,3,5,5,6,3,0,0,35,41,23,9,4,3,4,0,0,1788050612.4167862,G1,T02,angolo_120,1,moving
5841301,0,0,0,0,0,0,0,0,15,9,7,4,2,5,5,4,1,0,0,36,40,23,9,4,4,4,0,0,1788050612.617263,G1,T02,angolo_120,1,moving
5841501,0,0,0,0,0,0,0,0,15,11,4,7,1,7,5,4,2,0,0,38,39,22,8,5,4,4,0,0,1788050612.8167892,G1,T02,angolo_120,1,moving
5841701,0,0,0,0,0,0,0,0,23,14,5,3,2,7,4,4,2,0,0,38,38,21,8,5,4,4,0,0,1788050613.0173898,G1,T02,angolo_120,1,moving
5841901,0,0,0,0,0,0,0,0,15,12,7,4,2,7,5,5,3,0,0,37,36,21,8,4,3,4,0,0,1788050613.2169247,G1,T02,angolo_120,1,moving
5842101,0,0,0,0,0,0,0,0,21,15,6,1,3,8,5,4,3,0,0,37,36,20,8,5,3,4,0,0,1788050613.4165664,G1,T02,angolo_120,1,moving
5842301,0,0,0,0,0,0,0,0,20,13,6,5,3,7,3,4,2,0,0,38,37,20,9,5,3,4,0,0,1788050613.6174426,G1,T02,angolo_120,1,moving
5842501,0,0,0,0,0,0,0,0,20,14,5,5,1,6,6,4,2,0,0,38,37,20,8,5,4,4,0,0,1788050613.8172696,G1,T02,angolo_120,1,moving
5842701,0,0,0,0,0,0,0,0,17,10,3,3,2,5,4,5,3,0,0,38,36,19,8,5,4,3,0,0,1788050614.0174088,G1,T02,angolo_120,1,moving
5842901,0,0,0,0,0,0,0,0,16,12,4,6,3,5,5,4,2,0,0,38,34,19,9,5,3,4,0,0,1788050614.2166557,G1,T02,angolo_120,1,moving
5843101,0,0,0,0,0,0,0,0,15,14,7,4,3,3,5,4,2,0,0,38,33,19,9,5,3,4,0,0,1788050614.4168835,G1,T02,angolo_120,1,moving
5843301,0,0,0,0,0,0,0,0,14,11,7,2,3,3,4,4,2,0,0,38,32,18,9,5,3,4,0,0,1788050614.616977,G1,T02,angolo_120,1,moving
5843501,0,0,0,0,0,0,0,0,19,16,6,2,4,2,6,5,2,0,0,38,32,18,10,5,3,4,0,0,1788050614.8167837,G1,T02,angolo_120,1,moving
5843701,0,0,0,0,0,0,0,0,20,15,2,6,6,3,4,4,3,0,0,40,33,18,10,5,3,4,0,0,1788050615.0175107,G1,T02,angolo_120,1,moving
5843901,0,0,0,0,0,0,0,0,16,11,7,3,6,4,5,5,3,0,0,40,33,19,11,5,3,4,0,0,1788050615.217019,G1,T02,angolo_120,1,moving
5844101,0,0,0,0,0,0,0,0,16,11,6,9,5,3,5,5,2,0,0,39,33,19,11,5,3,4,0,0,1788050615.4177232,G1,T02,angolo_120,1,moving
5844301,0,0,0,0,0,0,0,0,16,14,6,4,3,4,4,5,1,0,0,38,32,18,11,5,3,4,0,0,1788050615.6173851,G1,T02,angolo_120,1,moving
5844501,0,0,0,0,0,0,0,0,15,11,8,7,6,4,6,4,2,0,0,38,32,17,11,5,3,4,0,0,1788050615.8177476,G1,T02,angolo_120,1,moving
5844701,0,0,0,0,0,0,0,0,17,14,7,7,6,3,5,4,2,0,0,39,32,17,11,5,3,4,0,0,1788050616.0169973,G1,T02,angolo_120,1,moving
5844901,0,0,0,0,0,0,0,0,20,15,8,5,8,3,4,5,2,0,0,39,32,16,10,5,3,4,0,0,1788050616.2170367,G1,T02,angolo_120,1,moving
5845101,0,0,0,0,0,0,0,0,14,8,6,5,7,2,7,5,3,0,0,40,34,16,10,5,3,4,0,0,1788050616.4166167,G1,T02,angolo_120,1,moving
5845301,0,0,0,0,0,0,0,0,17,13,6,4,8,2,7,6,3,0,0,40,36,17,10,5,3,4,0,0,1788050616.6169753,G1,T02,angolo_120,1,moving
5845501,0,0,0,0,0,0,0,0,17,10,3,5,6,3,5,5,3,0,0,39,36,17,9,4,3,4,0,0,1788050616.8167858,G1,T02,angolo_120,1,moving
5845701,0,0,0,0,0,0,0,0,19,10,1,9,4,5,6,4,2,0,0,37,34,17,9,4,3,4,0,0,1788050617.0170665,G1,T02,angolo_120,1,moving
5845901,0,0,0,0,0,0,0,0,14,10,7,8,6,4,5,5,2,0,0,37,34,17,9,4,3,4,0,0,1788050617.2172325,G1,T02,angolo_120,1,moving
5846101,0,0,0,0,0,0,0,0,20,14,5,2,4,3,5,5,3,0,0,37,34,17,9,4,3,4,0,0,1788050617.4173434,G1,T02,angolo_120,1,moving
5846301,0,0,0,0,0,0,0,0,14,10,6,8,8,4,4,5,3,0,0,38,35,17,9,4,3,4,0,0,1788050617.6168118,G1,T02,angolo_120,1,moving
5846501,0,0,0,0,0,0,0,0,17,10,4,4,5,3,5,5,2,0,0,38,35,18,9,4,3,4,0,0,1788050617.8168564,G1,T02,angolo_120,1,moving
5846701,0,0,0,0,0,0,0,0,14,10,6,6,4,3,5,4,2,0,0,37,35,17,9,4,3,4,0,0,1788050618.0174506,G1,T02,angolo_120,1,moving
5846901,0,0,0,0,0,0,0,0,15,10,4,6,6,4,5,5,3,0,0,38,35,17,9,4,3,4,0,0,1788050618.2169807,G1,T02,angolo_120,1,moving
5847101,0,0,0,0,0,0,0,0,24,16,2,9,3,5,4,5,3,0,0,36,34,16,8,4,3,4,0,0,1788050618.4169173,G1,T02,angolo_120,1,moving
5847301,0,0,0,0,0,0,0,0,17,14,2,7,4,4,5,4,2,0,0,35,34,16,8,4,3,3,0,0,1788050618.6175852,G1,T02,angolo_120,1,moving
5847501,0,0,0,0,0,0,0,0,21,16,5,4,3,4,4,5,2,0,0,35,33,16,8,4,3,4,0,0,1788050618.816673,G1,T02,angolo_120,1,moving
5847701,0,0,0,0,0,0,0,0,15,12,9,8,3,6,4,4,2,0,0,35,32,15,7,4,3,4,0,0,1788050619.0176623,G1,T02,angolo_120,1,moving
5847901,0,0,0,0,0,0,0,0,13,11,2,4,5,5,5,5,3,0,0,36,32,14,7,4,3,4,0,0,1788050619.2170625,G1,T02,angolo_120,1,moving
5848101,0,0,0,0,0,0,0,0,14,9,5,1,4,4,5,5,2,0,0,37,32,14,7,4,3,3,0,0,1788050619.4171433,G1,T02,angolo_120,1,moving
5848301,0,0,0,0,0,0,0,0,18,11,9,5,3,5,5,4,2,0,0,36,31,13,7,4,3,3,0,0,1788050619.6173341,G1,T02,angolo_120,1,moving
5848501,0,0,0,0,0,0,0,0,20,18,7,5,4,5,4,4,3,0,0,35,30,13,7,4,3,3,0,0,1788050619.8170211,G1,T02,angolo_120,1,moving
5848701,0,0,0,0,0,0,0,0,20,14,2,10,5,4,5,4,3,0,0,33,28,13,7,4,3,3,0,0,1788050620.0175238,G1,T02,angolo_120,1,moving
5848901,0,0,0,0,0,0,0,0,15,10,6,9,4,3,5,4,2,0,0,33,26,12,7,4,3,3,0,0,1788050620.2169044,G1,T02,angolo_120,1,moving
5849101,0,0,0,0,0,0,0,0,14,11,6,1,5,2,4,5,3,0,0,33,26,12,8,4,3,3,0,0,1788050620.4175544,G1,T02,angolo_120,1,moving
5849301,0,0,0,0,0,0,0,0,19,9,4,3,4,2,4,5,3,0,0,33,25,11,8,4,3,3,0,0,1788050620.6168745,G1,T02,angolo_120,1,moving
5849501,0,0,0,0,0,0,0,0,14,10,3,4,7,2,5,4,2,0,0,33,25,11,9,4,3,3,0,0,1788050620.8175144,G1,T02,angolo_120,1,moving
5849701,0,0,0,0,0,0,0,0,15,13,2,7,4,2,4,4,3,0,0,33,25,12,9,4,3,3,0,0,1788050621.017339,G1,T02,angolo_120,1,moving
5849901,0,0,0,0,0,0,0,0,19,11,5,9,4,2,5,4,2,0,0,31,24,11,9,4,3,3,0,0,1788050621.2170289,G1,T02,angolo_120,1,moving
5850101,0,0,0,0,0,0,0,0,20,14,8,7,3,3,6,4,2,0,0,31,24,11,8,4,3,3,0,0,1788050621.417254,G1,T02,angolo_120,1,moving
5850301,0,0,0,0,0,0,0,0,14,7,6,5,5,2,5,4,3,0,0,31,23,10,8,4,3,3,0,0,1788050621.6176546,G1,T02,angolo_120,1,moving
5850501,0,0,0,0,0,0,0,0,18,12,4,2,5,3,5,4,1,0,0,32,23,11,8,4,3,3,0,0,1788050621.8174741,G1,T02,angolo_120,1,moving
5850701,0,0,0,0,0,0,0,0,16,12,8,2,5,4,5,5,3,0,0,32,23,11,8,4,3,3,0,0,1788050622.0176694,G1,T02,angolo_120,1,moving
5850901,0,0,0,0,0,0,0,0,15,10,5,6,2,4,6,5,3,0,0,33,24,11,8,4,3,3,0,0,1788050622.2173507,G1,T02,angolo_120,1,moving
5851101,0,0,0,0,0,0,0,0,23,17,5,6,3,4,5,5,3,0,0,33,23,12,8,4,3,3,0,0,1788050622.4171667,G1,T02,angolo_120,1,moving
5851301,0,0,0,0,0,0,0,0,17,10,2,10,4,4,6,4,2,0,0,33,23,12,8,4,3,3,0,0,1788050622.6170526,G1,T02,angolo_120,1,moving
5851501,0,0,0,0,0,0,0,0,13,9,4,7,6,3,5,5,3,0,0,33,24,12,8,3,3,3,0,0,1788050622.817139,G1,T02,angolo_120,1,moving
5851701,0,0,0,0,0,0,0,0,18,11,6,3,6,1,5,5,3,0,0,33,25,12,8,3,3,3,0,0,1788050623.0169413,G1,T02,angolo_120,1,moving
5851901,0,0,0,0,0,0,0,0,16,10,6,5,7,1,6,5,4,0,0,33,26,12,9,3,3,3,0,0,1788050623.2174606,G1,T02,angolo_120,1,moving
5852101,0,0,0,0,0,0,0,0,16,10,6,4,5,1,4,4,3,0,0,33,26,12,9,3,3,3,0,0,1788050623.4185138,G1,T02,angolo_120,1,moving
5852301,0,0,0,0,0,0,0,0,17,15,2,6,4,1,5,5,4,0,0,32,26,12,9,3,3,3,0,0,1788050623.6173275,G1,T02,angolo_120,1,moving
5852501,0,0,0,0,0,0,0,0,16,15,6,9,4,3,5,4,2,0,0,32,26,12,9,3,3,3,0,0,1788050623.8176167,G1,T02,angolo_120,1,moving
5852701,0,0,0,0,0,0,0,0,13,12,10,11,3,4,4,5,4,0,0,33,26,12,9,3,3,3,0,0,1788050624.0172932,G1,T02,angolo_120,1,moving
5852901,0,0,0,0,0,0,0,0,16,8,2,7,5,4,5,5,4,0,0,33,26,11,9,3,3,3,0,0,1788050624.2176082,G1,T02,angolo_120,1,moving
5853101,0,0,0,0,0,0,0,0,14,8,3,2,7,3,5,5,3,0,0,33,26,12,9,3,3,3,0,0,1788050624.4175076,G1,T02,angolo_120,1,moving
5853301,0,0,0,0,0,0,0,0,13,8,3,1,6,5,4,5,2,0,0,34,26,12,9,3,3,3,0,0,1788050624.6172907,G1,T02,angolo_120,1,moving
5853501,0,0,0,0,0,0,0,0,20,13,6,2,4,5,5,5,4,0,0,34,26,12,9,3,3,3,0,0,1788050624.8172178,G1,T02,angolo_120,1,moving
5853701,0,0,0,0,0,0,0,0,14,12,10,5,5,4,5,4,3,0,0,35,27,12,9,3,3,3,0,0,1788050625.0178893,G1,T02,angolo_120,1,moving
5853901,0,0,0,0,0,0,0,0,21,8,3,9,4,4,6,5,3,0,0,36,27,12,9,3,3,3,0,0,1788050625.2168856,G1,T02,angolo_120,1,moving
5854101,0,0,0,0,0,0,0,0,18,17,4,8,3,3,4,5,3,0,0,36,26,12,9,3,3,3,0,0,1788050625.417325,G1,T02,angolo_120,1,moving
5854301,0,0,0,0,0,0,0,0,14,10,6,3,5,1,5,6,4,0,0,36,27,12,9,3,3,3,0,0,1788050625.6173418,G1,T02,angolo_120,1,moving
5854501,0,0,0,0,0,0,0,0,17,11,6,5,6,1,6,5,3,0,0,36,27,12,10,3,3,3,0,0,1788050625.811945,G1,T02,angolo_120,1,moving
5854701,0,0,0,0,0,0,0,0,20,12,3,6,7,1,6,5,3,0,0,36,27,12,10,3,3,3,0,0,1788050626.0178678,G1,T02,angolo_120,1,moving
5854901,0,0,0,0,0,0,0,0,13,10,3,8,6,2,5,5,3,0,0,36,27,11,10,3,3,3,0,0,1788050626.2171779,G1,T02,angolo_120,1,moving
5855101,0,0,0,0,0,0,0,0,16,10,2,7,7,2,6,5,3,0,0,36,28,11,10,3,3,3,0,0,1788050626.4173987,G1,T02,angolo_120,1,moving
5855301,0,0,0,0,0,0,0,0,19,15,5,9,7,1,5,4,2,0,0,37,28,11,10,3,3,3,0,0,1788050626.6177137,G1,T02,angolo_120,1,moving
5855501,0,0,0,0,0,0,0,0,16,9,8,10,7,2,5,5,3,0,0,37,28,10,10,3,3,3,0,0,1788050626.8178053,G1,T02,angolo_120,1,moving
5855701,0,0,0,0,0,0,0,0,15,10,9,7,6,2,4,5,2,0,0,37,28,10,9,4,3,3,0,0,1788050627.0171428,G1,T02,angolo_120,1,moving
5855901,0,0,0,0,0,0,0,0,23,15,6,7,8,2,5,5,2,0,0,37,27,10,8,4,3,3,0,0,1788050627.2170608,G1,T02,angolo_120,1,moving
5856101,0,0,0,0,0,0,0,0,19,11,4,3,7,1,6,5,3,0,0,37,28,10,8,4,3,3,0,0,1788050627.417291,G1,T02,angolo_120,1,moving
5856301,0,0,0,0,0,0,0,0,19,15,4,1,7,2,6,5,3,0,0,37,29,10,8,4,3,3,0,0,1788050627.617151,G1,T02,angolo_120,1,moving
5856501,0,0,0,0,0,0,0,0,15,10,3,1,7,2,5,5,2,0,0,37,30,11,8,4,3,3,0,0,1788050627.8177989,G1,T02,angolo_120,1,moving
5856701,0,0,0,0,0,0,0,0,18,11,4,4,5,3,5,3,2,0,0,37,29,11,8,4,3,3,0,0,1788050628.0172572,G1,T02,angolo_120,1,moving
5856901,0,0,0,0,0,0,0,0,15,13,5,6,8,1,6,5,3,0,0,36,28,11,8,4,3,3,0,0,1788050628.2182221,G1,T02,angolo_120,1,moving
5857101,0,0,0,0,0,0,0,0,16,8,8,7,6,1,5,5,3,0,0,37,28,10,8,4,3,3,0,0,1788050628.4171226,G1,T02,angolo_120,1,moving
5857301,0,0,0,0,0,0,0,0,18,14,6,3,5,2,5,6,3,0,0,37,29,9,8,4,3,3,0,0,1788050628.617012,G1,T02,angolo_120,1,moving
5857501,0,0,0,0,0,0,0,0,20,15,7,3,5,3,4,5,3,0,0,38,29,9,9,4,3,3,0,0,1788050628.817483,G1,T02,angolo_120,1,moving
5857701,0,0,0,0,0,0,0,0,16,12,2,4,6,1,5,5,4,0,0,38,30,9,9,4,3,3,0,0,1788050629.0177634,G1,T02,angolo_120,1,moving
5857901,0,0,0,0,0,0,0,0,18,13,3,4,6,1,4,6,3,0,0,38,29,9,9,4,3,3,0,0,1788050629.2175314,G1,T02,angolo_120,1,moving
5858101,0,0,0,0,0,0,0,0,17,13,3,9,6,1,5,5,3,0,0,37,28,9,9,4,3,3,0,0,1788050629.4178665,G1,T02,angolo_120,1,moving
5858301,0,0,0,0,0,0,0,0,13,9,5,7,7,1,5,5,2,0,0,36,28,9,9,4,3,3,0,0,1788050629.617147,G1,T02,angolo_120,1,moving
5858501,0,0,0,0,0,0,0,0,16,14,9,2,6,1,4,6,4,0,0,37,28,9,8,4,3,3,0,0,1788050629.8176763,G1,T02,angolo_120,1,moving
5858701,0,0,0,0,0,0,0,0,14,10,7,3,8,1,5,6,2,0,0,37,28,10,8,4,3,3,0,0,1788050630.0171802,G1,T02,angolo_120,1,moving
5858901,0,0,0,0,0,0,0,0,14,10,6,4,6,1,5,5,3,0,0,38,30,10,8,4,3,3,0,0,1788050630.217517,G1,T02,angolo_120,1,moving
5859101,0,0,0,0,0,0,0,0,15,12,5,4,3,1,3,5,3,0,0,38,30,10,8,5,3,3,0,0,1788050630.4179392,G1,T02,angolo_120,1,moving
5859301,0,0,0,0,0,0,0,0,18,10,7,6,5,1,5,5,2,0,0,38,31,11,8,5,3,3,0,0,1788050630.6172686,G1,T02,angolo_120,1,moving
5859501,0,0,0,0,0,0,0,0,18,9,5,6,3,1,5,5,2,0,0,37,30,11,8,5,3,3,0,0,1788050630.8178625,G1,T02,angolo_120,1,moving
5859701,0,0,0,0,0,0,0,0,16,13,6,10,4,1,5,5,3,0,0,37,29,11,7,4,3,3,0,0,1788050631.0175407,G1,T02,angolo_120,1,moving
5859901,0,0,0,0,0,0,0,0,14,15,8,10,2,1,6,4,3,0,0,37,29,11,8,5,3,3,0,0,1788050631.2173522,G1,T02,angolo_120,1,moving
5860101,0,0,0,0,0,0,0,0,14,15,6,3,1,1,5,5,4,0,0,38,30,11,8,4,3,3,0,0,1788050631.4178572,G1,T02,angolo_120,1,moving
5860301,0,0,0,0,0,0,0,0,17,15,7,4,2,1,6,5,3,0,0,40,31,12,8,5,3,3,0,0,1788050631.6173818,G1,T02,angolo_120,1,moving
5860501,0,0,0,0,0,0,0,0,18,8,3,2,4,1,5,5,3,0,0,41,31,12,8,4,3,3,0,0,1788050631.817737,G1,T02,angolo_120,1,moving
5860701,0,0,0,0,0,0,0,0,13,9,7,6,4,1,5,5,3,0,0,41,31,12,8,4,3,3,0,0,1788050632.017557,G1,T02,angolo_120,1,moving
5860901,0,0,0,0,0,0,0,0,16,10,4,7,5,1,6,4,3,0,0,40,31,11,7,5,3,3,0,0,1788050632.2172067,G1,T02,angolo_120,1,moving
5861101,0,0,0,0,0,0,0,0,20,12,6,6,5,2,4,4,2,0,0,39,30,11,7,5,3,3,0,0,1788050632.4176273,G1,T02,angolo_120,1,moving
5861301,0,0,0,0,0,0,0,0,20,15,9,7,6,2,5,6,4,0,0,38,30,11,7,4,3,3,0,0,1788050632.6179862,G1,T02,angolo_120,1,moving
5861501,0,0,0,0,0,0,0,0,16,13,7,3,7,4,5,5,3,0,0,38,29,11,7,4,3,3,0,0,1788050632.817893,G1,T02,angolo_120,1,moving
5861701,0,0,0,0,0,0,0,0,17,13,6,1,6,3,5,3,2,0,0,37,29,12,7,5,3,3,0,0,1788050633.0172875,G1,T02,angolo_120,1,moving
5861901,0,0,0,0,0,0,0,0,18,13,6,2,4,4,5,4,3,0,0,37,29,12,7,5,3,3,0,0,1788050633.217809,G1,T02,angolo_120,1,moving
5862101,0,0,0,0,0,0,0,0,17,13,11,6,4,3,6,4,3,0,0,37,29,12,7,5,3,3,0,0,1788050633.4174318,G1,T02,angolo_120,1,moving
5862301,0,0,0,0,0,0,0,0,18,14,4,7,4,4,6,5,2,0,0,36,28,12,7,5,3,3,0,0,1788050633.6180558,G1,T02,angolo_120,1,moving
5862501,0,0,0,0,0,0,0,0,14,12,2,11,1,5,7,4,3,0,0,35,27,13,8,5,3,3,0,0,1788050633.8175497,G1,T02,angolo_120,1,moving
5862701,0,0,0,0,0,0,0,0,17,11,8,7,3,3,5,5,3,0,0,35,27,13,8,5,3,3,0,0,1788050634.0174088,G1,T02,angolo_120,1,moving
5862901,0,0,0,0,0,0,0,0,21,17,9,2,3,2,6,4,3,0,0,35,27,13,8,5,4,3,0,0,1788050634.217969,G1,T02,angolo_120,1,moving
5863101,0,0,0,0,0,0,0,0,14,10,7,5,5,3,5,5,3,0,0,36,27,14,8,5,4,3,0,0,1788050634.4180832,G1,T02,angolo_120,1,moving
5863301,0,0,0,0,0,0,0,0,18,12,4,3,3,3,5,4,2,0,0,36,28,14,8,5,4,3,0,0,1788050634.6171694,G1,T02,angolo_120,1,moving
5863501,0,0,0,0,0,0,0,0,16,11,1,6,3,4,6,5,3,0,0,36,27,15,8,5,4,3,0,0,1788050634.81801,G1,T02,angolo_120,1,moving
5863701,0,0,0,0,0,0,0,0,18,17,2,6,3,5,4,4,2,0,0,35,26,14,8,5,4,3,0,0,1788050635.0180213,G1,T02,angolo_120,1,moving
5863901,0,0,0,0,0,0,0,0,17,11,3,7,3,5,4,4,3,0,0,34,25,14,8,5,4,3,0,0,1788050635.2179523,G1,T02,angolo_120,1,moving
5864101,0,0,0,0,0,0,0,0,16,12,4,8,3,4,6,5,2,0,0,33,23,13,8,5,4,3,0,0,1788050635.4176927,G1,T02,angolo_120,1,moving
5864301,0,0,0,0,0,0,0,0,19,13,6,7,2,5,4,4,3,0,0,31,22,13,8,5,4,3,0,0,1788050635.6182091,G1,T02,angolo_120,1,moving
5864501,0,0,0,0,0,0,0,0,15,12,8,4,2,6,5,4,3,0,0,31,21,13,8,5,4,3,0,0,1788050635.8180544,G1,T02,angolo_120,1,moving
5864701,0,0,0,0,0,0,0,0,18,13,6,3,2,5,5,5,3,0,0,31,21,13,8,5,4,3,0,0,1788050636.0176423,G1,T02,angolo_120,1,moving
5864901,0,0,0,0,0,0,0,0,16,14,7,2,3,5,4,4,2,0,0,31,22,13,8,5,3,3,0,0,1788050636.2173855,G1,T02,angolo_120,1,moving
5865101,0,0,0,0,0,0,0,0,20,13,4,5,3,4,6,4,2,0,0,30,21,13,8,5,3,3,0,0,1788050636.4179566,G1,T02,angolo_120,1,moving
5865301,0,0,0,0,0,0,0,0,13,12,4,5,2,5,4,4,2,0,0,29,20,12,8,5,3,3,0,0,1788050636.6177938,G1,T02,angolo_120,1,moving
5865501,0,0,0,0,0,0,0,0,18,11,3,6,4,4,6,5,3,0,0,29,19,12,7,5,3,3,0,0,1788050636.8179896,G1,T02,angolo_120,1,moving
5865701,0,0,0,0,0,0,0,0,18,13,5,8,1,5,5,4,2,0,0,29,19,11,7,5,3,3,0,0,1788050637.0181727,G1,T02,angolo_120,1,moving
5865901,0,0,0,0,0,0,0,0,14,15,6,6,2,4,5,4,4,0,0,30,19,11,6,5,3,3,0,0,1788050637.2178173,G1,T02,angolo_120,1,moving
5866101,0,0,0,0,0,0,0,0,20,16,5,6,1,2,5,3,1,0,0,30,20,11,6,4,3,3,0,0,1788050637.4179113,G1,T02,angolo_120,1,moving
5866301,0,0,0,0,0,0,0,0,15,12,5,3,3,3,4,4,2,0,0,31,20,10,6,4,3,3,0,0,1788050637.6177313,G1,T02,angolo_120,1,moving
5866501,0,0,0,0,0,0,0,0,18,14,5,2,3,4,5,4,2,0,0,30,20,9,5,4,3,3,0,0,1788050637.81752,G1,T02,angolo_120,1,moving
5866701,0,0,0,0,0,0,0,0,13,9,4,3,3,6,5,4,2,0,0,29,18,8,5,4,3,3,0,0,1788050638.0178945,G1,T02,angolo_120,1,moving
5866901,0,0,0,0,0,0,0,0,23,17,5,4,2,6,4,5,2,0,0,28,17,8,6,4,3,3,0,0,1788050638.2179153,G1,T02,angolo_120,1,moving
5867101,0,0,0,0,0,0,0,0,18,16,3,6,1,6,6,4,2,0,0,27,15,7,6,4,3,3,0,0,1788050638.4177125,G1,T02,angolo_120,1,moving
5867301,0,0,0,0,0,0,0,0,15,9,6,8,1,6,6,4,2,0,0,27,15,7,6,4,3,3,0,0,1788050638.617835,G1,T02,angolo_120,1,moving
5867501,0,0,0,0,0,0,0,0,16,12,6,6,1,6,5,5,2,0,0,27,15,7,6,4,3,3,0,0,1788050638.8180182,G1,T02,angolo_120,1,moving
5867701,0,0,0,0,0,0,0,0,14,8,5,5,2,6,5,4,3,0,0,27,16,7,6,3,2,3,0,0,1788050639.0174599,G1,T02,angolo_120,1,moving
5867901,0,0,0,0,0,0,0,0,18,12,6,5,1,7,5,4,2,0,0,26,16,7,6,3,2,3,0,0,1788050639.2180622,G1,T02,angolo_120,1,moving
5868101,0,0,0,0,0,0,0,0,18,11,4,5,1,6,5,4,2,0,0,26,15,8,6,3,2,3,0,0,1788050639.4177682,G1,T02,angolo_120,1,moving
5868301,0,0,0,0,0,0,0,0,17,11,5,8,1,6,4,5,3,0,0,26,15,7,6,3,2,3,0,0,1788050639.6179473,G1,T02,angolo_120,1,moving
5868501,0,0,0,0,0,0,0,0,18,11,6,7,2,4,5,4,2,0,0,26,14,7,6,3,2,3,0,0,1788050639.8179557,G1,T02,angolo_120,1,moving
5868701,0,0,0,0,0,0,0,0,14,10,7,8,3,4,5,4,2,0,0,27,14,7,6,3,2,3,0,0,1788050640.0181403,G1,T02,angolo_120,1,moving
5868901,0,0,0,0,0,0,0,0,23,15,6,6,2,3,5,5,3,0,0,28,14,7,6,3,2,3,0,0,1788050640.2182233,G1,T02,angolo_120,1,moving
5869101,0,0,0,0,0,0,0,0,15,12,5,4,4,3,6,4,2,0,0,28,15,7,6,3,2,3,0,0,1788050640.417716,G1,T02,angolo_120,1,moving
5869301,0,0,0,0,0,0,0,0,19,10,1,6,3,3,4,5,3,0,0,28,15,7,7,3,2,3,0,0,1788050640.618183,G1,T02,angolo_120,1,moving
5869501,0,0,0,0,0,0,0,0,16,15,1,4,2,5,5,6,3,0,0,27,15,8,7,3,2,3,0,0,1788050640.8181064,G1,T02,angolo_120,1,moving
5869701,0,0,0,0,0,0,0,0,17,13,5,5,3,5,5,5,4,0,0,27,15,8,7,3,3,3,0,0,1788050641.0181067,G1,T02,angolo_120,1,moving
5869901,0,0,0,0,0,0,0,0,20,16,7,6,3,4,5,5,3,0,0,27,15,8,7,3,3,3,0,0,1788050641.2173657,G1,T02,angolo_120,1,moving
5870101,0,0,0,0,0,0,0,0,14,15,11,4,4,4,4,6,4,0,0,27,15,9,6,3,3,3,0,0,1788050641.4177923,G1,T02,angolo_120,1,moving
5870301,0,0,0,0,0,0,0,0,17,9,6,5,4,3,6,6,4,0,0,28,15,9,7,3,3,3,0,0,1788050641.618036,G1,T02,angolo_120,1,moving
5870501,0,0,0,0,0,0,0,0,17,13,7,4,4,3,6,5,4,0,0,29,16,9,7,3,3,3,0,0,1788050641.8178115,G1,T02,angolo_120,1,moving
5870701,0,0,0,0,0,0,0,0,24,18,9,7,5,3,5,5,2,0,0,29,16,9,7,3,4,3,0,0,1788050642.018137,G1,T02,angolo_120,1,moving
5870901,0,0,0,0,0,0,0,0,17,10,5,12,4,5,5,4,2,0,0,29,17,10,7,3,4,3,0,0,1788050642.217639,G1,T02,angolo_120,1,moving
5871101,0,0,0,0,0,0,0,0,19,18,10,4,6,2,4,5,2,0,0,30,18,10,8,3,4,3,0,0,1788050642.4182417,G1,T02,angolo_120,1,moving
5871301,0,0,0,0,0,0,0,0,15,11,6,5,5,3,5,5,3,0,0,31,18,11,8,3,4,3,0,0,1788050642.6183085,G1,T02,angolo_120,1,moving
5871501,0,0,0,0,0,0,0,0,17,16,8,5,9,1,5,6,3,0,0,33,20,11,9,4,4,3,0,0,1788050642.8179383,G1,T02,angolo_120,1,moving
5871701,0,0,0,0,0,0,0,0,17,10,7,7,6,2,4,5,4,0,0,37,22,11,10,4,4,3,0,0,1788050643.0177953,G1,T02,angolo_120,1,moving
5871901,0,0,0,0,0,0,0,0,14,11,9,4,1,4,5,5,3,0,0,40,23,13,12,4,4,3,0,0,1788050643.2181232,G1,T02,angolo_120,1,moving
5872101,0,0,0,0,0,0,0,0,13,6,9,7,1,5,6,7,2,0,0,40,24,14,12,4,4,3,0,0,1788050643.417825,G1,T02,angolo_120,1,moving
5872301,0,0,0,0,0,0,0,0,16,10,2,2,8,7,5,5,4,0,0,41,26,15,13,4,4,3,0,0,1788050643.618347,G1,T02,angolo_120,1,moving
5872501,0,0,0,0,0,0,0,0,17,13,6,3,5,11,7,4,2,0,0,43,27,17,14,5,4,4,0,0,1788050643.818217,G1,T02,angolo_120,1,moving
5872701,0,0,0,0,0,0,0,0,19,19,8,5,4,3,4,4,2,0,0,43,27,18,15,5,4,3,0,0,1788050644.0184,G1,T02,angolo_120,1,moving
5872901,0,0,0,0,0,0,0,0,17,11,5,2,9,3,4,5,2,0,0,43,28,19,15,5,4,4,0,0,1788050644.2183213,G1,T02,angolo_120,1,moving
5873101,0,0,0,0,0,0,0,0,17,15,11,10,7,11,3,2,2,0,0,47,29,21,16,6,5,4,0,0,1788050644.4179387,G1,T02,angolo_120,1,moving
5873301,0,0,0,0,0,0,0,0,15,38,19,6,7,5,6,5,3,0,0,51,31,23,17,6,5,4,0,0,1788050644.6183038,G1,T02,angolo_120,1,moving
5873501,0,0,0,0,0,0,0,0,15,15,5,4,4,3,7,4,3,0,0,56,34,25,18,6,5,4,0,0,1788050644.817762,G1,T02,angolo_120,1,moving
5873701,0,0,0,0,0,0,0,0,24,20,20,11,7,4,8,3,2,0,0,58,36,26,19,6,5,4,0,0,1788050645.0186656,G1,T02,angolo_120,1,moving
5873901,0,0,0,0,0,0,0,0,15,11,2,5,10,7,5,3,2,0,0,60,38,27,20,7,5,4,0,0,1788050645.2178102,G1,T02,angolo_120,1,moving
5874101,0,0,0,0,0,0,0,0,15,9,7,10,5,6,4,3,2,0,0,62,40,29,22,7,4,4,0,0,1788050645.418054,G1,T02,angolo_120,1,moving
5874301,0,0,0,0,0,0,0,0,18,13,8,5,13,2,3,5,3,0,0,63,40,31,22,7,4,4,0,0,1788050645.6178267,G1,T02,angolo_120,1,moving
5874501,0,0,0,0,0,0,0,0,17,30,16,9,6,6,5,6,2,0,0,66,42,31,24,7,4,4,0,0,1788050645.8178642,G1,T02,angolo_120,1,moving
5874701,0,0,0,0,0,0,0,0,17,18,9,7,8,4,7,4,2,0,0,69,45,31,25,8,5,5,0,0,1788050646.0181181,G1,T02,angolo_120,1,moving
5874901,0,0,0,0,0,0,0,0,14,13,14,11,6,2,7,5,3,0,0,72,46,32,25,8,5,5,0,0,1788050646.2186096,G1,T02,angolo_120,1,moving
5875101,0,0,0,0,0,0,0,0,18,14,9,14,7,3,2,4,3,0,0,72,48,33,26,8,5,4,0,0,1788050646.418678,G1,T02,angolo_120,1,moving
5875301,0,0,0,0,0,0,0,0,18,13,4,2,5,10,4,6,2,0,0,72,49,34,26,8,5,4,0,0,1788050646.6185157,G1,T02,angolo_120,1,moving
5875501,0,0,0,0,0,0,0,0,14,9,2,11,8,6,6,5,3,0,0,72,50,35,27,9,5,4,0,0,1788050646.8182204,G1,T02,angolo_120,1,moving
5875701,0,0,0,0,0,0,0,0,19,22,13,12,6,5,6,4,3,0,0,71,52,37,27,9,5,4,0,0,1788050647.0182679,G1,T02,angolo_120,1,moving
5875901,0,0,0,0,0,0,0,0,22,22,10,9,4,1,4,6,3,0,0,71,54,37,26,9,5,4,0,0,1788050647.2183325,G1,T02,angolo_120,1,moving
5876101,0,0,0,0,0,0,0,0,16,18,3,5,12,9,4,5,3,0,0,74,55,37,27,9,5,4,0,0,1788050647.4182837,G1,T02,angolo_120,1,moving
5876301,0,0,0,0,0,0,0,0,21,18,3,9,5,6,2,4,2,0,0,72,56,38,27,9,5,4,0,0,1788050647.6186643,G1,T02,angolo_120,1,moving
5876501,0,0,0,0,0,0,0,0,18,17,15,7,3,9,1,4,2,0,0,72,56,37,26,9,5,4,0,0,1788050647.8187747,G1,T02,angolo_120,1,moving
5876701,0,0,0,0,0,0,0,0,15,10,10,10,4,9,8,4,1,0,0,74,59,36,28,10,5,4,0,0,1788050648.0183136,G1,T02,angolo_120,1,moving
5876901,0,0,0,0,0,0,0,0,16,21,9,10,5,7,3,7,2,0,0,76,62,37,28,10,5,4,0,0,1788050648.2178643,G1,T02,angolo_120,1,moving
5877101,0,0,0,0,0,0,0,0,18,19,9,8,7,5,7,4,3,0,0,74,61,37,29,9,5,4,0,0,1788050648.4184933,G1,T02,angolo_120,1,moving
5877301,0,0,0,0,0,0,0,0,13,8,12,6,1,8,2,4,2,0,0,72,60,35,29,10,5,4,0,0,1788050648.6181445,G1,T02,angolo_120,1,moving
5877501,0,0,0,0,0,0,0,0,16,12,5,6,2,1,3,3,3,0,0,69,61,35,28,10,5,4,0,0,1788050648.8183708,G1,T02,angolo_120,1,moving
5877701,0,0,0,0,0,0,0,0,14,11,10,9,7,7,3,4,3,0,0,68,60,35,29,10,5,4,0,0,1788050649.0184054,G1,T02,angolo_120,1,moving
5877901,0,0,0,0,0,0,0,0,16,12,14,11,10,2,6,3,3,0,0,69,62,35,28,10,5,4,0,0,1788050649.2186842,G1,T02,angolo_120,1,moving
5878101,0,0,0,0,0,0,0,0,17,11,5,1,9,6,5,5,4,0,0,69,63,36,28,10,5,4,0,0,1788050649.4182928,G1,T02,angolo_120,1,moving
5878301,0,0,0,0,0,0,0,0,19,14,6,15,13,6,8,5,3,0,0,67,64,36,29,10,6,4,0,0,1788050649.6178885,G1,T02,angolo_120,1,moving
5878501,0,0,0,0,0,0,0,0,17,20,5,2,9,6,3,4,3,0,0,65,63,36,28,11,6,4,0,0,1788050649.8180032,G1,T02,angolo_120,1,moving
5878701,0,0,0,0,0,0,0,0,17,12,6,3,7,7,2,5,3,0,0,63,62,37,28,11,5,4,0,0,1788050650.0186913,G1,T02,angolo_120,1,moving
5878901,0,0,0,0,0,0,0,0,14,13,16,11,7,10,3,4,3,0,0,62,63,38,29,11,5,4,0,0,1788050650.2178717,G1,T02,angolo_120,1,moving
5879101,0,0,0,0,0,0,0,0,17,14,8,11,7,7,5,4,2,0,0,65,62,36,29,11,5,4,0,0,1788050650.4182549,G1,T02,angolo_120,1,moving
5879301,0,0,0,0,0,0,0,0,14,10,6,4,7,10,6,5,3,0,0,66,63,35,29,11,6,4,0,0,1788050650.6181853,G1,T02,angolo_120,1,moving
5879501,0,0,0,0,0,0,0,0,17,13,15,10,8,8,3,4,3,0,0,66,61,36,29,10,5,4,0,0,1788050650.8190112,G1,T02,angolo_120,1,moving
5879701,0,0,0,0,0,0,0,0,13,10,9,12,10,4,1,6,3,0,0,64,59,34,29,11,5,4,0,0,1788050651.019013,G1,T02,angolo_120,1,moving
5879901,0,0,0,0,0,0,0,0,15,11,10,6,7,5,2,4,2,0,0,66,58,33,30,12,6,4,0,0,1788050651.2179594,G1,T02,angolo_120,1,moving
5880101,0,0,0,0,0,0,0,0,16,14,8,13,3,3,4,4,2,0,0,64,59,33,29,12,6,4,0,0,1788050651.4187572,G1,T02,angolo_120,1,moving
5880301,0,0,0,0,0,0,0,0,18,18,5,16,8,4,6,5,3,0,0,66,59,33,29,12,6,4,0,0,1788050651.6180267,G1,T02,angolo_120,1,moving
5880501,0,0,0,0,0,0,0,0,23,24,11,3,8,2,5,5,3,0,0,69,61,33,30,12,5,4,0,0,1788050651.818939,G1,T02,angolo_120,1,moving
5880701,0,0,0,0,0,0,0,0,18,14,7,10,3,1,5,5,3,0,0,66,60,32,28,11,5,4,0,0,1788050652.018356,G1,T02,angolo_120,1,moving
5880901,0,0,0,0,0,0,0,0,15,9,3,7,6,5,3,5,3,0,0,64,56,31,28,12,5,4,0,0,1788050652.218338,G1,T02,angolo_120,1,moving
5881101,0,0,0,0,0,0,0,0,14,15,7,5,8,7,5,5,3,0,0,62,57,32,28,12,5,4,0,0,1788050652.4186785,G1,T02,angolo_120,1,moving
5881301,0,0,0,0,0,0,0,0,16,11,11,10,11,4,6,3,2,0,0,63,58,32,27,12,5,4,0,0,1788050652.6186316,G1,T02,angolo_120,1,moving
5881501,0,0,0,0,0,0,0,0,15,11,8,11,2,4,6,4,4,0,0,64,57,32,28,12,6,4,0,0,1788050652.8186245,G1,T02,angolo_120,1,moving
5881701,0,0,0,0,0,0,0,0,20,15,11,12,9,1,7,5,2,0,0,64,58,32,27,12,6,4,0,0,1788050653.0189366,G1,T02,angolo_120,1,moving
5881901,0,0,0,0,0,0,0,0,22,20,14,12,5,1,4,6,3,0,0,64,57,31,27,11,6,4,0,0,1788050653.2183397,G1,T02,angolo_120,1,moving
5882101,0,0,0,0,0,0,0,0,16,13,10,9,9,6,1,4,3,0,0,63,55,30,27,12,6,4,0,0,1788050653.4181209,G1,T02,angolo_120,1,moving
5882301,0,0,0,0,0,0,0,0,17,13,10,4,9,9,1,4,3,0,0,66,54,29,27,12,5,4,0,0,1788050653.6184058,G1,T02,angolo_120,1,moving
5882501,0,0,0,0,0,0,0,0,15,8,6,4,5,8,3,5,3,0,0,64,54,29,27,11,5,4,0,0,1788050653.8184152,G1,T02,angolo_120,1,moving
5882701,0,0,0,0,0,0,0,0,15,13,10,12,2,5,5,4,2,0,0,66,54,30,27,12,5,4,0,0,1788050654.0190806,G1,T02,angolo_120,1,moving
5882901,0,0,0,0,0,0,0,0,21,15,3,6,8,4,6,4,2,0,0,66,54,29,27,11,5,4,0,0,1788050654.2182946,G1,T02,angolo_120,1,moving
5883101,0,0,0,0,0,0,0,0,14,13,13,14,1,4,5,5,2,0,0,65,52,28,26,12,5,4,0,0,1788050654.4191685,G1,T02,angolo_120,1,moving
5883301,0,0,0,0,0,0,0,0,15,19,19,13,8,6,2,3,2,0,0,65,52,28,25,11,5,4,0,0,1788050654.6181033,G1,T02,angolo_120,1,moving
5883501,0,0,0,0,0,0,0,0,18,12,6,8,1,3,3,3,2,0,0,68,57,29,24,11,5,4,0,0,1788050654.8186,G1,T02,angolo_120,1,moving
5883701,0,0,0,0,0,0,0,0,17,15,23,17,10,9,3,3,3,0,0,69,58,30,24,11,5,4,0,0,1788050655.0192316,G1,T02,angolo_120,1,moving
5883901,0,0,0,0,0,0,0,0,17,18,20,10,8,7,5,5,3,0,0,69,58,31,25,10,5,4,0,0,1788050655.218314,G1,T02,angolo_120,1,moving
5884101,0,0,0,0,0,0,0,0,22,22,9,8,11,12,5,4,2,0,0,71,58,31,26,10,5,4,0,0,1788050655.4187577,G1,T02,angolo_120,1,moving
5884301,0,0,0,0,0,0,0,0,14,29,15,10,5,1,6,5,2,0,0,72,57,32,25,10,5,3,0,0,1788050655.6194363,G1,T02,angolo_120,1,moving
5884501,0,0,0,0,0,0,0,0,18,13,16,12,9,3,4,4,2,0,0,71,57,34,25,10,5,4,0,0,1788050655.818674,G1,T02,angolo_120,1,moving
5884701,0,0,0,0,0,0,0,0,20,13,3,13,8,4,2,2,1,0,0,72,57,35,25,11,5,4,0,0,1788050656.0188007,G1,T02,angolo_120,1,moving
5884901,0,0,0,0,0,0,0,0,13,15,14,15,7,5,4,4,1,0,0,76,59,35,24,10,5,4,0,0,1788050656.2189372,G1,T02,angolo_120,1,moving
5885101,0,0,0,0,0,0,0,0,16,12,17,14,12,2,6,4,2,0,0,78,62,34,23,10,5,4,0,0,1788050656.4193192,G1,T02,angolo_120,1,moving
5885301,0,0,0,0,0,0,0,0,23,21,5,13,14,6,5,4,1,0,0,78,61,34,23,10,4,4,0,0,1788050656.619099,G1,T02,angolo_120,1,moving
5885501,0,0,0,0,0,0,0,0,22,27,6,10,2,5,3,3,1,0,0,77,58,33,23,9,4,4,0,0,1788050656.8189013,G1,T02,angolo_120,1,moving
5885701,0,0,0,0,0,0,0,0,16,8,6,9,9,2,4,1,1,0,0,76,57,33,23,9,4,4,0,0,1788050657.0188544,G1,T02,angolo_120,1,moving
5885901,0,0,0,0,0,0,0,0,15,11,10,10,12,10,5,1,2,0,0,76,58,35,24,9,4,4,0,0,1788050657.2190723,G1,T02,angolo_120,1,moving
5886101,0,0,0,0,0,0,0,0,19,16,5,11,6,9,8,2,3,0,0,78,60,36,24,9,4,4,0,0,1788050657.4188788,G1,T02,angolo_120,1,moving
5886301,0,0,0,0,0,0,0,0,16,11,7,11,13,2,6,3,3,0,0,78,63,38,24,9,4,4,0,0,1788050657.619031,G1,T02,angolo_120,1,moving
5886501,0,0,0,0,0,0,0,0,18,16,14,14,13,6,5,4,2,0,0,79,64,39,25,9,4,4,0,0,1788050657.818388,G1,T02,angolo_120,1,moving
5886701,0,0,0,0,0,0,0,0,18,18,3,14,10,3,5,3,2,0,0,79,65,40,25,9,4,4,0,0,1788050658.018432,G1,T02,angolo_120,1,moving
5886901,0,0,0,0,0,0,0,0,17,16,12,4,8,1,6,3,2,0,0,77,64,41,25,8,4,4,0,0,1788050658.2186835,G1,T02,angolo_120,1,moving
5887101,0,0,0,0,0,0,0,0,15,11,12,14,4,8,2,2,1,0,0,77,67,42,25,8,4,4,0,0,1788050658.418528,G1,T02,angolo_120,1,moving
5887301,0,0,0,0,0,0,0,0,14,15,11,12,8,3,8,3,2,0,0,74,67,42,25,9,5,4,0,0,1788050658.6190536,G1,T02,angolo_120,1,moving
5887501,0,0,0,0,0,0,0,0,17,13,15,10,10,10,6,2,1,0,0,71,64,42,25,9,5,4,0,0,1788050658.818283,G1,T02,angolo_120,1,moving
5887701,0,0,0,0,0,0,0,0,20,26,11,5,9,10,4,3,2,0,0,70,64,42,27,9,4,4,0,0,1788050659.0183,G1,T02,angolo_120,1,moving
5887901,0,0,0,0,0,0,0,0,18,14,15,9,5,6,4,3,1,0,0,69,64,41,26,9,4,4,0,0,1788050659.219105,G1,T02,angolo_120,1,moving
5888101,0,0,0,0,0,0,0,0,16,9,7,7,6,5,3,3,1,0,0,68,62,40,26,9,4,4,0,0,1788050659.4181502,G1,T02,angolo_120,1,moving
5888301,0,0,0,0,0,0,0,0,13,10,15,8,12,7,5,3,3,0,0,67,62,40,27,9,4,4,0,0,1788050659.6187894,G1,T02,angolo_120,1,moving
5888501,0,0,0,0,0,0,0,0,15,11,8,16,9,3,4,4,1,0,0,63,62,40,28,9,5,5,0,0,1788050659.8189874,G1,T02,angolo_120,1,moving
5888701,0,0,0,0,0,0,0,0,28,28,16,12,13,5,4,4,1,0,0,66,61,40,27,9,5,4,0,0,1788050660.0193913,G1,T02,angolo_120,1,moving
5888901,0,0,0,0,0,0,0,0,22,21,8,5,7,5,4,2,3,0,0,62,61,39,28,9,5,4,0,0,1788050660.2181754,G1,T02,angolo_120,1,moving
5889101,0,0,0,0,0,0,0,0,14,8,7,10,6,6,2,5,1,0,0,61,61,40,29,9,5,4,0,0,1788050660.4182243,G1,T02,angolo_120,1,moving
5889301,0,0,0,0,0,0,0,0,21,12,16,14,9,8,5,2,1,0,0,61,64,41,29,10,5,4,0,0,1788050660.61879,G1,T02,angolo_120,1,moving
5889501,0,0,0,0,0,0,0,0,16,16,14,12,1,10,3,4,3,0,0,63,67,42,30,10,5,4,0,0,1788050660.819442,G1,T02,angolo_120,1,moving
5889701,0,0,0,0,0,0,0,0,15,13,9,11,8,4,4,4,1,0,0,65,68,43,29,10,5,4,0,0,1788050661.0189178,G1,T02,angolo_120,1,moving
5889901,0,0,0,0,0,0,0,0,16,17,7,12,7,1,7,3,2,0,0,64,67,42,30,10,5,4,0,0,1788050661.2191207,G1,T02,angolo_120,1,moving
5890101,0,0,0,0,0,0,0,0,18,13,18,18,9,3,3,4,2,0,0,64,68,42,28,10,5,4,0,0,1788050661.4188848,G1,T02,angolo_120,1,moving
5890301,0,0,0,0,0,0,0,0,19,12,12,3,5,6,4,2,1,0,0,66,66,39,29,10,5,4,0,0,1788050661.6189532,G1,T02,angolo_120,1,moving
5890501,0,0,0,0,0,0,0,0,13,10,13,11,9,9,4,5,4,0,0,66,67,39,28,10,5,4,0,0,1788050661.8183959,G1,T02,angolo_120,1,moving
5890701,0,0,0,0,0,0,0,0,23,18,17,20,11,4,5,5,2,0,0,70,69,39,29,10,6,4,0,0,1788050662.0188022,G1,T02,angolo_120,1,moving
5890901,0,0,0,0,0,0,0,0,18,15,3,8,11,6,6,3,1,0,0,73,68,40,30,10,6,4,0,0,1788050662.2187855,G1,T02,angolo_120,1,moving
5891101,0,0,0,0,0,0,0,0,14,13,16,11,2,4,2,5,2,0,0,74,68,38,30,10,5,4,0,0,1788050662.4192102,G1,T02,angolo_120,1,moving
5891301,0,0,0,0,0,0,0,0,17,7,8,7,4,4,6,3,2,0,0,76,66,38,30,10,5,4,0,0,1788050662.6185064,G1,T02,angolo_120,1,moving
5891501,0,0,0,0,0,0,0,0,23,21,17,13,10,7,3,4,3,0,0,77,66,38,30,10,5,4,0,0,1788050662.8184493,G1,T02,angolo_120,1,moving
5891701,0,0,0,0,0,0,0,0,22,15,12,6,9,7,7,3,1,0,0,80,67,38,29,10,5,4,0,0,1788050663.0183353,G1,T02,angolo_120,1,moving
5891901,0,0,0,0,0,0,0,0,14,19,13,6,4,9,3,4,3,0,0,83,67,39,30,9,6,4,0,0,1788050663.218533,G1,T02,angolo_120,1,moving
5892101,0,0,0,0,0,0,0,0,14,12,7,8,9,2,8,3,3,0,0,82,69,39,30,9,5,4,0,0,1788050663.419183,G1,T02,angolo_120,1,moving
5892301,0,0,0,0,0,0,0,0,15,15,12,13,5,4,5,2,2,0,0,85,71,38,29,9,6,4,0,0,1788050663.6192307,G1,T02,angolo_120,1,moving
5892501,0,0,0,0,0,0,0,0,15,13,4,7,3,9,3,3,3,0,0,85,68,37,30,10,6,4,0,0,1788050663.818498,G1,T02,angolo_120,1,moving
5892701,0,0,0,0,0,0,0,0,19,20,15,10,8,5,4,2,2,0,0,85,69,37,30,10,5,4,0,0,1788050664.0193455,G1,T02,angolo_120,1,moving
5892901,0,0,0,0,0,0,0,0,13,9,10,11,9,5,7,3,3,0,0,88,69,37,31,10,5,4,0,0,1788050664.2192402,G1,T02,angolo_120,1,moving
5893101,0,0,0,0,0,0,0,0,18,16,8,3,9,10,4,3,2,0,0,89,68,38,31,10,5,4,0,0,1788050664.4186764,G1,T02,angolo_120,1,moving
5893301,0,0,0,0,0,0,0,0,19,16,13,5,2,4,5,3,4,0,0,89,65,37,32,10,5,4,0,0,1788050664.6186917,G1,T02,angolo_120,1,moving
5893501,0,0,0,0,0,0,0,0,18,23,14,10,3,1,4,3,3,0,0,87,64,37,32,10,5,4,0,0,1788050664.8185883,G1,T02,angolo_120,1,moving
5893701,0,0,0,0,0,0,0,0,16,11,10,4,2,4,2,5,3,0,0,86,63,36,32,10,6,4,0,0,1788050665.0185695,G1,T02,angolo_120,1,moving
5893901,0,0,0,0,0,0,0,0,19,13,9,9,8,8,6,2,4,0,0,86,65,37,32,10,6,4,0,0,1788050665.218489,G1,T02,angolo_120,1,moving
5894101,0,0,0,0,0,0,0,0,17,14,8,14,11,7,3,5,3,0,0,85,64,38,33,10,6,4,0,0,1788050665.418769,G1,T02,angolo_120,1,moving
5894301,0,0,0,0,0,0,0,0,15,12,10,6,4,3,4,2,2,0,0,83,62,38,33,10,6,4,0,0,1788050665.6183984,G1,T02,angolo_120,1,moving
5894501,0,0,0,0,0,0,0,0,17,9,11,9,2,7,4,5,4,0,0,81,62,37,33,10,6,4,0,0,1788050665.8188355,G1,T02,angolo_120,1,moving
5894701,0,0,0,0,0,0,0,0,18,14,10,10,4,2,5,3,2,0,0,81,62,36,32,10,5,4,0,0,1788050666.0185287,G1,T02,angolo_120,1,moving
5894901,0,0,0,0,0,0,0,0,16,9,12,11,6,3,5,4,2,0,0,80,64,35,31,9,6,4,0,0,1788050666.2184145,G1,T02,angolo_120,1,moving
5895101,0,0,0,0,0,0,0,0,16,16,16,12,9,8,7,2,2,0,0,81,65,35,32,10,6,4,0,0,1788050666.4184494,G1,T02,angolo_120,1,moving
5895301,0,0,0,0,0,0,0,0,20,12,13,3,13,8,7,2,3,0,0,83,66,36,32,10,6,4,0,0,1788050666.619597,G1,T02,angolo_120,1,moving
5895501,0,0,0,0,0,0,0,0,19,12,20,12,9,2,6,3,2,0,0,82,65,35,32,10,6,4,0,0,1788050666.819433,G1,T02,angolo_120,1,moving
5895701,0,0,0,0,0,0,0,0,17,13,8,9,8,6,2,3,2,0,0,81,63,35,32,10,6,4,0,0,1788050667.0191388,G1,T02,angolo_120,1,moving
5895901,0,0,0,0,0,0,0,0,15,19,12,12,10,4,5,4,2,0,0,77,62,36,32,11,6,4,0,0,1788050667.2189424,G1,T02,angolo_120,1,moving
5896101,0,0,0,0,0,0,0,0,17,13,10,6,10,8,6,4,3,0,0,79,61,37,32,10,5,4,0,0,1788050667.4194734,G1,T02,angolo_120,1,moving
5896301,0,0,0,0,0,0,0,0,13,7,3,3,9,10,4,4,1,0,0,78,63,38,33,10,5,4,0,0,1788050667.6192358,G1,T02,angolo_120,1,moving
5896501,0,0,0,0,0,0,0,0,18,14,13,7,9,2,6,2,3,0,0,80,63,38,31,10,5,3,0,0,1788050667.8184612,G1,T02,angolo_120,1,moving
5896701,0,0,0,0,0,0,0,0,18,13,12,2,10,9,2,3,2,0,0,82,61,39,33,10,5,4,0,0,1788050668.0185664,G1,T02,angolo_120,1,moving
5896901,0,0,0,0,0,0,0,0,13,8,9,4,6,7,3,3,2,0,0,80,59,39,33,10,5,4,0,0,1788050668.2184095,G1,T02,angolo_120,1,moving
5897101,0,0,0,0,0,0,0,0,15,19,11,8,9,5,3,3,3,0,0,82,59,37,31,10,5,4,0,0,1788050668.419417,G1,T02,angolo_120,1,moving
5897301,0,0,0,0,0,0,0,0,17,10,10,15,1,2,7,2,2,0,0,85,61,36,30,11,5,4,0,0,1788050668.6192489,G1,T02,angolo_120,1,moving
5897501,0,0,0,0,0,0,0,0,14,12,12,11,9,5,5,2,1,0,0,85,61,36,31,11,5,4,0,0,1788050668.8195028,G1,T02,angolo_120,1,moving
5897701,0,0,0,0,0,0,0,0,15,19,5,7,10,2,5,3,3,0,0,84,58,36,31,11,5,3,0,0,1788050669.0186172,G1,T02,angolo_120,1,moving
5897901,0,0,0,0,0,0,0,0,15,12,9,9,4,4,0,4,2,0,0,84,58,35,30,11,5,3,0,0,1788050669.2189558,G1,T02,angolo_120,1,moving
5898101,0,0,0,0,0,0,0,0,18,11,7,4,4,4,3,3,2,0,0,83,56,34,30,11,5,3,0,0,1788050669.4194052,G1,T02,angolo_120,1,moving
5898301,0,0,0,0,0,0,0,0,15,13,15,12,6,5,7,2,1,0,0,83,58,33,30,12,5,3,0,0,1788050669.619283,G1,T02,angolo_120,1,moving
5898501,0,0,0,0,0,0,0,0,18,13,6,10,11,8,6,4,2,0,0,84,62,34,30,11,5,4,0,0,1788050669.8191965,G1,T02,angolo_120,1,moving
5898701,0,0,0,0,0,0,0,0,20,15,14,11,10,2,4,2,2,0,0,82,59,33,29,11,5,3,0,0,1788050670.0190904,G1,T02,angolo_120,1,moving
5898901,0,0,0,0,0,0,0,0,18,13,8,9,1,4,2,4,2,0,0,82,58,34,30,11,5,4,0,0,1788050670.2192976,G1,T02,angolo_120,1,moving
5899101,0,0,0,0,0,0,0,0,18,12,11,10,8,3,1,3,2,0,0,80,56,34,28,11,5,4,0,0,1788050670.4197319,G1,T02,angolo_120,1,moving
5899301,0,0,0,0,0,0,0,0,26,17,14,20,10,8,6,2,2,0,0,79,57,33,28,11,5,4,0,0,1788050670.6182551,G1,T02,angolo_120,1,moving
5899501,0,0,0,0,0,0,0,0,15,13,11,15,9,1,7,4,4,0,0,79,58,34,28,11,5,4,0,0,1788050670.8196733,G1,T02,angolo_120,1,moving
5899701,0,0,0,0,0,0,0,0,18,22,10,1,9,5,8,4,3,0,0,79,58,35,28,11,5,4,0,0,1788050671.0186663,G1,T02,angolo_120,1,moving
5899901,0,0,0,0,0,0,0,0,16,11,13,5,2,3,5,4,2,0,0,77,58,34,27,10,5,4,0,0,1788050671.2189236,G1,T02,angolo_120,1,moving
5900101,0,0,0,0,0,0,0,0,16,11,2,10,2,4,5,3,2,0,0,74,59,34,26,10,5,4,0,0,1788050671.4195354,G1,T02,angolo_120,1,moving
5900301,0,0,0,0,0,0,0,0,19,14,12,17,16,10,4,2,1,0,0,74,57,35,26,10,5,4,0,0,1788050671.6194139,G1,T02,angolo_120,1,moving
5900501,0,0,0,0,0,0,0,0,18,26,18,4,9,5,3,2,2,0,0,76,58,36,27,10,5,4,0,0,1788050671.819634,G1,T02,angolo_120,1,moving
5900701,0,0,0,0,0,0,0,0,18,12,15,3,4,7,6,3,2,0,0,75,58,36,26,10,5,4,0,0,1788050672.0189736,G1,T02,angolo_120,1,moving
5900901,0,0,0,0,0,0,0,0,15,18,11,8,1,2,5,4,2,0,0,74,60,36,25,10,5,4,0,0,1788050672.2194703,G1,T02,angolo_120,1,moving
5901101,0,0,0,0,0,0,0,0,20,12,10,8,13,10,2,4,3,0,0,74,58,37,27,10,5,4,0,0,1788050672.4196181,G1,T02,angolo_120,1,moving
5901301,0,0,0,0,0,0,0,0,16,12,15,15,15,8,2,2,4,0,0,72,60,39,27,10,5,4,0,0,1788050672.6197524,G1,T02,angolo_120,1,moving
5901501,0,0,0,0,0,0,0,0,13,11,7,1,10,10,7,5,3,0,0,71,59,40,28,10,5,4,0,0,1788050672.8188086,G1,T02,angolo_120,1,moving
5901701,0,0,0,0,0,0,0,0,16,17,10,11,1,2,5,5,2,0,0,71,63,41,27,10,5,4,0,0,1788050673.0189917,G1,T02,angolo_120,1,moving
5901901,0,0,0,0,0,0,0,0,17,10,25,12,4,5,4,2,1,0,0,74,61,41,28,9,5,4,0,0,1788050673.2190187,G1,T02,angolo_120,1,moving
5902101,0,0,0,0,0,0,0,0,16,16,10,7,4,3,4,3,3,0,0,71,61,42,28,9,5,4,0,0,1788050673.4194696,G1,T02,angolo_120,1,moving
5902301,0,0,0,0,0,0,0,0,26,17,14,17,6,3,4,4,3,0,0,72,60,42,27,9,5,4,0,0,1788050673.619117,G1,T02,angolo_120,1,moving
5902501,0,0,0,0,0,0,0,0,18,13,16,16,1,2,5,3,1,0,0,75,58,42,27,9,5,4,0,0,1788050673.8187838,G1,T02,angolo_120,1,moving
5902701,0,0,0,0,0,0,0,0,15,23,19,13,5,6,6,3,2,0,0,74,58,43,28,9,5,4,0,0,1788050674.0190575,G1,T02,angolo_120,1,moving
5902901,0,0,0,0,0,0,0,0,17,17,8,2,4,5,7,5,3,0,0,74,58,43,28,9,5,4,0,0,1788050674.2189026,G1,T02,angolo_120,1,moving
5903101,0,0,0,0,0,0,0,0,15,18,16,18,7,1,4,3,1,0,0,74,59,44,29,9,5,4,0,0,1788050674.4189355,G1,T02,angolo_120,1,moving
5903301,0,0,0,0,0,0,0,0,15,11,11,8,3,5,4,3,2,0,0,74,59,45,29,9,5,4,0,0,1788050674.6186614,G1,T02,angolo_120,1,moving
5903501,0,0,0,0,0,0,0,0,15,15,13,10,14,6,5,2,1,0,0,74,57,44,29,9,4,4,0,0,1788050674.818667,G1,T02,angolo_120,1,moving
5903701,0,0,0,0,0,0,0,0,17,11,14,9,10,8,6,4,1,0,0,75,58,44,30,9,4,4,0,0,1788050675.0189846,G1,T02,angolo_120,1,moving
5903901,0,0,0,0,0,0,0,0,21,15,4,1,4,1,5,3,3,0,0,78,58,44,30,9,4,4,0,0,1788050675.2190657,G1,T02,angolo_120,1,moving
5904101,0,0,0,0,0,0,0,0,22,28,13,5,7,3,4,2,2,0,0,80,58,45,30,9,5,4,0,0,1788050675.4186926,G1,T02,angolo_120,1,moving
5904301,0,0,0,0,0,0,0,0,13,12,7,3,11,11,2,3,2,0,0,80,57,43,31,9,5,4,0,0,1788050675.6185656,G1,T02,angolo_120,1,moving
5904501,0,0,0,0,0,0,0,0,18,17,12,5,4,5,2,3,2,0,0,81,56,44,32,10,5,4,0,0,1788050675.8187902,G1,T02,angolo_120,1,moving
5904701,0,0,0,0,0,0,0,0,17,13,10,5,8,7,2,2,2,0,0,82,57,43,32,10,5,4,0,0,1788050676.0189383,G1,T02,angolo_120,1,moving
5904901,0,0,0,0,0,0,0,0,14,19,5,9,8,7,6,2,2,0,0,80,56,42,33,10,5,4,0,0,1788050676.2195978,G1,T02,angolo_120,1,moving
5905101,0,0,0,0,0,0,0,0,27,17,12,7,2,7,5,5,2,0,0,80,56,42,32,9,5,4,0,0,1788050676.419457,G1,T02,angolo_120,1,moving
5905301,0,0,0,0,0,0,0,0,17,21,13,7,8,7,2,4,2,0,0,79,53,40,31,9,5,3,0,0,1788050676.619148,G1,T02,angolo_120,1,moving
5905501,0,0,0,0,0,0,0,0,14,12,8,2,9,8,3,3,2,0,0,82,54,40,31,9,4,3,0,0,1788050676.8195274,G1,T02,angolo_120,1,moving
5905701,0,0,0,0,0,0,0,0,15,12,21,11,14,8,3,4,2,0,0,83,52,41,32,9,5,3,0,0,1788050677.0194464,G1,T02,angolo_120,1,moving
5905901,0,0,0,0,0,0,0,0,16,14,5,9,4,5,4,3,3,0,0,80,53,40,31,9,4,3,0,0,1788050677.2195208,G1,T02,angolo_120,1,moving
5906101,0,0,0,0,0,0,0,0,15,13,3,9,2,1,5,2,1,0,0,82,55,42,31,9,4,4,0,0,1788050677.4186034,G1,T02,angolo_120,1,moving
5906301,0,0,0,0,0,0,0,0,26,15,9,8,9,6,2,1,1,0,0,81,53,42,32,9,5,4,0,0,1788050677.6195326,G1,T02,angolo_120,1,moving
5906501,0,0,0,0,0,0,0,0,15,19,19,12,6,4,3,2,3,0,0,79,52,42,32,9,5,4,0,0,1788050677.8195157,G1,T02,angolo_120,1,moving
5906701,0,0,0,0,0,0,0,0,16,10,14,15,9,9,2,4,2,0,0,80,53,41,31,9,5,4,0,0,1788050678.0187497,G1,T02,angolo_120,1,moving
5906901,0,0,0,0,0,0,0,0,17,9,16,17,10,6,3,2,2,0,0,82,54,40,31,9,5,4,0,0,1788050678.219683,G1,T02,angolo_120,1,moving
5907101,0,0,0,0,0,0,0,0,16,15,6,8,3,3,6,4,2,0,0,80,55,39,31,9,5,4,0,0,1788050678.4189272,G1,T02,angolo_120,1,moving
5907301,0,0,0,0,0,0,0,0,14,15,2,4,5,2,5,4,1,0,0,78,53,39,31,9,5,4,0,0,1788050678.6189563,G1,T02,angolo_120,1,moving
5907501,0,0,0,0,0,0,0,0,19,20,8,14,13,4,2,2,2,0,0,79,55,40,31,9,5,4,0,0,1788050678.8188376,G1,T02,angolo_120,1,moving
5907701,0,0,0,0,0,0,0,0,18,14,14,8,8,6,5,2,2,0,0,78,52,38,29,9,5,4,0,0,1788050679.019506,G1,T02,angolo_120,1,moving
5907901,0,0,0,0,0,0,0,0,18,19,17,12,2,5,5,2,2,0,0,77,53,39,29,9,5,4,0,0,1788050679.2190323,G1,T02,angolo_120,1,moving
5908101,0,0,0,0,0,0,0,0,14,17,2,3,11,6,7,2,2,0,0,78,53,38,29,9,5,4,0,0,1788050679.4192698,G1,T02,angolo_120,1,moving
5908301,0,0,0,0,0,0,0,0,17,11,13,10,1,5,6,1,2,0,0,77,54,39,28,10,5,4,0,0,1788050679.619909,G1,T02,angolo_120,1,moving
5908501,0,0,0,0,0,0,0,0,25,32,17,11,9,3,5,2,2,0,0,75,55,37,26,9,5,4,0,0,1788050679.8187969,G1,T02,angolo_120,1,moving
5908701,0,0,0,0,0,0,0,0,13,10,9,13,9,8,2,3,3,0,0,72,55,38,26,9,5,4,0,0,1788050680.0182457,G1,T02,angolo_120,1,moving
5908901,0,0,0,0,0,0,0,0,18,13,6,9,10,1,6,3,3,0,0,71,56,38,25,9,5,4,0,0,1788050680.2195425,G1,T02,angolo_120,1,moving
5909101,0,0,0,0,0,0,0,0,17,11,3,3,4,2,5,4,3,0,0,73,57,37,24,9,5,4,0,0,1788050680.4190476,G1,T02,angolo_120,1,moving
5909301,0,0,0,0,0,0,0,0,17,23,15,12,3,4,5,2,3,0,0,74,58,38,25,9,5,4,0,0,1788050680.619375,G1,T02,angolo_120,1,moving
5909501,0,0,0,0,0,0,0,0,17,14,15,4,7,4,6,2,1,0,0,73,58,37,24,9,5,4,0,0,1788050680.8191504,G1,T02,angolo_120,1,moving
5909701,0,0,0,0,0,0,0,0,16,23,18,5,3,7,4,3,2,0,0,72,57,36,24,9,5,5,0,0,1788050681.019254,G1,T02,angolo_120,1,moving
5909901,0,0,0,0,0,0,0,0,21,13,8,9,2,6,4,3,1,0,0,76,58,37,24,9,5,5,0,0,1788050681.219551,G1,T02,angolo_120,1,moving
5910101,0,0,0,0,0,0,0,0,20,12,5,2,5,8,3,2,2,0,0,75,56,36,24,9,5,4,0,0,1788050681.4196901,G1,T02,angolo_120,1,moving
5910301,0,0,0,0,0,0,0,0,19,21,4,2,10,2,6,4,2,0,0,77,57,36,24,9,5,4,0,0,1788050681.6196616,G1,T02,angolo_120,1,moving
5910501,0,0,0,0,0,0,0,0,17,11,5,10,2,3,5,2,1,0,0,77,57,36,24,9,5,4,0,0,1788050681.819014,G1,T02,angolo_120,1,moving
5910701,0,0,0,0,0,0,0,0,21,24,11,12,9,2,7,3,2,0,0,75,56,36,23,9,5,4,0,0,1788050682.018976,G1,T02,angolo_120,1,moving
5910901,0,0,0,0,0,0,0,0,18,14,3,9,4,10,4,2,1,0,0,72,55,36,24,9,5,4,0,0,1788050682.2189806,G1,T02,angolo_120,1,moving
5911101,0,0,0,0,0,0,0,0,21,28,14,4,8,10,6,2,2,0,0,74,53,37,25,9,5,4,0,0,1788050682.4196296,G1,T02,angolo_120,1,moving
5911301,0,0,0,0,0,0,0,0,17,13,13,12,10,4,4,2,1,0,0,74,55,37,25,9,4,4,0,0,1788050682.619273,G1,T02,angolo_120,1,moving
5911501,0,0,0,0,0,0,0,0,18,23,13,13,4,3,5,4,2,0,0,73,52,38,25,9,4,4,0,0,1788050682.8191845,G1,T02,angolo_120,1,moving
5911701,0,0,0,0,0,0,0,0,17,12,12,8,5,4,4,2,1,0,0,73,53,38,26,9,4,4,0,0,1788050683.0196323,G1,T02,angolo_120,1,moving
5911901,0,0,0,0,0,0,0,0,16,10,13,10,9,5,4,2,1,0,0,73,53,37,26,9,4,4,0,0,1788050683.219086,G1,T02,angolo_120,1,moving
5912101,0,0,0,0,0,0,0,0,16,13,14,8,2,5,4,3,2,0,0,70,53,37,26,9,4,4,0,0,1788050683.4190595,G1,T02,angolo_120,1,moving
5912301,0,0,0,0,0,0,0,0,15,15,15,14,4,6,2,1,1,0,0,69,52,36,25,8,4,4,0,0,1788050683.6197133,G1,T02,angolo_120,1,moving
5912501,0,0,0,0,0,0,0,0,16,14,14,11,5,12,2,3,2,0,0,68,51,36,26,9,4,4,0,0,1788050683.8201075,G1,T02,angolo_120,1,moving
5912701,0,0,0,0,0,0,0,0,16,14,12,13,1,4,6,4,1,0,0,71,51,36,27,9,4,4,0,0,1788050684.0193179,G1,T02,angolo_120,1,moving
5912901,0,0,0,0,0,0,0,0,18,11,15,1,10,8,6,2,1,0,0,73,51,36,27,8,4,4,0,0,1788050684.2197678,G1,T02,angolo_120,1,moving
5913101,0,0,0,0,0,0,0,0,16,16,2,3,12,9,4,2,1,0,0,70,49,37,28,8,4,4,0,0,1788050684.419679,G1,T02,angolo_120,1,moving
5913301,0,0,0,0,0,0,0,0,16,11,11,11,4,1,3,3,1,0,0,67,50,35,28,9,4,4,0,0,1788050684.6198413,G1,T02,angolo_120,1,moving
5913501,0,0,0,0,0,0,0,0,17,26,2,12,9,1,6,3,1,0,0,65,50,36,27,9,4,4,0,0,1788050684.818873,G1,T02,angolo_120,1,moving
5913701,0,0,0,0,0,0,0,0,17,15,13,4,10,2,3,5,2,0,0,67,50,35,27,9,4,4,0,0,1788050685.0198498,G1,T02,angolo_120,1,moving
5913901,0,0,0,0,0,0,0,0,21,28,18,12,8,5,5,3,2,0,0,65,50,36,27,9,4,4,0,0,1788050685.2189906,G1,T02,angolo_120,1,moving
5914101,0,0,0,0,0,0,0,0,15,12,8,2,11,8,7,2,3,0,0,65,48,36,27,8,4,4,0,0,1788050685.4192512,G1,T02,angolo_120,1,moving
5914301,0,0,0,0,0,0,0,0,21,28,12,8,10,4,3,2,2,0,0,62,49,37,26,8,4,4,0,0,1788050685.6190255,G1,T02,angolo_120,1,moving
5914501,0,0,0,0,0,0,0,0,16,12,9,12,9,5,3,2,1,0,0,62,49,37,26,8,4,4,0,0,1788050685.8188865,G1,T02,angolo_120,1,moving
5914701,0,0,0,0,0,0,0,0,16,13,19,5,6,9,3,5,2,0,0,63,49,38,27,8,4,4,0,0,1788050686.019929,G1,T02,angolo_120,1,moving
5914901,0,0,0,0,0,0,0,0,19,12,12,15,10,6,7,2,1,0,0,64,49,38,26,8,4,4,0,0,1788050686.2193048,G1,T02,angolo_120,1,moving
5915101,0,0,0,0,0,0,0,0,17,19,13,4,9,5,7,4,1,0,0,63,49,37,25,8,4,4,0,0,1788050686.4198487,G1,T02,angolo_120,1,moving
5915301,0,0,0,0,0,0,0,0,17,18,2,5,5,8,2,2,2,0,0,64,48,37,26,8,4,4,0,0,1788050686.6188896,G1,T02,angolo_120,1,moving
5915501,0,0,0,0,0,0,0,0,17,17,18,19,2,4,4,2,2,0,0,66,52,35,25,9,4,4,0,0,1788050686.8195717,G1,T02,angolo_120,1,moving
5915701,0,0,0,0,0,0,0,0,20,15,8,13,12,3,2,4,3,0,0,66,54,36,25,9,4,4,0,0,1788050687.0198843,G1,T02,angolo_120,1,moving
5915901,0,0,0,0,0,0,0,0,13,10,10,8,7,6,8,3,2,0,0,67,54,36,26,9,4,4,0,0,1788050687.2193136,G1,T02,angolo_120,1,moving
5916101,0,0,0,0,0,0,0,0,16,15,9,6,7,4,7,3,2,0,0,68,53,36,26,9,4,4,0,0,1788050687.4197247,G1,T02,angolo_120,1,moving
5916301,0,0,0,0,0,0,0,0,16,21,7,5,4,7,8,3,2,0,0,68,52,35,26,9,4,4,0,0,1788050687.6194665,G1,T02,angolo_120,1,moving
5916501,0,0,0,0,0,0,0,0,21,17,4,15,7,3,2,3,1,0,0,67,53,35,26,9,4,4,0,0,1788050687.8197424,G1,T02,angolo_120,1,moving
5916701,0,0,0,0,0,0,0,0,21,12,3,6,5,3,4,3,2,0,0,66,54,33,24,9,4,4,0,0,1788050688.0190935,G1,T02,angolo_120,1,moving
5916901,0,0,0,0,0,0,0,0,22,15,17,14,3,7,3,2,1,0,0,65,54,34,24,9,5,4,0,0,1788050688.2200184,G1,T02,angolo_120,1,moving
5917101,0,0,0,0,0,0,0,0,14,18,9,2,9,2,6,3,3,0,0,63,53,34,23,9,5,4,0,0,1788050688.4189367,G1,T02,angolo_120,1,moving
5917301,0,0,0,0,0,0,0,0,13,6,8,9,2,7,3,3,2,0,0,65,54,35,23,9,5,4,0,0,1788050688.619445,G1,T02,angolo_120,1,moving
5917501,0,0,0,0,0,0,0,0,22,14,15,10,7,1,5,3,2,0,0,67,52,34,23,9,5,4,0,0,1788050688.819851,G1,T02,angolo_120,1,moving
5917701,0,0,0,0,0,0,0,0,21,13,11,10,11,1,3,4,2,0,0,64,53,35,23,9,5,4,0,0,1788050689.0202763,G1,T02,angolo_120,1,moving
5917901,0,0,0,0,0,0,0,0,14,9,9,6,2,10,5,4,2,0,0,61,51,34,24,10,5,4,0,0,1788050689.2199092,G1,T02,angolo_120,1,moving
5918101,0,0,0,0,0,0,0,0,15,12,11,8,6,10,6,4,2,0,0,63,53,34,25,10,5,3,0,0,1788050689.4200377,G1,T02,angolo_120,1,moving
5918301,0,0,0,0,0,0,0,0,19,16,5,1,2,5,5,5,2,0,0,63,53,32,24,10,5,4,0,0,1788050689.6190124,G1,T02,angolo_120,1,moving
5918501,0,0,0,0,0,0,0,0,36,18,8,11,5,1,3,3,1,0,0,62,50,32,25,10,5,4,0,0,1788050689.819207,G1,T02,angolo_120,1,moving
5918701,0,0,0,0,0,0,0,0,22,16,11,11,9,6,2,2,2,0,0,64,51,31,25,10,5,4,0,0,1788050690.0192707,G1,T02,angolo_120,1,moving
5918901,0,0,0,0,0,0,0,0,15,16,3,6,4,6,2,3,2,0,0,67,52,30,25,11,5,4,0,0,1788050690.219367,G1,T02,angolo_120,1,moving
5919101,0,0,0,0,0,0,0,0,14,12,16,14,10,10,3,2,1,0,0,67,54,31,25,10,5,4,0,0,1788050690.4189253,G1,T02,angolo_120,1,moving
5919301,0,0,0,0,0,0,0,0,17,13,15,9,2,3,5,2,2,0,0,68,52,32,25,11,5,4,0,0,1788050690.6190188,G1,T02,angolo_120,1,moving
5919501,0,0,0,0,0,0,0,0,18,12,14,4,8,6,7,2,2,0,0,67,50,32,26,11,5,4,0,0,1788050690.8201072,G1,T02,angolo_120,1,moving
5919701,0,0,0,0,0,0,0,0,21,28,10,4,11,9,4,1,2,0,0,65,47,32,27,10,5,4,0,0,1788050691.0202234,G1,T02,angolo_120,1,moving
5919901,0,0,0,0,0,0,0,0,24,11,4,3,7,6,1,3,1,0,0,64,48,31,26,11,5,4,0,0,1788050691.2200637,G1,T02,angolo_120,1,moving
5920101,0,0,0,0,0,0,0,0,14,12,13,11,9,6,4,3,1,0,0,64,50,32,26,10,5,4,0,0,1788050691.4190812,G1,T02,angolo_120,1,moving
5920301,0,0,0,0,0,0,0,0,15,12,16,7,8,6,6,3,3,0,0,67,50,33,26,10,5,4,0,0,1788050691.6201916,G1,T02,angolo_120,1,moving
5920501,0,0,0,0,0,0,0,0,17,10,10,3,2,4,5,4,2,0,0,70,51,33,26,11,5,4,0,0,1788050691.8188834,G1,T02,angolo_120,1,moving
5920701,0,0,0,0,0,0,0,0,17,33,23,14,7,2,5,3,2,0,0,71,50,33,27,11,6,4,0,0,1788050692.0191715,G1,T02,angolo_120,1,moving
5920901,0,0,0,0,0,0,0,0,14,11,16,8,1,3,5,2,1,0,0,75,50,33,28,11,5,4,0,0,1788050692.2201326,G1,T02,angolo_120,1,moving
5921101,0,0,0,0,0,0,0,0,16,13,10,5,5,2,4,2,3,0,0,79,52,31,27,11,5,4,0,0,1788050692.4192953,G1,T02,angolo_120,1,moving
5921301,0,0,0,0,0,0,0,0,14,12,21,14,7,7,6,3,2,0,0,80,52,32,28,11,5,3,0,0,1788050692.6202626,G1,T02,angolo_120,1,moving
5921501,0,0,0,0,0,0,0,0,15,13,4,17,8,6,8,4,3,0,0,78,55,33,29,12,6,3,0,0,1788050692.8191912,G1,T02,angolo_120,1,moving
5921701,0,0,0,0,0,0,0,0,22,26,18,2,10,8,7,5,2,0,0,80,55,33,30,12,6,4,0,0,1788050693.0200415,G1,T02,angolo_120,1,moving
5921901,0,0,0,0,0,0,0,0,15,11,5,5,2,7,2,5,3,0,0,82,57,32,30,11,6,4,0,0,1788050693.2197335,G1,T02,angolo_120,1,moving
5922101,0,0,0,0,0,0,0,0,16,21,7,5,9,4,4,3,3,0,0,82,55,33,29,12,6,3,0,0,1788050693.419276,G1,T02,angolo_120,1,moving
5922301,0,0,0,0,0,0,0,0,18,11,8,5,8,4,6,4,2,0,0,82,55,33,29,11,5,3,0,0,1788050693.6196787,G1,T02,angolo_120,1,moving
5922501,0,0,0,0,0,0,0,0,20,15,11,11,8,5,5,2,2,0,0,86,58,34,28,12,5,3,0,0,1788050693.820309,G1,T02,angolo_120,1,moving
5922701,0,0,0,0,0,0,0,0,17,11,10,4,2,2,6,4,3,0,0,83,57,34,28,11,6,3,0,0,1788050694.0192196,G1,T02,angolo_120,1,moving
5922901,0,0,0,0,0,0,0,0,26,27,17,9,6,3,4,2,1,0,0,82,55,35,28,11,5,3,0,0,1788050694.2194014,G1,T02,angolo_120,1,moving
5923101,0,0,0,0,0,0,0,0,14,13,5,6,6,9,2,5,4,0,0,80,52,34,29,11,6,3,0,0,1788050694.419485,G1,T02,angolo_120,1,moving
5923301,0,0,0,0,0,0,0,0,21,24,13,4,7,2,4,3,2,0,0,79,52,33,28,12,5,3,0,0,1788050694.6200857,G1,T02,angolo_120,1,moving
5923501,0,0,0,0,0,0,0,0,14,11,12,21,8,4,5,2,2,0,0,79,54,34,28,11,5,3,0,0,1788050694.819691,G1,T02,angolo_120,1,moving
5923701,0,0,0,0,0,0,0,0,15,12,3,20,9,7,4,3,3,0,0,79,56,33,27,11,5,3,0,0,1788050695.0202115,G1,T02,angolo_120,1,moving
5923901,0,0,0,0,0,0,0,0,20,15,6,6,2,3,3,3,2,0,0,78,57,34,26,10,5,3,0,0,1788050695.2198193,G1,T02,angolo_120,1,moving
5924101,0,0,0,0,0,0,0,0,14,18,12,8,3,6,2,3,1,0,0,78,54,34,25,10,5,3,0,0,1788050695.4196868,G1,T02,angolo_120,1,moving
5924301,0,0,0,0,0,0,0,0,17,14,5,7,5,4,3,2,1,0,0,74,54,35,25,10,5,3,0,0,1788050695.6202266,G1,T02,angolo_120,1,moving
5924501,0,0,0,0,0,0,0,0,14,20,13,7,9,9,3,4,2,0,0,72,51,35,25,10,5,3,0,0,1788050695.8196979,G1,T02,angolo_120,1,moving
5924701,0,0,0,0,0,0,0,0,15,9,6,5,4,8,5,3,2,0,0,72,51,36,25,10,4,4,0,0,1788050696.0202026,G1,T02,angolo_120,1,moving
5924901,0,0,0,0,0,0,0,0,17,14,11,3,10,8,7,1,1,0,0,66,50,37,26,10,5,4,0,0,1788050696.2194586,G1,T02,angolo_120,1,moving
5925101,0,0,0,0,0,0,0,0,18,28,22,9,4,2,6,5,2,0,0,65,50,37,26,10,5,4,0,0,1788050696.4193366,G1,T02,angolo_120,1,moving
5925301,0,0,0,0,0,0,0,0,22,14,9,5,6,5,5,3,1,0,0,64,49,37,26,10,5,4,0,0,1788050696.6201677,G1,T02,angolo_120,1,moving
5925501,0,0,0,0,0,0,0,0,19,15,5,5,8,4,4,3,1,0,0,64,47,37,26,10,5,4,0,0,1788050696.8194075,G1,T02,angolo_120,1,moving
5925701,0,0,0,0,0,0,0,0,19,13,20,19,12,2,5,4,1,0,0,64,47,36,25,10,4,4,0,0,1788050697.0204623,G1,T02,angolo_120,1,moving
5925901,0,0,0,0,0,0,0,0,15,10,12,9,6,4,7,3,2,0,0,62,45,36,25,9,4,4,0,0,1788050697.2197688,G1,T02,angolo_120,1,moving
5926101,0,0,0,0,0,0,0,0,21,27,17,9,11,6,5,2,3,0,0,62,46,35,25,9,4,4,0,0,1788050697.4192593,G1,T02,angolo_120,1,moving
5926301,0,0,0,0,0,0,0,0,15,13,16,10,2,2,4,4,2,0,0,64,46,36,24,10,5,4,0,0,1788050697.6199627,G1,T02,angolo_120,1,moving
5926501,0,0,0,0,0,0,0,0,19,10,8,6,7,6,5,3,1,0,0,62,45,37,25,10,4,4,0,0,1788050697.8201125,G1,T02,angolo_120,1,moving
5926701,0,0,0,0,0,0,0,0,30,24,10,10,11,7,5,4,1,0,0,62,44,37,26,10,4,4,0,0,1788050698.0193915,G1,T02,angolo_120,1,moving
5926901,0,0,0,0,0,0,0,0,13,7,7,7,8,10,6,2,3,0,0,62,44,37,26,10,5,4,0,0,1788050698.2197819,G1,T02,angolo_120,1,moving
5927101,0,0,0,0,0,0,0,0,18,17,12,9,11,4,4,3,3,0,0,63,46,38,25,9,5,4,0,0,1788050698.4201713,G1,T02,angolo_120,1,moving
5927301,0,0,0,0,0,0,0,0,20,14,13,9,1,9,5,4,2,0,0,63,48,38,26,9,5,4,0,0,1788050698.6198778,G1,T02,angolo_120,1,moving
5927501,0,0,0,0,0,0,0,0,19,12,9,10,10,6,3,2,1,0,0,61,46,39,27,10,5,4,0,0,1788050698.8202055,G1,T02,angolo_120,1,moving
5927701,0,0,0,0,0,0,0,0,17,21,12,3,11,8,6,4,3,0,0,62,43,39,28,10,5,4,0,0,1788050699.0193574,G1,T02,angolo_120,1,moving
5927901,0,0,0,0,0,0,0,0,15,12,8,9,6,5,6,1,2,0,0,65,41,39,28,10,5,4,0,0,1788050699.2194347,G1,T02,angolo_120,1,moving
5928101,0,0,0,0,0,0,0,0,13,10,3,7,9,7,8,3,3,0,0,65,42,40,29,10,5,4,0,0,1788050699.4200811,G1,T02,angolo_120,1,moving
5928301,0,0,0,0,0,0,0,0,21,20,16,10,7,5,6,5,3,0,0,67,43,38,29,10,5,4,0,0,1788050699.6196086,G1,T02,angolo_120,1,moving
5928501,0,0,0,0,0,0,0,0,16,13,15,9,10,2,3,2,3,0,0,67,43,38,30,11,5,4,0,0,1788050699.8200462,G1,T02,angolo_120,1,moving
5928701,0,0,0,0,0,0,0,0,21,15,13,5,6,9,3,2,2,0,0,66,42,39,30,11,5,4,0,0,1788050700.0199914,G1,T02,angolo_120,1,moving
5928901,0,0,0,0,0,0,0,0,13,16,20,15,5,4,6,2,3,0,0,70,43,38,29,10,5,4,0,0,1788050700.219946,G1,T02,angolo_120,1,moving
5929101,0,0,0,0,0,0,0,0,16,10,2,9,8,8,5,4,3,0,0,69,45,37,30,10,5,4,0,0,1788050700.4196215,G1,T02,angolo_120,1,moving
5929301,0,0,0,0,0,0,0,0,17,22,12,6,7,1,5,4,1,0,0,70,45,36,29,9,5,4,0,0,1788050700.6203396,G1,T02,angolo_120,1,moving
5929501,0,0,0,0,0,0,0,0,19,14,3,6,6,9,1,2,2,0,0,73,45,34,29,10,5,4,0,0,1788050700.819727,G1,T02,angolo_120,1,moving
5929701,0,0,0,0,0,0,0,0,17,18,7,7,3,2,4,4,3,0,0,70,43,35,29,10,5,4,0,0,1788050701.019607,G1,T02,angolo_120,1,moving
5929901,0,0,0,0,0,0,0,0,15,8,7,4,9,5,4,3,2,0,0,71,44,35,29,10,5,4,0,0,1788050701.219801,G1,T02,angolo_120,1,moving
5930101,0,0,0,0,0,0,0,0,22,18,2,11,11,2,7,2,3,0,0,74,46,35,28,11,5,4,0,0,1788050701.4207098,G1,T02,angolo_120,1,moving
5930301,0,0,0,0,0,0,0,0,15,11,8,13,12,6,8,3,3,0,0,71,45,37,29,10,5,4,0,0,1788050701.6199784,G1,T02,angolo_120,1,moving
5930501,0,0,0,0,0,0,0,0,21,16,14,5,12,1,7,4,2,0,0,72,45,35,29,10,5,4,0,0,1788050701.8193114,G1,T02,angolo_120,1,moving
5930701,0,0,0,0,0,0,0,0,13,12,16,12,11,11,1,2,2,0,0,72,46,35,29,11,5,4,0,0,1788050702.0206366,G1,T02,angolo_120,1,moving
5930901,0,0,0,0,0,0,0,0,21,13,3,7,9,4,2,4,1,0,0,70,46,35,28,11,5,4,0,0,1788050702.2198093,G1,T02,angolo_120,1,moving
5931101,0,0,0,0,0,0,0,0,14,14,24,13,5,7,6,4,2,0,0,72,46,35,28,11,5,4,0,0,1788050702.4199767,G1,T02,angolo_120,1,moving
5931301,0,0,0,0,0,0,0,0,19,17,12,8,11,3,8,3,2,0,0,74,44,35,28,11,5,4,0,0,1788050702.6206074,G1,T02,angolo_120,1,moving
5931501,0,0,0,0,0,0,0,0,15,13,11,4,5,7,7,5,2,0,0,75,45,34,28,11,5,4,0,0,1788050702.8192897,G1,T02,angolo_120,1,moving
5931701,0,0,0,0,0,0,0,0,18,17,11,5,6,5,2,3,3,0,0,78,47,33,27,11,5,4,0,0,1788050703.0194347,G1,T02,angolo_120,1,moving
5931901,0,0,0,0,0,0,0,0,27,19,11,4,8,8,3,3,1,0,0,78,46,35,28,11,5,4,0,0,1788050703.2197998,G1,T02,angolo_120,1,moving
5932101,0,0,0,0,0,0,0,0,15,10,13,7,8,5,3,5,2,0,0,80,46,34,27,11,5,4,0,0,1788050703.4197567,G1,T02,angolo_120,1,moving
5932301,0,0,0,0,0,0,0,0,21,14,10,4,7,12,5,4,2,0,0,81,47,34,28,11,5,4,0,0,1788050703.6208422,G1,T02,angolo_120,1,moving
5932501,0,0,0,0,0,0,0,0,17,10,6,7,3,7,5,3,1,0,0,80,49,35,28,10,5,4,0,0,1788050703.8204072,G1,T02,angolo_120,1,moving
5932701,0,0,0,0,0,0,0,0,23,18,15,11,7,3,5,4,2,0,0,82,50,34,28,10,5,4,0,0,1788050704.020613,G1,T02,angolo_120,1,moving
5932901,0,0,0,0,0,0,0,0,21,15,13,14,13,8,3,4,3,0,0,80,50,35,27,11,5,4,0,0,1788050704.219563,G1,T02,angolo_120,1,moving
5933101,0,0,0,0,0,0,0,0,15,19,11,9,9,4,4,3,1,0,0,80,49,35,26,11,5,4,0,0,1788050704.4206636,G1,T02,angolo_120,1,moving
5933301,0,0,0,0,0,0,0,0,15,6,18,18,3,10,7,4,3,0,0,81,51,36,26,11,5,4,0,0,1788050704.6206656,G1,T02,angolo_120,1,moving
5933501,0,0,0,0,0,0,0,0,17,23,17,8,9,4,7,2,3,0,0,81,51,38,27,10,5,4,0,0,1788050704.8191383,G1,T02,angolo_120,1,moving
5933701,0,0,0,0,0,0,0,0,19,22,8,2,6,4,6,5,4,0,0,82,51,37,26,10,5,4,0,0,1788050705.020551,G1,T02,angolo_120,1,moving
5933901,0,0,0,0,0,0,0,0,19,24,6,9,11,6,3,4,2,0,0,80,52,37,26,10,5,4,0,0,1788050705.2199714,G1,T02,angolo_120,1,moving
5934101,0,0,0,0,0,0,0,0,18,12,2,7,2,4,1,2,1,0,0,78,52,37,26,10,5,4,0,0,1788050705.4198008,G1,T02,angolo_120,1,moving
5934301,0,0,0,0,0,0,0,0,27,21,19,12,8,8,4,4,2,0,0,81,52,36,25,10,5,4,0,0,1788050705.6206586,G1,T02,angolo_120,1,moving
5934501,0,0,0,0,0,0,0,0,15,16,15,11,4,9,6,4,3,0,0,80,53,36,26,10,6,4,0,0,1788050705.8206542,G1,T02,angolo_120,1,moving
5934701,0,0,0,0,0,0,0,0,19,12,5,5,9,8,5,3,2,0,0,82,54,35,26,9,5,4,0,0,1788050706.0201378,G1,T02,angolo_120,1,moving
5934901,0,0,0,0,0,0,0,0,21,28,18,11,5,7,4,3,1,0,0,83,54,35,27,9,5,4,0,0,1788050706.2196982,G1,T02,angolo_120,1,moving
5935101,0,0,0,0,0,0,0,0,16,9,11,9,5,6,3,2,1,0,0,81,54,35,27,10,5,5,0,0,1788050706.4197032,G1,T02,angolo_120,1,moving
5935301,0,0,0,0,0,0,0,0,20,11,6,13,9,4,4,3,1,0,0,78,56,35,26,9,5,5,0,0,1788050706.620511,G1,T02,angolo_120,1,moving
5935501,0,0,0,0,0,0,0,0,14,11,5,6,9,2,8,5,2,0,0,78,56,34,25,10,5,4,0,0,1788050706.8202055,G1,T02,angolo_120,1,moving
5935701,0,0,0,0,0,0,0,0,17,24,10,9,3,2,7,2,2,0,0,77,55,35,26,10,5,4,0,0,1788050707.0206563,G1,T02,angolo_120,1,moving
5935901,0,0,0,0,0,0,0,0,15,15,8,12,7,4,5,3,2,0,0,74,56,35,25,9,5,4,0,0,1788050707.219437,G1,T02,angolo_120,1,moving
5936101,0,0,0,0,0,0,0,0,18,18,13,2,5,9,2,3,1,0,0,73,57,35,25,9,5,4,0,0,1788050707.4206245,G1,T02,angolo_120,1,moving
5936301,0,0,0,0,0,0,0,0,18,15,2,8,14,8,4,4,1,0,0,70,56,36,24,9,5,4,0,0,1788050707.620653,G1,T02,angolo_120,1,moving
5936501,0,0,0,0,0,0,0,0,19,11,13,11,1,4,7,2,1,0,0,71,56,36,24,9,5,4,0,0,1788050707.8192973,G1,T02,angolo_120,1,moving
5936701,0,0,0,0,0,0,0,0,14,11,9,11,11,6,5,2,2,0,0,73,57,36,23,10,5,4,0,0,1788050708.020217,G1,T02,angolo_120,1,moving
5936901,0,0,0,0,0,0,0,0,16,11,15,9,9,6,5,5,2,0,0,71,57,35,23,9,5,4,0,0,1788050708.219995,G1,T02,angolo_120,1,moving
5937101,0,0,0,0,0,0,0,0,17,10,10,13,5,8,2,3,2,0,0,73,56,35,23,10,5,4,0,0,1788050708.42065,G1,T02,angolo_120,1,moving
5937301,0,0,0,0,0,0,0,0,14,14,7,9,11,4,4,3,2,0,0,72,54,36,22,10,5,4,0,0,1788050708.6206386,G1,T02,angolo_120,1,moving
5937501,0,0,0,0,0,0,0,0,18,13,1,8,3,5,3,4,2,0,0,72,54,34,22,10,5,4,0,0,1788050708.8192804,G1,T02,angolo_120,1,moving
5937701,0,0,0,0,0,0,0,0,17,14,16,11,1,3,6,4,3,0,0,74,56,34,22,10,5,4,0,0,1788050709.0202634,G1,T02,angolo_120,1,moving
5937901,0,0,0,0,0,0,0,0,17,14,9,10,10,2,5,3,2,0,0,75,55,35,22,10,5,4,0,0,1788050709.2207086,G1,T02,angolo_120,1,moving
5938101,0,0,0,0,0,0,0,0,19,22,13,11,11,5,7,3,1,0,0,75,55,35,24,10,5,4,0,0,1788050709.42078,G1,T02,angolo_120,1,moving
5938301,0,0,0,0,0,0,0,0,20,20,3,11,9,10,2,2,1,0,0,74,56,34,26,10,5,4,0,0,1788050709.6209762,G1,T02,angolo_120,1,moving
5938501,0,0,0,0,0,0,0,0,17,12,8,6,5,1,4,3,2,0,0,72,55,35,24,10,5,4,0,0,1788050709.8194613,G1,T02,angolo_120,1,moving
5938701,0,0,0,0,0,0,0,0,16,10,10,13,4,5,4,3,1,0,0,70,54,35,23,10,5,4,0,0,1788050710.0209372,G1,T02,angolo_120,1,moving
5938901,0,0,0,0,0,0,0,0,16,9,2,5,3,6,6,3,2,0,0,70,54,35,23,10,5,4,0,0,1788050710.220176,G1,T02,angolo_120,1,moving
5939101,0,0,0,0,0,0,0,0,19,13,11,12,7,4,7,3,2,0,0,69,52,36,23,10,5,4,0,0,1788050710.4208148,G1,T02,angolo_120,1,moving
5939301,0,0,0,0,0,0,0,0,18,11,12,9,2,3,6,4,3,0,0,70,51,35,23,10,5,4,0,0,1788050710.6195846,G1,T02,angolo_120,1,moving
5939501,0,0,0,0,0,0,0,0,27,18,17,12,6,3,3,3,3,0,0,71,52,36,23,10,5,4,0,0,1788050710.8209457,G1,T02,angolo_120,1,moving
5939701,0,0,0,0,0,0,0,0,17,9,9,10,12,4,3,4,2,0,0,71,53,36,23,10,5,4,0,0,1788050711.0207663,G1,T02,angolo_120,1,moving
5939901,0,0,0,0,0,0,0,0,17,9,11,12,4,2,6,2,1,0,0,71,53,35,23,10,5,4,0,0,1788050711.2207093,G1,T02,angolo_120,1,moving
5940101,0,0,0,0,0,0,0,0,14,14,13,13,12,2,6,3,2,0,0,72,55,35,23,10,5,4,0,0,1788050711.4210496,G1,T02,angolo_120,1,moving
5940301,0,0,0,0,0,0,0,0,22,16,11,11,4,1,7,3,2,0,0,74,57,34,22,10,5,4,0,0,1788050711.6195295,G1,T02,angolo_120,1,moving
5940501,0,0,0,0,0,0,0,0,26,36,8,4,2,4,6,3,1,0,0,73,57,34,22,10,5,4,0,0,1788050711.8193805,G1,T02,angolo_120,1,moving
5940701,0,0,0,0,0,0,0,0,17,12,8,9,6,9,1,3,3,0,0,70,57,33,23,11,5,4,0,0,1788050712.020541,G1,T02,angolo_120,1,moving
5940901,0,0,0,0,0,0,0,0,16,12,11,12,3,7,4,4,2,0,0,69,57,34,23,10,5,4,0,0,1788050712.2207336,G1,T02,angolo_120,1,moving
5941101,0,0,0,0,0,0,0,0,13,13,11,4,7,5,8,3,3,0,0,68,57,34,23,10,5,4,0,0,1788050712.4208057,G1,T02,angolo_120,1,moving
5941301,0,0,0,0,0,0,0,0,16,23,13,10,7,2,6,2,2,0,0,67,59,34,24,10,5,4,0,0,1788050712.6208067,G1,T02,angolo_120,1,moving
5941501,0,0,0,0,0,0,0,0,16,14,8,4,9,3,6,4,2,0,0,66,59,35,25,10,5,4,0,0,1788050712.8205237,G1,T02,angolo_120,1,moving
5941701,0,0,0,0,0,0,0,0,31,29,11,8,12,9,6,4,2,0,0,65,57,36,25,10,5,4,0,0,1788050713.0208375,G1,T02,angolo_120,1,moving
5941901,0,0,0,0,0,0,0,0,14,12,6,9,3,4,3,2,1,0,0,65,59,35,25,11,5,4,0,0,1788050713.2206595,G1,T02,angolo_120,1,moving
5942101,0,0,0,0,0,0,0,0,15,11,16,4,5,9,4,3,2,0,0,64,56,37,24,11,5,4,0,0,1788050713.4209847,G1,T02,angolo_120,1,moving
5942301,0,0,0,0,0,0,0,0,20,15,14,8,13,9,7,4,2,0,0,63,56,37,24,11,5,4,0,0,1788050713.6209207,G1,T02,angolo_120,1,moving
5942501,0,0,0,0,0,0,0,0,17,14,6,8,8,10,2,4,1,0,0,63,56,35,25,11,5,4,0,0,1788050713.8209834,G1,T02,angolo_120,1,moving
5942701,0,0,0,0,0,0,0,0,23,17,9,5,5,5,4,2,2,0,0,63,55,36,26,11,5,4,0,0,1788050714.0207691,G1,T02,angolo_120,1,moving
5942901,0,0,0,0,0,0,0,0,15,7,12,11,6,5,1,2,2,0,0,62,56,34,24,11,5,3,0,0,1788050714.2205582,G1,T02,angolo_120,1,moving
5943101,0,0,0,0,0,0,0,0,21,18,10,4,8,8,2,6,3,0,0,64,56,35,24,11,5,4,0,0,1788050714.4195251,G1,T02,angolo_120,1,moving
5943301,0,0,0,0,0,0,0,0,22,20,11,8,9,3,7,4,4,0,0,65,56,34,25,12,5,4,0,0,1788050714.620646,G1,T02,angolo_120,1,moving
5943501,0,0,0,0,0,0,0,0,16,19,10,4,3,1,7,3,1,0,0,62,54,34,24,11,5,4,0,0,1788050714.8207703,G1,T02,angolo_120,1,moving
5943701,0,0,0,0,0,0,0,0,25,13,9,7,8,8,9,4,4,0,0,61,53,34,25,11,6,4,0,0,1788050715.0206614,G1,T02,angolo_120,1,moving
5943901,0,0,0,0,0,0,0,0,19,27,19,9,7,3,5,4,2,0,0,63,53,35,25,11,6,4,0,0,1788050715.2210772,G1,T02,angolo_120,1,moving
5944101,0,0,0,0,0,0,0,0,23,21,17,12,7,5,2,3,2,0,0,63,53,34,25,12,5,4,0,0,1788050715.4209208,G1,T02,angolo_120,1,moving
5944301,0,0,0,0,0,0,0,0,13,17,12,10,2,6,4,3,3,0,0,62,51,33,25,12,5,4,0,0,1788050715.620878,G1,T02,angolo_120,1,moving
5944501,0,0,0,0,0,0,0,0,20,10,3,7,14,10,9,2,2,0,0,64,52,35,27,12,6,4,0,0,1788050715.820715,G1,T02,angolo_120,1,moving
5944701,0,0,0,0,0,0,0,0,16,15,13,7,4,5,5,2,2,0,0,62,49,35,26,12,6,3,0,0,1788050716.0210063,G1,T02,angolo_120,1,moving
5944901,0,0,0,0,0,0,0,0,14,11,10,11,5,8,5,3,2,0,0,65,50,34,27,12,6,3,0,0,1788050716.2208657,G1,T02,angolo_120,1,moving
5945101,0,0,0,0,0,0,0,0,18,26,12,11,7,8,1,2,2,0,0,65,50,35,28,13,6,3,0,0,1788050716.4204156,G1,T02,angolo_120,1,moving
5945301,0,0,0,0,0,0,0,0,18,14,5,8,9,3,4,2,1,0,0,70,51,34,27,13,6,3,0,0,1788050716.6208878,G1,T02,angolo_120,1,moving
5945501,0,0,0,0,0,0,0,0,14,11,21,18,12,10,1,4,2,0,0,71,53,36,29,13,6,3,0,0,1788050716.8209538,G1,T02,angolo_120,1,moving
5945701,0,0,0,0,0,0,0,0,13,10,9,10,1,9,5,4,3,0,0,69,55,35,29,13,6,3,0,0,1788050717.0210803,G1,T02,angolo_120,1,moving
5945901,0,0,0,0,0,0,0,0,15,10,10,14,10,8,7,4,2,0,0,70,53,36,30,12,6,3,0,0,1788050717.2210462,G1,T02,angolo_120,1,moving
5946101,0,0,0,0,0,0,0,0,16,18,9,6,2,10,5,3,3,0,0,71,55,34,30,12,6,3,0,0,1788050717.4207761,G1,T02,angolo_120,1,moving
5946301,0,0,0,0,0,0,0,0,21,22,13,1,9,5,3,4,1,0,0,70,54,34,29,12,6,3,0,0,1788050717.620978,G1,T02,angolo_120,1,moving
5946501,0,0,0,0,0,0,0,0,19,13,11,7,6,6,2,4,3,0,0,73,53,35,28,12,6,3,0,0,1788050717.8209128,G1,T02,angolo_120,1,moving
5946701,0,0,0,0,0,0,0,0,18,17,8,3,8,5,4,3,2,0,0,73,54,35,29,12,6,4,0,0,1788050718.0193589,G1,T02,angolo_120,1,moving
5946901,0,0,0,0,0,0,0,0,17,12,2,8,7,8,9,3,2,0,0,71,54,37,30,12,6,4,0,0,1788050718.2208383,G1,T02,angolo_120,1,moving
5947101,0,0,0,0,0,0,0,0,22,15,5,5,6,5,8,4,1,0,0,70,53,37,32,12,5,4,0,0,1788050718.4207115,G1,T02,angolo_120,1,moving
5947301,0,0,0,0,0,0,0,0,18,23,12,10,1,8,4,4,3,0,0,70,54,38,33,12,5,4,0,0,1788050718.6209607,G1,T02,angolo_120,1,moving
5947501,0,0,0,0,0,0,0,0,18,11,4,8,6,3,4,3,2,0,0,71,54,39,33,12,5,4,0,0,1788050718.8206954,G1,T02,angolo_120,1,moving
5947701,0,0,0,0,0,0,0,0,13,8,7,9,15,6,7,3,2,0,0,71,54,40,34,12,5,4,0,0,1788050719.0208495,G1,T02,angolo_120,1,moving
5947901,0,0,0,0,0,0,0,0,18,16,10,12,2,4,8,3,3,0,0,70,54,40,34,12,5,4,0,0,1788050719.2208138,G1,T02,angolo_120,1,moving
5948101,0,0,0,0,0,0,0,0,25,14,9,7,6,5,5,5,2,0,0,66,52,41,34,12,5,4,0,0,1788050719.4209466,G1,T02,angolo_120,1,moving
5948301,0,0,0,0,0,0,0,0,14,14,8,13,5,7,2,1,3,0,0,71,52,42,35,12,5,4,0,0,1788050719.620769,G1,T02,angolo_120,1,moving
5948501,0,0,0,0,0,0,0,0,17,14,10,7,5,9,2,4,2,0,0,73,53,39,34,12,5,4,0,0,1788050719.8210466,G1,T02,angolo_120,1,moving
5948701,0,0,0,0,0,0,0,0,18,9,11,6,9,5,1,4,2,0,0,73,55,40,34,13,5,4,0,0,1788050720.020815,G1,T02,angolo_120,1,moving
5948901,0,0,0,0,0,0,0,0,16,14,11,8,10,4,7,5,4,0,0,72,54,39,33,12,5,4,0,0,1788050720.2207935,G1,T02,angolo_120,1,moving
5949101,0,0,0,0,0,0,0,0,14,12,14,5,6,8,4,4,2,0,0,71,53,40,32,12,5,4,0,0,1788050720.420819,G1,T02,angolo_120,1,moving
5949301,0,0,0,0,0,0,0,0,18,17,7,4,9,5,3,3,1,0,0,66,48,39,32,11,5,3,0,0,1788050720.6210458,G1,T02,angolo_120,1,moving
5949501,0,0,0,0,0,0,0,0,21,18,10,7,9,9,3,4,2,0,0,64,47,37,31,11,5,3,0,0,1788050720.8207202,G1,T02,angolo_120,1,moving
5949701,0,0,0,0,0,0,0,0,17,11,5,5,12,2,4,3,2,0,0,66,45,38,31,11,5,3,0,0,1788050721.020608,G1,T02,angolo_120,1,moving
5949901,0,0,0,0,0,0,0,0,19,17,6,7,11,4,7,3,2,0,0,68,44,37,31,11,5,3,0,0,1788050721.2208412,G1,T02,angolo_120,1,moving
5950101,0,0,0,0,0,0,0,0,20,18,10,5,8,1,5,4,3,0,0,66,43,37,29,11,5,3,0,0,1788050721.420621,G1,T02,angolo_120,1,moving
5950301,0,0,0,0,0,0,0,0,16,17,9,2,9,7,7,4,3,0,0,66,44,37,31,11,5,3,0,0,1788050721.620966,G1,T02,angolo_120,1,moving
5950501,0,0,0,0,0,0,0,0,18,22,13,2,7,1,5,5,2,0,0,64,44,38,31,11,5,3,0,0,1788050721.8206244,G1,T02,angolo_120,1,moving
5950701,0,0,0,0,0,0,0,0,20,12,9,6,6,1,5,3,2,0,0,64,43,37,30,11,5,3,0,0,1788050722.0210538,G1,T02,angolo_120,1,moving
5950901,0,0,0,0,0,0,0,0,14,10,4,1,12,7,8,4,2,0,0,66,43,36,29,11,5,3,0,0,1788050722.2207773,G1,T02,angolo_120,1,moving
5951101,0,0,0,0,0,0,0,0,19,16,12,12,7,5,4,3,2,0,0,69,45,35,27,11,5,3,0,0,1788050722.4208636,G1,T02,angolo_120,1,moving
5951301,0,0,0,0,0,0,0,0,17,11,8,6,5,3,5,6,3,0,0,68,46,35,27,10,6,3,0,0,1788050722.6211774,G1,T02,angolo_120,1,moving
5951501,0,0,0,0,0,0,0,0,17,12,8,9,8,6,1,3,2,0,0,68,46,34,27,10,6,3,0,0,1788050722.8212962,G1,T02,angolo_120,1,moving
5951701,0,0,0,0,0,0,0,0,18,11,9,8,4,7,2,3,1,0,0,72,48,32,27,11,6,3,0,0,1788050723.0211115,G1,T02,angolo_120,1,moving
5951901,0,0,0,0,0,0,0,0,19,16,16,7,9,5,4,4,3,0,0,71,48,32,26,11,6,3,0,0,1788050723.2210343,G1,T02,angolo_120,1,moving
5952101,0,0,0,0,0,0,0,0,17,13,6,9,14,4,3,3,3,0,0,72,47,32,26,11,5,3,0,0,1788050723.4205987,G1,T02,angolo_120,1,moving
5952301,0,0,0,0,0,0,0,0,13,10,8,12,7,8,3,3,2,0,0,68,47,31,26,11,5,3,0,0,1788050723.6207185,G1,T02,angolo_120,1,moving
5952501,0,0,0,0,0,0,0,0,21,17,2,8,4,2,5,3,2,0,0,62,43,31,25,10,5,3,0,0,1788050723.8209193,G1,T02,angolo_120,1,moving
5952701,0,0,0,0,0,0,0,0,15,18,8,13,7,5,4,3,3,0,0,63,43,31,26,10,6,4,0,0,1788050724.020846,G1,T02,angolo_120,1,moving
5952901,0,0,0,0,0,0,0,0,13,11,4,11,13,6,4,3,2,0,0,60,44,33,26,10,5,4,0,0,1788050724.2208831,G1,T02,angolo_120,1,moving
5953101,0,0,0,0,0,0,0,0,13,21,17,3,11,1,8,4,3,0,0,62,46,34,26,11,5,4,0,0,1788050724.4209664,G1,T02,angolo_120,1,moving
5953301,0,0,0,0,0,0,0,0,13,8,10,7,7,1,5,2,3,0,0,62,48,33,26,11,5,4,0,0,1788050724.6210492,G1,T02,angolo_120,1,moving
5953501,0,0,0,0,0,0,0,0,26,21,8,1,5,6,5,3,2,0,0,62,48,33,26,11,5,4,0,0,1788050724.8211415,G1,T02,angolo_120,1,moving
5953701,0,0,0,0,0,0,0,0,22,17,14,8,3,4,1,3,3,0,0,64,49,32,25,11,5,4,0,0,1788050725.0207775,G1,T02,angolo_120,1,moving
5953901,0,0,0,0,0,0,0,0,15,8,10,10,6,3,4,3,2,0,0,63,49,30,24,11,5,4,0,0,1788050725.2210684,G1,T02,angolo_120,1,moving
5954101,0,0,0,0,0,0,0,0,25,22,8,9,11,10,4,3,2,0,0,65,49,31,25,11,5,4,0,0,1788050725.4210439,G1,T02,angolo_120,1,moving
5954301,0,0,0,0,0,0,0,0,15,15,5,9,13,1,7,4,2,0,0,63,48,31,24,11,5,4,0,0,1788050725.621009,G1,T02,angolo_120,1,moving
5954501,0,0,0,0,0,0,0,0,21,12,3,4,1,7,4,3,2,0,0,63,49,31,24,11,5,4,0,0,1788050725.8210547,G1,T02,angolo_120,1,moving
5954701,0,0,0,0,0,0,0,0,19,13,8,9,10,1,6,3,2,0,0,63,49,31,23,11,4,4,0,0,1788050726.0208542,G1,T02,angolo_120,1,moving
5954901,0,0,0,0,0,0,0,0,13,12,15,11,3,4,3,4,1,0,0,62,49,30,22,11,4,4,0,0,1788050726.2208602,G1,T02,angolo_120,1,moving
5955101,0,0,0,0,0,0,0,0,21,16,12,10,10,1,5,4,1,0,0,61,48,30,22,10,4,4,0,0,1788050726.4207084,G1,T02,angolo_120,1,moving
5955301,0,0,0,0,0,0,0,0,17,12,15,9,4,1,6,4,2,0,0,63,47,30,21,10,4,4,0,0,1788050726.6213086,G1,T02,angolo_120,1,moving
5955501,0,0,0,0,0,0,0,0,14,14,3,12,5,2,5,2,2,0,0,62,47,30,20,10,4,4,0,0,1788050726.8211744,G1,T02,angolo_120,1,moving
5955701,0,0,0,0,0,0,0,0,19,24,7,9,3,4,7,3,4,0,0,57,44,31,19,9,4,4,0,0,1788050727.0207493,G1,T02,angolo_120,1,moving
5955901,0,0,0,0,0,0,0,0,19,21,5,11,6,8,5,3,2,0,0,55,45,31,20,10,4,4,0,0,1788050727.2207918,G1,T02,angolo_120,1,moving
5956101,0,0,0,0,0,0,0,0,14,11,7,3,1,3,4,3,2,0,0,56,46,30,19,9,4,4,0,0,1788050727.420772,G1,T02,angolo_120,1,moving
5956301,0,0,0,0,0,0,0,0,18,10,9,11,7,8,4,5,3,0,0,56,46,31,19,9,4,4,0,0,1788050727.6208408,G1,T02,angolo_120,1,moving
5956501,0,0,0,0,0,0,0,0,16,17,10,10,15,2,6,5,3,0,0,57,46,32,20,10,5,4,0,0,1788050727.8207896,G1,T02,angolo_120,1,moving
5956701,0,0,0,0,0,0,0,0,18,14,13,7,3,7,7,4,3,0,0,57,44,31,20,10,5,4,0,0,1788050728.0208595,G1,T02,angolo_120,1,moving
5956901,0,0,0,0,0,0,0,0,24,32,24,4,9,3,4,3,3,0,0,60,43,30,20,10,5,4,0,0,1788050728.2209566,G1,T02,angolo_120,1,moving
5957101,0,0,0,0,0,0,0,0,17,12,18,15,8,4,3,2,1,0,0,58,43,29,20,10,5,4,0,0,1788050728.4209554,G1,T02,angolo_120,1,moving
5957301,0,0,0,0,0,0,0,0,13,12,9,11,8,7,3,4,3,0,0,61,43,29,19,10,5,4,0,0,1788050728.6211183,G1,T02,angolo_120,1,moving
5957501,0,0,0,0,0,0,0,0,18,14,22,12,4,8,7,4,1,0,0,64,43,30,21,10,5,5,0,0,1788050728.8207307,G1,T02,angolo_120,1,moving
5957701,0,0,0,0,0,0,0,0,13,10,12,9,12,2,4,3,3,0,0,63,43,31,21,9,5,5,0,0,1788050729.0211809,G1,T02,angolo_120,1,moving
5957901,0,0,0,0,0,0,0,0,15,13,4,2,8,5,6,5,3,0,0,61,43,33,21,9,5,5,0,0,1788050729.2209077,G1,T02,angolo_120,1,moving
5958101,0,0,0,0,0,0,0,0,17,28,16,8,10,9,2,4,2,0,0,60,43,33,21,9,5,4,0,0,1788050729.4207706,G1,T02,angolo_120,1,moving
5958301,0,0,0,0,0,0,0,0,17,12,5,8,6,4,4,5,3,0,0,63,43,32,21,9,6,5,0,0,1788050729.6209216,G1,T02,angolo_120,1,moving
5958501,0,0,0,0,0,0,0,0,17,16,4,3,3,7,3,5,2,0,0,63,42,32,21,9,6,5,0,0,1788050729.8209968,G1,T02,angolo_120,1,moving
5958701,0,0,0,0,0,0,0,0,18,16,10,12,9,3,5,3,2,0,0,64,44,32,22,10,6,5,0,0,1788050730.0209408,G1,T02,angolo_120,1,moving
5958901,0,0,0,0,0,0,0,0,15,10,3,9,7,4,5,2,1,0,0,62,44,34,22,9,6,5,0,0,1788050730.2208345,G1,T02,angolo_120,1,moving
5959101,0,0,0,0,0,0,0,0,18,15,4,2,6,2,6,4,2,0,0,61,44,34,22,9,6,4,0,0,1788050730.4209116,G1,T02,angolo_120,1,moving
5959301,0,0,0,0,0,0,0,0,21,12,9,10,6,6,1,3,2,0,0,58,42,32,22,10,5,4,0,0,1788050730.6213892,G1,T02,angolo_120,1,moving
5959501,0,0,0,0,0,0,0,0,17,15,10,6,10,9,1,2,3,0,0,59,42,32,23,10,6,4,0,0,1788050730.8210506,G1,T02,angolo_120,1,moving
5959701,0,0,0,0,0,0,0,0,18,9,14,10,10,8,3,3,2,0,0,60,44,33,23,10,5,4,0,0,1788050731.0208743,G1,T02,angolo_120,1,moving
5959901,0,0,0,0,0,0,0,0,17,11,7,8,10,6,6,4,3,0,0,64,45,33,23,10,6,4,0,0,1788050731.2213843,G1,T02,angolo_120,1,moving
5960101,0,0,0,0,0,0,0,0,13,11,11,8,3,10,6,4,2,0,0,65,44,33,24,11,6,4,0,0,1788050731.4214094,G1,T02,angolo_120,1,moving
5960301,0,0,0,0,0,0,0,0,24,24,16,10,4,7,4,3,2,0,0,66,45,32,24,10,6,4,0,0,1788050731.6210027,G1,T02,angolo_120,1,moving
5960501,0,0,0,0,0,0,0,0,14,9,8,12,9,3,2,5,2,0,0,66,45,31,24,10,6,4,0,0,1788050731.821446,G1,T02,angolo_120,1,moving
5960701,0,0,0,0,0,0,0,0,14,9,4,8,1,6,4,3,2,0,0,63,45,32,23,10,5,4,0,0,1788050732.021268,G1,T02,angolo_120,1,moving
5960901,0,0,0,0,0,0,0,0,20,18,9,5,11,6,8,4,3,0,0,62,46,33,24,10,5,4,0,0,1788050732.2210512,G1,T02,angolo_120,1,moving
5961101,0,0,0,0,0,0,0,0,19,17,9,1,5,1,4,2,2,0,0,60,44,34,23,10,5,3,0,0,1788050732.4209018,G1,T02,angolo_120,1,moving
5961301,0,0,0,0,0,0,0,0,13,8,5,6,10,5,5,4,3,0,0,59,44,33,23,10,5,3,0,0,1788050732.620801,G1,T02,angolo_120,1,moving
5961501,0,0,0,0,0,0,0,0,17,24,7,1,13,11,4,4,3,0,0,56,42,33,23,10,5,3,0,0,1788050732.8211179,G1,T02,angolo_120,1,moving
5961701,0,0,0,0,0,0,0,0,16,14,7,9,5,2,5,4,2,0,0,57,43,32,23,11,5,3,0,0,1788050733.0206678,G1,T02,angolo_120,1,moving
5961901,0,0,0,0,0,0,0,0,13,12,10,2,6,3,5,4,3,0,0,56,41,32,23,11,5,3,0,0,1788050733.2210512,G1,T02,angolo_120,1,moving
5962101,0,0,0,0,0,0,0,0,20,13,10,8,7,2,6,3,2,0,0,56,44,32,23,11,5,3,0,0,1788050733.4210725,G1,T02,angolo_120,1,moving
5962301,0,0,0,0,0,0,0,0,18,13,6,9,5,7,5,3,2,0,0,54,44,33,23,11,5,3,0,0,1788050733.6214392,G1,T02,angolo_120,1,moving
5962501,0,0,0,0,0,0,0,0,23,17,14,10,9,2,4,1,3,0,0,55,45,33,23,11,5,3,0,0,1788050733.8212757,G1,T02,angolo_120,1,moving
5962701,0,0,0,0,0,0,0,0,20,22,12,8,5,8,1,3,2,0,0,58,45,33,23,11,5,3,0,0,1788050734.021757,G1,T02,angolo_120,1,moving
5962901,0,0,0,0,0,0,0,0,17,12,9,6,5,8,2,3,2,0,0,63,44,31,23,12,5,3,0,0,1788050734.2212818,G1,T02,angolo_120,1,moving
5963101,0,0,0,0,0,0,0,0,19,13,23,15,8,5,3,4,3,0,0,65,45,31,23,12,5,3,0,0,1788050734.42088,G1,T02,angolo_120,1,moving
5963301,0,0,0,0,0,0,0,0,14,11,9,8,9,4,6,3,3,0,0,65,45,33,24,12,5,3,0,0,1788050734.6212802,G1,T02,angolo_120,1,moving
5963501,0,0,0,0,0,0,0,0,13,9,9,8,3,6,4,3,2,0,0,65,45,33,23,11,5,3,0,0,1788050734.8211548,G1,T02,angolo_120,1,moving
5963701,0,0,0,0,0,0,0,0,15,15,14,6,2,7,6,3,3,0,0,65,43,32,24,12,5,3,0,0,1788050735.0211878,G1,T02,angolo_120,1,moving
5963901,0,0,0,0,0,0,0,0,16,12,7,7,8,8,2,3,2,0,0,64,41,32,24,12,5,3,0,0,1788050735.2207372,G1,T02,angolo_120,1,moving
5964101,0,0,0,0,0,0,0,0,16,14,9,6,4,2,7,2,2,0,0,64,40,32,25,12,4,3,0,0,1788050735.421248,G1,T02,angolo_120,1,moving
5964301,0,0,0,0,0,0,0,0,18,14,10,7,11,5,7,5,3,0,0,64,40,34,24,12,5,3,0,0,1788050735.6216404,G1,T02,angolo_120,1,moving
5964501,0,0,0,0,0,0,0,0,18,16,10,2,7,4,5,2,2,0,0,65,39,36,25,12,4,3,0,0,1788050735.8207812,G1,T02,angolo_120,1,moving
5964701,0,0,0,0,0,0,0,0,18,13,2,9,8,4,5,2,2,0,0,66,40,35,25,12,4,3,0,0,1788050736.0209122,G1,T02,angolo_120,1,moving
5964901,0,0,0,0,0,0,0,0,23,24,8,4,9,5,6,4,3,0,0,66,39,33,25,12,4,3,0,0,1788050736.2212617,G1,T02,angolo_120,1,moving
5965101,0,0,0,0,0,0,0,0,18,8,10,7,9,8,1,4,2,0,0,66,39,33,26,12,5,3,0,0,1788050736.4205372,G1,T02,angolo_120,1,moving
5965301,0,0,0,0,0,0,0,0,14,12,14,12,2,8,4,2,2,0,0,67,40,34,27,12,5,4,0,0,1788050736.6210072,G1,T02,angolo_120,1,moving
5965501,0,0,0,0,0,0,0,0,18,13,6,14,12,3,6,3,1,0,0,69,42,34,26,12,4,4,0,0,1788050736.820853,G1,T02,angolo_120,1,moving
5965701,0,0,0,0,0,0,0,0,18,16,6,11,10,8,6,4,2,0,0,70,42,35,27,11,5,4,0,0,1788050737.021435,G1,T02,angolo_120,1,moving
5965901,0,0,0,0,0,0,0,0,15,12,11,2,7,3,2,2,1,0,0,73,42,33,26,11,5,4,0,0,1788050737.2208402,G1,T02,angolo_120,1,moving
5966101,0,0,0,0,0,0,0,0,16,12,11,11,5,5,2,3,1,0,0,76,41,33,26,11,5,4,0,0,1788050737.4215171,G1,T02,angolo_120,1,moving
5966301,0,0,0,0,0,0,0,0,16,16,10,4,5,4,4,4,3,0,0,77,39,32,26,12,5,4,0,0,1788050737.6211708,G1,T02,angolo_120,1,moving
5966501,0,0,0,0,0,0,0,0,17,12,9,12,15,3,4,3,3,0,0,75,41,34,26,11,5,4,0,0,1788050737.8217342,G1,T02,angolo_120,1,moving
5966701,0,0,0,0,0,0,0,0,18,23,12,11,2,4,4,3,2,0,0,73,40,34,26,11,5,3,0,0,1788050738.0217574,G1,T02,angolo_120,1,moving
5966901,0,0,0,0,0,0,0,0,26,16,9,11,8,5,6,3,3,0,0,69,40,36,26,10,5,3,0,0,1788050738.2209446,G1,T02,angolo_120,1,moving
5967101,0,0,0,0,0,0,0,0,17,16,22,14,5,4,4,2,1,0,0,71,41,35,26,10,5,3,0,0,1788050738.42113,G1,T02,angolo_120,1,moving
5967301,0,0,0,0,0,0,0,0,19,12,8,10,11,4,3,5,2,0,0,73,43,35,25,10,5,3,0,0,1788050738.6209054,G1,T02,angolo_120,1,moving
5967501,0,0,0,0,0,0,0,0,17,16,8,6,6,2,6,4,3,0,0,71,43,35,25,10,5,3,0,0,1788050738.8215349,G1,T02,angolo_120,1,moving
5967701,0,0,0,0,0,0,0,0,16,13,4,7,7,2,5,4,3,0,0,71,43,36,24,10,5,3,0,0,1788050739.0208862,G1,T02,angolo_120,1,moving
5967901,0,0,0,0,0,0,0,0,22,11,18,13,6,4,5,3,1,0,0,72,45,35,24,10,6,3,0,0,1788050739.2211556,G1,T02,angolo_120,1,moving
5968101,0,0,0,0,0,0,0,0,15,11,9,10,1,7,1,3,1,0,0,73,46,34,23,9,6,4,0,0,1788050739.421615,G1,T02,angolo_120,1,moving
5968301,0,0,0,0,0,0,0,0,13,9,8,2,5,4,4,3,2,0,0,76,46,33,23,9,6,4,0,0,1788050739.6206367,G1,T02,angolo_120,1,moving
5968501,0,0,0,0,0,0,0,0,17,20,13,8,1,10,4,3,2,0,0,77,47,31,23,10,6,4,0,0,1788050739.821827,G1,T02,angolo_120,1,moving
5968701,0,0,0,0,0,0,0,0,17,16,12,6,9,5,4,4,2,0,0,81,49,31,23,10,6,4,0,0,1788050740.0211396,G1,T02,angolo_120,1,moving
5968901,0,0,0,0,0,0,0,0,16,17,7,8,4,6,5,4,2,0,0,81,51,32,23,10,6,4,0,0,1788050740.2211676,G1,T02,angolo_120,1,moving
5969101,0,0,0,0,0,0,0,0,17,28,13,10,13,5,4,2,2,0,0,83,51,31,22,9,5,4,0,0,1788050740.4219532,G1,T02,angolo_120,1,moving
5969301,0,0,0,0,0,0,0,0,20,13,2,7,6,4,4,3,3,0,0,82,49,32,22,9,5,4,0,0,1788050740.6211102,G1,T02,angolo_120,1,moving
5969501,0,0,0,0,0,0,0,0,21,16,8,12,4,7,3,4,3,0,0,79,47,32,21,9,5,3,0,0,1788050740.821638,G1,T02,angolo_120,1,moving
5969701,0,0,0,0,0,0,0,0,17,12,19,8,5,3,7,3,1,0,0,79,48,33,20,9,5,4,0,0,1788050741.0209506,G1,T02,angolo_120,1,moving
5969901,0,0,0,0,0,0,0,0,16,15,8,12,5,2,6,2,2,0,0,77,50,32,20,10,5,4,0,0,1788050741.221099,G1,T02,angolo_120,1,moving
5970101,0,0,0,0,0,0,0,0,19,14,11,5,5,4,9,4,2,0,0,75,49,32,21,10,5,4,0,0,1788050741.4218826,G1,T02,angolo_120,1,moving
5970301,0,0,0,0,0,0,0,0,15,12,10,8,2,6,1,4,2,0,0,73,50,32,21,10,5,4,0,0,1788050741.6219609,G1,T02,angolo_120,1,moving
5970501,0,0,0,0,0,0,0,0,19,13,6,4,2,4,3,4,2,0,0,75,49,30,21,10,5,4,0,0,1788050741.8211188,G1,T02,angolo_120,1,moving
5970701,0,0,0,0,0,0,0,0,16,14,14,6,4,8,2,3,2,0,0,75,48,29,20,10,5,4,0,0,1788050742.0209382,G1,T02,angolo_120,1,moving
5970901,0,0,0,0,0,0,0,0,15,13,13,11,6,5,6,6,3,0,0,78,49,27,20,10,5,4,0,0,1788050742.2209163,G1,T02,angolo_120,1,moving
5971101,0,0,0,0,0,0,0,0,14,11,4,8,9,11,5,3,2,0,0,76,48,29,21,11,5,4,0,0,1788050742.4216447,G1,T02,angolo_120,1,moving
5971301,0,0,0,0,0,0,0,0,20,27,17,14,8,2,4,3,2,0,0,77,48,28,21,11,5,4,0,0,1788050742.6210184,G1,T02,angolo_120,1,moving
5971501,0,0,0,0,0,0,0,0,16,15,8,8,13,1,3,3,3,0,0,80,50,29,22,11,5,4,0,0,1788050742.8209348,G1,T02,angolo_120,1,moving
5971701,0,0,0,0,0,0,0,0,13,11,3,7,8,3,2,3,2,0,0,80,51,29,22,11,5,4,0,0,1788050743.0211031,G1,T02,angolo_120,1,moving
5971901,0,0,0,0,0,0,0,0,20,21,8,11,12,8,7,3,1,0,0,78,50,30,22,11,5,4,0,0,1788050743.2219493,G1,T02,angolo_120,1,moving
5972101,0,0,0,0,0,0,0,0,13,14,9,4,7,6,7,2,3,0,0,76,49,31,23,11,5,4,0,0,1788050743.4218426,G1,T02,angolo_120,1,moving
5972301,0,0,0,0,0,0,0,0,19,15,9,3,10,7,9,3,3,0,0,74,48,32,24,11,5,4,0,0,1788050743.621957,G1,T02,angolo_120,1,moving
5972501,0,0,0,0,0,0,0,0,14,9,9,2,1,9,4,3,2,0,0,72,46,33,23,11,5,4,0,0,1788050743.8217,G1,T02,angolo_120,1,moving
5972701,0,0,0,0,0,0,0,0,16,14,8,10,10,2,3,4,2,0,0,70,46,32,23,11,5,4,0,0,1788050744.020861,G1,T02,angolo_120,1,moving
5972901,0,0,0,0,0,0,0,0,21,16,9,6,6,11,5,4,3,0,0,69,44,33,24,11,5,4,0,0,1788050744.221187,G1,T02,angolo_120,1,moving
5973101,0,0,0,0,0,0,0,0,16,15,14,3,9,1,6,3,2,0,0,68,43,32,23,11,5,3,0,0,1788050744.4218588,G1,T02,angolo_120,1,moving
5973301,0,0,0,0,0,0,0,0,17,13,6,17,2,4,6,5,3,0,0,69,45,31,24,11,5,4,0,0,1788050744.6215744,G1,T02,angolo_120,1,moving
5973501,0,0,0,0,0,0,0,0,24,29,23,9,6,2,5,3,2,0,0,72,46,30,24,10,5,4,0,0,1788050744.8210576,G1,T02,angolo_120,1,moving
5973701,0,0,0,0,0,0,0,0,15,12,15,10,7,3,7,3,2,0,0,71,45,30,24,11,5,3,0,0,1788050745.0219507,G1,T02,angolo_120,1,moving
5973901,0,0,0,0,0,0,0,0,15,13,5,10,10,3,4,4,3,0,0,71,44,31,24,11,5,3,0,0,1788050745.2208927,G1,T02,angolo_120,1,moving
5974101,0,0,0,0,0,0,0,0,15,13,11,12,9,5,8,3,3,0,0,72,47,32,23,10,4,3,0,0,1788050745.4217794,G1,T02,angolo_120,1,moving
5974301,0,0,0,0,0,0,0,0,21,14,6,12,5,5,6,3,3,0,0,74,47,33,23,10,4,3,0,0,1788050745.6208432,G1,T02,angolo_120,1,moving
5974501,0,0,0,0,0,0,0,0,17,15,14,13,2,4,5,4,3,0,0,72,48,33,24,10,4,3,0,0,1788050745.8213906,G1,T02,angolo_120,1,moving
5974701,0,0,0,0,0,0,0,0,17,11,13,12,10,1,4,2,3,0,0,71,48,33,23,10,5,3,0,0,1788050746.0212355,G1,T02,angolo_120,1,moving
5974901,0,0,0,0,0,0,0,0,19,15,9,6,3,4,3,2,1,0,0,68,47,32,23,10,4,4,0,0,1788050746.22092,G1,T02,angolo_120,1,moving
5975101,0,0,0,0,0,0,0,0,15,10,12,17,10,4,5,4,3,0,0,68,48,32,22,9,4,4,0,0,1788050746.4219596,G1,T02,angolo_120,1,moving
5975301,0,0,0,0,0,0,0,0,21,17,13,8,9,5,5,3,3,0,0,66,47,33,23,10,5,3,0,0,1788050746.6211002,G1,T02,angolo_120,1,moving
5975501,0,0,0,0,0,0,0,0,14,10,11,10,10,1,7,4,2,0,0,64,45,33,23,9,5,3,0,0,1788050746.820609,G1,T02,angolo_120,1,moving
5975701,0,0,0,0,0,0,0,0,24,18,5,7,3,3,5,4,2,0,0,63,45,33,24,10,5,3,0,0,1788050747.021737,G1,T02,angolo_120,1,moving
5975901,0,0,0,0,0,0,0,0,14,12,11,6,2,2,4,4,2,0,0,65,47,32,22,10,5,3,0,0,1788050747.2218292,G1,T02,angolo_120,1,moving
5976101,0,0,0,0,0,0,0,0,19,19,14,8,8,5,4,3,3,0,0,66,48,32,22,10,5,4,0,0,1788050747.4208267,G1,T02,angolo_120,1,moving
5976301,0,0,0,0,0,0,0,0,15,17,16,15,14,2,6,4,2,0,0,66,50,31,22,9,5,4,0,0,1788050747.621693,G1,T02,angolo_120,1,moving
5976501,0,0,0,0,0,0,0,0,16,13,10,9,7,6,4,4,2,0,0,68,51,32,22,9,5,3,0,0,1788050747.8216667,G1,T02,angolo_120,1,moving
5976701,0,0,0,0,0,0,0,0,15,20,12,12,11,7,4,3,3,0,0,68,51,33,22,9,5,4,0,0,1788050748.0209866,G1,T02,angolo_120,1,moving
5976901,0,0,0,0,0,0,0,0,18,15,12,9,1,7,2,3,2,0,0,72,53,32,21,9,5,4,0,0,1788050748.2210038,G1,T02,angolo_120,1,moving
5977101,0,0,0,0,0,0,0,0,17,10,11,5,9,6,4,4,3,0,0,73,54,33,21,10,5,4,0,0,1788050748.4218647,G1,T02,angolo_120,1,moving
5977301,0,0,0,0,0,0,0,0,17,13,14,10,11,9,8,3,2,0,0,75,53,33,23,10,5,4,0,0,1788050748.6214905,G1,T02,angolo_120,1,moving
5977501,0,0,0,0,0,0,0,0,23,17,11,10,11,2,6,3,3,0,0,72,53,35,22,10,5,4,0,0,1788050748.821858,G1,T02,angolo_120,1,moving
5977701,0,0,0,0,0,0,0,0,17,18,8,11,11,7,5,4,4,0,0,72,53,36,22,10,5,4,0,0,1788050749.021853,G1,T02,angolo_120,1,moving
5977901,0,0,0,0,0,0,0,0,16,17,3,6,1,9,2,4,3,0,0,74,55,35,23,10,5,4,0,0,1788050749.2209246,G1,T02,angolo_120,1,moving
5978101,0,0,0,0,0,0,0,0,16,11,10,10,6,1,3,5,3,0,0,71,52,34,23,10,5,4,0,0,1788050749.4222214,G1,T02,angolo_120,1,moving
5978301,0,0,0,0,0,0,0,0,21,16,5,7,6,6,4,4,2,0,0,69,51,34,23,10,5,4,0,0,1788050749.622069,G1,T02,angolo_120,1,moving
5978501,0,0,0,0,0,0,0,0,19,13,7,10,12,5,4,4,3,0,0,71,51,34,23,10,5,4,0,0,1788050749.8215137,G1,T02,angolo_120,1,moving
5978701,0,0,0,0,0,0,0,0,22,21,13,16,7,3,5,3,3,0,0,71,52,36,23,10,5,4,0,0,1788050750.0209582,G1,T02,angolo_120,1,moving
5978901,0,0,0,0,0,0,0,0,17,13,28,20,12,3,3,4,2,0,0,74,55,37,22,10,5,4,0,0,1788050750.2215028,G1,T02,angolo_120,1,moving
5979101,0,0,0,0,0,0,0,0,17,19,12,11,7,3,4,5,3,0,0,73,54,36,22,10,5,4,0,0,1788050750.4212215,G1,T02,angolo_120,1,moving
5979301,0,0,0,0,0,0,0,0,16,12,5,2,9,5,5,3,2,0,0,74,54,36,22,10,5,4,0,0,1788050750.6215181,G1,T02,angolo_120,1,moving
5979501,0,0,0,0,0,0,0,0,16,12,20,16,5,7,6,3,1,0,0,76,54,36,22,10,5,4,0,0,1788050750.821088,G1,T02,angolo_120,1,moving
5979701,0,0,0,0,0,0,0,0,18,15,5,10,9,7,7,4,3,0,0,76,54,36,23,9,5,4,0,0,1788050751.0219946,G1,T02,angolo_120,1,moving
5979901,0,0,0,0,0,0,0,0,20,21,7,12,4,2,7,4,2,0,0,76,54,36,23,9,5,4,0,0,1788050751.2218459,G1,T02,angolo_120,1,moving
5980101,0,0,0,0,0,0,0,0,18,14,11,12,10,8,3,4,2,0,0,76,53,36,23,9,5,4,0,0,1788050751.4210248,G1,T02,angolo_120,1,moving
5980301,0,0,0,0,0,0,0,0,16,10,4,4,7,1,3,4,3,0,0,76,52,36,22,9,5,4,0,0,1788050751.6214864,G1,T02,angolo_120,1,moving
5980501,0,0,0,0,0,0,0,0,13,12,3,13,1,6,3,3,2,0,0,74,52,34,22,9,5,4,0,0,1788050751.8211665,G1,T02,angolo_120,1,moving
5980701,0,0,0,0,0,0,0,0,16,19,15,8,1,2,7,2,2,0,0,74,50,33,22,9,5,4,0,0,1788050752.0219016,G1,T02,angolo_120,1,moving
5980901,0,0,0,0,0,0,0,0,13,10,13,12,7,2,8,4,4,0,0,70,48,34,22,9,5,4,0,0,1788050752.2215836,G1,T02,angolo_120,1,moving
5981101,0,0,0,0,0,0,0,0,23,15,15,14,9,3,5,4,3,0,0,72,48,35,22,9,5,4,0,0,1788050752.4221642,G1,T02,angolo_120,1,moving
5981301,0,0,0,0,0,0,0,0,16,17,12,3,11,4,2,2,2,0,0,70,47,35,21,10,5,4,0,0,1788050752.6214037,G1,T02,angolo_120,1,moving
5981501,0,0,0,0,0,0,0,0,16,10,11,12,11,3,3,4,4,0,0,70,47,34,21,10,5,4,0,0,1788050752.8220403,G1,T02,angolo_120,1,moving
5981701,0,0,0,0,0,0,0,0,17,18,17,14,6,4,7,2,3,0,0,69,49,34,21,9,5,4,0,0,1788050753.0212393,G1,T02,angolo_120,1,moving
5981901,0,0,0,0,0,0,0,0,14,18,13,14,9,5,6,3,2,0,0,69,50,35,19,9,5,4,0,0,1788050753.221226,G1,T02,angolo_120,1,moving
5982101,0,0,0,0,0,0,0,0,17,22,7,12,7,1,7,2,3,0,0,69,52,35,20,9,5,4,0,0,1788050753.4211476,G1,T02,angolo_120,1,moving
5982301,0,0,0,0,0,0,0,0,15,14,9,4,11,9,1,4,3,0,0,74,51,35,21,9,5,4,0,0,1788050753.6208885,G1,T02,angolo_120,1,moving
5982501,0,0,0,0,0,0,0,0,24,19,7,5,6,7,3,3,2,0,0,71,50,36,21,9,4,4,0,0,1788050753.822431,G1,T02,angolo_120,1,moving
5982701,0,0,0,0,0,0,0,0,17,12,17,8,1,1,6,4,2,0,0,73,49,36,21,9,5,4,0,0,1788050754.021962,G1,T02,angolo_120,1,moving
5982901,0,0,0,0,0,0,0,0,13,9,6,5,4,1,5,3,2,0,0,69,46,35,21,9,4,4,0,0,1788050754.2221527,G1,T02,angolo_120,1,moving
5983101,0,0,0,0,0,0,0,0,27,38,19,10,6,3,7,4,3,0,0,69,46,36,21,10,4,4,0,0,1788050754.422696,G1,T02,angolo_120,1,moving
5983301,0,0,0,0,0,0,0,0,15,16,17,9,9,1,3,3,2,0,0,69,48,35,21,10,4,4,0,0,1788050754.6224554,G1,T02,angolo_120,1,moving
5983501,0,0,0,0,0,0,0,0,17,15,13,6,9,6,2,5,3,0,0,70,46,35,20,10,5,4,0,0,1788050754.822765,G1,T02,angolo_120,1,moving
5983701,0,0,0,0,0,0,0,0,16,15,17,15,9,5,6,4,4,0,0,71,46,34,19,11,5,4,0,0,1788050755.0229342,G1,T02,angolo_120,1,moving
5983901,0,0,0,0,0,0,0,0,16,10,6,8,3,5,4,4,3,0,0,71,47,35,19,11,5,4,0,0,1788050755.222285,G1,T02,angolo_120,1,moving
5984101,0,0,0,0,0,0,0,0,16,14,10,18,15,8,6,3,2,0,0,71,49,36,19,10,4,4,0,0,1788050755.4227872,G1,T02,angolo_120,1,moving
5984301,0,0,0,0,0,0,0,0,22,16,5,8,5,6,4,3,3,0,0,72,49,36,20,11,4,4,0,0,1788050755.6221323,G1,T02,angolo_120,1,moving
5984501,0,0,0,0,0,0,0,0,15,12,5,11,4,2,3,4,2,0,0,73,49,37,19,11,4,4,0,0,1788050755.8224063,G1,T02,angolo_120,1,moving
5984701,0,0,0,0,0,0,0,0,14,14,10,3,8,4,3,4,2,0,0,75,50,37,19,11,4,4,0,0,1788050756.0229902,G1,T02,angolo_120,1,moving
5984901,0,0,0,0,0,0,0,0,18,14,15,3,7,6,5,5,3,0,0,77,50,36,20,11,4,4,0,0,1788050756.2224667,G1,T02,angolo_120,1,moving
5985101,0,0,0,0,0,0,0,0,16,16,10,11,7,8,5,4,3,0,0,78,50,36,20,11,4,4,0,0,1788050756.4225965,G1,T02,angolo_120,1,moving
5985301,0,0,0,0,0,0,0,0,15,22,18,11,1,9,5,5,3,0,0,81,51,35,21,11,4,4,0,0,1788050756.6223447,G1,T02,angolo_120,1,moving
5985501,0,0,0,0,0,0,0,0,15,18,16,8,17,3,2,3,2,0,0,80,50,36,22,11,5,4,0,0,1788050756.8227055,G1,T02,angolo_120,1,moving
5985701,0,0,0,0,0,0,0,0,16,10,11,6,8,1,6,3,2,0,0,79,47,36,21,11,5,4,0,0,1788050757.0223615,G1,T02,angolo_120,1,moving
5985901,0,0,0,0,0,0,0,0,18,21,13,2,6,7,8,4,4,0,0,79,43,36,23,12,5,4,0,0,1788050757.2228992,G1,T02,angolo_120,1,moving
5986101,0,0,0,0,0,0,0,0,16,15,8,5,7,1,6,3,3,0,0,79,43,36,22,12,5,4,0,0,1788050757.4228418,G1,T02,angolo_120,1,moving
