timestamp_ms,radar_presence,moving_target,stationary_target,moving_distance_cm,stationary_distance_cm,moving_energy,stationary_energy,pir_presence,menergy_gate0,menergy_gate1,menergy_gate2,menergy_gate3,menergy_gate4,menergy_gate5,menergy_gate6,menergy_gate7,menergy_gate8,senergy_gate0,senergy_gate1,senergy_gate2,senergy_gate3,senergy_gate4,senergy_gate5,senergy_gate6,senergy_gate7,senergy_gate8,light_level,out_level,pc_time_s,group_id,trial_id,scenario,ground_truth_presence,ground_truth_state
3741901,1,1,1,76,73,100,100,1,79,100,100,51,18,12,11,5,8,0,0,100,100,100,88,48,27,19,0,1,1788048515.1104796,G1,T02,angolo_060,1,moving
3742101,1,1,1,73,92,100,100,1,100,100,100,37,11,2,9,6,2,0,0,100,100,100,87,51,28,19,0,1,1788048515.1114833,G1,T02,angolo_060,1,moving
3742301,1,1,1,75,74,100,100,1,100,100,100,16,14,10,10,2,5,0,0,100,100,100,88,59,29,20,0,1,1788048515.1114833,G1,T02,angolo_060,1,moving
3742501,1,1,1,75,82,100,100,1,100,100,100,30,20,12,13,3,3,0,0,100,100,100,89,64,30,21,0,1,1788048515.1124854,G1,T02,angolo_060,1,moving
3742701,1,1,1,77,76,100,100,1,46,100,60,49,18,8,2,12,3,0,0,100,100,100,87,68,31,21,0,1,1788048515.1124854,G1,T02,angolo_060,1,moving
3742901,1,1,1,57,75,100,100,1,100,100,76,31,10,1,6,2,1,0,0,100,100,100,89,71,33,21,0,1,1788048515.1134853,G1,T02,angolo_060,1,moving
3743101,1,0,1,0,69,0,100,1,13,43,24,12,11,1,8,4,4,0,0,100,100,100,89,74,33,22,0,1,1788048515.1134853,G1,T02,angolo_060,1,moving
3743301,1,1,1,64,58,100,100,1,100,100,75,10,7,13,7,2,1,0,0,100,100,100,91,78,33,22,0,1,1788048515.1144853,G1,T02,angolo_060,1,moving
3743501,1,1,1,67,76,100,100,1,100,100,100,19,1,4,1,8,5,0,0,100,100,100,93,79,33,22,0,1,1788048515.1144853,G1,T02,angolo_060,1,moving
3743701,1,1,1,82,65,100,100,1,49,100,100,7,8,8,3,3,3,0,0,100,100,100,93,80,33,21,0,1,1788048515.1154852,G1,T02,angolo_060,1,moving
3743901,1,1,1,76,61,100,100,1,48,100,96,30,6,6,7,11,6,0,0,100,100,100,93,79,33,20,0,1,1788048515.1510215,G1,T02,angolo_060,1,moving
3744101,1,1,1,132,58,88,100,1,34,68,88,31,12,14,2,6,6,0,0,100,100,100,95,80,34,20,0,1,1788048515.3510373,G1,T02,angolo_060,1,moving
3744301,1,1,1,72,84,100,100,1,100,100,100,25,18,4,7,4,3,0,0,100,100,100,95,82,33,20,0,1,1788048515.5511854,G1,T02,angolo_060,1,moving
3744501,1,1,1,70,67,100,100,1,100,100,88,15,7,8,7,5,1,0,0,100,100,100,94,82,33,20,0,1,1788048515.751257,G1,T02,angolo_060,1,moving
3744701,1,1,1,76,59,100,100,1,39,100,52,45,20,11,7,11,3,0,0,100,100,100,91,81,33,20,0,1,1788048515.9508255,G1,T02,angolo_060,1,moving
3744901,1,1,1,72,67,100,100,1,100,100,100,43,12,10,15,5,9,0,0,100,100,100,90,82,31,20,0,1,1788048516.1506708,G1,T02,angolo_060,1,moving
3745101,1,1,1,66,67,100,100,1,100,100,100,26,8,9,6,6,11,0,0,100,100,100,88,81,31,22,0,1,1788048516.3511887,G1,T02,angolo_060,1,moving
3745301,1,1,1,69,66,100,100,1,100,100,100,59,14,9,7,5,6,0,0,100,100,100,81,77,32,22,0,1,1788048516.5511482,G1,T02,angolo_060,1,moving
3745501,1,1,1,93,80,83,100,1,40,83,69,30,9,2,10,5,4,0,0,100,100,100,75,76,31,22,0,1,1788048516.7507212,G1,T02,angolo_060,1,moving
3745701,1,1,1,66,74,88,100,1,38,88,9,33,17,6,8,10,0,0,0,100,100,100,69,77,33,23,0,1,1788048516.9500475,G1,T02,angolo_060,1,moving
3745901,1,1,1,86,62,100,100,1,46,100,100,15,6,1,5,3,1,0,0,100,100,100,66,76,34,23,0,1,1788048517.1509101,G1,T02,angolo_060,1,moving
3746101,1,1,1,79,80,100,100,1,60,100,70,21,17,7,9,9,4,0,0,100,100,100,65,75,34,24,0,1,1788048517.3515255,G1,T02,angolo_060,1,moving
3746301,1,1,1,79,86,100,100,1,60,100,95,48,33,22,5,12,10,0,0,100,100,100,74,70,33,24,0,1,1788048517.5506883,G1,T02,angolo_060,1,moving
3746501,1,1,1,89,86,100,100,1,52,100,100,37,17,9,2,1,5,0,0,100,100,100,79,65,33,23,0,1,1788048517.7511754,G1,T02,angolo_060,1,moving
3746701,1,1,1,85,84,100,100,1,100,100,100,49,17,8,8,6,3,0,0,100,100,100,85,62,32,23,0,1,1788048517.9509594,G1,T02,angolo_060,1,moving
3746901,1,1,1,110,91,100,100,1,40,100,100,68,18,9,8,8,8,0,0,100,100,100,88,59,31,23,0,1,1788048518.151028,G1,T02,angolo_060,1,moving
3747101,1,1,1,94,94,98,100,1,33,98,79,34,14,17,5,6,7,0,0,100,100,100,93,56,31,23,0,1,1788048518.3512297,G1,T02,angolo_060,1,moving
3747301,1,1,1,129,109,100,100,1,19,99,100,60,8,10,8,11,2,0,0,100,100,100,93,53,32,24,0,1,1788048518.5512602,G1,T02,angolo_060,1,moving
3747501,1,1,1,105,100,100,100,1,24,100,100,39,8,4,5,5,2,0,0,100,100,100,93,53,32,24,0,1,1788048518.7508557,G1,T02,angolo_060,1,moving
3747701,1,1,1,76,100,100,100,1,35,100,39,16,16,16,8,5,4,0,0,100,100,100,95,51,31,25,0,1,1788048518.9508169,G1,T02,angolo_060,1,moving
3747901,1,1,1,75,117,100,100,1,32,100,32,17,11,10,4,10,2,0,0,100,100,100,97,51,30,24,0,1,1788048519.1515243,G1,T02,angolo_060,1,moving
3748101,1,1,1,75,92,100,100,1,51,100,55,22,12,9,6,11,4,0,0,100,100,100,99,50,29,24,0,1,1788048519.3513823,G1,T02,angolo_060,1,moving
3748301,1,1,1,89,93,100,100,1,89,100,100,40,11,5,7,4,5,0,0,100,100,100,99,50,30,24,0,1,1788048519.5511816,G1,T02,angolo_060,1,moving
3748501,1,1,1,87,77,100,100,1,41,100,100,59,9,3,6,3,4,0,0,100,100,100,100,51,31,24,0,1,1788048519.7512105,G1,T02,angolo_060,1,moving
3748701,1,1,1,77,79,100,100,1,100,100,100,33,13,10,5,8,8,0,0,100,100,100,100,53,30,23,0,1,1788048519.9517212,G1,T02,angolo_060,1,moving
3748901,1,1,1,84,79,100,100,1,100,100,100,68,24,5,7,7,3,0,0,100,100,100,100,49,29,22,0,1,1788048520.1515784,G1,T02,angolo_060,1,moving
3749101,1,1,1,80,81,100,100,1,55,100,82,18,16,11,5,4,7,0,0,100,100,100,100,47,28,22,0,1,1788048520.3513324,G1,T02,angolo_060,1,moving
3749301,1,1,1,99,94,100,100,1,51,100,100,46,24,9,6,7,4,0,0,100,100,100,100,45,27,20,0,1,1788048520.5507681,G1,T02,angolo_060,1,moving
3749501,1,1,1,86,104,100,100,1,83,100,100,23,14,6,1,11,7,0,0,100,100,100,100,42,28,19,0,1,1788048520.7516603,G1,T02,angolo_060,1,moving
3749701,1,1,1,82,80,100,100,1,100,100,100,49,11,12,6,4,2,0,0,100,100,100,100,40,27,17,0,1,1788048520.9508786,G1,T02,angolo_060,1,moving
3749901,1,1,1,92,75,100,100,1,17,100,89,40,14,10,1,8,5,0,0,100,100,100,100,38,25,16,0,1,1788048521.1514857,G1,T02,angolo_060,1,moving
3750101,1,1,1,93,97,100,100,1,88,100,100,73,12,9,7,3,2,0,0,100,100,100,100,37,25,15,0,1,1788048521.3512735,G1,T02,angolo_060,1,moving
3750301,1,1,1,147,92,91,100,1,24,59,91,55,18,5,11,7,6,0,0,100,100,100,92,35,23,14,0,1,1788048521.5512855,G1,T02,angolo_060,1,moving
3750501,1,1,1,83,91,100,100,1,100,100,100,52,14,9,3,8,3,0,0,100,100,100,86,34,22,14,0,1,1788048521.7509382,G1,T02,angolo_060,1,moving
3750701,1,1,1,87,91,100,100,1,67,100,100,39,1,14,9,5,2,0,0,100,100,100,80,33,23,13,0,1,1788048521.951009,G1,T02,angolo_060,1,moving
3750901,1,1,1,92,100,100,100,1,17,100,83,26,28,14,3,6,3,0,0,100,100,100,76,31,22,13,0,1,1788048522.1510994,G1,T02,angolo_060,1,moving
3751101,1,1,1,123,97,100,100,1,14,100,100,35,12,12,7,7,5,0,0,100,100,100,71,31,21,12,0,1,1788048522.3512323,G1,T02,angolo_060,1,moving
3751301,1,1,1,88,93,100,100,1,83,100,100,19,6,19,10,3,5,0,0,100,100,100,69,31,21,12,0,1,1788048522.5508907,G1,T02,angolo_060,1,moving
3751501,1,1,1,84,95,100,100,1,65,100,100,18,4,10,9,10,3,0,0,100,100,100,69,31,20,12,0,1,1788048522.7509801,G1,T02,angolo_060,1,moving
3751701,1,1,1,97,84,100,100,1,26,100,100,54,11,1,6,4,5,0,0,100,100,100,65,31,21,11,0,1,1788048522.9508586,G1,T02,angolo_060,1,moving
3751901,1,1,1,94,91,100,100,1,27,100,100,25,9,3,6,8,2,0,0,100,100,100,63,32,21,11,0,1,1788048523.151413,G1,T02,angolo_060,1,moving
3752101,1,1,1,80,90,100,100,1,66,100,96,27,19,13,4,7,2,0,0,100,100,100,62,32,20,11,0,1,1788048523.3513064,G1,T02,angolo_060,1,moving
3752301,1,1,1,87,65,100,100,1,14,100,100,21,13,9,5,8,2,0,0,100,100,100,61,30,20,11,0,1,1788048523.5512576,G1,T02,angolo_060,1,moving
3752501,1,1,1,94,74,100,100,1,27,100,100,32,3,6,10,7,5,0,0,100,100,100,58,29,19,11,0,1,1788048523.7508996,G1,T02,angolo_060,1,moving
3752701,1,1,1,94,109,100,100,1,28,100,100,72,23,13,7,7,4,0,0,100,100,100,58,29,20,11,0,1,1788048523.950787,G1,T02,angolo_060,1,moving
3752901,1,1,1,91,89,100,100,1,80,100,100,25,6,12,10,8,3,0,0,100,100,100,56,29,20,11,0,1,1788048524.1516373,G1,T02,angolo_060,1,moving
3753101,1,1,1,87,93,100,100,1,98,100,100,43,11,6,1,1,5,0,0,100,100,100,56,28,20,11,0,1,1788048524.351746,G1,T02,angolo_060,1,moving
3753301,1,1,1,87,94,100,100,1,15,100,100,10,19,8,8,3,5,0,0,100,100,100,58,30,20,12,0,1,1788048524.5514932,G1,T02,angolo_060,1,moving
3753501,1,1,1,94,79,100,100,1,13,100,100,40,31,15,11,8,1,0,0,100,100,100,59,30,20,13,0,1,1788048524.7518802,G1,T02,angolo_060,1,moving
3753701,1,1,1,86,89,100,100,1,24,100,100,7,13,9,6,2,5,0,0,100,100,100,58,29,21,13,0,1,1788048524.9513762,G1,T02,angolo_060,1,moving
3753901,1,1,1,84,88,100,100,1,86,100,100,13,6,8,8,7,6,0,0,100,100,100,59,29,22,13,0,1,1788048525.1513886,G1,T02,angolo_060,1,moving
3754101,1,1,1,90,97,100,100,1,44,100,100,31,16,3,9,8,6,0,0,100,100,100,58,29,23,14,0,1,1788048525.350373,G1,T02,angolo_060,1,moving
3754301,1,1,1,93,89,100,100,1,91,100,100,54,22,12,5,4,5,0,0,100,100,100,60,29,24,14,0,1,1788048525.5508926,G1,T02,angolo_060,1,moving
3754501,1,1,1,87,84,100,100,1,100,100,100,12,18,12,7,10,4,0,0,100,100,100,61,29,24,15,0,1,1788048525.7515004,G1,T02,angolo_060,1,moving
3754701,1,1,1,90,95,100,100,1,64,100,100,48,4,6,3,9,6,0,0,100,100,100,61,29,23,15,0,1,1788048525.9512107,G1,T02,angolo_060,1,moving
3754901,1,1,1,82,102,100,100,1,100,100,100,31,16,15,5,4,9,0,0,100,100,100,63,29,24,16,0,1,1788048526.1506143,G1,T02,angolo_060,1,moving
3755101,1,1,1,90,97,100,100,1,64,100,100,14,13,7,2,6,4,0,0,100,100,100,65,29,23,16,0,1,1788048526.351829,G1,T02,angolo_060,1,moving
3755301,1,1,1,83,87,100,100,1,65,100,100,52,10,3,1,8,3,0,0,100,100,100,63,27,22,16,0,1,1788048526.5508327,G1,T02,angolo_060,1,moving
3755501,1,1,1,80,76,100,100,1,53,100,99,42,10,4,4,5,5,0,0,100,100,100,60,27,22,17,0,1,1788048526.751057,G1,T02,angolo_060,1,moving
3755701,1,1,1,86,75,100,100,1,100,100,100,80,21,7,2,6,3,0,0,100,100,100,59,27,21,17,0,1,1788048526.950973,G1,T02,angolo_060,1,moving
3755901,1,1,1,77,92,100,100,1,53,100,72,61,8,4,5,4,2,0,0,100,100,100,59,26,21,16,0,1,1788048527.1515145,G1,T02,angolo_060,1,moving
3756101,1,1,1,75,90,100,100,1,31,100,35,25,7,11,4,6,4,0,0,100,100,100,57,26,21,16,0,1,1788048527.3508132,G1,T02,angolo_060,1,moving
3756301,1,1,1,118,110,100,100,1,17,100,100,37,13,3,3,9,7,0,0,100,100,99,56,26,22,16,0,1,1788048527.5509996,G1,T02,angolo_060,1,moving
3756501,1,1,1,101,90,90,100,1,14,90,77,42,20,11,5,1,4,0,0,100,100,98,57,27,22,17,0,1,1788048527.7513738,G1,T02,angolo_060,1,moving
3756701,1,1,1,127,136,92,100,1,24,77,92,24,3,9,2,6,5,0,0,100,100,96,57,26,21,16,0,1,1788048527.9506123,G1,T02,angolo_060,1,moving
3756901,1,1,1,138,127,100,100,1,30,100,100,63,7,3,6,4,3,0,0,100,100,95,57,25,21,16,0,1,1788048528.1512923,G1,T02,angolo_060,1,moving
3757101,1,1,1,93,101,85,100,1,30,85,67,56,20,8,6,2,3,0,0,100,100,97,57,25,21,16,0,1,1788048528.351551,G1,T02,angolo_060,1,moving
3757301,1,1,1,101,106,100,100,1,13,100,87,23,11,10,4,5,6,0,0,100,100,95,54,23,20,15,0,1,1788048528.5516822,G1,T02,angolo_060,1,moving
3757501,1,1,1,87,110,100,100,1,38,100,100,16,10,7,5,8,2,0,0,100,100,91,52,23,19,14,0,1,1788048528.7516475,G1,T02,angolo_060,1,moving
3757701,1,1,1,108,86,100,100,1,30,100,100,23,8,2,4,5,1,0,0,100,100,88,51,23,18,14,0,1,1788048528.9507442,G1,T02,angolo_060,1,moving
3757901,1,1,1,86,137,94,100,1,16,94,53,25,22,14,3,2,7,0,0,100,100,90,50,23,17,13,0,1,1788048529.151525,G1,T02,angolo_060,1,moving
3758101,1,1,1,96,84,100,100,1,24,100,100,39,19,8,5,7,4,0,0,100,100,90,52,22,16,13,0,1,1788048529.3511617,G1,T02,angolo_060,1,moving
3758301,1,1,1,107,104,100,100,1,29,100,100,48,14,5,4,5,6,0,0,100,100,86,50,22,14,12,0,1,1788048529.5518408,G1,T02,angolo_060,1,moving
3758501,1,1,1,92,79,100,100,1,36,100,100,53,2,10,9,8,3,0,0,100,100,82,49,22,14,12,0,1,1788048529.7507756,G1,T02,angolo_060,1,moving
3758701,1,1,1,106,150,100,100,1,40,100,100,57,12,11,12,2,5,0,0,100,100,81,51,23,14,12,0,1,1788048529.9520571,G1,T02,angolo_060,1,moving
3758901,1,1,1,123,88,99,100,1,20,86,99,17,5,4,3,8,4,0,0,100,100,77,48,23,14,11,0,1,1788048530.1512406,G1,T02,angolo_060,1,moving
3759101,1,1,1,127,94,100,100,1,31,100,100,65,11,9,6,7,7,0,0,100,100,77,46,23,15,12,0,1,1788048530.3517723,G1,T02,angolo_060,1,moving
3759301,1,1,1,97,123,100,100,1,60,100,100,50,9,14,3,1,4,0,0,100,100,75,46,23,16,12,0,1,1788048530.5518785,G1,T02,angolo_060,1,moving
3759501,1,1,1,150,134,100,100,1,20,100,100,100,15,3,6,4,3,0,0,100,100,77,47,22,15,11,0,1,1788048530.7520814,G1,T02,angolo_060,1,moving
3759701,1,1,1,77,96,100,100,1,62,100,74,46,5,5,4,7,5,0,0,100,100,75,47,22,15,11,0,1,1788048530.951128,G1,T02,angolo_060,1,moving
3759901,1,1,1,94,94,100,100,1,41,100,100,32,21,12,3,5,3,0,0,100,100,79,47,21,15,11,0,1,1788048531.1520083,G1,T02,angolo_060,1,moving
3760101,1,1,1,108,96,100,100,1,13,100,100,47,17,6,3,6,4,0,0,100,100,78,49,22,15,12,0,1,1788048531.3518772,G1,T02,angolo_060,1,moving
3760301,1,1,1,133,76,92,100,1,20,69,92,31,9,9,6,9,7,0,0,100,100,78,50,22,15,11,0,1,1788048531.5514357,G1,T02,angolo_060,1,moving
3760501,1,1,1,107,87,93,100,1,24,93,89,33,11,11,3,4,3,0,0,100,100,77,49,21,14,11,0,1,1788048531.7509556,G1,T02,angolo_060,1,moving
3760701,1,1,1,86,92,100,100,1,68,100,100,43,9,9,1,10,3,0,0,100,100,74,47,22,14,11,0,1,1788048531.9517696,G1,T02,angolo_060,1,moving
3760901,1,1,1,96,90,100,100,1,33,100,88,37,16,8,1,10,3,0,0,100,100,74,48,22,14,11,0,1,1788048532.1511254,G1,T02,angolo_060,1,moving
3761101,1,1,1,100,113,100,100,1,22,100,100,41,9,10,2,5,7,0,0,100,100,72,47,22,14,11,0,1,1788048532.351944,G1,T02,angolo_060,1,moving
3761301,1,1,1,91,106,92,100,1,39,92,73,25,6,10,3,3,3,0,0,100,100,71,49,22,14,11,0,1,1788048532.5510514,G1,T02,angolo_060,1,moving
3761501,1,1,1,94,99,100,100,1,79,100,100,33,10,8,4,9,6,0,0,100,100,72,50,23,14,11,0,1,1788048532.7508729,G1,T02,angolo_060,1,moving
3761701,1,1,1,94,84,100,100,1,97,100,100,62,6,3,1,9,7,0,0,100,100,76,50,23,14,12,0,1,1788048532.9507797,G1,T02,angolo_060,1,moving
3761901,1,1,1,94,85,100,100,1,17,100,100,49,10,7,1,8,4,0,0,100,100,76,50,23,14,12,0,1,1788048533.1512978,G1,T02,angolo_060,1,moving
3762101,1,1,1,101,95,100,100,1,33,100,100,37,13,8,5,5,5,0,0,100,100,74,48,23,14,12,0,1,1788048533.3519747,G1,T02,angolo_060,1,moving
3762301,1,1,1,85,96,100,100,1,27,100,62,17,12,12,3,4,7,0,0,100,100,77,48,23,15,12,0,1,1788048533.5516887,G1,T02,angolo_060,1,moving
3762501,1,1,1,76,86,72,100,1,26,72,30,15,8,3,1,5,2,0,0,100,100,79,49,23,15,12,0,1,1788048533.7506359,G1,T02,angolo_060,1,moving
3762701,1,1,1,93,92,100,100,1,14,100,100,56,10,5,10,8,9,0,0,100,100,80,47,24,15,13,0,1,1788048533.9513004,G1,T02,angolo_060,1,moving
3762901,1,1,1,84,90,100,100,1,19,100,100,100,43,21,7,7,7,0,0,100,100,86,51,25,15,13,0,1,1788048534.152156,G1,T02,angolo_060,1,moving
3763101,1,1,1,91,78,100,100,1,64,100,100,14,13,10,5,3,5,0,0,100,100,87,50,26,16,12,0,1,1788048534.351178,G1,T02,angolo_060,1,moving
3763301,1,1,1,141,95,100,100,1,17,73,100,50,16,10,5,5,6,0,0,100,100,89,52,26,15,12,0,1,1788048534.551359,G1,T02,angolo_060,1,moving
3763501,1,1,1,87,94,100,100,1,45,100,100,22,7,9,10,3,7,0,0,100,100,90,53,27,16,12,0,1,1788048534.7519171,G1,T02,angolo_060,1,moving
3763701,1,1,1,92,96,100,100,1,60,100,100,43,13,6,4,1,2,0,0,100,100,90,54,28,17,12,0,1,1788048534.9510827,G1,T02,angolo_060,1,moving
3763901,1,1,1,88,100,100,100,1,32,100,100,18,8,11,1,9,3,0,0,100,100,87,56,28,17,13,0,1,1788048535.151192,G1,T02,angolo_060,1,moving
3764101,1,1,1,80,104,100,100,1,23,100,50,55,7,5,3,2,4,0,0,100,100,85,54,29,18,13,0,1,1788048535.3509824,G1,T02,angolo_060,1,moving
3764301,1,1,1,92,76,100,100,1,19,100,100,21,18,6,8,4,2,0,0,100,100,88,57,30,18,13,0,1,1788048535.551807,G1,T02,angolo_060,1,moving
3764501,1,1,1,88,88,69,100,1,25,69,49,29,10,11,5,2,4,0,0,100,100,89,57,30,19,13,0,1,1788048535.7517502,G1,T02,angolo_060,1,moving
3764701,1,1,1,101,137,100,100,1,19,100,100,51,8,5,4,1,6,0,0,100,100,90,56,29,19,13,0,1,1788048535.9512484,G1,T02,angolo_060,1,moving
3764901,1,1,1,110,86,100,100,1,16,100,100,31,11,6,4,5,4,0,0,100,100,90,54,29,19,13,0,1,1788048536.1516757,G1,T02,angolo_060,1,moving
3765101,1,1,1,132,115,76,100,1,24,55,76,14,9,13,7,8,5,0,0,100,100,91,54,29,19,12,0,1,1788048536.3516498,G1,T02,angolo_060,1,moving
3765301,1,1,1,92,89,100,100,1,25,100,89,24,19,10,3,9,4,0,0,100,100,91,53,29,19,12,0,1,1788048536.5509796,G1,T02,angolo_060,1,moving
3765501,1,1,1,89,120,100,100,1,65,100,100,43,2,17,5,11,3,0,0,100,100,92,55,29,20,13,0,1,1788048536.7516322,G1,T02,angolo_060,1,moving
3765701,1,1,1,97,101,100,100,1,29,100,100,50,24,16,1,2,2,0,0,100,100,93,58,29,20,12,0,1,1788048536.9512465,G1,T02,angolo_060,1,moving
3765901,1,1,1,104,100,80,100,1,23,80,74,28,10,14,2,8,5,0,0,100,100,90,59,29,20,13,0,1,1788048537.1513014,G1,T02,angolo_060,1,moving
3766101,1,1,1,96,90,100,100,1,66,100,100,49,4,8,8,7,6,0,0,100,100,89,60,30,20,13,0,1,1788048537.351927,G1,T02,angolo_060,1,moving
3766301,1,1,1,92,141,100,100,1,28,100,100,20,12,6,9,6,6,0,0,100,100,89,62,31,20,13,0,1,1788048537.551908,G1,T02,angolo_060,1,moving
3766501,1,1,1,90,97,100,100,1,27,100,100,35,7,4,7,7,6,0,0,100,100,90,62,32,21,13,0,1,1788048537.7513313,G1,T02,angolo_060,1,moving
3766701,1,1,1,89,101,100,100,1,46,100,100,42,8,5,8,4,1,0,0,100,100,92,63,31,20,12,0,1,1788048537.9517176,G1,T02,angolo_060,1,moving
3766901,1,0,1,0,99,0,100,1,42,50,33,55,12,17,12,11,9,0,0,100,100,86,61,31,20,12,0,1,1788048538.1514113,G1,T02,angolo_060,1,moving
3767101,1,1,1,93,85,100,100,1,51,100,100,52,19,11,4,4,7,0,0,100,100,88,63,31,18,12,0,1,1788048538.3518567,G1,T02,angolo_060,1,moving
3767301,1,1,1,126,97,100,100,1,40,100,100,63,9,4,7,7,6,0,0,100,100,88,64,33,19,12,0,1,1788048538.551869,G1,T02,angolo_060,1,moving
3767501,1,1,1,84,84,100,100,1,41,100,100,39,15,10,2,5,6,0,0,100,100,87,65,32,19,13,0,1,1788048538.7512102,G1,T02,angolo_060,1,moving
3767701,1,1,1,87,93,100,100,1,48,100,100,28,2,8,8,10,4,0,0,100,100,85,64,32,19,13,0,1,1788048538.9519765,G1,T02,angolo_060,1,moving
3767901,1,0,1,0,106,0,100,1,18,28,23,11,10,7,5,8,5,0,0,100,100,86,63,32,18,13,0,1,1788048539.1507897,G1,T02,angolo_060,1,moving
3768101,1,1,1,82,126,53,100,1,27,53,35,37,19,12,4,6,4,0,0,100,100,90,66,31,18,13,0,1,1788048539.3510423,G1,T02,angolo_060,1,moving
3768301,1,1,1,91,93,100,100,1,61,100,100,13,7,8,10,12,9,0,0,100,100,88,64,31,17,13,0,1,1788048539.5518167,G1,T02,angolo_060,1,moving
3768501,1,1,1,79,82,100,100,1,37,100,68,42,18,15,6,7,5,0,0,100,100,88,65,31,17,13,0,1,1788048539.7519174,G1,T02,angolo_060,1,moving
3768701,1,1,1,96,93,100,100,1,21,100,100,33,5,12,4,1,5,0,0,100,100,87,66,31,17,13,0,1,1788048539.952078,G1,T02,angolo_060,1,moving
3768901,1,1,1,94,94,100,100,1,100,100,100,44,7,7,7,1,8,0,0,100,100,86,67,32,18,14,0,1,1788048540.1520875,G1,T02,angolo_060,1,moving
3769101,1,1,1,100,94,100,100,1,22,100,89,42,11,10,1,7,6,0,0,100,100,86,67,31,17,14,0,1,1788048540.3519242,G1,T02,angolo_060,1,moving
3769301,1,1,1,90,88,100,100,1,20,100,81,29,22,24,10,4,5,0,0,100,100,89,72,32,17,13,0,1,1788048540.5519578,G1,T02,angolo_060,1,moving
3769501,1,1,1,103,91,100,100,1,46,100,100,46,17,9,5,7,4,0,0,100,100,87,70,33,16,14,0,1,1788048540.7520041,G1,T02,angolo_060,1,moving
3769701,1,1,1,96,106,100,100,1,41,100,100,31,15,13,3,8,8,0,0,100,100,83,69,33,17,13,0,1,1788048540.9521344,G1,T02,angolo_060,1,moving
3769901,1,1,1,88,77,100,100,1,32,100,94,12,3,6,7,5,5,0,0,100,100,82,69,34,17,13,0,1,1788048541.1514127,G1,T02,angolo_060,1,moving
3770101,1,1,1,95,92,100,100,1,100,100,100,46,18,10,8,5,10,0,0,100,100,84,70,35,16,13,0,1,1788048541.3523717,G1,T02,angolo_060,1,moving
3770301,1,1,1,96,94,89,100,1,14,89,70,47,8,5,8,0,3,0,0,100,100,83,68,34,16,13,0,1,1788048541.5509357,G1,T02,angolo_060,1,moving
3770501,1,1,1,108,94,75,100,1,15,75,72,35,18,8,7,7,4,0,0,100,100,82,67,33,16,13,0,1,1788048541.7518444,G1,T02,angolo_060,1,moving
3770701,1,1,1,91,146,100,100,1,22,100,98,26,15,9,5,4,3,0,0,100,100,84,66,32,16,12,0,1,1788048541.9513938,G1,T02,angolo_060,1,moving
3770901,1,1,1,135,93,100,100,1,19,75,100,29,27,17,10,10,4,0,0,100,100,87,66,32,16,12,0,1,1788048542.1521041,G1,T02,angolo_060,1,moving
3771101,1,1,1,97,98,100,100,1,23,100,100,51,13,7,9,4,8,0,0,100,100,83,65,32,17,13,0,1,1788048542.3515947,G1,T02,angolo_060,1,moving
3771301,1,1,1,100,74,100,100,1,34,100,100,13,9,11,1,6,5,0,0,100,100,81,63,30,16,12,0,1,1788048542.5520213,G1,T02,angolo_060,1,moving
3771501,1,1,1,84,90,100,100,1,81,100,100,7,22,23,11,10,6,0,0,100,100,81,64,32,16,12,0,1,1788048542.752014,G1,T02,angolo_060,1,moving
3771701,1,1,1,89,89,100,100,1,35,100,100,17,6,12,10,4,5,0,0,100,100,82,67,31,16,12,0,1,1788048542.9519796,G1,T02,angolo_060,1,moving
3771901,1,1,1,114,93,100,100,1,48,100,100,81,21,16,7,6,2,0,0,100,100,83,67,33,16,13,0,1,1788048543.1520574,G1,T02,angolo_060,1,moving
3772101,1,1,1,98,122,100,100,1,51,100,100,31,9,13,5,4,3,0,0,100,100,80,67,33,17,12,0,1,1788048543.3515859,G1,T02,angolo_060,1,moving
3772301,1,1,1,87,106,100,100,1,92,100,100,13,14,12,4,12,7,0,0,100,100,79,67,31,17,12,0,1,1788048543.5516822,G1,T02,angolo_060,1,moving
3772501,1,1,1,104,86,94,100,1,19,94,85,32,18,14,10,5,6,0,0,100,100,79,66,32,17,12,0,1,1788048543.7520545,G1,T02,angolo_060,1,moving
3772701,1,1,1,101,101,100,100,1,28,100,100,29,10,10,2,3,3,0,0,100,100,79,66,32,17,13,0,1,1788048543.9517481,G1,T02,angolo_060,1,moving
3772901,1,1,1,94,99,100,100,1,25,100,100,21,7,2,7,9,1,0,0,100,100,80,65,32,17,13,0,1,1788048544.151165,G1,T02,angolo_060,1,moving
3773101,1,1,1,90,82,100,100,1,16,100,85,48,26,4,9,5,4,0,0,100,100,81,63,32,17,13,0,1,1788048544.3513498,G1,T02,angolo_060,1,moving
3773301,1,1,1,106,109,100,100,1,35,100,100,25,9,1,5,7,4,0,0,100,100,79,59,31,17,13,0,1,1788048544.551762,G1,T02,angolo_060,1,moving
3773501,1,1,1,89,91,100,100,1,60,100,100,38,13,6,2,5,4,0,0,100,100,81,62,32,16,13,0,1,1788048544.7520347,G1,T02,angolo_060,1,moving
3773701,1,1,1,85,74,100,100,1,58,100,100,12,11,9,8,5,4,0,0,100,100,83,61,31,16,13,0,1,1788048544.9497373,G1,T02,angolo_060,1,moving
3773901,1,1,1,83,89,100,100,1,51,100,89,22,13,13,7,9,5,0,0,100,100,84,60,31,17,14,0,1,1788048545.1520193,G1,T02,angolo_060,1,moving
3774101,1,1,1,86,101,100,100,1,69,100,100,7,3,10,10,4,6,0,0,100,100,81,59,30,17,13,0,1,1788048545.351894,G1,T02,angolo_060,1,moving
3774301,1,1,1,97,91,100,100,1,42,100,100,43,7,4,2,7,2,0,0,100,100,80,58,29,16,14,0,1,1788048545.551901,G1,T02,angolo_060,1,moving
3774501,1,1,1,100,95,100,100,1,16,100,98,68,20,13,7,6,4,0,0,100,100,82,59,30,17,14,0,1,1788048545.7520058,G1,T02,angolo_060,1,moving
3774701,1,1,1,106,100,100,100,1,17,100,99,26,7,10,2,7,3,0,0,100,100,80,61,30,16,14,0,1,1788048545.95226,G1,T02,angolo_060,1,moving
3774901,1,1,1,96,90,100,100,1,68,100,100,38,11,5,11,13,9,0,0,100,100,78,58,30,16,15,0,1,1788048546.1522434,G1,T02,angolo_060,1,moving
3775101,1,1,1,76,99,100,100,1,50,100,62,47,10,11,5,10,7,0,0,100,100,76,58,30,16,14,0,1,1788048546.3521626,G1,T02,angolo_060,1,moving
3775301,1,1,1,93,97,100,100,1,28,100,100,6,11,12,7,9,6,0,0,100,100,76,57,29,16,15,0,1,1788048546.5519547,G1,T02,angolo_060,1,moving
3775501,1,1,1,88,97,100,100,1,53,100,100,25,15,6,10,10,6,0,0,100,100,78,54,28,16,14,0,1,1788048546.7523975,G1,T02,angolo_060,1,moving
3775701,1,1,1,109,108,100,100,1,57,100,100,76,19,15,3,8,5,0,0,100,100,80,53,28,16,14,0,1,1788048546.9523554,G1,T02,angolo_060,1,moving
3775901,1,1,1,105,89,100,100,1,32,100,100,45,10,11,9,9,8,0,0,100,100,79,53,27,16,14,0,1,1788048547.1519132,G1,T02,angolo_060,1,moving
3776101,1,1,1,82,93,100,100,1,18,100,47,19,20,13,8,5,3,0,0,100,100,83,56,29,17,14,0,1,1788048547.35136,G1,T02,angolo_060,1,moving
3776301,1,1,1,99,99,100,100,1,24,100,100,38,14,12,4,5,8,0,0,100,100,82,56,30,17,15,0,1,1788048547.5522256,G1,T02,angolo_060,1,moving
3776501,1,1,1,96,96,72,100,1,21,63,72,67,24,14,5,5,4,0,0,100,100,83,56,29,18,14,0,1,1788048547.75205,G1,T02,angolo_060,1,moving
3776701,1,1,1,89,104,100,100,1,74,100,100,56,16,9,1,6,4,0,0,100,100,85,56,28,18,14,0,1,1788048547.9520252,G1,T02,angolo_060,1,moving
3776901,1,1,1,97,93,100,100,1,24,100,100,46,19,12,5,5,8,0,0,100,100,86,60,28,17,13,0,1,1788048548.1516342,G1,T02,angolo_060,1,moving
3777101,1,1,1,70,99,100,100,1,52,100,32,23,5,10,3,4,3,0,0,100,100,87,60,28,17,13,0,1,1788048548.3519967,G1,T02,angolo_060,1,moving
3777301,1,1,1,117,101,100,100,1,17,100,100,50,22,11,5,6,6,0,0,100,100,87,61,28,18,13,0,1,1788048548.5522878,G1,T02,angolo_060,1,moving
3777501,1,1,1,106,93,78,100,1,14,78,72,25,12,12,5,4,4,0,0,100,100,84,59,28,18,13,0,1,1788048548.751683,G1,T02,angolo_060,1,moving
3777701,1,1,1,86,94,100,100,1,56,100,100,31,8,6,11,7,7,0,0,100,100,84,60,28,18,13,0,1,1788048548.951985,G1,T02,angolo_060,1,moving
3777901,1,1,1,97,81,100,100,1,23,100,100,32,16,6,8,3,4,0,0,100,100,85,59,28,18,13,0,1,1788048549.1518626,G1,T02,angolo_060,1,moving
3778101,1,1,1,104,101,100,100,1,23,100,100,39,12,6,4,2,6,0,0,100,100,86,59,27,19,13,0,1,1788048549.3519785,G1,T02,angolo_060,1,moving
3778301,1,1,1,91,81,100,100,1,95,100,100,24,11,9,6,7,2,0,0,100,100,87,61,29,19,12,0,1,1788048549.5518754,G1,T02,angolo_060,1,moving
3778501,1,1,1,104,93,100,100,1,16,100,100,49,14,7,4,6,2,0,0,100,100,83,61,28,19,12,0,1,1788048549.7516446,G1,T02,angolo_060,1,moving
3778701,1,1,1,101,146,100,100,1,44,100,100,31,10,13,14,7,2,0,0,100,100,82,60,30,19,13,0,1,1788048549.9518971,G1,T02,angolo_060,1,moving
3778901,1,1,1,111,104,100,100,1,44,100,100,76,7,5,1,6,4,0,0,100,100,81,60,29,18,12,0,1,1788048550.1519635,G1,T02,angolo_060,1,moving
3779101,1,1,1,91,79,100,100,1,93,100,100,9,22,16,5,3,8,0,0,100,100,83,60,29,18,12,0,1,1788048550.3514688,G1,T02,angolo_060,1,moving
3779301,1,1,1,88,95,100,100,1,46,100,100,17,5,6,5,8,5,0,0,100,100,82,61,29,18,12,0,1,1788048550.5517397,G1,T02,angolo_060,1,moving
3779501,1,1,1,93,83,100,100,1,59,100,100,30,13,11,10,5,9,0,0,100,100,81,62,29,18,12,0,1,1788048550.752095,G1,T02,angolo_060,1,moving
3779701,1,1,1,86,104,100,100,1,55,100,100,16,13,13,6,5,2,0,0,100,100,80,62,30,17,13,0,1,1788048550.9522705,G1,T02,angolo_060,1,moving
3779901,1,1,1,91,123,100,100,1,50,100,100,67,20,5,9,4,7,0,0,100,100,80,60,29,17,12,0,1,1788048551.1520846,G1,T02,angolo_060,1,moving
3780101,1,1,1,114,91,100,100,1,33,100,100,78,10,4,4,9,4,0,0,100,100,76,57,29,16,12,0,1,1788048551.3523095,G1,T02,angolo_060,1,moving
3780301,1,1,1,94,91,100,100,1,82,100,100,29,12,9,2,10,7,0,0,100,100,79,55,28,17,12,0,1,1788048551.5521562,G1,T02,angolo_060,1,moving
3780501,1,1,1,88,90,100,100,1,19,100,100,23,6,5,6,7,5,0,0,100,100,76,55,28,16,12,0,1,1788048551.75219,G1,T02,angolo_060,1,moving
3780701,1,1,1,103,94,100,100,1,29,100,100,19,13,10,11,8,7,0,0,100,100,74,54,29,16,13,0,1,1788048551.95203,G1,T02,angolo_060,1,moving
3780901,1,1,1,93,96,100,100,1,75,100,100,48,23,14,9,7,1,0,0,100,100,76,54,30,16,13,0,1,1788048552.1520956,G1,T02,angolo_060,1,moving
3781101,1,1,1,91,110,97,100,1,15,97,65,19,4,11,3,6,2,0,0,100,100,75,56,30,15,13,0,1,1788048552.3517601,G1,T02,angolo_060,1,moving
3781301,1,0,1,0,148,0,100,1,22,23,28,21,9,8,8,8,6,0,0,100,100,73,57,30,15,13,0,1,1788048552.5518377,G1,T02,angolo_060,1,moving
3781501,1,1,1,96,148,100,100,1,43,100,100,28,8,12,4,10,4,0,0,100,100,74,57,29,16,13,0,1,1788048552.7524955,G1,T02,angolo_060,1,moving
3781701,1,1,1,86,79,100,100,1,91,100,100,46,16,12,2,5,6,0,0,100,100,73,58,29,15,13,0,1,1788048552.9519913,G1,T02,angolo_060,1,moving
3781901,1,1,1,94,90,100,100,1,23,100,100,32,8,10,2,8,7,0,0,100,100,71,58,28,14,14,0,1,1788048553.1521308,G1,T02,angolo_060,1,moving
3782101,1,1,1,88,128,100,100,1,55,100,100,16,11,7,7,4,5,0,0,100,100,72,58,30,14,15,0,1,1788048553.3523996,G1,T02,angolo_060,1,moving
3782301,1,1,1,99,95,100,100,1,25,100,100,37,10,14,6,3,2,0,0,100,100,74,57,29,14,15,0,1,1788048553.5521727,G1,T02,angolo_060,1,moving
3782501,1,1,1,131,110,82,100,1,15,67,82,39,11,10,2,2,6,0,0,100,100,75,57,29,15,15,0,1,1788048553.7522821,G1,T02,angolo_060,1,moving
3782701,1,1,1,89,89,100,100,1,31,50,100,72,20,4,6,6,5,0,0,100,100,75,55,28,16,14,0,1,1788048553.9522858,G1,T02,angolo_060,1,moving
3782901,1,1,1,97,97,100,100,1,83,100,100,37,4,3,4,3,7,0,0,100,100,75,57,28,16,15,0,1,1788048554.1519175,G1,T02,angolo_060,1,moving
3783101,1,1,1,93,89,100,100,1,44,100,100,22,5,4,3,3,4,0,0,100,100,75,55,28,15,15,0,1,1788048554.35168,G1,T02,angolo_060,1,moving
3783301,1,1,1,80,91,100,100,1,46,100,73,21,7,4,4,4,7,0,0,100,100,74,55,27,16,15,0,1,1788048554.551745,G1,T02,angolo_060,1,moving
3783501,1,1,1,90,83,100,100,1,100,100,100,27,8,13,3,7,3,0,0,100,100,74,54,27,16,14,0,1,1788048554.752484,G1,T02,angolo_060,1,moving
3783701,1,1,1,89,86,100,100,1,49,100,100,6,2,1,6,7,4,0,0,100,100,74,55,27,17,14,0,1,1788048554.9522974,G1,T02,angolo_060,1,moving
3783901,1,1,1,101,150,100,100,1,23,100,100,27,5,7,4,6,5,0,0,100,100,73,55,26,17,14,0,1,1788048555.1519518,G1,T02,angolo_060,1,moving
3784101,1,1,1,86,100,100,100,1,40,100,94,30,12,3,3,6,8,0,0,100,100,76,54,26,17,14,0,1,1788048555.352506,G1,T02,angolo_060,1,moving
3784301,1,1,1,91,88,100,100,1,29,100,100,41,6,3,2,7,7,0,0,100,100,75,55,26,16,13,0,1,1788048555.5523624,G1,T02,angolo_060,1,moving
3784501,1,1,1,87,97,100,100,1,72,100,100,16,15,8,4,5,6,0,0,100,100,78,55,27,16,13,0,1,1788048555.7523491,G1,T02,angolo_060,1,moving
3784701,1,1,1,101,101,45,100,1,17,18,45,29,12,12,6,3,5,0,0,100,100,78,55,27,16,13,0,1,1788048555.9525151,G1,T02,angolo_060,1,moving
3784901,1,1,1,118,91,100,100,1,22,100,100,100,13,5,8,5,5,0,0,100,100,74,52,27,16,12,0,1,1788048556.1524963,G1,T02,angolo_060,1,moving
3785101,1,1,1,118,95,100,100,1,18,100,100,63,13,14,7,7,6,0,0,100,100,75,52,27,16,12,0,1,1788048556.352209,G1,T02,angolo_060,1,moving
3785301,1,1,1,77,90,78,100,1,37,78,44,27,19,13,10,6,6,0,0,100,100,78,51,27,16,12,0,1,1788048556.5523546,G1,T02,angolo_060,1,moving
3785501,1,1,1,91,90,100,100,1,43,100,100,18,16,16,2,5,5,0,0,100,100,78,53,28,16,12,0,1,1788048556.7525334,G1,T02,angolo_060,1,moving
3785701,1,1,1,94,93,100,100,1,40,100,100,66,16,1,6,7,9,0,0,100,100,78,51,29,16,12,0,1,1788048556.9524188,G1,T02,angolo_060,1,moving
3785901,1,1,1,107,99,100,100,1,32,100,100,51,19,5,2,2,3,0,0,100,100,80,52,30,17,11,0,1,1788048557.1525831,G1,T02,angolo_060,1,moving
3786101,1,1,1,106,106,57,100,1,17,32,57,50,10,10,6,5,6,0,0,100,100,80,53,29,17,11,0,1,1788048557.3522449,G1,T02,angolo_060,1,moving
3786301,1,1,1,96,84,100,100,1,17,100,100,43,14,7,10,9,10,0,0,100,100,81,53,30,17,11,0,1,1788048557.5525458,G1,T02,angolo_060,1,moving
3786501,1,1,1,96,83,100,100,1,55,100,100,41,18,1,6,9,3,0,0,100,100,80,56,31,17,12,0,1,1788048557.7513034,G1,T02,angolo_060,1,moving
3786701,1,1,1,97,88,100,100,1,23,100,100,21,14,12,3,7,3,0,0,100,100,79,57,31,16,12,0,1,1788048557.9528255,G1,T02,angolo_060,1,moving
3786901,1,1,1,118,118,89,100,1,20,23,89,53,10,11,4,9,6,0,0,100,100,82,58,31,16,12,0,1,1788048558.1520717,G1,T02,angolo_060,1,moving
3787101,1,1,1,77,91,100,100,1,100,100,100,33,11,12,2,11,7,0,0,100,100,82,60,30,17,11,0,1,1788048558.3524523,G1,T02,angolo_060,1,moving
3787301,1,1,1,99,94,100,100,1,26,100,100,53,22,22,7,2,3,0,0,100,100,87,64,31,17,12,0,1,1788048558.552024,G1,T02,angolo_060,1,moving
3787501,1,1,1,101,101,100,100,1,16,100,100,19,8,4,5,4,3,0,0,100,100,88,65,31,17,12,0,1,1788048558.7526863,G1,T02,angolo_060,1,moving
3787701,1,1,1,98,96,100,100,1,22,100,100,65,16,14,7,5,9,0,0,100,100,89,65,32,17,12,0,1,1788048558.9527655,G1,T02,angolo_060,1,moving
3787901,1,1,1,95,96,100,100,1,20,100,100,32,3,6,9,3,8,0,0,100,100,89,68,34,17,13,0,1,1788048559.1517591,G1,T02,angolo_060,1,moving
3788101,1,1,1,105,92,100,100,1,59,100,100,65,2,10,1,10,4,0,0,100,100,88,67,34,17,13,0,1,1788048559.3525167,G1,T02,angolo_060,1,moving
3788301,1,1,1,99,90,75,100,1,22,75,65,42,6,12,11,5,1,0,0,100,100,88,68,35,17,13,0,1,1788048559.5524933,G1,T02,angolo_060,1,moving
3788501,1,1,1,96,97,100,100,1,60,100,100,55,16,7,5,5,6,0,0,100,100,86,67,35,17,13,0,1,1788048559.75223,G1,T02,angolo_060,1,moving
3788701,1,1,1,89,95,66,100,1,21,66,46,23,6,2,2,5,6,0,0,100,100,86,67,34,17,14,0,1,1788048559.9517963,G1,T02,angolo_060,1,moving
3788901,1,1,1,100,94,100,100,1,34,100,100,46,11,10,8,3,6,0,0,100,100,88,70,35,18,13,0,1,1788048560.1521583,G1,T02,angolo_060,1,moving
3789101,1,1,1,93,99,100,100,1,63,100,100,32,18,5,7,3,8,0,0,100,100,87,68,35,18,14,0,1,1788048560.3521533,G1,T02,angolo_060,1,moving
3789301,1,1,1,94,107,100,100,1,17,100,100,36,17,13,9,7,6,0,0,100,100,87,67,34,18,14,0,1,1788048560.5521557,G1,T02,angolo_060,1,moving
3789501,1,1,1,99,97,100,100,1,25,100,100,32,9,6,2,3,5,0,0,100,100,90,65,34,19,14,0,1,1788048560.7522707,G1,T02,angolo_060,1,moving
3789701,1,1,1,86,104,100,100,1,24,100,66,33,16,17,11,5,8,0,0,100,100,91,67,34,18,14,0,1,1788048560.9528272,G1,T02,angolo_060,1,moving
3789901,1,1,1,92,91,100,100,1,80,100,100,29,5,10,7,9,9,0,0,100,100,88,65,33,19,15,0,1,1788048561.1521637,G1,T02,angolo_060,1,moving
3790101,1,1,1,79,96,100,100,1,41,100,57,29,19,6,3,8,4,0,0,100,100,89,67,35,18,16,0,1,1788048561.352581,G1,T02,angolo_060,1,moving
3790301,1,1,1,98,91,100,100,1,19,100,100,32,12,13,13,6,2,0,0,100,100,91,69,35,18,16,0,1,1788048561.5520022,G1,T02,angolo_060,1,moving
3790501,1,1,1,96,91,100,100,1,59,100,100,31,9,4,4,3,1,0,0,100,100,91,66,33,18,15,0,1,1788048561.7520514,G1,T02,angolo_060,1,moving
3790701,1,0,1,0,88,0,100,1,15,26,10,5,14,5,1,4,1,0,0,100,100,90,66,32,18,15,0,1,1788048561.9521606,G1,T02,angolo_060,1,moving
3790901,1,1,1,100,100,100,100,1,58,100,100,38,6,1,3,8,1,0,0,100,100,91,66,33,18,15,0,1,1788048562.15201,G1,T02,angolo_060,1,moving
3791101,1,1,1,92,110,100,100,1,99,100,100,30,9,17,3,6,4,0,0,100,100,90,66,34,17,15,0,1,1788048562.3527973,G1,T02,angolo_060,1,moving
3791301,1,1,1,84,85,100,100,1,19,100,76,49,13,5,8,8,5,0,0,100,100,87,62,33,17,15,0,1,1788048562.5520728,G1,T02,angolo_060,1,moving
3791501,1,1,1,94,90,100,100,1,15,100,99,22,12,14,4,7,4,0,0,100,100,87,63,33,16,15,0,1,1788048562.7518568,G1,T02,angolo_060,1,moving
3791701,1,1,1,100,95,100,100,1,33,100,100,61,2,4,6,6,10,0,0,100,100,84,59,31,16,15,0,1,1788048562.9528947,G1,T02,angolo_060,1,moving
3791901,1,1,1,91,90,100,100,1,23,100,100,6,6,4,8,7,7,0,0,100,100,81,56,31,16,16,0,1,1788048563.152256,G1,T02,angolo_060,1,moving
3792101,1,1,1,104,90,100,100,1,38,100,100,11,16,2,1,7,8,0,0,100,100,80,56,30,16,16,0,1,1788048563.352971,G1,T02,angolo_060,1,moving
3792301,1,1,1,113,113,100,100,1,32,100,100,63,14,2,5,1,5,0,0,100,100,80,54,28,16,16,0,1,1788048563.5530188,G1,T02,angolo_060,1,moving
3792501,1,1,1,118,118,96,100,1,21,36,96,75,24,14,8,5,4,0,0,100,100,82,55,28,16,16,0,1,1788048563.7524424,G1,T02,angolo_060,1,moving
3792701,1,1,1,85,93,100,100,1,48,100,100,24,20,11,4,6,7,0,0,100,100,84,56,28,16,17,0,1,1788048563.9526744,G1,T02,angolo_060,1,moving
3792901,1,1,1,108,91,100,100,1,34,100,100,28,8,5,4,10,3,0,0,100,100,81,54,27,17,16,0,1,1788048564.152131,G1,T02,angolo_060,1,moving
3793101,1,1,1,90,88,100,100,1,28,100,100,13,8,3,4,10,7,0,0,100,100,78,53,26,16,16,0,1,1788048564.3528666,G1,T02,angolo_060,1,moving
3793301,1,1,1,64,90,60,100,1,38,60,20,21,8,7,8,9,4,0,0,100,100,76,53,26,17,16,0,1,1788048564.5520346,G1,T02,angolo_060,1,moving
3793501,1,1,1,91,94,100,100,1,16,100,100,24,8,11,5,1,4,0,0,100,100,73,52,25,16,16,0,1,1788048564.7521706,G1,T02,angolo_060,1,moving
3793701,1,1,1,101,101,100,100,1,43,100,100,28,12,4,8,10,1,0,0,100,100,74,53,26,17,16,0,1,1788048564.9531138,G1,T02,angolo_060,1,moving
3793901,1,1,1,86,100,100,100,1,79,100,100,26,22,22,7,7,5,0,0,100,100,75,56,27,16,15,0,1,1788048565.1530836,G1,T02,angolo_060,1,moving
3794101,1,1,1,87,89,100,100,1,19,100,100,13,7,9,4,8,7,0,0,100,100,73,54,26,17,16,0,1,1788048565.3525002,G1,T02,angolo_060,1,moving
3794301,1,1,1,92,83,100,100,1,15,100,73,14,9,2,4,7,6,0,0,100,100,68,51,25,17,16,0,1,1788048565.5521193,G1,T02,angolo_060,1,moving
3794501,1,1,1,97,93,100,100,1,22,100,100,33,11,7,9,11,7,0,0,100,100,69,50,26,17,16,0,1,1788048565.7526743,G1,T02,angolo_060,1,moving
3794701,1,1,1,97,77,100,100,1,62,100,100,42,8,12,4,3,5,0,0,100,100,68,50,26,18,16,0,1,1788048565.9523034,G1,T02,angolo_060,1,moving
3794901,1,1,1,98,90,100,100,1,16,100,100,28,8,6,8,3,6,0,0,100,100,66,49,26,16,15,0,1,1788048566.1522913,G1,T02,angolo_060,1,moving
3795101,1,1,1,95,94,100,100,1,42,100,100,18,10,8,6,3,1,0,0,100,100,65,47,26,17,16,0,1,1788048566.3522396,G1,T02,angolo_060,1,moving
3795301,1,1,1,89,89,100,100,1,19,100,100,49,12,18,10,8,5,0,0,100,100,64,49,29,17,16,0,1,1788048566.5522597,G1,T02,angolo_060,1,moving
3795501,1,1,1,93,90,100,100,1,39,100,100,26,3,15,4,2,3,0,0,100,100,60,49,30,17,16,0,1,1788048566.7527971,G1,T02,angolo_060,1,moving
3795701,1,1,1,80,96,100,100,1,18,100,42,40,16,7,6,2,1,0,0,100,100,62,50,29,17,15,0,1,1788048566.9524057,G1,T02,angolo_060,1,moving
3795901,1,1,1,85,96,100,100,1,31,100,78,22,16,9,8,4,4,0,0,100,100,65,53,29,17,15,0,1,1788048567.1525536,G1,T02,angolo_060,1,moving
3796101,1,1,1,93,104,100,100,1,37,100,100,28,5,8,0,2,4,0,0,100,100,63,53,29,17,15,0,1,1788048567.3520703,G1,T02,angolo_060,1,moving
3796301,1,1,1,104,97,100,100,1,38,100,100,31,2,11,1,7,2,0,0,100,100,65,53,29,16,16,0,1,1788048567.552709,G1,T02,angolo_060,1,moving
3796501,1,1,1,98,104,100,100,1,69,100,100,52,10,14,1,7,6,0,0,100,100,61,53,29,16,16,0,1,1788048567.7528229,G1,T02,angolo_060,1,moving
3796701,1,1,1,86,72,100,100,1,59,100,100,25,19,11,11,10,8,0,0,100,100,62,53,29,16,15,0,1,1788048567.9533875,G1,T02,angolo_060,1,moving
3796901,1,1,1,120,96,100,100,1,16,100,100,28,3,9,7,7,4,0,0,100,100,63,54,30,16,16,0,1,1788048568.1522725,G1,T02,angolo_060,1,moving
3797101,1,0,1,0,117,0,100,1,16,34,39,9,12,5,7,7,5,0,0,100,100,64,55,30,16,15,0,1,1788048568.3520105,G1,T02,angolo_060,1,moving
3797301,1,1,1,88,90,100,100,1,58,100,100,5,8,5,1,1,3,0,0,100,100,63,54,30,16,16,0,1,1788048568.5523963,G1,T02,angolo_060,1,moving
3797501,1,1,1,146,99,71,100,1,17,36,71,27,13,1,2,7,3,0,0,100,100,61,55,31,16,16,0,1,1788048568.7526925,G1,T02,angolo_060,1,moving
3797701,1,1,1,93,90,100,100,1,28,100,100,4,4,3,1,4,3,0,0,100,100,62,55,31,16,15,0,1,1788048568.9520168,G1,T02,angolo_060,1,moving
3797901,1,1,1,99,99,100,100,1,32,100,100,42,8,8,9,7,6,0,0,100,100,60,53,31,16,15,0,1,1788048569.1526313,G1,T02,angolo_060,1,moving
3798101,1,1,1,91,93,100,100,1,89,100,100,33,10,14,4,1,8,0,0,100,100,59,53,30,17,15,0,1,1788048569.3523223,G1,T02,angolo_060,1,moving
3798301,1,1,1,79,95,59,100,1,15,59,25,12,9,7,8,3,3,0,0,100,100,61,53,31,16,15,0,1,1788048569.5522609,G1,T02,angolo_060,1,moving
3798501,1,1,1,89,101,100,100,1,17,100,100,30,12,10,1,3,7,0,0,100,100,60,54,29,15,16,0,1,1788048569.7528853,G1,T02,angolo_060,1,moving
3798701,1,1,1,101,94,100,100,1,71,100,100,50,6,11,5,3,2,0,0,100,100,62,53,29,15,16,0,1,1788048569.9522033,G1,T02,angolo_060,1,moving
3798901,1,1,1,98,100,100,100,1,18,100,100,38,29,7,1,7,5,0,0,100,100,66,53,29,16,16,0,1,1788048570.152912,G1,T02,angolo_060,1,moving
3799101,1,1,1,97,86,100,100,1,18,100,91,31,20,7,5,3,1,0,0,100,100,67,53,29,16,16,0,1,1788048570.35237,G1,T02,angolo_060,1,moving
3799301,1,1,1,87,90,100,100,1,45,100,100,10,7,9,6,2,6,0,0,100,100,68,52,27,16,16,0,1,1788048570.552044,G1,T02,angolo_060,1,moving
3799501,1,1,1,93,89,100,100,1,29,100,100,25,13,8,7,9,7,0,0,100,100,71,51,27,16,16,0,1,1788048570.7529628,G1,T02,angolo_060,1,moving
3799701,1,1,1,100,90,100,100,1,23,100,100,21,6,5,5,2,5,0,0,100,100,69,51,27,17,15,0,1,1788048570.9530566,G1,T02,angolo_060,1,moving
3799901,1,1,1,90,90,100,100,1,35,100,100,14,10,7,6,1,4,0,0,100,100,67,48,27,17,15,0,1,1788048571.1527426,G1,T02,angolo_060,1,moving
3800101,1,1,1,118,91,100,100,1,24,100,100,36,9,3,12,8,10,0,0,100,100,67,47,27,17,16,0,1,1788048571.3526678,G1,T02,angolo_060,1,moving
3800301,1,1,1,118,118,48,100,1,21,13,48,21,6,10,5,1,5,0,0,100,100,68,47,28,17,15,0,1,1788048571.5528827,G1,T02,angolo_060,1,moving
3800501,1,1,1,105,75,100,100,1,37,100,100,35,12,12,8,7,5,0,0,100,100,68,46,28,18,15,0,1,1788048571.7524967,G1,T02,angolo_060,1,moving
3800701,1,1,1,91,91,100,100,1,30,100,100,15,10,9,2,9,11,0,0,100,100,66,47,27,18,15,0,1,1788048571.9529297,G1,T02,angolo_060,1,moving
3800901,1,1,1,77,85,100,100,1,25,100,35,27,17,12,4,9,5,0,0,100,100,67,48,27,17,15,0,1,1788048572.152907,G1,T02,angolo_060,1,moving
3801101,1,1,1,87,94,100,100,1,26,100,100,24,8,10,5,4,7,0,0,100,100,68,49,27,17,15,0,1,1788048572.3518083,G1,T02,angolo_060,1,moving
3801301,1,1,1,93,91,100,100,1,17,100,100,17,13,8,5,4,1,0,0,100,100,69,50,27,17,15,0,1,1788048572.553032,G1,T02,angolo_060,1,moving
3801501,1,1,1,89,84,100,100,1,13,100,71,28,14,11,2,7,5,0,0,100,100,70,50,26,17,15,0,1,1788048572.7519958,G1,T02,angolo_060,1,moving
3801701,1,1,1,94,84,100,100,1,17,100,100,13,11,7,4,1,7,0,0,100,100,69,47,25,17,16,0,1,1788048572.9531782,G1,T02,angolo_060,1,moving
3801901,1,1,1,81,95,100,100,1,13,100,50,16,11,14,7,7,6,0,0,100,100,73,47,24,17,15,0,1,1788048573.1529653,G1,T02,angolo_060,1,moving
3802101,1,1,1,92,82,100,100,1,14,100,100,14,11,8,5,6,8,0,0,100,100,73,48,24,16,15,0,1,1788048573.3530707,G1,T02,angolo_060,1,moving
3802301,1,1,1,96,96,100,100,1,27,100,100,20,10,9,5,2,3,0,0,100,100,71,48,24,17,15,0,1,1788048573.552125,G1,T02,angolo_060,1,moving
3802501,1,1,1,95,84,100,100,1,66,100,100,35,8,5,9,7,7,0,0,100,100,72,47,25,17,15,0,1,1788048573.7530012,G1,T02,angolo_060,1,moving
3802701,1,1,1,78,93,100,100,1,51,100,71,25,10,7,3,2,5,0,0,100,100,71,46,23,17,15,0,1,1788048573.9530163,G1,T02,angolo_060,1,moving
3802901,1,1,1,95,85,100,100,1,22,100,100,39,10,3,4,5,5,0,0,100,100,69,45,23,17,15,0,1,1788048574.1531146,G1,T02,angolo_060,1,moving
3803101,1,1,1,88,89,100,100,1,66,100,100,13,3,9,7,5,3,0,0,100,100,70,48,23,17,15,0,1,1788048574.3530476,G1,T02,angolo_060,1,moving
3803301,1,1,1,92,104,100,100,1,24,100,100,23,15,18,8,9,4,0,0,100,100,69,48,24,17,15,0,1,1788048574.5531933,G1,T02,angolo_060,1,moving
3803501,1,1,1,101,96,100,100,1,58,100,100,58,16,11,5,6,5,0,0,100,100,68,47,24,17,15,0,1,1788048574.7532098,G1,T02,angolo_060,1,moving
3803701,1,1,1,98,72,100,100,1,14,100,96,21,8,6,2,4,3,0,0,100,100,72,49,23,17,15,0,1,1788048574.9530902,G1,T02,angolo_060,1,moving
3803901,1,1,1,91,99,100,100,1,100,100,100,26,12,10,5,11,5,0,0,100,100,73,50,23,16,15,0,1,1788048575.153314,G1,T02,angolo_060,1,moving
3804101,1,1,1,86,83,100,100,1,38,100,100,15,12,12,7,7,3,0,0,100,100,74,51,23,16,14,0,1,1788048575.35319,G1,T02,angolo_060,1,moving
3804301,1,1,1,116,71,100,100,1,32,100,100,38,1,3,1,7,1,0,0,100,100,70,51,23,15,14,0,1,1788048575.5525608,G1,T02,angolo_060,1,moving
3804501,1,1,1,90,95,100,100,1,71,100,100,9,14,6,8,7,5,0,0,100,100,71,50,23,15,14,0,1,1788048575.7527516,G1,T02,angolo_060,1,moving
3804701,1,1,1,93,89,100,100,1,42,100,100,35,9,5,3,12,9,0,0,100,100,70,50,23,15,14,0,1,1788048575.953145,G1,T02,angolo_060,1,moving
3804901,1,1,1,92,99,100,100,1,26,100,100,16,9,10,3,7,5,0,0,100,100,69,49,23,15,15,0,1,1788048576.152905,G1,T02,angolo_060,1,moving
3805101,1,1,1,89,121,100,100,1,32,100,100,9,5,10,2,12,6,0,0,100,100,68,46,22,15,15,0,1,1788048576.3531718,G1,T02,angolo_060,1,moving
3805301,1,1,1,96,93,100,100,0,77,100,100,41,3,10,2,5,2,0,0,100,100,67,46,22,15,15,0,1,1788048576.553034,G1,T02,angolo_060,1,moving
3805501,1,1,1,88,96,100,100,0,22,100,83,42,20,12,2,8,3,0,0,100,100,69,47,22,16,15,0,1,1788048576.7531226,G1,T02,angolo_060,1,moving
3805701,1,1,1,123,90,54,100,0,22,47,54,13,4,11,6,6,5,0,0,100,100,64,46,22,15,14,0,1,1788048576.9528966,G1,T02,angolo_060,1,moving
3805901,1,1,1,98,86,100,100,0,38,100,100,58,8,16,2,10,9,0,0,100,100,61,46,21,15,14,0,1,1788048577.1530674,G1,T02,angolo_060,1,moving
3806101,1,1,1,84,102,100,100,0,35,100,79,24,4,6,4,8,4,0,0,100,100,58,44,22,15,14,0,1,1788048577.3531957,G1,T02,angolo_060,1,moving
3806301,1,1,1,77,96,100,100,0,21,100,37,27,12,10,5,8,6,0,0,100,100,60,44,22,16,13,0,1,1788048577.553184,G1,T02,angolo_060,1,moving
3806501,1,1,1,82,89,100,100,0,35,100,100,19,8,8,7,7,3,0,0,100,100,57,46,21,16,13,0,1,1788048577.7527444,G1,T02,angolo_060,1,moving
3806701,1,1,1,107,108,100,100,0,33,100,100,27,13,11,6,5,6,0,0,100,100,59,48,22,16,12,0,1,1788048577.9531586,G1,T02,angolo_060,1,moving
3806901,1,1,1,104,82,100,100,0,54,100,100,29,4,8,4,5,3,0,0,100,100,57,48,23,17,13,0,1,1788048578.1532938,G1,T02,angolo_060,1,moving
3807101,1,1,1,96,101,100,100,0,19,100,100,39,20,9,7,10,3,0,0,100,100,56,47,23,17,12,0,1,1788048578.3533766,G1,T02,angolo_060,1,moving
3807301,1,1,1,89,91,100,100,0,25,100,100,32,12,10,1,4,8,0,0,100,100,56,48,23,17,12,0,1,1788048578.552863,G1,T02,angolo_060,1,moving
3807501,1,1,1,88,87,100,100,0,97,100,100,32,10,3,1,2,4,0,0,100,100,55,46,22,17,12,0,1,1788048578.753085,G1,T02,angolo_060,1,moving
3807701,1,1,1,91,95,100,100,0,95,100,100,41,5,9,7,5,10,0,0,100,100,53,45,22,17,12,0,1,1788048578.953077,G1,T02,angolo_060,1,moving
3807901,1,1,1,88,86,100,100,0,50,100,100,32,18,15,9,9,2,0,0,100,100,55,47,22,17,12,0,1,1788048579.153228,G1,T02,angolo_060,1,moving
3808101,1,1,1,102,91,94,100,0,27,94,84,23,14,10,3,4,7,0,0,100,100,56,46,23,18,12,0,1,1788048579.3531559,G1,T02,angolo_060,1,moving
3808301,1,1,1,97,90,100,100,0,42,100,100,25,16,10,4,6,2,0,0,100,100,57,48,22,18,12,0,1,1788048579.5531573,G1,T02,angolo_060,1,moving
3808501,1,1,1,92,83,100,100,0,39,100,100,14,8,5,8,11,5,0,0,100,100,56,48,22,19,12,0,1,1788048579.7533162,G1,T02,angolo_060,1,moving
3808701,1,1,1,93,97,100,100,0,43,100,100,23,11,7,3,2,6,0,0,100,100,58,47,22,18,11,0,1,1788048579.952756,G1,T02,angolo_060,1,moving
3808901,1,1,1,89,71,54,100,0,27,54,43,20,12,12,4,4,4,0,0,100,100,57,47,23,18,11,0,1,1788048580.1522117,G1,T02,angolo_060,1,moving
3809101,1,1,1,94,97,100,100,0,70,100,100,32,8,9,4,4,8,0,0,100,100,57,48,23,18,11,0,1,1788048580.3531725,G1,T02,angolo_060,1,moving
3809301,1,1,1,91,94,100,100,0,80,100,100,17,1,12,2,8,5,0,0,100,100,58,48,24,18,11,0,1,1788048580.5528588,G1,T02,angolo_060,1,moving
3809501,1,1,1,99,91,100,100,0,15,100,100,55,11,17,5,5,7,0,0,100,100,58,49,24,18,11,0,1,1788048580.7529533,G1,T02,angolo_060,1,moving
3809701,1,1,1,91,99,100,100,0,39,100,100,52,9,6,10,10,8,0,0,100,100,62,49,26,19,12,0,1,1788048580.953411,G1,T02,angolo_060,1,moving
3809901,1,1,1,94,91,100,100,0,31,100,100,38,12,7,4,9,7,0,0,100,100,66,47,25,19,12,0,1,1788048581.1527257,G1,T02,angolo_060,1,moving
3810101,1,0,1,0,98,0,100,0,22,42,15,11,6,11,6,4,5,0,0,100,100,67,49,25,18,12,0,1,1788048581.3522944,G1,T02,angolo_060,1,moving
3810301,1,1,1,95,84,100,100,0,27,100,80,10,17,9,9,3,4,0,0,100,100,71,51,26,18,13,0,1,1788048581.553039,G1,T02,angolo_060,1,moving
3810501,1,1,1,93,91,100,100,0,100,100,100,47,9,6,1,6,3,0,0,100,100,71,49,25,17,13,0,1,1788048581.7534297,G1,T02,angolo_060,1,moving
3810701,1,1,1,84,86,100,100,0,100,100,100,11,5,6,2,10,1,0,0,100,100,68,47,26,18,13,0,1,1788048581.9530113,G1,T02,angolo_060,1,moving
3810901,1,0,1,0,84,0,100,0,15,44,38,13,3,13,7,6,3,0,0,100,100,68,48,25,16,13,0,1,1788048582.1528456,G1,T02,angolo_060,1,moving
3811101,1,1,1,92,84,100,100,1,74,100,100,34,7,5,9,6,7,0,0,100,100,66,48,25,16,13,0,1,1788048582.3532157,G1,T02,angolo_060,1,moving
3811301,1,1,1,86,87,100,100,1,67,100,100,40,14,1,5,3,9,0,0,100,100,67,45,25,16,13,0,1,1788048582.553675,G1,T02,angolo_060,1,moving
3811501,1,1,1,80,87,100,100,1,55,100,79,22,9,2,7,2,1,0,0,100,100,69,46,25,17,14,0,1,1788048582.752883,G1,T02,angolo_060,1,moving
3811701,1,1,1,93,106,100,100,1,23,100,100,8,11,3,6,5,3,0,0,100,100,67,46,25,17,13,0,1,1788048582.9530785,G1,T02,angolo_060,1,moving
3811901,1,1,1,82,93,100,100,1,76,100,100,36,4,8,7,8,3,0,0,100,100,64,45,24,17,13,0,1,1788048583.1532652,G1,T02,angolo_060,1,moving
3812101,1,1,1,86,107,100,100,1,74,100,100,10,5,3,5,7,9,0,0,100,100,65,46,24,17,13,0,1,1788048583.3533561,G1,T02,angolo_060,1,moving
3812301,1,1,1,108,104,100,100,1,16,100,100,51,21,12,2,3,3,0,0,100,100,68,44,25,17,13,0,1,1788048583.552909,G1,T02,angolo_060,1,moving
3812501,1,1,1,92,102,100,100,1,65,100,100,37,7,3,5,2,5,0,0,100,100,69,46,26,16,13,0,1,1788048583.7531717,G1,T02,angolo_060,1,moving
3812701,1,1,1,89,93,100,100,1,23,100,100,22,6,8,3,1,9,0,0,100,100,68,46,26,17,14,0,1,1788048583.9531178,G1,T02,angolo_060,1,moving
3812901,1,1,1,87,82,100,100,1,71,100,100,4,12,7,2,3,3,0,0,100,100,69,46,26,17,14,0,1,1788048584.1532102,G1,T02,angolo_060,1,moving
3813101,1,1,1,90,87,100,100,1,79,100,100,37,5,7,7,5,7,0,0,100,100,71,46,26,17,14,0,1,1788048584.3532739,G1,T02,angolo_060,1,moving
3813301,1,1,1,95,101,100,100,1,48,100,100,34,18,13,11,8,4,0,0,100,100,73,47,27,17,13,0,1,1788048584.5536382,G1,T02,angolo_060,1,moving
3813501,1,1,1,85,92,100,100,1,50,100,99,20,4,9,2,4,4,0,0,100,100,72,46,27,17,12,0,1,1788048584.7529366,G1,T02,angolo_060,1,moving
3813701,1,1,1,76,100,59,100,1,24,59,28,33,11,10,5,5,4,0,0,100,100,69,48,26,17,12,0,1,1788048584.9533007,G1,T02,angolo_060,1,moving
3813901,1,1,1,92,97,100,100,1,73,100,100,52,15,4,3,9,8,0,0,100,100,69,48,25,17,12,0,1,1788048585.1529007,G1,T02,angolo_060,1,moving
3814101,1,1,1,97,86,100,100,1,43,100,100,44,6,11,4,5,6,0,0,100,100,68,48,25,17,12,0,1,1788048585.3530345,G1,T02,angolo_060,1,moving
3814301,1,0,1,0,75,0,100,1,14,21,23,12,12,11,4,3,2,0,0,100,100,63,45,25,18,12,0,1,1788048585.5529783,G1,T02,angolo_060,1,moving
3814501,1,1,1,99,82,100,100,1,57,100,100,65,5,13,9,6,9,0,0,100,100,64,46,26,18,12,0,1,1788048585.7527483,G1,T02,angolo_060,1,moving
3814701,1,1,1,97,87,100,100,1,55,100,100,46,13,5,3,7,5,0,0,100,100,65,46,25,18,12,0,1,1788048585.953023,G1,T02,angolo_060,1,moving
3814901,1,0,1,0,87,0,100,1,19,14,24,36,12,4,7,7,6,0,0,100,100,67,44,24,18,12,0,1,1788048586.152174,G1,T02,angolo_060,1,moving
3815101,1,1,1,99,80,100,100,1,24,100,100,23,8,4,1,9,7,0,0,100,100,69,43,23,18,12,0,1,1788048586.3532104,G1,T02,angolo_060,1,moving
3815301,1,1,1,96,86,100,100,1,26,100,100,43,14,14,5,7,10,0,0,100,100,68,45,24,18,11,0,1,1788048586.5530427,G1,T02,angolo_060,1,moving
3815501,1,1,1,93,94,100,100,1,60,100,100,28,6,8,7,3,4,0,0,100,100,66,46,24,18,12,0,1,1788048586.7528758,G1,T02,angolo_060,1,moving
3815701,1,1,1,91,94,100,100,1,36,100,100,19,7,9,4,5,7,0,0,100,100,67,46,24,18,12,0,1,1788048586.9529004,G1,T02,angolo_060,1,moving
3815901,1,1,1,89,93,100,100,1,29,100,100,36,11,4,11,12,2,0,0,100,100,68,46,25,18,12,0,1,1788048587.1530278,G1,T02,angolo_060,1,moving
3816101,1,1,1,104,90,100,100,1,36,100,100,44,4,9,9,7,6,0,0,100,100,67,47,25,18,12,0,1,1788048587.3533125,G1,T02,angolo_060,1,moving
3816301,1,1,1,89,116,91,100,1,15,91,57,21,18,1,3,4,5,0,0,100,100,67,49,26,18,12,0,1,1788048587.553097,G1,T02,angolo_060,1,moving
3816501,1,1,1,89,79,100,100,0,15,100,100,10,11,10,8,7,9,0,0,100,100,66,49,26,19,12,0,1,1788048587.7531285,G1,T02,angolo_060,1,moving
3816701,1,1,1,97,100,100,100,0,22,100,100,30,14,10,5,4,1,0,0,100,100,68,50,27,19,12,0,1,1788048587.953856,G1,T02,angolo_060,1,moving
3816901,1,1,1,102,97,100,100,0,20,100,100,19,9,3,7,5,5,0,0,100,100,68,48,26,18,12,0,1,1788048588.1533728,G1,T02,angolo_060,1,moving
3817101,1,1,1,91,98,100,100,0,25,100,100,19,13,6,6,11,4,0,0,100,100,66,48,25,19,12,0,1,1788048588.3531055,G1,T02,angolo_060,1,moving
3817301,1,1,1,98,98,51,100,0,21,13,51,24,9,5,2,8,5,0,0,100,100,63,48,25,19,12,0,1,1788048588.5530581,G1,T02,angolo_060,1,moving
3817501,1,1,1,119,84,79,100,0,15,73,79,23,14,18,8,8,6,0,0,100,100,63,51,26,18,12,0,1,1788048588.753138,G1,T02,angolo_060,1,moving
3817701,1,1,1,89,77,100,100,0,84,100,100,24,7,21,11,9,5,0,0,100,100,62,51,26,18,12,0,1,1788048588.953019,G1,T02,angolo_060,1,moving
3817901,1,1,1,96,101,100,100,0,43,100,100,46,14,9,6,2,3,0,0,100,100,62,52,27,18,12,0,1,1788048589.1531568,G1,T02,angolo_060,1,moving
3818101,1,1,1,94,81,100,100,0,15,100,100,3,10,10,9,4,5,0,0,100,100,63,53,29,19,11,0,1,1788048589.3528574,G1,T02,angolo_060,1,moving
3818301,1,1,1,82,102,100,100,0,13,100,62,46,5,7,11,10,5,0,0,100,100,64,54,28,18,11,0,1,1788048589.553229,G1,T02,angolo_060,1,moving
3818501,1,1,1,84,105,100,100,0,35,100,73,29,14,15,9,2,4,0,0,100,100,66,55,29,18,11,0,1,1788048589.75365,G1,T02,angolo_060,1,moving
3818701,1,1,1,105,133,100,100,0,31,100,100,29,16,6,1,9,5,0,0,100,100,67,58,29,18,10,0,1,1788048589.9532976,G1,T02,angolo_060,1,moving
3818901,1,1,1,79,92,100,100,0,19,100,59,48,14,10,9,9,5,0,0,100,100,66,60,30,19,10,0,1,1788048590.1529014,G1,T02,angolo_060,1,moving
3819101,1,1,1,97,93,100,100,0,61,100,100,42,3,6,2,5,6,0,0,100,100,64,60,29,19,11,0,1,1788048590.3526814,G1,T02,angolo_060,1,moving
3819301,1,1,1,89,84,100,100,0,19,100,73,15,7,7,5,4,4,0,0,100,100,65,59,30,18,10,0,1,1788048590.553466,G1,T02,angolo_060,1,moving
3819501,1,1,1,90,94,100,100,0,64,100,100,22,7,8,4,7,9,0,0,100,100,64,59,29,18,10,0,1,1788048590.7533622,G1,T02,angolo_060,1,moving
3819701,1,1,1,87,84,100,100,0,83,100,100,37,14,5,1,6,3,0,0,100,100,64,59,29,18,10,0,1,1788048590.9535098,G1,T02,angolo_060,1,moving
3819901,1,1,1,97,97,100,100,0,18,100,100,29,8,8,7,4,4,0,0,100,100,63,57,30,18,10,0,1,1788048591.1537251,G1,T02,angolo_060,1,moving
3820101,1,1,1,99,105,100,100,0,40,100,100,31,12,9,2,7,4,0,0,100,100,62,55,30,18,10,0,1,1788048591.3538349,G1,T02,angolo_060,1,moving
3820301,1,1,1,97,110,100,100,0,57,100,100,59,16,6,8,6,8,0,0,100,100,61,55,29,18,11,0,1,1788048591.553776,G1,T02,angolo_060,1,moving
3820501,1,1,1,90,101,100,100,0,43,100,100,40,20,11,3,4,5,0,0,100,100,63,54,29,18,10,0,1,1788048591.7537267,G1,T02,angolo_060,1,moving
3820701,1,1,1,95,90,100,100,0,29,100,100,53,13,7,7,6,6,0,0,100,100,62,54,29,17,10,0,1,1788048591.95374,G1,T02,angolo_060,1,moving
3820901,1,1,1,91,104,100,100,0,63,100,100,28,16,9,6,9,5,0,0,100,100,63,55,30,18,10,0,1,1788048592.1531181,G1,T02,angolo_060,1,moving
3821101,1,1,1,88,89,100,100,0,44,100,99,9,10,9,2,9,6,0,0,100,100,64,56,30,17,10,0,1,1788048592.3534744,G1,T02,angolo_060,1,moving
3821301,1,1,1,100,123,100,100,0,55,100,100,42,11,13,6,9,8,0,0,100,100,64,55,30,17,11,0,1,1788048592.5540874,G1,T02,angolo_060,1,moving
3821501,1,1,1,88,93,100,100,0,76,100,100,60,19,10,3,9,5,0,0,100,100,65,52,28,18,10,0,1,1788048592.7538676,G1,T02,angolo_060,1,moving
3821701,1,1,1,85,89,100,100,0,17,100,76,17,8,3,3,7,5,0,0,100,100,65,51,28,18,11,0,1,1788048592.9527822,G1,T02,angolo_060,1,moving
3821901,1,1,1,85,84,100,100,0,68,100,100,11,13,7,6,8,4,0,0,100,100,65,53,28,18,11,0,1,1788048593.153696,G1,T02,angolo_060,1,moving
3822101,1,1,1,97,87,100,100,0,33,100,100,31,16,3,5,8,10,0,0,100,100,66,51,27,19,12,0,1,1788048593.353369,G1,T02,angolo_060,1,moving
3822301,1,1,1,93,87,100,100,0,58,100,100,23,4,9,7,7,5,0,0,100,100,64,53,28,19,12,0,1,1788048593.553418,G1,T02,angolo_060,1,moving
3822501,1,1,1,87,96,100,100,1,23,100,100,33,18,6,5,3,3,0,0,100,100,63,49,28,19,13,0,1,1788048593.7539477,G1,T02,angolo_060,1,moving
3822701,1,1,1,88,73,100,100,1,15,100,99,13,9,6,5,7,5,0,0,100,100,65,50,29,18,13,0,1,1788048593.9537861,G1,T02,angolo_060,1,moving
3822901,1,1,1,94,91,100,100,1,32,100,100,38,11,7,5,5,12,0,0,100,100,63,48,30,18,14,0,1,1788048594.1539981,G1,T02,angolo_060,1,moving
3823101,1,1,1,87,99,100,100,1,33,100,100,21,8,3,2,5,5,0,0,100,100,67,51,30,18,13,0,1,1788048594.3530586,G1,T02,angolo_060,1,moving
3823301,1,1,1,76,90,86,100,1,38,86,42,23,4,4,3,4,6,0,0,100,100,65,50,30,19,13,0,1,1788048594.5533254,G1,T02,angolo_060,1,moving
3823501,1,1,1,88,86,100,100,1,80,100,100,15,9,17,10,11,4,0,0,100,100,68,52,30,19,13,0,1,1788048594.7534583,G1,T02,angolo_060,1,moving
3823701,1,1,1,95,108,100,100,1,61,100,100,26,13,13,7,9,3,0,0,100,100,67,52,31,19,13,0,1,1788048594.9538262,G1,T02,angolo_060,1,moving
3823901,1,1,1,104,104,100,100,1,23,100,100,40,14,8,7,7,6,0,0,100,100,69,51,30,18,13,0,1,1788048595.1539788,G1,T02,angolo_060,1,moving
3824101,1,1,1,90,89,100,100,1,15,100,90,15,18,10,8,10,5,0,0,100,100,72,52,29,18,13,0,1,1788048595.3534822,G1,T02,angolo_060,1,moving
3824301,1,1,1,91,92,100,100,1,56,100,100,30,7,7,4,4,9,0,0,100,100,70,51,29,19,13,0,1,1788048595.5536711,G1,T02,angolo_060,1,moving
3824501,1,1,1,76,87,72,100,1,17,72,22,36,15,9,4,1,2,0,0,100,100,70,50,29,19,13,0,1,1788048595.7534003,G1,T02,angolo_060,1,moving
3824701,1,1,1,84,100,100,100,1,31,100,99,18,20,12,5,5,2,0,0,100,100,70,51,29,18,12,0,1,1788048595.9539745,G1,T02,angolo_060,1,moving
3824901,1,1,1,75,82,100,100,1,74,100,71,50,10,8,7,11,3,0,0,100,100,70,49,29,18,13,0,1,1788048596.1538346,G1,T02,angolo_060,1,moving
3825101,1,1,1,90,94,100,100,1,42,100,100,19,11,14,3,2,3,0,0,100,100,68,50,29,19,13,0,1,1788048596.353527,G1,T02,angolo_060,1,moving
3825301,1,1,1,90,90,47,100,1,18,25,47,28,10,14,7,2,2,0,0,100,100,68,50,29,19,13,0,1,1788048596.5535483,G1,T02,angolo_060,1,moving
3825501,1,1,1,91,101,100,100,1,33,100,89,16,18,8,8,7,3,0,0,100,100,69,49,30,18,13,0,1,1788048596.7537346,G1,T02,angolo_060,1,moving
3825701,1,1,1,87,89,100,100,1,78,100,100,16,17,8,3,3,7,0,0,100,100,72,50,30,18,13,0,1,1788048596.9534736,G1,T02,angolo_060,1,moving
3825901,1,1,1,67,100,62,100,1,26,62,7,49,22,3,2,5,3,0,0,100,100,73,47,29,17,13,0,1,1788048597.1534028,G1,T02,angolo_060,1,moving
3826101,1,1,1,86,96,100,100,1,35,100,100,21,9,4,7,4,1,0,0,100,100,73,47,29,17,12,0,1,1788048597.3532526,G1,T02,angolo_060,1,moving
3826301,1,1,1,84,94,100,100,1,28,100,100,29,9,13,8,10,3,0,0,100,100,74,46,28,17,12,0,1,1788048597.5532656,G1,T02,angolo_060,1,moving
3826501,1,1,1,92,87,100,100,1,24,100,100,25,10,8,6,4,3,0,0,100,100,74,49,27,17,13,0,1,1788048597.7539945,G1,T02,angolo_060,1,moving
3826701,1,1,1,90,96,100,100,1,34,100,100,28,13,11,5,6,2,0,0,100,100,74,46,26,18,13,0,1,1788048597.9537058,G1,T02,angolo_060,1,moving
3826901,1,1,1,89,94,100,100,1,64,100,100,15,9,13,12,10,5,0,0,100,100,75,46,26,18,12,0,1,1788048598.1533475,G1,T02,angolo_060,1,moving
3827101,1,1,1,105,93,100,100,1,53,100,100,83,18,11,1,5,5,0,0,100,100,73,45,26,17,13,0,1,1788048598.3538184,G1,T02,angolo_060,1,moving
3827301,1,1,1,96,90,100,100,1,13,100,100,15,12,7,6,1,3,0,0,100,100,74,45,27,18,12,0,1,1788048598.5538647,G1,T02,angolo_060,1,moving
3827501,1,1,1,91,91,100,100,1,73,100,100,19,6,1,7,6,9,0,0,100,100,72,43,27,18,13,0,1,1788048598.7530806,G1,T02,angolo_060,1,moving
3827701,1,1,1,100,94,100,100,1,62,100,100,42,3,15,10,8,5,0,0,100,100,71,45,27,19,13,0,1,1788048598.9542077,G1,T02,angolo_060,1,moving
3827901,1,1,1,106,93,100,100,1,25,100,100,46,19,10,1,5,5,0,0,100,100,73,47,26,19,13,0,1,1788048599.1534739,G1,T02,angolo_060,1,moving
3828101,1,1,1,85,88,100,100,1,26,100,61,26,11,5,4,7,6,0,0,100,100,71,46,26,19,12,0,1,1788048599.3534474,G1,T02,angolo_060,1,moving
3828301,1,1,1,96,93,100,100,1,47,100,100,53,15,14,5,6,8,0,0,100,100,73,49,26,19,12,0,1,1788048599.5530996,G1,T02,angolo_060,1,moving
3828501,1,1,1,79,79,100,100,1,16,100,40,50,16,1,3,1,5,0,0,100,100,72,47,25,18,13,0,1,1788048599.7534099,G1,T02,angolo_060,1,moving
3828701,1,0,1,0,80,0,100,1,29,49,23,29,9,11,6,1,5,0,0,100,100,72,48,27,18,13,0,1,1788048599.9534135,G1,T02,angolo_060,1,moving
3828901,1,1,1,99,89,100,100,1,28,100,100,44,10,6,7,6,9,0,0,100,100,71,50,26,17,12,0,1,1788048600.1533647,G1,T02,angolo_060,1,moving
3829101,1,1,1,94,88,100,100,1,22,100,100,17,4,8,7,6,7,0,0,100,100,74,50,27,17,13,0,1,1788048600.3532958,G1,T02,angolo_060,1,moving
3829301,1,1,1,96,92,100,100,1,35,100,100,31,5,13,9,5,6,0,0,100,100,73,50,28,17,12,0,1,1788048600.5530689,G1,T02,angolo_060,1,moving
3829501,1,1,1,82,94,100,100,1,58,100,100,31,8,12,7,5,2,0,0,100,100,70,50,27,17,12,0,1,1788048600.7531133,G1,T02,angolo_060,1,moving
3829701,1,1,1,86,84,100,100,1,57,100,100,51,30,17,8,4,9,0,0,100,100,73,51,28,17,12,0,1,1788048600.9539387,G1,T02,angolo_060,1,moving
3829901,1,0,1,0,86,0,100,1,14,8,11,23,15,8,2,2,6,0,0,100,100,73,52,28,18,13,0,1,1788048601.1534746,G1,T02,angolo_060,1,moving
3830101,1,1,1,90,76,73,100,1,33,73,56,12,6,8,6,5,3,0,0,100,100,72,53,28,18,13,0,1,1788048601.352915,G1,T02,angolo_060,1,moving
3830301,1,1,1,98,91,100,100,0,68,100,100,32,6,13,6,2,4,0,0,100,100,72,52,28,18,12,0,1,1788048601.5538719,G1,T02,angolo_060,1,moving
3830501,1,1,1,90,103,100,100,0,17,100,100,40,16,7,6,5,5,0,0,100,100,71,50,28,18,12,0,1,1788048601.7538927,G1,T02,angolo_060,1,moving
3830701,1,1,1,90,83,100,100,0,56,100,100,27,4,6,4,4,4,0,0,100,100,69,50,27,19,12,0,1,1788048601.9538927,G1,T02,angolo_060,1,moving
3830901,1,1,1,89,99,100,100,0,95,100,100,16,13,15,7,9,4,0,0,100,100,70,52,27,19,12,0,1,1788048602.1534827,G1,T02,angolo_060,1,moving
3831101,1,1,1,96,88,90,100,0,13,90,69,17,11,13,9,6,5,0,0,100,100,70,53,28,19,12,0,1,1788048602.3537595,G1,T02,angolo_060,1,moving
3831301,1,1,1,76,92,54,100,0,17,54,21,23,13,5,2,5,6,0,0,100,100,74,53,26,18,12,0,1,1788048602.5535498,G1,T02,angolo_060,1,moving
3831501,1,1,1,87,77,100,100,0,13,100,100,21,14,9,2,4,7,0,0,100,100,76,54,27,17,12,0,1,1788048602.7541306,G1,T02,angolo_060,1,moving
3831701,1,1,1,94,93,100,100,0,87,100,100,28,18,7,7,1,5,0,0,100,100,79,52,26,17,12,0,1,1788048602.9537418,G1,T02,angolo_060,1,moving
3831901,1,1,1,121,82,100,100,0,39,100,100,69,17,7,4,3,3,0,0,100,100,79,52,27,17,12,0,1,1788048603.1536381,G1,T02,angolo_060,1,moving
3832101,1,1,1,82,113,100,100,0,47,100,83,19,3,10,9,10,7,0,0,100,100,77,53,28,17,12,0,1,1788048603.3533618,G1,T02,angolo_060,1,moving
3832301,1,1,1,95,91,100,100,0,55,100,100,45,13,6,6,10,9,0,0,100,100,77,51,29,18,12,0,1,1788048603.5535667,G1,T02,angolo_060,1,moving
3832501,1,1,1,87,95,100,100,0,60,100,100,20,5,10,5,5,3,0,0,100,100,75,52,29,18,13,0,1,1788048603.7541206,G1,T02,angolo_060,1,moving
3832701,1,1,1,99,84,100,100,0,20,100,100,26,8,12,5,5,1,0,0,100,100,75,52,28,17,13,0,1,1788048603.9539492,G1,T02,angolo_060,1,moving
3832901,1,1,1,88,94,100,100,0,13,100,100,25,6,2,7,3,3,0,0,100,100,74,51,28,18,13,0,1,1788048604.1539214,G1,T02,angolo_060,1,moving
3833101,1,1,1,76,93,83,100,0,48,83,51,43,9,4,5,7,5,0,0,100,100,73,51,27,18,13,0,1,1788048604.3531456,G1,T02,angolo_060,1,moving
3833301,1,1,1,119,114,100,100,0,17,100,100,52,16,22,8,7,2,0,0,100,100,77,52,27,17,13,0,1,1788048604.554249,G1,T02,angolo_060,1,moving
3833501,1,1,1,93,111,100,100,0,24,100,100,41,20,8,6,5,7,0,0,100,100,78,52,27,18,13,0,1,1788048604.7540689,G1,T02,angolo_060,1,moving
3833701,1,1,1,99,92,100,100,0,16,100,100,52,16,3,6,3,8,0,0,100,100,75,51,27,18,13,0,1,1788048604.9539824,G1,T02,angolo_060,1,moving
3833901,1,1,1,86,94,81,100,0,28,81,54,11,15,10,7,4,4,0,0,100,100,74,53,29,18,13,0,1,1788048605.154007,G1,T02,angolo_060,1,moving
3834101,1,1,1,99,96,100,100,0,49,100,100,65,7,15,6,6,8,0,0,100,100,74,53,29,18,13,0,1,1788048605.3540251,G1,T02,angolo_060,1,moving
3834301,1,1,1,90,87,100,100,0,40,100,100,32,11,15,8,5,7,0,0,100,100,75,55,30,17,13,0,1,1788048605.5540638,G1,T02,angolo_060,1,moving
3834501,1,1,1,96,91,100,100,0,45,100,100,45,7,11,9,5,5,0,0,100,100,73,57,30,16,13,0,1,1788048605.7540622,G1,T02,angolo_060,1,moving
3834701,1,0,1,0,101,0,100,0,20,34,26,10,11,17,2,6,6,0,0,100,100,73,59,30,15,13,0,1,1788048605.9537249,G1,T02,angolo_060,1,moving
3834901,1,1,1,81,69,100,100,0,79,100,100,25,14,10,5,6,9,0,0,100,100,73,57,30,15,13,0,1,1788048606.1542664,G1,T02,angolo_060,1,moving
3835101,1,1,1,90,94,100,100,0,69,100,100,44,17,1,4,5,2,0,0,100,100,72,55,29,15,13,0,1,1788048606.3543067,G1,T02,angolo_060,1,moving
3835301,1,1,1,87,83,100,100,0,73,100,100,24,7,7,8,6,10,0,0,100,100,67,55,30,14,13,0,1,1788048606.553711,G1,T02,angolo_060,1,moving
3835501,1,1,1,83,89,100,100,0,39,100,100,43,24,13,9,1,4,0,0,100,100,69,54,30,16,13,0,1,1788048606.7543387,G1,T02,angolo_060,1,moving
3835701,1,1,1,92,103,100,100,0,44,100,97,47,16,2,2,3,2,0,0,100,100,67,54,29,15,13,0,1,1788048606.953795,G1,T02,angolo_060,1,moving
3835901,1,1,1,84,111,100,100,0,22,100,73,14,14,17,6,6,5,0,0,100,100,66,54,29,15,13,0,1,1788048607.1534498,G1,T02,angolo_060,1,moving
3836101,1,1,1,89,85,100,100,0,78,100,100,12,11,9,4,6,10,0,0,100,100,67,54,28,15,13,0,1,1788048607.3540943,G1,T02,angolo_060,1,moving
3836301,1,1,1,85,90,100,100,0,39,100,100,28,3,17,11,5,3,0,0,100,100,65,56,28,14,13,0,1,1788048607.554197,G1,T02,angolo_060,1,moving
3836501,1,1,1,92,102,100,100,0,31,100,100,16,3,2,2,8,1,0,0,100,100,66,57,29,15,12,0,1,1788048607.7541997,G1,T02,angolo_060,1,moving
3836701,1,1,1,93,99,100,100,0,100,100,100,48,17,14,7,2,6,0,0,100,100,66,56,29,16,12,0,1,1788048607.953872,G1,T02,angolo_060,1,moving
3836901,1,1,1,86,93,100,100,1,41,100,100,68,29,18,6,4,6,0,0,100,100,70,58,30,16,13,0,1,1788048608.154246,G1,T02,angolo_060,1,moving
3837101,1,1,1,84,86,100,100,1,41,100,87,44,6,9,2,5,3,0,0,100,100,72,58,30,16,13,0,1,1788048608.3541105,G1,T02,angolo_060,1,moving
3837301,1,1,1,94,99,100,100,1,28,100,100,39,20,15,10,9,4,0,0,100,100,70,58,31,17,12,0,1,1788048608.5540624,G1,T02,angolo_060,1,moving
3837501,1,1,1,100,94,100,100,1,39,100,100,30,16,15,2,6,6,0,0,100,100,70,58,30,16,13,0,1,1788048608.75421,G1,T02,angolo_060,1,moving
3837701,1,1,1,89,87,93,100,1,26,93,62,30,19,9,8,8,5,0,0,100,100,72,57,31,17,12,0,1,1788048608.9531221,G1,T02,angolo_060,1,moving
3837901,1,1,1,76,89,100,100,1,14,100,26,38,3,6,4,8,6,0,0,100,100,68,55,30,17,12,0,1,1788048609.1540854,G1,T02,angolo_060,1,moving
3838101,1,1,1,100,118,100,100,1,58,100,100,79,22,10,8,3,6,0,0,100,100,71,54,30,17,12,0,1,1788048609.3544555,G1,T02,angolo_060,1,moving
3838301,1,1,1,101,84,57,100,1,37,57,54,32,14,6,2,2,5,0,0,100,100,72,53,29,16,12,0,1,1788048609.5534368,G1,T02,angolo_060,1,moving
3838501,1,1,1,103,131,100,100,1,21,100,100,53,12,14,7,5,6,0,0,100,100,71,52,29,16,12,0,1,1788048609.7537715,G1,T02,angolo_060,1,moving
3838701,1,1,1,90,93,100,100,1,90,100,100,42,6,6,5,6,8,0,0,100,100,73,51,29,17,12,0,1,1788048609.953417,G1,T02,angolo_060,1,moving
3838901,1,1,1,90,87,100,100,1,76,100,100,21,4,7,7,4,5,0,0,100,100,71,50,30,16,12,0,1,1788048610.153911,G1,T02,angolo_060,1,moving
3839101,1,1,1,91,86,95,100,1,36,95,72,19,13,1,5,5,6,0,0,100,100,70,49,31,17,12,0,1,1788048610.3533573,G1,T02,angolo_060,1,moving
3839301,1,1,1,99,91,100,100,1,85,100,100,78,5,5,6,5,8,0,0,100,100,68,49,30,17,12,0,1,1788048610.5542977,G1,T02,angolo_060,1,moving
3839501,1,1,1,88,89,100,100,1,88,100,100,40,1,6,2,4,6,0,0,100,100,68,50,30,17,12,0,1,1788048610.754297,G1,T02,angolo_060,1,moving
3839701,1,1,1,117,126,59,100,1,23,56,59,26,4,6,2,4,4,0,0,100,100,66,49,31,18,12,0,1,1788048610.9538803,G1,T02,angolo_060,1,moving
3839901,1,1,1,89,117,100,100,1,37,100,95,30,11,11,9,7,6,0,0,100,100,65,49,31,18,12,0,1,1788048611.1543415,G1,T02,angolo_060,1,moving
3840101,1,1,1,96,87,100,100,1,13,100,100,41,18,6,1,9,7,0,0,100,100,64,48,31,18,11,0,1,1788048611.3540356,G1,T02,angolo_060,1,moving
3840301,1,1,1,79,102,100,100,1,26,100,51,32,12,13,8,8,5,0,0,100,100,66,49,31,18,12,0,1,1788048611.5540257,G1,T02,angolo_060,1,moving
3840501,1,1,1,80,86,100,100,1,45,100,62,20,19,10,7,7,5,0,0,100,100,71,51,31,18,12,0,1,1788048611.7543223,G1,T02,angolo_060,1,moving
3840701,1,1,1,99,85,100,100,1,29,100,100,40,16,4,5,5,8,0,0,100,100,72,49,31,17,11,0,1,1788048611.9541278,G1,T02,angolo_060,1,moving
3840901,1,1,1,89,88,100,100,1,77,100,100,13,16,9,10,4,6,0,0,100,100,70,48,31,17,11,0,1,1788048612.1542656,G1,T02,angolo_060,1,moving
3841101,1,0,1,0,93,0,100,1,24,42,4,52,27,12,6,6,6,0,0,100,100,70,49,31,17,11,0,1,1788048612.3538973,G1,T02,angolo_060,1,moving
3841301,1,1,1,92,105,82,100,1,33,82,65,41,11,13,9,3,5,0,0,100,100,69,48,31,17,11,0,1,1788048612.55402,G1,T02,angolo_060,1,moving
3841501,1,1,1,97,87,100,100,1,44,100,100,49,11,15,8,11,10,0,0,100,100,68,49,31,18,11,0,1,1788048612.7546463,G1,T02,angolo_060,1,moving
3841701,1,1,1,91,89,100,100,1,64,100,100,33,6,3,3,8,3,0,0,100,100,65,47,30,16,11,0,1,1788048612.9540873,G1,T02,angolo_060,1,moving
3841901,1,1,1,82,89,100,100,1,31,100,66,8,4,3,0,5,2,0,0,100,100,66,47,29,16,11,0,1,1788048613.153998,G1,T02,angolo_060,1,moving
3842101,1,1,1,73,86,100,100,1,50,100,45,62,27,10,7,7,4,0,0,100,100,66,46,29,16,11,0,1,1788048613.353864,G1,T02,angolo_060,1,moving
3842301,1,1,1,94,85,100,100,1,41,100,100,32,15,3,4,6,3,0,0,100,100,69,46,29,16,11,0,1,1788048613.554179,G1,T02,angolo_060,1,moving
3842501,1,1,1,103,104,100,100,1,48,100,100,31,8,7,7,9,8,0,0,100,100,71,44,29,16,11,0,1,1788048613.7544322,G1,T02,angolo_060,1,moving
3842701,1,1,1,87,96,100,100,1,29,100,100,16,5,9,7,9,3,0,0,100,100,69,44,29,16,11,0,1,1788048613.9538217,G1,T02,angolo_060,1,moving
3842901,1,1,1,113,89,80,100,1,35,79,80,27,4,12,7,3,3,0,0,100,100,68,46,28,16,10,0,1,1788048614.154094,G1,T02,angolo_060,1,moving
3843101,1,1,1,91,140,100,100,1,19,100,100,14,4,4,3,7,2,0,0,100,100,68,48,28,17,10,0,1,1788048614.3540905,G1,T02,angolo_060,1,moving
3843301,1,1,1,94,81,100,100,1,100,100,100,54,5,6,6,4,8,0,0,100,100,68,47,28,17,10,0,1,1788048614.5537233,G1,T02,angolo_060,1,moving
3843501,1,1,1,94,94,63,100,1,20,43,63,45,10,3,4,2,2,0,0,100,100,67,47,28,16,10,0,1,1788048614.7537513,G1,T02,angolo_060,1,moving
3843701,1,1,1,91,86,100,100,1,20,100,100,55,28,11,2,1,2,0,0,100,100,73,50,29,16,10,0,1,1788048614.9541798,G1,T02,angolo_060,1,moving
3843901,1,1,1,89,94,100,100,1,36,100,88,51,18,6,0,3,5,0,0,100,100,76,48,28,15,10,0,1,1788048615.154297,G1,T02,angolo_060,1,moving
3844101,1,1,1,89,89,100,100,1,96,100,100,55,11,4,5,9,5,0,0,100,100,78,49,28,15,10,0,1,1788048615.3541896,G1,T02,angolo_060,1,moving
3844301,1,1,1,88,91,100,100,1,35,100,100,10,8,8,6,4,5,0,0,100,100,77,47,28,15,10,0,1,1788048615.5541413,G1,T02,angolo_060,1,moving
3844501,1,1,1,79,86,100,100,1,57,100,81,31,8,10,4,7,4,0,0,100,100,71,44,26,16,10,0,1,1788048615.7543347,G1,T02,angolo_060,1,moving
3844701,1,1,1,89,86,100,100,1,48,100,100,22,16,4,3,4,6,0,0,100,100,72,45,26,16,10,0,1,1788048615.9540272,G1,T02,angolo_060,1,moving
3844901,1,1,1,90,87,100,100,1,68,100,100,8,19,5,3,7,6,0,0,100,100,72,44,25,16,10,0,1,1788048616.1542015,G1,T02,angolo_060,1,moving
3845101,1,1,1,94,88,54,100,1,16,54,43,52,24,9,3,4,4,0,0,100,100,71,42,24,15,10,0,1,1788048616.3541572,G1,T02,angolo_060,1,moving
3845301,1,1,1,84,106,100,100,1,34,100,83,3,12,15,9,5,4,0,0,100,100,71,45,24,15,10,0,1,1788048616.5545826,G1,T02,angolo_060,1,moving
3845501,1,1,1,92,90,100,100,1,82,100,100,33,11,9,3,9,5,0,0,100,100,72,45,24,15,10,0,1,1788048616.7545605,G1,T02,angolo_060,1,moving
3845701,1,1,1,83,87,100,100,1,43,100,75,47,21,9,4,4,5,0,0,100,100,75,48,25,15,10,0,1,1788048616.9540532,G1,T02,angolo_060,1,moving
3845901,1,1,1,73,83,67,100,1,20,67,16,7,10,12,3,5,4,0,0,100,100,78,51,26,15,9,0,1,1788048617.1541426,G1,T02,angolo_060,1,moving
3846101,1,1,1,98,73,100,100,1,61,100,100,58,13,9,6,8,7,0,0,100,100,75,51,26,15,10,0,1,1788048617.354019,G1,T02,angolo_060,1,moving
3846301,1,1,1,99,97,100,100,1,54,100,100,64,8,12,3,9,5,0,0,100,100,71,53,26,15,10,0,1,1788048617.5541472,G1,T02,angolo_060,1,moving
3846501,1,1,1,111,90,100,100,1,31,100,100,46,14,7,1,1,3,0,0,100,100,71,53,25,15,10,0,1,1788048617.7547927,G1,T02,angolo_060,1,moving
3846701,1,1,1,85,82,100,100,1,58,100,100,26,11,4,5,7,7,0,0,100,100,74,53,25,16,10,0,1,1788048617.9540462,G1,T02,angolo_060,1,moving
3846901,1,1,1,92,70,89,100,1,28,89,68,11,7,7,3,7,8,0,0,100,100,76,53,25,16,11,0,1,1788048618.153903,G1,T02,angolo_060,1,moving
3847101,1,1,1,79,75,69,100,1,17,69,29,20,21,10,2,10,6,0,0,100,100,78,52,24,15,11,0,1,1788048618.353825,G1,T02,angolo_060,1,moving
3847301,1,1,1,87,95,100,100,1,13,100,100,15,9,15,4,4,4,0,0,100,100,78,53,25,16,11,0,1,1788048618.5540001,G1,T02,angolo_060,1,moving
3847501,1,1,1,86,90,100,100,1,23,100,100,26,13,9,9,2,3,0,0,100,100,80,55,25,16,11,0,1,1788048618.7547777,G1,T02,angolo_060,1,moving
3847701,1,1,1,119,98,100,100,1,44,100,100,79,9,3,6,7,7,0,0,100,100,76,53,25,16,12,0,1,1788048618.9541535,G1,T02,angolo_060,1,moving
3847901,1,1,1,93,111,91,100,1,19,91,67,25,6,5,5,6,6,0,0,100,100,72,53,26,16,12,0,1,1788048619.1542027,G1,T02,angolo_060,1,moving
3848101,1,1,1,88,97,100,100,1,58,100,100,13,10,6,6,7,5,0,0,100,100,70,52,26,16,12,0,1,1788048619.354469,G1,T02,angolo_060,1,moving
3848301,1,1,1,77,100,100,100,1,59,100,69,6,6,5,8,6,3,0,0,100,100,70,51,26,16,11,0,1,1788048619.5541577,G1,T02,angolo_060,1,moving
3848501,1,1,1,116,86,100,100,1,23,100,100,25,13,6,2,3,1,0,0,100,100,70,50,27,16,12,0,1,1788048619.7545214,G1,T02,angolo_060,1,moving
3848701,1,1,1,87,80,74,100,1,23,74,49,34,11,10,9,11,7,0,0,100,100,69,50,27,17,11,0,1,1788048619.9545035,G1,T02,angolo_060,1,moving
3848901,1,1,1,93,93,100,100,1,60,100,100,14,18,12,2,9,4,0,0,100,100,72,53,28,17,11,0,1,1788048620.153923,G1,T02,angolo_060,1,moving
3849101,1,1,1,95,126,100,100,1,19,100,80,23,11,6,2,6,1,0,0,100,100,72,52,28,17,12,0,1,1788048620.3542938,G1,T02,angolo_060,1,moving
3849301,1,1,1,90,86,100,100,1,79,100,100,48,18,8,11,5,5,0,0,100,100,72,50,28,17,12,0,1,1788048620.554,G1,T02,angolo_060,1,moving
3849501,1,1,1,91,94,100,100,1,62,100,100,36,15,6,10,8,9,0,0,100,100,72,51,29,17,12,0,1,1788048620.7542708,G1,T02,angolo_060,1,moving
3849701,1,1,1,92,97,100,100,1,17,100,100,18,19,11,7,8,6,0,0,100,100,74,50,29,18,13,0,1,1788048620.953967,G1,T02,angolo_060,1,moving
3849901,1,1,1,87,120,100,100,1,54,100,100,17,13,2,3,2,2,0,0,100,100,70,47,29,18,13,0,1,1788048621.1548836,G1,T02,angolo_060,1,moving
3850101,1,1,1,89,90,100,100,1,47,100,100,52,20,9,5,1,4,0,0,100,100,74,47,29,18,12,0,1,1788048621.3539164,G1,T02,angolo_060,1,moving
3850301,1,1,1,95,82,100,100,1,18,100,100,38,9,8,6,5,5,0,0,100,100,73,46,28,18,12,0,1,1788048621.5542548,G1,T02,angolo_060,1,moving
3850501,1,1,1,95,101,100,100,1,38,100,100,6,10,6,3,5,4,0,0,100,100,71,46,29,18,13,0,1,1788048621.7539003,G1,T02,angolo_060,1,moving
3850701,1,1,1,89,84,100,100,1,93,100,100,58,26,14,6,11,7,0,0,100,100,72,47,29,18,13,0,1,1788048621.95477,G1,T02,angolo_060,1,moving
3850901,1,1,1,92,83,100,100,1,52,100,100,37,6,3,1,4,3,0,0,100,100,72,46,29,18,13,0,1,1788048622.1540089,G1,T02,angolo_060,1,moving
3851101,1,1,1,84,94,69,100,1,20,69,40,34,16,7,7,5,6,0,0,100,100,73,48,30,18,13,0,1,1788048622.3540351,G1,T02,angolo_060,1,moving
3851301,1,1,1,91,85,100,100,1,44,100,100,10,12,12,4,7,7,0,0,100,100,71,47,29,18,13,0,1,1788048622.5542147,G1,T02,angolo_060,1,moving
3851501,1,1,1,91,91,82,100,1,31,82,63,19,14,13,3,6,6,0,0,100,100,70,47,29,17,13,0,1,1788048622.7538548,G1,T02,angolo_060,1,moving
3851701,1,1,1,90,87,100,100,1,72,100,100,36,19,16,4,7,4,0,0,100,100,73,49,29,18,13,0,1,1788048622.9546955,G1,T02,angolo_060,1,moving
3851901,1,1,1,100,99,100,100,1,18,100,100,39,9,6,11,4,7,0,0,100,100,72,50,29,18,13,0,1,1788048623.1541526,G1,T02,angolo_060,1,moving
3852101,1,1,1,107,92,100,100,1,23,100,100,28,15,13,7,9,7,0,0,100,100,75,52,29,18,13,0,1,1788048623.3540602,G1,T02,angolo_060,1,moving
3852301,1,1,1,90,80,93,100,1,25,93,65,12,3,11,3,4,4,0,0,100,100,75,54,29,18,13,0,1,1788048623.5544138,G1,T02,angolo_060,1,moving
3852501,1,1,1,87,86,100,100,1,37,100,100,22,5,12,3,1,4,0,0,100,100,76,56,29,18,12,0,1,1788048623.7547967,G1,T02,angolo_060,1,moving
3852701,1,1,1,84,93,100,100,1,82,100,100,42,15,10,8,1,3,0,0,100,100,76,56,30,18,12,0,1,1788048623.954547,G1,T02,angolo_060,1,moving
3852901,1,1,1,93,79,100,100,1,44,100,100,24,12,6,6,2,4,0,0,100,100,72,54,29,18,12,0,1,1788048624.15488,G1,T02,angolo_060,1,moving
3853101,1,1,1,99,91,100,100,1,41,100,100,52,9,3,2,4,4,0,0,100,100,72,54,30,19,12,0,1,1788048624.354537,G1,T02,angolo_060,1,moving
3853301,1,1,1,77,97,100,100,1,49,100,69,33,12,6,7,8,7,0,0,100,100,72,54,29,19,12,0,1,1788048624.5544102,G1,T02,angolo_060,1,moving
3853501,1,1,1,90,85,100,100,1,76,100,100,27,1,10,5,9,2,0,0,100,100,71,52,28,19,12,0,1,1788048624.7546701,G1,T02,angolo_060,1,moving
3853701,1,1,1,90,89,92,100,1,20,92,62,12,18,6,3,7,2,0,0,100,100,69,52,28,19,11,0,1,1788048624.954436,G1,T02,angolo_060,1,moving
3853901,1,1,1,97,80,100,100,1,34,100,100,53,20,5,6,8,6,0,0,100,100,70,50,26,19,11,0,1,1788048625.154009,G1,T02,angolo_060,1,moving
3854101,1,1,1,138,88,84,100,1,18,62,84,41,5,6,3,6,4,0,0,100,100,67,50,27,19,12,0,1,1788048625.3542569,G1,T02,angolo_060,1,moving
3854301,1,1,1,88,79,100,100,1,50,100,100,35,8,2,6,6,2,0,0,100,100,66,52,27,19,12,0,1,1788048625.5543635,G1,T02,angolo_060,1,moving
3854501,1,1,1,98,94,100,100,1,64,100,100,58,19,27,5,8,6,0,0,100,100,69,55,27,18,12,0,1,1788048625.754389,G1,T02,angolo_060,1,moving
3854701,1,1,1,88,81,100,100,1,83,100,100,34,17,8,10,10,8,0,0,100,100,68,55,27,18,11,0,1,1788048625.95423,G1,T02,angolo_060,1,moving
3854901,1,1,1,91,96,100,100,1,32,100,100,25,16,6,4,8,4,0,0,100,100,68,54,27,19,11,0,1,1788048626.1546764,G1,T02,angolo_060,1,moving
3855101,1,1,1,92,82,100,100,1,27,100,100,54,9,5,3,2,4,0,0,100,100,65,51,26,19,11,0,1,1788048626.3540678,G1,T02,angolo_060,1,moving
3855301,1,1,1,85,96,100,100,1,86,100,100,21,18,9,5,8,2,0,0,100,100,68,53,27,19,11,0,1,1788048626.5542586,G1,T02,angolo_060,1,moving
3855501,1,1,1,87,89,100,100,1,48,100,97,30,4,12,5,5,4,0,0,100,100,66,51,26,18,11,0,1,1788048626.7539878,G1,T02,angolo_060,1,moving
3855701,1,1,1,150,87,42,100,1,22,49,42,24,8,8,3,4,4,0,0,100,100,63,50,26,18,11,0,1,1788048626.9545605,G1,T02,angolo_060,1,moving
3855901,1,1,1,91,96,100,100,1,47,100,100,40,12,8,6,8,6,0,0,100,100,65,51,25,18,10,0,1,1788048627.1543114,G1,T02,angolo_060,1,moving
3856101,1,1,1,90,97,100,100,1,18,100,100,24,8,7,2,5,8,0,0,100,100,63,50,24,17,11,0,1,1788048627.3543954,G1,T02,angolo_060,1,moving
3856301,1,1,1,85,97,99,100,1,27,99,60,15,7,7,6,1,2,0,0,100,100,65,48,23,18,11,0,1,1788048627.5539289,G1,T02,angolo_060,1,moving
3856501,1,1,1,84,141,100,100,1,38,100,100,21,9,4,3,6,5,0,0,100,100,64,46,23,18,11,0,1,1788048627.7549531,G1,T02,angolo_060,1,moving
3856701,1,1,1,94,92,100,100,1,68,100,100,31,13,15,10,10,6,0,0,100,100,65,48,23,18,12,0,1,1788048627.955041,G1,T02,angolo_060,1,moving
3856901,1,1,1,96,89,100,100,1,13,100,100,30,10,4,2,8,2,0,0,100,100,63,47,23,18,12,0,1,1788048628.1546655,G1,T02,angolo_060,1,moving
3857101,1,1,1,96,143,96,100,1,20,96,75,14,4,6,9,6,4,0,0,100,100,61,49,24,17,12,0,1,1788048628.353883,G1,T02,angolo_060,1,moving
3857301,1,1,1,89,89,100,100,1,77,100,100,26,10,15,6,10,7,0,0,100,100,61,49,25,18,12,0,1,1788048628.5549042,G1,T02,angolo_060,1,moving
3857501,1,1,1,83,82,100,100,1,68,100,100,42,27,17,6,3,5,0,0,100,100,67,52,25,18,12,0,1,1788048628.7546551,G1,T02,angolo_060,1,moving
3857701,1,1,1,79,87,89,100,1,35,89,47,21,11,1,1,4,5,0,0,100,100,67,54,25,18,12,0,1,1788048628.954455,G1,T02,angolo_060,1,moving
3857901,1,1,1,94,90,100,100,1,45,100,100,55,12,9,7,9,7,0,0,100,100,67,53,25,18,12,0,1,1788048629.1544209,G1,T02,angolo_060,1,moving
3858101,1,1,1,83,98,100,100,1,64,100,97,12,4,8,4,9,6,0,0,100,100,66,54,25,18,11,0,1,1788048629.354667,G1,T02,angolo_060,1,moving
3858301,1,1,1,96,97,100,100,1,38,100,100,25,6,8,2,5,3,0,0,100,100,65,52,25,18,11,0,1,1788048629.5546207,G1,T02,angolo_060,1,moving
3858501,1,1,1,91,117,100,100,1,22,100,100,19,8,12,5,5,5,0,0,100,100,65,50,26,18,11,0,1,1788048629.7550285,G1,T02,angolo_060,1,moving
3858701,1,1,1,88,94,100,100,1,57,100,100,29,8,7,10,9,6,0,0,100,100,65,52,26,18,11,0,1,1788048629.9547536,G1,T02,angolo_060,1,moving
3858901,1,1,1,83,103,83,100,1,16,83,42,16,7,9,6,8,4,0,0,100,100,66,52,26,18,11,0,1,1788048630.1546016,G1,T02,angolo_060,1,moving
3859101,1,1,1,86,149,100,100,1,29,100,72,25,11,8,4,5,6,0,0,100,100,67,51,26,18,11,0,1,1788048630.3548214,G1,T02,angolo_060,1,moving
3859301,1,1,1,116,100,100,100,1,46,100,100,78,8,8,4,4,4,0,0,100,100,64,50,25,18,11,0,1,1788048630.5549319,G1,T02,angolo_060,1,moving
3859501,1,0,1,0,116,0,100,1,19,40,19,26,9,5,4,2,4,0,0,100,100,64,51,24,19,11,0,1,1788048630.754529,G1,T02,angolo_060,1,moving
3859701,1,1,1,104,93,72,100,1,27,72,67,25,5,7,3,6,5,0,0,100,100,65,51,24,20,11,0,1,1788048630.953954,G1,T02,angolo_060,1,moving
3859901,1,0,1,0,98,0,100,1,22,25,26,16,5,6,11,7,1,0,0,100,100,67,53,25,20,11,0,1,1788048631.1544812,G1,T02,angolo_060,1,moving
3860101,1,1,1,81,98,97,100,1,19,97,43,38,9,10,2,6,5,0,0,100,100,69,53,25,20,11,0,1,1788048631.3541949,G1,T02,angolo_060,1,moving
3860301,1,1,1,84,79,86,100,1,14,86,44,9,7,8,2,2,4,0,0,100,100,69,53,24,20,11,0,1,1788048631.5540452,G1,T02,angolo_060,1,moving
3860501,1,1,1,101,100,100,100,1,29,100,100,70,18,5,6,9,7,0,0,100,100,72,54,24,19,11,0,1,1788048631.7551033,G1,T02,angolo_060,1,moving
3860701,1,1,1,89,93,100,100,1,58,100,100,45,12,5,7,5,9,0,0,100,100,72,52,24,19,11,0,1,1788048631.9543076,G1,T02,angolo_060,1,moving
3860901,1,1,1,104,96,100,100,1,36,100,100,33,12,4,5,2,4,0,0,100,100,73,52,23,19,11,0,1,1788048632.155065,G1,T02,angolo_060,1,moving
3861101,1,1,1,97,118,100,100,1,36,100,100,37,15,11,5,4,7,0,0,100,100,72,50,23,19,11,0,1,1788048632.3544343,G1,T02,angolo_060,1,moving
3861301,1,1,1,70,85,100,100,1,35,100,18,33,8,3,6,10,7,0,0,100,100,71,50,23,18,11,0,1,1788048632.5550106,G1,T02,angolo_060,1,moving
3861501,1,1,1,104,70,88,100,1,31,88,81,28,16,11,7,3,4,0,0,100,100,65,48,23,18,11,0,1,1788048632.7548404,G1,T02,angolo_060,1,moving
3861701,1,1,1,97,104,100,100,1,13,100,100,68,25,10,1,2,3,0,0,100,100,66,46,22,18,11,0,1,1788048632.95521,G1,T02,angolo_060,1,moving
3861901,1,1,1,90,96,100,100,1,41,100,100,23,14,14,11,9,4,0,0,100,100,70,49,23,19,11,0,1,1788048633.1543663,G1,T02,angolo_060,1,moving
3862101,1,1,1,94,80,100,100,1,62,100,100,38,5,11,8,2,4,0,0,100,100,70,48,23,18,11,0,1,1788048633.3542492,G1,T02,angolo_060,1,moving
3862301,1,0,1,0,93,0,100,1,15,23,13,12,12,4,2,4,5,0,0,100,100,72,51,24,18,10,0,1,1788048633.5544522,G1,T02,angolo_060,1,moving
3862501,1,1,1,90,94,100,100,1,97,100,100,36,10,10,1,9,6,0,0,100,100,72,51,23,19,11,0,1,1788048633.7544255,G1,T02,angolo_060,1,moving
3862701,1,1,1,88,88,100,100,1,22,100,84,7,8,9,4,7,7,0,0,100,100,73,49,23,19,11,0,1,1788048633.9541342,G1,T02,angolo_060,1,moving
3862901,1,0,1,0,84,0,100,1,16,34,38,13,10,8,1,1,3,0,0,100,100,74,50,23,19,11,0,1,1788048634.1547067,G1,T02,angolo_060,1,moving
3863101,1,1,1,100,142,100,100,1,26,100,100,28,9,5,3,5,6,0,0,100,100,71,49,23,19,11,0,1,1788048634.355031,G1,T02,angolo_060,1,moving
3863301,1,1,1,92,92,100,100,0,50,100,100,36,4,1,3,3,6,0,0,100,100,72,49,23,19,11,0,1,1788048634.553728,G1,T02,angolo_060,1,moving
3863501,1,1,1,94,90,100,100,0,27,100,100,22,9,7,3,3,3,0,0,100,100,72,47,23,19,11,0,1,1788048634.7549496,G1,T02,angolo_060,1,moving
3863701,1,1,1,100,91,100,100,0,14,100,100,54,3,11,10,9,5,0,0,100,100,71,49,25,18,11,0,1,1788048634.9535656,G1,T02,angolo_060,1,moving
3863901,1,1,1,90,93,100,100,0,34,100,100,31,16,8,6,12,10,0,0,100,100,67,46,25,18,11,0,1,1788048635.155002,G1,T02,angolo_060,1,moving
3864101,1,1,1,81,89,100,100,0,31,100,63,42,14,9,8,9,3,0,0,100,100,68,47,26,19,11,0,1,1788048635.3550117,G1,T02,angolo_060,1,moving
3864301,1,1,1,90,128,100,100,0,51,100,100,40,8,3,2,3,3,0,0,100,100,66,47,27,19,11,0,1,1788048635.5551307,G1,T02,angolo_060,1,moving
3864501,1,1,1,87,93,100,100,0,38,100,100,20,12,13,11,3,3,0,0,100,100,63,48,27,19,11,0,1,1788048635.7549684,G1,T02,angolo_060,1,moving
3864701,1,1,1,85,86,100,100,0,26,100,93,39,17,8,4,3,7,0,0,100,100,64,47,26,19,11,0,1,1788048635.9546623,G1,T02,angolo_060,1,moving
3864901,1,1,1,134,96,70,100,0,22,53,70,27,4,5,1,5,4,0,0,100,100,66,47,26,19,11,0,1,1788048636.155048,G1,T02,angolo_060,1,moving
3865101,1,1,1,99,97,100,100,0,30,100,100,43,5,8,9,7,4,0,0,100,100,65,49,27,19,11,0,1,1788048636.35495,G1,T02,angolo_060,1,moving
3865301,1,1,1,100,94,100,100,0,16,100,100,38,6,6,5,4,6,0,0,100,100,66,50,26,19,11,0,1,1788048636.5550506,G1,T02,angolo_060,1,moving
3865501,1,1,1,73,72,64,100,0,29,64,25,15,7,1,1,1,3,0,0,100,100,65,48,25,19,11,0,1,1788048636.7542393,G1,T02,angolo_060,1,moving
3865701,1,1,1,89,91,100,100,0,21,100,100,36,13,4,4,5,6,0,0,100,100,64,48,25,19,11,0,1,1788048636.9552157,G1,T02,angolo_060,1,moving
3865901,1,1,1,93,85,100,100,0,100,100,100,25,5,13,5,9,2,0,0,100,100,61,47,25,18,11,0,1,1788048637.15528,G1,T02,angolo_060,1,moving
3866101,1,1,1,101,97,100,100,0,44,100,100,46,17,10,10,6,8,0,0,100,100,63,47,26,18,12,0,1,1788048637.3553908,G1,T02,angolo_060,1,moving
3866301,1,1,1,83,96,100,100,0,72,100,100,39,17,10,8,4,3,0,0,100,100,62,47,27,19,13,0,1,1788048637.5552163,G1,T02,angolo_060,1,moving
3866501,1,1,1,90,128,100,100,0,51,100,100,21,11,10,5,9,4,0,0,100,100,60,49,27,19,12,0,1,1788048637.755334,G1,T02,angolo_060,1,moving
3866701,1,1,1,86,93,95,100,0,32,95,62,48,9,7,3,3,3,0,0,100,100,60,48,28,19,12,0,1,1788048637.9548032,G1,T02,angolo_060,1,moving
3866901,1,1,1,101,87,88,100,0,36,88,79,56,25,9,1,4,2,0,0,100,100,63,48,28,18,12,0,1,1788048638.154879,G1,T02,angolo_060,1,moving
3867101,1,1,1,79,97,100,100,0,22,100,63,45,11,17,9,2,1,0,0,100,100,64,51,29,18,12,0,1,1788048638.3547752,G1,T02,angolo_060,1,moving
3867301,1,1,1,92,79,100,100,0,35,100,100,38,8,2,5,6,3,0,0,100,100,64,50,29,18,13,0,1,1788048638.5543995,G1,T02,angolo_060,1,moving
3867501,1,1,1,114,82,92,100,0,26,90,92,30,9,12,4,3,1,0,0,100,100,65,50,30,18,13,0,1,1788048638.7551641,G1,T02,angolo_060,1,moving
3867701,1,1,1,92,97,100,100,0,98,100,100,40,12,20,13,7,5,0,0,100,100,68,51,29,17,13,0,1,1788048638.9549556,G1,T02,angolo_060,1,moving
3867901,1,1,1,84,89,100,100,0,54,100,100,23,11,8,3,6,7,0,0,100,100,70,52,29,17,13,0,1,1788048639.154878,G1,T02,angolo_060,1,moving
3868101,1,1,1,89,86,100,100,0,19,100,80,16,8,4,5,8,5,0,0,100,100,67,51,27,16,13,0,1,1788048639.3551195,G1,T02,angolo_060,1,moving
3868301,1,1,1,88,97,100,100,0,48,100,100,17,13,14,1,9,6,0,0,100,100,68,51,27,17,13,0,1,1788048639.5549679,G1,T02,angolo_060,1,moving
3868501,1,1,1,94,91,100,100,0,46,100,100,21,14,8,2,4,3,0,0,100,100,69,50,26,17,13,0,1,1788048639.7550473,G1,T02,angolo_060,1,moving
3868701,1,1,1,74,97,91,100,0,17,91,12,28,13,9,2,6,4,0,0,100,100,67,52,26,16,14,0,1,1788048639.954612,G1,T02,angolo_060,1,moving
3868901,1,1,1,94,97,100,100,1,29,100,100,24,20,11,4,9,3,0,0,100,100,70,54,26,16,13,0,1,1788048640.1550255,G1,T02,angolo_060,1,moving
3869101,1,1,1,100,96,100,100,1,52,100,100,57,5,13,10,12,9,0,0,100,100,71,53,26,16,14,0,1,1788048640.355062,G1,T02,angolo_060,1,moving
3869301,1,1,1,85,99,100,100,1,71,100,100,44,15,8,1,3,3,0,0,100,100,73,53,26,16,13,0,1,1788048640.5552146,G1,T02,angolo_060,1,moving
3869501,1,1,1,91,72,100,100,1,18,100,100,12,10,3,1,6,4,0,0,100,100,73,53,25,16,14,0,1,1788048640.7549014,G1,T02,angolo_060,1,moving
3869701,1,1,1,86,101,100,100,1,26,100,100,25,10,11,6,2,3,0,0,100,100,72,52,26,16,14,0,1,1788048640.9550405,G1,T02,angolo_060,1,moving
3869901,1,1,1,95,83,100,100,1,19,100,100,28,9,5,6,9,5,0,0,100,100,73,52,25,16,13,0,1,1788048641.1544127,G1,T02,angolo_060,1,moving
3870101,1,1,1,92,93,100,100,1,40,100,100,32,4,4,4,1,2,0,0,100,100,74,51,24,16,13,0,1,1788048641.3550565,G1,T02,angolo_060,1,moving
3870301,1,1,1,92,105,100,100,1,22,100,100,31,14,2,8,12,3,0,0,100,100,76,50,25,16,13,0,1,1788048641.555321,G1,T02,angolo_060,1,moving
3870501,1,1,1,106,100,100,100,1,15,100,100,62,14,13,5,7,7,0,0,100,100,79,49,25,15,13,0,1,1788048641.7555861,G1,T02,angolo_060,1,moving
3870701,1,1,1,87,79,100,100,1,23,100,63,20,20,10,4,10,6,0,0,100,100,81,50,24,15,13,0,1,1788048641.954982,G1,T02,angolo_060,1,moving
3870901,1,1,1,87,79,100,100,1,23,100,100,26,9,10,1,4,8,0,0,100,100,77,50,23,15,13,0,1,1788048642.150059,G1,T02,angolo_060,1,moving
3871101,1,1,1,86,85,100,100,1,72,100,100,9,16,13,7,3,5,0,0,100,100,77,50,23,15,13,0,1,1788048642.3551214,G1,T02,angolo_060,1,moving
3871301,1,1,1,94,92,100,100,1,40,100,100,36,11,5,1,5,3,0,0,100,100,77,51,22,15,13,0,1,1788048642.5553055,G1,T02,angolo_060,1,moving
3871501,1,1,1,97,111,100,100,1,63,100,100,47,11,17,11,6,7,0,0,100,100,77,54,23,14,12,0,1,1788048642.7549973,G1,T02,angolo_060,1,moving
3871701,1,1,1,92,91,100,100,1,56,100,100,27,11,8,2,5,8,0,0,100,100,76,51,22,15,13,0,1,1788048642.9550004,G1,T02,angolo_060,1,moving
3871901,1,1,1,85,101,100,100,1,31,100,91,34,25,16,4,5,2,0,0,100,100,78,52,22,14,12,0,1,1788048643.1549342,G1,T02,angolo_060,1,moving
3872101,1,1,1,87,137,100,100,1,19,100,100,30,18,15,2,3,2,0,0,100,100,80,54,23,14,12,0,1,1788048643.354917,G1,T02,angolo_060,1,moving
3872301,1,1,1,82,88,100,100,1,84,100,100,51,11,12,4,6,2,0,0,100,100,80,54,23,14,12,0,1,1788048643.5553339,G1,T02,angolo_060,1,moving
3872501,1,1,1,95,93,100,100,1,66,100,100,35,8,5,6,7,3,0,0,100,100,80,53,24,14,13,0,1,1788048643.755181,G1,T02,angolo_060,1,moving
3872701,1,1,1,94,106,91,100,1,33,91,73,22,11,10,3,5,2,0,0,100,100,81,52,24,14,12,0,1,1788048643.9550362,G1,T02,angolo_060,1,moving
3872901,1,1,1,89,119,100,100,1,39,100,100,14,5,11,4,4,4,0,0,100,100,78,52,24,14,12,0,1,1788048644.1550972,G1,T02,angolo_060,1,moving
3873101,1,1,1,93,97,100,100,1,71,100,100,59,16,7,10,9,7,0,0,100,100,79,52,24,14,12,0,1,1788048644.3550806,G1,T02,angolo_060,1,moving
3873301,1,1,1,90,90,100,100,1,35,100,91,17,8,9,3,6,3,0,0,100,100,76,50,24,14,12,0,1,1788048644.5545444,G1,T02,angolo_060,1,moving
3873501,1,1,1,88,87,100,100,1,57,100,100,30,17,8,6,5,3,0,0,100,100,79,51,25,14,12,0,1,1788048644.755148,G1,T02,angolo_060,1,moving
3873701,1,1,1,92,93,100,100,1,34,100,100,22,6,7,7,4,2,0,0,100,100,81,51,24,15,12,0,1,1788048644.954911,G1,T02,angolo_060,1,moving
3873901,1,1,1,90,95,100,100,1,33,100,100,27,5,6,3,7,1,0,0,100,100,80,50,24,15,12,0,1,1788048645.1552303,G1,T02,angolo_060,1,moving
3874101,1,1,1,100,101,100,100,1,56,100,100,44,9,4,12,9,5,0,0,100,100,78,51,26,15,11,0,1,1788048645.3555362,G1,T02,angolo_060,1,moving
3874301,1,1,1,82,87,100,100,1,100,100,100,19,7,9,7,12,6,0,0,100,100,76,50,26,15,12,0,1,1788048645.5549285,G1,T02,angolo_060,1,moving
3874501,1,1,1,86,93,100,100,1,78,100,100,26,15,8,12,7,4,0,0,100,100,75,49,26,15,11,0,1,1788048645.754993,G1,T02,angolo_060,1,moving
3874701,1,1,1,84,91,100,100,1,14,100,60,7,9,11,1,7,5,0,0,100,100,74,49,27,15,11,0,1,1788048645.9552,G1,T02,angolo_060,1,moving
3874901,1,1,1,91,87,100,100,1,85,100,100,19,13,12,7,9,4,0,0,100,100,73,49,27,16,12,0,1,1788048646.1546211,G1,T02,angolo_060,1,moving
3875101,1,1,1,80,97,100,100,1,28,100,62,19,3,13,2,9,4,0,0,100,100,72,50,26,16,11,0,1,1788048646.354937,G1,T02,angolo_060,1,moving
3875301,1,1,1,90,93,100,100,1,44,100,87,22,10,7,1,7,2,0,0,100,100,72,50,27,16,11,0,1,1788048646.5552642,G1,T02,angolo_060,1,moving
3875501,1,1,1,91,117,100,100,1,25,100,100,2,10,3,4,7,6,0,0,100,100,73,48,26,16,11,0,1,1788048646.7555292,G1,T02,angolo_060,1,moving
3875701,1,1,1,95,72,100,100,1,25,100,100,42,19,10,8,10,8,0,0,100,100,74,48,28,16,10,0,1,1788048646.9556925,G1,T02,angolo_060,1,moving
3875901,1,1,1,86,92,100,100,1,48,100,100,8,9,6,7,8,4,0,0,100,100,70,47,28,17,10,0,1,1788048647.15486,G1,T02,angolo_060,1,moving
3876101,1,1,1,107,94,100,100,1,22,100,100,19,10,6,2,5,5,0,0,100,100,69,44,28,17,11,0,1,1788048647.354429,G1,T02,angolo_060,1,moving
3876301,1,1,1,102,91,100,100,1,50,100,100,68,8,7,8,8,5,0,0,100,100,69,42,27,17,11,0,1,1788048647.555325,G1,T02,angolo_060,1,moving
3876501,1,1,1,94,89,100,100,0,47,100,100,21,9,2,10,5,8,0,0,100,100,71,45,27,17,11,0,1,1788048647.7555623,G1,T02,angolo_060,1,moving
3876701,1,1,1,90,100,100,100,0,22,100,100,9,10,4,4,2,3,0,0,100,100,68,45,27,18,10,0,1,1788048647.9556348,G1,T02,angolo_060,1,moving
3876901,1,1,1,87,93,100,100,0,85,100,100,17,9,9,8,10,6,0,0,100,100,70,45,28,18,11,0,1,1788048648.155355,G1,T02,angolo_060,1,moving
3877101,1,1,1,93,89,100,100,0,32,100,86,27,2,10,2,4,3,0,0,100,100,66,44,27,18,10,0,1,1788048648.355303,G1,T02,angolo_060,1,moving
3877301,1,1,1,69,84,92,100,0,35,92,16,21,15,8,8,1,3,0,0,100,100,69,46,29,19,11,0,1,1788048648.5548897,G1,T02,angolo_060,1,moving
3877501,1,1,1,89,87,100,100,0,88,100,100,34,19,13,4,11,5,0,0,100,100,66,47,29,19,11,0,1,1788048648.7557075,G1,T02,angolo_060,1,moving
3877701,1,1,1,66,94,90,100,0,47,90,21,14,15,8,8,3,4,0,0,100,100,67,48,29,18,11,0,1,1788048648.9549966,G1,T02,angolo_060,1,moving
3877901,1,1,1,104,88,52,100,0,15,52,48,8,9,3,6,6,2,0,0,100,100,66,49,28,18,11,0,1,1788048649.1547322,G1,T02,angolo_060,1,moving
3878101,1,1,1,106,97,100,100,0,23,100,100,71,13,13,8,7,4,0,0,100,100,66,49,28,18,11,0,1,1788048649.3551023,G1,T02,angolo_060,1,moving
3878301,1,1,1,86,86,100,100,0,70,100,100,13,5,6,7,7,8,0,0,100,100,64,49,27,18,12,0,1,1788048649.5550988,G1,T02,angolo_060,1,moving
3878501,1,0,1,0,87,0,100,0,29,35,9,14,9,3,2,1,5,0,0,100,100,65,49,27,18,11,0,1,1788048649.7543154,G1,T02,angolo_060,1,moving
3878701,1,1,1,89,107,100,100,0,55,100,100,20,5,7,6,3,8,0,0,100,100,62,48,27,18,12,0,1,1788048649.9551775,G1,T02,angolo_060,1,moving
3878901,1,1,1,90,93,100,100,0,62,100,100,26,10,11,5,3,3,0,0,100,100,64,48,27,18,11,0,1,1788048650.1548328,G1,T02,angolo_060,1,moving
3879101,1,1,1,103,96,100,100,0,37,100,100,29,22,7,4,3,6,0,0,100,100,68,47,27,18,11,0,1,1788048650.35488,G1,T02,angolo_060,1,moving
3879301,1,0,1,0,97,0,100,0,19,44,38,29,16,10,2,4,3,0,0,100,100,66,45,27,18,12,0,1,1788048650.5550613,G1,T02,angolo_060,1,moving
3879501,1,1,1,84,98,100,100,0,28,100,83,12,17,21,12,9,6,0,0,100,100,68,48,28,19,12,0,1,1788048650.7552896,G1,T02,angolo_060,1,moving
3879701,1,1,1,84,89,100,100,0,60,100,100,28,5,9,4,1,2,0,0,100,100,67,50,27,19,12,0,1,1788048650.9550078,G1,T02,angolo_060,1,moving
3879901,1,1,1,97,84,100,100,0,16,100,100,12,15,5,4,2,2,0,0,100,100,69,48,26,18,12,0,1,1788048651.155008,G1,T02,angolo_060,1,moving
3880101,1,1,1,97,84,100,100,0,84,100,100,26,16,13,4,9,6,0,0,100,100,69,50,27,18,12,0,1,1788048651.355419,G1,T02,angolo_060,1,moving
3880301,1,1,1,91,99,100,100,0,41,100,100,24,6,6,3,4,2,0,0,100,100,68,50,27,18,12,0,1,1788048651.5554276,G1,T02,angolo_060,1,moving
3880501,1,1,1,93,90,100,100,0,29,100,94,9,2,6,5,6,2,0,0,100,100,67,50,28,18,12,0,1,1788048651.7549725,G1,T02,angolo_060,1,moving
3880701,1,1,1,95,140,100,100,0,14,100,100,36,16,8,2,8,4,0,0,100,100,68,51,27,18,12,0,1,1788048651.955233,G1,T02,angolo_060,1,moving
3880901,1,1,1,89,88,100,100,0,54,100,100,29,9,3,4,5,9,0,0,100,100,66,49,27,17,12,0,1,1788048652.1549838,G1,T02,angolo_060,1,moving
3881101,1,1,1,92,94,100,100,0,25,100,86,29,20,7,5,4,6,0,0,100,100,69,50,27,17,12,0,1,1788048652.3554387,G1,T02,angolo_060,1,moving
3881301,1,1,1,84,92,100,100,0,19,100,74,23,18,15,1,6,4,0,0,100,100,69,49,26,17,12,0,1,1788048652.5555449,G1,T02,angolo_060,1,moving
3881501,1,1,1,83,91,100,100,0,63,100,100,21,12,3,3,8,2,0,0,100,100,71,49,27,17,12,0,1,1788048652.7549741,G1,T02,angolo_060,1,moving
3881701,1,1,1,102,94,100,100,0,56,100,100,49,3,10,7,6,5,0,0,100,100,67,49,27,17,13,0,1,1788048652.9550965,G1,T02,angolo_060,1,moving
3881901,1,1,1,150,143,41,100,1,20,49,41,26,13,4,5,4,3,0,0,100,100,68,48,27,17,13,0,1,1788048653.154954,G1,T02,angolo_060,1,moving
3882101,1,1,1,84,150,100,100,1,58,100,100,14,11,9,3,7,4,0,0,100,100,70,49,27,16,12,0,1,1788048653.3553908,G1,T02,angolo_060,1,moving
3882301,1,1,1,74,79,100,100,1,43,100,38,36,6,4,9,3,8,0,0,100,100,71,48,27,17,12,0,1,1788048653.554817,G1,T02,angolo_060,1,moving
3882501,1,1,1,99,97,100,100,1,47,100,100,44,12,6,2,2,4,0,0,100,100,72,49,26,16,12,0,1,1788048653.7558053,G1,T02,angolo_060,1,moving
3882701,1,1,1,90,88,100,100,1,26,100,100,39,14,3,1,7,6,0,0,100,100,73,48,26,16,12,0,1,1788048653.9550018,G1,T02,angolo_060,1,moving
3882901,1,1,1,91,90,100,100,1,86,100,100,61,16,1,4,8,5,0,0,100,100,75,48,26,17,12,0,1,1788048654.155043,G1,T02,angolo_060,1,moving
3883101,1,1,1,91,90,100,100,1,14,100,100,37,19,11,3,3,8,0,0,100,100,74,49,26,16,13,0,1,1788048654.3550293,G1,T02,angolo_060,1,moving
3883301,1,1,1,93,91,100,100,1,84,100,100,47,10,3,2,9,3,0,0,100,100,74,49,26,17,13,0,1,1788048654.5556393,G1,T02,angolo_060,1,moving
3883501,1,1,1,83,92,100,100,1,53,100,96,17,8,10,13,10,7,0,0,100,100,73,47,25,17,13,0,1,1788048654.755149,G1,T02,angolo_060,1,moving
3883701,1,1,1,95,84,100,100,1,39,100,100,26,14,9,3,6,4,0,0,100,100,71,45,24,17,12,0,1,1788048654.9550507,G1,T02,angolo_060,1,moving
3883901,1,1,1,107,80,100,100,1,30,100,100,34,17,10,5,3,3,0,0,100,100,71,46,25,17,13,0,1,1788048655.1551268,G1,T02,angolo_060,1,moving
3884101,1,1,1,92,83,100,100,1,58,100,100,41,16,10,3,9,5,0,0,100,100,71,45,25,17,12,0,1,1788048655.3556008,G1,T02,angolo_060,1,moving
3884301,1,1,1,89,92,100,100,1,60,100,100,14,8,10,2,2,3,0,0,100,100,72,45,25,17,12,0,1,1788048655.55566,G1,T02,angolo_060,1,moving
3884501,1,1,1,91,92,83,100,1,15,83,58,4,6,9,2,6,4,0,0,100,100,72,45,25,17,12,0,1,1788048655.7552762,G1,T02,angolo_060,1,moving
3884701,1,1,1,79,97,100,100,1,36,100,53,18,13,8,3,8,5,0,0,100,100,72,46,25,17,12,0,1,1788048655.9550533,G1,T02,angolo_060,1,moving
3884901,1,1,1,93,84,100,100,1,38,100,100,19,17,5,3,8,9,0,0,100,100,73,46,25,17,12,0,1,1788048656.1552618,G1,T02,angolo_060,1,moving
3885101,1,1,1,92,90,100,100,1,43,100,89,49,11,7,4,4,3,0,0,100,100,72,45,24,17,12,0,1,1788048656.3550096,G1,T02,angolo_060,1,moving
3885301,1,1,1,88,92,100,100,1,34,100,100,2,8,9,3,9,6,0,0,100,100,72,43,23,17,12,0,1,1788048656.5550368,G1,T02,angolo_060,1,moving
3885501,1,1,1,105,87,100,100,1,41,100,100,53,4,3,8,10,3,0,0,100,100,69,41,23,17,12,0,1,1788048656.7517865,G1,T02,angolo_060,1,moving
3885701,1,1,1,94,97,100,100,1,13,100,100,24,16,10,6,3,7,0,0,100,100,75,44,23,17,12,0,1,1788048656.9553835,G1,T02,angolo_060,1,moving
3885901,1,1,1,106,93,100,100,1,30,100,100,30,13,9,4,4,6,0,0,100,100,74,44,22,16,12,0,1,1788048657.1552136,G1,T02,angolo_060,1,moving
3886101,1,1,1,78,90,100,100,1,67,100,91,14,14,14,9,8,5,0,0,100,100,75,46,22,17,12,0,1,1788048657.3558254,G1,T02,angolo_060,1,moving
3886301,1,1,1,102,96,72,100,1,37,72,67,45,9,10,4,5,3,0,0,100,100,74,47,22,17,12,0,1,1788048657.5554721,G1,T02,angolo_060,1,moving
3886501,1,1,1,138,102,44,100,1,15,30,44,18,10,8,5,4,4,0,0,100,100,74,46,23,17,12,0,1,1788048657.755248,G1,T02,angolo_060,1,moving
3886701,1,1,1,85,101,100,100,1,27,100,100,15,15,5,8,4,7,0,0,100,100,74,46,23,17,12,0,1,1788048657.9555163,G1,T02,angolo_060,1,moving
3886901,1,1,1,85,84,100,100,1,89,100,100,15,3,1,1,1,5,0,0,100,100,72,45,24,17,11,0,1,1788048658.1557274,G1,T02,angolo_060,1,moving
3887101,1,1,1,85,78,100,100,1,13,100,89,43,12,3,7,1,4,0,0,100,100,74,44,24,17,11,0,1,1788048658.3558075,G1,T02,angolo_060,1,moving
3887301,1,1,1,87,84,100,100,1,69,100,100,33,9,12,3,5,4,0,0,100,100,76,43,25,18,12,0,1,1788048658.5554047,G1,T02,angolo_060,1,moving
3887501,1,1,1,75,91,65,100,1,29,65,29,42,10,10,6,4,2,0,0,100,100,75,44,24,17,12,0,1,1788048658.7556102,G1,T02,angolo_060,1,moving
3887701,1,1,1,97,96,100,100,1,59,100,100,34,12,6,2,3,5,0,0,100,100,75,43,24,17,12,0,1,1788048658.9557514,G1,T02,angolo_060,1,moving
3887901,1,0,1,0,109,0,100,1,16,43,38,10,13,12,5,3,4,0,0,100,100,75,45,23,17,11,0,1,1788048659.1551626,G1,T02,angolo_060,1,moving
3888101,1,1,1,89,93,100,100,1,14,100,100,9,10,5,6,9,5,0,0,100,100,74,44,24,17,11,0,1,1788048659.3558683,G1,T02,angolo_060,1,moving
3888301,1,1,1,91,88,100,100,1,100,100,100,42,8,11,5,7,7,0,0,100,100,76,44,24,17,11,0,1,1788048659.55601,G1,T02,angolo_060,1,moving
3888501,1,1,1,133,133,56,100,1,16,33,56,48,14,4,1,3,8,0,0,100,100,75,43,24,17,11,0,1,1788048659.7558024,G1,T02,angolo_060,1,moving
3888701,1,1,1,75,98,54,100,1,18,54,17,18,4,2,3,9,5,0,0,100,100,75,42,24,17,12,0,1,1788048659.955192,G1,T02,angolo_060,1,moving
3888901,1,1,1,89,94,100,100,1,54,100,100,25,11,8,6,10,6,0,0,100,100,75,43,24,17,11,0,1,1788048660.1552556,G1,T02,angolo_060,1,moving
3889101,1,1,1,98,96,100,100,1,17,100,90,33,13,14,10,8,7,0,0,100,100,74,45,24,18,11,0,1,1788048660.3562386,G1,T02,angolo_060,1,moving
3889301,1,1,1,94,84,100,100,1,23,100,96,17,13,3,4,3,4,0,0,100,100,75,46,25,18,11,0,1,1788048660.5557349,G1,T02,angolo_060,1,moving
3889501,1,1,1,83,85,100,100,1,31,100,90,23,8,2,6,6,9,0,0,100,100,74,47,24,18,12,0,1,1788048660.7554455,G1,T02,angolo_060,1,moving
3889701,1,1,1,101,77,100,100,1,44,100,100,46,4,3,6,10,3,0,0,100,100,71,44,25,19,11,0,1,1788048660.955756,G1,T02,angolo_060,1,moving
3889901,1,1,1,90,99,100,100,1,22,100,100,13,6,12,6,4,1,0,0,100,100,70,45,25,19,12,0,1,1788048661.1558018,G1,T02,angolo_060,1,moving
3890101,1,1,1,94,97,100,100,1,34,100,83,11,9,7,5,2,4,0,0,100,100,68,44,25,19,12,0,1,1788048661.3559031,G1,T02,angolo_060,1,moving
3890301,1,1,1,92,93,100,100,1,59,100,100,28,9,18,4,7,6,0,0,100,100,69,45,24,18,11,0,1,1788048661.5558722,G1,T02,angolo_060,1,moving
3890501,1,1,1,93,94,100,100,1,25,100,100,60,14,12,1,6,6,0,0,100,100,68,46,24,19,12,0,1,1788048661.75517,G1,T02,angolo_060,1,moving
3890701,1,1,1,91,76,100,100,1,38,100,100,22,17,11,8,4,3,0,0,100,100,71,48,25,18,12,0,1,1788048661.9554687,G1,T02,angolo_060,1,moving
3890901,1,1,1,91,91,100,100,1,80,100,100,29,9,6,9,5,8,0,0,100,100,72,49,25,17,12,0,1,1788048662.1554766,G1,T02,angolo_060,1,moving
3891101,1,1,1,93,89,100,100,1,22,100,100,8,9,3,7,6,6,0,0,100,100,67,50,25,17,13,0,1,1788048662.3551912,G1,T02,angolo_060,1,moving
3891301,1,1,1,89,96,100,100,1,60,100,100,30,18,9,4,5,6,0,0,100,100,66,52,25,17,13,0,1,1788048662.5552902,G1,T02,angolo_060,1,moving
3891501,1,1,1,92,106,100,100,1,68,100,100,38,7,4,5,6,1,0,0,100,100,67,51,26,17,13,0,1,1788048662.755682,G1,T02,angolo_060,1,moving
3891701,1,1,1,83,96,100,100,1,81,100,100,18,10,12,4,11,7,0,0,100,100,68,52,26,17,13,0,1,1788048662.955874,G1,T02,angolo_060,1,moving
3891901,1,1,1,94,82,100,100,1,44,100,100,38,11,3,3,2,5,0,0,100,100,65,50,26,17,13,0,1,1788048663.1556776,G1,T02,angolo_060,1,moving
3892101,1,1,1,89,87,100,100,1,30,100,93,4,10,5,4,4,3,0,0,100,100,66,51,25,17,13,0,1,1788048663.3558242,G1,T02,angolo_060,1,moving
3892301,1,1,1,98,86,100,100,1,26,100,100,43,9,8,9,7,8,0,0,100,100,64,51,25,16,14,0,1,1788048663.5559185,G1,T02,angolo_060,1,moving
3892501,1,1,1,97,94,100,100,1,81,100,100,44,7,4,9,6,5,0,0,100,100,63,51,26,17,13,0,1,1788048663.755706,G1,T02,angolo_060,1,moving
3892701,1,1,1,90,85,100,100,1,42,100,100,22,12,9,8,6,3,0,0,100,100,65,52,26,17,14,0,1,1788048663.9553344,G1,T02,angolo_060,1,moving
3892901,1,1,1,97,100,100,100,1,31,100,100,93,31,18,7,2,2,0,0,100,100,67,53,28,17,14,0,1,1788048664.1557384,G1,T02,angolo_060,1,moving
3893101,1,1,1,93,93,100,100,1,17,100,100,25,20,16,5,6,9,0,0,100,100,69,55,28,17,15,0,1,1788048664.3560433,G1,T02,angolo_060,1,moving
3893301,1,1,1,89,96,100,100,1,33,100,100,23,10,13,6,4,5,0,0,100,100,69,55,29,16,15,0,1,1788048664.5562263,G1,T02,angolo_060,1,moving
3893501,1,1,1,84,89,100,100,1,30,100,86,13,4,4,1,6,3,0,0,100,100,69,56,30,16,14,0,1,1788048664.756007,G1,T02,angolo_060,1,moving
3893701,1,1,1,90,94,100,100,1,22,100,100,31,4,13,7,8,2,0,0,100,100,69,57,30,15,15,0,1,1788048664.9560018,G1,T02,angolo_060,1,moving
3893901,1,1,1,93,85,100,100,1,13,100,100,27,11,6,7,5,4,0,0,100,100,69,57,31,15,15,0,1,1788048665.1555586,G1,T02,angolo_060,1,moving
3894101,1,1,1,100,99,100,100,1,14,100,100,6,13,2,2,4,4,0,0,100,100,69,55,31,15,16,0,1,1788048665.3559866,G1,T02,angolo_060,1,moving
3894301,1,1,1,91,144,100,100,1,100,100,100,59,14,23,7,5,6,0,0,100,100,69,55,32,15,16,0,1,1788048665.556154,G1,T02,angolo_060,1,moving
3894501,1,1,1,89,89,100,100,1,23,100,100,48,11,12,7,2,5,0,0,100,100,69,55,31,15,15,0,1,1788048665.7557335,G1,T02,angolo_060,1,moving
3894701,1,1,1,86,111,100,100,1,38,100,87,11,13,8,3,2,3,0,0,100,100,68,53,31,15,16,0,1,1788048665.955433,G1,T02,angolo_060,1,moving
3894901,1,1,1,84,77,100,100,1,86,100,100,37,9,11,12,6,8,0,0,100,100,65,53,31,16,16,0,1,1788048666.1554203,G1,T02,angolo_060,1,moving
3895101,1,1,1,76,86,100,100,1,18,100,27,37,8,11,11,5,5,0,0,100,100,66,53,31,16,15,0,1,1788048666.3553376,G1,T02,angolo_060,1,moving
3895301,1,1,1,87,89,75,100,1,36,75,56,39,13,9,3,4,3,0,0,100,100,67,52,31,16,15,0,1,1788048666.5557814,G1,T02,angolo_060,1,moving
3895501,1,1,1,98,87,85,100,1,17,85,69,29,17,13,3,7,6,0,0,100,100,68,52,30,16,14,0,1,1788048666.7559657,G1,T02,angolo_060,1,moving
3895701,1,1,1,76,93,100,100,1,60,100,73,30,7,11,8,10,6,0,0,100,100,66,53,30,16,14,0,1,1788048666.9559877,G1,T02,angolo_060,1,moving
3895901,1,1,1,95,81,100,100,1,47,100,100,17,9,5,2,2,5,0,0,100,100,67,52,30,16,14,0,1,1788048667.154378,G1,T02,angolo_060,1,moving
3896101,1,1,1,90,77,100,100,1,21,100,78,23,15,8,4,3,6,0,0,100,100,68,52,29,16,14,0,1,1788048667.3557737,G1,T02,angolo_060,1,moving
3896301,1,1,1,91,89,100,100,1,100,100,100,49,12,8,3,8,4,0,0,100,100,70,50,29,17,14,0,1,1788048667.5560157,G1,T02,angolo_060,1,moving
3896501,1,1,1,88,99,100,100,1,61,100,100,28,5,8,4,5,4,0,0,100,100,69,50,28,16,14,0,1,1788048667.7560956,G1,T02,angolo_060,1,moving
3896701,1,1,1,106,90,100,100,1,19,100,100,21,11,5,10,2,4,0,0,100,100,70,48,28,16,14,0,1,1788048667.9559493,G1,T02,angolo_060,1,moving
3896901,1,1,1,89,93,100,100,1,23,100,100,17,15,9,7,2,6,0,0,100,100,69,47,27,16,14,0,1,1788048668.1552758,G1,T02,angolo_060,1,moving
3897101,1,1,1,94,91,100,100,1,13,100,100,22,4,14,2,8,8,0,0,100,100,65,45,26,16,13,0,1,1788048668.3560474,G1,T02,angolo_060,1,moving
3897301,1,1,1,106,81,100,100,1,35,100,100,40,11,9,4,4,5,0,0,100,100,64,44,26,16,13,0,1,1788048668.5556679,G1,T02,angolo_060,1,moving
3897501,1,1,1,89,105,100,100,1,53,100,100,13,8,9,11,3,6,0,0,100,100,63,44,26,16,13,0,1,1788048668.7562623,G1,T02,angolo_060,1,moving
3897701,1,1,1,93,90,100,100,1,40,100,100,35,8,10,3,11,5,0,0,100,100,63,44,25,17,12,0,1,1788048668.9561553,G1,T02,angolo_060,1,moving
3897901,1,0,1,0,105,0,100,1,18,49,10,20,7,11,7,3,6,0,0,100,100,65,43,23,17,12,0,1,1788048669.1553807,G1,T02,angolo_060,1,moving
3898101,1,1,1,101,101,41,100,1,20,22,41,29,7,6,4,5,2,0,0,100,100,63,43,23,17,11,0,1,1788048669.3551035,G1,T02,angolo_060,1,moving
3898301,1,1,1,86,111,100,100,1,24,100,80,22,15,8,5,6,3,0,0,100,100,64,40,22,16,11,0,1,1788048669.5562303,G1,T02,angolo_060,1,moving
3898501,1,1,1,96,93,100,100,1,27,100,100,33,13,10,5,7,5,0,0,100,100,64,40,22,16,12,0,1,1788048669.7562275,G1,T02,angolo_060,1,moving
3898701,1,1,1,102,86,64,100,1,24,64,58,24,7,7,4,6,4,0,0,100,100,61,41,22,17,11,0,1,1788048669.955231,G1,T02,angolo_060,1,moving
3898901,1,1,1,92,90,100,100,1,29,100,100,8,15,6,5,6,9,0,0,100,100,62,42,21,17,11,0,1,1788048670.1558464,G1,T02,angolo_060,1,moving
3899101,1,1,1,97,86,100,100,1,25,100,100,52,12,9,6,9,5,0,0,100,100,62,42,21,17,11,0,1,1788048670.355257,G1,T02,angolo_060,1,moving
3899301,1,1,1,132,89,98,100,1,18,72,98,27,5,9,3,1,4,0,0,100,100,61,43,21,18,12,0,1,1788048670.555387,G1,T02,angolo_060,1,moving
3899501,1,1,1,91,124,100,100,1,57,100,100,72,17,11,4,10,4,0,0,100,100,62,43,23,18,12,0,1,1788048670.756298,G1,T02,angolo_060,1,moving
3899701,1,1,1,97,94,100,100,1,93,100,100,73,7,14,7,10,7,0,0,100,100,64,43,23,18,13,0,1,1788048670.9562047,G1,T02,angolo_060,1,moving
3899901,1,1,1,96,89,100,100,1,76,100,100,41,10,15,6,7,5,0,0,100,100,65,45,24,17,12,0,1,1788048671.1560433,G1,T02,angolo_060,1,moving
3900101,1,1,1,92,89,93,100,1,30,93,71,10,9,15,6,1,4,0,0,100,100,65,47,25,18,13,0,1,1788048671.3551228,G1,T02,angolo_060,1,moving
3900301,1,1,1,85,92,100,100,1,75,100,100,59,19,14,6,9,1,0,0,100,100,65,48,25,17,13,0,1,1788048671.5559707,G1,T02,angolo_060,1,moving
3900501,1,1,1,105,101,100,100,1,48,100,100,60,8,14,10,4,7,0,0,100,100,67,50,26,18,13,0,1,1788048671.7556505,G1,T02,angolo_060,1,moving
3900701,1,1,1,98,123,100,100,1,28,100,100,16,7,9,5,10,3,0,0,100,100,64,52,25,18,12,0,1,1788048671.9550982,G1,T02,angolo_060,1,moving
3900901,1,1,1,96,103,100,100,1,54,100,100,47,14,14,9,9,4,0,0,100,100,62,51,26,18,12,0,1,1788048672.1562777,G1,T02,angolo_060,1,moving
3901101,1,1,1,86,89,100,100,1,100,100,100,13,10,15,8,11,5,0,0,100,100,62,52,25,18,12,0,1,1788048672.3564827,G1,T02,angolo_060,1,moving
3901301,1,1,1,83,80,100,100,1,22,100,86,33,12,10,8,3,4,0,0,100,100,61,53,27,18,12,0,1,1788048672.5559528,G1,T02,angolo_060,1,moving
3901501,1,1,1,94,96,100,100,1,13,100,85,30,25,10,4,6,5,0,0,100,100,66,53,27,18,12,0,1,1788048672.7563083,G1,T02,angolo_060,1,moving
3901701,1,1,1,77,103,100,100,1,64,100,90,42,11,8,8,12,4,0,0,100,100,65,51,29,18,12,0,1,1788048672.9558926,G1,T02,angolo_060,1,moving
3901901,1,1,1,100,83,100,100,1,38,100,100,39,14,12,5,4,3,0,0,100,100,67,52,29,17,12,0,1,1788048673.1558874,G1,T02,angolo_060,1,moving
3902101,1,1,1,96,100,100,100,1,15,100,100,29,18,10,10,2,6,0,0,100,100,75,55,31,18,12,0,1,1788048673.3564043,G1,T02,angolo_060,1,moving
3902301,1,1,1,85,86,100,100,1,88,100,100,38,28,13,5,2,3,0,0,100,100,76,57,31,19,12,0,1,1788048673.5559466,G1,T02,angolo_060,1,moving
3902501,1,1,1,90,90,100,100,1,37,100,100,18,20,6,7,8,6,0,0,100,100,78,58,32,19,12,0,1,1788048673.7561336,G1,T02,angolo_060,1,moving
3902701,1,1,1,89,82,100,100,1,36,100,90,6,13,9,6,6,4,0,0,100,100,79,57,31,18,12,0,1,1788048673.9559762,G1,T02,angolo_060,1,moving
3902901,1,1,1,83,80,62,100,1,24,62,39,20,15,8,2,2,2,0,0,100,100,80,56,31,18,12,0,1,1788048674.1560266,G1,T02,angolo_060,1,moving
3903101,1,1,1,85,104,100,100,1,67,100,100,33,18,12,8,11,5,0,0,100,100,80,58,31,18,12,0,1,1788048674.355729,G1,T02,angolo_060,1,moving
3903301,1,1,1,97,97,100,100,1,15,100,99,17,3,7,2,5,8,0,0,100,100,78,58,30,17,12,0,1,1788048674.556065,G1,T02,angolo_060,1,moving
3903501,1,1,1,99,97,100,100,1,38,100,100,23,10,14,5,9,3,0,0,100,100,76,59,30,17,12,0,1,1788048674.7564776,G1,T02,angolo_060,1,moving
3903701,1,1,1,105,104,87,100,1,27,87,81,16,12,10,4,4,4,0,0,100,100,75,58,29,17,12,0,1,1788048674.9560587,G1,T02,angolo_060,1,moving
3903901,1,1,1,87,93,100,100,1,78,100,100,25,4,5,11,7,5,0,0,100,100,76,58,29,17,11,0,1,1788048675.1563723,G1,T02,angolo_060,1,moving
3904101,1,1,1,88,90,100,100,1,53,100,100,29,12,3,2,4,6,0,0,100,100,77,58,29,17,12,0,1,1788048675.3563917,G1,T02,angolo_060,1,moving
3904301,1,1,1,96,103,98,100,1,36,98,82,23,2,3,3,6,5,0,0,100,100,75,57,29,17,11,0,1,1788048675.555779,G1,T02,angolo_060,1,moving
3904501,1,1,1,103,143,100,100,1,21,100,100,24,14,7,1,6,6,0,0,100,100,74,54,28,17,11,0,1,1788048675.7563472,G1,T02,angolo_060,1,moving
3904701,1,1,1,91,90,100,100,1,20,100,100,28,19,10,6,10,5,0,0,100,100,74,53,28,18,11,0,1,1788048675.9563558,G1,T02,angolo_060,1,moving
3904901,1,1,1,80,107,100,100,0,30,100,57,14,7,10,3,4,5,0,0,100,100,75,53,28,18,11,0,1,1788048676.1557665,G1,T02,angolo_060,1,moving
3905101,1,1,1,97,108,100,100,0,27,100,100,13,16,9,7,7,7,0,0,100,100,78,54,28,17,11,0,1,1788048676.3562548,G1,T02,angolo_060,1,moving
3905301,1,1,1,76,92,100,100,0,57,100,66,14,12,6,2,8,5,0,0,100,100,77,51,26,17,12,0,1,1788048676.5560994,G1,T02,angolo_060,1,moving
3905501,1,1,1,86,78,100,100,0,32,100,100,44,21,7,2,2,8,0,0,100,100,78,52,25,18,12,0,1,1788048676.7563162,G1,T02,angolo_060,1,moving
3905701,1,1,1,87,108,100,100,0,28,100,67,15,1,13,5,4,4,0,0,100,100,76,54,24,17,12,0,1,1788048676.9563575,G1,T02,angolo_060,1,moving
3905901,1,1,1,94,86,100,100,0,56,100,100,44,6,1,9,2,6,0,0,100,100,72,53,24,18,11,0,1,1788048677.1565173,G1,T02,angolo_060,1,moving
3906101,1,1,1,93,83,100,100,0,36,100,100,11,19,11,7,5,7,0,0,100,100,69,52,23,18,12,0,1,1788048677.3566477,G1,T02,angolo_060,1,moving
3906301,1,1,1,91,110,100,100,0,47,100,100,20,13,5,2,2,4,0,0,100,100,66,53,24,17,12,0,1,1788048677.5564518,G1,T02,angolo_060,1,moving
3906501,1,1,1,89,90,100,100,0,18,100,100,18,15,17,6,7,3,0,0,100,100,66,54,25,18,12,0,1,1788048677.7560601,G1,T02,angolo_060,1,moving
3906701,1,1,1,97,91,100,100,0,53,100,100,49,12,8,3,5,5,0,0,100,100,67,54,25,18,11,0,1,1788048677.9565556,G1,T02,angolo_060,1,moving
3906901,1,1,1,92,88,100,100,0,90,100,100,21,5,8,5,6,8,0,0,100,100,66,55,25,19,12,0,1,1788048678.1564765,G1,T02,angolo_060,1,moving
3907101,1,1,1,100,95,100,100,0,38,100,100,39,15,4,4,4,4,0,0,100,100,70,55,26,18,11,0,1,1788048678.3555996,G1,T02,angolo_060,1,moving
3907301,1,1,1,96,109,100,100,0,43,100,100,24,9,5,9,4,6,0,0,100,100,71,54,26,19,11,0,1,1788048678.5556588,G1,T02,angolo_060,1,moving
3907501,1,1,1,96,87,100,100,0,100,100,100,58,11,12,5,8,5,0,0,100,100,73,54,27,19,11,0,1,1788048678.7567601,G1,T02,angolo_060,1,moving
3907701,1,1,1,80,92,100,100,0,24,100,53,40,14,5,2,2,4,0,0,100,100,74,55,27,20,10,0,1,1788048678.9563007,G1,T02,angolo_060,1,moving
3907901,1,1,1,100,90,100,100,0,23,100,100,30,11,16,5,2,5,0,0,100,100,73,55,26,20,11,0,1,1788048679.156519,G1,T02,angolo_060,1,moving
3908101,1,1,1,86,93,100,100,0,74,100,100,30,15,6,9,4,4,0,0,100,100,72,55,26,20,10,0,1,1788048679.3562236,G1,T02,angolo_060,1,moving
3908301,1,1,1,84,76,100,100,0,53,100,100,37,19,11,6,1,9,0,0,100,100,74,56,27,19,11,0,1,1788048679.5563276,G1,T02,angolo_060,1,moving
3908501,1,1,1,88,99,77,100,0,23,77,52,11,11,7,4,1,4,0,0,100,100,77,58,27,19,11,0,1,1788048679.7564476,G1,T02,angolo_060,1,moving
3908701,1,1,1,93,85,100,100,0,36,100,100,36,15,4,3,3,6,0,0,100,100,76,58,27,19,11,0,1,1788048679.9561875,G1,T02,angolo_060,1,moving
3908901,1,1,1,93,90,100,100,0,14,100,100,24,15,12,9,3,7,0,0,100,100,79,60,28,19,12,0,1,1788048680.1564598,G1,T02,angolo_060,1,moving
3909101,1,1,1,91,116,100,100,0,31,100,100,11,14,16,4,3,3,0,0,100,100,79,61,28,19,12,0,1,1788048680.3564131,G1,T02,angolo_060,1,moving
3909301,1,1,1,99,87,100,100,0,26,100,100,42,13,6,4,3,7,0,0,100,100,83,63,28,20,12,0,1,1788048680.5563815,G1,T02,angolo_060,1,moving
3909501,1,1,1,133,90,77,100,0,20,54,77,17,8,10,2,7,6,0,0,100,100,78,62,28,19,11,0,1,1788048680.7563381,G1,T02,angolo_060,1,moving
3909701,1,1,1,87,91,100,100,0,16,100,88,18,12,14,3,5,7,0,0,100,100,80,63,28,20,12,0,1,1788048680.9565995,G1,T02,angolo_060,1,moving
3909901,1,1,1,148,110,52,100,0,16,34,52,33,19,9,5,4,3,0,0,100,100,84,64,29,20,12,0,1,1788048681.1557271,G1,T02,angolo_060,1,moving
3910101,1,1,1,86,82,100,100,0,26,100,100,32,26,15,9,10,6,0,0,100,100,84,61,27,20,11,0,1,1788048681.3566158,G1,T02,angolo_060,1,moving
3910301,1,1,1,93,96,100,100,0,60,100,100,30,4,11,3,7,3,0,0,100,100,83,60,27,20,11,0,1,1788048681.5566423,G1,T02,angolo_060,1,moving
3910501,1,1,1,100,86,100,100,0,31,100,100,35,11,3,2,3,4,0,0,100,100,82,57,26,19,11,0,1,1788048681.7560496,G1,T02,angolo_060,1,moving
3910701,1,1,1,89,83,100,100,1,79,100,100,32,14,13,1,7,3,0,0,100,100,83,57,26,19,11,0,1,1788048681.956454,G1,T02,angolo_060,1,moving
3910901,1,1,1,94,89,100,100,1,21,100,100,36,14,12,6,8,7,0,0,100,100,83,56,26,18,11,0,1,1788048682.1558511,G1,T02,angolo_060,1,moving
3911101,1,1,1,86,95,100,100,1,47,100,100,35,14,7,5,2,9,0,0,100,100,80,55,24,19,12,0,1,1788048682.356476,G1,T02,angolo_060,1,moving
3911301,1,1,1,91,126,100,100,1,44,100,100,14,13,1,3,8,3,0,0,100,100,81,55,24,19,12,0,1,1788048682.5568972,G1,T02,angolo_060,1,moving
3911501,1,1,1,90,86,100,100,1,76,100,100,21,9,12,5,8,3,0,0,100,100,81,54,24,18,12,0,1,1788048682.7565513,G1,T02,angolo_060,1,moving
3911701,1,1,1,91,86,100,100,1,21,100,100,7,13,12,3,8,7,0,0,100,100,81,55,24,18,13,0,1,1788048682.9566195,G1,T02,angolo_060,1,moving
3911901,1,1,1,92,91,100,100,1,52,100,100,10,4,9,4,6,4,0,0,100,100,81,54,25,18,13,0,1,1788048683.1565993,G1,T02,angolo_060,1,moving
3912101,1,1,1,102,80,100,100,1,41,100,100,32,7,6,6,5,3,0,0,100,100,81,53,24,18,13,0,1,1788048683.3560388,G1,T02,angolo_060,1,moving
3912301,1,1,1,91,96,100,100,1,22,100,100,33,6,7,12,8,5,0,0,100,100,80,54,24,17,12,0,1,1788048683.5561604,G1,T02,angolo_060,1,moving
3912501,1,1,1,93,96,100,100,1,15,100,100,17,4,1,4,7,5,0,0,100,100,78,52,23,18,12,0,1,1788048683.756645,G1,T02,angolo_060,1,moving
3912701,1,0,1,0,93,0,100,1,17,17,9,4,9,10,5,3,4,0,0,100,100,78,52,24,19,12,0,1,1788048683.9554665,G1,T02,angolo_060,1,moving
3912901,1,1,1,84,100,100,100,1,100,100,100,23,13,11,7,12,2,0,0,100,100,78,52,24,18,11,0,1,1788048684.1562703,G1,T02,angolo_060,1,moving
3913101,1,1,1,96,93,100,100,1,22,100,100,16,12,4,10,6,7,0,0,100,100,75,49,25,18,12,0,1,1788048684.3568192,G1,T02,angolo_060,1,moving
3913301,1,1,1,94,87,85,100,1,29,85,68,14,2,1,4,9,5,0,0,100,100,74,48,25,18,12,0,1,1788048684.5561013,G1,T02,angolo_060,1,moving
3913501,1,1,1,96,101,100,100,1,92,100,100,46,8,12,7,9,3,0,0,100,100,75,49,25,18,12,0,1,1788048684.756075,G1,T02,angolo_060,1,moving
3913701,1,1,1,67,91,91,100,1,45,91,22,25,5,14,11,9,8,0,0,100,100,75,47,27,18,12,0,1,1788048684.9561267,G1,T02,angolo_060,1,moving
3913901,1,1,1,113,77,100,100,1,36,100,100,54,12,9,3,1,1,0,0,100,100,74,48,27,18,12,0,1,1788048685.1561754,G1,T02,angolo_060,1,moving
3914101,1,1,1,150,150,83,100,1,18,54,83,53,17,6,5,1,5,0,0,100,100,72,48,27,18,12,0,1,1788048685.355975,G1,T02,angolo_060,1,moving
3914301,1,1,1,91,96,100,100,1,58,100,100,19,9,9,2,4,4,0,0,100,100,74,49,28,18,12,0,1,1788048685.5564075,G1,T02,angolo_060,1,moving
3914501,1,1,1,89,99,100,100,1,47,100,100,35,8,7,6,6,7,0,0,100,100,73,48,27,18,12,0,1,1788048685.7564867,G1,T02,angolo_060,1,moving
3914701,1,1,1,124,97,55,100,1,19,49,55,21,10,10,3,4,4,0,0,100,100,71,47,27,18,12,0,1,1788048685.956492,G1,T02,angolo_060,1,moving
3914901,1,1,1,90,93,100,100,1,51,100,100,38,3,3,8,5,5,0,0,100,100,71,48,28,18,12,0,1,1788048686.1565723,G1,T02,angolo_060,1,moving
3915101,1,1,1,91,93,100,100,1,28,100,100,10,10,7,6,7,7,0,0,100,100,67,46,28,18,12,0,1,1788048686.3560228,G1,T02,angolo_060,1,moving
3915301,1,0,1,0,80,0,100,1,18,35,36,30,16,15,7,1,5,0,0,100,100,67,47,28,18,12,0,1,1788048686.5564308,G1,T02,angolo_060,1,moving
3915501,1,1,1,99,98,100,100,1,21,100,100,17,9,1,5,6,7,0,0,100,100,65,45,27,18,12,0,1,1788048686.7561328,G1,T02,angolo_060,1,moving
3915701,1,1,1,82,84,100,100,1,24,100,70,35,13,12,2,7,5,0,0,100,100,66,46,26,17,12,0,1,1788048686.956773,G1,T02,angolo_060,1,moving
3915901,1,1,1,96,86,100,100,1,46,100,100,19,8,8,9,4,7,0,0,100,100,65,46,26,17,12,0,1,1788048687.1567101,G1,T02,angolo_060,1,moving
3916101,1,1,1,88,89,100,100,1,45,100,96,10,7,9,2,8,4,0,0,100,100,64,45,27,17,12,0,1,1788048687.356618,G1,T02,angolo_060,1,moving
3916301,1,1,1,110,96,100,100,1,36,100,100,54,10,10,6,8,3,0,0,100,100,65,45,26,18,12,0,1,1788048687.5565808,G1,T02,angolo_060,1,moving
3916501,1,1,1,81,96,100,100,1,40,100,95,58,20,1,4,4,7,0,0,100,100,67,45,26,18,12,0,1,1788048687.756806,G1,T02,angolo_060,1,moving
3916701,1,1,1,92,130,84,100,1,23,84,62,6,18,10,4,4,7,0,0,100,100,67,45,25,17,12,0,1,1788048687.955434,G1,T02,angolo_060,1,moving
3916901,1,1,1,101,90,100,100,1,26,100,100,67,17,8,6,4,9,0,0,100,100,65,45,25,17,13,0,1,1788048688.1569457,G1,T02,angolo_060,1,moving
3917101,1,1,1,89,90,100,100,1,46,100,100,33,11,3,5,3,6,0,0,100,100,64,44,24,17,12,0,1,1788048688.3568504,G1,T02,angolo_060,1,moving
3917301,1,1,1,90,97,100,100,1,67,100,100,60,16,9,5,2,6,0,0,100,100,64,44,24,17,13,0,1,1788048688.5562513,G1,T02,angolo_060,1,moving
3917501,1,1,1,109,87,100,100,1,32,100,100,40,7,5,4,5,5,0,0,100,100,64,42,23,16,13,0,1,1788048688.756799,G1,T02,angolo_060,1,moving
3917701,1,1,1,88,93,100,100,1,39,100,100,31,18,16,11,11,5,0,0,100,100,66,43,23,16,13,0,1,1788048688.9564524,G1,T02,angolo_060,1,moving
3917901,1,1,1,85,89,100,100,1,60,100,100,20,12,6,4,1,4,0,0,100,100,64,41,23,16,13,0,1,1788048689.1567314,G1,T02,angolo_060,1,moving
3918101,1,1,1,95,95,91,100,1,17,46,91,52,26,13,2,1,4,0,0,100,100,66,43,23,16,13,0,1,1788048689.356545,G1,T02,angolo_060,1,moving
3918301,1,1,1,90,89,100,100,1,88,100,100,38,23,14,2,9,4,0,0,100,100,66,42,23,16,14,0,1,1788048689.5568473,G1,T02,angolo_060,1,moving
3918501,1,1,1,114,97,92,100,1,15,90,92,22,16,15,10,2,3,0,0,100,100,68,46,23,16,13,0,1,1788048689.756321,G1,T02,angolo_060,1,moving
3918701,1,1,1,83,89,100,100,1,18,100,58,22,9,5,6,6,7,0,0,100,100,71,49,23,17,13,0,1,1788048689.9566097,G1,T02,angolo_060,1,moving
3918901,1,1,1,84,81,100,100,1,36,100,98,40,20,17,3,8,4,0,0,100,100,74,50,22,17,13,0,1,1788048690.156708,G1,T02,angolo_060,1,moving
3919101,1,1,1,84,89,100,100,1,100,100,100,21,12,11,9,11,7,0,0,100,100,76,51,22,17,13,0,1,1788048690.3564699,G1,T02,angolo_060,1,moving
3919301,1,1,1,94,87,100,100,1,64,100,100,27,6,2,3,5,3,0,0,100,100,73,50,22,17,13,0,1,1788048690.5565646,G1,T02,angolo_060,1,moving
3919501,1,1,1,101,79,100,100,1,19,100,100,38,7,7,1,4,1,0,0,100,100,73,51,22,17,13,0,1,1788048690.757014,G1,T02,angolo_060,1,moving
3919701,1,1,1,70,91,87,100,1,31,87,16,39,14,11,11,8,5,0,0,100,100,72,50,23,17,14,0,1,1788048690.9560404,G1,T02,angolo_060,1,moving
3919901,1,1,1,89,73,100,100,1,69,100,100,30,7,7,3,5,4,0,0,100,100,70,50,23,17,13,0,1,1788048691.1559641,G1,T02,angolo_060,1,moving
3920101,1,1,1,101,89,100,100,1,27,100,100,25,11,11,8,7,6,0,0,100,100,72,51,23,17,13,0,1,1788048691.3568344,G1,T02,angolo_060,1,moving
3920301,1,1,1,94,89,100,100,1,18,100,100,34,13,11,3,7,3,0,0,100,100,72,51,23,17,13,0,1,1788048691.5568836,G1,T02,angolo_060,1,moving
3920501,1,1,1,84,72,100,100,1,38,100,100,12,5,11,8,8,8,0,0,100,100,70,51,24,16,12,0,1,1788048691.7563198,G1,T02,angolo_060,1,moving
3920701,1,1,1,90,86,100,100,1,30,100,100,17,1,8,4,6,3,0,0,100,100,67,51,24,17,13,0,1,1788048691.9562,G1,T02,angolo_060,1,moving
3920901,1,1,1,98,80,100,100,1,14,100,100,32,8,8,7,7,2,0,0,100,100,65,49,22,17,12,0,1,1788048692.1567717,G1,T02,angolo_060,1,moving
3921101,1,1,1,88,93,100,100,1,73,100,100,29,3,7,8,8,1,0,0,100,100,66,50,23,17,12,0,1,1788048692.3567982,G1,T02,angolo_060,1,moving
3921301,1,1,1,82,92,100,100,1,57,100,85,18,14,7,5,10,4,0,0,100,100,65,50,23,17,12,0,1,1788048692.556277,G1,T02,angolo_060,1,moving
3921501,1,1,1,98,93,100,100,1,17,100,100,33,2,7,3,8,1,0,0,100,100,65,53,22,17,12,0,1,1788048692.7563758,G1,T02,angolo_060,1,moving
3921701,1,1,1,89,87,100,100,1,58,100,100,35,25,13,11,5,3,0,0,100,100,65,53,22,17,12,0,1,1788048692.9524112,G1,T02,angolo_060,1,moving
3921901,1,1,1,87,84,100,100,1,40,100,100,26,23,7,2,5,10,0,0,100,100,66,56,22,17,13,0,1,1788048693.1570675,G1,T02,angolo_060,1,moving
3922101,1,1,1,86,100,100,100,1,54,100,100,19,6,3,7,4,4,0,0,100,100,62,53,21,16,13,0,1,1788048693.3567858,G1,T02,angolo_060,1,moving
3922301,1,1,1,99,91,100,100,1,53,100,100,44,5,5,6,3,4,0,0,100,100,60,53,22,16,12,0,1,1788048693.5564845,G1,T02,angolo_060,1,moving
3922501,1,1,1,85,105,100,100,1,29,100,100,35,12,5,9,9,6,0,0,100,100,59,51,23,16,12,0,1,1788048693.7569163,G1,T02,angolo_060,1,moving
3922701,1,1,1,90,84,100,100,1,26,100,100,21,6,10,5,3,5,0,0,100,100,56,50,22,15,12,0,1,1788048693.9569478,G1,T02,angolo_060,1,moving
3922901,1,1,1,107,89,100,100,1,54,100,100,71,21,11,5,9,2,0,0,100,100,55,48,22,15,13,0,1,1788048694.157293,G1,T02,angolo_060,1,moving
3923101,1,1,1,83,95,100,100,1,24,100,54,30,16,15,8,6,3,0,0,100,100,56,48,22,15,13,0,1,1788048694.3567781,G1,T02,angolo_060,1,moving
3923301,1,1,1,96,91,100,100,1,17,100,100,20,3,5,3,7,6,0,0,100,100,57,49,22,15,13,0,1,1788048694.5568428,G1,T02,angolo_060,1,moving
3923501,1,1,1,84,96,95,100,1,30,95,58,12,12,9,1,4,6,0,0,100,100,59,48,21,14,13,0,1,1788048694.7563035,G1,T02,angolo_060,1,moving
3923701,1,1,1,90,84,100,100,1,32,100,100,11,15,13,8,9,8,0,0,100,100,60,48,21,15,12,0,1,1788048694.9569733,G1,T02,angolo_060,1,moving
3923901,1,1,1,92,95,100,100,1,60,100,100,35,8,7,8,8,5,0,0,100,100,60,47,21,16,12,0,1,1788048695.1537552,G1,T02,angolo_060,1,moving
3924101,1,1,1,85,87,100,100,1,56,100,100,29,18,10,1,1,5,0,0,100,100,62,47,21,17,12,0,1,1788048695.357152,G1,T02,angolo_060,1,moving
3924301,1,1,1,103,94,100,100,1,36,100,100,32,3,3,3,8,4,0,0,100,100,60,46,21,16,13,0,1,1788048695.5564997,G1,T02,angolo_060,1,moving
3924501,1,1,1,81,100,100,100,1,50,100,82,37,6,11,10,9,5,0,0,100,100,61,46,22,16,12,0,1,1788048695.7562957,G1,T02,angolo_060,1,moving
3924701,1,1,1,97,95,100,100,1,49,100,100,24,13,5,5,5,3,0,0,100,100,63,47,23,16,12,0,1,1788048695.9566936,G1,T02,angolo_060,1,moving
3924901,1,1,1,84,111,100,100,1,40,100,86,19,11,11,1,6,2,0,0,100,100,65,49,23,17,13,0,1,1788048696.153845,G1,T02,angolo_060,1,moving
3925101,1,1,1,89,90,100,100,1,74,100,100,35,15,10,6,9,9,0,0,100,100,66,48,23,17,13,0,1,1788048696.35697,G1,T02,angolo_060,1,moving
3925301,1,1,1,99,87,100,100,1,66,100,100,47,11,8,6,7,6,0,0,100,100,66,48,24,16,13,0,1,1788048696.5562181,G1,T02,angolo_060,1,moving
3925501,1,1,1,130,96,89,100,1,22,77,89,51,25,14,8,8,3,0,0,100,100,70,47,25,16,13,0,1,1788048696.7563906,G1,T02,angolo_060,1,moving
3925701,1,1,1,103,110,100,100,1,49,100,100,51,9,10,4,7,6,0,0,100,100,68,44,24,16,13,0,1,1788048696.95727,G1,T02,angolo_060,1,moving
3925901,1,1,1,95,89,100,100,1,60,100,100,22,11,6,8,6,9,0,0,100,100,66,41,24,16,13,0,1,1788048697.1571233,G1,T02,angolo_060,1,moving
3926101,1,1,1,83,98,100,100,1,47,100,86,12,7,8,3,2,2,0,0,100,100,68,42,24,17,13,0,1,1788048697.3568027,G1,T02,angolo_060,1,moving
3926301,1,1,1,90,103,95,100,1,24,95,65,31,4,10,4,4,1,0,0,100,100,69,43,24,16,13,0,1,1788048697.5568914,G1,T02,angolo_060,1,moving
3926501,1,1,1,90,91,100,100,1,40,100,100,35,12,11,10,11,2,0,0,100,100,68,43,24,17,13,0,1,1788048697.7572744,G1,T02,angolo_060,1,moving
3926701,1,1,1,90,91,100,100,1,26,100,100,20,12,9,8,4,4,0,0,100,100,69,43,24,16,13,0,1,1788048697.9571323,G1,T02,angolo_060,1,moving
3926901,1,1,1,90,85,100,100,1,61,100,100,29,11,13,4,8,2,0,0,100,100,71,46,24,16,13,0,1,1788048698.1572177,G1,T02,angolo_060,1,moving
3927101,1,1,1,89,80,100,100,1,100,100,100,36,15,11,8,4,4,0,0,100,100,74,46,25,16,13,0,1,1788048698.355039,G1,T02,angolo_060,1,moving
3927301,1,1,1,83,84,100,100,1,56,100,100,7,8,10,5,8,5,0,0,100,100,73,46,25,17,13,0,1,1788048698.5569413,G1,T02,angolo_060,1,moving
3927501,1,1,1,84,82,86,100,1,19,86,46,13,8,5,5,6,6,0,0,100,100,74,47,25,17,13,0,1,1788048698.7559729,G1,T02,angolo_060,1,moving
3927701,1,1,1,91,87,100,100,1,100,100,100,25,10,9,6,8,5,0,0,100,100,74,48,25,17,13,0,1,1788048698.957096,G1,T02,angolo_060,1,moving
3927901,1,0,1,0,94,0,100,1,19,48,22,43,8,8,7,9,6,0,0,100,100,75,51,26,16,13,0,1,1788048699.1566725,G1,T02,angolo_060,1,moving
3928101,1,1,1,75,91,100,100,1,48,100,53,25,12,8,8,6,4,0,0,100,100,74,49,26,16,13,0,1,1788048699.3569205,G1,T02,angolo_060,1,moving
3928301,1,1,1,78,96,63,100,1,16,63,24,52,25,5,5,7,4,0,0,100,100,77,49,25,16,13,0,1,1788048699.5568137,G1,T02,angolo_060,1,moving
3928501,1,1,1,79,82,100,100,1,70,100,100,51,8,10,10,8,7,0,0,100,100,76,48,25,16,13,0,1,1788048699.7571187,G1,T02,angolo_060,1,moving
3928701,1,1,1,88,95,100,100,1,31,100,79,18,11,13,1,4,5,0,0,100,100,76,49,25,16,13,0,1,1788048699.9572306,G1,T02,angolo_060,1,moving
3928901,1,1,1,89,99,100,100,1,46,100,100,3,7,8,8,2,7,0,0,100,100,76,48,25,16,13,0,1,1788048700.156803,G1,T02,angolo_060,1,moving
3929101,1,1,1,91,90,100,100,1,48,100,100,12,2,13,12,10,3,0,0,100,100,74,49,26,16,12,0,1,1788048700.3571107,G1,T02,angolo_060,1,moving
3929301,1,1,1,90,93,100,100,1,22,100,100,20,4,6,6,6,8,0,0,100,100,72,49,25,17,13,0,1,1788048700.556427,G1,T02,angolo_060,1,moving
3929501,1,1,1,126,129,100,100,1,15,100,100,17,12,9,7,2,6,0,0,100,100,70,50,25,17,13,0,1,1788048700.7574105,G1,T02,angolo_060,1,moving
3929701,1,1,1,91,97,100,100,1,79,100,100,51,14,3,3,3,6,0,0,100,100,69,50,25,17,12,0,1,1788048700.9570212,G1,T02,angolo_060,1,moving
3929901,1,1,1,92,85,100,100,1,13,100,100,14,5,5,4,8,9,0,0,100,100,72,52,25,17,12,0,1,1788048701.1567388,G1,T02,angolo_060,1,moving
3930101,1,1,1,91,94,100,100,1,46,100,100,13,16,8,7,4,1,0,0,100,100,72,52,26,18,12,0,1,1788048701.3572044,G1,T02,angolo_060,1,moving
3930301,1,1,1,97,86,100,100,1,25,100,100,27,16,5,7,3,6,0,0,100,100,72,51,26,18,13,0,1,1788048701.55743,G1,T02,angolo_060,1,moving
3930501,1,1,1,90,87,100,100,1,100,100,100,48,11,22,8,3,5,0,0,100,100,74,54,27,18,12,0,1,1788048701.7570171,G1,T02,angolo_060,1,moving
3930701,1,1,1,93,96,100,100,1,26,100,100,17,11,4,7,6,7,0,0,100,100,73,52,28,18,12,0,1,1788048701.952235,G1,T02,angolo_060,1,moving
3930901,1,1,1,101,83,100,100,1,19,100,100,28,13,6,11,10,7,0,0,100,100,69,50,29,18,12,0,1,1788048702.1574512,G1,T02,angolo_060,1,moving
3931101,1,1,1,94,90,100,100,1,30,100,100,26,5,10,7,10,4,0,0,100,100,65,49,29,18,12,0,1,1788048702.357329,G1,T02,angolo_060,1,moving
3931301,1,1,1,86,97,100,100,1,54,100,100,11,3,2,2,5,7,0,0,100,100,64,48,29,17,13,0,1,1788048702.5572684,G1,T02,angolo_060,1,moving
3931501,1,1,1,86,88,86,100,1,24,86,54,15,2,8,1,7,5,0,0,100,100,63,47,29,17,13,0,1,1788048702.75626,G1,T02,angolo_060,1,moving
3931701,1,1,1,99,84,100,100,1,21,100,100,52,14,5,8,9,8,0,0,100,100,63,46,29,17,13,0,1,1788048702.9570954,G1,T02,angolo_060,1,moving
3931901,1,1,1,80,86,100,100,1,33,100,63,37,14,11,6,8,7,0,0,100,100,64,45,29,17,13,0,1,1788048703.1569676,G1,T02,angolo_060,1,moving
3932101,1,1,1,91,97,100,100,1,36,100,100,10,10,7,9,6,7,0,0,100,100,63,46,29,17,13,0,1,1788048703.35696,G1,T02,angolo_060,1,moving
3932301,1,1,1,122,81,84,100,1,14,73,84,16,16,14,4,9,5,0,0,100,100,63,47,30,17,13,0,1,1788048703.5569708,G1,T02,angolo_060,1,moving
3932501,1,1,1,87,100,100,100,1,66,100,100,9,4,12,9,8,3,0,0,100,100,62,47,30,16,14,0,1,1788048703.7570632,G1,T02,angolo_060,1,moving
3932701,1,1,1,91,97,74,100,1,17,74,52,13,13,9,1,5,4,0,0,100,100,63,47,30,16,13,0,1,1788048703.9570193,G1,T02,angolo_060,1,moving
3932901,1,1,1,101,125,100,100,1,34,100,100,21,12,11,3,8,3,0,0,100,100,64,46,29,17,13,0,1,1788048704.1572773,G1,T02,angolo_060,1,moving
3933101,1,1,1,101,82,100,100,1,21,100,100,41,4,6,9,12,9,0,0,100,100,66,46,29,16,13,0,1,1788048704.3568504,G1,T02,angolo_060,1,moving
3933301,1,1,1,94,86,100,100,1,81,100,100,33,13,8,1,6,3,0,0,100,100,68,48,30,15,13,0,1,1788048704.5574307,G1,T02,angolo_060,1,moving
3933501,1,1,1,86,93,100,100,1,19,100,68,14,8,12,7,8,5,0,0,100,100,69,48,29,16,13,0,1,1788048704.757205,G1,T02,angolo_060,1,moving
3933701,1,1,1,100,87,100,100,1,17,100,88,22,5,4,3,7,5,0,0,100,100,67,50,29,15,13,0,1,1788048704.9570427,G1,T02,angolo_060,1,moving
3933901,1,1,1,94,94,100,100,1,67,100,100,39,15,15,13,10,5,0,0,100,100,67,50,29,15,12,0,1,1788048705.1574259,G1,T02,angolo_060,1,moving
3934101,1,1,1,76,98,86,100,1,26,86,31,24,6,5,1,7,4,0,0,100,100,65,50,28,14,12,0,1,1788048705.3569593,G1,T02,angolo_060,1,moving
3934301,1,1,1,87,117,100,100,1,44,100,92,14,13,12,6,4,3,0,0,100,100,66,50,28,15,12,0,1,1788048705.557446,G1,T02,angolo_060,1,moving
3934501,1,1,1,84,88,100,100,1,90,100,100,22,11,7,9,11,8,0,0,100,100,64,47,27,15,12,0,1,1788048705.7571223,G1,T02,angolo_060,1,moving
3934701,1,1,1,94,89,100,100,1,60,100,100,59,11,10,6,5,4,0,0,100,100,65,47,26,15,11,0,1,1788048705.9574344,G1,T02,angolo_060,1,moving
3934901,1,1,1,101,94,100,100,1,26,100,100,23,6,12,9,9,5,0,0,100,100,65,49,25,16,11,0,1,1788048706.1575758,G1,T02,angolo_060,1,moving
3935101,1,1,1,94,93,100,100,1,21,100,100,9,7,17,7,7,5,0,0,100,100,65,50,25,16,11,0,1,1788048706.3571746,G1,T02,angolo_060,1,moving
3935301,1,1,1,82,90,100,100,1,91,100,100,18,4,12,12,9,6,0,0,100,100,68,50,26,16,11,0,1,1788048706.557105,G1,T02,angolo_060,1,moving
3935501,1,1,1,87,91,100,100,1,18,100,100,20,7,7,2,9,3,0,0,100,100,69,50,26,16,11,0,1,1788048706.7575557,G1,T02,angolo_060,1,moving
3935701,1,1,1,94,134,100,100,1,36,100,100,13,4,10,5,2,3,0,0,100,100,69,50,26,16,11,0,1,1788048706.9570177,G1,T02,angolo_060,1,moving
3935901,1,1,1,82,98,100,100,1,100,100,100,17,14,7,11,11,4,0,0,100,100,70,51,26,17,11,0,1,1788048707.1569207,G1,T02,angolo_060,1,moving
3936101,1,1,1,96,88,100,100,1,96,100,100,55,15,13,5,4,2,0,0,100,100,71,52,26,17,11,0,1,1788048707.3569746,G1,T02,angolo_060,1,moving
3936301,1,1,1,96,93,100,100,1,20,100,100,21,7,11,2,1,7,0,0,100,100,69,51,26,17,11,0,1,1788048707.5574207,G1,T02,angolo_060,1,moving
3936501,1,1,1,90,104,100,100,1,14,100,100,26,18,13,5,4,4,0,0,100,100,72,51,25,17,11,0,1,1788048707.7571187,G1,T02,angolo_060,1,moving
3936701,1,1,1,86,84,100,100,1,100,100,100,7,4,6,11,8,5,0,0,100,100,69,49,25,17,11,0,1,1788048707.9575055,G1,T02,angolo_060,1,moving
3936901,1,1,1,83,110,69,100,1,27,69,43,19,1,4,1,7,6,0,0,100,100,67,49,25,16,12,0,1,1788048708.1571834,G1,T02,angolo_060,1,moving
3937101,1,1,1,82,103,86,100,1,32,86,50,36,12,12,6,5,5,0,0,100,100,67,50,25,16,11,0,1,1788048708.3573387,G1,T02,angolo_060,1,moving
3937301,1,1,1,87,103,100,100,1,44,100,100,15,18,9,9,11,5,0,0,100,100,68,50,25,18,12,0,1,1788048708.5574179,G1,T02,angolo_060,1,moving
3937501,1,1,1,94,87,100,100,1,68,100,100,46,14,11,1,2,3,0,0,100,100,69,49,25,18,12,0,1,1788048708.7571912,G1,T02,angolo_060,1,moving
3937701,1,1,1,110,90,100,100,1,30,100,100,43,11,12,6,3,5,0,0,100,100,71,50,25,19,12,0,1,1788048708.9575286,G1,T02,angolo_060,1,moving
3937901,1,1,1,90,83,100,100,1,52,100,100,19,12,12,5,7,7,0,0,100,100,71,50,24,18,12,0,1,1788048709.1574578,G1,T02,angolo_060,1,moving
3938101,1,1,1,89,99,100,100,1,26,100,100,44,4,12,3,12,7,0,0,100,100,71,50,25,19,13,0,1,1788048709.3569796,G1,T02,angolo_060,1,moving
3938301,1,1,1,86,86,99,100,1,43,99,70,40,10,10,2,7,3,0,0,100,100,71,50,24,18,13,0,1,1788048709.5571108,G1,T02,angolo_060,1,moving
3938501,1,1,1,91,71,100,100,1,37,100,100,27,14,3,4,7,5,0,0,100,100,72,50,24,17,13,0,1,1788048709.7574522,G1,T02,angolo_060,1,moving
3938701,1,1,1,91,94,100,100,1,72,100,100,10,11,14,9,13,3,0,0,100,100,72,50,24,18,13,0,1,1788048709.9571445,G1,T02,angolo_060,1,moving
3938901,1,1,1,104,83,100,100,1,43,100,100,35,3,9,1,5,7,0,0,100,100,70,49,25,17,14,0,1,1788048710.157413,G1,T02,angolo_060,1,moving
3939101,1,1,1,91,78,100,100,1,49,100,100,14,8,10,1,2,5,0,0,100,100,70,47,23,17,14,0,1,1788048710.3566895,G1,T02,angolo_060,1,moving
3939301,1,1,1,90,106,100,100,1,87,100,100,25,4,3,1,1,7,0,0,100,100,69,46,22,17,13,0,1,1788048710.5570903,G1,T02,angolo_060,1,moving
3939501,1,1,1,90,90,100,100,1,47,100,100,29,9,13,2,6,4,0,0,100,100,68,49,23,17,13,0,1,1788048710.75754,G1,T02,angolo_060,1,moving
3939701,1,1,1,84,88,85,100,1,16,85,46,12,10,3,3,6,6,0,0,100,100,70,49,21,17,13,0,1,1788048710.957383,G1,T02,angolo_060,1,moving
3939901,1,1,1,95,93,100,100,1,31,100,100,28,18,9,5,4,5,0,0,100,100,68,47,20,16,13,0,1,1788048711.1573365,G1,T02,angolo_060,1,moving
3940101,1,1,1,90,90,74,100,1,18,40,74,47,29,10,2,6,5,0,0,100,100,70,47,20,16,13,0,1,1788048711.3573408,G1,T02,angolo_060,1,moving
3940301,1,1,1,71,97,77,100,1,23,77,11,44,4,7,3,4,7,0,0,100,100,71,48,21,16,12,0,1,1788048711.5565624,G1,T02,angolo_060,1,moving
3940501,1,1,1,100,89,100,100,1,49,100,100,19,7,7,3,1,5,0,0,100,100,69,48,21,17,13,0,1,1788048711.7572873,G1,T02,angolo_060,1,moving
3940701,1,1,1,89,75,100,100,1,43,100,100,17,14,6,3,10,7,0,0,100,100,71,50,20,17,13,0,1,1788048711.9572356,G1,T02,angolo_060,1,moving
3940901,1,1,1,89,80,100,100,1,64,100,100,23,31,9,3,5,6,0,0,100,100,77,50,21,18,13,0,1,1788048712.1571708,G1,T02,angolo_060,1,moving
3941101,1,1,1,86,90,69,100,1,15,69,41,13,10,6,2,6,5,0,0,100,100,77,48,20,18,13,0,1,1788048712.3570118,G1,T02,angolo_060,1,moving
3941301,1,1,1,83,93,100,100,1,71,100,100,24,9,1,4,10,7,0,0,100,100,74,47,19,18,13,0,1,1788048712.5574152,G1,T02,angolo_060,1,moving
3941501,1,1,1,93,90,100,100,1,62,100,100,27,4,8,10,7,3,0,0,100,100,69,47,21,17,13,0,1,1788048712.7569149,G1,T02,angolo_060,1,moving
3941701,1,0,1,0,93,0,100,1,19,33,11,27,12,11,4,4,6,0,0,100,100,70,45,20,17,13,0,1,1788048712.9571078,G1,T02,angolo_060,1,moving
3941901,1,1,1,94,94,100,100,1,18,100,100,28,16,8,8,11,5,0,0,100,100,70,45,21,17,13,0,1,1788048713.1573622,G1,T02,angolo_060,1,moving
3942101,1,1,1,82,83,100,100,1,100,100,100,39,15,5,7,9,6,0,0,100,100,71,44,21,16,13,0,1,1788048713.357193,G1,T02,angolo_060,1,moving
3942301,1,1,1,97,94,100,100,1,48,100,100,29,10,10,9,9,2,0,0,100,100,72,44,22,17,13,0,1,1788048713.5571485,G1,T02,angolo_060,1,moving
3942501,1,1,1,99,119,100,100,1,32,100,100,33,11,7,6,5,8,0,0,100,100,71,44,22,17,13,0,1,1788048713.7569897,G1,T02,angolo_060,1,moving
3942701,1,1,1,89,83,100,100,1,26,100,100,18,6,15,10,9,3,0,0,100,100,70,45,23,17,13,0,1,1788048713.9575732,G1,T02,angolo_060,1,moving
3942901,1,1,1,94,99,100,100,1,67,100,100,50,18,8,5,7,6,0,0,100,100,73,45,23,17,13,0,1,1788048714.157171,G1,T02,angolo_060,1,moving
3943101,1,1,1,79,88,100,100,1,32,100,58,23,9,6,6,5,6,0,0,100,100,73,44,23,17,13,0,1,1788048714.3566666,G1,T02,angolo_060,1,moving
3943301,1,1,1,90,88,100,100,1,82,100,100,20,10,5,6,4,7,0,0,100,100,73,46,23,16,13,0,1,1788048714.5576973,G1,T02,angolo_060,1,moving
3943501,1,1,1,100,87,100,100,1,28,100,100,37,15,3,5,4,7,0,0,100,100,73,44,23,16,13,0,1,1788048714.7575867,G1,T02,angolo_060,1,moving
3943701,1,1,1,135,94,56,100,1,21,43,56,26,3,7,2,4,5,0,0,100,100,72,44,23,16,13,0,1,1788048714.9574912,G1,T02,angolo_060,1,moving
3943901,1,1,1,86,99,100,100,1,32,100,100,12,12,2,6,8,7,0,0,100,100,71,44,23,16,13,0,1,1788048715.1573012,G1,T02,angolo_060,1,moving
