timestamp_ms,radar_presence,moving_target,stationary_target,moving_distance_cm,stationary_distance_cm,moving_energy,stationary_energy,pir_presence,energy2420_gate0,energy2420_gate1,energy2420_gate2,energy2420_gate3,energy2420_gate4,energy2420_gate5,energy2420_gate6,energy2420_gate7,energy2420_gate8,energy2420_gate9,energy2420_gate10,energy2420_gate11,energy2420_gate12,energy2420_gate13,energy2420_gate14,energy2420_gate15,frames_ok,dist_raw_cm,pc_time_s,group_id,trial_id,scenario,ground_truth_presence,ground_truth_state
1920,1,1,0,59,0,0,0,-1,109,153,8,25,13,8,5,5,9,13,13,25,37,61,52,25,1,59,1788704649.047502,G1,T03,fermo2420_1m,1,static
2120,1,1,0,59,0,0,0,-1,45,53,34,17,18,13,9,5,13,20,13,25,37,50,32,18,1,59,1788704649.2425082,G1,T03,fermo2420_1m,1,static
2320,1,1,0,59,0,0,0,-1,82,18,20,13,13,10,13,5,10,29,13,25,40,41,41,20,1,59,1788704649.4451377,G1,T03,fermo2420_1m,1,static
2520,1,1,0,59,0,0,0,-1,40,25,26,17,10,8,10,8,13,20,13,25,29,41,34,20,1,59,1788704649.644387,G1,T03,fermo2420_1m,1,static
2720,1,1,0,59,0,0,0,-1,136,80,10,45,9,9,5,13,17,29,13,25,40,41,34,13,1,59,1788704649.8442504,G1,T03,fermo2420_1m,1,static
2920,1,1,0,59,0,0,0,-1,117,113,37,25,9,5,5,8,25,20,13,25,29,41,34,20,1,59,1788704650.0443814,G1,T03,fermo2420_1m,1,static
3120,1,1,0,59,0,0,0,-1,85,53,16,16,13,5,8,8,10,20,13,25,29,52,34,25,1,59,1788704650.2442307,G1,T03,fermo2420_1m,1,static
3320,1,1,0,59,0,0,0,-1,221,89,72,10,10,13,5,4,13,29,18,32,40,50,34,25,1,59,1788704650.4443572,G1,T03,fermo2420_1m,1,static
3520,1,1,0,59,0,0,0,-1,68,41,85,9,16,5,9,8,8,13,13,18,40,50,34,20,1,59,1788704650.6441221,G1,T03,fermo2420_1m,1,static
3720,1,1,0,59,0,0,0,-1,37,25,106,9,16,8,5,13,13,20,13,25,40,41,34,20,1,59,1788704650.8448799,G1,T03,fermo2420_1m,1,static
3920,1,1,0,59,0,0,0,-1,106,53,37,5,10,8,5,13,17,29,10,18,29,41,34,17,1,59,1788704651.044328,G1,T03,fermo2420_1m,1,static
4120,1,1,0,59,0,0,0,-1,145,17,8,18,8,5,4,5,17,29,13,18,29,41,45,20,1,59,1788704651.2444215,G1,T03,fermo2420_1m,1,static
4320,1,1,0,59,0,0,0,-1,104,26,13,25,10,8,5,8,13,13,13,18,26,50,52,20,1,59,1788704651.4451191,G1,T03,fermo2420_1m,1,static
4520,1,1,0,59,0,0,0,-1,101,53,34,13,8,8,8,5,13,13,13,32,29,50,41,20,1,59,1788704651.6450367,G1,T03,fermo2420_1m,1,static
4720,1,1,0,59,0,0,0,-1,85,20,53,5,20,13,5,5,10,20,8,25,29,50,34,20,1,59,1788704651.8443105,G1,T03,fermo2420_1m,1,static
4920,1,1,0,59,0,0,0,-1,53,20,65,13,20,5,5,5,8,20,8,32,40,50,45,20,1,59,1788704652.0448523,G1,T03,fermo2420_1m,1,static
5120,1,1,0,59,0,0,0,-1,52,117,17,10,16,4,5,10,17,20,8,32,29,41,34,20,1,59,1788704652.244185,G1,T03,fermo2420_1m,1,static
5320,1,1,0,59,0,0,0,-1,52,49,20,18,8,8,5,10,10,20,8,25,26,32,34,20,1,59,1788704652.444362,G1,T03,fermo2420_1m,1,static
5520,1,1,0,59,0,0,0,-1,52,68,41,8,5,5,5,5,13,20,8,25,26,41,41,25,1,59,1788704652.6446488,G1,T03,fermo2420_1m,1,static
5720,1,1,0,59,0,0,0,-1,157,61,37,10,9,8,9,5,10,25,13,25,26,41,41,34,1,59,1788704652.8440993,G1,T03,fermo2420_1m,1,static
5920,1,1,0,59,0,0,0,-1,74,20,13,10,16,5,5,5,10,25,13,18,29,41,41,25,1,59,1788704653.0449328,G1,T03,fermo2420_1m,1,static
6120,1,1,0,59,0,0,0,-1,98,65,61,17,20,10,9,8,13,20,18,25,29,41,34,29,1,59,1788704653.2448554,G1,T03,fermo2420_1m,1,static
6320,1,1,0,59,0,0,0,-1,164,98,34,5,9,8,8,8,13,13,8,25,29,41,34,25,1,59,1788704653.4448173,G1,T03,fermo2420_1m,1,static
6520,1,1,0,59,0,0,0,-1,81,32,13,5,13,8,4,13,10,20,8,25,29,50,34,25,1,59,1788704653.6442676,G1,T03,fermo2420_1m,1,static
6720,1,1,0,59,0,0,0,-1,212,90,25,17,9,9,5,5,10,20,8,34,34,50,34,20,1,59,1788704653.8448286,G1,T03,fermo2420_1m,1,static
6920,1,1,0,59,0,0,0,-1,25,34,10,8,9,5,5,8,9,20,13,25,29,50,41,20,1,59,1788704654.0439801,G1,T03,fermo2420_1m,1,static
7120,1,1,0,59,0,0,0,-1,97,81,29,13,10,5,5,13,13,20,8,25,17,41,34,20,1,59,1788704654.2450523,G1,T03,fermo2420_1m,1,static
7320,1,1,0,59,0,0,0,-1,145,100,10,13,17,10,5,10,13,25,13,32,37,52,34,20,1,59,1788704654.4448318,G1,T03,fermo2420_1m,1,static
7520,1,1,0,59,0,0,0,-1,169,145,52,13,13,10,5,8,20,20,8,25,29,52,34,20,1,59,1788704654.6449304,G1,T03,fermo2420_1m,1,static
7720,1,1,0,59,0,0,0,-1,245,34,29,20,20,13,8,5,10,20,10,25,29,52,41,13,1,59,1788704654.8452623,G1,T03,fermo2420_1m,1,static
7920,1,1,0,58,0,0,0,-1,250,404,97,8,13,8,8,5,8,20,18,32,29,32,34,18,1,58,1788704655.044214,G1,T03,fermo2420_1m,1,static
8120,1,1,0,58,0,0,0,-1,185,68,10,13,10,8,10,5,8,13,10,25,29,41,34,20,1,58,1788704655.244444,G1,T03,fermo2420_1m,1,static
8320,1,1,0,58,0,0,0,-1,145,113,53,25,8,17,5,10,17,20,13,18,26,32,34,20,1,58,1788704655.4452984,G1,T03,fermo2420_1m,1,static
8520,1,1,0,60,0,0,0,-1,68,52,29,13,17,5,5,9,13,13,13,32,29,41,34,20,1,60,1788704655.6442783,G1,T03,fermo2420_1m,1,static
8720,1,1,0,60,0,0,0,-1,85,25,25,9,17,8,10,5,8,13,13,32,26,41,34,25,1,60,1788704655.844783,G1,T03,fermo2420_1m,1,static
8920,1,1,0,52,0,0,0,-1,169,229,32,18,10,13,10,10,5,20,13,25,26,34,34,25,1,52,1788704656.045302,G1,T03,fermo2420_1m,1,static
9120,1,1,0,52,0,0,0,-1,52,41,20,13,13,10,5,10,10,20,13,25,26,34,34,29,1,52,1788704656.2449121,G1,T03,fermo2420_1m,1,static
9320,1,1,0,52,0,0,0,-1,65,25,20,29,8,10,5,13,17,20,13,25,26,41,29,26,1,52,1788704656.4449575,G1,T03,fermo2420_1m,1,static
9520,1,1,0,52,0,0,0,-1,100,68,10,13,10,5,5,18,16,25,8,25,29,41,34,25,1,52,1788704656.6447897,G1,T03,fermo2420_1m,1,static
9720,1,1,0,52,0,0,0,-1,50,10,20,18,10,5,5,9,10,13,10,25,29,41,41,25,1,52,1788704656.8442607,G1,T03,fermo2420_1m,1,static
9920,1,1,0,52,0,0,0,-1,98,74,61,26,8,10,9,5,13,26,13,25,29,50,41,25,1,52,1788704657.0450566,G1,T03,fermo2420_1m,1,static
10120,1,1,0,52,0,0,0,-1,80,65,5,25,10,5,5,8,13,29,18,20,20,41,34,25,1,52,1788704657.2424495,G1,T03,fermo2420_1m,1,static
10320,1,1,0,52,0,0,0,-1,40,64,164,10,8,5,5,8,13,17,13,25,29,41,34,25,1,52,1788704657.445155,G1,T03,fermo2420_1m,1,static
10520,1,1,0,52,0,0,0,-1,116,80,61,13,8,9,5,5,13,10,10,18,29,41,41,20,1,52,1788704657.6450367,G1,T03,fermo2420_1m,1,static
10720,1,1,0,52,0,0,0,-1,196,116,100,8,8,10,8,13,17,29,18,18,29,41,34,20,1,52,1788704657.8452525,G1,T03,fermo2420_1m,1,static
10920,1,1,0,52,0,0,0,-1,265,106,8,25,8,5,8,9,10,9,10,25,29,41,41,25,1,52,1788704658.0442314,G1,T03,fermo2420_1m,1,static
11120,1,1,0,52,0,0,0,-1,52,29,49,25,9,5,5,9,10,20,10,25,29,41,34,20,1,52,1788704658.2447639,G1,T03,fermo2420_1m,1,static
11320,1,1,0,52,0,0,0,-1,125,130,82,10,16,5,9,13,13,20,10,20,29,41,34,25,1,52,1788704658.4453602,G1,T03,fermo2420_1m,1,static
11520,1,1,0,52,0,0,0,-1,169,89,32,9,17,8,5,9,10,25,13,25,40,50,34,25,1,52,1788704658.6452525,G1,T03,fermo2420_1m,1,static
11720,1,1,0,52,0,0,0,-1,61,25,13,8,25,5,10,8,10,25,18,25,29,50,34,20,1,52,1788704658.8451438,G1,T03,fermo2420_1m,1,static
11920,1,1,0,52,0,0,0,-1,40,13,13,10,9,9,5,5,8,17,8,25,40,41,45,20,1,52,1788704659.0441298,G1,T03,fermo2420_1m,1,static
12120,1,1,0,52,0,0,0,-1,100,32,29,13,13,8,10,8,8,20,5,18,29,41,45,29,1,52,1788704659.2452903,G1,T03,fermo2420_1m,1,static
12320,1,1,0,52,0,0,0,-1,65,25,34,5,9,5,5,8,8,20,13,25,45,50,45,20,1,52,1788704659.444501,G1,T03,fermo2420_1m,1,static
12520,1,1,0,52,0,0,0,-1,146,53,10,10,25,9,8,8,13,20,13,25,34,41,50,25,1,52,1788704659.644762,G1,T03,fermo2420_1m,1,static
12720,1,1,0,52,0,0,0,-1,58,130,65,13,13,8,10,8,8,20,13,25,40,41,34,20,1,52,1788704659.8449688,G1,T03,fermo2420_1m,1,static
12920,1,1,0,52,0,0,0,-1,208,53,32,18,5,5,8,9,13,25,13,25,29,41,34,20,1,52,1788704660.0441573,G1,T03,fermo2420_1m,1,static
13120,1,1,0,52,0,0,0,-1,73,37,45,10,5,10,5,8,13,25,5,20,29,41,34,25,1,52,1788704660.2423217,G1,T03,fermo2420_1m,1,static
13320,1,1,0,52,0,0,0,-1,146,10,26,25,10,4,5,8,10,20,10,18,29,41,34,20,1,52,1788704660.4453201,G1,T03,fermo2420_1m,1,static
13520,1,1,0,52,0,0,0,-1,148,97,89,13,5,9,9,8,13,34,13,25,29,41,41,20,1,52,1788704660.6449614,G1,T03,fermo2420_1m,1,static
13720,1,1,0,52,0,0,0,-1,68,89,41,10,20,5,9,13,10,20,13,25,29,41,34,20,1,52,1788704660.845344,G1,T03,fermo2420_1m,1,static
13920,1,1,0,52,0,0,0,-1,61,29,65,25,5,5,5,10,9,20,13,25,29,50,34,25,1,52,1788704661.044966,G1,T03,fermo2420_1m,1,static
14120,1,1,0,52,0,0,0,-1,85,41,65,13,10,8,10,5,18,20,13,25,40,41,34,25,1,52,1788704661.2453775,G1,T03,fermo2420_1m,1,static
14320,1,1,0,52,0,0,0,-1,36,13,50,5,5,10,10,8,13,25,13,18,40,50,45,29,1,52,1788704661.4452686,G1,T03,fermo2420_1m,1,static
14520,1,1,0,52,0,0,0,-1,40,40,10,20,5,10,5,8,18,13,13,18,26,41,34,20,1,52,1788704661.6446826,G1,T03,fermo2420_1m,1,static
14720,1,1,0,52,0,0,0,-1,160,40,116,26,16,4,5,8,10,13,13,18,29,41,34,20,1,52,1788704661.8422523,G1,T03,fermo2420_1m,1,static
14920,1,1,0,52,0,0,0,-1,74,13,45,13,17,10,9,18,17,25,13,18,29,41,34,20,1,52,1788704662.044975,G1,T03,fermo2420_1m,1,static
15120,1,1,0,52,0,0,0,-1,109,117,9,26,16,5,5,8,10,20,13,18,34,50,52,20,1,52,1788704662.245184,G1,T03,fermo2420_1m,1,static
15320,1,1,0,52,0,0,0,-1,50,41,45,8,9,8,8,13,10,20,8,18,29,41,34,20,1,52,1788704662.4452493,G1,T03,fermo2420_1m,1,static
15520,1,1,0,52,0,0,0,-1,104,100,18,18,9,10,5,8,10,20,13,18,29,50,34,25,1,52,1788704662.6450827,G1,T03,fermo2420_1m,1,static
15720,1,1,0,52,0,0,0,-1,74,17,18,13,9,10,5,8,10,20,13,18,26,41,34,25,1,52,1788704662.8448246,G1,T03,fermo2420_1m,1,static
15920,1,1,0,52,0,0,0,-1,74,17,53,32,10,16,5,8,13,20,10,18,29,41,45,20,1,52,1788704663.0454502,G1,T03,fermo2420_1m,1,static
16120,1,1,0,52,0,0,0,-1,229,53,61,40,5,17,5,5,8,13,5,25,29,41,34,20,1,52,1788704663.2451644,G1,T03,fermo2420_1m,1,static
16320,1,1,0,52,0,0,0,-1,122,25,10,17,8,10,8,5,10,13,13,25,29,41,34,20,1,52,1788704663.4454951,G1,T03,fermo2420_1m,1,static
16520,1,1,0,52,0,0,0,-1,65,45,10,16,10,8,8,8,10,20,13,25,34,41,41,20,1,52,1788704663.6446252,G1,T03,fermo2420_1m,1,static
16720,1,1,0,52,0,0,0,-1,65,37,73,10,13,8,13,8,13,20,8,25,34,41,34,17,1,52,1788704663.844693,G1,T03,fermo2420_1m,1,static
16920,1,1,0,52,0,0,0,-1,116,34,53,10,13,10,5,8,13,20,8,18,29,41,34,20,1,52,1788704664.0447395,G1,T03,fermo2420_1m,1,static
17120,1,1,0,52,0,0,0,-1,41,17,9,29,9,8,8,5,13,13,10,18,29,50,34,25,1,52,1788704664.2450771,G1,T03,fermo2420_1m,1,static
17320,1,1,0,52,0,0,0,-1,34,16,17,9,13,10,4,5,13,20,13,18,26,50,41,25,1,52,1788704664.4444883,G1,T03,fermo2420_1m,1,static
17520,1,1,0,52,0,0,0,-1,97,34,34,13,13,5,5,10,13,20,8,18,34,41,34,25,1,52,1788704664.6447592,G1,T03,fermo2420_1m,1,static
17720,1,1,0,52,0,0,0,-1,106,34,17,18,16,10,5,9,18,17,8,13,29,41,34,20,1,52,1788704664.8455968,G1,T03,fermo2420_1m,1,static
17920,1,1,0,52,0,0,0,-1,50,25,52,37,17,8,5,13,10,20,8,18,29,41,34,25,1,52,1788704665.0454228,G1,T03,fermo2420_1m,1,static
18120,1,1,0,52,0,0,0,-1,116,65,52,37,20,8,4,5,10,18,5,18,29,41,34,25,1,52,1788704665.2455127,G1,T03,fermo2420_1m,1,static
18320,1,1,0,52,0,0,0,-1,61,16,20,61,5,5,9,5,13,25,8,18,40,41,34,34,1,52,1788704665.445195,G1,T03,fermo2420_1m,1,static
18520,1,1,0,52,0,0,0,-1,101,50,104,9,13,5,5,13,10,25,10,25,40,41,34,29,1,52,1788704665.6450913,G1,T03,fermo2420_1m,1,static
18720,1,1,0,52,0,0,0,-1,65,40,72,26,13,5,8,13,10,20,13,25,40,41,45,34,1,52,1788704665.8449547,G1,T03,fermo2420_1m,1,static
18920,1,1,0,52,0,0,0,-1,98,34,17,17,16,10,10,8,13,20,10,18,40,41,34,29,1,52,1788704666.0449102,G1,T03,fermo2420_1m,1,static
19120,1,1,0,52,0,0,0,-1,85,37,100,26,5,8,5,8,13,20,13,25,29,41,34,20,1,52,1788704666.245169,G1,T03,fermo2420_1m,1,static
19320,1,1,0,52,0,0,0,-1,117,113,68,16,10,5,5,10,10,25,13,25,29,41,34,20,1,52,1788704666.4451404,G1,T03,fermo2420_1m,1,static
19520,1,1,0,52,0,0,0,-1,68,20,17,20,9,5,5,13,9,25,13,34,29,41,34,20,1,52,1788704666.6448874,G1,T03,fermo2420_1m,1,static
19720,1,1,0,52,0,0,0,-1,85,34,50,10,13,10,5,10,10,20,13,18,29,41,45,20,1,52,1788704666.845288,G1,T03,fermo2420_1m,1,static
19920,1,1,0,52,0,0,0,-1,80,26,20,8,13,10,9,10,10,25,13,18,29,41,34,25,1,52,1788704667.0448644,G1,T03,fermo2420_1m,1,static
20120,1,1,0,52,0,0,0,-1,65,52,68,9,18,5,4,10,10,20,13,25,20,41,45,25,1,52,1788704667.2454531,G1,T03,fermo2420_1m,1,static
20320,1,1,0,52,0,0,0,-1,113,32,10,25,5,5,5,5,16,20,13,25,34,32,34,25,1,52,1788704667.4451463,G1,T03,fermo2420_1m,1,static
20520,1,1,0,52,0,0,0,-1,185,73,26,9,10,5,5,13,16,20,13,25,34,41,45,25,1,52,1788704667.6457899,G1,T03,fermo2420_1m,1,static
20720,1,1,0,52,0,0,0,-1,82,61,50,5,13,10,5,13,13,20,8,25,34,41,45,20,1,52,1788704667.8451636,G1,T03,fermo2420_1m,1,static
20920,1,1,0,52,0,0,0,-1,40,16,20,26,10,5,8,8,13,25,8,25,29,41,34,25,1,52,1788704668.0451174,G1,T03,fermo2420_1m,1,static
21120,1,1,0,52,0,0,0,-1,50,20,20,20,5,10,8,9,17,20,13,32,29,41,34,25,1,52,1788704668.24571,G1,T03,fermo2420_1m,1,static
21320,1,1,0,52,0,0,0,-1,130,29,100,8,10,5,8,10,8,20,13,25,29,50,34,25,1,52,1788704668.445175,G1,T03,fermo2420_1m,1,static
21520,1,1,0,52,0,0,0,-1,205,50,40,17,13,8,8,5,10,20,13,25,26,41,45,34,1,52,1788704668.6452208,G1,T03,fermo2420_1m,1,static
21720,1,1,0,52,0,0,0,-1,29,17,41,5,9,5,8,9,13,20,13,18,29,41,34,29,1,52,1788704668.8448932,G1,T03,fermo2420_1m,1,static
21920,1,1,0,52,0,0,0,-1,185,68,17,16,8,10,9,8,13,20,10,25,40,50,34,25,1,52,1788704669.0452273,G1,T03,fermo2420_1m,1,static
22120,1,1,0,52,0,0,0,-1,137,68,61,13,10,10,5,9,10,17,10,25,40,50,45,25,1,52,1788704669.2443054,G1,T03,fermo2420_1m,1,static
22320,1,1,0,52,0,0,0,-1,80,26,53,26,10,13,5,5,10,20,13,32,29,41,41,25,1,52,1788704669.445197,G1,T03,fermo2420_1m,1,static
22520,1,1,0,52,0,0,0,-1,26,8,49,16,17,10,5,8,10,20,13,32,29,41,34,25,1,52,1788704669.645247,G1,T03,fermo2420_1m,1,static
22720,1,1,0,52,0,0,0,-1,41,20,13,29,10,9,8,17,8,13,13,25,29,41,34,20,1,52,1788704669.8450732,G1,T03,fermo2420_1m,1,static
22920,1,1,0,52,0,0,0,-1,200,85,90,10,10,10,5,10,13,18,8,18,29,41,41,20,1,52,1788704670.045254,G1,T03,fermo2420_1m,1,static
23120,1,1,0,52,0,0,0,-1,97,25,61,9,9,10,8,10,17,20,8,18,29,41,34,18,1,52,1788704670.244921,G1,T03,fermo2420_1m,1,static
23320,1,1,0,52,0,0,0,-1,146,25,13,9,17,10,5,5,13,20,8,13,29,41,34,25,1,52,1788704670.4452045,G1,T03,fermo2420_1m,1,static
23520,1,1,0,52,0,0,0,-1,64,13,53,13,5,10,8,13,13,17,5,20,29,41,25,20,1,52,1788704670.6449285,G1,T03,fermo2420_1m,1,static
23720,1,1,0,52,0,0,0,-1,125,29,81,8,10,8,8,8,13,17,13,25,29,41,41,20,1,52,1788704670.845548,G1,T03,fermo2420_1m,1,static
23920,1,1,0,52,0,0,0,-1,145,41,13,5,17,10,5,10,8,25,17,25,29,41,34,20,1,52,1788704671.0458825,G1,T03,fermo2420_1m,1,static
24120,1,1,0,52,0,0,0,-1,82,50,8,17,20,10,5,8,13,25,8,25,29,41,34,20,1,52,1788704671.245011,G1,T03,fermo2420_1m,1,static
24320,1,1,0,52,0,0,0,-1,170,113,10,37,17,10,13,8,13,17,8,25,29,41,34,20,1,52,1788704671.4459958,G1,T03,fermo2420_1m,1,static
24520,1,1,0,52,0,0,0,-1,45,20,136,10,8,10,5,5,13,17,8,25,29,32,34,20,1,52,1788704671.645649,G1,T03,fermo2420_1m,1,static
24720,1,1,0,52,0,0,0,-1,82,26,10,8,8,5,5,5,8,20,8,25,29,41,41,25,1,52,1788704671.8451035,G1,T03,fermo2420_1m,1,static
24920,1,1,0,52,0,0,0,-1,85,50,13,5,8,9,8,10,10,20,5,25,29,41,41,25,1,52,1788704672.045394,G1,T03,fermo2420_1m,1,static
25120,1,1,0,52,0,0,0,-1,90,20,9,10,5,10,5,8,13,20,5,18,29,50,41,25,1,52,1788704672.2448096,G1,T03,fermo2420_1m,1,static
25320,1,1,0,52,0,0,0,-1,225,65,10,10,5,5,5,5,13,25,13,18,29,41,34,25,1,52,1788704672.445268,G1,T03,fermo2420_1m,1,static
25520,1,1,0,52,0,0,0,-1,109,25,5,13,13,13,5,8,10,20,8,18,40,50,45,20,1,52,1788704672.6453195,G1,T03,fermo2420_1m,1,static
25720,1,1,0,52,0,0,0,-1,53,25,9,25,16,10,8,10,10,20,8,18,29,41,40,20,1,52,1788704672.8451805,G1,T03,fermo2420_1m,1,static
25920,1,1,0,52,0,0,0,-1,65,20,16,34,9,5,5,13,8,20,13,32,29,41,45,20,1,52,1788704673.0456848,G1,T03,fermo2420_1m,1,static
26120,1,1,0,52,0,0,0,-1,50,40,26,8,20,5,9,16,10,20,13,25,29,41,45,25,1,52,1788704673.2449653,G1,T03,fermo2420_1m,1,static
26320,1,1,0,52,0,0,0,-1,173,52,41,10,13,5,5,8,13,20,13,25,29,50,45,34,1,52,1788704673.4459033,G1,T03,fermo2420_1m,1,static
26520,1,1,0,52,0,0,0,-1,113,26,61,58,10,5,8,10,10,25,13,18,29,32,34,20,1,52,1788704673.6456652,G1,T03,fermo2420_1m,1,static
26720,1,1,0,52,0,0,0,-1,157,85,17,40,8,5,10,13,10,13,9,13,29,41,41,25,1,52,1788704673.8450367,G1,T03,fermo2420_1m,1,static
26920,1,1,0,52,0,0,0,-1,73,45,61,5,13,13,5,13,10,13,10,20,20,41,52,25,1,52,1788704674.0452366,G1,T03,fermo2420_1m,1,static
27120,1,1,0,52,0,0,0,-1,52,32,25,26,9,17,5,13,13,25,13,32,29,41,34,25,1,52,1788704674.2455783,G1,T03,fermo2420_1m,1,static
27320,1,1,0,52,0,0,0,-1,106,25,50,20,17,10,4,8,10,25,18,25,29,41,34,20,1,52,1788704674.445275,G1,T03,fermo2420_1m,1,static
27520,1,1,0,52,0,0,0,-1,53,25,65,18,17,5,5,8,9,25,10,18,29,32,34,25,1,52,1788704674.6452165,G1,T03,fermo2420_1m,1,static
27720,1,1,0,52,0,0,0,-1,208,97,20,13,9,13,5,8,9,32,13,18,29,32,29,25,1,52,1788704674.8453043,G1,T03,fermo2420_1m,1,static
27920,1,1,0,52,0,0,0,-1,100,25,10,13,10,10,9,13,5,25,10,25,26,32,41,25,1,52,1788704675.0457377,G1,T03,fermo2420_1m,1,static
28120,1,1,0,52,0,0,0,-1,89,32,40,32,9,10,5,8,13,20,13,25,26,50,45,25,1,52,1788704675.2457974,G1,T03,fermo2420_1m,1,static
28320,1,1,0,52,0,0,0,-1,89,25,13,61,5,10,8,9,13,20,18,20,20,41,52,25,1,52,1788704675.445301,G1,T03,fermo2420_1m,1,static
28520,1,1,0,52,0,0,0,-1,73,53,8,50,5,10,5,13,13,20,10,18,20,41,45,25,1,52,1788704675.6448824,G1,T03,fermo2420_1m,1,static
28720,1,1,0,52,0,0,0,-1,104,18,40,26,17,5,5,13,13,13,10,18,29,41,52,25,1,52,1788704675.8455315,G1,T03,fermo2420_1m,1,static
28920,1,1,0,52,0,0,0,-1,146,29,137,17,18,8,8,13,13,29,8,18,29,50,34,18,1,52,1788704676.0459287,G1,T03,fermo2420_1m,1,static
29120,1,1,0,52,0,0,0,-1,122,109,34,5,13,8,5,18,10,20,13,18,40,50,34,25,1,52,1788704676.2460659,G1,T03,fermo2420_1m,1,static
29320,1,1,0,52,0,0,0,-1,85,25,50,13,10,17,8,9,10,17,13,18,29,41,45,25,1,52,1788704676.4450078,G1,T03,fermo2420_1m,1,static
29520,1,1,0,52,0,0,0,-1,117,40,18,20,13,10,8,5,13,10,13,25,29,41,45,20,1,52,1788704676.6459026,G1,T03,fermo2420_1m,1,static
29720,1,1,0,52,0,0,0,-1,113,25,9,16,10,10,5,5,13,17,8,25,29,52,34,20,1,52,1788704676.8448436,G1,T03,fermo2420_1m,1,static
29920,1,1,0,52,0,0,0,-1,160,34,18,10,8,9,8,10,8,17,13,25,29,52,34,25,1,52,1788704677.0457382,G1,T03,fermo2420_1m,1,static
30120,1,1,0,52,0,0,0,-1,260,74,20,16,8,5,8,18,17,25,13,25,29,41,45,20,1,52,1788704677.245394,G1,T03,fermo2420_1m,1,static
30320,1,1,0,52,0,0,0,-1,53,34,32,25,10,8,5,13,10,34,13,18,29,41,41,20,1,52,1788704677.4451315,G1,T03,fermo2420_1m,1,static
30520,1,1,0,52,0,0,0,-1,68,32,17,13,13,5,5,5,9,20,13,32,34,50,45,25,1,52,1788704677.6450374,G1,T03,fermo2420_1m,1,static
30720,1,1,0,52,0,0,0,-1,104,50,85,10,10,5,10,5,13,20,13,25,29,50,52,25,1,52,1788704677.8460324,G1,T03,fermo2420_1m,1,static
30920,1,1,0,52,0,0,0,-1,121,61,73,5,13,10,10,10,13,20,13,18,29,50,52,25,1,52,1788704678.0460668,G1,T03,fermo2420_1m,1,static
31120,1,1,0,52,0,0,0,-1,41,29,40,17,20,10,10,10,17,20,13,18,29,50,41,25,1,52,1788704678.2460055,G1,T03,fermo2420_1m,1,static
31320,1,1,0,52,0,0,0,-1,149,100,16,34,10,8,9,10,10,29,13,25,20,32,41,25,1,52,1788704678.4460542,G1,T03,fermo2420_1m,1,static
31520,1,1,0,52,0,0,0,-1,157,52,20,25,10,5,8,10,17,20,5,25,40,50,34,25,1,52,1788704678.645954,G1,T03,fermo2420_1m,1,static
31720,1,1,0,52,0,0,0,-1,113,52,85,5,10,8,13,8,10,20,13,25,45,41,34,20,1,52,1788704678.8451095,G1,T03,fermo2420_1m,1,static
31920,1,1,0,52,0,0,0,-1,98,20,29,18,8,5,5,8,10,20,13,25,40,32,34,20,1,52,1788704679.0450258,G1,T03,fermo2420_1m,1,static
32120,1,1,0,52,0,0,0,-1,72,52,9,18,8,17,8,13,10,20,13,25,29,41,34,20,1,52,1788704679.2459466,G1,T03,fermo2420_1m,1,static
32320,1,1,0,52,0,0,0,-1,68,26,85,18,8,9,8,10,13,20,13,25,29,41,41,34,1,52,1788704679.4452837,G1,T03,fermo2420_1m,1,static
32520,1,1,0,52,0,0,0,-1,34,13,25,25,10,5,10,5,13,25,13,25,29,41,34,34,1,52,1788704679.6455112,G1,T03,fermo2420_1m,1,static
32720,1,1,0,52,0,0,0,-1,104,20,8,20,10,9,10,25,16,29,13,18,29,41,34,20,1,52,1788704679.845339,G1,T03,fermo2420_1m,1,static
32920,1,1,0,52,0,0,0,-1,101,34,106,13,13,9,8,13,17,34,13,18,29,41,34,20,1,52,1788704680.0460026,G1,T03,fermo2420_1m,1,static
33120,1,1,0,52,0,0,0,-1,137,41,10,10,13,8,5,5,10,25,13,18,26,41,34,20,1,52,1788704680.2457488,G1,T03,fermo2420_1m,1,static
33320,1,1,0,52,0,0,0,-1,97,52,64,34,9,13,5,13,9,20,13,25,26,41,34,25,1,52,1788704680.4460971,G1,T03,fermo2420_1m,1,static
33520,1,1,0,52,0,0,0,-1,101,36,13,16,5,17,5,8,13,20,13,18,26,41,34,20,1,52,1788704680.6457891,G1,T03,fermo2420_1m,1,static
33720,1,1,0,52,0,0,0,-1,45,18,9,20,10,10,5,13,13,20,8,25,29,45,41,20,1,52,1788704680.8462517,G1,T03,fermo2420_1m,1,static
33920,1,1,0,52,0,0,0,-1,145,20,16,20,10,10,8,10,10,20,13,25,29,52,41,20,1,52,1788704681.0458343,G1,T03,fermo2420_1m,1,static
34120,1,1,0,52,0,0,0,-1,137,85,45,8,5,10,8,8,13,20,18,25,29,61,34,20,1,52,1788704681.2451015,G1,T03,fermo2420_1m,1,static
34320,1,1,0,52,0,0,0,-1,212,36,20,10,8,5,9,8,13,20,18,25,29,41,34,25,1,52,1788704681.4456582,G1,T03,fermo2420_1m,1,static
34520,1,1,0,52,0,0,0,-1,162,13,146,8,8,10,8,5,10,20,13,20,29,41,34,25,1,52,1788704681.6451755,G1,T03,fermo2420_1m,1,static
34720,1,1,0,52,0,0,0,-1,52,29,16,10,20,5,8,5,13,20,13,25,29,41,34,20,1,52,1788704681.8452592,G1,T03,fermo2420_1m,1,static
34920,1,1,0,52,0,0,0,-1,101,80,26,17,10,9,5,5,13,29,13,18,29,41,41,20,1,52,1788704682.045358,G1,T03,fermo2420_1m,1,static
35120,1,1,0,52,0,0,0,-1,109,34,17,25,10,5,5,10,10,20,18,34,34,41,41,20,1,52,1788704682.2462013,G1,T03,fermo2420_1m,1,static
35320,1,1,0,52,0,0,0,-1,80,49,10,25,13,10,5,8,10,25,13,41,40,50,41,25,1,52,1788704682.446084,G1,T03,fermo2420_1m,1,static
35520,1,1,0,52,0,0,0,-1,72,32,10,25,10,10,8,13,17,34,13,20,29,41,41,25,1,52,1788704682.6461194,G1,T03,fermo2420_1m,1,static
35720,1,1,0,52,0,0,0,-1,89,65,29,13,13,10,5,8,17,25,13,20,29,41,41,25,1,52,1788704682.8460617,G1,T03,fermo2420_1m,1,static
35920,1,1,0,52,0,0,0,-1,73,18,29,29,13,17,8,8,13,20,13,25,29,41,34,25,1,52,1788704683.0460238,G1,T03,fermo2420_1m,1,static
36120,1,1,0,52,0,0,0,-1,53,10,104,26,8,10,8,9,9,18,10,18,29,41,34,20,1,52,1788704683.2453609,G1,T03,fermo2420_1m,1,static
36320,1,1,0,52,0,0,0,-1,85,37,18,45,8,5,9,5,5,25,13,18,29,50,41,25,1,52,1788704683.4455683,G1,T03,fermo2420_1m,1,static
36520,1,1,0,52,0,0,0,-1,106,50,26,18,8,10,5,5,13,25,8,18,29,41,41,25,1,52,1788704683.6460273,G1,T03,fermo2420_1m,1,static
36720,1,1,0,52,0,0,0,-1,205,82,52,25,8,5,5,8,13,20,8,18,40,41,41,25,1,52,1788704683.8456051,G1,T03,fermo2420_1m,1,static
36920,1,1,0,52,0,0,0,-1,61,40,20,20,10,13,9,10,18,17,8,25,29,41,41,20,1,52,1788704684.0458436,G1,T03,fermo2420_1m,1,static
37120,1,1,0,52,0,0,0,-1,82,40,10,18,25,8,5,8,13,26,13,18,26,41,34,20,1,52,1788704684.2456958,G1,T03,fermo2420_1m,1,static
37320,1,1,0,52,0,0,0,-1,194,18,61,18,13,9,8,8,10,20,13,25,29,41,41,18,1,52,1788704684.445994,G1,T03,fermo2420_1m,1,static
37520,1,1,0,52,0,0,0,-1,104,34,61,10,20,13,8,5,10,17,10,34,34,41,41,25,1,52,1788704684.646296,G1,T03,fermo2420_1m,1,static
37720,1,1,0,52,0,0,0,-1,90,65,117,5,16,5,8,8,10,17,8,25,20,41,41,25,1,52,1788704684.8461046,G1,T03,fermo2420_1m,1,static
37920,1,1,0,52,0,0,0,-1,106,16,37,9,9,10,5,5,18,17,9,18,29,41,34,20,1,52,1788704685.045857,G1,T03,fermo2420_1m,1,static
38120,1,1,0,52,0,0,0,-1,73,26,20,25,8,10,5,17,13,25,13,18,29,41,34,25,1,52,1788704685.2458491,G1,T03,fermo2420_1m,1,static
38320,1,1,0,52,0,0,0,-1,106,26,9,13,8,9,8,8,13,20,13,18,34,41,34,25,1,52,1788704685.4451673,G1,T03,fermo2420_1m,1,static
38520,1,1,0,52,0,0,0,-1,137,34,5,25,5,5,8,10,10,20,13,18,20,41,45,20,1,52,1788704685.6455376,G1,T03,fermo2420_1m,1,static
38720,1,1,0,52,0,0,0,-1,45,25,8,10,18,16,8,13,8,17,5,8,29,41,34,20,1,52,1788704685.845301,G1,T03,fermo2420_1m,1,static
38920,1,1,0,52,0,0,0,-1,98,34,34,8,13,9,5,5,13,20,13,18,29,41,41,20,1,52,1788704686.0459635,G1,T03,fermo2420_1m,1,static
39120,1,1,0,52,0,0,0,-1,61,26,13,5,9,9,5,5,13,20,13,18,29,41,41,25,1,52,1788704686.2455385,G1,T03,fermo2420_1m,1,static
39320,1,1,0,52,0,0,0,-1,74,20,68,13,13,9,8,8,13,20,13,25,29,41,25,20,1,52,1788704686.4460142,G1,T03,fermo2420_1m,1,static
39520,1,1,0,52,0,0,0,-1,221,97,65,8,13,5,8,9,13,20,10,18,29,41,25,20,1,52,1788704686.64586,G1,T03,fermo2420_1m,1,static
39720,1,1,0,52,0,0,0,-1,162,40,10,10,8,5,5,8,13,25,13,25,29,41,25,25,1,52,1788704686.845407,G1,T03,fermo2420_1m,1,static
39920,1,1,0,52,0,0,0,-1,100,18,145,20,17,5,8,5,13,17,8,25,29,41,34,25,1,52,1788704687.046041,G1,T03,fermo2420_1m,1,static
40120,1,1,0,52,0,0,0,-1,181,113,50,18,18,5,9,5,17,25,13,20,29,50,41,20,1,52,1788704687.2457502,G1,T03,fermo2420_1m,1,static
40320,1,1,0,52,0,0,0,-1,53,17,26,16,10,13,5,5,20,20,13,25,29,41,32,25,1,52,1788704687.4458153,G1,T03,fermo2420_1m,1,static
40520,1,1,0,52,0,0,0,-1,116,50,34,20,10,10,9,9,18,20,13,25,29,41,34,25,1,52,1788704687.646139,G1,T03,fermo2420_1m,1,static
40720,1,1,0,52,0,0,0,-1,104,25,25,8,9,8,5,5,17,20,13,18,29,41,34,20,1,52,1788704687.8453045,G1,T03,fermo2420_1m,1,static
40920,1,1,0,52,0,0,0,-1,82,20,34,13,13,5,5,10,10,20,8,13,29,41,34,20,1,52,1788704688.0461707,G1,T03,fermo2420_1m,1,static
41120,1,1,0,52,0,0,0,-1,104,113,34,10,8,5,5,8,10,20,13,25,29,41,34,29,1,52,1788704688.2460856,G1,T03,fermo2420_1m,1,static
41320,1,1,0,52,0,0,0,-1,125,61,8,9,13,13,5,8,10,29,13,25,29,41,34,29,1,52,1788704688.4460518,G1,T03,fermo2420_1m,1,static
41520,1,1,0,52,0,0,0,-1,106,16,97,9,5,10,8,8,10,20,13,18,29,41,34,25,1,52,1788704688.646109,G1,T03,fermo2420_1m,1,static
41720,1,1,0,52,0,0,0,-1,53,25,61,17,8,10,5,13,10,25,13,18,29,50,52,34,1,52,1788704688.8464499,G1,T03,fermo2420_1m,1,static
41920,1,1,0,52,0,0,0,-1,68,34,68,20,5,10,5,5,10,20,13,18,29,41,41,25,1,52,1788704689.046383,G1,T03,fermo2420_1m,1,static
42120,1,1,0,52,0,0,0,-1,157,90,53,34,13,5,5,8,13,20,13,13,20,32,34,25,1,52,1788704689.246274,G1,T03,fermo2420_1m,1,static
42320,1,1,0,52,0,0,0,-1,45,29,81,25,8,10,8,8,13,20,10,25,29,41,41,25,1,52,1788704689.4459362,G1,T03,fermo2420_1m,1,static
42520,1,1,0,52,0,0,0,-1,74,17,136,5,8,13,10,10,13,17,10,18,34,41,34,25,1,52,1788704689.6463773,G1,T03,fermo2420_1m,1,static
42720,1,1,0,52,0,0,0,-1,65,37,52,13,16,5,5,10,5,13,13,41,34,41,34,34,1,52,1788704689.846251,G1,T03,fermo2420_1m,1,static
42920,1,1,0,52,0,0,0,-1,53,16,40,17,10,5,5,13,17,20,13,25,26,41,34,34,1,52,1788704690.0455751,G1,T03,fermo2420_1m,1,static
43120,1,1,0,52,0,0,0,-1,122,29,16,8,10,5,5,10,10,17,5,25,20,41,34,34,1,52,1788704690.2456686,G1,T03,fermo2420_1m,1,static
43320,1,1,0,52,0,0,0,-1,101,37,45,5,13,13,5,10,10,20,13,25,29,41,34,34,1,52,1788704690.4455562,G1,T03,fermo2420_1m,1,static
43520,1,1,0,52,0,0,0,-1,85,16,74,8,8,5,5,20,25,25,10,18,29,32,34,34,1,52,1788704690.6461353,G1,T03,fermo2420_1m,1,static
43720,1,1,0,52,0,0,0,-1,61,45,50,8,18,5,8,13,13,25,13,18,29,41,34,29,1,52,1788704690.8455274,G1,T03,fermo2420_1m,1,static
43920,1,1,0,52,0,0,0,-1,160,45,25,8,9,5,5,10,13,25,13,18,29,50,45,29,1,52,1788704691.0462365,G1,T03,fermo2420_1m,1,static
44120,1,1,0,52,0,0,0,-1,89,81,85,17,13,10,8,13,13,20,8,18,29,50,45,29,1,52,1788704691.2462938,G1,T03,fermo2420_1m,1,static
44320,1,1,0,52,0,0,0,-1,72,20,10,8,13,9,8,13,13,20,8,18,29,41,25,34,1,52,1788704691.4460082,G1,T03,fermo2420_1m,1,static
44520,1,1,0,52,0,0,0,-1,200,64,17,13,16,5,5,13,9,20,13,25,29,41,34,29,1,52,1788704691.6464164,G1,T03,fermo2420_1m,1,static
44720,1,1,0,52,0,0,0,-1,117,25,37,20,8,13,8,13,10,25,13,18,26,41,41,20,1,52,1788704691.8465188,G1,T03,fermo2420_1m,1,static
44920,1,1,0,52,0,0,0,-1,74,17,72,10,13,13,8,9,10,25,13,25,26,41,41,25,1,52,1788704692.046326,G1,T03,fermo2420_1m,1,static
45120,1,1,0,52,0,0,0,-1,122,26,58,37,10,10,5,5,10,20,13,25,29,41,41,25,1,52,1788704692.2464037,G1,T03,fermo2420_1m,1,static
45320,1,1,0,52,0,0,0,-1,170,26,80,8,13,10,4,10,13,20,8,25,29,41,41,25,1,52,1788704692.445865,G1,T03,fermo2420_1m,1,static
45520,1,1,0,52,0,0,0,-1,157,82,45,9,10,5,5,13,13,20,13,25,29,41,34,25,1,52,1788704692.6463606,G1,T03,fermo2420_1m,1,static
45720,1,1,0,52,0,0,0,-1,50,25,109,5,5,10,5,13,8,13,10,18,29,41,34,34,1,52,1788704692.8460627,G1,T03,fermo2420_1m,1,static
45920,1,1,0,52,0,0,0,-1,130,34,20,25,10,10,4,5,13,20,13,25,29,41,34,25,1,52,1788704693.046454,G1,T03,fermo2420_1m,1,static
46120,1,1,0,52,0,0,0,-1,29,10,20,13,9,5,5,13,17,25,17,25,40,50,41,25,1,52,1788704693.2455611,G1,T03,fermo2420_1m,1,static
46320,1,1,0,52,0,0,0,-1,117,41,97,18,10,8,8,9,10,25,13,18,26,32,34,20,1,52,1788704693.4464438,G1,T03,fermo2420_1m,1,static
46520,1,1,0,52,0,0,0,-1,40,25,80,5,5,9,5,9,17,34,13,18,26,34,34,20,1,52,1788704693.6462255,G1,T03,fermo2420_1m,1,static
46720,1,1,0,52,0,0,0,-1,61,18,13,9,25,8,8,13,17,20,10,18,26,41,34,20,1,52,1788704693.846104,G1,T03,fermo2420_1m,1,static
46920,1,1,0,52,0,0,0,-1,65,68,20,5,13,10,5,10,8,20,10,18,26,41,34,20,1,52,1788704694.0461388,G1,T03,fermo2420_1m,1,static
47120,1,1,0,52,0,0,0,-1,17,41,100,5,13,10,5,13,13,20,13,25,34,41,34,34,1,52,1788704694.2456076,G1,T03,fermo2420_1m,1,static
47320,1,1,0,52,0,0,0,-1,265,74,5,13,5,5,5,9,10,20,10,25,29,41,34,25,1,52,1788704694.445888,G1,T03,fermo2420_1m,1,static
47520,1,1,0,52,0,0,0,-1,73,49,41,13,10,5,4,8,13,13,13,25,29,32,45,20,1,52,1788704694.6462684,G1,T03,fermo2420_1m,1,static
47720,1,1,0,52,0,0,0,-1,97,65,20,8,13,10,4,5,13,13,13,18,29,50,45,20,1,52,1788704694.8459146,G1,T03,fermo2420_1m,1,static
47920,1,1,0,52,0,0,0,-1,52,17,26,9,13,5,5,8,13,20,13,18,29,50,34,13,1,52,1788704695.046268,G1,T03,fermo2420_1m,1,static
48120,1,1,0,52,0,0,0,-1,109,65,80,8,13,10,8,8,8,13,10,18,29,41,34,20,1,52,1788704695.2461998,G1,T03,fermo2420_1m,1,static
48320,1,1,0,52,0,0,0,-1,104,65,37,8,10,5,5,10,13,25,5,18,40,41,34,25,1,52,1788704695.4463446,G1,T03,fermo2420_1m,1,static
48520,1,1,0,52,0,0,0,-1,34,18,10,8,8,8,10,9,13,25,9,18,29,41,34,20,1,52,1788704695.6462514,G1,T03,fermo2420_1m,1,static
48720,1,1,0,52,0,0,0,-1,85,20,13,13,10,8,5,5,8,18,10,25,29,52,41,25,1,52,1788704695.8463018,G1,T03,fermo2420_1m,1,static
48920,1,1,0,52,0,0,0,-1,68,18,18,13,5,8,8,5,13,18,10,18,29,41,34,20,1,52,1788704696.0463037,G1,T03,fermo2420_1m,1,static
49120,1,1,0,52,0,0,0,-1,40,32,13,8,8,10,8,8,16,25,10,18,26,41,34,20,1,52,1788704696.2461696,G1,T03,fermo2420_1m,1,static
49320,1,1,0,52,0,0,0,-1,97,40,10,8,9,10,8,8,5,20,13,18,29,41,34,25,1,52,1788704696.4457188,G1,T03,fermo2420_1m,1,static
49520,1,1,0,52,0,0,0,-1,65,85,13,13,13,5,8,8,10,25,13,13,29,41,34,20,1,52,1788704696.6464145,G1,T03,fermo2420_1m,1,static
49720,1,1,0,52,0,0,0,-1,85,29,61,29,5,8,5,13,10,25,13,18,29,41,34,20,1,52,1788704696.845574,G1,T03,fermo2420_1m,1,static
49920,1,1,0,52,0,0,0,-1,146,73,34,10,5,9,5,5,10,10,5,18,29,41,45,20,1,52,1788704697.0459945,G1,T03,fermo2420_1m,1,static
50120,1,1,0,52,0,0,0,-1,146,52,40,10,17,5,5,9,10,17,5,13,26,41,34,20,1,52,1788704697.2465699,G1,T03,fermo2420_1m,1,static
50320,1,1,0,52,0,0,0,-1,457,116,50,13,13,10,5,13,10,20,18,25,29,41,34,25,1,52,1788704697.446119,G1,T03,fermo2420_1m,1,static
50520,1,1,0,52,0,0,0,-1,145,26,72,8,9,5,10,10,10,25,13,25,29,34,34,20,1,52,1788704697.6463172,G1,T03,fermo2420_1m,1,static
50720,1,1,0,52,0,0,0,-1,169,34,58,10,18,13,4,10,13,20,13,18,29,34,34,20,1,52,1788704697.8455443,G1,T03,fermo2420_1m,1,static
50920,1,1,0,52,0,0,0,-1,117,145,13,5,13,5,9,8,10,25,13,18,29,61,41,34,1,52,1788704698.0462286,G1,T03,fermo2420_1m,1,static
51120,1,1,0,52,0,0,0,-1,52,20,45,13,9,8,5,5,20,29,18,25,34,52,41,25,1,52,1788704698.245865,G1,T03,fermo2420_1m,1,static
51320,1,1,0,52,0,0,0,-1,125,50,10,13,9,13,10,10,17,34,13,32,34,32,34,20,1,52,1788704698.446021,G1,T03,fermo2420_1m,1,static
51520,1,1,0,52,0,0,0,-1,82,20,13,10,10,5,5,5,10,25,13,18,29,41,34,20,1,52,1788704698.646185,G1,T03,fermo2420_1m,1,static
51720,1,1,0,52,0,0,0,-1,164,37,25,8,17,8,5,8,10,17,13,18,40,41,34,20,1,52,1788704698.8456469,G1,T03,fermo2420_1m,1,static
51920,1,1,0,52,0,0,0,-1,157,61,10,10,13,13,5,8,13,17,8,25,40,50,45,20,1,52,1788704699.0460205,G1,T03,fermo2420_1m,1,static
52120,1,1,0,52,0,0,0,-1,58,29,17,9,10,5,5,10,13,29,18,25,29,41,52,20,1,52,1788704699.2460165,G1,T03,fermo2420_1m,1,static
52320,1,1,0,52,0,0,0,-1,85,26,65,9,8,13,5,5,9,20,18,25,29,41,41,25,1,52,1788704699.4463506,G1,T03,fermo2420_1m,1,static
52520,1,1,0,52,0,0,0,-1,61,18,13,8,10,5,5,8,26,29,8,20,29,41,45,34,1,52,1788704699.6464055,G1,T03,fermo2420_1m,1,static
52720,1,1,0,52,0,0,0,-1,52,61,40,10,5,10,5,8,13,13,13,32,29,41,34,20,1,52,1788704699.8460717,G1,T03,fermo2420_1m,1,static
52920,1,1,0,52,0,0,0,-1,29,18,25,10,5,5,10,8,18,13,13,25,26,41,34,29,1,52,1788704700.0466306,G1,T03,fermo2420_1m,1,static
53120,1,1,0,52,0,0,0,-1,40,20,90,10,4,9,5,10,10,13,13,18,26,32,34,20,1,52,1788704700.24618,G1,T03,fermo2420_1m,1,static
53320,1,1,0,52,0,0,0,-1,185,50,34,25,5,5,5,8,13,20,8,18,29,32,41,20,1,52,1788704700.446165,G1,T03,fermo2420_1m,1,static
53520,1,1,0,52,0,0,0,-1,153,53,45,9,13,5,5,10,13,20,13,18,29,41,41,20,1,52,1788704700.646093,G1,T03,fermo2420_1m,1,static
53720,1,1,0,52,0,0,0,-1,113,89,8,5,13,10,5,8,13,20,13,18,29,41,41,25,1,52,1788704700.8461123,G1,T03,fermo2420_1m,1,static
53920,1,1,0,52,0,0,0,-1,58,40,10,10,9,10,5,8,10,20,13,25,29,41,34,20,1,52,1788704701.046352,G1,T03,fermo2420_1m,1,static
54120,1,1,0,52,0,0,0,-1,178,116,45,17,5,10,5,5,13,20,13,25,34,41,34,20,1,52,1788704701.246374,G1,T03,fermo2420_1m,1,static
54320,1,1,0,52,0,0,0,-1,85,34,49,10,5,17,8,10,13,20,13,25,29,41,34,20,1,52,1788704701.4430346,G1,T03,fermo2420_1m,1,static
54520,1,1,0,52,0,0,0,-1,61,41,65,8,13,17,5,13,10,20,13,25,29,41,34,25,1,52,1788704701.6465805,G1,T03,fermo2420_1m,1,static
54720,1,1,0,52,0,0,0,-1,89,53,104,8,8,17,8,8,13,20,18,25,29,32,34,26,1,52,1788704701.846283,G1,T03,fermo2420_1m,1,static
54920,1,1,0,52,0,0,0,-1,85,18,117,10,5,17,5,8,13,17,13,20,26,41,34,20,1,52,1788704702.046321,G1,T03,fermo2420_1m,1,static
55120,1,1,0,52,0,0,0,-1,205,72,74,5,8,17,5,5,20,17,10,25,29,41,34,25,1,52,1788704702.246811,G1,T03,fermo2420_1m,1,static
55320,1,1,0,52,0,0,0,-1,101,29,45,13,8,10,5,10,13,17,10,25,40,41,41,25,1,52,1788704702.4469583,G1,T03,fermo2420_1m,1,static
55520,1,1,0,52,0,0,0,-1,202,49,52,8,10,10,8,8,9,25,8,25,29,50,45,34,1,52,1788704702.646287,G1,T03,fermo2420_1m,1,static
55720,1,1,0,52,0,0,0,-1,148,37,65,20,8,13,5,13,10,20,10,18,29,50,45,20,1,52,1788704702.8459399,G1,T03,fermo2420_1m,1,static
55920,1,1,0,52,0,0,0,-1,72,34,65,13,4,9,5,8,10,20,13,25,29,41,41,25,1,52,1788704703.046104,G1,T03,fermo2420_1m,1,static
56120,1,1,0,52,0,0,0,-1,169,74,58,13,9,13,5,8,10,20,8,25,29,32,40,25,1,52,1788704703.2461147,G1,T03,fermo2420_1m,1,static
56320,1,1,0,52,0,0,0,-1,45,17,25,13,8,10,5,10,10,20,13,18,29,32,45,25,1,52,1788704703.446481,G1,T03,fermo2420_1m,1,static
56520,1,1,0,52,0,0,0,-1,106,13,25,13,8,13,8,9,10,20,13,18,29,32,34,17,1,52,1788704703.6461737,G1,T03,fermo2420_1m,1,static
56720,1,1,0,52,0,0,0,-1,205,117,9,9,13,17,5,8,10,25,13,25,29,32,34,29,1,52,1788704703.8467264,G1,T03,fermo2420_1m,1,static
56920,1,1,0,52,0,0,0,-1,52,20,18,5,10,17,8,13,10,20,13,25,29,32,34,29,1,52,1788704704.0463073,G1,T03,fermo2420_1m,1,static
57120,1,1,0,52,0,0,0,-1,212,53,53,8,10,8,5,8,10,20,13,25,29,32,34,20,1,52,1788704704.2461486,G1,T03,fermo2420_1m,1,static
57320,1,1,0,52,0,0,0,-1,121,45,85,13,8,5,10,13,10,29,13,25,29,50,34,25,1,52,1788704704.446988,G1,T03,fermo2420_1m,1,static
57520,1,1,0,52,0,0,0,-1,169,85,58,20,5,8,10,8,10,20,13,25,29,50,34,20,1,52,1788704704.6463518,G1,T03,fermo2420_1m,1,static
57720,1,1,0,52,0,0,0,-1,82,109,8,10,8,5,5,8,13,20,13,18,29,50,45,25,1,52,1788704704.846348,G1,T03,fermo2420_1m,1,static
57920,1,1,0,52,0,0,0,-1,41,13,17,10,18,5,8,8,13,20,13,32,29,50,45,29,1,52,1788704705.0467277,G1,T03,fermo2420_1m,1,static
58120,1,1,0,52,0,0,0,-1,137,49,8,18,18,8,8,8,10,20,13,25,29,32,29,10,1,52,1788704705.2462435,G1,T03,fermo2420_1m,1,static
58320,1,1,0,52,0,0,0,-1,200,101,10,8,8,8,8,9,10,25,13,25,29,32,34,17,1,52,1788704705.4460568,G1,T03,fermo2420_1m,1,static
58520,1,1,0,52,0,0,0,-1,130,29,29,8,8,10,5,8,8,20,8,18,26,32,34,20,1,52,1788704705.6465492,G1,T03,fermo2420_1m,1,static
58720,1,1,0,52,0,0,0,-1,50,34,101,18,8,9,8,8,8,17,10,18,29,32,34,29,1,52,1788704705.8464277,G1,T03,fermo2420_1m,1,static
58920,1,1,0,52,0,0,0,-1,181,130,29,18,5,8,5,8,13,29,13,13,29,41,34,20,1,52,1788704706.04697,G1,T03,fermo2420_1m,1,static
59120,1,1,0,52,0,0,0,-1,100,17,20,8,8,5,5,8,13,17,13,25,29,41,41,25,1,52,1788704706.2465959,G1,T03,fermo2420_1m,1,static
59320,1,1,0,52,0,0,0,-1,53,17,20,10,8,10,5,5,8,17,13,32,29,32,34,25,1,52,1788704706.4462447,G1,T03,fermo2420_1m,1,static
59520,1,1,0,52,0,0,0,-1,169,145,10,9,8,8,5,10,13,13,10,25,29,50,34,25,1,52,1788704706.6468947,G1,T03,fermo2420_1m,1,static
59720,1,1,0,52,0,0,0,-1,97,58,40,10,10,5,10,5,13,13,10,32,29,50,34,20,1,52,1788704706.846245,G1,T03,fermo2420_1m,1,static
59920,1,1,0,52,0,0,0,-1,200,37,40,10,13,5,10,5,13,13,5,25,29,41,34,13,1,52,1788704707.0462637,G1,T03,fermo2420_1m,1,static
60120,1,1,0,52,0,0,0,-1,34,50,17,13,8,10,8,5,13,25,10,25,29,25,34,20,1,52,1788704707.246363,G1,T03,fermo2420_1m,1,static
60320,1,1,0,52,0,0,0,-1,68,41,9,9,8,5,5,8,13,20,5,25,29,32,34,20,1,52,1788704707.4459927,G1,T03,fermo2420_1m,1,static
60520,1,1,0,52,0,0,0,-1,82,50,34,10,8,5,4,8,9,13,10,25,29,41,29,16,1,52,1788704707.6458693,G1,T03,fermo2420_1m,1,static
60720,1,1,0,52,0,0,0,-1,90,37,10,10,8,5,8,9,13,25,20,25,34,41,41,32,1,52,1788704707.8463814,G1,T03,fermo2420_1m,1,static
60920,1,1,0,52,0,0,0,-1,61,32,17,8,5,8,5,8,13,29,13,25,34,41,34,25,1,52,1788704708.0465438,G1,T03,fermo2420_1m,1,static
61120,1,1,0,52,0,0,0,-1,26,16,58,13,18,8,5,5,10,34,13,25,29,50,45,25,1,52,1788704708.246173,G1,T03,fermo2420_1m,1,static
61320,1,1,0,52,0,0,0,-1,104,29,58,17,25,5,8,9,10,20,10,25,29,41,34,20,1,52,1788704708.4462738,G1,T03,fermo2420_1m,1,static
61520,1,1,0,52,0,0,0,-1,106,26,49,5,13,9,5,8,10,20,13,25,34,50,34,20,1,52,1788704708.6468952,G1,T03,fermo2420_1m,1,static
61720,1,1,0,52,0,0,0,-1,53,10,25,10,13,5,8,9,9,20,13,25,34,41,34,20,1,52,1788704708.8459678,G1,T03,fermo2420_1m,1,static
61920,1,1,0,52,0,0,0,-1,109,85,41,8,10,5,5,5,10,20,8,25,34,41,34,20,1,52,1788704709.046175,G1,T03,fermo2420_1m,1,static
62120,1,1,0,52,0,0,0,-1,29,10,26,8,5,5,10,5,13,20,8,25,34,50,34,20,1,52,1788704709.2468982,G1,T03,fermo2420_1m,1,static
62320,1,1,0,52,0,0,0,-1,50,16,10,13,5,10,10,8,10,20,13,32,29,50,45,20,1,52,1788704709.447075,G1,T03,fermo2420_1m,1,static
62520,1,1,0,52,0,0,0,-1,200,61,13,20,10,10,10,8,10,20,8,13,29,41,41,13,1,52,1788704709.6463373,G1,T03,fermo2420_1m,1,static
62720,1,1,0,52,0,0,0,-1,130,52,17,5,13,8,5,13,10,18,10,25,29,41,34,20,1,52,1788704709.8459165,G1,T03,fermo2420_1m,1,static
62920,1,1,0,52,0,0,0,-1,89,13,10,5,8,10,5,5,18,20,10,25,29,32,34,20,1,52,1788704710.0459874,G1,T03,fermo2420_1m,1,static
63120,1,1,0,52,0,0,0,-1,20,18,13,8,8,5,10,10,10,13,10,18,17,32,34,20,1,52,1788704710.2463837,G1,T03,fermo2420_1m,1,static
63320,1,1,0,52,0,0,0,-1,169,117,25,9,8,13,5,9,20,20,13,18,40,50,45,20,1,52,1788704710.4463377,G1,T03,fermo2420_1m,1,static
63520,1,1,0,52,0,0,0,-1,68,16,29,5,13,13,5,8,10,25,13,25,29,41,25,20,1,52,1788704710.6461651,G1,T03,fermo2420_1m,1,static
63720,1,1,0,52,0,0,0,-1,153,68,41,10,13,5,10,10,10,20,10,25,29,41,34,34,1,52,1788704710.8469093,G1,T03,fermo2420_1m,1,static
63920,1,1,0,52,0,0,0,-1,65,36,97,5,9,8,5,8,5,20,10,25,29,41,34,34,1,52,1788704711.0465944,G1,T03,fermo2420_1m,1,static
64120,1,1,0,52,0,0,0,-1,208,85,17,8,10,10,5,8,9,25,13,25,29,41,34,34,1,52,1788704711.2463539,G1,T03,fermo2420_1m,1,static
64320,1,1,0,52,0,0,0,-1,122,20,85,9,13,10,8,5,9,20,13,25,29,32,34,34,1,52,1788704711.4463577,G1,T03,fermo2420_1m,1,static
64520,1,1,0,52,0,0,0,-1,89,45,17,10,10,5,8,8,17,29,13,25,29,41,34,25,1,52,1788704711.646233,G1,T03,fermo2420_1m,1,static
64720,1,1,0,52,0,0,0,-1,185,34,4,5,10,5,8,8,9,20,13,25,29,34,41,25,1,52,1788704711.846286,G1,T03,fermo2420_1m,1,static
64920,1,1,0,52,0,0,0,-1,80,45,49,10,5,10,5,5,9,20,13,25,34,41,41,25,1,52,1788704712.0466719,G1,T03,fermo2420_1m,1,static
65120,1,1,0,52,0,0,0,-1,29,20,29,17,8,10,8,8,8,20,13,25,29,41,52,25,1,52,1788704712.246906,G1,T03,fermo2420_1m,1,static
65320,1,1,0,52,0,0,0,-1,101,53,16,5,5,10,5,13,10,20,13,18,29,41,34,20,1,52,1788704712.4469337,G1,T03,fermo2420_1m,1,static
65520,1,1,0,52,0,0,0,-1,25,34,25,8,9,10,13,13,9,20,13,25,29,41,41,20,1,52,1788704712.6468558,G1,T03,fermo2420_1m,1,static
65720,1,1,0,52,0,0,0,-1,65,89,13,5,9,10,5,8,8,20,13,25,29,41,41,25,1,52,1788704712.8462825,G1,T03,fermo2420_1m,1,static
65920,1,1,0,52,0,0,0,-1,205,36,20,13,9,5,9,5,8,20,8,20,29,41,34,25,1,52,1788704713.0466886,G1,T03,fermo2420_1m,1,static
66120,1,1,0,52,0,0,0,-1,148,50,17,10,13,9,10,8,13,20,13,32,52,41,34,25,1,52,1788704713.247124,G1,T03,fermo2420_1m,1,static
66320,1,1,0,52,0,0,0,-1,61,25,13,20,10,9,5,5,8,18,13,18,29,41,34,25,1,52,1788704713.4469068,G1,T03,fermo2420_1m,1,static
66520,1,1,0,52,0,0,0,-1,26,17,8,17,8,10,5,5,13,13,13,34,29,32,34,25,1,52,1788704713.6466863,G1,T03,fermo2420_1m,1,static
66720,1,1,0,52,0,0,0,-1,232,32,9,5,8,10,5,10,10,25,10,18,29,32,34,25,1,52,1788704713.8460786,G1,T03,fermo2420_1m,1,static
66920,1,1,0,52,0,0,0,-1,61,25,17,18,16,8,8,8,13,25,10,18,29,41,34,25,1,52,1788704714.0469778,G1,T03,fermo2420_1m,1,static
67120,1,1,0,52,0,0,0,-1,164,136,5,8,10,8,5,8,10,20,13,13,29,41,34,25,1,52,1788704714.246609,G1,T03,fermo2420_1m,1,static
67320,1,1,0,52,0,0,0,-1,36,17,53,10,5,10,5,10,10,20,13,25,29,41,41,25,1,52,1788704714.446746,G1,T03,fermo2420_1m,1,static
67520,1,1,0,52,0,0,0,-1,121,65,100,10,10,5,5,9,10,34,13,25,29,41,41,34,1,52,1788704714.6466382,G1,T03,fermo2420_1m,1,static
67720,1,1,0,52,0,0,0,-1,81,20,90,18,10,8,5,13,13,29,13,25,29,41,34,34,1,52,1788704714.8466349,G1,T03,fermo2420_1m,1,static
67920,1,1,0,52,0,0,0,-1,45,18,82,13,17,8,8,13,9,20,13,25,29,41,34,20,1,52,1788704715.0471056,G1,T03,fermo2420_1m,1,static
68120,1,1,0,52,0,0,0,-1,185,97,72,9,13,5,5,8,10,25,13,18,26,41,41,20,1,52,1788704715.2470338,G1,T03,fermo2420_1m,1,static
68320,1,1,0,52,0,0,0,-1,50,18,34,8,13,10,5,8,10,25,10,25,29,50,45,20,1,52,1788704715.442541,G1,T03,fermo2420_1m,1,static
68520,1,1,0,52,0,0,0,-1,82,25,10,8,13,13,5,9,13,20,9,25,29,50,34,25,1,52,1788704715.6464007,G1,T03,fermo2420_1m,1,static
68720,1,1,0,52,0,0,0,-1,218,80,10,13,9,9,5,8,8,20,8,25,29,41,34,25,1,52,1788704715.8464878,G1,T03,fermo2420_1m,1,static
68920,1,1,0,52,0,0,0,-1,53,74,34,18,13,10,5,9,5,20,9,32,29,50,34,25,1,52,1788704716.0462563,G1,T03,fermo2420_1m,1,static
69120,1,1,0,52,0,0,0,-1,41,45,74,25,8,8,5,8,10,20,13,25,29,41,34,34,1,52,1788704716.2469046,G1,T03,fermo2420_1m,1,static
69320,1,1,0,52,0,0,0,-1,98,25,58,32,17,5,8,8,10,20,8,25,40,50,34,25,1,52,1788704716.446964,G1,T03,fermo2420_1m,1,static
69520,1,1,0,52,0,0,0,-1,153,29,40,20,10,8,8,9,13,20,13,25,29,50,34,25,1,52,1788704716.6474514,G1,T03,fermo2420_1m,1,static
69720,1,1,0,52,0,0,0,-1,193,97,34,10,9,9,5,9,10,20,13,25,40,50,34,25,1,52,1788704716.846367,G1,T03,fermo2420_1m,1,static
69920,1,1,0,52,0,0,0,-1,117,72,98,8,13,13,5,5,8,20,13,25,29,41,34,25,1,52,1788704717.047117,G1,T03,fermo2420_1m,1,static
70120,1,1,0,52,0,0,0,-1,50,20,145,13,13,5,8,5,5,25,20,32,29,41,34,34,1,52,1788704717.2463958,G1,T03,fermo2420_1m,1,static
70320,1,1,0,52,0,0,0,-1,58,20,100,5,10,9,5,5,5,13,8,25,29,61,45,29,1,52,1788704717.4469826,G1,T03,fermo2420_1m,1,static
70520,1,1,0,52,0,0,0,-1,34,10,5,10,13,5,13,10,10,13,8,25,29,50,45,20,1,52,1788704717.646464,G1,T03,fermo2420_1m,1,static
70720,1,1,0,52,0,0,0,-1,53,34,8,20,10,10,8,5,8,20,8,20,29,41,34,20,1,52,1788704717.8470623,G1,T03,fermo2420_1m,1,static
70920,1,1,0,52,0,0,0,-1,37,20,5,32,10,8,5,8,10,20,13,25,29,41,41,20,1,52,1788704718.04703,G1,T03,fermo2420_1m,1,static
71120,1,1,0,52,0,0,0,-1,157,49,13,34,13,8,10,9,17,34,13,25,29,41,41,20,1,52,1788704718.2467344,G1,T03,fermo2420_1m,1,static
71320,1,1,0,52,0,0,0,-1,36,17,41,16,8,5,5,5,13,20,13,18,29,41,34,34,1,52,1788704718.4470305,G1,T03,fermo2420_1m,1,static
71520,1,1,0,52,0,0,0,-1,73,13,18,17,8,10,5,5,13,20,13,18,26,41,34,25,1,52,1788704718.6463547,G1,T03,fermo2420_1m,1,static
71720,1,1,0,52,0,0,0,-1,106,18,17,32,13,5,10,8,10,13,13,18,26,50,34,25,1,52,1788704718.8471615,G1,T03,fermo2420_1m,1,static
71920,1,1,0,52,0,0,0,-1,74,18,17,20,8,8,10,8,13,20,13,25,29,34,34,25,1,52,1788704719.047373,G1,T03,fermo2420_1m,1,static
72120,1,1,0,52,0,0,0,-1,178,37,25,37,8,10,5,8,5,13,13,25,29,52,34,25,1,52,1788704719.247172,G1,T03,fermo2420_1m,1,static
72320,1,1,0,52,0,0,0,-1,61,20,37,17,13,10,5,5,8,20,8,25,29,41,34,25,1,52,1788704719.447243,G1,T03,fermo2420_1m,1,static
72520,1,1,0,52,0,0,0,-1,281,41,5,17,10,10,8,10,8,20,13,25,20,52,41,25,1,52,1788704719.6475372,G1,T03,fermo2420_1m,1,static
72720,1,1,0,52,0,0,0,-1,116,50,10,17,10,10,8,5,13,17,10,25,20,41,41,25,1,52,1788704719.8471267,G1,T03,fermo2420_1m,1,static
72920,1,1,0,52,0,0,0,-1,41,13,26,17,10,10,8,10,13,20,10,32,29,41,34,25,1,52,1788704720.046916,G1,T03,fermo2420_1m,1,static
73120,1,1,0,52,0,0,0,-1,145,50,41,32,10,5,5,10,13,20,5,25,29,32,34,20,1,52,1788704720.2472196,G1,T03,fermo2420_1m,1,static
73320,1,1,0,52,0,0,0,-1,146,45,41,32,10,5,5,10,10,20,13,25,29,41,34,20,1,52,1788704720.4474995,G1,T03,fermo2420_1m,1,static
73520,1,1,0,52,0,0,0,-1,65,13,58,25,5,8,8,9,5,20,13,25,29,41,34,20,1,52,1788704720.6463149,G1,T03,fermo2420_1m,1,static
73720,1,1,0,52,0,0,0,-1,100,49,25,25,10,8,9,9,8,25,13,25,29,41,52,29,1,52,1788704720.8470528,G1,T03,fermo2420_1m,1,static
73920,1,1,0,52,0,0,0,-1,149,80,50,18,13,5,8,10,10,25,18,25,40,41,41,20,1,52,1788704721.047076,G1,T03,fermo2420_1m,1,static
74120,1,1,0,52,0,0,0,-1,34,10,34,18,13,5,5,8,5,25,18,25,40,41,41,25,1,52,1788704721.2472465,G1,T03,fermo2420_1m,1,static
74320,1,1,0,52,0,0,0,-1,180,68,17,13,13,9,5,10,17,20,13,18,29,41,41,25,1,52,1788704721.4475298,G1,T03,fermo2420_1m,1,static
74520,1,1,0,52,0,0,0,-1,50,40,13,5,10,10,5,8,10,25,8,18,26,41,41,25,1,52,1788704721.647066,G1,T03,fermo2420_1m,1,static
74720,1,1,0,52,0,0,0,-1,234,82,17,9,13,5,5,13,13,20,13,18,34,41,34,20,1,52,1788704721.8471618,G1,T03,fermo2420_1m,1,static
74920,1,1,0,52,0,0,0,-1,113,37,20,8,13,8,2,5,13,17,8,25,34,32,45,20,1,52,1788704722.0469577,G1,T03,fermo2420_1m,1,static
75120,1,1,0,52,0,0,0,-1,125,26,13,20,9,8,5,5,10,13,13,25,34,41,41,20,1,52,1788704722.2480457,G1,T03,fermo2420_1m,1,static
75320,1,1,0,52,0,0,0,-1,145,36,13,25,13,5,5,5,13,10,9,20,25,34,41,20,1,52,1788704722.447233,G1,T03,fermo2420_1m,1,static
75520,1,1,0,2,0,0,0,-1,442,85,17,17,18,5,5,8,8,20,8,13,29,50,34,20,1,2,1788704722.647023,G1,T03,fermo2420_1m,1,static
75720,1,1,0,2,0,0,0,-1,100,52,5,25,10,5,8,8,13,13,10,25,40,41,34,29,1,2,1788704722.8468752,G1,T03,fermo2420_1m,1,static
75920,1,1,0,2,0,0,0,-1,40,25,13,18,8,8,8,13,10,20,13,25,40,50,34,20,1,2,1788704723.0465558,G1,T03,fermo2420_1m,1,static
76120,1,1,0,2,0,0,0,-1,32,20,5,20,5,8,5,10,13,20,10,25,40,41,34,20,1,2,1788704723.2470024,G1,T03,fermo2420_1m,1,static
76320,1,1,0,2,0,0,0,-1,73,17,53,13,13,5,8,10,13,34,13,25,34,41,34,20,1,2,1788704723.4471598,G1,T03,fermo2420_1m,1,static
76520,1,1,0,2,0,0,0,-1,122,29,50,34,9,13,5,8,10,20,20,25,34,52,45,20,1,2,1788704723.6469417,G1,T03,fermo2420_1m,1,static
76720,1,1,0,2,0,0,0,-1,61,18,65,32,13,5,5,8,10,20,13,25,29,52,52,20,1,2,1788704723.8467042,G1,T03,fermo2420_1m,1,static
76920,1,1,0,2,0,0,0,-1,97,26,58,20,5,10,8,10,10,20,13,18,29,52,52,25,1,2,1788704724.046709,G1,T03,fermo2420_1m,1,static
77120,1,1,0,2,0,0,0,-1,125,52,61,25,10,10,4,5,10,20,10,20,20,52,52,25,1,2,1788704724.2473307,G1,T03,fermo2420_1m,1,static
77320,1,1,0,2,0,0,0,-1,146,25,34,25,8,8,8,5,13,29,13,34,29,52,41,25,1,2,1788704724.4462578,G1,T03,fermo2420_1m,1,static
77520,1,1,0,2,0,0,0,-1,53,20,37,25,8,10,8,9,10,29,8,32,29,41,34,25,1,2,1788704724.6470532,G1,T03,fermo2420_1m,1,static
77720,1,1,0,2,0,0,0,-1,90,26,29,29,9,5,5,5,13,20,13,32,29,41,41,25,1,2,1788704724.8466551,G1,T03,fermo2420_1m,1,static
77920,1,1,0,2,0,0,0,-1,125,34,20,34,8,9,5,5,8,20,13,20,29,41,41,25,1,2,1788704725.047186,G1,T03,fermo2420_1m,1,static
78120,1,1,0,2,0,0,0,-1,40,13,29,13,13,5,5,8,13,20,8,20,29,41,41,25,1,2,1788704725.2462347,G1,T03,fermo2420_1m,1,static
78320,1,1,0,2,0,0,0,-1,80,20,20,20,13,8,10,8,13,20,13,18,29,41,45,25,1,2,1788704725.4473078,G1,T03,fermo2420_1m,1,static
78520,1,1,0,2,0,0,0,-1,104,68,8,29,13,5,10,8,8,20,8,18,29,50,52,20,1,2,1788704725.6471803,G1,T03,fermo2420_1m,1,static
78720,1,1,0,2,0,0,0,-1,117,29,17,29,13,10,9,13,13,20,13,25,40,41,52,20,1,2,1788704725.8473685,G1,T03,fermo2420_1m,1,static
78920,1,1,0,2,0,0,0,-1,50,17,26,10,13,8,10,10,8,20,13,25,40,41,52,25,1,2,1788704726.047353,G1,T03,fermo2420_1m,1,static
79120,1,1,0,2,0,0,0,-1,64,52,26,13,18,5,8,13,10,25,13,18,29,32,45,20,1,2,1788704726.2471254,G1,T03,fermo2420_1m,1,static
79320,1,1,0,2,0,0,0,-1,146,29,20,18,18,18,8,8,5,20,13,25,29,41,34,20,1,2,1788704726.447361,G1,T03,fermo2420_1m,1,static
79520,1,1,0,2,0,0,0,-1,41,13,17,17,8,10,5,9,8,20,9,18,26,41,34,29,1,2,1788704726.647018,G1,T03,fermo2420_1m,1,static
79720,1,1,0,2,0,0,0,-1,226,65,10,20,10,10,5,10,10,20,10,18,29,41,34,29,1,2,1788704726.8469062,G1,T03,fermo2420_1m,1,static
79920,1,1,0,2,0,0,0,-1,281,73,10,18,8,10,5,10,9,20,13,32,29,41,25,13,1,2,1788704727.0466025,G1,T03,fermo2420_1m,1,static
80120,1,1,0,2,0,0,0,-1,233,52,18,13,13,9,9,5,10,20,8,32,26,41,45,20,1,2,1788704727.2469993,G1,T03,fermo2420_1m,1,static
80320,1,1,0,2,0,0,0,-1,41,37,10,13,13,9,5,10,13,17,10,25,29,41,45,25,1,2,1788704727.4463463,G1,T03,fermo2420_1m,1,static
80520,1,1,0,2,0,0,0,-1,74,34,20,13,13,10,5,13,10,25,13,25,29,32,34,34,1,2,1788704727.64747,G1,T03,fermo2420_1m,1,static
80720,1,1,0,2,0,0,0,-1,52,17,10,8,13,10,4,10,8,20,10,18,40,41,34,29,1,2,1788704727.8464637,G1,T03,fermo2420_1m,1,static
80920,1,1,0,2,0,0,0,-1,41,20,13,8,13,10,8,5,10,20,10,18,29,41,34,20,1,2,1788704728.047116,G1,T03,fermo2420_1m,1,static
81120,1,1,0,2,0,0,0,-1,65,73,13,13,13,10,5,5,8,13,10,25,29,41,34,20,1,2,1788704728.2471163,G1,T03,fermo2420_1m,1,static
81320,1,1,0,2,0,0,0,-1,98,29,58,10,13,5,8,18,10,20,10,25,29,41,34,20,1,2,1788704728.4470859,G1,T03,fermo2420_1m,1,static
81520,1,1,0,2,0,0,0,-1,169,49,73,13,13,10,9,5,10,13,10,25,26,41,34,20,1,2,1788704728.647317,G1,T03,fermo2420_1m,1,static
81720,1,1,0,2,0,0,0,-1,196,68,85,9,13,8,5,13,10,20,10,18,29,41,34,20,1,2,1788704728.8469048,G1,T03,fermo2420_1m,1,static
81920,1,1,0,2,0,0,0,-1,81,17,52,16,18,5,4,13,5,20,13,18,40,41,34,20,1,2,1788704729.0471175,G1,T03,fermo2420_1m,1,static
82120,1,1,0,2,0,0,0,-1,90,37,26,20,20,5,5,5,10,13,10,18,29,34,45,20,1,2,1788704729.2466798,G1,T03,fermo2420_1m,1,static
82320,1,1,0,2,0,0,0,-1,82,50,18,50,10,8,10,5,8,13,10,18,34,41,34,20,1,2,1788704729.446519,G1,T03,fermo2420_1m,1,static
82520,1,1,0,2,0,0,0,-1,170,72,10,52,8,8,8,18,17,20,10,18,29,50,34,20,1,2,1788704729.6471434,G1,T03,fermo2420_1m,1,static
82720,1,1,0,2,0,0,0,-1,113,34,10,41,8,10,5,13,13,20,18,25,29,50,34,34,1,2,1788704729.8474343,G1,T03,fermo2420_1m,1,static
82920,1,1,0,2,0,0,0,-1,250,85,10,41,8,10,5,5,13,20,13,25,29,41,34,20,1,2,1788704730.0471814,G1,T03,fermo2420_1m,1,static
83120,1,1,0,2,0,0,0,-1,50,20,8,25,13,8,5,5,10,13,13,25,29,41,34,20,1,2,1788704730.2470627,G1,T03,fermo2420_1m,1,static
83320,1,1,0,2,0,0,0,-1,97,18,16,25,13,5,5,8,13,20,13,20,29,41,34,29,1,2,1788704730.4470353,G1,T03,fermo2420_1m,1,static
83520,1,1,0,2,0,0,0,-1,25,9,10,25,13,8,8,8,10,20,13,25,29,41,34,29,1,2,1788704730.6463788,G1,T03,fermo2420_1m,1,static
83720,1,1,0,2,0,0,0,-1,58,32,8,52,9,5,5,9,10,25,13,25,29,41,34,20,1,2,1788704730.8463538,G1,T03,fermo2420_1m,1,static
83920,1,1,0,2,0,0,0,-1,225,100,10,52,8,8,5,10,13,25,13,25,29,41,34,25,1,2,1788704731.0472176,G1,T03,fermo2420_1m,1,static
84120,1,1,0,2,0,0,0,-1,145,34,8,72,5,10,5,8,10,20,13,25,29,41,41,25,1,2,1788704731.2473907,G1,T03,fermo2420_1m,1,static
84320,1,1,0,2,0,0,0,-1,65,17,5,65,8,10,5,10,10,20,8,25,29,41,34,18,1,2,1788704731.4469478,G1,T03,fermo2420_1m,1,static
84520,1,1,0,2,0,0,0,-1,130,64,10,52,9,10,8,10,10,20,13,18,29,41,34,20,1,2,1788704731.6471598,G1,T03,fermo2420_1m,1,static
84720,1,1,0,2,0,0,0,-1,101,18,10,65,5,5,5,8,10,20,13,25,29,41,41,20,1,2,1788704731.8471522,G1,T03,fermo2420_1m,1,static
84920,1,1,0,2,0,0,0,-1,80,50,13,40,10,5,5,13,9,20,13,25,29,41,41,25,1,2,1788704732.046981,G1,T03,fermo2420_1m,1,static
85120,1,1,0,2,0,0,0,-1,104,80,13,37,13,8,8,10,13,20,10,18,29,41,34,20,1,2,1788704732.2472768,G1,T03,fermo2420_1m,1,static
85320,1,1,0,2,0,0,0,-1,85,20,9,26,13,5,5,8,13,20,13,25,34,41,34,20,1,2,1788704732.4473379,G1,T03,fermo2420_1m,1,static
85520,1,1,0,2,0,0,0,-1,65,20,9,36,10,10,5,8,10,20,13,25,29,41,45,20,1,2,1788704732.6472752,G1,T03,fermo2420_1m,1,static
85720,1,1,0,2,0,0,0,-1,148,53,10,45,13,8,8,9,9,25,13,25,34,41,34,25,1,2,1788704732.8470643,G1,T03,fermo2420_1m,1,static
85920,1,1,0,2,0,0,0,-1,145,37,13,52,8,5,8,8,10,20,13,25,34,41,34,25,1,2,1788704733.0473506,G1,T03,fermo2420_1m,1,static
86120,1,1,0,2,0,0,0,-1,50,20,10,65,5,5,10,8,10,25,13,25,29,41,34,25,1,2,1788704733.2469597,G1,T03,fermo2420_1m,1,static
86320,1,1,0,2,0,0,0,-1,202,20,17,61,8,10,8,8,13,20,13,25,29,41,34,25,1,2,1788704733.4471197,G1,T03,fermo2420_1m,1,static
86520,1,1,0,2,0,0,0,-1,173,64,17,50,8,10,8,8,10,25,13,25,34,41,34,25,1,2,1788704733.6473384,G1,T03,fermo2420_1m,1,static
86720,1,1,0,2,0,0,0,-1,104,37,40,58,5,9,8,10,18,25,13,18,29,41,41,25,1,2,1788704733.8467872,G1,T03,fermo2420_1m,1,static
86920,1,1,0,2,0,0,0,-1,89,25,85,17,10,5,5,10,10,17,10,25,29,41,41,25,1,2,1788704734.047385,G1,T03,fermo2420_1m,1,static
87120,1,1,0,2,0,0,0,-1,61,10,74,10,13,5,5,8,10,20,10,18,29,41,34,20,1,2,1788704734.2475383,G1,T03,fermo2420_1m,1,static
87320,1,1,0,2,0,0,0,-1,98,65,106,13,17,10,5,9,8,25,13,25,25,41,34,25,1,2,1788704734.4474478,G1,T03,fermo2420_1m,1,static
87520,1,1,0,2,0,0,0,-1,74,13,109,5,10,9,5,5,13,25,13,32,29,41,34,25,1,2,1788704734.6474802,G1,T03,fermo2420_1m,1,static
87720,1,1,0,2,0,0,0,-1,130,61,65,10,5,9,5,5,10,20,13,32,26,41,34,25,1,2,1788704734.8474715,G1,T03,fermo2420_1m,1,static
87920,1,1,0,2,0,0,0,-1,61,34,65,8,8,5,5,8,10,17,8,18,26,41,34,25,1,2,1788704735.047103,G1,T03,fermo2420_1m,1,static
88120,1,1,0,2,0,0,0,-1,104,26,81,26,8,5,5,8,10,25,20,25,20,41,34,25,1,2,1788704735.2472005,G1,T03,fermo2420_1m,1,static
88320,1,1,0,2,0,0,0,-1,74,25,52,40,8,5,5,13,13,20,13,25,29,41,34,20,1,2,1788704735.4477344,G1,T03,fermo2420_1m,1,static
88520,1,1,0,2,0,0,0,-1,113,29,20,65,8,10,4,8,13,20,13,25,26,41,34,25,1,2,1788704735.6467807,G1,T03,fermo2420_1m,1,static
88720,1,1,0,2,0,0,0,-1,113,61,17,74,8,5,8,8,13,29,13,18,26,41,41,20,1,2,1788704735.8475604,G1,T03,fermo2420_1m,1,static
88920,1,1,0,2,0,0,0,-1,104,37,18,85,5,10,10,8,10,20,10,25,40,41,34,20,1,2,1788704736.047686,G1,T03,fermo2420_1m,1,static
89120,1,1,0,2,0,0,0,-1,116,25,13,85,5,5,5,10,17,34,13,25,29,41,34,20,1,2,1788704736.2470727,G1,T03,fermo2420_1m,1,static
89320,1,1,0,2,0,0,0,-1,125,41,8,74,5,5,8,8,17,20,13,18,29,52,45,20,1,2,1788704736.4475086,G1,T03,fermo2420_1m,1,static
89520,1,1,0,2,0,0,0,-1,100,50,5,61,8,17,5,5,13,20,13,13,29,25,45,20,1,2,1788704736.6476252,G1,T03,fermo2420_1m,1,static
89720,1,1,0,2,0,0,0,-1,58,18,34,41,10,8,5,5,13,20,13,32,29,41,34,25,1,2,1788704736.8473377,G1,T03,fermo2420_1m,1,static
89920,1,1,0,2,0,0,0,-1,49,17,61,29,10,5,5,8,13,20,13,32,29,32,29,29,1,2,1788704737.047368,G1,T03,fermo2420_1m,1,static
90120,1,1,0,2,0,0,0,-1,101,29,113,9,18,8,10,10,13,16,8,32,40,32,29,25,1,2,1788704737.2478187,G1,T03,fermo2420_1m,1,static
90320,1,1,0,2,0,0,0,-1,185,68,117,10,10,5,9,9,13,26,13,32,40,41,34,25,1,2,1788704737.447342,G1,T03,fermo2420_1m,1,static
90520,1,1,0,2,0,0,0,-1,74,26,90,13,8,5,8,10,10,20,13,25,40,41,25,18,1,2,1788704737.6469111,G1,T03,fermo2420_1m,1,static
90720,1,1,0,2,0,0,0,-1,73,25,97,9,8,8,5,8,18,17,9,18,25,41,34,20,1,2,1788704737.847094,G1,T03,fermo2420_1m,1,static
90920,1,1,0,2,0,0,0,-1,64,40,45,13,5,5,5,5,10,20,13,18,29,41,41,25,1,2,1788704738.0468955,G1,T03,fermo2420_1m,1,static
91120,1,1,0,2,0,0,0,-1,68,29,74,5,8,5,5,10,8,20,18,25,29,41,34,25,1,2,1788704738.2469444,G1,T03,fermo2420_1m,1,static
91320,1,1,0,2,0,0,0,-1,74,25,61,8,5,5,8,8,8,20,13,25,29,41,25,20,1,2,1788704738.4472818,G1,T03,fermo2420_1m,1,static
91520,1,1,0,2,0,0,0,-1,50,20,52,5,13,5,5,8,5,25,13,25,29,41,34,29,1,2,1788704738.6474738,G1,T03,fermo2420_1m,1,static
91720,1,1,0,2,0,0,0,-1,97,34,65,17,13,10,10,13,9,25,10,18,29,41,41,18,1,2,1788704738.8478098,G1,T03,fermo2420_1m,1,static
91920,1,1,0,2,0,0,0,-1,40,25,65,37,5,5,10,8,8,10,10,18,29,41,52,20,1,2,1788704739.0471878,G1,T03,fermo2420_1m,1,static
92120,1,1,0,2,0,0,0,-1,221,29,72,45,10,9,5,5,8,17,10,18,29,41,52,20,1,2,1788704739.2472754,G1,T03,fermo2420_1m,1,static
92320,1,1,0,2,0,0,0,-1,260,145,61,34,8,5,5,8,8,25,10,18,29,41,52,32,1,2,1788704739.447762,G1,T03,fermo2420_1m,1,static
92520,1,1,0,2,0,0,0,-1,52,18,45,29,10,10,5,10,10,25,13,25,29,52,52,25,1,2,1788704739.6471634,G1,T03,fermo2420_1m,1,static
92720,1,1,0,2,0,0,0,-1,101,17,68,25,5,10,5,10,10,20,13,41,34,41,25,20,1,2,1788704739.8477654,G1,T03,fermo2420_1m,1,static
92920,1,1,0,2,0,0,0,-1,26,13,68,20,8,13,5,8,13,20,13,25,29,41,34,18,1,2,1788704740.047355,G1,T03,fermo2420_1m,1,static
93120,1,1,0,2,0,0,0,-1,125,37,50,20,13,13,5,9,10,20,10,25,40,32,29,20,1,2,1788704740.247718,G1,T03,fermo2420_1m,1,static
93320,1,1,0,2,0,0,0,-1,40,49,53,29,13,10,5,13,8,13,13,25,29,41,34,20,1,2,1788704740.447278,G1,T03,fermo2420_1m,1,static
93520,1,1,0,2,0,0,0,-1,218,64,41,29,13,9,8,5,10,25,25,25,34,41,34,20,1,2,1788704740.6472168,G1,T03,fermo2420_1m,1,static
93720,1,1,0,2,0,0,0,-1,130,45,25,40,8,13,9,10,10,25,20,32,34,32,41,20,1,2,1788704740.84779,G1,T03,fermo2420_1m,1,static
93920,1,1,0,2,0,0,0,-1,137,25,17,41,10,10,8,8,10,25,10,25,29,32,41,20,1,2,1788704741.0475178,G1,T03,fermo2420_1m,1,static
94120,1,1,0,2,0,0,0,-1,146,17,20,61,10,10,10,13,13,20,13,25,41,52,41,20,1,2,1788704741.2477107,G1,T03,fermo2420_1m,1,static
94320,1,1,0,2,0,0,0,-1,85,29,25,52,17,8,5,8,10,20,18,25,34,52,34,13,1,2,1788704741.4470892,G1,T03,fermo2420_1m,1,static
94520,1,1,0,2,0,0,0,-1,45,13,53,73,9,17,5,5,13,20,9,18,29,41,34,13,1,2,1788704741.6473396,G1,T03,fermo2420_1m,1,static
94720,1,1,0,2,0,0,0,-1,157,53,29,29,10,5,5,5,10,20,10,25,29,41,34,20,1,2,1788704741.8471968,G1,T03,fermo2420_1m,1,static
94920,1,1,0,2,0,0,0,-1,49,58,85,40,8,5,5,10,13,20,13,25,29,32,34,20,1,2,1788704742.047079,G1,T03,fermo2420_1m,1,static
95120,1,1,0,2,0,0,0,-1,136,52,82,37,17,9,5,5,8,13,8,32,40,41,41,25,1,2,1788704742.2474802,G1,T03,fermo2420_1m,1,static
95320,1,1,0,2,0,0,0,-1,109,50,36,40,9,5,5,8,9,13,13,25,29,41,52,32,1,2,1788704742.447467,G1,T03,fermo2420_1m,1,static
95520,1,1,0,2,0,0,0,-1,116,41,34,40,13,5,5,5,10,20,13,25,29,41,34,20,1,2,1788704742.6477115,G1,T03,fermo2420_1m,1,static
95720,1,1,0,2,0,0,0,-1,40,20,61,36,8,8,5,8,10,20,8,25,29,41,34,20,1,2,1788704742.8467183,G1,T03,fermo2420_1m,1,static
95920,1,1,0,2,0,0,0,-1,208,65,61,37,10,8,8,9,13,20,8,18,29,41,34,25,1,2,1788704743.0475247,G1,T03,fermo2420_1m,1,static
96120,1,1,0,2,0,0,0,-1,82,58,82,32,9,5,5,13,13,20,5,18,29,41,34,25,1,2,1788704743.2475834,G1,T03,fermo2420_1m,1,static
96320,1,1,0,2,0,0,0,-1,52,25,122,10,16,10,8,8,8,29,8,18,29,41,45,20,1,2,1788704743.4477398,G1,T03,fermo2420_1m,1,static
96520,1,1,0,2,0,0,0,-1,97,37,130,8,13,5,8,8,8,20,13,18,37,50,34,13,1,2,1788704743.6472247,G1,T03,fermo2420_1m,1,static
96720,1,1,0,2,0,0,0,-1,82,20,65,10,13,5,10,5,5,20,8,18,40,50,34,25,1,2,1788704743.8476777,G1,T03,fermo2420_1m,1,static
96920,1,1,0,2,0,0,0,-1,97,17,32,10,25,8,5,8,10,20,13,25,29,41,34,29,1,2,1788704744.0477493,G1,T03,fermo2420_1m,1,static
97120,1,1,0,2,0,0,0,-1,226,65,20,13,17,5,5,8,10,25,13,32,29,41,34,20,1,2,1788704744.2474074,G1,T03,fermo2420_1m,1,static
97320,1,1,0,2,0,0,0,-1,136,52,17,10,13,5,8,5,13,25,10,32,29,41,34,20,1,2,1788704744.4472847,G1,T03,fermo2420_1m,1,static
97520,1,1,0,2,0,0,0,-1,117,34,13,10,13,5,10,9,8,20,13,25,34,41,34,20,1,2,1788704744.6478045,G1,T03,fermo2420_1m,1,static
97720,1,1,0,2,0,0,0,-1,164,73,13,10,10,5,8,10,13,20,13,32,34,52,41,29,1,2,1788704744.8476508,G1,T03,fermo2420_1m,1,static
97920,1,1,0,2,0,0,0,-1,197,53,26,8,32,8,5,10,13,13,5,20,17,34,41,25,1,2,1788704745.0470297,G1,T03,fermo2420_1m,1,static
98120,1,1,0,2,0,0,0,-1,98,45,32,8,25,9,5,8,5,18,13,25,29,41,34,25,1,2,1788704745.2472763,G1,T03,fermo2420_1m,1,static
98320,1,1,0,2,0,0,0,-1,45,34,36,5,13,5,10,8,8,20,8,25,29,32,34,25,1,2,1788704745.4474027,G1,T03,fermo2420_1m,1,static
98520,1,1,0,2,0,0,0,-1,40,41,85,40,10,10,8,8,8,20,13,25,29,32,34,25,1,2,1788704745.647803,G1,T03,fermo2420_1m,1,static
98720,1,1,0,2,0,0,0,-1,73,29,68,29,8,9,5,5,13,17,8,20,29,41,34,34,1,2,1788704745.8474958,G1,T03,fermo2420_1m,1,static
98920,1,1,0,2,0,0,0,-1,61,52,65,29,25,10,5,13,17,34,13,32,34,41,34,29,1,2,1788704746.048123,G1,T03,fermo2420_1m,1,static
99120,1,1,0,2,0,0,0,-1,80,53,85,58,13,10,5,8,8,25,13,18,29,41,41,34,1,2,1788704746.2473047,G1,T03,fermo2420_1m,1,static
99320,1,1,0,2,0,0,0,-1,26,25,52,65,16,10,5,5,10,25,17,18,29,34,41,25,1,2,1788704746.447915,G1,T03,fermo2420_1m,1,static
99520,1,1,0,2,0,0,0,-1,169,74,58,61,13,10,5,8,13,20,10,25,34,41,41,25,1,2,1788704746.6473405,G1,T03,fermo2420_1m,1,static
99720,1,1,0,2,0,0,0,-1,65,26,45,61,5,5,5,9,10,20,8,25,34,41,41,25,1,2,1788704746.8471081,G1,T03,fermo2420_1m,1,static
99920,1,1,0,2,0,0,0,-1,53,18,25,45,13,10,5,5,10,13,8,25,34,41,34,20,1,2,1788704747.0472593,G1,T03,fermo2420_1m,1,static
100120,1,1,0,2,0,0,0,-1,90,100,9,50,8,13,8,5,10,20,8,25,29,41,34,20,1,2,1788704747.2476685,G1,T03,fermo2420_1m,1,static
100320,1,1,0,2,0,0,0,-1,26,20,17,52,10,8,9,8,13,20,8,25,29,50,34,20,1,2,1788704747.4480383,G1,T03,fermo2420_1m,1,static
100520,1,1,0,2,0,0,0,-1,53,85,53,17,13,5,5,10,10,29,18,25,29,50,45,20,1,2,1788704747.6480765,G1,T03,fermo2420_1m,1,static
100720,1,1,0,2,0,0,0,-1,289,82,64,17,8,10,8,5,13,29,13,25,29,50,45,25,1,2,1788704747.8480659,G1,T03,fermo2420_1m,1,static
100920,1,1,0,2,0,0,0,-1,160,74,100,17,8,10,8,5,9,20,8,25,40,41,41,25,1,2,1788704748.0480502,G1,T03,fermo2420_1m,1,static
101120,1,1,0,2,0,0,0,-1,53,26,82,37,17,8,13,10,10,20,9,18,40,41,34,25,1,2,1788704748.2475498,G1,T03,fermo2420_1m,1,static
101320,1,1,0,2,0,0,0,-1,104,13,85,29,9,8,8,8,10,17,8,18,40,41,52,25,1,2,1788704748.447119,G1,T03,fermo2420_1m,1,static
101520,1,1,0,2,0,0,0,-1,170,68,49,26,8,8,5,10,8,17,8,18,40,41,52,25,1,2,1788704748.6479692,G1,T03,fermo2420_1m,1,static
101720,1,1,0,2,0,0,0,-1,53,50,17,29,8,5,9,8,13,17,8,18,40,41,45,25,1,2,1788704748.8476632,G1,T03,fermo2420_1m,1,static
101920,1,1,0,2,0,0,0,-1,68,18,45,34,13,5,5,8,9,29,8,25,29,41,34,25,1,2,1788704749.0473835,G1,T03,fermo2420_1m,1,static
102120,1,1,0,2,0,0,0,-1,29,25,89,61,9,10,5,8,10,29,8,18,29,50,34,25,1,2,1788704749.2473967,G1,T03,fermo2420_1m,1,static
102320,1,1,0,2,0,0,0,-1,106,52,101,20,13,10,5,8,13,17,8,18,29,50,34,25,1,2,1788704749.448272,G1,T03,fermo2420_1m,1,static
102520,1,1,0,2,0,0,0,-1,85,61,128,9,13,8,5,13,9,20,8,18,29,41,41,25,1,2,1788704749.647808,G1,T03,fermo2420_1m,1,static
102720,1,1,0,2,0,0,0,-1,74,20,100,8,8,8,5,13,18,20,13,25,29,41,41,25,1,2,1788704749.848041,G1,T03,fermo2420_1m,1,static
102920,1,1,0,2,0,0,0,-1,125,72,98,5,10,9,8,10,10,20,13,25,29,41,34,25,1,2,1788704750.047374,G1,T03,fermo2420_1m,1,static
103120,1,1,0,2,0,0,0,-1,74,34,52,8,8,8,5,13,10,20,5,13,29,41,34,25,1,2,1788704750.2477267,G1,T03,fermo2420_1m,1,static
103320,1,1,0,2,0,0,0,-1,68,26,52,5,10,5,9,10,20,20,8,18,29,41,34,25,1,2,1788704750.447879,G1,T03,fermo2420_1m,1,static
103520,1,1,0,2,0,0,0,-1,145,65,61,5,10,5,8,10,13,20,8,25,29,41,34,25,1,2,1788704750.648224,G1,T03,fermo2420_1m,1,static
103720,1,1,0,2,0,0,0,-1,337,80,41,9,8,8,8,8,18,20,13,25,29,41,34,25,1,2,1788704750.8478417,G1,T03,fermo2420_1m,1,static
103920,1,1,0,2,0,0,0,-1,178,37,52,5,13,5,5,10,13,20,13,25,29,41,34,25,1,2,1788704751.048321,G1,T03,fermo2420_1m,1,static
104120,1,1,0,2,0,0,0,-1,324,90,52,13,20,8,8,5,9,18,10,18,29,41,45,34,1,2,1788704751.2475827,G1,T03,fermo2420_1m,1,static
104320,1,1,0,2,0,0,0,-1,100,72,40,5,8,8,8,8,10,18,10,18,29,50,34,16,1,2,1788704751.4480906,G1,T03,fermo2420_1m,1,static
104520,1,1,0,2,0,0,0,-1,65,73,65,5,8,9,5,5,10,10,13,25,29,50,34,20,1,2,1788704751.6473217,G1,T03,fermo2420_1m,1,static
104720,1,1,0,2,0,0,0,-1,100,25,74,9,8,8,10,9,13,17,9,25,29,41,34,20,1,2,1788704751.848005,G1,T03,fermo2420_1m,1,static
104920,1,1,0,2,0,0,0,-1,146,82,50,8,20,8,5,8,9,20,13,25,29,41,34,18,1,2,1788704752.047331,G1,T03,fermo2420_1m,1,static
105120,1,1,0,2,0,0,0,-1,100,20,41,13,20,10,8,5,9,34,13,18,29,41,34,20,1,2,1788704752.247706,G1,T03,fermo2420_1m,1,static
105320,1,1,0,2,0,0,0,-1,128,37,34,13,13,10,5,5,10,34,13,25,29,34,34,20,1,2,1788704752.448482,G1,T03,fermo2420_1m,1,static
105520,1,1,0,2,0,0,0,-1,125,29,26,13,8,10,8,8,13,26,10,25,20,41,45,20,1,2,1788704752.6481655,G1,T03,fermo2420_1m,1,static
105720,1,1,0,2,0,0,0,-1,32,16,41,10,18,5,5,5,10,17,9,25,20,32,34,18,1,2,1788704752.8479784,G1,T03,fermo2420_1m,1,static
105920,1,1,0,2,0,0,0,-1,50,13,26,10,10,10,9,5,5,17,8,25,34,41,34,18,1,2,1788704753.047445,G1,T03,fermo2420_1m,1,static
106120,1,1,0,2,0,0,0,-1,50,26,58,5,18,5,5,10,10,17,8,20,29,41,34,29,1,2,1788704753.247147,G1,T03,fermo2420_1m,1,static
106320,1,1,0,2,0,0,0,-1,85,29,72,5,10,5,8,8,10,29,13,25,29,61,52,26,1,2,1788704753.4479022,G1,T03,fermo2420_1m,1,static
106520,1,1,0,2,0,0,0,-1,68,26,117,5,5,10,5,13,10,20,10,25,29,52,52,29,1,2,1788704753.6482017,G1,T03,fermo2420_1m,1,static
106720,1,1,0,2,0,0,0,-1,58,34,82,17,8,5,5,13,20,20,13,25,29,41,41,25,1,2,1788704753.8481696,G1,T03,fermo2420_1m,1,static
106920,1,1,0,2,0,0,0,-1,64,50,37,5,13,5,5,8,20,20,10,18,29,32,34,25,1,2,1788704754.0481195,G1,T03,fermo2420_1m,1,static
107120,1,1,0,2,0,0,0,-1,117,49,20,8,10,10,5,8,10,13,10,18,29,50,52,25,1,2,1788704754.247711,G1,T03,fermo2420_1m,1,static
107320,1,1,0,2,0,0,0,-1,58,73,65,10,5,8,5,8,10,25,13,18,29,50,52,34,1,2,1788704754.4472823,G1,T03,fermo2420_1m,1,static
107520,1,1,0,2,0,0,0,-1,202,89,58,10,10,9,8,8,10,20,5,18,29,32,29,20,1,2,1788704754.648181,G1,T03,fermo2420_1m,1,static
107720,1,1,0,2,0,0,0,-1,34,36,74,8,13,8,9,5,8,20,8,25,20,32,34,20,1,2,1788704754.848009,G1,T03,fermo2420_1m,1,static
107920,1,1,0,2,0,0,0,-1,40,50,53,20,13,8,8,8,8,32,13,25,20,41,34,20,1,2,1788704755.0473819,G1,T03,fermo2420_1m,1,static
108120,1,1,0,2,0,0,0,-1,98,74,45,17,10,5,8,8,13,26,10,25,29,41,34,25,1,2,1788704755.248297,G1,T03,fermo2420_1m,1,static
108320,1,1,0,2,0,0,0,-1,202,58,34,8,16,5,5,8,13,17,8,25,29,41,41,25,1,2,1788704755.4482605,G1,T03,fermo2420_1m,1,static
108520,1,1,0,2,0,0,0,-1,97,45,25,10,8,13,5,20,10,20,5,13,29,41,41,20,1,2,1788704755.647712,G1,T03,fermo2420_1m,1,static
108720,1,1,0,2,0,0,0,-1,205,41,10,9,17,10,9,5,5,20,13,25,29,41,41,20,1,2,1788704755.8480139,G1,T03,fermo2420_1m,1,static
108920,1,1,0,2,0,0,0,-1,100,50,26,20,10,10,5,10,10,20,10,18,29,41,45,29,1,2,1788704756.0480306,G1,T03,fermo2420_1m,1,static
109120,1,1,0,2,0,0,0,-1,146,20,52,13,10,5,13,8,10,20,10,18,29,41,45,29,1,2,1788704756.2484384,G1,T03,fermo2420_1m,1,static
109320,1,1,0,2,0,0,0,-1,85,50,130,5,8,5,5,8,10,20,10,18,40,50,34,20,1,2,1788704756.4479227,G1,T03,fermo2420_1m,1,static
109520,1,1,0,2,0,0,0,-1,137,18,149,13,10,5,5,10,13,20,10,25,40,50,29,17,1,2,1788704756.6485407,G1,T03,fermo2420_1m,1,static
109720,1,1,0,2,0,0,0,-1,65,20,116,5,5,5,5,10,8,18,13,20,20,52,34,20,1,2,1788704756.8472824,G1,T03,fermo2420_1m,1,static
109920,1,1,0,2,0,0,0,-1,130,25,53,10,5,8,9,10,8,20,13,20,34,41,34,20,1,2,1788704757.047858,G1,T03,fermo2420_1m,1,static
110120,1,1,0,2,0,0,0,-1,117,34,50,26,8,8,5,8,13,20,8,32,40,41,34,25,1,2,1788704757.2481506,G1,T03,fermo2420_1m,1,static
110320,1,1,0,2,0,0,0,-1,53,53,45,50,5,10,8,10,8,13,13,25,40,52,41,25,1,2,1788704757.4483178,G1,T03,fermo2420_1m,1,static
110520,1,1,0,2,0,0,0,-1,109,25,18,49,5,13,5,8,10,20,8,25,40,52,52,25,1,2,1788704757.648472,G1,T03,fermo2420_1m,1,static
110720,1,1,0,2,0,0,0,-1,64,20,61,34,13,9,8,13,9,20,17,34,29,41,52,20,1,2,1788704757.8483076,G1,T03,fermo2420_1m,1,static
110920,1,1,0,2,0,0,0,-1,137,68,106,10,9,5,8,9,10,20,8,18,29,41,41,13,1,2,1788704758.0483158,G1,T03,fermo2420_1m,1,static
111120,1,1,0,2,0,0,0,-1,50,17,122,5,5,8,8,8,10,20,8,18,40,41,41,25,1,2,1788704758.2482166,G1,T03,fermo2420_1m,1,static
111320,1,1,0,2,0,0,0,-1,65,13,85,10,9,5,8,9,10,13,8,18,37,32,34,25,1,2,1788704758.44813,G1,T03,fermo2420_1m,1,static
111520,1,1,0,2,0,0,0,-1,82,41,73,13,5,13,5,8,13,29,18,25,26,32,34,25,1,2,1788704758.6482248,G1,T03,fermo2420_1m,1,static
111720,1,1,0,2,0,0,0,-1,68,40,53,25,5,5,5,9,10,25,18,18,29,32,34,25,1,2,1788704758.8480294,G1,T03,fermo2420_1m,1,static
111920,1,1,0,2,0,0,0,-1,245,130,34,20,13,8,5,9,17,29,13,18,29,41,52,34,1,2,1788704759.0482132,G1,T03,fermo2420_1m,1,static
112120,1,1,0,2,0,0,0,-1,292,50,17,10,8,13,8,8,10,20,8,18,29,32,45,34,1,2,1788704759.24801,G1,T03,fermo2420_1m,1,static
112320,1,1,0,2,0,0,0,-1,61,20,25,20,8,10,8,9,13,20,8,25,29,41,34,25,1,2,1788704759.447967,G1,T03,fermo2420_1m,1,static
112520,1,1,0,2,0,0,0,-1,130,90,89,8,9,5,5,13,13,20,8,20,26,41,34,20,1,2,1788704759.6481187,G1,T03,fermo2420_1m,1,static
112720,1,1,0,2,0,0,0,-1,68,20,101,5,9,8,5,8,13,17,10,20,29,41,34,25,1,2,1788704759.8482583,G1,T03,fermo2420_1m,1,static
112920,1,1,0,2,0,0,0,-1,74,58,109,13,10,9,5,10,10,20,8,18,29,41,34,25,1,2,1788704760.0480187,G1,T03,fermo2420_1m,1,static
113120,1,1,0,2,0,0,0,-1,80,34,106,17,13,10,8,10,5,13,10,25,40,41,34,25,1,2,1788704760.2480445,G1,T03,fermo2420_1m,1,static
113320,1,1,0,2,0,0,0,-1,90,68,73,20,8,8,8,8,8,20,13,13,29,41,34,20,1,2,1788704760.4474142,G1,T03,fermo2420_1m,1,static
113520,1,1,0,2,0,0,0,-1,74,9,50,32,5,8,8,9,10,25,13,25,29,41,34,20,1,2,1788704760.6483915,G1,T03,fermo2420_1m,1,static
113720,1,1,0,2,0,0,0,-1,89,13,25,32,10,8,5,10,8,25,13,25,29,41,34,18,1,2,1788704760.8482869,G1,T03,fermo2420_1m,1,static
113920,1,1,0,2,0,0,0,-1,29,17,13,34,5,8,5,13,10,25,13,25,29,41,45,25,1,2,1788704761.0485294,G1,T03,fermo2420_1m,1,static
114120,1,1,0,2,0,0,0,-1,74,41,50,25,9,13,8,18,10,20,13,25,29,52,45,25,1,2,1788704761.2484922,G1,T03,fermo2420_1m,1,static
114320,1,1,0,2,0,0,0,-1,98,17,130,8,5,5,4,8,18,20,13,25,29,41,45,25,1,2,1788704761.447918,G1,T03,fermo2420_1m,1,static
114520,1,1,0,2,0,0,0,-1,180,45,136,8,8,9,8,9,13,25,17,25,37,32,45,25,1,2,1788704761.648267,G1,T03,fermo2420_1m,1,static
114720,1,1,0,2,0,0,0,-1,81,17,100,18,10,5,5,5,8,25,13,32,29,34,25,13,1,2,1788704761.8483136,G1,T03,fermo2420_1m,1,static
114920,1,1,0,2,0,0,0,-1,52,13,74,13,9,10,10,8,13,25,13,25,29,41,25,13,1,2,1788704762.0484939,G1,T03,fermo2420_1m,1,static
115120,1,1,0,2,0,0,0,-1,85,34,52,17,8,5,9,9,9,25,13,32,29,41,34,18,1,2,1788704762.247401,G1,T03,fermo2420_1m,1,static
115320,1,1,0,2,0,0,0,-1,72,34,41,17,8,5,8,9,10,18,13,25,29,41,34,18,1,2,1788704762.4485254,G1,T03,fermo2420_1m,1,static
115520,1,1,0,2,0,0,0,-1,106,29,34,17,9,5,8,8,10,10,8,25,34,41,32,25,1,2,1788704762.6481073,G1,T03,fermo2420_1m,1,static
115720,1,1,0,2,0,0,0,-1,40,20,58,17,13,13,9,8,13,13,10,25,29,41,52,32,1,2,1788704762.8481858,G1,T03,fermo2420_1m,1,static
115920,1,1,0,2,0,0,0,-1,90,80,116,5,5,10,5,8,13,13,13,25,29,32,34,25,1,2,1788704763.048464,G1,T03,fermo2420_1m,1,static
116120,1,1,0,2,0,0,0,-1,49,45,106,17,9,10,8,8,10,10,8,25,29,52,34,25,1,2,1788704763.2483597,G1,T03,fermo2420_1m,1,static
116320,1,1,0,2,0,0,0,-1,52,72,65,20,5,10,5,10,13,20,13,25,29,41,52,26,1,2,1788704763.448592,G1,T03,fermo2420_1m,1,static
116520,1,1,0,2,0,0,0,-1,65,64,45,32,5,8,5,5,13,25,13,32,29,41,52,25,1,2,1788704763.6483006,G1,T03,fermo2420_1m,1,static
116720,1,1,0,2,0,0,0,-1,170,37,34,34,8,5,5,9,8,20,13,25,29,41,52,20,1,2,1788704763.8484426,G1,T03,fermo2420_1m,1,static
116920,1,1,0,2,0,0,0,-1,65,20,41,26,10,9,9,10,5,20,13,25,26,32,41,25,1,2,1788704764.0484242,G1,T03,fermo2420_1m,1,static
117120,1,1,0,2,0,0,0,-1,65,13,34,17,8,10,5,5,8,20,13,34,29,41,34,29,1,2,1788704764.248138,G1,T03,fermo2420_1m,1,static
117320,1,1,0,2,0,0,0,-1,45,41,18,17,8,10,5,5,8,20,13,32,40,41,34,20,1,2,1788704764.4476945,G1,T03,fermo2420_1m,1,static
117520,1,1,0,2,0,0,0,-1,221,98,17,20,10,8,5,5,8,17,13,25,29,52,34,20,1,2,1788704764.648265,G1,T03,fermo2420_1m,1,static
117720,1,1,0,2,0,0,0,-1,36,45,41,25,5,5,13,5,8,20,13,25,34,52,34,20,1,2,1788704764.848415,G1,T03,fermo2420_1m,1,static
117920,1,1,0,2,0,0,0,-1,50,20,116,16,5,10,5,8,10,25,13,25,29,41,45,20,1,2,1788704765.0483892,G1,T03,fermo2420_1m,1,static
118120,1,1,0,2,0,0,0,-1,45,26,109,10,8,5,5,8,8,13,5,20,29,41,45,25,1,2,1788704765.2482624,G1,T03,fermo2420_1m,1,static
118320,1,1,0,2,0,0,0,-1,45,20,113,10,9,9,5,9,10,20,10,25,45,41,34,18,1,2,1788704765.4482656,G1,T03,fermo2420_1m,1,static
118520,1,1,0,2,0,0,0,-1,145,52,113,8,9,10,5,9,8,25,10,25,29,41,34,18,1,2,1788704765.6480987,G1,T03,fermo2420_1m,1,static
118720,1,1,0,2,0,0,0,-1,65,29,52,10,13,9,8,8,13,20,13,34,29,41,45,18,1,2,1788704765.8479438,G1,T03,fermo2420_1m,1,static
118920,1,1,0,2,0,0,0,-1,113,41,26,10,9,5,9,8,10,20,8,20,29,41,52,34,1,2,1788704766.0484445,G1,T03,fermo2420_1m,1,static
119120,1,1,0,2,0,0,0,-1,52,20,17,25,5,10,8,5,10,20,13,25,45,41,34,34,1,2,1788704766.2485712,G1,T03,fermo2420_1m,1,static
119320,1,1,0,2,0,0,0,-1,80,20,10,16,8,10,8,8,13,20,13,18,29,41,34,29,1,2,1788704766.447864,G1,T03,fermo2420_1m,1,static
119520,1,1,0,2,0,0,0,-1,97,25,18,26,5,5,8,8,8,20,13,25,34,41,34,18,1,2,1788704766.648404,G1,T03,fermo2420_1m,1,static
119720,1,1,0,2,0,0,0,-1,136,25,41,10,5,5,5,8,8,13,13,25,34,41,45,25,1,2,1788704766.848446,G1,T03,fermo2420_1m,1,static
119920,1,1,0,2,0,0,0,-1,106,45,10,20,5,10,8,5,8,18,20,25,29,41,34,20,1,2,1788704767.0482943,G1,T03,fermo2420_1m,1,static
120120,1,1,0,2,0,0,0,-1,65,25,5,25,5,10,5,10,8,13,13,18,29,50,34,25,1,2,1788704767.248379,G1,T03,fermo2420_1m,1,static
120320,1,1,0,2,0,0,0,-1,233,45,10,25,5,5,10,13,13,34,18,25,29,50,34,25,1,2,1788704767.4484496,G1,T03,fermo2420_1m,1,static
120520,1,1,0,2,0,0,0,-1,130,29,52,37,13,10,5,5,13,34,13,25,29,41,41,25,1,2,1788704767.648067,G1,T03,fermo2420_1m,1,static
120720,1,1,0,2,0,0,0,-1,145,73,52,37,17,8,5,5,10,34,13,25,29,34,41,25,1,2,1788704767.8480365,G1,T03,fermo2420_1m,1,static
120920,1,1,0,2,0,0,0,-1,89,17,29,40,8,9,8,5,10,25,13,25,40,41,29,17,1,2,1788704768.0477962,G1,T03,fermo2420_1m,1,static
121120,1,1,0,2,0,0,0,-1,85,10,20,45,8,10,5,8,8,20,13,25,40,41,41,20,1,2,1788704768.2485185,G1,T03,fermo2420_1m,1,static
121320,1,1,0,2,0,0,0,-1,74,65,13,52,5,13,8,8,13,20,13,25,40,41,41,20,1,2,1788704768.4480817,G1,T03,fermo2420_1m,1,static
121520,1,1,0,2,0,0,0,-1,121,20,32,41,8,9,5,8,9,20,13,18,29,41,52,25,1,2,1788704768.6485796,G1,T03,fermo2420_1m,1,static
121720,1,1,0,2,0,0,0,-1,58,41,122,9,9,10,8,8,10,20,10,18,26,41,41,25,1,2,1788704768.8487356,G1,T03,fermo2420_1m,1,static
121920,1,1,0,2,0,0,0,-1,53,58,185,8,5,10,8,13,10,13,10,25,26,34,41,25,1,2,1788704769.0483665,G1,T03,fermo2420_1m,1,static
122120,1,1,0,2,0,0,0,-1,85,50,117,10,13,17,8,8,13,25,10,20,29,34,34,25,1,2,1788704769.2484665,G1,T03,fermo2420_1m,1,static
122320,1,1,0,2,0,0,0,-1,29,61,52,8,18,10,8,8,13,25,18,25,29,41,34,25,1,2,1788704769.4482346,G1,T03,fermo2420_1m,1,static
122520,1,1,0,2,0,0,0,-1,36,25,26,8,10,9,5,10,10,34,18,25,29,41,41,25,1,2,1788704769.647869,G1,T03,fermo2420_1m,1,static
122720,1,1,0,2,0,0,0,-1,26,13,40,8,9,10,5,10,10,20,13,25,40,41,34,20,1,2,1788704769.8480356,G1,T03,fermo2420_1m,1,static
122920,1,1,0,2,0,0,0,-1,144,73,13,8,13,8,5,10,13,20,13,25,29,52,45,25,1,2,1788704770.0481446,G1,T03,fermo2420_1m,1,static
123120,1,1,0,2,0,0,0,-1,68,29,10,5,20,8,5,8,13,20,13,18,26,41,41,25,1,2,1788704770.2484243,G1,T03,fermo2420_1m,1,static
123320,1,1,0,2,0,0,0,-1,281,73,10,8,13,10,8,10,8,25,13,18,29,41,34,25,1,2,1788704770.448619,G1,T03,fermo2420_1m,1,static
123520,1,1,0,2,0,0,0,-1,101,40,13,10,5,10,13,10,13,13,13,18,29,41,34,25,1,2,1788704770.648903,G1,T03,fermo2420_1m,1,static
123720,1,1,0,2,0,0,0,-1,325,100,10,9,17,5,5,10,8,20,13,18,29,32,34,25,1,2,1788704770.8482344,G1,T03,fermo2420_1m,1,static
123920,1,1,0,2,0,0,0,-1,145,89,20,5,20,5,5,13,10,20,13,18,29,41,34,20,1,2,1788704771.0488114,G1,T03,fermo2420_1m,1,static
124120,1,1,0,2,0,0,0,-1,101,52,50,8,8,10,5,10,9,20,13,18,29,41,34,20,1,2,1788704771.2487833,G1,T03,fermo2420_1m,1,static
124320,1,1,0,2,0,0,0,-1,50,37,125,10,8,8,10,10,9,13,10,18,29,41,45,20,1,2,1788704771.4489958,G1,T03,fermo2420_1m,1,static
124520,1,1,0,2,0,0,0,-1,97,50,106,13,10,5,13,13,10,20,9,18,29,41,52,25,1,2,1788704771.6484177,G1,T03,fermo2420_1m,1,static
124720,1,1,0,2,0,0,0,-1,37,29,162,10,8,8,5,8,13,20,9,25,29,41,52,25,1,2,1788704771.8477504,G1,T03,fermo2420_1m,1,static
124920,1,1,0,2,0,0,0,-1,58,40,101,9,8,5,10,5,13,17,8,25,29,41,45,34,1,2,1788704772.0479863,G1,T03,fermo2420_1m,1,static
125120,1,1,0,2,0,0,0,-1,53,29,85,10,13,8,5,8,10,20,13,25,29,41,34,25,1,2,1788704772.248759,G1,T03,fermo2420_1m,1,static
125320,1,1,0,2,0,0,0,-1,64,26,72,13,9,8,8,8,8,8,8,25,29,41,34,25,1,2,1788704772.4479158,G1,T03,fermo2420_1m,1,static
125520,1,1,0,2,0,0,0,-1,45,25,52,13,13,10,5,13,10,13,8,18,29,32,34,20,1,2,1788704772.6481082,G1,T03,fermo2420_1m,1,static
125720,1,1,0,2,0,0,0,-1,100,32,40,13,5,10,5,8,10,25,13,18,29,41,34,29,1,2,1788704772.8490958,G1,T03,fermo2420_1m,1,static
125920,1,1,0,2,0,0,0,-1,162,25,53,8,9,8,9,5,10,20,13,18,29,41,34,29,1,2,1788704773.0490394,G1,T03,fermo2420_1m,1,static
126120,1,1,0,2,0,0,0,-1,74,80,65,5,8,5,5,5,13,13,8,18,29,41,34,20,1,2,1788704773.2485778,G1,T03,fermo2420_1m,1,static
126320,1,1,0,2,0,0,0,-1,74,61,61,5,5,10,5,10,13,13,8,34,29,41,34,20,1,2,1788704773.4479704,G1,T03,fermo2420_1m,1,static
126520,1,1,0,2,0,0,0,-1,61,40,34,10,13,10,5,8,10,20,13,25,29,41,34,34,1,2,1788704773.6480477,G1,T03,fermo2420_1m,1,static
126720,1,1,0,2,0,0,0,-1,85,34,8,8,13,8,8,8,8,17,5,34,29,41,41,25,1,2,1788704773.8484251,G1,T03,fermo2420_1m,1,static
126920,1,1,0,2,0,0,0,-1,37,16,65,10,13,13,8,10,13,20,13,25,29,41,34,34,1,2,1788704774.0490346,G1,T03,fermo2420_1m,1,static
127120,1,1,0,2,0,0,0,-1,125,89,74,10,13,8,8,8,13,20,10,20,29,41,34,20,1,2,1788704774.2477238,G1,T03,fermo2420_1m,1,static
127320,1,1,0,2,0,0,0,-1,260,170,85,5,10,5,5,13,13,20,10,25,20,41,29,20,1,2,1788704774.4489076,G1,T03,fermo2420_1m,1,static
127520,1,1,0,2,0,0,0,-1,65,100,50,25,13,5,10,5,13,13,10,25,29,41,34,25,1,2,1788704774.6484957,G1,T03,fermo2420_1m,1,static
127720,1,1,0,2,0,0,0,-1,64,53,50,13,10,5,9,10,13,20,13,25,29,50,34,25,1,2,1788704774.8489175,G1,T03,fermo2420_1m,1,static
127920,1,1,0,2,0,0,0,-1,20,50,68,9,5,10,5,8,10,20,13,25,29,32,34,20,1,2,1788704775.048189,G1,T03,fermo2420_1m,1,static
128120,1,1,0,2,0,0,0,-1,180,65,85,5,5,5,9,8,8,13,13,25,29,32,34,20,1,2,1788704775.2486277,G1,T03,fermo2420_1m,1,static
128320,1,1,0,2,0,0,0,-1,72,13,101,8,8,13,9,5,8,20,13,25,29,50,45,20,1,2,1788704775.448566,G1,T03,fermo2420_1m,1,static
128520,1,1,0,2,0,0,0,-1,113,17,64,13,10,10,5,5,17,20,18,25,29,50,34,20,1,2,1788704775.6482368,G1,T03,fermo2420_1m,1,static
128720,1,1,0,2,0,0,0,-1,193,52,34,17,10,5,5,5,8,20,10,18,29,50,52,20,1,2,1788704775.8483062,G1,T03,fermo2420_1m,1,static
128920,1,1,0,2,0,0,0,-1,208,29,81,17,10,5,8,5,5,20,10,18,29,41,45,20,1,2,1788704776.048773,G1,T03,fermo2420_1m,1,static
129120,1,1,0,2,0,0,0,-1,52,50,97,29,10,8,5,5,10,20,13,18,29,50,34,25,1,2,1788704776.2489176,G1,T03,fermo2420_1m,1,static
129320,1,1,0,2,0,0,0,-1,117,100,100,58,9,17,5,5,10,25,13,18,29,41,34,25,1,2,1788704776.4491985,G1,T03,fermo2420_1m,1,static
129520,1,1,0,2,0,0,0,-1,61,45,50,52,5,17,5,5,10,20,8,18,29,41,34,25,1,2,1788704776.6480827,G1,T03,fermo2420_1m,1,static
129720,1,1,0,2,0,0,0,-1,148,18,25,32,8,9,5,8,10,20,8,25,40,41,34,20,1,2,1788704776.8486683,G1,T03,fermo2420_1m,1,static
129920,1,1,0,2,0,0,0,-1,52,25,13,17,10,5,5,8,5,20,13,18,29,41,45,25,1,2,1788704777.048067,G1,T03,fermo2420_1m,1,static
130120,1,1,0,2,0,0,0,-1,64,20,85,17,13,8,8,10,13,20,18,25,29,41,34,25,1,2,1788704777.2490494,G1,T03,fermo2420_1m,1,static
130320,1,1,0,2,0,0,0,-1,185,80,136,16,10,10,5,8,13,20,13,25,29,41,25,20,1,2,1788704777.449269,G1,T03,fermo2420_1m,1,static
130520,1,1,0,2,0,0,0,-1,58,25,98,5,5,10,8,4,10,34,18,25,29,41,34,20,1,2,1788704777.6489398,G1,T03,fermo2420_1m,1,static
130720,1,1,0,2,0,0,0,-1,72,29,100,13,10,10,5,5,5,20,18,32,40,41,41,25,1,2,1788704777.8491056,G1,T03,fermo2420_1m,1,static
130920,1,1,0,2,0,0,0,-1,90,20,74,10,8,10,5,5,8,25,13,34,40,41,41,25,1,2,1788704778.048202,G1,T03,fermo2420_1m,1,static
131120,1,1,0,2,0,0,0,-1,41,20,26,25,10,9,5,8,10,20,10,25,29,41,41,25,1,2,1788704778.249033,G1,T03,fermo2420_1m,1,static
131320,1,1,0,2,0,0,0,-1,106,13,5,26,17,8,8,5,8,10,5,25,40,41,34,20,1,2,1788704778.4481447,G1,T03,fermo2420_1m,1,static
131520,1,1,0,2,0,0,0,-1,136,52,10,29,17,5,8,8,13,29,10,25,40,41,41,29,1,2,1788704778.649301,G1,T03,fermo2420_1m,1,static
131720,1,1,0,2,0,0,0,-1,178,73,10,37,8,5,8,8,10,29,10,25,40,50,34,29,1,2,1788704778.848298,G1,T03,fermo2420_1m,1,static
131920,1,1,0,2,0,0,0,-1,64,29,37,8,8,17,5,5,8,20,13,25,26,32,34,20,1,2,1788704779.0482054,G1,T03,fermo2420_1m,1,static
132120,1,1,0,2,0,0,0,-1,121,29,8,20,13,10,9,8,9,20,13,25,29,32,34,20,1,2,1788704779.2489896,G1,T03,fermo2420_1m,1,static
132320,1,1,0,2,0,0,0,-1,106,29,25,20,10,5,5,5,8,20,9,25,29,41,34,25,1,2,1788704779.4487355,G1,T03,fermo2420_1m,1,static
132520,1,1,0,2,0,0,0,-1,89,13,37,25,4,17,10,5,13,20,13,32,29,52,41,13,1,2,1788704779.648334,G1,T03,fermo2420_1m,1,static
132720,1,1,0,2,0,0,0,-1,25,10,89,13,5,10,8,5,8,20,13,25,26,41,41,29,1,2,1788704779.8484237,G1,T03,fermo2420_1m,1,static
132920,1,1,0,2,0,0,0,-1,80,25,74,8,9,5,5,5,8,20,13,25,29,41,41,29,1,2,1788704780.0483806,G1,T03,fermo2420_1m,1,static
133120,1,1,0,2,0,0,0,-1,74,61,61,13,10,8,5,5,8,20,13,25,29,50,52,29,1,2,1788704780.248214,G1,T03,fermo2420_1m,1,static
133320,1,1,0,2,0,0,0,-1,265,100,52,13,10,10,5,5,8,25,13,25,29,52,52,20,1,2,1788704780.4483426,G1,T03,fermo2420_1m,1,static
133520,1,1,0,2,0,0,0,-1,116,100,52,20,9,13,8,8,8,25,13,25,29,41,52,26,1,2,1788704780.6489727,G1,T03,fermo2420_1m,1,static
133720,1,1,0,2,0,0,0,-1,202,68,65,25,9,5,5,10,8,13,8,25,29,41,34,20,1,2,1788704780.8482924,G1,T03,fermo2420_1m,1,static
133920,1,1,0,2,0,0,0,-1,40,18,41,13,5,5,8,8,10,20,10,25,29,41,34,25,1,2,1788704781.0484877,G1,T03,fermo2420_1m,1,static
134120,1,1,0,2,0,0,0,-1,64,13,41,13,10,9,5,8,13,20,13,18,29,41,34,20,1,2,1788704781.2491596,G1,T03,fermo2420_1m,1,static
134320,1,1,0,2,0,0,0,-1,45,26,25,17,10,5,5,5,10,20,13,18,29,41,34,20,1,2,1788704781.448252,G1,T03,fermo2420_1m,1,static
134520,1,1,0,2,0,0,0,-1,160,37,25,36,10,8,5,10,10,20,13,25,29,41,41,20,1,2,1788704781.6486487,G1,T03,fermo2420_1m,1,static
134720,1,1,0,2,0,0,0,-1,52,29,20,36,10,8,5,9,10,20,13,25,29,41,34,25,1,2,1788704781.8491795,G1,T03,fermo2420_1m,1,static
134920,1,1,0,2,0,0,0,-1,205,85,10,36,13,5,5,10,10,40,18,25,29,32,34,25,1,2,1788704782.048918,G1,T03,fermo2420_1m,1,static
135120,1,1,0,2,0,0,0,-1,125,50,10,26,13,13,5,8,13,13,10,25,40,50,34,25,1,2,1788704782.2486105,G1,T03,fermo2420_1m,1,static
135320,1,1,0,2,0,0,0,-1,73,26,13,26,13,8,8,10,10,20,10,18,29,41,45,29,1,2,1788704782.4489682,G1,T03,fermo2420_1m,1,static
135520,1,1,0,2,0,0,0,-1,340,137,13,26,13,8,13,9,13,17,5,13,29,34,34,34,1,2,1788704782.6489344,G1,T03,fermo2420_1m,1,static
135720,1,1,0,2,0,0,0,-1,45,26,25,20,10,10,5,9,13,20,13,18,29,34,34,29,1,2,1788704782.8483691,G1,T03,fermo2420_1m,1,static
135920,1,1,0,2,0,0,0,-1,269,61,20,40,18,5,5,5,10,20,13,18,29,41,41,25,1,2,1788704783.0492625,G1,T03,fermo2420_1m,1,static
136120,1,1,0,2,0,0,0,-1,136,45,20,40,18,5,10,9,13,20,18,25,29,41,52,34,1,2,1788704783.2493412,G1,T03,fermo2420_1m,1,static
136320,1,1,0,2,0,0,0,-1,149,85,13,40,18,5,5,13,9,20,8,18,29,41,34,25,1,2,1788704783.4489908,G1,T03,fermo2420_1m,1,static
136520,1,1,0,2,0,0,0,-1,289,90,13,29,10,8,5,13,10,20,13,25,40,41,34,20,1,2,1788704783.6493504,G1,T03,fermo2420_1m,1,static
136720,1,1,0,2,0,0,0,-1,98,73,41,34,13,10,8,8,9,20,13,25,29,41,41,20,1,2,1788704783.849085,G1,T03,fermo2420_1m,1,static
136920,1,1,0,2,0,0,0,-1,113,45,32,34,13,10,5,5,8,20,13,25,29,41,41,20,1,2,1788704784.0492094,G1,T03,fermo2420_1m,1,static
137120,1,1,0,2,0,0,0,-1,80,13,17,32,10,10,13,10,8,20,8,25,29,41,41,20,1,2,1788704784.2492585,G1,T03,fermo2420_1m,1,static
137320,1,1,0,2,0,0,0,-1,116,17,17,20,10,10,5,8,13,20,8,32,29,41,45,20,1,2,1788704784.449334,G1,T03,fermo2420_1m,1,static
137520,1,1,0,2,0,0,0,-1,37,13,8,13,10,13,5,8,10,20,8,20,29,32,45,20,1,2,1788704784.6492343,G1,T03,fermo2420_1m,1,static
137720,1,1,0,2,0,0,0,-1,68,37,8,25,5,10,10,13,9,20,10,18,29,41,45,25,1,2,1788704784.8492894,G1,T03,fermo2420_1m,1,static
137920,1,1,0,2,0,0,0,-1,65,10,8,25,8,13,5,10,10,13,5,18,29,50,45,20,1,2,1788704785.049089,G1,T03,fermo2420_1m,1,static
138120,1,1,0,2,0,0,0,-1,73,20,10,18,8,10,5,13,17,29,10,25,40,41,34,25,1,2,1788704785.2492707,G1,T03,fermo2420_1m,1,static
138320,1,1,0,2,0,0,0,-1,90,20,17,18,5,13,5,13,5,17,10,25,26,41,34,20,1,2,1788704785.4492922,G1,T03,fermo2420_1m,1,static
138520,1,1,0,2,0,0,0,-1,40,18,61,29,8,9,8,9,13,20,13,25,29,41,34,25,1,2,1788704785.6488316,G1,T03,fermo2420_1m,1,static
138720,1,1,0,2,0,0,0,-1,261,53,90,26,8,10,5,8,17,20,13,25,29,41,34,25,1,2,1788704785.8492,G1,T03,fermo2420_1m,1,static
138920,1,1,0,2,0,0,0,-1,160,40,85,17,5,5,5,8,13,20,13,18,29,41,34,20,1,2,1788704786.0484097,G1,T03,fermo2420_1m,1,static
139120,1,1,0,2,0,0,0,-1,40,29,40,10,5,8,5,8,13,20,13,18,29,41,34,25,1,2,1788704786.248716,G1,T03,fermo2420_1m,1,static
139320,1,1,0,2,0,0,0,-1,52,25,13,13,10,8,5,9,9,20,13,20,34,50,34,25,1,2,1788704786.448285,G1,T03,fermo2420_1m,1,static
139520,1,1,0,2,0,0,0,-1,45,40,36,13,20,4,5,8,10,25,18,34,34,41,34,17,1,2,1788704786.6492522,G1,T03,fermo2420_1m,1,static
139720,1,1,0,2,0,0,0,-1,130,50,17,8,13,10,5,8,10,20,8,25,29,41,41,25,1,2,1788704786.849185,G1,T03,fermo2420_1m,1,static
139920,1,1,0,2,0,0,0,-1,52,13,10,10,17,8,10,13,10,20,5,18,29,41,41,18,1,2,1788704787.0494108,G1,T03,fermo2420_1m,1,static
140120,1,1,0,2,0,0,0,-1,80,37,13,5,17,5,5,9,10,20,8,18,29,41,34,20,1,2,1788704787.248876,G1,T03,fermo2420_1m,1,static
140320,1,1,0,2,0,0,0,-1,65,17,10,9,10,5,10,5,8,20,8,25,29,41,34,29,1,2,1788704787.4482589,G1,T03,fermo2420_1m,1,static
140520,1,1,0,2,0,0,0,-1,145,65,8,9,20,9,10,8,10,20,13,18,29,41,41,34,1,2,1788704787.6493204,G1,T03,fermo2420_1m,1,static
140720,1,1,0,2,0,0,0,-1,85,26,18,13,10,13,10,10,10,20,5,18,29,41,41,34,1,2,1788704787.8494995,G1,T03,fermo2420_1m,1,static
140920,1,1,0,2,0,0,0,-1,80,50,65,5,10,8,5,13,13,17,13,25,29,32,34,25,1,2,1788704788.0493286,G1,T03,fermo2420_1m,1,static
141120,1,1,0,2,0,0,0,-1,185,53,80,10,10,5,5,9,13,17,13,18,29,32,34,20,1,2,1788704788.2488189,G1,T03,fermo2420_1m,1,static
141320,1,1,0,2,0,0,0,-1,45,18,40,10,10,8,8,9,13,25,13,18,29,32,34,20,1,2,1788704788.4489026,G1,T03,fermo2420_1m,1,static
141520,1,1,0,2,0,0,0,-1,104,90,25,13,10,9,5,10,17,25,13,25,29,41,34,20,1,2,1788704788.6491444,G1,T03,fermo2420_1m,1,static
141720,1,1,0,2,0,0,0,-1,116,40,10,20,10,5,8,8,10,13,5,25,29,41,34,25,1,2,1788704788.8493092,G1,T03,fermo2420_1m,1,static
141920,1,1,0,2,0,0,0,-1,74,40,10,29,10,9,5,8,13,13,5,25,29,41,34,29,1,2,1788704789.049401,G1,T03,fermo2420_1m,1,static
142120,1,1,0,2,0,0,0,-1,50,13,10,34,13,10,5,8,8,13,13,25,29,41,34,20,1,2,1788704789.2488165,G1,T03,fermo2420_1m,1,static
142320,1,1,0,2,0,0,0,-1,116,32,10,29,20,5,8,5,8,20,13,25,29,41,34,20,1,2,1788704789.4493256,G1,T03,fermo2420_1m,1,static
142520,1,1,0,2,0,0,0,-1,122,45,20,16,17,5,8,5,13,20,13,34,29,41,45,20,1,2,1788704789.6491954,G1,T03,fermo2420_1m,1,static
142720,1,1,0,2,0,0,0,-1,122,81,50,10,10,9,5,8,10,29,13,18,29,41,34,20,1,2,1788704789.8489995,G1,T03,fermo2420_1m,1,static
142920,1,1,0,2,0,0,0,-1,90,20,73,10,10,9,5,5,10,20,13,18,29,41,34,25,1,2,1788704790.0493271,G1,T03,fermo2420_1m,1,static
143120,1,1,0,2,0,0,0,-1,20,41,89,13,10,8,9,8,8,20,13,18,29,41,29,20,1,2,1788704790.2487504,G1,T03,fermo2420_1m,1,static
143320,1,1,0,2,0,0,0,-1,137,29,113,5,10,5,13,10,10,29,13,18,26,41,41,25,1,2,1788704790.4491415,G1,T03,fermo2420_1m,1,static
143520,1,1,0,2,0,0,0,-1,32,13,98,10,10,9,8,10,13,20,13,18,29,41,34,25,1,2,1788704790.6494694,G1,T03,fermo2420_1m,1,static
143720,1,1,0,2,0,0,0,-1,68,34,113,20,17,8,5,8,13,29,8,18,29,41,34,25,1,2,1788704790.849439,G1,T03,fermo2420_1m,1,static
143920,1,1,0,2,0,0,0,-1,260,68,100,20,20,8,8,9,17,29,8,18,29,41,34,25,1,2,1788704791.0494025,G1,T03,fermo2420_1m,1,static
144120,1,1,0,2,0,0,0,-1,121,25,49,10,10,9,5,5,10,20,13,25,34,41,34,20,1,2,1788704791.249431,G1,T03,fermo2420_1m,1,static
144320,1,1,0,2,0,0,0,-1,98,65,41,13,17,5,8,5,10,25,13,18,29,41,34,25,1,2,1788704791.4494722,G1,T03,fermo2420_1m,1,static
144520,1,1,0,2,0,0,0,-1,130,73,80,29,13,9,5,8,10,25,13,25,29,41,45,29,1,2,1788704791.6491292,G1,T03,fermo2420_1m,1,static
144720,1,1,0,2,0,0,0,-1,65,26,137,36,5,5,5,5,8,25,13,25,29,41,45,20,1,2,1788704791.8485818,G1,T03,fermo2420_1m,1,static
144920,1,1,0,2,0,0,0,-1,98,20,82,20,10,5,9,10,18,20,13,25,29,41,34,20,1,2,1788704792.0489464,G1,T03,fermo2420_1m,1,static
145120,1,1,0,2,0,0,0,-1,74,25,136,13,8,10,5,9,13,20,13,25,34,52,34,20,1,2,1788704792.2496066,G1,T03,fermo2420_1m,1,static
145320,1,1,0,2,0,0,0,-1,197,130,40,9,13,10,8,8,10,20,13,25,34,41,34,20,1,2,1788704792.4495976,G1,T03,fermo2420_1m,1,static
145520,1,1,0,2,0,0,0,-1,98,29,52,9,9,8,5,8,10,20,13,25,29,41,52,25,1,2,1788704792.6485684,G1,T03,fermo2420_1m,1,static
145720,1,1,0,2,0,0,0,-1,65,40,37,8,5,5,4,8,10,20,13,25,29,41,45,20,1,2,1788704792.848884,G1,T03,fermo2420_1m,1,static
145920,1,1,0,2,0,0,0,-1,113,52,90,9,8,5,4,8,10,34,20,32,29,41,45,20,1,2,1788704793.0494075,G1,T03,fermo2420_1m,1,static
146120,1,1,0,2,0,0,0,-1,65,72,136,13,10,5,9,8,9,25,8,25,29,41,45,17,1,2,1788704793.249233,G1,T03,fermo2420_1m,1,static
146320,1,1,0,2,0,0,0,-1,65,40,98,26,10,10,5,5,9,25,8,20,29,50,45,29,1,2,1788704793.4485834,G1,T03,fermo2420_1m,1,static
146520,1,1,0,2,0,0,0,-1,170,37,72,29,8,8,5,5,9,20,13,25,29,41,45,34,1,2,1788704793.6485043,G1,T03,fermo2420_1m,1,static
146720,1,1,0,2,0,0,0,-1,338,85,72,26,10,5,5,5,9,13,10,18,29,41,34,25,1,2,1788704793.849394,G1,T03,fermo2420_1m,1,static
146920,1,1,0,2,0,0,0,-1,85,65,36,37,8,10,5,8,10,13,13,18,29,41,34,20,1,2,1788704794.0495496,G1,T03,fermo2420_1m,1,static
147120,1,1,0,2,0,0,0,-1,74,18,26,26,8,5,8,8,10,20,13,18,40,41,34,20,1,2,1788704794.248714,G1,T03,fermo2420_1m,1,static
147320,1,1,0,2,0,0,0,-1,52,20,13,26,10,8,5,8,10,20,13,18,29,41,41,20,1,2,1788704794.449615,G1,T03,fermo2420_1m,1,static
147520,1,1,0,2,0,0,0,-1,34,10,10,29,8,10,10,8,13,20,13,18,29,41,34,20,1,2,1788704794.649437,G1,T03,fermo2420_1m,1,static
147720,1,1,0,2,0,0,0,-1,85,17,10,9,10,10,5,8,13,29,18,18,29,41,34,20,1,2,1788704794.8489006,G1,T03,fermo2420_1m,1,static
147920,1,1,0,2,0,0,0,-1,256,113,68,20,8,10,5,10,13,29,18,25,29,41,34,20,1,2,1788704795.0494685,G1,T03,fermo2420_1m,1,static
148120,1,1,0,2,0,0,0,-1,72,45,80,18,9,8,8,10,9,20,13,32,29,41,34,20,1,2,1788704795.2490623,G1,T03,fermo2420_1m,1,static
148320,1,1,0,2,0,0,0,-1,25,10,53,18,13,9,8,8,13,20,13,25,20,32,34,20,1,2,1788704795.4495833,G1,T03,fermo2420_1m,1,static
148520,1,1,0,2,0,0,0,-1,52,17,26,20,5,8,5,8,13,20,8,25,29,32,34,20,1,2,1788704795.6491423,G1,T03,fermo2420_1m,1,static
148720,1,1,0,2,0,0,0,-1,36,16,17,25,5,5,5,10,13,20,13,18,29,41,45,29,1,2,1788704795.8492095,G1,T03,fermo2420_1m,1,static
148920,1,1,0,2,0,0,0,-1,32,16,13,17,10,5,5,5,13,17,8,13,20,41,34,25,1,2,1788704796.049506,G1,T03,fermo2420_1m,1,static
149120,1,1,0,2,0,0,0,-1,61,18,53,25,10,13,8,10,10,20,13,25,20,41,52,34,1,2,1788704796.2491765,G1,T03,fermo2420_1m,1,static
149320,1,1,0,2,0,0,0,-1,85,20,68,20,10,10,8,8,10,20,13,25,29,32,41,20,1,2,1788704796.448938,G1,T03,fermo2420_1m,1,static
149520,1,1,0,2,0,0,0,-1,68,34,80,13,9,10,8,5,10,20,13,25,20,41,52,34,1,2,1788704796.649548,G1,T03,fermo2420_1m,1,static
149720,1,1,0,2,0,0,0,-1,37,13,73,5,13,10,5,8,17,20,13,18,29,41,45,29,1,2,1788704796.848942,G1,T03,fermo2420_1m,1,static
149920,1,1,0,2,0,0,0,-1,80,40,65,5,5,10,5,9,9,20,13,18,29,32,45,34,1,2,1788704797.049384,G1,T03,fermo2420_1m,1,static
150120,1,1,0,2,0,0,0,-1,40,16,37,5,10,9,5,8,10,20,13,25,34,41,45,34,1,2,1788704797.2494414,G1,T03,fermo2420_1m,1,static
150320,1,1,0,2,0,0,0,-1,117,34,36,8,5,5,4,8,13,20,13,18,29,41,45,25,1,2,1788704797.4494028,G1,T03,fermo2420_1m,1,static
150520,1,1,0,2,0,0,0,-1,104,29,37,8,10,5,5,10,13,34,13,18,29,41,34,25,1,2,1788704797.6489432,G1,T03,fermo2420_1m,1,static
150720,1,1,0,2,0,0,0,-1,49,25,58,25,17,5,13,5,9,29,13,18,40,50,34,25,1,2,1788704797.8491616,G1,T03,fermo2420_1m,1,static
150920,1,1,0,2,0,0,0,-1,45,40,29,17,10,9,5,5,13,25,8,25,29,50,45,25,1,2,1788704798.049404,G1,T03,fermo2420_1m,1,static
151120,1,1,0,2,0,0,0,-1,145,17,18,26,10,13,5,13,10,20,8,25,29,50,34,20,1,2,1788704798.2493193,G1,T03,fermo2420_1m,1,static
151320,1,1,0,2,0,0,0,-1,52,20,20,18,5,9,5,10,5,20,10,25,29,41,34,20,1,2,1788704798.4494774,G1,T03,fermo2420_1m,1,static
151520,1,1,0,2,0,0,0,-1,122,26,17,25,5,5,5,10,5,20,5,18,17,41,34,20,1,2,1788704798.6491868,G1,T03,fermo2420_1m,1,static
151720,1,1,0,2,0,0,0,-1,229,29,8,20,10,8,9,8,8,20,8,13,20,52,41,25,1,2,1788704798.8487427,G1,T03,fermo2420_1m,1,static
151920,1,1,0,2,0,0,0,-1,65,26,10,16,10,5,5,5,20,17,13,13,20,41,34,18,1,2,1788704799.0493777,G1,T03,fermo2420_1m,1,static
152120,1,1,0,2,0,0,0,-1,85,49,29,17,10,5,8,10,10,20,10,25,20,41,34,25,1,2,1788704799.2496948,G1,T03,fermo2420_1m,1,static
152320,1,1,0,2,0,0,0,-1,178,52,40,13,17,10,5,9,10,29,13,34,20,41,34,25,1,2,1788704799.449744,G1,T03,fermo2420_1m,1,static
152520,1,1,0,2,0,0,0,-1,130,36,34,17,16,10,10,8,17,29,13,25,40,50,34,25,1,2,1788704799.6491547,G1,T03,fermo2420_1m,1,static
152720,1,1,0,2,0,0,0,-1,58,20,37,17,9,10,5,8,13,20,10,25,40,50,34,20,1,2,1788704799.8492546,G1,T03,fermo2420_1m,1,static
152920,1,1,0,2,0,0,0,-1,89,72,68,20,10,10,5,13,13,20,13,25,34,41,34,20,1,2,1788704800.0498843,G1,T03,fermo2420_1m,1,static
153120,1,1,0,2,0,0,0,-1,137,37,113,10,10,8,5,13,9,29,18,25,29,50,34,29,1,2,1788704800.249876,G1,T03,fermo2420_1m,1,static
153320,1,1,0,2,0,0,0,-1,65,25,169,10,8,10,5,8,13,20,13,25,29,50,34,20,1,2,1788704800.449729,G1,T03,fermo2420_1m,1,static
153520,1,1,0,2,0,0,0,-1,61,17,125,25,16,10,5,18,20,29,8,25,29,41,34,20,1,2,1788704800.649354,G1,T03,fermo2420_1m,1,static
153720,1,1,0,2,0,0,0,-1,233,85,121,13,10,5,9,18,13,25,10,25,34,50,52,20,1,2,1788704800.849986,G1,T03,fermo2420_1m,1,static
153920,1,1,0,2,0,0,0,-1,314,89,101,25,10,8,5,13,13,20,5,25,29,50,34,20,1,2,1788704801.0497122,G1,T03,fermo2420_1m,1,static
154120,1,1,0,2,0,0,0,-1,245,64,80,25,10,5,5,8,13,17,10,25,29,41,34,25,1,2,1788704801.2497368,G1,T03,fermo2420_1m,1,static
154320,1,1,0,2,0,0,0,-1,180,50,61,20,10,10,8,8,13,25,13,25,34,41,34,25,1,2,1788704801.449818,G1,T03,fermo2420_1m,1,static
154520,1,1,0,2,0,0,0,-1,180,72,41,13,5,10,9,9,18,20,13,25,34,41,41,25,1,2,1788704801.648913,G1,T03,fermo2420_1m,1,static
154720,1,1,0,2,0,0,0,-1,73,20,29,13,10,8,5,8,10,20,13,25,34,41,34,25,1,2,1788704801.8494568,G1,T03,fermo2420_1m,1,static
154920,1,1,0,2,0,0,0,-1,229,37,45,16,10,13,5,8,10,25,13,25,29,32,34,25,1,2,1788704802.0497682,G1,T03,fermo2420_1m,1,static
155120,1,1,0,2,0,0,0,-1,73,17,61,20,13,10,8,8,10,18,10,18,29,41,34,25,1,2,1788704802.2497947,G1,T03,fermo2420_1m,1,static
155320,1,1,0,2,0,0,0,-1,49,45,50,20,17,5,5,5,10,25,13,25,29,41,34,25,1,2,1788704802.4496715,G1,T03,fermo2420_1m,1,static
155520,1,1,0,2,0,0,0,-1,73,29,32,10,10,9,8,10,9,20,10,13,29,41,34,25,1,2,1788704802.6493685,G1,T03,fermo2420_1m,1,static
155720,1,1,0,2,0,0,0,-1,122,26,18,8,10,8,5,5,10,20,10,18,29,41,41,25,1,2,1788704802.8494534,G1,T03,fermo2420_1m,1,static
155920,1,1,0,2,0,0,0,-1,125,45,5,5,10,10,5,5,13,10,10,18,29,41,34,25,1,2,1788704803.0500154,G1,T03,fermo2420_1m,1,static
156120,1,1,0,2,0,0,0,-1,82,25,10,8,10,8,5,5,13,20,13,25,29,41,34,25,1,2,1788704803.2496278,G1,T03,fermo2420_1m,1,static
156320,1,1,0,2,0,0,0,-1,226,45,10,10,10,5,5,5,13,20,13,25,29,41,34,25,1,2,1788704803.449564,G1,T03,fermo2420_1m,1,static
156520,1,1,0,2,0,0,0,-1,73,18,5,8,10,5,5,5,18,20,13,25,29,41,45,29,1,2,1788704803.649065,G1,T03,fermo2420_1m,1,static
156720,1,1,0,2,0,0,0,-1,85,25,5,5,10,8,5,5,8,13,20,32,29,41,34,29,1,2,1788704803.8493743,G1,T03,fermo2420_1m,1,static
156920,1,1,0,2,0,0,0,-1,65,26,8,8,5,10,5,8,8,20,25,25,29,50,52,29,1,2,1788704804.0489497,G1,T03,fermo2420_1m,1,static
157120,1,1,0,2,0,0,0,-1,148,65,5,5,10,8,8,10,8,25,13,25,29,41,45,29,1,2,1788704804.249321,G1,T03,fermo2420_1m,1,static
157320,1,1,0,2,0,0,0,-1,265,100,73,10,13,5,5,8,13,20,13,32,29,41,34,29,1,2,1788704804.44927,G1,T03,fermo2420_1m,1,static
157520,1,1,0,2,0,0,0,-1,178,64,113,32,5,8,5,8,13,20,8,25,29,32,29,20,1,2,1788704804.6495974,G1,T03,fermo2420_1m,1,static
157720,1,1,0,2,0,0,0,-1,116,20,50,40,18,8,5,5,13,20,13,25,29,41,41,25,1,2,1788704804.8499372,G1,T03,fermo2420_1m,1,static
157920,1,1,0,2,0,0,0,-1,53,20,58,49,5,5,5,8,13,20,13,25,20,41,41,25,1,2,1788704805.0494459,G1,T03,fermo2420_1m,1,static
158120,1,1,0,2,0,0,0,-1,100,20,26,37,5,5,8,9,13,20,13,41,29,50,41,25,1,2,1788704805.2496855,G1,T03,fermo2420_1m,1,static
158320,1,1,0,2,0,0,0,-1,221,26,85,41,9,8,5,10,10,20,13,32,45,41,34,20,1,2,1788704805.449675,G1,T03,fermo2420_1m,1,static
158520,1,1,0,2,0,0,0,-1,349,65,90,16,13,10,5,5,17,25,13,25,34,52,41,25,1,2,1788704805.6497955,G1,T03,fermo2420_1m,1,static
158720,1,1,0,2,0,0,0,-1,65,45,117,8,10,8,5,5,13,20,8,18,29,52,41,25,1,2,1788704805.8493137,G1,T03,fermo2420_1m,1,static
158920,1,1,0,2,0,0,0,-1,50,50,82,9,10,17,5,5,13,34,10,18,29,32,34,25,1,2,1788704806.0492446,G1,T03,fermo2420_1m,1,static
159120,1,1,0,2,0,0,0,-1,229,80,72,17,17,10,5,13,10,34,13,25,29,32,34,25,1,2,1788704806.2496412,G1,T03,fermo2420_1m,1,static
159320,1,1,0,2,0,0,0,-1,65,18,25,17,9,9,5,9,10,20,10,18,29,41,45,20,1,2,1788704806.4494946,G1,T03,fermo2420_1m,1,static
159520,1,1,0,2,0,0,0,-1,72,13,25,13,9,5,8,9,10,25,13,25,20,32,45,29,1,2,1788704806.6495512,G1,T03,fermo2420_1m,1,static
159720,1,1,0,2,0,0,0,-1,34,18,17,5,10,5,5,10,10,25,10,18,29,50,34,25,1,2,1788704806.8491414,G1,T03,fermo2420_1m,1,static
159920,1,1,0,2,0,0,0,-1,32,20,20,10,9,10,8,10,10,20,13,20,26,41,34,25,1,2,1788704807.0493846,G1,T03,fermo2420_1m,1,static
160120,1,1,0,2,0,0,0,-1,49,34,29,13,10,8,5,8,5,20,10,18,40,50,41,25,1,2,1788704807.24974,G1,T03,fermo2420_1m,1,static
160320,1,1,0,2,0,0,0,-1,41,20,10,10,13,8,10,8,10,20,13,18,29,50,41,25,1,2,1788704807.4493124,G1,T03,fermo2420_1m,1,static
160520,1,1,0,2,0,0,0,-1,117,26,13,17,9,5,5,5,13,13,13,25,40,50,41,25,1,2,1788704807.6499367,G1,T03,fermo2420_1m,1,static
160720,1,1,0,2,0,0,0,-1,106,50,20,29,13,9,5,8,8,20,8,25,29,50,34,25,1,2,1788704807.8498166,G1,T03,fermo2420_1m,1,static
160920,1,1,0,2,0,0,0,-1,64,32,10,29,17,10,8,10,8,20,18,25,29,41,34,25,1,2,1788704808.0500767,G1,T03,fermo2420_1m,1,static
161120,1,1,0,2,0,0,0,-1,121,50,10,29,17,8,5,5,10,20,13,25,29,41,41,25,1,2,1788704808.2500706,G1,T03,fermo2420_1m,1,static
161320,1,1,0,2,0,0,0,-1,82,17,5,26,20,9,13,10,5,25,18,25,29,41,41,25,1,2,1788704808.4499085,G1,T03,fermo2420_1m,1,static
161520,1,1,0,2,0,0,0,-1,136,25,50,17,17,5,5,10,8,25,13,25,29,32,34,20,1,2,1788704808.6495838,G1,T03,fermo2420_1m,1,static
161720,1,1,0,2,0,0,0,-1,296,85,100,20,20,5,5,10,10,25,13,25,29,32,34,20,1,2,1788704808.850255,G1,T03,fermo2420_1m,1,static
161920,1,1,0,2,0,0,0,-1,53,20,73,13,17,13,8,9,10,25,13,25,29,41,34,25,1,2,1788704809.0500767,G1,T03,fermo2420_1m,1,static
162120,1,1,0,2,0,0,0,-1,49,25,20,10,17,8,5,10,13,13,13,25,29,41,34,20,1,2,1788704809.2501023,G1,T03,fermo2420_1m,1,static
162320,1,1,0,2,0,0,0,-1,68,29,8,17,17,8,5,5,13,20,8,25,29,41,34,20,1,2,1788704809.4493563,G1,T03,fermo2420_1m,1,static
162520,1,1,0,2,0,0,0,-1,80,34,18,9,10,5,9,8,13,20,8,18,29,41,45,34,1,2,1788704809.6494768,G1,T03,fermo2420_1m,1,static
162720,1,1,0,2,0,0,0,-1,250,89,18,9,10,5,5,8,10,20,8,18,29,41,34,29,1,2,1788704809.8499012,G1,T03,fermo2420_1m,1,static
162920,1,1,0,2,0,0,0,-1,106,106,13,10,10,5,8,5,10,20,13,25,29,41,34,25,1,2,1788704810.0499554,G1,T03,fermo2420_1m,1,static
163120,1,1,0,2,0,0,0,-1,29,26,10,9,20,5,5,5,13,20,18,20,25,41,34,34,1,2,1788704810.2499404,G1,T03,fermo2420_1m,1,static
163320,1,1,0,2,0,0,0,-1,106,37,8,5,13,9,8,5,13,20,13,25,40,50,45,29,1,2,1788704810.4490654,G1,T03,fermo2420_1m,1,static
163520,1,1,0,2,0,0,0,-1,61,36,29,9,10,8,10,8,9,20,8,25,40,50,45,25,1,2,1788704810.6491237,G1,T03,fermo2420_1m,1,static
163720,1,1,0,2,0,0,0,-1,232,97,29,5,10,8,5,9,10,25,13,25,40,50,45,25,1,2,1788704810.8491316,G1,T03,fermo2420_1m,1,static
163920,1,1,0,2,0,0,0,-1,45,25,26,5,17,5,5,10,8,20,8,25,40,50,45,20,1,2,1788704811.0490527,G1,T03,fermo2420_1m,1,static
164120,1,1,0,2,0,0,0,-1,197,58,17,8,16,10,5,13,13,20,8,20,20,50,41,29,1,2,1788704811.2499464,G1,T03,fermo2420_1m,1,static
164320,1,1,0,2,0,0,0,-1,65,25,36,10,9,10,5,8,13,25,25,25,20,50,41,20,1,2,1788704811.4493558,G1,T03,fermo2420_1m,1,static
164520,1,1,0,2,0,0,0,-1,104,20,81,8,16,5,5,10,20,20,8,25,29,50,41,25,1,2,1788704811.6494634,G1,T03,fermo2420_1m,1,static
164720,1,1,0,2,0,0,0,-1,53,34,100,25,16,5,5,13,5,25,13,25,29,50,41,25,1,2,1788704811.8497143,G1,T03,fermo2420_1m,1,static
164920,1,1,0,2,0,0,0,-1,50,32,80,25,13,13,5,13,5,25,13,25,40,50,34,20,1,2,1788704812.050129,G1,T03,fermo2420_1m,1,static
165120,1,1,0,2,0,0,0,-1,113,16,65,25,9,5,5,8,8,25,13,32,40,50,34,29,1,2,1788704812.249972,G1,T03,fermo2420_1m,1,static
165320,1,1,0,2,0,0,0,-1,306,73,29,13,9,5,8,10,10,20,8,20,26,32,25,32,1,2,1788704812.449597,G1,T03,fermo2420_1m,1,static
165520,1,1,0,2,0,0,0,-1,221,37,41,20,9,5,8,10,10,20,8,20,26,32,34,25,1,2,1788704812.6493926,G1,T03,fermo2420_1m,1,static
165720,1,1,0,2,0,0,0,-1,185,52,50,34,13,5,10,13,10,20,13,20,26,41,34,20,1,2,1788704812.8494859,G1,T03,fermo2420_1m,1,static
165920,1,1,0,2,0,0,0,-1,170,25,29,25,9,5,8,16,10,20,13,25,29,41,45,20,1,2,1788704813.0494184,G1,T03,fermo2420_1m,1,static
166120,1,1,0,2,0,0,0,-1,45,25,40,20,9,10,10,5,13,18,10,25,26,41,52,25,1,2,1788704813.250107,G1,T03,fermo2420_1m,1,static
166320,1,1,0,2,0,0,0,-1,290,58,68,13,9,5,5,5,8,18,10,25,29,41,52,25,1,2,1788704813.4500387,G1,T03,fermo2420_1m,1,static
166520,1,1,0,2,0,0,0,-1,61,40,74,10,8,9,9,8,5,20,8,18,26,32,41,25,1,2,1788704813.6495829,G1,T03,fermo2420_1m,1,static
166720,1,1,0,2,0,0,0,-1,145,45,73,5,10,8,5,5,8,20,10,25,29,32,45,25,1,2,1788704813.849944,G1,T03,fermo2420_1m,1,static
166920,1,1,0,2,0,0,0,-1,61,13,80,10,17,8,5,10,13,32,10,25,29,41,25,25,1,2,1788704814.0502338,G1,T03,fermo2420_1m,1,static
167120,1,1,0,2,0,0,0,-1,80,26,80,9,10,10,5,8,10,25,10,18,29,41,34,25,1,2,1788704814.2501204,G1,T03,fermo2420_1m,1,static
167320,1,1,0,2,0,0,0,-1,65,20,58,13,17,10,8,10,10,25,13,25,26,41,34,25,1,2,1788704814.450613,G1,T03,fermo2420_1m,1,static
167520,1,1,0,2,0,0,0,-1,80,25,50,8,10,10,10,5,5,13,10,18,26,52,34,25,1,2,1788704814.6501176,G1,T03,fermo2420_1m,1,static
167720,1,1,0,2,0,0,0,-1,146,80,40,9,17,5,5,8,10,20,13,25,40,50,45,20,1,2,1788704814.8493524,G1,T03,fermo2420_1m,1,static
167920,1,1,0,2,0,0,0,-1,29,85,41,13,5,10,10,5,10,20,13,25,29,50,52,25,1,2,1788704815.0502374,G1,T03,fermo2420_1m,1,static
168120,1,1,0,2,0,0,0,-1,128,53,52,9,10,5,5,8,10,20,8,25,29,50,45,20,1,2,1788704815.249937,G1,T03,fermo2420_1m,1,static
168320,1,1,0,2,0,0,0,-1,74,26,40,20,10,10,5,8,10,20,8,25,29,50,45,20,1,2,1788704815.450263,G1,T03,fermo2420_1m,1,static
168520,1,1,0,2,0,0,0,-1,425,116,40,20,16,10,5,8,10,34,13,25,20,41,41,20,1,2,1788704815.6497257,G1,T03,fermo2420_1m,1,static
168720,1,1,0,2,0,0,0,-1,85,52,37,20,10,8,8,5,13,20,10,18,29,41,41,29,1,2,1788704815.8496583,G1,T03,fermo2420_1m,1,static
168920,1,1,0,2,0,0,0,-1,116,37,45,52,17,10,8,5,10,20,13,18,29,41,34,20,1,2,1788704816.0504146,G1,T03,fermo2420_1m,1,static
169120,1,1,0,2,0,0,0,-1,25,17,80,85,8,8,8,5,13,20,13,18,29,50,34,20,1,2,1788704816.2501495,G1,T03,fermo2420_1m,1,static
169320,1,1,0,2,0,0,0,-1,128,26,26,65,8,5,5,5,10,25,10,18,29,41,34,20,1,2,1788704816.4502065,G1,T03,fermo2420_1m,1,static
169520,1,1,0,2,0,0,0,-1,65,25,29,80,8,9,5,9,10,25,8,25,29,41,34,25,1,2,1788704816.6500196,G1,T03,fermo2420_1m,1,static
169720,1,1,0,2,0,0,0,-1,74,34,52,58,13,10,5,9,13,25,20,32,29,50,45,25,1,2,1788704816.8496866,G1,T03,fermo2420_1m,1,static
169920,1,1,0,2,0,0,0,-1,212,32,85,68,9,9,5,9,10,25,13,32,45,61,45,25,1,2,1788704817.0496912,G1,T03,fermo2420_1m,1,static
170120,1,1,0,2,0,0,0,-1,101,50,45,68,8,13,5,8,10,25,13,25,34,50,34,25,1,2,1788704817.2502062,G1,T03,fermo2420_1m,1,static
170320,1,1,0,2,0,0,0,-1,90,20,40,68,8,13,8,10,10,20,13,32,40,41,34,34,1,2,1788704817.4496286,G1,T03,fermo2420_1m,1,static
170520,1,1,0,2,0,0,0,-1,58,13,40,68,9,10,5,5,10,20,13,25,34,41,34,20,1,2,1788704817.650415,G1,T03,fermo2420_1m,1,static
170720,1,1,0,2,0,0,0,-1,61,52,65,68,5,13,8,5,17,25,13,25,34,41,34,20,1,2,1788704817.8501203,G1,T03,fermo2420_1m,1,static
170920,1,1,0,2,0,0,0,-1,50,16,106,45,10,10,8,8,10,25,13,25,29,41,34,20,1,2,1788704818.0505433,G1,T03,fermo2420_1m,1,static
171120,1,1,0,2,0,0,0,-1,85,41,72,45,5,8,8,8,10,20,13,25,29,41,34,20,1,2,1788704818.2502656,G1,T03,fermo2420_1m,1,static
171320,1,1,0,2,0,0,0,-1,29,37,100,29,5,9,5,8,9,20,13,25,29,41,34,20,1,2,1788704818.450163,G1,T03,fermo2420_1m,1,static
171520,1,1,0,2,0,0,0,-1,34,20,45,40,5,10,5,8,9,20,13,25,29,41,34,25,1,2,1788704818.6496131,G1,T03,fermo2420_1m,1,static
171720,1,1,0,2,0,0,0,-1,72,85,9,50,8,10,5,8,5,25,13,25,29,41,34,25,1,2,1788704818.8498168,G1,T03,fermo2420_1m,1,static
171920,1,1,0,2,0,0,0,-1,40,13,20,36,8,10,10,5,8,20,8,25,29,41,34,25,1,2,1788704819.0501568,G1,T03,fermo2420_1m,1,static
172120,1,1,0,2,0,0,0,-1,234,37,17,36,8,13,5,9,8,13,8,25,29,41,41,32,1,2,1788704819.2501502,G1,T03,fermo2420_1m,1,static
172320,1,1,0,2,0,0,0,-1,82,36,13,25,10,5,5,5,13,20,13,25,29,41,45,25,1,2,1788704819.4503837,G1,T03,fermo2420_1m,1,static
172520,1,1,0,2,0,0,0,-1,58,13,8,40,13,10,10,5,10,20,13,25,34,41,34,20,1,2,1788704819.6504416,G1,T03,fermo2420_1m,1,static
172720,1,1,0,2,0,0,0,-1,53,18,20,45,10,9,10,8,10,13,10,25,34,52,41,25,1,2,1788704819.8504384,G1,T03,fermo2420_1m,1,static
172920,1,1,0,2,0,0,0,-1,52,17,17,40,5,9,8,8,13,20,10,18,34,52,52,34,1,2,1788704820.0500534,G1,T03,fermo2420_1m,1,static
173120,1,1,0,2,0,0,0,-1,85,25,36,52,5,10,10,8,10,29,13,25,20,52,52,34,1,2,1788704820.2499554,G1,T03,fermo2420_1m,1,static
173320,1,1,0,2,0,0,0,-1,73,13,37,52,8,13,8,5,8,13,13,25,29,32,34,25,1,2,1788704820.449626,G1,T03,fermo2420_1m,1,static
173520,1,1,0,2,0,0,0,-1,144,61,9,65,10,13,8,10,8,20,18,41,34,41,34,25,1,2,1788704820.649951,G1,T03,fermo2420_1m,1,static
173720,1,1,0,2,0,0,0,-1,72,25,10,25,9,13,8,10,8,13,13,25,29,41,34,25,1,2,1788704820.849815,G1,T03,fermo2420_1m,1,static
173920,1,1,0,2,0,0,0,-1,82,25,10,34,10,10,5,5,18,20,13,25,29,41,41,25,1,2,1788704821.0504508,G1,T03,fermo2420_1m,1,static
174120,1,1,0,2,0,0,0,-1,40,18,9,34,5,10,5,5,13,25,13,25,29,41,41,25,1,2,1788704821.2502265,G1,T03,fermo2420_1m,1,static
174320,1,1,0,2,0,0,0,-1,128,106,25,65,10,10,5,5,18,20,13,18,37,41,34,25,1,2,1788704821.4505253,G1,T03,fermo2420_1m,1,static
174520,1,1,0,2,0,0,0,-1,61,41,18,53,5,9,10,10,13,20,13,25,29,52,34,25,1,2,1788704821.6501873,G1,T03,fermo2420_1m,1,static
174720,1,1,0,2,0,0,0,-1,29,25,5,41,8,10,5,9,13,20,10,25,29,41,34,20,1,2,1788704821.8499417,G1,T03,fermo2420_1m,1,static
174920,1,1,0,2,0,0,0,-1,137,17,16,41,10,8,5,8,10,20,13,25,26,32,34,20,1,2,1788704822.0504322,G1,T03,fermo2420_1m,1,static
175120,1,1,0,2,0,0,0,-1,394,74,61,25,10,8,5,5,5,18,10,18,26,32,34,20,1,2,1788704822.2499442,G1,T03,fermo2420_1m,1,static
175320,1,1,0,2,0,0,0,-1,122,45,80,17,10,5,5,8,13,25,20,25,26,32,34,20,1,2,1788704822.4496853,G1,T03,fermo2420_1m,1,static
175520,1,1,0,2,0,0,0,-1,104,40,97,5,9,10,9,8,13,20,13,13,17,32,34,20,1,2,1788704822.650393,G1,T03,fermo2420_1m,1,static
175720,1,1,0,2,0,0,0,-1,113,25,68,8,8,13,5,10,8,20,8,20,26,32,34,25,1,2,1788704822.8495605,G1,T03,fermo2420_1m,1,static
175920,1,1,0,2,0,0,0,-1,145,41,34,13,10,9,13,10,8,20,18,25,26,32,34,17,1,2,1788704823.0502255,G1,T03,fermo2420_1m,1,static
176120,1,1,0,2,0,0,0,-1,130,17,25,13,10,4,9,9,8,20,5,13,29,50,34,20,1,2,1788704823.2503455,G1,T03,fermo2420_1m,1,static
176320,1,1,0,2,0,0,0,-1,100,45,10,10,10,10,8,10,10,29,13,18,37,41,45,20,1,2,1788704823.4507601,G1,T03,fermo2420_1m,1,static
176520,1,1,0,2,0,0,0,-1,58,61,32,13,10,10,5,9,10,29,10,18,29,41,45,20,1,2,1788704823.6500776,G1,T03,fermo2420_1m,1,static
176720,1,1,0,2,0,0,0,-1,157,34,85,29,13,8,8,8,9,20,8,18,29,41,34,20,1,2,1788704823.850966,G1,T03,fermo2420_1m,1,static
176920,1,1,0,2,0,0,0,-1,244,100,74,34,10,10,8,5,10,17,8,18,26,41,41,18,1,2,1788704824.0499938,G1,T03,fermo2420_1m,1,static
177120,1,1,0,2,0,0,0,-1,212,85,45,34,10,8,8,13,10,17,13,25,29,41,34,25,1,2,1788704824.2504175,G1,T03,fermo2420_1m,1,static
177320,1,1,0,2,0,0,0,-1,65,10,13,45,10,10,5,10,20,17,5,25,29,41,34,25,1,2,1788704824.4504762,G1,T03,fermo2420_1m,1,static
177520,1,1,0,2,0,0,0,-1,53,26,13,45,13,5,5,8,10,20,13,25,40,61,34,20,1,2,1788704824.6503575,G1,T03,fermo2420_1m,1,static
177720,1,1,0,2,0,0,0,-1,136,68,13,45,18,5,9,10,10,17,13,25,40,50,34,25,1,2,1788704824.8505843,G1,T03,fermo2420_1m,1,static
177920,1,1,0,2,0,0,0,-1,68,18,29,20,13,9,5,10,5,20,8,32,40,41,41,20,1,2,1788704825.0503616,G1,T03,fermo2420_1m,1,static
178120,1,1,0,2,0,0,0,-1,130,32,80,9,10,5,8,8,10,13,8,18,26,32,34,20,1,2,1788704825.2505279,G1,T03,fermo2420_1m,1,static
178320,1,1,0,2,0,0,0,-1,45,45,157,9,10,10,10,8,10,29,8,29,29,41,34,20,1,2,1788704825.4507022,G1,T03,fermo2420_1m,1,static
178520,1,1,0,2,0,0,0,-1,61,17,106,5,9,10,9,5,13,20,13,25,40,50,34,25,1,2,1788704825.6505373,G1,T03,fermo2420_1m,1,static
178720,1,1,0,2,0,0,0,-1,61,20,80,10,10,9,5,8,13,20,13,41,45,50,34,20,1,2,1788704825.850185,G1,T03,fermo2420_1m,1,static
178920,1,1,0,2,0,0,0,-1,50,29,80,10,10,5,8,8,13,20,10,25,40,41,34,20,1,2,1788704826.0505517,G1,T03,fermo2420_1m,1,static
179120,1,1,0,2,0,0,0,-1,117,26,65,10,5,5,8,8,10,20,10,18,40,50,34,25,1,2,1788704826.2505665,G1,T03,fermo2420_1m,1,static
179320,1,1,0,2,0,0,0,-1,229,40,65,5,9,5,5,13,10,13,8,18,20,52,41,25,1,2,1788704826.4505563,G1,T03,fermo2420_1m,1,static
179520,1,1,0,2,0,0,0,-1,65,18,34,5,10,5,5,8,10,25,10,18,29,41,34,20,1,2,1788704826.6501486,G1,T03,fermo2420_1m,1,static
179720,1,1,0,2,0,0,0,-1,144,65,58,8,8,16,8,5,9,20,13,18,26,50,34,20,1,2,1788704826.8505857,G1,T03,fermo2420_1m,1,static
179920,1,1,0,2,0,0,0,-1,100,26,45,8,17,10,5,9,10,13,10,18,29,41,41,25,1,2,1788704827.0505335,G1,T03,fermo2420_1m,1,static
180120,1,1,0,2,0,0,0,-1,50,25,41,9,10,10,5,5,10,20,13,25,20,41,34,25,1,2,1788704827.2503839,G1,T03,fermo2420_1m,1,static
180320,1,1,0,2,0,0,0,-1,148,90,61,8,9,10,8,8,5,25,13,25,20,50,45,25,1,2,1788704827.4500976,G1,T03,fermo2420_1m,1,static
180520,1,1,0,2,0,0,0,-1,50,34,89,20,16,8,5,10,9,25,13,25,29,50,52,25,1,2,1788704827.6506336,G1,T03,fermo2420_1m,1,static
180720,1,1,0,2,0,0,0,-1,104,41,85,8,8,5,5,8,10,13,10,25,29,41,45,25,1,2,1788704827.8502584,G1,T03,fermo2420_1m,1,static
180920,1,1,0,2,0,0,0,-1,137,49,85,9,9,9,5,5,10,20,8,25,34,41,45,20,1,2,1788704828.0504596,G1,T03,fermo2420_1m,1,static
181120,1,1,0,2,0,0,0,-1,82,25,37,13,9,8,5,10,10,20,5,25,34,41,52,25,1,2,1788704828.250655,G1,T03,fermo2420_1m,1,static
181320,1,1,0,2,0,0,0,-1,61,26,61,9,13,10,8,8,10,20,8,25,20,34,34,20,1,2,1788704828.450618,G1,T03,fermo2420_1m,1,static
181520,1,1,0,2,0,0,0,-1,50,17,52,10,9,10,5,10,5,20,13,25,40,50,45,29,1,2,1788704828.650203,G1,T03,fermo2420_1m,1,static
181720,1,1,0,2,0,0,0,-1,73,40,41,5,10,9,10,8,9,25,13,25,29,41,34,20,1,2,1788704828.849553,G1,T03,fermo2420_1m,1,static
181920,1,1,0,2,0,0,0,-1,149,74,82,8,9,5,8,8,17,20,10,25,29,41,34,20,1,2,1788704829.0501144,G1,T03,fermo2420_1m,1,static
182120,1,1,0,2,0,0,0,-1,25,13,80,8,10,5,8,9,10,20,8,20,29,41,34,20,1,2,1788704829.2503746,G1,T03,fermo2420_1m,1,static
182320,1,1,0,2,0,0,0,-1,296,125,37,10,8,10,5,9,10,20,10,18,34,41,41,25,1,2,1788704829.450656,G1,T03,fermo2420_1m,1,static
182520,1,1,0,2,0,0,0,-1,232,85,17,8,5,5,5,10,10,25,17,18,34,52,41,25,1,2,1788704829.6502972,G1,T03,fermo2420_1m,1,static
182720,1,1,0,2,0,0,0,-1,149,80,10,8,5,5,5,5,10,25,10,25,45,41,34,25,1,2,1788704829.849729,G1,T03,fermo2420_1m,1,static
182920,1,1,0,2,0,0,0,-1,74,25,49,18,8,9,5,8,8,20,13,25,45,41,34,20,1,2,1788704830.0505168,G1,T03,fermo2420_1m,1,static
183120,1,1,0,2,0,0,0,-1,52,29,89,25,13,9,4,5,13,20,13,25,40,50,34,20,1,2,1788704830.2505462,G1,T03,fermo2420_1m,1,static
183320,1,1,0,2,0,0,0,-1,328,73,61,25,16,5,9,8,10,20,8,25,29,41,34,20,1,2,1788704830.450771,G1,T03,fermo2420_1m,1,static
183520,1,1,0,2,0,0,0,-1,116,37,32,25,13,9,5,5,10,20,13,18,29,41,34,20,1,2,1788704830.6501107,G1,T03,fermo2420_1m,1,static
183720,1,1,0,2,0,0,0,-1,185,130,29,45,13,8,5,8,13,20,8,18,17,41,34,20,1,2,1788704830.8505425,G1,T03,fermo2420_1m,1,static
183920,1,1,0,2,0,0,0,-1,181,34,40,25,17,8,8,8,10,17,8,25,29,41,34,18,1,2,1788704831.0503983,G1,T03,fermo2420_1m,1,static
184120,1,1,0,2,0,0,0,-1,85,17,20,32,10,9,5,5,13,13,8,25,29,41,45,29,1,2,1788704831.2501118,G1,T03,fermo2420_1m,1,static
184320,1,1,0,2,0,0,0,-1,50,29,32,41,10,10,8,13,13,13,5,18,29,41,45,25,1,2,1788704831.450743,G1,T03,fermo2420_1m,1,static
184520,1,1,0,2,0,0,0,-1,41,16,89,58,13,5,8,8,13,29,13,25,29,41,34,25,1,2,1788704831.6499507,G1,T03,fermo2420_1m,1,static
184720,1,1,0,2,0,0,0,-1,34,13,73,45,20,5,5,5,9,25,13,25,26,41,34,25,1,2,1788704831.8502808,G1,T03,fermo2420_1m,1,static
184920,1,1,0,2,0,0,0,-1,244,58,65,16,17,5,5,9,16,29,13,25,29,32,34,25,1,2,1788704832.050856,G1,T03,fermo2420_1m,1,static
185120,1,1,0,2,0,0,0,-1,173,40,41,17,17,5,5,8,10,13,13,25,29,41,34,20,1,2,1788704832.2508585,G1,T03,fermo2420_1m,1,static
185320,1,1,0,2,0,0,0,-1,50,26,89,8,10,8,10,5,13,25,13,25,29,50,41,25,1,2,1788704832.4507117,G1,T03,fermo2420_1m,1,static
185520,1,1,0,2,0,0,0,-1,65,17,136,8,10,5,8,10,13,20,13,32,29,50,52,20,1,2,1788704832.6507778,G1,T03,fermo2420_1m,1,static
185720,1,1,0,2,0,0,0,-1,250,74,164,5,9,5,5,8,20,20,13,32,29,52,41,20,1,2,1788704832.8502057,G1,T03,fermo2420_1m,1,static
185920,1,1,0,2,0,0,0,-1,65,20,116,5,5,10,9,8,17,20,13,18,29,41,34,29,1,2,1788704833.0506094,G1,T03,fermo2420_1m,1,static
186120,1,1,0,2,0,0,0,-1,85,29,50,8,10,10,13,8,17,29,10,20,29,41,34,20,1,2,1788704833.250226,G1,T03,fermo2420_1m,1,static
186320,1,1,0,2,0,0,0,-1,52,50,65,5,5,10,8,10,17,29,10,20,29,32,45,20,1,2,1788704833.45071,G1,T03,fermo2420_1m,1,static
186520,1,1,0,2,0,0,0,-1,82,50,100,40,5,5,10,8,13,17,8,25,34,41,52,20,1,2,1788704833.6507356,G1,T03,fermo2420_1m,1,static
186720,1,1,0,2,0,0,0,-1,116,32,20,53,5,10,9,10,17,29,13,25,29,41,45,17,1,2,1788704833.8501468,G1,T03,fermo2420_1m,1,static
186920,1,1,0,2,0,0,0,-1,181,29,16,65,8,10,5,10,13,20,9,20,29,41,45,34,1,2,1788704834.0504856,G1,T03,fermo2420_1m,1,static
187120,1,1,0,2,0,0,0,-1,170,80,25,50,8,17,5,10,10,25,13,32,45,50,45,34,1,2,1788704834.2504656,G1,T03,fermo2420_1m,1,static
187320,1,1,0,2,0,0,0,-1,125,82,73,26,8,17,8,10,13,20,13,32,34,52,52,29,1,2,1788704834.4510033,G1,T03,fermo2420_1m,1,static
187520,1,1,0,2,0,0,0,-1,29,17,116,10,5,17,10,8,13,17,8,29,34,41,45,29,1,2,1788704834.6509936,G1,T03,fermo2420_1m,1,static
187720,1,1,0,2,0,0,0,-1,97,17,65,8,5,10,5,5,13,17,8,20,29,41,45,29,1,2,1788704834.8497896,G1,T03,fermo2420_1m,1,static
187920,1,1,0,2,0,0,0,-1,104,40,45,13,10,10,8,8,20,17,8,25,26,32,34,20,1,2,1788704835.0503755,G1,T03,fermo2420_1m,1,static
188120,1,1,0,2,0,0,0,-1,85,26,61,9,20,10,5,5,8,17,8,32,26,41,34,20,1,2,1788704835.2499123,G1,T03,fermo2420_1m,1,static
188320,1,1,0,2,0,0,0,-1,169,41,45,20,10,8,8,8,10,20,10,25,29,41,34,20,1,2,1788704835.4503343,G1,T03,fermo2420_1m,1,static
188520,1,1,0,2,0,0,0,-1,85,26,25,32,9,13,8,8,10,20,13,25,37,50,41,25,1,2,1788704835.6500094,G1,T03,fermo2420_1m,1,static
188720,1,1,0,2,0,0,0,-1,125,37,16,50,9,8,8,9,13,20,13,18,26,41,41,25,1,2,1788704835.8502455,G1,T03,fermo2420_1m,1,static
188920,1,1,0,2,0,0,0,-1,149,50,37,72,13,5,8,5,8,20,18,34,29,41,34,25,1,2,1788704836.050923,G1,T03,fermo2420_1m,1,static
189120,1,1,0,2,0,0,0,-1,40,26,26,50,5,5,5,5,8,34,13,25,29,41,34,20,1,2,1788704836.2506583,G1,T03,fermo2420_1m,1,static
189320,1,1,0,2,0,0,0,-1,61,45,13,50,10,10,5,5,10,29,13,32,29,41,34,25,1,2,1788704836.450917,G1,T03,fermo2420_1m,1,static
189520,1,1,0,2,0,0,0,-1,50,13,13,52,5,10,8,5,13,29,13,18,29,34,29,20,1,2,1788704836.6501906,G1,T03,fermo2420_1m,1,static
189720,1,1,0,2,0,0,0,-1,61,13,37,41,5,10,5,10,13,29,13,18,26,41,34,18,1,2,1788704836.8508863,G1,T03,fermo2420_1m,1,static
189920,1,1,0,2,0,0,0,-1,160,26,106,25,16,5,10,8,13,29,13,18,29,41,34,25,1,2,1788704837.0506406,G1,T03,fermo2420_1m,1,static
190120,1,1,0,2,0,0,0,-1,37,13,106,9,10,13,8,8,10,29,10,18,29,41,25,18,1,2,1788704837.2509942,G1,T03,fermo2420_1m,1,static
190320,1,1,0,2,0,0,0,-1,45,29,117,8,16,4,5,13,13,25,10,18,40,50,29,20,1,2,1788704837.4508119,G1,T03,fermo2420_1m,1,static
190520,1,1,0,2,0,0,0,-1,45,18,65,5,8,5,5,8,10,25,8,25,20,41,25,20,1,2,1788704837.6502404,G1,T03,fermo2420_1m,1,static
190720,1,1,0,2,0,0,0,-1,260,45,25,5,8,10,5,10,10,20,8,13,20,41,34,25,1,2,1788704837.8502536,G1,T03,fermo2420_1m,1,static
190920,1,1,0,2,0,0,0,-1,296,65,18,10,10,10,5,10,9,20,8,25,29,41,34,20,1,2,1788704838.050504,G1,T03,fermo2420_1m,1,static
191120,1,1,0,2,0,0,0,-1,85,34,8,25,10,10,10,5,10,20,5,13,29,41,45,20,1,2,1788704838.2502308,G1,T03,fermo2420_1m,1,static
191320,1,1,0,2,0,0,0,-1,145,37,13,32,10,5,5,8,10,25,13,25,20,32,34,25,1,2,1788704838.4509838,G1,T03,fermo2420_1m,1,static
191520,1,1,0,2,0,0,0,-1,90,26,5,25,10,10,10,8,13,25,13,18,29,50,45,25,1,2,1788704838.65101,G1,T03,fermo2420_1m,1,static
191720,1,1,0,2,0,0,0,-1,193,61,10,34,10,5,8,8,9,20,13,18,26,32,34,34,1,2,1788704838.8509471,G1,T03,fermo2420_1m,1,static
191920,1,1,0,2,0,0,0,-1,61,25,9,32,10,5,8,8,10,20,13,18,26,32,34,25,1,2,1788704839.0503554,G1,T03,fermo2420_1m,1,static
192120,1,1,0,2,0,0,0,-1,41,25,13,25,13,5,8,5,13,20,13,18,26,32,34,25,1,2,1788704839.2504685,G1,T03,fermo2420_1m,1,static
192320,1,1,0,2,0,0,0,-1,74,16,10,52,9,5,5,8,9,20,13,18,29,32,34,20,1,2,1788704839.4506955,G1,T03,fermo2420_1m,1,static
192520,1,1,0,2,0,0,0,-1,148,50,8,45,29,10,10,5,5,13,13,20,29,41,45,20,1,2,1788704839.6511881,G1,T03,fermo2420_1m,1,static
192720,1,1,0,2,0,0,0,-1,157,52,5,45,13,10,8,9,10,17,5,18,29,41,45,25,1,2,1788704839.8509119,G1,T03,fermo2420_1m,1,static
192920,1,1,0,2,0,0,0,-1,144,58,10,29,10,8,5,13,13,20,8,18,29,41,34,25,1,2,1788704840.0507,G1,T03,fermo2420_1m,1,static
193120,1,1,0,2,0,0,0,-1,53,18,50,17,17,5,5,10,8,20,8,18,26,41,45,25,1,2,1788704840.250421,G1,T03,fermo2420_1m,1,static
193320,1,1,0,2,0,0,0,-1,136,25,89,9,17,8,8,10,5,8,5,18,29,41,45,20,1,2,1788704840.4508474,G1,T03,fermo2420_1m,1,static
193520,1,1,0,2,0,0,0,-1,117,29,61,8,16,5,10,5,13,13,10,18,29,50,34,25,1,2,1788704840.6503692,G1,T03,fermo2420_1m,1,static
193720,1,1,0,2,0,0,0,-1,117,50,61,13,17,8,5,5,13,13,5,18,29,50,34,25,1,2,1788704840.8505511,G1,T03,fermo2420_1m,1,static
193920,1,1,0,2,0,0,0,-1,113,50,29,13,17,10,9,8,10,20,13,25,29,50,34,25,1,2,1788704841.051151,G1,T03,fermo2420_1m,1,static
194120,1,1,0,2,0,0,0,-1,50,25,13,20,13,9,5,8,13,20,13,18,26,41,45,25,1,2,1788704841.2509124,G1,T03,fermo2420_1m,1,static
194320,1,1,0,2,0,0,0,-1,65,34,26,17,10,13,5,8,13,20,8,18,34,50,52,25,1,2,1788704841.4503593,G1,T03,fermo2420_1m,1,static
194520,1,1,0,2,0,0,0,-1,52,18,13,18,13,10,8,9,9,13,13,18,29,41,34,25,1,2,1788704841.6507528,G1,T03,fermo2420_1m,1,static
194720,1,1,0,2,0,0,0,-1,130,52,13,18,10,5,8,8,8,20,20,25,26,32,34,34,1,2,1788704841.8511248,G1,T03,fermo2420_1m,1,static
194920,1,1,0,2,0,0,0,-1,98,32,13,13,17,10,5,10,16,25,13,25,29,32,34,29,1,2,1788704842.0507913,G1,T03,fermo2420_1m,1,static
195120,1,1,0,2,0,0,0,-1,53,13,25,5,10,10,5,8,13,29,18,25,29,41,34,29,1,2,1788704842.2505476,G1,T03,fermo2420_1m,1,static
195320,1,1,0,2,0,0,0,-1,53,18,89,5,13,10,10,10,13,20,20,25,17,41,34,20,1,2,1788704842.451227,G1,T03,fermo2420_1m,1,static
195520,1,1,0,2,0,0,0,-1,41,49,25,5,17,8,13,10,8,20,13,25,29,41,34,25,1,2,1788704842.651132,G1,T03,fermo2420_1m,1,static
195720,1,1,0,2,0,0,0,-1,53,34,25,5,17,8,8,5,13,20,13,25,29,50,41,25,1,2,1788704842.850918,G1,T03,fermo2420_1m,1,static
195920,1,1,0,2,0,0,0,-1,41,18,36,9,10,13,8,9,13,25,13,25,29,50,41,29,1,2,1788704843.0504203,G1,T03,fermo2420_1m,1,static
196120,1,1,0,2,0,0,0,-1,58,18,65,8,20,5,5,8,13,25,13,32,29,50,41,34,1,2,1788704843.2502844,G1,T03,fermo2420_1m,1,static
196320,1,1,0,2,0,0,0,-1,41,29,40,13,17,5,8,8,10,29,8,32,29,41,41,20,1,2,1788704843.4510534,G1,T03,fermo2420_1m,1,static
196520,1,1,0,2,0,0,0,-1,74,13,16,17,25,8,8,5,10,20,8,41,29,32,29,20,1,2,1788704843.6510026,G1,T03,fermo2420_1m,1,static
196720,1,1,0,2,0,0,0,-1,68,16,13,25,8,9,8,8,10,20,13,32,29,41,34,25,1,2,1788704843.8507159,G1,T03,fermo2420_1m,1,static
196920,1,1,0,2,0,0,0,-1,53,32,13,18,10,13,8,8,13,25,10,25,29,41,34,25,1,2,1788704844.050455,G1,T03,fermo2420_1m,1,static
197120,1,1,0,2,0,0,0,-1,116,45,64,20,16,8,8,8,13,25,13,25,34,41,45,25,1,2,1788704844.2510662,G1,T03,fermo2420_1m,1,static
197320,1,1,0,2,0,0,0,-1,164,13,68,16,10,8,8,13,20,25,13,18,29,52,45,29,1,2,1788704844.450979,G1,T03,fermo2420_1m,1,static
197520,1,1,0,2,0,0,0,-1,153,17,85,20,10,10,5,10,17,20,10,18,29,41,45,29,1,2,1788704844.6513329,G1,T03,fermo2420_1m,1,static
197720,1,1,0,2,0,0,0,-1,181,41,89,32,13,5,5,10,17,17,13,25,34,41,34,25,1,2,1788704844.8512938,G1,T03,fermo2420_1m,1,static
197920,1,1,0,2,0,0,0,-1,68,13,74,25,10,8,9,10,13,17,10,25,29,41,34,20,1,2,1788704845.0512462,G1,T03,fermo2420_1m,1,static
198120,1,1,0,2,0,0,0,-1,34,65,26,17,17,8,5,5,10,25,10,25,29,41,34,20,1,2,1788704845.2504153,G1,T03,fermo2420_1m,1,static
198320,1,1,0,2,0,0,0,-1,41,13,45,34,9,5,9,5,13,25,8,13,29,41,34,20,1,2,1788704845.4509282,G1,T03,fermo2420_1m,1,static
198520,1,1,0,2,0,0,0,-1,61,32,13,13,9,10,9,5,5,18,9,18,29,41,34,20,1,2,1788704845.650851,G1,T03,fermo2420_1m,1,static
198720,1,1,0,2,0,0,0,-1,61,26,20,18,16,8,5,8,8,13,13,18,20,41,41,34,1,2,1788704845.8501863,G1,T03,fermo2420_1m,1,static
198920,1,1,0,2,0,0,0,-1,109,80,98,8,18,13,5,8,10,20,13,18,20,41,41,20,1,2,1788704846.0505638,G1,T03,fermo2420_1m,1,static
199120,1,1,0,2,0,0,0,-1,221,61,90,5,16,9,4,8,13,20,13,18,20,41,41,20,1,2,1788704846.251067,G1,T03,fermo2420_1m,1,static
199320,1,1,0,2,0,0,0,-1,104,34,109,8,17,5,5,10,13,18,13,18,29,41,41,29,1,2,1788704846.4512627,G1,T03,fermo2420_1m,1,static
199520,1,1,0,2,0,0,0,-1,58,65,97,8,17,13,10,9,10,20,13,32,29,41,34,34,1,2,1788704846.651407,G1,T03,fermo2420_1m,1,static
199720,1,1,0,2,0,0,0,-1,45,10,113,8,20,5,8,13,13,25,13,25,29,41,34,25,1,2,1788704846.850637,G1,T03,fermo2420_1m,1,static
199920,1,1,0,2,0,0,0,-1,250,136,89,5,25,10,5,8,10,25,13,18,26,41,29,29,1,2,1788704847.0505288,G1,T03,fermo2420_1m,1,static
200120,1,1,0,2,0,0,0,-1,101,25,49,17,29,5,5,5,10,25,13,25,29,41,34,20,1,2,1788704847.250711,G1,T03,fermo2420_1m,1,static
200320,1,1,0,2,0,0,0,-1,37,18,25,5,16,8,5,8,13,17,13,18,29,32,34,25,1,2,1788704847.4507718,G1,T03,fermo2420_1m,1,static
200520,1,1,0,2,0,0,0,-1,208,25,25,13,17,10,8,8,13,20,13,18,29,41,34,20,1,2,1788704847.6507099,G1,T03,fermo2420_1m,1,static
200720,1,1,0,2,0,0,0,-1,65,32,18,25,17,10,5,8,13,20,13,25,29,41,41,20,1,2,1788704847.8512962,G1,T03,fermo2420_1m,1,static
200920,1,1,0,2,0,0,0,-1,257,37,45,34,9,10,8,8,10,20,8,25,29,41,34,25,1,2,1788704848.0513277,G1,T03,fermo2420_1m,1,static
201120,1,1,0,2,0,0,0,-1,52,26,41,25,26,10,5,8,10,18,10,18,34,61,52,25,1,2,1788704848.2511797,G1,T03,fermo2420_1m,1,static
201320,1,1,0,2,0,0,0,-1,34,20,25,25,17,10,5,8,10,20,13,25,34,52,41,20,1,2,1788704848.4515676,G1,T03,fermo2420_1m,1,static
201520,1,1,0,2,0,0,0,-1,82,26,13,20,10,10,5,5,10,25,13,25,29,25,34,25,1,2,1788704848.6501236,G1,T03,fermo2420_1m,1,static
201720,1,1,0,2,0,0,0,-1,73,26,10,20,10,20,10,5,13,13,8,25,37,41,34,20,1,2,1788704848.8508742,G1,T03,fermo2420_1m,1,static
201920,1,1,0,2,0,0,0,-1,81,26,58,10,16,10,5,9,17,29,13,25,29,41,34,20,1,2,1788704849.050262,G1,T03,fermo2420_1m,1,static
202120,1,1,0,2,0,0,0,-1,85,34,113,8,17,10,5,5,10,20,8,25,34,41,34,20,1,2,1788704849.2512548,G1,T03,fermo2420_1m,1,static
202320,1,1,0,2,0,0,0,-1,290,65,80,8,9,9,5,5,10,25,10,18,29,41,34,25,1,2,1788704849.4512136,G1,T03,fermo2420_1m,1,static
202520,1,1,0,2,0,0,0,-1,61,37,85,5,16,10,5,8,13,25,13,25,29,41,34,25,1,2,1788704849.6512532,G1,T03,fermo2420_1m,1,static
202720,1,1,0,2,0,0,0,-1,100,13,82,9,26,8,8,8,13,25,8,25,29,41,41,25,1,2,1788704849.8510356,G1,T03,fermo2420_1m,1,static
202920,1,1,0,2,0,0,0,-1,64,25,37,9,25,5,5,8,10,34,13,17,29,41,41,20,1,2,1788704850.050763,G1,T03,fermo2420_1m,1,static
203120,1,1,0,2,0,0,0,-1,130,73,37,9,25,10,5,8,10,34,13,20,29,41,41,20,1,2,1788704850.2513335,G1,T03,fermo2420_1m,1,static
203320,1,1,0,2,0,0,0,-1,100,25,74,8,26,5,5,5,13,25,8,13,29,50,45,20,1,2,1788704850.4510846,G1,T03,fermo2420_1m,1,static
203520,1,1,0,2,0,0,0,-1,145,29,85,5,17,5,5,10,10,25,13,25,29,41,34,20,1,2,1788704850.651409,G1,T03,fermo2420_1m,1,static
203720,1,1,0,2,0,0,0,-1,82,32,100,10,17,10,5,10,13,20,13,25,34,41,34,25,1,2,1788704850.8514125,G1,T03,fermo2420_1m,1,static
203920,1,1,0,2,0,0,0,-1,53,20,72,13,10,10,8,8,13,13,9,18,26,41,45,20,1,2,1788704851.0505886,G1,T03,fermo2420_1m,1,static
204120,1,1,0,2,0,0,0,-1,40,25,61,5,10,10,5,5,10,13,10,18,26,32,34,20,1,2,1788704851.251341,G1,T03,fermo2420_1m,1,static
204320,1,1,0,2,0,0,0,-1,61,25,41,5,16,10,5,5,17,13,10,18,40,41,34,20,1,2,1788704851.4512475,G1,T03,fermo2420_1m,1,static
204520,1,1,0,2,0,0,0,-1,41,17,72,10,20,5,5,8,10,20,8,25,29,41,34,20,1,2,1788704851.650446,G1,T03,fermo2420_1m,1,static
204720,1,1,0,2,0,0,0,-1,157,40,41,10,16,5,9,9,10,20,10,18,26,41,25,13,1,2,1788704851.8507318,G1,T03,fermo2420_1m,1,static
204920,1,1,0,2,0,0,0,-1,68,34,41,8,16,5,5,13,5,20,10,25,29,41,25,18,1,2,1788704852.050863,G1,T03,fermo2420_1m,1,static
205120,1,1,0,2,0,0,0,-1,104,29,41,10,20,5,5,10,13,20,10,25,29,41,41,18,1,2,1788704852.250475,G1,T03,fermo2420_1m,1,static
205320,1,1,0,2,0,0,0,-1,73,26,20,8,16,8,5,5,10,20,8,18,34,41,29,16,1,2,1788704852.4500172,G1,T03,fermo2420_1m,1,static
205520,1,1,0,2,0,0,0,-1,122,29,32,8,16,8,8,8,10,20,10,18,26,32,34,25,1,2,1788704852.6515248,G1,T03,fermo2420_1m,1,static
205720,1,1,0,2,0,0,0,-1,72,58,20,8,26,8,13,5,10,20,13,25,26,41,34,20,1,2,1788704852.850984,G1,T03,fermo2420_1m,1,static
205920,1,1,0,2,0,0,0,-1,72,45,50,10,17,9,5,8,10,25,20,25,40,61,34,20,1,2,1788704853.050417,G1,T03,fermo2420_1m,1,static
206120,1,1,0,2,0,0,0,-1,200,65,20,8,16,8,5,8,10,25,13,32,29,41,34,20,1,2,1788704853.2512558,G1,T03,fermo2420_1m,1,static
206320,1,1,0,2,0,0,0,-1,52,74,26,8,17,9,9,9,10,25,13,32,29,50,34,25,1,2,1788704853.4513414,G1,T03,fermo2420_1m,1,static
206520,1,1,0,2,0,0,0,-1,65,13,26,13,16,5,5,9,10,25,13,18,29,50,34,25,1,2,1788704853.6513631,G1,T03,fermo2420_1m,1,static
206720,1,1,0,2,0,0,0,-1,74,10,20,10,16,8,5,5,10,25,13,18,26,50,52,25,1,2,1788704853.8513393,G1,T03,fermo2420_1m,1,static
206920,1,1,0,2,0,0,0,-1,130,26,13,13,26,5,5,10,10,20,9,25,29,41,41,25,1,2,1788704854.0514035,G1,T03,fermo2420_1m,1,static
207120,1,1,0,2,0,0,0,-1,45,34,20,10,17,13,8,8,13,20,8,25,20,41,41,20,1,2,1788704854.251285,G1,T03,fermo2420_1m,1,static
207320,1,1,0,2,0,0,0,-1,45,25,49,17,17,5,8,8,8,20,8,25,26,32,41,25,1,2,1788704854.450462,G1,T03,fermo2420_1m,1,static
207520,1,1,0,2,0,0,0,-1,137,41,72,25,17,5,8,5,13,25,13,25,29,41,41,25,1,2,1788704854.6504986,G1,T03,fermo2420_1m,1,static
207720,1,1,0,2,0,0,0,-1,53,32,64,29,17,17,5,5,13,20,13,18,29,32,40,20,1,2,1788704854.8515117,G1,T03,fermo2420_1m,1,static
207920,1,1,0,2,0,0,0,-1,65,26,89,40,17,5,5,8,13,20,13,25,29,32,34,25,1,2,1788704855.0510397,G1,T03,fermo2420_1m,1,static
208120,1,1,0,2,0,0,0,-1,178,74,117,50,20,5,5,8,10,20,13,25,29,32,34,25,1,2,1788704855.2506807,G1,T03,fermo2420_1m,1,static
208320,1,1,0,2,0,0,0,-1,185,41,61,50,9,17,8,8,9,20,8,20,29,41,34,25,1,2,1788704855.4514163,G1,T03,fermo2420_1m,1,static
208520,1,1,0,2,0,0,0,-1,145,50,20,40,9,17,10,10,10,20,8,25,29,41,34,25,1,2,1788704855.650763,G1,T03,fermo2420_1m,1,static
208720,1,1,0,2,0,0,0,-1,37,20,20,45,34,10,4,10,10,20,8,25,29,41,34,25,1,2,1788704855.8505876,G1,T03,fermo2420_1m,1,static
208920,1,1,0,2,0,0,0,-1,53,29,17,45,26,9,8,8,10,20,13,20,34,41,41,25,1,2,1788704856.0511534,G1,T03,fermo2420_1m,1,static
209120,1,1,0,2,0,0,0,-1,68,29,13,34,17,9,4,8,10,20,13,25,34,41,41,25,1,2,1788704856.2513494,G1,T03,fermo2420_1m,1,static
209320,1,1,0,2,0,0,0,-1,85,53,8,25,17,10,10,13,10,20,8,20,29,41,34,25,1,2,1788704856.4511206,G1,T03,fermo2420_1m,1,static
209520,1,1,0,2,0,0,0,-1,85,25,25,20,17,5,5,10,10,20,13,32,34,41,34,34,1,2,1788704856.6509423,G1,T03,fermo2420_1m,1,static
209720,1,1,0,2,0,0,0,-1,109,25,52,25,17,17,5,5,8,20,13,25,29,41,52,34,1,2,1788704856.8508222,G1,T03,fermo2420_1m,1,static
209920,1,1,0,2,0,0,0,-1,178,40,10,29,13,10,9,8,8,20,18,25,29,41,34,20,1,2,1788704857.051549,G1,T03,fermo2420_1m,1,static
210120,1,1,0,2,0,0,0,-1,101,20,5,29,17,8,9,8,10,20,9,32,29,41,34,20,1,2,1788704857.2512932,G1,T03,fermo2420_1m,1,static
210320,1,1,0,2,0,0,0,-1,104,36,10,29,17,13,5,8,10,20,13,20,29,41,34,20,1,2,1788704857.4509463,G1,T03,fermo2420_1m,1,static
210520,1,1,0,2,0,0,0,-1,61,13,25,45,20,10,8,10,20,20,8,20,29,32,34,20,1,2,1788704857.651296,G1,T03,fermo2420_1m,1,static
210720,1,1,0,2,0,0,0,-1,68,50,25,40,20,8,5,8,20,20,5,25,40,41,34,20,1,2,1788704857.8508034,G1,T03,fermo2420_1m,1,static
210920,1,1,0,2,0,0,0,-1,80,45,29,25,17,13,5,13,13,20,10,18,37,32,34,20,1,2,1788704858.050526,G1,T03,fermo2420_1m,1,static
211120,1,1,0,2,0,0,0,-1,65,25,20,36,17,9,5,8,10,25,13,18,26,41,34,26,1,2,1788704858.2514062,G1,T03,fermo2420_1m,1,static
211320,1,1,0,2,0,0,0,-1,65,17,8,52,25,5,5,5,10,20,13,25,26,32,34,29,1,2,1788704858.451087,G1,T03,fermo2420_1m,1,static
211520,1,1,0,2,0,0,0,-1,250,117,17,25,25,5,8,5,8,20,13,18,29,41,41,25,1,2,1788704858.651672,G1,T03,fermo2420_1m,1,static
211720,1,1,0,2,0,0,0,-1,185,61,25,34,26,5,5,8,17,29,8,25,29,41,41,25,1,2,1788704858.850437,G1,T03,fermo2420_1m,1,static
211920,1,1,0,2,0,0,0,-1,52,29,52,34,26,5,5,10,10,20,8,25,34,41,41,20,1,2,1788704859.0515034,G1,T03,fermo2420_1m,1,static
212120,1,1,0,2,0,0,0,-1,106,37,80,32,26,5,5,5,13,20,8,25,29,41,52,20,1,2,1788704859.2512262,G1,T03,fermo2420_1m,1,static
212320,1,1,0,2,0,0,0,-1,136,36,101,34,17,10,5,8,10,20,13,25,34,41,45,20,1,2,1788704859.4510329,G1,T03,fermo2420_1m,1,static
212520,1,1,0,2,0,0,0,-1,49,10,82,29,17,8,5,8,13,20,13,25,34,41,45,25,1,2,1788704859.6509194,G1,T03,fermo2420_1m,1,static
212720,1,1,0,2,0,0,0,-1,50,17,136,8,26,5,5,5,10,20,13,25,29,41,34,20,1,2,1788704859.8514364,G1,T03,fermo2420_1m,1,static
212920,1,1,0,2,0,0,0,-1,58,36,128,5,29,5,8,9,10,25,13,20,29,50,41,20,1,2,1788704860.0505297,G1,T03,fermo2420_1m,1,static
213120,1,1,0,2,0,0,0,-1,34,13,136,13,17,5,8,5,5,25,13,25,29,41,52,25,1,2,1788704860.250919,G1,T03,fermo2420_1m,1,static
213320,1,1,0,2,0,0,0,-1,29,20,116,13,26,10,5,5,13,20,13,25,29,32,34,25,1,2,1788704860.4513814,G1,T03,fermo2420_1m,1,static
213520,1,1,0,2,0,0,0,-1,82,17,101,20,25,8,5,8,8,25,13,25,29,52,45,20,1,2,1788704860.6514251,G1,T03,fermo2420_1m,1,static
213720,1,1,0,2,0,0,0,-1,305,61,65,13,20,10,8,13,8,20,13,32,29,52,52,20,1,2,1788704860.8507347,G1,T03,fermo2420_1m,1,static
213920,1,1,0,2,0,0,0,-1,85,20,37,10,40,10,8,9,13,20,13,25,29,41,41,20,1,2,1788704861.0514834,G1,T03,fermo2420_1m,1,static
214120,1,1,0,2,0,0,0,-1,50,13,13,5,25,10,5,13,13,20,13,32,29,41,41,25,1,2,1788704861.2514772,G1,T03,fermo2420_1m,1,static
214320,1,1,0,2,0,0,0,-1,41,13,8,5,16,10,8,9,13,20,13,18,20,41,41,25,1,2,1788704861.4510033,G1,T03,fermo2420_1m,1,static
214520,1,1,0,2,0,0,0,-1,113,16,18,8,17,9,8,8,13,25,13,18,29,41,41,25,1,2,1788704861.6505191,G1,T03,fermo2420_1m,1,static
214720,1,1,0,2,0,0,0,-1,104,80,25,8,17,10,5,13,10,25,13,18,34,41,41,25,1,2,1788704861.8507063,G1,T03,fermo2420_1m,1,static
214920,1,1,0,2,0,0,0,-1,104,50,34,10,9,5,5,8,13,20,5,18,29,32,34,29,1,2,1788704862.0514636,G1,T03,fermo2420_1m,1,static
215120,1,1,0,2,0,0,0,-1,58,26,58,5,20,5,10,8,5,25,10,18,29,32,34,25,1,2,1788704862.251239,G1,T03,fermo2420_1m,1,static
215320,1,1,0,2,0,0,0,-1,250,80,74,20,37,10,13,13,17,29,8,18,29,41,34,25,1,2,1788704862.4519892,G1,T03,fermo2420_1m,1,static
215520,1,1,0,2,0,0,0,-1,145,58,50,10,26,9,9,8,13,34,8,25,29,41,34,20,1,2,1788704862.6515827,G1,T03,fermo2420_1m,1,static
215720,1,1,0,2,0,0,0,-1,128,41,52,13,29,10,5,13,9,25,8,25,26,41,34,20,1,2,1788704862.851418,G1,T03,fermo2420_1m,1,static
215920,1,1,0,2,0,0,0,-1,98,52,18,20,8,17,5,8,10,20,13,25,26,32,34,20,1,2,1788704863.0515702,G1,T03,fermo2420_1m,1,static
216120,1,1,0,2,0,0,0,-1,97,45,32,18,10,10,5,8,10,18,10,25,29,50,34,20,1,2,1788704863.2510455,G1,T03,fermo2420_1m,1,static
216320,1,1,0,2,0,0,0,-1,113,25,25,8,16,8,5,8,10,18,13,25,29,50,34,29,1,2,1788704863.451305,G1,T03,fermo2420_1m,1,static
216520,1,1,0,2,0,0,0,-1,106,32,5,8,25,5,5,8,13,13,13,32,29,50,45,34,1,2,1788704863.6508915,G1,T03,fermo2420_1m,1,static
216720,1,1,0,2,0,0,0,-1,80,20,13,13,29,5,5,10,10,25,13,32,29,41,34,25,1,2,1788704863.851126,G1,T03,fermo2420_1m,1,static
216920,1,1,0,2,0,0,0,-1,113,45,17,10,25,5,5,8,10,25,10,20,29,41,34,20,1,2,1788704864.0519333,G1,T03,fermo2420_1m,1,static
217120,1,1,0,2,0,0,0,-1,117,45,16,8,13,8,9,10,10,25,13,25,29,32,45,29,1,2,1788704864.2513108,G1,T03,fermo2420_1m,1,static
217320,1,1,0,2,0,0,0,-1,202,145,17,8,5,10,10,8,8,20,13,34,29,41,45,20,1,2,1788704864.4513159,G1,T03,fermo2420_1m,1,static
217520,1,1,0,2,0,0,0,-1,50,17,29,5,10,10,8,8,13,18,13,25,40,41,25,20,1,2,1788704864.6513925,G1,T03,fermo2420_1m,1,static
217720,1,1,0,2,0,0,0,-1,137,40,29,10,17,10,8,5,10,29,18,25,29,41,34,20,1,2,1788704864.8513362,G1,T03,fermo2420_1m,1,static
217920,1,1,0,2,0,0,0,-1,53,85,72,9,17,13,5,5,13,20,10,18,26,41,41,32,1,2,1788704865.051069,G1,T03,fermo2420_1m,1,static
218120,1,1,0,2,0,0,0,-1,52,16,65,16,26,13,9,8,18,17,18,25,29,50,50,32,1,2,1788704865.2519884,G1,T03,fermo2420_1m,1,static
218320,1,1,0,2,0,0,0,-1,125,26,52,26,26,10,5,8,20,18,13,25,29,41,41,25,1,2,1788704865.4509277,G1,T03,fermo2420_1m,1,static
218520,1,1,0,2,0,0,0,-1,61,41,34,34,13,8,8,13,9,20,8,25,29,50,34,20,1,2,1788704865.6513577,G1,T03,fermo2420_1m,1,static
218720,1,1,0,2,0,0,0,-1,41,17,25,45,13,10,5,8,13,13,13,25,34,41,34,20,1,2,1788704865.851986,G1,T03,fermo2420_1m,1,static
218920,1,1,0,2,0,0,0,-1,117,74,34,40,29,8,13,10,9,20,13,25,34,41,45,20,1,2,1788704866.051538,G1,T03,fermo2420_1m,1,static
219120,1,1,0,2,0,0,0,-1,74,25,34,40,20,9,5,9,10,20,8,25,34,52,52,29,1,2,1788704866.2514079,G1,T03,fermo2420_1m,1,static
219320,1,1,0,2,0,0,0,-1,153,18,29,40,20,9,5,8,10,20,13,25,29,41,41,20,1,2,1788704866.45068,G1,T03,fermo2420_1m,1,static
219520,1,1,0,2,0,0,0,-1,73,29,26,26,26,5,5,5,8,25,10,18,29,41,45,29,1,2,1788704866.6517496,G1,T03,fermo2420_1m,1,static
219720,1,1,0,2,0,0,0,-1,136,65,34,16,17,9,5,10,13,20,8,25,29,41,45,29,1,2,1788704866.8520436,G1,T03,fermo2420_1m,1,static
219920,1,1,0,2,0,0,0,-1,153,97,74,9,17,8,8,9,8,20,13,25,29,41,45,25,1,2,1788704867.0505025,G1,T03,fermo2420_1m,1,static
220120,1,1,0,2,0,0,0,-1,197,58,74,10,10,10,5,5,8,20,13,25,40,50,45,25,1,2,1788704867.2519333,G1,T03,fermo2420_1m,1,static
220320,1,1,0,2,0,0,0,-1,125,20,85,10,17,5,5,5,13,20,8,25,40,50,45,25,1,2,1788704867.451337,G1,T03,fermo2420_1m,1,static
220520,1,1,0,2,0,0,0,-1,65,32,52,10,17,9,5,10,10,20,8,25,29,50,45,25,1,2,1788704867.6519923,G1,T03,fermo2420_1m,1,static
220720,1,1,0,2,0,0,0,-1,170,52,25,8,20,8,5,10,10,25,13,25,34,41,34,25,1,2,1788704867.851979,G1,T03,fermo2420_1m,1,static
220920,1,1,0,2,0,0,0,-1,89,16,13,10,20,8,5,10,9,25,13,32,29,32,45,25,1,2,1788704868.0513692,G1,T03,fermo2420_1m,1,static
221120,1,1,0,2,0,0,0,-1,73,34,29,37,26,5,5,10,5,20,13,32,29,52,41,25,1,2,1788704868.2510667,G1,T03,fermo2420_1m,1,static
221320,1,1,0,2,0,0,0,-1,136,61,16,37,17,5,5,8,16,25,8,25,34,61,41,25,1,2,1788704868.4508677,G1,T03,fermo2420_1m,1,static
221520,1,1,0,2,0,0,0,-1,29,10,13,34,10,5,5,10,8,20,8,25,29,61,41,20,1,2,1788704868.6516547,G1,T03,fermo2420_1m,1,static
221720,1,1,0,2,0,0,0,-1,61,25,13,16,17,10,8,9,8,25,13,25,20,41,52,20,1,2,1788704868.8518665,G1,T03,fermo2420_1m,1,static
221920,1,1,0,2,0,0,0,-1,106,36,8,16,16,10,5,8,9,25,13,25,20,41,34,20,1,2,1788704869.0519283,G1,T03,fermo2420_1m,1,static
222120,1,1,0,2,0,0,0,-1,58,13,25,26,36,8,5,8,10,25,10,18,29,41,34,32,1,2,1788704869.2519062,G1,T03,fermo2420_1m,1,static
222320,1,1,0,2,0,0,0,-1,52,58,72,13,25,5,5,8,13,20,13,18,29,41,34,25,1,2,1788704869.4515414,G1,T03,fermo2420_1m,1,static
222520,1,1,0,2,0,0,0,-1,53,13,52,10,18,8,4,5,13,20,13,25,29,41,45,25,1,2,1788704869.6508932,G1,T03,fermo2420_1m,1,static
222720,1,1,0,2,0,0,0,-1,196,49,41,5,17,8,5,8,13,20,13,18,29,41,34,20,1,2,1788704869.8506799,G1,T03,fermo2420_1m,1,static
222920,1,1,0,2,0,0,0,-1,109,50,68,8,17,10,5,9,13,25,13,25,34,41,34,20,1,2,1788704870.052139,G1,T03,fermo2420_1m,1,static
223120,1,1,0,2,0,0,0,-1,89,32,101,5,16,10,5,8,10,20,13,25,29,41,34,20,1,2,1788704870.2513952,G1,T03,fermo2420_1m,1,static
223320,1,1,0,2,0,0,0,-1,113,80,74,5,16,8,5,5,13,20,10,25,29,41,34,20,1,2,1788704870.4505117,G1,T03,fermo2420_1m,1,static
223520,1,1,0,2,0,0,0,-1,80,25,50,17,16,17,8,13,9,20,10,25,20,32,34,20,1,2,1788704870.651408,G1,T03,fermo2420_1m,1,static
223720,1,1,0,2,0,0,0,-1,148,50,41,10,17,8,5,8,17,20,13,25,29,32,34,20,1,2,1788704870.8512444,G1,T03,fermo2420_1m,1,static
223920,1,1,0,2,0,0,0,-1,97,13,20,10,17,10,8,13,10,25,13,25,20,32,34,20,1,2,1788704871.0520372,G1,T03,fermo2420_1m,1,static
224120,1,1,0,2,0,0,0,-1,320,100,13,8,20,5,5,10,8,20,10,20,29,32,34,20,1,2,1788704871.252195,G1,T03,fermo2420_1m,1,static
224320,1,1,0,2,0,0,0,-1,100,41,10,5,10,10,8,5,13,20,13,18,40,52,34,20,1,2,1788704871.451232,G1,T03,fermo2420_1m,1,static
224520,1,1,0,2,0,0,0,-1,109,72,34,10,17,10,8,9,8,20,10,18,40,41,34,25,1,2,1788704871.6518598,G1,T03,fermo2420_1m,1,static
224720,1,1,0,2,0,0,0,-1,68,34,36,26,34,5,5,5,13,13,8,13,25,32,41,34,1,2,1788704871.851103,G1,T03,fermo2420_1m,1,static
224920,1,1,0,2,0,0,0,-1,113,25,20,32,13,5,13,9,13,13,13,25,29,32,41,25,1,2,1788704872.0522397,G1,T03,fermo2420_1m,1,static
225120,1,1,0,2,0,0,0,-1,122,32,53,32,13,10,9,5,8,13,8,25,29,32,29,29,1,2,1788704872.2520068,G1,T03,fermo2420_1m,1,static
225320,1,1,0,2,0,0,0,-1,148,52,113,37,9,13,5,8,10,13,8,25,34,41,34,29,1,2,1788704872.4514112,G1,T03,fermo2420_1m,1,static
225520,1,1,0,2,0,0,0,-1,116,17,116,36,9,5,5,5,8,13,13,25,34,41,34,20,1,2,1788704872.6520734,G1,T03,fermo2420_1m,1,static
225720,1,1,0,2,0,0,0,-1,260,100,85,20,10,5,5,5,10,13,10,18,34,41,45,25,1,2,1788704872.8521888,G1,T03,fermo2420_1m,1,static
225920,1,1,0,2,0,0,0,-1,145,20,73,20,17,5,5,9,13,13,13,18,29,50,45,25,1,2,1788704873.0520833,G1,T03,fermo2420_1m,1,static
226120,1,1,0,2,0,0,0,-1,64,29,40,29,10,17,5,13,10,13,13,18,29,50,34,25,1,2,1788704873.2513692,G1,T03,fermo2420_1m,1,static
226320,1,1,0,2,0,0,0,-1,90,50,36,37,10,20,5,8,10,20,13,25,34,50,34,25,1,2,1788704873.4520948,G1,T03,fermo2420_1m,1,static
226520,1,1,0,2,0,0,0,-1,40,61,50,37,9,20,5,5,10,20,13,25,26,50,34,20,1,2,1788704873.6512225,G1,T03,fermo2420_1m,1,static
226720,1,1,0,2,0,0,0,-1,32,26,80,32,26,8,8,5,10,20,5,13,26,50,41,29,1,2,1788704873.8514469,G1,T03,fermo2420_1m,1,static
226920,1,1,0,2,0,0,0,-1,90,20,80,10,25,5,5,8,13,20,9,20,29,41,34,25,1,2,1788704874.0521734,G1,T03,fermo2420_1m,1,static
227120,1,1,0,2,0,0,0,-1,90,20,101,13,10,8,5,5,13,20,13,25,29,52,34,25,1,2,1788704874.2514246,G1,T03,fermo2420_1m,1,static
227320,1,1,0,2,0,0,0,-1,40,18,100,10,17,5,10,8,9,20,13,25,40,41,41,25,1,2,1788704874.4520786,G1,T03,fermo2420_1m,1,static
227520,1,1,0,2,0,0,0,-1,61,41,100,5,16,5,9,8,9,20,13,18,29,41,41,20,1,2,1788704874.6520631,G1,T03,fermo2420_1m,1,static
227720,1,1,0,2,0,0,0,-1,50,25,72,13,17,5,5,13,10,20,13,18,29,41,41,20,1,2,1788704874.8522036,G1,T03,fermo2420_1m,1,static
227920,1,1,0,2,0,0,0,-1,221,61,98,5,16,5,13,10,10,20,13,18,29,32,34,25,1,2,1788704875.0521414,G1,T03,fermo2420_1m,1,static
228120,1,1,0,2,0,0,0,-1,72,9,125,8,25,5,9,13,13,20,13,18,26,32,34,25,1,2,1788704875.252114,G1,T03,fermo2420_1m,1,static
228320,1,1,0,2,0,0,0,-1,65,25,52,29,26,8,8,10,10,20,13,18,29,41,34,20,1,2,1788704875.4508557,G1,T03,fermo2420_1m,1,static
228520,1,1,0,2,0,0,0,-1,106,41,45,34,10,10,5,8,5,20,13,18,34,52,41,20,1,2,1788704875.6522546,G1,T03,fermo2420_1m,1,static
228720,1,1,0,2,0,0,0,-1,98,61,50,34,17,5,5,10,5,20,8,25,25,41,41,20,1,2,1788704875.8509297,G1,T03,fermo2420_1m,1,static
228920,1,1,0,2,0,0,0,-1,40,72,89,25,26,10,8,10,13,25,13,18,26,32,34,34,1,2,1788704876.0523167,G1,T03,fermo2420_1m,1,static
229120,1,1,0,2,0,0,0,-1,97,26,65,26,16,8,8,10,13,20,13,25,29,41,34,25,1,2,1788704876.2521381,G1,T03,fermo2420_1m,1,static
229320,1,1,0,2,0,0,0,-1,89,34,73,34,16,5,5,8,13,20,8,25,20,34,34,25,1,2,1788704876.4520943,G1,T03,fermo2420_1m,1,static
229520,1,1,0,2,0,0,0,-1,85,13,52,26,17,8,5,5,13,20,8,25,25,34,34,25,1,2,1788704876.6521006,G1,T03,fermo2420_1m,1,static
229720,1,1,0,2,0,0,0,-1,74,40,29,20,9,13,5,5,13,18,10,25,40,41,34,25,1,2,1788704876.8522265,G1,T03,fermo2420_1m,1,static
229920,1,1,0,2,0,0,0,-1,90,29,25,29,10,10,8,13,17,20,13,25,29,41,41,25,1,2,1788704877.0521293,G1,T03,fermo2420_1m,1,static
230120,1,1,0,2,0,0,0,-1,128,85,29,37,10,5,5,8,10,20,8,20,29,41,52,25,1,2,1788704877.2523088,G1,T03,fermo2420_1m,1,static
230320,1,1,0,2,0,0,0,-1,338,113,45,53,10,13,5,10,9,25,13,25,40,50,52,25,1,2,1788704877.4524024,G1,T03,fermo2420_1m,1,static
230520,1,1,0,2,0,0,0,-1,34,13,41,40,10,10,5,8,8,13,10,25,34,52,41,25,1,2,1788704877.6521995,G1,T03,fermo2420_1m,1,static
230720,1,1,0,2,0,0,0,-1,136,37,34,45,17,10,5,5,13,20,8,25,29,32,41,25,1,2,1788704877.8524175,G1,T03,fermo2420_1m,1,static
230920,1,1,0,2,0,0,0,-1,40,13,34,37,17,17,5,8,10,20,13,25,29,32,34,20,1,2,1788704878.0520444,G1,T03,fermo2420_1m,1,static
231120,1,1,0,2,0,0,0,-1,72,25,17,29,17,10,5,8,10,20,13,25,29,41,41,25,1,2,1788704878.2521806,G1,T03,fermo2420_1m,1,static
231320,1,1,0,2,0,0,0,-1,365,100,20,34,17,10,5,8,10,25,13,25,40,41,41,25,1,2,1788704878.4521632,G1,T03,fermo2420_1m,1,static
231520,1,1,0,2,0,0,0,-1,50,18,20,29,17,10,8,9,17,29,13,25,29,32,34,25,1,2,1788704878.652144,G1,T03,fermo2420_1m,1,static
231720,1,1,0,2,0,0,0,-1,116,41,18,13,16,5,8,20,8,13,13,25,29,41,34,20,1,2,1788704878.8513782,G1,T03,fermo2420_1m,1,static
231920,1,1,0,2,0,0,0,-1,90,20,10,25,16,13,5,5,8,10,13,25,29,41,34,20,1,2,1788704879.0522556,G1,T03,fermo2420_1m,1,static
232120,1,1,0,2,0,0,0,-1,157,45,50,36,10,9,10,10,10,20,13,25,29,32,34,20,1,2,1788704879.252401,G1,T03,fermo2420_1m,1,static
232320,1,1,0,2,0,0,0,-1,97,26,97,26,10,9,5,13,13,20,13,18,26,32,34,20,1,2,1788704879.450941,G1,T03,fermo2420_1m,1,static
232520,1,1,0,2,0,0,0,-1,64,36,149,13,10,10,5,10,5,18,13,13,29,41,34,25,1,2,1788704879.6523843,G1,T03,fermo2420_1m,1,static
232720,1,1,0,2,0,0,0,-1,146,37,125,13,10,8,8,8,13,25,13,18,26,34,34,25,1,2,1788704879.852427,G1,T03,fermo2420_1m,1,static
232920,1,1,0,2,0,0,0,-1,145,41,101,8,10,9,9,13,13,20,13,18,29,34,41,25,1,2,1788704880.0521207,G1,T03,fermo2420_1m,1,static
233120,1,1,0,2,0,0,0,-1,85,58,68,13,5,17,8,8,10,20,18,34,29,41,52,25,1,2,1788704880.2514489,G1,T03,fermo2420_1m,1,static
233320,1,1,0,2,0,0,0,-1,178,52,65,20,8,10,10,8,13,20,13,25,29,41,32,18,1,2,1788704880.4524257,G1,T03,fermo2420_1m,1,static
233520,1,1,0,2,0,0,0,-1,61,34,41,20,10,10,5,10,13,20,8,25,34,41,41,13,1,2,1788704880.65244,G1,T03,fermo2420_1m,1,static
233720,1,1,0,2,0,0,0,-1,162,85,40,20,10,9,5,13,10,20,5,25,29,41,41,20,1,2,1788704880.8524067,G1,T03,fermo2420_1m,1,static
233920,1,1,0,2,0,0,0,-1,34,20,25,29,10,9,8,13,9,25,10,25,29,41,41,25,1,2,1788704881.0521262,G1,T03,fermo2420_1m,1,static
234120,1,1,0,2,0,0,0,-1,53,25,25,26,17,5,8,10,10,25,13,25,29,50,41,25,1,2,1788704881.252072,G1,T03,fermo2420_1m,1,static
234320,1,1,0,2,0,0,0,-1,85,18,32,26,17,8,8,8,9,25,13,25,29,50,52,25,1,2,1788704881.4521897,G1,T03,fermo2420_1m,1,static
234520,1,1,0,2,0,0,0,-1,85,20,53,29,16,9,10,5,13,13,8,25,29,41,45,20,1,2,1788704881.6521902,G1,T03,fermo2420_1m,1,static
234720,1,1,0,2,0,0,0,-1,41,13,50,20,29,9,5,5,13,20,10,25,29,32,34,20,1,2,1788704881.852251,G1,T03,fermo2420_1m,1,static
234920,1,1,0,2,0,0,0,-1,85,72,26,40,10,10,5,8,8,20,13,25,29,41,34,20,1,2,1788704882.0512419,G1,T03,fermo2420_1m,1,static
235120,1,1,0,2,0,0,0,-1,74,26,26,45,10,16,5,13,20,20,13,25,29,41,34,20,1,2,1788704882.2523,G1,T03,fermo2420_1m,1,static
235320,1,1,0,2,0,0,0,-1,65,25,26,45,10,9,4,8,13,20,10,25,29,50,45,29,1,2,1788704882.4519885,G1,T03,fermo2420_1m,1,static
235520,1,1,0,2,0,0,0,-1,68,89,97,36,10,13,5,13,13,20,8,18,29,61,41,25,1,2,1788704882.6522965,G1,T03,fermo2420_1m,1,static
235720,1,1,0,2,0,0,0,-1,130,40,136,17,17,5,5,9,13,13,8,25,34,61,41,34,1,2,1788704882.8524077,G1,T03,fermo2420_1m,1,static
235920,1,1,0,2,0,0,0,-1,90,45,100,20,8,10,4,13,10,13,5,25,29,50,45,25,1,2,1788704883.052185,G1,T03,fermo2420_1m,1,static
236120,1,1,0,2,0,0,0,-1,225,74,90,17,9,5,4,10,13,20,13,25,26,41,52,34,1,2,1788704883.252154,G1,T03,fermo2420_1m,1,static
236320,1,1,0,2,0,0,0,-1,97,45,58,20,5,5,5,8,13,13,13,25,26,41,34,25,1,2,1788704883.4520557,G1,T03,fermo2420_1m,1,static
236520,1,1,0,2,0,0,0,-1,50,29,41,34,5,8,8,10,13,10,13,34,25,41,34,25,1,2,1788704883.6520493,G1,T03,fermo2420_1m,1,static
236720,1,1,0,2,0,0,0,-1,61,74,25,40,10,5,5,8,10,20,9,25,20,41,34,34,1,2,1788704883.8521972,G1,T03,fermo2420_1m,1,static
236920,1,1,0,2,0,0,0,-1,36,18,20,53,9,8,8,8,20,25,13,25,29,41,29,29,1,2,1788704884.0520065,G1,T03,fermo2420_1m,1,static
237120,1,1,0,2,0,0,0,-1,136,45,25,40,10,10,5,5,8,18,17,32,40,41,25,25,1,2,1788704884.2522535,G1,T03,fermo2420_1m,1,static
237320,1,1,0,2,0,0,0,-1,181,34,25,37,9,9,8,10,10,10,5,18,29,41,34,20,1,2,1788704884.452519,G1,T03,fermo2420_1m,1,static
237520,1,1,0,2,0,0,0,-1,269,73,29,36,16,5,5,10,10,17,10,25,29,41,25,25,1,2,1788704884.652136,G1,T03,fermo2420_1m,1,static
237720,1,1,0,2,0,0,0,-1,221,109,25,50,10,5,5,10,10,20,13,32,40,41,34,25,1,2,1788704884.8524895,G1,T03,fermo2420_1m,1,static
237920,1,1,0,2,0,0,0,-1,64,26,8,50,5,20,5,8,10,20,13,32,29,32,34,25,1,2,1788704885.0520794,G1,T03,fermo2420_1m,1,static
238120,1,1,0,2,0,0,0,-1,97,74,26,37,17,8,9,10,13,20,13,25,26,32,34,20,1,2,1788704885.2523804,G1,T03,fermo2420_1m,1,static
238320,1,1,0,2,0,0,0,-1,113,26,52,20,17,10,10,8,13,20,8,25,26,32,34,20,1,2,1788704885.4524734,G1,T03,fermo2420_1m,1,static
238520,1,1,0,2,0,0,0,-1,34,13,65,17,16,8,8,10,13,20,10,18,26,32,34,20,1,2,1788704885.652024,G1,T03,fermo2420_1m,1,static
238720,1,1,0,2,0,0,0,-1,37,37,40,17,17,5,5,10,10,25,10,18,40,41,34,25,1,2,1788704885.852174,G1,T03,fermo2420_1m,1,static
238920,1,1,0,2,0,0,0,-1,74,37,13,25,17,5,5,8,10,25,8,18,40,41,34,25,1,2,1788704886.0522692,G1,T03,fermo2420_1m,1,static
239120,1,1,0,2,0,0,0,-1,64,26,13,25,17,5,5,8,10,25,13,25,40,50,34,25,1,2,1788704886.2520418,G1,T03,fermo2420_1m,1,static
239320,1,1,0,2,0,0,0,-1,116,40,29,29,10,10,5,13,10,25,10,18,29,50,34,20,1,2,1788704886.4522195,G1,T03,fermo2420_1m,1,static
239520,1,1,0,2,0,0,0,-1,40,20,10,25,17,8,8,8,18,25,13,25,29,41,25,20,1,2,1788704886.6522841,G1,T03,fermo2420_1m,1,static
239720,1,1,0,2,0,0,0,-1,169,50,20,41,17,5,13,5,13,25,13,18,29,41,41,29,1,2,1788704886.852439,G1,T03,fermo2420_1m,1,static
239920,1,1,0,2,0,0,0,-1,34,26,16,41,10,8,8,5,13,20,13,25,40,50,41,29,1,2,1788704887.0524518,G1,T03,fermo2420_1m,1,static
240120,1,1,0,2,0,0,0,-1,113,41,10,25,17,8,8,13,10,20,13,25,29,41,34,29,1,2,1788704887.2526863,G1,T03,fermo2420_1m,1,static
240320,1,1,0,2,0,0,0,-1,170,29,5,34,10,10,8,8,8,20,13,25,29,32,34,34,1,2,1788704887.4524527,G1,T03,fermo2420_1m,1,static
240520,1,1,0,2,0,0,0,-1,41,20,10,20,17,10,8,8,13,29,13,25,29,50,34,32,1,2,1788704887.6523917,G1,T03,fermo2420_1m,1,static
240720,1,1,0,2,0,0,0,-1,136,58,10,20,10,10,8,10,13,29,13,25,29,50,34,25,1,2,1788704887.8531406,G1,T03,fermo2420_1m,1,static
240920,1,1,0,2,0,0,0,-1,80,32,50,9,17,5,8,9,9,18,13,18,40,50,41,25,1,2,1788704888.052396,G1,T03,fermo2420_1m,1,static
241120,1,1,0,2,0,0,0,-1,61,20,65,10,17,5,5,8,10,18,13,25,34,41,34,34,1,2,1788704888.2523386,G1,T03,fermo2420_1m,1,static
241320,1,1,0,2,0,0,0,-1,65,20,98,20,10,17,8,8,10,25,13,25,26,41,34,25,1,2,1788704888.452214,G1,T03,fermo2420_1m,1,static
241520,1,1,0,2,0,0,0,-1,130,65,65,17,8,5,9,13,20,25,13,25,29,41,34,34,1,2,1788704888.6523247,G1,T03,fermo2420_1m,1,static
241720,1,1,0,2,0,0,0,-1,52,29,100,10,13,10,5,5,8,20,8,25,29,41,34,34,1,2,1788704888.8522706,G1,T03,fermo2420_1m,1,static
241920,1,1,0,2,0,0,0,-1,37,10,85,10,10,5,10,13,8,20,13,32,40,41,34,29,1,2,1788704889.0526538,G1,T03,fermo2420_1m,1,static
242120,1,1,0,2,0,0,0,-1,74,29,37,5,13,5,10,9,10,20,13,41,40,41,34,34,1,2,1788704889.2522936,G1,T03,fermo2420_1m,1,static
242320,1,1,0,2,0,0,0,-1,146,68,29,13,10,10,10,8,17,29,13,32,29,32,34,25,1,2,1788704889.4523132,G1,T03,fermo2420_1m,1,static
242520,1,1,0,2,0,0,0,-1,185,68,50,26,13,10,5,8,13,10,13,25,26,41,34,25,1,2,1788704889.6523707,G1,T03,fermo2420_1m,1,static
242720,1,1,0,2,0,0,0,-1,100,65,49,26,13,10,10,8,13,20,13,18,26,41,41,32,1,2,1788704889.8523638,G1,T03,fermo2420_1m,1,static
242920,1,1,0,2,0,0,0,-1,89,34,61,34,10,8,5,8,10,20,20,18,29,34,41,32,1,2,1788704890.0519948,G1,T03,fermo2420_1m,1,static
243120,1,1,0,2,0,0,0,-1,73,20,89,41,13,10,5,5,13,25,20,25,29,41,41,32,1,2,1788704890.2526355,G1,T03,fermo2420_1m,1,static
243320,1,1,0,2,0,0,0,-1,41,41,10,18,9,10,13,9,10,32,18,25,29,50,41,25,1,2,1788704890.452504,G1,T03,fermo2420_1m,1,static
243520,1,1,0,2,0,0,0,-1,157,25,113,36,26,9,13,9,10,20,8,25,29,50,34,20,1,2,1788704890.6521618,G1,T03,fermo2420_1m,1,static
243720,1,1,0,2,0,0,0,-1,58,29,106,20,26,5,9,8,20,29,13,25,29,41,34,25,1,2,1788704890.852612,G1,T03,fermo2420_1m,1,static
243920,1,1,0,2,0,0,0,-1,104,17,101,18,26,8,8,5,8,13,8,25,29,41,34,20,1,2,1788704891.052213,G1,T03,fermo2420_1m,1,static
244120,1,1,0,2,0,0,0,-1,288,100,81,18,26,5,5,10,13,29,13,25,29,41,34,25,1,2,1788704891.2523856,G1,T03,fermo2420_1m,1,static
244320,1,1,0,2,0,0,0,-1,58,29,50,26,20,10,10,5,10,20,8,25,29,41,34,25,1,2,1788704891.452059,G1,T03,fermo2420_1m,1,static
244520,1,1,0,2,0,0,0,-1,85,29,17,26,20,9,8,8,13,20,8,18,29,41,45,25,1,2,1788704891.652485,G1,T03,fermo2420_1m,1,static
244720,1,1,0,2,0,0,0,-1,74,13,10,29,13,5,5,8,10,25,20,25,17,41,45,25,1,2,1788704891.8522038,G1,T03,fermo2420_1m,1,static
244920,1,1,0,2,0,0,0,-1,72,37,20,13,10,10,10,5,8,25,13,25,26,41,34,25,1,2,1788704892.0522614,G1,T03,fermo2420_1m,1,static
245120,1,1,0,2,0,0,0,-1,89,37,37,18,10,16,5,5,8,34,13,25,29,41,41,20,1,2,1788704892.2521117,G1,T03,fermo2420_1m,1,static
245320,1,1,0,2,0,0,0,-1,85,17,20,25,10,13,5,8,13,17,13,25,29,41,41,29,1,2,1788704892.4524126,G1,T03,fermo2420_1m,1,static
245520,1,1,0,2,0,0,0,-1,85,25,52,9,10,10,5,8,9,25,13,25,29,41,41,29,1,2,1788704892.6525626,G1,T03,fermo2420_1m,1,static
245720,1,1,0,2,0,0,0,-1,122,34,45,25,10,10,8,5,13,17,13,18,29,41,41,29,1,2,1788704892.8523016,G1,T03,fermo2420_1m,1,static
245920,1,1,0,2,0,0,0,-1,97,34,45,25,10,10,5,8,10,20,10,18,20,52,41,20,1,2,1788704893.0524921,G1,T03,fermo2420_1m,1,static
246120,1,1,0,2,0,0,0,-1,145,52,25,25,17,8,5,5,9,20,13,18,29,41,41,25,1,2,1788704893.2526524,G1,T03,fermo2420_1m,1,static
246320,1,1,0,2,0,0,0,-1,85,40,13,18,10,10,4,8,10,20,13,25,40,50,34,25,1,2,1788704893.4523668,G1,T03,fermo2420_1m,1,static
246520,1,1,0,2,0,0,0,-1,65,13,10,18,17,10,5,5,8,20,13,25,40,50,34,25,1,2,1788704893.6523561,G1,T03,fermo2420_1m,1,static
246720,1,1,0,2,0,0,0,-1,85,50,8,18,10,10,5,8,9,25,13,18,29,50,45,25,1,2,1788704893.852612,G1,T03,fermo2420_1m,1,static
246920,1,1,0,2,0,0,0,-1,117,50,13,13,10,10,10,9,10,18,13,25,29,50,45,25,1,2,1788704894.0523257,G1,T03,fermo2420_1m,1,static
247120,1,1,0,2,0,0,0,-1,45,20,50,9,10,10,8,10,13,25,10,25,29,41,52,25,1,2,1788704894.2526255,G1,T03,fermo2420_1m,1,static
247320,1,1,0,2,0,0,0,-1,53,45,53,10,10,10,8,8,13,20,5,18,29,41,34,25,1,2,1788704894.4525096,G1,T03,fermo2420_1m,1,static
247520,1,1,0,2,0,0,0,-1,233,109,53,5,10,10,13,13,13,20,13,25,29,41,41,25,1,2,1788704894.6530957,G1,T03,fermo2420_1m,1,static
247720,1,1,0,2,0,0,0,-1,65,61,68,8,9,8,8,8,13,20,13,25,29,32,34,25,1,2,1788704894.8522983,G1,T03,fermo2420_1m,1,static
247920,1,1,0,2,0,0,0,-1,160,117,145,13,37,5,8,10,10,25,13,25,29,32,34,25,1,2,1788704895.052393,G1,T03,fermo2420_1m,1,static
248120,1,1,0,2,0,0,0,-1,125,65,100,16,37,5,8,5,10,25,13,34,29,41,34,25,1,2,1788704895.2526019,G1,T03,fermo2420_1m,1,static
248320,1,1,0,2,0,0,0,-1,130,65,85,10,26,5,5,5,8,18,13,25,29,32,34,25,1,2,1788704895.452236,G1,T03,fermo2420_1m,1,static
248520,1,1,0,2,0,0,0,-1,125,29,98,13,26,5,5,5,10,18,8,25,29,41,34,25,1,2,1788704895.6525705,G1,T03,fermo2420_1m,1,static
248720,1,1,0,2,0,0,0,-1,100,61,100,10,26,5,5,8,17,20,20,32,29,41,34,13,1,2,1788704895.8525238,G1,T03,fermo2420_1m,1,static
248920,1,1,0,2,0,0,0,-1,85,25,98,10,9,5,5,5,20,20,13,13,29,41,34,34,1,2,1788704896.0527122,G1,T03,fermo2420_1m,1,static
249120,1,1,0,2,0,0,0,-1,130,50,85,13,10,5,8,10,10,20,18,34,34,41,41,34,1,2,1788704896.2523158,G1,T03,fermo2420_1m,1,static
249320,1,1,0,2,0,0,0,-1,45,41,50,13,17,5,5,10,8,10,13,25,34,41,41,25,1,2,1788704896.4523513,G1,T03,fermo2420_1m,1,static
249520,1,1,0,2,0,0,0,-1,128,65,50,8,17,8,10,5,10,20,8,25,34,41,52,20,1,2,1788704896.6526263,G1,T03,fermo2420_1m,1,static
249720,1,1,0,2,0,0,0,-1,145,58,40,9,16,8,8,5,13,20,8,25,40,41,41,20,1,2,1788704896.8525014,G1,T03,fermo2420_1m,1,static
249920,1,1,0,2,0,0,0,-1,225,52,29,10,16,10,8,9,10,20,13,25,29,41,34,20,1,2,1788704897.0522318,G1,T03,fermo2420_1m,1,static
250120,1,1,0,2,0,0,0,-1,53,20,50,18,17,10,8,5,13,20,8,25,26,32,34,20,1,2,1788704897.2521842,G1,T03,fermo2420_1m,1,static
250320,1,1,0,2,0,0,0,-1,146,29,52,20,16,10,5,5,8,18,13,25,26,32,29,20,1,2,1788704897.4523213,G1,T03,fermo2420_1m,1,static
250520,1,1,0,2,0,0,0,-1,149,58,40,10,17,10,5,10,10,25,13,25,29,41,34,25,1,2,1788704897.6521895,G1,T03,fermo2420_1m,1,static
250720,1,1,0,2,0,0,0,-1,113,74,52,13,17,10,8,10,10,20,8,25,29,32,34,25,1,2,1788704897.8523579,G1,T03,fermo2420_1m,1,static
250920,1,1,0,2,0,0,0,-1,85,17,25,18,17,10,5,8,10,25,13,18,40,32,34,25,1,2,1788704898.0530095,G1,T03,fermo2420_1m,1,static
251120,1,1,0,2,0,0,0,-1,136,41,17,13,20,8,5,8,10,25,20,25,29,41,41,25,1,2,1788704898.252803,G1,T03,fermo2420_1m,1,static
251320,1,1,0,2,0,0,0,-1,34,10,36,18,17,9,10,8,13,20,13,25,29,41,34,25,1,2,1788704898.4530792,G1,T03,fermo2420_1m,1,static
251520,1,1,0,2,0,0,0,-1,101,10,52,20,26,10,5,5,10,25,10,25,29,41,34,13,1,2,1788704898.6529398,G1,T03,fermo2420_1m,1,static
251720,1,1,0,2,0,0,0,-1,65,64,41,18,17,13,4,8,13,25,10,25,29,41,34,20,1,2,1788704898.8525324,G1,T03,fermo2420_1m,1,static
251920,1,1,0,2,0,0,0,-1,185,41,53,17,17,10,5,8,13,20,10,25,29,41,34,29,1,2,1788704899.0529306,G1,T03,fermo2420_1m,1,static
252120,1,1,0,2,0,0,0,-1,65,37,65,10,16,10,5,8,9,20,13,25,29,41,34,29,1,2,1788704899.2523787,G1,T03,fermo2420_1m,1,static
252320,1,1,0,2,0,0,0,-1,65,45,29,13,17,8,8,13,9,13,13,25,29,41,34,29,1,2,1788704899.4522877,G1,T03,fermo2420_1m,1,static
252520,1,1,0,2,0,0,0,-1,250,50,17,10,10,8,8,16,10,25,13,25,29,41,34,25,1,2,1788704899.6523464,G1,T03,fermo2420_1m,1,static
252720,1,1,0,2,0,0,0,-1,146,50,61,17,29,10,5,13,5,13,5,25,29,41,41,25,1,2,1788704899.8532183,G1,T03,fermo2420_1m,1,static
252920,1,1,0,2,0,0,0,-1,73,34,29,20,17,9,8,13,8,13,10,25,34,41,32,25,1,2,1788704900.0521815,G1,T03,fermo2420_1m,1,static
253120,1,1,0,2,0,0,0,-1,29,13,26,13,20,13,9,13,13,20,10,25,34,41,41,25,1,2,1788704900.2522783,G1,T03,fermo2420_1m,1,static
253320,1,1,0,2,0,0,0,-1,65,34,17,13,5,13,8,13,13,20,13,25,29,41,41,20,1,2,1788704900.4530206,G1,T03,fermo2420_1m,1,static
253520,1,1,0,2,0,0,0,-1,41,25,10,18,17,10,8,8,8,13,13,25,40,50,45,20,1,2,1788704900.6531453,G1,T03,fermo2420_1m,1,static
253720,1,1,0,2,0,0,0,-1,106,25,10,25,13,9,8,10,17,29,13,32,29,34,34,20,1,2,1788704900.852349,G1,T03,fermo2420_1m,1,static
253920,1,1,0,2,0,0,0,-1,73,41,9,25,13,9,8,10,8,13,13,32,29,41,34,20,1,2,1788704901.0525064,G1,T03,fermo2420_1m,1,static
254120,1,1,0,2,0,0,0,-1,52,20,20,17,17,9,8,10,10,25,13,25,20,41,34,20,1,2,1788704901.2523365,G1,T03,fermo2420_1m,1,static
254320,1,1,0,2,0,0,0,-1,122,53,65,9,20,5,5,8,10,25,13,25,29,41,34,25,1,2,1788704901.4522564,G1,T03,fermo2420_1m,1,static
254520,1,1,0,2,0,0,0,-1,65,10,65,10,10,17,8,8,10,20,13,18,29,41,34,25,1,2,1788704901.6529694,G1,T03,fermo2420_1m,1,static
254720,1,1,0,2,0,0,0,-1,97,53,82,25,17,10,8,8,8,18,13,25,29,41,34,25,1,2,1788704901.8531315,G1,T03,fermo2420_1m,1,static
254920,1,1,0,2,0,0,0,-1,100,25,29,17,25,9,8,8,8,13,13,25,29,41,34,25,1,2,1788704902.0521998,G1,T03,fermo2420_1m,1,static
255120,1,1,0,2,0,0,0,-1,52,26,18,17,13,16,8,5,8,13,13,25,29,41,41,25,1,2,1788704902.2530973,G1,T03,fermo2420_1m,1,static
255320,1,1,0,2,0,0,0,-1,164,37,10,10,20,5,5,5,13,20,10,25,34,41,41,25,1,2,1788704902.4522731,G1,T03,fermo2420_1m,1,static
255520,1,1,0,2,0,0,0,-1,137,20,10,8,17,8,5,5,9,20,20,25,34,41,34,25,1,2,1788704902.652222,G1,T03,fermo2420_1m,1,static
255720,1,1,0,2,0,0,0,-1,50,29,18,13,10,13,4,5,13,20,20,25,34,41,34,34,1,2,1788704902.8522694,G1,T03,fermo2420_1m,1,static
255920,1,1,0,2,0,0,0,-1,45,29,8,8,10,5,5,8,5,13,8,25,25,41,34,25,1,2,1788704903.052701,G1,T03,fermo2420_1m,1,static
256120,1,1,0,2,0,0,0,-1,180,65,20,10,17,8,5,10,13,20,10,25,34,41,34,20,1,2,1788704903.2526937,G1,T03,fermo2420_1m,1,static
256320,1,1,0,2,0,0,0,-1,157,73,25,5,10,5,5,8,13,20,10,25,45,41,34,20,1,2,1788704903.452443,G1,T03,fermo2420_1m,1,static
256520,1,1,0,2,0,0,0,-1,106,52,25,10,10,10,5,13,5,18,8,25,29,41,34,25,1,2,1788704903.6523988,G1,T03,fermo2420_1m,1,static
256720,1,1,0,2,0,0,0,-1,109,41,16,5,10,13,8,5,8,20,13,25,29,41,34,25,1,2,1788704903.8523493,G1,T03,fermo2420_1m,1,static
256920,1,1,0,2,0,0,0,-1,65,25,40,9,10,10,8,8,10,20,13,25,29,41,41,25,1,2,1788704904.0523517,G1,T03,fermo2420_1m,1,static
257120,1,1,0,2,0,0,0,-1,80,34,17,5,17,17,5,10,13,17,8,32,29,41,29,16,1,2,1788704904.2532713,G1,T03,fermo2420_1m,1,static
257320,1,1,0,2,0,0,0,-1,148,50,13,10,5,13,9,10,10,29,10,32,29,41,34,34,1,2,1788704904.4527218,G1,T03,fermo2420_1m,1,static
257520,1,1,0,2,0,0,0,-1,65,37,20,10,17,10,5,5,13,17,8,25,29,50,41,25,1,2,1788704904.6530955,G1,T03,fermo2420_1m,1,static
257720,1,1,0,2,0,0,0,-1,50,26,9,5,17,10,8,10,10,20,13,25,34,50,41,25,1,2,1788704904.8523173,G1,T03,fermo2420_1m,1,static
257920,1,1,0,2,0,0,0,-1,122,80,26,8,10,13,10,8,10,25,13,25,29,50,41,25,1,2,1788704905.0530045,G1,T03,fermo2420_1m,1,static
258120,1,1,0,2,0,0,0,-1,145,26,40,10,17,10,5,5,13,13,13,25,29,41,34,25,1,2,1788704905.2524543,G1,T03,fermo2420_1m,1,static
258320,1,1,0,2,0,0,0,-1,65,25,40,5,17,5,8,10,9,25,13,32,29,50,34,20,1,2,1788704905.453105,G1,T03,fermo2420_1m,1,static
258520,1,1,0,2,0,0,0,-1,53,20,26,10,17,13,5,5,9,20,13,18,29,41,52,25,1,2,1788704905.651977,G1,T03,fermo2420_1m,1,static
258720,1,1,0,2,0,0,0,-1,85,25,29,8,17,10,5,8,13,20,10,18,29,41,52,25,1,2,1788704905.8526094,G1,T03,fermo2420_1m,1,static
258920,1,1,0,2,0,0,0,-1,90,17,34,10,17,10,5,8,13,20,13,18,40,41,41,25,1,2,1788704906.0528488,G1,T03,fermo2420_1m,1,static
259120,1,1,0,2,0,0,0,-1,89,26,45,10,17,5,5,8,18,20,8,13,29,41,41,25,1,2,1788704906.2529035,G1,T03,fermo2420_1m,1,static
259320,1,1,0,2,0,0,0,-1,65,10,37,10,17,10,5,8,13,20,8,13,29,32,45,25,1,2,1788704906.4523628,G1,T03,fermo2420_1m,1,static
259520,1,1,0,2,0,0,0,-1,85,20,37,8,17,10,5,8,10,20,8,13,29,32,45,25,1,2,1788704906.652996,G1,T03,fermo2420_1m,1,static
259720,1,1,0,2,0,0,0,-1,160,50,40,13,26,8,5,10,10,20,16,34,34,41,45,25,1,2,1788704906.85316,G1,T03,fermo2420_1m,1,static
259920,1,1,0,2,0,0,0,-1,85,25,20,5,20,9,5,5,10,13,8,18,34,41,45,20,1,2,1788704907.0526998,G1,T03,fermo2420_1m,1,static
260120,1,1,0,2,0,0,0,-1,185,65,17,5,17,10,8,10,10,29,8,18,29,41,34,20,1,2,1788704907.2524388,G1,T03,fermo2420_1m,1,static
260320,1,1,0,2,0,0,0,-1,68,40,9,8,20,5,5,5,10,20,13,25,29,41,34,20,1,2,1788704907.4523084,G1,T03,fermo2420_1m,1,static
260520,1,1,0,2,0,0,0,-1,65,65,53,10,26,5,5,8,10,20,13,25,29,41,34,20,1,2,1788704907.6530697,G1,T03,fermo2420_1m,1,static
260720,1,1,0,2,0,0,0,-1,130,29,65,20,18,10,5,5,10,20,13,25,40,41,34,25,1,2,1788704907.852837,G1,T03,fermo2420_1m,1,static
260920,1,1,0,2,0,0,0,-1,104,26,65,25,8,13,5,5,9,25,13,32,29,41,41,25,1,2,1788704908.0522537,G1,T03,fermo2420_1m,1,static
261120,1,1,0,2,0,0,0,-1,50,26,52,26,10,10,5,8,10,29,13,32,29,41,41,25,1,2,1788704908.2533026,G1,T03,fermo2420_1m,1,static
261320,1,1,0,2,0,0,0,-1,72,29,20,17,13,10,10,13,10,25,13,25,29,50,52,25,1,2,1788704908.4531908,G1,T03,fermo2420_1m,1,static
261520,1,1,0,2,0,0,0,-1,106,29,9,5,20,8,5,10,18,17,10,32,29,32,34,25,1,2,1788704908.6522775,G1,T03,fermo2420_1m,1,static
261720,1,1,0,2,0,0,0,-1,52,29,85,5,26,10,5,13,10,25,10,25,29,50,45,20,1,2,1788704908.8533366,G1,T03,fermo2420_1m,1,static
261920,1,1,0,2,0,0,0,-1,128,17,109,5,17,10,5,8,10,20,10,20,29,41,61,25,1,2,1788704909.0528004,G1,T03,fermo2420_1m,1,static
262120,1,1,0,2,0,0,0,-1,148,65,130,13,17,10,8,10,10,20,10,20,29,41,41,18,1,2,1788704909.2530136,G1,T03,fermo2420_1m,1,static
262320,1,1,0,2,0,0,0,-1,106,29,125,20,16,10,8,8,10,20,20,25,34,41,41,25,1,2,1788704909.4534848,G1,T03,fermo2420_1m,1,static
262520,1,1,0,2,0,0,0,-1,185,125,72,17,17,10,9,5,10,20,13,32,34,34,32,25,1,2,1788704909.6533725,G1,T03,fermo2420_1m,1,static
262720,1,1,0,2,0,0,0,-1,205,65,37,25,17,9,5,10,10,13,13,13,26,41,34,25,1,2,1788704909.8530142,G1,T03,fermo2420_1m,1,static
262920,1,1,0,2,0,0,0,-1,197,37,20,18,16,10,8,10,10,20,13,25,29,41,45,25,1,2,1788704910.053238,G1,T03,fermo2420_1m,1,static
263120,1,1,0,2,0,0,0,-1,106,61,8,18,10,10,10,10,13,20,13,25,29,41,45,25,1,2,1788704910.2533457,G1,T03,fermo2420_1m,1,static
263320,1,1,0,2,0,0,0,-1,52,18,10,13,16,8,10,10,10,20,18,25,29,50,45,25,1,2,1788704910.4532595,G1,T03,fermo2420_1m,1,static
263520,1,1,0,2,0,0,0,-1,82,37,13,13,17,8,8,10,13,20,13,25,29,50,45,29,1,2,1788704910.6530526,G1,T03,fermo2420_1m,1,static
263720,1,1,0,2,0,0,0,-1,40,13,16,13,10,10,8,10,13,10,5,25,29,50,45,25,1,2,1788704910.8530974,G1,T03,fermo2420_1m,1,static
263920,1,1,0,2,0,0,0,-1,125,65,8,13,9,10,9,10,10,25,8,25,25,41,45,34,1,2,1788704911.0524342,G1,T03,fermo2420_1m,1,static
264120,1,1,0,2,0,0,0,-1,85,29,29,10,17,10,2,8,10,18,13,25,34,32,34,25,1,2,1788704911.25339,G1,T03,fermo2420_1m,1,static
264320,1,1,0,2,0,0,0,-1,225,52,73,20,13,5,9,10,5,20,10,25,29,41,34,34,1,2,1788704911.4525423,G1,T03,fermo2420_1m,1,static
264520,1,1,0,2,0,0,0,-1,80,45,85,16,10,10,10,18,10,20,8,25,40,41,45,34,1,2,1788704911.653328,G1,T03,fermo2420_1m,1,static
264720,1,1,0,2,0,0,0,-1,80,26,72,17,17,5,5,10,10,25,8,20,29,41,45,34,1,2,1788704911.8530045,G1,T03,fermo2420_1m,1,static
264920,1,1,0,2,0,0,0,-1,116,58,61,17,9,10,5,9,8,25,17,25,29,41,34,34,1,2,1788704912.052732,G1,T03,fermo2420_1m,1,static
265120,1,1,0,2,0,0,0,-1,117,41,80,18,17,10,5,8,8,20,13,25,40,50,45,34,1,2,1788704912.25344,G1,T03,fermo2420_1m,1,static
265320,1,1,0,2,0,0,0,-1,104,18,80,13,16,10,5,8,5,20,13,25,20,50,45,34,1,2,1788704912.4527688,G1,T03,fermo2420_1m,1,static
265520,1,1,0,2,0,0,0,-1,29,17,89,34,20,8,5,5,13,25,13,25,29,50,52,34,1,2,1788704912.6524825,G1,T03,fermo2420_1m,1,static
265720,1,1,0,2,0,0,0,-1,52,13,80,13,9,5,8,5,13,25,13,25,29,50,52,34,1,2,1788704912.8528743,G1,T03,fermo2420_1m,1,static
265920,1,1,0,2,0,0,0,-1,109,29,97,25,25,9,5,5,13,25,13,18,29,41,34,25,1,2,1788704913.052924,G1,T03,fermo2420_1m,1,static
266120,1,1,0,2,0,0,0,-1,61,13,81,16,17,13,5,8,13,25,13,25,29,41,34,25,1,2,1788704913.2532768,G1,T03,fermo2420_1m,1,static
266320,1,1,0,2,0,0,0,-1,153,65,85,20,17,5,8,13,13,20,13,25,20,41,34,25,1,2,1788704913.4530654,G1,T03,fermo2420_1m,1,static
266520,1,1,0,2,0,0,0,-1,50,13,40,20,17,13,10,13,13,20,13,25,20,41,34,25,1,2,1788704913.6535382,G1,T03,fermo2420_1m,1,static
266720,1,1,0,2,0,0,0,-1,193,80,37,10,17,5,13,13,9,25,13,25,34,41,45,20,1,2,1788704913.853157,G1,T03,fermo2420_1m,1,static
266920,1,1,0,2,0,0,0,-1,149,65,32,18,17,8,5,8,8,20,13,25,26,32,34,20,1,2,1788704914.0524764,G1,T03,fermo2420_1m,1,static
267120,1,1,0,2,0,0,0,-1,98,52,17,13,17,8,10,8,8,20,17,25,26,32,34,25,1,2,1788704914.2531676,G1,T03,fermo2420_1m,1,static
267320,1,1,0,2,0,0,0,-1,20,25,58,17,16,5,8,9,13,17,5,18,26,32,34,25,1,2,1788704914.4523873,G1,T03,fermo2420_1m,1,static
267520,1,1,0,2,0,0,0,-1,74,130,116,8,17,5,8,5,10,25,13,25,29,50,41,25,1,2,1788704914.6532755,G1,T03,fermo2420_1m,1,static
267720,1,1,0,2,0,0,0,-1,53,34,125,13,16,5,5,8,10,25,13,25,40,50,34,20,1,2,1788704914.8528147,G1,T03,fermo2420_1m,1,static
267920,1,1,0,2,0,0,0,-1,50,36,74,10,16,5,5,10,10,20,13,25,40,50,34,25,1,2,1788704915.0531354,G1,T03,fermo2420_1m,1,static
268120,1,1,0,2,0,0,0,-1,130,65,26,13,10,10,8,5,8,20,10,25,40,41,41,32,1,2,1788704915.2524083,G1,T03,fermo2420_1m,1,static
268320,1,1,0,2,0,0,0,-1,205,80,50,18,17,10,9,9,8,20,8,25,40,50,45,20,1,2,1788704915.4530609,G1,T03,fermo2420_1m,1,static
268520,1,1,0,2,0,0,0,-1,116,68,36,26,20,5,5,8,13,20,8,18,40,50,41,20,1,2,1788704915.6532571,G1,T03,fermo2420_1m,1,static
268720,1,1,0,2,0,0,0,-1,281,53,45,17,17,10,5,8,13,20,8,25,29,50,52,20,1,2,1788704915.8530607,G1,T03,fermo2420_1m,1,static
268920,1,1,0,2,0,0,0,-1,73,20,18,18,10,5,9,8,8,13,10,18,40,61,52,34,1,2,1788704916.0533226,G1,T03,fermo2420_1m,1,static
269120,1,1,0,2,0,0,0,-1,90,41,25,20,9,5,10,9,10,13,5,18,34,61,34,25,1,2,1788704916.2535274,G1,T03,fermo2420_1m,1,static
269320,1,1,0,2,0,0,0,-1,113,45,65,16,10,8,5,9,10,26,8,18,29,52,41,25,1,2,1788704916.4526145,G1,T03,fermo2420_1m,1,static
269520,1,1,0,2,0,0,0,-1,100,26,40,29,10,8,10,13,10,26,13,25,29,41,29,20,1,2,1788704916.6534688,G1,T03,fermo2420_1m,1,static
269720,1,1,0,2,0,0,0,-1,109,29,53,25,17,8,5,9,10,20,13,25,40,41,34,34,1,2,1788704916.8530126,G1,T03,fermo2420_1m,1,static
269920,1,1,0,2,0,0,0,-1,74,17,17,20,13,5,5,9,5,20,13,25,29,41,34,20,1,2,1788704917.0528572,G1,T03,fermo2420_1m,1,static
270120,1,1,0,2,0,0,0,-1,25,17,13,25,10,5,8,13,10,20,13,25,29,41,34,20,1,2,1788704917.2534387,G1,T03,fermo2420_1m,1,static
270320,1,1,0,2,0,0,0,-1,106,41,10,29,17,10,8,8,5,13,13,25,45,41,34,20,1,2,1788704917.4530048,G1,T03,fermo2420_1m,1,static
270520,1,1,0,2,0,0,0,-1,50,65,50,29,10,10,5,8,5,18,13,18,26,32,45,20,1,2,1788704917.6534283,G1,T03,fermo2420_1m,1,static
270720,1,1,0,2,0,0,0,-1,53,20,26,29,13,10,5,10,16,13,5,13,34,41,34,20,1,2,1788704917.8531268,G1,T03,fermo2420_1m,1,static
270920,1,1,0,2,0,0,0,-1,80,13,20,29,10,10,8,10,20,13,5,18,40,41,34,34,1,2,1788704918.0532827,G1,T03,fermo2420_1m,1,static
271120,1,1,0,2,0,0,0,-1,113,26,13,36,10,10,8,8,8,25,10,25,40,41,34,25,1,2,1788704918.2531896,G1,T03,fermo2420_1m,1,static
271320,1,1,0,2,0,0,0,-1,117,45,29,26,10,17,5,13,13,20,10,25,34,50,34,25,1,2,1788704918.4530587,G1,T03,fermo2420_1m,1,static
271520,1,1,0,2,0,0,0,-1,65,13,37,17,10,10,5,8,10,25,8,25,34,41,34,25,1,2,1788704918.6532516,G1,T03,fermo2420_1m,1,static
271720,1,1,0,2,0,0,0,-1,104,52,65,10,10,13,8,8,10,29,8,32,29,41,34,13,1,2,1788704918.8531322,G1,T03,fermo2420_1m,1,static
271920,1,1,0,2,0,0,0,-1,65,10,90,20,10,13,8,8,13,34,10,18,29,41,34,20,1,2,1788704919.0530763,G1,T03,fermo2420_1m,1,static
272120,1,1,0,2,0,0,0,-1,50,13,130,25,17,8,8,10,10,29,13,18,20,41,34,20,1,2,1788704919.2534947,G1,T03,fermo2420_1m,1,static
272320,1,1,0,2,0,0,0,-1,45,16,113,34,17,5,8,10,10,20,8,18,40,41,34,17,1,2,1788704919.4533114,G1,T03,fermo2420_1m,1,static
272520,1,1,0,2,0,0,0,-1,169,34,106,16,13,5,13,8,10,20,8,18,29,32,34,20,1,2,1788704919.6534393,G1,T03,fermo2420_1m,1,static
272720,1,1,0,2,0,0,0,-1,80,17,97,10,16,5,5,5,8,13,13,25,29,41,34,20,1,2,1788704919.852881,G1,T03,fermo2420_1m,1,static
272920,1,1,0,2,0,0,0,-1,130,29,45,13,25,5,5,5,8,18,13,32,40,41,45,34,1,2,1788704920.053215,G1,T03,fermo2420_1m,1,static
273120,1,1,0,2,0,0,0,-1,181,34,34,13,10,5,5,8,9,25,13,25,40,41,34,20,1,2,1788704920.2530053,G1,T03,fermo2420_1m,1,static
273320,1,1,0,2,0,0,0,-1,81,34,29,13,10,5,8,10,9,20,13,18,37,34,25,18,1,2,1788704920.4531825,G1,T03,fermo2420_1m,1,static
273520,1,1,0,2,0,0,0,-1,160,74,58,10,9,5,8,10,10,20,13,18,26,41,41,18,1,2,1788704920.6531131,G1,T03,fermo2420_1m,1,static
273720,1,1,0,2,0,0,0,-1,160,64,45,18,9,8,8,10,13,20,18,25,29,41,52,25,1,2,1788704920.853095,G1,T03,fermo2420_1m,1,static
273920,1,1,0,2,0,0,0,-1,90,25,41,10,17,8,8,10,13,20,13,25,40,41,25,25,1,2,1788704921.0529592,G1,T03,fermo2420_1m,1,static
274120,1,1,0,2,0,0,0,-1,64,20,80,20,5,5,8,9,13,20,10,25,34,41,34,20,1,2,1788704921.2534442,G1,T03,fermo2420_1m,1,static
274320,1,1,0,2,0,0,0,-1,74,68,65,10,13,5,5,10,10,20,10,32,45,50,52,25,1,2,1788704921.453723,G1,T03,fermo2420_1m,1,static
274520,1,1,0,2,0,0,0,-1,146,90,85,8,13,5,5,5,13,20,10,32,40,50,41,25,1,2,1788704921.6534793,G1,T03,fermo2420_1m,1,static
274720,1,1,0,2,0,0,0,-1,97,45,100,5,13,13,5,8,13,20,10,32,40,50,41,25,1,2,1788704921.8535004,G1,T03,fermo2420_1m,1,static
274920,1,1,0,2,0,0,0,-1,101,13,52,5,20,10,5,5,8,20,8,25,29,50,52,34,1,2,1788704922.0531282,G1,T03,fermo2420_1m,1,static
275120,1,1,0,2,0,0,0,-1,113,36,45,8,26,5,8,8,8,13,8,25,34,50,34,34,1,2,1788704922.253338,G1,T03,fermo2420_1m,1,static
275320,1,1,0,2,0,0,0,-1,89,61,34,9,26,8,10,13,5,13,8,34,34,50,41,34,1,2,1788704922.4524813,G1,T03,fermo2420_1m,1,static
275520,1,1,0,2,0,0,0,-1,106,20,52,8,26,5,9,10,5,13,10,25,29,50,52,25,1,2,1788704922.6538455,G1,T03,fermo2420_1m,1,static
275720,1,1,0,2,0,0,0,-1,125,17,80,13,10,10,5,13,8,20,10,25,34,41,41,25,1,2,1788704922.8530178,G1,T03,fermo2420_1m,1,static
275920,1,1,0,2,0,0,0,-1,169,58,68,9,10,8,5,8,9,20,13,32,34,41,34,25,1,2,1788704923.0531402,G1,T03,fermo2420_1m,1,static
276120,1,1,0,2,0,0,0,-1,37,25,104,13,16,8,10,13,13,20,8,20,25,41,41,25,1,2,1788704923.253315,G1,T03,fermo2420_1m,1,static
276320,1,1,0,2,0,0,0,-1,104,40,53,13,17,10,5,8,10,20,13,25,29,41,52,17,1,2,1788704923.4536183,G1,T03,fermo2420_1m,1,static
276520,1,1,0,2,0,0,0,-1,173,100,53,13,16,5,5,8,10,20,13,25,29,41,45,17,1,2,1788704923.653318,G1,T03,fermo2420_1m,1,static
276720,1,1,0,2,0,0,0,-1,125,25,53,8,10,10,5,8,13,20,13,25,29,41,45,20,1,2,1788704923.8533251,G1,T03,fermo2420_1m,1,static
276920,1,1,0,2,0,0,0,-1,32,36,34,10,13,8,8,13,17,20,13,25,40,50,45,25,1,2,1788704924.053064,G1,T03,fermo2420_1m,1,static
277120,1,1,0,2,0,0,0,-1,170,45,36,20,13,13,5,5,10,13,10,32,26,41,45,25,1,2,1788704924.2537436,G1,T03,fermo2420_1m,1,static
277320,1,1,0,2,0,0,0,-1,41,40,65,13,16,5,5,5,13,18,10,25,29,41,34,20,1,2,1788704924.4534953,G1,T03,fermo2420_1m,1,static
277520,1,1,0,2,0,0,0,-1,68,34,36,9,20,10,5,10,13,26,13,20,34,41,41,20,1,2,1788704924.653554,G1,T03,fermo2420_1m,1,static
277720,1,1,0,2,0,0,0,-1,41,52,58,10,17,10,8,9,13,25,13,13,20,41,41,20,1,2,1788704924.853687,G1,T03,fermo2420_1m,1,static
277920,1,1,0,2,0,0,0,-1,125,29,32,9,17,8,8,13,10,20,8,13,29,41,41,20,1,2,1788704925.0530863,G1,T03,fermo2420_1m,1,static
278120,1,1,0,2,0,0,0,-1,104,37,17,10,16,13,8,8,13,20,8,13,29,41,34,20,1,2,1788704925.2536511,G1,T03,fermo2420_1m,1,static
278320,1,1,0,2,0,0,0,-1,170,58,17,5,25,5,9,5,13,13,8,25,40,50,34,20,1,2,1788704925.4535902,G1,T03,fermo2420_1m,1,static
278520,1,1,0,2,0,0,0,-1,68,29,17,8,17,10,8,9,13,13,8,25,29,50,41,20,1,2,1788704925.6532772,G1,T03,fermo2420_1m,1,static
278720,1,1,0,2,0,0,0,-1,64,26,17,8,13,8,5,8,13,29,8,18,26,32,34,25,1,2,1788704925.8535538,G1,T03,fermo2420_1m,1,static
278920,1,1,0,2,0,0,0,-1,178,41,8,13,13,5,5,5,8,20,8,18,26,32,34,17,1,2,1788704926.0529828,G1,T03,fermo2420_1m,1,static
279120,1,1,0,2,0,0,0,-1,34,20,8,8,40,8,5,10,8,20,13,18,29,41,41,18,1,2,1788704926.253162,G1,T03,fermo2420_1m,1,static
279320,1,1,0,2,0,0,0,-1,61,13,10,10,20,10,4,10,13,20,13,32,29,41,34,25,1,2,1788704926.453114,G1,T03,fermo2420_1m,1,static
279520,1,1,0,2,0,0,0,-1,109,37,8,8,17,10,8,9,8,13,13,25,20,41,34,25,1,2,1788704926.6533587,G1,T03,fermo2420_1m,1,static
279720,1,1,0,2,0,0,0,-1,53,37,10,8,16,5,8,8,13,13,13,18,20,32,29,20,1,2,1788704926.8530774,G1,T03,fermo2420_1m,1,static
279920,1,1,0,2,0,0,0,-1,68,34,61,9,17,8,9,13,5,13,5,13,29,32,41,25,1,2,1788704927.053643,G1,T03,fermo2420_1m,1,static
280120,1,1,0,2,0,0,0,-1,148,50,18,8,16,10,5,10,13,20,13,18,29,32,41,25,1,2,1788704927.2539003,G1,T03,fermo2420_1m,1,static
280320,1,1,0,2,0,0,0,-1,106,25,8,10,17,10,5,8,10,20,13,25,29,50,41,25,1,2,1788704927.4533842,G1,T03,fermo2420_1m,1,static
280520,1,1,0,2,0,0,0,-1,180,41,9,10,17,5,9,8,5,20,10,34,34,41,34,20,1,2,1788704927.6529512,G1,T03,fermo2420_1m,1,static
280720,1,1,0,2,0,0,0,-1,121,68,74,10,26,8,9,8,10,20,13,25,34,41,34,20,1,2,1788704927.8539917,G1,T03,fermo2420_1m,1,static
280920,1,1,0,2,0,0,0,-1,53,17,162,8,5,5,10,8,10,13,5,25,29,41,41,25,1,2,1788704928.0532603,G1,T03,fermo2420_1m,1,static
281120,1,1,0,2,0,0,0,-1,144,89,125,10,5,10,5,8,10,20,8,25,40,32,34,25,1,2,1788704928.253391,G1,T03,fermo2420_1m,1,static
281320,1,1,0,2,0,0,0,-1,181,90,100,8,17,9,4,8,10,34,20,18,29,41,41,25,1,2,1788704928.453425,G1,T03,fermo2420_1m,1,static
281520,1,1,0,2,0,0,0,-1,149,52,90,17,10,5,10,20,10,17,10,18,26,41,32,25,1,2,1788704928.654067,G1,T03,fermo2420_1m,1,static
281720,1,1,0,2,0,0,0,-1,157,32,36,16,10,10,5,8,5,20,13,20,26,50,34,25,1,2,1788704928.8534622,G1,T03,fermo2420_1m,1,static
281920,1,1,0,2,0,0,0,-1,125,26,45,20,13,9,10,9,8,20,13,18,29,50,41,25,1,2,1788704929.0533838,G1,T03,fermo2420_1m,1,static
282120,1,1,0,2,0,0,0,-1,89,20,41,20,13,10,5,10,8,13,13,18,29,50,41,25,1,2,1788704929.253228,G1,T03,fermo2420_1m,1,static
282320,1,1,0,2,0,0,0,-1,89,20,53,18,10,10,8,5,8,17,9,25,29,41,41,25,1,2,1788704929.4536881,G1,T03,fermo2420_1m,1,static
282520,1,1,0,2,0,0,0,-1,64,29,53,13,10,10,5,9,13,26,10,25,29,41,41,25,1,2,1788704929.6530857,G1,T03,fermo2420_1m,1,static
282720,1,1,0,2,0,0,0,-1,229,36,58,17,10,10,5,8,13,25,8,25,29,41,41,25,1,2,1788704929.8532867,G1,T03,fermo2420_1m,1,static
282920,1,1,0,2,0,0,0,-1,181,113,85,16,20,10,9,5,13,17,5,25,29,41,41,25,1,2,1788704930.054066,G1,T03,fermo2420_1m,1,static
283120,1,1,0,2,0,0,0,-1,180,61,125,17,26,13,8,5,10,25,8,25,29,41,34,25,1,2,1788704930.2533038,G1,T03,fermo2420_1m,1,static
283320,1,1,0,2,0,0,0,-1,170,29,100,18,25,5,5,8,13,20,8,20,29,41,34,25,1,2,1788704930.4533565,G1,T03,fermo2420_1m,1,static
283520,1,1,0,2,0,0,0,-1,117,36,90,25,26,10,8,5,13,20,8,25,29,41,41,25,1,2,1788704930.6533365,G1,T03,fermo2420_1m,1,static
283720,1,1,0,2,0,0,0,-1,65,61,100,18,17,8,8,5,13,13,10,20,29,41,34,25,1,2,1788704930.8539824,G1,T03,fermo2420_1m,1,static
283920,1,1,0,2,0,0,0,-1,97,17,128,20,16,8,8,5,8,13,10,18,29,41,34,25,1,2,1788704931.0535798,G1,T03,fermo2420_1m,1,static
284120,1,1,0,2,0,0,0,-1,101,25,128,10,16,13,8,13,5,20,5,18,29,50,34,20,1,2,1788704931.2532365,G1,T03,fermo2420_1m,1,static
284320,1,1,0,2,0,0,0,-1,40,20,130,13,17,5,5,8,13,20,8,18,40,32,34,20,1,2,1788704931.4531882,G1,T03,fermo2420_1m,1,static
284520,1,1,0,2,0,0,0,-1,104,26,113,17,26,8,5,8,13,18,10,25,40,41,34,20,1,2,1788704931.6532028,G1,T03,fermo2420_1m,1,static
284720,1,1,0,2,0,0,0,-1,45,34,53,20,17,10,10,13,10,13,10,25,29,41,41,25,1,2,1788704931.8542979,G1,T03,fermo2420_1m,1,static
284920,1,1,0,2,0,0,0,-1,160,101,40,13,17,9,5,8,13,13,10,20,20,41,41,25,1,2,1788704932.0541902,G1,T03,fermo2420_1m,1,static
285120,1,1,0,2,0,0,0,-1,40,17,65,25,16,9,5,8,13,13,10,32,29,41,41,25,1,2,1788704932.2533114,G1,T03,fermo2420_1m,1,static
285320,1,1,0,2,0,0,0,-1,229,50,40,20,20,9,5,8,10,25,18,34,20,32,34,25,1,2,1788704932.4541807,G1,T03,fermo2420_1m,1,static
285520,1,1,0,2,0,0,0,-1,53,34,20,20,26,8,8,13,8,17,8,34,29,41,34,25,1,2,1788704932.6535082,G1,T03,fermo2420_1m,1,static
285720,1,1,0,2,0,0,0,-1,180,45,41,9,26,5,5,10,10,13,13,32,40,41,41,32,1,2,1788704932.8533442,G1,T03,fermo2420_1m,1,static
285920,1,1,0,2,0,0,0,-1,65,61,73,10,17,5,5,8,10,20,13,25,37,41,41,32,1,2,1788704933.0536394,G1,T03,fermo2420_1m,1,static
286120,1,1,0,2,0,0,0,-1,49,65,73,8,17,16,5,13,8,20,13,25,29,41,34,25,1,2,1788704933.253183,G1,T03,fermo2420_1m,1,static
286320,1,1,0,2,0,0,0,-1,29,10,29,10,17,5,5,5,13,34,13,32,29,32,34,25,1,2,1788704933.453304,G1,T03,fermo2420_1m,1,static
286520,1,1,0,2,0,0,0,-1,130,29,25,5,25,5,9,5,10,25,13,25,29,52,41,25,1,2,1788704933.65313,G1,T03,fermo2420_1m,1,static
286720,1,1,0,2,0,0,0,-1,65,17,8,10,17,5,8,13,10,20,13,25,29,41,41,18,1,2,1788704933.8531306,G1,T03,fermo2420_1m,1,static
286920,1,1,0,2,0,0,0,-1,61,29,10,13,17,5,5,9,9,13,13,25,29,41,41,25,1,2,1788704934.0533557,G1,T03,fermo2420_1m,1,static
287120,1,1,0,2,0,0,0,-1,325,90,13,29,10,9,5,8,10,13,5,25,20,32,34,20,1,2,1788704934.253205,G1,T03,fermo2420_1m,1,static
287320,1,1,0,2,0,0,0,-1,146,97,25,5,10,17,5,16,9,20,10,25,29,41,41,20,1,2,1788704934.4533298,G1,T03,fermo2420_1m,1,static
287520,1,1,0,2,0,0,0,-1,130,41,25,10,20,10,8,13,9,20,10,18,29,41,41,20,1,2,1788704934.6532457,G1,T03,fermo2420_1m,1,static
287720,1,1,0,2,0,0,0,-1,72,50,20,20,8,10,5,13,13,20,13,18,29,41,41,25,1,2,1788704934.8540378,G1,T03,fermo2420_1m,1,static
287920,1,1,0,2,0,0,0,-1,72,29,5,16,8,9,8,9,13,17,18,25,34,41,52,34,1,2,1788704935.0531864,G1,T03,fermo2420_1m,1,static
288120,1,1,0,2,0,0,0,-1,40,17,8,20,10,8,5,5,10,20,13,25,29,41,34,20,1,2,1788704935.2540467,G1,T03,fermo2420_1m,1,static
288320,1,1,0,2,0,0,0,-1,125,37,10,25,18,8,8,5,13,17,8,25,34,41,34,20,1,2,1788704935.4532406,G1,T03,fermo2420_1m,1,static
288520,1,1,0,2,0,0,0,-1,100,20,50,17,10,8,5,8,8,20,5,25,34,41,34,25,1,2,1788704935.6532502,G1,T03,fermo2420_1m,1,static
288720,1,1,0,2,0,0,0,-1,136,52,81,10,16,10,5,8,8,13,13,25,34,41,52,25,1,2,1788704935.8543508,G1,T03,fermo2420_1m,1,static
288920,1,1,0,2,0,0,0,-1,65,49,128,10,20,10,5,13,13,20,9,25,34,41,45,25,1,2,1788704936.0534956,G1,T03,fermo2420_1m,1,static
289120,1,1,0,2,0,0,0,-1,29,32,121,10,20,9,5,5,10,20,13,25,29,32,45,34,1,2,1788704936.2542663,G1,T03,fermo2420_1m,1,static
289320,1,1,0,2,0,0,0,-1,125,20,73,10,17,5,8,16,10,13,8,18,17,50,45,26,1,2,1788704936.4536004,G1,T03,fermo2420_1m,1,static
289520,1,1,0,2,0,0,0,-1,160,90,50,17,10,16,5,13,5,20,13,25,26,41,45,20,1,2,1788704936.6536715,G1,T03,fermo2420_1m,1,static
289720,1,1,0,2,0,0,0,-1,37,17,34,5,17,5,9,10,8,20,13,25,26,25,34,25,1,2,1788704936.85323,G1,T03,fermo2420_1m,1,static
289920,1,1,0,2,0,0,0,-1,85,34,34,10,17,10,5,5,8,20,13,25,29,41,34,29,1,2,1788704937.054122,G1,T03,fermo2420_1m,1,static
290120,1,1,0,2,0,0,0,-1,37,29,10,20,10,10,5,8,10,20,13,32,40,41,41,20,1,2,1788704937.2532933,G1,T03,fermo2420_1m,1,static
290320,1,1,0,2,0,0,0,-1,73,25,17,26,13,10,5,5,13,20,13,25,40,41,34,20,1,2,1788704937.4534597,G1,T03,fermo2420_1m,1,static
290520,1,1,0,2,0,0,0,-1,277,136,13,29,9,13,8,13,5,25,8,25,29,50,45,20,1,2,1788704937.654155,G1,T03,fermo2420_1m,1,static
290720,1,1,0,2,0,0,0,-1,50,20,8,17,10,10,9,18,13,20,8,25,29,41,41,25,1,2,1788704937.8534498,G1,T03,fermo2420_1m,1,static
290920,1,1,0,2,0,0,0,-1,125,25,10,34,10,10,8,13,13,20,13,18,20,41,34,20,1,2,1788704938.054322,G1,T03,fermo2420_1m,1,static
291120,1,1,0,2,0,0,0,-1,100,52,5,25,10,13,5,8,13,29,18,18,29,50,45,20,1,2,1788704938.2543092,G1,T03,fermo2420_1m,1,static
291320,1,1,0,2,0,0,0,-1,146,52,5,18,17,13,13,13,16,29,18,25,29,41,34,20,1,2,1788704938.4544952,G1,T03,fermo2420_1m,1,static
291520,1,1,0,2,0,0,0,-1,89,25,10,13,16,5,13,10,10,20,10,25,29,41,34,20,1,2,1788704938.6534395,G1,T03,fermo2420_1m,1,static
291720,1,1,0,2,0,0,0,-1,265,65,41,9,25,5,5,10,10,20,10,25,34,41,41,20,1,2,1788704938.8535275,G1,T03,fermo2420_1m,1,static
291920,1,1,0,2,0,0,0,-1,130,45,116,10,29,8,5,5,10,25,13,25,25,41,34,20,1,2,1788704939.0539067,G1,T03,fermo2420_1m,1,static
292120,1,1,0,2,0,0,0,-1,41,52,100,8,17,5,8,5,13,20,13,18,29,41,34,20,1,2,1788704939.254136,G1,T03,fermo2420_1m,1,static
292320,1,1,0,2,0,0,0,-1,74,29,116,5,10,5,8,8,10,13,13,25,29,41,45,20,1,2,1788704939.454031,G1,T03,fermo2420_1m,1,static
292520,1,1,0,2,0,0,0,-1,97,18,65,13,20,5,8,13,10,20,13,25,29,41,34,25,1,2,1788704939.654346,G1,T03,fermo2420_1m,1,static
292720,1,1,0,2,0,0,0,-1,144,29,65,13,13,8,5,13,9,20,13,25,29,41,41,25,1,2,1788704939.854319,G1,T03,fermo2420_1m,1,static
292920,1,1,0,2,0,0,0,-1,113,20,53,13,13,5,5,8,10,20,13,25,29,52,32,25,1,2,1788704940.0535314,G1,T03,fermo2420_1m,1,static
293120,1,1,0,2,0,0,0,-1,37,10,34,13,9,10,5,9,10,25,13,25,20,41,25,25,1,2,1788704940.253421,G1,T03,fermo2420_1m,1,static
293320,1,1,0,2,0,0,0,-1,40,65,80,13,17,5,5,10,5,20,8,25,34,41,34,25,1,2,1788704940.4541662,G1,T03,fermo2420_1m,1,static
293520,1,1,0,2,0,0,0,-1,265,157,64,20,13,20,9,10,9,18,8,25,34,41,34,25,1,2,1788704940.6543283,G1,T03,fermo2420_1m,1,static
293720,1,1,0,2,0,0,0,-1,85,25,58,32,9,13,8,5,13,20,18,25,29,41,34,20,1,2,1788704940.854074,G1,T03,fermo2420_1m,1,static
293920,1,1,0,2,0,0,0,-1,244,85,53,17,17,9,5,5,10,20,10,25,29,41,29,20,1,2,1788704941.0534127,G1,T03,fermo2420_1m,1,static
