timestamp_ms,radar_presence,moving_target,stationary_target,moving_distance_cm,stationary_distance_cm,moving_energy,stationary_energy,pir_presence,menergy_gate0,menergy_gate1,menergy_gate2,menergy_gate3,menergy_gate4,menergy_gate5,menergy_gate6,menergy_gate7,menergy_gate8,senergy_gate0,senergy_gate1,senergy_gate2,senergy_gate3,senergy_gate4,senergy_gate5,senergy_gate6,senergy_gate7,senergy_gate8,light_level,out_level,pc_time_s,group_id,trial_id,scenario,ground_truth_presence,ground_truth_state
3576498,1,1,1,75,94,100,100,1,55,100,60,60,39,19,3,2,6,0,0,100,100,100,78,43,39,44,11,1,1787455789.8669624,G1,T03,fermo_1m_H,1,static
3576698,1,1,1,82,81,100,100,1,40,100,100,19,24,14,7,11,12,0,0,100,100,100,80,44,39,44,11,1,1787455789.8679664,G1,T03,fermo_1m_H,1,static
3576898,1,1,1,87,82,100,100,1,41,100,100,18,7,4,9,2,9,0,0,100,100,100,82,47,41,47,11,1,1787455789.8679664,G1,T03,fermo_1m_H,1,static
3577098,1,1,1,80,73,100,100,1,47,100,100,26,25,10,8,4,7,0,0,100,100,100,86,47,42,48,11,1,1787455789.8689663,G1,T03,fermo_1m_H,1,static
3577298,1,1,1,93,82,100,100,1,72,100,100,44,18,1,3,3,8,0,0,100,100,100,86,46,41,49,11,1,1787455789.8699663,G1,T03,fermo_1m_H,1,static
3577498,1,1,1,89,89,100,100,1,33,100,100,19,6,8,11,2,5,0,0,100,100,100,87,47,41,48,11,1,1787455789.8699663,G1,T03,fermo_1m_H,1,static
3577698,1,1,1,89,84,100,100,1,100,100,100,49,25,11,3,10,10,0,0,100,100,100,89,45,43,50,11,1,1787455789.8709662,G1,T03,fermo_1m_H,1,static
3577898,1,1,1,97,85,100,100,1,15,100,97,23,12,12,13,7,5,0,0,100,100,100,89,45,44,51,11,1,1787455789.8709662,G1,T03,fermo_1m_H,1,static
3578098,1,1,1,81,90,100,100,1,100,100,100,39,29,11,7,6,6,0,0,100,100,100,91,46,44,51,11,1,1787455789.8719664,G1,T03,fermo_1m_H,1,static
3578298,1,1,1,79,132,100,100,1,100,100,100,47,23,7,12,8,7,0,0,100,100,100,89,47,47,54,11,1,1787455789.8719664,G1,T03,fermo_1m_H,1,static
3578498,1,1,1,87,103,100,100,1,41,100,100,20,18,11,11,10,12,0,0,100,100,100,88,47,47,55,11,1,1787455790.0143266,G1,T03,fermo_1m_H,1,static
3578698,1,1,1,84,78,100,100,1,25,100,100,35,10,5,3,2,12,0,0,100,100,100,84,48,49,59,11,1,1787455790.2142334,G1,T03,fermo_1m_H,1,static
3578898,1,1,1,67,78,100,100,1,54,100,26,52,41,27,7,9,8,0,0,100,100,100,94,48,50,61,11,1,1787455790.4138544,G1,T03,fermo_1m_H,1,static
3579098,1,1,1,87,80,100,100,1,44,100,100,21,11,10,15,8,5,0,0,100,100,100,100,50,50,61,11,1,1787455790.6143918,G1,T03,fermo_1m_H,1,static
3579298,1,1,1,81,87,100,100,1,100,100,100,30,18,16,5,11,7,0,0,100,100,100,100,51,49,58,11,1,1787455790.8142977,G1,T03,fermo_1m_H,1,static
3579498,1,1,1,84,99,100,100,1,68,100,100,20,13,9,2,5,8,0,0,100,100,100,100,52,52,57,11,1,1787455791.0141683,G1,T03,fermo_1m_H,1,static
3579698,1,1,1,87,79,100,100,1,100,100,100,43,17,9,1,6,9,0,0,100,100,100,100,53,54,56,11,1,1787455791.2140317,G1,T03,fermo_1m_H,1,static
3579898,1,1,1,88,85,100,100,1,37,100,100,37,21,22,7,10,8,0,0,100,100,100,100,53,54,55,11,1,1787455791.414248,G1,T03,fermo_1m_H,1,static
3580098,1,1,1,86,79,100,100,1,22,100,100,27,31,20,7,13,12,0,0,100,100,100,100,52,53,58,11,1,1787455791.6145737,G1,T03,fermo_1m_H,1,static
3580298,1,1,1,100,82,100,100,1,46,100,100,50,27,5,5,4,5,0,0,100,100,100,100,51,56,65,11,1,1787455791.8143861,G1,T03,fermo_1m_H,1,static
3580498,1,1,1,76,89,100,100,1,100,100,100,9,18,10,6,4,8,0,0,100,100,100,100,49,58,67,11,1,1787455792.0144334,G1,T03,fermo_1m_H,1,static
3580698,1,1,1,74,88,100,100,1,100,100,100,45,17,12,7,6,5,0,0,100,100,100,100,50,60,70,11,1,1787455792.2144508,G1,T03,fermo_1m_H,1,static
3580898,1,1,1,90,99,100,100,1,52,100,100,61,26,11,12,10,5,0,0,100,100,100,100,48,59,69,11,1,1787455792.4144378,G1,T03,fermo_1m_H,1,static
3581098,1,1,1,83,74,100,100,1,94,100,100,32,19,15,15,12,11,0,0,100,100,100,100,50,61,71,11,1,1787455792.6143203,G1,T03,fermo_1m_H,1,static
3581298,1,1,1,71,80,100,100,1,100,100,100,8,23,14,3,7,2,0,0,100,100,100,100,53,63,72,11,1,1787455792.8142612,G1,T03,fermo_1m_H,1,static
3581498,1,1,1,83,106,100,100,1,100,100,100,42,5,5,7,5,5,0,0,100,100,100,100,52,68,73,11,1,1787455793.0142405,G1,T03,fermo_1m_H,1,static
3581698,1,1,1,88,96,100,100,1,100,100,100,17,5,16,14,5,9,0,0,100,100,100,100,53,69,71,11,1,1787455793.2145894,G1,T03,fermo_1m_H,1,static
3581898,1,1,1,100,74,100,100,1,61,100,100,25,30,18,9,9,2,0,0,100,100,100,100,55,69,69,11,1,1787455793.4143035,G1,T03,fermo_1m_H,1,static
3582098,1,1,1,83,75,100,100,1,100,100,100,15,6,9,3,7,5,0,0,100,100,100,100,55,69,70,11,1,1787455793.6143231,G1,T03,fermo_1m_H,1,static
3582298,1,1,1,82,88,100,100,1,100,100,100,32,23,7,11,10,6,0,0,100,100,100,100,55,68,69,11,1,1787455793.81455,G1,T03,fermo_1m_H,1,static
3582498,1,1,1,75,83,100,100,1,100,100,100,34,23,5,3,7,5,0,0,100,100,100,100,54,68,69,11,1,1787455794.0144536,G1,T03,fermo_1m_H,1,static
3582698,1,1,1,75,72,100,100,1,100,100,100,23,7,2,5,1,5,0,0,100,100,100,100,52,67,68,11,1,1787455794.2143939,G1,T03,fermo_1m_H,1,static
3582898,1,1,1,78,77,100,100,1,86,100,100,56,26,6,3,9,9,0,0,100,100,100,100,51,67,68,11,1,1787455794.4142065,G1,T03,fermo_1m_H,1,static
3583098,1,1,1,80,81,100,100,1,100,100,100,28,18,10,2,4,2,0,0,100,100,100,100,49,67,68,11,1,1787455794.614382,G1,T03,fermo_1m_H,1,static
3583298,1,1,1,87,87,100,100,1,100,100,100,28,14,10,6,4,11,0,0,100,100,100,100,48,66,72,11,1,1787455794.8146677,G1,T03,fermo_1m_H,1,static
3583498,1,1,1,83,89,100,100,1,96,100,100,47,20,9,11,15,15,0,0,100,100,100,100,47,67,77,11,1,1787455795.014485,G1,T03,fermo_1m_H,1,static
3583698,1,1,1,82,96,100,100,1,100,100,100,29,10,11,5,7,4,0,0,100,100,100,93,47,70,83,11,1,1787455795.214666,G1,T03,fermo_1m_H,1,static
3583898,1,1,1,88,87,100,100,1,40,100,100,37,22,8,9,8,9,0,0,100,100,100,89,46,70,84,11,1,1787455795.414277,G1,T03,fermo_1m_H,1,static
3584098,1,1,1,84,88,100,100,1,59,100,100,37,20,8,4,14,15,0,0,100,100,100,88,45,72,85,11,1,1787455795.6138923,G1,T03,fermo_1m_H,1,static
3584298,1,1,1,80,87,100,100,1,63,100,100,23,44,12,4,10,10,0,0,100,100,100,83,44,72,84,11,1,1787455795.8144643,G1,T03,fermo_1m_H,1,static
3584498,1,1,1,88,107,100,100,1,100,100,100,22,3,8,6,4,8,0,0,100,100,100,82,45,73,85,12,1,1787455796.0138686,G1,T03,fermo_1m_H,1,static
3584698,1,1,1,87,90,100,100,1,80,100,100,13,12,8,3,7,11,0,0,100,100,100,80,43,72,84,11,1,1787455796.2139776,G1,T03,fermo_1m_H,1,static
3584898,1,1,1,96,82,100,100,1,83,100,100,29,8,4,6,1,11,0,0,100,100,100,82,42,73,86,11,1,1787455796.4142437,G1,T03,fermo_1m_H,1,static
3585098,1,1,1,87,86,100,100,1,44,100,100,36,14,12,2,3,7,0,0,100,100,100,78,39,73,89,11,1,1787455796.61449,G1,T03,fermo_1m_H,1,static
3585298,1,1,1,152,85,89,100,1,31,36,89,43,15,13,7,4,3,0,0,100,100,100,72,36,74,94,11,1,1787455796.8142505,G1,T03,fermo_1m_H,1,static
3585498,1,1,1,75,103,100,100,1,100,100,100,5,19,10,5,11,3,0,0,100,100,100,70,34,72,97,11,1,1787455797.0145214,G1,T03,fermo_1m_H,1,static
3585698,1,1,1,82,114,100,100,1,25,100,82,12,4,10,10,7,7,0,0,100,100,100,71,33,72,100,11,1,1787455797.2143207,G1,T03,fermo_1m_H,1,static
3585898,1,1,1,90,90,100,100,1,24,100,100,11,17,12,7,8,12,0,0,100,100,100,65,29,72,100,11,1,1787455797.4142907,G1,T03,fermo_1m_H,1,static
3586098,1,1,1,109,99,100,100,1,13,100,100,16,8,8,2,10,7,0,0,100,100,100,63,28,71,100,11,1,1787455797.6141584,G1,T03,fermo_1m_H,1,static
3586298,1,1,1,90,116,100,100,1,88,100,100,27,17,6,5,3,13,0,0,100,100,100,65,27,70,100,11,1,1787455797.8144686,G1,T03,fermo_1m_H,1,static
3586498,1,1,1,73,132,100,100,1,100,100,100,35,14,4,3,6,7,0,0,100,100,100,68,26,70,100,11,1,1787455798.0143397,G1,T03,fermo_1m_H,1,static
3586698,1,1,1,119,81,100,100,1,40,100,100,24,11,10,6,5,7,0,0,100,100,100,69,26,69,98,12,1,1787455798.2145286,G1,T03,fermo_1m_H,1,static
3586898,1,1,1,78,127,100,100,1,100,100,100,18,16,10,5,5,9,0,0,100,100,100,69,25,68,97,11,1,1787455798.4145088,G1,T03,fermo_1m_H,1,static
3587098,1,1,1,80,70,100,100,1,100,100,100,23,9,8,5,7,4,0,0,100,100,100,71,24,66,98,11,1,1787455798.614387,G1,T03,fermo_1m_H,1,static
3587298,1,1,1,77,80,100,100,1,100,100,100,13,11,7,8,5,10,0,0,100,100,100,71,25,66,97,11,1,1787455798.8141425,G1,T03,fermo_1m_H,1,static
3587498,1,1,1,82,74,100,100,1,100,100,100,42,13,6,6,11,3,0,0,100,100,100,71,24,62,89,11,1,1787455799.014609,G1,T03,fermo_1m_H,1,static
3587698,1,1,1,62,93,100,100,1,100,100,100,21,21,11,10,8,8,0,0,100,100,100,70,26,56,83,12,1,1787455799.2147899,G1,T03,fermo_1m_H,1,static
3587898,1,1,1,90,80,100,100,1,47,100,100,40,10,9,10,7,8,0,0,100,100,100,67,26,56,83,11,1,1787455799.4138253,G1,T03,fermo_1m_H,1,static
3588098,1,1,1,82,83,100,100,1,43,100,100,26,5,3,1,7,5,0,0,100,100,100,65,24,54,78,12,1,1787455799.6142063,G1,T03,fermo_1m_H,1,static
3588298,1,1,1,105,76,100,100,1,43,100,100,18,10,2,8,8,10,0,0,100,100,100,63,24,50,73,11,1,1787455799.8139904,G1,T03,fermo_1m_H,1,static
3588498,1,1,1,78,102,100,100,1,100,100,100,51,10,6,9,7,6,0,0,100,100,100,61,25,50,70,11,1,1787455800.0141923,G1,T03,fermo_1m_H,1,static
3588698,1,1,1,114,79,100,100,1,77,100,100,44,7,4,10,9,6,0,0,100,100,100,58,26,50,68,12,1,1787455800.2149985,G1,T03,fermo_1m_H,1,static
3588898,1,1,1,103,95,100,100,1,30,100,100,28,16,9,8,9,2,0,0,100,100,100,56,27,51,67,11,1,1787455800.4140334,G1,T03,fermo_1m_H,1,static
3589098,1,1,1,96,108,100,100,1,46,100,100,13,10,10,8,3,9,0,0,100,100,100,56,28,51,65,11,1,1787455800.6148822,G1,T03,fermo_1m_H,1,static
3589298,1,1,1,81,88,100,100,1,68,100,100,32,16,5,4,10,2,0,0,100,100,100,56,29,52,61,11,1,1787455800.8144302,G1,T03,fermo_1m_H,1,static
3589498,1,1,1,74,71,100,100,1,59,100,49,35,9,14,12,3,4,0,0,100,100,100,57,30,52,59,11,1,1787455801.0144928,G1,T03,fermo_1m_H,1,static
3589698,1,1,1,86,124,100,100,1,96,100,100,37,8,11,9,3,4,0,0,100,100,96,60,30,51,57,12,1,1787455801.2143812,G1,T03,fermo_1m_H,1,static
3589898,1,1,1,150,83,100,100,1,100,78,100,83,12,9,1,8,4,0,0,100,100,88,59,32,51,57,11,1,1787455801.4146702,G1,T03,fermo_1m_H,1,static
3590098,1,1,1,94,80,100,100,1,84,100,100,33,9,6,8,6,9,0,0,100,100,81,55,32,53,56,11,1,1787455801.6142983,G1,T03,fermo_1m_H,1,static
3590298,1,1,1,118,85,100,100,1,36,100,100,66,18,3,4,8,5,0,0,100,100,80,56,34,53,56,11,1,1787455801.8147674,G1,T03,fermo_1m_H,1,static
3590498,1,1,1,97,86,100,100,1,100,100,100,56,23,8,9,9,10,0,0,100,100,83,55,35,57,59,12,1,1787455802.0144866,G1,T03,fermo_1m_H,1,static
3590698,1,1,1,142,84,100,100,1,69,66,100,34,12,9,7,10,6,0,0,100,100,82,56,37,63,63,11,1,1787455802.2145293,G1,T03,fermo_1m_H,1,static
3590898,1,1,1,86,82,100,100,1,89,100,100,48,11,7,1,1,1,0,0,100,100,79,55,38,67,65,11,1,1787455802.4144237,G1,T03,fermo_1m_H,1,static
3591098,1,1,1,73,103,100,100,1,100,100,100,32,5,11,4,10,5,0,0,100,100,77,53,39,69,66,11,1,1787455802.6146483,G1,T03,fermo_1m_H,1,static
3591298,1,1,1,73,75,100,100,1,100,100,100,11,4,13,10,10,4,0,0,100,100,76,55,40,69,65,11,1,1787455802.8145883,G1,T03,fermo_1m_H,1,static
3591498,1,1,1,90,68,100,100,1,100,100,100,43,14,8,5,11,9,0,0,100,100,76,56,40,69,65,12,1,1787455803.014404,G1,T03,fermo_1m_H,1,static
3591698,1,1,1,93,67,100,100,1,100,100,100,49,11,4,9,4,4,0,0,100,100,75,54,39,71,65,11,1,1787455803.2142346,G1,T03,fermo_1m_H,1,static
3591898,1,1,1,84,106,100,100,1,18,100,100,18,9,4,5,1,8,0,0,100,100,75,53,39,72,66,11,1,1787455803.414571,G1,T03,fermo_1m_H,1,static
3592098,1,1,1,89,77,100,100,1,100,100,100,23,10,2,1,6,5,0,0,100,100,79,55,39,72,66,11,1,1787455803.6145377,G1,T03,fermo_1m_H,1,static
3592298,1,1,1,124,85,100,100,1,35,100,100,21,12,9,3,2,1,0,0,100,100,81,57,39,72,63,12,1,1787455803.814574,G1,T03,fermo_1m_H,1,static
3592498,1,1,1,70,86,100,100,1,100,100,100,26,16,7,12,7,9,0,0,100,100,82,56,39,69,62,12,1,1787455804.014626,G1,T03,fermo_1m_H,1,static
3592698,1,1,1,84,86,100,100,1,100,100,100,50,17,8,5,13,11,0,0,100,100,82,57,38,68,60,12,1,1787455804.2146885,G1,T03,fermo_1m_H,1,static
3592898,1,1,1,80,89,100,100,1,100,100,100,7,9,6,5,1,6,0,0,100,100,82,57,37,66,57,12,1,1787455804.4139686,G1,T03,fermo_1m_H,1,static
3593098,1,1,1,84,92,100,100,1,100,100,100,51,9,5,3,10,9,0,0,100,100,84,55,36,63,53,11,1,1787455804.613985,G1,T03,fermo_1m_H,1,static
3593298,1,1,1,142,83,100,100,1,93,68,100,49,16,6,8,2,6,0,0,100,100,87,56,36,59,50,12,1,1787455804.8146238,G1,T03,fermo_1m_H,1,static
3593498,1,1,1,78,93,100,100,1,100,100,100,42,10,5,4,5,2,0,0,100,100,84,54,35,57,47,12,1,1787455805.0132825,G1,T03,fermo_1m_H,1,static
3593698,1,1,1,77,83,100,100,1,75,100,100,20,6,3,7,6,10,0,0,100,100,83,50,34,56,45,11,1,1787455805.2142668,G1,T03,fermo_1m_H,1,static
3593898,1,1,1,72,80,100,100,1,100,100,100,33,6,7,2,5,5,0,0,100,100,83,48,32,54,43,11,1,1787455805.4146056,G1,T03,fermo_1m_H,1,static
3594098,1,1,1,104,80,100,100,1,17,100,100,19,10,14,5,1,3,0,0,100,100,87,49,32,52,43,12,1,1787455805.6142175,G1,T03,fermo_1m_H,1,static
3594298,1,1,1,86,82,100,100,1,45,100,100,16,8,7,5,5,3,0,0,100,100,87,48,30,52,41,12,1,1787455805.8138504,G1,T03,fermo_1m_H,1,static
3594498,1,1,1,81,75,100,100,1,100,100,100,29,17,11,12,8,10,0,0,100,100,89,50,30,50,40,12,1,1787455806.0150414,G1,T03,fermo_1m_H,1,static
3594698,1,1,1,80,79,100,100,1,53,100,72,43,30,15,3,10,9,0,0,100,100,89,55,32,45,39,12,1,1787455806.2145536,G1,T03,fermo_1m_H,1,static
3594898,1,1,1,99,70,100,100,1,72,100,100,49,10,12,5,2,2,0,0,100,100,89,63,34,43,40,12,1,1787455806.4146044,G1,T03,fermo_1m_H,1,static
3595098,1,1,1,80,70,100,100,1,100,100,100,14,10,7,11,11,6,0,0,100,100,89,68,37,43,39,12,1,1787455806.614802,G1,T03,fermo_1m_H,1,static
3595298,1,1,1,82,70,100,100,1,100,100,100,19,4,3,9,3,4,0,0,100,100,88,73,38,43,41,12,1,1787455806.8146079,G1,T03,fermo_1m_H,1,static
3595498,1,1,1,66,133,100,100,1,100,100,100,84,12,2,8,5,11,0,0,100,100,90,76,40,43,42,12,1,1787455807.0146668,G1,T03,fermo_1m_H,1,static
3595698,1,1,1,75,83,100,100,1,100,100,100,31,15,7,3,8,6,0,0,100,100,91,79,41,43,44,12,1,1787455807.2147877,G1,T03,fermo_1m_H,1,static
3595898,1,1,1,142,73,100,100,1,100,55,100,15,11,10,8,5,5,0,0,100,100,93,82,41,43,44,12,1,1787455807.4144967,G1,T03,fermo_1m_H,1,static
3596098,1,1,1,72,78,100,100,1,100,100,100,13,1,8,9,7,2,0,0,100,100,91,81,41,43,47,12,1,1787455807.6142964,G1,T03,fermo_1m_H,1,static
3596298,1,1,1,74,72,100,100,1,100,100,100,32,7,1,5,1,8,0,0,100,100,89,80,41,44,50,12,1,1787455807.8143158,G1,T03,fermo_1m_H,1,static
3596498,1,1,1,60,79,100,100,1,82,100,11,21,11,12,4,5,5,0,0,100,100,90,83,42,45,52,12,1,1787455808.0142562,G1,T03,fermo_1m_H,1,static
3596698,1,1,1,76,42,100,100,1,70,100,80,10,5,3,2,10,3,0,0,100,100,92,86,44,43,53,12,1,1787455808.2144485,G1,T03,fermo_1m_H,1,static
3596898,1,1,1,77,55,100,100,1,56,100,72,12,4,7,8,4,10,0,0,100,100,89,86,45,43,53,12,1,1787455808.4144702,G1,T03,fermo_1m_H,1,static
3597098,1,1,1,49,63,100,100,1,100,100,31,21,8,2,8,5,1,0,0,100,100,88,89,45,41,54,11,1,1787455808.6141076,G1,T03,fermo_1m_H,1,static
3597298,1,1,1,70,77,100,100,1,100,100,100,13,10,6,7,6,1,0,0,100,100,81,87,44,39,54,11,1,1787455808.8147225,G1,T03,fermo_1m_H,1,static
3597498,1,1,1,85,55,100,100,1,54,100,100,36,10,9,7,4,10,0,0,100,100,81,87,45,39,54,11,1,1787455809.014766,G1,T03,fermo_1m_H,1,static
3597698,1,1,1,77,86,100,100,1,100,100,100,25,10,5,5,5,1,0,0,100,100,80,88,45,38,53,11,1,1787455809.214849,G1,T03,fermo_1m_H,1,static
3597898,1,1,1,65,58,100,100,1,100,100,97,15,13,6,7,6,6,0,0,100,100,83,90,45,37,54,11,1,1787455809.4146907,G1,T03,fermo_1m_H,1,static
3598098,1,1,1,128,72,80,100,1,20,62,80,17,10,9,8,7,6,0,0,100,100,82,91,45,37,56,11,1,1787455809.6141794,G1,T03,fermo_1m_H,1,static
3598298,1,1,1,69,86,100,100,1,100,100,96,16,10,6,7,9,6,0,0,100,100,87,94,46,37,58,11,1,1787455809.814662,G1,T03,fermo_1m_H,1,static
3598498,1,1,1,59,64,100,100,1,100,100,58,24,2,7,2,6,7,0,0,100,100,86,94,45,36,56,11,1,1787455810.014488,G1,T03,fermo_1m_H,1,static
3598698,1,1,1,61,63,95,100,1,61,95,21,14,5,1,2,5,9,0,0,100,100,86,90,43,35,53,11,1,1787455810.214088,G1,T03,fermo_1m_H,1,static
3598898,1,1,1,87,106,100,100,0,42,100,99,15,10,4,2,7,8,0,0,100,100,88,84,40,34,49,11,1,1787455810.414069,G1,T03,fermo_1m_H,1,static
3599098,1,1,1,111,87,100,100,0,14,100,100,19,3,5,3,5,5,0,0,100,100,91,79,35,31,46,11,1,1787455810.614641,G1,T03,fermo_1m_H,1,static
3599298,1,0,1,0,101,0,100,0,13,37,27,4,7,7,3,4,7,0,0,100,100,93,73,32,29,43,11,1,1787455810.8141396,G1,T03,fermo_1m_H,1,static
3599498,1,1,1,92,87,81,100,0,34,81,64,12,8,6,2,6,6,0,0,100,100,90,68,29,28,41,11,1,1787455811.014163,G1,T03,fermo_1m_H,1,static
3599698,1,1,1,73,82,100,100,0,70,100,63,11,6,8,3,6,5,0,0,100,100,87,66,28,25,37,11,1,1787455811.2143302,G1,T03,fermo_1m_H,1,static
3599898,1,1,1,71,48,100,100,0,100,100,89,3,9,2,3,6,5,0,0,100,100,83,61,26,23,35,11,1,1787455811.4144022,G1,T03,fermo_1m_H,1,static
3600098,1,1,1,69,69,76,100,0,49,76,40,15,3,3,5,6,2,0,0,100,100,78,60,25,21,32,11,1,1787455811.614441,G1,T03,fermo_1m_H,1,static
3600298,1,1,1,76,75,88,100,0,22,88,28,9,10,9,7,5,3,0,0,100,100,80,60,26,19,28,11,1,1787455811.8143322,G1,T03,fermo_1m_H,1,static
3600498,1,1,1,123,75,47,100,0,17,42,47,11,5,10,9,2,3,0,0,100,100,77,57,24,18,25,11,1,1787455812.0143826,G1,T03,fermo_1m_H,1,static
3600698,1,1,1,98,99,82,100,0,13,82,66,9,8,6,5,3,2,0,0,100,100,77,55,22,18,23,11,1,1787455812.2141194,G1,T03,fermo_1m_H,1,static
3600898,1,1,1,91,87,61,100,0,21,61,46,10,6,2,4,4,1,0,0,100,100,77,56,21,17,23,12,1,1787455812.4143171,G1,T03,fermo_1m_H,1,static
3601098,1,1,1,78,86,100,100,0,77,100,98,13,12,3,3,4,1,0,0,100,100,76,54,20,17,22,12,1,1787455812.614482,G1,T03,fermo_1m_H,1,static
3601298,1,1,1,96,77,52,100,0,22,52,44,15,9,4,4,6,1,0,0,100,100,77,52,19,18,21,12,1,1787455812.8145826,G1,T03,fermo_1m_H,1,static
3601498,1,1,1,103,97,100,100,0,25,100,96,18,7,9,5,6,4,0,0,100,100,78,51,18,17,21,12,1,1787455813.0143225,G1,T03,fermo_1m_H,1,static
3601698,1,1,1,94,103,100,100,0,18,100,100,16,5,6,3,5,7,0,0,100,100,78,50,18,15,20,12,1,1787455813.2147067,G1,T03,fermo_1m_H,1,static
3601898,1,1,1,104,115,100,100,0,30,100,100,20,8,3,1,3,9,0,0,100,100,75,49,18,15,19,12,1,1787455813.4148474,G1,T03,fermo_1m_H,1,static
3602098,1,1,1,93,99,100,100,0,35,100,100,14,10,11,6,1,6,0,0,100,100,71,45,18,15,18,11,1,1787455813.614802,G1,T03,fermo_1m_H,1,static
3602298,1,1,1,97,92,99,100,0,20,99,81,14,1,8,2,3,3,0,0,100,100,65,41,18,14,17,12,1,1787455813.8144407,G1,T03,fermo_1m_H,1,static
3602498,1,1,1,125,82,100,100,0,17,92,100,14,14,3,4,8,6,0,0,100,100,61,36,17,14,16,12,1,1787455814.0149255,G1,T03,fermo_1m_H,1,static
3602698,1,1,1,108,104,100,100,0,25,100,100,25,5,3,8,4,5,0,0,100,100,58,33,17,14,15,12,1,1787455814.2144067,G1,T03,fermo_1m_H,1,static
3602898,1,1,1,101,121,100,100,0,43,100,100,17,6,7,5,2,3,0,0,100,100,55,31,17,14,15,12,1,1787455814.4148824,G1,T03,fermo_1m_H,1,static
3603098,1,1,1,77,78,100,100,0,50,100,61,1,4,7,5,1,3,0,0,100,100,51,30,18,15,15,12,1,1787455814.6145792,G1,T03,fermo_1m_H,1,static
3603298,1,1,1,77,84,59,100,0,19,59,25,5,1,7,6,1,3,0,0,100,100,49,29,19,15,16,12,1,1787455814.8140867,G1,T03,fermo_1m_H,1,static
3603498,1,1,1,83,77,65,100,0,15,65,34,10,2,7,7,1,3,0,0,100,100,48,28,19,15,16,12,1,1787455815.0134382,G1,T03,fermo_1m_H,1,static
3603698,1,0,1,0,83,0,100,0,20,15,15,5,1,5,5,1,4,0,0,100,100,48,28,20,15,16,12,1,1787455815.2135007,G1,T03,fermo_1m_H,1,static
3603898,1,1,1,78,83,61,100,0,18,61,27,7,8,4,7,1,3,0,0,100,100,48,29,20,15,17,12,1,1787455815.4141457,G1,T03,fermo_1m_H,1,static
3604098,1,0,1,0,78,0,100,0,16,45,14,6,6,3,8,1,4,0,0,100,100,49,29,21,15,17,12,1,1787455815.613903,G1,T03,fermo_1m_H,1,static
3604298,1,0,1,0,78,0,100,0,19,48,16,9,6,1,8,1,4,0,0,100,100,47,28,20,15,17,11,1,1787455815.813568,G1,T03,fermo_1m_H,1,static
3604498,1,0,1,0,78,0,100,0,19,38,19,6,4,3,7,2,2,0,0,100,100,44,26,19,16,17,12,1,1787455816.0143085,G1,T03,fermo_1m_H,1,static
3604698,1,0,1,0,78,0,100,0,17,25,19,7,3,3,9,2,3,0,0,100,100,39,25,19,15,16,12,1,1787455816.2142649,G1,T03,fermo_1m_H,1,static
3604898,1,1,1,104,133,51,100,0,18,51,47,8,4,5,6,2,3,0,0,100,100,36,23,19,15,16,12,1,1787455816.4146013,G1,T03,fermo_1m_H,1,static
3605098,1,1,1,82,104,84,100,0,46,84,59,12,5,9,2,1,1,0,0,100,100,36,22,20,15,16,11,1,1787455816.6147342,G1,T03,fermo_1m_H,1,static
3605298,1,1,1,70,80,100,100,0,100,100,100,12,8,9,6,1,2,0,0,100,100,36,24,20,15,15,11,1,1787455816.8146167,G1,T03,fermo_1m_H,1,static
3605498,1,1,1,67,65,100,100,0,91,100,55,3,9,2,6,3,6,0,0,100,100,35,24,20,14,15,12,1,1787455817.0145037,G1,T03,fermo_1m_H,1,static
3605698,1,1,1,63,57,100,100,0,100,100,100,16,2,10,7,2,1,0,0,100,100,35,25,21,15,15,12,1,1787455817.2146833,G1,T03,fermo_1m_H,1,static
3605898,1,1,1,79,76,100,100,0,53,100,100,16,4,9,4,2,2,0,0,100,100,34,25,20,15,14,12,1,1787455817.414595,G1,T03,fermo_1m_H,1,static
3606098,1,1,1,136,76,59,100,0,16,43,59,26,10,6,4,5,1,0,0,100,100,33,26,19,15,13,12,1,1787455817.6146996,G1,T03,fermo_1m_H,1,static
3606298,1,1,1,70,66,100,100,0,72,100,52,7,9,3,7,7,2,0,0,100,100,35,28,19,16,12,12,1,1787455817.8149226,G1,T03,fermo_1m_H,1,static
3606498,1,1,1,73,72,67,100,0,43,67,40,10,10,10,9,3,4,0,0,100,100,37,29,20,15,12,12,1,1787455818.014687,G1,T03,fermo_1m_H,1,static
3606698,1,1,1,30,41,77,100,0,77,62,52,18,13,1,6,4,4,0,0,100,100,37,30,19,15,12,12,1,1787455818.2142038,G1,T03,fermo_1m_H,1,static
3606898,1,1,1,78,80,100,100,0,58,100,100,4,2,6,9,6,4,0,0,100,100,39,31,18,15,11,12,1,1787455818.4146147,G1,T03,fermo_1m_H,1,static
3607098,1,1,1,80,75,89,100,0,42,89,54,9,3,5,2,6,5,0,0,100,100,40,30,19,15,11,12,1,1787455818.6142874,G1,T03,fermo_1m_H,1,static
3607298,1,1,1,81,76,100,100,0,41,100,100,8,7,1,4,4,5,0,0,100,100,40,30,19,15,11,12,1,1787455818.814785,G1,T03,fermo_1m_H,1,static
3607498,1,1,1,75,83,100,100,0,65,100,65,10,11,1,1,2,5,0,0,100,100,40,31,19,15,10,11,1,1787455819.0147393,G1,T03,fermo_1m_H,1,static
3607698,1,1,1,69,75,76,100,0,37,76,23,7,11,2,2,7,3,0,0,100,100,43,31,20,15,10,12,1,1787455819.2140682,G1,T03,fermo_1m_H,1,static
3607898,1,1,1,69,55,100,100,0,70,100,39,10,5,8,4,11,4,0,0,100,100,45,31,20,16,9,12,1,1787455819.4147565,G1,T03,fermo_1m_H,1,static
3608098,1,1,1,77,76,100,100,0,20,100,37,3,5,4,4,11,4,0,0,100,100,47,32,20,18,9,12,1,1787455819.6147635,G1,T03,fermo_1m_H,1,static
3608298,1,0,1,0,77,0,100,0,17,50,24,8,8,5,5,9,4,0,0,100,100,49,33,20,19,9,12,1,1787455819.8146143,G1,T03,fermo_1m_H,1,static
3608498,1,1,1,73,77,92,100,0,28,92,21,2,6,2,5,5,3,0,0,100,100,49,35,20,20,9,11,1,1787455820.0144129,G1,T03,fermo_1m_H,1,static
3608698,1,1,1,72,74,61,100,0,19,61,12,7,6,1,6,5,3,0,0,100,100,51,36,20,21,8,11,1,1787455820.2144544,G1,T03,fermo_1m_H,1,static
3608898,1,1,1,67,69,100,100,0,60,100,27,10,6,5,5,5,2,0,0,100,100,53,36,19,21,8,12,1,1787455820.4148595,G1,T03,fermo_1m_H,1,static
3609098,1,1,1,64,60,74,100,0,44,74,20,8,8,8,4,8,3,0,0,100,100,56,36,18,21,8,12,1,1787455820.6140041,G1,T03,fermo_1m_H,1,static
3609298,1,0,1,0,64,0,100,0,34,40,6,11,7,6,6,7,3,0,0,100,100,57,34,18,21,7,11,1,1787455820.8140142,G1,T03,fermo_1m_H,1,static
3609498,1,0,1,0,64,0,100,0,16,22,1,7,8,4,5,7,4,0,0,100,100,59,33,18,22,7,11,1,1787455821.0144672,G1,T03,fermo_1m_H,1,static
3609698,1,0,1,0,64,0,100,0,16,13,4,3,7,3,5,7,3,0,0,100,100,60,32,17,22,6,11,1,1787455821.2142596,G1,T03,fermo_1m_H,1,static
3609898,1,1,1,67,64,100,100,0,96,100,60,18,5,3,4,7,3,0,0,100,100,61,31,17,22,6,11,1,1787455821.4148161,G1,T03,fermo_1m_H,1,static
3610098,1,1,1,66,70,100,100,0,97,100,50,17,7,4,2,4,3,0,0,100,100,64,30,16,22,6,11,1,1787455821.6148722,G1,T03,fermo_1m_H,1,static
3610298,1,1,1,74,82,100,100,0,52,100,47,13,8,2,4,2,5,0,0,100,100,62,28,16,21,6,12,1,1787455821.814716,G1,T03,fermo_1m_H,1,static
3610498,1,1,1,62,63,100,100,0,72,100,23,16,13,6,4,5,5,0,0,100,100,61,27,15,21,7,12,1,1787455822.0143242,G1,T03,fermo_1m_H,1,static
3610698,1,0,1,0,62,0,100,0,17,37,14,3,1,4,1,4,2,0,0,100,100,62,27,15,21,7,12,1,1787455822.2145402,G1,T03,fermo_1m_H,1,static
3610898,1,0,1,0,62,0,100,0,13,12,11,6,8,6,2,4,3,0,0,100,100,60,26,14,20,7,12,1,1787455822.4142625,G1,T03,fermo_1m_H,1,static
3611098,1,1,1,73,72,100,100,0,76,100,65,8,4,10,3,6,3,0,0,100,100,57,27,13,19,6,12,1,1787455822.614839,G1,T03,fermo_1m_H,1,static
3611298,1,1,1,83,77,100,100,0,35,100,100,8,12,7,8,10,1,0,0,100,100,58,29,14,19,7,12,1,1787455822.8144283,G1,T03,fermo_1m_H,1,static
3611498,1,1,1,82,84,100,100,0,53,100,100,6,10,7,11,12,1,0,0,100,100,64,31,14,21,7,12,1,1787455823.014166,G1,T03,fermo_1m_H,1,static
3611698,1,1,1,70,77,100,100,0,82,100,59,7,8,5,8,6,1,0,0,100,100,66,34,15,22,8,12,1,1787455823.21427,G1,T03,fermo_1m_H,1,static
3611898,1,1,1,64,70,100,100,0,100,100,39,12,11,6,7,4,1,0,0,100,100,66,36,15,22,8,11,1,1787455823.4148216,G1,T03,fermo_1m_H,1,static
3612098,1,0,1,0,67,0,100,0,18,20,17,6,11,6,7,2,3,0,0,100,100,65,37,15,21,9,12,1,1787455823.6138556,G1,T03,fermo_1m_H,1,static
3612298,1,1,1,80,62,100,100,0,24,100,49,10,2,2,10,3,2,0,0,100,100,66,38,15,20,10,12,1,1787455823.8151462,G1,T03,fermo_1m_H,1,static
3612498,1,1,1,79,80,100,100,0,28,100,46,11,5,6,8,1,2,0,0,100,100,67,38,15,19,10,12,1,1787455824.0153394,G1,T03,fermo_1m_H,1,static
3612698,1,0,1,0,75,0,100,0,38,47,13,5,2,5,8,2,2,0,0,100,100,68,39,15,19,11,12,1,1787455824.2144988,G1,T03,fermo_1m_H,1,static
3612898,1,1,1,74,75,100,100,0,52,100,49,11,11,4,9,5,2,0,0,100,99,69,40,16,18,11,12,1,1787455824.4151294,G1,T03,fermo_1m_H,1,static
3613098,1,1,1,77,73,100,100,0,17,100,30,11,9,4,9,6,4,0,0,100,98,69,41,16,18,12,12,1,1787455824.6149266,G1,T03,fermo_1m_H,1,static
3613298,1,1,1,76,77,81,100,0,24,81,29,2,5,4,9,6,3,0,0,100,94,69,43,15,18,12,12,1,1787455824.814514,G1,T03,fermo_1m_H,1,static
3613498,1,1,1,70,76,100,100,0,54,100,41,2,12,4,5,7,2,0,0,100,89,68,44,16,17,12,12,1,1787455825.0142326,G1,T03,fermo_1m_H,1,static
3613698,1,0,1,0,30,0,100,0,45,26,27,4,10,4,2,8,1,0,0,100,86,70,45,17,17,12,12,1,1787455825.2145195,G1,T03,fermo_1m_H,1,static
3613898,1,1,1,86,93,87,100,0,40,87,62,9,5,12,3,8,1,0,0,100,84,73,46,18,17,13,12,1,1787455825.4147258,G1,T03,fermo_1m_H,1,static
3614098,1,1,1,89,93,100,100,0,48,100,87,12,11,6,4,8,2,0,0,100,73,72,46,18,16,13,12,1,1787455825.614944,G1,T03,fermo_1m_H,1,static
3614298,1,1,1,90,86,79,100,0,29,79,58,14,3,3,5,7,3,0,0,100,73,70,47,18,16,12,12,1,1787455825.8142397,G1,T03,fermo_1m_H,1,static
3614498,1,1,1,104,99,54,100,0,18,54,50,11,9,2,7,5,2,0,0,100,79,67,48,18,16,12,12,1,1787455826.0150757,G1,T03,fermo_1m_H,1,static
3614698,1,0,1,0,104,0,100,0,15,31,17,4,6,1,7,5,3,0,0,100,84,66,49,18,16,12,12,1,1787455826.2144942,G1,T03,fermo_1m_H,1,static
3614898,1,0,1,0,104,0,100,0,19,40,35,10,2,4,5,6,3,0,0,100,89,66,50,18,15,12,12,1,1787455826.4148424,G1,T03,fermo_1m_H,1,static
3615098,1,1,1,128,104,42,100,0,17,34,42,11,4,8,4,6,3,0,0,100,91,67,50,19,15,12,12,1,1787455826.6148965,G1,T03,fermo_1m_H,1,static
3615298,1,1,1,117,129,45,100,0,13,42,45,11,8,8,3,6,3,0,0,100,91,67,49,19,14,12,12,1,1787455826.8151703,G1,T03,fermo_1m_H,1,static
3615498,1,1,1,118,111,53,100,0,18,49,53,8,8,8,1,5,1,0,0,100,88,65,47,18,13,12,12,1,1787455827.0142906,G1,T03,fermo_1m_H,1,static
3615698,1,0,1,0,100,0,100,0,16,41,35,8,7,1,5,4,1,0,0,100,87,63,45,18,11,11,12,1,1787455827.2144585,G1,T03,fermo_1m_H,1,static
3615898,1,0,1,0,100,0,100,0,25,33,19,1,10,3,6,4,1,0,0,100,84,65,42,17,10,11,12,1,1787455827.4149034,G1,T03,fermo_1m_H,1,static
3616098,1,0,1,0,100,0,100,0,15,17,12,1,9,1,6,5,2,0,0,100,77,67,40,18,9,11,12,1,1787455827.614528,G1,T03,fermo_1m_H,1,static
3616298,1,0,1,0,100,0,100,0,22,20,6,5,8,1,4,5,3,0,0,100,76,67,38,18,9,11,12,1,1787455827.8145258,G1,T03,fermo_1m_H,1,static
3616498,1,0,1,0,100,0,100,0,17,13,5,5,10,1,4,5,2,0,0,100,75,68,36,18,9,10,12,1,1787455828.0145304,G1,T03,fermo_1m_H,1,static
3616698,1,0,1,0,100,0,100,0,18,15,4,9,8,2,4,6,3,0,0,100,76,68,35,18,8,10,12,1,1787455828.2140493,G1,T03,fermo_1m_H,1,static
3616898,1,0,1,0,100,0,100,0,18,26,13,2,7,1,2,5,2,0,0,100,75,67,33,18,8,10,11,1,1787455828.4140565,G1,T03,fermo_1m_H,1,static
3617098,1,0,1,0,100,0,100,0,19,16,16,10,10,7,1,5,3,0,0,100,74,68,32,18,8,10,12,1,1787455828.6146443,G1,T03,fermo_1m_H,1,static
3617298,1,1,1,104,100,56,100,0,16,56,52,4,11,9,4,6,1,0,0,100,74,71,32,19,8,10,12,1,1787455828.814959,G1,T03,fermo_1m_H,1,static
3617498,1,1,1,90,97,90,100,0,27,90,64,4,10,5,4,7,1,0,0,100,73,73,33,18,8,10,12,1,1787455829.0147727,G1,T03,fermo_1m_H,1,static
3617698,1,1,1,94,104,98,100,0,34,98,78,11,10,2,4,6,2,0,0,100,78,71,34,18,8,10,12,1,1787455829.214327,G1,T03,fermo_1m_H,1,static
3617898,1,1,1,97,92,61,100,0,24,61,53,15,8,7,6,4,2,0,0,100,86,67,34,17,8,10,12,1,1787455829.4146242,G1,T03,fermo_1m_H,1,static
3618098,1,0,1,0,99,0,100,0,18,31,23,7,6,7,7,5,1,0,0,100,92,65,33,17,8,10,12,1,1787455829.6145756,G1,T03,fermo_1m_H,1,static
3618298,1,0,1,0,99,0,100,0,14,23,20,7,4,5,6,6,3,0,0,100,93,65,32,17,8,10,12,1,1787455829.8145075,G1,T03,fermo_1m_H,1,static
3618498,1,1,1,113,150,57,100,0,18,57,57,13,2,1,4,5,2,0,0,100,85,66,32,17,7,10,12,1,1787455830.0142686,G1,T03,fermo_1m_H,1,static
3618698,1,1,1,128,113,43,100,0,16,33,43,9,9,7,2,4,2,0,0,100,75,69,32,17,7,10,12,1,1787455830.2148707,G1,T03,fermo_1m_H,1,static
3618898,1,1,1,125,119,48,100,0,16,40,48,7,11,8,2,5,1,0,0,100,68,73,33,18,7,10,12,1,1787455830.4152715,G1,T03,fermo_1m_H,1,static
3619098,1,1,1,122,150,45,100,0,14,39,45,7,10,8,5,5,1,0,0,100,67,77,34,18,7,10,11,1,1787455830.615078,G1,T03,fermo_1m_H,1,static
3619298,1,0,1,0,122,0,100,0,23,37,28,1,9,7,9,5,2,0,0,100,67,80,34,19,7,10,12,1,1787455830.8140638,G1,T03,fermo_1m_H,1,static
3619498,1,0,1,0,122,0,100,0,19,14,10,9,10,7,7,7,2,0,0,100,68,80,34,19,8,10,11,1,1787455831.0148032,G1,T03,fermo_1m_H,1,static
3619698,1,0,1,0,122,0,100,0,22,16,8,9,3,1,5,6,3,0,0,100,69,78,33,19,8,10,12,1,1787455831.2142415,G1,T03,fermo_1m_H,1,static
3619898,1,0,1,0,122,0,100,0,13,12,5,7,7,2,2,5,3,0,0,100,71,77,33,18,8,10,12,1,1787455831.4145591,G1,T03,fermo_1m_H,1,static
3620098,1,0,1,0,122,0,100,0,15,14,20,6,3,1,2,6,3,0,0,100,75,76,33,18,7,10,12,1,1787455831.6140957,G1,T03,fermo_1m_H,1,static
3620298,1,0,1,0,122,0,100,0,20,15,25,2,9,6,1,7,3,0,0,100,76,77,34,18,7,10,12,1,1787455831.8145874,G1,T03,fermo_1m_H,1,static
3620498,1,1,1,106,122,67,100,0,18,67,62,2,15,7,7,5,1,0,0,100,77,79,35,18,6,10,12,1,1787455832.014566,G1,T03,fermo_1m_H,1,static
3620698,1,1,1,89,96,84,100,0,27,84,59,8,10,8,8,6,1,0,0,100,78,82,37,18,7,10,12,1,1787455832.2148173,G1,T03,fermo_1m_H,1,static
3620898,1,1,1,97,93,67,100,0,26,67,57,11,10,8,3,5,2,0,0,100,81,82,37,18,7,10,12,1,1787455832.4149742,G1,T03,fermo_1m_H,1,static
3621098,1,0,1,0,97,0,100,0,18,10,15,8,6,9,4,6,2,0,0,100,83,79,38,18,7,10,12,1,1787455832.614301,G1,T03,fermo_1m_H,1,static
3621298,1,0,1,0,97,0,100,0,20,29,15,8,5,2,6,7,3,0,0,100,86,76,37,18,8,10,11,1,1787455832.8146393,G1,T03,fermo_1m_H,1,static
3621498,1,0,1,0,97,0,100,0,14,8,11,5,4,6,4,5,3,0,0,100,90,73,35,17,8,10,12,1,1787455833.0147574,G1,T03,fermo_1m_H,1,static
3621698,1,0,1,0,97,0,100,0,16,25,22,9,8,8,5,5,3,0,0,100,84,73,34,17,8,10,12,1,1787455833.2142491,G1,T03,fermo_1m_H,1,static
3621898,1,0,1,0,97,0,100,0,17,44,39,6,4,5,4,4,3,0,0,100,76,75,34,17,9,9,12,1,1787455833.4138262,G1,T03,fermo_1m_H,1,static
3622098,1,0,1,0,98,0,100,0,13,42,37,5,10,7,1,2,1,0,0,100,68,78,34,18,9,9,11,1,1787455833.6144793,G1,T03,fermo_1m_H,1,static
3622298,1,1,1,107,116,69,100,0,14,69,65,10,9,6,4,1,1,0,0,100,63,81,35,18,9,9,12,1,1787455833.8149447,G1,T03,fermo_1m_H,1,static
3622498,1,0,1,0,117,0,100,0,13,38,35,4,10,8,5,1,1,0,0,100,62,84,37,18,9,10,12,1,1787455834.014862,G1,T03,fermo_1m_H,1,static
3622698,1,0,1,0,117,0,100,0,26,32,22,4,7,5,7,2,2,0,0,100,64,85,36,19,9,10,11,1,1787455834.2147226,G1,T03,fermo_1m_H,1,static
3622898,1,0,1,0,117,0,100,0,16,23,22,8,7,10,8,1,2,0,0,100,66,85,36,19,9,10,12,1,1787455834.415017,G1,T03,fermo_1m_H,1,static
3623098,1,0,1,0,117,0,100,0,22,23,12,6,9,8,6,1,3,0,0,100,68,83,35,19,9,11,12,1,1787455834.6146958,G1,T03,fermo_1m_H,1,static
3623298,1,0,1,0,117,0,100,0,23,28,15,3,7,1,3,1,4,0,0,100,71,82,34,19,10,11,12,1,1787455834.8148952,G1,T03,fermo_1m_H,1,static
3623498,1,0,1,0,117,0,100,0,19,21,6,6,10,3,3,3,4,0,0,100,73,80,34,19,9,10,12,1,1787455835.014286,G1,T03,fermo_1m_H,1,static
3623698,1,0,1,0,117,0,100,0,16,11,6,6,1,2,4,3,3,0,0,100,73,79,34,18,9,10,12,1,1787455835.2149088,G1,T03,fermo_1m_H,1,static
3623898,1,0,1,0,117,0,100,0,20,17,4,5,1,3,3,4,3,0,0,100,73,78,34,18,9,10,12,1,1787455835.4146402,G1,T03,fermo_1m_H,1,static
3624098,1,0,1,0,117,0,100,0,13,13,10,4,3,1,3,3,3,0,0,100,72,77,34,18,9,10,12,1,1787455835.6146147,G1,T03,fermo_1m_H,1,static
3624298,1,0,1,0,117,0,100,0,16,32,18,4,4,1,2,2,4,0,0,100,72,75,33,18,9,10,12,1,1787455835.8146703,G1,T03,fermo_1m_H,1,static
3624498,1,0,1,0,117,0,100,0,13,12,15,8,10,3,3,5,4,0,0,100,72,72,31,17,9,10,12,1,1787455836.0149474,G1,T03,fermo_1m_H,1,static
3624698,1,1,1,125,117,42,100,0,13,34,42,4,11,9,5,4,3,0,0,100,72,72,31,17,8,10,12,1,1787455836.2152092,G1,T03,fermo_1m_H,1,static
3624898,1,1,1,150,150,44,100,0,18,49,44,4,8,7,8,4,2,0,0,100,70,74,32,17,8,10,12,1,1787455836.4146857,G1,T03,fermo_1m_H,1,static
3625098,1,0,1,0,89,0,100,0,18,28,23,5,4,7,4,5,1,0,0,100,67,77,34,18,8,10,12,1,1787455836.6146445,G1,T03,fermo_1m_H,1,static
3625298,1,0,1,0,89,0,100,0,21,22,16,1,7,1,1,3,2,0,0,100,63,78,35,18,7,10,12,1,1787455836.8140295,G1,T03,fermo_1m_H,1,static
3625498,1,0,1,0,89,0,100,0,16,17,17,7,8,1,4,6,1,0,0,100,60,79,36,18,7,10,11,1,1787455837.014188,G1,T03,fermo_1m_H,1,static
3625698,1,0,1,0,89,0,100,0,15,16,8,5,8,5,4,4,2,0,0,100,59,79,36,18,7,9,11,1,1787455837.2145474,G1,T03,fermo_1m_H,1,static
3625898,1,0,1,0,89,0,100,0,21,22,15,6,5,8,5,4,2,0,0,100,59,79,37,18,7,9,11,1,1787455837.4143505,G1,T03,fermo_1m_H,1,static
3626098,1,0,1,0,89,0,100,0,17,18,13,4,10,10,4,3,3,0,0,100,56,80,36,17,7,9,11,1,1787455837.6148932,G1,T03,fermo_1m_H,1,static
3626298,1,0,1,0,89,0,100,0,24,34,20,2,9,3,2,3,3,0,0,100,53,79,35,17,7,9,11,1,1787455837.8144236,G1,T03,fermo_1m_H,1,static
3626498,1,0,1,0,89,0,100,0,14,8,4,4,9,2,2,2,3,0,0,100,52,78,34,17,7,9,11,1,1787455838.0144014,G1,T03,fermo_1m_H,1,static
3626698,1,0,1,0,89,0,100,0,15,11,2,4,2,2,4,1,4,0,0,100,49,78,34,16,7,8,11,1,1787455838.21469,G1,T03,fermo_1m_H,1,static
3626898,1,0,1,0,89,0,100,0,21,19,5,4,2,2,2,2,5,0,0,100,46,77,34,16,7,8,11,1,1787455838.4146698,G1,T03,fermo_1m_H,1,static
3627098,1,0,1,0,89,0,100,0,18,17,2,4,2,2,3,2,4,0,0,100,43,76,33,15,7,8,11,1,1787455838.6147766,G1,T03,fermo_1m_H,1,static
3627298,1,1,1,87,89,69,100,0,27,69,49,8,5,1,3,2,5,0,0,100,40,75,33,15,7,8,11,1,1787455838.814766,G1,T03,fermo_1m_H,1,static
3627498,1,0,1,0,95,0,100,0,17,15,24,6,10,6,3,5,4,0,0,100,40,74,32,14,7,8,11,1,1787455839.0147407,G1,T03,fermo_1m_H,1,static
3627698,1,1,1,114,108,79,100,0,21,78,79,10,11,8,8,4,2,0,0,100,37,75,34,14,7,8,11,1,1787455839.2147443,G1,T03,fermo_1m_H,1,static
3627898,1,1,1,99,111,92,100,0,18,92,76,12,10,6,8,4,1,0,0,100,37,78,37,15,7,8,11,1,1787455839.41514,G1,T03,fermo_1m_H,1,static
3628098,1,1,1,100,94,63,100,0,21,63,55,12,9,9,5,4,2,0,0,100,42,79,38,15,7,8,11,1,1787455839.6150236,G1,T03,fermo_1m_H,1,static
3628298,1,0,1,0,100,0,100,0,17,25,15,2,8,2,4,4,2,0,0,100,48,79,39,15,7,8,11,1,1787455839.8147702,G1,T03,fermo_1m_H,1,static
3628498,1,0,1,0,100,0,100,0,14,22,20,5,4,1,4,5,1,0,0,100,55,78,40,16,7,8,11,1,1787455840.014934,G1,T03,fermo_1m_H,1,static
3628698,1,0,1,0,100,0,100,0,16,24,29,9,8,4,3,4,1,0,0,100,59,76,40,16,7,8,11,1,1787455840.21477,G1,T03,fermo_1m_H,1,static
3628898,1,1,1,123,100,46,100,0,15,40,46,9,8,9,1,4,1,0,0,100,59,74,39,16,6,8,11,1,1787455840.4151156,G1,T03,fermo_1m_H,1,static
3629098,1,1,1,117,127,45,100,0,14,43,45,11,6,7,5,4,2,0,0,100,59,73,39,15,6,8,11,1,1787455840.615319,G1,T03,fermo_1m_H,1,static
3629298,1,0,1,0,116,0,100,0,15,44,34,4,11,4,7,4,3,0,0,100,61,74,38,15,6,8,11,1,1787455840.8146586,G1,T03,fermo_1m_H,1,static
3629498,1,0,1,0,116,0,100,0,17,20,11,7,8,9,5,5,4,0,0,100,63,74,38,15,6,8,11,1,1787455841.014239,G1,T03,fermo_1m_H,1,static
3629698,1,0,1,0,116,0,100,0,20,18,8,3,8,8,4,2,4,0,0,100,66,75,38,16,6,8,11,1,1787455841.2148376,G1,T03,fermo_1m_H,1,static
3629898,1,0,1,0,116,0,100,0,18,11,9,5,8,2,4,3,5,0,0,100,68,75,37,16,7,8,11,1,1787455841.4144955,G1,T03,fermo_1m_H,1,static
3630098,1,0,1,0,116,0,100,0,18,15,14,8,9,3,4,3,4,0,0,100,70,75,37,17,7,9,11,1,1787455841.6148233,G1,T03,fermo_1m_H,1,static
3630298,1,0,1,0,116,0,100,0,16,16,9,5,3,4,5,1,5,0,0,100,72,75,37,17,7,9,11,1,1787455841.8147826,G1,T03,fermo_1m_H,1,static
3630498,1,0,1,0,116,0,100,0,17,16,13,8,1,5,5,1,5,0,0,100,74,75,36,17,7,9,11,1,1787455842.01477,G1,T03,fermo_1m_H,1,static
3630698,1,0,1,0,116,0,100,0,17,19,11,6,1,5,4,2,3,0,0,100,76,73,36,17,7,9,11,1,1787455842.2148032,G1,T03,fermo_1m_H,1,static
3630898,1,0,1,0,116,0,100,0,15,12,8,7,2,3,4,2,4,0,0,100,77,72,35,17,7,8,11,1,1787455842.4140537,G1,T03,fermo_1m_H,1,static
3631098,1,0,1,0,116,0,100,0,21,15,7,6,1,3,4,2,4,0,0,100,79,71,35,17,7,8,11,1,1787455842.6143456,G1,T03,fermo_1m_H,1,static
3631298,1,0,1,0,116,0,100,0,21,26,13,5,3,4,5,1,5,0,0,100,79,70,35,17,7,8,11,1,1787455842.8143198,G1,T03,fermo_1m_H,1,static
3631498,1,0,1,0,116,0,100,0,18,14,15,8,1,5,4,2,4,0,0,100,76,69,35,17,7,8,11,1,1787455843.014658,G1,T03,fermo_1m_H,1,static
3631698,1,0,1,0,116,0,100,0,20,14,2,4,1,4,3,2,4,0,0,100,76,66,32,16,6,8,11,1,1787455843.2150905,G1,T03,fermo_1m_H,1,static
3631898,1,0,1,0,116,0,100,0,18,24,12,1,2,4,4,1,4,0,0,100,74,61,29,15,7,7,11,1,1787455843.4146159,G1,T03,fermo_1m_H,1,static
3632098,1,0,1,0,116,0,100,0,15,17,16,3,10,2,3,4,4,0,0,100,67,59,27,14,7,7,11,1,1787455843.6146655,G1,T03,fermo_1m_H,1,static
3632298,1,0,1,0,116,0,100,0,19,22,8,9,8,7,2,5,3,0,0,100,63,61,27,14,7,6,11,1,1787455843.8140972,G1,T03,fermo_1m_H,1,static
3632498,1,1,1,124,116,55,100,0,16,46,55,5,11,5,5,4,3,0,0,100,56,66,28,14,7,6,11,1,1787455844.0142252,G1,T03,fermo_1m_H,1,static
3632698,1,1,1,86,101,78,100,0,28,78,52,10,8,5,9,3,2,0,0,100,54,68,30,15,7,7,11,1,1787455844.2152348,G1,T03,fermo_1m_H,1,static
3632898,1,1,1,107,97,51,100,0,15,51,49,12,9,7,7,4,1,0,0,100,60,68,30,15,7,7,11,1,1787455844.4148207,G1,T03,fermo_1m_H,1,static
3633098,1,0,1,0,107,0,100,0,19,10,4,4,4,6,7,2,1,0,0,100,67,66,30,15,7,7,11,1,1787455844.6142812,G1,T03,fermo_1m_H,1,static
3633298,1,1,1,133,107,42,100,0,17,30,42,11,5,1,8,3,1,0,0,100,68,65,31,15,8,7,11,1,1787455844.8155463,G1,T03,fermo_1m_H,1,static
3633498,1,0,1,0,119,0,100,0,17,43,31,8,7,4,5,4,2,0,0,100,66,65,31,15,7,7,11,1,1787455845.0146277,G1,T03,fermo_1m_H,1,static
3633698,1,0,1,0,119,0,100,0,23,35,35,10,8,9,3,5,2,0,0,100,64,66,33,15,7,7,11,1,1787455845.215268,G1,T03,fermo_1m_H,1,static
3633898,1,0,1,0,119,0,100,0,13,23,23,2,7,2,1,4,3,0,0,100,63,67,34,15,7,7,11,1,1787455845.4151683,G1,T03,fermo_1m_H,1,static
3634098,1,0,1,0,119,0,100,0,16,15,11,7,8,8,2,4,3,0,0,100,60,67,35,15,7,7,11,1,1787455845.6150901,G1,T03,fermo_1m_H,1,static
3634298,1,0,1,0,119,0,100,0,15,32,20,10,9,3,2,2,4,0,0,100,58,68,35,15,6,7,11,1,1787455845.8148944,G1,T03,fermo_1m_H,1,static
3634498,1,0,1,0,119,0,100,0,13,7,8,6,8,3,4,1,5,0,0,100,57,69,36,15,6,7,11,1,1787455846.0144658,G1,T03,fermo_1m_H,1,static
3634698,1,0,1,0,119,0,100,0,16,11,3,6,10,4,4,2,4,0,0,100,58,70,36,15,6,7,11,1,1787455846.2145429,G1,T03,fermo_1m_H,1,static
3634898,1,0,1,0,119,0,100,0,17,29,15,4,8,3,4,2,5,0,0,100,58,71,37,16,6,7,11,1,1787455846.4151058,G1,T03,fermo_1m_H,1,static
3635098,1,0,1,0,119,0,100,0,15,14,10,1,3,3,3,3,5,0,0,100,58,71,37,16,6,7,11,1,1787455846.614882,G1,T03,fermo_1m_H,1,static
3635298,1,0,1,0,119,0,100,0,23,18,20,7,10,6,2,3,6,0,0,100,59,72,37,16,6,7,11,1,1787455846.8151739,G1,T03,fermo_1m_H,1,static
3635498,1,1,1,150,119,47,100,0,16,50,47,2,11,8,3,3,3,0,0,100,60,74,38,16,6,8,11,1,1787455847.0149758,G1,T03,fermo_1m_H,1,static
3635698,1,1,1,120,94,57,100,0,15,52,57,12,9,9,6,4,2,0,0,100,60,76,40,16,6,8,11,1,1787455847.2151632,G1,T03,fermo_1m_H,1,static
3635898,1,1,1,99,117,57,100,0,17,57,49,11,5,5,8,3,1,0,0,100,67,78,42,17,6,9,11,1,1787455847.4153502,G1,T03,fermo_1m_H,1,static
3636098,1,0,1,0,99,0,100,0,18,13,10,2,5,4,7,3,1,0,0,100,71,79,44,17,6,9,11,1,1787455847.6150203,G1,T03,fermo_1m_H,1,static
3636298,1,0,1,0,99,0,100,0,14,40,37,11,2,2,5,4,2,0,0,100,69,78,45,17,6,9,11,1,1787455847.81508,G1,T03,fermo_1m_H,1,static
3636498,1,0,1,0,99,0,100,0,13,28,36,12,6,8,4,3,3,0,0,100,69,74,44,17,5,8,11,1,1787455848.014921,G1,T03,fermo_1m_H,1,static
3636698,1,0,1,0,99,0,100,0,15,17,19,5,11,6,2,4,3,0,0,100,69,73,42,16,5,8,11,1,1787455848.2143064,G1,T03,fermo_1m_H,1,static
3636898,1,0,1,0,99,0,100,0,17,19,16,2,7,6,2,4,4,0,0,100,64,72,41,16,5,8,11,1,1787455848.4147491,G1,T03,fermo_1m_H,1,static
3637098,1,0,1,0,99,0,100,0,14,21,13,4,9,8,1,2,5,0,0,100,57,73,40,16,5,7,11,1,1787455848.6150353,G1,T03,fermo_1m_H,1,static
3637298,1,0,1,0,99,0,100,0,19,15,5,8,4,1,3,3,4,0,0,100,54,74,40,16,5,7,11,1,1787455848.8149805,G1,T03,fermo_1m_H,1,static
3637498,1,0,1,0,99,0,100,0,19,12,11,5,9,2,3,2,4,0,0,100,56,74,39,16,6,7,11,1,1787455849.014542,G1,T03,fermo_1m_H,1,static
3637698,1,0,1,0,99,0,100,0,24,19,6,4,9,3,3,2,4,0,0,100,57,73,38,15,5,7,11,1,1787455849.2150538,G1,T03,fermo_1m_H,1,static
3637898,1,0,1,0,99,0,100,0,16,12,5,5,10,3,5,1,5,0,0,100,58,72,37,15,6,7,11,1,1787455849.4147077,G1,T03,fermo_1m_H,1,static
3638098,1,0,1,0,99,0,100,0,19,21,15,3,8,3,4,1,5,0,0,100,59,72,36,15,6,7,11,1,1787455849.6150374,G1,T03,fermo_1m_H,1,static
3638298,1,0,1,0,99,0,100,0,24,37,21,6,2,3,4,3,4,0,0,100,60,70,35,15,6,7,11,1,1787455849.814961,G1,T03,fermo_1m_H,1,static
3638498,1,0,1,0,99,0,100,0,13,26,29,9,10,5,4,3,5,0,0,100,61,68,33,14,6,7,11,1,1787455850.0151265,G1,T03,fermo_1m_H,1,static
3638698,1,1,1,150,99,47,100,0,15,47,47,7,9,7,3,3,4,0,0,100,61,68,34,14,6,7,11,1,1787455850.21505,G1,T03,fermo_1m_H,1,static
3638898,1,1,1,116,123,53,100,0,19,51,53,10,8,9,6,4,2,0,0,100,61,68,35,14,6,7,11,1,1787455850.4157617,G1,T03,fermo_1m_H,1,static
3639098,1,0,1,0,92,0,100,0,19,24,35,13,5,2,6,3,2,0,0,100,64,69,37,14,6,7,11,1,1787455850.6150932,G1,T03,fermo_1m_H,1,static
3639298,1,0,1,0,92,0,100,0,13,24,7,2,6,3,7,4,1,0,0,100,67,68,39,15,6,7,11,1,1787455850.8148777,G1,T03,fermo_1m_H,1,static
3639498,1,0,1,0,92,0,100,0,25,16,18,5,3,1,6,4,1,0,0,100,69,67,39,15,6,8,11,1,1787455851.0147364,G1,T03,fermo_1m_H,1,static
3639698,1,0,1,0,92,0,100,0,13,15,29,12,2,5,5,2,3,0,0,100,67,67,38,15,6,7,11,1,1787455851.2153442,G1,T03,fermo_1m_H,1,static
3639898,1,0,1,0,92,0,100,0,16,41,35,7,13,9,3,4,4,0,0,100,62,67,37,15,6,7,11,1,1787455851.4153066,G1,T03,fermo_1m_H,1,static
3640098,1,0,1,0,92,0,100,0,22,35,29,3,10,7,1,4,4,0,0,100,59,68,37,15,7,7,11,1,1787455851.6145866,G1,T03,fermo_1m_H,1,static
3640298,1,0,1,0,92,0,100,0,21,15,4,1,7,8,2,3,4,0,0,100,59,69,37,15,7,7,11,1,1787455851.8150227,G1,T03,fermo_1m_H,1,static
3640498,1,0,1,0,92,0,100,0,13,10,2,8,8,3,4,2,4,0,0,100,58,70,37,15,7,7,11,1,1787455852.015219,G1,T03,fermo_1m_H,1,static
3640698,1,0,1,0,92,0,100,0,13,11,5,3,8,2,4,1,4,0,0,100,56,71,37,15,7,7,11,1,1787455852.215104,G1,T03,fermo_1m_H,1,static
3640898,1,0,1,0,92,0,100,0,16,19,10,2,8,5,5,1,5,0,0,100,56,73,37,16,7,7,11,1,1787455852.4152164,G1,T03,fermo_1m_H,1,static
3641098,1,0,1,0,92,0,100,0,16,14,8,6,8,5,5,1,5,0,0,100,57,73,37,15,7,7,11,1,1787455852.615115,G1,T03,fermo_1m_H,1,static
3641298,1,0,1,0,92,0,100,0,19,15,2,5,4,4,5,1,5,0,0,100,58,73,36,15,8,7,11,1,1787455852.815412,G1,T03,fermo_1m_H,1,static
3641498,1,0,1,0,92,0,100,0,19,33,24,7,9,1,4,2,6,0,0,100,57,71,35,15,7,7,11,1,1787455853.0151582,G1,T03,fermo_1m_H,1,static
3641698,1,0,1,0,92,0,100,0,15,14,18,8,9,6,3,4,4,0,0,100,58,69,34,14,7,7,11,1,1787455853.2147684,G1,T03,fermo_1m_H,1,static
3641898,1,0,1,0,92,0,100,0,19,9,22,3,9,8,2,3,4,0,0,100,58,68,34,14,7,7,11,1,1787455853.41435,G1,T03,fermo_1m_H,1,static
3642098,1,1,1,94,92,53,100,0,17,53,42,12,3,5,4,4,4,0,0,100,59,67,35,14,7,7,11,1,1787455853.6153262,G1,T03,fermo_1m_H,1,static
3642298,1,1,1,122,94,46,100,0,21,41,46,12,6,9,5,3,3,0,0,100,62,68,37,14,7,8,11,1,1787455853.8154793,G1,T03,fermo_1m_H,1,static
3642498,1,0,1,0,122,0,100,0,22,21,16,3,6,4,6,3,2,0,0,100,65,68,39,15,7,8,11,1,1787455854.0153654,G1,T03,fermo_1m_H,1,static
3642698,1,0,1,0,122,0,100,0,13,16,26,14,7,2,6,4,2,0,0,100,65,67,39,15,7,8,11,1,1787455854.2148564,G1,T03,fermo_1m_H,1,static
3642898,1,0,1,0,122,0,100,0,15,25,32,10,4,7,3,3,3,0,0,100,63,66,38,15,7,8,11,1,1787455854.414697,G1,T03,fermo_1m_H,1,static
3643098,1,0,1,0,122,0,100,0,20,18,15,7,4,4,2,4,4,0,0,100,61,65,36,14,7,7,11,1,1787455854.614784,G1,T03,fermo_1m_H,1,static
3643298,1,0,1,0,122,0,100,0,19,16,12,6,8,6,3,3,4,0,0,100,58,65,35,14,7,7,11,1,1787455854.8146436,G1,T03,fermo_1m_H,1,static
3643498,1,0,1,0,122,0,100,0,14,9,16,3,9,6,1,4,4,0,0,100,56,65,34,14,7,7,11,1,1787455855.0147405,G1,T03,fermo_1m_H,1,static
3643698,1,0,1,0,122,0,100,0,15,20,11,9,8,2,5,1,4,0,0,100,56,66,34,14,7,7,11,1,1787455855.2152643,G1,T03,fermo_1m_H,1,static
3643898,1,0,1,0,122,0,100,0,15,12,9,6,7,4,6,0,5,0,0,100,56,68,34,14,7,7,11,1,1787455855.4152472,G1,T03,fermo_1m_H,1,static
3644098,1,0,1,0,122,0,100,0,14,14,12,4,5,5,5,1,4,0,0,100,54,68,34,14,7,7,11,1,1787455855.6155386,G1,T03,fermo_1m_H,1,static
3644298,1,0,1,0,122,0,100,0,15,16,6,7,5,5,7,1,5,0,0,100,54,68,33,14,8,7,11,1,1787455855.8146932,G1,T03,fermo_1m_H,1,static
3644498,1,0,1,0,122,0,100,0,18,10,3,5,6,5,6,1,5,0,0,100,55,67,33,14,8,7,11,1,1787455856.0147238,G1,T03,fermo_1m_H,1,static
3644698,1,0,1,0,122,0,100,0,22,23,12,7,8,7,7,1,5,0,0,100,55,66,32,13,8,7,11,1,1787455856.2153335,G1,T03,fermo_1m_H,1,static
3644898,1,0,1,0,122,0,100,0,15,13,1,9,7,5,5,2,5,0,0,100,55,65,31,13,7,6,11,1,1787455856.4153297,G1,T03,fermo_1m_H,1,static
3645098,1,0,1,0,122,0,100,0,26,28,20,8,3,3,5,1,5,0,0,100,54,63,30,13,7,6,11,1,1787455856.615338,G1,T03,fermo_1m_H,1,static
3645298,1,0,1,0,122,0,100,0,15,16,16,3,9,4,4,4,5,0,0,100,55,61,29,12,7,6,11,1,1787455856.8154268,G1,T03,fermo_1m_H,1,static
3645498,1,0,1,0,122,0,100,0,16,24,37,6,9,5,2,3,4,0,0,100,56,62,29,12,7,6,11,1,1787455857.0154958,G1,T03,fermo_1m_H,1,static
3645698,1,0,1,0,122,0,100,0,13,39,23,10,8,9,2,3,4,0,0,100,55,62,30,13,7,6,11,1,1787455857.21537,G1,T03,fermo_1m_H,1,static
3645898,1,0,1,0,122,0,100,0,16,23,23,5,5,5,3,3,3,0,0,100,55,63,31,13,7,6,11,1,1787455857.4150853,G1,T03,fermo_1m_H,1,static
3646098,1,0,1,0,122,0,100,0,22,15,9,2,2,3,3,2,4,0,0,100,54,63,31,13,7,6,11,1,1787455857.6148565,G1,T03,fermo_1m_H,1,static
3646298,1,0,1,0,122,0,100,0,19,19,14,11,2,2,3,2,4,0,0,100,50,63,30,13,7,6,11,1,1787455857.8154533,G1,T03,fermo_1m_H,1,static
3646498,1,0,1,0,122,0,100,0,18,15,19,6,8,7,2,3,4,0,0,100,46,63,29,12,7,5,11,1,1787455858.0153484,G1,T03,fermo_1m_H,1,static
3646698,1,0,1,0,122,0,100,0,17,24,22,5,11,9,4,2,5,0,0,100,46,62,28,12,7,5,11,1,1787455858.2152784,G1,T03,fermo_1m_H,1,static
3646898,1,0,1,0,122,0,100,0,17,13,11,4,10,3,5,2,4,0,0,100,45,63,28,12,7,5,11,1,1787455858.4156766,G1,T03,fermo_1m_H,1,static
3647098,1,0,1,0,122,0,100,0,14,14,10,8,5,5,6,1,4,0,0,100,43,64,28,12,8,5,11,1,1787455858.6151366,G1,T03,fermo_1m_H,1,static
3647298,1,0,1,0,122,0,100,0,22,24,3,8,7,6,6,1,5,0,0,100,41,65,28,12,8,5,11,1,1787455858.8143275,G1,T03,fermo_1m_H,1,static
3647498,1,0,1,0,122,0,100,0,15,10,9,2,6,5,6,0,4,0,0,100,41,65,28,12,8,5,11,1,1787455859.0147743,G1,T03,fermo_1m_H,1,static
3647698,1,0,1,0,122,0,100,0,18,21,10,4,7,5,6,1,5,0,0,100,41,64,27,12,8,5,11,1,1787455859.215643,G1,T03,fermo_1m_H,1,static
3647898,1,0,1,0,122,0,100,0,16,16,12,2,7,5,5,1,5,0,0,100,40,63,27,12,8,5,11,1,1787455859.4154165,G1,T03,fermo_1m_H,1,static
3648098,1,0,1,0,122,0,100,0,16,12,7,6,6,6,5,1,4,0,0,100,39,61,26,11,8,5,11,1,1787455859.6149087,G1,T03,fermo_1m_H,1,static
3648298,1,0,1,0,122,0,100,0,15,31,6,6,7,6,4,1,5,0,0,100,38,60,25,11,8,5,11,1,1787455859.8151283,G1,T03,fermo_1m_H,1,static
3648498,1,0,1,0,122,0,100,0,13,11,6,5,6,5,5,1,5,0,0,100,38,58,24,10,8,5,11,1,1787455860.0146854,G1,T03,fermo_1m_H,1,static
3648698,1,0,1,0,122,0,100,0,16,18,7,5,7,6,6,1,5,0,0,100,37,57,24,10,7,4,11,1,1787455860.2149978,G1,T03,fermo_1m_H,1,static
3648898,1,0,1,0,122,0,100,0,13,16,11,4,8,6,4,1,5,0,0,100,36,56,23,10,7,4,11,1,1787455860.4147646,G1,T03,fermo_1m_H,1,static
3649098,1,0,1,0,122,0,100,0,16,12,9,3,6,7,5,1,5,0,0,100,35,56,23,10,7,4,11,1,1787455860.6151905,G1,T03,fermo_1m_H,1,static
3649298,1,0,1,0,122,0,100,0,14,24,13,2,5,6,5,1,6,0,0,100,33,55,23,10,7,4,11,1,1787455860.815102,G1,T03,fermo_1m_H,1,static
3649498,1,0,1,0,122,0,100,0,16,22,17,8,4,4,5,1,5,0,0,100,32,53,23,9,7,4,11,1,1787455861.015375,G1,T03,fermo_1m_H,1,static
3649698,1,0,1,0,122,0,100,0,18,14,4,10,4,4,5,2,4,0,0,100,33,51,21,9,7,4,11,1,1787455861.2155986,G1,T03,fermo_1m_H,1,static
3649898,1,0,1,0,122,0,100,0,15,15,20,2,5,5,5,1,5,0,0,100,31,48,19,8,7,3,11,1,1787455861.4156988,G1,T03,fermo_1m_H,1,static
3650098,1,0,1,0,122,0,100,0,15,10,4,3,6,4,4,1,5,0,0,100,29,46,17,8,6,3,11,1,1787455861.6150498,G1,T03,fermo_1m_H,1,static
3650298,1,0,1,0,122,0,100,0,18,17,3,1,6,5,5,1,6,0,0,100,28,44,16,7,6,3,11,1,1787455861.8151846,G1,T03,fermo_1m_H,1,static
3650498,1,0,1,0,122,0,100,0,20,15,8,1,7,4,4,1,4,0,0,100,27,42,15,7,6,3,11,1,1787455862.0153897,G1,T03,fermo_1m_H,1,static
3650698,1,0,1,0,122,0,100,0,16,23,10,4,8,5,5,1,5,0,0,100,26,41,15,7,6,3,11,1,1787455862.2156494,G1,T03,fermo_1m_H,1,static
3650898,1,0,1,0,122,0,100,0,16,16,13,3,8,5,3,1,4,0,0,100,26,38,14,6,6,3,11,1,1787455862.4158902,G1,T03,fermo_1m_H,1,static
3651098,1,0,1,0,122,0,100,0,28,13,7,2,6,4,3,1,5,0,0,100,25,35,12,6,6,3,12,1,1787455862.615572,G1,T03,fermo_1m_H,1,static
3651298,1,0,1,0,122,0,100,0,15,13,3,1,6,5,4,1,5,0,0,100,24,32,11,5,5,3,11,1,1787455862.8154485,G1,T03,fermo_1m_H,1,static
3651498,1,0,1,0,122,0,100,0,16,17,10,2,6,4,4,1,5,0,0,100,24,29,10,5,5,2,12,1,1787455863.0155218,G1,T03,fermo_1m_H,1,static
3651698,1,0,1,0,122,0,98,0,25,27,13,3,6,5,4,1,4,0,0,98,24,27,9,5,5,2,12,1,1787455863.2147887,G1,T03,fermo_1m_H,1,static
3651898,1,0,1,0,122,0,96,0,15,14,11,2,7,5,4,1,5,0,0,96,23,24,8,4,4,2,11,1,1787455863.4151528,G1,T03,fermo_1m_H,1,static
3652098,1,0,1,0,122,0,97,0,17,14,9,2,6,5,3,1,5,0,0,97,22,22,7,4,4,2,11,1,1787455863.6145282,G1,T03,fermo_1m_H,1,static
3652298,1,0,1,0,122,0,96,0,15,15,12,3,5,4,3,1,5,0,0,96,22,20,7,4,4,2,12,1,1787455863.8143048,G1,T03,fermo_1m_H,1,static
3652498,1,0,1,0,122,0,100,0,23,28,23,9,6,2,3,1,5,0,0,100,23,19,6,4,4,2,12,1,1787455864.0155993,G1,T03,fermo_1m_H,1,static
3652698,1,0,1,0,122,0,100,0,15,13,18,6,8,2,1,2,5,0,0,100,23,18,6,4,4,2,12,1,1787455864.2148716,G1,T03,fermo_1m_H,1,static
3652898,1,0,1,0,90,0,100,0,14,11,23,6,5,5,1,3,4,0,0,100,24,21,7,4,4,3,12,1,1787455864.415365,G1,T03,fermo_1m_H,1,static
3653098,1,0,1,0,90,0,100,0,14,22,27,8,8,10,3,2,4,0,0,100,27,23,9,5,5,3,11,1,1787455864.6153505,G1,T03,fermo_1m_H,1,static
3653298,1,1,1,150,90,43,100,0,21,45,43,11,2,7,3,3,3,0,0,100,30,26,11,6,5,3,11,1,1787455864.8152132,G1,T03,fermo_1m_H,1,static
3653498,1,0,1,0,150,0,100,0,19,16,21,10,4,9,5,2,2,0,0,100,34,28,13,6,5,4,12,1,1787455865.0152102,G1,T03,fermo_1m_H,1,static
3653698,1,0,1,0,150,0,100,0,14,10,13,7,3,2,5,3,3,0,0,100,36,29,15,7,5,4,12,1,1787455865.215061,G1,T03,fermo_1m_H,1,static
3653898,1,0,1,0,150,0,100,0,23,29,30,10,3,2,4,3,4,0,0,100,37,32,17,8,5,5,12,1,1787455865.4150357,G1,T03,fermo_1m_H,1,static
3654098,1,0,1,0,150,0,100,0,16,20,18,10,7,7,3,3,4,0,0,100,39,34,18,8,6,5,12,1,1787455865.6152656,G1,T03,fermo_1m_H,1,static
3654298,1,0,1,0,150,0,100,0,18,15,23,5,8,8,4,2,5,0,0,100,44,36,19,8,6,5,11,1,1787455865.8150976,G1,T03,fermo_1m_H,1,static
3654498,1,0,1,0,150,0,100,0,17,11,8,6,10,5,7,1,4,0,0,100,46,38,19,9,6,5,12,1,1787455866.015416,G1,T03,fermo_1m_H,1,static
3654698,1,0,1,0,150,0,100,0,17,14,4,10,10,6,7,2,4,0,0,100,46,40,20,9,6,5,12,1,1787455866.2152638,G1,T03,fermo_1m_H,1,static
3654898,1,0,1,0,150,0,100,0,13,14,14,2,9,8,7,1,5,0,0,100,47,43,21,10,7,5,12,1,1787455866.415356,G1,T03,fermo_1m_H,1,static
3655098,1,0,1,0,150,0,100,0,19,13,7,2,5,6,6,1,5,0,0,100,49,46,23,10,7,6,11,1,1787455866.6152663,G1,T03,fermo_1m_H,1,static
3655298,1,0,1,0,150,0,100,0,14,11,8,3,5,7,7,1,5,0,0,100,50,49,23,10,7,6,12,1,1787455866.8149207,G1,T03,fermo_1m_H,1,static
3655498,1,0,1,0,150,0,100,0,14,19,12,2,1,6,7,1,5,0,0,100,51,51,24,11,7,6,12,1,1787455867.0153816,G1,T03,fermo_1m_H,1,static
3655698,1,0,1,0,150,0,100,0,14,22,24,7,8,3,6,1,6,0,0,100,54,52,24,11,7,6,12,1,1787455867.21489,G1,T03,fermo_1m_H,1,static
3655898,1,0,1,0,150,0,100,0,16,18,29,4,11,2,4,2,5,0,0,100,56,53,24,11,7,6,12,1,1787455867.4156551,G1,T03,fermo_1m_H,1,static
3656098,1,0,1,0,150,0,100,0,17,12,27,2,10,3,2,2,5,0,0,100,58,55,25,11,8,6,12,1,1787455867.6159337,G1,T03,fermo_1m_H,1,static
3656298,1,1,1,128,150,41,100,0,17,34,41,14,4,10,3,1,5,0,0,100,60,58,27,12,8,6,12,1,1787455867.8154821,G1,T03,fermo_1m_H,1,static
3656498,1,0,1,0,128,0,100,0,27,37,35,9,1,9,4,1,4,0,0,100,65,60,28,12,8,7,12,1,1787455868.0158844,G1,T03,fermo_1m_H,1,static
3656698,1,0,1,0,128,0,100,0,14,13,14,6,2,8,5,2,2,0,0,100,70,60,29,13,8,7,12,1,1787455868.2158344,G1,T03,fermo_1m_H,1,static
3656898,1,0,1,0,128,0,100,0,14,19,14,6,1,4,4,2,3,0,0,100,73,58,29,13,7,7,12,1,1787455868.415721,G1,T03,fermo_1m_H,1,static
3657098,1,0,1,0,128,0,100,0,18,18,20,8,2,2,4,2,4,0,0,100,72,57,28,13,7,7,11,1,1787455868.615418,G1,T03,fermo_1m_H,1,static
3657298,1,0,1,0,128,0,100,0,15,19,22,10,4,5,4,3,4,0,0,100,69,56,27,12,7,6,12,1,1787455868.8159332,G1,T03,fermo_1m_H,1,static
3657498,1,0,1,0,128,0,100,0,17,24,31,9,8,9,4,3,4,0,0,100,67,55,25,11,6,6,12,1,1787455869.0153134,G1,T03,fermo_1m_H,1,static
3657698,1,0,1,0,128,0,100,0,18,15,17,6,4,8,4,3,5,0,0,100,67,55,24,11,7,5,12,1,1787455869.2154398,G1,T03,fermo_1m_H,1,static
3657898,1,0,1,0,128,0,100,0,17,11,11,3,8,4,6,2,5,0,0,100,68,54,23,11,7,5,12,1,1787455869.4153728,G1,T03,fermo_1m_H,1,static
3658098,1,0,1,0,128,0,100,0,21,11,5,5,5,6,7,1,5,0,0,100,66,54,24,11,7,5,11,1,1787455869.6158187,G1,T03,fermo_1m_H,1,static
3658298,1,0,1,0,128,0,100,0,15,13,9,10,11,8,7,1,5,0,0,100,63,55,24,11,7,5,10,1,1787455869.8154702,G1,T03,fermo_1m_H,1,static
3658498,1,0,1,0,128,0,100,0,18,12,8,11,8,7,5,1,5,0,0,100,62,57,25,11,7,5,12,1,1787455870.015448,G1,T03,fermo_1m_H,1,static
3658698,1,0,1,0,128,0,100,0,14,10,12,4,2,5,4,1,5,0,0,100,61,57,25,11,7,5,12,1,1787455870.2153804,G1,T03,fermo_1m_H,1,static
3658898,1,0,1,0,128,0,100,0,13,17,2,3,3,4,3,1,4,0,0,100,60,56,25,11,7,5,12,1,1787455870.415297,G1,T03,fermo_1m_H,1,static
3659098,1,0,1,0,128,0,100,0,18,18,12,6,5,3,2,1,5,0,0,100,60,55,24,11,7,5,12,1,1787455870.6159196,G1,T03,fermo_1m_H,1,static
3659298,1,0,1,0,128,0,100,0,17,43,28,8,8,1,2,1,5,0,0,100,61,54,23,10,7,5,12,1,1787455870.8153186,G1,T03,fermo_1m_H,1,static
3659498,1,0,1,0,128,0,100,0,14,19,18,2,11,1,3,2,5,0,0,100,62,52,23,10,7,5,12,1,1787455871.015438,G1,T03,fermo_1m_H,1,static
3659698,1,0,1,0,128,0,100,0,20,12,22,4,6,1,1,2,5,0,0,100,62,51,22,10,7,5,12,1,1787455871.2158046,G1,T03,fermo_1m_H,1,static
3659898,1,0,1,0,128,0,100,0,17,17,10,9,4,2,1,1,5,0,0,100,61,52,23,10,7,5,12,1,1787455871.4154072,G1,T03,fermo_1m_H,1,static
3660098,1,0,1,0,128,0,100,0,16,12,19,5,8,4,1,2,3,0,0,100,60,51,24,10,7,5,12,1,1787455871.616079,G1,T03,fermo_1m_H,1,static
3660298,1,0,1,0,128,0,100,0,19,27,16,5,5,3,1,2,5,0,0,100,58,50,23,10,7,5,11,1,1787455871.8159466,G1,T03,fermo_1m_H,1,static
3660498,1,0,1,0,128,0,100,0,14,12,13,4,5,3,1,3,5,0,0,100,54,49,22,10,7,4,12,1,1787455872.0154645,G1,T03,fermo_1m_H,1,static
3660698,1,0,1,0,128,0,100,0,15,11,2,3,4,5,2,3,5,0,0,100,49,48,20,9,7,4,12,1,1787455872.215808,G1,T03,fermo_1m_H,1,static
3660898,1,0,1,0,128,0,100,0,18,17,15,4,2,4,2,2,5,0,0,100,46,47,18,8,6,4,12,1,1787455872.415884,G1,T03,fermo_1m_H,1,static
3661098,1,0,1,0,128,0,100,0,13,14,18,9,1,4,2,1,4,0,0,100,45,46,17,8,6,4,12,1,1787455872.6154468,G1,T03,fermo_1m_H,1,static
3661298,1,0,1,0,128,0,100,0,24,12,3,7,8,6,2,1,5,0,0,100,45,45,17,8,7,4,12,1,1787455872.8153477,G1,T03,fermo_1m_H,1,static
3661498,1,0,1,0,128,0,100,0,16,9,18,7,9,6,3,1,4,0,0,100,43,45,17,8,7,4,11,1,1787455873.0150695,G1,T03,fermo_1m_H,1,static
3661698,1,0,1,0,128,0,100,0,19,16,6,2,7,6,2,1,6,0,0,100,41,45,17,7,7,4,11,1,1787455873.215765,G1,T03,fermo_1m_H,1,static
3661898,1,0,1,0,128,0,100,0,14,24,3,3,5,5,1,1,5,0,0,100,40,44,16,7,7,4,12,1,1787455873.4152648,G1,T03,fermo_1m_H,1,static
3662098,1,0,1,0,128,0,100,0,19,12,3,1,5,5,1,1,6,0,0,100,40,43,15,7,7,4,11,1,1787455873.615795,G1,T03,fermo_1m_H,1,static
3662298,1,0,1,0,128,0,100,0,26,16,8,4,6,6,1,1,5,0,0,100,40,41,14,6,7,3,12,1,1787455873.8159177,G1,T03,fermo_1m_H,1,static
3662498,1,0,1,0,128,0,100,0,13,13,12,3,6,5,1,1,6,0,0,100,40,39,13,6,6,3,12,1,1787455874.0153377,G1,T03,fermo_1m_H,1,static
3662698,1,0,1,0,128,0,100,0,13,15,10,4,6,4,1,1,5,0,0,100,40,36,12,5,6,3,12,1,1787455874.2153645,G1,T03,fermo_1m_H,1,static
3662898,1,0,1,0,128,0,100,0,15,8,3,4,6,5,1,1,5,0,0,100,40,34,11,5,6,3,12,1,1787455874.4151,G1,T03,fermo_1m_H,1,static
3663098,1,0,1,0,128,0,100,0,14,18,9,4,6,5,1,1,6,0,0,100,40,33,10,5,6,3,12,1,1787455874.6157587,G1,T03,fermo_1m_H,1,static
3663298,1,0,1,0,128,0,100,0,32,27,8,3,7,5,1,1,5,0,0,100,38,32,11,5,6,3,12,1,1787455874.8156006,G1,T03,fermo_1m_H,1,static
3663498,1,0,1,0,128,0,100,0,17,20,22,8,6,5,1,1,5,0,0,100,37,32,11,5,6,3,12,1,1787455875.0152647,G1,T03,fermo_1m_H,1,static
3663698,1,0,1,0,128,0,100,0,14,15,12,5,7,4,2,1,5,0,0,100,36,31,10,4,6,3,12,1,1787455875.215413,G1,T03,fermo_1m_H,1,static
3663898,1,0,1,0,128,0,100,0,13,12,6,6,6,4,2,1,5,0,0,100,36,30,10,4,6,3,12,1,1787455875.4158742,G1,T03,fermo_1m_H,1,static
3664098,1,0,1,0,128,0,100,0,18,24,12,7,4,3,3,1,6,0,0,100,36,29,8,4,6,2,12,1,1787455875.6158547,G1,T03,fermo_1m_H,1,static
3664298,1,0,1,0,128,0,100,0,21,30,10,7,4,5,2,1,4,0,0,100,37,28,8,3,6,2,12,1,1787455875.8154638,G1,T03,fermo_1m_H,1,static
3664498,1,0,1,0,128,0,100,0,21,33,26,8,2,3,2,2,5,0,0,100,38,28,8,3,7,2,11,1,1787455876.0153742,G1,T03,fermo_1m_H,1,static
3664698,1,0,1,0,128,0,100,0,19,15,9,4,4,2,3,1,4,0,0,100,38,27,8,3,7,2,11,1,1787455876.21548,G1,T03,fermo_1m_H,1,static
3664898,1,0,1,0,128,0,100,0,16,14,5,5,3,2,4,1,4,0,0,100,39,26,8,3,7,3,12,1,1787455876.4153628,G1,T03,fermo_1m_H,1,static
3665098,1,0,1,0,128,0,100,0,16,17,6,4,4,2,5,2,4,0,0,100,40,25,8,3,7,3,12,1,1787455876.6155062,G1,T03,fermo_1m_H,1,static
3665298,1,0,1,0,128,0,100,0,20,36,15,9,2,1,4,1,5,0,0,100,40,23,8,3,7,3,12,1,1787455876.8153553,G1,T03,fermo_1m_H,1,static
3665498,1,0,1,0,128,0,100,0,13,23,13,4,4,1,4,1,5,0,0,100,39,22,7,3,7,3,11,1,1787455877.015475,G1,T03,fermo_1m_H,1,static
3665698,1,0,1,0,128,0,100,0,16,36,36,11,10,2,5,1,4,0,0,100,38,20,7,3,6,2,11,1,1787455877.2163587,G1,T03,fermo_1m_H,1,static
3665898,1,0,1,0,128,0,100,0,15,17,18,8,10,1,5,2,5,0,0,100,40,20,7,3,6,3,12,1,1787455877.415953,G1,T03,fermo_1m_H,1,static
3666098,1,0,1,0,128,0,100,0,17,16,14,6,6,2,5,3,3,0,0,100,42,21,7,3,7,3,12,1,1787455877.6157198,G1,T03,fermo_1m_H,1,static
3666298,1,0,1,0,128,0,100,0,19,27,15,5,3,4,5,2,4,0,0,100,45,21,7,3,7,3,12,1,1787455877.8158062,G1,T03,fermo_1m_H,1,static
3666498,1,0,1,0,128,0,100,0,15,27,13,5,4,4,5,2,5,0,0,100,47,22,7,3,7,3,11,1,1787455878.0160115,G1,T03,fermo_1m_H,1,static
3666698,1,0,1,0,128,0,100,0,14,11,10,5,4,3,6,2,4,0,0,100,48,23,8,3,8,3,12,1,1787455878.2157753,G1,T03,fermo_1m_H,1,static
3666898,1,0,1,0,128,0,100,0,13,23,20,10,5,4,6,1,4,0,0,100,47,24,8,3,7,3,12,1,1787455878.4160287,G1,T03,fermo_1m_H,1,static
3667098,1,0,1,0,128,0,100,0,15,15,18,9,2,1,5,1,5,0,0,100,49,25,8,4,7,4,12,1,1787455878.6158037,G1,T03,fermo_1m_H,1,static
3667298,1,0,1,0,128,0,100,0,15,10,10,5,3,1,5,1,4,0,0,100,51,25,8,3,8,4,12,1,1787455878.8153915,G1,T03,fermo_1m_H,1,static
3667498,1,0,1,0,128,0,100,0,21,18,14,4,7,1,4,2,5,0,0,100,52,25,8,4,8,4,12,1,1787455879.0152981,G1,T03,fermo_1m_H,1,static
3667698,1,0,1,0,128,0,100,0,14,9,5,3,9,2,4,1,5,0,0,100,54,25,8,3,8,4,12,1,1787455879.215822,G1,T03,fermo_1m_H,1,static
3667898,1,0,1,0,128,0,100,0,13,10,5,3,7,1,4,1,5,0,0,100,55,26,8,3,8,4,12,1,1787455879.4158642,G1,T03,fermo_1m_H,1,static
3668098,1,0,1,0,128,0,100,0,14,17,6,4,9,1,4,1,5,0,0,100,56,26,8,3,8,4,11,1,1787455879.615827,G1,T03,fermo_1m_H,1,static
3668298,1,0,1,0,128,0,100,0,15,12,7,5,7,2,4,2,4,0,0,100,56,27,8,3,8,4,12,1,1787455879.8158996,G1,T03,fermo_1m_H,1,static
3668498,1,0,1,0,128,0,100,0,19,11,3,7,6,1,5,1,4,0,0,100,57,27,8,3,8,4,12,1,1787455880.0152001,G1,T03,fermo_1m_H,1,static
3668698,1,0,1,0,128,0,100,0,24,26,9,6,5,1,4,2,5,0,0,100,56,28,9,3,8,3,12,1,1787455880.2154317,G1,T03,fermo_1m_H,1,static
3668898,1,0,1,0,128,0,100,0,16,8,12,9,6,1,5,2,4,0,0,100,56,28,9,3,8,3,12,1,1787455880.4155607,G1,T03,fermo_1m_H,1,static
3669098,1,0,1,0,128,0,100,0,17,10,4,7,3,2,3,3,5,0,0,100,57,29,9,4,9,3,12,1,1787455880.6156206,G1,T03,fermo_1m_H,1,static
3669298,1,0,1,0,128,0,100,0,15,19,17,7,2,3,3,3,5,0,0,100,59,29,9,4,9,3,11,1,1787455880.8154361,G1,T03,fermo_1m_H,1,static
3669498,1,0,1,0,128,0,100,0,14,14,6,5,4,3,3,4,5,0,0,100,62,30,9,4,9,3,12,1,1787455881.015889,G1,T03,fermo_1m_H,1,static
3669698,1,0,1,0,128,0,100,0,18,29,11,2,3,3,3,3,4,0,0,100,64,30,9,4,9,3,12,1,1787455881.2159238,G1,T03,fermo_1m_H,1,static
3669898,1,0,1,0,128,0,100,0,19,14,5,6,5,3,3,3,4,0,0,100,64,29,9,4,9,3,12,1,1787455881.41598,G1,T03,fermo_1m_H,1,static
3670098,1,0,1,0,128,0,100,0,19,19,6,2,2,3,3,4,4,0,0,100,62,27,9,4,9,3,11,1,1787455881.6160293,G1,T03,fermo_1m_H,1,static
3670298,1,0,1,0,128,0,100,0,13,8,10,1,3,2,2,3,5,0,0,100,59,26,9,4,9,3,12,1,1787455881.8161943,G1,T03,fermo_1m_H,1,static
3670498,1,0,1,0,128,0,100,0,16,15,3,4,3,3,4,4,5,0,0,100,58,24,8,4,8,3,12,1,1787455882.0153527,G1,T03,fermo_1m_H,1,static
3670698,1,0,1,0,128,0,100,0,21,21,8,1,3,3,3,3,4,0,0,100,57,22,8,4,8,3,12,1,1787455882.2160826,G1,T03,fermo_1m_H,1,static
3670898,1,0,1,0,128,0,100,0,16,14,8,4,5,3,3,3,5,0,0,100,58,20,7,3,8,3,12,1,1787455882.415331,G1,T03,fermo_1m_H,1,static
3671098,1,0,1,0,128,0,100,0,16,21,5,1,2,2,3,4,5,0,0,100,57,19,7,3,8,3,11,1,1787455882.615453,G1,T03,fermo_1m_H,1,static
3671298,1,0,1,0,128,0,100,0,14,14,4,3,2,2,3,3,5,0,0,100,55,19,7,3,8,3,12,1,1787455882.8159866,G1,T03,fermo_1m_H,1,static
3671498,1,0,1,0,128,0,100,0,25,12,4,5,3,2,3,3,4,0,0,100,53,18,8,3,8,3,12,1,1787455883.0159514,G1,T03,fermo_1m_H,1,static
3671698,1,0,1,0,128,0,100,0,17,19,6,3,2,2,3,3,4,0,0,100,51,18,8,3,7,3,12,1,1787455883.2156157,G1,T03,fermo_1m_H,1,static
3671898,1,0,1,0,128,0,100,0,22,17,5,4,4,3,3,4,5,0,0,100,50,17,8,3,7,2,12,1,1787455883.415489,G1,T03,fermo_1m_H,1,static
3672098,1,0,1,0,128,0,100,0,15,20,11,3,2,2,3,4,5,0,0,100,48,16,8,4,7,3,12,1,1787455883.6163998,G1,T03,fermo_1m_H,1,static
3672298,1,0,1,0,128,0,100,0,28,26,15,2,4,3,3,2,4,0,0,100,46,14,7,3,7,3,12,1,1787455883.8164194,G1,T03,fermo_1m_H,1,static
3672498,1,0,1,0,128,0,100,0,16,31,28,6,9,4,3,1,5,0,0,100,45,14,8,3,6,3,12,1,1787455884.01551,G1,T03,fermo_1m_H,1,static
3672698,1,1,1,130,125,46,100,0,15,35,46,12,5,4,3,1,5,0,0,100,48,16,8,4,7,3,12,1,1787455884.2164671,G1,T03,fermo_1m_H,1,static
3672898,1,0,1,0,130,0,100,0,18,18,30,5,7,8,6,2,5,0,0,100,52,19,9,4,7,3,12,1,1787455884.4163177,G1,T03,fermo_1m_H,1,static
3673098,1,0,1,0,130,0,100,0,18,14,19,10,5,12,8,1,5,0,0,100,57,21,11,5,7,3,11,1,1787455884.616295,G1,T03,fermo_1m_H,1,static
3673298,1,0,1,0,130,0,100,0,30,26,8,4,2,8,6,1,5,0,0,100,59,24,12,6,7,4,12,1,1787455884.8164647,G1,T03,fermo_1m_H,1,static
3673498,1,0,1,0,130,0,100,0,15,41,29,9,2,6,5,1,4,0,0,100,57,26,13,6,7,4,12,1,1787455885.0163994,G1,T03,fermo_1m_H,1,static
3673698,1,0,1,0,130,0,100,0,13,12,13,6,3,5,4,1,4,0,0,100,55,28,13,6,7,4,12,1,1787455885.216508,G1,T03,fermo_1m_H,1,static
3673898,1,0,1,0,130,0,100,0,14,29,28,12,9,5,4,1,4,0,0,100,54,29,13,6,7,4,12,1,1787455885.4162161,G1,T03,fermo_1m_H,1,static
3674098,1,0,1,0,130,0,100,0,16,25,27,6,7,3,3,2,4,0,0,100,56,29,12,6,7,4,11,1,1787455885.6164691,G1,T03,fermo_1m_H,1,static
3674298,1,0,1,0,130,0,100,0,17,28,10,1,6,4,3,3,5,0,0,100,56,30,13,7,7,4,12,1,1787455885.8163285,G1,T03,fermo_1m_H,1,static
3674498,1,0,1,0,130,0,100,0,14,27,20,8,7,2,2,4,4,0,0,100,57,32,13,7,7,4,11,1,1787455886.015874,G1,T03,fermo_1m_H,1,static
3674698,1,0,1,0,130,0,100,0,15,12,7,3,5,2,2,4,5,0,0,100,59,33,14,7,8,4,12,1,1787455886.2160633,G1,T03,fermo_1m_H,1,static
3674898,1,0,1,0,130,0,100,0,18,16,2,4,7,1,2,4,5,0,0,100,59,34,14,7,8,4,12,1,1787455886.4162056,G1,T03,fermo_1m_H,1,static
3675098,1,0,1,0,130,0,100,0,18,12,5,7,5,2,2,4,5,0,0,100,60,35,14,8,8,4,12,1,1787455886.6164746,G1,T03,fermo_1m_H,1,static
3675298,1,0,1,0,130,0,100,0,16,19,14,5,5,1,2,3,4,0,0,100,60,36,15,8,9,4,12,1,1787455886.8163054,G1,T03,fermo_1m_H,1,static
3675498,1,0,1,0,130,0,100,0,18,19,9,7,2,1,2,4,5,0,0,100,58,38,15,8,9,4,12,1,1787455887.0163457,G1,T03,fermo_1m_H,1,static
3675698,1,0,1,0,130,0,100,0,16,13,6,7,5,1,2,4,4,0,0,100,59,39,15,8,9,4,12,1,1787455887.2162344,G1,T03,fermo_1m_H,1,static
3675898,1,0,1,0,130,0,100,0,13,23,7,6,3,1,2,3,5,0,0,100,59,40,16,8,9,4,11,1,1787455887.4156811,G1,T03,fermo_1m_H,1,static
3676098,1,0,1,0,130,0,100,0,13,13,6,9,5,1,1,4,5,0,0,100,60,40,16,8,9,4,12,1,1787455887.616278,G1,T03,fermo_1m_H,1,static
3676298,1,0,1,0,130,0,100,0,19,16,2,3,4,1,1,4,5,0,0,100,60,41,16,8,9,4,12,1,1787455887.8153493,G1,T03,fermo_1m_H,1,static
3676498,1,0,1,0,130,0,100,0,15,16,12,5,3,1,2,3,4,0,0,100,59,40,16,8,9,4,12,1,1787455888.0163765,G1,T03,fermo_1m_H,1,static
3676698,1,0,1,0,130,0,100,0,18,13,1,5,4,1,1,4,5,0,0,100,56,38,15,8,9,4,12,1,1787455888.2157776,G1,T03,fermo_1m_H,1,static
3676898,1,0,1,0,130,0,100,0,17,23,11,4,3,1,3,4,4,0,0,100,49,35,14,8,8,3,12,1,1787455888.4161155,G1,T03,fermo_1m_H,1,static
3677098,1,0,1,0,130,0,100,0,21,16,10,9,4,1,2,4,5,0,0,100,43,32,12,7,8,3,11,1,1787455888.6163468,G1,T03,fermo_1m_H,1,static
3677298,1,0,1,0,130,0,100,0,13,20,3,4,2,2,3,3,4,0,0,100,37,29,11,6,7,3,12,1,1787455888.8162863,G1,T03,fermo_1m_H,1,static
3677498,1,0,1,0,130,0,100,0,14,9,7,6,4,1,1,5,4,0,0,100,34,26,10,5,7,2,12,1,1787455889.016195,G1,T03,fermo_1m_H,1,static
3677698,1,0,1,0,130,0,100,0,21,19,7,8,5,0,2,4,5,0,0,100,35,25,10,5,6,2,12,1,1787455889.216581,G1,T03,fermo_1m_H,1,static
3677898,1,0,1,0,130,0,100,0,15,10,4,4,4,1,2,3,4,0,0,100,33,24,10,5,6,2,12,1,1787455889.4163282,G1,T03,fermo_1m_H,1,static
3678098,1,0,1,0,130,0,100,0,18,18,7,7,4,1,2,5,6,0,0,100,31,23,10,5,6,2,11,1,1787455889.616357,G1,T03,fermo_1m_H,1,static
3678298,1,0,1,0,130,0,100,0,18,17,2,4,2,1,2,4,5,0,0,100,29,22,10,4,6,2,12,1,1787455889.8161361,G1,T03,fermo_1m_H,1,static
3678498,1,0,1,0,130,0,100,0,13,10,5,5,4,1,2,4,4,0,0,100,26,20,9,4,5,2,12,1,1787455890.0160809,G1,T03,fermo_1m_H,1,static
3678698,1,0,1,0,130,0,100,0,17,17,6,6,4,1,1,4,4,0,0,100,24,19,9,4,5,2,12,1,1787455890.216329,G1,T03,fermo_1m_H,1,static
3678898,1,0,1,0,130,0,100,0,19,13,9,2,3,1,3,4,5,0,0,100,23,18,8,4,4,2,12,1,1787455890.4163399,G1,T03,fermo_1m_H,1,static
3679098,1,0,1,0,130,0,100,0,19,21,2,4,3,1,1,4,5,0,0,100,21,17,8,3,4,2,12,1,1787455890.6160133,G1,T03,fermo_1m_H,1,static
3679298,1,0,1,0,130,0,100,0,20,25,4,3,5,1,2,4,5,0,0,100,21,15,7,3,4,2,12,1,1787455890.816144,G1,T03,fermo_1m_H,1,static
3679498,1,0,1,0,130,0,100,0,15,12,7,6,4,1,1,5,4,0,0,100,21,14,7,3,4,2,11,1,1787455891.0158513,G1,T03,fermo_1m_H,1,static
3679698,1,0,1,0,130,0,97,0,13,8,6,6,3,1,2,4,5,0,0,97,20,13,6,3,4,2,12,1,1787455891.2156253,G1,T03,fermo_1m_H,1,static
3679898,1,0,1,0,130,0,94,0,16,36,18,5,3,1,2,4,5,0,0,94,20,12,6,3,4,2,12,1,1787455891.4156513,G1,T03,fermo_1m_H,1,static
3680098,1,1,1,150,130,41,100,0,25,47,41,7,10,4,3,2,5,0,0,100,20,13,7,3,4,2,12,1,1787455891.6167407,G1,T03,fermo_1m_H,1,static
3680298,1,1,1,134,150,42,100,0,15,29,42,10,5,4,4,1,5,0,0,100,25,15,7,3,4,2,12,1,1787455891.8168113,G1,T03,fermo_1m_H,1,static
3680498,1,1,1,125,121,41,100,0,15,33,41,3,10,8,5,3,4,0,0,100,31,18,8,3,5,2,12,1,1787455892.0165944,G1,T03,fermo_1m_H,1,static
3680698,1,0,1,0,125,0,100,0,23,15,15,5,9,8,7,3,3,0,0,100,35,21,9,4,6,3,12,1,1787455892.2163823,G1,T03,fermo_1m_H,1,static
3680898,1,0,1,0,125,0,100,0,16,26,8,6,5,6,8,4,3,0,0,100,40,23,11,5,6,3,11,1,1787455892.4163835,G1,T03,fermo_1m_H,1,static
3681098,1,0,1,0,125,0,100,0,18,14,14,3,4,4,8,3,3,0,0,100,43,25,12,6,7,3,12,1,1787455892.6162074,G1,T03,fermo_1m_H,1,static
3681298,1,0,1,0,125,0,100,0,16,26,23,9,5,3,5,1,4,0,0,100,45,26,12,7,7,4,12,1,1787455892.8164372,G1,T03,fermo_1m_H,1,static
3681498,1,0,1,0,125,0,100,0,18,35,35,7,6,3,4,2,4,0,0,100,47,28,12,7,7,4,12,1,1787455893.0164392,G1,T03,fermo_1m_H,1,static
3681698,1,0,1,0,125,0,100,0,15,19,20,6,1,3,4,2,4,0,0,100,48,28,12,7,7,4,11,1,1787455893.216177,G1,T03,fermo_1m_H,1,static
3681898,1,0,1,0,125,0,100,0,14,29,22,8,6,1,3,3,5,0,0,100,51,29,12,7,8,4,12,1,1787455893.4164283,G1,T03,fermo_1m_H,1,static
3682098,1,0,1,0,125,0,100,0,20,12,12,8,8,1,2,4,4,0,0,100,52,32,13,7,8,4,12,1,1787455893.6163683,G1,T03,fermo_1m_H,1,static
3682298,1,0,1,0,125,0,100,0,13,13,9,6,6,1,2,3,4,0,0,100,52,34,14,8,8,4,12,1,1787455893.816062,G1,T03,fermo_1m_H,1,static
3682498,1,0,1,0,125,0,100,0,19,20,10,2,5,1,2,4,4,0,0,100,53,36,15,8,8,4,12,1,1787455894.0164206,G1,T03,fermo_1m_H,1,static
3682698,1,0,1,0,125,0,100,0,21,41,38,4,5,1,2,3,6,0,0,100,54,36,14,8,8,4,12,1,1787455894.2165527,G1,T03,fermo_1m_H,1,static
3682898,1,0,1,0,122,0,100,0,13,31,38,8,7,4,4,2,5,0,0,100,57,37,14,8,9,4,12,1,1787455894.416577,G1,T03,fermo_1m_H,1,static
3683098,1,0,1,0,122,0,100,0,19,14,23,8,10,5,5,2,5,0,0,100,61,39,15,9,9,4,12,1,1787455894.6166368,G1,T03,fermo_1m_H,1,static
3683298,1,0,1,0,122,0,100,0,16,38,23,9,9,7,5,2,4,0,0,100,63,41,15,9,9,4,12,1,1787455894.816285,G1,T03,fermo_1m_H,1,static
3683498,1,0,1,0,122,0,100,0,15,11,14,5,2,6,6,3,3,0,0,100,65,43,16,10,10,4,12,1,1787455895.0165946,G1,T03,fermo_1m_H,1,static
3683698,1,0,1,0,122,0,100,0,13,35,14,4,3,5,5,3,4,0,0,100,67,43,16,10,10,5,12,1,1787455895.2170088,G1,T03,fermo_1m_H,1,static
3683898,1,0,1,0,122,0,100,0,18,35,30,10,2,3,6,2,5,0,0,100,69,44,17,10,10,5,12,1,1787455895.4167132,G1,T03,fermo_1m_H,1,static
3684098,1,0,1,0,123,0,100,0,14,49,35,7,2,4,6,1,4,0,0,100,72,44,16,10,10,4,12,1,1787455895.6168733,G1,T03,fermo_1m_H,1,static
3684298,1,0,1,0,123,0,100,0,18,22,15,4,3,4,5,2,3,0,0,100,70,43,15,10,9,4,12,1,1787455895.8166099,G1,T03,fermo_1m_H,1,static
3684498,1,0,1,0,123,0,100,0,13,26,35,12,3,4,6,3,3,0,0,100,65,41,14,10,9,4,12,1,1787455896.016855,G1,T03,fermo_1m_H,1,static
3684698,1,0,1,0,123,0,100,0,17,15,14,8,2,4,6,3,3,0,0,100,60,39,13,9,8,4,12,1,1787455896.2164671,G1,T03,fermo_1m_H,1,static
3684898,1,0,1,0,123,0,100,0,17,15,10,7,1,4,8,3,3,0,0,100,58,37,12,8,7,4,12,1,1787455896.4168227,G1,T03,fermo_1m_H,1,static
3685098,1,0,1,0,123,0,100,0,25,26,27,9,8,5,6,2,4,0,0,100,55,36,12,8,7,4,12,1,1787455896.6167593,G1,T03,fermo_1m_H,1,static
3685298,1,0,1,0,123,0,100,0,19,24,22,7,7,5,6,1,4,0,0,100,56,36,13,8,7,4,12,1,1787455896.8167033,G1,T03,fermo_1m_H,1,static
3685498,1,0,1,0,123,0,100,0,18,11,13,9,8,5,4,3,4,0,0,100,58,38,14,8,7,4,12,1,1787455897.0166786,G1,T03,fermo_1m_H,1,static
3685698,1,0,1,0,123,0,100,0,15,10,13,2,5,5,4,4,4,0,0,100,57,40,15,8,8,4,11,1,1787455897.216446,G1,T03,fermo_1m_H,1,static
3685898,1,0,1,0,123,0,100,0,17,19,24,10,6,4,3,5,6,0,0,100,55,42,16,8,8,4,11,1,1787455897.4167163,G1,T03,fermo_1m_H,1,static
3686098,1,0,1,0,123,0,100,0,14,37,38,6,2,5,2,4,6,0,0,100,58,42,16,9,9,4,12,1,1787455897.6167648,G1,T03,fermo_1m_H,1,static
3686298,1,0,1,0,123,0,100,0,15,20,3,5,4,7,3,4,6,0,0,100,61,42,16,9,9,5,12,1,1787455897.816487,G1,T03,fermo_1m_H,1,static
3686498,1,0,1,0,123,0,100,0,15,26,24,4,4,6,3,3,5,0,0,100,65,42,16,9,9,5,12,1,1787455898.0159056,G1,T03,fermo_1m_H,1,static
3686698,1,0,1,0,123,0,100,0,19,24,21,4,3,3,2,5,6,0,0,100,67,42,17,9,9,5,11,1,1787455898.2168562,G1,T03,fermo_1m_H,1,static
3686898,1,0,1,0,123,0,100,0,15,15,18,10,5,4,3,4,5,0,0,100,65,42,17,9,9,5,11,1,1787455898.4164968,G1,T03,fermo_1m_H,1,static
3687098,1,0,1,0,123,0,100,0,18,31,18,8,7,4,3,5,5,0,0,100,62,42,18,8,9,5,12,1,1787455898.6166313,G1,T03,fermo_1m_H,1,static
3687298,1,0,1,0,123,0,100,0,14,18,10,4,9,6,2,5,4,0,0,100,59,42,18,8,9,4,12,1,1787455898.8165417,G1,T03,fermo_1m_H,1,static
3687498,1,0,1,0,123,0,100,0,20,22,10,3,7,5,2,4,4,0,0,100,57,42,18,7,9,4,12,1,1787455899.0164213,G1,T03,fermo_1m_H,1,static
3687698,1,0,1,0,123,0,100,0,17,13,11,3,7,6,2,5,4,0,0,100,55,42,18,7,9,4,11,1,1787455899.2168484,G1,T03,fermo_1m_H,1,static
3687898,1,0,1,0,123,0,100,0,15,17,6,2,6,4,3,5,5,0,0,100,53,42,19,7,9,4,11,1,1787455899.416518,G1,T03,fermo_1m_H,1,static
3688098,1,0,1,0,123,0,100,0,15,27,35,9,3,3,3,3,4,0,0,100,49,41,19,7,9,4,12,1,1787455899.6162677,G1,T03,fermo_1m_H,1,static
3688298,1,1,1,132,123,55,100,0,13,40,55,13,10,2,3,1,6,0,0,100,51,42,20,7,10,4,12,1,1787455899.817246,G1,T03,fermo_1m_H,1,static
3688498,1,0,1,0,124,0,100,0,15,22,40,10,2,3,5,4,5,0,0,100,59,44,21,7,11,4,12,1,1787455900.0165613,G1,T03,fermo_1m_H,1,static
3688698,1,0,1,0,124,0,100,0,18,34,32,11,3,6,6,6,3,0,0,100,65,46,22,7,12,4,11,1,1787455900.2160676,G1,T03,fermo_1m_H,1,static
3688898,1,0,1,0,124,0,100,0,15,10,5,6,6,6,6,5,4,0,0,100,66,49,24,8,12,4,11,1,1787455900.4165924,G1,T03,fermo_1m_H,1,static
3689098,1,0,1,0,124,0,100,0,15,9,7,8,5,5,5,6,3,0,0,100,67,51,24,8,14,5,12,1,1787455900.616176,G1,T03,fermo_1m_H,1,static
3689298,1,0,1,0,124,0,100,0,16,29,15,1,2,5,5,5,3,0,0,100,67,51,24,8,14,5,12,1,1787455900.8161879,G1,T03,fermo_1m_H,1,static
3689498,1,0,1,0,124,0,100,0,13,12,7,8,3,4,6,6,3,0,0,100,66,49,23,8,14,5,12,1,1787455901.0166588,G1,T03,fermo_1m_H,1,static
3689698,1,0,1,0,124,0,100,0,15,34,28,11,6,3,5,3,4,0,0,100,68,48,22,8,13,5,11,1,1787455901.216184,G1,T03,fermo_1m_H,1,static
3689898,1,0,1,0,124,0,100,0,16,15,15,6,7,1,5,1,4,0,0,100,70,46,21,8,13,5,11,1,1787455901.4168622,G1,T03,fermo_1m_H,1,static
3690098,1,0,1,0,124,0,100,0,19,16,17,4,10,2,4,2,5,0,0,100,67,45,21,8,13,5,12,1,1787455901.6157546,G1,T03,fermo_1m_H,1,static
3690298,1,0,1,0,124,0,100,0,14,7,8,3,9,3,3,3,5,0,0,100,64,44,21,8,13,5,12,1,1787455901.816857,G1,T03,fermo_1m_H,1,static
3690498,1,0,1,0,124,0,100,0,13,17,9,6,2,5,1,3,4,0,0,100,60,44,21,8,13,5,12,1,1787455902.0166433,G1,T03,fermo_1m_H,1,static
3690698,1,0,1,0,124,0,100,0,22,18,9,5,2,4,1,4,5,0,0,100,57,45,21,8,12,5,12,1,1787455902.2162437,G1,T03,fermo_1m_H,1,static
3690898,1,0,1,0,124,0,100,0,16,16,8,5,1,4,2,5,4,0,0,100,57,46,21,8,12,5,12,1,1787455902.4168282,G1,T03,fermo_1m_H,1,static
3691098,1,0,1,0,124,0,100,0,19,9,7,6,2,5,1,4,4,0,0,100,57,46,22,9,13,5,11,1,1787455902.6164672,G1,T03,fermo_1m_H,1,static
3691298,1,0,1,0,124,0,100,0,15,15,6,9,4,5,1,4,5,0,0,100,59,46,21,9,13,5,12,1,1787455902.8162293,G1,T03,fermo_1m_H,1,static
3691498,1,0,1,0,124,0,100,0,17,12,4,4,3,5,2,3,4,0,0,100,59,46,21,9,12,5,11,1,1787455903.0166924,G1,T03,fermo_1m_H,1,static
3691698,1,0,1,0,124,0,100,0,15,22,4,3,1,4,2,4,4,0,0,100,61,46,21,9,12,5,12,1,1787455903.2164686,G1,T03,fermo_1m_H,1,static
3691898,1,0,1,0,124,0,100,0,14,20,17,9,3,3,2,3,5,0,0,100,62,46,20,9,12,5,12,1,1787455903.4168544,G1,T03,fermo_1m_H,1,static
3692098,1,1,1,150,150,44,100,0,26,50,44,10,8,3,2,1,6,0,0,100,66,46,20,9,12,5,12,1,1787455903.6173723,G1,T03,fermo_1m_H,1,static
3692298,1,0,1,0,150,0,100,0,18,25,34,7,8,2,3,2,6,0,0,100,66,46,19,9,12,5,12,1,1787455903.8170614,G1,T03,fermo_1m_H,1,static
3692498,1,0,1,0,128,0,100,0,19,17,36,8,4,1,4,3,5,0,0,100,63,45,19,9,12,5,12,1,1787455904.0169766,G1,T03,fermo_1m_H,1,static
3692698,1,0,1,0,128,0,100,0,15,26,30,12,5,3,4,4,4,0,0,100,60,44,18,9,11,5,12,1,1787455904.216698,G1,T03,fermo_1m_H,1,static
3692898,1,0,1,0,128,0,100,0,15,27,9,8,6,3,5,4,4,0,0,100,59,42,17,9,11,4,12,1,1787455904.4161904,G1,T03,fermo_1m_H,1,static
3693098,1,0,1,0,128,0,100,0,17,29,16,4,5,4,5,5,4,0,0,100,59,40,17,8,10,5,12,1,1787455904.6164832,G1,T03,fermo_1m_H,1,static
3693298,1,0,1,0,128,0,100,0,22,15,6,8,3,3,5,4,4,0,0,100,59,40,16,8,10,5,11,1,1787455904.8167684,G1,T03,fermo_1m_H,1,static
3693498,1,0,1,0,128,0,100,0,16,32,25,9,7,2,4,3,5,0,0,100,59,40,16,8,9,5,11,1,1787455905.0169463,G1,T03,fermo_1m_H,1,static
3693698,1,0,1,0,128,0,100,0,27,21,22,7,9,1,4,1,5,0,0,100,59,39,15,8,9,4,12,1,1787455905.2169635,G1,T03,fermo_1m_H,1,static
3693898,1,0,1,0,128,0,100,0,16,36,21,10,6,1,4,1,6,0,0,100,59,39,15,8,9,4,11,1,1787455905.416991,G1,T03,fermo_1m_H,1,static
3694098,1,0,1,0,128,0,100,0,17,14,10,2,7,2,3,1,5,0,0,100,59,39,15,8,9,4,11,1,1787455905.6162074,G1,T03,fermo_1m_H,1,static
3694298,1,0,1,0,128,0,100,0,16,17,13,1,8,2,2,2,5,0,0,100,59,39,15,8,9,4,12,1,1787455905.8164456,G1,T03,fermo_1m_H,1,static
3694498,1,0,1,0,128,0,100,0,17,39,20,8,7,4,1,3,6,0,0,100,59,38,15,7,9,4,11,1,1787455906.0161965,G1,T03,fermo_1m_H,1,static
3694698,1,0,1,0,128,0,100,0,17,26,5,4,4,4,2,3,4,0,0,100,59,38,15,7,9,4,12,1,1787455906.2163615,G1,T03,fermo_1m_H,1,static
3694898,1,0,1,0,128,0,100,0,16,19,7,6,1,5,2,3,5,0,0,100,57,38,15,7,10,4,12,1,1787455906.417029,G1,T03,fermo_1m_H,1,static
3695098,1,0,1,0,128,0,100,0,15,29,12,4,2,4,1,3,5,0,0,100,57,38,14,7,10,4,11,1,1787455906.6166499,G1,T03,fermo_1m_H,1,static
3695298,1,0,1,0,128,0,100,0,18,38,39,10,5,3,1,2,6,0,0,100,56,37,14,7,10,4,11,1,1787455906.817094,G1,T03,fermo_1m_H,1,static
3695498,1,0,1,0,102,0,100,0,13,21,36,9,9,4,2,2,6,0,0,100,60,36,14,7,10,4,11,1,1787455907.0168154,G1,T03,fermo_1m_H,1,static
3695698,1,1,1,131,102,45,100,0,22,34,45,12,1,3,4,3,5,0,0,100,63,37,14,7,11,4,11,1,1787455907.2174795,G1,T03,fermo_1m_H,1,static
3695898,1,0,1,0,131,0,100,0,14,23,25,13,7,5,4,4,4,0,0,100,65,38,15,7,11,4,11,1,1787455907.4171398,G1,T03,fermo_1m_H,1,static
3696098,1,0,1,0,131,0,100,0,16,13,12,10,6,6,4,5,4,0,0,100,64,39,16,7,11,4,11,1,1787455907.6166782,G1,T03,fermo_1m_H,1,static
3696298,1,0,1,0,131,0,100,0,18,24,15,4,5,4,4,4,4,0,0,100,60,38,16,7,11,4,12,1,1787455907.8163621,G1,T03,fermo_1m_H,1,static
3696498,1,0,1,0,131,0,100,0,17,18,11,9,2,3,3,4,4,0,0,100,56,36,16,7,11,4,12,1,1787455908.0162683,G1,T03,fermo_1m_H,1,static
3696698,1,0,1,0,131,0,100,0,14,11,8,9,4,3,4,3,5,0,0,100,54,36,16,7,10,4,11,1,1787455908.2167456,G1,T03,fermo_1m_H,1,static
3696898,1,0,1,0,131,0,100,0,14,25,21,9,8,5,4,3,5,0,0,100,54,36,15,7,10,4,11,1,1787455908.4173017,G1,T03,fermo_1m_H,1,static
3697098,1,0,1,0,131,0,100,0,20,30,32,9,8,1,3,1,5,0,0,100,56,37,14,7,10,4,12,1,1787455908.617278,G1,T03,fermo_1m_H,1,static
3697298,1,0,1,0,131,0,100,0,13,25,20,6,8,1,2,1,6,0,0,100,55,37,14,7,10,4,11,1,1787455908.816431,G1,T03,fermo_1m_H,1,static
3697498,1,0,1,0,131,0,100,0,14,10,8,5,8,2,2,1,5,0,0,100,54,36,15,7,10,4,11,1,1787455909.0163348,G1,T03,fermo_1m_H,1,static
3697698,1,0,1,0,131,0,100,0,14,16,8,6,9,3,2,2,6,0,0,100,51,36,15,8,10,4,12,1,1787455909.2168474,G1,T03,fermo_1m_H,1,static
3697898,1,0,1,0,131,0,100,0,14,25,21,5,8,4,3,2,5,0,0,100,48,37,16,8,11,4,12,1,1787455909.4169967,G1,T03,fermo_1m_H,1,static
3698098,1,0,1,0,131,0,100,0,16,16,1,6,5,5,1,2,5,0,0,100,47,39,16,8,10,4,12,1,1787455909.6166272,G1,T03,fermo_1m_H,1,static
3698298,1,0,1,0,131,0,100,0,15,14,5,4,1,5,2,3,5,0,0,100,47,39,16,8,10,4,12,1,1787455909.817107,G1,T03,fermo_1m_H,1,static
3698498,1,0,1,0,131,0,100,0,16,15,1,5,1,4,1,4,6,0,0,100,47,39,16,8,11,4,11,1,1787455910.0162394,G1,T03,fermo_1m_H,1,static
3698698,1,0,1,0,131,0,100,0,15,11,7,5,2,5,1,3,5,0,0,100,46,38,16,8,11,4,11,1,1787455910.2169,G1,T03,fermo_1m_H,1,static
3698898,1,0,1,0,131,0,100,0,14,13,9,3,2,6,1,3,5,0,0,100,47,38,16,8,10,4,11,1,1787455910.4172232,G1,T03,fermo_1m_H,1,static
3699098,1,0,1,0,131,0,100,0,14,13,14,9,1,5,1,2,5,0,0,100,47,38,16,8,10,4,12,1,1787455910.617433,G1,T03,fermo_1m_H,1,static
3699298,1,0,1,0,131,0,100,0,17,26,13,5,2,4,1,3,5,0,0,100,45,38,16,7,10,3,12,1,1787455910.8165019,G1,T03,fermo_1m_H,1,static
3699498,1,0,1,0,131,0,100,0,19,15,11,4,1,4,1,3,5,0,0,100,40,37,15,8,10,3,12,1,1787455911.0166786,G1,T03,fermo_1m_H,1,static
3699698,1,0,1,0,131,0,100,0,13,10,9,4,2,5,1,3,5,0,0,100,36,36,15,8,10,3,11,1,1787455911.216287,G1,T03,fermo_1m_H,1,static
3699898,1,0,1,0,131,0,100,0,15,11,11,8,4,5,1,4,5,0,0,100,34,35,14,7,9,3,11,1,1787455911.4170783,G1,T03,fermo_1m_H,1,static
3700098,1,0,1,0,131,0,100,0,21,13,5,4,2,4,1,3,5,0,0,100,30,34,13,7,9,3,11,1,1787455911.617179,G1,T03,fermo_1m_H,1,static
3700298,1,1,1,150,131,41,100,0,20,49,41,11,7,2,1,1,6,0,0,100,30,33,12,7,8,3,12,1,1787455911.8174279,G1,T03,fermo_1m_H,1,static
3700498,1,0,1,0,150,0,100,0,14,29,32,7,9,4,1,1,6,0,0,100,33,34,12,6,8,3,12,1,1787455912.0171423,G1,T03,fermo_1m_H,1,static
3700698,1,0,1,0,150,0,100,0,19,15,28,7,4,3,2,3,6,0,0,100,37,34,12,6,9,3,11,1,1787455912.217176,G1,T03,fermo_1m_H,1,static
3700898,1,0,1,0,150,0,100,0,20,10,29,10,2,2,2,4,5,0,0,100,39,33,12,6,9,3,12,1,1787455912.417515,G1,T03,fermo_1m_H,1,static
3701098,1,0,1,0,150,0,100,0,17,34,27,12,3,3,3,3,5,0,0,100,39,33,13,6,9,3,11,1,1787455912.616994,G1,T03,fermo_1m_H,1,static
3701298,1,0,1,0,150,0,100,0,14,33,16,3,2,3,3,4,5,0,0,100,39,32,13,6,9,3,12,1,1787455912.81709,G1,T03,fermo_1m_H,1,static
3701498,1,0,1,0,150,0,100,0,14,10,7,4,2,2,3,3,6,0,0,100,39,33,13,6,9,3,12,1,1787455913.016797,G1,T03,fermo_1m_H,1,static
3701698,1,0,1,0,150,0,100,0,16,27,32,10,6,4,3,2,5,0,0,100,41,33,13,6,9,3,11,1,1787455913.2171931,G1,T03,fermo_1m_H,1,static
3701898,1,0,1,0,150,0,100,0,18,27,23,10,7,1,2,1,5,0,0,100,44,32,12,6,9,3,11,1,1787455913.4170592,G1,T03,fermo_1m_H,1,static
3702098,1,0,1,0,150,0,100,0,16,13,18,5,8,1,2,1,5,0,0,100,45,31,12,6,9,3,11,1,1787455913.6172175,G1,T03,fermo_1m_H,1,static
3702298,1,0,1,0,150,0,100,0,17,11,7,1,8,3,2,2,6,0,0,100,46,29,11,6,9,3,12,1,1787455913.8163798,G1,T03,fermo_1m_H,1,static
3702498,1,0,1,0,150,0,100,0,21,9,12,4,1,3,2,2,5,0,0,100,47,30,11,6,9,3,12,1,1787455914.0168626,G1,T03,fermo_1m_H,1,static
3702698,1,0,1,0,150,0,100,0,14,7,1,5,1,5,1,3,6,0,0,100,47,30,11,6,9,3,12,1,1787455914.2168796,G1,T03,fermo_1m_H,1,static
3702898,1,0,1,0,150,0,100,0,19,15,15,6,2,5,1,4,6,0,0,100,48,30,11,6,9,3,12,1,1787455914.4172935,G1,T03,fermo_1m_H,1,static
3703098,1,0,1,0,150,0,100,0,18,28,9,3,2,4,1,3,5,0,0,100,48,29,11,6,9,3,12,1,1787455914.617182,G1,T03,fermo_1m_H,1,static
3703298,1,0,1,0,150,0,100,0,18,27,23,6,5,3,1,1,6,0,0,100,48,29,10,6,9,3,11,1,1787455914.8170826,G1,T03,fermo_1m_H,1,static
3703498,1,0,1,0,150,0,100,0,13,33,23,10,9,3,1,1,6,0,0,100,51,29,11,6,9,3,11,1,1787455915.0174894,G1,T03,fermo_1m_H,1,static
3703698,1,0,1,0,76,0,100,0,16,31,27,8,11,3,2,1,6,0,0,100,54,29,11,6,9,3,11,1,1787455915.2172487,G1,T03,fermo_1m_H,1,static
3703898,1,0,1,0,76,0,100,0,14,22,29,7,4,2,2,3,6,0,0,100,56,29,10,6,10,4,12,1,1787455915.4167454,G1,T03,fermo_1m_H,1,static
3704098,1,0,1,0,76,0,100,0,14,8,9,5,3,2,2,3,6,0,0,100,59,29,11,6,10,4,12,1,1787455915.616206,G1,T03,fermo_1m_H,1,static
3704298,1,0,1,0,76,0,100,0,13,11,6,5,3,2,2,3,5,0,0,100,58,30,11,6,11,4,11,1,1787455915.816743,G1,T03,fermo_1m_H,1,static
3704498,1,0,1,0,76,0,100,0,22,12,17,9,4,3,3,3,5,0,0,100,55,30,11,6,10,4,12,1,1787455916.016964,G1,T03,fermo_1m_H,1,static
3704698,1,0,1,0,76,0,100,0,15,36,30,9,7,2,2,1,6,0,0,100,52,30,11,6,10,4,11,1,1787455916.2168095,G1,T03,fermo_1m_H,1,static
3704898,1,0,1,0,76,0,100,0,21,12,15,7,8,1,3,1,6,0,0,100,49,30,11,6,9,3,12,1,1787455916.41703,G1,T03,fermo_1m_H,1,static
3705098,1,0,1,0,76,0,100,0,15,11,16,2,8,1,3,1,5,0,0,100,48,30,10,6,9,3,12,1,1787455916.617148,G1,T03,fermo_1m_H,1,static
3705298,1,0,1,0,76,0,100,0,16,15,9,1,10,1,2,2,6,0,0,100,47,30,9,6,9,3,11,1,1787455916.8164604,G1,T03,fermo_1m_H,1,static
3705498,1,0,1,0,76,0,100,0,26,17,9,2,3,2,1,2,6,0,0,100,47,30,9,5,9,3,11,1,1787455917.0165658,G1,T03,fermo_1m_H,1,static
3705698,1,0,1,0,76,0,100,0,16,18,11,8,1,4,2,2,6,0,0,100,47,29,9,5,9,3,12,1,1787455917.2168572,G1,T03,fermo_1m_H,1,static
3705898,1,0,1,0,76,0,100,0,15,10,11,3,1,4,1,2,5,0,0,100,44,29,9,5,9,3,12,1,1787455917.417167,G1,T03,fermo_1m_H,1,static
3706098,1,0,1,0,76,0,100,0,14,15,8,4,2,4,2,2,5,0,0,100,43,30,9,5,9,3,11,1,1787455917.6166785,G1,T03,fermo_1m_H,1,static
3706298,1,0,1,0,76,0,100,0,14,18,9,4,3,4,0,3,6,0,0,100,43,30,10,5,9,3,12,1,1787455917.8171322,G1,T03,fermo_1m_H,1,static
3706498,1,0,1,0,76,0,100,0,20,16,8,7,3,5,1,3,5,0,0,100,43,30,10,5,9,3,11,1,1787455918.0166337,G1,T03,fermo_1m_H,1,static
3706698,1,0,1,0,76,0,100,0,19,11,6,8,2,5,1,3,5,0,0,100,44,29,10,5,9,3,11,1,1787455918.2172842,G1,T03,fermo_1m_H,1,static
3706898,1,0,1,0,76,0,100,0,15,9,2,5,4,4,1,3,5,0,0,100,43,29,9,5,9,3,12,1,1787455918.416932,G1,T03,fermo_1m_H,1,static
3707098,1,0,1,0,76,0,100,0,16,14,6,4,2,5,1,3,5,0,0,100,43,28,9,5,9,3,11,1,1787455918.6166005,G1,T03,fermo_1m_H,1,static
3707298,1,0,1,0,76,0,100,0,27,20,8,6,4,4,2,2,6,0,0,100,43,29,10,5,9,3,11,1,1787455918.816433,G1,T03,fermo_1m_H,1,static
3707498,1,0,1,0,76,0,100,0,21,14,12,9,3,5,1,4,6,0,0,100,41,29,9,5,9,3,12,1,1787455919.0172293,G1,T03,fermo_1m_H,1,static
3707698,1,0,1,0,76,0,100,0,17,15,11,5,3,4,1,3,5,0,0,100,38,29,9,5,9,3,11,1,1787455919.216674,G1,T03,fermo_1m_H,1,static
3707898,1,0,1,0,76,0,100,0,13,14,6,5,2,5,2,3,5,0,0,100,35,28,9,5,8,2,12,1,1787455919.417116,G1,T03,fermo_1m_H,1,static
3708098,1,0,1,0,76,0,100,0,15,16,9,6,3,5,1,3,5,0,0,100,32,27,9,5,8,2,12,1,1787455919.6171172,G1,T03,fermo_1m_H,1,static
3708298,1,0,1,0,76,0,100,0,33,37,9,7,3,5,2,3,5,0,0,100,30,27,9,5,7,2,11,1,1787455919.8170843,G1,T03,fermo_1m_H,1,static
3708498,1,0,1,0,76,0,100,0,20,25,17,9,4,5,1,4,5,0,0,100,30,25,9,5,7,2,11,1,1787455920.0172133,G1,T03,fermo_1m_H,1,static
3708698,1,0,1,0,76,0,100,0,15,15,13,2,3,4,1,2,6,0,0,100,27,24,8,4,7,2,11,1,1787455920.2166283,G1,T03,fermo_1m_H,1,static
3708898,1,0,1,0,76,0,100,0,27,15,4,3,3,5,1,5,7,0,0,100,25,23,8,4,7,2,12,1,1787455920.41633,G1,T03,fermo_1m_H,1,static
3709098,1,0,1,0,76,0,100,0,17,16,12,2,2,4,1,3,6,0,0,100,22,22,8,4,7,2,12,1,1787455920.6174474,G1,T03,fermo_1m_H,1,static
3709298,1,0,1,0,76,0,100,0,27,31,10,6,4,6,1,4,6,0,0,100,21,21,8,4,7,2,12,1,1787455920.8164475,G1,T03,fermo_1m_H,1,static
3709498,1,0,1,0,76,0,100,0,14,27,15,7,4,5,1,3,5,0,0,100,21,20,8,4,6,2,12,1,1787455921.0174236,G1,T03,fermo_1m_H,1,static
3709698,1,0,1,0,76,0,100,0,16,15,9,1,2,5,1,3,5,0,0,100,18,18,7,4,6,2,12,1,1787455921.216891,G1,T03,fermo_1m_H,1,static
3709898,1,0,1,0,76,0,100,0,18,14,3,2,3,5,1,4,6,0,0,100,17,17,7,3,6,2,12,1,1787455921.41737,G1,T03,fermo_1m_H,1,static
3710098,1,0,1,0,76,0,100,0,14,25,15,4,4,5,1,3,6,0,0,100,16,16,7,3,5,2,11,1,1787455921.6170945,G1,T03,fermo_1m_H,1,static
3710298,1,0,1,0,76,0,100,0,27,20,3,2,4,6,1,5,5,0,0,100,15,16,7,3,5,2,12,1,1787455921.817163,G1,T03,fermo_1m_H,1,static
3710498,1,0,1,0,76,0,100,0,16,32,22,8,6,6,1,5,5,0,0,100,15,15,7,3,5,2,12,1,1787455922.0173826,G1,T03,fermo_1m_H,1,static
3710698,1,0,1,0,76,0,100,0,13,9,2,2,6,6,1,5,4,0,0,100,15,15,7,3,5,2,12,1,1787455922.2165933,G1,T03,fermo_1m_H,1,static
3710898,1,0,1,0,76,0,100,0,19,12,6,1,6,5,1,5,5,0,0,100,15,15,7,4,5,2,11,1,1787455922.4173694,G1,T03,fermo_1m_H,1,static
3711098,1,0,1,0,76,0,100,0,18,30,16,4,7,6,1,6,5,0,0,100,16,16,7,4,5,2,12,1,1787455922.6175466,G1,T03,fermo_1m_H,1,static
3711298,1,0,1,0,76,0,100,0,28,32,17,12,9,5,1,4,3,0,0,100,16,16,8,4,5,3,12,1,1787455922.8173528,G1,T03,fermo_1m_H,1,static
3711498,1,0,1,0,76,0,100,0,17,22,12,7,9,6,1,5,5,0,0,100,15,16,8,4,5,3,12,1,1787455923.0173743,G1,T03,fermo_1m_H,1,static
3711698,1,0,1,0,76,0,100,0,16,13,9,7,6,3,1,4,5,0,0,100,15,16,8,4,5,3,12,1,1787455923.2165284,G1,T03,fermo_1m_H,1,static
3711898,1,0,1,0,76,0,100,0,17,34,28,3,2,2,1,4,5,0,0,100,15,16,9,4,5,3,12,1,1787455923.4174383,G1,T03,fermo_1m_H,1,static
3712098,1,0,1,0,76,0,100,0,16,36,31,10,2,4,0,2,5,0,0,100,18,17,9,4,5,3,11,1,1787455923.6176658,G1,T03,fermo_1m_H,1,static
3712298,1,1,1,102,150,51,100,0,22,51,46,9,4,4,1,1,6,0,0,100,24,18,10,4,6,3,12,1,1787455923.8177714,G1,T03,fermo_1m_H,1,static
3712498,1,0,1,0,102,0,100,0,17,19,32,9,6,4,1,3,5,0,0,100,30,19,10,4,7,3,12,1,1787455924.017361,G1,T03,fermo_1m_H,1,static
3712698,1,0,1,0,150,0,100,0,19,21,32,10,3,3,1,4,5,0,0,100,38,20,11,4,7,3,12,1,1787455924.2177837,G1,T03,fermo_1m_H,1,static
3712898,1,0,1,0,150,0,100,0,17,11,25,7,6,5,2,5,5,0,0,100,44,21,12,5,8,3,12,1,1787455924.4169624,G1,T03,fermo_1m_H,1,static
3713098,1,0,1,0,150,0,100,0,22,20,18,5,6,5,1,4,4,0,0,100,48,22,13,5,9,3,11,1,1787455924.6175163,G1,T03,fermo_1m_H,1,static
3713298,1,0,1,0,150,0,100,0,16,31,25,7,10,7,1,4,5,0,0,100,50,23,13,5,9,3,12,1,1787455924.817711,G1,T03,fermo_1m_H,1,static
3713498,1,0,1,0,150,0,100,0,23,16,25,8,3,6,1,3,4,0,0,100,51,25,13,5,9,3,12,1,1787455925.01716,G1,T03,fermo_1m_H,1,static
3713698,1,0,1,0,150,0,100,0,14,40,36,11,4,4,1,3,5,0,0,100,55,27,14,6,9,3,12,1,1787455925.217346,G1,T03,fermo_1m_H,1,static
3713898,1,0,1,0,150,0,100,0,13,28,30,7,8,4,1,3,5,0,0,100,59,28,14,6,9,3,12,1,1787455925.4175906,G1,T03,fermo_1m_H,1,static
3714098,1,0,1,0,150,0,100,0,18,18,17,7,3,6,1,3,4,0,0,100,63,28,14,6,10,3,12,1,1787455925.6175127,G1,T03,fermo_1m_H,1,static
3714298,1,0,1,0,150,0,100,0,18,12,7,1,5,5,1,5,4,0,0,100,68,29,14,5,10,3,12,1,1787455925.8175066,G1,T03,fermo_1m_H,1,static
3714498,1,0,1,0,150,0,100,0,15,15,2,1,5,7,1,5,5,0,0,100,70,29,14,5,10,3,11,1,1787455926.017419,G1,T03,fermo_1m_H,1,static
3714698,1,0,1,0,150,0,100,0,13,26,13,3,4,5,1,4,3,0,0,100,73,29,14,5,11,3,12,1,1787455926.2177558,G1,T03,fermo_1m_H,1,static
3714898,1,0,1,0,150,0,100,0,17,16,12,2,8,7,1,5,4,0,0,100,74,30,14,5,11,3,12,1,1787455926.417583,G1,T03,fermo_1m_H,1,static
3715098,1,0,1,0,150,0,100,0,16,33,30,12,8,6,1,5,4,0,0,100,78,30,13,4,11,3,12,1,1787455926.6177113,G1,T03,fermo_1m_H,1,static
3715298,1,0,1,0,150,0,100,0,16,10,3,5,7,7,1,5,4,0,0,100,83,30,13,4,12,3,12,1,1787455926.817629,G1,T03,fermo_1m_H,1,static
3715498,1,0,1,0,150,0,100,0,15,18,11,9,8,6,2,5,4,0,0,100,88,31,13,4,12,3,12,1,1787455927.0175169,G1,T03,fermo_1m_H,1,static
3715698,1,0,1,0,150,0,100,0,16,9,11,8,8,6,2,5,4,0,0,100,94,31,13,4,12,3,12,1,1787455927.2176921,G1,T03,fermo_1m_H,1,static
3715898,1,0,1,0,150,0,100,0,16,10,10,5,9,7,2,5,4,0,0,100,97,33,13,4,13,3,12,1,1787455927.4176273,G1,T03,fermo_1m_H,1,static
3716098,1,0,1,0,150,0,100,0,17,19,13,8,6,6,2,6,3,0,0,100,99,33,13,4,13,3,12,1,1787455927.617635,G1,T03,fermo_1m_H,1,static
3716298,1,0,1,0,150,0,100,0,16,14,4,2,7,5,2,6,4,0,0,100,96,32,13,4,12,3,12,1,1787455927.8169448,G1,T03,fermo_1m_H,1,static
3716498,1,0,1,0,150,0,100,0,15,16,9,2,3,4,1,6,5,0,0,100,92,31,12,4,12,3,12,1,1787455928.0178235,G1,T03,fermo_1m_H,1,static
3716698,1,0,1,0,150,0,100,0,18,24,15,3,4,3,2,5,4,0,0,100,88,31,12,4,11,3,12,1,1787455928.2178893,G1,T03,fermo_1m_H,1,static
3716898,1,0,1,0,150,0,100,0,26,24,8,6,5,2,2,6,4,0,0,100,84,30,11,4,11,3,11,1,1787455928.4176989,G1,T03,fermo_1m_H,1,static
3717098,1,0,1,0,150,0,100,0,16,17,12,2,3,1,2,5,3,0,0,100,83,30,10,3,10,3,12,1,1787455928.6176312,G1,T03,fermo_1m_H,1,static
3717298,1,0,1,0,150,0,100,0,17,15,10,5,5,1,3,7,4,0,0,100,83,28,10,3,10,3,11,1,1787455928.8177903,G1,T03,fermo_1m_H,1,static
3717498,1,0,1,0,150,0,100,0,20,19,9,3,6,1,1,5,3,0,0,100,85,27,9,3,10,3,11,1,1787455929.0172548,G1,T03,fermo_1m_H,1,static
3717698,1,0,1,0,150,0,100,0,13,25,17,1,7,1,2,7,4,0,0,100,83,25,8,3,10,3,12,1,1787455929.2177033,G1,T03,fermo_1m_H,1,static
3717898,1,0,1,0,150,0,100,0,30,17,13,6,7,2,4,7,3,0,0,100,80,25,9,3,10,3,11,1,1787455929.4169414,G1,T03,fermo_1m_H,1,static
3718098,1,0,1,0,150,0,100,0,18,33,22,7,3,1,2,6,3,0,0,100,80,25,9,3,10,3,11,1,1787455929.6170945,G1,T03,fermo_1m_H,1,static
3718298,1,0,1,0,150,0,100,0,16,13,10,5,3,2,3,7,4,0,0,100,78,24,9,3,9,3,11,1,1787455929.817733,G1,T03,fermo_1m_H,1,static
3718498,1,0,1,0,150,0,100,0,20,21,8,7,3,3,2,7,3,0,0,100,78,22,8,3,9,3,12,1,1787455930.017158,G1,T03,fermo_1m_H,1,static
3718698,1,0,1,0,150,0,100,0,14,26,15,2,4,4,3,7,2,0,0,100,76,22,8,3,9,3,12,1,1787455930.2175777,G1,T03,fermo_1m_H,1,static
3718898,1,0,1,0,150,0,100,0,33,33,12,2,4,3,3,6,2,0,0,100,74,21,8,3,8,3,11,1,1787455930.417546,G1,T03,fermo_1m_H,1,static
3719098,1,0,1,0,150,0,100,0,14,23,13,8,5,3,3,6,3,0,0,100,72,20,8,3,8,3,11,1,1787455930.6176696,G1,T03,fermo_1m_H,1,static
3719298,1,0,1,0,150,0,100,0,17,16,8,2,5,4,4,6,2,0,0,100,66,19,8,3,7,3,11,1,1787455930.8175333,G1,T03,fermo_1m_H,1,static
3719498,1,0,1,0,150,0,100,0,23,29,15,9,5,4,2,6,2,0,0,100,63,18,8,3,7,3,12,1,1787455931.0176222,G1,T03,fermo_1m_H,1,static
3719698,1,0,1,0,150,0,100,0,14,17,13,1,4,4,3,7,3,0,0,100,58,17,7,3,7,3,12,1,1787455931.2174144,G1,T03,fermo_1m_H,1,static
3719898,1,0,1,0,150,0,100,0,22,19,12,5,4,3,3,6,3,0,0,100,55,16,7,3,7,3,11,1,1787455931.4176173,G1,T03,fermo_1m_H,1,static
3720098,1,0,1,0,150,0,100,0,15,11,6,5,4,3,1,6,3,0,0,100,52,15,7,3,6,3,11,1,1787455931.6172261,G1,T03,fermo_1m_H,1,static
3720298,1,0,1,0,150,0,100,0,20,14,7,6,4,4,3,7,4,0,0,100,49,14,7,3,6,3,11,1,1787455931.8177955,G1,T03,fermo_1m_H,1,static
3720498,1,0,1,0,150,0,100,0,26,27,14,5,6,4,1,6,3,0,0,100,47,13,6,3,6,3,12,1,1787455932.0177794,G1,T03,fermo_1m_H,1,static
3720698,1,0,1,0,150,0,100,0,19,25,19,10,4,4,3,6,3,0,0,100,44,13,6,3,5,3,12,1,1787455932.217561,G1,T03,fermo_1m_H,1,static
3720898,1,0,1,0,150,0,100,0,20,26,17,2,4,2,3,7,3,0,0,100,43,12,7,3,5,3,12,1,1787455932.4176495,G1,T03,fermo_1m_H,1,static
3721098,1,0,1,0,150,0,100,0,16,8,2,3,6,3,3,5,3,0,0,100,41,12,6,3,5,3,12,1,1787455932.6176581,G1,T03,fermo_1m_H,1,static
3721298,1,0,1,0,150,0,100,0,15,19,5,3,5,4,3,6,3,0,0,100,39,11,7,3,5,3,12,1,1787455932.8177462,G1,T03,fermo_1m_H,1,static
3721498,1,0,1,0,150,0,100,0,19,13,4,5,6,4,3,6,3,0,0,100,37,11,6,3,5,3,11,1,1787455933.0177245,G1,T03,fermo_1m_H,1,static
3721698,1,0,1,0,150,0,100,0,16,17,27,7,5,5,3,5,3,0,0,100,35,11,7,3,4,3,11,1,1787455933.217046,G1,T03,fermo_1m_H,1,static
3721898,1,0,1,0,150,0,100,0,16,32,26,8,3,3,3,6,3,0,0,100,34,10,7,3,4,3,12,1,1787455933.4180298,G1,T03,fermo_1m_H,1,static
3722098,1,0,1,0,150,0,100,0,22,14,13,6,4,3,4,5,3,0,0,100,32,9,7,3,4,3,12,1,1787455933.6176505,G1,T03,fermo_1m_H,1,static
3722298,1,0,1,0,150,0,100,0,14,18,8,2,4,4,2,6,3,0,0,100,29,9,7,3,4,3,12,1,1787455933.8177729,G1,T03,fermo_1m_H,1,static
3722498,1,0,1,0,150,0,100,0,14,11,9,5,6,5,3,6,3,0,0,100,27,9,7,3,3,3,11,1,1787455934.0169628,G1,T03,fermo_1m_H,1,static
3722698,1,0,1,0,150,0,100,0,19,24,26,4,5,4,4,6,3,0,0,100,26,8,7,3,3,3,11,1,1787455934.2179067,G1,T03,fermo_1m_H,1,static
3722898,1,0,1,0,150,0,100,0,15,36,23,9,5,4,3,6,3,0,0,100,25,8,6,2,3,3,11,1,1787455934.4177973,G1,T03,fermo_1m_H,1,static
3723098,1,0,1,0,150,0,100,0,21,17,12,4,4,4,3,5,3,0,0,100,24,8,6,2,3,2,11,1,1787455934.617614,G1,T03,fermo_1m_H,1,static
3723298,1,0,1,0,150,0,100,0,18,18,11,7,5,4,3,6,4,0,0,100,24,7,6,2,3,2,11,1,1787455934.8177633,G1,T03,fermo_1m_H,1,static
3723498,1,0,1,0,150,0,100,0,16,11,11,9,6,5,4,5,3,0,0,100,22,7,6,2,3,2,12,1,1787455935.0177581,G1,T03,fermo_1m_H,1,static
3723698,1,0,1,0,150,0,100,0,18,23,23,4,6,5,3,6,3,0,0,100,22,7,6,2,3,2,12,1,1787455935.2174566,G1,T03,fermo_1m_H,1,static
3723898,1,0,1,0,150,0,100,0,18,26,20,11,5,4,3,5,3,0,0,100,21,7,6,2,3,2,12,1,1787455935.4177275,G1,T03,fermo_1m_H,1,static
3724098,1,0,1,0,150,0,100,0,20,13,10,4,4,4,3,5,3,0,0,100,20,7,6,2,3,2,11,1,1787455935.6178317,G1,T03,fermo_1m_H,1,static
3724298,1,0,1,0,150,0,100,0,16,21,11,5,5,4,3,6,4,0,0,100,20,7,6,2,3,2,11,1,1787455935.8177676,G1,T03,fermo_1m_H,1,static
3724498,1,0,1,0,150,0,100,0,14,10,4,7,7,4,3,6,3,0,0,100,20,7,6,2,3,2,12,1,1787455936.0176237,G1,T03,fermo_1m_H,1,static
3724698,1,0,1,0,150,0,100,0,22,17,25,10,4,5,4,6,3,0,0,100,20,6,6,2,3,2,12,1,1787455936.2178872,G1,T03,fermo_1m_H,1,static
3724898,1,0,1,0,150,0,100,0,15,27,23,9,5,3,3,6,3,0,0,100,20,6,6,2,3,2,12,1,1787455936.4179342,G1,T03,fermo_1m_H,1,static
3725098,1,0,1,0,150,0,100,0,21,12,10,6,4,4,4,6,2,0,0,100,20,6,6,2,3,2,11,1,1787455936.6177258,G1,T03,fermo_1m_H,1,static
3725298,1,0,1,0,150,0,100,0,18,23,16,4,6,5,4,6,3,0,0,100,21,6,5,2,3,2,11,1,1787455936.817841,G1,T03,fermo_1m_H,1,static
3725498,1,0,1,0,150,0,100,0,16,15,10,5,5,3,3,6,4,0,0,100,22,6,5,2,3,2,12,1,1787455937.0178537,G1,T03,fermo_1m_H,1,static
3725698,1,0,1,0,150,0,100,0,19,25,24,3,6,6,4,6,3,0,0,100,23,6,5,2,3,2,12,1,1787455937.2175124,G1,T03,fermo_1m_H,1,static
3725898,1,0,1,0,150,0,100,0,27,36,23,3,6,3,3,6,3,0,0,100,24,6,5,2,3,2,11,1,1787455937.4176042,G1,T03,fermo_1m_H,1,static
3726098,1,0,1,0,150,0,100,0,20,11,4,5,6,4,3,6,4,0,0,100,26,6,5,2,3,2,11,1,1787455937.6173527,G1,T03,fermo_1m_H,1,static
3726298,1,0,1,0,150,0,100,0,13,13,1,3,6,4,4,6,4,0,0,100,27,7,5,2,3,2,12,1,1787455937.8169198,G1,T03,fermo_1m_H,1,static
3726498,1,0,1,0,150,0,100,0,19,16,8,10,6,4,3,6,3,0,0,100,29,6,5,2,3,2,12,1,1787455938.0173655,G1,T03,fermo_1m_H,1,static
3726698,1,0,1,0,150,0,100,0,18,22,24,1,7,6,4,6,3,0,0,100,29,6,5,2,3,2,12,1,1787455938.217882,G1,T03,fermo_1m_H,1,static
3726898,1,0,1,0,150,0,100,0,24,33,19,7,5,5,4,6,3,0,0,100,29,6,5,2,3,2,12,1,1787455938.4171934,G1,T03,fermo_1m_H,1,static
3727098,1,0,1,0,150,0,100,0,14,33,16,2,5,7,4,6,3,0,0,100,32,7,5,3,3,2,12,1,1787455938.6172187,G1,T03,fermo_1m_H,1,static
3727298,1,1,1,75,150,62,100,0,18,62,20,5,3,6,5,5,4,0,0,100,33,7,5,3,3,2,12,1,1787455938.818126,G1,T03,fermo_1m_H,1,static
3727498,1,0,1,0,75,0,100,0,18,18,4,7,2,5,4,5,4,0,0,100,34,7,5,3,3,2,11,1,1787455939.017786,G1,T03,fermo_1m_H,1,static
3727698,1,0,1,0,75,0,100,0,13,22,15,6,1,5,4,6,3,0,0,100,34,6,4,3,3,2,11,1,1787455939.2177866,G1,T03,fermo_1m_H,1,static
3727898,1,0,1,0,75,0,100,0,24,45,20,4,3,5,4,5,3,0,0,100,35,6,5,3,3,2,11,1,1787455939.417823,G1,T03,fermo_1m_H,1,static
3728098,1,0,1,0,75,0,100,0,16,30,15,5,3,6,4,5,3,0,0,100,34,7,5,3,3,2,12,1,1787455939.6177247,G1,T03,fermo_1m_H,1,static
3728298,1,0,1,0,75,0,100,0,22,11,5,1,2,5,3,5,3,0,0,100,34,7,5,3,3,2,12,1,1787455939.8176854,G1,T03,fermo_1m_H,1,static
3728498,1,0,1,0,75,0,100,0,16,27,14,4,2,5,3,4,3,0,0,100,33,7,5,3,3,2,12,1,1787455940.017835,G1,T03,fermo_1m_H,1,static
3728698,1,0,1,0,75,0,100,0,18,25,12,2,3,6,4,4,3,0,0,100,32,7,5,3,3,2,12,1,1787455940.217616,G1,T03,fermo_1m_H,1,static
3728898,1,0,1,0,75,0,100,0,23,28,13,1,6,6,5,6,3,0,0,100,32,7,5,3,3,2,12,1,1787455940.417307,G1,T03,fermo_1m_H,1,static
3729098,1,0,1,0,75,0,100,0,14,20,15,8,4,4,3,5,3,0,0,100,32,7,5,3,3,3,12,1,1787455940.6178374,G1,T03,fermo_1m_H,1,static
3729298,1,0,1,0,75,0,100,0,14,13,8,3,5,5,4,5,3,0,0,100,31,7,5,3,3,3,11,1,1787455940.8175426,G1,T03,fermo_1m_H,1,static
3729498,1,0,1,0,75,0,100,0,25,31,17,11,4,4,3,3,3,0,0,100,29,7,5,3,3,3,12,1,1787455941.0175128,G1,T03,fermo_1m_H,1,static
3729698,1,0,1,0,75,0,100,0,18,23,17,4,6,6,4,5,3,0,0,100,29,7,5,3,3,3,12,1,1787455941.2179055,G1,T03,fermo_1m_H,1,static
3729898,1,0,1,0,75,0,100,0,18,24,8,5,6,5,5,5,3,0,0,100,28,7,5,3,3,3,12,1,1787455941.4178276,G1,T03,fermo_1m_H,1,static
3730098,1,0,1,0,75,0,100,0,16,27,10,12,6,5,5,5,3,0,0,100,27,7,5,3,3,3,11,1,1787455941.6177907,G1,T03,fermo_1m_H,1,static
3730298,1,0,1,0,75,0,100,0,15,16,11,5,5,5,4,5,3,0,0,100,26,7,5,3,3,3,12,1,1787455941.8176413,G1,T03,fermo_1m_H,1,static
3730498,1,0,1,0,75,0,100,0,17,28,18,6,7,4,3,5,3,0,0,100,25,7,5,3,3,3,12,1,1787455942.01758,G1,T03,fermo_1m_H,1,static
3730698,1,0,1,0,75,0,100,0,18,24,20,7,6,5,3,5,3,0,0,100,25,7,5,3,3,2,12,1,1787455942.2175927,G1,T03,fermo_1m_H,1,static
3730898,1,0,1,0,75,0,100,0,19,21,13,4,7,3,3,4,3,0,0,100,24,7,5,3,3,2,12,1,1787455942.4175475,G1,T03,fermo_1m_H,1,static
3731098,1,0,1,0,75,0,100,0,16,11,7,2,6,3,3,4,3,0,0,100,23,6,5,3,3,2,11,1,1787455942.6177003,G1,T03,fermo_1m_H,1,static
3731298,1,0,1,0,75,0,99,0,14,15,7,6,5,6,4,6,4,0,0,99,22,6,5,3,3,2,11,1,1787455942.8177676,G1,T03,fermo_1m_H,1,static
3731498,1,0,1,0,75,0,100,0,18,28,19,4,7,4,3,4,4,0,0,100,22,6,5,3,3,3,12,1,1787455943.0177076,G1,T03,fermo_1m_H,1,static
3731698,1,0,1,0,75,0,100,0,18,29,25,6,6,5,3,5,3,0,0,100,22,6,5,3,3,2,12,1,1787455943.2181597,G1,T03,fermo_1m_H,1,static
3731898,1,0,1,0,75,0,100,0,17,25,20,4,7,3,4,4,3,0,0,100,22,6,4,3,3,3,12,1,1787455943.4171188,G1,T03,fermo_1m_H,1,static
3732098,1,0,1,0,75,0,100,0,14,15,6,4,7,4,2,4,3,0,0,100,24,6,4,3,3,2,12,1,1787455943.617769,G1,T03,fermo_1m_H,1,static
3732298,1,0,1,0,75,0,100,0,17,14,5,3,5,6,4,4,3,0,0,100,24,6,4,3,3,2,11,1,1787455943.8172712,G1,T03,fermo_1m_H,1,static
3732498,1,0,1,0,75,0,100,0,27,28,13,3,5,4,4,5,3,0,0,100,25,6,4,3,3,2,11,1,1787455944.0180097,G1,T03,fermo_1m_H,1,static
3732698,1,0,1,0,75,0,100,0,17,21,15,2,4,6,3,4,3,0,0,100,26,6,4,3,3,2,12,1,1787455944.218133,G1,T03,fermo_1m_H,1,static
3732898,1,0,1,0,75,0,100,0,29,23,7,5,7,5,4,4,2,0,0,100,26,6,4,3,3,3,12,1,1787455944.4176948,G1,T03,fermo_1m_H,1,static
3733098,1,0,1,0,75,0,100,0,16,18,9,3,7,6,4,6,3,0,0,100,26,6,5,3,3,2,12,1,1787455944.617978,G1,T03,fermo_1m_H,1,static
3733298,1,0,1,0,75,0,100,0,21,22,11,1,5,5,3,5,3,0,0,100,27,6,5,3,3,2,12,1,1787455944.8174691,G1,T03,fermo_1m_H,1,static
3733498,1,0,1,0,75,0,100,0,15,10,6,2,5,5,4,4,3,0,0,100,26,6,5,3,3,3,12,1,1787455945.0171666,G1,T03,fermo_1m_H,1,static
3733698,1,0,1,0,75,0,100,0,16,34,16,2,6,6,4,5,3,0,0,100,26,6,5,3,3,3,11,1,1787455945.217526,G1,T03,fermo_1m_H,1,static
3733898,1,0,1,0,75,0,100,0,35,43,14,5,5,5,4,4,3,0,0,100,26,6,5,3,3,3,12,1,1787455945.4181755,G1,T03,fermo_1m_H,1,static
3734098,1,0,1,0,75,0,98,0,13,17,10,1,7,5,4,5,3,0,0,98,25,6,4,3,3,2,12,1,1787455945.617785,G1,T03,fermo_1m_H,1,static
3734298,1,0,1,0,75,0,99,0,13,17,13,2,5,7,4,5,4,0,0,99,24,6,5,3,3,2,12,1,1787455945.817935,G1,T03,fermo_1m_H,1,static
3734498,1,0,1,0,75,0,99,0,15,29,20,2,1,8,4,4,3,0,0,99,23,7,5,3,3,2,12,1,1787455946.0177684,G1,T03,fermo_1m_H,1,static
3734698,1,0,1,0,75,0,100,0,17,18,17,6,2,10,4,4,4,0,0,100,24,8,6,3,3,3,11,1,1787455946.2177453,G1,T03,fermo_1m_H,1,static
3734898,1,0,1,0,75,0,100,0,15,35,28,4,4,9,5,3,4,0,0,100,25,10,7,3,3,3,11,1,1787455946.4180741,G1,T03,fermo_1m_H,1,static
3735098,1,0,1,0,75,0,100,0,17,35,36,9,8,7,4,2,4,0,0,100,25,13,8,3,3,3,11,1,1787455946.6179814,G1,T03,fermo_1m_H,1,static
3735298,1,0,1,0,75,0,100,0,18,36,36,7,1,5,5,3,4,0,0,100,29,16,9,3,4,3,11,1,1787455946.8176122,G1,T03,fermo_1m_H,1,static
3735498,1,0,1,0,75,0,100,0,16,12,21,8,2,5,3,2,5,0,0,100,32,19,9,3,5,3,11,1,1787455947.0181842,G1,T03,fermo_1m_H,1,static
3735698,1,0,1,0,75,0,100,0,13,9,6,1,6,4,4,2,4,0,0,100,37,21,9,3,5,3,12,1,1787455947.218153,G1,T03,fermo_1m_H,1,static
3735898,1,0,1,0,75,0,100,0,19,13,17,10,4,4,4,1,4,0,0,100,39,23,10,3,6,3,11,1,1787455947.4182763,G1,T03,fermo_1m_H,1,static
3736098,1,0,1,0,75,0,100,0,16,48,37,10,1,5,3,2,3,0,0,100,40,25,10,3,6,3,11,1,1787455947.6181276,G1,T03,fermo_1m_H,1,static
3736298,1,0,1,0,75,0,100,0,18,18,24,12,5,8,4,4,5,0,0,100,43,26,11,3,7,3,12,1,1787455947.8178878,G1,T03,fermo_1m_H,1,static
3736498,1,0,1,0,75,0,100,0,16,16,20,5,8,9,3,5,4,0,0,100,44,27,11,3,7,3,11,1,1787455948.0181499,G1,T03,fermo_1m_H,1,static
3736698,1,1,1,108,75,51,100,0,16,51,49,7,5,6,4,6,3,0,0,100,45,29,11,3,7,3,12,1,1787455948.2179916,G1,T03,fermo_1m_H,1,static
3736898,1,0,1,0,124,0,100,0,20,11,10,2,8,7,4,6,2,0,0,100,47,30,11,3,8,3,12,1,1787455948.4182804,G1,T03,fermo_1m_H,1,static
3737098,1,0,1,0,124,0,100,0,23,10,5,5,8,7,3,5,3,0,0,100,46,31,11,3,8,3,11,1,1787455948.6185582,G1,T03,fermo_1m_H,1,static
3737298,1,0,1,0,124,0,100,0,13,11,9,1,6,7,3,6,3,0,0,100,48,33,11,3,8,3,11,1,1787455948.8178704,G1,T03,fermo_1m_H,1,static
3737498,1,0,1,0,124,0,100,0,18,9,11,4,5,6,4,6,3,0,0,100,48,34,11,4,9,3,12,1,1787455949.0179205,G1,T03,fermo_1m_H,1,static
3737698,1,0,1,0,124,0,100,0,15,21,24,1,4,5,4,6,3,0,0,100,48,36,12,4,9,3,12,1,1787455949.21836,G1,T03,fermo_1m_H,1,static
3737898,1,0,1,0,124,0,100,0,18,34,23,6,3,7,4,6,3,0,0,100,48,37,12,4,9,3,12,1,1787455949.4183028,G1,T03,fermo_1m_H,1,static
3738098,1,0,1,0,124,0,100,0,15,13,11,6,6,9,5,5,2,0,0,100,49,37,12,4,9,3,11,1,1787455949.618556,G1,T03,fermo_1m_H,1,static
3738298,1,0,1,0,124,0,100,0,17,26,26,10,7,7,5,5,3,0,0,100,51,38,12,4,9,3,11,1,1787455949.8181984,G1,T03,fermo_1m_H,1,static
3738498,1,0,1,0,124,0,100,0,20,27,20,4,6,7,5,5,4,0,0,100,53,38,12,4,10,3,11,1,1787455950.0185628,G1,T03,fermo_1m_H,1,static
3738698,1,0,1,0,124,0,100,0,22,20,30,7,4,8,4,5,3,0,0,100,52,37,12,4,9,3,12,1,1787455950.2182066,G1,T03,fermo_1m_H,1,static
3738898,1,0,1,0,124,0,100,0,21,24,8,6,5,8,4,6,4,0,0,100,53,36,11,4,9,3,12,1,1787455950.4179764,G1,T03,fermo_1m_H,1,static
3739098,1,0,1,0,124,0,100,0,17,9,14,6,6,8,4,5,3,0,0,100,51,34,10,4,9,3,12,1,1787455950.6182208,G1,T03,fermo_1m_H,1,static
3739298,1,0,1,0,124,0,100,0,16,12,5,4,7,8,4,5,3,0,0,100,46,31,10,4,8,3,12,1,1787455950.8184814,G1,T03,fermo_1m_H,1,static
3739498,1,0,1,0,124,0,100,0,17,12,4,5,8,8,3,5,3,0,0,100,43,30,10,3,8,3,12,1,1787455951.0180144,G1,T03,fermo_1m_H,1,static
3739698,1,0,1,0,124,0,100,0,20,22,18,7,8,6,4,6,4,0,0,100,38,28,10,3,7,3,11,1,1787455951.2184896,G1,T03,fermo_1m_H,1,static
3739898,1,0,1,0,124,0,100,0,17,21,20,6,6,5,4,5,3,0,0,100,36,27,10,3,7,3,11,1,1787455951.4184394,G1,T03,fermo_1m_H,1,static
3740098,1,0,1,0,124,0,100,0,15,9,4,7,4,7,4,6,3,0,0,100,35,26,9,3,6,3,11,1,1787455951.6175091,G1,T03,fermo_1m_H,1,static
3740298,1,0,1,0,124,0,100,0,20,23,8,6,5,7,4,5,3,0,0,100,33,26,9,4,6,3,12,1,1787455951.8183236,G1,T03,fermo_1m_H,1,static
3740498,1,0,1,0,124,0,100,0,15,11,7,8,6,7,3,5,3,0,0,100,33,26,9,4,5,3,12,1,1787455952.018013,G1,T03,fermo_1m_H,1,static
3740698,1,0,1,0,124,0,100,0,17,10,15,3,5,5,3,5,3,0,0,100,32,25,9,4,5,3,11,1,1787455952.218104,G1,T03,fermo_1m_H,1,static
3740898,1,0,1,0,124,0,100,0,22,21,5,1,5,2,3,5,3,0,0,100,31,25,9,4,5,3,12,1,1787455952.4183269,G1,T03,fermo_1m_H,1,static
3741098,1,0,1,0,124,0,100,0,19,26,9,5,7,3,3,4,3,0,0,100,31,24,9,4,4,3,12,1,1787455952.6182811,G1,T03,fermo_1m_H,1,static
3741298,1,0,1,0,124,0,100,0,19,12,5,3,6,5,3,5,3,0,0,100,30,24,9,4,4,3,12,1,1787455952.8180847,G1,T03,fermo_1m_H,1,static
3741498,1,0,1,0,124,0,100,0,15,16,9,4,6,5,3,4,2,0,0,100,31,23,10,4,4,3,12,1,1787455953.0183475,G1,T03,fermo_1m_H,1,static
3741698,1,0,1,0,124,0,100,0,17,30,20,3,3,6,4,5,3,0,0,100,30,22,9,4,3,3,12,1,1787455953.2185254,G1,T03,fermo_1m_H,1,static
3741898,1,0,1,0,124,0,100,0,34,36,9,1,3,4,2,5,2,0,0,100,29,21,9,4,3,3,11,1,1787455953.4184244,G1,T03,fermo_1m_H,1,static
3742098,1,0,1,0,124,0,100,0,16,23,15,4,2,7,4,5,3,0,0,100,29,21,9,4,3,3,11,1,1787455953.61843,G1,T03,fermo_1m_H,1,static
3742298,1,0,1,0,124,0,100,0,14,13,16,9,6,10,4,5,4,0,0,100,29,22,9,4,4,3,12,1,1787455953.8180814,G1,T03,fermo_1m_H,1,static
3742498,1,0,1,0,124,0,100,0,15,36,35,5,10,10,5,4,4,0,0,100,29,23,10,4,4,3,12,1,1787455954.0187235,G1,T03,fermo_1m_H,1,static
3742698,1,0,1,0,124,0,100,0,20,12,10,3,9,7,5,3,3,0,0,100,31,25,11,4,4,3,11,1,1787455954.2185953,G1,T03,fermo_1m_H,1,static
3742898,1,0,1,0,124,0,100,0,40,19,17,4,7,6,4,4,3,0,0,100,31,26,11,4,4,3,12,1,1787455954.4185047,G1,T03,fermo_1m_H,1,static
3743098,1,0,1,0,124,0,100,0,16,14,9,4,3,9,3,5,3,0,0,100,32,26,11,4,4,3,11,1,1787455954.6183445,G1,T03,fermo_1m_H,1,static
3743298,1,0,1,0,124,0,100,0,21,10,17,4,3,8,3,4,3,0,0,100,33,25,11,4,4,3,11,1,1787455954.8185885,G1,T03,fermo_1m_H,1,static
3743498,1,0,1,0,124,0,100,0,21,15,5,5,5,7,4,5,3,0,0,100,32,25,11,4,4,3,11,1,1787455955.0181475,G1,T03,fermo_1m_H,1,static
3743698,1,0,1,0,124,0,100,0,16,18,17,7,6,7,4,5,3,0,0,100,33,25,11,4,4,3,12,1,1787455955.218754,G1,T03,fermo_1m_H,1,static
3743898,1,0,1,0,124,0,100,0,23,16,13,5,6,5,3,5,3,0,0,100,32,25,11,4,4,3,12,1,1787455955.4185374,G1,T03,fermo_1m_H,1,static
3744098,1,0,1,0,124,0,100,0,24,19,12,5,8,4,3,4,3,0,0,100,33,26,12,4,4,3,12,1,1787455955.618539,G1,T03,fermo_1m_H,1,static
3744298,1,0,1,0,124,0,100,0,13,26,19,8,7,6,4,4,4,0,0,100,33,26,12,4,4,3,12,1,1787455955.8180456,G1,T03,fermo_1m_H,1,static
3744498,1,0,1,0,124,0,100,0,18,27,18,2,5,4,3,4,4,0,0,100,32,26,11,4,4,3,12,1,1787455956.0179682,G1,T03,fermo_1m_H,1,static
3744698,1,0,1,0,124,0,100,0,13,21,14,2,4,6,3,4,3,0,0,100,32,26,12,4,4,3,11,1,1787455956.2182577,G1,T03,fermo_1m_H,1,static
3744898,1,0,1,0,124,0,100,0,24,26,9,5,2,5,4,4,3,0,0,100,32,26,11,4,5,3,12,1,1787455956.4186084,G1,T03,fermo_1m_H,1,static
3745098,1,0,1,0,124,0,100,0,16,24,12,1,1,6,3,3,2,0,0,100,32,25,11,4,4,3,12,1,1787455956.618223,G1,T03,fermo_1m_H,1,static
3745298,1,0,1,0,124,0,100,0,17,15,22,8,7,11,4,5,4,0,0,100,32,25,11,4,5,3,12,1,1787455956.818816,G1,T03,fermo_1m_H,1,static
3745498,1,1,1,150,124,47,100,0,16,49,47,9,10,10,4,3,4,0,0,100,35,27,12,4,5,2,12,1,1787455957.0185351,G1,T03,fermo_1m_H,1,static
3745698,1,0,1,0,150,0,100,0,19,15,11,1,4,3,5,2,3,0,0,100,38,29,14,4,5,3,12,1,1787455957.218557,G1,T03,fermo_1m_H,1,static
3745898,1,0,1,0,150,0,100,0,21,25,17,5,2,1,5,1,3,0,0,100,40,32,15,4,6,3,12,1,1787455957.4188342,G1,T03,fermo_1m_H,1,static
3746098,1,0,1,0,150,0,100,0,14,12,9,1,2,3,4,1,3,0,0,100,42,35,16,4,6,2,12,1,1787455957.6183524,G1,T03,fermo_1m_H,1,static
3746298,1,0,1,0,150,0,100,0,15,16,14,3,5,4,4,2,3,0,0,100,43,37,17,4,6,2,12,1,1787455957.8187885,G1,T03,fermo_1m_H,1,static
3746498,1,0,1,0,150,0,100,0,19,20,17,3,6,5,4,2,3,0,0,100,42,36,16,4,6,2,11,1,1787455958.0185034,G1,T03,fermo_1m_H,1,static
3746698,1,1,1,150,150,46,100,0,17,46,46,9,9,6,3,3,3,0,0,100,40,35,16,4,6,2,12,1,1787455958.2190514,G1,T03,fermo_1m_H,1,static
3746898,1,0,1,0,150,0,100,0,21,12,16,5,9,6,3,5,3,0,0,100,40,33,15,4,6,2,12,1,1787455958.4178002,G1,T03,fermo_1m_H,1,static
3747098,1,0,1,0,150,0,100,0,18,10,12,6,3,6,3,4,2,0,0,100,40,34,15,4,6,2,12,1,1787455958.6175146,G1,T03,fermo_1m_H,1,static
3747298,1,0,1,0,150,0,100,0,14,14,10,9,1,6,4,5,2,0,0,100,40,35,15,4,7,2,11,1,1787455958.8181765,G1,T03,fermo_1m_H,1,static
3747498,1,0,1,0,150,0,100,0,15,10,11,7,2,7,4,4,2,0,0,100,41,35,15,4,7,2,11,1,1787455959.0185475,G1,T03,fermo_1m_H,1,static
3747698,1,0,1,0,150,0,100,0,19,24,26,10,1,4,4,6,2,0,0,100,43,36,15,4,7,2,12,1,1787455959.218988,G1,T03,fermo_1m_H,1,static
3747898,1,0,1,0,150,0,100,0,13,21,11,2,3,5,3,4,2,0,0,100,44,36,15,4,8,2,12,1,1787455959.4186006,G1,T03,fermo_1m_H,1,static
3748098,1,0,1,0,150,0,100,0,15,12,5,1,3,5,4,6,3,0,0,100,43,35,15,4,8,2,11,1,1787455959.6184998,G1,T03,fermo_1m_H,1,static
3748298,1,0,1,0,150,0,100,0,15,16,9,6,2,5,4,5,3,0,0,100,43,35,15,4,8,2,12,1,1787455959.8182847,G1,T03,fermo_1m_H,1,static
3748498,1,0,1,0,150,0,100,0,16,16,10,4,3,7,4,5,2,0,0,100,42,35,15,4,8,2,11,1,1787455960.0188293,G1,T03,fermo_1m_H,1,static
3748698,1,0,1,0,150,0,100,0,17,19,8,4,1,6,4,6,4,0,0,100,42,34,14,4,8,2,12,1,1787455960.2186632,G1,T03,fermo_1m_H,1,static
3748898,1,0,1,0,150,0,100,0,15,30,34,10,4,8,4,4,3,0,0,100,42,34,15,4,8,2,12,1,1787455960.4188688,G1,T03,fermo_1m_H,1,static
3749098,1,0,1,0,150,0,100,0,17,32,26,4,10,6,5,4,4,0,0,100,44,35,16,4,8,2,11,1,1787455960.6188934,G1,T03,fermo_1m_H,1,static
3749298,1,0,1,0,150,0,100,0,17,28,22,8,11,4,5,4,4,0,0,100,45,36,16,3,8,3,12,1,1787455960.8187737,G1,T03,fermo_1m_H,1,static
3749498,1,0,1,0,150,0,100,0,13,25,23,4,6,6,4,4,4,0,0,100,44,35,15,4,8,3,12,1,1787455961.0185058,G1,T03,fermo_1m_H,1,static
3749698,1,0,1,0,150,0,100,0,30,26,29,8,1,7,3,4,3,0,0,100,41,32,14,4,8,2,12,1,1787455961.2188656,G1,T03,fermo_1m_H,1,static
3749898,1,0,1,0,150,0,100,0,14,13,14,4,5,8,3,3,3,0,0,100,42,30,14,4,8,3,11,1,1787455961.4187915,G1,T03,fermo_1m_H,1,static
3750098,1,0,1,0,150,0,100,0,18,11,10,2,6,5,3,4,3,0,0,100,41,29,13,4,7,3,11,1,1787455961.6182735,G1,T03,fermo_1m_H,1,static
3750298,1,0,1,0,150,0,100,0,23,24,6,5,7,5,4,3,2,0,0,100,41,28,13,4,7,3,11,1,1787455961.8187048,G1,T03,fermo_1m_H,1,static
3750498,1,0,1,0,150,0,100,0,17,26,16,4,6,6,3,4,3,0,0,100,41,28,12,4,7,3,11,1,1787455962.018605,G1,T03,fermo_1m_H,1,static
3750698,1,0,1,0,150,0,100,0,33,34,18,7,5,7,4,3,3,0,0,100,42,28,12,4,7,3,12,1,1787455962.2186704,G1,T03,fermo_1m_H,1,static
3750898,1,0,1,0,150,0,100,0,17,14,4,5,7,4,5,4,3,0,0,100,43,30,13,4,7,3,12,1,1787455962.4185395,G1,T03,fermo_1m_H,1,static
3751098,1,0,1,0,150,0,100,0,19,36,21,9,8,3,4,4,4,0,0,100,46,30,13,4,7,3,11,1,1787455962.6185274,G1,T03,fermo_1m_H,1,static
3751298,1,0,1,0,95,0,100,0,17,34,29,5,3,6,5,6,4,0,0,100,47,31,14,4,7,3,12,1,1787455962.81876,G1,T03,fermo_1m_H,1,static
3751498,1,0,1,0,95,0,100,0,14,26,14,5,3,5,4,5,5,0,0,100,49,32,14,4,7,3,11,1,1787455963.018041,G1,T03,fermo_1m_H,1,static
3751698,1,0,1,0,95,0,100,0,27,30,11,4,2,6,3,5,4,0,0,100,49,32,15,4,7,3,12,1,1787455963.2181618,G1,T03,fermo_1m_H,1,static
3751898,1,0,1,0,95,0,100,0,16,14,9,2,1,6,4,5,4,0,0,100,50,32,15,4,7,3,12,1,1787455963.4184983,G1,T03,fermo_1m_H,1,static
3752098,1,0,1,0,95,0,100,0,15,28,13,6,3,5,4,5,4,0,0,100,50,32,15,4,7,3,11,1,1787455963.6180289,G1,T03,fermo_1m_H,1,static
3752298,1,0,1,0,95,0,100,0,15,29,22,8,4,5,4,5,5,0,0,100,50,32,16,4,7,3,11,1,1787455963.8182259,G1,T03,fermo_1m_H,1,static
3752498,1,0,1,0,95,0,100,0,16,26,26,6,6,8,5,2,4,0,0,100,52,34,17,4,7,3,12,1,1787455964.0189528,G1,T03,fermo_1m_H,1,static
3752698,1,0,1,0,95,0,100,0,19,25,18,8,7,7,4,1,3,0,0,100,53,36,18,4,7,3,12,1,1787455964.218843,G1,T03,fermo_1m_H,1,static
3752898,1,0,1,0,95,0,100,0,19,28,25,6,3,6,5,1,3,0,0,100,55,37,19,4,8,3,11,1,1787455964.418954,G1,T03,fermo_1m_H,1,static
3753098,1,0,1,0,95,0,100,0,15,22,19,4,1,7,5,1,3,0,0,100,55,36,19,4,9,3,12,1,1787455964.6180787,G1,T03,fermo_1m_H,1,static
3753298,1,0,1,0,95,0,100,0,17,32,23,7,2,6,6,1,3,0,0,100,55,34,18,5,10,3,11,1,1787455964.8188515,G1,T03,fermo_1m_H,1,static
3753498,1,0,1,0,95,0,100,0,15,16,22,8,6,5,6,1,3,0,0,100,54,34,18,5,10,3,12,1,1787455965.0181274,G1,T03,fermo_1m_H,1,static
3753698,1,0,1,0,95,0,100,0,13,17,23,4,6,3,5,1,3,0,0,100,53,35,19,5,10,3,12,1,1787455965.2183008,G1,T03,fermo_1m_H,1,static
3753898,1,0,1,0,95,0,100,0,17,16,18,2,6,2,3,2,4,0,0,100,51,35,19,5,10,3,12,1,1787455965.4189599,G1,T03,fermo_1m_H,1,static
3754098,1,0,1,0,95,0,100,0,18,13,7,3,8,1,4,3,3,0,0,100,49,35,19,5,10,3,11,1,1787455965.6181097,G1,T03,fermo_1m_H,1,static
3754298,1,0,1,0,95,0,100,0,14,12,1,4,7,1,4,4,4,0,0,100,47,35,19,5,10,3,11,1,1787455965.8187761,G1,T03,fermo_1m_H,1,static
3754498,1,0,1,0,95,0,100,0,19,20,21,3,4,1,5,4,4,0,0,100,46,35,19,5,11,3,11,1,1787455966.0190175,G1,T03,fermo_1m_H,1,static
3754698,1,0,1,0,95,0,100,0,16,13,9,2,4,3,3,5,3,0,0,100,44,36,20,5,11,3,12,1,1787455966.2188406,G1,T03,fermo_1m_H,1,static
3754898,1,0,1,0,95,0,100,0,16,13,7,2,3,3,3,4,5,0,0,100,42,35,19,5,11,3,12,1,1787455966.418916,G1,T03,fermo_1m_H,1,static
3755098,1,0,1,0,95,0,100,0,13,7,7,3,2,2,4,3,3,0,0,100,37,34,19,5,11,3,12,1,1787455966.6187751,G1,T03,fermo_1m_H,1,static
3755298,1,0,1,0,95,0,100,0,16,23,18,6,2,1,4,3,4,0,0,100,35,33,18,5,10,3,12,1,1787455966.8189685,G1,T03,fermo_1m_H,1,static
3755498,1,0,1,0,95,0,100,0,13,13,14,11,5,3,4,3,5,0,0,100,33,31,18,5,10,3,12,1,1787455967.0191636,G1,T03,fermo_1m_H,1,static
3755698,1,0,1,0,95,0,100,0,14,38,38,6,9,10,6,1,4,0,0,100,33,31,18,5,10,3,12,1,1787455967.2190716,G1,T03,fermo_1m_H,1,static
3755898,1,1,1,150,95,42,100,0,19,45,42,6,2,9,5,2,3,0,0,100,34,31,19,5,10,3,12,1,1787455967.4189,G1,T03,fermo_1m_H,1,static
3756098,1,0,1,0,150,0,100,0,17,30,36,7,4,3,4,3,4,0,0,100,36,31,20,6,11,3,12,1,1787455967.6190126,G1,T03,fermo_1m_H,1,static
3756298,1,0,1,0,117,0,100,0,23,42,37,9,7,4,5,4,4,0,0,100,40,30,20,6,11,3,12,1,1787455967.8188276,G1,T03,fermo_1m_H,1,static
3756498,1,0,1,0,117,0,100,0,27,20,20,8,8,5,5,5,5,0,0,100,42,29,20,6,12,3,12,1,1787455968.0186071,G1,T03,fermo_1m_H,1,static
3756698,1,0,1,0,117,0,100,0,17,35,30,3,6,3,4,4,4,0,0,100,44,28,20,5,12,3,12,1,1787455968.2190478,G1,T03,fermo_1m_H,1,static
3756898,1,1,1,150,117,41,100,0,20,45,41,7,3,3,4,3,4,0,0,100,43,27,20,5,12,3,12,1,1787455968.4194689,G1,T03,fermo_1m_H,1,static
3757098,1,0,1,0,101,0,100,0,17,48,40,8,3,6,6,2,4,0,0,100,43,28,20,5,11,3,11,1,1787455968.6191006,G1,T03,fermo_1m_H,1,static
3757298,1,1,1,129,120,45,100,0,16,34,45,8,7,8,6,1,4,0,0,100,44,29,21,6,11,3,12,1,1787455968.8191464,G1,T03,fermo_1m_H,1,static
3757498,1,0,1,0,129,0,100,0,13,22,23,6,8,6,5,1,3,0,0,100,46,29,21,6,10,3,12,1,1787455969.0185204,G1,T03,fermo_1m_H,1,static
3757698,1,0,1,0,129,0,100,0,21,18,13,8,9,4,4,2,3,0,0,100,48,28,21,5,11,3,12,1,1787455969.218577,G1,T03,fermo_1m_H,1,static
3757898,1,0,1,0,129,0,100,0,16,12,16,3,7,1,3,3,3,0,0,100,50,28,20,5,11,3,12,1,1787455969.4191399,G1,T03,fermo_1m_H,1,static
3758098,1,0,1,0,129,0,100,0,13,28,27,6,3,1,4,4,3,0,0,100,52,28,20,6,12,3,12,1,1787455969.6179957,G1,T03,fermo_1m_H,1,static
3758298,1,0,1,0,129,0,100,0,15,10,4,4,4,3,4,4,3,0,0,100,55,29,20,6,12,4,12,1,1787455969.8186412,G1,T03,fermo_1m_H,1,static
3758498,1,0,1,0,129,0,100,0,14,30,31,2,4,2,4,3,3,0,0,100,55,28,20,6,12,4,12,1,1787455970.0192595,G1,T03,fermo_1m_H,1,static
3758698,1,0,1,0,129,0,100,0,14,26,34,8,10,6,5,1,4,0,0,100,56,26,19,6,12,4,12,1,1787455970.2188454,G1,T03,fermo_1m_H,1,static
3758898,1,0,1,0,129,0,100,0,16,42,37,5,1,8,6,1,4,0,0,100,57,26,21,6,12,4,12,1,1787455970.4186347,G1,T03,fermo_1m_H,1,static
3759098,1,1,1,101,129,53,100,0,21,53,48,11,5,3,4,3,3,0,0,100,60,26,22,6,13,4,12,1,1787455970.6197193,G1,T03,fermo_1m_H,1,static
3759298,1,1,1,114,115,61,100,0,17,60,61,7,9,5,4,4,5,0,0,100,64,26,22,6,14,4,11,1,1787455970.819499,G1,T03,fermo_1m_H,1,static
3759498,1,0,1,0,114,0,100,0,18,12,13,10,3,6,6,5,4,0,0,100,66,28,23,6,14,4,12,1,1787455971.01909,G1,T03,fermo_1m_H,1,static
3759698,1,1,1,129,114,52,100,0,13,40,52,11,3,7,5,6,4,0,0,100,70,29,24,6,15,4,12,1,1787455971.218785,G1,T03,fermo_1m_H,1,static
3759898,1,0,1,0,129,0,100,0,18,14,28,9,5,4,5,6,2,0,0,100,73,29,24,6,15,4,12,1,1787455971.4187682,G1,T03,fermo_1m_H,1,static
3760098,1,0,1,0,129,0,100,0,15,18,11,8,6,3,4,5,4,0,0,100,74,29,23,6,15,4,12,1,1787455971.6193612,G1,T03,fermo_1m_H,1,static
3760298,1,0,1,0,129,0,100,0,25,23,18,6,5,5,4,6,3,0,0,100,73,28,23,6,15,4,12,1,1787455971.819155,G1,T03,fermo_1m_H,1,static
3760498,1,0,1,0,129,0,100,0,14,15,16,8,6,4,4,7,4,0,0,100,74,27,22,6,15,4,12,1,1787455972.0185902,G1,T03,fermo_1m_H,1,static
3760698,1,1,1,150,129,44,100,0,17,46,44,9,8,5,5,5,4,0,0,100,75,26,22,6,14,4,12,1,1787455972.2191033,G1,T03,fermo_1m_H,1,static
3760898,1,1,1,104,106,100,100,0,15,100,93,14,6,3,4,3,3,0,0,100,78,27,22,6,14,4,12,1,1787455972.419813,G1,T03,fermo_1m_H,1,static
3761098,1,1,1,121,99,42,100,0,22,37,42,6,2,7,4,3,3,0,0,100,81,28,23,6,14,4,12,1,1787455972.6194038,G1,T03,fermo_1m_H,1,static
3761298,1,0,1,0,121,0,100,0,16,35,38,9,3,6,5,1,3,0,0,100,82,28,24,5,15,4,11,1,1787455972.8192842,G1,T03,fermo_1m_H,1,static
3761498,1,1,1,125,100,42,100,0,16,35,42,6,6,3,4,2,3,0,0,100,85,27,23,5,15,4,12,1,1787455973.0187268,G1,T03,fermo_1m_H,1,static
3761698,1,0,1,0,125,0,100,0,18,25,24,7,10,4,3,4,4,0,0,100,87,28,23,5,16,4,12,1,1787455973.2191799,G1,T03,fermo_1m_H,1,static
3761898,1,0,1,0,125,0,100,0,18,13,15,5,7,5,3,4,3,0,0,100,89,30,24,5,16,4,11,1,1787455973.418735,G1,T03,fermo_1m_H,1,static
3762098,1,0,1,0,125,0,100,0,15,10,13,5,7,6,5,5,4,0,0,100,92,30,25,5,17,4,12,1,1787455973.6185465,G1,T03,fermo_1m_H,1,static
3762298,1,0,1,0,125,0,100,0,17,25,22,4,6,6,4,5,3,0,0,100,94,31,25,5,17,3,11,1,1787455973.8191338,G1,T03,fermo_1m_H,1,static
3762498,1,0,1,0,125,0,100,0,19,14,6,6,6,8,5,6,3,0,0,100,98,33,26,5,18,4,12,1,1787455974.019191,G1,T03,fermo_1m_H,1,static
3762698,1,0,1,0,125,0,100,0,16,16,16,4,6,6,4,5,4,0,0,100,99,35,26,5,18,4,12,1,1787455974.219147,G1,T03,fermo_1m_H,1,static
3762898,1,0,1,0,125,0,100,0,15,35,36,9,12,5,4,4,3,0,0,100,100,34,25,5,18,4,12,1,1787455974.4188116,G1,T03,fermo_1m_H,1,static
3763098,1,0,1,0,125,0,100,0,19,39,32,9,8,9,6,3,3,0,0,100,100,36,26,5,18,4,11,1,1787455974.6186717,G1,T03,fermo_1m_H,1,static
3763298,1,0,1,0,125,0,100,0,20,38,26,7,7,8,5,1,3,0,0,100,100,38,26,5,18,3,11,1,1787455974.8189135,G1,T03,fermo_1m_H,1,static
3763498,1,0,1,0,125,0,100,0,19,33,35,8,2,7,5,2,5,0,0,100,100,38,26,5,17,3,11,1,1787455975.019415,G1,T03,fermo_1m_H,1,static
3763698,1,1,1,150,98,49,100,0,17,50,49,8,5,5,4,3,5,0,0,100,100,37,25,5,16,4,11,1,1787455975.218693,G1,T03,fermo_1m_H,1,static
3763898,1,0,1,0,150,0,100,0,17,20,20,8,3,3,4,4,5,0,0,100,96,38,25,5,16,4,11,1,1787455975.4193506,G1,T03,fermo_1m_H,1,static
3764098,1,0,1,0,150,0,100,0,21,37,39,5,3,3,4,2,3,0,0,100,92,38,24,5,16,4,11,1,1787455975.6189122,G1,T03,fermo_1m_H,1,static
3764298,1,1,1,150,98,41,100,0,13,49,41,7,9,9,5,1,3,0,0,100,92,39,24,5,16,4,11,1,1787455975.8191073,G1,T03,fermo_1m_H,1,static
3764498,1,0,1,0,150,0,100,0,15,14,15,3,8,10,6,1,4,0,0,100,89,40,25,5,15,4,11,1,1787455976.0194674,G1,T03,fermo_1m_H,1,static
3764698,1,0,1,0,150,0,100,0,15,42,31,10,4,6,5,1,4,0,0,100,86,41,26,5,15,4,11,1,1787455976.2186472,G1,T03,fermo_1m_H,1,static
3764898,1,0,1,0,150,0,100,0,19,26,37,3,1,1,3,4,3,0,0,100,84,40,25,5,16,4,11,1,1787455976.4189875,G1,T03,fermo_1m_H,1,static
3765098,1,0,1,0,150,0,100,0,15,25,23,4,5,3,3,4,3,0,0,100,81,39,23,5,16,4,11,1,1787455976.619359,G1,T03,fermo_1m_H,1,static
3765298,1,0,1,0,150,0,100,0,22,15,8,2,7,3,4,5,3,0,0,100,78,40,22,5,16,4,11,1,1787455976.8192732,G1,T03,fermo_1m_H,1,static
3765498,1,0,1,0,150,0,100,0,18,19,13,6,7,6,5,5,4,0,0,100,75,41,22,5,16,4,11,1,1787455977.0185673,G1,T03,fermo_1m_H,1,static
3765698,1,0,1,0,150,0,100,0,20,38,29,8,10,7,4,6,3,0,0,100,74,40,21,5,15,4,11,1,1787455977.2190206,G1,T03,fermo_1m_H,1,static
3765898,1,0,1,0,150,0,100,0,13,10,2,5,5,8,4,5,4,0,0,100,72,39,21,4,14,4,11,1,1787455977.418591,G1,T03,fermo_1m_H,1,static
3766098,1,0,1,0,150,0,100,0,17,18,11,6,5,8,5,5,3,0,0,100,69,38,20,4,14,4,11,1,1787455977.618898,G1,T03,fermo_1m_H,1,static
3766298,1,0,1,0,150,0,100,0,17,14,8,3,5,7,4,5,3,0,0,100,66,36,19,4,13,4,11,1,1787455977.8193579,G1,T03,fermo_1m_H,1,static
3766498,1,0,1,0,150,0,100,0,15,12,8,5,5,7,5,6,3,0,0,100,64,34,18,4,13,4,11,1,1787455978.0192113,G1,T03,fermo_1m_H,1,static
3766698,1,0,1,0,150,0,100,0,20,33,27,7,7,8,5,5,3,0,0,100,63,32,17,4,12,4,11,1,1787455978.21922,G1,T03,fermo_1m_H,1,static
3766898,1,1,1,102,150,56,100,0,24,56,51,12,9,9,7,3,3,0,0,100,62,33,18,4,12,4,11,1,1787455978.4192822,G1,T03,fermo_1m_H,1,static
3767098,1,0,1,0,100,0,100,0,14,31,33,2,6,7,7,2,3,0,0,100,58,33,18,4,12,4,11,1,1787455978.6191213,G1,T03,fermo_1m_H,1,static
3767298,1,0,1,0,100,0,100,0,21,40,29,4,2,11,4,2,3,0,0,100,55,32,17,4,12,4,11,1,1787455978.819563,G1,T03,fermo_1m_H,1,static
3767498,1,0,1,0,100,0,100,0,17,17,14,4,4,9,5,2,3,0,0,100,52,31,17,4,12,4,11,1,1787455979.0191302,G1,T03,fermo_1m_H,1,static
3767698,1,0,1,0,100,0,100,0,16,38,23,7,2,6,5,1,4,0,0,100,52,31,17,4,12,4,11,1,1787455979.2192862,G1,T03,fermo_1m_H,1,static
3767898,1,0,1,0,100,0,100,0,15,8,13,5,6,4,5,2,3,0,0,100,51,31,17,4,12,4,11,1,1787455979.4189503,G1,T03,fermo_1m_H,1,static
3768098,1,0,1,0,100,0,100,0,21,19,15,3,8,4,3,3,3,0,0,100,50,32,17,5,12,4,11,1,1787455979.618731,G1,T03,fermo_1m_H,1,static
3768298,1,0,1,0,100,0,100,0,16,30,29,3,4,7,2,3,4,0,0,100,48,31,17,5,12,4,11,1,1787455979.8191786,G1,T03,fermo_1m_H,1,static
3768498,1,0,1,0,100,0,100,0,15,9,11,8,7,7,3,4,4,0,0,100,47,31,17,6,12,4,11,1,1787455980.0186188,G1,T03,fermo_1m_H,1,static
3768698,1,0,1,0,100,0,100,0,18,15,11,9,9,5,3,3,3,0,0,100,47,32,17,6,11,4,11,1,1787455980.2192047,G1,T03,fermo_1m_H,1,static
3768898,1,0,1,0,100,0,100,0,13,14,2,6,9,4,4,5,5,0,0,100,47,34,17,6,11,3,12,1,1787455980.4193058,G1,T03,fermo_1m_H,1,static
3769098,1,0,1,0,100,0,100,0,16,9,13,3,7,4,3,4,3,0,0,100,46,35,17,6,11,3,12,1,1787455980.6194646,G1,T03,fermo_1m_H,1,static
3769298,1,0,1,0,100,0,100,0,24,16,14,2,9,6,3,4,2,0,0,100,46,35,17,6,10,3,12,1,1787455980.819129,G1,T03,fermo_1m_H,1,static
3769498,1,0,1,0,100,0,100,0,17,13,6,4,5,4,4,5,5,0,0,100,45,36,18,6,10,4,11,1,1787455981.0193567,G1,T03,fermo_1m_H,1,static
3769698,1,0,1,0,100,0,100,0,14,9,7,4,5,5,3,4,3,0,0,100,45,36,18,6,9,4,12,1,1787455981.2193038,G1,T03,fermo_1m_H,1,static
3769898,1,0,1,0,100,0,100,0,16,15,5,5,3,5,4,4,4,0,0,100,44,36,18,6,9,4,11,1,1787455981.419131,G1,T03,fermo_1m_H,1,static
3770098,1,0,1,0,100,0,100,0,16,22,17,4,5,4,4,4,4,0,0,100,44,36,18,6,8,3,12,1,1787455981.619088,G1,T03,fermo_1m_H,1,static
3770298,1,0,1,0,100,0,100,0,16,17,6,4,5,7,4,4,3,0,0,100,44,37,18,6,8,3,12,1,1787455981.8190312,G1,T03,fermo_1m_H,1,static
3770498,1,0,1,0,100,0,100,0,19,10,5,8,1,5,4,4,3,0,0,100,44,38,18,6,8,3,11,1,1787455982.0190282,G1,T03,fermo_1m_H,1,static
3770698,1,0,1,0,100,0,100,0,15,11,9,3,1,5,4,5,4,0,0,100,43,39,18,6,8,3,12,1,1787455982.2190883,G1,T03,fermo_1m_H,1,static
3770898,1,0,1,0,100,0,100,0,26,32,14,5,1,5,3,3,3,0,0,100,41,37,17,6,8,3,11,1,1787455982.4194708,G1,T03,fermo_1m_H,1,static
3771098,1,0,1,0,100,0,100,0,15,20,20,3,3,5,4,4,3,0,0,100,40,36,16,5,7,3,12,1,1787455982.6187744,G1,T03,fermo_1m_H,1,static
3771298,1,0,1,0,100,0,100,0,20,29,11,5,1,6,5,5,3,0,0,100,39,35,15,5,7,3,12,1,1787455982.8194602,G1,T03,fermo_1m_H,1,static
3771498,1,0,1,0,100,0,100,0,19,12,6,7,4,5,4,4,4,0,0,100,39,34,15,5,6,3,11,1,1787455983.0190516,G1,T03,fermo_1m_H,1,static
3771698,1,0,1,0,100,0,100,0,16,13,7,2,3,5,5,4,3,0,0,100,37,33,14,5,6,3,12,1,1787455983.2194493,G1,T03,fermo_1m_H,1,static
3771898,1,0,1,0,100,0,100,0,16,24,11,4,5,5,5,4,4,0,0,100,36,32,13,5,6,3,11,1,1787455983.4195287,G1,T03,fermo_1m_H,1,static
3772098,1,0,1,0,100,0,100,0,22,23,19,3,3,5,4,4,3,0,0,100,35,31,12,4,5,3,12,1,1787455983.6191468,G1,T03,fermo_1m_H,1,static
3772298,1,0,1,0,100,0,100,0,19,30,10,7,5,4,4,5,3,0,0,100,35,30,11,4,5,3,12,1,1787455983.8195992,G1,T03,fermo_1m_H,1,static
3772498,1,0,1,0,100,0,100,0,14,10,3,6,5,4,3,3,3,0,0,100,34,29,10,3,5,3,11,1,1787455984.0194588,G1,T03,fermo_1m_H,1,static
3772698,1,0,1,0,100,0,100,0,19,16,8,2,5,6,4,4,3,0,0,100,31,27,9,3,5,3,12,1,1787455984.2194505,G1,T03,fermo_1m_H,1,static
3772898,1,0,1,0,100,0,100,0,15,13,7,5,6,4,4,4,4,0,0,100,30,25,9,3,5,3,12,1,1787455984.4191616,G1,T03,fermo_1m_H,1,static
3773098,1,0,1,0,100,0,100,0,19,23,15,6,2,6,4,4,2,0,0,100,28,24,8,3,5,3,12,1,1787455984.6192687,G1,T03,fermo_1m_H,1,static
3773298,1,0,1,0,100,0,100,0,21,25,5,9,6,4,4,3,3,0,0,100,27,22,8,3,4,3,12,1,1787455984.8197067,G1,T03,fermo_1m_H,1,static
3773498,1,0,1,0,100,0,100,0,20,15,10,2,3,6,4,4,3,0,0,100,25,21,7,3,4,3,11,1,1787455985.0194566,G1,T03,fermo_1m_H,1,static
3773698,1,0,1,0,100,0,100,0,19,24,9,3,6,5,4,4,4,0,0,100,22,19,6,2,4,3,12,1,1787455985.2194405,G1,T03,fermo_1m_H,1,static
3773898,1,0,1,0,100,0,100,0,16,11,12,3,4,5,4,4,3,0,0,100,20,17,5,2,4,3,12,1,1787455985.4191382,G1,T03,fermo_1m_H,1,static
3774098,1,0,1,0,100,0,100,0,22,17,11,5,2,6,4,4,2,0,0,100,19,16,5,2,4,3,12,1,1787455985.619043,G1,T03,fermo_1m_H,1,static
3774298,1,0,1,0,100,0,100,0,13,11,8,6,5,5,4,3,3,0,0,100,18,15,5,2,3,3,12,1,1787455985.8195765,G1,T03,fermo_1m_H,1,static
3774498,1,0,1,0,100,0,100,0,16,11,8,2,2,6,6,5,4,0,0,100,16,13,4,3,3,3,11,1,1787455986.0191758,G1,T03,fermo_1m_H,1,static
3774698,1,0,1,0,100,0,99,0,26,36,17,4,6,3,4,4,3,0,0,99,14,12,4,3,3,3,12,1,1787455986.2194078,G1,T03,fermo_1m_H,1,static
3774898,1,0,1,0,100,0,98,0,20,21,24,3,4,4,5,5,3,0,0,98,14,11,4,3,3,3,12,1,1787455986.4185996,G1,T03,fermo_1m_H,1,static
3775098,1,0,1,0,100,0,95,0,18,24,9,5,3,5,4,4,3,0,0,95,13,11,4,3,3,3,12,1,1787455986.6193223,G1,T03,fermo_1m_H,1,static
3775298,1,0,1,0,100,0,86,0,17,12,9,3,4,5,3,4,3,0,0,86,13,10,3,3,3,3,12,1,1787455986.8192575,G1,T03,fermo_1m_H,1,static
3775498,1,0,1,0,100,0,84,0,13,14,8,1,3,6,5,4,3,0,0,84,12,10,3,3,3,2,11,1,1787455987.0191529,G1,T03,fermo_1m_H,1,static
3775698,1,0,1,0,100,0,84,0,20,18,11,5,5,4,4,3,3,0,0,84,12,9,3,3,3,3,12,1,1787455987.2194178,G1,T03,fermo_1m_H,1,static
3775898,1,0,1,0,100,0,86,0,19,29,19,2,2,5,4,4,3,0,0,86,13,9,3,3,3,3,12,1,1787455987.419274,G1,T03,fermo_1m_H,1,static
3776098,1,0,1,0,100,0,82,0,15,28,14,8,3,5,4,4,3,0,0,82,12,9,3,3,3,3,12,1,1787455987.6192741,G1,T03,fermo_1m_H,1,static
3776298,1,0,1,0,100,0,76,0,17,12,5,4,2,6,4,4,3,0,0,76,12,9,3,3,3,3,12,1,1787455987.8190455,G1,T03,fermo_1m_H,1,static
3776498,1,0,1,0,100,0,75,0,17,23,6,5,5,5,4,4,3,0,0,75,12,9,3,3,3,3,11,1,1787455988.0192297,G1,T03,fermo_1m_H,1,static
3776698,1,0,1,0,100,0,75,0,18,11,7,8,6,4,4,3,2,0,0,75,12,9,3,3,3,3,12,1,1787455988.2191248,G1,T03,fermo_1m_H,1,static
3776898,1,0,1,0,100,0,80,0,20,16,9,6,3,5,4,4,3,0,0,80,12,9,3,3,3,3,12,1,1787455988.419014,G1,T03,fermo_1m_H,1,static
3777098,1,0,1,0,100,0,78,0,17,23,12,3,8,4,4,4,3,0,0,78,13,9,3,3,3,3,12,1,1787455988.619423,G1,T03,fermo_1m_H,1,static
3777298,1,0,1,0,100,0,76,0,16,16,13,6,4,4,6,4,3,0,0,76,12,9,3,3,3,3,12,1,1787455988.8189175,G1,T03,fermo_1m_H,1,static
3777498,1,0,1,0,100,0,80,0,20,33,22,5,7,2,5,4,4,0,0,80,12,9,3,3,3,2,12,1,1787455989.0192814,G1,T03,fermo_1m_H,1,static
3777698,1,0,1,0,100,0,82,0,15,30,21,4,3,4,5,4,3,0,0,82,12,9,4,3,3,2,12,1,1787455989.2190313,G1,T03,fermo_1m_H,1,static
3777898,1,0,1,0,100,0,83,0,24,22,10,2,3,5,4,4,3,0,0,83,12,9,4,3,3,2,12,1,1787455989.4193585,G1,T03,fermo_1m_H,1,static
3778098,1,0,1,0,100,0,81,0,17,8,5,2,6,3,4,4,3,0,0,81,13,9,4,3,3,2,12,1,1787455989.6193535,G1,T03,fermo_1m_H,1,static
3778298,1,0,1,0,100,0,79,0,23,13,8,8,4,4,6,4,4,0,0,79,12,9,4,3,3,2,12,1,1787455989.818796,G1,T03,fermo_1m_H,1,static
3778498,1,0,1,0,100,0,83,0,15,25,15,5,6,3,5,4,4,0,0,83,12,10,4,3,3,2,12,1,1787455990.0195878,G1,T03,fermo_1m_H,1,static
3778698,1,0,1,0,100,0,84,0,17,31,27,5,1,4,5,5,3,0,0,84,13,10,4,3,3,2,12,1,1787455990.219382,G1,T03,fermo_1m_H,1,static
3778898,1,0,1,0,100,0,86,0,28,44,19,3,5,5,5,4,3,0,0,86,13,10,4,3,3,2,12,1,1787455990.4193764,G1,T03,fermo_1m_H,1,static
3779098,1,0,1,0,100,0,84,0,18,11,13,2,7,4,4,4,3,0,0,84,13,9,4,3,3,3,12,1,1787455990.61938,G1,T03,fermo_1m_H,1,static
3779298,1,0,1,0,100,0,87,0,13,14,8,4,5,3,5,4,2,0,0,87,13,9,4,3,3,3,12,1,1787455990.8188891,G1,T03,fermo_1m_H,1,static
3779498,1,0,1,0,100,0,85,0,18,14,10,3,5,3,5,3,3,0,0,85,13,9,4,2,3,3,12,1,1787455991.0187168,G1,T03,fermo_1m_H,1,static
3779698,1,0,1,0,100,0,87,0,22,17,13,4,4,2,5,5,3,0,0,87,13,9,4,2,3,3,12,1,1787455991.2193627,G1,T03,fermo_1m_H,1,static
3779898,1,0,1,0,100,0,87,0,15,38,14,3,5,3,4,4,3,0,0,87,14,9,4,2,3,3,12,1,1787455991.4194834,G1,T03,fermo_1m_H,1,static
3780098,1,0,1,0,100,0,89,0,13,19,19,3,3,2,4,5,4,0,0,89,15,9,4,2,3,3,11,1,1787455991.6193814,G1,T03,fermo_1m_H,1,static
3780298,1,0,1,0,100,0,96,0,17,30,10,6,3,3,5,5,3,0,0,96,15,9,4,2,3,3,12,1,1787455991.8184674,G1,T03,fermo_1m_H,1,static
3780498,1,0,1,0,100,0,99,0,21,16,4,5,1,3,5,5,3,0,0,99,16,9,4,2,3,2,11,1,1787455992.019243,G1,T03,fermo_1m_H,1,static
3780698,1,0,1,0,100,0,100,0,20,34,27,7,4,3,4,5,2,0,0,100,18,8,4,2,3,2,12,1,1787455992.2195928,G1,T03,fermo_1m_H,1,static
3780898,1,0,1,0,100,0,100,0,18,22,13,4,4,5,5,4,3,0,0,100,18,9,4,3,3,2,12,1,1787455992.4195476,G1,T03,fermo_1m_H,1,static
3781098,1,0,1,0,100,0,100,0,14,9,2,2,4,5,4,4,3,0,0,100,18,8,4,3,3,2,11,1,1787455992.619552,G1,T03,fermo_1m_H,1,static
3781298,1,0,1,0,100,0,100,0,16,12,6,1,2,4,3,4,3,0,0,100,19,8,4,3,3,3,12,1,1787455992.8193645,G1,T03,fermo_1m_H,1,static
3781498,1,0,1,0,100,0,100,0,15,8,9,1,1,4,4,5,3,0,0,100,19,8,4,3,3,3,11,1,1787455993.0187967,G1,T03,fermo_1m_H,1,static
3781698,1,0,1,0,100,0,100,0,21,35,20,2,2,4,5,4,2,0,0,100,19,8,4,3,3,3,12,1,1787455993.2195017,G1,T03,fermo_1m_H,1,static
3781898,1,0,1,0,100,0,100,0,16,30,15,3,3,4,5,5,2,0,0,100,20,8,4,3,3,3,12,1,1787455993.4195323,G1,T03,fermo_1m_H,1,static
3782098,1,0,1,0,100,0,100,0,15,12,4,2,4,4,5,5,3,0,0,100,20,8,4,3,3,3,11,1,1787455993.6188815,G1,T03,fermo_1m_H,1,static
3782298,1,0,1,0,100,0,100,0,19,16,9,3,5,3,4,5,2,0,0,100,20,8,4,3,3,3,12,1,1787455993.8196719,G1,T03,fermo_1m_H,1,static
3782498,1,0,1,0,100,0,100,0,17,13,10,2,4,4,6,5,3,0,0,100,20,7,4,3,3,3,12,1,1787455994.019568,G1,T03,fermo_1m_H,1,static
3782698,1,0,1,0,100,0,100,0,15,26,16,3,2,5,5,5,2,0,0,100,20,7,4,3,3,3,12,1,1787455994.2197976,G1,T03,fermo_1m_H,1,static
3782898,1,0,1,0,100,0,100,0,20,23,10,2,6,3,5,5,3,0,0,100,20,7,4,3,3,3,12,1,1787455994.4197402,G1,T03,fermo_1m_H,1,static
3783098,1,0,1,0,100,0,100,0,16,12,9,5,4,4,4,4,2,0,0,100,19,7,4,3,3,3,12,1,1787455994.619585,G1,T03,fermo_1m_H,1,static
3783298,1,0,1,0,100,0,100,0,19,31,10,2,7,2,6,5,3,0,0,100,20,7,4,3,3,3,12,1,1787455994.8198183,G1,T03,fermo_1m_H,1,static
3783498,1,0,1,0,100,0,100,0,13,19,16,2,7,2,5,6,3,0,0,100,20,7,4,3,3,3,11,1,1787455995.019414,G1,T03,fermo_1m_H,1,static
3783698,1,0,1,0,100,0,100,0,20,21,18,4,6,2,5,6,3,0,0,100,21,7,4,3,3,3,12,1,1787455995.2196984,G1,T03,fermo_1m_H,1,static
3783898,1,0,1,0,100,0,100,0,17,12,5,3,7,3,6,6,3,0,0,100,21,7,5,3,4,3,12,1,1787455995.4196908,G1,T03,fermo_1m_H,1,static
3784098,1,0,1,0,100,0,100,0,16,16,8,2,5,2,4,4,3,0,0,100,21,7,5,3,3,3,11,1,1787455995.6196976,G1,T03,fermo_1m_H,1,static
3784298,1,0,1,0,100,0,100,0,16,25,17,1,7,2,4,5,4,0,0,100,20,8,5,3,3,3,12,1,1787455995.8194838,G1,T03,fermo_1m_H,1,static
3784498,1,0,1,0,100,0,100,0,13,17,9,1,7,2,5,4,3,0,0,100,19,7,5,3,3,3,11,1,1787455996.01982,G1,T03,fermo_1m_H,1,static
3784698,1,0,1,0,100,0,100,0,28,24,13,5,4,3,4,4,3,0,0,100,19,8,5,3,3,3,12,1,1787455996.2191672,G1,T03,fermo_1m_H,1,static
3784898,1,0,1,0,100,0,100,0,18,21,11,3,7,3,6,5,3,0,0,100,18,8,5,3,3,3,12,1,1787455996.419775,G1,T03,fermo_1m_H,1,static
3785098,1,0,1,0,100,0,100,0,17,17,12,2,5,4,4,4,3,0,0,100,17,7,5,3,3,3,12,1,1787455996.6199572,G1,T03,fermo_1m_H,1,static
3785298,1,0,1,0,100,0,100,0,18,27,16,1,5,3,6,5,2,0,0,100,16,7,5,3,3,3,12,1,1787455996.8184776,G1,T03,fermo_1m_H,1,static
3785498,1,0,1,0,100,0,100,0,17,25,11,1,4,3,5,5,3,0,0,100,16,7,5,3,3,3,12,1,1787455997.0196586,G1,T03,fermo_1m_H,1,static
3785698,1,0,1,0,100,0,100,0,19,24,15,6,2,4,4,4,3,0,0,100,16,7,5,3,3,3,12,1,1787455997.2198153,G1,T03,fermo_1m_H,1,static
3785898,1,0,1,0,100,0,100,0,16,27,29,12,5,1,4,2,3,0,0,100,18,7,5,3,4,3,12,1,1787455997.41987,G1,T03,fermo_1m_H,1,static
3786098,1,0,1,0,100,0,100,0,17,22,31,9,9,5,5,1,2,0,0,100,23,8,6,3,4,3,12,1,1787455997.6195772,G1,T03,fermo_1m_H,1,static
3786298,1,0,1,0,100,0,100,0,18,45,38,4,10,8,5,1,3,0,0,100,29,10,7,3,5,3,12,1,1787455997.820138,G1,T03,fermo_1m_H,1,static
3786498,1,0,1,0,100,0,100,0,16,10,12,2,4,8,5,1,3,0,0,100,34,12,8,3,6,3,12,1,1787455998.0198493,G1,T03,fermo_1m_H,1,static
3786698,1,0,1,0,100,0,100,0,18,26,18,3,5,8,6,1,4,0,0,100,39,13,10,3,6,3,12,1,1787455998.2196991,G1,T03,fermo_1m_H,1,static
3786898,1,0,1,0,100,0,100,0,18,13,7,2,5,4,6,1,2,0,0,100,42,15,11,3,7,3,12,1,1787455998.419976,G1,T03,fermo_1m_H,1,static
3787098,1,0,1,0,100,0,100,0,16,21,21,7,9,1,5,1,3,0,0,100,43,16,12,3,8,3,12,1,1787455998.6197515,G1,T03,fermo_1m_H,1,static
3787298,1,0,1,0,100,0,100,0,16,15,28,5,7,3,5,2,2,0,0,100,43,18,12,3,8,3,12,1,1787455998.8200223,G1,T03,fermo_1m_H,1,static
3787498,1,0,1,0,100,0,100,0,14,33,35,8,9,1,4,3,3,0,0,100,44,20,13,4,8,3,12,1,1787455999.0197158,G1,T03,fermo_1m_H,1,static
3787698,1,0,1,0,100,0,100,0,23,12,8,10,5,1,5,4,2,0,0,100,44,21,14,3,9,3,12,1,1787455999.2198277,G1,T03,fermo_1m_H,1,static
3787898,1,0,1,0,100,0,100,0,22,16,6,5,3,1,5,5,3,0,0,100,45,21,14,3,9,3,12,1,1787455999.4200094,G1,T03,fermo_1m_H,1,static
3788098,1,0,1,0,100,0,100,0,18,19,7,7,4,1,6,5,3,0,0,100,46,22,15,3,9,2,12,1,1787455999.620068,G1,T03,fermo_1m_H,1,static
3788298,1,0,1,0,100,0,100,0,16,26,22,4,7,2,6,4,2,0,0,100,47,23,15,3,10,2,11,1,1787455999.8198802,G1,T03,fermo_1m_H,1,static
3788498,1,0,1,0,100,0,100,0,18,16,9,2,6,2,6,5,3,0,0,100,49,23,15,3,10,2,12,1,1787456000.0200565,G1,T03,fermo_1m_H,1,static
3788698,1,0,1,0,100,0,100,0,25,25,7,3,6,1,4,4,3,0,0,100,50,22,15,3,11,2,11,1,1787456000.2201588,G1,T03,fermo_1m_H,1,static
3788898,1,0,1,0,100,0,100,0,15,16,11,2,6,1,6,4,3,0,0,100,52,23,15,3,11,2,11,1,1787456000.4197805,G1,T03,fermo_1m_H,1,static
3789098,1,0,1,0,100,0,100,0,13,18,15,1,6,1,6,4,3,0,0,100,53,23,15,3,11,2,12,1,1787456000.619581,G1,T03,fermo_1m_H,1,static
3789298,1,0,1,0,100,0,100,0,19,24,22,3,9,3,5,4,1,0,0,100,55,23,15,3,11,2,12,1,1787456000.8201542,G1,T03,fermo_1m_H,1,static
3789498,1,0,1,0,100,0,100,0,18,28,17,2,4,2,5,5,3,0,0,100,56,24,16,3,11,2,12,1,1787456001.0200965,G1,T03,fermo_1m_H,1,static
3789698,1,0,1,0,100,0,100,0,19,13,8,2,3,2,5,5,3,0,0,100,56,24,15,3,11,2,11,1,1787456001.2196212,G1,T03,fermo_1m_H,1,static
3789898,1,0,1,0,100,0,100,0,16,19,9,1,3,2,6,5,2,0,0,100,54,24,15,3,11,2,12,1,1787456001.4193506,G1,T03,fermo_1m_H,1,static
3790098,1,0,1,0,100,0,100,0,17,14,2,1,3,1,6,4,2,0,0,100,50,23,15,3,10,2,11,1,1787456001.6196694,G1,T03,fermo_1m_H,1,static
3790298,1,0,1,0,100,0,100,0,15,20,16,5,5,2,6,6,4,0,0,100,45,21,14,3,10,2,12,1,1787456001.8203468,G1,T03,fermo_1m_H,1,static
3790498,1,0,1,0,100,0,100,0,14,17,10,5,7,3,6,6,3,0,0,100,42,20,12,3,9,2,12,1,1787456002.0200198,G1,T03,fermo_1m_H,1,static
3790698,1,0,1,0,100,0,100,0,18,14,12,8,8,6,5,6,3,0,0,100,39,19,12,3,9,2,11,1,1787456002.2198863,G1,T03,fermo_1m_H,1,static
3790898,1,0,1,0,100,0,100,0,13,37,28,7,1,7,5,6,3,0,0,100,37,19,11,3,8,2,12,1,1787456002.4201806,G1,T03,fermo_1m_H,1,static
3791098,1,0,1,0,100,0,100,0,13,43,35,4,1,6,4,7,3,0,0,100,36,19,12,3,8,3,11,1,1787456002.6195955,G1,T03,fermo_1m_H,1,static
3791298,1,0,1,0,100,0,100,0,18,38,34,9,3,6,5,7,3,0,0,100,37,19,12,4,9,3,12,1,1787456002.8196058,G1,T03,fermo_1m_H,1,static
3791498,1,0,1,0,100,0,100,0,17,21,17,14,10,6,6,7,2,0,0,100,42,19,12,4,9,3,11,1,1787456003.0202825,G1,T03,fermo_1m_H,1,static
3791698,1,1,1,90,80,85,100,0,19,85,58,12,5,2,6,7,2,0,0,100,47,20,12,4,8,3,12,1,1787456003.219594,G1,T03,fermo_1m_H,1,static
3791898,1,0,1,0,90,0,100,0,19,25,24,2,2,3,6,6,2,0,0,100,52,21,12,5,8,4,11,1,1787456003.4202454,G1,T03,fermo_1m_H,1,static
3792098,1,0,1,0,90,0,100,0,14,10,11,8,2,5,6,7,2,0,0,100,54,21,12,5,8,4,12,1,1787456003.6201248,G1,T03,fermo_1m_H,1,static
3792298,1,0,1,0,90,0,100,0,14,24,12,8,5,6,5,7,2,0,0,100,54,22,12,6,8,4,11,1,1787456003.819974,G1,T03,fermo_1m_H,1,static
3792498,1,0,1,0,90,0,100,0,18,22,20,7,7,6,5,8,3,0,0,100,53,22,12,6,7,4,11,1,1787456004.0200179,G1,T03,fermo_1m_H,1,static
3792698,1,1,1,103,87,65,100,0,23,65,60,12,10,7,6,6,3,0,0,100,54,24,13,6,7,4,12,1,1787456004.2205982,G1,T03,fermo_1m_H,1,static
3792898,1,1,1,120,126,63,100,0,18,57,63,11,10,8,7,4,3,0,0,100,59,26,14,6,7,4,12,1,1787456004.420678,G1,T03,fermo_1m_H,1,static
3793098,1,1,1,104,107,78,100,0,19,78,72,12,8,3,8,3,4,0,0,100,66,31,16,7,8,4,11,1,1787456004.6206207,G1,T03,fermo_1m_H,1,static
3793298,1,1,1,101,103,65,100,0,23,65,58,10,2,4,7,2,4,0,0,100,74,34,17,8,8,5,11,1,1787456004.8203769,G1,T03,fermo_1m_H,1,static
3793498,1,0,1,0,101,0,100,0,14,13,8,2,2,5,7,3,5,0,0,100,81,37,17,9,9,5,12,1,1787456005.0202568,G1,T03,fermo_1m_H,1,static
3793698,1,0,1,0,101,0,100,0,17,34,26,9,1,4,7,1,4,0,0,100,88,40,17,9,9,5,11,1,1787456005.2197084,G1,T03,fermo_1m_H,1,static
3793898,1,0,1,0,101,0,100,0,17,34,33,7,3,1,6,2,4,0,0,100,94,43,19,10,10,5,12,1,1787456005.4200518,G1,T03,fermo_1m_H,1,static
3794098,1,1,1,109,101,57,100,0,14,57,55,10,7,4,5,3,3,0,0,100,98,46,20,10,10,5,12,1,1787456005.620781,G1,T03,fermo_1m_H,1,static
3794298,1,1,1,125,118,51,100,0,15,42,51,6,9,6,4,5,3,0,0,100,100,47,21,10,10,5,11,1,1787456005.820523,G1,T03,fermo_1m_H,1,static
3794498,1,1,1,118,121,50,100,0,17,46,50,8,8,6,3,7,4,0,0,100,100,48,21,11,10,5,11,1,1787456006.0201778,G1,T03,fermo_1m_H,1,static
3794698,1,0,1,0,118,0,100,0,14,22,30,6,8,6,3,7,3,0,0,100,100,48,21,11,11,5,12,1,1787456006.2204385,G1,T03,fermo_1m_H,1,static
3794898,1,0,1,0,118,0,100,0,17,18,9,7,2,6,4,6,3,0,0,100,100,49,20,11,11,5,11,1,1787456006.4198194,G1,T03,fermo_1m_H,1,static
3795098,1,0,1,0,118,0,100,0,14,12,8,5,2,5,4,7,3,0,0,100,100,49,19,12,11,5,12,1,1787456006.6204002,G1,T03,fermo_1m_H,1,static
3795298,1,0,1,0,118,0,100,0,16,31,25,4,3,6,5,6,2,0,0,100,100,50,19,11,11,5,11,1,1787456006.8199902,G1,T03,fermo_1m_H,1,static
3795498,1,0,1,0,118,0,100,0,16,17,6,4,4,6,5,7,2,0,0,100,99,50,19,11,11,5,11,1,1787456007.0204668,G1,T03,fermo_1m_H,1,static
3795698,1,0,1,0,118,0,100,0,19,22,12,4,6,7,4,7,2,0,0,100,94,50,19,11,11,5,12,1,1787456007.2205288,G1,T03,fermo_1m_H,1,static
3795898,1,0,1,0,118,0,100,0,16,16,4,3,1,5,4,7,2,0,0,100,91,49,18,11,11,5,11,1,1787456007.4199932,G1,T03,fermo_1m_H,1,static
3796098,1,0,1,0,118,0,100,0,16,17,12,1,3,5,4,7,3,0,0,100,88,49,18,11,11,5,11,1,1787456007.620675,G1,T03,fermo_1m_H,1,static
3796298,1,0,1,0,118,0,100,0,18,43,27,2,4,5,4,7,3,0,0,100,88,49,18,11,11,5,11,1,1787456007.8205163,G1,T03,fermo_1m_H,1,static
3796498,1,0,1,0,118,0,100,0,13,45,16,4,5,7,4,7,3,0,0,100,88,49,18,11,11,5,12,1,1787456008.0205276,G1,T03,fermo_1m_H,1,static
3796698,1,0,1,0,118,0,100,0,24,14,6,2,3,5,5,7,3,0,0,100,86,48,17,11,11,5,11,1,1787456008.2203603,G1,T03,fermo_1m_H,1,static
3796898,1,0,1,0,118,0,100,0,15,22,9,1,3,5,4,6,3,0,0,100,80,46,16,10,11,5,11,1,1787456008.420512,G1,T03,fermo_1m_H,1,static
3797098,1,0,1,0,118,0,100,0,15,9,7,6,6,6,4,6,3,0,0,100,73,43,14,10,10,5,11,1,1787456008.6204453,G1,T03,fermo_1m_H,1,static
3797298,1,0,1,0,118,0,100,0,19,16,19,12,8,6,6,6,1,0,0,100,67,40,14,9,9,4,12,1,1787456008.820541,G1,T03,fermo_1m_H,1,static
3797498,1,1,1,89,118,73,100,0,18,73,48,8,8,3,6,5,1,0,0,100,64,39,14,9,9,4,12,1,1787456009.0203981,G1,T03,fermo_1m_H,1,static
3797698,1,1,1,87,94,54,100,0,26,54,40,9,8,2,8,5,3,0,0,100,62,38,15,9,8,4,12,1,1787456009.2204406,G1,T03,fermo_1m_H,1,static
3797898,1,0,1,0,87,0,100,0,20,37,29,4,6,4,9,5,3,0,0,100,59,37,16,9,8,5,11,1,1787456009.4198375,G1,T03,fermo_1m_H,1,static
3798098,1,0,1,0,87,0,100,0,17,20,13,5,2,5,8,5,4,0,0,100,58,37,16,9,8,5,12,1,1787456009.6204808,G1,T03,fermo_1m_H,1,static
3798298,1,0,1,0,87,0,100,0,16,18,10,6,4,5,9,6,4,0,0,100,58,38,16,9,7,5,11,1,1787456009.8198187,G1,T03,fermo_1m_H,1,static
3798498,1,0,1,0,87,0,100,0,17,19,17,5,4,3,7,5,3,0,0,100,59,38,17,9,7,5,11,1,1787456010.020046,G1,T03,fermo_1m_H,1,static
