timestamp_ms,radar_presence,moving_target,stationary_target,moving_distance_cm,stationary_distance_cm,moving_energy,stationary_energy,pir_presence,menergy_gate0,menergy_gate1,menergy_gate2,menergy_gate3,menergy_gate4,menergy_gate5,menergy_gate6,menergy_gate7,menergy_gate8,senergy_gate0,senergy_gate1,senergy_gate2,senergy_gate3,senergy_gate4,senergy_gate5,senergy_gate6,senergy_gate7,senergy_gate8,light_level,out_level,pc_time_s,group_id,trial_id,scenario,ground_truth_presence,ground_truth_state
3096098,1,1,1,90,91,100,100,1,98,100,100,18,5,10,6,4,11,0,0,100,100,100,47,34,47,44,11,1,1787455309.4361916,G1,T01,fermo_1m_H,1,static
3096298,1,1,1,81,83,100,100,1,38,100,100,24,8,4,6,4,7,0,0,100,100,100,49,36,46,45,11,1,1787455309.437198,G1,T01,fermo_1m_H,1,static
3096498,1,1,1,82,82,100,100,1,77,100,100,32,24,13,8,4,2,0,0,100,100,100,52,38,45,45,11,1,1787455309.437198,G1,T01,fermo_1m_H,1,static
3096698,1,1,1,89,90,100,100,1,14,100,100,12,8,8,1,8,9,0,0,100,100,100,57,41,45,46,11,1,1787455309.4381962,G1,T01,fermo_1m_H,1,static
3096898,1,1,1,86,84,100,100,1,100,100,100,37,10,3,7,8,9,0,0,100,100,100,62,43,45,46,11,1,1787455309.4391959,G1,T01,fermo_1m_H,1,static
3097098,1,1,1,87,64,100,100,1,100,100,100,25,21,10,8,8,3,0,0,100,100,100,65,45,44,46,11,1,1787455309.4391959,G1,T01,fermo_1m_H,1,static
3097298,1,1,1,91,83,100,100,1,57,100,100,51,18,15,9,4,5,0,0,100,100,100,64,45,44,46,11,1,1787455309.4401956,G1,T01,fermo_1m_H,1,static
3097498,1,1,1,93,89,100,100,1,95,100,100,27,13,9,7,9,6,0,0,100,100,100,64,45,44,46,11,1,1787455309.4401956,G1,T01,fermo_1m_H,1,static
3097698,1,1,1,94,84,100,100,1,77,100,100,63,17,5,3,6,8,0,0,100,100,100,64,47,44,46,11,1,1787455309.4411957,G1,T01,fermo_1m_H,1,static
3097898,1,1,1,95,95,100,100,1,100,100,100,79,20,8,9,8,9,0,0,100,100,100,69,51,45,47,11,1,1787455309.4411957,G1,T01,fermo_1m_H,1,static
3098098,1,1,1,98,93,100,100,1,100,100,100,61,5,12,9,6,7,0,0,100,100,100,68,53,44,47,11,1,1787455309.59808,G1,T01,fermo_1m_H,1,static
3098298,1,1,1,75,81,100,100,1,100,100,100,44,14,3,5,3,4,0,0,100,100,100,66,53,44,46,11,1,1787455309.7984502,G1,T01,fermo_1m_H,1,static
3098498,1,1,1,101,130,100,100,1,58,100,100,49,13,10,5,5,8,0,0,100,100,100,69,55,45,45,11,1,1787455309.9985359,G1,T01,fermo_1m_H,1,static
3098698,1,1,1,89,82,100,100,1,34,100,100,34,12,5,5,5,9,0,0,100,100,100,71,56,43,43,11,1,1787455310.1980178,G1,T01,fermo_1m_H,1,static
3098898,1,1,1,90,111,100,100,1,65,100,100,19,9,8,8,6,8,0,0,100,100,98,72,56,40,39,11,1,1787455310.3979163,G1,T01,fermo_1m_H,1,static
3099098,1,1,1,131,90,100,100,1,24,84,100,27,8,6,5,9,5,0,0,100,100,98,70,54,34,36,11,1,1787455310.5983553,G1,T01,fermo_1m_H,1,static
3099298,1,1,1,95,96,100,100,1,99,100,100,21,19,8,2,5,3,0,0,100,100,100,71,53,31,35,11,1,1787455310.7979665,G1,T01,fermo_1m_H,1,static
3099498,1,1,1,96,94,100,100,1,41,100,100,8,14,6,12,7,5,0,0,100,100,98,72,54,30,35,11,1,1787455310.998441,G1,T01,fermo_1m_H,1,static
3099698,1,1,1,100,94,100,100,1,17,100,100,49,12,5,5,1,6,0,0,100,100,100,73,55,30,34,11,1,1787455311.1982155,G1,T01,fermo_1m_H,1,static
3099898,1,1,1,94,82,100,100,1,59,100,100,34,12,7,9,11,7,0,0,100,100,100,75,57,31,34,11,1,1787455311.398226,G1,T01,fermo_1m_H,1,static
3100098,1,1,1,144,94,43,100,1,39,23,43,15,2,9,3,8,8,0,0,100,100,100,77,60,34,35,11,1,1787455311.5981443,G1,T01,fermo_1m_H,1,static
3100298,1,1,1,94,80,100,100,1,100,100,100,40,8,2,8,9,6,0,0,100,100,100,75,59,38,37,11,1,1787455311.7987156,G1,T01,fermo_1m_H,1,static
3100498,1,1,1,77,77,100,100,1,42,100,60,24,13,4,2,8,6,0,0,100,100,100,74,58,41,40,11,1,1787455311.9983158,G1,T01,fermo_1m_H,1,static
3100698,1,1,1,82,86,100,100,1,92,100,100,11,8,9,2,2,8,0,0,100,100,100,74,56,43,40,11,1,1787455312.1972833,G1,T01,fermo_1m_H,1,static
3100898,1,1,1,75,72,100,100,1,100,100,100,50,15,9,9,11,6,0,0,100,100,98,69,55,43,40,11,1,1787455312.3985996,G1,T01,fermo_1m_H,1,static
3101098,1,1,1,119,127,100,100,1,24,100,100,20,10,9,8,4,10,0,0,100,100,98,68,53,44,40,11,1,1787455312.5980096,G1,T01,fermo_1m_H,1,static
3101298,1,1,1,101,103,100,100,1,50,100,100,53,5,4,5,4,6,0,0,100,100,96,66,53,44,42,11,1,1787455312.7985458,G1,T01,fermo_1m_H,1,static
3101498,1,1,1,89,101,100,100,1,57,100,84,6,10,3,6,5,8,0,0,100,100,98,66,53,44,43,11,1,1787455312.9983575,G1,T01,fermo_1m_H,1,static
3101698,1,1,1,73,66,100,100,1,100,100,100,40,19,8,4,11,5,0,0,100,100,98,66,53,45,43,11,1,1787455313.1986449,G1,T01,fermo_1m_H,1,static
3101898,1,1,1,91,85,100,100,1,45,100,100,50,12,5,5,9,2,0,0,100,100,100,63,51,45,42,11,1,1787455313.3986733,G1,T01,fermo_1m_H,1,static
3102098,1,1,1,97,82,100,100,1,100,100,100,38,6,4,9,6,6,0,0,100,100,100,61,47,45,43,11,1,1787455313.5984488,G1,T01,fermo_1m_H,1,static
3102298,1,1,1,67,68,100,100,1,100,100,100,44,7,10,10,6,9,0,0,100,100,100,62,46,44,43,11,1,1787455313.79869,G1,T01,fermo_1m_H,1,static
3102498,1,0,1,0,79,0,100,1,22,48,16,15,17,15,5,7,1,0,0,100,100,100,59,44,44,43,11,1,1787455313.9979587,G1,T01,fermo_1m_H,1,static
3102698,1,1,1,75,77,100,100,1,100,100,100,18,8,10,4,7,2,0,0,100,100,98,57,42,43,42,11,1,1787455314.1984072,G1,T01,fermo_1m_H,1,static
3102898,1,1,1,76,77,100,100,1,100,100,100,22,10,8,10,10,4,0,0,100,100,100,58,41,43,41,12,1,1787455314.3984218,G1,T01,fermo_1m_H,1,static
3103098,1,1,1,75,84,100,100,1,100,100,100,23,10,9,4,3,4,0,0,100,100,96,58,42,44,39,12,1,1787455314.598603,G1,T01,fermo_1m_H,1,static
3103298,1,1,1,84,76,100,100,1,100,100,100,70,11,11,6,9,3,0,0,100,100,97,59,43,43,38,12,1,1787455314.7988372,G1,T01,fermo_1m_H,1,static
3103498,1,1,1,94,111,100,100,1,17,100,100,23,20,8,1,5,5,0,0,100,100,98,58,41,43,38,12,1,1787455314.9981463,G1,T01,fermo_1m_H,1,static
3103698,1,1,1,102,131,100,100,1,44,100,100,29,5,4,11,7,2,0,0,100,100,95,55,41,43,38,12,1,1787455315.1980872,G1,T01,fermo_1m_H,1,static
3103898,1,1,1,90,88,100,100,1,40,100,100,60,12,13,1,4,4,0,0,100,100,92,54,37,41,37,12,1,1787455315.3982384,G1,T01,fermo_1m_H,1,static
3104098,1,1,1,91,87,100,100,1,32,100,100,15,17,11,2,1,3,0,0,100,100,90,54,35,37,34,12,1,1787455315.5986612,G1,T01,fermo_1m_H,1,static
3104298,1,1,1,89,99,100,100,1,79,100,100,16,12,11,4,8,1,0,0,100,100,93,57,34,32,31,12,1,1787455315.7987566,G1,T01,fermo_1m_H,1,static
3104498,1,1,1,101,130,100,100,1,40,100,100,23,16,7,10,5,5,0,0,100,100,98,59,33,29,29,12,1,1787455315.9986174,G1,T01,fermo_1m_H,1,static
3104698,1,1,1,95,89,100,100,1,31,100,100,13,5,4,3,6,5,0,0,100,100,100,59,32,27,29,12,1,1787455316.1974244,G1,T01,fermo_1m_H,1,static
3104898,1,1,1,111,124,100,100,1,38,100,100,33,5,4,5,7,6,0,0,100,100,100,61,32,28,29,11,1,1787455316.3980823,G1,T01,fermo_1m_H,1,static
3105098,1,1,1,93,84,100,100,1,14,100,92,7,9,13,12,2,1,0,0,100,100,100,62,33,28,27,12,1,1787455316.597899,G1,T01,fermo_1m_H,1,static
3105298,1,1,1,87,152,100,100,1,52,100,100,26,13,9,5,6,7,0,0,100,100,100,65,33,27,26,12,1,1787455316.7985787,G1,T01,fermo_1m_H,1,static
3105498,1,1,1,80,73,100,100,1,70,100,98,19,9,8,5,4,7,0,0,100,100,100,68,33,26,25,12,1,1787455316.9984593,G1,T01,fermo_1m_H,1,static
3105698,1,1,1,91,67,100,100,1,40,100,100,21,8,7,6,8,9,0,0,100,100,100,69,32,26,25,11,1,1787455317.1984444,G1,T01,fermo_1m_H,1,static
3105898,1,1,1,100,123,100,100,1,30,100,100,27,14,7,7,8,7,0,0,100,100,100,69,31,25,26,12,1,1787455317.3989766,G1,T01,fermo_1m_H,1,static
3106098,1,1,1,86,105,100,100,1,62,100,100,21,5,5,6,9,4,0,0,100,100,100,70,32,25,25,11,1,1787455317.5986633,G1,T01,fermo_1m_H,1,static
3106298,1,0,1,0,136,0,100,1,18,20,26,14,8,11,4,6,1,0,0,100,100,100,71,31,25,24,12,1,1787455317.7975004,G1,T01,fermo_1m_H,1,static
3106498,1,1,1,103,95,100,100,1,31,100,100,20,10,5,6,3,1,0,0,100,100,100,70,32,24,24,12,1,1787455317.9984522,G1,T01,fermo_1m_H,1,static
3106698,1,1,1,80,117,84,100,1,20,84,36,3,9,11,5,2,5,0,0,100,100,98,70,32,23,24,12,1,1787455318.198545,G1,T01,fermo_1m_H,1,static
3106898,1,1,1,148,63,76,100,1,16,28,76,24,11,6,7,5,3,0,0,100,100,99,68,31,22,24,12,1,1787455318.3978746,G1,T01,fermo_1m_H,1,static
3107098,1,1,1,118,128,100,100,1,15,93,100,6,12,6,3,4,2,0,0,100,100,100,71,31,22,25,11,1,1787455318.5986426,G1,T01,fermo_1m_H,1,static
3107298,1,1,1,108,84,96,100,1,58,96,94,25,9,3,6,3,1,0,0,100,100,100,72,31,22,25,12,1,1787455318.7979274,G1,T01,fermo_1m_H,1,static
3107498,1,1,1,96,140,100,100,1,26,100,100,26,10,4,2,8,5,0,0,100,100,100,72,31,23,24,12,1,1787455318.9987364,G1,T01,fermo_1m_H,1,static
3107698,1,1,1,110,73,100,100,1,16,100,100,16,10,7,1,9,3,0,0,100,100,100,73,30,23,24,12,1,1787455319.199142,G1,T01,fermo_1m_H,1,static
3107898,1,1,1,130,78,100,100,1,14,90,100,22,6,10,9,5,3,0,0,100,100,100,73,32,25,23,12,1,1787455319.3987527,G1,T01,fermo_1m_H,1,static
3108098,1,1,1,109,120,100,100,1,26,100,100,28,9,4,5,7,2,0,0,100,100,100,72,32,24,23,11,1,1787455319.598685,G1,T01,fermo_1m_H,1,static
3108298,1,1,1,92,114,100,100,1,49,100,100,18,2,7,7,3,3,0,0,100,100,99,70,32,24,23,12,1,1787455319.7978745,G1,T01,fermo_1m_H,1,static
3108498,1,1,1,93,95,100,100,1,27,100,100,21,11,9,6,5,3,0,0,100,100,92,66,32,24,22,12,1,1787455319.9988182,G1,T01,fermo_1m_H,1,static
3108698,1,0,1,0,97,0,100,1,15,43,38,2,7,10,6,10,6,0,0,100,100,87,62,30,24,21,12,1,1787455320.198262,G1,T01,fermo_1m_H,1,static
3108898,1,1,1,96,101,100,100,1,45,100,100,10,11,9,11,9,7,0,0,100,100,88,63,29,25,23,12,1,1787455320.3984168,G1,T01,fermo_1m_H,1,static
3109098,1,1,1,116,122,100,100,1,24,100,100,18,7,6,2,3,8,0,0,100,100,90,61,29,27,24,11,1,1787455320.5989976,G1,T01,fermo_1m_H,1,static
3109298,1,1,1,113,111,100,100,1,24,100,100,35,13,9,4,3,3,0,0,100,100,91,60,27,28,25,11,1,1787455320.7989883,G1,T01,fermo_1m_H,1,static
3109498,1,1,1,120,109,67,100,1,20,62,67,21,18,9,9,1,6,0,0,100,100,88,56,27,29,25,12,1,1787455320.998992,G1,T01,fermo_1m_H,1,static
3109698,1,1,1,92,98,100,100,1,56,100,100,18,6,10,8,2,8,0,0,100,100,86,56,28,29,24,11,1,1787455321.1982856,G1,T01,fermo_1m_H,1,static
3109898,1,0,1,0,123,0,100,1,17,32,34,2,10,4,2,8,6,0,0,100,100,85,54,28,27,23,12,1,1787455321.3983119,G1,T01,fermo_1m_H,1,static
3110098,1,1,1,106,104,100,100,1,27,100,100,22,8,5,7,10,1,0,0,100,100,83,54,27,27,23,12,1,1787455321.5986698,G1,T01,fermo_1m_H,1,static
3110298,1,1,1,128,138,70,100,0,13,57,70,20,8,10,9,6,3,0,0,100,100,79,53,27,27,23,11,1,1787455321.7985163,G1,T01,fermo_1m_H,1,static
3110498,1,0,1,0,86,0,100,0,23,48,37,12,9,5,3,6,3,0,0,100,100,79,55,27,26,22,12,1,1787455321.998353,G1,T01,fermo_1m_H,1,static
3110698,1,1,1,73,86,74,100,0,26,74,20,7,4,4,1,4,4,0,0,100,100,81,56,27,26,21,12,1,1787455322.1970437,G1,T01,fermo_1m_H,1,static
3110898,1,1,1,94,79,62,100,0,24,62,51,12,7,8,1,8,5,0,0,100,100,80,56,27,27,20,11,1,1787455322.3978865,G1,T01,fermo_1m_H,1,static
3111098,1,1,1,83,85,55,100,0,25,55,37,18,9,3,6,6,4,0,0,100,100,80,53,26,27,20,11,1,1787455322.597862,G1,T01,fermo_1m_H,1,static
3111298,1,1,1,121,156,67,100,0,19,59,67,14,10,10,7,4,2,0,0,100,100,73,51,27,26,20,12,1,1787455322.7987614,G1,T01,fermo_1m_H,1,static
3111498,1,1,1,90,114,100,100,0,37,100,95,16,8,10,11,6,2,0,0,100,100,74,55,28,26,20,12,1,1787455322.9987805,G1,T01,fermo_1m_H,1,static
3111698,1,1,1,116,96,79,100,0,16,76,79,16,13,10,5,7,2,0,0,100,100,75,58,30,25,20,12,1,1787455323.1987376,G1,T01,fermo_1m_H,1,static
3111898,1,1,1,95,101,100,100,0,39,100,100,24,4,11,8,7,4,0,0,100,100,74,56,28,24,20,12,1,1787455323.3989775,G1,T01,fermo_1m_H,1,static
3112098,1,0,1,0,106,0,100,0,18,29,32,15,16,8,2,6,5,0,0,100,100,76,57,26,25,20,12,1,1787455323.5986238,G1,T01,fermo_1m_H,1,static
3112298,1,1,1,97,106,100,100,0,15,100,92,13,8,11,6,3,4,0,0,100,100,78,57,27,25,20,12,1,1787455323.79863,G1,T01,fermo_1m_H,1,static
3112498,1,1,1,93,91,100,100,0,14,100,93,11,11,10,7,3,2,0,0,100,100,77,56,26,25,19,11,1,1787455323.9989493,G1,T01,fermo_1m_H,1,static
3112698,1,0,1,0,114,0,100,0,13,47,32,13,14,6,9,3,5,0,0,100,100,80,58,26,24,19,12,1,1787455324.198763,G1,T01,fermo_1m_H,1,static
3112898,1,1,1,110,114,74,100,0,20,74,72,16,4,8,1,6,5,0,0,100,100,79,57,27,22,17,12,1,1787455324.398846,G1,T01,fermo_1m_H,1,static
3113098,1,1,1,91,92,84,100,0,19,84,60,7,11,10,2,4,6,0,0,100,100,73,55,26,19,16,12,1,1787455324.5987096,G1,T01,fermo_1m_H,1,static
3113298,1,1,1,79,91,100,100,0,56,100,71,11,1,6,2,5,5,0,0,100,100,67,54,27,17,15,12,1,1787455324.7984586,G1,T01,fermo_1m_H,1,static
3113498,1,1,1,78,77,100,100,0,50,100,67,11,16,1,5,5,3,0,0,100,100,67,53,26,16,14,12,1,1787455324.998698,G1,T01,fermo_1m_H,1,static
3113698,1,1,1,85,79,78,100,0,32,78,53,8,8,6,8,5,3,0,0,100,100,67,52,26,15,13,12,1,1787455325.1983876,G1,T01,fermo_1m_H,1,static
3113898,1,1,1,83,81,65,100,0,27,65,41,3,9,1,7,7,3,0,0,100,100,66,52,26,15,12,12,1,1787455325.3983612,G1,T01,fermo_1m_H,1,static
3114098,1,1,1,99,83,95,100,0,20,95,80,9,8,6,5,3,4,0,0,100,100,67,51,26,15,12,12,1,1787455325.598467,G1,T01,fermo_1m_H,1,static
3114298,1,1,1,93,97,100,100,0,42,100,100,12,10,9,6,1,5,0,0,100,100,66,51,25,16,12,12,1,1787455325.7989023,G1,T01,fermo_1m_H,1,static
3114498,1,1,1,96,91,100,100,0,31,100,96,15,8,9,11,4,4,0,0,100,100,66,52,25,16,11,12,1,1787455325.9989722,G1,T01,fermo_1m_H,1,static
3114698,1,0,1,0,108,0,100,0,19,21,14,5,9,6,2,3,5,0,0,100,100,64,53,26,16,11,12,1,1787455326.1985512,G1,T01,fermo_1m_H,1,static
3114898,1,1,1,100,108,100,100,0,25,100,91,13,9,9,8,2,4,0,0,100,100,61,53,26,16,11,11,1,1787455326.3988764,G1,T01,fermo_1m_H,1,static
3115098,1,1,1,91,95,100,100,0,68,100,100,19,3,4,8,0,4,0,0,100,100,59,52,26,16,11,12,1,1787455326.5986404,G1,T01,fermo_1m_H,1,static
3115298,1,1,1,85,89,100,100,0,30,100,63,9,5,7,8,2,3,0,0,100,100,59,52,26,16,11,12,1,1787455326.7988012,G1,T01,fermo_1m_H,1,static
3115498,1,1,1,87,89,71,100,0,21,71,47,7,6,5,3,2,3,0,0,100,100,56,47,25,16,10,12,1,1787455326.9985335,G1,T01,fermo_1m_H,1,static
3115698,1,1,1,118,104,57,100,0,15,54,57,13,10,6,1,2,5,0,0,100,100,54,43,23,15,9,12,1,1787455327.198174,G1,T01,fermo_1m_H,1,static
3115898,1,1,1,90,90,100,100,0,45,100,100,13,6,12,5,3,5,0,0,100,100,54,45,24,14,9,12,1,1787455327.3986688,G1,T01,fermo_1m_H,1,static
3116098,1,1,1,97,99,92,100,0,33,92,78,15,10,6,8,5,6,0,0,100,100,51,44,26,14,8,12,1,1787455327.598153,G1,T01,fermo_1m_H,1,static
3116298,1,0,1,0,97,0,100,0,19,18,2,6,8,6,2,7,7,0,0,100,100,49,42,26,14,8,12,1,1787455327.7975621,G1,T01,fermo_1m_H,1,static
3116498,1,0,1,0,97,0,100,0,18,33,39,10,1,2,1,7,6,0,0,100,100,50,41,27,14,8,12,1,1787455327.998295,G1,T01,fermo_1m_H,1,static
3116698,1,0,1,0,97,0,100,0,18,30,33,10,10,8,1,6,7,0,0,100,100,49,40,27,14,8,12,1,1787455328.197655,G1,T01,fermo_1m_H,1,static
3116898,1,1,1,118,97,49,100,0,13,46,49,10,3,7,4,4,7,0,0,100,100,47,40,26,14,8,12,1,1787455328.398681,G1,T01,fermo_1m_H,1,static
3117098,1,1,1,99,102,65,100,0,13,65,55,11,7,7,6,4,4,0,0,100,100,49,41,25,14,8,12,1,1787455328.5985613,G1,T01,fermo_1m_H,1,static
3117298,1,0,1,0,94,0,100,0,18,16,17,7,6,4,4,4,5,0,0,100,100,50,42,24,14,7,12,1,1787455328.7981555,G1,T01,fermo_1m_H,1,static
3117498,1,1,1,75,94,80,100,0,46,80,48,17,8,4,4,3,4,0,0,100,100,49,43,23,14,7,12,1,1787455328.9985943,G1,T01,fermo_1m_H,1,static
3117698,1,1,1,90,91,100,100,0,62,100,100,13,9,3,5,3,5,0,0,100,100,49,41,22,14,7,12,1,1787455329.1989038,G1,T01,fermo_1m_H,1,static
3117898,1,1,1,86,89,100,100,0,47,100,100,24,8,1,8,2,6,0,0,100,100,48,40,23,14,7,12,1,1787455329.398857,G1,T01,fermo_1m_H,1,static
3118098,1,1,1,88,84,100,100,1,58,100,100,17,8,11,8,8,3,0,0,100,100,47,41,23,14,7,12,1,1787455329.5985773,G1,T01,fermo_1m_H,1,static
3118298,1,1,1,134,100,50,100,1,23,33,50,8,7,7,7,7,1,0,0,100,100,48,43,24,14,7,12,1,1787455329.7981665,G1,T01,fermo_1m_H,1,static
3118498,1,1,1,113,116,69,100,1,18,69,69,6,7,8,6,4,2,0,0,100,100,48,41,24,16,9,12,1,1787455329.9988384,G1,T01,fermo_1m_H,1,static
3118698,1,1,1,72,89,100,100,1,62,100,49,22,11,3,4,5,4,0,0,100,100,49,38,25,19,10,12,1,1787455330.198403,G1,T01,fermo_1m_H,1,static
3118898,1,1,1,131,110,72,100,1,14,55,72,19,9,1,6,4,5,0,0,100,100,53,38,28,20,11,12,1,1787455330.3981977,G1,T01,fermo_1m_H,1,static
3119098,1,0,1,0,86,0,100,1,18,27,14,8,5,4,7,4,6,0,0,100,100,56,40,30,21,12,12,1,1787455330.5982904,G1,T01,fermo_1m_H,1,static
3119298,1,0,1,0,86,0,100,1,20,42,23,7,2,2,5,5,5,0,0,100,100,57,41,31,23,13,12,1,1787455330.798338,G1,T01,fermo_1m_H,1,static
3119498,1,1,1,75,83,56,100,1,19,56,20,12,8,6,5,5,5,0,0,100,100,59,41,31,24,14,12,1,1787455330.997991,G1,T01,fermo_1m_H,1,static
3119698,1,1,1,82,89,98,100,1,28,98,52,8,4,3,5,6,5,0,0,100,100,58,41,32,25,15,12,1,1787455331.198354,G1,T01,fermo_1m_H,1,static
3119898,1,1,1,89,82,55,100,1,21,55,40,7,8,1,6,5,4,0,0,100,100,58,39,31,26,15,12,1,1787455331.3980837,G1,T01,fermo_1m_H,1,static
3120098,1,1,1,95,85,52,100,1,17,52,42,7,4,7,6,5,3,0,0,100,100,57,40,29,27,16,11,1,1787455331.5986352,G1,T01,fermo_1m_H,1,static
3120298,1,0,1,0,95,0,100,1,16,14,8,4,10,1,8,7,5,0,0,100,100,56,39,29,27,16,11,1,1787455331.7980287,G1,T01,fermo_1m_H,1,static
3120498,1,1,1,98,95,56,100,1,18,56,48,12,5,6,5,6,4,0,0,100,100,57,39,28,27,16,11,1,1787455331.9985042,G1,T01,fermo_1m_H,1,static
3120698,1,1,1,125,150,46,100,1,16,39,46,13,6,4,5,5,5,0,0,100,100,56,36,28,28,16,11,1,1787455332.1991746,G1,T01,fermo_1m_H,1,static
3120898,1,0,1,0,125,0,100,1,20,28,26,10,11,1,8,4,6,0,0,100,100,54,34,29,28,16,11,1,1787455332.3981676,G1,T01,fermo_1m_H,1,static
3121098,1,0,1,0,125,0,100,1,20,39,33,10,7,3,8,3,5,0,0,100,100,54,32,30,28,16,11,1,1787455332.5988624,G1,T01,fermo_1m_H,1,static
3121298,1,0,1,0,125,0,100,1,18,24,25,7,11,5,8,5,5,0,0,100,100,53,31,31,28,16,11,1,1787455332.7987838,G1,T01,fermo_1m_H,1,static
3121498,1,0,1,0,125,0,100,1,17,14,9,6,8,7,8,4,5,0,0,100,100,54,30,31,29,16,11,1,1787455332.997875,G1,T01,fermo_1m_H,1,static
3121698,1,0,1,0,125,0,100,1,21,19,14,4,2,6,9,5,4,0,0,100,100,51,30,32,28,16,11,1,1787455333.1986396,G1,T01,fermo_1m_H,1,static
3121898,1,0,1,0,125,0,100,1,21,14,5,1,1,6,8,5,6,0,0,100,100,52,31,32,28,16,11,1,1787455333.398481,G1,T01,fermo_1m_H,1,static
3122098,1,0,1,0,125,0,100,1,15,32,21,10,2,6,5,4,5,0,0,100,100,50,29,33,27,16,11,1,1787455333.598624,G1,T01,fermo_1m_H,1,static
3122298,1,0,1,0,125,0,100,1,16,11,12,6,7,4,5,4,7,0,0,100,100,48,26,32,26,15,11,1,1787455333.7985125,G1,T01,fermo_1m_H,1,static
3122498,1,0,1,0,125,0,100,1,16,47,35,11,8,3,4,6,7,0,0,100,100,47,25,31,24,15,11,1,1787455333.9987583,G1,T01,fermo_1m_H,1,static
3122698,1,0,1,0,125,0,100,0,21,27,20,5,3,6,6,6,7,0,0,100,100,45,24,28,21,14,11,1,1787455334.1981978,G1,T01,fermo_1m_H,1,static
3122898,1,0,1,0,82,0,100,0,14,44,30,4,1,4,6,6,5,0,0,100,100,41,23,25,19,13,11,1,1787455334.3983216,G1,T01,fermo_1m_H,1,static
3123098,1,0,1,0,82,0,100,0,14,12,8,8,3,5,5,6,5,0,0,100,100,39,21,23,17,12,11,1,1787455334.5981538,G1,T01,fermo_1m_H,1,static
3123298,1,0,1,0,82,0,100,0,18,34,30,8,2,4,3,6,6,0,0,100,100,36,19,21,15,11,12,1,1787455334.798572,G1,T01,fermo_1m_H,1,static
3123498,1,0,1,0,82,0,100,0,27,31,31,10,7,4,5,4,5,0,0,100,100,34,18,20,14,10,11,1,1787455334.9986002,G1,T01,fermo_1m_H,1,static
3123698,1,1,1,115,82,41,100,0,13,40,41,12,6,7,5,4,4,0,0,100,100,34,18,19,13,9,11,1,1787455335.1990156,G1,T01,fermo_1m_H,1,static
3123898,1,0,1,0,115,0,100,0,20,26,22,6,3,6,6,5,5,0,0,100,100,35,18,19,11,8,11,1,1787455335.3982306,G1,T01,fermo_1m_H,1,static
3124098,1,0,1,0,115,0,100,0,19,14,8,7,5,7,6,4,5,0,0,100,98,36,17,18,10,8,11,1,1787455335.598287,G1,T01,fermo_1m_H,1,static
3124298,1,0,1,0,115,0,100,0,24,41,25,7,4,7,6,5,5,0,0,100,93,36,16,18,9,7,12,1,1787455335.7977707,G1,T01,fermo_1m_H,1,static
3124498,1,0,1,0,115,0,100,0,21,14,19,3,3,8,7,5,6,0,0,100,89,35,17,18,8,6,12,1,1787455335.9985616,G1,T01,fermo_1m_H,1,static
3124698,1,0,1,0,115,0,100,0,18,15,11,8,4,7,6,4,5,0,0,100,90,34,17,18,7,6,12,1,1787455336.1978853,G1,T01,fermo_1m_H,1,static
3124898,1,0,1,0,115,0,100,0,21,41,32,6,6,4,6,4,6,0,0,100,89,34,17,17,7,5,12,1,1787455336.3979328,G1,T01,fermo_1m_H,1,static
3125098,1,1,1,150,150,46,100,0,17,50,46,12,5,3,7,4,6,0,0,100,88,33,16,16,7,5,12,1,1787455336.5983384,G1,T01,fermo_1m_H,1,static
3125298,1,1,1,92,93,71,100,0,21,71,53,12,2,2,8,6,5,0,0,100,89,32,16,15,7,6,12,1,1787455336.7988977,G1,T01,fermo_1m_H,1,static
3125498,1,1,1,95,97,77,100,0,24,77,62,10,7,7,8,5,3,0,0,100,90,31,17,14,6,6,12,1,1787455336.9986997,G1,T01,fermo_1m_H,1,static
3125698,1,1,1,101,99,58,100,0,21,58,52,10,7,7,7,5,3,0,0,100,92,31,20,14,6,6,12,1,1787455337.1989143,G1,T01,fermo_1m_H,1,static
3125898,1,0,1,0,101,0,100,0,15,27,15,6,1,7,6,6,4,0,0,100,95,32,22,13,6,6,12,1,1787455337.3985932,G1,T01,fermo_1m_H,1,static
3126098,1,0,1,0,101,0,100,0,16,21,26,5,6,2,4,5,4,0,0,100,97,31,24,13,6,6,12,1,1787455337.5982454,G1,T01,fermo_1m_H,1,static
3126298,1,0,1,0,91,0,100,0,17,49,37,10,8,9,6,7,4,0,0,100,98,32,25,13,6,7,12,1,1787455337.798407,G1,T01,fermo_1m_H,1,static
3126498,1,0,1,0,91,0,100,0,14,44,40,11,4,4,6,7,5,0,0,100,99,31,26,13,6,6,12,1,1787455337.9977577,G1,T01,fermo_1m_H,1,static
3126698,1,1,1,119,118,49,100,0,13,45,49,11,2,3,5,5,5,0,0,100,100,31,25,13,6,6,12,1,1787455338.1985943,G1,T01,fermo_1m_H,1,static
3126898,1,0,1,0,119,0,100,0,24,40,36,6,9,1,8,5,7,0,0,100,100,31,25,13,6,6,12,1,1787455338.3986113,G1,T01,fermo_1m_H,1,static
3127098,1,0,1,0,119,0,100,0,21,50,39,10,9,4,8,3,7,0,0,100,100,31,25,13,6,6,12,1,1787455338.5987587,G1,T01,fermo_1m_H,1,static
3127298,1,0,1,0,119,0,100,0,16,27,23,6,6,5,9,4,6,0,0,100,100,31,26,13,6,6,12,1,1787455338.798038,G1,T01,fermo_1m_H,1,static
3127498,1,0,1,0,119,0,100,0,16,19,7,3,3,5,8,5,6,0,0,100,100,32,27,14,6,6,11,1,1787455338.9986007,G1,T01,fermo_1m_H,1,static
3127698,1,0,1,0,119,0,100,0,16,34,30,8,3,5,9,5,5,0,0,100,100,31,27,14,6,6,12,1,1787455339.19849,G1,T01,fermo_1m_H,1,static
3127898,1,0,1,0,119,0,100,0,16,16,4,4,2,4,9,4,6,0,0,100,100,30,27,14,6,6,12,1,1787455339.3983526,G1,T01,fermo_1m_H,1,static
3128098,1,0,1,0,119,0,100,0,16,31,21,3,3,5,6,5,6,0,0,100,100,29,27,14,6,6,12,1,1787455339.598101,G1,T01,fermo_1m_H,1,static
3128298,1,0,1,0,119,0,100,0,20,14,17,10,4,5,4,4,6,0,0,100,100,27,27,14,6,6,12,1,1787455339.7987688,G1,T01,fermo_1m_H,1,static
3128498,1,0,1,0,119,0,100,0,14,42,39,10,10,2,5,4,6,0,0,100,100,26,26,13,6,6,12,1,1787455339.9981704,G1,T01,fermo_1m_H,1,static
3128698,1,0,1,0,93,0,100,0,17,48,37,11,5,3,5,5,6,0,0,100,100,27,26,13,6,7,11,1,1787455340.1978786,G1,T01,fermo_1m_H,1,static
3128898,1,1,1,97,93,77,100,0,13,77,61,7,1,1,6,6,5,0,0,100,100,28,26,14,6,7,12,1,1787455340.3988872,G1,T01,fermo_1m_H,1,static
3129098,1,1,1,89,91,81,100,0,31,81,59,7,7,8,6,6,3,0,0,100,100,28,27,14,6,7,12,1,1787455340.5986025,G1,T01,fermo_1m_H,1,static
3129298,1,1,1,115,95,54,100,0,15,53,54,10,7,6,6,4,4,0,0,100,100,29,30,15,6,7,12,1,1787455340.79903,G1,T01,fermo_1m_H,1,static
3129498,1,0,1,0,115,0,100,0,17,13,11,5,8,1,5,5,4,0,0,100,100,31,31,15,6,7,12,1,1787455340.9988744,G1,T01,fermo_1m_H,1,static
3129698,1,1,1,150,115,44,100,0,18,49,44,4,8,8,5,5,4,0,0,100,99,30,30,15,6,6,12,1,1787455341.1990016,G1,T01,fermo_1m_H,1,static
3129898,1,0,1,0,99,0,100,0,17,44,39,11,2,1,6,6,5,0,0,100,95,29,27,14,6,6,12,1,1787455341.3981159,G1,T01,fermo_1m_H,1,static
3130098,1,0,1,0,99,0,100,0,18,28,35,10,6,1,6,6,6,0,0,100,93,29,26,13,6,6,12,1,1787455341.5986474,G1,T01,fermo_1m_H,1,static
3130298,1,0,1,0,99,0,100,0,21,42,37,9,5,1,6,4,6,0,0,100,92,31,25,13,7,6,12,1,1787455341.7984803,G1,T01,fermo_1m_H,1,static
3130498,1,0,1,0,99,0,100,0,17,32,31,8,4,5,9,4,7,0,0,100,92,32,25,14,7,6,12,1,1787455341.9984555,G1,T01,fermo_1m_H,1,static
3130698,1,0,1,0,99,0,100,0,19,42,40,15,10,7,9,2,6,0,0,100,93,33,27,14,7,7,12,1,1787455342.1987407,G1,T01,fermo_1m_H,1,static
3130898,1,0,1,0,99,0,100,0,16,22,20,11,1,6,9,3,6,0,0,100,95,33,28,14,7,7,12,1,1787455342.39796,G1,T01,fermo_1m_H,1,static
3131098,1,0,1,0,99,0,100,0,16,10,9,9,1,7,8,4,5,0,0,100,96,34,29,14,6,6,12,1,1787455342.5983667,G1,T01,fermo_1m_H,1,static
3131298,1,0,1,0,99,0,100,0,13,16,15,6,3,6,6,2,5,0,0,100,96,35,29,13,7,6,12,1,1787455342.7986531,G1,T01,fermo_1m_H,1,static
3131498,1,1,1,100,150,61,100,0,19,61,53,8,10,4,5,3,5,0,0,100,95,36,28,13,7,7,12,1,1787455342.998558,G1,T01,fermo_1m_H,1,static
3131698,1,1,1,90,97,59,100,0,18,59,42,7,4,3,3,4,4,0,0,100,92,35,28,12,7,7,11,1,1787455343.1989386,G1,T01,fermo_1m_H,1,static
3131898,1,1,1,88,90,79,100,0,29,79,56,11,7,8,5,4,3,0,0,100,91,36,29,12,7,7,12,1,1787455343.3990695,G1,T01,fermo_1m_H,1,static
3132098,1,1,1,95,91,90,100,0,25,90,71,11,4,10,6,3,5,0,0,100,92,37,31,12,7,7,12,1,1787455343.599108,G1,T01,fermo_1m_H,1,static
3132298,1,1,1,103,107,86,100,0,16,86,77,12,6,6,9,2,6,0,0,100,94,38,33,13,7,7,12,1,1787455343.7992828,G1,T01,fermo_1m_H,1,static
3132498,1,1,1,109,103,71,100,0,15,71,69,11,4,4,8,1,7,0,0,100,96,38,34,13,8,8,11,1,1787455343.9987934,G1,T01,fermo_1m_H,1,static
3132698,1,0,1,0,109,0,100,0,15,40,37,9,6,3,9,3,7,0,0,100,95,37,35,13,8,7,12,1,1787455344.1986027,G1,T01,fermo_1m_H,1,static
3132898,1,1,1,98,95,81,100,0,13,81,66,9,4,1,6,3,6,0,0,100,93,37,37,12,8,7,11,1,1787455344.3984385,G1,T01,fermo_1m_H,1,static
3133098,1,1,1,103,93,78,100,0,21,78,71,19,6,12,4,5,4,0,0,100,96,37,37,12,8,7,12,1,1787455344.5992336,G1,T01,fermo_1m_H,1,static
3133298,1,1,1,103,104,86,100,0,14,86,76,15,10,7,3,7,4,0,0,100,100,37,36,12,8,7,12,1,1787455344.798811,G1,T01,fermo_1m_H,1,static
3133498,1,1,1,115,117,68,100,0,17,66,68,15,5,8,3,7,5,0,0,100,100,37,35,11,9,7,12,1,1787455344.9990685,G1,T01,fermo_1m_H,1,static
3133698,1,1,1,113,106,60,100,0,19,59,60,11,1,6,4,5,6,0,0,100,100,38,35,11,10,7,12,1,1787455345.1993015,G1,T01,fermo_1m_H,1,static
3133898,1,0,1,0,150,0,100,0,19,47,40,9,2,6,6,4,7,0,0,100,100,39,35,11,10,7,12,1,1787455345.3990977,G1,T01,fermo_1m_H,1,static
3134098,1,0,1,0,150,0,100,0,22,29,25,5,5,5,7,3,7,0,0,100,100,40,36,11,9,7,12,1,1787455345.5989664,G1,T01,fermo_1m_H,1,static
3134298,1,0,1,0,150,0,100,0,16,27,23,9,8,7,7,4,6,0,0,100,100,40,37,11,9,7,12,1,1787455345.798261,G1,T01,fermo_1m_H,1,static
3134498,1,0,1,0,150,0,100,0,18,23,11,12,6,7,7,4,6,0,0,100,100,40,37,11,9,7,12,1,1787455345.9992778,G1,T01,fermo_1m_H,1,static
3134698,1,0,1,0,150,0,100,0,13,15,12,3,6,6,7,4,5,0,0,100,100,40,37,11,8,7,12,1,1787455346.198735,G1,T01,fermo_1m_H,1,static
3134898,1,0,1,0,150,0,100,0,16,12,7,4,3,7,6,3,5,0,0,100,100,39,36,11,8,6,12,1,1787455346.3985615,G1,T01,fermo_1m_H,1,static
3135098,1,0,1,0,150,0,100,0,18,29,33,13,2,5,6,4,6,0,0,100,100,38,35,10,8,6,12,1,1787455346.59888,G1,T01,fermo_1m_H,1,static
3135298,1,1,1,96,150,51,100,0,13,51,40,9,2,8,3,4,5,0,0,100,100,37,34,11,8,6,12,1,1787455346.7991068,G1,T01,fermo_1m_H,1,static
3135498,1,1,1,93,96,68,100,0,19,68,52,12,4,1,4,6,5,0,0,100,100,35,34,11,9,7,12,1,1787455346.9990792,G1,T01,fermo_1m_H,1,static
3135698,1,1,1,97,90,68,100,0,20,68,56,12,7,11,3,5,4,0,0,100,100,36,36,10,9,7,12,1,1787455347.1991534,G1,T01,fermo_1m_H,1,static
3135898,1,0,1,0,150,0,100,0,13,23,18,8,5,5,3,5,4,0,0,100,100,37,38,11,9,7,12,1,1787455347.398903,G1,T01,fermo_1m_H,1,static
3136098,1,0,1,0,150,0,100,0,18,12,7,4,6,7,2,5,5,0,0,100,100,36,38,10,9,6,12,1,1787455347.5987659,G1,T01,fermo_1m_H,1,static
3136298,1,0,1,0,150,0,100,0,18,35,24,7,9,6,3,5,4,0,0,100,100,36,37,10,8,7,12,1,1787455347.7988157,G1,T01,fermo_1m_H,1,static
3136498,1,1,1,102,150,58,100,0,15,58,52,11,5,9,4,7,3,0,0,100,100,37,38,10,8,7,12,1,1787455347.9991505,G1,T01,fermo_1m_H,1,static
3136698,1,1,1,125,100,41,100,0,17,35,41,12,4,6,2,6,4,0,0,100,100,37,38,10,8,6,12,1,1787455348.1981657,G1,T01,fermo_1m_H,1,static
3136898,1,1,1,121,113,42,100,0,18,38,42,10,2,1,5,4,6,0,0,100,100,37,37,9,8,6,12,1,1787455348.3980606,G1,T01,fermo_1m_H,1,static
3137098,1,0,1,0,121,0,100,0,21,40,32,9,4,2,8,5,7,0,0,100,100,36,36,9,9,6,12,1,1787455348.5986962,G1,T01,fermo_1m_H,1,static
3137298,1,0,1,0,121,0,100,0,18,15,19,8,6,1,8,2,6,0,0,100,99,34,35,10,8,6,12,1,1787455348.7984343,G1,T01,fermo_1m_H,1,static
3137498,1,0,1,0,121,0,100,0,22,31,20,5,6,5,9,4,6,0,0,100,89,32,34,10,8,6,12,1,1787455348.9987113,G1,T01,fermo_1m_H,1,static
3137698,1,0,1,0,121,0,100,0,19,17,12,8,5,6,7,3,5,0,0,100,82,32,34,10,7,6,12,1,1787455349.1987636,G1,T01,fermo_1m_H,1,static
3137898,1,0,1,0,121,0,100,0,15,14,13,7,6,5,8,4,5,0,0,100,79,31,34,10,7,6,12,1,1787455349.398693,G1,T01,fermo_1m_H,1,static
3138098,1,0,1,0,121,0,100,0,17,12,18,6,5,5,7,3,5,0,0,100,79,29,33,10,7,6,12,1,1787455349.598872,G1,T01,fermo_1m_H,1,static
3138298,1,1,1,114,121,44,100,0,19,43,44,11,4,5,7,4,5,0,0,100,82,27,32,10,7,6,12,1,1787455349.799624,G1,T01,fermo_1m_H,1,static
3138498,1,1,1,150,92,41,100,0,16,48,41,10,3,5,4,4,3,0,0,100,84,26,30,11,7,6,12,1,1787455349.9991002,G1,T01,fermo_1m_H,1,static
3138698,1,1,1,94,94,70,100,0,23,70,56,10,5,8,5,5,3,0,0,100,86,25,31,11,7,6,12,1,1787455350.1984146,G1,T01,fermo_1m_H,1,static
3138898,1,1,1,89,96,68,100,0,30,68,52,8,10,9,4,5,4,0,0,100,89,26,33,11,8,7,12,1,1787455350.3984919,G1,T01,fermo_1m_H,1,static
3139098,1,0,1,0,84,0,100,0,14,40,35,7,1,8,7,4,5,0,0,100,92,28,35,12,7,7,12,1,1787455350.598559,G1,T01,fermo_1m_H,1,static
3139298,1,1,1,150,100,45,100,0,16,45,45,9,5,3,5,3,6,0,0,100,93,30,37,12,7,7,11,1,1787455350.7995026,G1,T01,fermo_1m_H,1,static
3139498,1,0,1,0,150,0,100,0,17,40,29,2,3,4,2,3,5,0,0,100,92,31,38,12,7,6,11,1,1787455350.998952,G1,T01,fermo_1m_H,1,static
3139698,1,1,1,95,95,74,100,0,14,74,57,10,8,11,2,5,5,0,0,100,89,32,39,12,7,6,12,1,1787455351.1989782,G1,T01,fermo_1m_H,1,static
3139898,1,1,1,108,100,64,100,0,16,64,61,10,7,10,2,5,3,0,0,100,89,33,39,11,7,6,12,1,1787455351.3994746,G1,T01,fermo_1m_H,1,static
3140098,1,1,1,117,108,46,100,0,20,44,46,13,4,4,4,6,5,0,0,100,92,33,38,11,7,6,12,1,1787455351.5991437,G1,T01,fermo_1m_H,1,static
3140298,1,0,1,0,119,0,100,0,13,39,36,8,1,2,5,4,6,0,0,100,97,31,36,11,8,6,12,1,1787455351.7987888,G1,T01,fermo_1m_H,1,static
3140498,1,0,1,0,119,0,100,0,25,46,39,10,3,2,6,3,5,0,0,100,99,31,35,12,8,6,12,1,1787455351.9987776,G1,T01,fermo_1m_H,1,static
3140698,1,0,1,0,119,0,100,0,17,36,34,12,7,5,6,3,4,0,0,100,98,31,35,12,8,6,12,1,1787455352.1983538,G1,T01,fermo_1m_H,1,static
3140898,1,0,1,0,119,0,100,0,20,28,23,12,7,7,6,4,6,0,0,100,94,33,36,12,7,5,12,1,1787455352.399174,G1,T01,fermo_1m_H,1,static
3141098,1,0,1,0,119,0,100,0,17,26,14,6,6,8,6,4,5,0,0,100,91,34,36,12,7,5,12,1,1787455352.5986912,G1,T01,fermo_1m_H,1,static
3141298,1,0,1,0,119,0,100,0,18,12,10,5,6,6,6,4,5,0,0,100,89,34,36,12,7,5,12,1,1787455352.798862,G1,T01,fermo_1m_H,1,static
3141498,1,0,1,0,119,0,100,0,14,40,36,9,4,2,7,3,5,0,0,100,87,34,35,12,7,5,12,1,1787455352.9990466,G1,T01,fermo_1m_H,1,static
3141698,1,1,1,91,119,66,100,0,16,66,48,11,1,5,5,4,5,0,0,100,86,33,34,12,7,5,12,1,1787455353.1986675,G1,T01,fermo_1m_H,1,static
3141898,1,1,1,85,94,51,100,0,21,51,34,6,2,2,3,5,5,0,0,100,84,33,34,11,7,6,12,1,1787455353.3985028,G1,T01,fermo_1m_H,1,static
3142098,1,1,1,89,85,67,100,0,23,67,47,11,7,11,4,6,4,0,0,100,84,33,35,11,7,6,12,1,1787455353.5993423,G1,T01,fermo_1m_H,1,static
3142298,1,1,1,96,89,82,100,0,23,82,67,9,10,8,1,4,5,0,0,100,84,36,38,12,7,7,12,1,1787455353.7986126,G1,T01,fermo_1m_H,1,static
3142498,1,1,1,108,108,56,100,0,18,56,55,9,4,7,4,3,6,0,0,100,86,37,40,12,7,6,12,1,1787455353.9993236,G1,T01,fermo_1m_H,1,static
3142698,1,0,1,0,108,0,100,0,15,18,7,6,5,1,3,3,6,0,0,100,88,39,40,12,7,6,12,1,1787455354.198723,G1,T01,fermo_1m_H,1,static
3142898,1,1,1,94,108,90,100,0,17,90,67,2,3,10,4,3,6,0,0,100,88,39,39,12,7,6,12,1,1787455354.3988914,G1,T01,fermo_1m_H,1,static
3143098,1,1,1,97,94,52,100,0,18,52,44,14,12,8,7,6,4,0,0,100,86,39,39,11,7,6,12,1,1787455354.5995955,G1,T01,fermo_1m_H,1,static
3143298,1,1,1,103,150,56,100,0,16,56,51,10,3,9,6,6,4,0,0,100,85,38,39,11,7,6,12,1,1787455354.7993896,G1,T01,fermo_1m_H,1,static
3143498,1,1,1,150,150,43,100,0,17,44,43,11,1,5,8,6,6,0,0,100,86,37,38,11,7,6,12,1,1787455354.9989102,G1,T01,fermo_1m_H,1,static
3143698,1,0,1,0,150,0,100,0,17,40,39,10,4,6,8,4,6,0,0,100,88,35,36,11,7,6,11,1,1787455355.1986732,G1,T01,fermo_1m_H,1,static
3143898,1,0,1,0,93,0,100,0,16,36,35,9,6,6,8,4,6,0,0,100,86,34,35,11,8,6,11,1,1787455355.3990376,G1,T01,fermo_1m_H,1,static
3144098,1,0,1,0,93,0,100,0,22,29,22,4,6,5,8,4,6,0,0,100,79,34,34,12,7,6,11,1,1787455355.5990326,G1,T01,fermo_1m_H,1,static
3144298,1,0,1,0,93,0,100,0,15,18,16,9,6,7,9,5,5,0,0,100,72,35,34,12,7,6,11,1,1787455355.7983465,G1,T01,fermo_1m_H,1,static
3144498,1,0,1,0,93,0,100,0,19,18,10,6,6,7,7,3,6,0,0,100,68,36,34,12,7,6,11,1,1787455355.9990373,G1,T01,fermo_1m_H,1,static
3144698,1,0,1,0,93,0,100,0,14,18,20,10,4,5,8,3,5,0,0,100,66,35,33,12,6,6,11,1,1787455356.1989198,G1,T01,fermo_1m_H,1,static
3144898,1,0,1,0,93,0,100,0,13,41,35,11,4,4,10,2,6,0,0,100,68,34,33,12,7,6,11,1,1787455356.3986514,G1,T01,fermo_1m_H,1,static
3145098,1,1,1,150,96,44,100,0,15,48,44,12,4,6,9,5,5,0,0,100,70,34,32,12,7,6,11,1,1787455356.5994654,G1,T01,fermo_1m_H,1,static
3145298,1,1,1,101,91,51,100,0,17,51,45,5,2,3,7,6,2,0,0,100,71,33,32,12,7,6,11,1,1787455356.7995155,G1,T01,fermo_1m_H,1,static
3145498,1,1,1,89,83,71,100,0,28,71,52,11,10,13,6,4,4,0,0,100,71,34,34,12,7,7,11,1,1787455356.9995449,G1,T01,fermo_1m_H,1,static
3145698,1,1,1,97,96,59,100,0,26,59,50,7,4,9,3,4,5,0,0,100,72,36,37,12,7,7,11,1,1787455357.1991997,G1,T01,fermo_1m_H,1,static
3145898,1,0,1,0,97,0,100,0,19,44,27,2,5,7,3,6,4,0,0,100,74,39,39,12,7,6,11,1,1787455357.3984864,G1,T01,fermo_1m_H,1,static
3146098,1,0,1,0,97,0,100,0,14,30,28,9,9,9,6,5,3,0,0,100,75,40,39,12,7,6,11,1,1787455357.5986621,G1,T01,fermo_1m_H,1,static
3146298,1,0,1,0,88,0,100,0,16,49,39,11,4,7,5,6,4,0,0,100,73,39,38,12,7,6,11,1,1787455357.7991385,G1,T01,fermo_1m_H,1,static
3146498,1,0,1,0,88,0,100,0,16,38,39,12,2,7,6,6,5,0,0,100,72,37,37,11,7,6,11,1,1787455357.998982,G1,T01,fermo_1m_H,1,static
3146698,1,1,1,96,88,53,100,0,16,53,43,6,5,5,8,5,6,0,0,100,71,35,36,11,7,7,11,1,1787455358.1993484,G1,T01,fermo_1m_H,1,static
3146898,1,0,1,0,96,0,100,0,18,31,30,10,4,6,7,3,6,0,0,100,70,34,36,11,7,7,11,1,1787455358.3988032,G1,T01,fermo_1m_H,1,static
3147098,1,0,1,0,96,0,100,0,15,41,31,6,4,4,7,3,7,0,0,100,69,33,34,12,7,7,11,1,1787455358.5988307,G1,T01,fermo_1m_H,1,static
3147298,1,0,1,0,96,0,100,0,16,26,20,8,4,6,6,4,6,0,0,100,67,32,33,12,7,6,11,1,1787455358.798832,G1,T01,fermo_1m_H,1,static
3147498,1,0,1,0,96,0,100,0,19,18,9,8,7,8,7,4,5,0,0,100,63,33,33,12,7,6,11,1,1787455358.9990056,G1,T01,fermo_1m_H,1,static
3147698,1,0,1,0,96,0,100,0,13,10,7,2,5,5,9,4,5,0,0,100,61,34,33,12,6,6,11,1,1787455359.1990144,G1,T01,fermo_1m_H,1,static
3147898,1,0,1,0,96,0,100,0,20,17,26,9,5,5,8,4,5,0,0,100,60,33,33,12,6,6,11,1,1787455359.399088,G1,T01,fermo_1m_H,1,static
3148098,1,0,1,0,96,0,100,0,14,41,39,12,3,3,10,4,7,0,0,100,61,32,32,11,6,6,11,1,1787455359.599495,G1,T01,fermo_1m_H,1,static
3148298,1,0,1,0,95,0,100,0,15,50,40,10,4,6,8,6,7,0,0,100,64,31,32,11,7,6,11,1,1787455359.7987204,G1,T01,fermo_1m_H,1,static
3148498,1,1,1,90,95,56,100,0,18,56,40,8,2,1,5,5,4,0,0,100,66,30,31,11,7,7,11,1,1787455359.9993963,G1,T01,fermo_1m_H,1,static
3148698,1,0,1,0,90,0,100,0,20,43,28,8,8,11,7,6,3,0,0,100,66,31,33,11,7,7,11,1,1787455360.1993885,G1,T01,fermo_1m_H,1,static
3148898,1,0,1,0,90,0,100,0,18,28,16,3,6,7,6,6,4,0,0,100,66,32,34,11,7,8,11,1,1787455360.3985646,G1,T01,fermo_1m_H,1,static
3149098,1,0,1,0,90,0,100,0,16,22,21,8,2,3,5,7,5,0,0,100,65,31,35,10,7,8,11,1,1787455360.599158,G1,T01,fermo_1m_H,1,static
3149298,1,0,1,0,90,0,100,0,13,33,30,10,2,6,6,4,5,0,0,100,66,32,35,10,7,7,11,1,1787455360.7993045,G1,T01,fermo_1m_H,1,static
3149498,1,0,1,0,90,0,100,0,16,28,31,8,4,4,7,4,6,0,0,100,68,31,32,10,7,7,11,1,1787455360.998393,G1,T01,fermo_1m_H,1,static
3149698,1,1,1,150,90,43,100,0,19,50,43,10,4,2,8,5,6,0,0,100,68,28,30,10,7,7,11,1,1787455361.1996768,G1,T01,fermo_1m_H,1,static
3149898,1,0,1,0,150,0,100,0,16,31,23,9,7,6,6,3,6,0,0,100,67,26,28,10,7,7,11,1,1787455361.3991563,G1,T01,fermo_1m_H,1,static
3150098,1,0,1,0,150,0,100,0,21,27,18,12,6,8,5,3,6,0,0,100,67,25,27,10,8,7,11,1,1787455361.5992906,G1,T01,fermo_1m_H,1,static
3150298,1,0,1,0,150,0,100,0,17,14,9,7,5,6,7,5,5,0,0,100,67,25,26,10,8,7,11,1,1787455361.799195,G1,T01,fermo_1m_H,1,static
3150498,1,0,1,0,150,0,100,0,19,12,18,9,5,6,6,4,6,0,0,100,65,25,26,10,8,7,11,1,1787455361.9991438,G1,T01,fermo_1m_H,1,static
3150698,1,0,1,0,150,0,100,0,19,27,27,6,4,2,7,4,7,0,0,100,62,25,25,10,7,6,11,1,1787455362.1993403,G1,T01,fermo_1m_H,1,static
3150898,1,0,1,0,150,0,100,0,18,48,39,10,4,6,5,4,7,0,0,100,63,25,24,10,7,6,11,1,1787455362.3987982,G1,T01,fermo_1m_H,1,static
3151098,1,0,1,0,150,0,100,0,19,48,39,10,3,4,4,6,4,0,0,100,65,24,23,10,7,7,11,1,1787455362.5987775,G1,T01,fermo_1m_H,1,static
3151298,1,1,1,88,89,56,100,0,21,56,40,12,6,8,4,5,3,0,0,100,64,24,23,10,7,7,11,1,1787455362.7993107,G1,T01,fermo_1m_H,1,static
3151498,1,0,1,0,88,0,100,0,20,33,22,1,8,12,4,6,4,0,0,100,65,24,24,10,7,7,11,1,1787455362.9986107,G1,T01,fermo_1m_H,1,static
3151698,1,0,1,0,88,0,100,0,20,35,26,3,5,6,5,6,3,0,0,100,64,24,25,10,7,8,11,1,1787455363.1988833,G1,T01,fermo_1m_H,1,static
3151898,1,0,1,0,88,0,100,0,17,36,31,10,2,3,4,5,5,0,0,100,65,24,24,10,8,8,11,1,1787455363.3986826,G1,T01,fermo_1m_H,1,static
3152098,1,0,1,0,88,0,100,0,16,40,32,8,2,7,6,5,6,0,0,100,66,24,24,10,8,8,11,1,1787455363.599329,G1,T01,fermo_1m_H,1,static
3152298,1,0,1,0,88,0,100,0,18,32,32,9,4,3,8,5,6,0,0,100,66,24,24,10,7,7,11,1,1787455363.7990072,G1,T01,fermo_1m_H,1,static
3152498,1,0,1,0,88,0,100,0,14,20,25,7,4,2,7,3,5,0,0,100,65,23,24,10,7,7,11,1,1787455363.999274,G1,T01,fermo_1m_H,1,static
3152698,1,0,1,0,88,0,100,0,19,44,34,10,5,4,7,4,5,0,0,100,66,23,23,10,7,7,11,1,1787455364.198905,G1,T01,fermo_1m_H,1,static
3152898,1,0,1,0,88,0,100,0,18,20,15,6,6,8,6,4,5,0,0,100,67,23,23,10,7,7,11,1,1787455364.3989108,G1,T01,fermo_1m_H,1,static
3153098,1,0,1,0,88,0,100,0,29,22,11,5,6,7,8,4,5,0,0,100,66,23,22,11,7,7,11,1,1787455364.5991297,G1,T01,fermo_1m_H,1,static
3153298,1,0,1,0,88,0,100,0,15,9,13,1,5,6,6,4,4,0,0,100,64,23,22,11,7,7,11,1,1787455364.7992945,G1,T01,fermo_1m_H,1,static
3153498,1,0,1,0,88,0,100,0,15,36,35,10,2,2,7,4,6,0,0,100,63,23,23,11,7,6,11,1,1787455364.9995074,G1,T01,fermo_1m_H,1,static
3153698,1,0,1,0,93,0,100,0,19,17,19,7,5,6,8,5,7,0,0,100,64,24,23,10,7,6,11,1,1787455365.1984825,G1,T01,fermo_1m_H,1,static
3153898,1,0,1,0,93,0,100,0,13,41,27,5,4,7,5,4,5,0,0,100,65,24,22,11,7,6,11,1,1787455365.3995147,G1,T01,fermo_1m_H,1,static
3154098,1,1,1,84,93,54,100,0,24,54,36,8,3,3,2,6,5,0,0,100,65,23,21,11,7,7,11,1,1787455365.5992894,G1,T01,fermo_1m_H,1,static
3154298,1,0,1,0,83,0,100,0,19,42,27,8,2,5,3,6,3,0,0,100,66,22,21,11,7,7,11,1,1787455365.7994149,G1,T01,fermo_1m_H,1,static
3154498,1,0,1,0,83,0,100,0,15,15,15,4,2,1,3,6,4,0,0,100,66,21,21,11,7,7,11,1,1787455365.9989653,G1,T01,fermo_1m_H,1,static
3154698,1,0,1,0,83,0,100,0,14,37,37,7,2,6,4,5,6,0,0,100,67,22,21,11,7,7,11,1,1787455366.199491,G1,T01,fermo_1m_H,1,static
3154898,1,0,1,0,99,0,100,0,30,44,39,9,3,1,7,5,6,0,0,100,66,21,21,11,7,7,11,1,1787455366.3989666,G1,T01,fermo_1m_H,1,static
3155098,1,1,1,150,99,42,100,0,18,44,42,11,4,5,6,4,5,0,0,100,66,21,21,10,7,7,11,1,1787455366.5992465,G1,T01,fermo_1m_H,1,static
3155298,1,1,1,150,150,41,100,0,18,49,41,10,7,11,5,4,5,0,0,100,68,21,22,10,7,7,11,1,1787455366.7999556,G1,T01,fermo_1m_H,1,static
3155498,1,0,1,0,150,0,100,0,21,34,25,7,5,9,5,5,5,0,0,100,70,21,21,10,8,7,11,1,1787455366.9994872,G1,T01,fermo_1m_H,1,static
3155698,1,0,1,0,150,0,100,0,14,33,25,12,5,8,5,6,4,0,0,100,73,20,21,10,8,7,11,1,1787455367.1990223,G1,T01,fermo_1m_H,1,static
3155898,1,0,1,0,150,0,100,0,20,13,9,6,6,4,5,6,4,0,0,100,75,21,21,10,8,7,11,1,1787455367.3993497,G1,T01,fermo_1m_H,1,static
3156098,1,1,1,113,150,43,100,0,17,43,43,10,6,2,5,4,5,0,0,100,74,20,22,10,8,7,11,1,1787455367.59952,G1,T01,fermo_1m_H,1,static
3156298,1,1,1,113,102,43,100,0,14,43,43,10,2,4,6,4,6,0,0,100,74,20,22,9,8,7,11,1,1787455367.7989497,G1,T01,fermo_1m_H,1,static
3156498,1,1,1,94,150,60,100,0,17,60,46,9,5,4,5,5,6,0,0,100,75,21,22,9,8,7,11,1,1787455367.9994798,G1,T01,fermo_1m_H,1,static
3156698,1,0,1,0,94,0,100,0,17,41,30,7,3,1,4,6,4,0,0,100,75,20,22,9,8,7,11,1,1787455368.1990395,G1,T01,fermo_1m_H,1,static
3156898,1,1,1,84,94,71,100,0,32,71,48,9,4,10,4,4,3,0,0,100,74,20,23,9,8,7,11,1,1787455368.3988762,G1,T01,fermo_1m_H,1,static
3157098,1,1,1,97,91,56,100,0,18,56,47,10,5,4,2,5,5,0,0,100,76,21,24,10,8,7,11,1,1787455368.5994458,G1,T01,fermo_1m_H,1,static
3157298,1,0,1,0,97,0,100,0,18,28,17,3,8,4,4,5,4,0,0,100,78,22,26,10,9,7,11,1,1787455368.79872,G1,T01,fermo_1m_H,1,static
3157498,1,0,1,0,91,0,100,0,17,48,40,10,5,9,3,6,4,0,0,100,79,23,27,10,9,8,11,1,1787455368.9996052,G1,T01,fermo_1m_H,1,static
3157698,1,1,1,111,101,56,100,0,17,56,56,13,4,5,4,6,6,0,0,100,79,22,28,10,9,8,11,1,1787455369.1996822,G1,T01,fermo_1m_H,1,static
3157898,1,1,1,93,111,58,100,0,16,58,44,8,1,4,5,5,6,0,0,100,81,21,28,9,9,8,11,1,1787455369.399134,G1,T01,fermo_1m_H,1,static
3158098,1,0,1,0,93,0,100,0,21,23,30,10,5,3,6,4,6,0,0,100,82,21,29,9,9,7,11,1,1787455369.5993276,G1,T01,fermo_1m_H,1,static
3158298,1,0,1,0,93,0,100,0,16,39,34,6,5,6,6,3,6,0,0,100,82,22,29,9,9,7,11,1,1787455369.799382,G1,T01,fermo_1m_H,1,static
3158498,1,0,1,0,93,0,100,0,29,50,36,9,5,8,7,4,5,0,0,100,82,23,30,10,9,7,11,1,1787455369.999123,G1,T01,fermo_1m_H,1,static
3158698,1,0,1,0,93,0,100,0,17,36,25,11,8,9,6,6,4,0,0,100,83,24,31,10,9,7,11,1,1787455370.1995645,G1,T01,fermo_1m_H,1,static
3158898,1,0,1,0,93,0,100,0,14,10,8,7,6,8,7,6,4,0,0,100,83,24,31,9,9,7,11,1,1787455370.39934,G1,T01,fermo_1m_H,1,static
3159098,1,0,1,0,93,0,100,0,14,23,29,7,5,7,8,4,5,0,0,100,83,23,31,10,9,7,11,1,1787455370.5994558,G1,T01,fermo_1m_H,1,static
3159298,1,1,1,150,93,43,100,0,14,46,43,9,1,3,9,4,6,0,0,100,83,23,30,10,9,7,11,1,1787455370.7991562,G1,T01,fermo_1m_H,1,static
3159498,1,1,1,95,92,54,100,0,16,54,43,11,6,5,8,7,7,0,0,100,82,23,28,10,9,7,11,1,1787455370.9998503,G1,T01,fermo_1m_H,1,static
3159698,1,1,1,82,95,69,100,0,25,69,39,6,2,4,8,7,4,0,0,100,79,23,28,10,9,7,11,1,1787455371.1991963,G1,T01,fermo_1m_H,1,static
3159898,1,1,1,99,90,74,100,0,15,74,62,7,7,10,8,6,5,0,0,100,77,24,30,10,9,7,11,1,1787455371.3998544,G1,T01,fermo_1m_H,1,static
3160098,1,1,1,108,96,66,100,0,16,66,63,10,7,8,4,4,5,0,0,100,78,26,32,10,9,7,11,1,1787455371.5993154,G1,T01,fermo_1m_H,1,static
3160298,1,0,1,0,108,0,100,0,16,19,13,2,4,6,4,4,5,0,0,100,79,27,33,11,9,7,11,1,1787455371.7993598,G1,T01,fermo_1m_H,1,static
3160498,1,1,1,96,108,70,100,0,20,70,57,7,9,6,7,5,5,0,0,100,78,28,36,11,8,7,11,1,1787455371.999803,G1,T01,fermo_1m_H,1,static
3160698,1,1,1,150,99,41,100,0,17,43,41,10,7,11,6,6,3,0,0,100,77,31,37,11,8,7,11,1,1787455372.1995904,G1,T01,fermo_1m_H,1,static
3160898,1,0,1,0,150,0,100,0,18,30,32,7,4,3,7,6,5,0,0,100,78,31,37,11,8,7,11,1,1787455372.399567,G1,T01,fermo_1m_H,1,static
3161098,1,0,1,0,150,0,100,0,18,35,35,9,3,6,9,5,6,0,0,100,79,30,34,10,8,7,11,1,1787455372.5995939,G1,T01,fermo_1m_H,1,static
3161298,1,0,1,0,150,0,100,0,18,31,32,9,4,3,10,4,6,0,0,100,79,28,33,11,8,7,11,1,1787455372.7997503,G1,T01,fermo_1m_H,1,static
3161498,1,0,1,0,150,0,100,0,19,39,33,7,5,5,8,5,7,0,0,100,79,28,32,11,8,7,11,1,1787455372.9994838,G1,T01,fermo_1m_H,1,static
3161698,1,0,1,0,150,0,100,0,28,38,24,5,6,7,7,4,5,0,0,100,77,29,33,11,8,6,11,1,1787455373.1993384,G1,T01,fermo_1m_H,1,static
3161898,1,0,1,0,150,0,100,0,19,15,3,3,5,7,7,5,5,0,0,100,74,30,33,11,7,6,11,1,1787455373.3990436,G1,T01,fermo_1m_H,1,static
3162098,1,0,1,0,150,0,100,0,16,12,7,5,7,6,5,4,6,0,0,100,72,30,33,12,7,6,11,1,1787455373.599716,G1,T01,fermo_1m_H,1,static
3162298,1,0,1,0,150,0,100,0,16,19,26,3,5,3,7,4,6,0,0,100,71,30,33,11,7,6,11,1,1787455373.7992253,G1,T01,fermo_1m_H,1,static
3162498,1,0,1,0,150,0,100,0,15,28,23,7,2,4,9,5,7,0,0,100,70,29,32,11,7,6,11,1,1787455373.9991813,G1,T01,fermo_1m_H,1,static
3162698,1,1,1,87,150,56,100,0,20,56,38,9,2,5,7,5,6,0,0,100,69,29,31,11,7,6,11,1,1787455374.1998873,G1,T01,fermo_1m_H,1,static
3162898,1,1,1,91,87,57,100,0,15,57,41,11,5,1,7,7,5,0,0,100,70,29,32,11,7,7,11,1,1787455374.3995683,G1,T01,fermo_1m_H,1,static
3163098,1,1,1,87,85,65,100,0,26,65,45,6,5,10,6,6,3,0,0,100,70,30,33,11,7,7,11,1,1787455374.5994923,G1,T01,fermo_1m_H,1,static
3163298,1,0,1,0,87,0,100,0,26,44,30,7,6,5,5,5,4,0,0,100,69,31,35,11,7,7,11,1,1787455374.7994998,G1,T01,fermo_1m_H,1,static
3163498,1,0,1,0,87,0,100,0,19,29,25,1,6,7,7,7,4,0,0,100,68,31,37,11,6,7,11,1,1787455374.9995794,G1,T01,fermo_1m_H,1,static
3163698,1,0,1,0,87,0,100,0,15,44,35,10,7,7,6,7,4,0,0,100,69,32,37,11,6,7,11,1,1787455375.1990776,G1,T01,fermo_1m_H,1,static
3163898,1,0,1,0,87,0,100,0,17,23,27,8,3,4,7,7,5,0,0,100,71,31,36,11,6,7,11,1,1787455375.399069,G1,T01,fermo_1m_H,1,static
3164098,1,0,1,0,87,0,100,0,19,35,31,6,1,5,8,6,7,0,0,100,71,29,33,10,6,7,11,1,1787455375.599212,G1,T01,fermo_1m_H,1,static
3164298,1,0,1,0,87,0,100,0,19,31,28,11,3,3,8,3,7,0,0,100,70,27,31,10,7,7,11,1,1787455375.799858,G1,T01,fermo_1m_H,1,static
3164498,1,1,1,150,87,41,100,0,20,47,41,11,7,6,7,4,6,0,0,100,69,26,30,10,7,7,11,1,1787455375.9994588,G1,T01,fermo_1m_H,1,static
3164698,1,0,1,0,150,0,100,0,18,33,19,4,8,9,7,5,6,0,0,100,68,25,29,10,7,7,11,1,1787455376.1991024,G1,T01,fermo_1m_H,1,static
3164898,1,0,1,0,150,0,100,0,17,16,10,5,8,8,7,5,6,0,0,100,66,24,29,10,7,7,11,1,1787455376.3995223,G1,T01,fermo_1m_H,1,static
3165098,1,0,1,0,150,0,100,0,17,14,5,5,7,7,7,5,5,0,0,100,63,25,30,10,6,7,11,1,1787455376.598845,G1,T01,fermo_1m_H,1,static
3165298,1,0,1,0,150,0,100,0,17,20,22,8,5,3,7,4,6,0,0,100,61,25,30,10,6,7,11,1,1787455376.7993357,G1,T01,fermo_1m_H,1,static
3165498,1,0,1,0,150,0,100,0,15,39,35,10,3,1,8,5,7,0,0,100,61,25,29,10,6,7,11,1,1787455376.999296,G1,T01,fermo_1m_H,1,static
3165698,1,0,1,0,150,0,100,0,15,41,31,9,1,4,9,5,6,0,0,100,62,24,28,10,7,7,11,1,1787455377.1996894,G1,T01,fermo_1m_H,1,static
3165898,1,0,1,0,150,0,100,0,20,50,34,8,7,1,5,6,5,0,0,100,64,24,27,10,7,7,11,1,1787455377.399657,G1,T01,fermo_1m_H,1,static
3166098,1,1,1,84,93,68,100,0,22,68,41,10,5,6,8,7,5,0,0,100,65,23,28,9,7,7,11,1,1787455377.599948,G1,T01,fermo_1m_H,1,static
3166298,1,0,1,0,89,0,100,0,18,30,21,10,7,9,7,6,3,0,0,100,66,24,29,9,8,8,11,1,1787455377.7990627,G1,T01,fermo_1m_H,1,static
3166498,1,0,1,0,89,0,100,0,13,19,15,4,7,3,6,7,4,0,0,100,67,24,30,9,8,8,11,1,1787455377.99973,G1,T01,fermo_1m_H,1,static
3166698,1,1,1,125,89,41,100,0,16,34,41,10,5,4,7,6,5,0,0,100,66,24,31,9,7,8,11,1,1787455378.1994026,G1,T01,fermo_1m_H,1,static
3166898,1,0,1,0,125,0,100,0,14,43,31,8,1,5,9,5,8,0,0,100,65,24,30,9,7,7,11,1,1787455378.399322,G1,T01,fermo_1m_H,1,static
3167098,1,0,1,0,125,0,100,0,17,19,24,9,2,2,9,4,5,0,0,100,66,24,27,9,7,7,11,1,1787455378.5998847,G1,T01,fermo_1m_H,1,static
3167298,1,0,1,0,125,0,100,0,23,40,29,8,6,4,7,3,5,0,0,100,66,23,26,9,7,7,11,1,1787455378.7998219,G1,T01,fermo_1m_H,1,static
3167498,1,0,1,0,125,0,100,0,16,30,25,9,6,7,6,3,5,0,0,100,66,22,24,9,8,7,11,1,1787455378.9998133,G1,T01,fermo_1m_H,1,static
3167698,1,0,1,0,125,0,100,0,18,38,25,5,5,9,6,5,5,0,0,100,67,21,24,10,8,7,11,1,1787455379.199781,G1,T01,fermo_1m_H,1,static
3167898,1,0,1,0,125,0,100,0,16,21,13,9,6,7,7,7,4,0,0,100,66,21,23,10,8,7,11,1,1787455379.3999467,G1,T01,fermo_1m_H,1,static
3168098,1,0,1,0,125,0,100,0,19,11,13,3,6,8,6,5,6,0,0,100,65,20,24,10,7,7,11,1,1787455379.599764,G1,T01,fermo_1m_H,1,static
3168298,1,0,1,0,125,0,100,0,13,20,24,3,6,7,6,5,7,0,0,100,63,21,24,9,7,7,11,1,1787455379.7998765,G1,T01,fermo_1m_H,1,static
3168498,1,1,1,150,113,42,100,0,17,50,42,10,1,3,7,4,7,0,0,100,64,20,23,9,7,7,11,1,1787455379.9999793,G1,T01,fermo_1m_H,1,static
3168698,1,0,1,0,150,0,100,0,16,38,29,6,4,5,6,7,5,0,0,100,66,21,22,9,7,7,11,1,1787455380.1995316,G1,T01,fermo_1m_H,1,static
3168898,1,1,1,93,87,71,100,0,18,71,54,11,8,3,4,7,3,0,0,100,68,20,22,9,7,7,11,1,1787455380.3999934,G1,T01,fermo_1m_H,1,static
3169098,1,1,1,89,94,71,100,0,27,71,51,11,5,9,7,7,4,0,0,100,71,20,23,9,8,7,11,1,1787455380.599398,G1,T01,fermo_1m_H,1,static
3169298,1,0,1,0,89,0,100,0,24,36,24,3,4,2,6,5,4,0,0,100,73,21,24,9,8,8,12,1,1787455380.7997696,G1,T01,fermo_1m_H,1,static
3169498,1,0,1,0,89,0,100,0,14,19,22,7,6,9,7,8,4,0,0,100,74,22,26,9,8,8,12,1,1787455380.9994135,G1,T01,fermo_1m_H,1,static
3169698,1,1,1,113,89,47,100,0,15,46,47,12,7,3,5,7,6,0,0,100,74,22,27,9,7,8,12,1,1787455381.1999671,G1,T01,fermo_1m_H,1,static
3169898,1,0,1,0,150,0,100,0,18,32,35,12,6,8,7,5,7,0,0,100,75,23,28,9,7,7,12,1,1787455381.3994856,G1,T01,fermo_1m_H,1,static
3170098,1,0,1,0,150,0,100,0,15,28,31,8,1,4,9,6,8,0,0,100,78,22,26,9,7,7,12,1,1787455381.5998902,G1,T01,fermo_1m_H,1,static
3170298,1,0,1,0,150,0,100,0,18,35,29,10,5,5,8,4,7,0,0,100,79,21,24,9,8,7,12,1,1787455381.799766,G1,T01,fermo_1m_H,1,static
3170498,1,0,1,0,150,0,100,0,24,40,29,8,6,8,7,4,7,0,0,100,79,21,24,9,8,7,12,1,1787455381.9998977,G1,T01,fermo_1m_H,1,static
3170698,1,0,1,0,150,0,100,0,19,45,30,9,7,8,8,6,6,0,0,100,79,21,24,10,7,7,12,1,1787455382.19997,G1,T01,fermo_1m_H,1,static
3170898,1,0,1,0,150,0,100,0,17,21,11,4,6,7,7,5,6,0,0,100,78,21,25,10,7,7,12,1,1787455382.3992832,G1,T01,fermo_1m_H,1,static
3171098,1,0,1,0,150,0,100,0,16,14,5,9,5,7,6,5,7,0,0,100,77,20,25,10,7,7,12,1,1787455382.5994678,G1,T01,fermo_1m_H,1,static
3171298,1,0,1,0,150,0,100,0,16,14,9,7,8,7,5,5,6,0,0,100,76,20,25,10,7,8,11,1,1787455382.7994382,G1,T01,fermo_1m_H,1,static
3171498,1,0,1,0,150,0,100,0,17,11,16,9,8,5,8,5,6,0,0,100,75,20,25,9,7,7,11,1,1787455382.999577,G1,T01,fermo_1m_H,1,static
3171698,1,0,1,0,150,0,100,0,16,22,20,9,5,2,7,5,6,0,0,100,74,20,24,9,7,7,11,1,1787455383.199444,G1,T01,fermo_1m_H,1,static
3171898,1,0,1,0,150,0,100,0,18,34,34,13,1,2,8,5,7,0,0,100,74,20,24,9,7,7,12,1,1787455383.399275,G1,T01,fermo_1m_H,1,static
3172098,1,1,1,99,150,55,100,0,16,55,47,9,6,2,6,7,6,0,0,100,75,21,23,9,7,7,12,1,1787455383.5993261,G1,T01,fermo_1m_H,1,static
3172298,1,1,1,93,90,51,100,0,16,51,39,9,8,1,6,7,3,0,0,100,76,21,23,9,8,8,12,1,1787455383.7995143,G1,T01,fermo_1m_H,1,static
3172498,1,0,1,0,93,0,100,0,18,35,22,5,4,5,7,7,4,0,0,100,76,21,25,9,8,8,11,1,1787455383.9990685,G1,T01,fermo_1m_H,1,static
3172698,1,0,1,0,93,0,100,0,15,23,23,4,7,1,7,7,4,0,0,100,74,20,26,9,8,8,11,1,1787455384.1995592,G1,T01,fermo_1m_H,1,static
3172898,1,0,1,0,93,0,100,0,17,28,23,9,6,6,7,6,6,0,0,100,74,20,26,9,7,8,12,1,1787455384.399562,G1,T01,fermo_1m_H,1,static
3173098,1,0,1,0,93,0,100,0,19,27,25,4,3,5,7,4,7,0,0,100,75,20,24,9,8,8,12,1,1787455384.59994,G1,T01,fermo_1m_H,1,static
3173298,1,0,1,0,93,0,100,0,21,34,28,8,2,3,7,3,7,0,0,100,75,20,21,9,8,8,11,1,1787455384.799549,G1,T01,fermo_1m_H,1,static
3173498,1,0,1,0,93,0,100,0,22,29,23,8,6,5,8,3,6,0,0,100,74,19,20,9,8,7,11,1,1787455384.9999976,G1,T01,fermo_1m_H,1,static
3173698,1,0,1,0,93,0,100,0,19,38,32,12,8,6,7,4,7,0,0,100,73,19,19,9,8,8,12,1,1787455385.1996443,G1,T01,fermo_1m_H,1,static
3173898,1,0,1,0,93,0,100,0,13,26,16,8,8,8,7,5,6,0,0,100,71,18,19,9,8,8,12,1,1787455385.3997998,G1,T01,fermo_1m_H,1,static
3174098,1,0,1,0,93,0,100,0,24,17,6,5,7,7,7,5,6,0,0,100,69,18,19,9,8,8,11,1,1787455385.5998454,G1,T01,fermo_1m_H,1,static
3174298,1,0,1,0,93,0,100,0,14,8,2,5,7,5,8,6,7,0,0,100,67,18,19,9,7,7,12,1,1787455385.7996986,G1,T01,fermo_1m_H,1,static
3174498,1,0,1,0,93,0,100,0,18,18,23,12,7,5,8,5,7,0,0,100,66,17,18,9,7,7,11,1,1787455386.000072,G1,T01,fermo_1m_H,1,static
3174698,1,0,1,0,93,0,100,0,16,31,32,10,2,2,8,5,8,0,0,100,67,17,18,8,7,7,11,1,1787455386.1995656,G1,T01,fermo_1m_H,1,static
3174898,1,0,1,0,93,0,100,0,15,29,24,3,2,5,7,4,6,0,0,100,68,18,17,8,8,7,12,1,1787455386.4000263,G1,T01,fermo_1m_H,1,static
3175098,1,1,1,91,93,54,100,0,15,54,39,12,7,5,6,7,5,0,0,100,69,18,17,8,8,7,12,1,1787455386.5999277,G1,T01,fermo_1m_H,1,static
3175298,1,1,1,83,86,58,100,0,19,58,33,4,6,1,6,7,4,0,0,100,71,18,18,8,8,8,11,1,1787455386.8000996,G1,T01,fermo_1m_H,1,static
3175498,1,0,1,0,83,0,100,0,25,13,12,5,8,2,7,6,5,0,0,100,72,18,18,8,8,8,12,1,1787455387.0000901,G1,T01,fermo_1m_H,1,static
3175698,1,0,1,0,83,0,100,0,16,16,22,6,6,5,7,6,6,0,0,100,73,19,18,8,8,8,12,1,1787455387.1995862,G1,T01,fermo_1m_H,1,static
3175898,1,0,1,0,83,0,100,0,14,49,37,9,3,5,8,6,7,0,0,100,73,19,18,8,8,8,12,1,1787455387.4001777,G1,T01,fermo_1m_H,1,static
3176098,1,0,1,0,83,0,100,0,16,37,28,3,6,4,8,4,6,0,0,100,72,19,18,8,8,8,12,1,1787455387.599671,G1,T01,fermo_1m_H,1,static
3176298,1,0,1,0,83,0,100,0,21,36,28,13,7,7,8,5,5,0,0,100,72,19,17,8,8,8,12,1,1787455387.8000476,G1,T01,fermo_1m_H,1,static
3176498,1,0,1,0,83,0,100,0,20,41,27,8,8,9,7,5,5,0,0,100,72,19,16,8,8,7,12,1,1787455387.9996815,G1,T01,fermo_1m_H,1,static
3176698,1,0,1,0,83,0,100,0,14,25,17,3,8,9,8,6,3,0,0,100,74,19,16,8,8,7,12,1,1787455388.1996684,G1,T01,fermo_1m_H,1,static
3176898,1,0,1,0,83,0,100,0,24,36,22,7,5,5,7,7,4,0,0,100,74,19,17,8,8,7,12,1,1787455388.400047,G1,T01,fermo_1m_H,1,static
3177098,1,0,1,0,83,0,100,0,17,10,14,4,6,4,8,6,3,0,0,100,73,18,18,8,8,8,11,1,1787455388.6000392,G1,T01,fermo_1m_H,1,static
3177298,1,1,1,118,83,57,100,0,15,54,57,15,3,2,9,4,6,0,0,100,72,17,18,8,8,7,12,1,1787455388.8004146,G1,T01,fermo_1m_H,1,static
3177498,1,1,1,150,106,45,100,0,15,48,45,12,7,6,7,5,5,0,0,100,75,18,18,8,8,8,12,1,1787455389.0005264,G1,T01,fermo_1m_H,1,static
3177698,1,1,1,91,94,67,100,0,16,67,48,12,7,1,6,6,5,0,0,100,76,19,19,8,9,8,12,1,1787455389.2003212,G1,T01,fermo_1m_H,1,static
3177898,1,1,1,93,91,73,100,0,23,73,57,3,6,13,7,6,5,0,0,100,74,20,21,8,8,8,11,1,1787455389.3995404,G1,T01,fermo_1m_H,1,static
3178098,1,1,1,150,93,42,100,0,18,46,42,9,7,3,4,5,6,0,0,100,73,22,23,9,8,8,11,1,1787455389.5997,G1,T01,fermo_1m_H,1,static
3178298,1,1,1,150,101,41,100,0,17,47,41,7,7,4,2,4,6,0,0,100,74,25,25,9,8,8,12,1,1787455389.8001778,G1,T01,fermo_1m_H,1,static
3178498,1,0,1,0,150,0,100,0,14,28,27,6,5,2,2,5,7,0,0,100,75,27,26,10,8,8,12,1,1787455390.0001423,G1,T01,fermo_1m_H,1,static
3178698,1,1,1,96,96,62,100,0,14,62,49,8,5,6,6,7,4,0,0,100,73,28,28,10,8,8,12,1,1787455390.2004542,G1,T01,fermo_1m_H,1,static
3178898,1,1,1,96,101,66,100,0,19,66,54,13,7,8,6,7,6,0,0,100,72,29,30,9,8,8,12,1,1787455390.4001133,G1,T01,fermo_1m_H,1,static
3179098,1,0,1,0,100,0,100,0,18,32,31,9,5,5,8,6,6,0,0,100,73,29,30,10,8,8,12,1,1787455390.6002536,G1,T01,fermo_1m_H,1,static
3179298,1,0,1,0,100,0,100,0,13,28,25,8,2,4,9,6,8,0,0,100,76,29,29,10,8,8,12,1,1787455390.8001456,G1,T01,fermo_1m_H,1,static
3179498,1,0,1,0,100,0,100,0,26,46,36,6,5,4,8,5,7,0,0,100,77,30,30,10,8,8,12,1,1787455390.9998372,G1,T01,fermo_1m_H,1,static
3179698,1,0,1,0,100,0,100,0,13,25,25,9,8,8,8,5,5,0,0,100,75,30,31,10,8,8,12,1,1787455391.2003994,G1,T01,fermo_1m_H,1,static
3179898,1,0,1,0,100,0,100,0,22,43,35,10,9,8,7,6,5,0,0,100,74,30,31,11,8,8,12,1,1787455391.3998094,G1,T01,fermo_1m_H,1,static
3180098,1,0,1,0,100,0,100,0,13,16,13,2,8,8,6,4,5,0,0,100,75,30,32,11,8,8,12,1,1787455391.6002755,G1,T01,fermo_1m_H,1,static
3180298,1,0,1,0,100,0,100,0,22,12,6,1,7,8,6,6,4,0,0,100,74,30,32,11,8,8,12,1,1787455391.8002195,G1,T01,fermo_1m_H,1,static
3180498,1,0,1,0,100,0,100,0,18,15,16,5,8,8,6,6,5,0,0,100,73,31,31,11,8,8,12,1,1787455392.000392,G1,T01,fermo_1m_H,1,static
3180698,1,0,1,0,100,0,100,0,16,37,38,11,5,4,7,5,6,0,0,100,71,30,31,11,8,7,12,1,1787455392.2004693,G1,T01,fermo_1m_H,1,static
3180898,1,0,1,0,150,0,100,0,15,37,28,8,4,5,7,4,6,0,0,100,71,31,30,11,8,7,12,1,1787455392.400087,G1,T01,fermo_1m_H,1,static
3181098,1,1,1,89,90,66,100,0,14,66,44,10,8,6,5,5,5,0,0,100,71,32,30,11,8,7,12,1,1787455392.6002982,G1,T01,fermo_1m_H,1,static
3181298,1,1,1,87,91,68,100,0,18,68,43,10,6,3,7,5,3,0,0,100,70,32,31,11,8,8,12,1,1787455392.8004277,G1,T01,fermo_1m_H,1,static
3181498,1,1,1,83,83,61,100,0,24,61,38,2,2,6,6,3,3,0,0,100,65,32,33,12,8,8,12,1,1787455393.0005314,G1,T01,fermo_1m_H,1,static
3181698,1,0,1,0,83,0,100,0,19,23,14,4,1,1,6,3,5,0,0,100,62,32,34,13,8,8,12,1,1787455393.2002966,G1,T01,fermo_1m_H,1,static
3181898,1,0,1,0,83,0,100,0,20,35,36,9,5,8,7,3,4,0,0,100,63,30,32,12,8,8,12,1,1787455393.3997617,G1,T01,fermo_1m_H,1,static
3182098,1,0,1,0,83,0,100,0,14,30,27,12,10,7,6,4,5,0,0,100,65,29,31,12,8,8,12,1,1787455393.6003253,G1,T01,fermo_1m_H,1,static
3182298,1,0,1,0,83,0,100,0,14,30,23,10,10,7,8,4,6,0,0,100,67,28,30,11,8,8,12,1,1787455393.8004243,G1,T01,fermo_1m_H,1,static
3182498,1,0,1,0,83,0,100,0,17,31,29,6,4,4,8,3,7,0,0,100,70,28,28,11,9,8,12,1,1787455393.999836,G1,T01,fermo_1m_H,1,static
3182698,1,0,1,0,86,0,100,0,35,43,28,8,1,6,7,2,8,0,0,100,72,27,27,11,10,8,12,1,1787455394.200415,G1,T01,fermo_1m_H,1,static
3182898,1,0,1,0,86,0,100,0,20,45,37,12,3,8,6,1,7,0,0,100,72,26,25,11,10,8,12,1,1787455394.400475,G1,T01,fermo_1m_H,1,static
3183098,1,0,1,0,84,0,100,0,25,36,16,8,9,8,7,1,7,0,0,100,70,25,25,10,11,8,12,1,1787455394.6004906,G1,T01,fermo_1m_H,1,static
3183298,1,0,1,0,84,0,100,0,20,23,17,3,8,4,7,2,6,0,0,100,65,26,26,10,10,8,12,1,1787455394.7998598,G1,T01,fermo_1m_H,1,static
3183498,1,0,1,0,84,0,100,0,14,17,12,5,7,2,7,2,5,0,0,100,64,26,26,9,10,8,12,1,1787455395.0004294,G1,T01,fermo_1m_H,1,static
3183698,1,0,1,0,84,0,100,0,17,19,15,2,5,2,6,1,6,0,0,100,64,25,25,9,10,8,12,1,1787455395.2001426,G1,T01,fermo_1m_H,1,static
3183898,1,0,1,0,84,0,100,0,13,39,40,10,3,7,7,2,7,0,0,100,63,24,25,9,11,8,12,1,1787455395.400465,G1,T01,fermo_1m_H,1,static
3184098,1,0,1,0,84,0,100,0,15,49,37,8,4,5,7,2,5,0,0,100,63,24,25,8,11,8,12,1,1787455395.600026,G1,T01,fermo_1m_H,1,static
3184298,1,1,1,93,97,70,100,0,17,70,53,10,5,10,5,4,4,0,0,100,65,25,26,9,11,8,12,1,1787455395.8000722,G1,T01,fermo_1m_H,1,static
3184498,1,1,1,93,90,96,100,0,32,96,75,11,6,11,5,3,5,0,0,100,67,26,28,9,11,9,12,1,1787455396.0003333,G1,T01,fermo_1m_H,1,static
3184698,1,1,1,99,96,83,100,0,16,83,69,10,6,6,2,1,8,0,0,100,69,28,29,9,11,9,12,1,1787455396.2005618,G1,T01,fermo_1m_H,1,static
3184898,1,0,1,0,117,0,100,0,13,10,5,3,3,6,3,3,8,0,0,100,70,29,30,10,10,9,12,1,1787455396.4004686,G1,T01,fermo_1m_H,1,static
3185098,1,1,1,99,100,89,100,0,13,89,73,6,7,4,4,3,6,0,0,100,71,31,31,10,9,9,12,1,1787455396.6005054,G1,T01,fermo_1m_H,1,static
3185298,1,1,1,116,101,48,100,0,19,46,48,13,7,10,6,5,5,0,0,100,72,32,32,10,10,9,12,1,1787455396.800501,G1,T01,fermo_1m_H,1,static
3185498,1,1,1,99,101,55,100,0,16,55,47,11,8,3,6,5,6,0,0,100,77,33,32,9,10,8,12,1,1787455397.000849,G1,T01,fermo_1m_H,1,static
3185698,1,0,1,0,99,0,100,0,19,42,37,10,6,8,9,4,7,0,0,100,83,33,30,9,10,8,12,1,1787455397.2005086,G1,T01,fermo_1m_H,1,static
3185898,1,1,1,92,99,51,100,0,25,51,42,10,2,3,9,3,8,0,0,100,86,33,29,9,10,8,12,1,1787455397.4001672,G1,T01,fermo_1m_H,1,static
3186098,1,0,1,0,92,0,100,0,24,40,29,7,8,10,8,2,6,0,0,100,84,34,29,10,10,8,12,1,1787455397.6003366,G1,T01,fermo_1m_H,1,static
3186298,1,0,1,0,92,0,100,0,16,27,20,4,9,10,7,2,6,0,0,100,80,33,29,10,10,8,12,1,1787455397.8000953,G1,T01,fermo_1m_H,1,static
3186498,1,0,1,0,92,0,100,0,15,22,16,9,7,8,7,3,6,0,0,100,77,32,30,10,9,8,12,1,1787455398.000514,G1,T01,fermo_1m_H,1,static
3186698,1,0,1,0,92,0,100,0,17,11,2,5,4,5,8,4,4,0,0,100,76,33,30,10,8,8,12,1,1787455398.2004313,G1,T01,fermo_1m_H,1,static
3186898,1,0,1,0,92,0,100,0,19,11,14,3,4,5,6,2,6,0,0,100,76,33,29,10,8,8,12,1,1787455398.4003208,G1,T01,fermo_1m_H,1,static
3187098,1,1,1,106,92,54,100,0,13,54,50,10,6,2,7,2,6,0,0,100,76,32,29,10,8,7,12,1,1787455398.600346,G1,T01,fermo_1m_H,1,static
3187298,1,1,1,99,101,61,100,0,13,61,51,11,1,1,5,5,6,0,0,100,78,32,29,10,8,8,12,1,1787455398.8007278,G1,T01,fermo_1m_H,1,static
3187498,1,1,1,86,91,65,100,0,22,65,42,8,8,10,5,4,4,0,0,100,79,32,30,10,8,8,11,1,1787455399.0000448,G1,T01,fermo_1m_H,1,static
3187698,1,1,1,89,89,72,100,0,23,72,51,11,8,9,5,3,4,0,0,100,81,32,32,10,8,8,12,1,1787455399.200236,G1,T01,fermo_1m_H,1,static
3187898,1,0,1,0,80,0,100,0,15,28,18,5,7,5,2,2,6,0,0,100,82,34,33,11,7,8,12,1,1787455399.4005072,G1,T01,fermo_1m_H,1,static
3188098,1,0,1,0,80,0,100,0,19,48,35,4,5,3,5,3,4,0,0,100,80,35,35,11,7,8,12,1,1787455399.6006188,G1,T01,fermo_1m_H,1,static
3188298,1,0,1,0,80,0,100,0,18,47,34,11,4,10,5,4,4,0,0,100,78,36,35,11,7,8,12,1,1787455399.8009355,G1,T01,fermo_1m_H,1,static
3188498,1,0,1,0,97,0,100,0,13,33,30,11,9,5,6,5,6,0,0,100,78,35,34,11,7,8,11,1,1787455400.0001533,G1,T01,fermo_1m_H,1,static
3188698,1,0,1,0,97,0,100,0,15,41,34,7,6,6,9,3,7,0,0,100,79,34,33,10,7,8,11,1,1787455400.1990924,G1,T01,fermo_1m_H,1,static
3188898,1,0,1,0,97,0,100,0,20,49,38,10,2,2,9,3,7,0,0,100,79,32,32,11,8,8,11,1,1787455400.4004498,G1,T01,fermo_1m_H,1,static
3189098,1,0,1,0,97,0,100,0,19,27,20,6,5,6,8,2,6,0,0,100,78,31,31,11,8,8,12,1,1787455400.600376,G1,T01,fermo_1m_H,1,static
3189298,1,0,1,0,97,0,100,0,13,16,14,6,7,7,6,2,6,0,0,100,76,30,29,11,8,8,12,1,1787455400.8004987,G1,T01,fermo_1m_H,1,static
3189498,1,0,1,0,97,0,100,0,17,11,11,6,6,8,5,2,7,0,0,100,71,29,28,11,7,8,12,1,1787455401.000591,G1,T01,fermo_1m_H,1,static
3189698,1,0,1,0,97,0,100,0,18,13,11,4,2,7,6,2,4,0,0,100,65,29,29,11,7,8,11,1,1787455401.2002356,G1,T01,fermo_1m_H,1,static
3189898,1,0,1,0,97,0,100,0,20,30,22,7,2,4,7,3,6,0,0,100,61,28,29,11,7,7,12,1,1787455401.400542,G1,T01,fermo_1m_H,1,static
3190098,1,0,1,0,97,0,100,0,14,15,12,8,3,2,7,4,5,0,0,100,61,27,28,11,7,7,12,1,1787455401.6001062,G1,T01,fermo_1m_H,1,static
3190298,1,0,1,0,97,0,100,0,15,8,10,4,2,2,6,4,6,0,0,100,60,27,27,10,7,7,12,1,1787455401.8002079,G1,T01,fermo_1m_H,1,static
3190498,1,0,1,0,97,0,100,0,14,16,15,3,3,5,6,3,6,0,0,100,59,26,27,10,7,7,12,1,1787455402.0005903,G1,T01,fermo_1m_H,1,static
3190698,1,1,1,123,97,41,100,0,14,37,41,12,7,9,6,2,6,0,0,100,60,25,28,10,7,7,11,1,1787455402.200114,G1,T01,fermo_1m_H,1,static
3190898,1,0,1,0,123,0,100,0,15,28,24,3,6,5,8,3,5,0,0,100,63,26,28,10,7,7,12,1,1787455402.4005127,G1,T01,fermo_1m_H,1,static
3191098,1,0,1,0,123,0,100,0,14,50,32,9,2,6,5,5,4,0,0,100,64,27,27,10,7,8,11,1,1787455402.6002505,G1,T01,fermo_1m_H,1,static
3191298,1,1,1,90,88,84,100,0,20,84,58,9,10,6,5,5,2,0,0,100,62,27,28,11,7,8,11,1,1787455402.8001962,G1,T01,fermo_1m_H,1,static
3191498,1,1,1,94,91,76,100,0,25,76,61,10,8,5,3,3,3,0,0,100,61,29,29,11,7,8,11,1,1787455403.000744,G1,T01,fermo_1m_H,1,static
3191698,1,1,1,97,109,52,100,0,23,52,45,11,7,7,4,3,5,0,0,100,63,30,28,12,7,8,11,1,1787455403.20081,G1,T01,fermo_1m_H,1,static
3191898,1,1,1,102,97,65,100,0,22,65,59,11,1,5,3,3,4,0,0,100,63,31,28,12,7,8,12,1,1787455403.4001358,G1,T01,fermo_1m_H,1,static
3192098,1,1,1,97,99,64,100,0,15,64,52,10,6,10,5,4,3,0,0,100,63,31,29,11,7,7,12,1,1787455403.600228,G1,T01,fermo_1m_H,1,static
3192298,1,0,1,0,96,0,100,0,17,35,32,10,10,7,6,5,5,0,0,100,67,31,28,11,7,8,12,1,1787455403.8007495,G1,T01,fermo_1m_H,1,static
3192498,1,0,1,0,96,0,100,0,24,38,37,10,2,8,9,5,5,0,0,100,69,30,27,12,8,8,12,1,1787455404.0006616,G1,T01,fermo_1m_H,1,static
3192698,1,0,1,0,96,0,100,0,21,41,34,8,3,4,8,3,6,0,0,100,67,29,27,12,7,7,12,1,1787455404.2006078,G1,T01,fermo_1m_H,1,static
3192898,1,1,1,94,91,52,100,0,16,52,42,8,9,10,6,3,5,0,0,100,64,30,28,12,7,7,12,1,1787455404.4009242,G1,T01,fermo_1m_H,1,static
3193098,1,0,1,0,94,0,100,0,16,31,30,7,6,8,6,3,4,0,0,100,63,31,29,11,7,7,12,1,1787455404.6005564,G1,T01,fermo_1m_H,1,static
3193298,1,0,1,0,94,0,100,0,14,9,10,8,4,8,6,3,4,0,0,100,65,31,28,11,8,7,12,1,1787455404.8001833,G1,T01,fermo_1m_H,1,static
3193498,1,0,1,0,94,0,100,0,13,13,13,8,2,8,7,3,4,0,0,100,67,31,28,11,8,7,12,1,1787455405.0006387,G1,T01,fermo_1m_H,1,static
3193698,1,0,1,0,94,0,100,0,20,13,16,5,3,3,6,4,5,0,0,100,69,30,28,11,8,7,12,1,1787455405.2001946,G1,T01,fermo_1m_H,1,static
3193898,1,0,1,0,94,0,100,0,19,28,29,10,5,6,5,2,6,0,0,100,70,30,28,11,8,7,11,1,1787455405.4007003,G1,T01,fermo_1m_H,1,static
3194098,1,1,1,101,119,53,100,0,14,53,47,11,6,6,8,4,6,0,0,100,73,31,28,11,8,7,12,1,1787455405.6008267,G1,T01,fermo_1m_H,1,static
3194298,1,1,1,91,94,66,100,0,15,66,47,3,2,7,6,5,4,0,0,100,75,31,29,10,9,8,12,1,1787455405.8005202,G1,T01,fermo_1m_H,1,static
3194498,1,1,1,91,88,74,100,0,20,74,54,9,10,8,5,4,3,0,0,100,76,32,31,10,9,8,12,1,1787455406.000876,G1,T01,fermo_1m_H,1,static
3194698,1,1,1,97,97,69,100,0,27,69,59,9,10,5,2,3,8,0,0,100,75,35,32,11,8,8,12,1,1787455406.200512,G1,T01,fermo_1m_H,1,static
3194898,1,1,1,121,97,52,100,0,17,47,52,13,3,5,3,2,7,0,0,100,73,36,33,11,8,8,12,1,1787455406.4010043,G1,T01,fermo_1m_H,1,static
3195098,1,0,1,0,100,0,100,0,21,15,7,6,4,5,4,3,7,0,0,100,75,38,34,12,8,8,12,1,1787455406.6003528,G1,T01,fermo_1m_H,1,static
3195298,1,1,1,94,100,67,100,0,19,67,52,6,2,7,4,3,5,0,0,100,75,40,34,12,7,7,12,1,1787455406.801074,G1,T01,fermo_1m_H,1,static
3195498,1,1,1,101,105,68,100,0,17,68,59,8,12,9,4,5,4,0,0,100,74,40,34,11,7,7,12,1,1787455407.0010927,G1,T01,fermo_1m_H,1,static
3195698,1,1,1,113,106,50,100,0,17,49,50,11,9,7,6,4,4,0,0,100,75,40,34,11,7,7,11,1,1787455407.2004838,G1,T01,fermo_1m_H,1,static
3195898,1,0,1,0,150,0,100,0,20,48,36,8,7,3,9,4,5,0,0,100,76,39,32,11,7,7,12,1,1787455407.4002633,G1,T01,fermo_1m_H,1,static
3196098,1,0,1,0,150,0,100,0,31,23,21,8,3,8,9,4,4,0,0,100,79,37,30,12,7,7,12,1,1787455407.600171,G1,T01,fermo_1m_H,1,static
3196298,1,0,1,0,150,0,100,0,21,41,29,9,5,9,7,4,4,0,0,100,76,36,30,12,7,7,12,1,1787455407.8006008,G1,T01,fermo_1m_H,1,static
3196498,1,0,1,0,150,0,100,0,16,40,31,9,6,8,6,3,3,0,0,100,72,37,30,12,6,7,12,1,1787455408.0005987,G1,T01,fermo_1m_H,1,static
3196698,1,0,1,0,150,0,100,0,13,43,25,10,3,3,7,5,1,0,0,100,70,38,30,12,6,7,12,1,1787455408.2010276,G1,T01,fermo_1m_H,1,static
3196898,1,0,1,0,150,0,100,0,14,11,12,8,4,4,5,5,2,0,0,100,71,37,28,12,7,7,12,1,1787455408.4008286,G1,T01,fermo_1m_H,1,static
3197098,1,0,1,0,150,0,100,0,17,14,21,7,2,6,6,3,2,0,0,100,72,36,27,12,7,7,12,1,1787455408.600825,G1,T01,fermo_1m_H,1,static
3197298,1,0,1,0,150,0,100,0,16,35,39,11,3,11,6,2,3,0,0,100,70,35,27,12,7,7,12,1,1787455408.8011153,G1,T01,fermo_1m_H,1,static
3197498,1,0,1,0,101,0,100,0,18,48,40,9,9,3,8,4,2,0,0,100,73,35,27,12,7,7,12,1,1787455409.0003095,G1,T01,fermo_1m_H,1,static
3197698,1,1,1,89,101,54,100,0,18,54,38,10,2,8,6,5,1,0,0,100,75,36,27,13,7,8,11,1,1787455409.2012994,G1,T01,fermo_1m_H,1,static
3197898,1,1,1,90,89,66,100,0,20,66,48,8,9,5,6,4,2,0,0,100,75,37,29,13,7,8,12,1,1787455409.400424,G1,T01,fermo_1m_H,1,static
3198098,1,1,1,95,90,80,100,0,23,80,64,10,8,4,4,3,3,0,0,100,72,38,30,13,7,8,12,1,1787455409.6004074,G1,T01,fermo_1m_H,1,static
3198298,1,0,1,0,100,0,100,0,16,27,25,3,2,6,3,3,2,0,0,100,71,40,31,14,6,8,12,1,1787455409.800235,G1,T01,fermo_1m_H,1,static
3198498,1,0,1,0,100,0,100,0,15,37,31,9,4,8,5,5,2,0,0,100,71,41,31,14,6,7,11,1,1787455410.0008643,G1,T01,fermo_1m_H,1,static
3198698,1,1,1,104,100,54,100,0,14,54,50,9,9,10,6,5,1,0,0,100,72,40,31,13,6,7,11,1,1787455410.2010899,G1,T01,fermo_1m_H,1,static
3198898,1,1,1,117,114,42,100,0,18,39,42,8,5,7,8,4,1,0,0,100,73,39,31,13,7,7,11,1,1787455410.401231,G1,T01,fermo_1m_H,1,static
3199098,1,0,1,0,117,0,100,0,15,42,34,11,9,2,10,5,3,0,0,100,72,38,30,13,7,8,11,1,1787455410.6012053,G1,T01,fermo_1m_H,1,static
3199298,1,0,1,0,117,0,100,0,22,37,28,7,5,7,7,3,2,0,0,100,73,35,29,14,7,8,11,1,1787455410.80035,G1,T01,fermo_1m_H,1,static
3199498,1,0,1,0,117,0,100,0,21,38,27,9,3,8,5,2,2,0,0,100,73,33,27,14,7,8,11,1,1787455411.001023,G1,T01,fermo_1m_H,1,static
3199698,1,0,1,0,117,0,100,0,26,47,32,7,4,4,6,4,2,0,0,100,72,32,27,14,7,8,11,1,1787455411.200486,G1,T01,fermo_1m_H,1,static
3199898,1,0,1,0,117,0,100,0,14,24,20,11,3,3,4,5,2,0,0,100,71,32,27,13,7,8,11,1,1787455411.4004889,G1,T01,fermo_1m_H,1,static
3200098,1,0,1,0,117,0,100,0,17,14,6,3,3,3,4,5,2,0,0,100,70,32,26,12,7,8,11,1,1787455411.6008308,G1,T01,fermo_1m_H,1,static
3200298,1,0,1,0,117,0,100,0,15,38,40,10,1,9,6,4,2,0,0,100,70,31,26,12,7,8,11,1,1787455411.800874,G1,T01,fermo_1m_H,1,static
3200498,1,1,1,105,107,66,100,0,18,66,61,14,10,2,8,4,1,0,0,100,74,31,25,12,7,8,11,1,1787455412.0013516,G1,T01,fermo_1m_H,1,static
3200698,1,1,1,98,103,64,100,0,17,64,54,10,3,9,6,5,2,0,0,100,76,32,26,12,8,8,11,1,1787455412.2013888,G1,T01,fermo_1m_H,1,static
3200898,1,1,1,95,89,96,100,0,23,96,75,11,10,8,4,5,4,0,0,100,77,33,28,12,8,8,11,1,1787455412.4012847,G1,T01,fermo_1m_H,1,static
3201098,1,1,1,103,103,95,100,0,27,95,87,13,10,7,3,4,3,0,0,100,78,35,30,13,7,8,11,1,1787455412.6014743,G1,T01,fermo_1m_H,1,static
3201298,1,0,1,0,103,0,100,0,15,13,6,5,1,6,4,4,2,0,0,100,80,38,32,13,7,8,11,1,1787455412.8003957,G1,T01,fermo_1m_H,1,static
3201498,1,0,1,0,103,0,100,0,16,40,40,5,7,9,6,5,3,0,0,100,77,39,34,13,6,8,11,1,1787455413.000905,G1,T01,fermo_1m_H,1,static
3201698,1,1,1,114,107,58,100,0,16,57,58,13,9,8,6,5,1,0,0,100,76,40,35,12,6,8,11,1,1787455413.2014263,G1,T01,fermo_1m_H,1,static
3201898,1,1,1,150,124,44,100,0,14,50,44,7,4,4,10,4,1,0,0,100,79,41,34,13,6,7,11,1,1787455413.401183,G1,T01,fermo_1m_H,1,static
3202098,1,0,1,0,150,0,100,0,16,27,35,13,8,2,11,3,1,0,0,100,81,40,32,13,6,7,11,1,1787455413.6005025,G1,T01,fermo_1m_H,1,static
3202298,1,0,1,0,150,0,100,0,16,34,29,5,6,6,9,4,3,0,0,100,81,38,31,13,6,7,11,1,1787455413.8006866,G1,T01,fermo_1m_H,1,static
3202498,1,0,1,0,150,0,100,0,13,29,26,9,3,7,5,4,4,0,0,100,81,36,30,14,6,7,11,1,1787455414.000853,G1,T01,fermo_1m_H,1,static
3202698,1,0,1,0,88,0,100,0,18,47,31,6,3,3,4,5,6,0,0,100,81,35,28,14,6,7,11,1,1787455414.200543,G1,T01,fermo_1m_H,1,static
3202898,1,0,1,0,88,0,100,0,14,16,16,8,3,3,2,4,7,0,0,100,80,33,28,14,6,8,11,1,1787455414.4005146,G1,T01,fermo_1m_H,1,static
3203098,1,0,1,0,88,0,100,0,15,14,17,5,2,5,4,4,6,0,0,100,79,33,28,13,6,7,12,1,1787455414.6006236,G1,T01,fermo_1m_H,1,static
3203298,1,0,1,0,88,0,100,0,15,31,36,10,1,9,5,1,6,0,0,100,78,33,28,12,6,7,11,1,1787455414.8011754,G1,T01,fermo_1m_H,1,static
3203498,1,1,1,116,132,50,100,0,19,49,50,10,8,6,7,3,4,0,0,100,81,32,28,12,6,7,11,1,1787455415.00094,G1,T01,fermo_1m_H,1,static
3203698,1,0,1,0,116,0,100,0,14,43,35,10,9,4,8,4,5,0,0,100,83,32,27,13,7,7,12,1,1787455415.2011313,G1,T01,fermo_1m_H,1,static
3203898,1,1,1,97,93,69,100,0,16,69,56,9,3,10,3,5,6,0,0,100,83,33,28,13,7,7,12,1,1787455415.4012384,G1,T01,fermo_1m_H,1,static
3204098,1,1,1,92,89,60,100,0,18,60,45,7,10,7,4,5,7,0,0,100,82,35,30,13,7,8,12,1,1787455415.6012034,G1,T01,fermo_1m_H,1,static
3204298,1,0,1,0,92,0,100,0,16,14,14,7,5,3,5,5,6,0,0,100,81,36,31,13,7,8,11,1,1787455415.8010263,G1,T01,fermo_1m_H,1,static
3204498,1,0,1,0,92,0,100,0,15,21,22,2,2,3,7,7,6,0,0,100,79,36,31,12,7,8,11,1,1787455416.0008843,G1,T01,fermo_1m_H,1,static
3204698,1,1,1,150,92,41,100,0,24,50,41,8,9,8,10,5,3,0,0,100,77,36,31,12,6,8,12,1,1787455416.2013712,G1,T01,fermo_1m_H,1,static
3204898,1,0,1,0,150,0,100,0,16,35,31,10,7,2,8,4,4,0,0,100,77,35,30,13,6,7,12,1,1787455416.4012108,G1,T01,fermo_1m_H,1,static
3205098,1,0,1,0,150,0,100,0,22,35,28,13,5,7,5,2,5,0,0,100,77,33,28,12,7,8,11,1,1787455416.6010194,G1,T01,fermo_1m_H,1,static
3205298,1,0,1,0,150,0,100,0,17,35,29,10,1,7,6,4,7,0,0,100,77,30,27,12,7,8,12,1,1787455416.8006773,G1,T01,fermo_1m_H,1,static
3205498,1,0,1,0,150,0,100,0,13,32,25,10,3,2,6,4,6,0,0,100,79,28,26,12,7,8,12,1,1787455417.0006914,G1,T01,fermo_1m_H,1,static
3205698,1,0,1,0,150,0,100,0,16,29,21,5,4,1,7,6,6,0,0,100,79,26,25,12,8,8,11,1,1787455417.20076,G1,T01,fermo_1m_H,1,static
3205898,1,0,1,0,150,0,100,0,19,23,18,6,2,4,6,5,6,0,0,100,78,24,24,11,8,8,12,1,1787455417.4011445,G1,T01,fermo_1m_H,1,static
3206098,1,1,1,113,114,59,100,0,16,59,59,11,3,7,7,4,3,0,0,100,77,22,24,11,8,8,11,1,1787455417.6014802,G1,T01,fermo_1m_H,1,static
3206298,1,1,1,100,121,53,100,0,19,53,47,11,8,3,8,4,4,0,0,100,80,23,24,10,8,8,12,1,1787455417.8016803,G1,T01,fermo_1m_H,1,static
3206498,1,1,1,96,93,66,100,0,20,66,54,10,5,8,6,5,6,0,0,100,81,24,23,10,9,8,12,1,1787455418.0012612,G1,T01,fermo_1m_H,1,static
3206698,1,1,1,94,98,71,100,0,19,71,55,5,8,7,5,5,7,0,0,100,81,25,24,10,9,9,11,1,1787455418.2007318,G1,T01,fermo_1m_H,1,static
3206898,1,1,1,103,94,83,100,0,22,83,75,14,8,7,4,5,5,0,0,100,81,27,26,11,8,9,11,1,1787455418.401359,G1,T01,fermo_1m_H,1,static
3207098,1,1,1,111,105,73,100,0,15,73,73,12,8,6,3,3,4,0,0,100,83,30,28,11,8,9,11,1,1787455418.6015093,G1,T01,fermo_1m_H,1,static
3207298,1,0,1,0,111,0,100,0,21,28,16,6,6,6,3,4,4,0,0,100,87,32,28,12,8,9,12,1,1787455418.8011415,G1,T01,fermo_1m_H,1,static
3207498,1,1,1,101,111,56,100,0,18,56,50,11,1,7,3,4,5,0,0,100,86,34,29,12,8,9,12,1,1787455419.0015488,G1,T01,fermo_1m_H,1,static
3207698,1,1,1,117,104,54,100,0,13,51,54,8,10,8,6,5,5,0,0,100,83,35,31,12,7,8,12,1,1787455419.2015023,G1,T01,fermo_1m_H,1,static
3207898,1,1,1,105,110,52,100,0,21,52,49,8,12,7,7,5,6,0,0,100,83,36,32,12,7,8,11,1,1787455419.4013112,G1,T01,fermo_1m_H,1,static
3208098,1,1,1,150,100,43,100,0,16,46,43,5,6,2,10,5,4,0,0,100,85,36,30,12,7,8,12,1,1787455419.601328,G1,T01,fermo_1m_H,1,static
3208298,1,0,1,0,150,0,100,0,19,40,31,12,8,6,9,3,2,0,0,100,87,35,29,13,7,8,12,1,1787455419.8012059,G1,T01,fermo_1m_H,1,static
3208498,1,0,1,0,97,0,100,0,24,46,30,9,3,7,6,4,4,0,0,100,86,35,29,14,7,8,12,1,1787455420.0011933,G1,T01,fermo_1m_H,1,static
3208698,1,0,1,0,97,0,100,0,17,33,25,7,1,6,4,5,5,0,0,100,84,34,30,14,6,8,12,1,1787455420.2002811,G1,T01,fermo_1m_H,1,static
3208898,1,0,1,0,97,0,100,0,16,11,6,4,1,5,5,5,5,0,0,100,82,34,30,13,6,8,12,1,1787455420.40052,G1,T01,fermo_1m_H,1,static
3209098,1,0,1,0,97,0,100,0,15,19,9,6,1,5,5,5,5,0,0,100,81,34,28,14,6,8,12,1,1787455420.6006935,G1,T01,fermo_1m_H,1,static
3209298,1,0,1,0,97,0,100,0,16,15,22,9,3,6,5,4,5,0,0,100,80,33,27,14,6,8,11,1,1787455420.8012204,G1,T01,fermo_1m_H,1,static
3209498,1,1,1,104,97,56,100,0,17,56,52,12,5,8,6,4,3,0,0,100,79,33,27,14,6,8,11,1,1787455421.0014706,G1,T01,fermo_1m_H,1,static
3209698,1,1,1,105,103,59,100,0,21,59,55,11,8,7,6,5,4,0,0,100,81,34,27,14,6,8,11,1,1787455421.2016323,G1,T01,fermo_1m_H,1,static
3209898,1,1,1,94,96,84,100,0,15,84,63,10,6,5,6,5,7,0,0,100,82,36,29,14,6,8,12,1,1787455421.4016886,G1,T01,fermo_1m_H,1,static
3210098,1,1,1,99,95,87,100,0,25,87,73,12,8,8,5,5,6,0,0,100,80,38,30,14,5,8,12,1,1787455421.6015122,G1,T01,fermo_1m_H,1,static
3210298,1,1,1,99,101,60,100,0,25,60,53,9,5,6,2,4,4,0,0,100,79,40,32,15,5,8,11,1,1787455421.8013673,G1,T01,fermo_1m_H,1,static
3210498,1,0,1,0,99,0,100,0,31,39,22,4,1,5,2,3,5,0,0,100,78,41,33,15,5,7,11,1,1787455422.0010798,G1,T01,fermo_1m_H,1,static
3210698,1,0,1,0,99,0,100,0,18,32,34,10,7,7,4,4,6,0,0,100,78,42,33,15,5,7,11,1,1787455422.2011213,G1,T01,fermo_1m_H,1,static
3210898,1,1,1,110,100,53,100,0,16,53,51,7,8,10,5,6,5,0,0,100,77,42,33,15,5,7,11,1,1787455422.4014254,G1,T01,fermo_1m_H,1,static
3211098,1,0,1,0,150,0,100,0,16,39,37,12,6,3,8,5,6,0,0,100,76,41,32,14,5,7,12,1,1787455422.6012554,G1,T01,fermo_1m_H,1,static
3211298,1,1,1,150,101,42,100,0,21,46,42,11,8,1,12,4,4,0,0,100,74,40,31,14,5,7,12,1,1787455422.8015764,G1,T01,fermo_1m_H,1,static
3211498,1,0,1,0,150,0,100,0,16,33,28,8,6,7,9,4,4,0,0,100,73,38,31,14,5,7,12,1,1787455423.0007944,G1,T01,fermo_1m_H,1,static
3211698,1,0,1,0,150,0,100,0,18,25,20,9,5,7,7,4,5,0,0,100,72,37,30,15,5,7,12,1,1787455423.2014968,G1,T01,fermo_1m_H,1,static
3211898,1,0,1,0,150,0,100,0,15,38,28,6,1,7,8,5,5,0,0,100,70,35,29,14,5,7,12,1,1787455423.4011145,G1,T01,fermo_1m_H,1,static
3212098,1,0,1,0,150,0,100,0,19,13,11,3,1,5,7,5,7,0,0,100,68,34,30,14,5,7,12,1,1787455423.6012125,G1,T01,fermo_1m_H,1,static
3212298,1,0,1,0,150,0,100,0,23,28,17,6,3,3,6,5,7,0,0,100,67,34,29,13,5,7,12,1,1787455423.8013148,G1,T01,fermo_1m_H,1,static
3212498,1,0,1,0,150,0,100,0,17,18,23,8,2,6,8,4,5,0,0,100,66,34,29,12,5,7,12,1,1787455424.0012286,G1,T01,fermo_1m_H,1,static
3212698,1,1,1,108,125,56,100,0,17,56,54,14,5,8,8,3,5,0,0,100,69,33,28,12,5,7,12,1,1787455424.2016594,G1,T01,fermo_1m_H,1,static
3212898,1,0,1,0,115,0,100,0,13,43,39,11,8,5,8,4,5,0,0,100,72,34,28,13,6,7,11,1,1787455424.4011753,G1,T01,fermo_1m_H,1,static
3213098,1,1,1,89,97,57,100,0,19,57,40,8,3,9,6,5,6,0,0,100,74,35,29,13,6,8,11,1,1787455424.6014602,G1,T01,fermo_1m_H,1,static
3213298,1,1,1,91,90,55,100,0,22,55,43,6,10,6,6,5,6,0,0,100,74,36,31,13,6,8,12,1,1787455424.8007734,G1,T01,fermo_1m_H,1,static
3213498,1,0,1,0,91,0,100,0,18,35,28,11,2,9,6,5,5,0,0,100,72,39,32,12,6,8,12,1,1787455425.0014565,G1,T01,fermo_1m_H,1,static
3213698,1,0,1,0,91,0,100,0,18,14,8,7,4,7,6,6,5,0,0,100,68,39,33,12,6,8,12,1,1787455425.2005684,G1,T01,fermo_1m_H,1,static
3213898,1,0,1,0,91,0,100,0,13,44,34,2,11,4,7,6,4,0,0,100,66,39,33,12,6,8,11,1,1787455425.4013457,G1,T01,fermo_1m_H,1,static
3214098,1,0,1,0,91,0,100,0,16,37,30,5,5,4,10,5,4,0,0,100,68,39,32,12,6,7,11,1,1787455425.6010458,G1,T01,fermo_1m_H,1,static
3214298,1,1,1,89,91,54,100,0,26,54,41,10,6,6,10,5,2,0,0,100,67,37,30,12,6,8,12,1,1787455425.801037,G1,T01,fermo_1m_H,1,static
3214498,1,0,1,0,89,0,100,0,22,41,30,8,4,8,7,4,4,0,0,100,66,35,30,12,6,8,12,1,1787455426.0007815,G1,T01,fermo_1m_H,1,static
3214698,1,0,1,0,89,0,100,0,17,32,22,5,1,6,7,5,6,0,0,100,66,33,29,12,6,8,12,1,1787455426.2007947,G1,T01,fermo_1m_H,1,static
3214898,1,0,1,0,89,0,100,0,19,38,26,6,1,3,6,6,5,0,0,100,66,31,28,12,6,8,11,1,1787455426.4010704,G1,T01,fermo_1m_H,1,static
3215098,1,0,1,0,89,0,100,0,15,23,8,7,3,2,5,6,6,0,0,100,65,28,27,12,6,8,12,1,1787455426.6012936,G1,T01,fermo_1m_H,1,static
3215298,1,0,1,0,89,0,100,0,19,13,5,8,4,2,6,6,6,0,0,100,64,27,27,11,7,7,12,1,1787455426.8008306,G1,T01,fermo_1m_H,1,static
3215498,1,0,1,0,89,0,100,0,19,31,38,11,1,7,6,4,6,0,0,100,64,26,26,10,7,8,12,1,1787455427.0014238,G1,T01,fermo_1m_H,1,static
3215698,1,1,1,96,124,79,100,0,23,79,64,12,5,8,9,4,3,0,0,100,67,25,26,10,7,8,12,1,1787455427.2017088,G1,T01,fermo_1m_H,1,static
3215898,1,1,1,103,104,56,100,0,13,56,50,11,6,8,8,4,5,0,0,100,71,26,25,10,7,8,11,1,1787455427.4014757,G1,T01,fermo_1m_H,1,static
3216098,1,1,1,88,94,76,100,0,22,76,51,9,6,6,5,5,8,0,0,100,72,26,26,11,7,8,12,1,1787455427.6016552,G1,T01,fermo_1m_H,1,static
3216298,1,1,1,87,93,65,100,0,30,65,48,9,6,8,5,4,6,0,0,100,70,28,28,11,7,9,12,1,1787455427.8009956,G1,T01,fermo_1m_H,1,static
3216498,1,0,1,0,87,0,100,0,14,28,23,7,6,3,4,4,6,0,0,100,71,30,29,12,7,8,12,1,1787455428.0013523,G1,T01,fermo_1m_H,1,static
3216698,1,0,1,0,87,0,100,0,18,15,11,2,3,6,5,5,6,0,0,100,68,33,29,12,6,8,12,1,1787455428.2012875,G1,T01,fermo_1m_H,1,static
3216898,1,0,1,0,87,0,100,0,15,47,37,5,7,10,6,6,4,0,0,100,63,33,31,11,6,8,11,1,1787455428.4014897,G1,T01,fermo_1m_H,1,static
3217098,1,0,1,0,90,0,100,0,17,35,34,11,3,6,8,5,3,0,0,100,62,33,31,11,6,8,12,1,1787455428.6014953,G1,T01,fermo_1m_H,1,static
3217298,1,0,1,0,150,0,100,0,17,43,38,12,9,1,10,3,3,0,0,100,63,33,30,12,6,8,12,1,1787455428.800899,G1,T01,fermo_1m_H,1,static
3217498,1,0,1,0,150,0,100,0,23,42,27,7,3,6,8,4,3,0,0,100,65,31,28,12,6,8,11,1,1787455429.001478,G1,T01,fermo_1m_H,1,static
3217698,1,0,1,0,150,0,100,0,20,32,22,11,1,8,7,3,5,0,0,100,65,30,28,12,6,8,12,1,1787455429.2016594,G1,T01,fermo_1m_H,1,static
3217898,1,0,1,0,150,0,100,0,18,31,24,7,2,5,6,4,6,0,0,100,66,29,28,12,6,8,12,1,1787455429.4016228,G1,T01,fermo_1m_H,1,static
3218098,1,0,1,0,150,0,100,0,16,32,26,8,4,2,7,5,7,0,0,100,66,27,27,12,6,8,12,1,1787455429.601508,G1,T01,fermo_1m_H,1,static
3218298,1,0,1,0,150,0,100,0,17,17,7,4,3,2,6,7,7,0,0,100,66,26,27,11,7,8,12,1,1787455429.801523,G1,T01,fermo_1m_H,1,static
3218498,1,0,1,0,150,0,100,0,19,24,25,6,3,4,6,4,7,0,0,100,66,26,27,11,6,8,11,1,1787455430.001601,G1,T01,fermo_1m_H,1,static
3218698,1,1,1,150,150,49,100,0,13,49,49,9,4,11,7,4,4,0,0,100,66,25,26,11,6,8,12,1,1787455430.2016115,G1,T01,fermo_1m_H,1,static
3218898,1,1,1,94,150,66,100,0,20,66,52,10,8,3,9,4,4,0,0,100,69,26,25,12,7,8,12,1,1787455430.4010143,G1,T01,fermo_1m_H,1,static
3219098,1,1,1,96,96,59,100,0,17,59,47,8,5,10,6,5,6,0,0,100,71,29,26,12,7,8,12,1,1787455430.601667,G1,T01,fermo_1m_H,1,static
3219298,1,1,1,88,90,72,100,0,16,72,47,9,10,5,5,6,7,0,0,100,69,30,28,12,7,9,12,1,1787455430.8019018,G1,T01,fermo_1m_H,1,static
3219498,1,1,1,97,101,58,100,0,18,58,48,7,4,9,4,6,5,0,0,100,68,32,29,12,7,9,12,1,1787455431.0013874,G1,T01,fermo_1m_H,1,static
3219698,1,0,1,0,97,0,100,0,16,16,10,1,2,6,5,4,5,0,0,100,64,34,30,12,7,9,12,1,1787455431.2014966,G1,T01,fermo_1m_H,1,static
3219898,1,0,1,0,97,0,100,0,20,28,28,7,11,4,5,5,6,0,0,100,60,34,31,12,6,8,12,1,1787455431.401563,G1,T01,fermo_1m_H,1,static
3220098,1,0,1,0,97,0,100,0,20,50,35,7,5,11,9,5,4,0,0,100,61,35,31,12,6,8,12,1,1787455431.6016135,G1,T01,fermo_1m_H,1,static
3220298,1,0,1,0,97,0,100,0,21,30,25,11,8,4,10,4,3,0,0,100,63,34,29,12,6,8,12,1,1787455431.801562,G1,T01,fermo_1m_H,1,static
3220498,1,0,1,0,97,0,100,0,19,31,24,10,6,6,9,5,3,0,0,100,64,32,28,12,7,8,12,1,1787455432.001645,G1,T01,fermo_1m_H,1,static
3220698,1,0,1,0,97,0,100,0,24,38,24,6,3,10,7,5,5,0,0,100,65,30,28,12,7,8,12,1,1787455432.2015667,G1,T01,fermo_1m_H,1,static
3220898,1,0,1,0,97,0,100,0,16,24,16,10,2,8,6,5,6,0,0,100,67,29,28,12,7,8,12,1,1787455432.401477,G1,T01,fermo_1m_H,1,static
3221098,1,0,1,0,97,0,100,0,14,28,25,10,3,1,6,5,6,0,0,100,67,27,27,11,7,8,12,1,1787455432.6014647,G1,T01,fermo_1m_H,1,static
3221298,1,0,1,0,97,0,100,0,18,13,5,4,2,3,6,6,7,0,0,100,67,26,27,11,7,8,12,1,1787455432.8014588,G1,T01,fermo_1m_H,1,static
3221498,1,1,1,125,97,42,100,0,18,36,42,13,2,7,6,5,3,0,0,100,66,25,27,11,7,8,12,1,1787455433.0011163,G1,T01,fermo_1m_H,1,static
3221698,1,1,1,150,113,44,100,0,14,47,44,10,6,6,7,4,3,0,0,100,69,25,26,11,7,8,12,1,1787455433.202105,G1,T01,fermo_1m_H,1,static
3221898,1,1,1,92,150,59,100,0,14,59,43,9,6,7,6,4,5,0,0,100,71,26,26,11,7,8,12,1,1787455433.4012747,G1,T01,fermo_1m_H,1,static
3222098,1,1,1,86,89,56,100,0,29,56,42,12,6,1,4,6,6,0,0,100,70,27,27,11,7,8,12,1,1787455433.6014545,G1,T01,fermo_1m_H,1,static
3222298,1,1,1,93,86,60,100,0,16,60,45,5,11,8,5,6,6,0,0,100,69,29,29,11,7,8,12,1,1787455433.801899,G1,T01,fermo_1m_H,1,static
3222498,1,0,1,0,89,0,100,0,27,49,37,9,2,9,3,5,6,0,0,100,68,31,31,11,7,9,12,1,1787455434.0015218,G1,T01,fermo_1m_H,1,static
3222698,1,0,1,0,89,0,100,0,16,17,15,1,2,6,5,5,6,0,0,100,67,34,31,11,7,9,12,1,1787455434.2011983,G1,T01,fermo_1m_H,1,static
3222898,1,0,1,0,89,0,100,0,19,36,30,8,12,1,5,6,5,0,0,100,64,34,33,11,6,8,12,1,1787455434.401272,G1,T01,fermo_1m_H,1,static
3223098,1,0,1,0,89,0,100,0,18,39,39,11,5,11,8,5,4,0,0,100,63,34,33,11,6,8,12,1,1787455434.60169,G1,T01,fermo_1m_H,1,static
3223298,1,0,1,0,89,0,100,0,13,40,30,11,7,2,10,5,3,0,0,100,64,34,31,12,6,8,12,1,1787455434.8018286,G1,T01,fermo_1m_H,1,static
3223498,1,0,1,0,89,0,100,0,16,26,20,8,4,5,7,4,2,0,0,100,65,31,30,12,6,8,12,1,1787455435.0008998,G1,T01,fermo_1m_H,1,static
3223698,1,0,1,0,89,0,100,0,17,39,26,9,2,10,6,4,5,0,0,100,66,30,29,12,6,8,12,1,1787455435.2018344,G1,T01,fermo_1m_H,1,static
3223898,1,0,1,0,89,0,100,0,19,31,20,2,1,4,6,5,6,0,0,100,67,29,29,12,6,8,12,1,1787455435.4016643,G1,T01,fermo_1m_H,1,static
3224098,1,0,1,0,89,0,100,0,16,22,22,8,3,2,4,6,6,0,0,100,68,27,29,12,6,8,12,1,1787455435.6014764,G1,T01,fermo_1m_H,1,static
3224298,1,0,1,0,89,0,100,0,19,20,7,4,3,3,5,6,7,0,0,100,66,25,29,11,6,8,12,1,1787455435.801645,G1,T01,fermo_1m_H,1,static
3224498,1,0,1,0,89,0,100,0,19,27,33,8,2,6,4,4,6,0,0,100,66,25,28,11,6,8,12,1,1787455436.0016124,G1,T01,fermo_1m_H,1,static
3224698,1,1,1,150,89,41,100,0,16,46,41,9,2,9,5,4,4,0,0,100,67,24,28,11,7,8,12,1,1787455436.2016032,G1,T01,fermo_1m_H,1,static
3224898,1,1,1,94,99,67,100,0,17,67,51,10,8,6,7,5,4,0,0,100,70,26,27,11,7,8,12,1,1787455436.4015977,G1,T01,fermo_1m_H,1,static
3225098,1,1,1,93,94,72,100,0,17,72,53,8,5,8,4,5,6,0,0,100,70,27,27,11,7,8,12,1,1787455436.6018898,G1,T01,fermo_1m_H,1,static
3225298,1,1,1,97,94,87,100,0,21,87,72,11,9,10,4,5,6,0,0,100,69,29,29,12,7,8,12,1,1787455436.8016818,G1,T01,fermo_1m_H,1,static
3225498,1,1,1,103,99,88,100,0,25,88,80,11,11,3,3,4,5,0,0,100,70,32,30,12,7,8,12,1,1787455437.0019503,G1,T01,fermo_1m_H,1,static
3225698,1,1,1,150,111,47,100,0,13,47,47,7,7,6,4,3,4,0,0,100,72,34,30,13,7,8,12,1,1787455437.20196,G1,T01,fermo_1m_H,1,static
3225898,1,0,1,0,150,0,100,0,25,41,27,3,5,5,3,4,4,0,0,100,72,34,31,13,6,8,12,1,1787455437.4014418,G1,T01,fermo_1m_H,1,static
3226098,1,1,1,100,98,91,100,0,13,91,77,9,7,6,4,5,6,0,0,100,72,35,31,13,6,8,12,1,1787455437.6015239,G1,T01,fermo_1m_H,1,static
3226298,1,1,1,150,106,41,100,0,16,43,41,10,10,9,5,6,5,0,0,100,74,36,31,13,6,8,12,1,1787455437.8014464,G1,T01,fermo_1m_H,1,static
3226498,1,0,1,0,150,0,100,0,13,41,34,9,5,7,8,4,5,0,0,100,76,36,31,13,6,8,12,1,1787455438.0019116,G1,T01,fermo_1m_H,1,static
3226698,1,0,1,0,150,0,100,0,20,38,33,9,6,3,11,5,3,0,0,100,78,35,29,14,6,8,12,1,1787455438.2014985,G1,T01,fermo_1m_H,1,static
3226898,1,0,1,0,150,0,100,0,19,42,35,9,6,5,10,4,4,0,0,100,78,34,28,15,6,8,12,1,1787455438.401938,G1,T01,fermo_1m_H,1,static
3227098,1,0,1,0,150,0,100,0,23,30,20,8,6,9,7,4,5,0,0,100,76,33,28,15,6,8,12,1,1787455438.601516,G1,T01,fermo_1m_H,1,static
3227298,1,0,1,0,150,0,100,0,18,24,15,5,3,6,6,5,6,0,0,100,75,33,29,14,6,8,12,1,1787455438.8016899,G1,T01,fermo_1m_H,1,static
3227498,1,0,1,0,150,0,100,0,15,23,14,5,3,5,6,6,5,0,0,100,75,33,29,14,6,7,12,1,1787455439.001407,G1,T01,fermo_1m_H,1,static
3227698,1,0,1,0,150,0,100,0,17,11,4,4,2,5,5,6,5,0,0,100,75,33,27,14,6,7,11,1,1787455439.2013032,G1,T01,fermo_1m_H,1,static
3227898,1,0,1,0,150,0,100,0,18,13,10,9,2,7,5,5,5,0,0,100,73,33,26,14,6,7,12,1,1787455439.4012015,G1,T01,fermo_1m_H,1,static
3228098,1,0,1,0,150,0,100,0,15,32,39,10,4,8,7,4,4,0,0,100,73,33,26,14,6,6,12,1,1787455439.6015997,G1,T01,fermo_1m_H,1,static
3228298,1,1,1,97,150,64,100,0,13,64,51,12,7,5,8,5,4,0,0,100,75,34,26,14,6,7,12,1,1787455439.8020968,G1,T01,fermo_1m_H,1,static
3228498,1,1,1,93,92,55,100,0,18,55,42,11,6,9,4,6,6,0,0,100,77,36,27,14,6,7,12,1,1787455440.001732,G1,T01,fermo_1m_H,1,static
3228698,1,1,1,96,90,57,100,0,15,57,46,7,10,7,4,6,7,0,0,100,74,38,28,15,6,8,12,1,1787455440.2019296,G1,T01,fermo_1m_H,1,static
3228898,1,1,1,85,93,52,100,0,29,52,40,4,4,6,3,4,7,0,0,100,71,39,29,15,6,8,12,1,1787455440.4016628,G1,T01,fermo_1m_H,1,static
3229098,1,0,1,0,85,0,100,0,21,19,11,5,5,2,3,4,5,0,0,100,69,39,30,15,5,7,12,1,1787455440.601788,G1,T01,fermo_1m_H,1,static
3229298,1,0,1,0,85,0,100,0,13,24,22,2,3,7,4,4,7,0,0,100,70,40,29,15,5,7,11,1,1787455440.8017824,G1,T01,fermo_1m_H,1,static
3229498,1,0,1,0,85,0,100,0,14,30,33,9,11,9,6,6,6,0,0,100,68,39,29,14,5,7,12,1,1787455441.001312,G1,T01,fermo_1m_H,1,static
3229698,1,0,1,0,85,0,100,0,16,33,35,9,4,6,7,5,5,0,0,100,65,38,30,14,5,7,12,1,1787455441.201031,G1,T01,fermo_1m_H,1,static
3229898,1,0,1,0,85,0,100,0,21,34,31,11,5,4,9,4,3,0,0,100,63,37,29,14,5,7,12,1,1787455441.4015102,G1,T01,fermo_1m_H,1,static
3230098,1,0,1,0,85,0,100,0,17,30,29,6,6,7,8,5,4,0,0,100,63,35,28,15,5,7,11,1,1787455441.6009135,G1,T01,fermo_1m_H,1,static
3230298,1,0,1,0,85,0,100,0,22,29,13,6,4,7,7,6,4,0,0,100,61,33,26,15,4,8,11,1,1787455441.8017857,G1,T01,fermo_1m_H,1,static
3230498,1,0,1,0,85,0,100,0,13,20,19,10,2,7,4,5,4,0,0,100,57,31,26,15,4,7,11,1,1787455442.0019984,G1,T01,fermo_1m_H,1,static
3230698,1,0,1,0,85,0,100,0,24,30,19,8,2,4,4,5,5,0,0,100,55,30,26,14,4,7,11,1,1787455442.2014878,G1,T01,fermo_1m_H,1,static
3230898,1,0,1,0,85,0,100,0,15,17,11,4,4,3,4,6,5,0,0,100,56,30,26,14,4,7,11,1,1787455442.4015589,G1,T01,fermo_1m_H,1,static
3231098,1,0,1,0,85,0,100,0,28,21,14,5,4,5,5,6,6,0,0,100,56,29,25,13,4,7,11,1,1787455442.6015642,G1,T01,fermo_1m_H,1,static
3231298,1,1,1,127,85,41,100,0,13,34,41,11,4,9,5,5,4,0,0,100,57,28,25,13,4,7,11,1,1787455442.802455,G1,T01,fermo_1m_H,1,static
3231498,1,1,1,100,150,56,100,0,17,56,49,9,6,6,7,4,5,0,0,100,61,29,25,14,5,7,11,1,1787455443.0014997,G1,T01,fermo_1m_H,1,static
3231698,1,1,1,96,94,63,100,0,17,63,51,10,8,11,5,6,6,0,0,100,63,31,26,14,5,8,11,1,1787455443.2022753,G1,T01,fermo_1m_H,1,static
3231898,1,1,1,87,95,59,100,0,16,59,38,9,12,4,4,6,7,0,0,100,63,32,28,14,5,8,12,1,1787455443.4016683,G1,T01,fermo_1m_H,1,static
3232098,1,1,1,101,95,80,100,0,22,80,71,10,6,10,2,5,5,0,0,100,62,35,29,15,5,8,11,1,1787455443.6017542,G1,T01,fermo_1m_H,1,static
3232298,1,0,1,0,107,0,100,0,19,32,33,8,7,3,3,4,5,0,0,100,61,37,31,15,5,8,11,1,1787455443.8017871,G1,T01,fermo_1m_H,1,static
3232498,1,0,1,0,107,0,100,0,16,39,34,5,3,4,3,3,6,0,0,100,59,37,31,15,4,8,11,1,1787455444.00206,G1,T01,fermo_1m_H,1,static
3232698,1,1,1,150,107,47,100,0,14,49,47,10,8,11,4,4,6,0,0,100,59,38,30,14,4,7,11,1,1787455444.202414,G1,T01,fermo_1m_H,1,static
3232898,1,0,1,0,150,0,100,0,13,31,33,9,5,7,8,5,5,0,0,100,60,37,30,14,4,7,11,1,1787455444.4012558,G1,T01,fermo_1m_H,1,static
3233098,1,0,1,0,150,0,100,0,22,33,28,9,7,1,10,5,4,0,0,100,61,36,29,15,4,7,11,1,1787455444.6016932,G1,T01,fermo_1m_H,1,static
3233298,1,0,1,0,150,0,100,0,15,30,24,6,7,7,9,5,2,0,0,100,62,34,28,15,4,8,11,1,1787455444.8020341,G1,T01,fermo_1m_H,1,static
3233498,1,0,1,0,150,0,100,0,14,30,25,9,6,7,7,5,4,0,0,100,62,33,28,16,4,7,11,1,1787455445.001942,G1,T01,fermo_1m_H,1,static
3233698,1,1,1,79,150,62,100,0,27,62,34,9,1,7,4,5,6,0,0,100,60,32,28,15,4,7,11,1,1787455445.2016366,G1,T01,fermo_1m_H,1,static
3233898,1,0,1,0,79,0,100,0,18,34,20,6,3,3,4,5,6,0,0,100,60,32,28,14,4,7,11,1,1787455445.4017544,G1,T01,fermo_1m_H,1,static
3234098,1,0,1,0,79,0,100,0,17,10,7,1,3,2,5,6,7,0,0,100,61,32,27,14,5,7,11,1,1787455445.601687,G1,T01,fermo_1m_H,1,static
3234298,1,0,1,0,79,0,100,0,17,19,20,8,1,6,4,6,5,0,0,100,62,32,27,13,5,7,11,1,1787455445.8017607,G1,T01,fermo_1m_H,1,static
3234498,1,1,1,99,135,67,100,0,17,67,57,12,4,9,6,5,3,0,0,100,65,31,26,13,5,7,11,1,1787455446.0023475,G1,T01,fermo_1m_H,1,static
3234698,1,0,1,0,99,0,100,0,19,44,37,9,7,5,7,5,4,0,0,100,69,32,26,14,5,8,11,1,1787455446.2018695,G1,T01,fermo_1m_H,1,static
3234898,1,1,1,100,94,53,100,0,13,53,45,5,6,10,5,6,6,0,0,100,71,34,27,14,5,8,11,1,1787455446.4023218,G1,T01,fermo_1m_H,1,static
3235098,1,1,1,92,89,76,100,0,15,76,54,7,10,7,6,5,6,0,0,100,69,35,29,14,5,8,11,1,1787455446.6020708,G1,T01,fermo_1m_H,1,static
3235298,1,0,1,0,86,0,100,0,19,41,29,10,3,9,3,4,6,0,0,100,68,38,30,15,6,9,11,1,1787455446.8015676,G1,T01,fermo_1m_H,1,static
3235498,1,0,1,0,86,0,100,0,15,25,23,7,5,6,5,5,7,0,0,100,64,38,32,14,5,8,11,1,1787455447.0014997,G1,T01,fermo_1m_H,1,static
3235698,1,1,1,117,86,47,100,0,13,45,47,7,10,3,6,5,6,0,0,100,63,37,32,14,5,8,11,1,1787455447.2019413,G1,T01,fermo_1m_H,1,static
3235898,1,0,1,0,117,0,100,0,17,25,22,10,8,11,9,5,4,0,0,100,66,38,31,14,5,8,11,1,1787455447.4024036,G1,T01,fermo_1m_H,1,static
3236098,1,0,1,0,117,0,100,0,20,30,28,9,8,1,9,3,3,0,0,100,68,37,29,14,5,8,11,1,1787455447.601383,G1,T01,fermo_1m_H,1,static
3236298,1,0,1,0,117,0,100,0,13,30,26,8,6,6,7,4,4,0,0,100,66,34,28,14,5,8,11,1,1787455447.8016016,G1,T01,fermo_1m_H,1,static
3236498,1,0,1,0,117,0,100,0,23,48,38,11,2,8,5,4,4,0,0,100,66,32,28,14,5,8,11,1,1787455448.00151,G1,T01,fermo_1m_H,1,static
3236698,1,0,1,0,117,0,100,0,16,30,19,6,1,3,5,6,6,0,0,100,67,30,27,15,5,8,11,1,1787455448.2015836,G1,T01,fermo_1m_H,1,static
3236898,1,0,1,0,117,0,100,0,17,17,13,2,2,2,5,6,6,0,0,100,67,28,26,14,5,8,11,1,1787455448.40217,G1,T01,fermo_1m_H,1,static
3237098,1,0,1,0,117,0,100,0,18,14,9,4,2,5,3,5,6,0,0,100,66,26,26,14,5,8,11,1,1787455448.60177,G1,T01,fermo_1m_H,1,static
3237298,1,1,1,129,117,44,100,0,13,36,44,16,2,10,4,5,4,0,0,100,66,26,27,13,5,8,11,1,1787455448.802706,G1,T01,fermo_1m_H,1,static
3237498,1,0,1,0,103,0,100,0,19,35,32,6,7,3,6,6,3,0,0,100,69,26,26,13,5,8,11,1,1787455449.0019376,G1,T01,fermo_1m_H,1,static
3237698,1,1,1,94,103,62,100,0,13,62,47,8,5,12,6,6,4,0,0,100,71,27,25,14,6,8,11,1,1787455449.2019715,G1,T01,fermo_1m_H,1,static
3237898,1,1,1,90,96,76,100,0,26,76,56,10,9,1,5,6,6,0,0,100,70,28,27,14,6,9,11,1,1787455449.4020233,G1,T01,fermo_1m_H,1,static
3238098,1,1,1,94,101,53,100,0,20,53,43,9,5,10,5,5,6,0,0,100,69,31,29,14,6,9,11,1,1787455449.6025846,G1,T01,fermo_1m_H,1,static
3238298,1,0,1,0,91,0,100,0,28,45,36,11,7,4,3,4,6,0,0,100,71,32,29,15,6,9,11,1,1787455449.8017418,G1,T01,fermo_1m_H,1,static
3238498,1,0,1,0,91,0,100,0,21,33,30,9,3,3,3,5,6,0,0,100,70,34,30,15,6,9,11,1,1787455450.0014277,G1,T01,fermo_1m_H,1,static
3238698,1,0,1,0,101,0,100,0,16,40,38,7,6,10,5,6,6,0,0,100,66,35,32,14,5,8,11,1,1787455450.2022033,G1,T01,fermo_1m_H,1,static
3238898,1,1,1,114,101,42,100,0,16,41,42,5,7,6,6,6,6,0,0,100,65,35,32,14,5,8,11,1,1787455450.4019969,G1,T01,fermo_1m_H,1,static
3239098,1,0,1,0,114,0,100,0,17,34,29,7,8,11,11,7,3,0,0,100,69,36,31,14,5,8,11,1,1787455450.601732,G1,T01,fermo_1m_H,1,static
3239298,1,0,1,0,114,0,100,0,18,36,30,10,6,1,11,5,3,0,0,100,72,35,29,15,5,8,11,1,1787455450.802482,G1,T01,fermo_1m_H,1,static
3239498,1,0,1,0,87,0,100,0,14,38,34,12,4,8,6,4,4,0,0,100,72,34,28,15,5,8,11,1,1787455451.001924,G1,T01,fermo_1m_H,1,static
3239698,1,0,1,0,87,0,100,0,18,37,25,6,3,6,5,5,5,0,0,100,71,32,28,16,5,8,11,1,1787455451.202153,G1,T01,fermo_1m_H,1,static
3239898,1,0,1,0,87,0,100,0,13,9,10,6,1,5,4,6,5,0,0,100,69,30,27,15,5,8,11,1,1787455451.4015088,G1,T01,fermo_1m_H,1,static
3240098,1,0,1,0,87,0,100,0,16,15,11,6,1,4,2,5,6,0,0,100,68,29,27,14,5,8,11,1,1787455451.6016068,G1,T01,fermo_1m_H,1,static
3240298,1,0,1,0,87,0,100,0,13,13,9,3,1,5,2,5,5,0,0,100,68,29,27,14,5,8,11,1,1787455451.8013663,G1,T01,fermo_1m_H,1,static
3240498,1,0,1,0,87,0,100,0,16,20,25,10,1,7,3,5,4,0,0,100,68,28,27,14,5,7,11,1,1787455452.001489,G1,T01,fermo_1m_H,1,static
3240698,1,1,1,150,126,44,100,0,16,45,44,9,6,7,5,4,3,0,0,100,70,28,26,14,5,7,11,1,1787455452.2022383,G1,T01,fermo_1m_H,1,static
3240898,1,1,1,94,97,70,100,0,19,70,54,10,7,9,7,5,5,0,0,100,72,30,26,14,6,8,11,1,1787455452.402529,G1,T01,fermo_1m_H,1,static
3241098,1,1,1,93,90,78,100,0,17,78,57,8,9,3,4,7,6,0,0,100,71,32,28,14,6,8,11,1,1787455452.601867,G1,T01,fermo_1m_H,1,static
3241298,1,1,1,95,95,75,100,0,25,75,61,11,6,9,4,5,6,0,0,100,70,34,28,15,6,9,11,1,1787455452.802426,G1,T01,fermo_1m_H,1,static
3241498,1,0,1,0,107,0,100,0,20,17,7,3,8,3,2,4,6,0,0,100,68,36,30,15,5,8,11,1,1787455453.0018995,G1,T01,fermo_1m_H,1,static
3241698,1,0,1,0,107,0,100,0,20,24,28,7,3,3,3,5,6,0,0,100,67,36,30,15,5,8,11,1,1787455453.2024398,G1,T01,fermo_1m_H,1,static
3241898,1,0,1,0,107,0,100,0,13,39,37,7,7,10,4,5,6,0,0,100,67,36,30,15,5,8,11,1,1787455453.401904,G1,T01,fermo_1m_H,1,static
3242098,1,0,1,0,150,0,100,0,24,36,37,7,8,8,6,7,4,0,0,100,69,36,30,14,5,8,11,1,1787455453.6022193,G1,T01,fermo_1m_H,1,static
3242298,1,0,1,0,150,0,100,0,19,38,35,6,6,3,10,6,2,0,0,100,69,36,29,14,5,8,11,1,1787455453.8024766,G1,T01,fermo_1m_H,1,static
3242498,1,0,1,0,150,0,100,0,21,28,20,7,5,7,8,5,3,0,0,100,69,35,28,15,5,8,11,1,1787455454.0019283,G1,T01,fermo_1m_H,1,static
3242698,1,0,1,0,150,0,100,0,17,30,25,9,3,8,5,6,3,0,0,100,69,33,27,16,5,8,11,1,1787455454.202046,G1,T01,fermo_1m_H,1,static
3242898,1,0,1,0,150,0,100,0,20,30,20,3,1,7,3,6,4,0,0,100,67,31,26,16,5,8,11,1,1787455454.401675,G1,T01,fermo_1m_H,1,static
3243098,1,0,1,0,150,0,100,0,15,25,15,8,2,5,3,7,4,0,0,100,64,29,26,15,5,8,11,1,1787455454.6024494,G1,T01,fermo_1m_H,1,static
3243298,1,0,1,0,150,0,100,0,16,21,15,9,3,3,2,6,6,0,0,100,63,28,26,14,5,8,11,1,1787455454.8023381,G1,T01,fermo_1m_H,1,static
3243498,1,0,1,0,150,0,100,0,13,30,33,10,1,7,2,5,4,0,0,100,63,27,26,14,5,7,11,1,1787455455.0020058,G1,T01,fermo_1m_H,1,static
3243698,1,1,1,99,150,58,100,0,18,58,50,12,7,5,4,6,2,0,0,100,64,27,25,14,5,7,11,1,1787455455.2025661,G1,T01,fermo_1m_H,1,static
3243898,1,1,1,150,98,44,100,0,14,46,44,10,8,9,9,6,4,0,0,100,67,29,25,15,5,8,11,1,1787455455.4029245,G1,T01,fermo_1m_H,1,static
3244098,1,1,1,94,93,55,100,0,15,55,43,9,7,8,8,8,5,0,0,100,68,31,26,15,6,8,11,1,1787455455.6018364,G1,T01,fermo_1m_H,1,static
3244298,1,1,1,87,88,53,100,0,26,53,40,8,10,4,8,6,6,0,0,100,68,33,28,15,6,8,11,1,1787455455.8023968,G1,T01,fermo_1m_H,1,static
3244498,1,0,1,0,87,0,100,0,14,28,25,4,2,8,6,6,5,0,0,100,67,36,29,16,6,9,11,1,1787455456.0024302,G1,T01,fermo_1m_H,1,static
3244698,1,0,1,0,87,0,100,0,17,20,23,4,9,4,6,6,6,0,0,100,64,37,30,15,5,9,11,1,1787455456.2021644,G1,T01,fermo_1m_H,1,static
3244898,1,0,1,0,87,0,100,0,20,25,26,9,9,8,6,6,5,0,0,100,62,37,31,15,5,8,11,1,1787455456.4023607,G1,T01,fermo_1m_H,1,static
3245098,1,0,1,0,87,0,100,0,18,30,29,9,7,10,8,6,4,0,0,100,64,38,30,16,5,8,11,1,1787455456.602161,G1,T01,fermo_1m_H,1,static
3245298,1,1,1,87,87,54,100,0,29,54,42,12,6,2,5,4,3,0,0,100,64,37,28,16,5,8,11,1,1787455456.8026624,G1,T01,fermo_1m_H,1,static
3245498,1,0,1,0,87,0,100,0,16,35,24,12,3,7,2,6,3,0,0,100,63,34,27,15,5,8,11,1,1787455457.0023954,G1,T01,fermo_1m_H,1,static
3245698,1,0,1,0,87,0,100,0,17,16,11,7,2,8,4,5,4,0,0,100,63,32,27,15,5,8,11,1,1787455457.2023265,G1,T01,fermo_1m_H,1,static
3245898,1,0,1,0,87,0,100,0,18,25,19,9,1,2,4,7,4,0,0,100,64,30,26,15,5,8,11,1,1787455457.4022846,G1,T01,fermo_1m_H,1,static
3246098,1,0,1,0,87,0,100,0,13,9,9,3,1,2,5,5,5,0,0,100,64,28,26,15,5,7,11,1,1787455457.6020563,G1,T01,fermo_1m_H,1,static
3246298,1,0,1,0,87,0,100,0,15,12,6,5,1,3,5,6,4,0,0,100,63,26,25,15,5,7,11,1,1787455457.8022573,G1,T01,fermo_1m_H,1,static
3246498,1,0,1,0,87,0,100,0,15,29,34,7,1,9,4,5,4,0,0,100,63,25,26,14,5,7,11,1,1787455458.0020201,G1,T01,fermo_1m_H,1,static
3246698,1,1,1,98,150,65,100,0,16,65,53,11,7,4,7,5,3,0,0,100,66,26,25,14,5,7,11,1,1787455458.2021613,G1,T01,fermo_1m_H,1,static
3246898,1,1,1,94,101,56,100,0,16,56,44,10,8,10,10,6,4,0,0,100,69,28,25,14,6,7,11,1,1787455458.4026632,G1,T01,fermo_1m_H,1,static
3247098,1,1,1,89,91,73,100,0,21,73,50,9,9,2,9,6,6,0,0,100,70,29,26,14,5,8,11,1,1787455458.6017358,G1,T01,fermo_1m_H,1,static
3247298,1,0,1,0,93,0,100,0,17,22,18,8,9,8,9,5,6,0,0,100,69,32,28,14,5,8,11,1,1787455458.8023882,G1,T01,fermo_1m_H,1,static
3247498,1,0,1,0,93,0,100,0,17,11,1,6,8,4,8,5,6,0,0,100,68,34,29,15,5,8,11,1,1787455459.002017,G1,T01,fermo_1m_H,1,static
3247698,1,0,1,0,93,0,100,0,17,31,27,5,8,3,6,7,5,0,0,100,67,35,30,14,5,8,11,1,1787455459.2023394,G1,T01,fermo_1m_H,1,static
3247898,1,0,1,0,93,0,100,0,21,49,36,9,7,10,8,5,4,0,0,100,64,35,31,14,5,8,11,1,1787455459.4027112,G1,T01,fermo_1m_H,1,static
3248098,1,0,1,0,93,0,100,0,19,39,36,11,5,3,6,5,3,0,0,100,64,34,29,15,5,8,11,1,1787455459.6024873,G1,T01,fermo_1m_H,1,static
3248298,1,0,1,0,86,0,100,0,16,38,23,9,2,8,4,4,4,0,0,100,65,32,28,14,5,7,11,1,1787455459.8024032,G1,T01,fermo_1m_H,1,static
3248498,1,0,1,0,86,0,100,0,15,23,25,10,2,3,4,5,5,0,0,100,66,30,28,14,5,7,11,1,1787455460.0016894,G1,T01,fermo_1m_H,1,static
3248698,1,0,1,0,86,0,100,0,21,15,12,8,1,2,2,6,6,0,0,100,67,28,27,14,6,7,11,1,1787455460.2022982,G1,T01,fermo_1m_H,1,static
3248898,1,0,1,0,86,0,100,0,14,12,7,1,2,2,2,6,7,0,0,100,67,26,27,14,6,7,11,1,1787455460.4024036,G1,T01,fermo_1m_H,1,static
3249098,1,0,1,0,86,0,100,0,13,7,6,6,1,3,3,6,4,0,0,100,66,24,26,14,6,7,11,1,1787455460.6023908,G1,T01,fermo_1m_H,1,static
3249298,1,1,1,122,86,49,100,0,17,44,49,15,2,8,2,5,4,0,0,100,67,23,26,13,5,7,11,1,1787455460.802259,G1,T01,fermo_1m_H,1,static
3249498,1,1,1,150,127,42,100,0,17,50,42,9,6,3,6,6,2,0,0,100,70,24,25,13,6,7,11,1,1787455461.0026834,G1,T01,fermo_1m_H,1,static
3249698,1,1,1,90,93,72,100,0,15,72,49,6,8,11,7,6,6,0,0,100,72,26,25,13,6,8,11,1,1787455461.2023947,G1,T01,fermo_1m_H,1,static
3249898,1,1,1,91,93,63,100,0,17,63,45,9,7,3,6,6,6,0,0,100,71,28,26,13,6,8,11,1,1787455461.4024274,G1,T01,fermo_1m_H,1,static
3250098,1,0,1,0,91,0,100,0,18,23,19,8,8,3,5,7,6,0,0,100,69,30,28,14,6,8,11,1,1787455461.6021855,G1,T01,fermo_1m_H,1,static
3250298,1,0,1,0,91,0,100,0,16,10,15,7,3,4,4,6,6,0,0,100,69,31,29,14,6,8,11,1,1787455461.8027253,G1,T01,fermo_1m_H,1,static
3250498,1,0,1,0,91,0,100,0,18,35,26,9,8,12,8,6,4,0,0,100,70,33,29,14,6,8,11,1,1787455462.0026038,G1,T01,fermo_1m_H,1,static
3250698,1,0,1,0,91,0,100,0,24,45,38,5,5,1,8,4,4,0,0,100,68,34,30,15,6,8,11,1,1787455462.202565,G1,T01,fermo_1m_H,1,static
3250898,1,0,1,0,91,0,100,0,26,40,27,6,3,7,3,5,2,0,0,100,65,33,30,15,6,8,11,1,1787455462.4020214,G1,T01,fermo_1m_H,1,static
3251098,1,0,1,0,91,0,100,0,22,44,32,10,2,8,3,6,4,0,0,100,65,31,29,15,6,8,11,1,1787455462.6026404,G1,T01,fermo_1m_H,1,static
3251298,1,0,1,0,91,0,100,0,19,31,22,8,1,2,4,7,5,0,0,100,66,28,28,15,6,8,11,1,1787455462.8017201,G1,T01,fermo_1m_H,1,static
3251498,1,0,1,0,91,0,100,0,19,11,7,4,1,1,3,7,5,0,0,100,67,26,27,14,6,8,11,1,1787455463.0018566,G1,T01,fermo_1m_H,1,static
3251698,1,0,1,0,91,0,100,0,18,13,3,2,2,3,4,6,5,0,0,100,67,24,26,14,6,8,11,1,1787455463.2019615,G1,T01,fermo_1m_H,1,static
3251898,1,0,1,0,91,0,100,0,15,30,34,12,1,8,3,4,5,0,0,100,66,22,25,14,6,8,11,1,1787455463.4026215,G1,T01,fermo_1m_H,1,static
3252098,1,0,1,0,91,0,100,0,17,35,38,10,3,8,5,5,3,0,0,100,67,21,26,13,6,8,11,1,1787455463.6021771,G1,T01,fermo_1m_H,1,static
3252298,1,1,1,103,114,53,100,0,13,53,48,11,7,6,8,5,4,0,0,100,70,23,24,13,6,8,11,1,1787455463.802444,G1,T01,fermo_1m_H,1,static
3252498,1,1,1,90,93,73,100,0,18,73,50,9,7,10,9,6,5,0,0,100,71,24,25,14,6,8,11,1,1787455464.002791,G1,T01,fermo_1m_H,1,static
3252698,1,1,1,91,93,67,100,0,21,67,50,10,10,5,7,5,7,0,0,100,69,26,26,14,6,8,11,1,1787455464.2024307,G1,T01,fermo_1m_H,1,static
3252898,1,0,1,0,94,0,100,0,17,43,36,9,4,11,5,4,7,0,0,100,69,29,28,14,6,9,11,1,1787455464.4024618,G1,T01,fermo_1m_H,1,static
3253098,1,0,1,0,94,0,100,0,18,38,34,1,4,6,4,7,7,0,0,100,68,32,29,15,6,9,11,1,1787455464.6025581,G1,T01,fermo_1m_H,1,static
3253298,1,0,1,0,94,0,100,0,15,25,21,8,13,4,2,6,4,0,0,100,65,33,30,15,6,9,11,1,1787455464.8026607,G1,T01,fermo_1m_H,1,static
3253498,1,0,1,0,94,0,100,0,14,31,27,9,6,11,7,6,5,0,0,100,64,34,32,14,6,8,11,1,1787455465.0028148,G1,T01,fermo_1m_H,1,static
3253698,1,0,1,0,94,0,100,0,26,49,33,10,7,4,10,6,3,0,0,100,65,34,31,15,6,8,11,1,1787455465.2022219,G1,T01,fermo_1m_H,1,static
3253898,1,1,1,93,94,51,100,0,22,51,42,8,4,5,8,5,2,0,0,100,66,33,29,15,6,8,11,1,1787455465.402897,G1,T01,fermo_1m_H,1,static
3254098,1,0,1,0,87,0,100,0,14,35,22,9,1,9,4,6,4,0,0,100,67,31,28,15,6,8,11,1,1787455465.6025198,G1,T01,fermo_1m_H,1,static
3254298,1,0,1,0,87,0,100,0,19,31,22,10,1,1,4,6,6,0,0,100,67,30,28,14,6,8,11,1,1787455465.8023763,G1,T01,fermo_1m_H,1,static
3254498,1,0,1,0,87,0,100,0,16,21,13,9,1,1,3,5,6,0,0,100,66,28,28,14,6,8,11,1,1787455466.0027094,G1,T01,fermo_1m_H,1,static
3254698,1,0,1,0,87,0,100,0,16,15,7,6,3,1,3,6,6,0,0,100,66,25,27,13,6,8,11,1,1787455466.2017758,G1,T01,fermo_1m_H,1,static
3254898,1,0,1,0,87,0,100,0,17,15,8,2,2,1,3,7,6,0,0,100,67,24,27,13,6,8,11,1,1787455466.402733,G1,T01,fermo_1m_H,1,static
3255098,1,1,1,150,87,44,100,0,15,45,44,13,1,6,2,5,5,0,0,100,67,24,27,12,6,8,11,1,1787455466.6021605,G1,T01,fermo_1m_H,1,static
3255298,1,1,1,103,150,53,100,0,16,53,48,9,4,6,5,4,3,0,0,100,69,25,26,13,6,8,11,1,1787455466.8024511,G1,T01,fermo_1m_H,1,static
3255498,1,1,1,99,150,61,100,0,14,61,51,11,8,7,9,5,4,0,0,100,72,27,26,13,7,8,11,1,1787455467.0030086,G1,T01,fermo_1m_H,1,static
3255698,1,1,1,93,89,71,100,0,16,71,53,10,8,6,6,7,6,0,0,100,72,29,27,13,7,8,11,1,1787455467.2025282,G1,T01,fermo_1m_H,1,static
3255898,1,0,1,0,93,0,100,0,19,47,37,5,10,7,7,5,7,0,0,100,71,31,29,13,7,8,11,1,1787455467.4027102,G1,T01,fermo_1m_H,1,static
3256098,1,0,1,0,93,0,100,0,17,26,21,2,8,5,6,6,6,0,0,100,68,33,30,14,7,8,11,1,1787455467.6027143,G1,T01,fermo_1m_H,1,static
3256298,1,0,1,0,93,0,100,0,13,16,14,7,8,5,3,7,5,0,0,100,65,33,32,13,7,8,11,1,1787455467.8024707,G1,T01,fermo_1m_H,1,static
3256498,1,0,1,0,93,0,100,0,17,33,29,10,9,12,7,7,3,0,0,100,66,34,31,13,7,8,11,1,1787455468.0023036,G1,T01,fermo_1m_H,1,static
3256698,1,0,1,0,93,0,100,0,14,43,37,11,5,2,5,6,2,0,0,100,69,33,29,13,7,8,11,1,1787455468.2019439,G1,T01,fermo_1m_H,1,static
3256898,1,1,1,90,93,54,100,0,24,54,42,10,3,7,3,5,3,0,0,100,70,30,28,13,7,8,11,1,1787455468.4030282,G1,T01,fermo_1m_H,1,static
3257098,1,0,1,0,90,0,100,0,23,42,26,8,1,4,3,5,6,0,0,100,71,28,28,13,7,8,11,1,1787455468.6021514,G1,T01,fermo_1m_H,1,static
3257298,1,0,1,0,90,0,100,0,16,31,26,11,2,5,2,7,6,0,0,100,73,26,27,13,7,8,11,1,1787455468.8025193,G1,T01,fermo_1m_H,1,static
3257498,1,0,1,0,90,0,100,0,18,25,15,6,3,6,2,6,5,0,0,100,73,24,26,12,8,8,11,1,1787455469.0022438,G1,T01,fermo_1m_H,1,static
3257698,1,0,1,0,90,0,100,0,13,8,14,3,3,4,2,6,6,0,0,100,71,22,26,12,8,8,11,1,1787455469.2027502,G1,T01,fermo_1m_H,1,static
3257898,1,0,1,0,90,0,100,0,13,23,30,13,1,2,3,4,4,0,0,100,71,22,27,11,7,8,11,1,1787455469.4025023,G1,T01,fermo_1m_H,1,static
3258098,1,1,1,110,111,60,100,0,15,60,58,15,4,8,3,5,3,0,0,100,74,22,26,11,8,8,11,1,1787455469.6031191,G1,T01,fermo_1m_H,1,static
3258298,1,1,1,94,101,76,100,0,15,76,58,10,8,6,9,7,4,0,0,100,76,24,26,12,8,8,11,1,1787455469.8031573,G1,T01,fermo_1m_H,1,static
3258498,1,1,1,93,90,63,100,0,15,63,48,9,7,10,8,6,5,0,0,100,74,26,27,12,8,8,11,1,1787455470.0030596,G1,T01,fermo_1m_H,1,static
3258698,1,1,1,86,86,72,100,0,33,72,51,9,8,10,8,6,7,0,0,100,73,28,29,12,8,8,11,1,1787455470.203211,G1,T01,fermo_1m_H,1,static
3258898,1,0,1,0,86,0,100,0,20,22,19,4,1,4,4,5,7,0,0,100,72,31,31,13,8,9,11,1,1787455470.402142,G1,T01,fermo_1m_H,1,static
3259098,1,0,1,0,86,0,100,0,17,26,25,2,10,5,2,6,6,0,0,100,71,33,32,13,8,9,11,1,1787455470.6029124,G1,T01,fermo_1m_H,1,static
3259298,1,0,1,0,86,0,100,0,13,28,29,10,8,6,6,6,4,0,0,100,69,35,33,12,7,9,11,1,1787455470.8021224,G1,T01,fermo_1m_H,1,static
3259498,1,0,1,0,86,0,100,0,21,45,31,7,7,7,12,6,4,0,0,100,67,35,34,13,7,9,11,1,1787455471.0026608,G1,T01,fermo_1m_H,1,static
3259698,1,1,1,87,86,51,100,0,24,51,38,12,6,7,8,6,2,0,0,100,68,35,32,13,6,9,11,1,1787455471.202858,G1,T01,fermo_1m_H,1,static
3259898,1,0,1,0,87,0,100,0,16,31,21,7,2,9,5,6,4,0,0,100,69,32,31,13,6,9,11,1,1787455471.4025605,G1,T01,fermo_1m_H,1,static
3260098,1,0,1,0,87,0,100,0,18,28,20,5,2,1,4,6,5,0,0,100,71,31,31,13,6,9,11,1,1787455471.602357,G1,T01,fermo_1m_H,1,static
3260298,1,0,1,0,87,0,100,0,16,23,24,12,1,2,2,6,5,0,0,100,71,29,30,13,6,9,11,1,1787455471.8023434,G1,T01,fermo_1m_H,1,static
3260498,1,0,1,0,87,0,100,0,15,12,8,6,1,2,2,5,6,0,0,100,69,27,30,13,6,9,11,1,1787455472.0023196,G1,T01,fermo_1m_H,1,static
3260698,1,0,1,0,87,0,100,0,18,15,5,3,1,1,2,7,6,0,0,100,67,25,30,12,6,9,11,1,1787455472.2027416,G1,T01,fermo_1m_H,1,static
3260898,1,0,1,0,87,0,100,0,17,36,38,9,1,4,3,5,4,0,0,100,67,25,30,12,6,8,11,1,1787455472.402684,G1,T01,fermo_1m_H,1,static
3261098,1,1,1,100,150,73,100,0,16,73,62,11,7,6,6,6,2,0,0,100,69,26,29,12,6,8,11,1,1787455472.6024487,G1,T01,fermo_1m_H,1,static
3261298,1,1,1,94,99,64,100,0,15,64,49,8,8,9,9,6,5,0,0,100,70,28,29,13,6,9,11,1,1787455472.8029304,G1,T01,fermo_1m_H,1,static
3261498,1,1,1,94,92,85,100,0,22,85,66,10,11,10,7,5,6,0,0,100,68,30,31,13,6,9,11,1,1787455473.0030043,G1,T01,fermo_1m_H,1,static
3261698,1,0,1,0,101,0,100,0,16,43,36,10,4,6,6,5,6,0,0,100,68,32,32,13,6,9,11,1,1787455473.2031143,G1,T01,fermo_1m_H,1,static
3261898,1,1,1,150,109,44,100,0,23,49,44,10,7,4,2,4,5,0,0,100,70,34,32,14,6,9,11,1,1787455473.4034836,G1,T01,fermo_1m_H,1,static
3262098,1,0,1,0,150,0,100,0,15,29,22,4,8,3,1,5,5,0,0,100,69,36,32,15,6,9,11,1,1787455473.602863,G1,T01,fermo_1m_H,1,static
3262298,1,1,1,102,120,64,100,0,15,64,57,8,8,10,5,6,6,0,0,100,65,37,34,14,5,8,11,1,1787455473.8027472,G1,T01,fermo_1m_H,1,static
3262498,1,1,1,96,100,58,100,0,20,58,48,11,9,10,8,6,5,0,0,100,67,38,33,14,5,8,11,1,1787455474.0034943,G1,T01,fermo_1m_H,1,static
3262698,1,0,1,0,104,0,100,0,15,35,32,9,4,7,10,5,4,0,0,100,71,36,32,14,5,8,11,1,1787455474.2029488,G1,T01,fermo_1m_H,1,static
3262898,1,0,1,0,104,0,100,0,19,43,33,4,3,8,7,4,5,0,0,100,73,34,32,14,5,8,11,1,1787455474.4025311,G1,T01,fermo_1m_H,1,static
3263098,1,0,1,0,104,0,100,0,19,40,29,9,3,6,6,5,5,0,0,100,74,33,32,14,5,8,11,1,1787455474.6030827,G1,T01,fermo_1m_H,1,static
3263298,1,0,1,0,104,0,100,0,18,33,24,4,2,3,6,6,7,0,0,100,74,32,32,14,6,8,11,1,1787455474.8026023,G1,T01,fermo_1m_H,1,static
3263498,1,0,1,0,104,0,100,0,20,37,27,10,4,7,4,7,7,0,0,100,73,30,31,13,6,8,11,1,1787455475.002368,G1,T01,fermo_1m_H,1,static
3263698,1,0,1,0,104,0,100,0,15,12,2,5,5,6,4,6,6,0,0,100,72,29,30,13,6,8,11,1,1787455475.2028081,G1,T01,fermo_1m_H,1,static
3263898,1,0,1,0,104,0,100,0,16,25,31,9,1,3,5,5,6,0,0,100,72,30,29,12,7,7,11,1,1787455475.403033,G1,T01,fermo_1m_H,1,static
3264098,1,1,1,98,104,56,100,0,18,56,47,11,1,7,4,5,3,0,0,100,73,29,29,12,7,7,11,1,1787455475.6033,G1,T01,fermo_1m_H,1,static
3264298,1,1,1,96,103,57,100,0,14,57,45,12,4,6,5,7,3,0,0,100,76,30,29,12,7,8,11,1,1787455475.8029199,G1,T01,fermo_1m_H,1,static
3264498,1,0,1,0,86,0,100,0,16,47,29,9,7,9,4,7,5,0,0,100,76,32,30,13,8,8,11,1,1787455476.0023243,G1,T01,fermo_1m_H,1,static
3264698,1,1,1,90,86,74,100,0,27,74,54,9,10,9,3,6,7,0,0,100,74,34,32,13,8,9,11,1,1787455476.202923,G1,T01,fermo_1m_H,1,static
3264898,1,1,1,95,90,56,100,0,24,56,47,11,7,8,1,4,7,0,0,100,75,36,32,13,8,9,11,1,1787455476.4026096,G1,T01,fermo_1m_H,1,static
3265098,1,0,1,0,95,0,100,0,16,25,13,4,1,1,2,4,6,0,0,100,74,37,33,13,7,8,11,1,1787455476.6024256,G1,T01,fermo_1m_H,1,static
3265298,1,1,1,150,95,43,100,0,16,46,43,9,8,10,4,6,5,0,0,100,71,38,33,13,7,8,11,1,1787455476.803183,G1,T01,fermo_1m_H,1,static
3265498,1,1,1,97,97,57,100,0,14,57,46,6,7,9,7,7,5,0,0,100,73,38,33,13,7,8,11,1,1787455477.0030572,G1,T01,fermo_1m_H,1,static
3265698,1,0,1,0,92,0,100,0,20,31,20,7,5,8,10,6,3,0,0,100,76,37,32,13,7,8,11,1,1787455477.2029574,G1,T01,fermo_1m_H,1,static
3265898,1,0,1,0,92,0,100,0,17,38,31,11,6,2,10,5,4,0,0,100,75,35,31,13,7,8,11,1,1787455477.4025397,G1,T01,fermo_1m_H,1,static
3266098,1,0,1,0,92,0,100,0,22,41,30,7,4,2,7,5,5,0,0,100,73,33,31,13,7,8,11,1,1787455477.602505,G1,T01,fermo_1m_H,1,static
3266298,1,0,1,0,92,0,100,0,13,36,30,9,2,4,8,6,6,0,0,100,73,31,31,13,7,9,11,1,1787455477.8030093,G1,T01,fermo_1m_H,1,static
3266498,1,0,1,0,92,0,100,0,20,34,20,6,4,7,7,6,7,0,0,100,72,29,29,13,7,9,11,1,1787455478.0025148,G1,T01,fermo_1m_H,1,static
3266698,1,0,1,0,92,0,100,0,19,13,8,8,4,7,6,6,6,0,0,100,70,28,29,12,7,8,11,1,1787455478.2030113,G1,T01,fermo_1m_H,1,static
3266898,1,0,1,0,92,0,100,0,14,18,17,5,2,6,6,7,6,0,0,100,69,27,27,12,7,8,11,1,1787455478.4030006,G1,T01,fermo_1m_H,1,static
3267098,1,0,1,0,92,0,100,0,21,34,36,11,2,4,7,5,4,0,0,100,68,27,26,12,7,8,11,1,1787455478.6029563,G1,T01,fermo_1m_H,1,static
3267298,1,0,1,0,92,0,100,0,13,41,38,7,4,7,6,6,3,0,0,100,70,26,25,12,7,8,11,1,1787455478.8027084,G1,T01,fermo_1m_H,1,static
3267498,1,1,1,91,150,52,100,0,16,52,38,8,9,8,5,6,5,0,0,100,70,27,26,12,7,9,11,1,1787455479.0034842,G1,T01,fermo_1m_H,1,static
3267698,1,1,1,94,91,73,100,0,19,73,56,9,10,9,2,5,6,0,0,100,69,30,29,13,7,9,11,1,1787455479.203337,G1,T01,fermo_1m_H,1,static
3267898,1,1,1,106,93,76,100,0,17,76,72,10,4,9,2,4,4,0,0,100,72,32,30,13,7,9,11,1,1787455479.40308,G1,T01,fermo_1m_H,1,static
3268098,1,1,1,100,110,52,100,0,16,52,45,10,9,6,4,3,4,0,0,100,77,35,29,14,7,9,11,1,1787455479.603108,G1,T01,fermo_1m_H,1,static
3268298,1,0,1,0,100,0,100,0,17,49,35,5,5,5,4,5,4,0,0,100,78,36,29,15,6,8,11,1,1787455479.8027341,G1,T01,fermo_1m_H,1,static
3268498,1,1,1,101,91,54,100,0,16,54,47,11,1,1,2,4,7,0,0,100,81,36,28,15,6,8,11,1,1787455480.0029256,G1,T01,fermo_1m_H,1,static
3268698,1,1,1,150,98,44,100,0,14,49,44,12,11,9,2,5,5,0,0,100,84,37,28,15,6,7,11,1,1787455480.2032182,G1,T01,fermo_1m_H,1,static
3268898,1,0,1,0,150,0,100,0,13,41,30,9,10,7,6,4,6,0,0,100,86,38,29,15,6,7,11,1,1787455480.4034562,G1,T01,fermo_1m_H,1,static
3269098,1,0,1,0,150,0,100,0,16,32,32,7,3,9,9,4,3,0,0,100,87,37,28,15,6,7,11,1,1787455480.6029832,G1,T01,fermo_1m_H,1,static
3269298,1,0,1,0,150,0,100,0,19,36,24,4,4,5,7,4,5,0,0,100,87,35,27,15,6,7,11,1,1787455480.8025792,G1,T01,fermo_1m_H,1,static
3269498,1,0,1,0,150,0,100,0,15,23,16,8,4,7,6,4,6,0,0,100,83,34,27,15,6,7,11,1,1787455481.0022523,G1,T01,fermo_1m_H,1,static
3269698,1,0,1,0,150,0,100,0,16,25,14,8,3,7,6,4,7,0,0,100,78,34,26,14,6,7,11,1,1787455481.203181,G1,T01,fermo_1m_H,1,static
3269898,1,0,1,0,150,0,100,0,16,20,15,6,5,3,4,4,8,0,0,100,74,34,27,14,6,7,11,1,1787455481.4029598,G1,T01,fermo_1m_H,1,static
3270098,1,0,1,0,150,0,100,0,15,22,14,5,5,6,5,6,7,0,0,100,75,34,25,14,6,7,11,1,1787455481.6029203,G1,T01,fermo_1m_H,1,static
3270298,1,0,1,0,150,0,100,0,19,11,10,1,4,6,4,4,7,0,0,100,75,35,24,13,6,7,11,1,1787455481.802704,G1,T01,fermo_1m_H,1,static
3270498,1,0,1,0,150,0,100,0,16,21,29,11,4,3,6,4,6,0,0,100,73,35,24,13,6,7,11,1,1787455482.0029519,G1,T01,fermo_1m_H,1,static
3270698,1,1,1,150,150,41,100,0,16,50,41,7,2,5,6,4,4,0,0,100,73,35,24,13,6,7,11,1,1787455482.202881,G1,T01,fermo_1m_H,1,static
3270898,1,1,1,86,150,63,100,0,19,63,40,9,10,10,3,7,4,0,0,100,74,37,26,13,7,7,11,1,1787455482.4034584,G1,T01,fermo_1m_H,1,static
3271098,1,1,1,83,87,62,100,0,19,62,35,8,6,7,4,6,6,0,0,100,74,39,27,14,7,8,11,1,1787455482.6031985,G1,T01,fermo_1m_H,1,static
3271298,1,1,1,91,86,74,100,0,22,74,55,12,8,9,2,5,6,0,0,100,74,40,29,13,7,8,11,1,1787455482.8030508,G1,T01,fermo_1m_H,1,static
3271498,1,0,1,0,91,0,100,0,18,47,40,8,9,7,1,5,5,0,0,100,76,40,28,14,6,7,12,1,1787455483.0032914,G1,T01,fermo_1m_H,1,static
3271698,1,0,1,0,91,0,100,0,14,17,13,3,7,4,0,4,5,0,0,100,78,39,26,14,6,7,12,1,1787455483.203141,G1,T01,fermo_1m_H,1,static
3271898,1,1,1,96,91,62,100,0,20,62,50,2,7,4,2,5,5,0,0,100,74,39,26,14,6,7,12,1,1787455483.4032547,G1,T01,fermo_1m_H,1,static
3272098,1,0,1,0,100,0,100,0,19,44,38,10,10,9,4,6,6,0,0,100,67,39,27,13,6,7,12,1,1787455483.603437,G1,T01,fermo_1m_H,1,static
3272298,1,0,1,0,100,0,100,0,13,30,25,12,11,6,6,6,4,0,0,100,66,39,29,12,6,7,11,1,1787455483.8032951,G1,T01,fermo_1m_H,1,static
3272498,1,0,1,0,100,0,100,0,19,40,33,11,4,8,10,5,3,0,0,100,68,38,28,13,6,7,12,1,1787455484.0034847,G1,T01,fermo_1m_H,1,static
3272698,1,0,1,0,100,0,100,0,21,46,34,6,6,1,6,5,3,0,0,100,68,36,27,13,6,7,12,1,1787455484.2025647,G1,T01,fermo_1m_H,1,static
3272898,1,1,1,87,100,54,100,0,20,54,37,8,5,6,6,5,6,0,0,100,64,33,25,13,7,7,12,1,1787455484.4034336,G1,T01,fermo_1m_H,1,static
3273098,1,0,1,0,87,0,100,0,16,29,20,5,6,2,4,6,6,0,0,100,60,33,26,12,7,7,12,1,1787455484.6025417,G1,T01,fermo_1m_H,1,static
3273298,1,0,1,0,87,0,100,0,19,11,7,2,5,5,4,6,6,0,0,100,60,33,25,12,7,8,11,1,1787455484.8024683,G1,T01,fermo_1m_H,1,static
3273498,1,0,1,0,87,0,100,0,14,18,6,3,7,6,4,6,6,0,0,100,62,31,24,12,7,8,12,1,1787455485.00266,G1,T01,fermo_1m_H,1,static
3273698,1,0,1,0,87,0,100,0,22,13,10,5,8,6,3,6,6,0,0,100,63,31,23,13,7,8,11,1,1787455485.2031279,G1,T01,fermo_1m_H,1,static
3273898,1,0,1,0,87,0,100,0,17,12,24,10,4,3,3,4,6,0,0,100,64,30,23,13,7,7,12,1,1787455485.403314,G1,T01,fermo_1m_H,1,static
3274098,1,1,1,150,87,42,100,0,16,49,42,8,3,7,5,5,3,0,0,100,64,29,24,13,7,7,12,1,1787455485.6030066,G1,T01,fermo_1m_H,1,static
3274298,1,0,1,0,92,0,100,0,21,48,37,10,6,4,5,5,4,0,0,100,68,30,24,13,7,7,11,1,1787455485.8032045,G1,T01,fermo_1m_H,1,static
3274498,1,1,1,87,87,64,100,0,16,64,40,12,10,8,2,6,6,0,0,100,70,32,26,14,8,8,12,1,1787455486.0038235,G1,T01,fermo_1m_H,1,static
3274698,1,1,1,86,88,59,100,0,26,59,41,9,6,8,3,5,7,0,0,100,68,33,28,14,8,8,12,1,1787455486.203336,G1,T01,fermo_1m_H,1,static
3274898,1,0,1,0,86,0,100,0,14,38,34,10,9,9,2,5,6,0,0,100,67,33,27,14,7,8,12,1,1787455486.4033663,G1,T01,fermo_1m_H,1,static
3275098,1,0,1,0,86,0,100,0,20,23,12,1,9,1,2,5,5,0,0,100,68,33,26,14,7,7,12,1,1787455486.6034307,G1,T01,fermo_1m_H,1,static
3275298,1,0,1,0,86,0,100,0,18,31,31,3,8,6,3,5,5,0,0,100,67,33,26,14,7,7,11,1,1787455486.8032484,G1,T01,fermo_1m_H,1,static
3275498,1,0,1,0,86,0,100,0,18,46,37,11,8,10,2,5,5,0,0,100,64,34,28,13,7,7,12,1,1787455487.0034378,G1,T01,fermo_1m_H,1,static
3275698,1,0,1,0,86,0,100,0,18,37,37,11,9,7,7,6,4,0,0,100,65,34,28,13,7,7,12,1,1787455487.2036786,G1,T01,fermo_1m_H,1,static
3275898,1,0,1,0,86,0,100,0,20,36,23,6,3,5,9,6,3,0,0,100,68,32,27,13,7,7,12,1,1787455487.4027808,G1,T01,fermo_1m_H,1,static
3276098,1,0,1,0,86,0,100,0,18,31,20,7,7,3,7,5,4,0,0,100,70,30,26,14,7,8,11,1,1787455487.6030867,G1,T01,fermo_1m_H,1,static
3276298,1,0,1,0,86,0,100,0,15,33,30,11,7,5,6,4,5,0,0,100,66,29,25,14,7,7,11,1,1787455487.803377,G1,T01,fermo_1m_H,1,static
3276498,1,0,1,0,86,0,100,0,19,12,10,4,5,4,7,4,5,0,0,100,61,27,26,14,7,7,12,1,1787455488.0032637,G1,T01,fermo_1m_H,1,static
3276698,1,0,1,0,86,0,100,0,18,32,22,6,2,5,7,6,5,0,0,100,59,27,26,13,7,7,12,1,1787455488.2033656,G1,T01,fermo_1m_H,1,static
3276898,1,0,1,0,86,0,100,0,18,20,10,11,1,5,4,6,6,0,0,100,58,27,25,13,7,7,12,1,1787455488.4028268,G1,T01,fermo_1m_H,1,static
3277098,1,1,1,105,99,51,100,0,19,51,48,10,6,5,5,8,6,0,0,100,61,28,26,13,7,7,12,1,1787455488.6032522,G1,T01,fermo_1m_H,1,static
3277298,1,1,1,100,105,61,100,0,20,61,53,6,10,4,7,6,6,0,0,100,64,31,27,13,7,7,12,1,1787455488.8037274,G1,T01,fermo_1m_H,1,static
3277498,1,0,1,0,100,0,100,0,18,14,4,6,2,3,6,5,7,0,0,100,66,33,28,13,8,7,12,1,1787455489.0032127,G1,T01,fermo_1m_H,1,static
3277698,1,1,1,98,100,54,100,0,18,54,46,8,4,4,6,7,7,0,0,100,70,35,29,13,8,8,12,1,1787455489.2037847,G1,T01,fermo_1m_H,1,static
3277898,1,0,1,0,98,0,100,0,19,31,28,9,4,3,5,6,7,0,0,100,76,37,29,13,9,8,11,1,1787455489.4030628,G1,T01,fermo_1m_H,1,static
3278098,1,0,1,0,98,0,100,0,17,35,30,3,8,6,3,6,6,0,0,100,77,38,29,13,9,8,11,1,1787455489.6029007,G1,T01,fermo_1m_H,1,static
3278298,1,1,1,105,102,73,100,0,16,73,67,12,8,7,2,6,6,0,0,100,74,37,29,13,8,8,11,1,1787455489.8037062,G1,T01,fermo_1m_H,1,static
3278498,1,0,1,0,105,0,100,0,13,12,4,3,3,8,2,5,7,0,0,100,72,36,27,12,8,8,12,1,1787455490.0029972,G1,T01,fermo_1m_H,1,static
3278698,1,0,1,0,105,0,100,0,21,11,5,5,2,8,2,6,6,0,0,100,72,35,26,12,7,7,12,1,1787455490.203209,G1,T01,fermo_1m_H,1,static
3278898,1,0,1,0,105,0,100,0,13,14,6,7,4,8,3,6,6,0,0,100,71,34,25,12,8,7,11,1,1787455490.403111,G1,T01,fermo_1m_H,1,static
3279098,1,0,1,0,105,0,100,0,19,16,11,2,5,8,1,6,6,0,0,100,68,32,24,11,7,7,12,1,1787455490.6029215,G1,T01,fermo_1m_H,1,static
3279298,1,0,1,0,105,0,100,0,19,15,7,7,3,7,1,5,6,0,0,100,67,31,23,10,7,7,12,1,1787455490.8030448,G1,T01,fermo_1m_H,1,static
3279498,1,1,1,97,105,51,100,0,13,51,41,10,3,5,2,3,4,0,0,100,68,29,21,10,7,7,12,1,1787455491.0038059,G1,T01,fermo_1m_H,1,static
3279698,1,1,1,98,100,53,100,0,15,53,45,9,3,5,5,4,3,0,0,100,71,28,21,10,8,7,12,1,1787455491.203684,G1,T01,fermo_1m_H,1,static
3279898,1,1,1,86,94,62,100,0,18,62,39,9,5,9,6,5,5,0,0,100,70,28,23,10,9,8,12,1,1787455491.4027941,G1,T01,fermo_1m_H,1,static
3280098,1,1,1,77,90,73,100,0,36,73,41,8,8,8,7,4,6,0,0,100,67,29,24,10,9,7,12,1,1787455491.6035712,G1,T01,fermo_1m_H,1,static
3280298,1,0,1,0,83,0,100,0,21,39,27,11,7,6,5,4,5,0,0,100,67,31,25,10,9,7,12,1,1787455491.8032184,G1,T01,fermo_1m_H,1,static
3280498,1,0,1,0,83,0,100,0,18,17,12,5,1,2,4,4,6,0,0,100,66,33,25,10,9,7,11,1,1787455492.0029984,G1,T01,fermo_1m_H,1,static
3280698,1,0,1,0,83,0,100,0,15,31,26,5,7,8,6,6,6,0,0,100,65,35,26,10,9,7,11,1,1787455492.2032545,G1,T01,fermo_1m_H,1,static
3280898,1,0,1,0,83,0,100,0,18,50,38,13,5,10,5,6,4,0,0,100,68,35,27,10,9,7,12,1,1787455492.4031637,G1,T01,fermo_1m_H,1,static
3281098,1,0,1,0,83,0,100,0,25,38,35,13,4,8,9,5,2,0,0,100,70,34,27,10,9,7,11,1,1787455492.6035042,G1,T01,fermo_1m_H,1,static
3281298,1,0,1,0,83,0,100,0,16,24,29,11,8,2,9,4,4,0,0,100,72,32,27,10,8,7,11,1,1787455492.8035288,G1,T01,fermo_1m_H,1,static
3281498,1,0,1,0,83,0,100,0,22,39,23,4,5,6,7,4,4,0,0,100,73,30,26,10,8,7,12,1,1787455493.0036035,G1,T01,fermo_1m_H,1,static
3281698,1,0,1,0,83,0,100,0,19,30,19,10,3,8,7,5,4,0,0,100,70,27,26,10,7,7,11,1,1787455493.2037258,G1,T01,fermo_1m_H,1,static
3281898,1,0,1,0,83,0,100,0,17,42,31,8,6,6,7,5,6,0,0,100,65,26,27,10,7,6,12,1,1787455493.4035995,G1,T01,fermo_1m_H,1,static
3282098,1,0,1,0,83,0,100,0,15,24,13,7,8,7,4,7,6,0,0,100,63,26,26,10,7,6,11,1,1787455493.603119,G1,T01,fermo_1m_H,1,static
3282298,1,0,1,0,83,0,100,0,17,13,9,6,6,8,5,7,6,0,0,100,62,25,26,10,7,6,11,1,1787455493.8036203,G1,T01,fermo_1m_H,1,static
3282498,1,0,1,0,83,0,100,0,18,10,6,5,6,7,5,6,7,0,0,100,62,25,25,10,7,6,12,1,1787455494.0029662,G1,T01,fermo_1m_H,1,static
3282698,1,0,1,0,83,0,100,0,17,13,15,5,5,4,5,5,6,0,0,100,63,24,25,10,7,6,11,1,1787455494.2033634,G1,T01,fermo_1m_H,1,static
3282898,1,1,1,131,83,43,100,0,17,33,43,15,5,3,6,3,5,0,0,100,65,24,25,10,7,6,11,1,1787455494.4034493,G1,T01,fermo_1m_H,1,static
3283098,1,1,1,150,99,42,100,0,15,47,42,5,3,3,7,5,3,0,0,100,68,24,25,11,8,6,12,1,1787455494.6038175,G1,T01,fermo_1m_H,1,static
3283298,1,1,1,95,94,68,100,0,14,68,52,14,8,9,5,5,5,0,0,100,71,24,27,12,9,6,12,1,1787455494.8032882,G1,T01,fermo_1m_H,1,static
3283498,1,1,1,87,93,78,100,0,28,78,54,12,8,11,5,4,5,0,0,100,71,26,27,12,8,6,12,1,1787455495.0039377,G1,T01,fermo_1m_H,1,static
3283698,1,0,1,0,87,0,100,0,16,24,18,5,6,2,2,4,4,0,0,100,69,27,27,13,8,6,11,1,1787455495.2033167,G1,T01,fermo_1m_H,1,static
3283898,1,0,1,0,87,0,100,0,15,16,8,4,2,1,2,4,5,0,0,100,70,27,27,13,7,6,12,1,1787455495.4034443,G1,T01,fermo_1m_H,1,static
3284098,1,0,1,0,87,0,100,0,20,19,14,2,3,1,4,5,5,0,0,100,74,27,25,14,7,6,11,1,1787455495.6028724,G1,T01,fermo_1m_H,1,static
3284298,1,1,1,92,91,62,100,0,16,62,46,10,12,10,4,6,5,0,0,100,76,26,25,13,7,6,11,1,1787455495.8034742,G1,T01,fermo_1m_H,1,static
3284498,1,0,1,0,92,0,100,0,16,34,35,14,1,5,7,5,3,0,0,100,80,25,26,13,7,6,11,1,1787455496.0036912,G1,T01,fermo_1m_H,1,static
3284698,1,0,1,0,92,0,100,0,16,26,26,8,5,5,10,4,4,0,0,100,85,24,25,13,7,6,11,1,1787455496.203191,G1,T01,fermo_1m_H,1,static
3284898,1,0,1,0,92,0,100,0,23,28,24,5,7,5,9,4,4,0,0,100,85,23,23,14,7,6,12,1,1787455496.4036474,G1,T01,fermo_1m_H,1,static
3285098,1,0,1,0,92,0,100,0,14,19,16,9,6,3,8,5,5,0,0,100,82,23,23,14,6,6,11,1,1787455496.602996,G1,T01,fermo_1m_H,1,static
3285298,1,0,1,0,92,0,100,0,21,39,25,7,4,3,7,5,5,0,0,100,78,22,23,14,7,6,11,1,1787455496.802907,G1,T01,fermo_1m_H,1,static
3285498,1,0,1,0,92,0,100,0,15,26,22,9,8,7,5,7,6,0,0,100,75,22,22,14,7,6,12,1,1787455497.0038,G1,T01,fermo_1m_H,1,static
3285698,1,0,1,0,92,0,100,0,14,20,12,5,7,7,4,6,5,0,0,100,74,22,21,14,7,6,11,1,1787455497.2032366,G1,T01,fermo_1m_H,1,static
3285898,1,0,1,0,92,0,100,0,17,16,2,5,4,7,4,5,7,0,0,100,73,22,21,14,7,6,11,1,1787455497.4036682,G1,T01,fermo_1m_H,1,static
3286098,1,0,1,0,92,0,100,0,16,11,16,4,2,6,6,5,6,0,0,100,71,22,21,14,7,6,12,1,1787455497.6033962,G1,T01,fermo_1m_H,1,static
3286298,1,0,1,0,92,0,100,0,16,9,21,11,1,2,5,2,6,0,0,100,72,21,21,14,7,6,12,1,1787455497.8029916,G1,T01,fermo_1m_H,1,static
3286498,1,0,1,0,92,0,100,0,17,35,37,10,2,5,5,4,4,0,0,100,75,21,22,14,7,6,12,1,1787455498.003707,G1,T01,fermo_1m_H,1,static
3286698,1,1,1,90,92,61,100,0,19,61,44,12,4,4,6,6,3,0,0,100,77,22,23,15,8,6,11,1,1787455498.203,G1,T01,fermo_1m_H,1,static
3286898,1,1,1,90,90,78,100,0,18,78,54,10,9,9,4,6,5,0,0,100,78,24,24,15,8,6,12,1,1787455498.4036577,G1,T01,fermo_1m_H,1,static
3287098,1,1,1,150,91,41,100,0,15,50,41,11,7,6,4,5,6,0,0,100,78,24,25,15,7,6,12,1,1787455498.6036775,G1,T01,fermo_1m_H,1,static
3287298,1,0,1,0,150,0,100,0,17,19,18,3,8,1,5,5,6,0,0,100,79,23,24,15,7,6,12,1,1787455498.803808,G1,T01,fermo_1m_H,1,static
3287498,1,0,1,0,150,0,100,0,17,22,20,10,6,6,5,5,6,0,0,100,77,23,24,14,7,6,12,1,1787455499.0036495,G1,T01,fermo_1m_H,1,static
3287698,1,0,1,0,150,0,100,0,17,32,26,8,4,9,6,6,5,0,0,100,75,21,24,14,6,6,11,1,1787455499.2031908,G1,T01,fermo_1m_H,1,static
3287898,1,0,1,0,150,0,100,0,18,28,29,10,3,9,9,5,3,0,0,100,76,22,24,13,7,6,12,1,1787455499.403611,G1,T01,fermo_1m_H,1,static
3288098,1,0,1,0,150,0,100,0,20,43,35,9,8,4,9,4,4,0,0,100,76,21,23,13,7,7,12,1,1787455499.6037152,G1,T01,fermo_1m_H,1,static
3288298,1,0,1,0,150,0,100,0,23,38,28,7,8,2,8,5,5,0,0,100,75,21,23,14,7,7,11,1,1787455499.8031986,G1,T01,fermo_1m_H,1,static
3288498,1,0,1,0,150,0,100,0,17,23,14,5,4,2,7,5,5,0,0,100,71,20,22,14,7,7,12,1,1787455500.003985,G1,T01,fermo_1m_H,1,static
3288698,1,0,1,0,150,0,100,0,19,21,17,9,7,5,6,6,5,0,0,100,67,19,22,13,7,6,11,1,1787455500.2036493,G1,T01,fermo_1m_H,1,static
3288898,1,0,1,0,150,0,100,0,17,21,15,4,7,7,5,6,7,0,0,100,63,19,22,13,7,6,12,1,1787455500.4038005,G1,T01,fermo_1m_H,1,static
3289098,1,0,1,0,150,0,100,0,17,25,19,7,6,9,5,6,6,0,0,100,62,19,21,12,7,6,11,1,1787455500.6036928,G1,T01,fermo_1m_H,1,static
3289298,1,0,1,0,150,0,100,0,19,14,9,6,4,8,3,5,6,0,0,100,63,20,21,12,7,6,11,1,1787455500.8032465,G1,T01,fermo_1m_H,1,static
3289498,1,0,1,0,150,0,100,0,24,16,24,4,2,4,5,4,6,0,0,100,62,19,21,12,7,6,12,1,1787455501.0037224,G1,T01,fermo_1m_H,1,static
3289698,1,0,1,0,150,0,100,0,17,39,38,12,3,2,6,3,4,0,0,100,63,19,22,12,6,6,11,1,1787455501.2036366,G1,T01,fermo_1m_H,1,static
3289898,1,0,1,0,150,0,100,0,17,47,39,4,4,2,7,5,2,0,0,100,66,19,22,12,7,6,12,1,1787455501.4038992,G1,T01,fermo_1m_H,1,static
3290098,1,0,1,0,150,0,100,0,17,47,29,10,5,6,5,6,3,0,0,100,69,21,23,12,7,7,12,1,1787455501.6039376,G1,T01,fermo_1m_H,1,static
3290298,1,1,1,87,89,69,100,0,23,69,47,11,10,6,5,5,5,0,0,100,71,22,24,13,8,7,12,1,1787455501.8040447,G1,T01,fermo_1m_H,1,static
3290498,1,1,1,91,90,63,100,0,20,63,46,10,7,8,4,5,6,0,0,100,72,23,25,13,7,7,12,1,1787455502.0040243,G1,T01,fermo_1m_H,1,static
3290698,1,0,1,0,91,0,100,0,17,12,3,2,9,5,5,6,5,0,0,100,73,23,25,13,6,7,12,1,1787455502.204049,G1,T01,fermo_1m_H,1,static
3290898,1,0,1,0,91,0,100,0,16,34,31,9,7,9,4,5,5,0,0,100,72,23,24,13,6,7,12,1,1787455502.4029984,G1,T01,fermo_1m_H,1,static
3291098,1,0,1,0,150,0,100,0,15,39,33,15,3,4,8,5,4,0,0,100,72,23,25,13,6,7,12,1,1787455502.6050718,G1,T01,fermo_1m_H,1,static
3291298,1,0,1,0,150,0,100,0,15,39,37,6,5,5,10,5,2,0,0,100,75,24,24,13,7,7,12,1,1787455502.8045154,G1,T01,fermo_1m_H,1,static
3291498,1,0,1,0,150,0,100,0,22,36,27,6,9,6,8,5,4,0,0,100,77,24,23,13,7,7,12,1,1787455503.0047228,G1,T01,fermo_1m_H,1,static
3291698,1,0,1,0,150,0,100,0,17,42,37,10,6,2,7,4,5,0,0,100,75,23,22,14,7,7,12,1,1787455503.2048552,G1,T01,fermo_1m_H,1,static
3291898,1,0,1,0,150,0,100,0,17,44,28,6,5,6,7,6,6,0,0,100,71,22,23,13,7,6,12,1,1787455503.4045844,G1,T01,fermo_1m_H,1,static
3292098,1,0,1,0,150,0,100,0,15,18,12,6,6,7,6,7,6,0,0,100,69,22,22,13,7,7,11,1,1787455503.6048393,G1,T01,fermo_1m_H,1,static
3292298,1,0,1,0,150,0,100,0,23,17,9,6,3,7,6,8,5,0,0,100,69,22,22,13,7,6,12,1,1787455503.8048174,G1,T01,fermo_1m_H,1,static
3292498,1,0,1,0,150,0,100,0,17,15,10,1,1,6,5,5,6,0,0,100,69,22,21,13,7,7,12,1,1787455504.0042229,G1,T01,fermo_1m_H,1,static
3292698,1,0,1,0,150,0,100,0,17,25,28,10,5,2,6,4,5,0,0,100,70,22,21,13,7,7,12,1,1787455504.204566,G1,T01,fermo_1m_H,1,static
3292898,1,1,1,150,150,42,100,0,19,45,42,11,7,2,8,5,3,0,0,100,71,22,22,13,7,6,12,1,1787455504.4050322,G1,T01,fermo_1m_H,1,static
3293098,1,1,1,94,150,63,100,0,14,63,49,11,7,6,6,6,5,0,0,100,74,23,23,13,8,7,12,1,1787455504.604288,G1,T01,fermo_1m_H,1,static
3293298,1,1,1,91,89,64,100,0,22,64,49,10,10,8,4,6,5,0,0,100,76,24,24,13,8,7,11,1,1787455504.8048556,G1,T01,fermo_1m_H,1,static
3293498,1,0,1,0,90,0,100,0,21,48,40,13,7,9,3,6,5,0,0,100,79,25,25,14,8,7,12,1,1787455505.0047052,G1,T01,fermo_1m_H,1,static
3293698,1,0,1,0,90,0,100,0,20,11,14,3,7,1,4,5,6,0,0,100,78,27,26,14,7,7,11,1,1787455505.204,G1,T01,fermo_1m_H,1,static
3293898,1,0,1,0,90,0,100,0,16,21,18,9,4,4,5,6,5,0,0,100,75,26,26,13,7,6,12,1,1787455505.4043894,G1,T01,fermo_1m_H,1,static
3294098,1,0,1,0,90,0,100,0,16,29,27,10,4,8,5,6,4,0,0,100,75,25,26,13,6,6,11,1,1787455505.6048346,G1,T01,fermo_1m_H,1,static
3294298,1,1,1,150,90,41,100,0,18,42,41,12,8,10,9,6,3,0,0,100,76,26,25,13,7,6,11,1,1787455505.804623,G1,T01,fermo_1m_H,1,static
3294498,1,0,1,0,150,0,100,0,16,32,23,9,8,2,10,4,3,0,0,100,78,28,25,13,7,6,11,1,1787455506.0045733,G1,T01,fermo_1m_H,1,static
3294698,1,0,1,0,150,0,100,0,14,32,23,10,7,4,8,5,4,0,0,100,77,27,24,13,7,7,11,1,1787455506.2048378,G1,T01,fermo_1m_H,1,static
3294898,1,0,1,0,150,0,100,0,17,33,23,6,4,1,6,5,5,0,0,100,75,26,23,14,7,7,12,1,1787455506.4042954,G1,T01,fermo_1m_H,1,static
3295098,1,0,1,0,150,0,100,0,16,21,11,6,5,4,6,6,5,0,0,100,71,24,22,13,7,7,12,1,1787455506.6047,G1,T01,fermo_1m_H,1,static
3295298,1,0,1,0,150,0,100,0,16,16,6,8,5,4,4,6,5,0,0,100,66,23,22,13,7,6,11,1,1787455506.8046033,G1,T01,fermo_1m_H,1,static
3295498,1,0,1,0,150,0,100,0,21,28,18,11,8,6,3,6,5,0,0,100,62,22,22,13,7,6,12,1,1787455507.0041847,G1,T01,fermo_1m_H,1,static
3295698,1,0,1,0,150,0,100,0,14,9,7,4,5,4,3,6,6,0,0,100,60,22,22,13,7,6,12,1,1787455507.2045445,G1,T01,fermo_1m_H,1,static
3295898,1,0,1,0,150,0,100,0,16,33,28,3,3,1,4,4,5,0,0,100,61,22,22,12,7,6,12,1,1787455507.40477,G1,T01,fermo_1m_H,1,static
3296098,1,0,1,0,150,0,100,0,20,49,40,7,4,5,5,4,4,0,0,100,63,22,23,12,7,6,12,1,1787455507.604774,G1,T01,fermo_1m_H,1,static
3296298,1,1,1,93,150,51,100,0,17,51,39,10,4,4,7,5,4,0,0,100,67,23,24,12,7,6,11,1,1787455507.8051572,G1,T01,fermo_1m_H,1,static
3296498,1,0,1,0,87,0,100,0,16,47,32,9,6,9,4,6,5,0,0,100,68,25,26,12,7,6,11,1,1787455508.0044363,G1,T01,fermo_1m_H,1,static
3296698,1,0,1,0,87,0,100,0,20,45,22,4,9,8,5,5,5,0,0,100,68,25,27,12,7,7,11,1,1787455508.2044847,G1,T01,fermo_1m_H,1,static
3296898,1,0,1,0,87,0,100,0,13,10,6,8,7,3,5,6,5,0,0,100,67,26,28,12,7,7,11,1,1787455508.4046066,G1,T01,fermo_1m_H,1,static
3297098,1,0,1,0,87,0,100,0,16,25,25,9,4,9,6,7,3,0,0,100,67,25,27,12,7,7,12,1,1787455508.604672,G1,T01,fermo_1m_H,1,static
3297298,1,0,1,0,87,0,100,0,18,28,21,10,6,8,8,5,2,0,0,100,69,26,26,13,7,7,11,1,1787455508.8044908,G1,T01,fermo_1m_H,1,static
3297498,1,0,1,0,87,0,100,0,25,50,37,9,5,4,6,5,3,0,0,100,67,26,25,13,7,7,12,1,1787455509.0042534,G1,T01,fermo_1m_H,1,static
3297698,1,0,1,0,87,0,100,0,19,35,22,11,4,4,5,5,5,0,0,100,66,25,24,12,7,7,12,1,1787455509.2046413,G1,T01,fermo_1m_H,1,static
3297898,1,0,1,0,87,0,100,0,17,28,17,5,4,7,4,6,5,0,0,100,66,24,24,13,7,7,12,1,1787455509.404384,G1,T01,fermo_1m_H,1,static
3298098,1,0,1,0,87,0,100,0,22,17,16,8,7,9,2,6,6,0,0,100,66,23,23,13,7,8,12,1,1787455509.603819,G1,T01,fermo_1m_H,1,static
3298298,1,0,1,0,87,0,100,0,17,14,11,5,7,8,2,7,6,0,0,100,62,22,22,13,7,8,12,1,1787455509.804605,G1,T01,fermo_1m_H,1,static
3298498,1,0,1,0,87,0,100,0,14,18,18,12,7,9,2,7,5,0,0,100,58,21,22,12,7,8,12,1,1787455510.0046628,G1,T01,fermo_1m_H,1,static
3298698,1,0,1,0,87,0,100,0,19,15,3,7,2,9,2,6,5,0,0,100,58,21,22,12,7,7,11,1,1787455510.204338,G1,T01,fermo_1m_H,1,static
3298898,1,0,1,0,87,0,100,0,13,10,9,3,2,9,3,6,5,0,0,100,60,22,21,11,8,7,11,1,1787455510.4037066,G1,T01,fermo_1m_H,1,static
3299098,1,0,1,0,87,0,100,0,23,12,5,4,4,7,3,5,6,0,0,100,60,22,21,11,8,8,11,1,1787455510.603868,G1,T01,fermo_1m_H,1,static
3299298,1,0,1,0,87,0,100,0,13,10,10,7,3,7,2,6,5,0,0,100,61,23,21,11,8,8,11,1,1787455510.8046272,G1,T01,fermo_1m_H,1,static
3299498,1,0,1,0,87,0,100,0,24,19,14,7,2,7,2,6,5,0,0,100,62,23,21,10,7,7,11,1,1787455511.004055,G1,T01,fermo_1m_H,1,static
3299698,1,0,1,0,87,0,100,0,13,12,8,5,2,7,4,6,5,0,0,100,62,23,20,10,7,7,11,1,1787455511.204258,G1,T01,fermo_1m_H,1,static
3299898,1,0,1,0,87,0,100,0,15,11,10,5,5,6,4,5,5,0,0,100,62,23,20,10,7,7,12,1,1787455511.4043896,G1,T01,fermo_1m_H,1,static
3300098,1,0,1,0,87,0,100,0,20,35,39,8,8,7,5,3,4,0,0,100,59,24,20,9,7,7,12,1,1787455511.604384,G1,T01,fermo_1m_H,1,static
3300298,1,1,1,99,150,61,100,0,17,61,52,13,6,8,5,4,3,0,0,100,60,23,19,9,7,8,12,1,1787455511.8041458,G1,T01,fermo_1m_H,1,static
3300498,1,0,1,0,96,0,100,0,17,49,39,11,7,8,9,4,3,0,0,100,64,25,18,10,8,8,12,1,1787455512.0045257,G1,T01,fermo_1m_H,1,static
3300698,1,1,1,92,89,77,100,0,16,77,56,12,5,10,9,6,5,0,0,100,66,25,17,10,8,8,12,1,1787455512.2045393,G1,T01,fermo_1m_H,1,static
3300898,1,1,1,94,94,86,100,0,25,86,69,7,9,3,8,4,6,0,0,100,65,26,17,10,8,8,12,1,1787455512.4041607,G1,T01,fermo_1m_H,1,static
3301098,1,1,1,101,94,68,100,0,20,68,60,11,4,6,2,3,5,0,0,100,66,26,18,11,9,8,12,1,1787455512.604633,G1,T01,fermo_1m_H,1,static
3301298,1,0,1,0,101,0,100,0,17,14,5,1,7,5,3,4,4,0,0,100,67,26,18,11,9,8,12,1,1787455512.8036618,G1,T01,fermo_1m_H,1,static
3301498,1,1,1,99,101,79,100,0,15,79,66,9,2,3,5,4,5,0,0,100,66,27,20,11,9,8,12,1,1787455513.004571,G1,T01,fermo_1m_H,1,static
3301698,1,1,1,106,97,54,100,0,13,54,51,15,12,9,6,5,4,0,0,100,67,28,21,11,9,7,11,1,1787455513.2048433,G1,T01,fermo_1m_H,1,static
3301898,1,0,1,0,150,0,100,0,17,40,36,13,6,4,9,6,2,0,0,100,70,30,21,12,9,8,11,1,1787455513.4039474,G1,T01,fermo_1m_H,1,static
3302098,1,0,1,0,150,0,100,0,22,50,36,10,8,4,10,4,2,0,0,100,73,31,20,13,9,7,11,1,1787455513.604596,G1,T01,fermo_1m_H,1,static
3302298,1,1,1,84,150,52,100,0,25,52,37,13,4,5,7,4,4,0,0,100,74,31,21,13,8,7,11,1,1787455513.8044276,G1,T01,fermo_1m_H,1,static
3302498,1,0,1,0,84,0,100,0,18,32,21,5,4,2,6,5,6,0,0,100,73,30,22,13,8,7,11,1,1787455514.0044231,G1,T01,fermo_1m_H,1,static
3302698,1,0,1,0,84,0,100,0,16,25,13,6,6,4,4,6,6,0,0,100,73,29,22,13,8,7,11,1,1787455514.2043452,G1,T01,fermo_1m_H,1,static
3302898,1,0,1,0,84,0,100,0,13,11,11,7,7,2,2,7,5,0,0,100,73,29,21,13,8,7,11,1,1787455514.4036946,G1,T01,fermo_1m_H,1,static
3303098,1,0,1,0,84,0,100,0,13,10,2,5,7,3,2,7,6,0,0,100,74,30,21,14,8,7,11,1,1787455514.6043558,G1,T01,fermo_1m_H,1,static
3303298,1,0,1,0,84,0,100,0,13,26,11,5,10,3,3,6,5,0,0,100,75,30,22,14,8,7,12,1,1787455514.804242,G1,T01,fermo_1m_H,1,static
3303498,1,0,1,0,84,0,100,0,19,16,16,6,6,3,4,6,4,0,0,100,74,30,22,14,8,7,12,1,1787455515.0045154,G1,T01,fermo_1m_H,1,static
3303698,1,1,1,150,84,48,100,0,17,48,48,10,2,10,4,5,3,0,0,100,77,30,23,14,8,7,11,1,1787455515.2047427,G1,T01,fermo_1m_H,1,static
3303898,1,0,1,0,150,0,100,0,16,46,40,8,8,4,7,5,2,0,0,100,81,31,23,15,9,8,11,1,1787455515.4039793,G1,T01,fermo_1m_H,1,static
3304098,1,1,1,90,91,58,100,0,17,58,41,11,3,9,8,6,3,0,0,100,84,32,24,15,9,8,11,1,1787455515.6046503,G1,T01,fermo_1m_H,1,static
3304298,1,1,1,84,86,65,100,0,21,65,40,10,7,7,8,7,5,0,0,100,80,31,25,15,9,8,11,1,1787455515.8045964,G1,T01,fermo_1m_H,1,static
3304498,1,1,1,97,90,54,100,0,14,54,44,6,9,1,9,6,5,0,0,100,75,29,26,15,8,7,11,1,1787455516.004603,G1,T01,fermo_1m_H,1,static
3304698,1,0,1,0,97,0,100,0,17,12,6,2,6,4,8,5,5,0,0,100,74,29,26,15,8,7,11,1,1787455516.2038682,G1,T01,fermo_1m_H,1,static
3304898,1,0,1,0,97,0,100,0,16,35,27,8,7,7,8,5,5,0,0,100,74,29,26,14,7,7,11,1,1787455516.4042108,G1,T01,fermo_1m_H,1,static
3305098,1,0,1,0,97,0,100,0,17,41,34,12,7,8,11,5,2,0,0,100,74,29,26,14,7,7,11,1,1787455516.6040313,G1,T01,fermo_1m_H,1,static
3305298,1,0,1,0,97,0,100,0,17,41,33,11,8,4,6,6,2,0,0,100,71,28,25,14,6,7,11,1,1787455516.8043506,G1,T01,fermo_1m_H,1,static
3305498,1,0,1,0,97,0,100,0,15,23,20,6,5,8,4,6,1,0,0,100,71,27,23,14,6,7,11,1,1787455517.0045354,G1,T01,fermo_1m_H,1,static
3305698,1,0,1,0,97,0,100,0,17,35,23,11,4,5,6,6,3,0,0,100,71,25,23,14,6,7,11,1,1787455517.2043722,G1,T01,fermo_1m_H,1,static
3305898,1,0,1,0,97,0,100,0,17,31,22,6,4,3,5,6,4,0,0,100,67,23,22,13,6,7,11,1,1787455517.4042466,G1,T01,fermo_1m_H,1,static
3306098,1,0,1,0,97,0,100,0,15,31,20,8,8,3,5,7,5,0,0,100,66,23,22,13,6,7,12,1,1787455517.604419,G1,T01,fermo_1m_H,1,static
3306298,1,0,1,0,97,0,100,0,18,12,12,6,8,5,5,8,5,0,0,100,66,23,22,12,7,7,12,1,1787455517.804209,G1,T01,fermo_1m_H,1,static
3306498,1,0,1,0,97,0,100,0,14,12,5,1,7,4,5,7,4,0,0,100,68,24,21,12,7,7,13,1,1787455518.004069,G1,T01,fermo_1m_H,1,static
3306698,1,0,1,0,97,0,100,0,17,13,21,11,4,4,4,6,5,0,0,100,68,23,20,12,7,7,12,1,1787455518.2040274,G1,T01,fermo_1m_H,1,static
3306898,1,1,1,104,97,53,100,0,18,53,50,14,3,9,4,5,3,0,0,100,69,23,21,12,7,7,11,1,1787455518.404729,G1,T01,fermo_1m_H,1,static
3307098,1,0,1,0,104,0,100,0,16,40,38,9,7,7,6,5,1,0,0,100,73,24,21,12,7,7,12,1,1787455518.604033,G1,T01,fermo_1m_H,1,static
3307298,1,1,1,94,97,63,100,0,19,63,49,9,5,9,9,6,2,0,0,100,76,25,22,12,7,7,11,1,1787455518.8045392,G1,T01,fermo_1m_H,1,static
3307498,1,1,1,86,92,81,100,0,23,81,50,8,8,6,8,7,4,0,0,100,77,26,23,12,7,8,11,1,1787455519.0044498,G1,T01,fermo_1m_H,1,static
3307698,1,1,1,97,92,60,100,0,19,60,50,6,8,1,9,6,4,0,0,100,75,27,23,12,8,7,11,1,1787455519.203948,G1,T01,fermo_1m_H,1,static
3307898,1,0,1,0,97,0,100,0,17,12,7,6,3,3,7,5,5,0,0,100,71,28,24,13,7,7,12,1,1787455519.404211,G1,T01,fermo_1m_H,1,static
3308098,1,0,1,0,97,0,100,0,17,28,28,4,4,4,7,5,5,0,0,100,68,27,24,13,6,7,12,1,1787455519.6039634,G1,T01,fermo_1m_H,1,static
3308298,1,0,1,0,97,0,100,0,16,9,11,9,11,8,7,6,3,0,0,100,69,27,23,12,6,7,11,1,1787455519.8040416,G1,T01,fermo_1m_H,1,static
3308498,1,0,1,0,97,0,100,0,16,39,30,10,6,7,7,6,2,0,0,100,73,28,23,12,7,7,12,1,1787455520.0044446,G1,T01,fermo_1m_H,1,static
3308698,1,0,1,0,97,0,100,0,15,33,32,10,6,2,7,5,1,0,0,100,75,28,22,13,7,7,12,1,1787455520.204103,G1,T01,fermo_1m_H,1,static
3308898,1,0,1,0,150,0,100,0,18,41,39,13,5,6,4,6,1,0,0,100,74,28,21,14,7,8,11,1,1787455520.4046643,G1,T01,fermo_1m_H,1,static
3309098,1,0,1,0,150,0,100,0,25,40,26,6,3,7,4,6,3,0,0,100,72,26,20,14,7,7,12,1,1787455520.6044703,G1,T01,fermo_1m_H,1,static
3309298,1,0,1,0,150,0,100,0,17,29,16,8,4,5,5,6,4,0,0,100,71,25,20,13,7,7,12,1,1787455520.8043048,G1,T01,fermo_1m_H,1,static
3309498,1,0,1,0,150,0,100,0,15,27,15,7,3,4,5,7,3,0,0,100,71,24,21,13,7,7,11,1,1787455521.0037699,G1,T01,fermo_1m_H,1,static
3309698,1,0,1,0,150,0,100,0,16,23,18,9,7,3,5,7,4,0,0,100,73,25,20,13,7,7,12,1,1787455521.2045028,G1,T01,fermo_1m_H,1,static
3309898,1,0,1,0,150,0,100,0,14,22,11,1,7,3,5,7,5,0,0,100,73,26,19,13,8,7,12,1,1787455521.4045749,G1,T01,fermo_1m_H,1,static
3310098,1,0,1,0,150,0,100,0,17,15,5,1,6,3,5,7,3,0,0,100,72,26,19,13,8,7,12,1,1787455521.6043332,G1,T01,fermo_1m_H,1,static
3310298,1,0,1,0,150,0,100,0,19,19,24,13,5,3,4,6,4,0,0,100,69,25,19,12,7,7,11,1,1787455521.803958,G1,T01,fermo_1m_H,1,static
3310498,1,0,1,0,150,0,100,0,15,23,30,12,3,9,5,4,3,0,0,100,70,24,20,12,7,7,11,1,1787455522.0045047,G1,T01,fermo_1m_H,1,static
3310698,1,0,1,0,150,0,100,0,20,23,25,9,5,6,6,5,1,0,0,100,73,25,20,13,7,7,11,1,1787455522.2043824,G1,T01,fermo_1m_H,1,static
3310898,1,1,1,96,150,57,100,0,17,57,46,8,6,7,8,5,2,0,0,100,75,27,20,13,8,7,11,1,1787455522.4044473,G1,T01,fermo_1m_H,1,static
3311098,1,1,1,93,91,56,100,0,17,56,43,11,6,10,8,6,3,0,0,100,74,28,21,13,8,7,12,1,1787455522.6047885,G1,T01,fermo_1m_H,1,static
3311298,1,0,1,0,93,0,100,0,15,17,13,7,6,8,8,7,4,0,0,100,71,27,21,13,7,7,12,1,1787455522.8039486,G1,T01,fermo_1m_H,1,static
3311498,1,0,1,0,93,0,100,0,17,9,8,5,5,3,8,7,3,0,0,100,73,27,20,13,7,7,12,1,1787455523.0036638,G1,T01,fermo_1m_H,1,static
3311698,1,1,1,150,93,41,100,0,25,48,41,9,5,1,8,5,3,0,0,100,75,27,20,13,7,7,12,1,1787455523.2049487,G1,T01,fermo_1m_H,1,static
3311898,1,0,1,0,150,0,100,0,17,36,29,8,5,4,5,5,1,0,0,100,74,26,19,13,7,7,12,1,1787455523.4046197,G1,T01,fermo_1m_H,1,static
3312098,1,0,1,0,150,0,100,0,17,23,19,7,2,8,4,6,2,0,0,100,75,26,18,13,7,7,12,1,1787455523.604501,G1,T01,fermo_1m_H,1,static
3312298,1,0,1,0,150,0,100,0,17,36,20,5,4,4,4,7,3,0,0,100,74,25,17,13,7,7,12,1,1787455523.8046405,G1,T01,fermo_1m_H,1,static
3312498,1,0,1,0,150,0,100,0,17,31,20,9,4,3,5,7,5,0,0,100,72,23,17,13,7,7,12,1,1787455524.0045898,G1,T01,fermo_1m_H,1,static
3312698,1,0,1,0,150,0,100,0,15,30,16,6,7,3,5,8,5,0,0,100,72,22,16,12,8,7,12,1,1787455524.2039962,G1,T01,fermo_1m_H,1,static
3312898,1,0,1,0,150,0,100,0,17,13,10,4,8,6,6,7,5,0,0,100,75,23,17,12,8,7,11,1,1787455524.4045444,G1,T01,fermo_1m_H,1,static
3313098,1,0,1,0,150,0,100,0,19,10,9,1,4,5,5,6,4,0,0,100,76,24,17,11,8,7,12,1,1787455524.6043746,G1,T01,fermo_1m_H,1,static
3313298,1,0,1,0,150,0,100,0,20,18,16,7,2,4,5,6,5,0,0,100,75,24,16,11,8,7,11,1,1787455524.804488,G1,T01,fermo_1m_H,1,static
3313498,1,0,1,0,150,0,100,0,25,38,38,10,2,7,5,4,2,0,0,100,76,24,16,11,8,7,11,1,1787455525.0045562,G1,T01,fermo_1m_H,1,static
3313698,1,1,1,121,150,43,100,0,17,39,43,13,3,8,5,4,2,0,0,100,77,25,16,11,8,7,11,1,1787455525.2048578,G1,T01,fermo_1m_H,1,static
3313898,1,1,1,101,104,51,100,0,20,51,46,8,7,6,9,5,3,0,0,100,80,26,16,11,8,7,11,1,1787455525.404528,G1,T01,fermo_1m_H,1,static
3314098,1,1,1,89,91,81,100,0,17,81,54,10,5,8,8,7,5,0,0,100,81,27,18,12,8,7,12,1,1787455525.6044445,G1,T01,fermo_1m_H,1,static
3314298,1,1,1,86,90,64,100,0,30,64,46,6,8,3,9,6,3,0,0,100,82,28,19,12,8,8,12,1,1787455525.804253,G1,T01,fermo_1m_H,1,static
3314498,1,0,1,0,86,0,100,0,16,20,17,7,5,2,8,6,5,0,0,100,80,30,20,12,8,8,12,1,1787455526.004524,G1,T01,fermo_1m_H,1,static
3314698,1,0,1,0,86,0,100,0,20,22,21,7,4,5,6,6,4,0,0,100,76,30,20,12,8,7,12,1,1787455526.2045095,G1,T01,fermo_1m_H,1,static
3314898,1,0,1,0,86,0,100,0,15,20,20,8,7,8,7,6,4,0,0,100,73,29,21,12,7,7,12,1,1787455526.4045084,G1,T01,fermo_1m_H,1,static
3315098,1,0,1,0,86,0,100,0,16,38,29,8,7,7,8,6,2,0,0,100,72,29,20,12,7,7,12,1,1787455526.6042688,G1,T01,fermo_1m_H,1,static
3315298,1,0,1,0,86,0,100,0,16,35,31,8,5,1,7,5,2,0,0,100,72,30,20,13,7,7,12,1,1787455526.8046823,G1,T01,fermo_1m_H,1,static
3315498,1,0,1,0,86,0,100,0,15,43,39,13,4,6,4,7,2,0,0,100,69,28,19,13,7,8,11,1,1787455527.0039568,G1,T01,fermo_1m_H,1,static
3315698,1,0,1,0,86,0,100,0,15,27,24,8,3,8,4,7,2,0,0,100,68,27,19,13,7,7,11,1,1787455527.20459,G1,T01,fermo_1m_H,1,static
3315898,1,0,1,0,86,0,100,0,16,17,17,6,4,5,4,6,3,0,0,100,70,26,19,13,7,7,11,1,1787455527.4046245,G1,T01,fermo_1m_H,1,static
3316098,1,0,1,0,86,0,100,0,19,25,15,1,3,3,5,7,4,0,0,100,71,26,19,13,7,7,11,1,1787455527.6045413,G1,T01,fermo_1m_H,1,static
3316298,1,0,1,0,86,0,100,0,16,11,4,1,5,3,4,8,3,0,0,100,71,26,19,13,7,7,11,1,1787455527.8045614,G1,T01,fermo_1m_H,1,static
3316498,1,0,1,0,86,0,100,0,19,18,11,4,7,4,5,7,3,0,0,100,71,27,18,12,7,7,11,1,1787455528.0045013,G1,T01,fermo_1m_H,1,static
3316698,1,0,1,0,86,0,100,0,18,20,30,12,3,6,6,4,3,0,0,100,69,26,18,12,7,7,12,1,1787455528.2043242,G1,T01,fermo_1m_H,1,static
3316898,1,1,1,101,100,69,100,0,16,69,61,12,4,7,5,4,1,0,0,100,69,25,18,12,7,7,12,1,1787455528.4052873,G1,T01,fermo_1m_H,1,static
3317098,1,1,1,99,103,57,100,0,16,57,48,9,8,8,8,5,3,0,0,100,73,26,18,12,7,7,11,1,1787455528.604623,G1,T01,fermo_1m_H,1,static
3317298,1,1,1,96,93,69,100,0,14,69,54,12,7,9,8,5,4,0,0,100,75,28,19,13,8,7,12,1,1787455528.8049562,G1,T01,fermo_1m_H,1,static
3317498,1,0,1,0,86,0,100,0,25,48,28,5,7,4,9,4,5,0,0,100,73,28,20,13,8,7,12,1,1787455529.0046132,G1,T01,fermo_1m_H,1,static
3317698,1,0,1,0,87,0,100,0,18,16,12,5,8,4,8,4,5,0,0,100,69,29,21,13,8,7,12,1,1787455529.204121,G1,T01,fermo_1m_H,1,static
3317898,1,0,1,0,87,0,100,0,18,9,15,4,4,4,8,4,4,0,0,100,64,27,22,13,7,7,12,1,1787455529.403853,G1,T01,fermo_1m_H,1,static
3318098,1,0,1,0,87,0,100,0,17,28,28,8,7,8,9,5,3,0,0,100,64,27,21,13,7,7,12,1,1787455529.6040604,G1,T01,fermo_1m_H,1,static
