timestamp_ms,radar_presence,moving_target,stationary_target,moving_distance_cm,stationary_distance_cm,moving_energy,stationary_energy,pir_presence,menergy_gate0,menergy_gate1,menergy_gate2,menergy_gate3,menergy_gate4,menergy_gate5,menergy_gate6,menergy_gate7,menergy_gate8,senergy_gate0,senergy_gate1,senergy_gate2,senergy_gate3,senergy_gate4,senergy_gate5,senergy_gate6,senergy_gate7,senergy_gate8,light_level,out_level,pc_time_s,group_id,trial_id,scenario,ground_truth_presence,ground_truth_state
28463099,1,1,1,136,122,100,100,1,17,100,100,74,15,13,10,8,6,0,0,100,100,100,100,100,100,100,0,1,1788125498.1482372,G1,T02,respiro_2m_15,1,static
28463299,1,1,1,128,134,100,100,1,14,100,100,62,19,7,7,4,5,0,0,100,100,100,100,100,100,100,0,1,1788125498.1482372,G1,T02,respiro_2m_15,1,static
28463499,1,1,1,113,124,100,100,1,26,100,100,48,27,14,6,7,5,0,0,100,100,100,100,100,100,100,0,1,1788125498.149247,G1,T02,respiro_2m_15,1,static
28463699,1,1,1,113,90,100,100,1,19,100,100,59,14,12,5,5,6,0,0,100,100,100,100,100,100,100,0,1,1788125498.149247,G1,T02,respiro_2m_15,1,static
28463899,1,1,1,111,110,100,100,1,34,100,100,58,25,12,12,9,7,0,0,100,100,100,100,100,100,100,0,1,1788125498.150235,G1,T02,respiro_2m_15,1,static
28464099,1,1,1,105,92,100,100,1,42,100,100,91,44,17,3,2,5,0,0,100,100,100,100,100,100,100,0,1,1788125498.1512456,G1,T02,respiro_2m_15,1,static
28464299,1,1,1,82,92,100,100,1,100,100,100,26,16,5,2,8,9,0,0,100,100,100,100,100,100,100,0,1,1788125498.1512456,G1,T02,respiro_2m_15,1,static
28464499,1,1,1,73,80,100,100,1,100,100,100,33,26,10,8,7,2,0,0,100,100,100,100,100,100,100,0,1,1788125498.1522424,G1,T02,respiro_2m_15,1,static
28464699,1,1,1,84,82,100,100,1,89,100,100,30,28,8,17,11,6,0,0,100,100,100,100,100,100,100,0,1,1788125498.1522424,G1,T02,respiro_2m_15,1,static
28464899,1,1,1,85,75,100,100,1,100,100,100,24,14,10,10,6,5,0,0,100,100,100,100,100,100,100,0,1,1788125498.153234,G1,T02,respiro_2m_15,1,static
28465099,1,1,1,75,79,100,100,1,100,100,100,25,28,10,7,11,6,0,0,100,100,100,100,100,100,100,0,1,1788125498.2246866,G1,T02,respiro_2m_15,1,static
28465299,1,1,1,73,81,100,100,1,100,100,100,47,12,4,2,3,6,0,0,100,100,100,100,100,100,100,0,1,1788125498.4256918,G1,T02,respiro_2m_15,1,static
28465499,1,1,1,84,81,100,100,1,100,100,100,15,31,13,11,27,23,0,0,100,100,100,100,100,100,100,0,1,1788125498.6255836,G1,T02,respiro_2m_15,1,static
28465699,1,1,1,86,86,100,100,1,95,100,100,52,17,18,21,18,13,0,0,100,100,100,100,100,100,100,0,1,1788125498.825842,G1,T02,respiro_2m_15,1,static
28465899,1,1,1,95,92,100,100,1,64,100,100,60,9,6,8,11,9,0,0,100,100,100,100,100,100,100,0,1,1788125499.0252364,G1,T02,respiro_2m_15,1,static
28466099,1,1,1,86,89,100,100,1,100,100,100,34,37,13,12,8,7,0,0,100,100,100,100,100,100,100,0,1,1788125499.2251067,G1,T02,respiro_2m_15,1,static
28466299,1,1,1,100,88,100,100,1,29,100,100,53,13,15,24,22,15,0,0,100,100,100,100,100,100,100,0,1,1788125499.4255128,G1,T02,respiro_2m_15,1,static
28466499,1,1,1,93,80,100,100,1,50,100,100,50,15,8,19,29,18,0,0,100,100,100,100,100,100,100,0,1,1788125499.624901,G1,T02,respiro_2m_15,1,static
28466699,1,1,1,96,94,100,100,1,100,100,100,51,40,19,6,9,5,0,0,100,100,100,100,100,100,100,0,1,1788125499.8255699,G1,T02,respiro_2m_15,1,static
28466899,1,1,1,119,90,100,100,1,23,100,100,71,44,8,6,11,2,0,0,100,100,100,100,100,100,100,0,1,1788125500.0258012,G1,T02,respiro_2m_15,1,static
28467099,1,1,1,107,138,100,100,1,19,100,100,61,20,10,19,10,5,0,0,100,100,100,100,100,100,100,0,1,1788125500.2263649,G1,T02,respiro_2m_15,1,static
28467299,1,1,1,125,107,100,100,1,18,100,100,95,22,27,6,11,4,0,0,100,100,100,100,100,100,100,0,1,1788125500.4254575,G1,T02,respiro_2m_15,1,static
28467499,1,1,1,131,117,100,100,1,13,100,100,37,33,15,14,24,16,0,0,100,100,100,100,100,100,100,0,1,1788125500.6264856,G1,T02,respiro_2m_15,1,static
28467699,1,1,1,138,137,100,100,1,25,100,100,99,18,8,13,12,14,0,0,100,100,100,100,100,100,100,0,1,1788125500.8260007,G1,T02,respiro_2m_15,1,static
28467899,1,1,1,144,130,100,100,1,18,76,100,47,12,7,3,7,9,0,0,100,100,100,100,100,100,100,0,1,1788125501.026123,G1,T02,respiro_2m_15,1,static
28468099,1,1,1,143,154,100,100,1,18,75,100,48,5,8,12,14,13,0,0,100,100,100,100,100,100,100,0,1,1788125501.2249503,G1,T02,respiro_2m_15,1,static
28468299,1,1,1,147,153,100,100,1,20,100,100,100,8,6,20,26,20,0,0,100,100,100,100,100,100,100,0,1,1788125501.4265263,G1,T02,respiro_2m_15,1,static
28468499,1,1,1,172,157,87,100,1,16,22,87,70,13,29,16,8,4,0,0,100,100,100,100,100,100,100,0,1,1788125501.625469,G1,T02,respiro_2m_15,1,static
28468699,1,1,1,155,148,100,100,1,16,47,100,66,23,16,4,7,11,0,0,100,100,100,100,100,100,100,0,1,1788125501.8243597,G1,T02,respiro_2m_15,1,static
28468899,1,1,1,154,133,100,100,1,16,100,100,100,36,21,9,8,2,0,0,100,100,100,100,100,100,100,0,1,1788125502.0265234,G1,T02,respiro_2m_15,1,static
28469099,1,1,1,150,143,100,100,1,16,100,100,100,12,11,9,4,7,0,0,100,100,100,100,100,100,100,0,1,1788125502.2258792,G1,T02,respiro_2m_15,1,static
28469299,1,1,1,166,147,100,100,1,16,48,100,100,21,6,3,5,8,0,0,100,100,100,100,100,100,100,0,1,1788125502.4261777,G1,T02,respiro_2m_15,1,static
28469499,1,1,1,140,157,64,100,1,18,34,64,15,40,28,3,6,7,0,0,100,100,100,100,100,100,100,0,1,1788125502.6259525,G1,T02,respiro_2m_15,1,static
28469699,1,1,1,157,162,100,100,1,14,86,100,100,26,28,19,8,2,0,0,100,100,100,100,100,100,100,0,1,1788125502.8254564,G1,T02,respiro_2m_15,1,static
28469899,1,1,1,158,159,100,100,1,16,46,100,79,14,2,3,4,5,0,0,100,100,100,100,100,100,100,0,1,1788125503.0262609,G1,T02,respiro_2m_15,1,static
28470099,1,1,1,154,168,100,100,1,18,28,100,43,8,8,5,5,5,0,0,100,100,100,100,100,100,100,0,1,1788125503.2254024,G1,T02,respiro_2m_15,1,static
28470299,1,1,1,147,157,100,100,1,17,61,100,52,33,27,10,3,3,0,0,100,100,100,100,100,100,98,0,1,1788125503.4258914,G1,T02,respiro_2m_15,1,static
28470499,1,1,1,162,191,100,100,1,19,75,100,100,30,10,4,12,14,0,0,100,100,100,100,100,100,94,0,1,1788125503.6259224,G1,T02,respiro_2m_15,1,static
28470699,1,1,1,148,137,86,100,1,16,46,86,43,8,6,11,15,13,0,0,100,100,100,100,100,100,95,0,1,1788125503.825394,G1,T02,respiro_2m_15,1,static
28470899,1,0,1,0,147,0,100,1,15,13,19,9,11,1,9,9,4,0,0,100,100,100,100,100,100,97,0,1,1788125504.0254374,G1,T02,respiro_2m_15,1,static
28471099,1,0,1,0,147,0,100,1,17,31,39,22,30,16,8,8,2,0,0,100,100,100,100,100,100,97,0,1,1788125504.2257848,G1,T02,respiro_2m_15,1,static
28471299,1,1,1,144,158,46,100,1,25,36,46,32,8,9,4,5,4,0,0,100,100,100,100,100,100,99,0,1,1788125504.425847,G1,T02,respiro_2m_15,1,static
28471499,1,1,1,145,144,46,100,1,23,34,46,30,10,7,7,6,2,0,0,100,100,100,100,100,100,98,0,1,1788125504.6261346,G1,T02,respiro_2m_15,1,static
28471699,1,0,1,0,215,0,100,1,14,15,20,22,15,8,8,7,1,0,0,100,100,100,100,96,100,91,0,1,1788125504.8255608,G1,T02,respiro_2m_15,1,static
28471899,1,1,1,144,172,82,100,1,16,46,82,32,7,6,5,4,4,0,0,100,100,100,100,88,100,84,0,1,1788125505.0257578,G1,T02,respiro_2m_15,1,static
28472099,1,1,1,150,149,100,100,1,23,81,100,80,13,3,2,9,8,0,0,100,100,100,100,84,100,79,0,1,1788125505.2259393,G1,T02,respiro_2m_15,1,static
28472299,1,1,1,150,145,100,100,1,17,54,100,55,6,4,4,10,9,0,0,100,100,100,100,82,100,77,0,1,1788125505.4260485,G1,T02,respiro_2m_15,1,static
28472499,1,1,1,148,141,97,100,1,18,52,97,48,28,12,4,8,7,0,0,100,100,100,100,81,100,72,0,1,1788125505.6260014,G1,T02,respiro_2m_15,1,static
28472699,1,1,1,158,138,80,100,1,16,43,80,56,19,9,2,9,10,0,0,100,100,100,100,81,100,73,0,1,1788125505.825759,G1,T02,respiro_2m_15,1,static
28472899,1,1,1,98,150,63,100,1,16,63,52,17,13,10,8,4,10,0,0,100,100,100,100,81,100,72,0,1,1788125506.0253975,G1,T02,respiro_2m_15,1,static
28473099,1,1,1,147,141,79,100,1,14,48,79,43,15,9,3,8,8,0,0,100,100,100,100,80,98,69,0,1,1788125506.2259154,G1,T02,respiro_2m_15,1,static
28473299,1,1,1,162,150,52,100,1,18,14,52,33,10,7,11,11,8,0,0,100,100,100,100,80,97,69,0,1,1788125506.4256728,G1,T02,respiro_2m_15,1,static
28473499,1,1,1,169,200,56,100,1,19,28,56,47,23,8,2,12,7,0,0,100,100,100,100,80,93,67,0,1,1788125506.6261427,G1,T02,respiro_2m_15,1,static
28473699,1,1,1,181,205,85,100,1,18,15,85,79,18,20,11,13,11,0,0,100,100,100,97,76,91,66,0,1,1788125506.8252988,G1,T02,respiro_2m_15,1,static
28473899,1,1,1,201,212,66,100,1,18,26,58,66,29,14,4,3,7,0,0,100,100,100,99,78,91,63,0,1,1788125507.0257907,G1,T02,respiro_2m_15,1,static
28474099,1,1,1,210,208,100,100,1,20,27,100,100,46,6,7,5,3,0,0,100,100,100,95,78,95,63,0,1,1788125507.2260795,G1,T02,respiro_2m_15,1,static
28474299,1,1,1,237,224,41,100,1,18,15,21,41,31,19,7,9,6,0,0,100,100,100,91,76,97,63,0,1,1788125507.4258788,G1,T02,respiro_2m_15,1,static
28474499,1,1,1,205,213,62,100,1,20,13,50,62,22,11,3,9,8,0,0,100,100,100,86,74,96,60,0,1,1788125507.6256502,G1,T02,respiro_2m_15,1,static
28474699,1,1,1,227,215,49,100,1,17,10,23,49,26,5,3,8,5,0,0,100,100,100,83,70,90,56,0,1,1788125507.8255005,G1,T02,respiro_2m_15,1,static
28474899,1,1,1,223,216,100,100,1,19,12,50,100,44,9,5,3,7,0,0,100,100,100,78,65,83,50,0,1,1788125508.0255024,G1,T02,respiro_2m_15,1,static
28475099,1,1,1,221,148,78,100,1,15,15,43,78,35,6,5,5,7,0,0,100,100,100,77,62,77,45,0,1,1788125508.2256866,G1,T02,respiro_2m_15,1,static
28475299,1,0,1,0,225,0,100,1,18,11,15,4,17,5,6,4,2,0,0,100,100,100,80,59,72,41,0,1,1788125508.425418,G1,T02,respiro_2m_15,1,static
28475499,1,1,1,216,212,93,100,1,17,12,57,93,35,16,11,4,5,0,0,100,100,100,84,58,67,38,0,1,1788125508.6260521,G1,T02,respiro_2m_15,1,static
28475699,1,1,1,216,188,100,100,1,20,14,59,100,31,5,6,12,8,0,0,100,100,100,84,57,64,35,0,1,1788125508.825512,G1,T02,respiro_2m_15,1,static
28475899,1,1,1,201,193,48,100,1,19,16,42,48,22,12,5,3,3,0,0,100,100,100,83,56,63,33,0,1,1788125509.0254881,G1,T02,respiro_2m_15,1,static
28476099,1,1,1,203,200,100,100,1,22,23,100,100,53,13,13,4,2,0,0,100,100,100,81,55,62,32,0,1,1788125509.22575,G1,T02,respiro_2m_15,1,static
28476299,1,1,1,178,204,100,100,1,15,32,100,100,19,12,1,2,9,0,0,100,100,100,82,57,66,31,0,1,1788125509.4262264,G1,T02,respiro_2m_15,1,static
28476499,1,1,1,219,207,49,100,1,19,19,40,49,37,27,15,11,8,0,0,100,100,100,84,58,66,31,0,1,1788125509.6260405,G1,T02,respiro_2m_15,1,static
28476699,1,1,1,210,208,100,100,1,13,9,100,100,44,7,10,5,3,0,0,100,100,100,88,62,63,29,0,1,1788125509.826127,G1,T02,respiro_2m_15,1,static
28476899,1,0,1,0,209,0,100,1,13,10,42,37,12,17,10,11,5,0,0,100,100,100,88,62,63,28,0,1,1788125510.0256903,G1,T02,respiro_2m_15,1,static
28477099,1,1,1,212,208,100,100,1,20,21,100,100,52,8,7,3,4,0,0,100,100,100,89,63,65,29,0,1,1788125510.2257211,G1,T02,respiro_2m_15,1,static
28477299,1,1,1,210,209,96,100,1,17,18,69,96,36,9,3,9,4,0,0,100,100,100,88,63,64,26,0,1,1788125510.4257486,G1,T02,respiro_2m_15,1,static
28477499,1,1,1,195,208,54,100,1,13,14,50,54,15,10,8,9,3,0,0,100,100,100,87,62,65,27,0,1,1788125510.6256325,G1,T02,respiro_2m_15,1,static
28477699,1,1,1,208,209,65,100,1,15,14,50,65,25,16,2,6,3,0,0,100,100,100,85,63,65,27,0,1,1788125510.825861,G1,T02,respiro_2m_15,1,static
28477899,1,1,1,199,210,100,100,1,14,12,91,100,11,21,14,4,4,0,0,100,100,100,83,61,64,27,0,1,1788125511.0256076,G1,T02,respiro_2m_15,1,static
28478099,1,1,1,215,211,100,100,1,17,16,100,100,60,11,2,12,9,0,0,100,100,100,85,62,60,26,0,1,1788125511.225679,G1,T02,respiro_2m_15,1,static
28478299,1,1,1,226,210,42,100,1,18,13,18,42,20,6,6,1,3,0,0,100,100,100,86,62,58,24,0,1,1788125511.4258015,G1,T02,respiro_2m_15,1,static
28478499,1,1,1,201,210,100,100,1,22,19,92,100,22,13,9,5,11,0,0,100,100,100,89,64,57,25,0,1,1788125511.6255708,G1,T02,respiro_2m_15,1,static
28478699,1,1,1,199,209,49,100,1,20,13,41,49,10,9,3,11,3,0,0,100,100,100,88,65,56,24,0,1,1788125511.8258233,G1,T02,respiro_2m_15,1,static
28478899,1,1,1,219,208,100,100,1,22,16,78,100,61,2,6,8,3,0,0,100,100,100,89,68,59,24,0,1,1788125512.0260649,G1,T02,respiro_2m_15,1,static
28479099,1,1,1,240,207,56,100,1,16,17,36,56,48,18,1,6,7,0,0,100,100,100,91,70,60,25,0,1,1788125512.2260063,G1,T02,respiro_2m_15,1,static
28479299,1,1,1,241,206,34,100,1,18,16,20,34,28,9,7,7,6,0,0,100,100,100,91,71,62,24,0,1,1788125512.425812,G1,T02,respiro_2m_15,1,static
28479499,1,1,1,160,205,60,100,1,13,22,60,39,15,2,4,5,5,0,0,100,100,100,89,72,66,23,0,1,1788125512.625799,G1,T02,respiro_2m_15,1,static
28479699,1,1,1,217,203,80,100,1,16,13,44,80,26,8,6,7,6,0,0,100,100,100,88,72,67,23,0,1,1788125512.8253312,G1,T02,respiro_2m_15,1,static
28479899,1,1,1,220,203,53,100,1,18,17,32,53,26,10,11,4,7,0,0,100,100,100,85,72,67,22,0,1,1788125513.0255983,G1,T02,respiro_2m_15,1,static
28480099,1,0,1,0,202,0,100,1,15,13,38,43,23,16,9,7,9,0,0,100,100,100,89,73,68,22,0,1,1788125513.2257037,G1,T02,respiro_2m_15,1,static
28480299,1,1,1,231,202,68,100,1,22,18,33,68,44,25,7,3,9,0,0,100,100,100,90,73,65,23,0,1,1788125513.4254787,G1,T02,respiro_2m_15,1,static
28480499,1,1,1,230,201,49,100,1,18,11,18,49,26,11,7,6,6,0,0,100,100,100,86,73,64,24,0,1,1788125513.625911,G1,T02,respiro_2m_15,1,static
28480699,1,1,1,195,201,70,100,1,17,20,65,70,20,6,10,9,9,0,0,100,100,100,76,71,66,23,0,1,1788125513.8252451,G1,T02,respiro_2m_15,1,static
28480899,1,1,1,229,203,65,100,0,17,16,33,65,40,10,10,10,12,0,0,100,100,100,77,74,68,25,0,1,1788125514.0262082,G1,T02,respiro_2m_15,1,static
28481099,1,1,1,155,203,100,100,0,16,23,100,46,20,1,6,8,3,0,0,100,100,100,80,77,70,29,0,1,1788125514.2255907,G1,T02,respiro_2m_15,1,static
28481299,1,0,1,0,201,0,100,0,17,21,100,83,19,10,1,2,6,0,0,100,100,100,81,78,72,32,0,1,1788125514.425388,G1,T02,respiro_2m_15,1,static
28481499,1,1,1,163,200,96,100,0,16,33,96,67,2,3,10,3,3,0,0,100,100,100,79,78,72,33,0,1,1788125514.6254005,G1,T02,respiro_2m_15,1,static
28481699,1,0,1,0,198,0,100,0,13,13,35,16,4,8,2,8,10,0,0,100,100,100,79,79,72,34,0,1,1788125514.8254168,G1,T02,respiro_2m_15,1,static
28481899,1,0,1,0,197,0,100,0,18,18,27,15,5,1,5,6,1,0,0,100,100,100,78,80,73,36,0,1,1788125515.0255222,G1,T02,respiro_2m_15,1,static
28482099,1,1,1,225,193,34,100,0,20,14,34,34,10,10,4,5,1,0,0,100,100,100,77,81,76,37,0,1,1788125515.2257733,G1,T02,respiro_2m_15,1,static
28482299,1,1,1,157,193,43,100,0,19,21,43,29,10,3,4,8,2,0,0,100,100,100,77,82,77,39,0,1,1788125515.4257588,G1,T02,respiro_2m_15,1,static
28482499,1,0,1,0,189,0,100,0,17,13,19,20,17,10,12,8,3,0,0,100,100,100,74,81,79,40,0,1,1788125515.6254992,G1,T02,respiro_2m_15,1,static
28482699,1,0,1,0,188,0,100,0,19,16,26,19,1,7,7,1,1,0,0,100,100,100,74,79,79,42,0,1,1788125515.8254228,G1,T02,respiro_2m_15,1,static
28482899,1,0,1,0,151,0,100,0,14,13,21,22,15,12,8,8,3,0,0,100,100,100,73,76,79,43,0,1,1788125516.025951,G1,T02,respiro_2m_15,1,static
28483099,1,1,1,166,188,65,100,0,19,21,65,48,5,4,1,5,1,0,0,100,100,100,73,77,79,43,0,1,1788125516.2259257,G1,T02,respiro_2m_15,1,static
28483299,1,1,1,201,171,35,100,0,17,16,28,35,7,9,7,4,2,0,0,100,100,100,72,76,79,44,0,1,1788125516.4260383,G1,T02,respiro_2m_15,1,static
28483499,1,0,1,0,218,0,100,0,15,14,19,25,14,1,6,1,1,0,0,100,100,100,70,74,77,45,0,1,1788125516.6256826,G1,T02,respiro_2m_15,1,static
28483699,1,0,1,0,188,0,100,0,18,11,17,11,9,3,7,2,2,0,0,100,100,100,70,72,74,45,0,1,1788125516.8253028,G1,T02,respiro_2m_15,1,static
28483899,1,0,1,0,218,0,100,0,18,13,27,24,11,4,4,3,1,0,0,100,100,100,70,70,70,45,0,1,1788125517.02573,G1,T02,respiro_2m_15,1,static
28484099,1,0,1,0,189,0,100,0,18,11,8,1,7,7,4,3,1,0,0,100,100,100,65,66,67,45,0,1,1788125517.2256353,G1,T02,respiro_2m_15,1,static
28484299,1,1,1,213,218,38,100,0,15,10,27,38,16,7,3,2,1,0,0,100,100,100,61,63,65,43,0,1,1788125517.425781,G1,T02,respiro_2m_15,1,static
28484499,1,0,1,0,213,0,100,0,18,11,9,14,10,6,2,3,2,0,0,100,100,100,58,60,64,42,0,1,1788125517.6255803,G1,T02,respiro_2m_15,1,static
28484699,1,1,1,206,213,50,100,0,20,8,40,50,19,2,4,2,3,0,0,100,100,100,56,56,62,42,0,1,1788125517.825618,G1,T02,respiro_2m_15,1,static
28484899,1,0,1,0,199,0,100,0,13,13,23,26,6,7,5,1,4,0,0,100,100,100,53,51,58,40,0,1,1788125518.0258067,G1,T02,respiro_2m_15,1,static
28485099,1,1,1,227,199,31,100,0,15,11,13,31,16,4,6,2,7,0,0,100,100,100,48,46,53,36,0,1,1788125518.2261162,G1,T02,respiro_2m_15,1,static
28485299,1,0,1,0,227,0,100,0,16,14,10,17,8,7,5,2,5,0,0,100,100,100,47,43,51,33,0,1,1788125518.4257584,G1,T02,respiro_2m_15,1,static
28485499,1,0,1,0,227,0,100,0,16,16,11,21,11,4,3,2,6,0,0,100,100,100,47,41,48,31,0,1,1788125518.6258993,G1,T02,respiro_2m_15,1,static
28485699,1,0,1,0,227,0,100,0,19,12,10,25,18,3,4,1,5,0,0,100,100,100,46,39,45,28,0,1,1788125518.825734,G1,T02,respiro_2m_15,1,static
28485899,1,0,1,0,227,0,100,0,17,13,13,13,7,4,2,1,5,0,0,100,100,100,44,37,41,26,0,1,1788125519.0258105,G1,T02,respiro_2m_15,1,static
28486099,1,0,1,0,227,0,100,0,15,14,20,19,12,7,1,1,3,0,0,100,100,100,44,34,39,24,0,1,1788125519.225002,G1,T02,respiro_2m_15,1,static
28486299,1,0,1,0,227,0,100,0,17,16,14,15,6,4,2,1,3,0,0,100,100,100,43,31,36,22,0,1,1788125519.4259198,G1,T02,respiro_2m_15,1,static
28486499,1,0,1,0,227,0,100,0,20,16,7,9,8,2,3,3,4,0,0,100,100,100,42,28,34,19,0,1,1788125519.6256244,G1,T02,respiro_2m_15,1,static
28486699,1,0,1,0,188,0,100,0,17,16,12,15,7,1,4,2,4,0,0,100,100,100,41,26,31,18,0,1,1788125519.8250678,G1,T02,respiro_2m_15,1,static
28486899,1,0,1,0,188,0,100,0,18,16,10,7,8,4,6,3,3,0,0,100,100,100,40,23,28,16,0,1,1788125520.0255988,G1,T02,respiro_2m_15,1,static
28487099,1,0,1,0,188,0,100,0,14,11,10,9,2,9,7,2,4,0,0,100,100,100,37,19,26,15,0,1,1788125520.2257986,G1,T02,respiro_2m_15,1,static
28487299,1,0,1,0,189,0,100,0,16,15,18,23,11,8,5,1,4,0,0,100,100,100,36,17,23,15,0,1,1788125520.4259243,G1,T02,respiro_2m_15,1,static
28487499,1,0,1,0,189,0,100,0,17,9,24,29,12,5,2,1,2,0,0,100,100,100,36,15,21,14,0,1,1788125520.6244607,G1,T02,respiro_2m_15,1,static
28487699,1,0,1,0,215,0,100,0,19,11,10,23,14,2,2,1,3,0,0,100,100,100,35,15,19,13,0,1,1788125520.8258283,G1,T02,respiro_2m_15,1,static
28487899,1,0,1,0,215,0,100,0,18,15,7,9,6,1,3,1,2,0,0,100,100,100,34,14,18,13,0,1,1788125521.0255806,G1,T02,respiro_2m_15,1,static
28488099,1,0,1,0,215,0,100,0,15,10,8,13,3,3,5,1,2,0,0,100,100,100,33,13,17,12,0,1,1788125521.2253044,G1,T02,respiro_2m_15,1,static
28488299,1,0,1,0,215,0,100,0,15,13,5,4,1,7,4,1,2,0,0,100,100,100,32,12,16,12,0,1,1788125521.425595,G1,T02,respiro_2m_15,1,static
28488499,1,0,1,0,215,0,100,0,16,12,8,6,7,7,6,1,1,0,0,100,100,96,33,12,15,11,0,1,1788125521.6254396,G1,T02,respiro_2m_15,1,static
28488699,1,0,1,0,215,0,100,0,17,13,2,9,9,6,6,1,1,0,0,100,100,93,35,12,14,10,0,1,1788125521.825631,G1,T02,respiro_2m_15,1,static
28488899,1,0,1,0,215,0,100,0,15,11,4,6,5,5,2,1,2,0,0,100,100,87,35,12,12,9,0,1,1788125522.024694,G1,T02,respiro_2m_15,1,static
28489099,1,0,1,0,215,0,100,0,17,13,6,11,8,9,2,1,4,0,0,100,100,84,34,12,11,8,0,1,1788125522.225578,G1,T02,respiro_2m_15,1,static
28489299,1,0,1,0,215,0,100,0,17,12,9,8,5,3,2,1,3,0,0,100,100,77,34,11,10,7,0,1,1788125522.4252625,G1,T02,respiro_2m_15,1,static
28489499,1,0,1,0,215,0,100,0,18,14,5,16,8,4,2,1,2,0,0,100,100,77,35,11,8,6,0,1,1788125522.624723,G1,T02,respiro_2m_15,1,static
28489699,1,0,1,0,215,0,100,0,18,11,7,18,11,6,1,1,3,0,0,100,100,81,35,10,8,6,0,1,1788125522.8257732,G1,T02,respiro_2m_15,1,static
28489899,1,0,1,0,189,0,100,0,16,10,14,19,13,10,3,2,1,0,0,100,100,84,35,10,8,5,0,1,1788125523.025815,G1,T02,respiro_2m_15,1,static
28490099,1,0,1,0,191,0,100,0,15,12,5,7,8,11,4,2,3,0,0,100,100,87,35,10,8,5,0,1,1788125523.2254124,G1,T02,respiro_2m_15,1,static
28490299,1,0,1,0,193,0,100,0,15,11,11,12,8,6,5,1,3,0,0,100,100,90,35,10,7,5,0,1,1788125523.42555,G1,T02,respiro_2m_15,1,static
28490499,1,0,1,0,195,0,100,0,18,12,9,10,11,6,7,2,3,0,0,100,100,94,36,11,6,6,0,1,1788125523.6257234,G1,T02,respiro_2m_15,1,static
28490699,1,0,1,0,196,0,100,0,19,15,8,13,4,7,8,3,2,0,0,100,100,98,37,12,6,6,0,1,1788125523.8252616,G1,T02,respiro_2m_15,1,static
28490899,1,0,1,0,198,0,100,0,18,13,5,9,11,5,3,1,4,0,0,100,100,100,38,12,5,6,0,1,1788125524.0250409,G1,T02,respiro_2m_15,1,static
28491099,1,0,1,0,200,0,100,0,17,12,7,10,11,6,3,2,2,0,0,100,100,100,37,12,5,6,0,1,1788125524.2258368,G1,T02,respiro_2m_15,1,static
28491299,1,0,1,0,202,0,100,0,19,13,3,12,9,8,2,1,1,0,0,100,100,100,38,12,4,5,0,1,1788125524.4256935,G1,T02,respiro_2m_15,1,static
28491499,1,0,1,0,202,0,100,0,22,16,5,8,8,7,5,3,1,0,0,100,100,100,38,12,5,5,0,1,1788125524.625664,G1,T02,respiro_2m_15,1,static
28491699,1,0,1,0,203,0,100,0,14,14,8,15,11,3,3,1,2,0,0,100,100,100,39,12,5,6,0,1,1788125524.825757,G1,T02,respiro_2m_15,1,static
28491899,1,0,1,0,206,0,100,0,22,16,6,9,8,5,3,1,2,0,0,100,100,100,40,12,4,6,0,1,1788125525.0252142,G1,T02,respiro_2m_15,1,static
28492099,1,0,1,0,209,0,100,0,14,9,9,14,6,6,2,1,2,0,0,100,100,100,42,12,5,6,0,1,1788125525.2256558,G1,T02,respiro_2m_15,1,static
28492299,1,0,1,0,212,0,100,0,17,13,3,3,7,7,4,1,2,0,0,100,100,100,43,13,5,6,0,1,1788125525.4256647,G1,T02,respiro_2m_15,1,static
28492499,1,0,1,0,215,0,100,0,15,14,5,9,8,3,6,2,1,0,0,100,100,100,44,13,5,5,0,1,1788125525.6254976,G1,T02,respiro_2m_15,1,static
28492699,1,0,1,0,219,0,100,0,15,12,9,4,12,4,7,4,1,0,0,100,100,100,44,14,6,6,0,1,1788125525.8250325,G1,T02,respiro_2m_15,1,static
28492899,1,0,1,0,221,0,100,0,21,14,11,10,2,2,6,3,1,0,0,100,100,100,45,14,7,6,0,1,1788125526.025223,G1,T02,respiro_2m_15,1,static
28493099,1,0,1,0,223,0,100,0,16,13,10,13,6,12,3,2,4,0,0,100,100,100,47,15,7,6,0,1,1788125526.2257261,G1,T02,respiro_2m_15,1,static
28493299,1,0,1,0,222,0,100,0,13,9,23,16,9,7,3,1,2,0,0,100,100,100,48,16,7,6,0,1,1788125526.4255078,G1,T02,respiro_2m_15,1,static
28493499,1,0,1,0,222,0,100,0,14,14,9,20,11,4,4,1,4,0,0,100,100,100,49,17,8,6,0,1,1788125526.6252022,G1,T02,respiro_2m_15,1,static
28493699,1,0,1,0,220,0,100,0,17,14,23,21,13,6,3,1,2,0,0,100,100,100,49,16,8,6,0,1,1788125526.8257656,G1,T02,respiro_2m_15,1,static
28493899,1,0,1,0,218,0,100,0,16,12,34,27,8,6,3,3,4,0,0,100,100,100,49,16,8,6,0,1,1788125527.0252893,G1,T02,respiro_2m_15,1,static
28494099,1,0,1,0,216,0,100,0,20,15,20,19,8,8,1,2,3,0,0,100,100,100,51,16,8,6,0,1,1788125527.2258277,G1,T02,respiro_2m_15,1,static
28494299,1,0,1,0,215,0,100,0,16,14,8,5,8,4,4,2,3,0,0,100,100,100,52,16,8,6,0,1,1788125527.4254367,G1,T02,respiro_2m_15,1,static
28494499,1,0,1,0,214,0,100,0,18,10,2,11,5,7,7,2,3,0,0,100,100,100,52,16,8,6,0,1,1788125527.6257899,G1,T02,respiro_2m_15,1,static
28494699,1,0,1,0,214,0,100,0,15,17,17,10,8,2,8,3,2,0,0,100,100,100,52,16,8,6,0,1,1788125527.8251626,G1,T02,respiro_2m_15,1,static
28494899,1,0,1,0,214,0,100,0,19,12,17,16,8,4,6,2,2,0,0,100,100,100,52,16,9,6,0,1,1788125528.0254114,G1,T02,respiro_2m_15,1,static
28495099,1,1,1,204,213,33,100,0,17,16,28,33,16,8,6,2,1,0,0,100,100,100,52,17,9,6,0,1,1788125528.2262027,G1,T02,respiro_2m_15,1,static
28495299,1,0,1,0,211,0,100,0,19,14,23,29,14,12,6,1,3,0,0,100,100,100,51,17,9,6,0,1,1788125528.425648,G1,T02,respiro_2m_15,1,static
28495499,1,1,1,166,209,43,100,0,17,14,43,32,9,4,3,2,5,0,0,100,100,100,52,17,9,6,0,1,1788125528.625807,G1,T02,respiro_2m_15,1,static
28495699,1,0,1,0,206,0,100,0,16,10,6,6,3,6,3,3,6,0,0,100,100,100,52,18,10,6,0,1,1788125528.8255744,G1,T02,respiro_2m_15,1,static
28495899,1,0,1,0,203,0,100,0,20,16,8,12,1,2,6,4,5,0,0,100,100,100,52,19,11,6,0,1,1788125529.0260653,G1,T02,respiro_2m_15,1,static
28496099,1,0,1,0,199,0,100,0,20,17,22,15,5,8,10,5,3,0,0,100,100,100,53,20,12,6,0,1,1788125529.2257075,G1,T02,respiro_2m_15,1,static
28496299,1,0,1,0,197,0,100,0,17,11,8,9,9,4,6,5,3,0,0,100,100,100,54,21,13,7,0,1,1788125529.4255357,G1,T02,respiro_2m_15,1,static
28496499,1,0,1,0,195,0,100,0,16,14,3,9,9,5,1,4,2,0,0,100,100,100,55,22,13,7,0,1,1788125529.6258214,G1,T02,respiro_2m_15,1,static
28496699,1,0,1,0,192,0,100,0,20,16,14,10,12,7,3,3,3,0,0,100,100,100,55,22,13,7,0,1,1788125529.8258939,G1,T02,respiro_2m_15,1,static
28496899,1,0,1,0,188,0,100,0,16,9,16,13,3,6,5,2,2,0,0,100,100,100,56,22,13,7,0,1,1788125530.0251818,G1,T02,respiro_2m_15,1,static
28497099,1,0,1,0,166,0,100,0,19,14,13,17,11,5,6,4,4,0,0,100,100,100,55,22,13,6,0,1,1788125530.2255406,G1,T02,respiro_2m_15,1,static
28497299,1,0,1,0,166,0,100,0,18,11,4,9,3,13,8,4,5,0,0,100,100,100,52,21,13,7,0,1,1788125530.4253142,G1,T02,respiro_2m_15,1,static
28497499,1,0,1,0,166,0,100,0,17,12,5,1,1,5,4,3,6,0,0,100,100,100,51,21,14,7,0,1,1788125530.6258376,G1,T02,respiro_2m_15,1,static
28497699,1,0,1,0,166,0,100,0,20,15,11,17,12,4,1,2,5,0,0,100,100,100,51,22,14,7,0,1,1788125530.826304,G1,T02,respiro_2m_15,1,static
28497899,1,0,1,0,166,0,100,0,17,12,4,4,9,7,2,2,3,0,0,100,100,100,50,23,14,7,0,1,1788125531.025847,G1,T02,respiro_2m_15,1,static
28498099,1,0,1,0,166,0,100,0,13,11,6,12,10,8,3,2,2,0,0,100,100,100,49,23,14,8,0,1,1788125531.2260249,G1,T02,respiro_2m_15,1,static
28498299,1,0,1,0,166,0,100,0,13,10,7,8,10,6,3,2,2,0,0,100,100,100,47,23,15,8,0,1,1788125531.426116,G1,T02,respiro_2m_15,1,static
28498499,1,0,1,0,166,0,100,0,18,10,8,7,10,3,4,1,2,0,0,100,100,100,44,23,15,8,0,1,1788125531.626199,G1,T02,respiro_2m_15,1,static
28498699,1,0,1,0,166,0,100,0,17,15,7,7,7,5,4,1,3,0,0,100,100,100,43,22,15,8,0,1,1788125531.825251,G1,T02,respiro_2m_15,1,static
28498899,1,0,1,0,166,0,100,0,14,11,2,12,5,7,3,2,2,0,0,100,100,97,43,22,15,8,0,1,1788125532.0255134,G1,T02,respiro_2m_15,1,static
28499099,1,0,1,0,166,0,100,0,19,14,9,9,7,7,3,1,2,0,0,100,100,96,43,21,15,8,0,1,1788125532.2252483,G1,T02,respiro_2m_15,1,static
28499299,1,0,1,0,166,0,100,0,19,14,2,3,8,6,3,1,2,0,0,100,100,93,43,21,15,7,0,1,1788125532.4255085,G1,T02,respiro_2m_15,1,static
28499499,1,0,1,0,166,0,100,0,20,16,5,5,5,6,2,3,4,0,0,100,100,88,41,21,15,7,0,1,1788125532.6254594,G1,T02,respiro_2m_15,1,static
28499699,1,0,1,0,166,0,100,0,14,12,5,7,8,7,1,3,4,0,0,100,100,85,40,21,15,7,0,1,1788125532.8257964,G1,T02,respiro_2m_15,1,static
28499899,1,0,1,0,166,0,100,0,16,10,3,8,8,6,2,4,4,0,0,100,100,85,40,21,15,7,0,1,1788125533.0257447,G1,T02,respiro_2m_15,1,static
28500099,1,0,1,0,195,0,100,0,18,12,4,8,6,8,5,4,4,0,0,100,100,86,39,20,15,7,0,1,1788125533.2252378,G1,T02,respiro_2m_15,1,static
28500299,1,0,1,0,206,0,100,0,19,12,8,14,11,9,6,4,3,0,0,100,100,88,39,19,14,6,0,1,1788125533.4260046,G1,T02,respiro_2m_15,1,static
28500499,1,0,1,0,215,0,100,0,15,12,7,5,9,6,6,5,4,0,0,100,100,88,38,18,14,6,0,1,1788125533.6257634,G1,T02,respiro_2m_15,1,static
28500699,1,0,1,0,218,0,100,0,17,13,2,8,9,2,6,4,3,0,0,99,100,86,36,17,14,6,0,1,1788125533.8254578,G1,T02,respiro_2m_15,1,static
28500899,1,0,1,0,220,0,100,0,20,14,8,6,6,3,7,4,3,0,0,98,100,86,35,17,15,6,0,1,1788125534.025613,G1,T02,respiro_2m_15,1,static
28501099,1,0,1,0,223,0,100,0,25,14,3,6,1,5,7,3,3,0,0,94,100,89,35,17,14,6,0,1,1788125534.2257938,G1,T02,respiro_2m_15,1,static
28501299,1,0,1,0,226,0,100,0,16,11,4,8,1,2,4,4,4,0,0,88,100,92,36,17,14,6,0,1,1788125534.4258163,G1,T02,respiro_2m_15,1,static
28501499,1,0,1,0,228,0,100,0,14,10,12,14,8,4,4,4,4,0,0,84,100,95,35,16,14,5,0,1,1788125534.6260028,G1,T02,respiro_2m_15,1,static
28501699,1,0,1,0,230,0,100,0,17,14,9,12,11,11,3,7,6,0,0,80,100,94,35,17,14,5,0,1,1788125534.8256288,G1,T02,respiro_2m_15,1,static
28501899,1,0,1,0,232,0,100,0,16,11,7,4,7,2,3,5,5,0,0,76,100,92,36,17,14,5,0,1,1788125535.02586,G1,T02,respiro_2m_15,1,static
28502099,1,0,1,0,233,0,100,0,16,16,5,7,10,4,2,4,5,0,0,73,100,90,36,17,14,5,0,1,1788125535.2254493,G1,T02,respiro_2m_15,1,static
28502299,1,0,1,0,234,0,100,0,15,10,3,9,6,7,2,3,4,0,0,68,100,88,37,17,14,5,0,1,1788125535.4254487,G1,T02,respiro_2m_15,1,static
28502499,1,0,1,0,236,0,100,0,17,14,3,10,9,9,2,2,4,0,0,64,100,85,37,17,15,5,0,1,1788125535.6260386,G1,T02,respiro_2m_15,1,static
28502699,1,0,1,0,238,0,100,0,16,14,5,3,6,10,2,1,3,0,0,59,100,83,36,18,15,5,0,1,1788125535.8257563,G1,T02,respiro_2m_15,1,static
28502899,1,0,1,0,240,0,100,0,16,13,5,5,7,9,3,1,2,0,0,57,100,84,36,18,15,5,0,1,1788125536.0257535,G1,T02,respiro_2m_15,1,static
28503099,1,0,1,0,241,0,100,0,17,14,2,11,5,6,1,2,4,0,0,55,100,84,36,17,15,6,0,1,1788125536.225908,G1,T02,respiro_2m_15,1,static
28503299,1,0,1,0,241,0,100,0,14,10,4,2,8,6,1,2,4,0,0,55,100,83,37,17,15,5,0,1,1788125536.425336,G1,T02,respiro_2m_15,1,static
28503499,1,0,1,0,239,0,100,0,18,13,6,7,7,4,2,4,4,0,0,54,100,82,37,17,15,5,0,1,1788125536.625916,G1,T02,respiro_2m_15,1,static
28503699,1,0,1,0,239,0,100,0,15,10,11,10,11,3,1,5,4,0,0,54,100,81,37,17,15,5,0,1,1788125536.8260877,G1,T02,respiro_2m_15,1,static
28503899,1,0,1,0,237,0,100,0,15,9,4,9,8,7,4,5,4,0,0,54,100,81,37,17,15,5,0,1,1788125537.0254688,G1,T02,respiro_2m_15,1,static
28504099,1,0,1,0,236,0,100,0,15,14,9,3,10,10,6,5,3,0,0,56,100,80,37,18,14,6,0,1,1788125537.226098,G1,T02,respiro_2m_15,1,static
28504299,1,0,1,0,234,0,100,0,16,15,5,6,9,10,6,3,2,0,0,57,100,79,37,18,14,6,0,1,1788125537.4262357,G1,T02,respiro_2m_15,1,static
28504499,1,0,1,0,233,0,100,0,20,14,4,7,6,5,7,4,2,0,0,59,100,78,37,19,14,5,0,1,1788125537.6263766,G1,T02,respiro_2m_15,1,static
28504699,1,0,1,0,233,0,100,0,21,13,6,5,2,5,7,4,3,0,0,60,100,77,37,19,14,6,0,1,1788125537.825843,G1,T02,respiro_2m_15,1,static
28504899,1,0,1,0,232,0,100,0,22,18,8,7,2,5,6,3,4,0,0,60,100,75,38,19,14,6,0,1,1788125538.025885,G1,T02,respiro_2m_15,1,static
28505099,1,0,1,0,232,0,100,0,14,12,5,1,4,6,8,2,4,0,0,59,100,73,38,20,13,6,0,1,1788125538.2261252,G1,T02,respiro_2m_15,1,static
28505299,1,0,1,0,231,0,99,0,17,14,6,4,6,4,5,5,4,0,0,59,99,71,38,20,13,6,0,1,1788125538.425712,G1,T02,respiro_2m_15,1,static
28505499,1,0,1,0,231,0,97,0,15,11,8,10,9,9,3,5,4,0,0,58,97,70,38,20,13,6,0,1,1788125538.6253555,G1,T02,respiro_2m_15,1,static
28505699,1,0,1,0,230,0,98,0,15,13,9,13,9,8,2,6,5,0,0,58,98,70,38,20,13,6,0,1,1788125538.8261743,G1,T02,respiro_2m_15,1,static
28505899,1,0,1,0,230,0,99,0,13,13,9,8,5,2,2,6,5,0,0,57,99,69,37,19,13,6,0,1,1788125539.0252602,G1,T02,respiro_2m_15,1,static
28506099,1,0,1,0,230,0,100,0,14,13,5,10,8,5,1,4,5,0,0,58,100,69,37,19,13,6,0,1,1788125539.2253654,G1,T02,respiro_2m_15,1,static
28506299,1,0,1,0,230,0,100,0,19,13,2,5,5,8,2,3,4,0,0,57,100,69,36,19,13,6,0,1,1788125539.425564,G1,T02,respiro_2m_15,1,static
28506499,1,0,1,0,230,0,100,0,16,10,1,6,9,9,3,3,4,0,0,56,100,69,36,19,13,6,0,1,1788125539.62605,G1,T02,respiro_2m_15,1,static
28506699,1,0,1,0,231,0,100,0,18,16,4,9,7,9,3,2,2,0,0,56,100,69,36,19,13,6,0,1,1788125539.8259392,G1,T02,respiro_2m_15,1,static
28506899,1,0,1,0,231,0,100,0,23,15,6,8,6,9,3,1,2,0,0,56,100,70,36,19,13,6,0,1,1788125540.0259237,G1,T02,respiro_2m_15,1,static
28507099,1,0,1,0,231,0,100,0,20,16,5,3,4,8,4,2,2,0,0,57,100,72,36,19,14,6,0,1,1788125540.225527,G1,T02,respiro_2m_15,1,static
28507299,1,0,1,0,232,0,100,0,19,12,3,10,9,5,3,2,3,0,0,56,100,73,36,19,14,6,0,1,1788125540.426048,G1,T02,respiro_2m_15,1,static
28507499,1,0,1,0,232,0,100,0,21,15,6,6,9,4,2,3,4,0,0,55,100,72,35,19,14,6,0,1,1788125540.6255147,G1,T02,respiro_2m_15,1,static
28507699,1,0,1,0,231,0,100,0,17,11,5,8,3,1,1,4,4,0,0,56,100,71,35,19,14,6,0,1,1788125540.8260293,G1,T02,respiro_2m_15,1,static
28507899,1,0,1,0,230,0,100,0,15,10,7,10,9,2,1,5,4,0,0,55,100,69,34,18,14,6,0,1,1788125541.0262544,G1,T02,respiro_2m_15,1,static
28508099,1,0,1,0,231,0,100,0,17,11,5,10,8,8,3,4,3,0,0,54,100,69,34,18,13,6,0,1,1788125541.2254953,G1,T02,respiro_2m_15,1,static
28508299,1,0,1,0,232,0,100,0,15,10,8,4,7,9,6,5,3,0,0,54,100,70,34,18,13,6,0,1,1788125541.4262362,G1,T02,respiro_2m_15,1,static
28508499,1,0,1,0,232,0,100,0,28,18,3,6,6,6,7,3,3,0,0,52,100,70,35,18,13,6,0,1,1788125541.626084,G1,T02,respiro_2m_15,1,static
28508699,1,0,1,0,233,0,100,0,18,12,5,9,2,2,6,3,3,0,0,51,100,70,34,18,13,6,0,1,1788125541.8259432,G1,T02,respiro_2m_15,1,static
28508899,1,0,1,0,233,0,100,0,20,14,9,7,2,6,7,3,3,0,0,52,100,71,35,18,14,6,0,1,1788125542.0256598,G1,T02,respiro_2m_15,1,static
28509099,1,0,1,0,233,0,100,0,14,8,5,9,1,11,6,2,3,0,0,52,100,72,35,19,14,6,0,1,1788125542.2256114,G1,T02,respiro_2m_15,1,static
28509299,1,0,1,0,233,0,100,0,16,10,3,7,2,6,4,4,3,0,0,53,100,73,36,19,14,6,0,1,1788125542.426025,G1,T02,respiro_2m_15,1,static
28509499,1,0,1,0,233,0,100,0,18,13,6,6,7,8,2,6,4,0,0,53,100,73,35,19,14,6,0,1,1788125542.6261468,G1,T02,respiro_2m_15,1,static
28509699,1,0,1,0,233,0,100,0,16,12,10,8,12,12,3,6,4,0,0,52,100,72,35,19,14,6,0,1,1788125542.8255813,G1,T02,respiro_2m_15,1,static
28509899,1,0,1,0,233,0,100,0,15,10,8,6,7,4,1,4,4,0,0,52,100,73,35,19,14,6,0,1,1788125543.0261576,G1,T02,respiro_2m_15,1,static
28510099,1,0,1,0,234,0,100,0,18,14,8,13,8,6,1,5,5,0,0,52,100,73,36,19,14,6,0,1,1788125543.2260964,G1,T02,respiro_2m_15,1,static
28510299,1,0,1,0,234,0,100,0,19,16,2,8,9,10,2,3,4,0,0,52,100,74,36,19,14,6,0,1,1788125543.4256747,G1,T02,respiro_2m_15,1,static
28510499,1,0,1,0,234,0,100,0,17,14,2,6,6,10,2,2,3,0,0,53,100,75,36,19,13,6,0,1,1788125543.626135,G1,T02,respiro_2m_15,1,static
28510699,1,0,1,0,234,0,100,0,19,12,3,1,7,10,2,1,2,0,0,53,100,76,36,19,13,6,0,1,1788125543.8261986,G1,T02,respiro_2m_15,1,static
28510899,1,0,1,0,235,0,100,0,16,10,6,4,6,8,2,1,2,0,0,52,100,76,36,19,13,6,0,1,1788125544.0259671,G1,T02,respiro_2m_15,1,static
28511099,1,0,1,0,235,0,100,0,18,16,4,3,4,6,2,1,2,0,0,52,100,76,36,18,13,6,0,1,1788125544.226022,G1,T02,respiro_2m_15,1,static
28511299,1,0,1,0,236,0,100,0,19,15,2,10,5,7,2,1,3,0,0,52,100,77,37,18,13,5,0,1,1788125544.425603,G1,T02,respiro_2m_15,1,static
28511499,1,0,1,0,236,0,100,0,19,12,2,5,10,7,3,2,3,0,0,52,100,78,37,19,13,5,0,1,1788125544.6261399,G1,T02,respiro_2m_15,1,static
28511699,1,0,1,0,236,0,100,0,14,12,6,10,6,8,3,5,4,0,0,51,100,79,37,19,13,5,0,1,1788125544.8262966,G1,T02,respiro_2m_15,1,static
28511899,1,0,1,0,236,0,100,0,15,12,9,9,9,3,2,5,4,0,0,52,100,79,38,19,13,5,0,1,1788125545.0261698,G1,T02,respiro_2m_15,1,static
28512099,1,0,1,0,236,0,100,0,17,14,2,6,5,3,3,5,4,0,0,52,100,79,37,19,13,6,0,1,1788125545.2260685,G1,T02,respiro_2m_15,1,static
28512299,1,0,1,0,235,0,100,0,16,10,8,8,9,9,5,5,3,0,0,53,100,78,37,19,13,6,0,1,1788125545.4261713,G1,T02,respiro_2m_15,1,static
28512499,1,0,1,0,234,0,100,0,14,10,7,11,8,12,7,4,2,0,0,54,100,79,36,19,13,6,0,1,1788125545.626248,G1,T02,respiro_2m_15,1,static
28512699,1,0,1,0,234,0,100,0,16,12,5,11,2,6,8,3,4,0,0,56,100,81,37,19,14,6,0,1,1788125545.8264027,G1,T02,respiro_2m_15,1,static
28512899,1,0,1,0,234,0,100,0,16,12,7,10,3,5,7,3,1,0,0,56,100,81,38,20,14,6,0,1,1788125546.0258956,G1,T02,respiro_2m_15,1,static
28513099,1,0,1,0,234,0,100,0,15,14,4,2,2,5,6,2,2,0,0,57,100,82,38,20,13,6,0,1,1788125546.2255394,G1,T02,respiro_2m_15,1,static
28513299,1,0,1,0,234,0,100,0,18,10,3,3,3,2,4,4,3,0,0,57,100,83,38,20,13,6,0,1,1788125546.4257624,G1,T02,respiro_2m_15,1,static
28513499,1,0,1,0,234,0,100,0,16,10,10,12,6,4,1,5,3,0,0,58,100,85,39,20,13,6,0,1,1788125546.6256883,G1,T02,respiro_2m_15,1,static
28513699,1,0,1,0,235,0,100,0,15,9,6,10,8,8,2,5,4,0,0,58,100,86,38,20,13,6,0,1,1788125546.8262653,G1,T02,respiro_2m_15,1,static
28513899,1,0,1,0,234,0,100,0,20,12,11,12,10,9,3,6,5,0,0,58,100,85,38,20,13,6,0,1,1788125547.0265214,G1,T02,respiro_2m_15,1,static
28514099,1,0,1,0,234,0,100,0,15,10,5,9,9,3,1,5,5,0,0,58,100,84,37,19,13,6,0,1,1788125547.2263622,G1,T02,respiro_2m_15,1,static
28514299,1,0,1,0,233,0,100,0,22,17,2,7,3,4,1,3,3,0,0,58,100,83,36,19,13,6,0,1,1788125547.4262214,G1,T02,respiro_2m_15,1,static
28514499,1,0,1,0,233,0,100,0,18,13,2,6,9,5,2,2,3,0,0,58,100,82,36,19,13,6,0,1,1788125547.6264439,G1,T02,respiro_2m_15,1,static
28514699,1,0,1,0,233,0,100,0,20,11,2,9,7,6,2,2,2,0,0,58,100,81,36,19,13,6,0,1,1788125547.826471,G1,T02,respiro_2m_15,1,static
28514899,1,0,1,0,233,0,100,0,22,15,8,8,5,6,3,1,2,0,0,59,100,81,36,19,13,6,0,1,1788125548.0255446,G1,T02,respiro_2m_15,1,static
28515099,1,0,1,0,233,0,100,0,15,11,4,7,2,6,2,1,2,0,0,59,100,81,36,19,13,6,0,1,1788125548.225697,G1,T02,respiro_2m_15,1,static
28515299,1,0,1,0,232,0,100,0,20,17,2,8,10,6,2,2,3,0,0,59,100,80,36,19,13,6,0,1,1788125548.4265509,G1,T02,respiro_2m_15,1,static
28515499,1,0,1,0,232,0,100,0,20,13,2,9,9,9,2,5,4,0,0,60,100,79,36,19,13,6,0,1,1788125548.6257753,G1,T02,respiro_2m_15,1,static
28515699,1,0,1,0,232,0,100,0,15,10,5,6,5,7,1,4,4,0,0,60,100,79,36,19,13,6,0,1,1788125548.8262637,G1,T02,respiro_2m_15,1,static
28515899,1,0,1,0,232,0,100,0,19,10,7,12,9,5,2,5,4,0,0,59,100,79,36,19,13,6,0,1,1788125549.0264983,G1,T02,respiro_2m_15,1,static
28516099,1,0,1,0,232,0,100,0,20,14,5,11,9,7,5,5,3,0,0,60,100,79,36,19,13,6,0,1,1788125549.2264307,G1,T02,respiro_2m_15,1,static
28516299,1,0,1,0,232,0,100,0,16,13,4,9,7,6,7,4,3,0,0,60,100,79,36,19,13,6,0,1,1788125549.4263754,G1,T02,respiro_2m_15,1,static
28516499,1,0,1,0,232,0,100,0,15,14,6,3,3,4,8,3,2,0,0,60,100,79,36,19,13,6,0,1,1788125549.6258507,G1,T02,respiro_2m_15,1,static
28516699,1,0,1,0,232,0,100,0,14,12,5,4,4,3,7,4,3,0,0,59,100,77,36,19,12,6,0,1,1788125549.8263166,G1,T02,respiro_2m_15,1,static
28516899,1,0,1,0,232,0,100,0,18,15,7,8,3,4,7,2,3,0,0,58,100,76,35,18,12,6,0,1,1788125550.0260148,G1,T02,respiro_2m_15,1,static
28517099,1,0,1,0,232,0,100,0,17,14,3,1,4,6,7,2,3,0,0,57,100,75,34,18,12,6,0,1,1788125550.2261028,G1,T02,respiro_2m_15,1,static
28517299,1,0,1,0,231,0,100,0,20,12,2,7,7,7,5,4,3,0,0,57,100,73,34,18,12,6,0,1,1788125550.4262564,G1,T02,respiro_2m_15,1,static
28517499,1,0,1,0,230,0,100,0,17,14,2,3,3,4,5,3,3,0,0,58,100,73,34,18,12,6,0,1,1788125550.6264439,G1,T02,respiro_2m_15,1,static
28517699,1,0,1,0,230,0,100,0,18,12,8,9,6,5,5,5,3,0,0,58,100,72,34,18,12,6,0,1,1788125550.8258584,G1,T02,respiro_2m_15,1,static
28517899,1,0,1,0,230,0,100,0,21,14,11,11,9,9,3,5,3,0,0,57,100,71,34,18,12,5,0,1,1788125551.0265741,G1,T02,respiro_2m_15,1,static
28518099,1,0,1,0,230,0,100,0,14,10,7,4,10,5,1,6,5,0,0,57,100,70,35,18,12,5,0,1,1788125551.226427,G1,T02,respiro_2m_15,1,static
28518299,1,0,1,0,230,0,100,0,15,11,2,8,7,5,1,5,4,0,0,57,100,70,35,19,12,5,0,1,1788125551.4256501,G1,T02,respiro_2m_15,1,static
28518499,1,0,1,0,230,0,100,0,18,13,6,10,9,8,1,2,3,0,0,57,100,70,36,19,12,5,0,1,1788125551.6264336,G1,T02,respiro_2m_15,1,static
28518699,1,0,1,0,229,0,100,0,17,12,5,5,5,9,2,1,2,0,0,58,100,71,36,19,12,6,0,1,1788125551.825768,G1,T02,respiro_2m_15,1,static
28518899,1,0,1,0,230,0,100,0,19,13,5,8,2,8,3,1,2,0,0,57,100,70,36,19,12,6,0,1,1788125552.0258832,G1,T02,respiro_2m_15,1,static
28519099,1,0,1,0,229,0,100,0,16,10,7,3,2,7,3,1,2,0,0,58,100,70,36,19,13,6,0,1,1788125552.2263193,G1,T02,respiro_2m_15,1,static
28519299,1,0,1,0,230,0,100,0,20,12,2,7,9,5,1,2,3,0,0,58,100,71,37,20,13,6,0,1,1788125552.426411,G1,T02,respiro_2m_15,1,static
28519499,1,0,1,0,229,0,100,0,17,10,2,8,9,5,2,3,4,0,0,58,100,71,37,20,13,6,0,1,1788125552.625931,G1,T02,respiro_2m_15,1,static
28519699,1,0,1,0,229,0,100,0,19,15,5,8,10,2,1,4,4,0,0,58,100,71,37,19,13,6,0,1,1788125552.826396,G1,T02,respiro_2m_15,1,static
28519899,1,0,1,0,230,0,100,0,16,13,7,9,8,4,4,6,4,0,0,58,100,71,37,20,13,6,0,1,1788125553.0259268,G1,T02,respiro_2m_15,1,static
28520099,1,0,1,0,229,0,100,0,16,15,6,4,10,8,6,4,2,0,0,58,100,71,37,20,13,6,0,1,1788125553.226604,G1,T02,respiro_2m_15,1,static
28520299,1,0,1,0,229,0,100,0,19,12,7,4,9,11,7,4,3,0,0,58,100,70,37,20,12,6,0,1,1788125553.42577,G1,T02,respiro_2m_15,1,static
28520499,1,0,1,0,229,0,100,0,15,13,3,6,3,9,7,4,3,0,0,57,100,69,37,20,13,6,0,1,1788125553.6265042,G1,T02,respiro_2m_15,1,static
28520699,1,0,1,0,229,0,100,0,13,11,6,5,4,3,7,5,3,0,0,57,100,68,36,19,13,6,0,1,1788125553.826591,G1,T02,respiro_2m_15,1,static
28520899,1,0,1,0,229,0,100,0,22,15,5,11,8,5,6,3,3,0,0,57,100,68,36,19,13,6,0,1,1788125554.0267205,G1,T02,respiro_2m_15,1,static
28521099,1,0,1,0,229,0,100,0,19,14,2,4,5,6,6,3,3,0,0,57,100,68,37,19,13,6,0,1,1788125554.2261324,G1,T02,respiro_2m_15,1,static
28521299,1,0,1,0,229,0,100,0,19,17,2,1,1,3,5,4,4,0,0,57,100,68,36,19,13,6,0,1,1788125554.4265742,G1,T02,respiro_2m_15,1,static
28521499,1,0,1,0,229,0,100,0,15,11,7,12,8,4,5,5,3,0,0,55,100,67,36,19,13,6,0,1,1788125554.6265242,G1,T02,respiro_2m_15,1,static
28521699,1,0,1,0,230,0,100,0,19,15,2,9,7,7,4,6,4,0,0,55,100,67,36,19,13,6,0,1,1788125554.826454,G1,T02,respiro_2m_15,1,static
28521899,1,0,1,0,230,0,100,0,16,10,8,9,10,7,4,6,6,0,0,55,100,68,36,19,13,6,0,1,1788125555.0265908,G1,T02,respiro_2m_15,1,static
28522099,1,0,1,0,230,0,100,0,16,9,11,9,11,3,2,6,5,0,0,55,100,69,36,19,13,6,0,1,1788125555.2268612,G1,T02,respiro_2m_15,1,static
28522299,1,0,1,0,231,0,100,0,16,10,1,6,5,6,1,4,5,0,0,55,100,69,36,19,12,6,0,1,1788125555.4263735,G1,T02,respiro_2m_15,1,static
28522499,1,0,1,0,231,0,100,0,19,18,3,10,9,9,2,2,4,0,0,54,100,69,36,19,12,6,0,1,1788125555.6267188,G1,T02,respiro_2m_15,1,static
28522699,1,0,1,0,231,0,100,0,19,14,4,6,4,8,1,1,3,0,0,53,100,68,36,19,13,6,0,1,1788125555.8264623,G1,T02,respiro_2m_15,1,static
28522899,1,0,1,0,231,0,100,0,19,15,5,7,4,8,3,1,2,0,0,53,100,68,35,19,12,6,0,1,1788125556.0257993,G1,T02,respiro_2m_15,1,static
28523099,1,0,1,0,232,0,100,0,19,13,5,4,3,4,3,1,2,0,0,52,100,68,35,19,12,6,0,1,1788125556.226443,G1,T02,respiro_2m_15,1,static
28523299,1,0,1,0,231,0,100,0,16,13,3,5,6,7,1,2,3,0,0,52,100,67,35,18,12,6,0,1,1788125556.426399,G1,T02,respiro_2m_15,1,static
28523499,1,0,1,0,231,0,100,0,20,12,3,9,8,9,1,4,4,0,0,52,100,67,35,18,12,6,0,1,1788125556.6265125,G1,T02,respiro_2m_15,1,static
28523699,1,0,1,0,231,0,100,0,17,15,5,4,7,7,1,5,4,0,0,53,100,67,35,18,13,6,0,1,1788125556.8264818,G1,T02,respiro_2m_15,1,static
28523899,1,0,1,0,230,0,100,0,16,12,7,11,11,4,3,5,5,0,0,52,100,65,34,18,12,6,0,1,1788125557.026731,G1,T02,respiro_2m_15,1,static
28524099,1,0,1,0,230,0,99,0,22,17,4,3,6,4,5,5,4,0,0,51,99,64,34,18,12,6,0,1,1788125557.2263367,G1,T02,respiro_2m_15,1,static
28524299,1,0,1,0,230,0,98,0,13,8,6,7,5,7,7,5,4,0,0,51,98,63,34,18,12,6,0,1,1788125557.4259386,G1,T02,respiro_2m_15,1,static
28524499,1,0,1,0,230,0,97,0,19,10,3,5,6,9,7,5,4,0,0,51,97,63,34,18,12,6,0,1,1788125557.6263196,G1,T02,respiro_2m_15,1,static
28524699,1,0,1,0,230,0,96,0,16,14,3,7,6,2,5,3,3,0,0,50,96,62,34,18,12,6,0,1,1788125557.8257065,G1,T02,respiro_2m_15,1,static
28524899,1,0,1,0,230,0,95,0,16,14,9,10,9,3,2,4,3,0,0,50,95,62,34,19,12,6,0,1,1788125558.025627,G1,T02,respiro_2m_15,1,static
28525099,1,0,1,0,230,0,95,0,18,15,6,7,8,5,3,4,3,0,0,49,95,62,34,19,13,6,0,1,1788125558.226492,G1,T02,respiro_2m_15,1,static
28525299,1,0,1,0,230,0,93,0,15,13,5,5,5,2,2,5,3,0,0,48,93,62,34,19,13,6,0,1,1788125558.4264646,G1,T02,respiro_2m_15,1,static
28525499,1,0,1,0,231,0,92,0,17,14,7,11,2,6,5,4,4,0,0,48,92,61,34,19,13,6,0,1,1788125558.6265292,G1,T02,respiro_2m_15,1,static
28525699,1,0,1,0,230,0,93,0,19,15,9,9,6,11,8,5,5,0,0,48,93,61,34,19,13,6,0,1,1788125558.8265092,G1,T02,respiro_2m_15,1,static
28525899,1,0,1,0,231,0,96,0,24,14,4,5,8,5,7,4,5,0,0,49,96,63,34,19,13,6,0,1,1788125559.0264063,G1,T02,respiro_2m_15,1,static
28526099,1,0,1,0,232,0,97,0,21,16,2,10,9,4,3,2,4,0,0,49,97,65,34,18,13,6,0,1,1788125559.2261047,G1,T02,respiro_2m_15,1,static
28526299,1,0,1,0,233,0,97,0,14,8,2,8,6,6,2,1,2,0,0,49,97,67,34,18,13,7,0,1,1788125559.4259074,G1,T02,respiro_2m_15,1,static
28526499,1,0,1,0,233,0,96,0,18,15,5,2,7,6,3,2,4,0,0,48,96,67,34,18,13,6,0,1,1788125559.625924,G1,T02,respiro_2m_15,1,static
28526699,1,0,1,0,234,0,96,0,17,13,2,6,9,4,5,1,2,0,0,48,96,68,34,18,13,7,0,1,1788125559.8264565,G1,T02,respiro_2m_15,1,static
28526899,1,0,1,0,234,0,94,0,17,14,5,6,7,4,6,1,2,0,0,48,94,68,34,18,13,7,0,1,1788125560.0261633,G1,T02,respiro_2m_15,1,static
28527099,1,0,1,0,236,0,93,0,16,12,4,5,2,4,6,1,1,0,0,47,93,68,34,18,13,7,0,1,1788125560.2255244,G1,T02,respiro_2m_15,1,static
28527299,1,0,1,0,236,0,94,0,15,13,2,3,5,5,3,2,3,0,0,47,94,69,34,18,13,7,0,1,1788125560.4259014,G1,T02,respiro_2m_15,1,static
28527499,1,0,1,0,237,0,94,0,25,15,4,10,5,7,3,2,3,0,0,47,94,70,34,18,13,7,0,1,1788125560.62576,G1,T02,respiro_2m_15,1,static
28527699,1,0,1,0,237,0,94,0,13,8,4,6,7,6,3,3,4,0,0,47,94,71,34,18,13,7,0,1,1788125560.8258865,G1,T02,respiro_2m_15,1,static
28527899,1,0,1,0,237,0,96,0,18,15,7,8,12,7,4,4,5,0,0,47,96,72,34,18,13,7,0,1,1788125561.0263145,G1,T02,respiro_2m_15,1,static
28528099,1,0,1,0,237,0,98,0,16,15,5,7,6,6,5,6,5,0,0,47,98,73,34,18,13,7,0,1,1788125561.2266624,G1,T02,respiro_2m_15,1,static
28528299,1,0,1,0,237,0,100,0,21,9,7,8,7,8,9,5,4,0,0,48,100,74,34,18,13,7,0,1,1788125561.425962,G1,T02,respiro_2m_15,1,static
28528499,1,0,1,0,237,0,100,0,15,11,4,4,1,8,6,4,4,0,0,48,100,74,34,18,13,7,0,1,1788125561.6258864,G1,T02,respiro_2m_15,1,static
28528699,1,0,1,0,236,0,100,0,19,13,2,1,4,7,1,4,4,0,0,48,100,74,33,17,13,7,0,1,1788125561.8267157,G1,T02,respiro_2m_15,1,static
28528899,1,0,1,0,236,0,100,0,22,12,7,6,3,3,1,4,3,0,0,48,100,74,33,17,13,7,0,1,1788125562.0262842,G1,T02,respiro_2m_15,1,static
28529099,1,0,1,0,236,0,100,0,18,15,7,7,2,4,4,4,3,0,0,49,100,74,33,17,13,7,0,1,1788125562.2267861,G1,T02,respiro_2m_15,1,static
28529299,1,0,1,0,234,0,100,0,16,14,7,7,7,5,5,3,3,0,0,51,100,75,34,17,13,7,0,1,1788125562.426733,G1,T02,respiro_2m_15,1,static
28529499,1,0,1,0,233,0,100,0,14,10,4,9,6,2,2,4,3,0,0,53,100,75,34,17,13,7,0,1,1788125562.6267378,G1,T02,respiro_2m_15,1,static
28529699,1,0,1,0,233,0,100,0,17,19,12,13,8,9,3,5,4,0,0,54,100,75,33,18,13,7,0,1,1788125562.8269303,G1,T02,respiro_2m_15,1,static
28529899,1,0,1,0,232,0,100,0,26,18,6,7,5,11,5,5,5,0,0,53,100,72,33,17,13,7,0,1,1788125563.0265162,G1,T02,respiro_2m_15,1,static
28530099,1,0,1,0,232,0,100,0,16,12,5,6,8,7,7,3,5,0,0,53,100,70,33,17,12,7,0,1,1788125563.226929,G1,T02,respiro_2m_15,1,static
28530299,1,0,1,0,232,0,100,0,14,14,7,7,6,6,8,2,5,0,0,52,100,69,33,17,12,7,0,1,1788125563.4268763,G1,T02,respiro_2m_15,1,static
28530499,1,0,1,0,232,0,100,0,18,13,4,8,9,8,5,1,4,0,0,53,100,69,33,17,13,7,0,1,1788125563.62672,G1,T02,respiro_2m_15,1,static
28530699,1,0,1,0,231,0,100,0,14,10,7,9,11,10,5,1,2,0,0,54,100,69,34,17,12,7,0,1,1788125563.8268461,G1,T02,respiro_2m_15,1,static
28530899,1,0,1,0,230,0,100,0,15,14,2,5,7,6,6,1,2,0,0,55,100,69,34,18,12,7,0,1,1788125564.0260923,G1,T02,respiro_2m_15,1,static
28531099,1,0,1,0,230,0,100,0,16,15,1,1,6,4,5,1,1,0,0,56,100,70,34,17,12,7,0,1,1788125564.2264605,G1,T02,respiro_2m_15,1,static
28531299,1,0,1,0,230,0,100,0,17,13,2,2,3,6,4,1,3,0,0,57,100,70,34,17,12,8,0,1,1788125564.425864,G1,T02,respiro_2m_15,1,static
28531499,1,0,1,0,230,0,100,0,15,12,3,7,9,6,3,1,3,0,0,56,100,70,35,17,12,7,0,1,1788125564.6259298,G1,T02,respiro_2m_15,1,static
28531699,1,0,1,0,230,0,100,0,21,15,6,11,12,6,2,3,4,0,0,56,100,69,34,17,12,8,0,1,1788125564.8264768,G1,T02,respiro_2m_15,1,static
28531899,1,0,1,0,230,0,100,0,17,11,8,10,11,6,1,4,4,0,0,56,100,69,34,17,12,8,0,1,1788125565.0264573,G1,T02,respiro_2m_15,1,static
28532099,1,0,1,0,230,0,100,0,14,13,8,6,5,6,4,5,5,0,0,55,100,69,34,18,12,8,0,1,1788125565.2267892,G1,T02,respiro_2m_15,1,static
28532299,1,0,1,0,231,0,100,0,15,10,3,8,7,7,6,4,5,0,0,55,100,69,34,18,12,7,0,1,1788125565.4268022,G1,T02,respiro_2m_15,1,static
28532499,1,0,1,0,232,0,100,0,18,12,5,4,4,5,1,4,3,0,0,54,100,70,35,17,12,7,0,1,1788125565.6267693,G1,T02,respiro_2m_15,1,static
28532699,1,0,1,0,233,0,100,0,21,16,3,3,5,1,1,4,4,0,0,54,100,71,35,17,12,7,0,1,1788125565.8269212,G1,T02,respiro_2m_15,1,static
28532899,1,0,1,0,233,0,100,0,23,17,7,6,5,4,5,2,3,0,0,54,100,71,35,17,12,7,0,1,1788125566.0265286,G1,T02,respiro_2m_15,1,static
28533099,1,0,1,0,234,0,99,0,17,10,2,8,8,7,5,2,4,0,0,53,99,73,35,17,12,7,0,1,1788125566.225653,G1,T02,respiro_2m_15,1,static
28533299,1,0,1,0,236,0,97,0,21,14,3,8,5,8,6,2,3,0,0,52,97,73,36,17,11,7,0,1,1788125566.4266794,G1,T02,respiro_2m_15,1,static
28533499,1,0,1,0,237,0,97,0,16,12,8,11,7,2,1,5,4,0,0,51,97,74,36,17,11,7,0,1,1788125566.6267786,G1,T02,respiro_2m_15,1,static
28533699,1,0,1,0,237,0,97,0,18,13,6,12,8,6,2,4,4,0,0,50,97,73,36,17,11,7,0,1,1788125566.8266854,G1,T02,respiro_2m_15,1,static
28533899,1,0,1,0,237,0,96,0,22,13,8,8,5,12,5,5,5,0,0,49,96,73,36,17,12,7,0,1,1788125567.0267425,G1,T02,respiro_2m_15,1,static
28534099,1,0,1,0,237,0,97,0,20,13,6,5,10,11,7,5,6,0,0,49,97,73,36,17,12,7,0,1,1788125567.2268848,G1,T02,respiro_2m_15,1,static
28534299,1,0,1,0,236,0,98,0,16,11,8,10,7,6,6,3,5,0,0,50,98,73,36,17,12,7,0,1,1788125567.4262617,G1,T02,respiro_2m_15,1,static
28534499,1,0,1,0,236,0,99,0,13,11,6,10,10,4,5,2,4,0,0,50,99,73,36,17,12,7,0,1,1788125567.6268637,G1,T02,respiro_2m_15,1,static
28534699,1,0,1,0,236,0,98,0,17,13,4,10,7,4,5,1,2,0,0,50,98,73,36,17,12,7,0,1,1788125567.8267298,G1,T02,respiro_2m_15,1,static
28534899,1,0,1,0,235,0,98,0,19,14,4,4,5,6,6,1,2,0,0,51,98,72,36,18,12,7,0,1,1788125568.0266745,G1,T02,respiro_2m_15,1,static
28535099,1,0,1,0,235,0,99,0,21,13,4,2,8,5,6,2,1,0,0,51,99,73,36,18,12,7,0,1,1788125568.226246,G1,T02,respiro_2m_15,1,static
28535299,1,0,1,0,235,0,100,0,17,11,4,7,2,5,7,1,2,0,0,52,100,74,36,18,12,7,0,1,1788125568.4266818,G1,T02,respiro_2m_15,1,static
28535499,1,0,1,0,235,0,100,0,13,9,7,4,4,5,5,2,3,0,0,53,100,74,36,18,12,7,0,1,1788125568.6271465,G1,T02,respiro_2m_15,1,static
28535699,1,0,1,0,235,0,100,0,20,15,6,9,11,6,2,3,5,0,0,52,100,74,36,18,12,7,0,1,1788125568.8264666,G1,T02,respiro_2m_15,1,static
28535899,1,0,1,0,234,0,100,0,17,16,10,9,9,6,1,5,5,0,0,53,100,74,36,18,12,7,0,1,1788125569.0266442,G1,T02,respiro_2m_15,1,static
28536099,1,0,1,0,234,0,100,0,21,13,7,11,6,6,4,5,5,0,0,54,100,74,36,18,12,7,0,1,1788125569.226693,G1,T02,respiro_2m_15,1,static
28536299,1,0,1,0,234,0,100,0,18,16,6,9,10,9,8,5,3,0,0,55,100,75,36,18,12,7,0,1,1788125569.4267597,G1,T02,respiro_2m_15,1,static
28536499,1,0,1,0,233,0,100,0,18,11,6,5,6,7,4,5,4,0,0,55,100,76,36,18,12,7,0,1,1788125569.6263041,G1,T02,respiro_2m_15,1,static
28536699,1,0,1,0,233,0,100,0,17,15,9,6,6,4,3,3,3,0,0,56,100,76,36,18,13,7,0,1,1788125569.8263402,G1,T02,respiro_2m_15,1,static
28536899,1,0,1,0,233,0,100,0,13,11,3,9,5,3,4,4,5,0,0,56,100,76,36,18,13,7,0,1,1788125570.0270092,G1,T02,respiro_2m_15,1,static
28537099,1,0,1,0,233,0,100,0,13,14,4,6,8,7,6,3,3,0,0,57,100,76,36,18,13,7,0,1,1788125570.2263138,G1,T02,respiro_2m_15,1,static
28537299,1,0,1,0,233,0,100,0,16,13,6,12,4,8,7,1,3,0,0,57,100,77,36,18,13,7,0,1,1788125570.4268713,G1,T02,respiro_2m_15,1,static
28537499,1,0,1,0,233,0,100,0,23,16,4,5,7,1,3,3,3,0,0,58,100,77,36,18,13,7,0,1,1788125570.6269186,G1,T02,respiro_2m_15,1,static
28537699,1,0,1,0,233,0,100,0,14,11,12,10,12,7,3,4,5,0,0,58,100,78,37,18,13,7,0,1,1788125570.8271074,G1,T02,respiro_2m_15,1,static
28537899,1,0,1,0,233,0,100,0,18,14,7,4,7,11,6,5,5,0,0,58,100,78,37,18,13,7,0,1,1788125571.0270443,G1,T02,respiro_2m_15,1,static
28538099,1,0,1,0,234,0,100,0,18,10,6,9,11,4,6,4,6,0,0,58,100,79,37,18,13,7,0,1,1788125571.2271142,G1,T02,respiro_2m_15,1,static
28538299,1,0,1,0,233,0,100,0,15,12,9,10,6,3,8,4,5,0,0,59,100,79,37,18,13,7,0,1,1788125571.4271104,G1,T02,respiro_2m_15,1,static
28538499,1,0,1,0,233,0,100,0,21,14,4,7,4,6,8,2,4,0,0,59,100,80,37,18,13,7,0,1,1788125571.6269548,G1,T02,respiro_2m_15,1,static
28538699,1,0,1,0,233,0,100,0,18,13,5,9,6,6,6,1,2,0,0,59,100,80,37,18,12,7,0,1,1788125571.8270404,G1,T02,respiro_2m_15,1,static
28538899,1,0,1,0,233,0,100,0,18,11,2,3,8,5,7,2,2,0,0,59,100,79,37,18,12,7,0,1,1788125572.0269732,G1,T02,respiro_2m_15,1,static
28539099,1,0,1,0,233,0,100,0,14,10,6,5,8,4,6,1,3,0,0,59,100,79,37,18,12,7,0,1,1788125572.227184,G1,T02,respiro_2m_15,1,static
28539299,1,0,1,0,233,0,100,0,21,11,5,1,1,4,6,1,1,0,0,59,100,79,37,18,12,7,0,1,1788125572.4263656,G1,T02,respiro_2m_15,1,static
28539499,1,0,1,0,233,0,100,0,15,10,6,7,3,6,6,2,3,0,0,59,100,80,37,18,12,7,0,1,1788125572.6272185,G1,T02,respiro_2m_15,1,static
28539699,1,0,1,0,233,0,100,0,20,9,8,10,8,7,6,3,5,0,0,59,100,81,38,18,12,7,0,1,1788125572.8259635,G1,T02,respiro_2m_15,1,static
28539899,1,0,1,0,233,0,100,0,16,12,4,11,10,7,3,4,5,0,0,59,100,81,38,17,12,7,0,1,1788125573.0267665,G1,T02,respiro_2m_15,1,static
28540099,1,0,1,0,233,0,100,0,17,13,7,10,9,7,1,5,6,0,0,59,100,80,38,17,12,7,0,1,1788125573.2263784,G1,T02,respiro_2m_15,1,static
28540299,1,0,1,0,233,0,100,0,14,11,8,9,7,8,4,5,6,0,0,60,100,81,37,18,12,7,0,1,1788125573.427029,G1,T02,respiro_2m_15,1,static
28540499,1,0,1,0,233,0,100,0,15,8,4,3,12,8,2,4,4,0,0,59,100,81,37,17,12,7,0,1,1788125573.6266277,G1,T02,respiro_2m_15,1,static
28540699,1,0,1,0,233,0,100,0,18,11,6,6,6,7,1,3,3,0,0,59,100,81,37,17,12,7,0,1,1788125573.8270245,G1,T02,respiro_2m_15,1,static
28540899,1,0,1,0,234,0,100,0,13,9,2,8,6,4,3,3,4,0,0,58,100,81,37,17,12,7,0,1,1788125574.027017,G1,T02,respiro_2m_15,1,static
28541099,1,0,1,0,234,0,100,0,24,16,4,7,9,4,5,2,4,0,0,58,100,81,37,17,12,7,0,1,1788125574.2266595,G1,T02,respiro_2m_15,1,static
28541299,1,0,1,0,233,0,100,0,17,13,11,12,7,5,5,2,4,0,0,59,100,80,36,17,12,7,0,1,1788125574.426488,G1,T02,respiro_2m_15,1,static
28541499,1,0,1,0,233,0,100,0,17,12,12,8,1,1,3,3,3,0,0,59,100,80,36,17,12,7,0,1,1788125574.6267388,G1,T02,respiro_2m_15,1,static
28541699,1,0,1,0,233,0,100,0,27,19,8,6,2,6,2,4,3,0,0,59,100,80,36,17,12,7,0,1,1788125574.8270571,G1,T02,respiro_2m_15,1,static
28541899,1,0,1,0,233,0,100,0,13,10,9,9,4,10,5,4,6,0,0,59,100,80,36,17,12,7,0,1,1788125575.0266583,G1,T02,respiro_2m_15,1,static
28542099,1,0,1,0,233,0,100,0,21,15,5,6,11,7,7,4,5,0,0,58,100,79,36,17,12,7,0,1,1788125575.2272415,G1,T02,respiro_2m_15,1,static
28542299,1,0,1,0,233,0,100,0,16,11,6,5,5,2,7,3,5,0,0,57,100,78,36,17,12,7,0,1,1788125575.4267745,G1,T02,respiro_2m_15,1,static
28542499,1,0,1,0,233,0,100,0,23,16,10,10,9,5,7,1,3,0,0,57,100,78,36,17,12,7,0,1,1788125575.6271155,G1,T02,respiro_2m_15,1,static
28542699,1,0,1,0,233,0,100,0,17,11,4,9,7,7,7,1,3,0,0,57,100,78,36,17,12,7,0,1,1788125575.8272219,G1,T02,respiro_2m_15,1,static
28542899,1,0,1,0,233,0,100,0,21,11,4,2,7,6,7,2,3,0,0,57,100,78,36,17,12,7,0,1,1788125576.0269258,G1,T02,respiro_2m_15,1,static
28543099,1,0,1,0,233,0,100,0,16,11,7,4,8,5,7,1,2,0,0,57,100,78,36,17,12,7,0,1,1788125576.2272737,G1,T02,respiro_2m_15,1,static
28543299,1,0,1,0,233,0,100,0,14,10,3,3,7,5,6,1,2,0,0,57,100,78,36,17,12,7,0,1,1788125576.4272547,G1,T02,respiro_2m_15,1,static
28543499,1,0,1,0,233,0,100,0,17,10,3,10,2,6,5,1,2,0,0,57,100,78,36,17,12,7,0,1,1788125576.627282,G1,T02,respiro_2m_15,1,static
28543699,1,0,1,0,233,0,100,0,18,11,6,9,7,7,6,3,3,0,0,57,100,77,36,17,12,7,0,1,1788125576.8272004,G1,T02,respiro_2m_15,1,static
28543899,1,0,1,0,233,0,100,0,16,15,7,9,11,6,3,3,4,0,0,57,100,77,35,17,12,7,0,1,1788125577.0275464,G1,T02,respiro_2m_15,1,static
28544099,1,0,1,0,233,0,100,0,14,13,6,11,10,8,1,5,6,0,0,57,100,77,35,17,12,7,0,1,1788125577.227378,G1,T02,respiro_2m_15,1,static
28544299,1,0,1,0,233,0,100,0,17,11,5,6,7,7,2,5,5,0,0,57,100,76,35,17,12,7,0,1,1788125577.426884,G1,T02,respiro_2m_15,1,static
28544499,1,0,1,0,232,0,100,0,20,13,9,7,9,8,2,5,4,0,0,57,100,75,35,17,12,7,0,1,1788125577.62729,G1,T02,respiro_2m_15,1,static
28544699,1,0,1,0,232,0,100,0,15,10,5,8,4,8,1,4,4,0,0,57,100,75,34,17,12,7,0,1,1788125577.827215,G1,T02,respiro_2m_15,1,static
28544899,1,0,1,0,232,0,100,0,20,14,6,11,9,7,3,3,4,0,0,57,100,75,35,17,12,7,0,1,1788125578.0273445,G1,T02,respiro_2m_15,1,static
28545099,1,0,1,0,232,0,100,0,15,10,9,7,9,4,4,2,3,0,0,57,100,75,34,17,13,7,0,1,1788125578.2273996,G1,T02,respiro_2m_15,1,static
28545299,1,0,1,0,233,0,100,0,17,11,6,2,10,7,6,2,4,0,0,56,100,75,34,16,12,7,0,1,1788125578.4268186,G1,T02,respiro_2m_15,1,static
28545499,1,0,1,0,233,0,100,0,15,13,5,6,11,5,4,3,2,0,0,56,100,75,35,17,12,7,0,1,1788125578.6270418,G1,T02,respiro_2m_15,1,static
28545699,1,0,1,0,233,0,100,0,18,11,8,9,1,1,2,3,4,0,0,57,100,76,34,17,12,7,0,1,1788125578.8269696,G1,T02,respiro_2m_15,1,static
28545899,1,0,1,0,233,0,100,0,19,13,6,4,3,5,3,4,4,0,0,57,100,76,34,16,12,7,0,1,1788125579.0263243,G1,T02,respiro_2m_15,1,static
28546099,1,0,1,0,232,0,100,0,23,16,6,9,5,10,5,5,6,0,0,57,100,75,33,16,12,7,0,1,1788125579.2266035,G1,T02,respiro_2m_15,1,static
28546299,1,0,1,0,232,0,100,0,19,16,7,9,12,5,8,4,5,0,0,57,100,74,34,16,12,7,0,1,1788125579.4268444,G1,T02,respiro_2m_15,1,static
28546499,1,0,1,0,232,0,100,0,18,16,7,11,8,5,7,3,4,0,0,57,100,73,34,17,12,7,0,1,1788125579.626618,G1,T02,respiro_2m_15,1,static
28546699,1,0,1,0,233,0,100,0,16,11,3,7,6,7,5,1,3,0,0,57,100,73,34,17,12,7,0,1,1788125579.8265796,G1,T02,respiro_2m_15,1,static
28546899,1,0,1,0,232,0,100,0,22,14,5,8,10,8,4,2,3,0,0,57,100,74,35,17,12,7,0,1,1788125580.026764,G1,T02,respiro_2m_15,1,static
28547099,1,0,1,0,232,0,100,0,16,12,5,3,8,9,4,1,2,0,0,57,100,74,35,17,12,7,0,1,1788125580.227333,G1,T02,respiro_2m_15,1,static
28547299,1,0,1,0,232,0,100,0,18,15,8,7,8,5,3,1,2,0,0,58,100,75,36,18,13,7,0,1,1788125580.4265795,G1,T02,respiro_2m_15,1,static
28547499,1,0,1,0,232,0,100,0,21,16,2,6,4,7,3,2,3,0,0,59,100,76,36,18,13,7,0,1,1788125580.6268609,G1,T02,respiro_2m_15,1,static
28547699,1,0,1,0,232,0,100,0,18,13,4,8,6,7,3,3,5,0,0,60,100,77,36,18,13,8,0,1,1788125580.8273122,G1,T02,respiro_2m_15,1,static
28547899,1,0,1,0,233,0,100,0,19,14,8,9,10,8,1,4,5,0,0,59,100,77,37,18,13,8,0,1,1788125581.027068,G1,T02,respiro_2m_15,1,static
28548099,1,0,1,0,233,0,100,0,27,18,3,7,7,7,3,5,6,0,0,58,100,77,37,18,13,8,0,1,1788125581.2267747,G1,T02,respiro_2m_15,1,static
28548299,1,0,1,0,233,0,100,0,15,12,5,9,8,4,5,6,6,0,0,57,100,76,36,17,13,8,0,1,1788125581.4273694,G1,T02,respiro_2m_15,1,static
28548499,1,0,1,0,233,0,100,0,16,10,6,2,9,4,7,4,4,0,0,57,100,76,36,17,12,8,0,1,1788125581.626768,G1,T02,respiro_2m_15,1,static
28548699,1,0,1,0,233,0,100,0,18,15,3,4,4,6,6,4,4,0,0,57,100,76,36,17,12,8,0,1,1788125581.8273642,G1,T02,respiro_2m_15,1,static
28548899,1,0,1,0,233,0,100,0,14,14,5,4,3,6,1,4,3,0,0,56,100,75,35,17,13,8,0,1,1788125582.0273147,G1,T02,respiro_2m_15,1,static
28549099,1,0,1,0,233,0,100,0,18,12,6,8,2,7,3,2,3,0,0,55,100,74,35,17,13,8,0,1,1788125582.2266443,G1,T02,respiro_2m_15,1,static
28549299,1,0,1,0,233,0,100,0,24,17,7,5,6,7,3,3,4,0,0,55,100,74,35,17,13,8,0,1,1788125582.427281,G1,T02,respiro_2m_15,1,static
28549499,1,0,1,0,233,0,100,0,15,12,4,4,4,7,3,3,3,0,0,55,100,73,35,17,13,8,0,1,1788125582.627147,G1,T02,respiro_2m_15,1,static
28549699,1,0,1,0,233,0,100,0,17,15,4,4,1,7,1,4,4,0,0,55,100,72,35,17,13,8,0,1,1788125582.82772,G1,T02,respiro_2m_15,1,static
28549899,1,0,1,0,233,0,100,0,17,15,6,10,6,9,5,5,5,0,0,54,100,72,35,17,13,8,0,1,1788125583.027576,G1,T02,respiro_2m_15,1,static
28550099,1,0,1,0,233,0,100,0,25,15,8,6,12,2,7,5,5,0,0,54,100,72,35,17,13,8,0,1,1788125583.2268894,G1,T02,respiro_2m_15,1,static
28550299,1,0,1,0,233,0,100,0,15,11,10,11,7,6,8,3,5,0,0,54,100,73,35,17,13,8,0,1,1788125583.4273734,G1,T02,respiro_2m_15,1,static
28550499,1,0,1,0,233,0,100,0,21,15,5,11,7,7,7,2,4,0,0,54,100,73,35,17,13,8,0,1,1788125583.6269279,G1,T02,respiro_2m_15,1,static
28550699,1,0,1,0,233,0,100,0,26,20,2,4,9,10,8,2,3,0,0,54,100,73,34,17,13,8,0,1,1788125583.8277125,G1,T02,respiro_2m_15,1,static
28550899,1,0,1,0,234,0,100,0,19,12,5,9,11,10,6,1,2,0,0,53,100,74,34,17,13,8,0,1,1788125584.027682,G1,T02,respiro_2m_15,1,static
28551099,1,0,1,0,234,0,100,0,19,13,6,9,6,7,6,1,1,0,0,53,100,74,34,17,13,8,0,1,1788125584.2275386,G1,T02,respiro_2m_15,1,static
28551299,1,0,1,0,234,0,100,0,22,17,1,2,6,6,5,1,1,0,0,53,100,74,34,16,13,8,0,1,1788125584.42692,G1,T02,respiro_2m_15,1,static
28551499,1,0,1,0,234,0,100,0,16,14,3,2,7,5,5,1,2,0,0,53,100,74,34,17,13,8,0,1,1788125584.6273518,G1,T02,respiro_2m_15,1,static
28551699,1,0,1,0,234,0,100,0,20,12,4,8,6,6,6,2,4,0,0,53,100,75,34,17,13,8,0,1,1788125584.8268425,G1,T02,respiro_2m_15,1,static
28551899,1,0,1,0,234,0,100,0,19,16,7,11,11,5,1,4,4,0,0,53,100,75,34,17,13,8,0,1,1788125585.0280733,G1,T02,respiro_2m_15,1,static
28552099,1,0,1,0,234,0,100,0,18,12,7,9,6,5,2,4,5,0,0,53,100,74,34,17,13,8,0,1,1788125585.2273884,G1,T02,respiro_2m_15,1,static
28552299,1,0,1,0,233,0,100,0,18,14,6,12,10,7,2,6,6,0,0,53,100,72,34,17,13,8,0,1,1788125585.4278955,G1,T02,respiro_2m_15,1,static
28552499,1,0,1,0,233,0,100,0,16,13,4,7,7,6,6,6,5,0,0,54,100,72,33,17,13,8,0,1,1788125585.6274135,G1,T02,respiro_2m_15,1,static
28552699,1,0,1,0,232,0,100,0,17,15,4,9,9,6,8,5,4,0,0,54,100,72,33,17,14,8,0,1,1788125585.827098,G1,T02,respiro_2m_15,1,static
28552899,1,0,1,0,232,0,100,0,15,14,4,6,5,5,7,4,4,0,0,54,100,71,33,17,14,8,0,1,1788125586.0273464,G1,T02,respiro_2m_15,1,static
28553099,1,0,1,0,232,0,100,0,17,13,6,9,7,6,4,5,3,0,0,54,100,71,33,17,14,8,0,1,1788125586.2275329,G1,T02,respiro_2m_15,1,static
28553299,1,0,1,0,232,0,100,0,16,10,5,5,5,5,2,4,4,0,0,55,100,71,34,17,14,8,0,1,1788125586.4274912,G1,T02,respiro_2m_15,1,static
28553499,1,0,1,0,232,0,100,0,18,12,7,9,8,7,4,3,3,0,0,56,100,71,34,17,14,9,0,1,1788125586.6276941,G1,T02,respiro_2m_15,1,static
28553699,1,0,1,0,230,0,100,0,13,12,6,1,7,8,6,3,3,0,0,60,100,73,36,18,14,9,0,1,1788125586.827198,G1,T02,respiro_2m_15,1,static
28553899,1,0,1,0,229,0,100,0,18,12,4,7,5,7,4,3,3,0,0,65,100,75,36,18,14,8,0,1,1788125587.0275583,G1,T02,respiro_2m_15,1,static
28554099,1,0,1,0,228,0,100,0,21,16,8,4,5,7,4,3,3,0,0,67,100,76,36,18,13,8,0,1,1788125587.2276638,G1,T02,respiro_2m_15,1,static
28554299,1,0,1,0,227,0,100,0,13,12,8,9,6,5,4,5,4,0,0,66,100,73,35,18,13,8,0,1,1788125587.4275625,G1,T02,respiro_2m_15,1,static
28554499,1,0,1,0,227,0,100,0,14,12,11,11,11,8,8,6,6,0,0,63,100,69,34,18,13,8,0,1,1788125587.627709,G1,T02,respiro_2m_15,1,static
28554699,1,0,1,0,226,0,100,0,14,12,9,8,7,7,6,6,6,0,0,62,100,66,34,19,14,8,0,1,1788125587.8264976,G1,T02,respiro_2m_15,1,static
28554899,1,0,1,0,226,0,100,0,21,19,5,9,6,10,1,4,5,0,0,62,100,65,35,19,14,8,0,1,1788125588.027685,G1,T02,respiro_2m_15,1,static
28555099,1,0,1,0,225,0,100,0,21,14,7,10,10,7,2,2,4,0,0,62,100,64,36,20,14,8,0,1,1788125588.227815,G1,T02,respiro_2m_15,1,static
28555299,1,0,1,0,225,0,100,0,17,12,2,6,8,1,4,2,2,0,0,64,100,66,37,20,14,8,0,1,1788125588.4274986,G1,T02,respiro_2m_15,1,static
28555499,1,0,1,0,225,0,100,0,13,8,2,11,8,2,5,1,1,0,0,66,100,67,37,20,14,8,0,1,1788125588.627514,G1,T02,respiro_2m_15,1,static
28555699,1,0,1,0,225,0,100,0,17,13,4,8,5,3,4,1,1,0,0,69,100,69,37,20,15,8,0,1,1788125588.8270388,G1,T02,respiro_2m_15,1,static
28555899,1,0,1,0,225,0,100,0,16,12,2,6,2,2,5,1,1,0,0,72,100,70,37,19,14,8,0,1,1788125589.0276556,G1,T02,respiro_2m_15,1,static
28556099,1,0,1,0,224,0,100,0,15,14,2,1,2,3,6,1,1,0,0,74,100,72,37,19,14,8,0,1,1788125589.226905,G1,T02,respiro_2m_15,1,static
28556299,1,0,1,0,224,0,100,0,15,13,4,10,10,4,4,1,2,0,0,73,100,72,38,19,14,8,0,1,1788125589.427541,G1,T02,respiro_2m_15,1,static
28556499,1,0,1,0,225,0,100,0,20,18,6,9,12,4,2,3,4,0,0,71,100,70,38,18,13,8,0,1,1788125589.627343,G1,T02,respiro_2m_15,1,static
28556699,1,0,1,0,225,0,100,0,22,18,5,10,9,7,2,5,5,0,0,68,100,70,37,18,13,8,0,1,1788125589.8276782,G1,T02,respiro_2m_15,1,static
28556899,1,0,1,0,226,0,100,0,18,12,8,7,3,11,5,7,6,0,0,68,100,71,37,18,13,8,0,1,1788125590.0278418,G1,T02,respiro_2m_15,1,static
28557099,1,0,1,0,227,0,100,0,15,13,8,9,9,9,6,5,5,0,0,66,100,73,37,18,13,8,0,1,1788125590.2275605,G1,T02,respiro_2m_15,1,static
28557299,1,0,1,0,229,0,100,0,17,9,5,2,7,5,8,5,4,0,0,64,100,74,37,18,14,9,0,1,1788125590.4274473,G1,T02,respiro_2m_15,1,static
28557499,1,0,1,0,229,0,100,0,16,12,8,10,5,6,7,5,4,0,0,63,100,75,36,18,14,9,0,1,1788125590.6273258,G1,T02,respiro_2m_15,1,static
28557699,1,0,1,0,231,0,100,0,17,12,6,7,4,6,3,5,5,0,0,59,100,75,35,17,15,9,0,1,1788125590.8273041,G1,T02,respiro_2m_15,1,static
28557899,1,0,1,0,233,0,100,0,23,18,8,11,10,9,1,4,5,0,0,54,100,74,34,17,15,9,0,1,1788125591.0276213,G1,T02,respiro_2m_15,1,static
28558099,1,0,1,0,234,0,100,0,15,13,7,9,9,10,1,4,5,0,0,53,100,74,34,17,15,9,0,1,1788125591.2277339,G1,T02,respiro_2m_15,1,static
28558299,1,0,1,0,234,0,100,0,19,12,6,12,10,9,2,2,3,0,0,54,100,77,35,17,15,10,0,1,1788125591.4278095,G1,T02,respiro_2m_15,1,static
28558499,1,0,1,0,234,0,100,0,20,18,3,6,7,4,4,2,2,0,0,57,100,81,34,17,15,10,0,1,1788125591.6271498,G1,T02,respiro_2m_15,1,static
28558699,1,0,1,0,234,0,100,0,16,13,4,8,8,2,4,1,1,0,0,58,100,83,33,16,15,10,0,1,1788125591.8274915,G1,T02,respiro_2m_15,1,static
28558899,1,0,1,0,234,0,100,0,20,14,6,7,5,3,5,1,1,0,0,58,100,83,32,16,15,10,0,1,1788125592.0276086,G1,T02,respiro_2m_15,1,static
28559099,1,0,1,0,233,0,100,0,18,13,8,7,1,2,6,1,3,0,0,57,100,81,31,15,15,10,0,1,1788125592.2271788,G1,T02,respiro_2m_15,1,static
28559299,1,0,1,0,234,0,100,0,17,12,6,11,6,3,7,1,1,0,0,55,100,79,30,15,15,9,0,1,1788125592.4273508,G1,T02,respiro_2m_15,1,static
28559499,1,0,1,0,235,0,100,0,19,17,1,2,6,5,6,1,1,0,0,52,100,77,29,15,14,9,0,1,1788125592.6275275,G1,T02,respiro_2m_15,1,static
28559699,1,0,1,0,236,0,100,0,16,13,2,9,7,3,3,1,2,0,0,48,100,74,28,15,14,9,0,1,1788125592.8274996,G1,T02,respiro_2m_15,1,static
28559899,1,0,1,0,237,0,96,0,14,11,6,9,9,2,3,3,3,0,0,45,96,71,27,15,14,9,0,1,1788125593.0276058,G1,T02,respiro_2m_15,1,static
28560099,1,0,1,0,237,0,95,0,19,10,7,8,10,5,1,4,5,0,0,44,95,69,26,15,14,9,0,1,1788125593.2276073,G1,T02,respiro_2m_15,1,static
28560299,1,0,1,0,236,0,99,0,17,11,4,9,10,8,1,5,5,0,0,45,99,71,26,15,14,9,0,1,1788125593.4271817,G1,T02,respiro_2m_15,1,static
28560499,1,0,1,0,234,0,100,0,17,12,9,9,6,7,3,6,5,0,0,48,100,73,26,15,15,9,0,1,1788125593.6279943,G1,T02,respiro_2m_15,1,static
28560699,1,0,1,0,234,0,100,0,18,13,9,9,7,4,7,6,5,0,0,52,100,76,27,16,15,9,0,1,1788125593.8275156,G1,T02,respiro_2m_15,1,static
28560899,1,0,1,0,233,0,100,0,17,12,4,8,3,4,7,5,4,0,0,54,100,76,28,16,15,9,0,1,1788125594.0273209,G1,T02,respiro_2m_15,1,static
28561099,1,0,1,0,232,0,100,0,23,15,3,6,3,4,6,4,4,0,0,56,100,76,28,16,15,9,0,1,1788125594.2276626,G1,T02,respiro_2m_15,1,static
28561299,1,0,1,0,231,0,100,0,14,13,7,9,4,5,4,3,3,0,0,59,100,76,29,16,14,9,0,1,1788125594.4273322,G1,T02,respiro_2m_15,1,static
28561499,1,0,1,0,230,0,100,0,21,12,7,7,6,7,3,3,4,0,0,60,100,76,29,16,14,9,0,1,1788125594.6275885,G1,T02,respiro_2m_15,1,static
28561699,1,0,1,0,230,0,100,0,28,17,6,10,3,6,2,4,4,0,0,62,100,76,29,17,14,8,0,1,1788125594.8272266,G1,T02,respiro_2m_15,1,static
28561899,1,0,1,0,229,0,100,0,19,15,10,14,9,7,6,6,6,0,0,62,100,76,30,17,14,9,0,1,1788125595.0282025,G1,T02,respiro_2m_15,1,static
28562099,1,0,1,0,229,0,100,0,18,14,6,7,10,7,8,5,5,0,0,62,100,75,30,17,14,9,0,1,1788125595.2279084,G1,T02,respiro_2m_15,1,static
28562299,1,0,1,0,229,0,100,0,21,14,9,12,9,8,5,4,5,0,0,62,100,75,31,17,14,9,0,1,1788125595.427723,G1,T02,respiro_2m_15,1,static
28562499,1,0,1,0,229,0,100,0,14,11,3,12,9,6,2,3,4,0,0,63,100,75,31,17,14,9,0,1,1788125595.6279564,G1,T02,respiro_2m_15,1,static
28562699,1,0,1,0,229,0,100,0,18,10,3,7,4,7,2,2,3,0,0,64,100,76,31,17,14,8,0,1,1788125595.8277395,G1,T02,respiro_2m_15,1,static
28562899,1,0,1,0,229,0,100,0,15,12,6,7,8,4,5,2,1,0,0,65,100,76,31,17,14,9,0,1,1788125596.027785,G1,T02,respiro_2m_15,1,static
28563099,1,0,1,0,229,0,100,0,15,11,6,10,2,3,6,1,2,0,0,65,100,77,31,17,14,9,0,1,1788125596.2270145,G1,T02,respiro_2m_15,1,static
28563299,1,0,1,0,229,0,100,0,27,16,2,5,5,1,6,1,1,0,0,65,100,77,32,17,15,9,0,1,1788125596.4268339,G1,T02,respiro_2m_15,1,static
28563499,1,0,1,0,227,0,100,0,15,15,2,8,6,2,7,1,2,0,0,68,100,78,32,17,15,9,0,1,1788125596.6274421,G1,T02,respiro_2m_15,1,static
28563699,1,0,1,0,227,0,100,0,19,13,3,2,3,4,5,2,1,0,0,70,100,78,32,17,15,9,0,1,1788125596.8278966,G1,T02,respiro_2m_15,1,static
28563899,1,0,1,0,226,0,100,0,19,16,7,7,3,3,5,3,2,0,0,72,100,79,32,17,15,9,0,1,1788125597.0275683,G1,T02,respiro_2m_15,1,static
28564099,1,0,1,0,227,0,100,0,14,13,3,11,10,4,2,3,3,0,0,71,100,78,32,17,15,9,0,1,1788125597.228075,G1,T02,respiro_2m_15,1,static
28564299,1,0,1,0,227,0,100,0,20,15,7,12,12,6,1,5,5,0,0,69,100,77,32,17,15,9,0,1,1788125597.4274976,G1,T02,respiro_2m_15,1,static
28564499,1,0,1,0,227,0,100,0,18,14,6,8,10,8,2,5,5,0,0,67,100,77,32,17,15,9,0,1,1788125597.6280181,G1,T02,respiro_2m_15,1,static
28564699,1,0,1,0,227,0,100,0,19,16,4,4,4,6,4,5,5,0,0,66,100,75,31,17,15,9,0,1,1788125597.827493,G1,T02,respiro_2m_15,1,static
28564899,1,0,1,0,228,0,100,0,18,18,7,9,7,5,7,5,5,0,0,65,100,76,31,17,15,9,0,1,1788125598.0278563,G1,T02,respiro_2m_15,1,static
28565099,1,0,1,0,228,0,100,0,19,11,5,3,6,4,8,4,5,0,0,65,100,76,31,17,15,9,0,1,1788125598.2274647,G1,T02,respiro_2m_15,1,static
28565299,1,0,1,0,229,0,100,0,20,13,9,8,6,5,4,3,3,0,0,64,100,76,31,17,15,9,0,1,1788125598.4276037,G1,T02,respiro_2m_15,1,static
28565499,1,0,1,0,229,0,100,0,17,11,6,5,5,5,2,3,4,0,0,64,100,76,30,17,15,9,0,1,1788125598.627429,G1,T02,respiro_2m_15,1,static
28565699,1,0,1,0,228,0,100,0,22,16,6,4,5,5,4,2,3,0,0,66,100,76,30,18,15,9,0,1,1788125598.8277478,G1,T02,respiro_2m_15,1,static
28565899,1,0,1,0,227,0,100,0,14,11,10,9,3,5,4,4,3,0,0,67,100,77,30,18,15,9,0,1,1788125599.027546,G1,T02,respiro_2m_15,1,static
28566099,1,0,1,0,227,0,100,0,18,15,3,11,9,8,7,6,6,0,0,66,100,76,30,18,15,9,0,1,1788125599.2280421,G1,T02,respiro_2m_15,1,static
28566299,1,0,1,0,227,0,100,0,19,15,8,5,8,5,8,6,6,0,0,65,100,75,30,17,15,8,0,1,1788125599.4280174,G1,T02,respiro_2m_15,1,static
28566499,1,0,1,0,227,0,100,0,19,15,10,9,11,6,8,6,6,0,0,63,100,73,30,18,15,8,0,1,1788125599.628123,G1,T02,respiro_2m_15,1,static
28566699,1,0,1,0,227,0,100,0,18,13,5,14,9,7,3,3,4,0,0,62,100,72,31,18,15,9,0,1,1788125599.8280475,G1,T02,respiro_2m_15,1,static
28566899,1,0,1,0,228,0,100,0,20,14,6,9,4,7,2,3,4,0,0,63,100,73,31,18,15,8,0,1,1788125600.0273566,G1,T02,respiro_2m_15,1,static
28567099,1,0,1,0,228,0,100,0,14,13,5,8,7,3,4,2,3,0,0,63,100,73,31,18,15,8,0,1,1788125600.2277052,G1,T02,respiro_2m_15,1,static
28567299,1,0,1,0,228,0,100,0,15,10,3,5,1,2,5,2,1,0,0,63,100,74,31,18,15,8,0,1,1788125600.4278126,G1,T02,respiro_2m_15,1,static
28567499,1,0,1,0,228,0,100,0,16,13,5,8,2,1,4,2,1,0,0,63,100,73,31,17,15,9,0,1,1788125600.6271682,G1,T02,respiro_2m_15,1,static
28567699,1,0,1,0,229,0,100,0,15,17,6,6,9,3,3,3,4,0,0,63,100,73,32,18,15,8,0,1,1788125600.8274808,G1,T02,respiro_2m_15,1,static
28567899,1,0,1,0,229,0,100,0,18,14,9,11,8,4,2,3,4,0,0,61,100,73,32,18,15,8,0,1,1788125601.0274546,G1,T02,respiro_2m_15,1,static
28568099,1,0,1,0,229,0,100,0,18,16,7,7,10,6,1,5,6,0,0,61,100,74,32,18,15,8,0,1,1788125601.2280757,G1,T02,respiro_2m_15,1,static
28568299,1,0,1,0,229,0,100,0,24,15,7,9,9,11,3,6,6,0,0,62,100,76,33,18,15,8,0,1,1788125601.427952,G1,T02,respiro_2m_15,1,static
28568499,1,0,1,0,229,0,100,0,23,16,5,9,3,7,5,5,5,0,0,62,100,75,33,18,15,9,0,1,1788125601.627741,G1,T02,respiro_2m_15,1,static
28568699,1,0,1,0,229,0,100,0,20,15,6,9,5,3,7,5,4,0,0,63,100,74,34,18,15,8,0,1,1788125601.8280919,G1,T02,respiro_2m_15,1,static
28568899,1,0,1,0,229,0,100,0,17,11,5,3,6,4,8,4,4,0,0,63,100,73,34,18,15,8,0,1,1788125602.0281482,G1,T02,respiro_2m_15,1,static
28569099,1,0,1,0,228,0,100,0,14,13,10,9,8,5,7,2,3,0,0,64,100,73,34,18,14,8,0,1,1788125602.2276087,G1,T02,respiro_2m_15,1,static
28569299,1,0,1,0,227,0,100,0,19,10,5,4,8,5,6,2,3,0,0,64,100,72,34,18,14,8,0,1,1788125602.427978,G1,T02,respiro_2m_15,1,static
28569499,1,0,1,0,227,0,100,0,15,14,4,2,6,6,4,2,3,0,0,63,100,71,34,18,14,8,0,1,1788125602.627472,G1,T02,respiro_2m_15,1,static
28569699,1,0,1,0,227,0,100,0,19,12,7,5,6,3,3,2,2,0,0,62,100,70,34,18,14,8,0,1,1788125602.827779,G1,T02,respiro_2m_15,1,static
28569899,1,0,1,0,227,0,100,0,17,14,7,7,3,5,4,3,4,0,0,61,100,69,33,18,14,8,0,1,1788125603.0278487,G1,T02,respiro_2m_15,1,static
28570099,1,0,1,0,227,0,100,0,16,10,4,11,4,6,6,5,5,0,0,61,100,68,33,18,14,8,0,1,1788125603.2267287,G1,T02,respiro_2m_15,1,static
28570299,1,0,1,0,226,0,100,0,13,12,9,10,9,8,8,6,6,0,0,62,100,68,33,18,14,8,0,1,1788125603.4282835,G1,T02,respiro_2m_15,1,static
28570499,1,0,1,0,226,0,100,0,15,14,8,9,10,7,5,5,6,0,0,64,100,68,34,18,14,8,0,1,1788125603.6276286,G1,T02,respiro_2m_15,1,static
28570699,1,0,1,0,225,0,100,0,16,12,8,8,8,8,1,3,4,0,0,65,100,68,34,18,14,8,0,1,1788125603.8277738,G1,T02,respiro_2m_15,1,static
28570899,1,0,1,0,225,0,100,0,17,13,2,9,3,8,3,3,3,0,0,65,100,67,34,18,14,9,0,1,1788125604.027573,G1,T02,respiro_2m_15,1,static
28571099,1,0,1,0,225,0,100,0,18,15,1,6,4,6,3,2,2,0,0,66,100,67,34,18,14,9,0,1,1788125604.2277825,G1,T02,respiro_2m_15,1,static
28571299,1,0,1,0,225,0,100,0,15,12,4,7,8,3,5,1,2,0,0,67,100,67,34,18,14,9,0,1,1788125604.4274244,G1,T02,respiro_2m_15,1,static
28571499,1,0,1,0,225,0,100,0,16,13,3,5,5,2,5,1,1,0,0,68,100,68,34,18,14,8,0,1,1788125604.6275725,G1,T02,respiro_2m_15,1,static
28571699,1,0,1,0,225,0,100,0,17,15,5,10,2,3,3,4,3,0,0,68,100,68,34,18,14,8,0,1,1788125604.8282773,G1,T02,respiro_2m_15,1,static
28571899,1,0,1,0,224,0,100,0,17,11,8,9,7,4,3,3,3,0,0,69,100,67,33,18,14,8,0,1,1788125605.0278358,G1,T02,respiro_2m_15,1,static
28572099,1,0,1,0,225,0,100,0,13,11,5,9,9,9,2,5,6,0,0,69,100,67,33,17,14,9,0,1,1788125605.227604,G1,T02,respiro_2m_15,1,static
28572299,1,0,1,0,225,0,100,0,14,11,6,7,9,9,2,6,6,0,0,67,100,66,33,17,14,8,0,1,1788125605.4274404,G1,T02,respiro_2m_15,1,static
28572499,1,0,1,0,224,0,100,0,16,14,7,8,4,9,6,6,5,0,0,67,100,66,33,17,14,8,0,1,1788125605.6275704,G1,T02,respiro_2m_15,1,static
28572699,1,0,1,0,224,0,100,0,20,14,7,9,6,3,6,5,4,0,0,68,100,66,33,17,14,8,0,1,1788125605.8279269,G1,T02,respiro_2m_15,1,static
28572899,1,0,1,0,224,0,100,0,18,13,5,7,6,5,6,3,3,0,0,69,100,67,33,17,14,9,0,1,1788125606.0278475,G1,T02,respiro_2m_15,1,static
28573099,1,0,1,0,224,0,100,0,13,14,4,3,6,4,4,3,4,0,0,69,100,67,33,18,14,8,0,1,1788125606.2276843,G1,T02,respiro_2m_15,1,static
28573299,1,0,1,0,224,0,100,0,17,15,2,2,7,7,4,1,3,0,0,68,100,66,34,18,14,8,0,1,1788125606.427878,G1,T02,respiro_2m_15,1,static
28573499,1,0,1,0,224,0,100,0,17,14,4,2,7,5,4,3,4,0,0,69,100,66,34,18,14,8,0,1,1788125606.6282146,G1,T02,respiro_2m_15,1,static
28573699,1,0,1,0,224,0,100,0,21,17,3,2,6,5,2,3,4,0,0,68,100,66,34,18,14,8,0,1,1788125606.8275065,G1,T02,respiro_2m_15,1,static
28573899,1,0,1,0,224,0,100,0,16,15,7,9,6,7,4,5,5,0,0,68,100,66,34,18,14,8,0,1,1788125607.02752,G1,T02,respiro_2m_15,1,static
28574099,1,0,1,0,224,0,100,0,17,11,8,8,8,9,8,6,6,0,0,69,100,67,35,18,14,8,0,1,1788125607.227849,G1,T02,respiro_2m_15,1,static
28574299,1,0,1,0,225,0,100,0,20,13,10,13,12,6,6,6,6,0,0,70,100,68,35,18,15,8,0,1,1788125607.4281116,G1,T02,respiro_2m_15,1,static
28574499,1,0,1,0,225,0,100,0,14,11,5,10,8,8,1,3,5,0,0,70,100,69,35,19,15,8,0,1,1788125607.6282008,G1,T02,respiro_2m_15,1,static
28574699,1,0,1,0,225,0,100,0,16,11,4,6,5,9,2,2,3,0,0,70,100,70,35,18,15,8,0,1,1788125607.8280416,G1,T02,respiro_2m_15,1,static
28574899,1,0,1,0,225,0,100,0,19,14,4,7,3,9,3,2,2,0,0,70,100,70,35,18,15,9,0,1,1788125608.0279918,G1,T02,respiro_2m_15,1,static
28575099,1,0,1,0,225,0,100,0,19,12,5,2,4,6,3,4,3,0,0,70,100,69,35,18,14,8,0,1,1788125608.2277045,G1,T02,respiro_2m_15,1,static
28575299,1,0,1,0,225,0,100,0,20,13,4,5,1,4,3,3,3,0,0,68,100,67,35,19,14,8,0,1,1788125608.4276237,G1,T02,respiro_2m_15,1,static
28575499,1,0,1,0,225,0,100,0,14,10,8,11,11,3,1,4,4,0,0,65,100,65,34,19,14,8,0,1,1788125608.6274216,G1,T02,respiro_2m_15,1,static
28575699,1,0,1,0,225,0,100,0,18,10,6,12,10,6,2,5,5,0,0,63,100,65,34,19,14,8,0,1,1788125608.827852,G1,T02,respiro_2m_15,1,static
28575899,1,0,1,0,226,0,100,0,16,10,2,10,1,7,5,4,5,0,0,63,100,67,34,20,15,8,0,1,1788125609.0282724,G1,T02,respiro_2m_15,1,static
28576099,1,0,1,0,226,0,100,0,21,14,2,6,2,1,7,5,5,0,0,64,100,68,35,20,15,8,0,1,1788125609.2276816,G1,T02,respiro_2m_15,1,static
28576299,1,0,1,0,226,0,100,0,17,11,8,6,3,3,8,3,4,0,0,65,100,68,36,21,15,8,0,1,1788125609.427312,G1,T02,respiro_2m_15,1,static
28576499,1,0,1,0,225,0,100,0,20,12,10,8,3,4,5,3,3,0,0,66,100,67,37,21,15,8,0,1,1788125609.627802,G1,T02,respiro_2m_15,1,static
28576699,1,0,1,0,224,0,100,0,19,9,2,7,2,1,3,1,3,0,0,67,100,66,37,22,14,8,0,1,1788125609.8276682,G1,T02,respiro_2m_15,1,static
28576899,1,0,1,0,223,0,100,0,17,15,2,2,3,3,2,2,4,0,0,66,100,63,36,21,14,7,0,1,1788125610.0278602,G1,T02,respiro_2m_15,1,static
28577099,1,0,1,0,223,0,100,0,16,11,5,1,2,1,5,1,4,0,0,65,100,61,34,21,14,7,0,1,1788125610.2281816,G1,T02,respiro_2m_15,1,static
28577299,1,0,1,0,222,0,100,0,24,16,7,1,1,2,7,1,4,0,0,65,100,59,33,20,13,7,0,1,1788125610.4279256,G1,T02,respiro_2m_15,1,static
28577499,1,0,1,0,222,0,100,0,14,9,8,7,2,5,7,1,4,0,0,65,100,58,33,20,13,7,0,1,1788125610.6274607,G1,T02,respiro_2m_15,1,static
28577699,1,0,1,0,222,0,100,0,16,12,6,5,3,1,4,2,4,0,0,64,100,57,32,20,13,7,0,1,1788125610.827397,G1,T02,respiro_2m_15,1,static
28577899,1,0,1,0,222,0,100,0,15,14,3,12,8,5,3,2,3,0,0,64,100,57,32,19,13,7,0,1,1788125611.0284095,G1,T02,respiro_2m_15,1,static
28578099,1,0,1,0,222,0,100,0,15,10,9,11,8,9,5,5,4,0,0,64,100,57,32,20,13,7,0,1,1788125611.2283194,G1,T02,respiro_2m_15,1,static
28578299,1,0,1,0,221,0,100,0,20,12,9,11,7,2,9,6,6,0,0,64,100,56,32,20,13,7,0,1,1788125611.4285042,G1,T02,respiro_2m_15,1,static
28578499,1,0,1,0,220,0,100,0,21,17,7,6,5,3,8,5,5,0,0,64,100,53,32,20,13,7,0,1,1788125611.6282444,G1,T02,respiro_2m_15,1,static
28578699,1,0,1,0,220,0,100,0,22,16,6,10,3,6,6,4,6,0,0,64,100,51,33,20,13,7,0,1,1788125611.8278925,G1,T02,respiro_2m_15,1,static
28578899,1,0,1,0,219,0,100,0,16,11,7,10,9,8,2,2,4,0,0,64,100,51,33,20,13,7,0,1,1788125612.027938,G1,T02,respiro_2m_15,1,static
28579099,1,0,1,0,219,0,100,0,15,10,6,10,9,7,1,3,3,0,0,65,100,51,33,20,13,7,0,1,1788125612.2283337,G1,T02,respiro_2m_15,1,static
28579299,1,0,1,0,220,0,100,0,13,11,4,6,6,7,3,2,3,0,0,66,100,53,33,20,13,7,0,1,1788125612.428226,G1,T02,respiro_2m_15,1,static
28579499,1,0,1,0,220,0,100,0,16,11,2,5,5,6,3,1,2,0,0,69,100,56,34,20,13,7,0,1,1788125612.628522,G1,T02,respiro_2m_15,1,static
28579699,1,0,1,0,219,0,100,0,17,15,6,3,2,6,1,3,3,0,0,72,100,57,34,20,13,8,0,1,1788125612.8277788,G1,T02,respiro_2m_15,1,static
28579899,1,0,1,0,219,0,100,0,18,16,10,10,3,7,1,3,4,0,0,73,100,55,34,20,13,7,0,1,1788125613.0286658,G1,T02,respiro_2m_15,1,static
28580099,1,0,1,0,218,0,100,0,18,15,6,12,10,6,1,4,5,0,0,72,100,53,34,19,12,7,0,1,1788125613.2283287,G1,T02,respiro_2m_15,1,static
28580299,1,0,1,0,218,0,100,0,18,12,7,12,9,7,2,6,5,0,0,71,100,52,33,19,12,7,0,1,1788125613.4285352,G1,T02,respiro_2m_15,1,static
28580499,1,0,1,0,219,0,100,0,13,12,3,9,7,8,6,7,6,0,0,70,100,53,32,18,12,7,0,1,1788125613.6282017,G1,T02,respiro_2m_15,1,static
28580699,1,0,1,0,220,0,100,0,18,13,6,7,6,6,7,6,5,0,0,69,100,54,31,18,13,8,0,1,1788125613.8281744,G1,T02,respiro_2m_15,1,static
28580899,1,0,1,0,220,0,100,0,19,15,7,2,2,8,7,5,5,0,0,68,100,56,32,18,14,8,0,1,1788125614.0277667,G1,T02,respiro_2m_15,1,static
28581099,1,0,1,0,220,0,100,0,15,11,9,9,3,8,4,2,3,0,0,69,100,57,33,19,14,8,0,1,1788125614.2285674,G1,T02,respiro_2m_15,1,static
28581299,1,0,1,0,221,0,100,0,20,13,6,7,3,3,2,2,3,0,0,70,100,59,34,19,14,8,0,1,1788125614.4280307,G1,T02,respiro_2m_15,1,static
28581499,1,0,1,0,221,0,100,0,16,12,6,5,3,5,5,2,4,0,0,71,100,60,35,20,15,8,0,1,1788125614.6278813,G1,T02,respiro_2m_15,1,static
28581699,1,0,1,0,221,0,100,0,19,10,6,5,3,6,6,1,3,0,0,73,100,62,36,20,15,8,0,1,1788125614.8281853,G1,T02,respiro_2m_15,1,static
28581899,1,0,1,0,220,0,100,0,15,15,6,2,5,5,2,2,3,0,0,76,100,63,37,21,14,8,0,1,1788125615.0278213,G1,T02,respiro_2m_15,1,static
28582099,1,0,1,0,220,0,100,0,18,14,6,8,4,6,3,4,5,0,0,77,100,62,36,21,14,8,0,1,1788125615.2285485,G1,T02,respiro_2m_15,1,static
28582299,1,0,1,0,221,0,100,0,25,15,13,13,7,8,7,6,6,0,0,74,100,62,35,20,14,8,0,1,1788125615.427808,G1,T02,respiro_2m_15,1,static
28582499,1,0,1,0,221,0,100,0,18,15,8,11,10,6,9,6,7,0,0,73,100,62,35,20,14,8,0,1,1788125615.6286674,G1,T02,respiro_2m_15,1,static
28582699,1,0,1,0,221,0,100,0,17,11,6,7,6,8,3,5,6,0,0,73,100,62,35,20,14,8,0,1,1788125615.828292,G1,T02,respiro_2m_15,1,static
28582899,1,0,1,0,222,0,100,0,23,16,7,11,9,8,2,2,3,0,0,72,100,63,35,20,14,8,0,1,1788125616.0285475,G1,T02,respiro_2m_15,1,static
28583099,1,0,1,0,222,0,100,0,19,16,6,10,6,9,3,3,2,0,0,72,100,64,35,20,14,8,0,1,1788125616.2279983,G1,T02,respiro_2m_15,1,static
28583299,1,0,1,0,222,0,100,0,20,13,5,6,7,5,2,3,2,0,0,72,100,64,35,20,14,8,0,1,1788125616.4285808,G1,T02,respiro_2m_15,1,static
28583499,1,0,1,0,222,0,100,0,14,12,2,8,8,6,3,1,2,0,0,73,100,64,35,20,14,8,0,1,1788125616.6282642,G1,T02,respiro_2m_15,1,static
28583699,1,0,1,0,222,0,100,0,16,10,2,5,2,5,5,1,2,0,0,73,100,64,35,20,14,8,0,1,1788125616.8285236,G1,T02,respiro_2m_15,1,static
28583899,1,0,1,0,222,0,100,0,18,12,7,9,7,2,2,3,3,0,0,73,100,65,35,20,14,8,0,1,1788125617.0277407,G1,T02,respiro_2m_15,1,static
28584099,1,0,1,0,222,0,100,0,20,14,5,10,7,6,1,5,4,0,0,74,100,65,35,20,14,9,0,1,1788125617.228032,G1,T02,respiro_2m_15,1,static
28584299,1,0,1,0,222,0,100,0,16,13,6,9,12,8,1,5,5,0,0,73,100,66,36,21,14,9,0,1,1788125617.4286337,G1,T02,respiro_2m_15,1,static
28584499,1,0,1,0,222,0,100,0,17,10,7,11,7,9,3,6,7,0,0,72,100,64,35,20,14,8,0,1,1788125617.6285827,G1,T02,respiro_2m_15,1,static
28584699,1,0,1,0,223,0,100,0,17,14,5,8,8,9,4,5,6,0,0,72,100,65,35,20,14,8,0,1,1788125617.8279874,G1,T02,respiro_2m_15,1,static
28584899,1,0,1,0,223,0,100,0,19,12,7,6,7,4,7,5,5,0,0,72,100,65,35,20,14,8,0,1,1788125618.0285563,G1,T02,respiro_2m_15,1,static
28585099,1,0,1,0,223,0,100,0,14,9,4,2,5,2,8,3,4,0,0,70,100,66,34,20,14,9,0,1,1788125618.2283704,G1,T02,respiro_2m_15,1,static
28585299,1,0,1,0,224,0,100,0,15,11,4,4,2,2,7,2,4,0,0,68,100,65,34,19,14,9,0,1,1788125618.4277453,G1,T02,respiro_2m_15,1,static
28585499,1,0,1,0,224,0,100,0,16,10,6,7,2,3,4,2,5,0,0,67,100,65,33,19,14,8,0,1,1788125618.6275382,G1,T02,respiro_2m_15,1,static
28585699,1,0,1,0,225,0,100,0,15,11,9,11,3,2,2,1,3,0,0,66,100,65,32,19,14,8,0,1,1788125618.8280892,G1,T02,respiro_2m_15,1,static
28585899,1,0,1,0,225,0,100,0,15,16,7,5,3,4,2,2,5,0,0,65,100,64,32,19,14,8,0,1,1788125619.0281858,G1,T02,respiro_2m_15,1,static
28586099,1,0,1,0,225,0,100,0,21,17,7,7,5,8,5,3,4,0,0,64,100,64,32,19,14,8,0,1,1788125619.2283525,G1,T02,respiro_2m_15,1,static
28586299,1,0,1,0,225,0,100,0,14,4,8,11,9,8,7,5,6,0,0,64,100,64,32,19,14,8,0,1,1788125619.4284337,G1,T02,respiro_2m_15,1,static
28586499,1,0,1,0,225,0,100,0,20,14,6,9,11,6,8,6,7,0,0,64,100,63,32,19,14,8,0,1,1788125619.6284602,G1,T02,respiro_2m_15,1,static
28586699,1,0,1,0,225,0,100,0,21,13,7,11,7,9,4,4,4,0,0,64,100,63,32,19,14,8,0,1,1788125619.8286328,G1,T02,respiro_2m_15,1,static
28586899,1,0,1,0,225,0,100,0,18,15,11,7,9,7,3,3,4,0,0,64,100,62,32,19,14,8,0,1,1788125620.028799,G1,T02,respiro_2m_15,1,static
28587099,1,0,1,0,224,0,100,0,19,13,2,11,9,7,2,1,2,0,0,64,100,62,32,19,14,8,0,1,1788125620.228669,G1,T02,respiro_2m_15,1,static
28587299,1,0,1,0,223,0,100,0,18,13,3,8,4,5,3,1,1,0,0,64,100,61,31,18,14,8,0,1,1788125620.4285157,G1,T02,respiro_2m_15,1,static
28587499,1,0,1,0,223,0,100,0,18,13,3,2,3,5,3,1,2,0,0,64,100,60,31,18,14,8,0,1,1788125620.6287458,G1,T02,respiro_2m_15,1,static
28587699,1,0,1,0,223,0,100,0,16,13,4,3,5,8,3,2,2,0,0,65,100,59,31,18,14,8,0,1,1788125620.8280494,G1,T02,respiro_2m_15,1,static
28587899,1,0,1,0,222,0,100,0,18,12,1,7,4,3,1,3,4,0,0,66,100,59,31,18,14,8,0,1,1788125621.0277126,G1,T02,respiro_2m_15,1,static
28588099,1,0,1,0,222,0,100,0,15,12,6,6,9,4,1,4,6,0,0,67,100,59,31,18,14,8,0,1,1788125621.228514,G1,T02,respiro_2m_15,1,static
28588299,1,0,1,0,222,0,100,0,20,13,10,13,8,6,2,6,6,0,0,67,100,58,30,18,14,8,0,1,1788125621.4289758,G1,T02,respiro_2m_15,1,static
28588499,1,0,1,0,222,0,100,0,16,11,7,11,8,9,5,5,6,0,0,67,100,59,30,17,14,8,0,1,1788125621.628839,G1,T02,respiro_2m_15,1,static
28588699,1,0,1,0,221,0,100,0,20,16,3,7,3,6,6,5,5,0,0,69,100,59,30,17,14,9,0,1,1788125621.828733,G1,T02,respiro_2m_15,1,static
28588899,1,0,1,0,220,0,100,0,19,13,8,5,3,8,7,4,4,0,0,71,100,59,31,18,14,8,0,1,1788125622.028117,G1,T02,respiro_2m_15,1,static
28589099,1,0,1,0,220,0,100,0,16,10,7,7,3,8,4,2,3,0,0,73,100,60,31,18,13,8,0,1,1788125622.2283783,G1,T02,respiro_2m_15,1,static
28589299,1,0,1,0,220,0,100,0,16,10,5,8,3,3,1,3,4,0,0,75,100,61,32,18,13,8,0,1,1788125622.4283912,G1,T02,respiro_2m_15,1,static
28589499,1,0,1,0,219,0,100,0,17,11,5,10,3,4,4,2,4,0,0,77,100,61,33,18,13,8,0,1,1788125622.6286309,G1,T02,respiro_2m_15,1,static
28589699,1,0,1,0,219,0,100,0,18,14,5,3,1,5,6,2,5,0,0,78,100,61,33,19,13,8,0,1,1788125622.8276813,G1,T02,respiro_2m_15,1,static
28589899,1,0,1,0,219,0,100,0,16,11,7,6,3,4,6,2,5,0,0,78,100,60,33,19,13,8,0,1,1788125623.0287387,G1,T02,respiro_2m_15,1,static
28590099,1,0,1,0,219,0,100,0,15,12,5,10,2,4,2,2,4,0,0,80,100,61,34,19,12,8,0,1,1788125623.2277703,G1,T02,respiro_2m_15,1,static
28590299,1,0,1,0,219,0,100,0,16,11,12,15,5,8,4,5,4,0,0,80,100,61,34,19,13,8,0,1,1788125623.4288235,G1,T02,respiro_2m_15,1,static
28590499,1,0,1,0,219,0,100,0,16,11,7,11,9,4,8,5,6,0,0,80,100,61,34,19,13,8,0,1,1788125623.6283412,G1,T02,respiro_2m_15,1,static
28590699,1,0,1,0,218,0,100,0,16,10,12,10,11,5,8,5,7,0,0,79,100,59,34,19,13,8,0,1,1788125623.828822,G1,T02,respiro_2m_15,1,static
28590899,1,0,1,0,218,0,100,0,25,20,8,12,6,7,4,5,7,0,0,80,100,59,34,20,13,8,0,1,1788125624.0288603,G1,T02,respiro_2m_15,1,static
28591099,1,0,1,0,217,0,100,0,15,12,6,6,9,7,1,3,5,0,0,82,100,58,35,20,13,8,0,1,1788125624.2288678,G1,T02,respiro_2m_15,1,static
28591299,1,0,1,0,217,0,100,0,22,14,5,7,11,4,1,3,3,0,0,83,100,59,36,20,13,8,0,1,1788125624.429035,G1,T02,respiro_2m_15,1,static
28591499,1,0,1,0,217,0,100,0,17,12,5,6,5,7,2,2,3,0,0,83,100,60,36,21,13,8,0,1,1788125624.628338,G1,T02,respiro_2m_15,1,static
28591699,1,0,1,0,217,0,100,0,16,13,3,4,2,7,2,2,2,0,0,84,100,61,37,21,13,8,0,1,1788125624.8284934,G1,T02,respiro_2m_15,1,static
28591899,1,0,1,0,217,0,100,0,18,14,2,9,3,6,1,4,4,0,0,85,100,61,37,21,13,8,0,1,1788125625.0287666,G1,T02,respiro_2m_15,1,static
28592099,1,0,1,0,217,0,100,0,20,12,8,9,11,5,1,4,4,0,0,84,100,61,37,21,13,8,0,1,1788125625.2287266,G1,T02,respiro_2m_15,1,static
28592299,1,0,1,0,217,0,100,0,20,15,7,10,9,8,2,5,5,0,0,84,100,61,37,21,13,8,0,1,1788125625.4284222,G1,T02,respiro_2m_15,1,static
28592499,1,0,1,0,217,0,100,0,17,14,8,8,9,10,6,5,5,0,0,84,100,61,37,21,13,8,0,1,1788125625.6290257,G1,T02,respiro_2m_15,1,static
28592699,1,0,1,0,217,0,100,0,16,14,6,9,4,6,9,4,4,0,0,82,100,59,37,22,13,8,0,1,1788125625.8283317,G1,T02,respiro_2m_15,1,static
28592899,1,0,1,0,217,0,100,0,16,16,4,7,2,8,7,3,4,0,0,81,100,57,37,21,13,8,0,1,1788125626.0280023,G1,T02,respiro_2m_15,1,static
28593099,1,0,1,0,217,0,100,0,22,16,4,4,4,9,5,2,4,0,0,80,100,56,36,21,13,8,0,1,1788125626.228607,G1,T02,respiro_2m_15,1,static
28593299,1,0,1,0,217,0,100,0,13,11,6,7,2,2,5,2,4,0,0,78,100,54,36,21,13,8,0,1,1788125626.4284632,G1,T02,respiro_2m_15,1,static
28593499,1,0,1,0,217,0,100,0,13,12,6,6,1,3,4,1,5,0,0,78,100,54,35,21,13,8,0,1,1788125626.6286116,G1,T02,respiro_2m_15,1,static
28593699,1,0,1,0,217,0,100,0,19,14,5,6,1,4,4,1,4,0,0,78,100,54,35,21,12,8,0,1,1788125626.8283343,G1,T02,respiro_2m_15,1,static
28593899,1,0,1,0,216,0,100,0,13,12,6,9,2,2,3,2,4,0,0,78,100,53,34,21,13,8,0,1,1788125627.028352,G1,T02,respiro_2m_15,1,static
28594099,1,0,1,0,216,0,100,0,15,10,5,8,6,5,1,3,4,0,0,78,100,53,34,21,13,8,0,1,1788125627.228181,G1,T02,respiro_2m_15,1,static
28594299,1,0,1,0,217,0,100,0,16,13,8,9,6,7,5,4,4,0,0,77,100,53,34,20,12,8,0,1,1788125627.4288661,G1,T02,respiro_2m_15,1,static
28594499,1,0,1,0,217,0,100,0,17,11,9,10,11,7,9,6,7,0,0,76,100,53,34,20,13,8,0,1,1788125627.62847,G1,T02,respiro_2m_15,1,static
28594699,1,0,1,0,217,0,100,0,18,12,11,13,6,8,4,4,4,0,0,77,100,54,34,21,13,8,0,1,1788125627.8288114,G1,T02,respiro_2m_15,1,static
28594899,1,0,1,0,217,0,100,0,22,15,7,7,8,8,1,3,4,0,0,77,100,54,34,21,13,8,0,1,1788125628.0286293,G1,T02,respiro_2m_15,1,static
28595099,1,0,1,0,217,0,100,0,19,18,7,11,10,6,0,3,3,0,0,77,100,54,34,21,13,8,0,1,1788125628.22923,G1,T02,respiro_2m_15,1,static
28595299,1,0,1,0,217,0,100,0,15,9,5,10,9,6,2,2,3,0,0,77,100,55,34,21,13,8,0,1,1788125628.4288187,G1,T02,respiro_2m_15,1,static
28595499,1,0,1,0,216,0,100,0,16,11,10,12,9,9,2,2,2,0,0,78,100,54,34,21,12,8,0,1,1788125628.6288798,G1,T02,respiro_2m_15,1,static
28595699,1,0,1,0,216,0,100,0,20,11,7,5,6,7,3,2,1,0,0,79,100,54,34,21,12,8,0,1,1788125628.8283174,G1,T02,respiro_2m_15,1,static
28595899,1,0,1,0,217,0,100,0,19,16,6,7,3,5,2,3,3,0,0,78,100,55,34,21,12,8,0,1,1788125629.028477,G1,T02,respiro_2m_15,1,static
28596099,1,0,1,0,217,0,100,0,16,11,4,11,7,1,1,4,5,0,0,78,100,56,34,21,13,8,0,1,1788125629.228958,G1,T02,respiro_2m_15,1,static
28596299,1,0,1,0,217,0,100,0,13,11,9,10,11,3,2,5,5,0,0,78,100,56,34,21,13,8,0,1,1788125629.4291039,G1,T02,respiro_2m_15,1,static
28596499,1,0,1,0,217,0,100,0,20,13,3,9,4,6,3,6,5,0,0,78,100,55,33,21,13,8,0,1,1788125629.6290362,G1,T02,respiro_2m_15,1,static
28596699,1,0,1,0,217,0,100,0,18,13,7,7,9,8,6,5,5,0,0,80,100,56,33,21,13,8,0,1,1788125629.8288035,G1,T02,respiro_2m_15,1,static
28596899,1,0,1,0,217,0,100,0,15,12,7,8,4,2,8,3,4,0,0,82,100,57,33,21,13,8,0,1,1788125630.0287392,G1,T02,respiro_2m_15,1,static
28597099,1,0,1,0,217,0,100,0,21,16,5,7,2,3,8,3,3,0,0,84,100,59,34,21,13,8,0,1,1788125630.2290237,G1,T02,respiro_2m_15,1,static
28597299,1,0,1,0,217,0,100,0,16,11,7,7,5,4,4,2,4,0,0,85,100,60,34,21,12,8,0,1,1788125630.4284558,G1,T02,respiro_2m_15,1,static
28597499,1,0,1,0,217,0,100,0,19,14,4,3,5,5,4,2,4,0,0,85,100,60,34,21,13,8,0,1,1788125630.6291103,G1,T02,respiro_2m_15,1,static
28597699,1,0,1,0,217,0,100,0,14,11,6,2,4,5,4,1,3,0,0,86,100,60,35,21,13,8,0,1,1788125630.8289528,G1,T02,respiro_2m_15,1,static
28597899,1,0,1,0,217,0,100,0,21,13,2,5,4,5,4,1,4,0,0,85,100,61,35,21,13,9,0,1,1788125631.0282304,G1,T02,respiro_2m_15,1,static
28598099,1,0,1,0,217,0,100,0,17,13,2,7,3,3,1,2,3,0,0,85,100,61,35,21,13,9,0,1,1788125631.228613,G1,T02,respiro_2m_15,1,static
28598299,1,0,1,0,217,0,100,0,16,10,10,15,8,7,6,4,5,0,0,86,100,61,35,21,13,9,0,1,1788125631.4289608,G1,T02,respiro_2m_15,1,static
28598499,1,0,1,0,217,0,100,0,19,16,7,8,12,10,9,5,5,0,0,86,100,61,35,21,12,8,0,1,1788125631.6289885,G1,T02,respiro_2m_15,1,static
28598699,1,0,1,0,217,0,100,0,19,15,10,13,9,10,1,6,6,0,0,85,100,61,35,21,12,9,0,1,1788125631.8287964,G1,T02,respiro_2m_15,1,static
28598899,1,0,1,0,217,0,100,0,21,14,9,9,9,8,1,4,4,0,0,85,100,61,34,21,12,8,0,1,1788125632.0289333,G1,T02,respiro_2m_15,1,static
28599099,1,0,1,0,217,0,100,0,14,11,7,10,7,3,1,3,4,0,0,85,100,61,34,21,12,9,0,1,1788125632.2289846,G1,T02,respiro_2m_15,1,static
28599299,1,0,1,0,217,0,100,0,16,14,4,10,5,1,3,2,1,0,0,85,100,61,34,21,12,8,0,1,1788125632.4288645,G1,T02,respiro_2m_15,1,static
28599499,1,0,1,0,218,0,100,0,15,10,3,4,5,2,4,1,1,0,0,84,100,62,34,21,12,8,0,1,1788125632.628868,G1,T02,respiro_2m_15,1,static
28599699,1,0,1,0,218,0,100,0,18,11,2,7,8,4,5,2,1,0,0,84,100,62,33,21,13,9,0,1,1788125632.8290806,G1,T02,respiro_2m_15,1,static
28599899,1,0,1,0,218,0,100,0,17,14,3,12,1,2,3,1,2,0,0,84,100,62,33,21,12,9,0,1,1788125633.029057,G1,T02,respiro_2m_15,1,static
28600099,1,0,1,0,218,0,100,0,14,10,10,11,9,1,2,3,4,0,0,86,100,62,33,20,12,9,0,1,1788125633.2292848,G1,T02,respiro_2m_15,1,static
28600299,1,0,1,0,218,0,100,0,19,9,9,10,5,2,2,4,4,0,0,86,100,62,33,20,12,9,0,1,1788125633.428782,G1,T02,respiro_2m_15,1,static
28600499,1,0,1,0,218,0,100,0,17,9,6,13,11,7,1,5,5,0,0,86,100,63,33,20,12,9,0,1,1788125633.6292434,G1,T02,respiro_2m_15,1,static
28600699,1,0,1,0,218,0,100,0,18,17,6,10,9,9,5,6,5,0,0,86,100,64,33,21,12,9,0,1,1788125633.8291938,G1,T02,respiro_2m_15,1,static
28600899,1,0,1,0,219,0,100,0,25,15,4,6,4,5,7,5,4,0,0,85,100,64,33,21,12,8,0,1,1788125634.029198,G1,T02,respiro_2m_15,1,static
28601099,1,0,1,0,219,0,100,0,25,12,3,3,1,2,8,3,3,0,0,84,100,63,32,21,12,9,0,1,1788125634.229011,G1,T02,respiro_2m_15,1,static
28601299,1,0,1,0,219,0,100,0,22,10,8,10,3,2,6,2,4,0,0,84,100,62,32,21,13,9,0,1,1788125634.4288726,G1,T02,respiro_2m_15,1,static
28601499,1,0,1,0,219,0,100,0,14,10,3,5,4,3,6,1,3,0,0,84,100,62,31,21,12,8,0,1,1788125634.6289856,G1,T02,respiro_2m_15,1,static
28601699,1,0,1,0,219,0,100,0,13,13,7,2,5,5,6,2,5,0,0,84,100,62,31,21,12,8,0,1,1788125634.8289711,G1,T02,respiro_2m_15,1,static
28601899,1,0,1,0,219,0,100,0,16,12,7,7,3,6,5,2,5,0,0,85,100,62,31,20,12,8,0,1,1788125635.0289989,G1,T02,respiro_2m_15,1,static
28602099,1,0,1,0,218,0,100,0,17,8,6,7,4,6,4,2,4,0,0,87,100,62,31,20,12,8,0,1,1788125635.2291121,G1,T02,respiro_2m_15,1,static
28602299,1,0,1,0,218,0,100,0,19,13,5,7,4,2,4,1,4,0,0,89,100,62,30,20,12,8,0,1,1788125635.4289339,G1,T02,respiro_2m_15,1,static
28602499,1,0,1,0,219,0,100,0,17,14,6,13,10,7,3,4,4,0,0,87,100,63,30,20,12,8,0,1,1788125635.6287615,G1,T02,respiro_2m_15,1,static
28602699,1,0,1,0,219,0,100,0,16,12,11,9,11,8,3,5,6,0,0,85,100,62,30,21,12,8,0,1,1788125635.8286774,G1,T02,respiro_2m_15,1,static
28602899,1,0,1,0,219,0,100,0,22,14,8,13,6,10,3,6,6,0,0,83,100,60,31,21,12,8,0,1,1788125636.0292034,G1,T02,respiro_2m_15,1,static
28603099,1,0,1,0,218,0,100,0,18,11,8,12,8,4,1,4,5,0,0,83,100,59,31,21,12,8,0,1,1788125636.2292895,G1,T02,respiro_2m_15,1,static
28603299,1,0,1,0,218,0,100,0,17,13,8,11,8,1,1,2,2,0,0,83,100,58,31,21,12,8,0,1,1788125636.4291823,G1,T02,respiro_2m_15,1,static
28603499,1,0,1,0,217,0,100,0,16,13,2,10,8,2,3,2,2,0,0,85,100,58,31,21,12,8,0,1,1788125636.6292996,G1,T02,respiro_2m_15,1,static
28603699,1,0,1,0,217,0,100,0,22,12,5,8,4,3,4,2,1,0,0,86,100,59,31,21,12,8,0,1,1788125636.829061,G1,T02,respiro_2m_15,1,static
28603899,1,0,1,0,217,0,100,0,13,11,2,6,1,2,3,2,1,0,0,87,100,60,31,21,12,8,0,1,1788125637.0288804,G1,T02,respiro_2m_15,1,static
28604099,1,0,1,0,217,0,100,0,17,14,5,12,7,1,2,4,3,0,0,89,100,60,31,21,12,8,0,1,1788125637.2290092,G1,T02,respiro_2m_15,1,static
28604299,1,0,1,0,217,0,100,0,19,9,5,11,9,5,1,4,5,0,0,88,100,60,31,21,12,8,0,1,1788125637.4280179,G1,T02,respiro_2m_15,1,static
28604499,1,0,1,0,217,0,100,0,18,15,7,11,9,8,2,6,6,0,0,86,100,59,32,21,12,8,0,1,1788125637.6291068,G1,T02,respiro_2m_15,1,static
28604699,1,0,1,0,217,0,100,0,22,16,3,4,6,10,5,5,6,0,0,84,100,58,32,21,12,8,0,1,1788125637.8289454,G1,T02,respiro_2m_15,1,static
28604899,1,0,1,0,217,0,100,0,22,16,6,11,8,6,7,4,5,0,0,82,100,56,32,21,12,8,0,1,1788125638.029232,G1,T02,respiro_2m_15,1,static
28605099,1,0,1,0,217,0,100,0,14,10,9,9,9,3,7,2,4,0,0,82,100,56,32,21,12,8,0,1,1788125638.22881,G1,T02,respiro_2m_15,1,static
28605299,1,0,1,0,217,0,100,0,20,13,4,10,7,1,6,1,3,0,0,82,100,56,32,21,12,8,0,1,1788125638.429279,G1,T02,respiro_2m_15,1,static
28605499,1,0,1,0,217,0,100,0,17,9,7,7,3,4,5,2,4,0,0,83,100,57,33,21,12,8,0,1,1788125638.6290846,G1,T02,respiro_2m_15,1,static
28605699,1,0,1,0,217,0,100,0,15,10,3,10,3,4,4,2,4,0,0,83,100,57,33,21,12,8,0,1,1788125638.8285272,G1,T02,respiro_2m_15,1,static
28605899,1,0,1,0,217,0,100,0,17,12,2,5,2,5,4,2,5,0,0,83,100,57,33,21,12,8,0,1,1788125639.0287898,G1,T02,respiro_2m_15,1,static
28606099,1,0,1,0,217,0,100,0,19,14,1,8,7,1,4,1,4,0,0,83,100,58,32,21,12,8,0,1,1788125639.2288032,G1,T02,respiro_2m_15,1,static
28606299,1,0,1,0,218,0,100,0,17,13,7,13,12,7,3,4,4,0,0,81,100,58,33,21,12,8,0,1,1788125639.4284616,G1,T02,respiro_2m_15,1,static
28606499,1,0,1,0,218,0,100,0,16,16,12,8,2,9,4,5,5,0,0,83,100,58,33,21,12,8,0,1,1788125639.6291027,G1,T02,respiro_2m_15,1,static
28606699,1,0,1,0,217,0,100,0,19,15,8,12,4,6,4,6,6,0,0,85,100,58,33,21,12,8,0,1,1788125639.8289564,G1,T02,respiro_2m_15,1,static
28606899,1,0,1,0,217,0,100,0,18,12,9,11,12,8,1,3,5,0,0,88,100,58,33,21,12,8,0,1,1788125640.0294402,G1,T02,respiro_2m_15,1,static
28607099,1,0,1,0,217,0,100,0,15,12,4,10,6,8,1,3,3,0,0,88,100,59,32,20,12,8,0,1,1788125640.2288098,G1,T02,respiro_2m_15,1,static
28607299,1,0,1,0,217,0,100,0,23,14,2,9,10,9,3,2,2,0,0,87,100,59,31,20,12,8,0,1,1788125640.429177,G1,T02,respiro_2m_15,1,static
28607499,1,0,1,0,218,0,100,0,18,9,6,6,2,6,4,1,1,0,0,86,100,59,31,20,12,8,0,1,1788125640.6292508,G1,T02,respiro_2m_15,1,static
28607699,1,0,1,0,218,0,100,0,17,16,4,11,5,4,4,1,1,0,0,85,100,58,31,20,12,8,0,1,1788125640.8289168,G1,T02,respiro_2m_15,1,static
28607899,1,0,1,0,218,0,100,0,15,10,2,4,4,4,2,2,1,0,0,84,100,58,31,20,12,8,0,1,1788125641.0283015,G1,T02,respiro_2m_15,1,static
28608099,1,0,1,0,218,0,100,0,18,16,5,11,8,2,2,4,4,0,0,83,100,57,31,20,12,8,0,1,1788125641.2293766,G1,T02,respiro_2m_15,1,static
28608299,1,0,1,0,218,0,100,0,18,13,8,10,7,4,1,5,5,0,0,83,100,57,31,20,12,8,0,1,1788125641.4293077,G1,T02,respiro_2m_15,1,static
28608499,1,0,1,0,218,0,100,0,17,15,6,5,5,8,2,5,6,0,0,84,100,57,30,20,12,8,0,1,1788125641.6291687,G1,T02,respiro_2m_15,1,static
28608699,1,0,1,0,217,0,100,0,20,13,9,6,3,11,4,5,6,0,0,84,100,56,30,19,12,8,0,1,1788125641.8288133,G1,T02,respiro_2m_15,1,static
28608899,1,0,1,0,217,0,100,0,19,13,5,6,6,7,7,4,5,0,0,85,100,56,30,19,12,8,0,1,1788125642.0286076,G1,T02,respiro_2m_15,1,static
28609099,1,0,1,0,217,0,100,0,17,12,10,10,7,1,7,2,4,0,0,85,100,56,30,19,12,8,0,1,1788125642.2294238,G1,T02,respiro_2m_15,1,static
28609299,1,0,1,0,217,0,100,0,24,13,2,7,6,2,8,1,3,0,0,86,100,56,30,19,12,8,0,1,1788125642.4293149,G1,T02,respiro_2m_15,1,static
28609499,1,0,1,0,217,0,100,0,16,13,5,3,2,3,7,2,4,0,0,86,100,55,30,19,12,8,0,1,1788125642.6294405,G1,T02,respiro_2m_15,1,static
28609699,1,0,1,0,217,0,100,0,15,11,8,7,2,5,7,1,3,0,0,86,100,55,30,19,12,8,0,1,1788125642.8291402,G1,T02,respiro_2m_15,1,static
28609899,1,0,1,0,217,0,100,0,18,12,4,9,1,5,5,2,3,0,0,86,100,55,31,20,12,8,0,1,1788125643.0283432,G1,T02,respiro_2m_15,1,static
28610099,1,0,1,0,217,0,100,0,22,15,2,4,2,2,6,1,4,0,0,86,100,55,31,20,12,8,0,1,1788125643.2284493,G1,T02,respiro_2m_15,1,static
28610299,1,0,1,0,217,0,100,0,15,15,10,10,9,5,5,3,4,0,0,87,100,55,31,20,12,8,0,1,1788125643.429488,G1,T02,respiro_2m_15,1,static
28610499,1,0,1,0,217,0,100,0,15,10,14,16,8,8,3,5,7,0,0,87,100,55,31,20,12,8,0,1,1788125643.6295812,G1,T02,respiro_2m_15,1,static
28610699,1,0,1,0,217,0,100,0,23,15,8,12,9,11,1,5,6,0,0,86,100,55,30,19,12,8,0,1,1788125643.8291724,G1,T02,respiro_2m_15,1,static
28610899,1,0,1,0,217,0,100,0,19,14,7,9,6,7,1,4,5,0,0,85,100,55,30,19,12,8,0,1,1788125644.0291855,G1,T02,respiro_2m_15,1,static
28611099,1,0,1,0,217,0,100,0,20,16,9,12,7,2,2,3,4,0,0,85,100,56,31,20,12,8,0,1,1788125644.2294888,G1,T02,respiro_2m_15,1,static
28611299,1,0,1,0,217,0,100,0,17,14,5,10,9,3,1,2,2,0,0,85,100,56,31,20,12,8,0,1,1788125644.429565,G1,T02,respiro_2m_15,1,static
28611499,1,0,1,0,217,0,100,0,16,10,6,8,4,3,3,1,1,0,0,85,100,55,31,19,12,8,0,1,1788125644.629547,G1,T02,respiro_2m_15,1,static
28611699,1,0,1,0,217,0,100,0,23,15,6,8,3,4,3,1,1,0,0,86,100,55,31,19,12,8,0,1,1788125644.829382,G1,T02,respiro_2m_15,1,static
28611899,1,0,1,0,216,0,100,0,16,10,4,4,2,3,3,3,2,0,0,86,100,54,31,19,12,8,0,1,1788125645.0294862,G1,T02,respiro_2m_15,1,static
28612099,1,0,1,0,216,0,100,0,18,13,2,10,9,3,2,3,3,0,0,87,100,54,31,19,12,8,0,1,1788125645.2287562,G1,T02,respiro_2m_15,1,static
28612299,1,0,1,0,216,0,100,0,13,10,9,10,9,6,1,5,5,0,0,87,100,55,31,19,12,8,0,1,1788125645.429611,G1,T02,respiro_2m_15,1,static
28612499,1,0,1,0,216,0,100,0,16,13,5,10,7,8,2,6,6,0,0,86,100,54,31,19,12,9,0,1,1788125645.6296563,G1,T02,respiro_2m_15,1,static
28612699,1,0,1,0,217,0,100,0,20,15,8,8,5,10,4,4,5,0,0,86,100,55,31,19,12,8,0,1,1788125645.829598,G1,T02,respiro_2m_15,1,static
28612899,1,0,1,0,217,0,100,0,20,14,3,3,6,7,6,3,3,0,0,86,100,55,31,19,12,8,0,1,1788125646.0292363,G1,T02,respiro_2m_15,1,static
28613099,1,0,1,0,217,0,100,0,19,13,7,8,7,3,7,1,3,0,0,85,100,55,31,19,12,8,0,1,1788125646.22894,G1,T02,respiro_2m_15,1,static
28613299,1,0,1,0,217,0,100,0,17,13,10,8,8,1,7,1,3,0,0,84,100,55,30,19,12,8,0,1,1788125646.429586,G1,T02,respiro_2m_15,1,static
28613499,1,0,1,0,217,0,100,0,19,14,8,8,7,1,7,1,4,0,0,84,100,55,30,19,12,8,0,1,1788125646.6290264,G1,T02,respiro_2m_15,1,static
28613699,1,0,1,0,217,0,100,0,13,12,7,4,8,3,6,2,3,0,0,84,100,55,29,18,12,8,0,1,1788125646.8294494,G1,T02,respiro_2m_15,1,static
28613899,1,0,1,0,217,0,100,0,13,12,4,5,8,5,5,2,5,0,0,83,100,55,29,18,12,8,0,1,1788125647.0291646,G1,T02,respiro_2m_15,1,static
28614099,1,0,1,0,217,0,100,0,15,9,5,2,8,1,6,1,4,0,0,83,100,55,29,18,12,8,0,1,1788125647.2292092,G1,T02,respiro_2m_15,1,static
28614299,1,0,1,0,217,0,100,0,19,13,9,10,7,5,7,2,3,0,0,83,100,55,29,18,12,8,0,1,1788125647.4294848,G1,T02,respiro_2m_15,1,static
28614499,1,0,1,0,217,0,100,0,22,14,12,13,6,9,5,5,5,0,0,83,100,55,29,18,12,8,0,1,1788125647.6294756,G1,T02,respiro_2m_15,1,static
28614699,1,0,1,0,217,0,100,0,16,11,6,8,5,8,4,5,7,0,0,82,100,54,29,18,12,8,0,1,1788125647.8293986,G1,T02,respiro_2m_15,1,static
28614899,1,0,1,0,217,0,100,0,22,16,6,9,8,9,2,5,5,0,0,81,100,52,29,19,12,8,0,1,1788125648.0294597,G1,T02,respiro_2m_15,1,static
28615099,1,0,1,0,216,0,100,0,16,13,9,13,8,6,1,4,5,0,0,81,100,50,29,19,12,8,0,1,1788125648.2290967,G1,T02,respiro_2m_15,1,static
28615299,1,0,1,0,216,0,100,0,17,14,4,7,4,5,1,3,4,0,0,80,100,50,29,19,13,8,0,1,1788125648.4292731,G1,T02,respiro_2m_15,1,static
28615499,1,0,1,0,216,0,100,0,15,11,8,10,8,4,2,2,1,0,0,80,100,49,29,19,13,8,0,1,1788125648.6296701,G1,T02,respiro_2m_15,1,static
28615699,1,0,1,0,216,0,100,0,33,19,8,6,2,4,2,1,2,0,0,80,100,50,30,19,12,8,0,1,1788125648.828869,G1,T02,respiro_2m_15,1,static
28615899,1,0,1,0,216,0,100,0,14,13,4,6,3,4,3,2,2,0,0,81,100,50,30,19,13,8,0,1,1788125649.0294526,G1,T02,respiro_2m_15,1,static
28616099,1,0,1,0,217,0,100,0,21,15,3,6,5,3,1,3,3,0,0,81,100,51,30,19,12,8,0,1,1788125649.2290623,G1,T02,respiro_2m_15,1,static
28616299,1,0,1,0,217,0,100,0,17,12,7,11,10,4,1,4,4,0,0,81,100,51,30,19,12,8,0,1,1788125649.4296913,G1,T02,respiro_2m_15,1,static
28616499,1,0,1,0,216,0,100,0,18,14,6,13,10,6,1,5,5,0,0,82,100,50,29,19,12,8,0,1,1788125649.6297956,G1,T02,respiro_2m_15,1,static
28616699,1,0,1,0,216,0,100,0,18,11,5,5,5,10,6,6,5,0,0,82,100,50,30,19,12,8,0,1,1788125649.8292584,G1,T02,respiro_2m_15,1,static
28616899,1,0,1,0,216,0,100,0,24,18,8,6,2,8,5,5,6,0,0,80,100,50,29,19,13,8,0,1,1788125650.0288808,G1,T02,respiro_2m_15,1,static
28617099,1,0,1,0,216,0,100,0,19,12,7,6,5,3,8,3,3,0,0,80,100,49,29,19,13,8,0,1,1788125650.2294986,G1,T02,respiro_2m_15,1,static
28617299,1,0,1,0,216,0,100,0,21,14,11,13,7,2,8,1,4,0,0,80,100,49,29,19,13,8,0,1,1788125650.429049,G1,T02,respiro_2m_15,1,static
28617499,1,0,1,0,216,0,100,0,19,15,4,4,8,1,6,1,4,0,0,80,100,50,30,19,13,8,0,1,1788125650.6297228,G1,T02,respiro_2m_15,1,static
28617699,1,0,1,0,216,0,100,0,15,11,5,7,9,1,6,1,5,0,0,80,100,50,30,19,13,8,0,1,1788125650.8295882,G1,T02,respiro_2m_15,1,static
28617899,1,0,1,0,217,0,100,0,18,12,8,6,7,2,5,2,4,0,0,80,100,50,30,19,13,8,0,1,1788125651.0286167,G1,T02,respiro_2m_15,1,static
28618099,1,0,1,0,216,0,100,0,15,9,5,2,7,1,6,1,4,0,0,80,100,51,30,20,13,8,0,1,1788125651.229453,G1,T02,respiro_2m_15,1,static
28618299,1,0,1,0,216,0,100,0,17,13,2,11,4,4,5,1,4,0,0,81,100,51,29,19,12,8,0,1,1788125651.4292603,G1,T02,respiro_2m_15,1,static
28618499,1,0,1,0,217,0,100,0,18,16,10,13,4,10,5,3,5,0,0,81,100,51,29,19,12,8,0,1,1788125651.6297529,G1,T02,respiro_2m_15,1,static
28618699,1,0,1,0,217,0,100,0,15,14,11,14,8,6,4,4,6,0,0,82,100,52,29,19,12,8,0,1,1788125651.82991,G1,T02,respiro_2m_15,1,static
28618899,1,0,1,0,217,0,100,0,17,13,10,8,10,8,1,5,6,0,0,83,100,52,29,19,12,8,0,1,1788125652.0297918,G1,T02,respiro_2m_15,1,static
28619099,1,0,1,0,217,0,100,0,17,13,6,8,8,6,1,4,5,0,0,83,100,52,29,19,12,8,0,1,1788125652.2294195,G1,T02,respiro_2m_15,1,static
28619299,1,0,1,0,217,0,100,0,15,14,2,3,5,7,1,4,4,0,0,83,100,52,29,19,12,8,0,1,1788125652.4296887,G1,T02,respiro_2m_15,1,static
28619499,1,0,1,0,217,0,100,0,18,12,8,11,9,7,1,2,2,0,0,82,100,52,30,19,12,8,0,1,1788125652.629457,G1,T02,respiro_2m_15,1,static
28619699,1,0,1,0,217,0,100,0,14,9,5,11,2,7,2,1,1,0,0,82,100,52,30,19,12,8,0,1,1788125652.8292332,G1,T02,respiro_2m_15,1,static
28619899,1,0,1,0,217,0,100,0,16,14,4,3,5,7,2,1,1,0,0,82,100,52,29,19,12,8,0,1,1788125653.029213,G1,T02,respiro_2m_15,1,static
28620099,1,0,1,0,217,0,100,0,14,10,5,4,2,6,1,3,3,0,0,82,100,52,29,19,12,8,0,1,1788125653.2293966,G1,T02,respiro_2m_15,1,static
28620299,1,0,1,0,217,0,100,0,17,11,8,11,9,2,1,4,4,0,0,83,100,52,29,19,12,8,0,1,1788125653.429129,G1,T02,respiro_2m_15,1,static
28620499,1,0,1,0,217,0,100,0,19,12,9,7,9,3,1,4,5,0,0,83,100,52,29,19,11,8,0,1,1788125653.6297417,G1,T02,respiro_2m_15,1,static
28620699,1,0,1,0,217,0,100,0,20,16,5,12,4,4,3,6,6,0,0,82,100,51,29,18,11,8,0,1,1788125653.8296402,G1,T02,respiro_2m_15,1,static
28620899,1,0,1,0,217,0,100,0,17,9,8,4,5,8,6,6,7,0,0,83,100,52,29,18,11,8,0,1,1788125654.0297494,G1,T02,respiro_2m_15,1,static
28621099,1,0,1,0,217,0,100,0,23,17,5,8,6,6,7,3,4,0,0,83,100,52,28,18,12,8,0,1,1788125654.229781,G1,T02,respiro_2m_15,1,static
28621299,1,0,1,0,217,0,100,0,16,12,7,9,8,6,7,2,3,0,0,83,100,52,29,18,12,8,0,1,1788125654.429767,G1,T02,respiro_2m_15,1,static
28621499,1,0,1,0,217,0,100,0,19,15,8,9,7,8,6,1,4,0,0,83,100,52,28,18,12,8,0,1,1788125654.6289785,G1,T02,respiro_2m_15,1,static
28621699,1,0,1,0,217,0,100,0,20,14,5,5,9,7,5,1,4,0,0,83,100,52,29,18,12,8,0,1,1788125654.8296266,G1,T02,respiro_2m_15,1,static
28621899,1,0,1,0,216,0,100,0,15,12,10,9,8,2,6,1,4,0,0,84,100,52,29,18,12,8,0,1,1788125655.0299861,G1,T02,respiro_2m_15,1,static
28622099,1,0,1,0,216,0,100,0,14,10,6,1,7,2,5,1,3,0,0,85,100,52,29,19,12,8,0,1,1788125655.2294369,G1,T02,respiro_2m_15,1,static
28622299,1,0,1,0,217,0,100,0,16,14,7,12,5,8,5,1,4,0,0,84,100,52,29,19,12,9,0,1,1788125655.4299264,G1,T02,respiro_2m_15,1,static
28622499,1,0,1,0,217,0,100,0,15,11,12,14,6,5,5,4,5,0,0,85,100,52,30,19,12,9,0,1,1788125655.6299396,G1,T02,respiro_2m_15,1,static
28622699,1,0,1,0,216,0,100,0,13,9,7,12,8,8,4,5,7,0,0,86,100,52,30,19,13,9,0,1,1788125655.829376,G1,T02,respiro_2m_15,1,static
28622899,1,0,1,0,216,0,100,0,15,11,6,7,11,7,3,4,6,0,0,86,100,52,30,19,13,9,0,1,1788125656.0293412,G1,T02,respiro_2m_15,1,static
28623099,1,0,1,0,216,0,100,0,18,13,3,7,7,4,1,3,4,0,0,86,100,53,29,18,12,9,0,1,1788125656.2289457,G1,T02,respiro_2m_15,1,static
28623299,1,0,1,0,216,0,100,0,17,15,7,8,3,5,1,3,3,0,0,86,100,52,29,18,12,9,0,1,1788125656.4298713,G1,T02,respiro_2m_15,1,static
28623499,1,0,1,0,216,0,100,0,15,10,7,6,9,7,1,1,2,0,0,85,100,51,28,18,12,9,0,1,1788125656.6297467,G1,T02,respiro_2m_15,1,static
28623699,1,0,1,0,216,0,100,0,15,12,9,7,8,5,1,2,2,0,0,84,100,49,29,18,12,9,0,1,1788125656.8298807,G1,T02,respiro_2m_15,1,static
28623899,1,0,1,0,216,0,100,0,16,12,6,3,7,5,1,2,2,0,0,83,100,48,29,18,12,9,0,1,1788125657.0297906,G1,T02,respiro_2m_15,1,static
28624099,1,0,1,0,216,0,100,0,13,10,4,2,6,6,1,3,3,0,0,82,100,47,28,18,12,9,0,1,1788125657.2288725,G1,T02,respiro_2m_15,1,static
28624299,1,0,1,0,216,0,100,0,15,11,4,9,4,4,1,4,5,0,0,82,100,47,28,18,13,9,0,1,1788125657.4298282,G1,T02,respiro_2m_15,1,static
28624499,1,0,1,0,215,0,100,0,17,13,6,8,8,4,1,4,5,0,0,83,100,47,28,18,12,9,0,1,1788125657.6298437,G1,T02,respiro_2m_15,1,static
28624699,1,0,1,0,215,0,100,0,16,15,8,5,5,5,5,4,6,0,0,82,100,46,28,17,12,9,0,1,1788125657.8292482,G1,T02,respiro_2m_15,1,static
28624899,1,0,1,0,215,0,100,0,24,16,4,7,5,7,6,5,6,0,0,82,100,45,29,18,12,9,0,1,1788125658.0299156,G1,T02,respiro_2m_15,1,static
28625099,1,0,1,0,215,0,100,0,16,13,8,5,5,8,7,3,5,0,0,80,100,43,28,17,12,9,0,1,1788125658.2297823,G1,T02,respiro_2m_15,1,static
28625299,1,0,1,0,215,0,100,0,23,12,7,6,8,4,8,3,4,0,0,80,100,43,28,17,12,9,0,1,1788125658.429754,G1,T02,respiro_2m_15,1,static
28625499,1,0,1,0,215,0,100,0,22,12,7,10,5,7,8,1,3,0,0,80,100,43,28,17,12,9,0,1,1788125658.62982,G1,T02,respiro_2m_15,1,static
28625699,1,0,1,0,215,0,100,0,18,15,10,8,8,7,6,1,5,0,0,81,100,43,28,18,13,9,0,1,1788125658.8300967,G1,T02,respiro_2m_15,1,static
28625899,1,0,1,0,215,0,100,0,14,14,5,3,6,5,5,1,4,0,0,80,100,42,28,18,13,9,0,1,1788125659.0299656,G1,T02,respiro_2m_15,1,static
28626099,1,0,1,0,214,0,100,0,16,12,7,7,5,1,5,2,4,0,0,81,100,42,29,18,13,9,0,1,1788125659.229885,G1,T02,respiro_2m_15,1,static
28626299,1,0,1,0,213,0,100,0,24,15,5,3,7,2,5,1,4,0,0,84,100,41,29,18,12,9,0,1,1788125659.4295926,G1,T02,respiro_2m_15,1,static
28626499,1,0,1,0,213,0,100,0,18,12,6,11,7,7,6,1,3,0,0,83,100,41,28,18,12,9,0,1,1788125659.6299572,G1,T02,respiro_2m_15,1,static
28626699,1,0,1,0,213,0,100,0,25,14,8,15,4,5,5,3,5,0,0,80,100,40,27,17,12,9,0,1,1788125659.8293123,G1,T02,respiro_2m_15,1,static
28626899,1,0,1,0,213,0,100,0,17,13,11,13,4,7,3,5,6,0,0,79,100,39,27,17,12,8,0,1,1788125660.030085,G1,T02,respiro_2m_15,1,static
28627099,1,0,1,0,213,0,100,0,18,13,7,8,7,7,2,4,6,0,0,78,100,37,28,18,12,8,0,1,1788125660.230039,G1,T02,respiro_2m_15,1,static
28627299,1,0,1,0,213,0,100,0,17,14,8,5,8,6,1,3,4,0,0,78,100,36,28,18,12,8,0,1,1788125660.429341,G1,T02,respiro_2m_15,1,static
28627499,1,0,1,0,212,0,100,0,15,11,8,7,1,5,2,3,4,0,0,79,100,36,28,18,12,8,0,1,1788125660.6288571,G1,T02,respiro_2m_15,1,static
28627699,1,0,1,0,213,0,100,0,15,16,6,8,7,3,1,3,2,0,0,80,100,37,28,18,12,9,0,1,1788125660.8302255,G1,T02,respiro_2m_15,1,static
28627899,1,0,1,0,213,0,100,0,20,13,7,5,6,4,1,2,1,0,0,80,100,37,29,19,12,9,0,1,1788125661.0298476,G1,T02,respiro_2m_15,1,static
28628099,1,0,1,0,213,0,100,0,15,13,3,9,9,7,2,3,3,0,0,81,100,38,29,19,12,9,0,1,1788125661.2298882,G1,T02,respiro_2m_15,1,static
28628299,1,0,1,0,213,0,100,0,14,11,8,7,5,6,1,4,4,0,0,82,100,38,29,19,12,9,0,1,1788125661.429833,G1,T02,respiro_2m_15,1,static
28628499,1,0,1,0,212,0,100,0,15,13,4,2,8,3,2,4,5,0,0,83,100,38,29,19,12,8,0,1,1788125661.6299186,G1,T02,respiro_2m_15,1,static
28628699,1,0,1,0,212,0,100,0,22,15,2,4,6,3,3,6,6,0,0,82,100,36,29,19,12,8,0,1,1788125661.8292139,G1,T02,respiro_2m_15,1,static
28628899,1,0,1,0,212,0,100,0,21,15,6,10,1,5,5,5,6,0,0,81,100,36,29,19,12,8,0,1,1788125662.0300188,G1,T02,respiro_2m_15,1,static
28629099,1,0,1,0,212,0,100,0,22,16,6,12,6,7,7,4,5,0,0,81,100,36,29,19,12,9,0,1,1788125662.229718,G1,T02,respiro_2m_15,1,static
28629299,1,0,1,0,212,0,100,0,16,10,10,6,6,1,8,2,4,0,0,81,100,37,29,19,12,8,0,1,1788125662.430194,G1,T02,respiro_2m_15,1,static
28629499,1,0,1,0,213,0,100,0,22,13,7,10,3,4,8,2,4,0,0,81,100,37,29,19,12,8,0,1,1788125662.6298263,G1,T02,respiro_2m_15,1,static
28629699,1,0,1,0,213,0,100,0,15,13,9,6,8,7,6,1,4,0,0,81,100,38,29,19,12,8,0,1,1788125662.8294382,G1,T02,respiro_2m_15,1,static
28629899,1,0,1,0,213,0,100,0,17,13,4,8,9,9,5,1,4,0,0,81,100,38,29,18,12,8,0,1,1788125663.0300894,G1,T02,respiro_2m_15,1,static
28630099,1,0,1,0,213,0,100,0,16,11,5,5,8,2,5,1,4,0,0,81,100,39,29,18,12,8,0,1,1788125663.2295415,G1,T02,respiro_2m_15,1,static
28630299,1,0,1,0,214,0,100,0,29,21,7,9,2,6,7,1,5,0,0,80,100,40,29,18,12,8,0,1,1788125663.4300988,G1,T02,respiro_2m_15,1,static
28630499,1,0,1,0,215,0,100,0,17,13,6,14,4,2,7,3,5,0,0,79,100,41,29,18,13,8,0,1,1788125663.6299653,G1,T02,respiro_2m_15,1,static
28630699,1,0,1,0,215,0,100,0,15,9,6,15,9,6,6,5,6,0,0,81,100,42,29,18,13,8,0,1,1788125663.8300977,G1,T02,respiro_2m_15,1,static
28630899,1,0,1,0,214,0,100,0,19,14,7,5,6,6,4,5,7,0,0,81,100,42,29,18,13,9,0,1,1788125664.0301526,G1,T02,respiro_2m_15,1,static
28631099,1,0,1,0,215,0,100,0,23,15,4,7,8,5,3,4,6,0,0,81,100,42,28,17,13,9,0,1,1788125664.2294655,G1,T02,respiro_2m_15,1,static
28631299,1,0,1,0,215,0,100,0,16,10,8,8,8,4,2,3,5,0,0,81,100,42,28,17,13,9,0,1,1788125664.429367,G1,T02,respiro_2m_15,1,static
28631499,1,0,1,0,215,0,100,0,17,12,8,4,5,3,1,3,3,0,0,80,100,42,27,17,13,9,0,1,1788125664.6300378,G1,T02,respiro_2m_15,1,static
28631699,1,0,1,0,215,0,100,0,16,12,5,11,9,4,2,3,1,0,0,79,100,42,27,17,13,9,0,1,1788125664.8301756,G1,T02,respiro_2m_15,1,static
28631899,1,0,1,0,216,0,100,0,13,12,3,2,2,4,2,2,2,0,0,79,100,43,27,17,13,9,0,1,1788125665.0297172,G1,T02,respiro_2m_15,1,static
28632099,1,0,1,0,216,0,100,0,22,12,5,6,3,6,1,4,3,0,0,78,100,43,27,18,13,9,0,1,1788125665.2299252,G1,T02,respiro_2m_15,1,static
28632299,1,0,1,0,216,0,100,0,19,14,8,5,8,5,1,4,4,0,0,77,100,43,26,17,13,9,0,1,1788125665.430107,G1,T02,respiro_2m_15,1,static
28632499,1,0,1,0,216,0,100,0,13,12,7,9,4,5,1,5,6,0,0,77,100,43,26,17,13,9,0,1,1788125665.6294525,G1,T02,respiro_2m_15,1,static
28632699,1,0,1,0,216,0,100,0,14,12,9,13,3,6,4,5,7,0,0,78,100,44,26,17,13,9,0,1,1788125665.8295434,G1,T02,respiro_2m_15,1,static
28632899,1,0,1,0,216,0,100,0,16,13,5,10,7,8,7,4,6,0,0,81,100,45,27,18,13,9,0,1,1788125666.0303228,G1,T02,respiro_2m_15,1,static
28633099,1,0,1,0,216,0,100,0,17,13,8,10,8,5,8,3,4,0,0,82,100,45,26,18,13,9,0,1,1788125666.230123,G1,T02,respiro_2m_15,1,static
28633299,1,0,1,0,216,0,100,0,17,11,6,6,7,3,7,1,4,0,0,83,100,45,26,17,13,9,0,1,1788125666.4300349,G1,T02,respiro_2m_15,1,static
28633499,1,0,1,0,215,0,100,0,21,16,6,10,8,8,7,1,3,0,0,83,100,45,26,17,13,9,0,1,1788125666.6296494,G1,T02,respiro_2m_15,1,static
28633699,1,0,1,0,215,0,100,0,16,14,7,8,3,7,6,1,5,0,0,83,100,45,26,17,12,9,0,1,1788125666.8301797,G1,T02,respiro_2m_15,1,static
28633899,1,0,1,0,216,0,100,0,17,10,4,5,3,3,6,2,5,0,0,83,100,45,26,17,12,9,0,1,1788125667.0302305,G1,T02,respiro_2m_15,1,static
28634099,1,0,1,0,215,0,100,0,17,13,6,10,3,1,6,1,5,0,0,84,100,45,27,17,12,9,0,1,1788125667.2293358,G1,T02,respiro_2m_15,1,static
28634299,1,0,1,0,215,0,100,0,15,14,5,6,1,1,5,3,6,0,0,85,100,44,27,17,12,9,0,1,1788125667.4301646,G1,T02,respiro_2m_15,1,static
28634499,1,0,1,0,215,0,100,0,15,9,4,11,4,4,5,2,5,0,0,87,100,44,27,17,12,9,0,1,1788125667.6295638,G1,T02,respiro_2m_15,1,static
28634699,1,0,1,0,215,0,100,0,16,14,10,13,6,10,7,1,4,0,0,86,100,46,26,17,11,8,0,1,1788125667.829942,G1,T02,respiro_2m_15,1,static
28634899,1,0,1,0,216,0,100,0,22,17,10,19,7,2,6,2,4,0,0,86,100,47,27,17,11,8,0,1,1788125668.0304348,G1,T02,respiro_2m_15,1,static
28635099,1,0,1,0,216,0,100,0,17,12,6,10,9,6,5,4,5,0,0,86,100,48,27,17,11,8,0,1,1788125668.2298362,G1,T02,respiro_2m_15,1,static
28635299,1,0,1,0,216,0,100,0,21,16,5,7,8,7,2,4,6,0,0,86,100,48,28,17,11,8,0,1,1788125668.4300888,G1,T02,respiro_2m_15,1,static
28635499,1,0,1,0,216,0,100,0,15,13,3,3,7,8,1,4,5,0,0,87,100,47,28,18,11,8,0,1,1788125668.630225,G1,T02,respiro_2m_15,1,static
28635699,1,0,1,0,215,0,100,0,14,9,6,9,6,6,1,4,5,0,0,88,100,46,29,18,11,7,0,1,1788125668.830212,G1,T02,respiro_2m_15,1,static
28635899,1,0,1,0,215,0,100,0,14,12,6,4,5,6,1,3,4,0,0,89,100,45,30,17,11,7,0,1,1788125669.029475,G1,T02,respiro_2m_15,1,static
28636099,1,0,1,0,215,0,100,0,19,15,5,5,3,5,1,5,5,0,0,89,100,45,30,17,11,8,0,1,1788125669.2297115,G1,T02,respiro_2m_15,1,static
28636299,1,0,1,0,214,0,100,0,19,14,2,10,1,6,1,5,4,0,0,90,100,45,30,17,11,7,0,1,1788125669.429656,G1,T02,respiro_2m_15,1,static
28636499,1,0,1,0,214,0,100,0,26,16,1,5,1,2,3,5,7,0,0,91,100,45,30,18,11,8,0,1,1788125669.6302814,G1,T02,respiro_2m_15,1,static
28636699,1,0,1,0,214,0,100,0,20,15,9,7,1,3,5,5,6,0,0,91,100,44,31,18,11,8,0,1,1788125669.8296707,G1,T02,respiro_2m_15,1,static
28636899,1,0,1,0,214,0,100,0,17,11,7,10,5,5,6,4,6,0,0,90,100,43,31,18,11,8,0,1,1788125670.030643,G1,T02,respiro_2m_15,1,static
28637099,1,0,1,0,214,0,100,0,22,10,9,11,9,1,6,2,4,0,0,89,100,43,31,17,11,7,0,1,1788125670.229821,G1,T02,respiro_2m_15,1,static
28637299,1,0,1,0,214,0,100,0,18,14,9,10,7,4,7,1,3,0,0,90,100,43,31,18,11,7,0,1,1788125670.4300022,G1,T02,respiro_2m_15,1,static
28637499,1,0,1,0,214,0,100,0,15,11,4,4,7,5,6,1,4,0,0,90,100,43,31,17,11,7,0,1,1788125670.630275,G1,T02,respiro_2m_15,1,static
28637699,1,0,1,0,214,0,100,0,17,13,9,8,5,8,6,2,5,0,0,89,100,43,31,18,11,7,0,1,1788125670.8300812,G1,T02,respiro_2m_15,1,static
28637899,1,0,1,0,214,0,100,0,14,8,5,7,6,5,6,2,5,0,0,90,100,43,31,18,11,7,0,1,1788125671.0301797,G1,T02,respiro_2m_15,1,static
28638099,1,0,1,0,214,0,100,0,15,10,4,6,6,2,4,1,4,0,0,90,100,42,31,17,11,7,0,1,1788125671.2302127,G1,T02,respiro_2m_15,1,static
28638299,1,0,1,0,214,0,100,0,13,11,3,7,7,2,5,1,5,0,0,90,100,42,31,17,11,7,0,1,1788125671.4298823,G1,T02,respiro_2m_15,1,static
28638499,1,0,1,0,214,0,100,0,18,12,4,6,2,6,7,1,4,0,0,89,100,42,31,17,11,7,0,1,1788125671.6302514,G1,T02,respiro_2m_15,1,static
28638699,1,0,1,0,213,0,100,0,16,13,12,18,9,9,8,1,4,0,0,89,100,41,31,18,11,8,0,1,1788125671.8301191,G1,T02,respiro_2m_15,1,static
28638899,1,0,1,0,213,0,100,0,24,15,6,12,2,2,5,2,5,0,0,89,100,40,31,17,11,8,0,1,1788125672.0297139,G1,T02,respiro_2m_15,1,static
28639099,1,0,1,0,213,0,100,0,16,11,6,8,4,6,6,4,6,0,0,89,100,40,31,18,11,8,0,1,1788125672.2299092,G1,T02,respiro_2m_15,1,static
28639299,1,0,1,0,213,0,100,0,13,9,9,9,9,7,3,5,7,0,0,90,100,41,31,18,11,8,0,1,1788125672.4296994,G1,T02,respiro_2m_15,1,static
28639499,1,0,1,0,213,0,100,0,17,12,3,9,9,7,1,4,5,0,0,90,100,41,31,18,11,8,0,1,1788125672.630218,G1,T02,respiro_2m_15,1,static
28639699,1,0,1,0,213,0,100,0,17,11,6,7,8,7,1,5,6,0,0,90,100,40,31,18,11,8,0,1,1788125672.8297741,G1,T02,respiro_2m_15,1,static
28639899,1,0,1,0,214,0,100,0,17,14,3,4,8,8,1,3,4,0,0,89,100,41,31,18,11,8,0,1,1788125673.0306575,G1,T02,respiro_2m_15,1,static
28640099,1,0,1,0,214,0,100,0,26,12,5,7,5,6,2,3,3,0,0,89,100,41,31,18,11,8,0,1,1788125673.230186,G1,T02,respiro_2m_15,1,static
28640299,1,0,1,0,214,0,100,0,18,18,6,3,6,7,1,4,4,0,0,90,100,42,31,18,11,8,0,1,1788125673.429646,G1,T02,respiro_2m_15,1,static
28640499,1,0,1,0,214,0,100,0,22,18,7,8,3,8,1,5,5,0,0,91,100,43,31,18,11,8,0,1,1788125673.6297944,G1,T02,respiro_2m_15,1,static
28640699,1,0,1,0,215,0,100,0,15,9,4,7,4,2,2,6,7,0,0,90,100,43,31,18,11,7,0,1,1788125673.8303473,G1,T02,respiro_2m_15,1,static
28640899,1,0,1,0,215,0,100,0,20,15,7,7,2,3,6,6,6,0,0,88,100,44,31,18,11,7,0,1,1788125674.0302424,G1,T02,respiro_2m_15,1,static
28641099,1,0,1,0,215,0,100,0,20,14,2,9,3,7,5,3,4,0,0,86,100,43,31,17,11,8,0,1,1788125674.230204,G1,T02,respiro_2m_15,1,static
28641299,1,0,1,0,214,0,100,0,16,12,8,9,7,6,7,3,5,0,0,83,100,41,30,17,12,8,0,1,1788125674.4302418,G1,T02,respiro_2m_15,1,static
28641499,1,0,1,0,214,0,100,0,17,13,8,7,9,3,8,1,3,0,0,81,100,40,30,17,12,8,0,1,1788125674.630339,G1,T02,respiro_2m_15,1,static
28641699,1,0,1,0,214,0,100,0,18,13,8,9,9,4,6,1,4,0,0,82,100,40,29,17,12,8,0,1,1788125674.82998,G1,T02,respiro_2m_15,1,static
28641899,1,0,1,0,215,0,100,0,17,13,11,9,3,7,6,1,4,0,0,82,100,40,29,18,12,8,0,1,1788125675.0304692,G1,T02,respiro_2m_15,1,static
28642099,1,0,1,0,215,0,100,0,13,8,5,7,6,8,6,2,5,0,0,81,100,41,29,18,12,8,0,1,1788125675.229656,G1,T02,respiro_2m_15,1,static
28642299,1,0,1,0,215,0,100,0,16,12,6,8,7,2,5,2,5,0,0,82,100,41,30,18,12,8,0,1,1788125675.4297948,G1,T02,respiro_2m_15,1,static
28642499,1,0,1,0,215,0,100,0,16,16,8,6,1,6,5,1,4,0,0,83,100,41,30,18,12,8,0,1,1788125675.629818,G1,T02,respiro_2m_15,1,static
28642699,1,0,1,0,215,0,100,0,20,16,10,16,9,11,7,1,4,0,0,84,100,42,30,18,12,8,0,1,1788125675.8305876,G1,T02,respiro_2m_15,1,static
28642899,1,0,1,0,215,0,100,0,19,14,9,16,3,3,6,3,5,0,0,84,100,42,30,18,12,8,0,1,1788125676.0305798,G1,T02,respiro_2m_15,1,static
28643099,1,0,1,0,215,0,100,0,13,9,9,10,4,6,5,5,7,0,0,85,100,43,30,18,12,8,0,1,1788125676.2301147,G1,T02,respiro_2m_15,1,static
28643299,1,0,1,0,215,0,100,0,18,10,7,9,5,7,3,4,7,0,0,84,100,42,29,18,12,8,0,1,1788125676.4297705,G1,T02,respiro_2m_15,1,static
28643499,1,0,1,0,214,0,100,0,18,15,2,11,7,6,3,5,7,0,0,83,100,41,29,17,13,9,0,1,1788125676.6300876,G1,T02,respiro_2m_15,1,static
28643699,1,0,1,0,214,0,100,0,17,14,2,6,7,5,3,4,5,0,0,83,100,40,29,17,12,9,0,1,1788125676.8303695,G1,T02,respiro_2m_15,1,static
28643899,1,0,1,0,213,0,100,0,15,13,3,2,6,6,2,4,4,0,0,82,100,38,28,17,12,9,0,1,1788125677.030335,G1,T02,respiro_2m_15,1,static
28644099,1,0,1,0,213,0,100,0,16,14,4,6,4,5,2,3,3,0,0,81,100,38,28,17,12,9,0,1,1788125677.2301006,G1,T02,respiro_2m_15,1,static
28644299,1,0,1,0,213,0,100,0,16,11,1,3,2,5,2,4,5,0,0,81,100,37,28,17,12,9,0,1,1788125677.4303818,G1,T02,respiro_2m_15,1,static
28644499,1,0,1,0,213,0,100,0,13,12,1,5,1,7,1,5,6,0,0,81,100,37,28,16,12,9,0,1,1788125677.6301205,G1,T02,respiro_2m_15,1,static
28644699,1,0,1,0,213,0,100,0,15,10,3,2,1,6,4,6,6,0,0,81,100,37,28,16,12,9,0,1,1788125677.8303537,G1,T02,respiro_2m_15,1,static
28644899,1,0,1,0,213,0,100,0,23,14,8,8,2,2,6,4,4,0,0,81,100,36,28,16,12,9,0,1,1788125678.0304997,G1,T02,respiro_2m_15,1,static
28645099,1,0,1,0,213,0,100,0,19,13,8,8,7,3,7,3,4,0,0,83,100,37,28,16,12,9,0,1,1788125678.2304785,G1,T02,respiro_2m_15,1,static
28645299,1,0,1,0,213,0,100,0,16,13,3,7,5,2,7,2,4,0,0,85,100,38,28,16,12,9,0,1,1788125678.4307292,G1,T02,respiro_2m_15,1,static
28645499,1,0,1,0,213,0,100,0,16,12,10,9,7,2,8,1,4,0,0,86,100,38,28,16,12,9,0,1,1788125678.630332,G1,T02,respiro_2m_15,1,static
28645699,1,0,1,0,213,0,100,0,21,14,7,10,5,4,8,1,4,0,0,86,100,38,28,16,12,9,0,1,1788125678.8306363,G1,T02,respiro_2m_15,1,static
28645899,1,0,1,0,213,0,100,0,24,13,8,7,1,6,5,1,5,0,0,85,100,38,28,16,12,9,0,1,1788125679.0298204,G1,T02,respiro_2m_15,1,static
28646099,1,0,1,0,213,0,100,0,16,14,2,4,3,6,5,1,5,0,0,86,100,38,28,16,12,9,0,1,1788125679.2301924,G1,T02,respiro_2m_15,1,static
28646299,1,0,1,0,213,0,100,0,19,11,2,4,2,3,6,1,4,0,0,85,100,38,27,16,12,9,0,1,1788125679.4301026,G1,T02,respiro_2m_15,1,static
28646499,1,0,1,0,214,0,100,0,17,11,10,16,10,4,8,1,4,0,0,84,100,39,28,16,12,9,0,1,1788125679.6301193,G1,T02,respiro_2m_15,1,static
28646699,1,0,1,0,214,0,100,0,15,13,13,16,9,5,8,3,6,0,0,84,100,38,28,16,13,9,0,1,1788125679.8305109,G1,T02,respiro_2m_15,1,static
28646899,1,0,1,0,214,0,100,0,16,10,10,13,5,6,7,4,7,0,0,85,100,38,28,16,13,9,0,1,1788125680.030306,G1,T02,respiro_2m_15,1,static
28647099,1,0,1,0,214,0,100,0,19,15,8,11,8,7,5,5,7,0,0,84,100,38,27,16,13,9,0,1,1788125680.2299402,G1,T02,respiro_2m_15,1,static
28647299,1,0,1,0,214,0,100,0,14,12,3,8,5,4,3,6,7,0,0,84,100,38,27,16,13,9,0,1,1788125680.4304798,G1,T02,respiro_2m_15,1,static
28647499,1,0,1,0,214,0,100,0,15,15,1,3,6,6,3,3,3,0,0,83,100,38,26,16,13,9,0,1,1788125680.6299777,G1,T02,respiro_2m_15,1,static
28647699,1,0,1,0,214,0,100,0,15,13,4,4,6,5,2,4,4,0,0,81,100,38,26,16,13,9,0,1,1788125680.8299832,G1,T02,respiro_2m_15,1,static
28647899,1,0,1,0,215,0,100,0,18,16,6,10,5,3,2,4,4,0,0,80,100,38,26,16,13,9,0,1,1788125681.030389,G1,T02,respiro_2m_15,1,static
28648099,1,0,1,0,215,0,100,0,22,14,6,3,3,5,3,4,5,0,0,79,100,38,25,16,13,9,0,1,1788125681.2297566,G1,T02,respiro_2m_15,1,static
28648299,1,0,1,0,215,0,100,0,20,14,3,6,3,5,2,4,5,0,0,78,100,37,25,16,13,9,0,1,1788125681.4305067,G1,T02,respiro_2m_15,1,static
28648499,1,0,1,0,215,0,100,0,18,15,5,8,5,6,4,5,7,0,0,77,100,37,25,16,13,9,0,1,1788125681.6299996,G1,T02,respiro_2m_15,1,static
28648699,1,0,1,0,215,0,100,0,16,11,9,8,2,5,4,5,6,0,0,77,100,37,24,16,12,9,0,1,1788125681.8306005,G1,T02,respiro_2m_15,1,static
28648899,1,0,1,0,215,0,100,0,18,19,7,8,5,5,6,4,6,0,0,79,100,38,25,16,13,9,0,1,1788125682.0302308,G1,T02,respiro_2m_15,1,static
28649099,1,0,1,0,215,0,100,0,13,8,6,10,8,4,8,2,4,0,0,79,100,38,25,16,13,9,0,1,1788125682.230539,G1,T02,respiro_2m_15,1,static
28649299,1,0,1,0,215,0,100,0,18,13,9,13,9,4,9,1,5,0,0,80,100,39,25,16,12,9,0,1,1788125682.4300976,G1,T02,respiro_2m_15,1,static
28649499,1,0,1,0,215,0,100,0,18,15,6,7,10,4,8,1,3,0,0,80,100,40,25,16,12,8,0,1,1788125682.630621,G1,T02,respiro_2m_15,1,static
28649699,1,0,1,0,215,0,100,0,21,14,4,10,7,4,5,1,4,0,0,80,100,40,25,16,12,8,0,1,1788125682.8301854,G1,T02,respiro_2m_15,1,static
28649899,1,0,1,0,215,0,100,0,22,12,7,8,3,6,7,1,4,0,0,81,100,40,25,16,12,9,0,1,1788125683.030551,G1,T02,respiro_2m_15,1,static
28650099,1,0,1,0,215,0,100,0,19,15,4,5,2,7,4,2,5,0,0,81,100,40,25,16,12,9,0,1,1788125683.230116,G1,T02,respiro_2m_15,1,static
28650299,1,0,1,0,215,0,100,0,18,15,3,6,2,8,4,2,4,0,0,81,100,40,25,16,12,8,0,1,1788125683.4306238,G1,T02,respiro_2m_15,1,static
28650499,1,0,1,0,215,0,100,0,13,13,3,9,3,7,4,2,5,0,0,82,100,38,25,16,12,8,0,1,1788125683.6306636,G1,T02,respiro_2m_15,1,static
28650699,1,0,1,0,214,0,100,0,18,13,8,11,8,5,6,1,3,0,0,82,100,38,25,15,11,8,0,1,1788125683.8301287,G1,T02,respiro_2m_15,1,static
28650899,1,0,1,0,215,0,100,0,22,13,8,14,10,5,7,1,3,0,0,80,100,38,24,15,11,8,0,1,1788125684.0301752,G1,T02,respiro_2m_15,1,static
28651099,1,0,1,0,215,0,100,0,15,11,12,17,6,5,7,2,5,0,0,79,100,39,24,15,11,8,0,1,1788125684.2307694,G1,T02,respiro_2m_15,1,static
28651299,1,0,1,0,215,0,100,0,17,11,12,14,6,6,5,5,5,0,0,79,100,41,26,15,11,7,0,1,1788125684.4307194,G1,T02,respiro_2m_15,1,static
28651499,1,0,1,0,216,0,100,0,17,12,7,9,6,5,3,5,6,0,0,81,100,42,26,16,11,7,0,1,1788125684.6302376,G1,T02,respiro_2m_15,1,static
28651699,1,0,1,0,215,0,100,0,19,14,3,5,4,3,3,5,5,0,0,84,100,43,26,16,11,7,0,1,1788125684.830819,G1,T02,respiro_2m_15,1,static
28651899,1,0,1,0,215,0,100,0,18,17,4,4,3,4,2,5,4,0,0,85,100,42,27,16,11,7,0,1,1788125685.030257,G1,T02,respiro_2m_15,1,static
28652099,1,0,1,0,215,0,100,0,15,9,2,11,3,5,3,5,3,0,0,88,100,42,27,16,11,7,0,1,1788125685.2307944,G1,T02,respiro_2m_15,1,static
28652299,1,0,1,0,215,0,100,0,14,12,3,6,5,5,3,4,3,0,0,89,100,43,28,16,11,7,0,1,1788125685.4300117,G1,T02,respiro_2m_15,1,static
28652499,1,0,1,0,215,0,100,0,20,11,6,2,3,5,3,5,2,0,0,90,100,44,28,16,11,7,0,1,1788125685.6301725,G1,T02,respiro_2m_15,1,static
28652699,1,0,1,0,215,0,100,0,20,12,8,13,7,6,7,4,2,0,0,90,100,44,28,16,11,7,0,1,1788125685.8307602,G1,T02,respiro_2m_15,1,static
28652899,1,0,1,0,215,0,100,0,18,13,9,8,2,4,7,2,1,0,0,91,100,44,28,16,11,7,0,1,1788125686.029988,G1,T02,respiro_2m_15,1,static
28653099,1,0,1,0,215,0,100,0,19,14,5,10,4,4,8,1,1,0,0,91,100,45,28,16,11,7,0,1,1788125686.2307484,G1,T02,respiro_2m_15,1,static
28653299,1,0,1,0,215,0,100,0,19,13,10,11,10,2,5,1,1,0,0,90,100,44,28,16,10,7,0,1,1788125686.4306462,G1,T02,respiro_2m_15,1,static
28653499,1,0,1,0,215,0,100,0,20,16,4,11,6,5,5,2,2,0,0,90,100,44,28,16,10,7,0,1,1788125686.6309276,G1,T02,respiro_2m_15,1,static
28653699,1,0,1,0,215,0,100,0,15,9,8,7,4,6,4,2,3,0,0,89,100,45,28,16,10,7,0,1,1788125686.8304818,G1,T02,respiro_2m_15,1,static
28653899,1,0,1,0,215,0,100,0,17,14,4,4,4,7,5,1,1,0,0,89,100,44,28,15,10,7,0,1,1788125687.0303247,G1,T02,respiro_2m_15,1,static
28654099,1,0,1,0,215,0,100,0,14,11,1,6,3,6,3,3,3,0,0,89,100,44,28,15,10,7,0,1,1788125687.230107,G1,T02,respiro_2m_15,1,static
28654299,1,0,1,0,215,0,100,0,20,19,3,9,3,4,3,1,2,0,0,88,100,44,28,15,10,7,0,1,1788125687.4308763,G1,T02,respiro_2m_15,1,static
28654499,1,0,1,0,215,0,100,0,18,11,3,9,7,1,5,1,2,0,0,88,100,44,28,15,11,7,0,1,1788125687.630671,G1,T02,respiro_2m_15,1,static
28654699,1,0,1,0,215,0,100,0,16,14,7,12,8,5,7,1,2,0,0,87,100,44,28,15,11,7,0,1,1788125687.8310318,G1,T02,respiro_2m_15,1,static
28654899,1,0,1,0,215,0,100,0,22,18,9,16,11,4,8,1,2,0,0,88,100,45,28,15,11,7,0,1,1788125688.0307004,G1,T02,respiro_2m_15,1,static
28655099,1,0,1,0,216,0,100,0,19,15,12,17,6,7,8,4,3,0,0,89,100,46,28,15,11,8,0,1,1788125688.231019,G1,T02,respiro_2m_15,1,static
28655299,1,0,1,0,215,0,100,0,17,13,9,9,3,5,2,4,4,0,0,89,100,45,28,15,11,8,0,1,1788125688.430981,G1,T02,respiro_2m_15,1,static
28655499,1,0,1,0,215,0,100,0,19,13,6,9,7,6,1,5,4,0,0,89,100,45,29,15,11,7,0,1,1788125688.630906,G1,T02,respiro_2m_15,1,static
28655699,1,0,1,0,215,0,100,0,24,19,5,7,7,4,2,5,3,0,0,89,100,45,29,15,11,7,0,1,1788125688.8301406,G1,T02,respiro_2m_15,1,static
28655899,1,0,1,0,216,0,100,0,18,12,3,7,7,5,2,6,4,0,0,89,100,46,29,15,11,8,0,1,1788125689.030765,G1,T02,respiro_2m_15,1,static
28656099,1,0,1,0,215,0,100,0,17,13,3,6,7,4,2,4,3,0,0,89,100,46,29,15,11,7,0,1,1788125689.2302716,G1,T02,respiro_2m_15,1,static
28656299,1,0,1,0,215,0,100,0,16,14,4,8,4,6,2,4,2,0,0,90,100,46,29,15,11,8,0,1,1788125689.4308047,G1,T02,respiro_2m_15,1,static
28656499,1,0,1,0,215,0,100,0,16,11,5,6,4,5,3,4,3,0,0,90,100,46,29,15,11,8,0,1,1788125689.6308227,G1,T02,respiro_2m_15,1,static
28656699,1,0,1,0,215,0,100,0,15,10,8,1,5,6,4,5,3,0,0,90,100,46,29,15,11,7,0,1,1788125689.8303833,G1,T02,respiro_2m_15,1,static
28656899,1,0,1,0,215,0,100,0,19,13,3,9,7,4,6,4,3,0,0,88,100,46,29,15,11,8,0,1,1788125690.0304132,G1,T02,respiro_2m_15,1,static
28657099,1,0,1,0,215,0,100,0,15,10,9,13,7,4,8,3,1,0,0,88,100,45,29,15,11,8,0,1,1788125690.230795,G1,T02,respiro_2m_15,1,static
28657299,1,0,1,0,215,0,100,0,18,12,3,8,1,2,7,2,1,0,0,86,100,44,28,15,11,8,0,1,1788125690.4307013,G1,T02,respiro_2m_15,1,static
28657499,1,0,1,0,215,0,100,0,20,11,10,10,7,4,8,1,1,0,0,84,100,42,28,15,11,8,0,1,1788125690.630767,G1,T02,respiro_2m_15,1,static
28657699,1,0,1,0,215,0,100,0,14,12,4,10,8,5,5,1,1,0,0,84,100,41,28,15,11,8,0,1,1788125690.8308089,G1,T02,respiro_2m_15,1,static
28657899,1,0,1,0,215,0,100,0,17,12,6,9,5,6,5,1,1,0,0,84,100,42,28,15,11,8,0,1,1788125691.0309114,G1,T02,respiro_2m_15,1,static
28658099,1,0,1,0,215,0,100,0,16,12,5,2,5,7,3,2,2,0,0,84,100,43,28,15,11,8,0,1,1788125691.2303538,G1,T02,respiro_2m_15,1,static
28658299,1,0,1,0,216,0,100,0,18,13,2,5,4,7,4,1,1,0,0,85,100,44,27,15,11,8,0,1,1788125691.4308224,G1,T02,respiro_2m_15,1,static
28658499,1,0,1,0,216,0,100,0,18,13,2,6,5,7,5,2,1,0,0,85,100,44,27,15,11,8,0,1,1788125691.6309469,G1,T02,respiro_2m_15,1,static
28658699,1,0,1,0,215,0,100,0,16,14,4,6,9,5,6,1,1,0,0,86,100,44,28,15,11,8,0,1,1788125691.8310184,G1,T02,respiro_2m_15,1,static
28658899,1,0,1,0,215,0,100,0,14,11,11,14,9,5,9,1,1,0,0,86,100,44,27,15,11,8,0,1,1788125692.0310125,G1,T02,respiro_2m_15,1,static
28659099,1,0,1,0,215,0,100,0,13,10,10,17,10,6,9,2,1,0,0,85,100,43,27,15,11,8,0,1,1788125692.2309837,G1,T02,respiro_2m_15,1,static
28659299,1,0,1,0,216,0,100,0,16,11,9,15,7,6,7,3,1,0,0,85,100,44,27,15,11,7,0,1,1788125692.4309845,G1,T02,respiro_2m_15,1,static
28659499,1,0,1,0,216,0,100,0,14,10,5,9,5,5,4,5,2,0,0,85,100,44,27,15,11,8,0,1,1788125692.6311378,G1,T02,respiro_2m_15,1,static
28659699,1,0,1,0,216,0,100,0,20,12,5,13,8,5,2,6,2,0,0,84,100,44,27,15,11,8,0,1,1788125692.8308365,G1,T02,respiro_2m_15,1,static
28659899,1,0,1,0,216,0,100,0,20,15,7,7,7,4,2,5,3,0,0,85,100,45,27,15,10,7,0,1,1788125693.0305014,G1,T02,respiro_2m_15,1,static
28660099,1,0,1,0,216,0,100,0,17,12,6,9,3,3,3,5,4,0,0,85,100,45,27,15,10,8,0,1,1788125693.2309778,G1,T02,respiro_2m_15,1,static
28660299,1,0,1,0,216,0,100,0,16,11,5,8,1,5,2,4,4,0,0,85,100,45,27,15,11,8,0,1,1788125693.4306378,G1,T02,respiro_2m_15,1,static
28660499,1,0,1,0,216,0,100,0,19,14,4,4,5,5,2,5,4,0,0,85,100,45,27,15,11,8,0,1,1788125693.630836,G1,T02,respiro_2m_15,1,static
28660699,1,0,1,0,216,0,100,0,15,13,3,7,5,6,2,6,2,0,0,86,100,46,27,15,11,8,0,1,1788125693.830193,G1,T02,respiro_2m_15,1,static
28660899,1,0,1,0,216,0,100,0,18,14,6,7,4,4,4,5,2,0,0,87,100,46,27,15,10,7,0,1,1788125694.0308175,G1,T02,respiro_2m_15,1,static
28661099,1,0,1,0,216,0,100,0,21,17,4,9,6,4,5,5,2,0,0,86,100,46,27,15,10,7,0,1,1788125694.2312043,G1,T02,respiro_2m_15,1,static
28661299,1,0,1,0,216,0,100,0,16,11,7,15,8,4,8,3,3,0,0,86,100,46,27,15,11,8,0,1,1788125694.4304216,G1,T02,respiro_2m_15,1,static
28661499,1,0,1,0,216,0,100,0,17,15,9,8,7,4,7,1,5,0,0,87,100,47,27,15,11,8,0,1,1788125694.630319,G1,T02,respiro_2m_15,1,static
28661699,1,0,1,0,216,0,100,0,18,11,7,9,10,5,7,1,5,0,0,86,100,47,27,15,11,8,0,1,1788125694.830595,G1,T02,respiro_2m_15,1,static
28661899,1,0,1,0,216,0,100,0,21,9,6,12,4,6,8,1,4,0,0,87,100,47,27,15,12,8,0,1,1788125695.0311584,G1,T02,respiro_2m_15,1,static
28662099,1,0,1,0,216,0,100,0,14,9,10,10,5,6,6,2,3,0,0,87,100,47,27,16,12,8,0,1,1788125695.2310941,G1,T02,respiro_2m_15,1,static
28662299,1,0,1,0,216,0,100,0,13,8,3,3,3,7,5,1,3,0,0,87,100,48,27,16,12,8,0,1,1788125695.4310603,G1,T02,respiro_2m_15,1,static
28662499,1,0,1,0,216,0,100,0,17,12,2,4,4,4,6,2,4,0,0,87,100,47,27,16,12,8,0,1,1788125695.6305628,G1,T02,respiro_2m_15,1,static
28662699,1,0,1,0,216,0,100,0,15,13,9,12,10,6,8,1,4,0,0,87,100,48,27,16,12,8,0,1,1788125695.8310776,G1,T02,respiro_2m_15,1,static
28662899,1,0,1,0,216,0,100,0,13,11,8,16,7,6,9,1,3,0,0,86,100,47,27,16,12,8,0,1,1788125696.03061,G1,T02,respiro_2m_15,1,static
28663099,1,0,1,0,216,0,100,0,16,11,8,11,8,7,8,2,2,0,0,86,100,47,27,16,12,8,0,1,1788125696.230919,G1,T02,respiro_2m_15,1,static
28663299,1,0,1,0,216,0,100,0,18,13,10,15,10,6,7,5,1,0,0,85,100,46,26,16,12,8,0,1,1788125696.431137,G1,T02,respiro_2m_15,1,static
28663499,1,0,1,0,216,0,100,0,20,13,5,11,7,4,3,5,3,0,0,86,100,46,26,16,12,8,0,1,1788125696.6299891,G1,T02,respiro_2m_15,1,static
28663699,1,0,1,0,216,0,100,0,19,11,5,7,9,4,2,6,5,0,0,85,100,47,26,16,12,8,0,1,1788125696.8310325,G1,T02,respiro_2m_15,1,static
28663899,1,0,1,0,216,0,100,0,18,11,5,7,7,5,2,6,7,0,0,84,100,46,26,16,12,8,0,1,1788125697.0312243,G1,T02,respiro_2m_15,1,static
28664099,1,0,1,0,216,0,100,0,18,13,9,7,10,3,2,6,7,0,0,84,100,45,26,16,12,8,0,1,1788125697.2311602,G1,T02,respiro_2m_15,1,static
28664299,1,0,1,0,216,0,100,0,21,14,8,4,8,3,2,6,6,0,0,83,100,45,26,17,12,8,0,1,1788125697.4306402,G1,T02,respiro_2m_15,1,static
28664499,1,0,1,0,216,0,100,0,17,9,7,3,6,5,2,6,5,0,0,83,100,46,26,17,13,8,0,1,1788125697.6305387,G1,T02,respiro_2m_15,1,static
28664699,1,0,1,0,216,0,100,0,18,14,2,10,7,6,5,6,4,0,0,82,100,45,26,17,13,8,0,1,1788125697.830901,G1,T02,respiro_2m_15,1,static
28664899,1,0,1,0,216,0,100,0,15,11,8,11,8,5,6,5,5,0,0,82,100,45,26,17,13,8,0,1,1788125698.0312066,G1,T02,respiro_2m_15,1,static
28665099,1,0,1,0,216,0,100,0,13,9,5,8,6,4,8,4,5,0,0,83,100,45,26,17,13,8,0,1,1788125698.2306764,G1,T02,respiro_2m_15,1,static
