timestamp_ms,radar_presence,moving_target,stationary_target,moving_distance_cm,stationary_distance_cm,moving_energy,stationary_energy,pir_presence,energy2420_gate0,energy2420_gate1,energy2420_gate2,energy2420_gate3,energy2420_gate4,energy2420_gate5,energy2420_gate6,energy2420_gate7,energy2420_gate8,energy2420_gate9,energy2420_gate10,energy2420_gate11,energy2420_gate12,energy2420_gate13,energy2420_gate14,energy2420_gate15,frames_ok,dist_raw_cm,pc_time_s,group_id,trial_id,scenario,ground_truth_presence,ground_truth_state
1946,0,0,0,0,0,0,0,-1,65,17,13,8,13,13,13,13,25,13,41,50,25,32,50,52,1,0,1788963799.989407,G1,T02,respiro2420_vuoto,0,empty
2146,0,0,0,0,0,0,0,-1,136,45,25,10,13,8,13,8,32,13,52,41,20,32,50,41,1,0,1788963800.1881285,G1,T02,respiro2420_vuoto,0,empty
2346,0,0,0,0,0,0,0,-1,68,36,8,5,20,5,13,8,25,13,45,50,17,34,50,52,1,0,1788963800.3881412,G1,T02,respiro2420_vuoto,0,empty
2546,0,0,0,0,0,0,0,-1,290,85,5,10,5,17,13,8,18,13,25,50,29,32,50,52,1,0,1788963800.588417,G1,T02,respiro2420_vuoto,0,empty
2746,0,0,0,0,0,0,0,-1,113,29,5,8,10,13,10,13,18,18,34,50,29,32,50,52,1,0,1788963800.788284,G1,T02,respiro2420_vuoto,0,empty
2946,0,0,0,0,0,0,0,-1,61,20,9,10,10,13,8,13,18,18,34,50,17,25,50,52,1,0,1788963800.98857,G1,T02,respiro2420_vuoto,0,empty
3146,0,0,0,0,0,0,0,-1,45,20,18,5,13,13,5,13,25,18,45,50,25,25,50,52,1,0,1788963801.1881292,G1,T02,respiro2420_vuoto,0,empty
3346,0,0,0,0,0,0,0,-1,58,26,13,5,8,8,5,8,25,18,45,50,20,32,50,52,1,0,1788963801.3881667,G1,T02,respiro2420_vuoto,0,empty
3546,0,0,0,0,0,0,0,-1,82,13,18,10,8,10,10,8,25,25,50,50,13,32,61,41,1,0,1788963801.5881011,G1,T02,respiro2420_vuoto,0,empty
3746,0,0,0,0,0,0,0,-1,45,20,13,10,10,8,18,8,25,13,34,50,29,32,50,61,1,0,1788963801.7884033,G1,T02,respiro2420_vuoto,0,empty
3946,0,0,0,0,0,0,0,-1,68,45,13,5,9,13,13,8,25,18,41,50,29,32,50,61,1,0,1788963801.988367,G1,T02,respiro2420_vuoto,0,empty
4146,0,0,0,0,0,0,0,-1,89,29,13,8,10,8,10,13,25,20,34,50,20,45,50,61,1,0,1788963802.1884172,G1,T02,respiro2420_vuoto,0,empty
4346,0,0,0,0,0,0,0,-1,137,40,13,10,8,13,5,13,25,13,34,50,17,25,50,50,1,0,1788963802.3882027,G1,T02,respiro2420_vuoto,0,empty
4546,0,0,0,0,0,0,0,-1,82,29,13,8,17,8,8,8,18,13,45,50,20,32,41,41,1,0,1788963802.5884204,G1,T02,respiro2420_vuoto,0,empty
4746,0,0,0,0,0,0,0,-1,50,32,8,10,10,10,8,13,20,18,34,50,20,25,41,41,1,0,1788963802.7884114,G1,T02,respiro2420_vuoto,0,empty
4946,0,0,0,0,0,0,0,-1,205,52,13,5,18,9,8,13,29,13,41,61,25,32,50,52,1,0,1788963802.9882808,G1,T02,respiro2420_vuoto,0,empty
5146,0,0,0,0,0,0,0,-1,85,52,13,5,13,9,13,13,13,10,41,61,25,32,52,52,1,0,1788963803.1882057,G1,T02,respiro2420_vuoto,0,empty
5346,0,0,0,0,0,0,0,-1,101,34,8,13,13,9,13,8,18,10,34,50,20,32,52,52,1,0,1788963803.3882442,G1,T02,respiro2420_vuoto,0,empty
5546,0,0,0,0,0,0,0,-1,90,40,20,5,20,10,13,8,18,25,45,41,20,41,52,61,1,0,1788963803.5885217,G1,T02,respiro2420_vuoto,0,empty
5746,0,0,0,0,0,0,0,-1,157,25,20,13,10,5,13,8,25,8,32,50,25,25,50,52,1,0,1788963803.7883618,G1,T02,respiro2420_vuoto,0,empty
5946,0,0,0,0,0,0,0,-1,109,34,8,8,9,10,13,8,25,13,25,41,20,32,50,52,1,0,1788963803.988264,G1,T02,respiro2420_vuoto,0,empty
6146,0,0,0,0,0,0,0,-1,117,58,8,8,13,8,13,10,25,13,41,50,20,41,61,52,1,0,1788963804.1884882,G1,T02,respiro2420_vuoto,0,empty
6346,0,0,0,0,0,0,0,-1,153,45,13,8,10,9,10,10,20,18,50,61,25,25,61,52,1,0,1788963804.388103,G1,T02,respiro2420_vuoto,0,empty
6546,0,0,0,0,0,0,0,-1,98,25,10,13,13,8,13,13,20,18,25,61,20,25,50,52,1,0,1788963804.5882406,G1,T02,respiro2420_vuoto,0,empty
6746,0,0,0,0,0,0,0,-1,50,18,10,8,20,5,8,10,25,18,52,50,25,32,50,52,1,0,1788963804.7884834,G1,T02,respiro2420_vuoto,0,empty
6946,0,0,0,0,0,0,0,-1,41,41,8,13,10,13,8,20,25,18,41,50,25,32,61,52,1,0,1788963804.9881673,G1,T02,respiro2420_vuoto,0,empty
7146,0,0,0,0,0,0,0,-1,181,50,10,10,10,10,13,13,18,18,41,50,25,32,50,61,1,0,1788963805.1885083,G1,T02,respiro2420_vuoto,0,empty
7346,0,0,0,0,0,0,0,-1,180,52,5,13,13,8,13,18,34,18,52,50,20,32,50,61,1,0,1788963805.3881223,G1,T02,respiro2420_vuoto,0,empty
7546,0,0,0,0,0,0,0,-1,73,32,9,13,10,5,16,10,18,13,25,41,20,32,50,52,1,0,1788963805.5885499,G1,T02,respiro2420_vuoto,0,empty
7746,0,0,0,0,0,0,0,-1,242,74,25,10,17,5,10,5,18,13,25,50,20,25,50,61,1,0,1788963805.7884595,G1,T02,respiro2420_vuoto,0,empty
7946,0,0,0,0,0,0,0,-1,197,37,25,5,17,10,13,8,18,13,34,50,20,34,50,61,1,0,1788963805.9880617,G1,T02,respiro2420_vuoto,0,empty
8146,0,0,0,0,0,0,0,-1,208,40,13,10,10,13,8,13,25,13,34,50,20,34,41,61,1,0,1788963806.1882918,G1,T02,respiro2420_vuoto,0,empty
8346,0,0,0,0,0,0,0,-1,157,32,16,4,10,8,8,8,25,13,34,50,20,34,50,74,1,0,1788963806.388215,G1,T02,respiro2420_vuoto,0,empty
8546,0,0,0,0,0,0,0,-1,58,20,25,10,17,20,8,8,25,10,34,41,29,41,50,50,1,0,1788963806.587969,G1,T02,respiro2420_vuoto,0,empty
8746,0,0,0,0,0,0,0,-1,53,53,16,9,10,13,8,13,34,13,34,41,29,32,50,50,1,0,1788963806.7880855,G1,T02,respiro2420_vuoto,0,empty
8946,0,0,0,0,0,0,0,-1,81,80,10,5,10,13,8,13,34,13,41,50,29,32,41,50,1,0,1788963806.9880848,G1,T02,respiro2420_vuoto,0,empty
9146,0,0,0,0,0,0,0,-1,170,73,18,8,18,8,8,18,34,20,41,41,26,41,61,41,1,0,1788963807.1880794,G1,T02,respiro2420_vuoto,0,empty
9346,0,0,0,0,0,0,0,-1,65,85,18,8,10,5,13,13,32,13,45,50,29,41,52,41,1,0,1788963807.388127,G1,T02,respiro2420_vuoto,0,empty
9546,0,0,0,0,0,0,0,-1,202,61,25,5,10,10,13,13,32,13,52,50,26,41,41,41,1,0,1788963807.5880375,G1,T02,respiro2420_vuoto,0,empty
9746,0,0,0,0,0,0,0,-1,212,58,13,8,8,13,13,8,32,13,52,50,20,41,61,50,1,0,1788963807.7883933,G1,T02,respiro2420_vuoto,0,empty
9946,0,0,0,0,0,0,0,-1,181,58,8,13,8,5,20,13,25,13,34,41,20,41,50,61,1,0,1788963807.9883983,G1,T02,respiro2420_vuoto,0,empty
10146,0,0,0,0,0,0,0,-1,58,37,18,10,13,16,18,18,25,13,34,41,20,25,50,61,1,0,1788963808.188375,G1,T02,respiro2420_vuoto,0,empty
10346,0,0,0,0,0,0,0,-1,125,25,25,9,13,9,8,8,20,13,34,50,34,32,50,61,1,0,1788963808.3881311,G1,T02,respiro2420_vuoto,0,empty
10546,0,0,0,0,0,0,0,-1,100,17,18,10,13,9,8,8,25,20,41,50,34,32,50,61,1,0,1788963808.5881853,G1,T02,respiro2420_vuoto,0,empty
10746,0,0,0,0,0,0,0,-1,221,74,10,10,13,10,8,8,18,20,32,50,25,32,61,52,1,0,1788963808.7883923,G1,T02,respiro2420_vuoto,0,empty
10946,0,0,0,0,0,0,0,-1,80,25,18,10,9,10,9,8,18,25,52,50,20,32,50,52,1,0,1788963808.9880986,G1,T02,respiro2420_vuoto,0,empty
11146,0,0,0,0,0,0,0,-1,250,68,20,8,13,13,5,9,20,25,52,50,20,32,50,41,1,0,1788963809.188428,G1,T02,respiro2420_vuoto,0,empty
11346,0,0,0,0,0,0,0,-1,225,73,25,8,8,8,8,10,32,25,34,50,20,32,41,41,1,0,1788963809.3885412,G1,T02,respiro2420_vuoto,0,empty
11546,0,0,0,0,0,0,0,-1,145,100,10,5,8,8,5,10,32,13,34,50,20,32,41,50,1,0,1788963809.5884337,G1,T02,respiro2420_vuoto,0,empty
11746,0,0,0,0,0,0,0,-1,90,32,13,9,10,10,10,10,25,18,41,50,29,32,41,50,1,0,1788963809.7881448,G1,T02,respiro2420_vuoto,0,empty
11946,0,0,0,0,0,0,0,-1,73,25,10,5,13,17,10,8,32,18,41,41,13,34,50,61,1,0,1788963809.9884124,G1,T02,respiro2420_vuoto,0,empty
12146,0,0,0,0,0,0,0,-1,73,13,17,8,13,10,10,13,25,13,41,50,13,25,50,61,1,0,1788963810.188152,G1,T02,respiro2420_vuoto,0,empty
12346,0,0,0,0,0,0,0,-1,181,37,8,13,25,8,17,20,25,13,41,50,29,32,41,61,1,0,1788963810.3881142,G1,T02,respiro2420_vuoto,0,empty
12546,0,0,0,0,0,0,0,-1,25,20,10,5,10,8,5,10,18,13,34,61,26,32,52,50,1,0,1788963810.5883667,G1,T02,respiro2420_vuoto,0,empty
12746,0,0,0,0,0,0,0,-1,68,25,9,10,8,9,5,13,18,13,34,61,17,41,61,50,1,0,1788963810.7884445,G1,T02,respiro2420_vuoto,0,empty
12946,0,0,0,0,0,0,0,-1,180,26,13,9,10,9,13,8,25,13,34,61,25,32,52,61,1,0,1788963810.988153,G1,T02,respiro2420_vuoto,0,empty
13146,0,0,0,0,0,0,0,-1,117,32,26,10,8,13,13,8,32,13,34,50,20,41,50,61,1,0,1788963811.1882088,G1,T02,respiro2420_vuoto,0,empty
13346,0,0,0,0,0,0,0,-1,85,49,10,13,18,8,13,13,25,13,41,61,20,41,61,52,1,0,1788963811.388214,G1,T02,respiro2420_vuoto,0,empty
13546,0,0,0,0,0,0,0,-1,281,97,20,9,10,8,10,5,18,18,52,50,20,41,52,52,1,0,1788963811.5883193,G1,T02,respiro2420_vuoto,0,empty
13746,0,0,0,0,0,0,0,-1,17,9,9,18,10,10,13,10,25,13,45,50,20,41,61,52,1,0,1788963811.788195,G1,T02,respiro2420_vuoto,0,empty
13946,0,0,0,0,0,0,0,-1,50,25,13,10,10,10,20,13,25,18,45,41,20,32,61,52,1,0,1788963811.9884813,G1,T02,respiro2420_vuoto,0,empty
14146,0,0,0,0,0,0,0,-1,125,40,13,8,9,10,13,13,25,18,45,61,20,32,52,41,1,0,1788963812.1882296,G1,T02,respiro2420_vuoto,0,empty
14346,0,0,0,0,0,0,0,-1,68,25,20,9,9,10,13,8,25,13,34,50,13,25,41,61,1,0,1788963812.3882701,G1,T02,respiro2420_vuoto,0,empty
14546,0,0,0,0,0,0,0,-1,362,173,20,8,8,10,13,13,29,10,34,50,20,25,41,50,1,0,1788963812.589075,G1,T02,respiro2420_vuoto,0,empty
14746,0,0,0,0,0,0,0,-1,89,37,20,13,5,10,13,13,20,13,34,50,17,34,61,74,1,0,1788963812.7882476,G1,T02,respiro2420_vuoto,0,empty
14946,0,0,0,0,0,0,0,-1,73,20,18,8,5,8,8,10,25,18,34,50,20,41,50,52,1,0,1788963812.988573,G1,T02,respiro2420_vuoto,0,empty
15146,0,0,0,0,0,0,0,-1,136,52,25,8,10,10,13,13,25,18,34,61,29,32,61,52,1,0,1788963813.1884704,G1,T02,respiro2420_vuoto,0,empty
15346,0,0,0,0,0,0,0,-1,52,17,25,10,10,8,13,8,25,13,34,50,29,32,52,41,1,0,1788963813.388084,G1,T02,respiro2420_vuoto,0,empty
15546,0,0,0,0,0,0,0,-1,137,74,20,5,10,8,13,8,18,17,32,61,29,41,50,61,1,0,1788963813.5880797,G1,T02,respiro2420_vuoto,0,empty
15746,0,0,0,0,0,0,0,-1,221,65,13,10,9,5,5,9,18,13,41,50,29,32,50,52,1,0,1788963813.7880027,G1,T02,respiro2420_vuoto,0,empty
15946,0,0,0,0,0,0,0,-1,85,29,13,5,10,17,13,8,13,25,41,50,29,32,50,50,1,0,1788963813.9882302,G1,T02,respiro2420_vuoto,0,empty
16146,0,0,0,0,0,0,0,-1,185,53,25,9,10,10,20,10,32,13,41,50,29,41,50,41,1,0,1788963814.1882398,G1,T02,respiro2420_vuoto,0,empty
16346,0,0,0,0,0,0,0,-1,58,18,13,8,10,13,13,8,25,13,34,50,29,32,50,61,1,0,1788963814.3884988,G1,T02,respiro2420_vuoto,0,empty
16546,0,0,0,0,0,0,0,-1,53,18,25,13,10,10,13,8,25,13,34,50,29,32,50,61,1,0,1788963814.5883036,G1,T02,respiro2420_vuoto,0,empty
16746,0,0,0,0,0,0,0,-1,50,25,20,9,17,5,10,9,25,8,34,50,29,32,50,61,1,0,1788963814.7881126,G1,T02,respiro2420_vuoto,0,empty
16946,0,0,0,0,0,0,0,-1,89,18,17,8,20,10,8,13,18,13,41,50,34,32,50,61,1,0,1788963814.9884753,G1,T02,respiro2420_vuoto,0,empty
17146,0,0,0,0,0,0,0,-1,68,20,17,10,16,8,5,8,18,18,52,50,34,32,61,52,1,0,1788963815.188308,G1,T02,respiro2420_vuoto,0,empty
17346,0,0,0,0,0,0,0,-1,145,40,16,8,9,9,10,8,18,18,45,50,34,41,50,61,1,0,1788963815.3881783,G1,T02,respiro2420_vuoto,0,empty
17546,0,0,0,0,0,0,0,-1,36,13,10,5,10,10,8,8,18,18,45,50,29,41,50,52,1,0,1788963815.588133,G1,T02,respiro2420_vuoto,0,empty
17746,0,0,0,0,0,0,0,-1,146,41,25,13,5,13,8,8,18,18,45,50,29,41,50,52,1,0,1788963815.7880523,G1,T02,respiro2420_vuoto,0,empty
17946,0,0,0,0,0,0,0,-1,41,26,10,5,10,5,8,8,18,13,25,50,20,32,50,52,1,0,1788963815.9882486,G1,T02,respiro2420_vuoto,0,empty
18146,0,0,0,0,0,0,0,-1,65,26,10,10,10,9,8,8,18,13,34,45,20,25,50,41,1,0,1788963816.1881576,G1,T02,respiro2420_vuoto,0,empty
18346,0,0,0,0,0,0,0,-1,45,20,16,10,5,16,25,18,18,8,34,45,17,34,50,41,1,0,1788963816.3882105,G1,T02,respiro2420_vuoto,0,empty
18546,0,0,0,0,0,0,0,-1,137,73,10,10,9,8,13,8,34,8,34,50,20,25,61,52,1,0,1788963816.58823,G1,T02,respiro2420_vuoto,0,empty
18746,0,0,0,0,0,0,0,-1,89,37,26,9,10,9,13,8,25,13,45,50,20,32,50,52,1,0,1788963816.7883112,G1,T02,respiro2420_vuoto,0,empty
18946,0,0,0,0,0,0,0,-1,29,18,26,5,17,10,13,10,25,13,45,50,20,41,41,52,1,0,1788963816.9882333,G1,T02,respiro2420_vuoto,0,empty
19146,0,0,0,0,0,0,0,-1,41,13,10,8,16,9,13,13,32,13,52,50,20,32,41,52,1,0,1788963817.1881003,G1,T02,respiro2420_vuoto,0,empty
19346,0,0,0,0,0,0,0,-1,65,16,10,5,5,10,10,13,18,18,45,50,29,41,41,61,1,0,1788963817.3882072,G1,T02,respiro2420_vuoto,0,empty
19546,0,0,0,0,0,0,0,-1,157,25,13,8,13,5,8,9,32,13,41,50,26,41,41,61,1,0,1788963817.5881386,G1,T02,respiro2420_vuoto,0,empty
19746,0,0,0,0,0,0,0,-1,104,17,10,8,8,8,10,5,32,5,34,50,17,25,50,61,1,0,1788963817.7882032,G1,T02,respiro2420_vuoto,0,empty
19946,0,0,0,0,0,0,0,-1,65,25,10,10,13,9,13,13,25,13,45,50,29,32,50,61,1,0,1788963817.988256,G1,T02,respiro2420_vuoto,0,empty
20146,0,0,0,0,0,0,0,-1,65,26,10,10,13,10,13,13,25,13,34,41,29,32,50,61,1,0,1788963818.1882398,G1,T02,respiro2420_vuoto,0,empty
20346,0,0,0,0,0,0,0,-1,53,25,10,8,9,10,20,13,25,18,34,50,20,32,50,61,1,0,1788963818.3881967,G1,T02,respiro2420_vuoto,0,empty
20546,0,0,0,0,0,0,0,-1,100,18,17,13,10,8,8,8,13,18,45,50,20,41,50,52,1,0,1788963818.5883703,G1,T02,respiro2420_vuoto,0,empty
20746,0,0,0,0,0,0,0,-1,100,61,10,10,8,8,8,13,20,18,34,50,25,32,50,52,1,0,1788963818.7882674,G1,T02,respiro2420_vuoto,0,empty
20946,0,0,0,0,0,0,0,-1,340,89,26,10,10,5,10,13,25,8,34,50,29,34,50,52,1,0,1788963818.9882543,G1,T02,respiro2420_vuoto,0,empty
21146,0,0,0,0,0,0,0,-1,130,45,20,8,10,9,13,13,32,8,34,41,20,32,50,52,1,0,1788963819.1882875,G1,T02,respiro2420_vuoto,0,empty
21346,0,0,0,0,0,0,0,-1,104,34,16,8,10,8,5,10,20,13,41,41,20,25,50,61,1,0,1788963819.3884246,G1,T02,respiro2420_vuoto,0,empty
21546,0,0,0,0,0,0,0,-1,45,20,17,10,10,8,13,8,25,13,34,41,20,34,61,61,1,0,1788963819.5882373,G1,T02,respiro2420_vuoto,0,empty
21746,0,0,0,0,0,0,0,-1,40,13,10,8,10,9,13,9,25,13,41,61,20,41,61,52,1,0,1788963819.7882924,G1,T02,respiro2420_vuoto,0,empty
21946,0,0,0,0,0,0,0,-1,29,10,5,5,10,10,13,8,25,13,41,50,20,41,61,52,1,0,1788963819.9883013,G1,T02,respiro2420_vuoto,0,empty
22146,0,0,0,0,0,0,0,-1,82,50,9,10,8,9,13,5,25,13,34,50,20,41,61,52,1,0,1788963820.1882787,G1,T02,respiro2420_vuoto,0,empty
22346,0,0,0,0,0,0,0,-1,45,25,10,13,17,9,13,13,32,18,41,41,20,41,61,52,1,0,1788963820.388522,G1,T02,respiro2420_vuoto,0,empty
22546,0,0,0,0,0,0,0,-1,130,32,5,5,9,5,8,8,25,13,41,41,25,41,61,52,1,0,1788963820.5883217,G1,T02,respiro2420_vuoto,0,empty
22746,0,0,0,0,0,0,0,-1,125,20,9,13,9,10,13,13,25,13,45,50,25,32,50,61,1,0,1788963820.7881682,G1,T02,respiro2420_vuoto,0,empty
22946,0,0,0,0,0,0,0,-1,50,20,5,5,13,10,13,13,20,18,41,50,25,32,50,61,1,0,1788963820.9882705,G1,T02,respiro2420_vuoto,0,empty
23146,0,0,0,0,0,0,0,-1,136,41,8,10,8,9,13,13,20,18,41,50,29,41,50,52,1,0,1788963821.1884692,G1,T02,respiro2420_vuoto,0,empty
23346,0,0,0,0,0,0,0,-1,37,13,13,5,17,8,13,13,25,25,41,50,20,41,50,52,1,0,1788963821.3885732,G1,T02,respiro2420_vuoto,0,empty
23546,0,0,0,0,0,0,0,-1,130,34,8,8,9,10,13,18,18,25,52,50,20,41,41,52,1,0,1788963821.588574,G1,T02,respiro2420_vuoto,0,empty
23746,0,0,0,0,0,0,0,-1,58,20,5,8,5,10,8,13,20,20,52,50,20,32,50,52,1,0,1788963821.7883005,G1,T02,respiro2420_vuoto,0,empty
23946,0,0,0,0,0,0,0,-1,157,34,8,5,13,10,13,8,25,13,41,50,20,32,50,61,1,0,1788963821.988338,G1,T02,respiro2420_vuoto,0,empty
24146,0,0,0,0,0,0,0,-1,45,17,10,5,5,10,13,8,25,13,32,50,20,25,41,50,1,0,1788963822.1883163,G1,T02,respiro2420_vuoto,0,empty
24346,0,0,0,0,0,0,0,-1,130,85,5,5,16,10,13,10,25,18,41,50,20,34,61,52,1,0,1788963822.3882985,G1,T02,respiro2420_vuoto,0,empty
24546,0,0,0,0,0,0,0,-1,52,10,9,8,20,10,8,8,18,13,41,61,20,41,50,52,1,0,1788963822.5882258,G1,T02,respiro2420_vuoto,0,empty
24746,0,0,0,0,0,0,0,-1,41,20,5,5,9,10,9,8,13,13,41,61,29,32,50,52,1,0,1788963822.7883801,G1,T02,respiro2420_vuoto,0,empty
24946,0,0,0,0,0,0,0,-1,116,37,8,8,13,13,8,13,25,18,45,50,17,34,50,61,1,0,1788963822.9880826,G1,T02,respiro2420_vuoto,0,empty
25146,0,0,0,0,0,0,0,-1,289,85,13,10,9,10,25,13,25,13,34,61,20,34,50,52,1,0,1788963823.1883826,G1,T02,respiro2420_vuoto,0,empty
25346,0,0,0,0,0,0,0,-1,65,16,9,10,8,5,18,13,41,13,52,50,20,34,50,52,1,0,1788963823.388607,G1,T02,respiro2420_vuoto,0,empty
25546,0,0,0,0,0,0,0,-1,50,50,10,5,10,5,10,13,25,18,34,50,20,25,41,61,1,0,1788963823.5882,G1,T02,respiro2420_vuoto,0,empty
25746,0,0,0,0,0,0,0,-1,122,50,10,5,10,5,10,10,25,8,29,41,25,25,41,41,1,0,1788963823.7883577,G1,T02,respiro2420_vuoto,0,empty
25946,0,0,0,0,0,0,0,-1,136,52,26,5,10,5,10,10,20,18,34,41,20,25,41,41,1,0,1788963823.988307,G1,T02,respiro2420_vuoto,0,empty
26146,0,0,0,0,0,0,0,-1,200,50,26,8,9,5,5,10,18,13,34,41,29,34,50,41,1,0,1788963824.188303,G1,T02,respiro2420_vuoto,0,empty
26346,0,0,0,0,0,0,0,-1,97,40,26,5,9,8,13,13,25,20,41,61,29,34,50,52,1,0,1788963824.388566,G1,T02,respiro2420_vuoto,0,empty
26546,0,0,0,0,0,0,0,-1,109,52,36,8,17,9,8,9,25,18,34,50,29,34,61,41,1,0,1788963824.5881412,G1,T02,respiro2420_vuoto,0,empty
26746,0,0,0,0,0,0,0,-1,181,34,17,8,13,9,13,8,25,18,34,50,20,32,61,41,1,0,1788963824.7882986,G1,T02,respiro2420_vuoto,0,empty
26946,0,0,0,0,0,0,0,-1,52,26,40,9,9,8,9,10,32,13,41,50,20,32,50,61,1,0,1788963824.9885077,G1,T02,respiro2420_vuoto,0,empty
27146,0,0,0,0,0,0,0,-1,32,25,26,8,9,8,5,10,32,13,34,50,20,32,50,61,1,0,1788963825.1886454,G1,T02,respiro2420_vuoto,0,empty
27346,0,0,0,0,0,0,0,-1,29,29,20,10,13,10,8,13,20,18,34,50,29,32,50,61,1,0,1788963825.3888113,G1,T02,respiro2420_vuoto,0,empty
27546,0,0,0,0,0,0,0,-1,145,26,25,10,10,10,13,8,25,18,34,50,29,32,50,52,1,0,1788963825.588191,G1,T02,respiro2420_vuoto,0,empty
27746,0,0,0,0,0,0,0,-1,89,29,13,17,8,10,13,10,25,18,34,41,20,32,61,52,1,0,1788963825.7886755,G1,T02,respiro2420_vuoto,0,empty
27946,0,0,0,0,0,0,0,-1,85,34,16,5,5,13,8,10,20,18,45,50,20,32,50,52,1,0,1788963825.9883423,G1,T02,respiro2420_vuoto,0,empty
28146,0,0,0,0,0,0,0,-1,145,53,25,9,10,10,13,13,25,18,52,50,20,32,50,52,1,0,1788963826.1883333,G1,T02,respiro2420_vuoto,0,empty
28346,0,0,0,0,0,0,0,-1,149,80,16,4,17,10,13,5,18,18,41,50,25,34,50,52,1,0,1788963826.3883545,G1,T02,respiro2420_vuoto,0,empty
28546,0,0,0,0,0,0,0,-1,40,20,45,13,10,5,10,13,25,13,41,50,17,34,50,52,1,0,1788963826.588515,G1,T02,respiro2420_vuoto,0,empty
28746,0,0,0,0,0,0,0,-1,52,36,34,10,5,8,13,8,25,13,41,50,20,41,50,41,1,0,1788963826.7882862,G1,T02,respiro2420_vuoto,0,empty
28946,0,0,0,0,0,0,0,-1,65,17,34,13,10,8,13,13,13,18,29,41,20,41,50,41,1,0,1788963826.9882102,G1,T02,respiro2420_vuoto,0,empty
29146,0,0,0,0,0,0,0,-1,74,26,25,8,10,10,13,13,25,13,41,50,25,32,50,41,1,0,1788963827.188561,G1,T02,respiro2420_vuoto,0,empty
29346,0,0,0,0,0,0,0,-1,148,53,13,10,5,10,13,13,25,13,41,50,20,25,50,52,1,0,1788963827.388743,G1,T02,respiro2420_vuoto,0,empty
29546,0,0,0,0,0,0,0,-1,53,25,25,13,8,8,13,8,32,20,34,50,20,32,50,52,1,0,1788963827.5885286,G1,T02,respiro2420_vuoto,0,empty
29746,0,0,0,0,0,0,0,-1,200,50,25,5,8,8,8,13,25,13,34,50,20,32,50,52,1,0,1788963827.7885034,G1,T02,respiro2420_vuoto,0,empty
29946,0,0,0,0,0,0,0,-1,101,49,13,10,9,8,13,10,25,13,34,41,29,50,61,61,1,0,1788963827.9881456,G1,T02,respiro2420_vuoto,0,empty
30146,0,0,0,0,0,0,0,-1,178,20,18,10,8,13,13,13,20,13,34,50,29,37,50,52,1,0,1788963828.1884031,G1,T02,respiro2420_vuoto,0,empty
30346,0,0,0,0,0,0,0,-1,89,29,25,9,10,9,13,13,20,13,34,50,20,34,50,52,1,0,1788963828.3886156,G1,T02,respiro2420_vuoto,0,empty
30546,0,0,0,0,0,0,0,-1,137,53,25,5,10,13,8,8,25,18,34,41,20,32,41,41,1,0,1788963828.588457,G1,T02,respiro2420_vuoto,0,empty
30746,0,0,0,0,0,0,0,-1,116,58,25,8,8,10,8,8,20,18,34,50,20,25,41,72,1,0,1788963828.788807,G1,T02,respiro2420_vuoto,0,empty
30946,0,0,0,0,0,0,0,-1,40,25,18,5,5,8,9,10,32,13,45,41,20,32,50,52,1,0,1788963828.988975,G1,T02,respiro2420_vuoto,0,empty
31146,0,0,0,0,0,0,0,-1,89,61,34,9,8,13,5,10,25,13,34,50,29,41,61,61,1,0,1788963829.1883278,G1,T02,respiro2420_vuoto,0,empty
31346,0,0,0,0,0,0,0,-1,50,16,32,9,8,8,5,10,18,20,34,50,20,29,50,61,1,0,1788963829.387908,G1,T02,respiro2420_vuoto,0,empty
31546,0,0,0,0,0,0,0,-1,130,29,41,13,8,10,13,8,18,20,45,50,25,25,50,61,1,0,1788963829.5883846,G1,T02,respiro2420_vuoto,0,empty
31746,0,0,0,0,0,0,0,-1,100,53,25,8,25,20,13,8,25,13,34,50,20,25,50,61,1,0,1788963829.788464,G1,T02,respiro2420_vuoto,0,empty
31946,0,0,0,0,0,0,0,-1,53,25,20,5,10,13,8,8,18,18,45,50,29,34,61,52,1,0,1788963829.9882932,G1,T02,respiro2420_vuoto,0,empty
32146,0,0,0,0,0,0,0,-1,58,13,32,5,10,5,13,10,25,13,34,50,20,34,50,61,1,0,1788963830.1884882,G1,T02,respiro2420_vuoto,0,empty
32346,0,0,0,0,0,0,0,-1,65,25,20,8,17,8,13,8,32,10,34,50,20,25,41,61,1,0,1788963830.3883104,G1,T02,respiro2420_vuoto,0,empty
32546,0,0,0,0,0,0,0,-1,73,26,25,8,10,8,13,8,25,13,34,61,26,32,50,52,1,0,1788963830.5884023,G1,T02,respiro2420_vuoto,0,empty
32746,0,0,0,0,0,0,0,-1,58,61,20,10,10,10,13,13,25,18,41,50,20,32,50,52,1,0,1788963830.788173,G1,T02,respiro2420_vuoto,0,empty
32946,0,0,0,0,0,0,0,-1,81,25,16,10,8,10,8,13,25,25,41,50,20,32,50,52,1,0,1788963830.9882724,G1,T02,respiro2420_vuoto,0,empty
33146,0,0,0,0,0,0,0,-1,85,52,20,10,9,8,8,13,25,18,34,50,20,25,50,52,1,0,1788963831.1882992,G1,T02,respiro2420_vuoto,0,empty
33346,0,0,0,0,0,0,0,-1,122,37,13,5,10,10,13,8,25,25,34,50,20,25,50,52,1,0,1788963831.3883274,G1,T02,respiro2420_vuoto,0,empty
33546,0,0,0,0,0,0,0,-1,85,13,16,10,10,10,10,10,25,13,34,50,20,25,50,52,1,0,1788963831.5884423,G1,T02,respiro2420_vuoto,0,empty
33746,0,0,0,0,0,0,0,-1,37,16,29,5,10,8,13,13,25,8,34,50,20,32,41,50,1,0,1788963831.7883656,G1,T02,respiro2420_vuoto,0,empty
33946,0,0,0,0,0,0,0,-1,72,61,25,5,9,10,13,13,20,13,34,41,29,32,41,41,1,0,1788963831.9883766,G1,T02,respiro2420_vuoto,0,empty
34146,0,0,0,0,0,0,0,-1,290,65,25,9,8,8,8,5,18,18,45,41,29,32,52,41,1,0,1788963832.188084,G1,T02,respiro2420_vuoto,0,empty
34346,0,0,0,0,0,0,0,-1,53,26,25,5,10,10,13,8,18,18,45,41,34,32,52,50,1,0,1788963832.3882673,G1,T02,respiro2420_vuoto,0,empty
34546,0,0,0,0,0,0,0,-1,50,13,29,13,9,13,8,8,18,13,52,50,25,32,61,50,1,0,1788963832.588423,G1,T02,respiro2420_vuoto,0,empty
34746,0,0,0,0,0,0,0,-1,68,18,20,8,10,13,8,8,25,13,32,61,25,32,50,61,1,0,1788963832.7883935,G1,T02,respiro2420_vuoto,0,empty
34946,0,0,0,0,0,0,0,-1,61,52,29,8,5,13,5,8,18,13,25,41,29,32,50,61,1,0,1788963832.9880333,G1,T02,respiro2420_vuoto,0,empty
35146,0,0,0,0,0,0,0,-1,32,10,25,9,5,13,8,8,25,13,34,50,20,32,41,61,1,0,1788963833.188438,G1,T02,respiro2420_vuoto,0,empty
35346,0,0,0,0,0,0,0,-1,85,17,25,10,5,8,8,13,32,13,34,50,18,25,41,61,1,0,1788963833.3881583,G1,T02,respiro2420_vuoto,0,empty
35546,0,0,0,0,0,0,0,-1,25,9,20,10,10,10,13,13,25,18,34,50,29,25,41,50,1,0,1788963833.5881975,G1,T02,respiro2420_vuoto,0,empty
35746,0,0,0,0,0,0,0,-1,29,13,13,10,9,8,20,13,32,13,34,50,34,32,41,52,1,0,1788963833.7880983,G1,T02,respiro2420_vuoto,0,empty
35946,0,0,0,0,0,0,0,-1,130,50,20,10,13,9,4,8,18,13,41,50,29,32,61,52,1,0,1788963833.988303,G1,T02,respiro2420_vuoto,0,empty
36146,0,0,0,0,0,0,0,-1,29,50,34,13,10,5,8,8,20,25,34,50,29,41,61,52,1,0,1788963834.1880488,G1,T02,respiro2420_vuoto,0,empty
36346,0,0,0,0,0,0,0,-1,85,25,41,13,9,9,10,13,20,18,45,50,20,32,52,52,1,0,1788963834.3884392,G1,T02,respiro2420_vuoto,0,empty
36546,0,0,0,0,0,0,0,-1,130,64,18,13,10,5,13,13,25,13,41,50,20,34,50,61,1,0,1788963834.588149,G1,T02,respiro2420_vuoto,0,empty
36746,0,0,0,0,0,0,0,-1,82,20,25,8,9,5,8,8,32,13,41,50,20,34,50,61,1,0,1788963834.7890694,G1,T02,respiro2420_vuoto,0,empty
36946,0,0,0,0,0,0,0,-1,116,20,29,9,10,10,8,13,32,9,34,41,20,34,50,61,1,0,1788963834.9884052,G1,T02,respiro2420_vuoto,0,empty
37146,0,0,0,0,0,0,0,-1,18,17,29,9,10,8,5,10,25,18,34,50,25,32,52,52,1,0,1788963835.1883478,G1,T02,respiro2420_vuoto,0,empty
37346,0,0,0,0,0,0,0,-1,58,20,34,5,10,5,13,8,25,18,41,50,45,32,52,52,1,0,1788963835.3884456,G1,T02,respiro2420_vuoto,0,empty
37546,0,0,0,0,0,0,0,-1,164,17,20,9,10,10,13,13,25,18,45,50,29,41,50,52,1,0,1788963835.5884182,G1,T02,respiro2420_vuoto,0,empty
37746,0,0,0,0,0,0,0,-1,148,37,5,13,8,17,13,8,25,13,34,41,29,41,61,52,1,0,1788963835.7884965,G1,T02,respiro2420_vuoto,0,empty
37946,0,0,0,0,0,0,0,-1,65,41,20,13,8,10,10,5,32,13,34,41,20,34,50,61,1,0,1788963835.9884734,G1,T02,respiro2420_vuoto,0,empty
38146,0,0,0,0,0,0,0,-1,45,29,10,5,9,9,8,8,32,10,34,41,20,32,52,52,1,0,1788963836.1884995,G1,T02,respiro2420_vuoto,0,empty
38346,0,0,0,0,0,0,0,-1,145,34,8,10,5,13,8,8,25,10,34,50,20,32,50,52,1,0,1788963836.3881266,G1,T02,respiro2420_vuoto,0,empty
38546,0,0,0,0,0,0,0,-1,121,52,8,10,5,5,13,8,25,18,34,50,20,25,50,52,1,0,1788963836.5883853,G1,T02,respiro2420_vuoto,0,empty
38746,0,0,0,0,0,0,0,-1,101,26,13,13,10,10,13,13,25,13,34,61,25,25,50,52,1,0,1788963836.7890646,G1,T02,respiro2420_vuoto,0,empty
38946,0,0,0,0,0,0,0,-1,85,10,13,10,9,13,10,8,25,18,45,52,29,25,41,61,1,0,1788963836.9882264,G1,T02,respiro2420_vuoto,0,empty
39146,0,0,0,0,0,0,0,-1,144,64,17,8,9,8,17,13,25,18,45,41,29,25,41,61,1,0,1788963837.1882885,G1,T02,respiro2420_vuoto,0,empty
39346,0,0,0,0,0,0,0,-1,85,18,20,8,9,13,18,13,32,18,34,41,29,25,41,52,1,0,1788963837.3882887,G1,T02,respiro2420_vuoto,0,empty
39546,0,0,0,0,0,0,0,-1,41,18,20,5,10,8,8,13,13,18,45,50,29,41,61,52,1,0,1788963837.5879347,G1,T02,respiro2420_vuoto,0,empty
39746,0,0,0,0,0,0,0,-1,85,20,20,5,9,10,13,10,25,18,52,50,17,34,50,52,1,0,1788963837.7879052,G1,T02,respiro2420_vuoto,0,empty
39946,0,0,0,0,0,0,0,-1,73,41,20,10,9,8,5,5,13,18,52,41,20,32,61,52,1,0,1788963837.988216,G1,T02,respiro2420_vuoto,0,empty
40146,0,0,0,0,0,0,0,-1,100,26,17,10,8,8,13,8,25,10,32,50,20,41,50,41,1,0,1788963838.1896377,G1,T02,respiro2420_vuoto,0,empty
40346,0,0,0,0,0,0,0,-1,218,80,10,8,9,10,18,13,25,9,34,50,20,41,61,61,1,0,1788963838.38967,G1,T02,respiro2420_vuoto,0,empty
40546,0,0,0,0,0,0,0,-1,121,64,10,5,10,5,13,13,25,13,41,50,20,32,50,61,1,0,1788963838.5882053,G1,T02,respiro2420_vuoto,0,empty
40746,0,0,0,0,0,0,0,-1,58,25,25,8,10,5,5,13,25,17,32,72,34,32,41,50,1,0,1788963838.788846,G1,T02,respiro2420_vuoto,0,empty
40946,0,0,0,0,0,0,0,-1,170,72,10,10,10,13,8,16,25,13,41,50,34,25,50,61,1,0,1788963838.988138,G1,T02,respiro2420_vuoto,0,empty
41146,0,0,0,0,0,0,0,-1,185,81,20,8,10,13,13,20,25,13,34,41,13,25,50,50,1,0,1788963839.1882606,G1,T02,respiro2420_vuoto,0,empty
41346,0,0,0,0,0,0,0,-1,73,13,25,9,8,13,9,8,18,13,34,50,18,25,50,41,1,0,1788963839.3884652,G1,T02,respiro2420_vuoto,0,empty
41546,0,0,0,0,0,0,0,-1,194,73,13,10,10,13,18,13,25,13,41,41,13,25,41,52,1,0,1788963839.5885503,G1,T02,respiro2420_vuoto,0,empty
41746,0,0,0,0,0,0,0,-1,65,17,32,5,10,8,5,13,18,13,34,50,20,25,41,52,1,0,1788963839.7885916,G1,T02,respiro2420_vuoto,0,empty
41946,0,0,0,0,0,0,0,-1,245,98,18,5,8,18,9,13,34,13,34,50,20,25,50,52,1,0,1788963839.9882746,G1,T02,respiro2420_vuoto,0,empty
42146,0,0,0,0,0,0,0,-1,130,58,25,8,5,10,8,8,25,20,34,50,20,32,50,52,1,0,1788963840.1895828,G1,T02,respiro2420_vuoto,0,empty
42346,0,0,0,0,0,0,0,-1,64,50,25,10,10,8,10,8,13,25,34,50,29,32,50,52,1,0,1788963840.3894885,G1,T02,respiro2420_vuoto,0,empty
42546,0,0,0,0,0,0,0,-1,125,26,18,8,10,5,13,8,32,13,34,50,20,32,41,41,1,0,1788963840.5883296,G1,T02,respiro2420_vuoto,0,empty
42746,0,0,0,0,0,0,0,-1,146,18,18,8,10,10,8,10,18,13,45,50,25,41,50,52,1,0,1788963840.788035,G1,T02,respiro2420_vuoto,0,empty
42946,0,0,0,0,0,0,0,-1,221,80,25,5,13,10,16,10,25,13,34,50,20,41,50,52,1,0,1788963840.9883935,G1,T02,respiro2420_vuoto,0,empty
43146,0,0,0,0,0,0,0,-1,104,41,25,9,9,10,13,8,25,13,41,50,20,41,50,52,1,0,1788963841.1884723,G1,T02,respiro2420_vuoto,0,empty
43346,0,0,0,0,0,0,0,-1,65,13,25,10,10,8,10,8,25,8,45,50,34,34,61,52,1,0,1788963841.3880324,G1,T02,respiro2420_vuoto,0,empty
43546,0,0,0,0,0,0,0,-1,53,25,32,5,10,13,13,13,25,10,34,50,20,25,50,52,1,0,1788963841.5880532,G1,T02,respiro2420_vuoto,0,empty
43746,0,0,0,0,0,0,0,-1,41,13,25,8,10,8,13,13,18,13,34,50,20,25,50,61,1,0,1788963841.7880366,G1,T02,respiro2420_vuoto,0,empty
43946,0,0,0,0,0,0,0,-1,97,40,32,8,9,13,10,10,25,13,41,50,29,41,50,61,1,0,1788963841.9879522,G1,T02,respiro2420_vuoto,0,empty
44146,0,0,0,0,0,0,0,-1,50,25,32,8,8,10,8,8,25,13,41,50,29,41,50,61,1,0,1788963842.1884758,G1,T02,respiro2420_vuoto,0,empty
44346,0,0,0,0,0,0,0,-1,53,25,32,10,8,10,8,8,18,13,41,61,34,41,50,61,1,0,1788963842.3884106,G1,T02,respiro2420_vuoto,0,empty
44546,0,0,0,0,0,0,0,-1,136,41,32,10,5,10,13,8,18,13,41,61,34,25,41,61,1,0,1788963842.5883887,G1,T02,respiro2420_vuoto,0,empty
44746,0,0,0,0,0,0,0,-1,85,25,29,10,5,10,4,5,18,20,41,50,34,32,41,61,1,0,1788963842.7882187,G1,T02,respiro2420_vuoto,0,empty
44946,0,0,0,0,0,0,0,-1,68,18,32,5,8,13,13,13,25,13,34,41,20,32,41,52,1,0,1788963842.9881582,G1,T02,respiro2420_vuoto,0,empty
45146,0,0,0,0,0,0,0,-1,81,13,25,8,10,10,13,8,18,18,45,41,18,32,50,52,1,0,1788963843.188156,G1,T02,respiro2420_vuoto,0,empty
45346,0,0,0,0,0,0,0,-1,261,74,34,5,13,10,20,8,25,10,34,50,29,41,50,52,1,0,1788963843.3881764,G1,T02,respiro2420_vuoto,0,empty
45546,0,0,0,0,0,0,0,-1,53,50,25,5,10,10,13,13,25,18,34,50,20,32,50,52,1,0,1788963843.588211,G1,T02,respiro2420_vuoto,0,empty
45746,0,0,0,0,0,0,0,-1,106,25,25,8,13,8,13,13,18,18,34,50,20,34,50,52,1,0,1788963843.7880301,G1,T02,respiro2420_vuoto,0,empty
45946,0,0,0,0,0,0,0,-1,85,32,34,8,16,8,13,13,32,8,34,50,29,34,50,52,1,0,1788963843.9884057,G1,T02,respiro2420_vuoto,0,empty
46146,0,0,0,0,0,0,0,-1,137,58,32,13,17,8,13,8,18,13,34,50,20,34,50,52,1,0,1788963844.1884718,G1,T02,respiro2420_vuoto,0,empty
46346,0,0,0,0,0,0,0,-1,208,85,25,8,9,13,18,8,18,13,52,50,20,32,50,52,1,0,1788963844.3884678,G1,T02,respiro2420_vuoto,0,empty
46546,0,0,0,0,0,0,0,-1,306,117,25,5,9,10,13,13,25,13,52,61,20,32,50,52,1,0,1788963844.5882752,G1,T02,respiro2420_vuoto,0,empty
46746,0,0,0,0,0,0,0,-1,34,20,20,13,13,5,5,8,25,13,41,61,29,32,50,52,1,0,1788963844.788014,G1,T02,respiro2420_vuoto,0,empty
46946,0,0,0,0,0,0,0,-1,137,82,25,5,9,9,13,10,34,5,34,50,20,41,50,52,1,0,1788963844.9880092,G1,T02,respiro2420_vuoto,0,empty
47146,0,0,0,0,0,0,0,-1,34,20,25,9,5,8,8,8,18,18,52,50,20,32,50,52,1,0,1788963845.188049,G1,T02,respiro2420_vuoto,0,empty
47346,0,0,0,0,0,0,0,-1,100,25,13,9,5,8,13,10,25,18,52,50,20,25,50,52,1,0,1788963845.3881166,G1,T02,respiro2420_vuoto,0,empty
47546,0,0,0,0,0,0,0,-1,81,52,25,13,17,5,20,13,25,18,52,50,20,25,50,61,1,0,1788963845.5898693,G1,T02,respiro2420_vuoto,0,empty
47746,0,0,0,0,0,0,0,-1,170,52,25,13,17,5,10,13,25,17,52,41,20,32,50,52,1,0,1788963845.7881477,G1,T02,respiro2420_vuoto,0,empty
47946,0,0,0,0,0,0,0,-1,409,125,20,9,8,8,10,13,25,13,41,50,25,32,52,61,1,0,1788963845.9881546,G1,T02,respiro2420_vuoto,0,empty
48146,0,0,0,0,0,0,0,-1,106,50,20,8,5,10,13,8,25,13,34,50,20,32,52,52,1,0,1788963846.188146,G1,T02,respiro2420_vuoto,0,empty
48346,0,0,0,0,0,0,0,-1,245,89,20,9,9,10,13,8,25,18,52,50,20,32,52,52,1,0,1788963846.3881812,G1,T02,respiro2420_vuoto,0,empty
48546,0,0,0,0,0,0,0,-1,100,41,20,5,9,20,18,13,25,18,45,50,29,32,52,52,1,0,1788963846.5881495,G1,T02,respiro2420_vuoto,0,empty
48746,0,0,0,0,0,0,0,-1,149,41,18,9,9,13,13,13,13,18,34,50,29,32,52,52,1,0,1788963846.7883542,G1,T02,respiro2420_vuoto,0,empty
48946,0,0,0,0,0,0,0,-1,208,125,25,10,10,10,13,13,18,20,50,61,29,32,50,61,1,0,1788963846.9885015,G1,T02,respiro2420_vuoto,0,empty
49146,0,0,0,0,0,0,0,-1,208,34,18,8,10,10,8,13,18,20,41,50,29,32,61,52,1,0,1788963847.188182,G1,T02,respiro2420_vuoto,0,empty
49346,0,0,0,0,0,0,0,-1,82,20,18,5,10,8,8,8,25,10,34,61,29,32,50,52,1,0,1788963847.3882113,G1,T02,respiro2420_vuoto,0,empty
49546,0,0,0,0,0,0,0,-1,106,25,16,13,8,8,8,8,25,13,34,50,13,25,41,52,1,0,1788963847.588177,G1,T02,respiro2420_vuoto,0,empty
49746,0,0,0,0,0,0,0,-1,162,61,10,5,9,8,10,5,25,13,34,50,20,41,41,52,1,0,1788963847.7881408,G1,T02,respiro2420_vuoto,0,empty
49946,0,0,0,0,0,0,0,-1,193,45,17,10,9,5,5,8,25,13,45,41,20,41,50,61,1,0,1788963847.9880836,G1,T02,respiro2420_vuoto,0,empty
50146,0,0,0,0,0,0,0,-1,73,16,17,8,13,10,10,13,25,17,52,50,20,25,50,52,1,0,1788963848.1885054,G1,T02,respiro2420_vuoto,0,empty
50346,0,0,0,0,0,0,0,-1,97,13,17,13,10,8,8,8,25,25,52,50,20,34,50,52,1,0,1788963848.3882477,G1,T02,respiro2420_vuoto,0,empty
50546,0,0,0,0,0,0,0,-1,202,65,25,5,13,10,5,5,18,13,34,50,29,32,41,52,1,0,1788963848.5880733,G1,T02,respiro2420_vuoto,0,empty
50746,0,0,0,0,0,0,0,-1,242,45,17,5,10,13,13,10,18,13,34,50,29,32,41,61,1,0,1788963848.788368,G1,T02,respiro2420_vuoto,0,empty
50946,0,0,0,0,0,0,0,-1,81,50,10,10,13,13,8,13,25,10,25,50,20,34,50,52,1,0,1788963848.9880998,G1,T02,respiro2420_vuoto,0,empty
51146,0,0,0,0,0,0,0,-1,145,34,25,5,9,13,8,13,25,13,34,50,20,34,50,61,1,0,1788963849.1881008,G1,T02,respiro2420_vuoto,0,empty
51346,0,0,0,0,0,0,0,-1,89,40,34,8,9,13,8,8,13,8,34,50,20,32,41,52,1,0,1788963849.38821,G1,T02,respiro2420_vuoto,0,empty
51546,0,0,0,0,0,0,0,-1,130,64,29,10,10,8,8,13,32,10,25,50,20,32,41,52,1,0,1788963849.5882308,G1,T02,respiro2420_vuoto,0,empty
51746,0,0,0,0,0,0,0,-1,98,89,29,8,9,8,8,13,32,10,34,50,20,32,50,52,1,0,1788963849.7882314,G1,T02,respiro2420_vuoto,0,empty
51946,0,0,0,0,0,0,0,-1,97,20,29,10,5,13,8,13,25,18,34,50,25,32,50,52,1,0,1788963849.9883966,G1,T02,respiro2420_vuoto,0,empty
52146,0,0,0,0,0,0,0,-1,136,18,29,10,5,10,18,13,25,13,45,50,29,32,50,52,1,0,1788963850.1882231,G1,T02,respiro2420_vuoto,0,empty
52346,0,0,0,0,0,0,0,-1,338,128,32,5,13,10,13,10,25,18,45,50,20,32,52,52,1,0,1788963850.388062,G1,T02,respiro2420_vuoto,0,empty
52546,0,0,0,0,0,0,0,-1,61,61,26,10,10,10,8,13,25,18,45,50,25,32,61,61,1,0,1788963850.588047,G1,T02,respiro2420_vuoto,0,empty
52746,0,0,0,0,0,0,0,-1,113,37,10,5,10,8,13,13,25,13,41,61,29,41,61,61,1,0,1788963850.7884011,G1,T02,respiro2420_vuoto,0,empty
52946,0,0,0,0,0,0,0,-1,40,13,13,9,5,10,13,13,18,13,41,61,25,32,50,52,1,0,1788963850.9882464,G1,T02,respiro2420_vuoto,0,empty
53146,0,0,0,0,0,0,0,-1,98,37,8,5,17,13,13,13,25,13,41,61,20,32,50,61,1,0,1788963851.1881485,G1,T02,respiro2420_vuoto,0,empty
53346,0,0,0,0,0,0,0,-1,58,17,16,10,9,13,13,8,25,18,45,32,25,32,50,52,1,0,1788963851.3884668,G1,T02,respiro2420_vuoto,0,empty
53546,0,0,0,0,0,0,0,-1,85,61,13,5,9,10,10,8,18,18,41,50,29,32,61,52,1,0,1788963851.5879982,G1,T02,respiro2420_vuoto,0,empty
53746,0,0,0,0,0,0,0,-1,85,37,13,10,10,10,8,8,18,13,32,50,34,32,61,52,1,0,1788963851.7880785,G1,T02,respiro2420_vuoto,0,empty
53946,0,0,0,0,0,0,0,-1,89,49,8,8,13,8,5,8,18,18,45,50,29,34,50,61,1,0,1788963851.9881423,G1,T02,respiro2420_vuoto,0,empty
54146,0,0,0,0,0,0,0,-1,61,36,8,10,13,8,5,8,18,18,45,50,29,34,50,50,1,0,1788963852.1881812,G1,T02,respiro2420_vuoto,0,empty
54346,0,0,0,0,0,0,0,-1,41,17,13,8,5,13,8,13,18,18,41,50,20,25,50,52,1,0,1788963852.3881845,G1,T02,respiro2420_vuoto,0,empty
54546,0,0,0,0,0,0,0,-1,90,17,8,5,9,8,8,5,20,13,52,41,20,34,50,41,1,0,1788963852.5884,G1,T02,respiro2420_vuoto,0,empty
54746,0,0,0,0,0,0,0,-1,244,85,10,8,8,8,5,5,18,13,34,52,29,32,50,52,1,0,1788963852.7882419,G1,T02,respiro2420_vuoto,0,empty
54946,0,0,0,0,0,0,0,-1,85,18,16,8,9,8,8,8,25,13,34,61,29,32,41,41,1,0,1788963852.9881823,G1,T02,respiro2420_vuoto,0,empty
55146,0,0,0,0,0,0,0,-1,61,41,8,5,9,13,13,8,13,20,41,61,20,34,41,50,1,0,1788963853.188329,G1,T02,respiro2420_vuoto,0,empty
55346,0,0,0,0,0,0,0,-1,85,20,10,9,5,10,18,10,18,20,41,50,25,25,41,41,1,0,1788963853.3884375,G1,T02,respiro2420_vuoto,0,empty
55546,0,0,0,0,0,0,0,-1,85,74,13,8,9,5,8,13,20,13,34,41,16,34,50,41,1,0,1788963853.5883572,G1,T02,respiro2420_vuoto,0,empty
55746,0,0,0,0,0,0,0,-1,137,29,9,13,8,9,5,5,18,18,34,50,20,34,41,61,1,0,1788963853.7881582,G1,T02,respiro2420_vuoto,0,empty
55946,0,0,0,0,0,0,0,-1,113,52,10,10,8,8,9,13,25,18,34,52,20,34,50,61,1,0,1788963853.988168,G1,T02,respiro2420_vuoto,0,empty
56146,0,0,0,0,0,0,0,-1,53,52,16,10,5,8,8,13,20,18,41,61,20,41,61,52,1,0,1788963854.1882236,G1,T02,respiro2420_vuoto,0,empty
56346,0,0,0,0,0,0,0,-1,146,29,13,8,9,13,13,5,25,18,41,50,17,41,50,52,1,0,1788963854.388192,G1,T02,respiro2420_vuoto,0,empty
56546,0,0,0,0,0,0,0,-1,109,97,13,8,5,13,10,13,41,9,34,41,20,41,61,52,1,0,1788963854.5902915,G1,T02,respiro2420_vuoto,0,empty
56746,0,0,0,0,0,0,0,-1,80,26,10,8,9,9,13,13,25,26,41,50,29,41,50,61,1,0,1788963854.788504,G1,T02,respiro2420_vuoto,0,empty
56946,0,0,0,0,0,0,0,-1,65,40,10,4,9,10,18,8,32,13,34,41,20,41,50,52,1,0,1788963854.9880626,G1,T02,respiro2420_vuoto,0,empty
57146,0,0,0,0,0,0,0,-1,29,13,8,5,10,9,8,8,25,13,34,50,25,25,50,61,1,0,1788963855.1882741,G1,T02,respiro2420_vuoto,0,empty
57346,0,0,0,0,0,0,0,-1,40,26,25,10,10,5,5,8,18,13,41,50,25,25,50,61,1,0,1788963855.388417,G1,T02,respiro2420_vuoto,0,empty
57546,0,0,0,0,0,0,0,-1,136,58,13,9,13,13,10,13,18,13,41,50,25,25,50,52,1,0,1788963855.5880957,G1,T02,respiro2420_vuoto,0,empty
57746,0,0,0,0,0,0,0,-1,73,52,18,10,10,8,13,8,25,13,34,50,26,32,50,52,1,0,1788963855.7903326,G1,T02,respiro2420_vuoto,0,empty
57946,0,0,0,0,0,0,0,-1,73,26,25,5,13,8,13,8,25,13,34,50,26,32,41,52,1,0,1788963855.9883285,G1,T02,respiro2420_vuoto,0,empty
58146,0,0,0,0,0,0,0,-1,164,52,25,13,9,8,13,10,18,20,34,50,20,25,50,52,1,0,1788963856.1901643,G1,T02,respiro2420_vuoto,0,empty
58346,0,0,0,0,0,0,0,-1,26,17,25,5,10,5,13,13,18,20,41,50,20,25,50,61,1,0,1788963856.3880422,G1,T02,respiro2420_vuoto,0,empty
58546,0,0,0,0,0,0,0,-1,145,50,45,5,10,8,8,8,18,25,41,50,20,32,61,52,1,0,1788963856.5883236,G1,T02,respiro2420_vuoto,0,empty
58746,0,0,0,0,0,0,0,-1,53,29,20,5,10,8,8,10,25,18,45,50,20,32,61,52,1,0,1788963856.787998,G1,T02,respiro2420_vuoto,0,empty
58946,0,0,0,0,0,0,0,-1,74,17,20,13,9,5,18,18,25,13,34,50,20,32,61,52,1,0,1788963856.9892256,G1,T02,respiro2420_vuoto,0,empty
59146,0,0,0,0,0,0,0,-1,97,29,29,8,10,9,8,8,18,25,34,50,20,32,50,61,1,0,1788963857.1881354,G1,T02,respiro2420_vuoto,0,empty
59346,0,0,0,0,0,0,0,-1,65,25,41,8,9,8,8,8,25,20,41,72,25,41,61,52,1,0,1788963857.388225,G1,T02,respiro2420_vuoto,0,empty
59546,0,0,0,0,0,0,0,-1,250,73,18,9,13,9,10,10,25,18,34,50,17,41,50,52,1,0,1788963857.5881317,G1,T02,respiro2420_vuoto,0,empty
59746,0,0,0,0,0,0,0,-1,40,32,25,8,10,10,13,10,25,13,34,50,17,41,50,52,1,0,1788963857.7882013,G1,T02,respiro2420_vuoto,0,empty
59946,0,0,0,0,0,0,0,-1,50,17,25,5,9,5,13,10,25,13,34,50,20,41,50,52,1,0,1788963857.9882774,G1,T02,respiro2420_vuoto,0,empty
60146,0,0,0,0,0,0,0,-1,125,29,18,10,13,8,13,13,25,10,34,50,20,41,50,52,1,0,1788963858.1887784,G1,T02,respiro2420_vuoto,0,empty
60346,0,0,0,0,0,0,0,-1,73,26,20,8,10,8,8,13,18,10,29,50,25,41,50,52,1,0,1788963858.3881106,G1,T02,respiro2420_vuoto,0,empty
60546,0,0,0,0,0,0,0,-1,121,40,25,8,13,13,13,18,18,13,34,61,34,41,50,52,1,0,1788963858.5881438,G1,T02,respiro2420_vuoto,0,empty
60746,0,0,0,0,0,0,0,-1,130,113,8,8,10,8,5,8,18,8,34,50,29,32,41,52,1,0,1788963858.7882395,G1,T02,respiro2420_vuoto,0,empty
60946,0,0,0,0,0,0,0,-1,26,13,25,8,10,5,8,13,18,13,41,50,25,32,41,52,1,0,1788963858.9900355,G1,T02,respiro2420_vuoto,0,empty
61146,0,0,0,0,0,0,0,-1,61,40,17,10,10,9,8,5,18,13,34,50,25,32,34,61,1,0,1788963859.1881256,G1,T02,respiro2420_vuoto,0,empty
61346,0,0,0,0,0,0,0,-1,338,73,9,17,10,10,10,8,18,18,34,50,17,41,41,61,1,0,1788963859.388184,G1,T02,respiro2420_vuoto,0,empty
61546,0,0,0,0,0,0,0,-1,61,74,18,29,8,9,10,8,25,9,34,50,34,32,41,52,1,0,1788963859.588054,G1,T02,respiro2420_vuoto,0,empty
61746,0,0,0,0,0,0,0,-1,73,20,18,26,10,8,10,10,25,8,34,50,34,32,50,52,1,0,1788963859.7882469,G1,T02,respiro2420_vuoto,0,empty
61946,0,0,0,0,0,0,0,-1,117,61,13,26,10,13,10,13,25,13,41,50,25,32,50,61,1,0,1788963859.988384,G1,T02,respiro2420_vuoto,0,empty
62146,0,0,0,0,0,0,0,-1,136,61,18,10,10,9,13,13,25,13,29,50,20,41,50,52,1,0,1788963860.1883981,G1,T02,respiro2420_vuoto,0,empty
62346,0,0,0,0,0,0,0,-1,197,85,18,10,10,8,13,13,25,13,41,50,20,41,50,52,1,0,1788963860.3881702,G1,T02,respiro2420_vuoto,0,empty
62546,0,0,0,0,0,0,0,-1,212,45,25,10,10,5,13,13,25,13,40,50,25,25,50,52,1,0,1788963860.5882869,G1,T02,respiro2420_vuoto,0,empty
62746,0,0,0,0,0,0,0,-1,313,89,13,10,5,13,13,10,25,8,34,50,29,25,50,41,1,0,1788963860.7884922,G1,T02,respiro2420_vuoto,0,empty
62946,0,0,0,0,0,0,0,-1,41,25,13,13,17,10,13,13,25,18,34,61,20,32,50,52,1,0,1788963860.9883654,G1,T02,respiro2420_vuoto,0,empty
63146,0,0,0,0,0,0,0,-1,74,20,13,13,10,8,8,13,20,18,34,61,20,32,50,52,1,0,1788963861.1883636,G1,T02,respiro2420_vuoto,0,empty
63346,0,0,0,0,0,0,0,-1,153,41,5,10,10,9,13,13,20,18,34,41,20,32,61,52,1,0,1788963861.3904555,G1,T02,respiro2420_vuoto,0,empty
63546,0,0,0,0,0,0,0,-1,80,25,10,13,10,5,8,10,32,13,34,50,20,32,61,52,1,0,1788963861.5881996,G1,T02,respiro2420_vuoto,0,empty
63746,0,0,0,0,0,0,0,-1,148,65,13,10,17,8,5,8,34,8,34,50,25,32,61,52,1,0,1788963861.79039,G1,T02,respiro2420_vuoto,0,empty
63946,0,0,0,0,0,0,0,-1,52,13,8,13,13,8,8,8,25,13,34,50,25,25,61,52,1,0,1788963861.9882224,G1,T02,respiro2420_vuoto,0,empty
64146,0,0,0,0,0,0,0,-1,53,41,8,9,9,13,5,10,25,13,34,50,25,32,50,61,1,0,1788963862.190094,G1,T02,respiro2420_vuoto,0,empty
64346,0,0,0,0,0,0,0,-1,50,34,10,16,10,5,13,8,25,13,45,50,34,41,50,52,1,0,1788963862.3879993,G1,T02,respiro2420_vuoto,0,empty
64546,0,0,0,0,0,0,0,-1,49,10,13,20,10,9,8,8,25,13,34,50,20,34,50,41,1,0,1788963862.5896444,G1,T02,respiro2420_vuoto,0,empty
64746,0,0,0,0,0,0,0,-1,61,20,13,16,10,10,10,13,25,8,34,50,20,41,50,52,1,0,1788963862.7883406,G1,T02,respiro2420_vuoto,0,empty
64946,0,0,0,0,0,0,0,-1,40,25,9,17,9,9,10,13,25,10,34,50,17,41,50,52,1,0,1788963862.9882743,G1,T02,respiro2420_vuoto,0,empty
65146,0,0,0,0,0,0,0,-1,153,34,18,10,5,10,18,8,25,20,41,50,20,41,41,61,1,0,1788963863.1882172,G1,T02,respiro2420_vuoto,0,empty
65346,0,0,0,0,0,0,0,-1,52,34,10,13,10,5,8,8,18,13,45,50,20,32,52,52,1,0,1788963863.3898416,G1,T02,respiro2420_vuoto,0,empty
65546,0,0,0,0,0,0,0,-1,256,90,10,10,10,9,8,8,32,18,45,41,20,32,61,52,1,0,1788963863.5880647,G1,T02,respiro2420_vuoto,0,empty
65746,0,0,0,0,0,0,0,-1,116,52,10,20,5,9,5,8,25,13,45,50,25,41,61,52,1,0,1788963863.7894125,G1,T02,respiro2420_vuoto,0,empty
65946,0,0,0,0,0,0,0,-1,53,25,10,17,8,10,8,10,25,13,34,50,25,32,41,52,1,0,1788963863.9881816,G1,T02,respiro2420_vuoto,0,empty
66146,0,0,0,0,0,0,0,-1,73,50,10,17,10,10,13,5,25,13,34,50,25,32,52,52,1,0,1788963864.1884177,G1,T02,respiro2420_vuoto,0,empty
66346,0,0,0,0,0,0,0,-1,49,17,10,10,9,5,13,10,25,18,34,50,29,32,41,61,1,0,1788963864.3884664,G1,T02,respiro2420_vuoto,0,empty
66546,0,0,0,0,0,0,0,-1,80,29,18,8,16,9,13,10,25,18,34,61,29,32,41,50,1,0,1788963864.5884624,G1,T02,respiro2420_vuoto,0,empty
66746,0,0,0,0,0,0,0,-1,50,18,18,10,10,9,13,13,25,13,34,61,29,32,52,52,1,0,1788963864.7882159,G1,T02,respiro2420_vuoto,0,empty
66946,0,0,0,0,0,0,0,-1,32,18,9,10,13,5,13,13,32,13,34,61,20,25,52,52,1,0,1788963864.988251,G1,T02,respiro2420_vuoto,0,empty
67146,0,0,0,0,0,0,0,-1,125,20,10,17,10,9,13,13,25,13,34,50,29,25,52,41,1,0,1788963865.1883798,G1,T02,respiro2420_vuoto,0,empty
67346,0,0,0,0,0,0,0,-1,145,45,5,17,10,8,13,8,25,13,34,50,20,25,52,41,1,0,1788963865.388464,G1,T02,respiro2420_vuoto,0,empty
67546,0,0,0,0,0,0,0,-1,162,40,13,25,5,8,10,13,25,18,45,41,10,45,61,41,1,0,1788963865.588255,G1,T02,respiro2420_vuoto,0,empty
67746,0,0,0,0,0,0,0,-1,73,26,9,17,9,17,13,13,25,18,45,50,29,32,50,41,1,0,1788963865.7880855,G1,T02,respiro2420_vuoto,0,empty
67946,0,0,0,0,0,0,0,-1,125,73,9,17,5,9,13,10,32,8,45,50,29,32,41,50,1,0,1788963865.9884493,G1,T02,respiro2420_vuoto,0,empty
68146,0,0,0,0,0,0,0,-1,128,20,13,5,9,10,13,13,25,13,41,50,34,32,41,61,1,0,1788963866.1883886,G1,T02,respiro2420_vuoto,0,empty
68346,0,0,0,0,0,0,0,-1,197,81,13,10,13,10,8,13,25,13,41,50,29,32,41,61,1,0,1788963866.388233,G1,T02,respiro2420_vuoto,0,empty
68546,0,0,0,0,0,0,0,-1,26,13,32,8,9,8,5,13,18,13,52,50,17,32,41,61,1,0,1788963866.5883381,G1,T02,respiro2420_vuoto,0,empty
68746,0,0,0,0,0,0,0,-1,337,157,13,10,8,8,9,10,25,13,34,50,20,32,41,52,1,0,1788963866.7906156,G1,T02,respiro2420_vuoto,0,empty
68946,0,0,0,0,0,0,0,-1,145,45,18,10,10,10,5,10,32,13,41,50,20,20,50,52,1,0,1788963866.98832,G1,T02,respiro2420_vuoto,0,empty
69146,0,0,0,0,0,0,0,-1,80,26,18,10,8,13,8,13,25,13,41,50,20,32,50,52,1,0,1788963867.1885028,G1,T02,respiro2420_vuoto,0,empty
69346,0,0,0,0,0,0,0,-1,74,41,18,17,10,9,5,8,20,13,29,41,20,32,52,41,1,0,1788963867.3882003,G1,T02,respiro2420_vuoto,0,empty
69546,0,0,0,0,0,0,0,-1,73,17,5,26,10,10,5,8,25,20,41,50,20,25,50,61,1,0,1788963867.588235,G1,T02,respiro2420_vuoto,0,empty
69746,0,0,0,0,0,0,0,-1,101,73,8,25,10,9,8,13,25,13,34,50,29,41,50,52,1,0,1788963867.7882657,G1,T02,respiro2420_vuoto,0,empty
69946,0,0,0,0,0,0,0,-1,122,20,18,9,10,10,4,5,25,13,34,50,25,34,50,41,1,0,1788963867.9884822,G1,T02,respiro2420_vuoto,0,empty
70146,0,0,0,0,0,0,0,-1,90,29,8,5,10,10,9,9,25,18,41,50,25,41,61,41,1,0,1788963868.1880093,G1,T02,respiro2420_vuoto,0,empty
70346,0,0,0,0,0,0,0,-1,104,73,20,10,5,10,9,10,34,8,32,50,20,25,41,50,1,0,1788963868.3881629,G1,T02,respiro2420_vuoto,0,empty
70546,0,0,0,0,0,0,0,-1,89,37,13,13,8,9,10,13,25,13,34,50,20,41,41,50,1,0,1788963868.588364,G1,T02,respiro2420_vuoto,0,empty
70746,0,0,0,0,0,0,0,-1,97,25,13,8,10,9,10,10,13,20,41,50,17,41,41,50,1,0,1788963868.7880502,G1,T02,respiro2420_vuoto,0,empty
70946,0,0,0,0,0,0,0,-1,97,26,13,13,10,10,13,13,25,20,41,50,20,41,50,52,1,0,1788963868.9882112,G1,T02,respiro2420_vuoto,0,empty
71146,0,0,0,0,0,0,0,-1,145,68,8,9,17,5,18,8,25,20,41,61,20,25,50,52,1,0,1788963869.189412,G1,T02,respiro2420_vuoto,0,empty
71346,0,0,0,0,0,0,0,-1,157,65,8,17,8,5,9,8,13,25,34,50,20,25,41,61,1,0,1788963869.3881738,G1,T02,respiro2420_vuoto,0,empty
71546,0,0,0,0,0,0,0,-1,61,18,13,13,9,5,5,8,18,20,25,50,20,25,50,52,1,0,1788963869.5884335,G1,T02,respiro2420_vuoto,0,empty
71746,0,0,0,0,0,0,0,-1,185,41,18,10,10,13,9,8,18,13,41,50,29,25,50,52,1,0,1788963869.788056,G1,T02,respiro2420_vuoto,0,empty
71946,0,0,0,0,0,0,0,-1,61,34,8,9,10,10,8,8,25,13,34,32,20,25,50,52,1,0,1788963869.9879882,G1,T02,respiro2420_vuoto,0,empty
72146,0,0,0,0,0,0,0,-1,97,40,10,9,9,9,9,13,25,13,34,52,17,25,50,52,1,0,1788963870.1882548,G1,T02,respiro2420_vuoto,0,empty
72346,0,0,0,0,0,0,0,-1,250,100,10,20,10,13,18,13,25,18,41,61,20,25,50,52,1,0,1788963870.3881507,G1,T02,respiro2420_vuoto,0,empty
72546,0,0,0,0,0,0,0,-1,65,18,5,17,8,13,8,13,25,18,41,50,20,25,50,50,1,0,1788963870.5880482,G1,T02,respiro2420_vuoto,0,empty
72746,0,0,0,0,0,0,0,-1,197,53,13,18,9,10,10,10,25,13,41,50,20,25,50,61,1,0,1788963870.7880497,G1,T02,respiro2420_vuoto,0,empty
72946,0,0,0,0,0,0,0,-1,26,8,13,17,5,10,10,10,25,13,41,50,29,52,50,61,1,0,1788963870.988032,G1,T02,respiro2420_vuoto,0,empty
73146,0,0,0,0,0,0,0,-1,80,26,25,10,10,9,13,10,25,13,41,41,20,41,61,61,1,0,1788963871.1885054,G1,T02,respiro2420_vuoto,0,empty
73346,0,0,0,0,0,0,0,-1,100,65,13,10,13,13,13,10,25,13,41,50,20,34,50,61,1,0,1788963871.3884208,G1,T02,respiro2420_vuoto,0,empty
73546,0,0,0,0,0,0,0,-1,74,17,13,10,5,9,13,13,25,18,41,50,20,32,50,61,1,0,1788963871.5883443,G1,T02,respiro2420_vuoto,0,empty
73746,0,0,0,0,0,0,0,-1,130,26,18,10,10,13,13,13,25,13,41,50,20,32,50,50,1,0,1788963871.7882054,G1,T02,respiro2420_vuoto,0,empty
73946,0,0,0,0,0,0,0,-1,58,20,18,10,8,10,8,8,25,8,34,50,29,32,50,41,1,0,1788963871.9883945,G1,T02,respiro2420_vuoto,0,empty
74146,0,0,0,0,0,0,0,-1,53,20,20,10,10,5,8,8,25,13,34,61,29,32,61,52,1,0,1788963872.1883216,G1,T02,respiro2420_vuoto,0,empty
74346,0,0,0,0,0,0,0,-1,52,25,18,17,5,16,20,17,25,18,45,50,29,32,61,52,1,0,1788963872.388575,G1,T02,respiro2420_vuoto,0,empty
74546,0,0,0,0,0,0,0,-1,130,50,13,10,13,10,10,10,25,18,34,50,29,32,50,52,1,0,1788963872.588175,G1,T02,respiro2420_vuoto,0,empty
74746,0,0,0,0,0,0,0,-1,80,25,13,10,9,13,10,13,18,18,41,50,20,41,50,72,1,0,1788963872.7885654,G1,T02,respiro2420_vuoto,0,empty
74946,0,0,0,0,0,0,0,-1,137,50,10,10,13,20,13,13,13,18,41,50,25,41,50,74,1,0,1788963872.9885414,G1,T02,respiro2420_vuoto,0,empty
75146,0,0,0,0,0,0,0,-1,34,10,25,10,5,9,9,5,18,18,34,50,20,32,50,52,1,0,1788963873.1885974,G1,T02,respiro2420_vuoto,0,empty
75346,0,0,0,0,0,0,0,-1,53,13,20,10,13,9,8,8,25,13,34,41,20,32,50,61,1,0,1788963873.3882604,G1,T02,respiro2420_vuoto,0,empty
75546,0,0,0,0,0,0,0,-1,136,32,25,10,17,10,8,8,25,13,29,50,20,32,61,52,1,0,1788963873.5880675,G1,T02,respiro2420_vuoto,0,empty
75746,0,0,0,0,0,0,0,-1,74,20,20,10,10,10,8,8,25,13,34,50,20,41,50,52,1,0,1788963873.7880697,G1,T02,respiro2420_vuoto,0,empty
75946,0,0,0,0,0,0,0,-1,325,125,40,13,10,8,8,10,25,13,25,50,25,32,50,52,1,0,1788963873.9882658,G1,T02,respiro2420_vuoto,0,empty
76146,0,0,0,0,0,0,0,-1,125,29,16,17,10,5,8,8,25,20,41,61,20,25,50,52,1,0,1788963874.188222,G1,T02,respiro2420_vuoto,0,empty
76346,0,0,0,0,0,0,0,-1,82,17,16,17,10,10,8,8,25,13,52,50,29,32,50,61,1,0,1788963874.3881464,G1,T02,respiro2420_vuoto,0,empty
76546,0,0,0,0,0,0,0,-1,193,52,29,17,5,10,5,5,32,13,52,50,29,41,50,61,1,0,1788963874.5884218,G1,T02,respiro2420_vuoto,0,empty
76746,0,0,0,0,0,0,0,-1,29,25,13,26,5,8,9,8,20,18,41,50,29,41,50,61,1,0,1788963874.7882376,G1,T02,respiro2420_vuoto,0,empty
76946,0,0,0,0,0,0,0,-1,45,26,10,10,9,8,10,10,25,13,45,50,20,41,50,61,1,0,1788963874.9881577,G1,T02,respiro2420_vuoto,0,empty
77146,0,0,0,0,0,0,0,-1,61,16,25,29,5,5,13,10,18,25,45,61,29,41,61,52,1,0,1788963875.18811,G1,T02,respiro2420_vuoto,0,empty
77346,0,0,0,0,0,0,0,-1,40,13,13,16,10,13,13,13,25,25,52,50,13,25,41,61,1,0,1788963875.3892598,G1,T02,respiro2420_vuoto,0,empty
77546,0,0,0,0,0,0,0,-1,58,20,13,10,10,10,8,13,18,13,45,50,20,45,50,61,1,0,1788963875.5885139,G1,T02,respiro2420_vuoto,0,empty
77746,0,0,0,0,0,0,0,-1,106,61,10,10,9,9,13,8,25,13,45,41,20,34,50,61,1,0,1788963875.7903798,G1,T02,respiro2420_vuoto,0,empty
77946,0,0,0,0,0,0,0,-1,90,50,13,10,10,5,13,10,34,8,34,50,20,34,50,52,1,0,1788963875.9885836,G1,T02,respiro2420_vuoto,0,empty
78146,0,0,0,0,0,0,0,-1,245,65,17,9,10,8,10,10,34,18,45,50,20,41,50,52,1,0,1788963876.1902645,G1,T02,respiro2420_vuoto,0,empty
78346,0,0,0,0,0,0,0,-1,52,20,32,13,10,10,13,9,25,13,34,41,20,41,50,52,1,0,1788963876.3883345,G1,T02,respiro2420_vuoto,0,empty
78546,0,0,0,0,0,0,0,-1,106,49,13,25,5,9,8,13,25,18,34,41,20,32,50,41,1,0,1788963876.588604,G1,T02,respiro2420_vuoto,0,empty
78746,0,0,0,0,0,0,0,-1,337,82,9,9,5,8,8,13,25,13,41,50,25,32,52,41,1,0,1788963876.7880514,G1,T02,respiro2420_vuoto,0,empty
78946,0,0,0,0,0,0,0,-1,34,17,9,10,10,9,13,13,25,13,41,50,25,32,61,52,1,0,1788963876.9885323,G1,T02,respiro2420_vuoto,0,empty
79146,0,0,0,0,0,0,0,-1,130,98,8,10,10,10,13,13,25,13,41,50,29,41,50,52,1,0,1788963877.1894267,G1,T02,respiro2420_vuoto,0,empty
79346,0,0,0,0,0,0,0,-1,72,53,20,17,10,13,13,13,25,18,52,41,13,34,50,52,1,0,1788963877.3902338,G1,T02,respiro2420_vuoto,0,empty
79546,0,0,0,0,0,0,0,-1,58,40,13,10,10,9,8,13,25,13,45,41,20,32,50,52,1,0,1788963877.5909665,G1,T02,respiro2420_vuoto,0,empty
79746,0,0,0,0,0,0,0,-1,208,85,10,9,10,10,13,13,32,13,25,50,20,41,50,52,1,0,1788963877.788388,G1,T02,respiro2420_vuoto,0,empty
79946,0,0,0,0,0,0,0,-1,53,20,8,10,10,13,18,8,25,20,41,50,20,32,50,52,1,0,1788963877.9881153,G1,T02,respiro2420_vuoto,0,empty
80146,0,0,0,0,0,0,0,-1,104,37,13,10,10,13,18,13,25,20,41,50,20,32,50,52,1,0,1788963878.188308,G1,T02,respiro2420_vuoto,0,empty
80346,0,0,0,0,0,0,0,-1,80,26,10,17,8,10,5,9,25,13,34,32,20,32,50,52,1,0,1788963878.388634,G1,T02,respiro2420_vuoto,0,empty
80546,0,0,0,0,0,0,0,-1,58,25,16,17,5,8,5,10,25,13,34,52,20,41,50,61,1,0,1788963878.5897791,G1,T02,respiro2420_vuoto,0,empty
80746,0,0,0,0,0,0,0,-1,65,18,8,10,10,13,10,13,25,13,34,50,20,32,41,61,1,0,1788963878.789622,G1,T02,respiro2420_vuoto,0,empty
80946,0,0,0,0,0,0,0,-1,73,29,16,13,10,9,9,8,25,18,34,50,20,32,41,61,1,0,1788963878.9882913,G1,T02,respiro2420_vuoto,0,empty
81146,0,0,0,0,0,0,0,-1,101,58,13,17,18,10,8,8,13,18,34,50,25,32,50,52,1,0,1788963879.1883645,G1,T02,respiro2420_vuoto,0,empty
81346,0,0,0,0,0,0,0,-1,85,74,20,10,9,10,13,13,18,13,34,50,25,25,50,52,1,0,1788963879.388384,G1,T02,respiro2420_vuoto,0,empty
81546,0,0,0,0,0,0,0,-1,145,34,13,10,10,8,13,8,13,13,34,50,25,25,50,52,1,0,1788963879.5881007,G1,T02,respiro2420_vuoto,0,empty
81746,0,0,0,0,0,0,0,-1,185,72,8,17,10,5,13,13,34,13,25,50,25,32,41,52,1,0,1788963879.7883635,G1,T02,respiro2420_vuoto,0,empty
81946,0,0,0,0,0,0,0,-1,58,32,13,8,9,10,13,13,25,13,41,61,25,32,41,41,1,0,1788963879.9882522,G1,T02,respiro2420_vuoto,0,empty
82146,0,0,0,0,0,0,0,-1,20,18,9,10,10,13,13,13,25,13,34,50,20,32,41,41,1,0,1788963880.1885235,G1,T02,respiro2420_vuoto,0,empty
82346,0,0,0,0,0,0,0,-1,106,97,17,10,9,17,13,13,25,13,34,50,20,32,50,41,1,0,1788963880.3884714,G1,T02,respiro2420_vuoto,0,empty
82546,0,0,0,0,0,0,0,-1,49,26,10,10,10,17,13,8,18,13,41,41,20,25,50,41,1,0,1788963880.5884545,G1,T02,respiro2420_vuoto,0,empty
82746,0,0,0,0,0,0,0,-1,85,25,9,13,10,5,10,18,32,13,41,50,20,32,41,61,1,0,1788963880.788434,G1,T02,respiro2420_vuoto,0,empty
82946,0,0,0,0,0,0,0,-1,65,20,13,10,8,13,8,13,25,18,41,50,17,34,50,52,1,0,1788963880.9883254,G1,T02,respiro2420_vuoto,0,empty
83146,0,0,0,0,0,0,0,-1,90,58,10,10,17,10,8,13,25,13,41,61,32,25,50,50,1,0,1788963881.18959,G1,T02,respiro2420_vuoto,0,empty
83346,0,0,0,0,0,0,0,-1,85,20,13,10,10,13,13,13,25,10,34,41,25,32,52,61,1,0,1788963881.3887122,G1,T02,respiro2420_vuoto,0,empty
83546,0,0,0,0,0,0,0,-1,137,25,8,17,10,5,13,8,18,8,34,61,29,32,61,52,1,0,1788963881.5902343,G1,T02,respiro2420_vuoto,0,empty
83746,0,0,0,0,0,0,0,-1,125,29,10,17,10,9,13,8,18,20,34,61,20,25,50,50,1,0,1788963881.7891576,G1,T02,respiro2420_vuoto,0,empty
83946,0,0,0,0,0,0,0,-1,85,41,13,17,5,13,8,8,25,18,34,61,25,32,61,41,1,0,1788963881.99016,G1,T02,respiro2420_vuoto,0,empty
84146,0,0,0,0,0,0,0,-1,149,40,5,26,5,10,8,8,32,18,34,50,20,32,61,50,1,0,1788963882.1908803,G1,T02,respiro2420_vuoto,0,empty
84346,0,0,0,0,0,0,0,-1,153,85,5,17,10,8,8,8,32,25,34,61,29,32,41,50,1,0,1788963882.3884232,G1,T02,respiro2420_vuoto,0,empty
84546,0,0,0,0,0,0,0,-1,52,25,5,17,9,10,9,10,34,18,41,61,20,32,41,41,1,0,1788963882.5884953,G1,T02,respiro2420_vuoto,0,empty
84746,0,0,0,0,0,0,0,-1,144,13,8,17,5,8,5,13,25,18,52,61,20,45,50,52,1,0,1788963882.7882717,G1,T02,respiro2420_vuoto,0,empty
84946,0,0,0,0,0,0,0,-1,85,50,5,17,8,10,5,8,25,13,52,61,20,25,41,52,1,0,1788963882.9880211,G1,T02,respiro2420_vuoto,0,empty
85146,0,0,0,0,0,0,0,-1,148,116,8,10,10,5,8,13,25,18,52,50,20,25,41,52,1,0,1788963883.188046,G1,T02,respiro2420_vuoto,0,empty
85346,0,0,0,0,0,0,0,-1,181,45,13,9,13,8,9,13,25,13,45,41,20,25,50,52,1,0,1788963883.3880014,G1,T02,respiro2420_vuoto,0,empty
85546,0,0,0,0,0,0,0,-1,170,41,8,10,9,5,8,8,25,13,34,41,20,34,50,52,1,0,1788963883.5882442,G1,T02,respiro2420_vuoto,0,empty
85746,0,0,0,0,0,0,0,-1,34,20,10,17,10,8,8,9,25,18,34,50,17,41,50,52,1,0,1788963883.788207,G1,T02,respiro2420_vuoto,0,empty
85946,0,0,0,0,0,0,0,-1,125,26,10,17,10,5,13,8,18,25,34,50,17,32,50,52,1,0,1788963883.9880466,G1,T02,respiro2420_vuoto,0,empty
86146,0,0,0,0,0,0,0,-1,68,25,10,20,13,5,8,8,18,25,34,41,17,32,41,61,1,0,1788963884.188425,G1,T02,respiro2420_vuoto,0,empty
86346,0,0,0,0,0,0,0,-1,32,13,8,17,9,10,8,8,25,13,34,50,20,32,41,50,1,0,1788963884.3883111,G1,T02,respiro2420_vuoto,0,empty
86546,0,0,0,0,0,0,0,-1,58,50,9,17,10,10,8,8,25,13,34,50,29,25,50,41,1,0,1788963884.58814,G1,T02,respiro2420_vuoto,0,empty
86746,0,0,0,0,0,0,0,-1,202,85,13,17,8,10,8,13,25,13,34,50,25,32,61,52,1,0,1788963884.7881982,G1,T02,respiro2420_vuoto,0,empty
86946,0,0,0,0,0,0,0,-1,37,17,8,17,5,8,10,8,25,18,34,41,20,45,61,58,1,0,1788963884.9883595,G1,T02,respiro2420_vuoto,0,empty
87146,0,0,0,0,0,0,0,-1,125,36,8,17,13,8,10,13,25,18,34,50,25,41,61,45,1,0,1788963885.1880257,G1,T02,respiro2420_vuoto,0,empty
87346,0,0,0,0,0,0,0,-1,65,20,8,13,20,13,13,13,25,13,34,41,20,32,61,52,1,0,1788963885.3883507,G1,T02,respiro2420_vuoto,0,empty
87546,0,0,0,0,0,0,0,-1,146,74,9,17,5,9,5,10,25,18,45,50,20,32,50,52,1,0,1788963885.5912616,G1,T02,respiro2420_vuoto,0,empty
87746,0,0,0,0,0,0,0,-1,97,34,8,8,16,10,13,13,18,18,34,50,20,32,50,41,1,0,1788963885.7880878,G1,T02,respiro2420_vuoto,0,empty
87946,0,0,0,0,0,0,0,-1,148,29,8,10,8,8,9,10,25,13,34,41,20,32,50,61,1,0,1788963885.9902446,G1,T02,respiro2420_vuoto,0,empty
88146,0,0,0,0,0,0,0,-1,80,25,20,9,17,10,10,10,25,13,34,41,20,32,50,61,1,0,1788963886.188176,G1,T02,respiro2420_vuoto,0,empty
88346,0,0,0,0,0,0,0,-1,225,122,18,9,10,8,9,8,18,13,45,50,20,32,61,52,1,0,1788963886.3902607,G1,T02,respiro2420_vuoto,0,empty
88546,0,0,0,0,0,0,0,-1,80,17,13,17,10,5,17,10,25,18,45,50,20,41,72,52,1,0,1788963886.588221,G1,T02,respiro2420_vuoto,0,empty
88746,0,0,0,0,0,0,0,-1,82,26,13,16,10,9,20,13,25,18,52,50,29,32,61,52,1,0,1788963886.7899637,G1,T02,respiro2420_vuoto,0,empty
88946,0,0,0,0,0,0,0,-1,64,32,17,17,8,9,5,8,18,18,34,50,29,34,41,61,1,0,1788963886.988221,G1,T02,respiro2420_vuoto,0,empty
89146,0,0,0,0,0,0,0,-1,81,26,13,5,8,8,8,8,18,13,34,50,20,32,50,61,1,0,1788963887.1887577,G1,T02,respiro2420_vuoto,0,empty
89346,0,0,0,0,0,0,0,-1,97,40,13,17,10,13,8,13,18,18,34,50,20,41,41,61,1,0,1788963887.3881671,G1,T02,respiro2420_vuoto,0,empty
89546,0,0,0,0,0,0,0,-1,80,45,8,17,9,8,8,8,18,18,41,50,20,41,50,61,1,0,1788963887.5881498,G1,T02,respiro2420_vuoto,0,empty
89746,0,0,0,0,0,0,0,-1,121,34,8,10,9,8,8,8,25,13,41,50,20,41,50,52,1,0,1788963887.7882843,G1,T02,respiro2420_vuoto,0,empty
89946,0,0,0,0,0,0,0,-1,160,49,8,10,13,10,5,13,25,13,41,50,20,50,61,45,1,0,1788963887.9886105,G1,T02,respiro2420_vuoto,0,empty
90146,0,0,0,0,0,0,0,-1,68,49,25,10,9,10,13,9,25,13,41,61,25,34,50,52,1,0,1788963888.1884117,G1,T02,respiro2420_vuoto,0,empty
90346,0,0,0,0,0,0,0,-1,180,53,18,13,9,13,13,13,25,20,41,61,26,34,50,61,1,0,1788963888.388118,G1,T02,respiro2420_vuoto,0,empty
90546,0,0,0,0,0,0,0,-1,72,26,18,17,10,9,13,8,25,13,34,50,20,34,41,41,1,0,1788963888.5881908,G1,T02,respiro2420_vuoto,0,empty
90746,0,0,0,0,0,0,0,-1,104,50,18,10,10,5,8,8,18,13,34,61,29,32,41,52,1,0,1788963888.7885911,G1,T02,respiro2420_vuoto,0,empty
90946,0,0,0,0,0,0,0,-1,58,18,18,10,9,8,8,13,25,8,34,61,26,41,50,52,1,0,1788963888.9880412,G1,T02,respiro2420_vuoto,0,empty
91146,0,0,0,0,0,0,0,-1,40,20,25,10,17,10,8,8,25,8,41,50,29,32,52,52,1,0,1788963889.1887562,G1,T02,respiro2420_vuoto,0,empty
91346,0,0,0,0,0,0,0,-1,68,20,18,5,13,10,8,8,25,13,34,52,29,32,61,52,1,0,1788963889.3883233,G1,T02,respiro2420_vuoto,0,empty
91546,0,0,0,0,0,0,0,-1,178,74,25,8,8,18,5,8,32,13,34,50,29,41,61,52,1,0,1788963889.5884805,G1,T02,respiro2420_vuoto,0,empty
91746,0,0,0,0,0,0,0,-1,85,17,20,13,9,13,5,8,25,13,45,50,29,25,41,41,1,0,1788963889.788167,G1,T02,respiro2420_vuoto,0,empty
91946,0,0,0,0,0,0,0,-1,160,49,20,17,9,9,13,10,25,13,34,41,29,32,61,52,1,0,1788963889.9880395,G1,T02,respiro2420_vuoto,0,empty
92146,0,0,0,0,0,0,0,-1,50,25,13,13,9,8,5,13,25,13,34,41,20,32,61,52,1,0,1788963890.1884713,G1,T02,respiro2420_vuoto,0,empty
92346,0,0,0,0,0,0,0,-1,80,26,5,10,10,5,8,9,25,13,34,41,20,32,50,61,1,0,1788963890.3880596,G1,T02,respiro2420_vuoto,0,empty
92546,0,0,0,0,0,0,0,-1,101,34,13,10,10,5,10,13,25,8,34,50,20,32,50,61,1,0,1788963890.588495,G1,T02,respiro2420_vuoto,0,empty
92746,0,0,0,0,0,0,0,-1,64,26,13,10,17,10,13,5,25,13,52,50,20,25,50,61,1,0,1788963890.7894094,G1,T02,respiro2420_vuoto,0,empty
92946,0,0,0,0,0,0,0,-1,137,53,10,26,16,5,18,13,20,10,52,50,20,25,50,61,1,0,1788963890.9884236,G1,T02,respiro2420_vuoto,0,empty
93146,0,0,0,0,0,0,0,-1,265,85,8,5,16,8,8,13,32,18,45,50,20,25,50,61,1,0,1788963891.1878884,G1,T02,respiro2420_vuoto,0,empty
93346,0,0,0,0,0,0,0,-1,130,40,13,17,10,10,13,8,25,13,52,52,20,25,61,52,1,0,1788963891.3884313,G1,T02,respiro2420_vuoto,0,empty
93546,0,0,0,0,0,0,0,-1,128,58,13,10,9,10,13,8,25,20,25,61,29,41,52,50,1,0,1788963891.5882263,G1,T02,respiro2420_vuoto,0,empty
93746,0,0,0,0,0,0,0,-1,97,50,10,8,9,5,9,20,25,13,25,61,29,41,52,50,1,0,1788963891.7897897,G1,T02,respiro2420_vuoto,0,empty
93946,0,0,0,0,0,0,0,-1,169,41,9,5,10,10,10,10,25,13,32,61,29,41,52,41,1,0,1788963891.9913185,G1,T02,respiro2420_vuoto,0,empty
94146,0,0,0,0,0,0,0,-1,74,26,13,5,13,9,10,10,32,10,34,50,20,34,41,52,1,0,1788963892.1880782,G1,T02,respiro2420_vuoto,0,empty
94346,0,0,0,0,0,0,0,-1,218,72,5,9,10,9,9,8,18,18,41,61,17,41,50,61,1,0,1788963892.3902876,G1,T02,respiro2420_vuoto,0,empty
94546,0,0,0,0,0,0,0,-1,80,36,8,13,10,9,18,10,25,13,41,50,20,32,50,61,1,0,1788963892.588192,G1,T02,respiro2420_vuoto,0,empty
94746,0,0,0,0,0,0,0,-1,274,58,13,13,9,13,18,13,25,13,34,50,20,32,41,50,1,0,1788963892.7911198,G1,T02,respiro2420_vuoto,0,empty
94946,0,0,0,0,0,0,0,-1,89,17,13,8,9,13,13,13,25,13,34,50,20,41,41,50,1,0,1788963892.9882164,G1,T02,respiro2420_vuoto,0,empty
95146,0,0,0,0,0,0,0,-1,41,32,10,5,9,5,13,13,25,10,34,50,25,32,41,52,1,0,1788963893.188212,G1,T02,respiro2420_vuoto,0,empty
95346,0,0,0,0,0,0,0,-1,45,20,10,8,9,10,5,9,25,10,34,50,20,32,50,52,1,0,1788963893.3882298,G1,T02,respiro2420_vuoto,0,empty
95546,0,0,0,0,0,0,0,-1,164,45,10,8,10,9,9,10,25,13,34,50,20,25,50,61,1,0,1788963893.5899754,G1,T02,respiro2420_vuoto,0,empty
95746,0,0,0,0,0,0,0,-1,17,13,5,5,16,9,13,8,32,10,34,50,20,20,41,61,1,0,1788963893.7911534,G1,T02,respiro2420_vuoto,0,empty
95946,0,0,0,0,0,0,0,-1,244,40,8,10,10,10,13,13,25,13,20,50,20,25,50,52,1,0,1788963893.9889085,G1,T02,respiro2420_vuoto,0,empty
96146,0,0,0,0,0,0,0,-1,97,52,9,8,10,9,13,8,32,13,41,50,20,34,50,52,1,0,1788963894.1883843,G1,T02,respiro2420_vuoto,0,empty
96346,0,0,0,0,0,0,0,-1,125,20,8,10,8,10,10,8,32,13,41,50,29,41,50,52,1,0,1788963894.388123,G1,T02,respiro2420_vuoto,0,empty
96546,0,0,0,0,0,0,0,-1,50,34,13,5,17,10,13,8,25,13,41,41,20,41,50,52,1,0,1788963894.588523,G1,T02,respiro2420_vuoto,0,empty
96746,0,0,0,0,0,0,0,-1,49,40,10,13,10,5,10,9,25,13,34,41,20,25,50,52,1,0,1788963894.7882442,G1,T02,respiro2420_vuoto,0,empty
96946,0,0,0,0,0,0,0,-1,80,26,10,10,10,8,10,13,20,20,50,50,20,41,61,52,1,0,1788963894.9884124,G1,T02,respiro2420_vuoto,0,empty
97146,0,0,0,0,0,0,0,-1,74,58,10,9,10,13,13,13,25,13,34,61,20,32,52,61,1,0,1788963895.188788,G1,T02,respiro2420_vuoto,0,empty
97346,0,0,0,0,0,0,0,-1,85,45,13,10,13,13,8,5,25,9,34,41,20,34,61,52,1,0,1788963895.3884509,G1,T02,respiro2420_vuoto,0,empty
97546,0,0,0,0,0,0,0,-1,36,18,18,5,8,13,13,10,25,18,45,41,20,25,50,61,1,0,1788963895.5883832,G1,T02,respiro2420_vuoto,0,empty
97746,0,0,0,0,0,0,0,-1,104,13,8,9,9,5,13,18,32,5,25,52,20,25,50,61,1,0,1788963895.788062,G1,T02,respiro2420_vuoto,0,empty
97946,0,0,0,0,0,0,0,-1,148,50,10,5,10,13,20,8,25,13,45,52,20,20,50,61,1,0,1788963895.9882963,G1,T02,respiro2420_vuoto,0,empty
98146,0,0,0,0,0,0,0,-1,41,25,8,9,10,10,9,13,32,13,34,61,20,32,50,61,1,0,1788963896.188075,G1,T02,respiro2420_vuoto,0,empty
98346,0,0,0,0,0,0,0,-1,101,34,18,5,9,5,10,13,25,13,34,50,29,32,50,50,1,0,1788963896.3883076,G1,T02,respiro2420_vuoto,0,empty
98546,0,0,0,0,0,0,0,-1,53,80,18,5,10,13,13,10,25,13,25,50,29,25,50,41,1,0,1788963896.5884283,G1,T02,respiro2420_vuoto,0,empty
98746,0,0,0,0,0,0,0,-1,58,34,8,8,9,9,5,10,25,18,45,50,25,25,50,52,1,0,1788963896.788056,G1,T02,respiro2420_vuoto,0,empty
98946,0,0,0,0,0,0,0,-1,37,18,13,5,9,5,10,8,18,18,52,50,25,25,61,52,1,0,1788963896.988466,G1,T02,respiro2420_vuoto,0,empty
99146,0,0,0,0,0,0,0,-1,80,20,10,8,9,5,8,8,18,13,45,50,20,25,50,52,1,0,1788963897.188501,G1,T02,respiro2420_vuoto,0,empty
99346,0,0,0,0,0,0,0,-1,68,37,18,8,13,8,8,5,32,5,34,50,20,25,50,52,1,0,1788963897.3883555,G1,T02,respiro2420_vuoto,0,empty
99546,0,0,0,0,0,0,0,-1,45,37,13,5,9,10,13,13,18,18,45,50,20,32,50,52,1,0,1788963897.588483,G1,T02,respiro2420_vuoto,0,empty
99746,0,0,0,0,0,0,0,-1,53,20,9,10,16,13,18,8,18,13,34,50,20,32,61,52,1,0,1788963897.788053,G1,T02,respiro2420_vuoto,0,empty
99946,0,0,0,0,0,0,0,-1,101,25,10,8,5,10,20,8,18,10,34,50,25,32,61,52,1,0,1788963897.988091,G1,T02,respiro2420_vuoto,0,empty
100146,0,0,0,0,0,0,0,-1,80,17,8,8,9,8,13,10,25,8,29,50,20,32,50,52,1,0,1788963898.1881475,G1,T02,respiro2420_vuoto,0,empty
100346,0,0,0,0,0,0,0,-1,40,37,18,10,10,8,13,10,25,8,34,61,29,32,50,52,1,0,1788963898.3883522,G1,T02,respiro2420_vuoto,0,empty
100546,0,0,0,0,0,0,0,-1,85,40,13,9,10,8,9,8,18,18,34,41,26,41,50,50,1,0,1788963898.5883718,G1,T02,respiro2420_vuoto,0,empty
100746,0,0,0,0,0,0,0,-1,130,109,13,5,10,8,13,13,18,18,45,50,29,41,50,61,1,0,1788963898.7881355,G1,T02,respiro2420_vuoto,0,empty
100946,0,0,0,0,0,0,0,-1,145,20,20,13,10,8,10,13,25,25,52,50,17,41,50,52,1,0,1788963898.9884105,G1,T02,respiro2420_vuoto,0,empty
101146,0,0,0,0,0,0,0,-1,41,32,18,13,8,9,9,20,25,13,52,50,20,41,50,52,1,0,1788963899.1884172,G1,T02,respiro2420_vuoto,0,empty
101346,0,0,0,0,0,0,0,-1,144,65,18,10,9,10,10,13,25,18,52,50,20,41,61,52,1,0,1788963899.3884397,G1,T02,respiro2420_vuoto,0,empty
101546,0,0,0,0,0,0,0,-1,29,20,13,8,10,10,17,13,25,18,52,34,17,41,61,52,1,0,1788963899.5903592,G1,T02,respiro2420_vuoto,0,empty
101746,0,0,0,0,0,0,0,-1,25,13,20,8,9,9,9,13,34,13,52,50,20,34,50,41,1,0,1788963899.7884128,G1,T02,respiro2420_vuoto,0,empty
101946,0,0,0,0,0,0,0,-1,130,40,13,13,9,9,13,10,25,13,52,50,20,32,41,61,1,0,1788963899.9903808,G1,T02,respiro2420_vuoto,0,empty
102146,0,0,0,0,0,0,0,-1,61,29,18,9,10,10,8,10,13,18,52,50,20,32,52,52,1,0,1788963900.1882641,G1,T02,respiro2420_vuoto,0,empty
102346,0,0,0,0,0,0,0,-1,73,40,25,5,13,9,8,8,18,18,41,61,29,41,50,61,1,0,1788963900.3904395,G1,T02,respiro2420_vuoto,0,empty
102546,0,0,0,0,0,0,0,-1,122,37,20,5,10,20,18,10,18,18,34,41,29,41,61,52,1,0,1788963900.5881042,G1,T02,respiro2420_vuoto,0,empty
102746,0,0,0,0,0,0,0,-1,125,65,10,9,5,13,9,8,32,10,25,61,29,32,52,41,1,0,1788963900.7906864,G1,T02,respiro2420_vuoto,0,empty
102946,0,0,0,0,0,0,0,-1,73,34,5,5,20,10,9,13,25,18,25,50,29,41,61,61,1,0,1788963900.988038,G1,T02,respiro2420_vuoto,0,empty
103146,0,0,0,0,0,0,0,-1,113,53,8,9,20,10,10,13,25,18,20,41,29,32,61,52,1,0,1788963901.1883798,G1,T02,respiro2420_vuoto,0,empty
103346,0,0,0,0,0,0,0,-1,137,34,13,8,5,13,13,5,25,13,25,41,26,41,50,52,1,0,1788963901.3881989,G1,T02,respiro2420_vuoto,0,empty
103546,0,0,0,0,0,0,0,-1,45,20,13,5,20,13,18,8,25,13,25,52,26,41,50,52,1,0,1788963901.5880923,G1,T02,respiro2420_vuoto,0,empty
103746,0,0,0,0,0,0,0,-1,41,13,18,10,10,8,13,8,25,13,45,41,17,41,50,52,1,0,1788963901.7882059,G1,T02,respiro2420_vuoto,0,empty
103946,0,0,0,0,0,0,0,-1,52,13,9,17,9,10,13,13,25,13,52,50,25,41,61,52,1,0,1788963901.9883926,G1,T02,respiro2420_vuoto,0,empty
104146,0,0,0,0,0,0,0,-1,180,50,8,17,9,9,10,9,18,13,34,50,25,41,50,41,1,0,1788963902.1881378,G1,T02,respiro2420_vuoto,0,empty
104346,0,0,0,0,0,0,0,-1,170,53,9,17,10,8,9,8,25,13,41,61,34,32,50,52,1,0,1788963902.3881655,G1,T02,respiro2420_vuoto,0,empty
104546,0,0,0,0,0,0,0,-1,90,16,9,17,10,8,5,10,13,25,45,50,29,25,50,52,1,0,1788963902.588207,G1,T02,respiro2420_vuoto,0,empty
104746,0,0,0,0,0,0,0,-1,29,29,10,16,10,9,5,13,25,20,45,50,20,25,41,41,1,0,1788963902.7883246,G1,T02,respiro2420_vuoto,0,empty
104946,0,0,0,0,0,0,0,-1,197,97,13,9,9,9,10,13,25,10,34,50,20,25,41,41,1,0,1788963902.9885013,G1,T02,respiro2420_vuoto,0,empty
105146,0,0,0,0,0,0,0,-1,65,13,9,10,10,9,13,13,25,18,45,50,20,32,41,52,1,0,1788963903.1879904,G1,T02,respiro2420_vuoto,0,empty
105346,0,0,0,0,0,0,0,-1,50,13,8,10,9,5,8,8,32,13,41,61,20,32,41,52,1,0,1788963903.3881285,G1,T02,respiro2420_vuoto,0,empty
105546,0,0,0,0,0,0,0,-1,58,29,10,17,10,10,13,8,25,13,34,50,20,25,50,52,1,0,1788963903.5880368,G1,T02,respiro2420_vuoto,0,empty
105746,0,0,0,0,0,0,0,-1,97,20,8,13,17,8,13,13,25,18,34,50,34,18,50,52,1,0,1788963903.7881458,G1,T02,respiro2420_vuoto,0,empty
105946,0,0,0,0,0,0,0,-1,130,45,5,10,16,8,10,10,25,18,34,50,20,32,41,52,1,0,1788963903.9880574,G1,T02,respiro2420_vuoto,0,empty
106146,0,0,0,0,0,0,0,-1,200,90,8,10,17,10,10,8,32,13,52,50,34,32,52,41,1,0,1788963904.1884825,G1,T02,respiro2420_vuoto,0,empty
106346,0,0,0,0,0,0,0,-1,109,25,8,17,9,5,10,10,41,8,52,50,20,32,50,52,1,0,1788963904.3880181,G1,T02,respiro2420_vuoto,0,empty
106546,0,0,0,0,0,0,0,-1,101,18,9,17,10,10,13,8,32,13,41,50,20,41,50,41,1,0,1788963904.591652,G1,T02,respiro2420_vuoto,0,empty
106746,0,0,0,0,0,0,0,-1,136,61,8,10,10,10,13,13,25,13,34,50,20,41,61,52,1,0,1788963904.7881122,G1,T02,respiro2420_vuoto,0,empty
106946,0,0,0,0,0,0,0,-1,128,29,8,10,10,8,8,8,25,20,41,50,20,41,50,52,1,0,1788963904.9901493,G1,T02,respiro2420_vuoto,0,empty
107146,0,0,0,0,0,0,0,-1,74,25,10,10,9,8,8,8,25,8,41,50,20,32,41,52,1,0,1788963905.188053,G1,T02,respiro2420_vuoto,0,empty
107346,0,0,0,0,0,0,0,-1,50,20,13,10,16,5,8,18,25,13,34,50,20,32,41,61,1,0,1788963905.3883061,G1,T02,respiro2420_vuoto,0,empty
107546,0,0,0,0,0,0,0,-1,58,20,13,10,13,10,8,10,25,13,41,61,34,32,50,61,1,0,1788963905.588283,G1,T02,respiro2420_vuoto,0,empty
107746,0,0,0,0,0,0,0,-1,89,53,10,17,8,10,10,20,34,13,41,50,29,32,61,61,1,0,1788963905.7907546,G1,T02,respiro2420_vuoto,0,empty
107946,0,0,0,0,0,0,0,-1,37,25,13,9,10,5,13,13,32,13,34,61,29,32,52,61,1,0,1788963905.9884076,G1,T02,respiro2420_vuoto,0,empty
108146,0,0,0,0,0,0,0,-1,169,80,10,10,10,5,20,13,25,13,34,50,29,32,52,50,1,0,1788963906.1919365,G1,T02,respiro2420_vuoto,0,empty
108346,0,0,0,0,0,0,0,-1,50,50,8,10,9,5,9,8,32,13,41,61,20,41,50,74,1,0,1788963906.3880072,G1,T02,respiro2420_vuoto,0,empty
108546,0,0,0,0,0,0,0,-1,97,17,8,10,9,8,10,10,13,13,41,50,20,25,50,74,1,0,1788963906.5919833,G1,T02,respiro2420_vuoto,0,empty
108746,0,0,0,0,0,0,0,-1,468,170,8,17,9,5,10,10,13,25,41,61,20,13,41,61,1,0,1788963906.788486,G1,T02,respiro2420_vuoto,0,empty
108946,0,0,0,0,0,0,0,-1,136,68,8,17,17,13,13,13,13,18,34,41,20,41,61,61,1,0,1788963906.9883792,G1,T02,respiro2420_vuoto,0,empty
109146,0,0,0,0,0,0,0,-1,61,25,10,17,10,9,20,13,25,13,34,50,20,32,50,61,1,0,1788963907.188103,G1,T02,respiro2420_vuoto,0,empty
109346,0,0,0,0,0,0,0,-1,146,34,10,10,10,8,8,13,25,13,45,41,17,41,50,61,1,0,1788963907.3899872,G1,T02,respiro2420_vuoto,0,empty
109546,0,0,0,0,0,0,0,-1,85,40,10,10,10,10,8,13,18,10,34,61,29,32,50,61,1,0,1788963907.5901403,G1,T02,respiro2420_vuoto,0,empty
109746,0,0,0,0,0,0,0,-1,205,32,13,9,10,9,10,13,18,13,34,50,20,32,41,41,1,0,1788963907.7884083,G1,T02,respiro2420_vuoto,0,empty
109946,0,0,0,0,0,0,0,-1,45,52,13,10,5,10,13,13,34,13,34,50,29,32,50,52,1,0,1788963907.9882205,G1,T02,respiro2420_vuoto,0,empty
110146,0,0,0,0,0,0,0,-1,74,20,17,10,9,9,13,13,25,13,41,50,29,32,50,52,1,0,1788963908.188473,G1,T02,respiro2420_vuoto,0,empty
110346,0,0,0,0,0,0,0,-1,74,58,8,17,10,5,10,10,25,25,45,50,20,32,41,52,1,0,1788963908.3882933,G1,T02,respiro2420_vuoto,0,empty
110546,0,0,0,0,0,0,0,-1,65,61,8,17,13,10,10,8,25,25,45,50,20,32,41,52,1,0,1788963908.5884514,G1,T02,respiro2420_vuoto,0,empty
110746,0,0,0,0,0,0,0,-1,85,13,5,17,13,17,8,8,25,18,52,50,20,32,41,61,1,0,1788963908.7883036,G1,T02,respiro2420_vuoto,0,empty
110946,0,0,0,0,0,0,0,-1,50,29,13,17,9,8,13,8,25,18,34,50,17,32,50,61,1,0,1788963908.9883425,G1,T02,respiro2420_vuoto,0,empty
111146,0,0,0,0,0,0,0,-1,109,37,8,9,9,5,8,13,13,25,41,50,29,32,50,61,1,0,1788963909.187912,G1,T02,respiro2420_vuoto,0,empty
111346,0,0,0,0,0,0,0,-1,101,29,13,16,8,13,10,13,25,13,41,50,34,32,61,52,1,0,1788963909.388639,G1,T02,respiro2420_vuoto,0,empty
111546,0,0,0,0,0,0,0,-1,61,32,5,17,5,5,10,10,25,13,41,50,25,25,41,52,1,0,1788963909.5880587,G1,T02,respiro2420_vuoto,0,empty
111746,0,0,0,0,0,0,0,-1,85,26,8,17,13,13,8,9,32,8,41,50,20,32,50,52,1,0,1788963909.7884011,G1,T02,respiro2420_vuoto,0,empty
111946,0,0,0,0,0,0,0,-1,40,13,9,13,13,10,10,13,25,13,41,50,20,32,61,52,1,0,1788963909.9880753,G1,T02,respiro2420_vuoto,0,empty
112146,0,0,0,0,0,0,0,-1,125,13,10,20,5,9,13,8,25,13,34,41,20,32,41,65,1,0,1788963910.1882117,G1,T02,respiro2420_vuoto,0,empty
112346,0,0,0,0,0,0,0,-1,74,52,8,10,13,9,8,13,32,8,41,50,20,32,41,61,1,0,1788963910.3884308,G1,T02,respiro2420_vuoto,0,empty
112546,0,0,0,0,0,0,0,-1,97,18,9,10,10,5,13,17,25,10,34,50,20,32,41,61,1,0,1788963910.5883648,G1,T02,respiro2420_vuoto,0,empty
112746,0,0,0,0,0,0,0,-1,125,68,5,17,10,13,8,10,29,13,45,50,20,32,41,61,1,0,1788963910.788108,G1,T02,respiro2420_vuoto,0,empty
112946,0,0,0,0,0,0,0,-1,136,16,5,9,9,9,13,13,20,18,34,50,20,32,50,61,1,0,1788963910.9882686,G1,T02,respiro2420_vuoto,0,empty
113146,0,0,0,0,0,0,0,-1,68,74,5,8,16,13,18,18,25,18,52,50,20,25,50,52,1,0,1788963911.1882434,G1,T02,respiro2420_vuoto,0,empty
113346,0,0,0,0,0,0,0,-1,45,18,13,29,5,10,20,10,25,18,41,50,20,34,61,52,1,0,1788963911.3894825,G1,T02,respiro2420_vuoto,0,empty
113546,0,0,0,0,0,0,0,-1,109,37,17,8,9,10,8,5,25,13,41,50,25,25,61,52,1,0,1788963911.5882576,G1,T02,respiro2420_vuoto,0,empty
113746,0,0,0,0,0,0,0,-1,180,72,8,10,13,9,8,8,20,13,34,50,25,25,50,52,1,0,1788963911.7880435,G1,T02,respiro2420_vuoto,0,empty
113946,0,0,0,0,0,0,0,-1,85,29,13,10,10,10,8,13,20,13,34,50,20,41,50,52,1,0,1788963911.988369,G1,T02,respiro2420_vuoto,0,empty
114146,0,0,0,0,0,0,0,-1,50,65,8,9,10,8,13,10,25,13,34,50,17,41,50,52,1,0,1788963912.1883934,G1,T02,respiro2420_vuoto,0,empty
114346,0,0,0,0,0,0,0,-1,200,52,5,8,10,8,13,13,25,13,34,50,17,34,50,52,1,0,1788963912.3883152,G1,T02,respiro2420_vuoto,0,empty
114546,0,0,0,0,0,0,0,-1,72,13,8,13,20,10,13,10,25,13,34,50,20,34,50,52,1,0,1788963912.5881853,G1,T02,respiro2420_vuoto,0,empty
114746,0,0,0,0,0,0,0,-1,130,65,8,9,17,9,13,8,20,18,45,50,25,25,50,52,1,0,1788963912.7881408,G1,T02,respiro2420_vuoto,0,empty
114946,0,0,0,0,0,0,0,-1,170,40,8,5,13,10,13,20,25,13,34,50,20,32,41,52,1,0,1788963912.9919162,G1,T02,respiro2420_vuoto,0,empty
115146,0,0,0,0,0,0,0,-1,125,52,10,5,10,13,5,8,25,13,34,50,20,41,50,52,1,0,1788963913.1881056,G1,T02,respiro2420_vuoto,0,empty
115346,0,0,0,0,0,0,0,-1,98,16,18,9,10,8,13,8,25,13,45,50,20,41,50,41,1,0,1788963913.3887277,G1,T02,respiro2420_vuoto,0,empty
115546,0,0,0,0,0,0,0,-1,61,29,8,9,10,13,13,13,18,18,45,50,20,25,50,52,1,0,1788963913.5901492,G1,T02,respiro2420_vuoto,0,empty
115746,0,0,0,0,0,0,0,-1,45,29,9,10,8,9,13,13,18,18,52,50,25,25,50,61,1,0,1788963913.788296,G1,T02,respiro2420_vuoto,0,empty
115946,0,0,0,0,0,0,0,-1,72,34,8,10,8,10,18,13,18,13,34,50,34,32,41,52,1,0,1788963913.990019,G1,T02,respiro2420_vuoto,0,empty
116146,0,0,0,0,0,0,0,-1,53,34,13,8,8,8,13,9,18,8,41,50,25,32,61,52,1,0,1788963914.1881409,G1,T02,respiro2420_vuoto,0,empty
116346,0,0,0,0,0,0,0,-1,85,26,8,10,8,8,18,13,25,8,32,50,25,25,61,52,1,0,1788963914.3902667,G1,T02,respiro2420_vuoto,0,empty
116546,0,0,0,0,0,0,0,-1,64,32,8,10,8,8,10,13,25,13,45,50,25,25,41,52,1,0,1788963914.5881915,G1,T02,respiro2420_vuoto,0,empty
116746,0,0,0,0,0,0,0,-1,52,25,5,5,10,8,13,13,34,13,45,50,25,32,61,52,1,0,1788963914.7900214,G1,T02,respiro2420_vuoto,0,empty
116946,0,0,0,0,0,0,0,-1,109,29,13,8,10,10,13,8,25,18,45,50,20,41,61,52,1,0,1788963914.9882288,G1,T02,respiro2420_vuoto,0,empty
117146,0,0,0,0,0,0,0,-1,61,25,13,9,10,8,13,13,34,18,34,50,29,50,61,52,1,0,1788963915.1880329,G1,T02,respiro2420_vuoto,0,empty
117346,0,0,0,0,0,0,0,-1,170,41,13,5,9,9,8,13,34,18,34,41,20,32,50,52,1,0,1788963915.389062,G1,T02,respiro2420_vuoto,0,empty
117546,0,0,0,0,0,0,0,-1,65,37,10,10,10,8,8,13,34,10,34,41,26,41,50,52,1,0,1788963915.5881913,G1,T02,respiro2420_vuoto,0,empty
117746,0,0,0,0,0,0,0,-1,181,61,13,9,10,5,9,8,32,10,25,50,29,41,50,52,1,0,1788963915.7884758,G1,T02,respiro2420_vuoto,0,empty
117946,0,0,0,0,0,0,0,-1,89,25,20,8,8,13,9,10,25,13,52,50,20,41,50,65,1,0,1788963915.992287,G1,T02,respiro2420_vuoto,0,empty
118146,0,0,0,0,0,0,0,-1,85,26,13,13,5,13,9,8,32,8,45,50,20,32,41,52,1,0,1788963916.1882172,G1,T02,respiro2420_vuoto,0,empty
118346,0,0,0,0,0,0,0,-1,85,25,13,8,5,10,10,13,25,13,45,50,20,32,41,52,1,0,1788963916.3880463,G1,T02,respiro2420_vuoto,0,empty
118546,0,0,0,0,0,0,0,-1,146,85,13,9,9,10,13,13,18,18,45,52,20,32,41,52,1,0,1788963916.588237,G1,T02,respiro2420_vuoto,0,empty
118746,0,0,0,0,0,0,0,-1,244,73,25,10,5,5,5,10,18,13,34,61,20,32,50,52,1,0,1788963916.7920005,G1,T02,respiro2420_vuoto,0,empty
118946,0,0,0,0,0,0,0,-1,113,25,13,8,9,10,10,13,32,18,41,61,29,41,50,52,1,0,1788963916.9884002,G1,T02,respiro2420_vuoto,0,empty
119146,0,0,0,0,0,0,0,-1,205,29,13,13,5,5,9,13,25,13,34,50,20,32,50,52,1,0,1788963917.1922183,G1,T02,respiro2420_vuoto,0,empty
119346,0,0,0,0,0,0,0,-1,98,34,8,13,10,8,13,10,25,13,34,50,20,32,50,61,1,0,1788963917.3890557,G1,T02,respiro2420_vuoto,0,empty
119546,0,0,0,0,0,0,0,-1,137,17,13,5,10,8,16,8,25,13,25,50,20,32,50,61,1,0,1788963917.591526,G1,T02,respiro2420_vuoto,0,empty
119746,0,0,0,0,0,0,0,-1,106,25,20,8,17,5,8,8,25,13,29,41,20,25,50,52,1,0,1788963917.7883823,G1,T02,respiro2420_vuoto,0,empty
119946,0,0,0,0,0,0,0,-1,40,29,13,13,8,8,13,13,25,13,41,50,20,25,50,61,1,0,1788963917.9911263,G1,T02,respiro2420_vuoto,0,empty
120146,0,0,0,0,0,0,0,-1,353,89,20,25,9,13,13,20,25,8,34,52,29,41,50,52,1,0,1788963918.1884046,G1,T02,respiro2420_vuoto,0,empty
120346,0,0,0,0,0,0,0,-1,52,29,13,10,8,10,10,8,32,13,34,61,29,41,50,61,1,0,1788963918.3897226,G1,T02,respiro2420_vuoto,0,empty
120546,0,0,0,0,0,0,0,-1,90,25,25,13,10,13,13,13,25,13,34,41,29,41,50,61,1,0,1788963918.5881672,G1,T02,respiro2420_vuoto,0,empty
120746,0,0,0,0,0,0,0,-1,26,25,18,13,9,9,10,13,25,10,34,50,29,32,61,61,1,0,1788963918.7901273,G1,T02,respiro2420_vuoto,0,empty
120946,0,0,0,0,0,0,0,-1,113,74,18,13,10,13,13,10,25,13,41,50,25,32,50,61,1,0,1788963918.9881518,G1,T02,respiro2420_vuoto,0,empty
121146,0,0,0,0,0,0,0,-1,125,58,41,9,9,10,13,18,25,13,34,61,20,32,50,50,1,0,1788963919.1902418,G1,T02,respiro2420_vuoto,0,empty
121346,0,0,0,0,0,0,0,-1,100,25,18,8,9,9,13,18,25,13,34,61,20,41,50,41,1,0,1788963919.3889003,G1,T02,respiro2420_vuoto,0,empty
121546,0,0,0,0,0,0,0,-1,109,64,34,5,10,10,13,18,25,18,34,41,20,41,50,52,1,0,1788963919.5879884,G1,T02,respiro2420_vuoto,0,empty
121746,0,0,0,0,0,0,0,-1,104,45,25,8,10,5,9,13,20,8,34,50,20,41,50,52,1,0,1788963919.788388,G1,T02,respiro2420_vuoto,0,empty
121946,0,0,0,0,0,0,0,-1,97,40,25,5,10,10,13,13,20,13,34,50,20,41,50,52,1,0,1788963919.9883523,G1,T02,respiro2420_vuoto,0,empty
122146,0,0,0,0,0,0,0,-1,50,25,8,10,5,10,10,13,18,9,34,41,20,41,50,52,1,0,1788963920.1883793,G1,T02,respiro2420_vuoto,0,empty
122346,0,0,0,0,0,0,0,-1,424,109,34,10,9,5,10,10,18,13,34,50,20,32,50,61,1,0,1788963920.388217,G1,T02,respiro2420_vuoto,0,empty
122546,0,0,0,0,0,0,0,-1,89,50,25,10,9,8,5,13,25,18,34,50,29,32,50,52,1,0,1788963920.5883708,G1,T02,respiro2420_vuoto,0,empty
122746,0,0,0,0,0,0,0,-1,125,37,20,10,5,8,10,8,25,18,34,50,20,32,50,61,1,0,1788963920.788197,G1,T02,respiro2420_vuoto,0,empty
122946,0,0,0,0,0,0,0,-1,40,17,18,10,17,8,9,5,25,18,34,50,25,25,50,52,1,0,1788963920.988276,G1,T02,respiro2420_vuoto,0,empty
123146,0,0,0,0,0,0,0,-1,52,25,29,5,17,5,13,8,25,18,34,50,20,34,50,74,1,0,1788963921.1879637,G1,T02,respiro2420_vuoto,0,empty
123346,0,0,0,0,0,0,0,-1,65,20,13,10,8,8,13,9,25,13,41,50,20,32,50,61,1,0,1788963921.3885095,G1,T02,respiro2420_vuoto,0,empty
123546,0,0,0,0,0,0,0,-1,50,17,13,8,10,13,13,13,25,25,52,61,20,41,50,52,1,0,1788963921.5883482,G1,T02,respiro2420_vuoto,0,empty
123746,0,0,0,0,0,0,0,-1,49,20,25,8,10,10,13,13,25,20,52,61,20,50,50,52,1,0,1788963921.788297,G1,T02,respiro2420_vuoto,0,empty
123946,0,0,0,0,0,0,0,-1,58,41,8,9,8,8,13,13,18,13,34,50,20,25,52,52,1,0,1788963921.987926,G1,T02,respiro2420_vuoto,0,empty
124146,0,0,0,0,0,0,0,-1,80,13,13,8,17,8,8,8,18,13,34,41,13,25,52,61,1,0,1788963922.1882517,G1,T02,respiro2420_vuoto,0,empty
124346,0,0,0,0,0,0,0,-1,233,52,18,17,5,8,8,8,13,18,45,41,34,25,61,52,1,0,1788963922.3884757,G1,T02,respiro2420_vuoto,0,empty
124546,0,0,0,0,0,0,0,-1,80,45,25,10,8,8,13,10,25,13,34,32,20,34,61,52,1,0,1788963922.5879953,G1,T02,respiro2420_vuoto,0,empty
124746,0,0,0,0,0,0,0,-1,98,85,18,10,8,8,13,20,34,10,34,50,20,41,61,52,1,0,1788963922.7924075,G1,T02,respiro2420_vuoto,0,empty
124946,0,0,0,0,0,0,0,-1,41,16,10,10,10,8,13,10,25,13,34,50,20,41,61,61,1,0,1788963922.9884093,G1,T02,respiro2420_vuoto,0,empty
125146,0,0,0,0,0,0,0,-1,97,34,20,5,9,8,13,13,20,13,34,50,20,32,61,52,1,0,1788963923.1915236,G1,T02,respiro2420_vuoto,0,empty
125346,0,0,0,0,0,0,0,-1,164,40,25,5,10,8,13,13,25,10,25,61,20,32,61,52,1,0,1788963923.3892639,G1,T02,respiro2420_vuoto,0,empty
125546,0,0,0,0,0,0,0,-1,50,16,18,10,5,9,13,13,25,25,41,50,20,32,50,52,1,0,1788963923.5879772,G1,T02,respiro2420_vuoto,0,empty
125746,0,0,0,0,0,0,0,-1,50,17,13,10,8,9,13,13,25,18,41,50,20,32,52,52,1,0,1788963923.7881997,G1,T02,respiro2420_vuoto,0,empty
125946,0,0,0,0,0,0,0,-1,145,64,20,9,5,13,9,10,25,13,34,50,20,25,50,52,1,0,1788963923.9884188,G1,T02,respiro2420_vuoto,0,empty
126146,0,0,0,0,0,0,0,-1,65,25,8,5,29,8,5,10,25,13,41,50,26,50,61,61,1,0,1788963924.188097,G1,T02,respiro2420_vuoto,0,empty
126346,0,0,0,0,0,0,0,-1,82,32,8,10,10,13,13,10,25,13,41,61,20,41,52,52,1,0,1788963924.388397,G1,T02,respiro2420_vuoto,0,empty
126546,0,0,0,0,0,0,0,-1,208,25,13,10,10,10,18,13,13,18,41,72,20,34,41,52,1,0,1788963924.588482,G1,T02,respiro2420_vuoto,0,empty
126746,0,0,0,0,0,0,0,-1,85,53,8,10,9,10,13,8,25,18,34,50,20,34,50,52,1,0,1788963924.7922187,G1,T02,respiro2420_vuoto,0,empty
126946,0,0,0,0,0,0,0,-1,37,10,20,9,10,10,10,8,25,25,45,41,18,34,50,52,1,0,1788963924.9883974,G1,T02,respiro2420_vuoto,0,empty
127146,0,0,0,0,0,0,0,-1,41,25,18,8,9,10,10,13,25,13,34,50,20,41,50,52,1,0,1788963925.1903937,G1,T02,respiro2420_vuoto,0,empty
127346,0,0,0,0,0,0,0,-1,98,32,13,8,5,9,13,10,25,10,34,41,29,41,50,41,1,0,1788963925.3890073,G1,T02,respiro2420_vuoto,0,empty
127546,0,0,0,0,0,0,0,-1,36,25,13,9,5,10,5,10,25,10,41,50,29,41,50,41,1,0,1788963925.590378,G1,T02,respiro2420_vuoto,0,empty
127746,0,0,0,0,0,0,0,-1,49,17,8,13,10,10,8,10,18,32,52,50,29,41,50,52,1,0,1788963925.787935,G1,T02,respiro2420_vuoto,0,empty
127946,0,0,0,0,0,0,0,-1,64,41,9,9,9,8,5,13,18,25,45,50,29,41,61,52,1,0,1788963925.9901795,G1,T02,respiro2420_vuoto,0,empty
128146,0,0,0,0,0,0,0,-1,98,29,13,10,17,5,5,13,25,20,41,50,17,41,61,52,1,0,1788963926.1880991,G1,T02,respiro2420_vuoto,0,empty
128346,0,0,0,0,0,0,0,-1,106,41,13,5,17,10,8,13,25,13,41,50,25,32,61,41,1,0,1788963926.3902466,G1,T02,respiro2420_vuoto,0,empty
128546,0,0,0,0,0,0,0,-1,20,13,25,8,18,16,13,10,32,13,34,50,29,32,61,52,1,0,1788963926.5881312,G1,T02,respiro2420_vuoto,0,empty
128746,0,0,0,0,0,0,0,-1,58,18,13,10,9,10,18,8,18,13,41,50,29,32,61,61,1,0,1788963926.7883794,G1,T02,respiro2420_vuoto,0,empty
128946,0,0,0,0,0,0,0,-1,100,68,13,8,10,9,5,5,25,13,41,41,20,25,50,61,1,0,1788963926.9880254,G1,T02,respiro2420_vuoto,0,empty
129146,0,0,0,0,0,0,0,-1,180,53,13,9,10,9,10,9,32,13,34,50,20,41,50,61,1,0,1788963927.188268,G1,T02,respiro2420_vuoto,0,empty
129346,0,0,0,0,0,0,0,-1,89,29,10,10,10,13,5,10,25,10,45,50,20,41,50,52,1,0,1788963927.3890827,G1,T02,respiro2420_vuoto,0,empty
129546,0,0,0,0,0,0,0,-1,109,25,10,13,10,17,13,10,25,13,25,61,29,50,61,52,1,0,1788963927.5893924,G1,T02,respiro2420_vuoto,0,empty
129746,0,0,0,0,0,0,0,-1,170,50,13,8,8,13,8,10,25,13,34,50,20,41,61,52,1,0,1788963927.7879267,G1,T02,respiro2420_vuoto,0,empty
129946,0,0,0,0,0,0,0,-1,68,20,10,5,5,13,13,10,34,10,34,50,34,32,50,61,1,0,1788963927.9880254,G1,T02,respiro2420_vuoto,0,empty
130146,0,0,0,0,0,0,0,-1,185,90,13,8,16,10,10,8,25,13,34,50,20,32,50,61,1,0,1788963928.188426,G1,T02,respiro2420_vuoto,0,empty
130346,0,0,0,0,0,0,0,-1,149,65,5,13,5,13,8,13,25,18,34,41,20,32,52,61,1,0,1788963928.3884094,G1,T02,respiro2420_vuoto,0,empty
130546,0,0,0,0,0,0,0,-1,113,40,8,8,5,9,13,13,18,20,34,41,13,25,61,61,1,0,1788963928.5880687,G1,T02,respiro2420_vuoto,0,empty
130746,0,0,0,0,0,0,0,-1,58,34,25,9,5,9,13,13,18,13,34,41,20,34,61,61,1,0,1788963928.7921178,G1,T02,respiro2420_vuoto,0,empty
130946,0,0,0,0,0,0,0,-1,164,41,5,5,9,13,13,10,25,13,41,41,20,25,41,52,1,0,1788963928.9881842,G1,T02,respiro2420_vuoto,0,empty
131146,0,0,0,0,0,0,0,-1,125,32,25,10,17,9,5,13,25,20,45,61,29,32,50,52,1,0,1788963929.1880965,G1,T02,respiro2420_vuoto,0,empty
131346,0,0,0,0,0,0,0,-1,50,13,25,5,10,8,8,9,32,13,45,50,26,41,50,52,1,0,1788963929.3889039,G1,T02,respiro2420_vuoto,0,empty
131546,0,0,0,0,0,0,0,-1,53,17,10,9,5,8,8,8,25,18,45,32,17,41,50,52,1,0,1788963929.5880768,G1,T02,respiro2420_vuoto,0,empty
131746,0,0,0,0,0,0,0,-1,68,64,8,8,9,8,8,10,25,18,45,50,17,32,41,52,1,0,1788963929.7883153,G1,T02,respiro2420_vuoto,0,empty
131946,0,0,0,0,0,0,0,-1,104,26,5,8,16,10,8,8,25,13,41,50,20,32,50,61,1,0,1788963929.98816,G1,T02,respiro2420_vuoto,0,empty
132146,0,0,0,0,0,0,0,-1,137,72,9,5,10,5,8,13,34,8,29,50,25,32,50,61,1,0,1788963930.1880069,G1,T02,respiro2420_vuoto,0,empty
132346,0,0,0,0,0,0,0,-1,41,20,18,5,10,8,8,8,18,18,34,50,34,41,50,52,1,0,1788963930.3882432,G1,T02,respiro2420_vuoto,0,empty
132546,0,0,0,0,0,0,0,-1,106,32,9,5,10,10,10,10,18,13,34,50,20,25,50,52,1,0,1788963930.5921142,G1,T02,respiro2420_vuoto,0,empty
132746,0,0,0,0,0,0,0,-1,178,80,8,9,10,5,17,10,25,13,25,41,20,25,50,52,1,0,1788963930.788189,G1,T02,respiro2420_vuoto,0,empty
132946,0,0,0,0,0,0,0,-1,36,29,8,5,10,10,10,8,25,13,34,61,20,25,41,41,1,0,1788963930.9912703,G1,T02,respiro2420_vuoto,0,empty
133146,0,0,0,0,0,0,0,-1,144,40,8,13,10,10,13,8,20,18,34,50,20,25,41,41,1,0,1788963931.1880684,G1,T02,respiro2420_vuoto,0,empty
133346,0,0,0,0,0,0,0,-1,50,34,8,10,9,10,13,10,20,18,34,50,20,34,50,52,1,0,1788963931.3889194,G1,T02,respiro2420_vuoto,0,empty
133546,0,0,0,0,0,0,0,-1,68,41,9,10,10,13,13,13,25,13,34,50,20,41,41,52,1,0,1788963931.5884783,G1,T02,respiro2420_vuoto,0,empty
133746,0,0,0,0,0,0,0,-1,65,18,10,10,10,5,9,10,25,13,34,50,20,34,41,52,1,0,1788963931.7923539,G1,T02,respiro2420_vuoto,0,empty
133946,0,0,0,0,0,0,0,-1,178,73,5,5,13,9,5,10,25,13,34,50,20,34,41,52,1,0,1788963931.988356,G1,T02,respiro2420_vuoto,0,empty
134146,0,0,0,0,0,0,0,-1,98,26,8,9,13,13,18,13,32,20,45,50,20,34,50,52,1,0,1788963932.191396,G1,T02,respiro2420_vuoto,0,empty
134346,0,0,0,0,0,0,0,-1,85,20,10,5,10,5,8,5,13,13,45,50,20,34,41,52,1,0,1788963932.3883722,G1,T02,respiro2420_vuoto,0,empty
134546,0,0,0,0,0,0,0,-1,50,53,5,5,9,10,25,13,20,13,45,50,29,41,50,61,1,0,1788963932.5903606,G1,T02,respiro2420_vuoto,0,empty
134746,0,0,0,0,0,0,0,-1,205,72,13,8,16,10,10,13,25,13,52,50,29,32,50,52,1,0,1788963932.78969,G1,T02,respiro2420_vuoto,0,empty
134946,0,0,0,0,0,0,0,-1,40,10,8,18,8,8,13,13,25,9,40,41,29,32,50,52,1,0,1788963932.9902058,G1,T02,respiro2420_vuoto,0,empty
135146,0,0,0,0,0,0,0,-1,80,26,8,13,10,13,5,8,25,8,40,41,20,25,50,52,1,0,1788963933.1908724,G1,T02,respiro2420_vuoto,0,empty
135346,0,0,0,0,0,0,0,-1,100,45,4,13,9,9,10,10,25,13,40,41,20,25,50,52,1,0,1788963933.3914661,G1,T02,respiro2420_vuoto,0,empty
135546,0,0,0,0,0,0,0,-1,80,45,8,13,5,17,13,13,18,8,34,41,20,25,41,52,1,0,1788963933.5916934,G1,T02,respiro2420_vuoto,0,empty
135746,0,0,0,0,0,0,0,-1,145,29,5,9,9,10,13,13,18,13,34,50,17,32,41,41,1,0,1788963933.7925332,G1,T02,respiro2420_vuoto,0,empty
135946,0,0,0,0,0,0,0,-1,125,52,8,10,10,13,13,13,25,13,34,50,20,25,41,41,1,0,1788963933.993071,G1,T02,respiro2420_vuoto,0,empty
136146,0,0,0,0,0,0,0,-1,145,13,10,13,10,10,13,13,20,13,34,50,20,25,50,61,1,0,1788963934.1900434,G1,T02,respiro2420_vuoto,0,empty
136346,0,0,0,0,0,0,0,-1,58,52,10,13,10,10,13,8,20,13,25,50,29,41,61,52,1,0,1788963934.3882039,G1,T02,respiro2420_vuoto,0,empty
136546,0,0,0,0,0,0,0,-1,68,25,10,5,10,13,8,8,20,18,34,50,29,32,41,52,1,0,1788963934.5900035,G1,T02,respiro2420_vuoto,0,empty
136746,0,0,0,0,0,0,0,-1,145,41,10,13,9,10,13,13,25,13,41,50,29,25,41,52,1,0,1788963934.7881489,G1,T02,respiro2420_vuoto,0,empty
136946,0,0,0,0,0,0,0,-1,65,26,5,13,16,10,10,13,25,13,41,50,20,25,41,52,1,0,1788963934.9902554,G1,T02,respiro2420_vuoto,0,empty
137146,0,0,0,0,0,0,0,-1,45,20,10,13,9,5,8,8,18,13,41,50,17,41,50,61,1,0,1788963935.1879532,G1,T02,respiro2420_vuoto,0,empty
137346,0,0,0,0,0,0,0,-1,100,13,18,8,9,8,9,9,25,13,41,50,40,50,50,61,1,0,1788963935.3893096,G1,T02,respiro2420_vuoto,0,empty
137546,0,0,0,0,0,0,0,-1,49,17,9,8,8,8,10,8,18,18,41,50,25,41,50,61,1,0,1788963935.5922291,G1,T02,respiro2420_vuoto,0,empty
137746,0,0,0,0,0,0,0,-1,52,17,8,18,5,8,10,13,25,18,50,61,20,34,50,61,1,0,1788963935.7881277,G1,T02,respiro2420_vuoto,0,empty
137946,0,0,0,0,0,0,0,-1,74,61,5,18,9,9,10,5,18,18,34,50,20,34,50,52,1,0,1788963935.9881217,G1,T02,respiro2420_vuoto,0,empty
138146,0,0,0,0,0,0,0,-1,137,72,8,18,8,8,8,10,25,13,41,50,13,41,50,61,1,0,1788963936.1880085,G1,T02,respiro2420_vuoto,0,empty
138346,0,0,0,0,0,0,0,-1,45,13,13,8,8,13,8,10,25,13,41,50,20,32,61,52,1,0,1788963936.3883483,G1,T02,respiro2420_vuoto,0,empty
138546,0,0,0,0,0,0,0,-1,101,25,13,8,10,5,9,13,18,13,34,50,20,32,41,41,1,0,1788963936.587994,G1,T02,respiro2420_vuoto,0,empty
138746,0,0,0,0,0,0,0,-1,89,50,8,8,10,5,10,13,18,8,34,50,20,41,41,52,1,0,1788963936.7883277,G1,T02,respiro2420_vuoto,0,empty
138946,0,0,0,0,0,0,0,-1,58,34,8,13,9,9,10,8,18,8,41,50,20,41,50,52,1,0,1788963936.9879932,G1,T02,respiro2420_vuoto,0,empty
139146,0,0,0,0,0,0,0,-1,58,25,9,8,9,8,13,13,25,13,41,50,13,29,50,52,1,0,1788963937.188085,G1,T02,respiro2420_vuoto,0,empty
139346,0,0,0,0,0,0,0,-1,41,20,13,8,9,8,9,13,25,18,45,50,20,32,50,52,1,0,1788963937.3880305,G1,T02,respiro2420_vuoto,0,empty
139546,0,0,0,0,0,0,0,-1,97,32,20,9,16,8,10,8,25,18,45,61,25,32,50,61,1,0,1788963937.5902188,G1,T02,respiro2420_vuoto,0,empty
139746,0,0,0,0,0,0,0,-1,61,26,18,13,10,8,13,13,25,13,41,72,20,32,50,61,1,0,1788963937.788062,G1,T02,respiro2420_vuoto,0,empty
139946,0,0,0,0,0,0,0,-1,104,34,13,13,10,8,13,10,18,13,41,72,29,32,50,61,1,0,1788963937.9890308,G1,T02,respiro2420_vuoto,0,empty
140146,0,0,0,0,0,0,0,-1,65,37,13,8,10,10,20,9,20,25,52,50,29,41,50,61,1,0,1788963938.1881766,G1,T02,respiro2420_vuoto,0,empty
140346,0,0,0,0,0,0,0,-1,157,45,25,10,8,9,13,13,25,25,41,50,29,32,41,52,1,0,1788963938.388319,G1,T02,respiro2420_vuoto,0,empty
140546,0,0,0,0,0,0,0,-1,73,29,29,8,8,8,13,13,20,13,34,61,34,25,50,61,1,0,1788963938.588318,G1,T02,respiro2420_vuoto,0,empty
140746,0,0,0,0,0,0,0,-1,153,36,16,8,10,10,13,18,25,13,34,50,34,32,61,61,1,0,1788963938.7882442,G1,T02,respiro2420_vuoto,0,empty
140946,0,0,0,0,0,0,0,-1,61,25,13,5,13,10,13,13,25,13,34,61,25,32,50,61,1,0,1788963938.9880927,G1,T02,respiro2420_vuoto,0,empty
141146,0,0,0,0,0,0,0,-1,37,37,20,9,13,8,13,13,25,13,34,50,25,32,50,61,1,0,1788963939.188069,G1,T02,respiro2420_vuoto,0,empty
141346,0,0,0,0,0,0,0,-1,50,25,20,8,9,5,5,8,34,18,34,50,20,32,50,61,1,0,1788963939.3883922,G1,T02,respiro2420_vuoto,0,empty
141546,0,0,0,0,0,0,0,-1,97,50,20,5,13,8,13,13,41,13,52,50,20,25,50,45,1,0,1788963939.5904286,G1,T02,respiro2420_vuoto,0,empty
141746,0,0,0,0,0,0,0,-1,65,41,20,13,8,13,13,8,25,13,41,50,29,25,50,61,1,0,1788963939.7879953,G1,T02,respiro2420_vuoto,0,empty
141946,0,0,0,0,0,0,0,-1,80,32,17,13,13,10,9,13,34,8,41,50,20,32,50,61,1,0,1788963939.9882114,G1,T02,respiro2420_vuoto,0,empty
142146,0,0,0,0,0,0,0,-1,185,29,29,13,9,9,10,13,34,10,41,50,20,25,50,61,1,0,1788963940.188203,G1,T02,respiro2420_vuoto,0,empty
142346,0,0,0,0,0,0,0,-1,137,58,20,13,10,10,13,8,34,13,52,50,20,32,50,50,1,0,1788963940.3882837,G1,T02,respiro2420_vuoto,0,empty
142546,0,0,0,0,0,0,0,-1,101,17,25,9,9,10,13,8,18,20,52,50,20,41,61,41,1,0,1788963940.588238,G1,T02,respiro2420_vuoto,0,empty
142746,0,0,0,0,0,0,0,-1,277,80,25,8,8,18,8,8,18,20,34,50,25,25,52,61,1,0,1788963940.7881677,G1,T02,respiro2420_vuoto,0,empty
142946,0,0,0,0,0,0,0,-1,52,34,18,13,9,13,20,13,41,13,34,50,34,32,52,52,1,0,1788963940.9881024,G1,T02,respiro2420_vuoto,0,empty
143146,0,0,0,0,0,0,0,-1,137,45,32,9,13,8,10,13,25,13,34,50,29,41,52,52,1,0,1788963941.1882672,G1,T02,respiro2420_vuoto,0,empty
143346,0,0,0,0,0,0,0,-1,82,50,29,10,10,10,5,8,25,13,34,50,20,34,50,61,1,0,1788963941.388084,G1,T02,respiro2420_vuoto,0,empty
143546,0,0,0,0,0,0,0,-1,45,10,41,20,9,9,13,18,20,18,34,50,20,34,50,61,1,0,1788963941.5893157,G1,T02,respiro2420_vuoto,0,empty
143746,0,0,0,0,0,0,0,-1,122,34,41,8,9,9,8,10,25,13,34,61,29,25,41,52,1,0,1788963941.7883484,G1,T02,respiro2420_vuoto,0,empty
143946,0,0,0,0,0,0,0,-1,85,20,34,8,10,9,5,10,18,18,52,50,29,41,61,52,1,0,1788963941.9879854,G1,T02,respiro2420_vuoto,0,empty
144146,0,0,0,0,0,0,0,-1,260,53,25,18,10,10,10,10,25,18,45,50,20,34,50,52,1,0,1788963942.1882524,G1,T02,respiro2420_vuoto,0,empty
144346,0,0,0,0,0,0,0,-1,89,26,25,13,8,5,10,13,32,8,45,50,20,34,50,41,1,0,1788963942.3880029,G1,T02,respiro2420_vuoto,0,empty
144546,0,0,0,0,0,0,0,-1,49,26,13,13,10,5,9,13,32,10,34,50,20,41,32,50,1,0,1788963942.5882711,G1,T02,respiro2420_vuoto,0,empty
144746,0,0,0,0,0,0,0,-1,116,29,25,9,10,8,9,13,32,13,34,50,20,32,32,61,1,0,1788963942.7883425,G1,T02,respiro2420_vuoto,0,empty
144946,0,0,0,0,0,0,0,-1,145,26,13,13,13,8,9,8,32,13,34,41,20,50,32,52,1,0,1788963942.9922302,G1,T02,respiro2420_vuoto,0,empty
145146,0,0,0,0,0,0,0,-1,274,130,18,5,10,10,9,8,25,13,34,50,17,41,41,61,1,0,1788963943.1882768,G1,T02,respiro2420_vuoto,0,empty
145346,0,0,0,0,0,0,0,-1,50,17,13,18,10,8,5,8,25,18,34,50,20,32,41,61,1,0,1788963943.3924468,G1,T02,respiro2420_vuoto,0,empty
145546,0,0,0,0,0,0,0,-1,221,53,13,8,10,9,5,8,25,18,34,50,20,32,41,61,1,0,1788963943.590253,G1,T02,respiro2420_vuoto,0,empty
145746,0,0,0,0,0,0,0,-1,185,80,20,8,9,8,8,8,25,13,45,61,20,41,41,52,1,0,1788963943.792882,G1,T02,respiro2420_vuoto,0,empty
145946,0,0,0,0,0,0,0,-1,117,17,10,18,10,5,8,8,25,18,34,50,20,32,41,61,1,0,1788963943.9882772,G1,T02,respiro2420_vuoto,0,empty
146146,0,0,0,0,0,0,0,-1,45,26,9,20,5,13,10,8,25,18,34,50,20,32,41,61,1,0,1788963944.1923904,G1,T02,respiro2420_vuoto,0,empty
146346,0,0,0,0,0,0,0,-1,106,20,5,5,9,13,8,8,25,18,41,52,20,32,41,61,1,0,1788963944.388103,G1,T02,respiro2420_vuoto,0,empty
146546,0,0,0,0,0,0,0,-1,100,52,8,13,5,5,13,10,25,18,58,52,18,32,41,52,1,0,1788963944.5923429,G1,T02,respiro2420_vuoto,0,empty
146746,0,0,0,0,0,0,0,-1,113,34,9,18,5,13,10,8,25,25,45,50,20,41,41,50,1,0,1788963944.7881331,G1,T02,respiro2420_vuoto,0,empty
146946,0,0,0,0,0,0,0,-1,72,29,8,18,5,8,13,8,20,13,41,50,20,32,41,61,1,0,1788963944.9923952,G1,T02,respiro2420_vuoto,0,empty
147146,0,0,0,0,0,0,0,-1,145,53,8,13,10,10,8,13,32,13,34,50,20,18,41,61,1,0,1788963945.1881726,G1,T02,respiro2420_vuoto,0,empty
147346,0,0,0,0,0,0,0,-1,128,65,5,13,5,8,8,13,25,10,34,50,20,32,32,61,1,0,1788963945.3923016,G1,T02,respiro2420_vuoto,0,empty
147546,0,0,0,0,0,0,0,-1,34,10,10,13,10,8,13,13,25,13,45,50,20,25,32,52,1,0,1788963945.5895295,G1,T02,respiro2420_vuoto,0,empty
147746,0,0,0,0,0,0,0,-1,170,74,5,18,5,9,13,8,18,13,41,50,20,25,32,61,1,0,1788963945.7901423,G1,T02,respiro2420_vuoto,0,empty
147946,0,0,0,0,0,0,0,-1,185,41,10,8,10,9,8,9,32,13,41,50,20,25,32,61,1,0,1788963945.9879003,G1,T02,respiro2420_vuoto,0,empty
148146,0,0,0,0,0,0,0,-1,29,17,29,13,9,13,8,5,18,10,34,50,29,25,41,61,1,0,1788963946.189422,G1,T02,respiro2420_vuoto,0,empty
148346,0,0,0,0,0,0,0,-1,185,61,8,13,9,8,13,13,18,13,41,50,29,25,41,61,1,0,1788963946.388005,G1,T02,respiro2420_vuoto,0,empty
148546,0,0,0,0,0,0,0,-1,202,41,8,10,13,10,8,13,20,18,34,61,29,25,32,52,1,0,1788963946.588352,G1,T02,respiro2420_vuoto,0,empty
148746,0,0,0,0,0,0,0,-1,100,26,10,13,9,10,16,8,25,13,34,61,40,41,41,52,1,0,1788963946.7881706,G1,T02,respiro2420_vuoto,0,empty
148946,0,0,0,0,0,0,0,-1,82,20,13,13,5,10,8,10,32,13,34,50,29,41,50,52,1,0,1788963946.9882894,G1,T02,respiro2420_vuoto,0,empty
149146,0,0,0,0,0,0,0,-1,97,17,8,18,5,8,8,10,25,13,34,50,29,41,34,52,1,0,1788963947.18837,G1,T02,respiro2420_vuoto,0,empty
149346,0,0,0,0,0,0,0,-1,130,50,8,18,10,10,20,13,18,13,34,41,17,41,50,52,1,0,1788963947.3883662,G1,T02,respiro2420_vuoto,0,empty
149546,0,0,0,0,0,0,0,-1,109,25,10,13,9,5,20,10,18,8,34,50,17,41,41,52,1,0,1788963947.5900197,G1,T02,respiro2420_vuoto,0,empty
149746,0,0,0,0,0,0,0,-1,81,50,13,8,10,9,5,5,18,10,34,50,20,41,41,61,1,0,1788963947.787967,G1,T02,respiro2420_vuoto,0,empty
149946,0,0,0,0,0,0,0,-1,89,36,25,9,16,5,8,8,18,17,25,50,20,34,41,61,1,0,1788963947.9880114,G1,T02,respiro2420_vuoto,0,empty
150146,0,0,0,0,0,0,0,-1,74,65,18,8,16,8,10,13,18,13,34,50,29,41,41,61,1,0,1788963948.1882985,G1,T02,respiro2420_vuoto,0,empty
150346,0,0,0,0,0,0,0,-1,162,65,10,13,17,5,9,13,20,13,41,52,25,41,41,61,1,0,1788963948.3933592,G1,T02,respiro2420_vuoto,0,empty
150546,0,0,0,0,0,0,0,-1,41,25,10,13,10,10,20,17,32,18,41,41,25,32,41,52,1,0,1788963948.588199,G1,T02,respiro2420_vuoto,0,empty
150746,0,0,0,0,0,0,0,-1,125,58,13,8,13,9,8,9,32,13,41,50,25,25,41,41,1,0,1788963948.7932708,G1,T02,respiro2420_vuoto,0,empty
150946,0,0,0,0,0,0,0,-1,64,20,13,8,13,8,8,13,20,13,41,52,29,41,41,52,1,0,1788963948.9883122,G1,T02,respiro2420_vuoto,0,empty
151146,0,0,0,0,0,0,0,-1,45,18,13,13,9,8,8,13,20,13,41,61,29,32,41,52,1,0,1788963949.1898067,G1,T02,respiro2420_vuoto,0,empty
151346,0,0,0,0,0,0,0,-1,149,25,5,9,10,5,13,13,20,18,34,50,29,32,41,52,1,0,1788963949.3880603,G1,T02,respiro2420_vuoto,0,empty
151546,0,0,0,0,0,0,0,-1,128,29,13,13,9,10,8,8,13,18,52,50,20,32,41,52,1,0,1788963949.5899296,G1,T02,respiro2420_vuoto,0,empty
151746,0,0,0,0,0,0,0,-1,58,9,13,13,13,10,10,13,25,18,52,50,25,25,41,52,1,0,1788963949.787881,G1,T02,respiro2420_vuoto,0,empty
151946,0,0,0,0,0,0,0,-1,113,34,8,18,10,10,8,10,20,18,41,50,20,25,41,52,1,0,1788963949.9882655,G1,T02,respiro2420_vuoto,0,empty
152146,0,0,0,0,0,0,0,-1,145,41,10,18,9,10,18,8,20,18,52,41,13,25,32,52,1,0,1788963950.1880827,G1,T02,respiro2420_vuoto,0,empty
152346,0,0,0,0,0,0,0,-1,90,53,13,10,10,9,18,13,20,13,52,50,20,41,32,52,1,0,1788963950.3884137,G1,T02,respiro2420_vuoto,0,empty
152546,0,0,0,0,0,0,0,-1,85,58,10,13,9,8,5,8,41,13,52,50,20,41,41,45,1,0,1788963950.5881824,G1,T02,respiro2420_vuoto,0,empty
152746,0,0,0,0,0,0,0,-1,197,53,13,13,8,8,8,8,25,13,41,50,20,41,41,52,1,0,1788963950.7883627,G1,T02,respiro2420_vuoto,0,empty
152946,0,0,0,0,0,0,0,-1,281,82,13,13,10,8,9,13,25,13,52,50,20,41,32,50,1,0,1788963950.987986,G1,T02,respiro2420_vuoto,0,empty
153146,0,0,0,0,0,0,0,-1,122,73,25,13,10,8,5,10,25,13,41,50,25,25,41,52,1,0,1788963951.188018,G1,T02,respiro2420_vuoto,0,empty
153346,0,0,0,0,0,0,0,-1,65,25,18,13,5,10,18,13,18,20,41,50,29,41,50,52,1,0,1788963951.3882158,G1,T02,respiro2420_vuoto,0,empty
153546,0,0,0,0,0,0,0,-1,196,82,18,5,10,9,13,13,25,20,41,50,25,32,41,52,1,0,1788963951.589963,G1,T02,respiro2420_vuoto,0,empty
153746,0,0,0,0,0,0,0,-1,212,61,25,8,13,10,13,8,25,20,41,50,25,25,34,61,1,0,1788963951.7915087,G1,T02,respiro2420_vuoto,0,empty
153946,0,0,0,0,0,0,0,-1,265,113,25,13,5,10,13,10,25,13,41,50,25,25,50,65,1,0,1788963951.9903688,G1,T02,respiro2420_vuoto,0,empty
154146,0,0,0,0,0,0,0,-1,34,25,25,10,10,4,5,8,34,13,41,50,29,32,32,52,1,0,1788963952.1910827,G1,T02,respiro2420_vuoto,0,empty
154346,0,0,0,0,0,0,0,-1,72,50,25,13,10,8,8,8,25,13,34,50,20,25,32,52,1,0,1788963952.3921697,G1,T02,respiro2420_vuoto,0,empty
154546,0,0,0,0,0,0,0,-1,73,34,18,10,13,10,10,13,18,13,34,50,25,25,32,52,1,0,1788963952.5935652,G1,T02,respiro2420_vuoto,0,empty
154746,0,0,0,0,0,0,0,-1,65,17,13,8,5,5,5,13,18,10,34,50,25,34,61,52,1,0,1788963952.7931194,G1,T02,respiro2420_vuoto,0,empty
154946,0,0,0,0,0,0,0,-1,194,90,25,8,10,5,5,10,34,13,41,61,25,32,41,52,1,0,1788963952.9899824,G1,T02,respiro2420_vuoto,0,empty
155146,0,0,0,0,0,0,0,-1,34,18,16,20,8,9,8,13,25,8,29,52,20,32,41,52,1,0,1788963953.1881292,G1,T02,respiro2420_vuoto,0,empty
155346,0,0,0,0,0,0,0,-1,136,29,13,13,5,13,8,13,25,13,45,41,20,32,41,61,1,0,1788963953.3901746,G1,T02,respiro2420_vuoto,0,empty
155546,0,0,0,0,0,0,0,-1,125,17,13,8,8,8,8,8,34,13,34,52,29,50,41,52,1,0,1788963953.5898087,G1,T02,respiro2420_vuoto,0,empty
155746,0,0,0,0,0,0,0,-1,73,17,13,10,9,8,5,8,25,13,41,50,25,32,41,52,1,0,1788963953.7880397,G1,T02,respiro2420_vuoto,0,empty
155946,0,0,0,0,0,0,0,-1,146,37,18,13,17,5,8,8,34,8,34,50,20,32,32,41,1,0,1788963953.9883702,G1,T02,respiro2420_vuoto,0,empty
156146,0,0,0,0,0,0,0,-1,82,37,10,10,10,10,8,13,25,13,34,50,20,41,32,41,1,0,1788963954.193397,G1,T02,respiro2420_vuoto,0,empty
156346,0,0,0,0,0,0,0,-1,80,17,13,13,10,8,13,9,18,20,41,50,25,41,41,61,1,0,1788963954.3884056,G1,T02,respiro2420_vuoto,0,empty
156546,0,0,0,0,0,0,0,-1,157,52,13,10,10,5,13,13,25,18,41,50,29,41,41,65,1,0,1788963954.5934966,G1,T02,respiro2420_vuoto,0,empty
156746,0,0,0,0,0,0,0,-1,68,18,5,18,10,9,13,8,20,13,41,61,20,41,41,52,1,0,1788963954.788034,G1,T02,respiro2420_vuoto,0,empty
156946,0,0,0,0,0,0,0,-1,58,58,8,18,5,9,5,8,32,20,41,50,20,32,41,52,1,0,1788963954.992526,G1,T02,respiro2420_vuoto,0,empty
157146,0,0,0,0,0,0,0,-1,125,52,17,13,10,8,8,13,25,13,34,50,20,41,41,52,1,0,1788963955.1882548,G1,T02,respiro2420_vuoto,0,empty
157346,0,0,0,0,0,0,0,-1,116,32,10,8,10,5,9,13,34,13,41,50,20,32,32,52,1,0,1788963955.389653,G1,T02,respiro2420_vuoto,0,empty
157546,0,0,0,0,0,0,0,-1,45,13,13,10,13,8,10,18,25,13,41,50,25,25,32,52,1,0,1788963955.5900204,G1,T02,respiro2420_vuoto,0,empty
157746,0,0,0,0,0,0,0,-1,261,73,13,5,10,5,13,13,18,13,41,50,20,25,32,52,1,0,1788963955.7886236,G1,T02,respiro2420_vuoto,0,empty
157946,0,0,0,0,0,0,0,-1,65,18,8,18,10,8,5,10,25,13,41,50,25,32,32,61,1,0,1788963955.9883149,G1,T02,respiro2420_vuoto,0,empty
158146,0,0,0,0,0,0,0,-1,229,73,10,18,5,9,8,8,32,13,25,50,25,32,32,50,1,0,1788963956.1880639,G1,T02,respiro2420_vuoto,0,empty
158346,0,0,0,0,0,0,0,-1,85,37,10,10,25,10,5,8,18,18,34,61,34,32,32,50,1,0,1788963956.3879192,G1,T02,respiro2420_vuoto,0,empty
158546,0,0,0,0,0,0,0,-1,160,97,8,18,13,5,13,9,25,13,34,50,29,32,41,61,1,0,1788963956.5884256,G1,T02,respiro2420_vuoto,0,empty
158746,0,0,0,0,0,0,0,-1,58,41,5,13,13,13,5,5,18,18,34,50,18,32,41,52,1,0,1788963956.788388,G1,T02,respiro2420_vuoto,0,empty
158946,0,0,0,0,0,0,0,-1,106,50,9,13,10,10,5,5,25,18,34,61,20,32,41,61,1,0,1788963956.991704,G1,T02,respiro2420_vuoto,0,empty
159146,0,0,0,0,0,0,0,-1,128,32,13,8,5,13,5,8,25,18,41,50,20,32,41,52,1,0,1788963957.1883879,G1,T02,respiro2420_vuoto,0,empty
159346,0,0,0,0,0,0,0,-1,61,17,8,8,5,8,5,13,34,20,34,50,20,32,41,52,1,0,1788963957.3924544,G1,T02,respiro2420_vuoto,0,empty
159546,0,0,0,0,0,0,0,-1,169,64,9,10,8,17,5,8,25,8,32,50,20,32,41,52,1,0,1788963957.5894723,G1,T02,respiro2420_vuoto,0,empty
159746,0,0,0,0,0,0,0,-1,40,26,9,5,9,8,13,8,34,13,41,41,18,25,41,61,1,0,1788963957.789417,G1,T02,respiro2420_vuoto,0,empty
159946,0,0,0,0,0,0,0,-1,146,41,10,13,9,13,10,9,25,13,34,50,20,41,41,52,1,0,1788963957.9896836,G1,T02,respiro2420_vuoto,0,empty
160146,0,0,0,0,0,0,0,-1,125,40,9,9,5,8,10,10,25,18,34,50,20,41,41,52,1,0,1788963958.188048,G1,T02,respiro2420_vuoto,0,empty
160346,0,0,0,0,0,0,0,-1,104,26,8,9,9,18,8,13,25,13,34,50,20,32,50,52,1,0,1788963958.3902273,G1,T02,respiro2420_vuoto,0,empty
160546,0,0,0,0,0,0,0,-1,226,36,8,8,20,10,8,8,25,13,34,50,25,25,41,52,1,0,1788963958.5883121,G1,T02,respiro2420_vuoto,0,empty
160746,0,0,0,0,0,0,0,-1,72,50,5,13,8,10,8,8,25,13,45,41,26,32,50,52,1,0,1788963958.790908,G1,T02,respiro2420_vuoto,0,empty
160946,0,0,0,0,0,0,0,-1,194,72,10,13,9,9,9,10,32,8,34,50,20,32,41,52,1,0,1788963958.9933283,G1,T02,respiro2420_vuoto,0,empty
161146,0,0,0,0,0,0,0,-1,136,40,8,8,10,5,5,8,25,18,41,50,20,41,41,52,1,0,1788963959.190161,G1,T02,respiro2420_vuoto,0,empty
161346,0,0,0,0,0,0,0,-1,85,26,8,13,10,5,5,8,25,18,41,61,25,25,32,52,1,0,1788963959.387943,G1,T02,respiro2420_vuoto,0,empty
161546,0,0,0,0,0,0,0,-1,89,68,8,13,13,13,8,8,25,13,41,41,25,32,32,52,1,0,1788963959.5900042,G1,T02,respiro2420_vuoto,0,empty
161746,0,0,0,0,0,0,0,-1,130,26,13,8,9,8,8,13,32,13,34,41,20,32,41,52,1,0,1788963959.792856,G1,T02,respiro2420_vuoto,0,empty
161946,0,0,0,0,0,0,0,-1,229,85,5,10,8,8,8,8,25,13,41,50,20,32,41,52,1,0,1788963959.9883032,G1,T02,respiro2420_vuoto,0,empty
162146,0,0,0,0,0,0,0,-1,49,18,5,8,9,5,9,10,25,13,34,50,20,32,41,52,1,0,1788963960.1884334,G1,T02,respiro2420_vuoto,0,empty
162346,0,0,0,0,0,0,0,-1,113,20,10,5,17,9,10,5,18,13,41,61,29,32,41,52,1,0,1788963960.388358,G1,T02,respiro2420_vuoto,0,empty
162546,0,0,0,0,0,0,0,-1,106,36,13,5,17,8,13,10,25,13,41,41,17,41,41,52,1,0,1788963960.588335,G1,T02,respiro2420_vuoto,0,empty
162746,0,0,0,0,0,0,0,-1,49,17,9,13,16,9,13,10,25,13,34,50,20,34,41,52,1,0,1788963960.7923994,G1,T02,respiro2420_vuoto,0,empty
162946,0,0,0,0,0,0,0,-1,68,53,5,5,10,10,13,13,25,18,58,41,20,41,41,52,1,0,1788963960.9884188,G1,T02,respiro2420_vuoto,0,empty
163146,0,0,0,0,0,0,0,-1,148,34,13,13,8,8,13,13,20,13,45,34,20,32,41,52,1,0,1788963961.1882782,G1,T02,respiro2420_vuoto,0,empty
163346,0,0,0,0,0,0,0,-1,65,29,5,18,10,10,13,10,25,8,25,50,20,41,41,41,1,0,1788963961.3938572,G1,T02,respiro2420_vuoto,0,empty
163546,0,0,0,0,0,0,0,-1,205,85,13,9,9,10,8,10,25,13,34,50,20,32,41,41,1,0,1788963961.590178,G1,T02,respiro2420_vuoto,0,empty
163746,0,0,0,0,0,0,0,-1,45,25,5,13,10,17,13,13,25,13,34,50,34,32,34,61,1,0,1788963961.7934763,G1,T02,respiro2420_vuoto,0,empty
163946,0,0,0,0,0,0,0,-1,58,26,8,8,13,5,10,13,25,10,34,61,29,32,32,52,1,0,1788963961.9882529,G1,T02,respiro2420_vuoto,0,empty
164146,0,0,0,0,0,0,0,-1,338,100,8,8,9,8,17,20,25,13,34,61,29,25,34,61,1,0,1788963962.1937692,G1,T02,respiro2420_vuoto,0,empty
164346,0,0,0,0,0,0,0,-1,250,37,13,5,9,9,8,8,18,13,34,61,29,25,41,61,1,0,1788963962.387982,G1,T02,respiro2420_vuoto,0,empty
164546,0,0,0,0,0,0,0,-1,41,18,10,8,17,8,9,10,25,13,34,50,29,41,41,41,1,0,1788963962.5883565,G1,T02,respiro2420_vuoto,0,empty
164746,0,0,0,0,0,0,0,-1,130,25,16,13,9,5,13,13,25,13,41,50,29,41,41,41,1,0,1788963962.788401,G1,T02,respiro2420_vuoto,0,empty
164946,0,0,0,0,0,0,0,-1,74,13,10,8,10,8,18,8,25,13,34,50,29,32,41,52,1,0,1788963962.988147,G1,T02,respiro2420_vuoto,0,empty
165146,0,0,0,0,0,0,0,-1,100,36,8,13,10,9,9,9,25,13,34,41,20,32,41,52,1,0,1788963963.1884406,G1,T02,respiro2420_vuoto,0,empty
165346,0,0,0,0,0,0,0,-1,40,34,13,10,10,8,10,8,32,20,32,61,20,32,41,61,1,0,1788963963.3882246,G1,T02,respiro2420_vuoto,0,empty
165546,0,0,0,0,0,0,0,-1,40,25,9,10,10,8,13,8,25,10,41,50,20,25,41,52,1,0,1788963963.5880241,G1,T02,respiro2420_vuoto,0,empty
165746,0,0,0,0,0,0,0,-1,50,41,17,9,10,9,18,13,25,13,52,50,29,32,41,52,1,0,1788963963.7908592,G1,T02,respiro2420_vuoto,0,empty
165946,0,0,0,0,0,0,0,-1,89,34,9,13,13,10,18,13,25,13,25,50,20,32,41,52,1,0,1788963963.9901845,G1,T02,respiro2420_vuoto,0,empty
166146,0,0,0,0,0,0,0,-1,109,26,13,13,13,10,8,13,25,18,34,50,20,32,41,52,1,0,1788963964.188323,G1,T02,respiro2420_vuoto,0,empty
166346,0,0,0,0,0,0,0,-1,162,53,13,5,10,10,13,13,20,13,34,61,29,41,41,52,1,0,1788963964.3902428,G1,T02,respiro2420_vuoto,0,empty
166546,0,0,0,0,0,0,0,-1,82,20,8,10,10,8,8,13,20,13,41,50,29,32,41,52,1,0,1788963964.587939,G1,T02,respiro2420_vuoto,0,empty
166746,0,0,0,0,0,0,0,-1,73,61,8,8,5,10,13,10,20,13,41,52,20,41,50,52,1,0,1788963964.7898035,G1,T02,respiro2420_vuoto,0,empty
166946,0,0,0,0,0,0,0,-1,53,20,8,13,9,13,13,10,13,13,41,61,20,52,52,61,1,0,1788963964.9881089,G1,T02,respiro2420_vuoto,0,empty
167146,0,0,0,0,0,0,0,-1,232,65,10,13,10,13,8,13,25,18,41,50,20,52,52,61,1,0,1788963965.1902547,G1,T02,respiro2420_vuoto,0,empty
167346,0,0,0,0,0,0,0,-1,104,26,10,8,10,5,8,8,25,13,34,50,20,32,41,41,1,0,1788963965.388339,G1,T02,respiro2420_vuoto,0,empty
167546,0,0,0,0,0,0,0,-1,41,13,8,13,9,8,10,5,20,18,41,52,20,32,41,52,1,0,1788963965.5902274,G1,T02,respiro2420_vuoto,0,empty
167746,0,0,0,0,0,0,0,-1,250,104,8,8,13,8,10,8,25,18,41,61,29,32,41,52,1,0,1788963965.7905834,G1,T02,respiro2420_vuoto,0,empty
167946,0,0,0,0,0,0,0,-1,74,26,8,9,9,8,10,10,25,18,41,61,29,25,41,52,1,0,1788963965.9879827,G1,T02,respiro2420_vuoto,0,empty
168146,0,0,0,0,0,0,0,-1,82,53,8,8,10,9,13,13,25,8,34,50,25,25,41,52,1,0,1788963966.1882117,G1,T02,respiro2420_vuoto,0,empty
168346,0,0,0,0,0,0,0,-1,101,25,10,9,9,5,8,8,25,8,34,50,20,32,41,52,1,0,1788963966.3902252,G1,T02,respiro2420_vuoto,0,empty
168546,0,0,0,0,0,0,0,-1,64,16,10,8,9,8,10,10,25,18,41,50,20,32,41,52,1,0,1788963966.588156,G1,T02,respiro2420_vuoto,0,empty
168746,0,0,0,0,0,0,0,-1,208,100,10,10,9,13,9,13,25,13,41,50,20,32,41,61,1,0,1788963966.7878597,G1,T02,respiro2420_vuoto,0,empty
168946,0,0,0,0,0,0,0,-1,25,29,8,10,9,9,10,13,25,13,41,50,29,32,32,61,1,0,1788963966.9880328,G1,T02,respiro2420_vuoto,0,empty
169146,0,0,0,0,0,0,0,-1,314,82,13,13,8,10,13,13,18,10,41,50,29,34,41,61,1,0,1788963967.1881773,G1,T02,respiro2420_vuoto,0,empty
169346,0,0,0,0,0,0,0,-1,26,29,13,9,9,10,10,10,25,18,34,52,29,34,41,61,1,0,1788963967.388153,G1,T02,respiro2420_vuoto,0,empty
169546,0,0,0,0,0,0,0,-1,145,29,8,13,9,13,8,10,13,13,34,50,29,32,32,52,1,0,1788963967.5884159,G1,T02,respiro2420_vuoto,0,empty
169746,0,0,0,0,0,0,0,-1,130,40,8,8,9,5,8,10,25,13,34,50,25,32,41,61,1,0,1788963967.7911808,G1,T02,respiro2420_vuoto,0,empty
169946,0,0,0,0,0,0,0,-1,73,29,5,13,10,10,8,8,25,13,29,50,25,32,41,61,1,0,1788963967.9883344,G1,T02,respiro2420_vuoto,0,empty
170146,0,0,0,0,0,0,0,-1,82,26,5,13,8,8,13,8,8,25,34,61,34,32,41,61,1,0,1788963968.1884224,G1,T02,respiro2420_vuoto,0,empty
170346,0,0,0,0,0,0,0,-1,90,29,13,8,5,13,13,13,25,18,34,61,29,32,41,52,1,0,1788963968.3884487,G1,T02,respiro2420_vuoto,0,empty
170546,0,0,0,0,0,0,0,-1,178,29,13,10,17,5,18,13,29,13,34,50,18,20,41,52,1,0,1788963968.588457,G1,T02,respiro2420_vuoto,0,empty
170746,0,0,0,0,0,0,0,-1,113,29,8,13,16,8,10,13,34,13,41,50,20,32,41,52,1,0,1788963968.7883742,G1,T02,respiro2420_vuoto,0,empty
170946,0,0,0,0,0,0,0,-1,64,49,10,18,9,17,8,13,34,10,41,50,29,41,41,52,1,0,1788963968.9883955,G1,T02,respiro2420_vuoto,0,empty
171146,0,0,0,0,0,0,0,-1,101,53,9,13,8,10,8,10,25,18,41,61,29,41,41,52,1,0,1788963969.1883764,G1,T02,respiro2420_vuoto,0,empty
171346,0,0,0,0,0,0,0,-1,61,20,25,8,10,8,8,8,25,25,45,50,20,25,32,41,1,0,1788963969.3879862,G1,T02,respiro2420_vuoto,0,empty
171546,0,0,0,0,0,0,0,-1,37,25,25,13,9,10,8,10,25,25,45,50,17,34,41,61,1,0,1788963969.588269,G1,T02,respiro2420_vuoto,0,empty
171746,0,0,0,0,0,0,0,-1,170,58,16,10,10,5,13,10,34,18,41,41,20,25,32,52,1,0,1788963969.790811,G1,T02,respiro2420_vuoto,0,empty
171946,0,0,0,0,0,0,0,-1,221,65,20,18,5,8,8,8,34,18,40,32,17,34,32,52,1,0,1788963969.9927738,G1,T02,respiro2420_vuoto,0,empty
172146,0,0,0,0,0,0,0,-1,98,41,20,18,5,5,13,13,25,18,41,50,29,32,32,52,1,0,1788963970.1883073,G1,T02,respiro2420_vuoto,0,empty
172346,0,0,0,0,0,0,0,-1,61,17,20,13,10,8,10,13,25,10,34,50,29,32,32,61,1,0,1788963970.3920333,G1,T02,respiro2420_vuoto,0,empty
172546,0,0,0,0,0,0,0,-1,74,18,20,13,5,8,5,8,25,10,34,50,29,32,32,61,1,0,1788963970.5881252,G1,T02,respiro2420_vuoto,0,empty
172746,0,0,0,0,0,0,0,-1,37,20,13,13,10,8,13,8,25,25,41,50,29,32,41,52,1,0,1788963970.7915385,G1,T02,respiro2420_vuoto,0,empty
172946,0,0,0,0,0,0,0,-1,74,25,34,8,5,9,13,13,18,20,41,50,17,25,32,52,1,0,1788963970.9881911,G1,T02,respiro2420_vuoto,0,empty
173146,0,0,0,0,0,0,0,-1,194,58,20,10,10,9,5,8,25,8,41,72,34,25,41,52,1,0,1788963971.1922169,G1,T02,respiro2420_vuoto,0,empty
173346,0,0,0,0,0,0,0,-1,82,74,20,9,10,8,10,10,18,20,41,61,29,25,41,52,1,0,1788963971.3883631,G1,T02,respiro2420_vuoto,0,empty
173546,0,0,0,0,0,0,0,-1,250,73,20,8,9,13,13,10,32,9,25,50,20,32,50,65,1,0,1788963971.59222,G1,T02,respiro2420_vuoto,0,empty
173746,0,0,0,0,0,0,0,-1,82,29,20,13,9,10,13,8,20,13,41,50,20,25,50,52,1,0,1788963971.7907567,G1,T02,respiro2420_vuoto,0,empty
173946,0,0,0,0,0,0,0,-1,50,20,41,5,9,5,17,10,41,13,41,41,20,25,41,52,1,0,1788963971.9884248,G1,T02,respiro2420_vuoto,0,empty
174146,0,0,0,0,0,0,0,-1,148,90,41,5,9,10,8,13,25,18,45,41,20,32,41,52,1,0,1788963972.1881146,G1,T02,respiro2420_vuoto,0,empty
174346,0,0,0,0,0,0,0,-1,125,52,32,5,9,8,13,10,32,18,52,50,20,25,41,61,1,0,1788963972.388213,G1,T02,respiro2420_vuoto,0,empty
174546,0,0,0,0,0,0,0,-1,85,40,32,8,9,5,5,5,32,13,52,50,29,25,41,61,1,0,1788963972.5883589,G1,T02,respiro2420_vuoto,0,empty
174746,0,0,0,0,0,0,0,-1,226,100,20,8,20,10,13,5,32,13,52,41,20,25,41,52,1,0,1788963972.7881365,G1,T02,respiro2420_vuoto,0,empty
174946,0,0,0,0,0,0,0,-1,205,52,18,8,10,10,8,10,18,13,41,50,25,25,41,52,1,0,1788963972.9884708,G1,T02,respiro2420_vuoto,0,empty
175146,0,0,0,0,0,0,0,-1,85,40,18,8,16,10,20,10,25,20,41,50,20,41,32,52,1,0,1788963973.1882935,G1,T02,respiro2420_vuoto,0,empty
175346,0,0,0,0,0,0,0,-1,53,25,25,13,17,10,5,13,25,8,34,61,20,32,41,52,1,0,1788963973.3883708,G1,T02,respiro2420_vuoto,0,empty
175546,0,0,0,0,0,0,0,-1,81,37,18,13,9,9,20,13,20,18,34,50,20,32,41,52,1,0,1788963973.5883315,G1,T02,respiro2420_vuoto,0,empty
175746,0,0,0,0,0,0,0,-1,61,29,20,13,9,8,9,13,25,13,34,41,25,32,41,52,1,0,1788963973.7900462,G1,T02,respiro2420_vuoto,0,empty
175946,0,0,0,0,0,0,0,-1,73,25,20,13,8,13,13,8,18,13,50,61,25,32,32,52,1,0,1788963973.9934034,G1,T02,respiro2420_vuoto,0,empty
176146,0,0,0,0,0,0,0,-1,65,50,29,9,4,5,8,13,18,13,41,41,25,32,32,50,1,0,1788963974.1880598,G1,T02,respiro2420_vuoto,0,empty
176346,0,0,0,0,0,0,0,-1,41,17,9,13,9,13,8,8,25,13,34,50,25,34,45,61,1,0,1788963974.3942058,G1,T02,respiro2420_vuoto,0,empty
176546,0,0,0,0,0,0,0,-1,416,109,8,8,17,9,8,9,25,13,34,50,25,34,41,61,1,0,1788963974.588199,G1,T02,respiro2420_vuoto,0,empty
176746,0,0,0,0,0,0,0,-1,202,100,13,8,10,9,8,9,32,10,34,50,34,41,41,52,1,0,1788963974.7942033,G1,T02,respiro2420_vuoto,0,empty
176946,0,0,0,0,0,0,0,-1,100,17,13,8,10,13,13,13,25,8,29,41,18,41,41,52,1,0,1788963974.9881146,G1,T02,respiro2420_vuoto,0,empty
177146,0,0,0,0,0,0,0,-1,100,20,13,8,9,13,8,5,25,18,34,50,29,32,32,52,1,0,1788963975.1881042,G1,T02,respiro2420_vuoto,0,empty
177346,0,0,0,0,0,0,0,-1,225,89,13,8,10,8,13,8,25,13,34,50,34,32,41,52,1,0,1788963975.3881152,G1,T02,respiro2420_vuoto,0,empty
177546,0,0,0,0,0,0,0,-1,137,50,10,13,10,8,13,18,25,13,34,50,34,32,52,52,1,0,1788963975.5931633,G1,T02,respiro2420_vuoto,0,empty
177746,0,0,0,0,0,0,0,-1,53,37,5,18,5,8,13,13,18,20,41,72,34,32,32,41,1,0,1788963975.7900035,G1,T02,respiro2420_vuoto,0,empty
177946,0,0,0,0,0,0,0,-1,74,20,5,13,10,10,13,13,25,13,41,50,20,25,32,41,1,0,1788963975.993964,G1,T02,respiro2420_vuoto,0,empty
178146,0,0,0,0,0,0,0,-1,221,58,8,13,8,8,13,8,25,13,41,50,20,25,32,41,1,0,1788963976.188285,G1,T02,respiro2420_vuoto,0,empty
178346,0,0,0,0,0,0,0,-1,160,53,8,13,8,8,13,13,25,13,41,50,20,25,32,41,1,0,1788963976.3938198,G1,T02,respiro2420_vuoto,0,empty
178546,0,0,0,0,0,0,0,-1,97,50,13,9,20,10,9,8,25,13,34,50,20,25,41,41,1,0,1788963976.5880246,G1,T02,respiro2420_vuoto,0,empty
178746,0,0,0,0,0,0,0,-1,113,34,18,8,9,5,13,13,25,25,41,61,29,32,41,52,1,0,1788963976.7881384,G1,T02,respiro2420_vuoto,0,empty
178946,0,0,0,0,0,0,0,-1,130,50,18,13,10,5,20,13,13,18,52,61,20,25,41,52,1,0,1788963976.988135,G1,T02,respiro2420_vuoto,0,empty
179146,0,0,0,0,0,0,0,-1,53,25,10,8,13,13,5,8,18,20,41,61,20,25,41,52,1,0,1788963977.1936176,G1,T02,respiro2420_vuoto,0,empty
179346,0,0,0,0,0,0,0,-1,68,18,13,8,10,8,5,13,18,13,41,50,20,32,50,50,1,0,1788963977.3880484,G1,T02,respiro2420_vuoto,0,empty
179546,0,0,0,0,0,0,0,-1,32,16,20,5,10,8,8,13,25,13,41,50,25,32,61,50,1,0,1788963977.588206,G1,T02,respiro2420_vuoto,0,empty
179746,0,0,0,0,0,0,0,-1,20,13,13,13,9,10,13,10,32,20,52,50,29,32,50,50,1,0,1788963977.791078,G1,T02,respiro2420_vuoto,0,empty
179946,0,0,0,0,0,0,0,-1,145,25,10,13,13,10,13,13,25,20,34,50,20,41,50,52,1,0,1788963977.9933035,G1,T02,respiro2420_vuoto,0,empty
180146,0,0,0,0,0,0,0,-1,90,17,5,13,9,5,9,9,25,13,34,50,20,25,32,61,1,0,1788963978.1880956,G1,T02,respiro2420_vuoto,0,empty
180346,0,0,0,0,0,0,0,-1,73,29,8,13,9,13,9,9,25,13,45,50,20,25,32,61,1,0,1788963978.388141,G1,T02,respiro2420_vuoto,0,empty
180546,0,0,0,0,0,0,0,-1,74,29,5,18,10,10,18,13,18,18,45,41,29,32,41,52,1,0,1788963978.5880952,G1,T02,respiro2420_vuoto,0,empty
180746,0,0,0,0,0,0,0,-1,130,25,10,18,9,10,8,13,18,18,34,50,20,32,41,52,1,0,1788963978.7884004,G1,T02,respiro2420_vuoto,0,empty
180946,0,0,0,0,0,0,0,-1,104,41,18,8,10,13,13,8,13,18,34,50,20,41,41,52,1,0,1788963978.988277,G1,T02,respiro2420_vuoto,0,empty
181146,0,0,0,0,0,0,0,-1,89,20,13,8,10,5,13,8,25,13,34,50,20,32,32,41,1,0,1788963979.1884205,G1,T02,respiro2420_vuoto,0,empty
181346,0,0,0,0,0,0,0,-1,52,20,8,18,5,10,13,8,25,18,34,50,20,32,32,41,1,0,1788963979.3884711,G1,T02,respiro2420_vuoto,0,empty
181546,0,0,0,0,0,0,0,-1,130,52,9,18,17,8,8,10,25,17,41,50,20,32,41,61,1,0,1788963979.588039,G1,T02,respiro2420_vuoto,0,empty
181746,0,0,0,0,0,0,0,-1,82,34,8,8,10,5,8,13,18,13,41,50,20,41,41,61,1,0,1788963979.7898905,G1,T02,respiro2420_vuoto,0,empty
181946,0,0,0,0,0,0,0,-1,234,80,9,13,17,8,8,8,18,25,41,50,29,32,41,52,1,0,1788963979.993932,G1,T02,respiro2420_vuoto,0,empty
182146,0,0,0,0,0,0,0,-1,36,10,8,8,17,5,5,10,25,18,34,50,34,32,41,52,1,0,1788963980.188309,G1,T02,respiro2420_vuoto,0,empty
182346,0,0,0,0,0,0,0,-1,157,50,10,5,13,9,13,8,25,18,52,50,20,32,41,61,1,0,1788963980.3938696,G1,T02,respiro2420_vuoto,0,empty
182546,0,0,0,0,0,0,0,-1,106,61,5,8,10,9,10,8,20,13,45,50,20,25,32,41,1,0,1788963980.588206,G1,T02,respiro2420_vuoto,0,empty
182746,0,0,0,0,0,0,0,-1,146,26,25,13,8,5,13,13,20,13,34,50,20,32,32,41,1,0,1788963980.7942502,G1,T02,respiro2420_vuoto,0,empty
182946,0,0,0,0,0,0,0,-1,148,52,18,13,5,5,10,8,18,18,34,41,20,32,32,52,1,0,1788963980.9882543,G1,T02,respiro2420_vuoto,0,empty
183146,0,0,0,0,0,0,0,-1,65,20,20,8,10,10,13,13,25,10,34,50,20,41,50,52,1,0,1788963981.1939232,G1,T02,respiro2420_vuoto,0,empty
183346,0,0,0,0,0,0,0,-1,85,34,41,5,16,10,13,8,25,13,34,50,25,25,41,52,1,0,1788963981.3882248,G1,T02,respiro2420_vuoto,0,empty
183546,0,0,0,0,0,0,0,-1,82,25,20,10,10,9,9,13,18,25,41,41,20,34,41,52,1,0,1788963981.592299,G1,T02,respiro2420_vuoto,0,empty
183746,0,0,0,0,0,0,0,-1,169,40,32,13,9,13,13,13,18,18,41,50,20,32,41,52,1,0,1788963981.7905264,G1,T02,respiro2420_vuoto,0,empty
183946,0,0,0,0,0,0,0,-1,85,50,41,8,10,8,13,8,18,18,41,50,20,32,32,52,1,0,1788963981.9924154,G1,T02,respiro2420_vuoto,0,empty
184146,0,0,0,0,0,0,0,-1,37,20,18,10,10,9,10,13,32,13,34,50,20,32,41,52,1,0,1788963982.188414,G1,T02,respiro2420_vuoto,0,empty
184346,0,0,0,0,0,0,0,-1,82,18,18,13,9,9,13,13,18,13,41,50,20,32,50,52,1,0,1788963982.3921216,G1,T02,respiro2420_vuoto,0,empty
184546,0,0,0,0,0,0,0,-1,185,45,18,10,13,10,18,13,32,13,41,61,29,32,50,52,1,0,1788963982.5882208,G1,T02,respiro2420_vuoto,0,empty
184746,0,0,0,0,0,0,0,-1,116,34,20,13,5,8,13,8,25,13,34,50,20,32,32,52,1,0,1788963982.7924387,G1,T02,respiro2420_vuoto,0,empty
184946,0,0,0,0,0,0,0,-1,205,82,29,13,10,10,18,13,32,8,29,41,20,41,32,52,1,0,1788963982.9883704,G1,T02,respiro2420_vuoto,0,empty
185146,0,0,0,0,0,0,0,-1,137,32,25,9,8,13,13,13,32,13,34,50,25,25,41,61,1,0,1788963983.191589,G1,T02,respiro2420_vuoto,0,empty
185346,0,0,0,0,0,0,0,-1,290,80,34,8,9,5,9,10,25,18,41,61,20,41,41,61,1,0,1788963983.388019,G1,T02,respiro2420_vuoto,0,empty
185546,0,0,0,0,0,0,0,-1,53,17,20,10,9,8,25,18,25,18,52,41,25,32,50,52,1,0,1788963983.5899382,G1,T02,respiro2420_vuoto,0,empty
185746,0,0,0,0,0,0,0,-1,40,26,8,13,9,8,10,13,32,10,41,41,20,34,50,52,1,0,1788963983.790342,G1,T02,respiro2420_vuoto,0,empty
185946,0,0,0,0,0,0,0,-1,68,34,20,10,10,5,10,13,32,13,52,41,20,41,50,52,1,0,1788963983.9912667,G1,T02,respiro2420_vuoto,0,empty
186146,0,0,0,0,0,0,0,-1,100,34,32,13,9,10,9,10,32,13,34,50,20,41,41,74,1,0,1788963984.1883721,G1,T02,respiro2420_vuoto,0,empty
186346,0,0,0,0,0,0,0,-1,145,45,25,5,9,5,8,13,29,10,34,41,20,41,41,52,1,0,1788963984.3883054,G1,T02,respiro2420_vuoto,0,empty
186546,0,0,0,0,0,0,0,-1,97,58,25,10,9,10,13,18,25,13,34,32,20,34,41,52,1,0,1788963984.5882642,G1,T02,respiro2420_vuoto,0,empty
186746,0,0,0,0,0,0,0,-1,109,50,18,8,9,13,13,18,20,13,34,41,29,41,41,61,1,0,1788963984.788314,G1,T02,respiro2420_vuoto,0,empty
186946,0,0,0,0,0,0,0,-1,82,29,18,17,10,10,9,8,32,9,34,41,20,41,41,41,1,0,1788963984.9931684,G1,T02,respiro2420_vuoto,0,empty
187146,0,0,0,0,0,0,0,-1,45,13,25,5,10,13,13,8,25,13,41,50,17,34,32,52,1,0,1788963985.1879478,G1,T02,respiro2420_vuoto,0,empty
187346,0,0,0,0,0,0,0,-1,104,25,32,8,5,13,13,8,25,13,52,50,20,41,41,52,1,0,1788963985.3880572,G1,T02,respiro2420_vuoto,0,empty
187546,0,0,0,0,0,0,0,-1,80,41,25,8,20,13,18,8,32,13,34,61,20,41,41,52,1,0,1788963985.5899048,G1,T02,respiro2420_vuoto,0,empty
187746,0,0,0,0,0,0,0,-1,50,26,13,20,17,13,13,10,32,13,34,52,20,41,41,52,1,0,1788963985.790834,G1,T02,respiro2420_vuoto,0,empty
187946,0,0,0,0,0,0,0,-1,125,34,13,13,10,8,13,13,25,13,41,41,29,32,41,41,1,0,1788963985.9939141,G1,T02,respiro2420_vuoto,0,empty
188146,0,0,0,0,0,0,0,-1,82,13,25,10,5,8,8,9,34,17,41,41,29,41,50,41,1,0,1788963986.188078,G1,T02,respiro2420_vuoto,0,empty
188346,0,0,0,0,0,0,0,-1,72,32,13,18,8,5,13,8,18,18,52,50,29,41,32,50,1,0,1788963986.3880577,G1,T02,respiro2420_vuoto,0,empty
188546,0,0,0,0,0,0,0,-1,193,52,25,13,8,10,10,10,25,13,34,50,34,25,32,61,1,0,1788963986.5882607,G1,T02,respiro2420_vuoto,0,empty
188746,0,0,0,0,0,0,0,-1,170,50,32,5,9,10,10,13,34,13,34,41,26,41,41,61,1,0,1788963986.7880201,G1,T02,respiro2420_vuoto,0,empty
188946,0,0,0,0,0,0,0,-1,80,50,13,10,10,5,10,8,25,17,34,50,17,34,41,52,1,0,1788963986.9882739,G1,T02,respiro2420_vuoto,0,empty
189146,0,0,0,0,0,0,0,-1,130,50,18,5,16,5,13,13,25,13,34,50,29,50,50,41,1,0,1788963987.188103,G1,T02,respiro2420_vuoto,0,empty
189346,0,0,0,0,0,0,0,-1,73,34,18,13,10,5,9,9,32,13,34,50,25,25,50,52,1,0,1788963987.387985,G1,T02,respiro2420_vuoto,0,empty
189546,0,0,0,0,0,0,0,-1,45,17,25,8,9,9,18,13,25,18,34,50,26,25,32,41,1,0,1788963987.5883517,G1,T02,respiro2420_vuoto,0,empty
189746,0,0,0,0,0,0,0,-1,50,18,18,8,13,8,13,13,18,18,34,50,17,25,32,41,1,0,1788963987.7881896,G1,T02,respiro2420_vuoto,0,empty
189946,0,0,0,0,0,0,0,-1,73,18,13,9,10,10,13,13,25,13,34,50,20,32,32,41,1,0,1788963987.991387,G1,T02,respiro2420_vuoto,0,empty
190146,0,0,0,0,0,0,0,-1,145,68,13,5,10,8,10,9,25,8,34,50,20,32,32,50,1,0,1788963988.194285,G1,T02,respiro2420_vuoto,0,empty
190346,0,0,0,0,0,0,0,-1,122,68,13,10,16,8,8,8,25,8,41,61,29,32,41,41,1,0,1788963988.3884573,G1,T02,respiro2420_vuoto,0,empty
190546,0,0,0,0,0,0,0,-1,82,41,18,5,16,13,13,13,25,9,45,50,29,32,32,41,1,0,1788963988.5938554,G1,T02,respiro2420_vuoto,0,empty
190746,0,0,0,0,0,0,0,-1,85,53,13,8,5,10,10,13,18,13,34,50,29,25,32,41,1,0,1788963988.788206,G1,T02,respiro2420_vuoto,0,empty
190946,0,0,0,0,0,0,0,-1,146,58,18,8,9,9,10,13,18,13,25,50,20,32,41,52,1,0,1788963988.993938,G1,T02,respiro2420_vuoto,0,empty
191146,0,0,0,0,0,0,0,-1,90,36,18,13,10,13,13,13,18,20,41,41,20,32,32,52,1,0,1788963989.1882637,G1,T02,respiro2420_vuoto,0,empty
191346,0,0,0,0,0,0,0,-1,45,16,34,8,9,10,13,13,34,13,41,50,20,32,50,52,1,0,1788963989.3915262,G1,T02,respiro2420_vuoto,0,empty
191546,0,0,0,0,0,0,0,-1,82,34,32,10,10,9,13,13,50,10,41,50,20,32,41,52,1,0,1788963989.5880435,G1,T02,respiro2420_vuoto,0,empty
191746,0,0,0,0,0,0,0,-1,100,61,25,8,8,20,13,10,41,10,34,50,32,32,41,52,1,0,1788963989.7924175,G1,T02,respiro2420_vuoto,0,empty
191946,0,0,0,0,0,0,0,-1,181,29,25,13,8,10,8,13,25,13,34,41,20,32,41,41,1,0,1788963989.9911113,G1,T02,respiro2420_vuoto,0,empty
192146,0,0,0,0,0,0,0,-1,233,130,25,5,16,13,13,18,25,13,34,50,29,32,50,41,1,0,1788963990.1881225,G1,T02,respiro2420_vuoto,0,empty
192346,0,0,0,0,0,0,0,-1,36,20,13,5,9,9,9,10,25,13,34,50,29,32,41,52,1,0,1788963990.3940642,G1,T02,respiro2420_vuoto,0,empty
192546,0,0,0,0,0,0,0,-1,160,125,20,13,10,9,8,8,25,13,41,50,20,32,50,52,1,0,1788963990.588192,G1,T02,respiro2420_vuoto,0,empty
192746,0,0,0,0,0,0,0,-1,50,25,13,13,8,8,10,8,25,18,45,50,20,41,50,52,1,0,1788963990.793945,G1,T02,respiro2420_vuoto,0,empty
192946,0,0,0,0,0,0,0,-1,185,36,13,13,10,13,13,8,18,13,34,50,20,34,41,52,1,0,1788963990.9879923,G1,T02,respiro2420_vuoto,0,empty
193146,0,0,0,0,0,0,0,-1,181,34,13,8,9,9,10,10,25,8,41,50,20,25,41,61,1,0,1788963991.193878,G1,T02,respiro2420_vuoto,0,empty
193346,0,0,0,0,0,0,0,-1,85,45,13,8,17,13,8,13,34,13,41,61,20,32,41,61,1,0,1788963991.3884292,G1,T02,respiro2420_vuoto,0,empty
193546,0,0,0,0,0,0,0,-1,25,25,32,13,9,10,8,8,25,13,34,61,20,32,41,61,1,0,1788963991.594523,G1,T02,respiro2420_vuoto,0,empty
193746,0,0,0,0,0,0,0,-1,98,52,13,9,9,10,9,8,25,8,34,50,34,32,41,61,1,0,1788963991.7946253,G1,T02,respiro2420_vuoto,0,empty
193946,0,0,0,0,0,0,0,-1,52,18,13,13,9,10,10,10,18,13,34,50,29,52,41,61,1,0,1788963991.9916582,G1,T02,respiro2420_vuoto,0,empty
194146,0,0,0,0,0,0,0,-1,85,65,20,10,9,10,13,13,18,13,34,50,20,32,41,52,1,0,1788963992.1881337,G1,T02,respiro2420_vuoto,0,empty
194346,0,0,0,0,0,0,0,-1,82,25,20,13,10,5,9,10,32,13,34,50,20,25,32,52,1,0,1788963992.3880768,G1,T02,respiro2420_vuoto,0,empty
194546,0,0,0,0,0,0,0,-1,193,41,18,9,13,8,13,10,25,9,34,50,20,32,41,41,1,0,1788963992.5901222,G1,T02,respiro2420_vuoto,0,empty
194746,0,0,0,0,0,0,0,-1,65,34,10,13,10,13,13,13,25,13,34,50,17,41,50,41,1,0,1788963992.7881136,G1,T02,respiro2420_vuoto,0,empty
194946,0,0,0,0,0,0,0,-1,170,50,13,10,13,8,13,13,25,13,41,50,20,41,50,52,1,0,1788963992.9902108,G1,T02,respiro2420_vuoto,0,empty
195146,0,0,0,0,0,0,0,-1,148,34,13,20,5,13,13,5,32,13,34,50,20,41,41,52,1,0,1788963993.18841,G1,T02,respiro2420_vuoto,0,empty
195346,0,0,0,0,0,0,0,-1,61,26,13,13,4,13,13,5,32,13,25,61,29,41,50,52,1,0,1788963993.3898308,G1,T02,respiro2420_vuoto,0,empty
195546,0,0,0,0,0,0,0,-1,41,10,10,13,5,13,13,8,13,18,34,61,29,41,41,61,1,0,1788963993.5881963,G1,T02,respiro2420_vuoto,0,empty
195746,0,0,0,0,0,0,0,-1,74,25,5,18,5,13,8,10,25,13,34,61,29,32,41,61,1,0,1788963993.790259,G1,T02,respiro2420_vuoto,0,empty
195946,0,0,0,0,0,0,0,-1,125,20,8,18,5,10,8,13,25,13,34,52,29,41,41,52,1,0,1788963993.9919276,G1,T02,respiro2420_vuoto,0,empty
196146,0,0,0,0,0,0,0,-1,90,20,36,18,9,8,10,13,25,8,34,41,25,32,32,52,1,0,1788963994.19403,G1,T02,respiro2420_vuoto,0,empty
196346,0,0,0,0,0,0,0,-1,81,20,29,18,8,13,13,8,32,13,34,50,25,32,32,52,1,0,1788963994.3881664,G1,T02,respiro2420_vuoto,0,empty
196546,0,0,0,0,0,0,0,-1,137,58,25,10,9,10,13,8,18,13,34,50,29,32,41,52,1,0,1788963994.5940838,G1,T02,respiro2420_vuoto,0,empty
196746,0,0,0,0,0,0,0,-1,81,29,13,8,9,13,5,13,25,13,34,50,26,41,41,41,1,0,1788963994.7884119,G1,T02,respiro2420_vuoto,0,empty
196946,0,0,0,0,0,0,0,-1,149,49,32,9,10,10,8,25,25,8,25,50,29,32,41,52,1,0,1788963994.9942503,G1,T02,respiro2420_vuoto,0,empty
197146,0,0,0,0,0,0,0,-1,164,34,13,10,13,8,8,10,25,20,34,50,29,32,41,52,1,0,1788963995.188152,G1,T02,respiro2420_vuoto,0,empty
197346,0,0,0,0,0,0,0,-1,65,26,13,25,9,8,8,8,25,9,34,50,29,32,41,61,1,0,1788963995.3940728,G1,T02,respiro2420_vuoto,0,empty
197546,0,0,0,0,0,0,0,-1,34,25,13,20,10,13,8,13,20,13,34,50,29,32,32,61,1,0,1788963995.588149,G1,T02,respiro2420_vuoto,0,empty
197746,0,0,0,0,0,0,0,-1,53,16,13,32,9,10,10,13,25,13,34,50,29,32,41,52,1,0,1788963995.7940328,G1,T02,respiro2420_vuoto,0,empty
197946,0,0,0,0,0,0,0,-1,32,13,13,18,10,8,13,8,25,25,34,50,29,32,41,52,1,0,1788963995.9920173,G1,T02,respiro2420_vuoto,0,empty
198146,0,0,0,0,0,0,0,-1,50,20,13,13,5,8,13,8,25,13,34,50,20,32,32,52,1,0,1788963996.1882749,G1,T02,respiro2420_vuoto,0,empty
198346,0,0,0,0,0,0,0,-1,58,34,13,13,5,5,13,9,25,13,41,50,20,32,32,61,1,0,1788963996.3899398,G1,T02,respiro2420_vuoto,0,empty
198546,0,0,0,0,0,0,0,-1,125,37,20,20,10,8,10,10,25,5,34,50,20,32,41,61,1,0,1788963996.5885434,G1,T02,respiro2420_vuoto,0,empty
198746,0,0,0,0,0,0,0,-1,97,29,18,13,9,9,10,13,25,13,34,61,20,32,41,61,1,0,1788963996.789359,G1,T02,respiro2420_vuoto,0,empty
198946,0,0,0,0,0,0,0,-1,97,20,13,18,9,13,8,8,18,13,25,72,29,32,50,45,1,0,1788963996.9881861,G1,T02,respiro2420_vuoto,0,empty
199146,0,0,0,0,0,0,0,-1,104,41,13,10,9,5,13,8,25,18,25,50,29,32,32,52,1,0,1788963997.1904116,G1,T02,respiro2420_vuoto,0,empty
199346,0,0,0,0,0,0,0,-1,68,13,13,13,9,13,9,17,25,18,34,41,29,41,41,52,1,0,1788963997.3883028,G1,T02,respiro2420_vuoto,0,empty
199546,0,0,0,0,0,0,0,-1,41,26,18,20,10,18,8,17,25,13,34,41,25,25,41,52,1,0,1788963997.5902026,G1,T02,respiro2420_vuoto,0,empty
199746,0,0,0,0,0,0,0,-1,153,58,18,20,13,10,20,13,20,18,45,50,25,25,41,52,1,0,1788963997.7885711,G1,T02,respiro2420_vuoto,0,empty
199946,0,0,0,0,0,0,0,-1,130,58,20,16,13,9,13,13,25,13,34,50,25,32,41,52,1,0,1788963997.991293,G1,T02,respiro2420_vuoto,0,empty
200146,0,0,0,0,0,0,0,-1,256,53,20,13,10,8,8,13,18,13,34,61,20,32,41,61,1,0,1788963998.1884608,G1,T02,respiro2420_vuoto,0,empty
200346,0,0,0,0,0,0,0,-1,100,34,13,18,10,10,13,8,13,13,34,61,20,32,41,52,1,0,1788963998.3896012,G1,T02,respiro2420_vuoto,0,empty
200546,0,0,0,0,0,0,0,-1,178,50,18,5,10,13,13,13,18,13,25,50,20,41,52,61,1,0,1788963998.5884311,G1,T02,respiro2420_vuoto,0,empty
200746,0,0,0,0,0,0,0,-1,50,25,13,13,5,10,13,10,25,20,25,50,29,32,41,52,1,0,1788963998.7878075,G1,T02,respiro2420_vuoto,0,empty
200946,0,0,0,0,0,0,0,-1,164,41,18,13,16,8,13,8,25,25,34,50,29,32,50,52,1,0,1788963998.9918985,G1,T02,respiro2420_vuoto,0,empty
201146,0,0,0,0,0,0,0,-1,68,13,9,10,8,8,8,9,25,13,34,50,26,41,41,61,1,0,1788963999.1882715,G1,T02,respiro2420_vuoto,0,empty
201346,0,0,0,0,0,0,0,-1,26,9,13,13,9,10,5,16,34,18,45,50,17,32,41,52,1,0,1788963999.3922904,G1,T02,respiro2420_vuoto,0,empty
201546,0,0,0,0,0,0,0,-1,290,89,10,16,18,10,8,18,25,18,41,61,18,32,50,52,1,0,1788963999.588282,G1,T02,respiro2420_vuoto,0,empty
201746,0,0,0,0,0,0,0,-1,40,26,13,20,13,17,13,8,25,13,34,50,25,41,41,45,1,0,1788963999.792627,G1,T02,respiro2420_vuoto,0,empty
201946,0,0,0,0,0,0,0,-1,113,50,13,20,10,13,13,8,25,9,34,50,25,32,32,52,1,0,1788963999.991732,G1,T02,respiro2420_vuoto,0,empty
202146,0,0,0,0,0,0,0,-1,80,50,13,13,10,10,13,8,25,13,34,50,20,32,41,52,1,0,1788964000.1941311,G1,T02,respiro2420_vuoto,0,empty
202346,0,0,0,0,0,0,0,-1,32,20,13,13,20,10,18,18,20,13,34,41,17,32,41,52,1,0,1788964000.393226,G1,T02,respiro2420_vuoto,0,empty
202546,0,0,0,0,0,0,0,-1,130,34,18,13,9,8,10,5,32,13,41,41,20,32,41,52,1,0,1788964000.5933695,G1,T02,respiro2420_vuoto,0,empty
202746,0,0,0,0,0,0,0,-1,97,34,18,13,13,5,10,5,32,13,34,41,29,32,41,52,1,0,1788964000.7882311,G1,T02,respiro2420_vuoto,0,empty
202946,0,0,0,0,0,0,0,-1,89,32,18,18,13,5,10,13,25,18,45,50,20,32,41,52,1,0,1788964000.9921048,G1,T02,respiro2420_vuoto,0,empty
203146,0,0,0,0,0,0,0,-1,256,101,13,18,10,17,16,10,25,8,29,50,29,32,41,52,1,0,1788964001.1880229,G1,T02,respiro2420_vuoto,0,empty
203346,0,0,0,0,0,0,0,-1,89,18,13,25,8,17,13,18,25,18,34,50,29,32,41,52,1,0,1788964001.3924077,G1,T02,respiro2420_vuoto,0,empty
203546,0,0,0,0,0,0,0,-1,89,25,13,25,10,10,8,8,25,18,41,61,34,32,41,41,1,0,1788964001.5881696,G1,T02,respiro2420_vuoto,0,empty
203746,0,0,0,0,0,0,0,-1,29,37,9,13,9,17,8,13,25,18,41,61,34,32,41,41,1,0,1788964001.7923386,G1,T02,respiro2420_vuoto,0,empty
203946,0,0,0,0,0,0,0,-1,157,53,13,13,16,5,13,13,25,25,41,50,20,41,41,52,1,0,1788964001.9915097,G1,T02,respiro2420_vuoto,0,empty
