timestamp_ms,radar_presence,moving_target,stationary_target,moving_distance_cm,stationary_distance_cm,moving_energy,stationary_energy,pir_presence,menergy_gate0,menergy_gate1,menergy_gate2,menergy_gate3,menergy_gate4,menergy_gate5,menergy_gate6,menergy_gate7,menergy_gate8,senergy_gate0,senergy_gate1,senergy_gate2,senergy_gate3,senergy_gate4,senergy_gate5,senergy_gate6,senergy_gate7,senergy_gate8,light_level,out_level,pc_time_s,group_id,trial_id,scenario,ground_truth_presence,ground_truth_state
8899900,1,1,1,150,150,100,100,1,13,80,100,100,32,4,7,12,8,0,0,100,100,100,90,100,100,100,1,1,1787612609.6341093,G1,T03,sel_fuori_3m,0,absent
8900100,1,1,1,150,150,100,100,1,18,95,100,100,19,16,6,14,8,0,0,100,100,100,91,100,100,100,0,1,1787612609.6341093,G1,T03,sel_fuori_3m,0,absent
8900300,1,1,1,150,150,87,100,1,19,36,87,62,17,17,13,15,15,0,0,100,100,100,89,100,100,100,0,1,1787612609.635129,G1,T03,sel_fuori_3m,0,absent
8900500,1,1,1,150,150,100,100,1,21,30,100,100,23,5,8,18,16,0,0,100,100,100,86,100,100,100,0,1,1787612609.636126,G1,T03,sel_fuori_3m,0,absent
8900700,1,1,1,150,150,100,100,1,13,30,100,100,14,7,9,4,8,0,0,100,100,100,85,100,100,100,1,1,1787612609.636126,G1,T03,sel_fuori_3m,0,absent
8900900,1,1,1,150,150,100,100,1,23,64,100,100,8,11,3,9,11,0,0,100,100,100,85,95,100,100,0,1,1787612609.6371248,G1,T03,sel_fuori_3m,0,absent
8901100,1,1,1,150,150,100,100,1,22,69,100,100,10,11,10,11,9,0,0,100,100,100,83,88,100,100,0,1,1787612609.6371248,G1,T03,sel_fuori_3m,0,absent
8901300,1,1,1,150,150,100,100,1,16,71,100,100,28,22,12,11,6,0,0,100,100,100,83,82,100,100,1,1,1787612609.638126,G1,T03,sel_fuori_3m,0,absent
8901500,1,1,1,150,150,100,100,1,23,100,100,100,26,6,8,12,4,0,0,100,100,100,78,75,100,100,0,1,1787612609.6391194,G1,T03,sel_fuori_3m,0,absent
8901700,1,1,1,150,150,100,100,1,17,100,100,100,9,15,5,8,5,0,0,100,100,100,78,76,100,100,0,1,1787612609.6391194,G1,T03,sel_fuori_3m,0,absent
8901900,1,1,1,150,150,94,100,1,14,39,94,63,12,3,16,17,8,0,0,100,100,100,77,76,100,100,0,1,1787612609.6747677,G1,T03,sel_fuori_3m,0,absent
8902100,1,1,1,150,150,100,100,1,16,63,100,72,15,6,12,25,19,0,0,100,100,100,76,73,100,100,0,1,1787612609.8748624,G1,T03,sel_fuori_3m,0,absent
8902300,1,1,1,150,150,100,100,1,28,100,100,100,47,12,6,39,38,0,0,100,100,100,75,69,100,100,0,1,1787612610.0744348,G1,T03,sel_fuori_3m,0,absent
8902500,1,1,1,150,150,100,100,1,19,62,100,87,17,4,5,14,14,0,0,100,100,100,75,67,100,100,0,1,1787612610.275374,G1,T03,sel_fuori_3m,0,absent
8902700,1,0,1,0,150,0,100,1,14,12,51,52,31,10,11,26,19,0,0,100,100,100,76,69,100,100,0,1,1787612610.4749904,G1,T03,sel_fuori_3m,0,absent
8902900,1,0,1,0,150,0,100,1,24,11,48,48,10,15,18,24,16,0,0,100,100,100,77,75,100,100,0,1,1787612610.6746914,G1,T03,sel_fuori_3m,0,absent
8903100,1,1,1,150,150,100,100,1,16,77,100,100,13,10,13,19,16,0,0,100,100,100,76,88,100,100,0,1,1787612610.8748379,G1,T03,sel_fuori_3m,0,absent
8903300,1,1,1,140,140,100,100,1,23,100,100,100,5,11,6,3,2,0,0,100,100,100,74,95,100,100,0,1,1787612611.0754788,G1,T03,sel_fuori_3m,0,absent
8903500,1,1,1,140,140,100,100,1,14,44,100,91,17,8,15,17,13,0,0,100,100,100,72,98,100,100,0,1,1787612611.2755706,G1,T03,sel_fuori_3m,0,absent
8903700,1,1,1,140,140,100,100,1,15,58,100,100,52,12,22,56,33,0,0,100,100,100,68,100,100,100,0,1,1787612611.4758568,G1,T03,sel_fuori_3m,0,absent
8903900,1,1,1,140,140,99,100,1,20,14,99,92,27,17,12,55,57,0,0,100,100,100,69,100,100,100,0,1,1787612611.6757157,G1,T03,sel_fuori_3m,0,absent
8904100,1,0,1,0,140,0,100,1,18,20,100,100,40,14,6,16,21,0,0,100,100,100,68,100,100,100,0,1,1787612611.8745472,G1,T03,sel_fuori_3m,0,absent
8904300,1,0,1,0,140,0,100,1,21,14,67,100,35,9,12,10,10,0,0,100,100,100,74,100,100,100,1,1,1787612612.074549,G1,T03,sel_fuori_3m,0,absent
8904500,1,0,1,0,140,0,100,1,19,16,98,100,39,19,4,12,12,0,0,100,100,100,75,100,100,100,0,1,1787612612.2749405,G1,T03,sel_fuori_3m,0,absent
8904700,1,0,1,0,140,0,100,1,14,10,38,64,32,7,10,5,10,0,0,100,100,100,77,100,100,100,0,1,1787612612.4748788,G1,T03,sel_fuori_3m,0,absent
8904900,1,0,1,0,140,0,100,1,21,15,29,61,20,18,9,5,5,0,0,100,100,100,78,100,100,100,0,1,1787612612.67529,G1,T03,sel_fuori_3m,0,absent
8905100,1,0,1,0,140,0,100,1,19,13,33,100,71,11,10,12,11,0,0,100,100,100,83,100,100,100,0,1,1787612612.8748317,G1,T03,sel_fuori_3m,0,absent
8905300,1,0,1,0,140,0,100,1,21,14,17,90,81,15,8,13,10,0,0,100,100,100,82,100,100,100,0,1,1787612613.0750523,G1,T03,sel_fuori_3m,0,absent
8905500,1,0,1,0,140,0,100,1,15,10,2,12,17,25,18,26,19,0,0,100,100,100,88,100,100,100,0,1,1787612613.2749562,G1,T03,sel_fuori_3m,0,absent
8905700,1,0,1,0,140,0,100,1,24,13,5,49,67,21,8,17,15,0,0,100,100,100,88,100,100,100,0,1,1787612613.474788,G1,T03,sel_fuori_3m,0,absent
8905900,1,0,1,0,140,0,100,1,16,12,7,70,93,25,11,14,6,0,0,100,100,100,98,100,100,100,1,1,1787612613.67473,G1,T03,sel_fuori_3m,0,absent
8906100,1,0,1,0,140,0,100,1,16,12,4,30,46,24,6,12,9,0,0,100,100,100,100,100,100,100,0,1,1787612613.874926,G1,T03,sel_fuori_3m,0,absent
8906300,1,0,1,0,140,0,100,1,19,12,4,12,24,15,8,3,2,0,0,100,100,100,100,100,100,100,1,1,1787612614.074717,G1,T03,sel_fuori_3m,0,absent
8906500,1,0,1,0,140,0,0,1,21,13,4,38,100,58,12,12,8,0,0,100,100,100,100,100,100,100,0,1,1787612614.2751162,G1,T03,sel_fuori_3m,0,absent
8906700,1,0,1,0,140,0,0,1,17,12,4,15,74,59,9,15,13,0,0,100,100,100,100,100,100,100,0,1,1787612614.4747226,G1,T03,sel_fuori_3m,0,absent
8906900,1,0,1,0,140,0,0,1,16,9,3,25,86,62,14,11,8,0,0,100,100,100,100,100,100,100,1,1,1787612614.675246,G1,T03,sel_fuori_3m,0,absent
8907100,1,0,1,0,140,0,0,1,22,13,4,17,58,43,10,7,7,0,0,93,100,100,100,100,100,100,0,1,1787612614.874751,G1,T03,sel_fuori_3m,0,absent
8907300,1,0,1,0,140,0,0,1,16,12,3,7,28,26,11,9,7,0,0,83,100,100,100,100,100,100,1,1,1787612615.0751395,G1,T03,sel_fuori_3m,0,absent
8907500,1,0,1,0,140,0,0,1,21,16,3,21,62,35,7,10,9,0,0,59,100,100,100,100,100,100,1,1,1787612615.2749825,G1,T03,sel_fuori_3m,0,absent
8907700,1,0,1,0,140,0,0,1,15,11,2,9,49,58,14,11,11,0,0,46,100,100,100,100,100,100,0,1,1787612615.4749854,G1,T03,sel_fuori_3m,0,absent
8907900,1,0,1,0,140,0,40,1,26,15,2,6,20,4,15,9,4,0,0,40,100,100,100,97,100,100,1,1,1787612615.674604,G1,T03,sel_fuori_3m,0,absent
8908100,1,0,1,0,140,0,32,1,15,11,2,18,63,41,4,2,7,0,0,32,100,100,100,94,100,100,0,1,1787612615.8743382,G1,T03,sel_fuori_3m,0,absent
8908300,1,0,1,0,140,0,22,1,18,13,2,21,76,50,5,5,9,0,0,22,100,100,100,91,100,100,0,1,1787612616.0747547,G1,T03,sel_fuori_3m,0,absent
8908500,1,0,1,0,140,0,18,1,19,13,2,18,73,57,8,11,8,0,0,18,100,100,100,88,100,100,0,1,1787612616.2742963,G1,T03,sel_fuori_3m,0,absent
8908700,1,0,1,0,140,0,12,1,17,10,2,19,24,10,14,9,7,0,0,12,100,100,100,87,100,100,0,1,1787612616.474574,G1,T03,sel_fuori_3m,0,absent
8908900,1,0,1,0,140,0,9,1,20,13,3,13,36,45,16,5,4,0,0,9,94,100,100,89,100,100,0,1,1787612616.674128,G1,T03,sel_fuori_3m,0,absent
8909100,1,0,1,0,140,0,7,1,20,14,4,13,35,13,5,4,6,0,0,7,92,100,100,87,100,100,0,1,1787612616.874351,G1,T03,sel_fuori_3m,0,absent
8909300,1,0,1,0,140,0,7,1,21,13,2,14,48,35,10,3,8,0,0,7,93,100,100,84,100,100,0,1,1787612617.0743122,G1,T03,sel_fuori_3m,0,absent
8909500,1,0,1,0,140,0,7,1,17,10,2,20,51,17,14,8,9,0,0,7,93,100,100,85,100,100,1,1,1787612617.274722,G1,T03,sel_fuori_3m,0,absent
8909700,1,0,1,0,140,0,6,1,14,17,3,10,32,16,5,8,5,0,0,6,93,100,100,86,100,100,0,1,1787612617.47404,G1,T03,sel_fuori_3m,0,absent
8909900,1,0,1,0,140,0,5,1,22,17,3,7,13,3,7,3,2,0,0,5,96,100,100,85,100,100,0,1,1787612617.6740813,G1,T03,sel_fuori_3m,0,absent
8910100,1,0,1,0,140,0,5,1,20,15,2,9,21,15,5,9,9,0,0,5,96,100,100,81,100,100,0,1,1787612617.8742678,G1,T03,sel_fuori_3m,0,absent
8910300,1,0,1,0,140,0,5,1,15,12,3,7,14,9,2,1,4,0,0,5,98,100,100,78,100,100,0,1,1787612618.0745523,G1,T03,sel_fuori_3m,0,absent
8910500,1,0,1,0,140,0,5,1,16,12,3,22,56,32,10,1,4,0,0,5,100,100,100,77,100,100,0,1,1787612618.2748384,G1,T03,sel_fuori_3m,0,absent
8910700,1,0,1,0,140,0,5,1,18,12,3,11,25,15,5,1,7,0,0,5,100,100,100,74,100,100,0,1,1787612618.4742968,G1,T03,sel_fuori_3m,0,absent
8910900,1,0,1,0,140,0,5,1,17,12,2,18,51,33,7,1,8,0,0,5,100,100,100,74,100,100,0,1,1787612618.674543,G1,T03,sel_fuori_3m,0,absent
8911100,1,0,1,0,140,0,5,1,19,13,2,6,19,19,10,9,7,0,0,5,100,100,100,72,100,95,0,1,1787612618.875069,G1,T03,sel_fuori_3m,0,absent
8911300,1,0,1,0,140,0,5,1,16,12,2,7,16,13,11,3,6,0,0,5,100,100,100,70,100,89,0,1,1787612619.0746157,G1,T03,sel_fuori_3m,0,absent
8911500,0,0,0,0,0,0,0,1,20,12,3,11,24,17,3,6,3,0,0,5,100,100,100,68,92,82,0,0,1787612619.2746246,G1,T03,sel_fuori_3m,0,absent
8911700,0,0,0,0,0,0,0,1,18,13,2,14,37,24,12,5,9,0,0,5,100,100,100,67,82,74,0,0,1787612619.474678,G1,T03,sel_fuori_3m,0,absent
8911900,0,0,0,0,0,0,0,1,18,10,4,16,35,8,6,5,6,0,0,5,100,100,100,67,76,68,0,0,1787612619.6737168,G1,T03,sel_fuori_3m,0,absent
8912100,0,0,0,0,0,0,0,0,14,8,2,22,58,17,11,9,5,0,0,5,100,100,100,67,71,63,0,0,1787612619.8745291,G1,T03,sel_fuori_3m,0,absent
8912300,0,0,0,0,0,0,0,0,28,13,3,4,15,14,12,12,9,0,0,5,98,100,100,67,66,60,0,0,1787612620.0739048,G1,T03,sel_fuori_3m,0,absent
8912500,0,0,0,0,0,0,0,0,17,13,2,18,39,20,1,5,7,0,0,5,97,100,100,65,63,57,0,0,1787612620.2744327,G1,T03,sel_fuori_3m,0,absent
8912700,0,0,0,0,0,0,0,0,21,12,4,17,31,9,7,9,4,0,0,5,96,100,100,62,60,55,0,0,1787612620.4745104,G1,T03,sel_fuori_3m,0,absent
8912900,0,0,0,0,0,0,0,0,20,12,3,7,32,32,17,3,3,0,0,5,94,100,100,62,56,53,1,0,1787612620.6735103,G1,T03,sel_fuori_3m,0,absent
8913100,0,0,0,0,0,0,0,0,18,12,2,31,70,26,13,4,2,0,0,5,97,100,100,62,52,50,1,0,1787612620.8746948,G1,T03,sel_fuori_3m,0,absent
8913300,0,0,0,0,0,0,0,0,17,14,3,24,71,41,6,12,8,0,0,5,100,100,100,59,50,49,0,0,1787612621.07461,G1,T03,sel_fuori_3m,0,absent
8913500,0,0,0,0,0,0,0,0,20,13,3,16,31,16,8,10,8,0,0,5,100,100,100,58,51,50,0,0,1787612621.274767,G1,T03,sel_fuori_3m,0,absent
8913700,0,0,0,0,0,0,0,0,15,10,3,5,26,19,7,6,6,0,0,5,100,100,100,56,50,51,1,0,1787612621.474884,G1,T03,sel_fuori_3m,0,absent
8913900,0,0,0,0,0,0,0,0,17,13,2,9,28,22,5,12,8,0,0,5,98,100,100,54,54,54,0,0,1787612621.6743867,G1,T03,sel_fuori_3m,0,absent
8914100,0,0,0,0,0,0,0,0,15,13,3,17,26,15,12,10,14,0,0,5,98,100,100,55,56,57,0,0,1787612621.8740916,G1,T03,sel_fuori_3m,0,absent
8914300,0,0,0,0,0,0,0,0,18,13,4,7,16,32,7,14,12,0,0,5,97,100,100,55,62,63,0,0,1787612622.0747874,G1,T03,sel_fuori_3m,0,absent
8914500,0,0,0,0,0,0,0,0,15,12,3,14,53,39,5,2,5,0,0,5,95,100,100,57,68,69,0,0,1787612622.2746189,G1,T03,sel_fuori_3m,0,absent
8914700,0,0,0,0,0,0,0,0,22,15,2,25,69,27,8,12,11,0,0,5,94,100,100,59,69,69,0,0,1787612622.4747298,G1,T03,sel_fuori_3m,0,absent
8914900,0,0,0,0,0,0,0,0,18,8,3,7,14,8,6,12,11,0,0,5,96,100,100,60,75,76,0,0,1787612622.6741858,G1,T03,sel_fuori_3m,0,absent
8915100,0,0,0,0,0,0,0,0,13,12,2,35,100,55,7,13,15,0,0,5,100,100,100,61,83,85,0,0,1787612622.874716,G1,T03,sel_fuori_3m,0,absent
8915300,0,0,0,0,0,0,0,0,16,11,3,12,27,20,12,19,13,0,0,5,100,100,100,62,95,98,1,0,1787612623.0747297,G1,T03,sel_fuori_3m,0,absent
8915500,0,0,0,0,0,0,0,0,19,10,3,42,100,79,11,12,13,0,0,5,100,100,100,62,100,100,0,0,1787612623.274934,G1,T03,sel_fuori_3m,0,absent
8915700,0,0,0,0,0,0,0,0,19,14,3,7,37,41,16,10,11,0,0,5,100,100,100,65,100,100,0,0,1787612623.4745834,G1,T03,sel_fuori_3m,0,absent
8915900,0,0,0,0,0,0,0,0,17,13,5,28,41,24,20,13,14,0,0,5,100,100,100,66,100,100,0,0,1787612623.6748087,G1,T03,sel_fuori_3m,0,absent
8916100,0,0,0,0,0,0,0,0,19,12,2,26,81,54,6,13,15,0,0,4,100,100,100,66,100,100,0,0,1787612623.8751714,G1,T03,sel_fuori_3m,0,absent
8916300,0,0,0,0,0,0,0,0,15,13,2,20,48,27,6,7,2,0,0,4,100,100,100,63,100,100,0,0,1787612624.0744548,G1,T03,sel_fuori_3m,0,absent
8916500,0,0,0,0,0,0,0,0,23,19,4,71,100,55,4,10,10,0,0,4,100,100,100,64,100,100,0,0,1787612624.275145,G1,T03,sel_fuori_3m,0,absent
8916700,0,0,0,0,0,0,0,0,20,15,4,35,74,32,6,8,13,0,0,4,100,100,100,64,100,100,0,0,1787612624.4749794,G1,T03,sel_fuori_3m,0,absent
8916900,0,0,0,0,0,0,0,0,19,12,1,21,60,42,6,16,15,0,0,4,100,100,100,63,100,100,1,0,1787612624.67489,G1,T03,sel_fuori_3m,0,absent
8917100,0,0,0,0,0,0,0,0,21,12,5,49,100,45,3,5,9,0,0,5,100,100,100,61,100,100,1,0,1787612624.8749707,G1,T03,sel_fuori_3m,0,absent
8917300,0,0,0,0,0,0,0,0,15,9,3,19,59,34,5,8,3,0,0,5,100,100,100,62,100,100,0,0,1787612625.0745609,G1,T03,sel_fuori_3m,0,absent
8917500,0,0,0,0,0,0,0,0,20,14,1,50,85,26,8,15,13,0,0,6,100,100,100,62,100,100,1,0,1787612625.27511,G1,T03,sel_fuori_3m,0,absent
8917700,0,0,0,0,0,0,0,0,23,16,5,52,89,27,13,10,11,0,0,6,100,100,100,65,100,100,0,0,1787612625.4752302,G1,T03,sel_fuori_3m,0,absent
8917900,0,0,0,0,0,0,0,0,15,10,2,11,18,21,7,16,12,0,0,6,100,100,100,67,100,100,0,0,1787612625.6750672,G1,T03,sel_fuori_3m,0,absent
8918100,0,0,0,0,0,0,0,1,16,10,3,35,58,29,7,5,9,0,0,6,100,100,100,68,100,100,0,0,1787612625.8745494,G1,T03,sel_fuori_3m,0,absent
8918300,0,0,0,0,0,0,0,1,16,12,3,32,57,23,8,13,15,0,0,6,100,100,100,65,100,100,0,0,1787612626.074698,G1,T03,sel_fuori_3m,0,absent
8918500,0,0,0,0,0,0,0,1,21,17,3,9,17,13,1,8,11,0,0,6,100,100,100,63,100,100,0,0,1787612626.2747555,G1,T03,sel_fuori_3m,0,absent
8918700,0,0,0,0,0,0,0,1,17,9,6,33,89,48,4,13,11,0,0,7,100,100,100,61,100,100,0,0,1787612626.4749289,G1,T03,sel_fuori_3m,0,absent
8918900,0,0,0,0,0,0,0,1,22,16,3,79,100,71,5,8,10,0,0,8,100,100,100,58,100,100,0,0,1787612626.6749942,G1,T03,sel_fuori_3m,0,absent
8919100,0,0,0,0,0,0,0,1,22,16,4,66,100,53,2,3,2,0,0,8,100,100,100,56,100,100,0,0,1787612626.874849,G1,T03,sel_fuori_3m,0,absent
8919300,0,0,0,0,0,0,0,1,17,14,1,4,30,39,14,8,5,0,0,8,100,100,100,56,100,100,1,0,1787612627.074987,G1,T03,sel_fuori_3m,0,absent
8919500,0,0,0,0,0,0,0,1,19,15,2,45,81,32,2,5,9,0,0,9,100,100,100,54,100,100,0,0,1787612627.274496,G1,T03,sel_fuori_3m,0,absent
8919700,0,0,0,0,0,0,0,1,20,13,5,34,75,37,2,3,6,0,0,9,100,100,100,48,100,100,0,0,1787612627.4745507,G1,T03,sel_fuori_3m,0,absent
8919900,0,0,0,0,0,0,0,1,17,14,4,28,62,31,9,9,10,0,0,10,100,100,100,47,100,100,0,0,1787612627.6749177,G1,T03,sel_fuori_3m,0,absent
8920100,0,0,0,0,0,0,0,1,20,12,3,18,41,32,15,9,1,0,0,10,100,100,100,48,100,100,0,0,1787612627.8747892,G1,T03,sel_fuori_3m,0,absent
8920300,0,0,0,0,0,0,0,1,21,10,2,29,57,22,8,5,1,0,0,10,100,100,100,52,100,100,1,0,1787612628.075016,G1,T03,sel_fuori_3m,0,absent
8920500,0,0,0,0,0,0,0,1,18,14,6,8,23,34,18,12,3,0,0,10,100,100,100,54,100,100,1,0,1787612628.27468,G1,T03,sel_fuori_3m,0,absent
8920700,0,0,0,0,0,0,0,1,16,12,3,24,60,34,1,6,12,0,0,10,100,100,100,53,100,100,1,0,1787612628.4747853,G1,T03,sel_fuori_3m,0,absent
8920900,0,0,0,0,0,0,0,1,20,13,5,17,41,26,7,19,15,0,0,10,100,100,100,52,100,100,0,0,1787612628.6746688,G1,T03,sel_fuori_3m,0,absent
8921100,0,0,0,0,0,0,0,1,20,15,2,12,30,34,16,18,13,0,0,10,100,100,100,55,100,100,1,0,1787612628.8748984,G1,T03,sel_fuori_3m,0,absent
8921300,0,0,0,0,0,0,0,1,20,16,2,44,69,17,10,8,4,0,0,11,100,100,100,58,100,100,1,0,1787612629.0750668,G1,T03,sel_fuori_3m,0,absent
8921500,0,0,0,0,0,0,0,1,19,13,2,36,83,43,11,9,4,0,0,10,100,100,100,63,100,100,0,0,1787612629.27491,G1,T03,sel_fuori_3m,0,absent
8921700,0,0,0,0,0,0,0,1,16,11,4,17,38,17,13,9,15,0,0,10,100,100,100,61,100,100,1,0,1787612629.4746737,G1,T03,sel_fuori_3m,0,absent
8921900,0,0,0,0,0,0,0,1,17,12,2,17,21,8,11,18,20,0,0,10,100,100,100,60,100,100,0,0,1787612629.6755593,G1,T03,sel_fuori_3m,0,absent
8922100,0,0,0,0,0,0,0,1,18,11,2,37,67,21,10,9,14,0,0,10,100,100,100,57,100,100,0,0,1787612629.8746583,G1,T03,sel_fuori_3m,0,absent
8922300,0,0,0,0,0,0,0,1,19,11,4,30,72,37,3,10,10,0,0,10,100,100,100,58,100,100,0,0,1787612630.075395,G1,T03,sel_fuori_3m,0,absent
8922500,0,0,0,0,0,0,0,1,20,13,2,14,35,23,1,10,10,0,0,10,100,100,100,57,100,100,0,0,1787612630.2747972,G1,T03,sel_fuori_3m,0,absent
8922700,0,0,0,0,0,0,0,1,15,9,4,34,63,30,9,13,7,0,0,10,100,100,100,57,100,100,0,0,1787612630.4751236,G1,T03,sel_fuori_3m,0,absent
8922900,0,0,0,0,0,0,0,1,20,15,2,40,74,25,5,5,1,0,0,10,100,100,100,58,100,100,0,0,1787612630.6748986,G1,T03,sel_fuori_3m,0,absent
8923100,0,0,0,0,0,0,0,1,18,12,2,34,66,34,13,6,2,0,0,9,100,100,100,59,100,100,0,0,1787612630.8754845,G1,T03,sel_fuori_3m,0,absent
8923300,0,0,0,0,0,0,0,1,15,9,2,36,57,26,12,3,2,0,0,9,100,100,100,58,100,100,0,0,1787612631.0747736,G1,T03,sel_fuori_3m,0,absent
8923500,0,0,0,0,0,0,0,1,17,13,2,10,8,14,8,10,2,0,0,9,100,100,100,61,100,100,1,0,1787612631.2748547,G1,T03,sel_fuori_3m,0,absent
8923700,0,0,0,0,0,0,0,1,13,8,1,36,66,34,5,7,1,0,0,10,100,100,100,63,100,100,0,0,1787612631.4748485,G1,T03,sel_fuori_3m,0,absent
8923900,0,0,0,0,0,0,0,1,16,11,2,30,59,23,1,6,1,0,0,9,100,100,100,62,100,100,0,0,1787612631.6750054,G1,T03,sel_fuori_3m,0,absent
8924100,0,0,0,0,0,0,0,1,16,12,2,16,19,6,5,5,2,0,0,9,100,100,100,60,100,100,0,0,1787612631.8751774,G1,T03,sel_fuori_3m,0,absent
8924300,0,0,0,0,0,0,0,1,24,15,5,24,41,21,8,1,4,0,0,10,100,100,100,56,100,100,0,0,1787612632.0746417,G1,T03,sel_fuori_3m,0,absent
8924500,0,0,0,0,0,0,0,1,17,11,5,3,7,3,7,2,4,0,0,10,100,100,100,52,100,100,0,0,1787612632.2748256,G1,T03,sel_fuori_3m,0,absent
8924700,0,0,0,0,0,0,0,1,18,15,3,17,27,8,2,3,6,0,0,11,100,100,100,52,100,100,1,0,1787612632.4750612,G1,T03,sel_fuori_3m,0,absent
8924900,0,0,0,0,0,0,0,0,18,11,4,11,13,5,7,4,7,0,0,11,100,100,100,50,100,100,1,0,1787612632.6747186,G1,T03,sel_fuori_3m,0,absent
8925100,0,0,0,0,0,0,0,0,18,11,2,8,15,10,6,9,3,0,0,11,100,100,100,46,100,100,1,0,1787612632.874873,G1,T03,sel_fuori_3m,0,absent
8925300,0,0,0,0,0,0,0,0,20,13,2,37,65,21,6,7,3,0,0,10,100,100,100,42,95,100,0,0,1787612633.0749726,G1,T03,sel_fuori_3m,0,absent
8925500,0,0,0,0,0,0,0,0,13,10,3,43,73,21,7,9,4,0,0,11,100,100,100,36,86,98,0,0,1787612633.275045,G1,T03,sel_fuori_3m,0,absent
8925700,0,0,0,0,0,0,0,0,17,10,3,15,27,7,6,8,2,0,0,11,100,100,100,34,80,92,1,0,1787612633.473683,G1,T03,sel_fuori_3m,0,absent
8925900,0,0,0,0,0,0,0,0,20,13,3,6,8,1,2,6,4,0,0,11,100,100,100,33,79,90,1,0,1787612633.6746519,G1,T03,sel_fuori_3m,0,absent
8926100,0,0,0,0,0,0,0,0,19,11,2,20,29,12,7,5,7,0,0,11,100,100,100,33,75,86,0,0,1787612633.8744931,G1,T03,sel_fuori_3m,0,absent
8926300,0,0,0,0,0,0,0,0,19,8,1,27,46,21,8,6,5,0,0,11,100,100,100,32,70,81,0,0,1787612634.0747924,G1,T03,sel_fuori_3m,0,absent
8926500,0,0,0,0,0,0,0,0,16,11,2,21,39,17,6,6,3,0,0,12,100,100,100,32,65,74,1,0,1787612634.2752318,G1,T03,sel_fuori_3m,0,absent
8926700,0,0,0,0,0,0,0,0,21,12,2,20,37,18,2,6,4,0,0,12,100,100,100,30,57,66,1,0,1787612634.4750993,G1,T03,sel_fuori_3m,0,absent
8926900,0,0,0,0,0,0,0,0,18,15,2,15,32,12,2,5,5,0,0,12,100,100,100,29,50,58,0,0,1787612634.6748817,G1,T03,sel_fuori_3m,0,absent
8927100,0,0,0,0,0,0,0,0,19,15,2,23,46,23,4,6,2,0,0,12,100,100,100,27,43,51,0,0,1787612634.8748832,G1,T03,sel_fuori_3m,0,absent
8927300,0,0,0,0,0,0,0,0,18,11,1,13,22,14,6,5,3,0,0,11,100,100,100,27,38,45,0,0,1787612635.0746343,G1,T03,sel_fuori_3m,0,absent
8927500,0,0,0,0,0,0,0,0,18,14,3,9,5,7,6,8,2,0,0,11,100,100,100,24,35,40,1,0,1787612635.2740207,G1,T03,sel_fuori_3m,0,absent
8927700,0,0,0,0,0,0,0,0,20,12,2,5,10,11,8,10,1,0,0,11,100,100,100,22,32,35,1,0,1787612635.4753392,G1,T03,sel_fuori_3m,0,absent
8927900,0,0,0,0,0,0,0,0,18,10,2,9,12,2,4,10,0,0,0,11,100,100,100,21,29,32,0,0,1787612635.6750524,G1,T03,sel_fuori_3m,0,absent
8928100,0,0,0,0,0,0,0,0,20,15,1,10,15,13,5,9,2,0,0,10,100,100,100,19,28,29,0,0,1787612635.874734,G1,T03,sel_fuori_3m,0,absent
8928300,0,0,0,0,0,0,0,0,14,10,4,15,29,19,3,8,3,0,0,10,100,100,100,19,25,27,0,0,1787612636.075133,G1,T03,sel_fuori_3m,0,absent
8928500,0,0,0,0,0,0,0,0,15,12,3,20,40,18,2,7,4,0,0,10,100,100,100,20,23,24,1,0,1787612636.2746687,G1,T03,sel_fuori_3m,0,absent
8928700,0,0,0,0,0,0,0,0,21,15,2,16,36,18,2,5,7,0,0,9,100,100,100,20,22,23,1,0,1787612636.475242,G1,T03,sel_fuori_3m,0,absent
8928900,0,0,0,0,0,0,0,0,21,14,2,13,24,10,2,6,6,0,0,9,100,100,100,21,20,21,0,0,1787612636.674722,G1,T03,sel_fuori_3m,0,absent
8929100,0,0,0,0,0,0,0,0,16,11,2,9,17,9,3,6,5,0,0,9,100,100,100,19,19,20,0,0,1787612636.8747172,G1,T03,sel_fuori_3m,0,absent
8929300,0,0,0,0,0,0,0,0,18,11,2,12,23,14,7,6,5,0,0,9,100,100,100,19,19,19,1,0,1787612637.0747147,G1,T03,sel_fuori_3m,0,absent
8929500,0,0,0,0,0,0,0,0,17,13,2,11,18,11,7,5,6,0,0,8,100,100,100,19,18,18,0,0,1787612637.274536,G1,T03,sel_fuori_3m,0,absent
8929700,0,0,0,0,0,0,0,0,19,14,2,9,16,7,6,4,8,0,0,8,100,100,100,19,17,18,0,0,1787612637.475033,G1,T03,sel_fuori_3m,0,absent
8929900,0,0,0,0,0,0,0,0,13,8,2,10,16,7,7,5,6,0,0,8,100,100,100,18,15,17,0,0,1787612637.6748056,G1,T03,sel_fuori_3m,0,absent
8930100,0,0,0,0,0,0,0,0,23,20,2,16,31,12,6,7,7,0,0,8,100,100,100,18,13,15,0,0,1787612637.8753414,G1,T03,sel_fuori_3m,0,absent
8930300,0,0,0,0,0,0,0,0,19,12,2,18,34,13,4,5,7,0,0,7,100,100,100,18,12,14,0,0,1787612638.0748775,G1,T03,sel_fuori_3m,0,absent
8930500,0,0,0,0,0,0,0,0,18,14,2,17,28,12,2,7,5,0,0,7,100,100,100,18,11,14,1,0,1787612638.2746034,G1,T03,sel_fuori_3m,0,absent
8930700,0,0,0,0,0,0,0,0,18,12,5,27,47,21,7,8,2,0,0,7,100,100,100,18,11,13,0,0,1787612638.4746833,G1,T03,sel_fuori_3m,0,absent
8930900,0,0,0,0,0,0,0,0,18,12,5,20,37,16,8,9,1,0,0,7,100,100,100,19,11,13,1,0,1787612638.6747875,G1,T03,sel_fuori_3m,0,absent
8931100,0,0,0,0,0,0,0,0,19,11,3,25,52,22,8,13,5,0,0,8,100,100,100,22,11,14,0,0,1787612638.8753853,G1,T03,sel_fuori_3m,0,absent
8931300,0,0,0,0,0,0,0,0,19,14,2,16,25,11,12,3,6,0,0,8,100,100,100,26,13,15,1,0,1787612639.0747054,G1,T03,sel_fuori_3m,0,absent
8931500,0,0,0,0,0,0,0,0,21,15,2,10,10,7,6,3,6,0,0,8,100,100,100,31,15,15,1,0,1787612639.2746384,G1,T03,sel_fuori_3m,0,absent
8931700,0,0,0,0,0,0,0,0,16,11,3,11,18,7,8,4,7,0,0,8,100,100,100,33,16,16,0,0,1787612639.4749386,G1,T03,sel_fuori_3m,0,absent
8931900,0,0,0,0,0,0,0,0,18,11,4,22,36,13,6,4,6,0,0,9,100,100,100,35,16,17,0,0,1787612639.6747124,G1,T03,sel_fuori_3m,0,absent
8932100,0,0,0,0,0,0,0,0,21,16,5,30,56,21,8,8,2,0,0,9,100,100,100,37,16,17,0,0,1787612639.87501,G1,T03,sel_fuori_3m,0,absent
8932300,0,0,0,0,0,0,0,0,19,15,5,36,62,21,4,8,3,0,0,9,100,100,100,39,16,17,0,0,1787612640.0746386,G1,T03,sel_fuori_3m,0,absent
8932500,0,0,0,0,0,0,0,0,20,17,3,11,19,9,4,6,3,0,0,10,100,100,100,40,15,17,1,0,1787612640.2752516,G1,T03,sel_fuori_3m,0,absent
8932700,0,0,0,0,0,0,0,0,22,14,4,4,11,6,3,8,2,0,0,10,100,100,100,40,14,16,1,0,1787612640.4751797,G1,T03,sel_fuori_3m,0,absent
8932900,0,0,0,0,0,0,0,0,21,10,4,8,12,7,5,7,2,0,0,11,100,100,100,40,14,15,0,0,1787612640.674624,G1,T03,sel_fuori_3m,0,absent
8933100,0,0,0,0,0,0,0,0,18,15,5,11,14,6,4,6,2,0,0,11,100,100,100,40,13,14,1,0,1787612640.8752875,G1,T03,sel_fuori_3m,0,absent
8933300,0,0,0,0,0,0,0,0,16,9,5,7,10,10,5,6,3,0,0,11,100,100,100,40,13,14,0,0,1787612641.0748346,G1,T03,sel_fuori_3m,0,absent
8933500,0,0,0,0,0,0,0,0,19,15,6,14,21,12,6,6,2,0,0,11,100,100,100,40,13,13,1,0,1787612641.2747145,G1,T03,sel_fuori_3m,0,absent
8933700,0,0,0,0,0,0,0,0,21,14,6,12,16,4,8,6,3,0,0,11,100,100,100,40,12,13,0,0,1787612641.4747708,G1,T03,sel_fuori_3m,0,absent
8933900,0,0,0,0,0,0,0,0,19,15,3,11,13,9,7,6,3,0,0,11,100,100,100,40,12,13,0,0,1787612641.6749265,G1,T03,sel_fuori_3m,0,absent
8934100,0,0,0,0,0,0,0,0,17,9,4,6,13,9,6,8,1,0,0,11,100,100,100,40,12,12,0,0,1787612641.8747077,G1,T03,sel_fuori_3m,0,absent
8934300,0,0,0,0,0,0,0,0,18,11,3,17,28,12,2,11,2,0,0,11,100,100,100,40,13,12,0,0,1787612642.0756588,G1,T03,sel_fuori_3m,0,absent
8934500,0,0,0,0,0,0,0,0,17,11,3,17,21,12,3,8,5,0,0,11,100,100,100,41,15,13,0,0,1787612642.27501,G1,T03,sel_fuori_3m,0,absent
8934700,0,0,0,0,0,0,0,0,18,10,4,17,25,10,6,3,5,0,0,11,100,100,100,40,16,13,0,0,1787612642.4747071,G1,T03,sel_fuori_3m,0,absent
8934900,0,0,0,0,0,0,0,0,17,12,3,8,11,9,9,2,6,0,0,11,100,100,100,40,17,14,0,0,1787612642.6750534,G1,T03,sel_fuori_3m,0,absent
8935100,0,0,0,0,0,0,0,0,26,14,2,7,10,8,8,5,5,0,0,11,100,100,100,38,17,13,0,0,1787612642.8750465,G1,T03,sel_fuori_3m,0,absent
8935300,0,0,0,0,0,0,0,0,18,13,3,4,7,6,6,7,3,0,0,11,100,100,100,35,15,12,0,0,1787612643.074792,G1,T03,sel_fuori_3m,0,absent
8935500,0,0,0,0,0,0,0,0,19,12,2,5,4,6,6,8,3,0,0,11,100,100,100,32,13,11,0,0,1787612643.2747595,G1,T03,sel_fuori_3m,0,absent
8935700,0,0,0,0,0,0,0,0,22,15,2,11,17,10,6,7,4,0,0,11,100,100,100,30,12,10,0,0,1787612643.4750612,G1,T03,sel_fuori_3m,0,absent
8935900,0,0,0,0,0,0,0,0,16,9,2,11,15,8,5,6,4,0,0,11,100,100,100,28,12,10,0,0,1787612643.6752522,G1,T03,sel_fuori_3m,0,absent
8936100,0,0,0,0,0,0,0,0,13,12,2,9,10,5,7,5,5,0,0,10,100,100,100,26,11,9,0,0,1787612643.8748155,G1,T03,sel_fuori_3m,0,absent
8936300,0,0,0,0,0,0,0,0,20,16,2,9,18,11,8,6,5,0,0,10,100,100,100,24,11,9,0,0,1787612644.0750844,G1,T03,sel_fuori_3m,0,absent
8936500,0,0,0,0,0,0,0,0,17,15,2,14,25,8,6,8,4,0,0,10,100,100,100,24,12,9,0,0,1787612644.2754846,G1,T03,sel_fuori_3m,0,absent
8936700,0,0,0,0,0,0,0,0,18,14,3,12,18,5,4,8,4,0,0,9,100,100,100,23,12,10,0,0,1787612644.4747684,G1,T03,sel_fuori_3m,0,absent
8936900,0,0,0,0,0,0,0,0,16,13,3,7,4,3,5,5,5,0,0,9,100,100,100,23,12,10,0,0,1787612644.6748362,G1,T03,sel_fuori_3m,0,absent
8937100,0,0,0,0,0,0,0,0,19,13,3,8,17,9,6,2,5,0,0,8,100,100,100,22,13,10,0,0,1787612644.8745902,G1,T03,sel_fuori_3m,0,absent
8937300,0,0,0,0,0,0,0,0,17,10,2,15,21,10,6,2,5,0,0,9,100,100,100,23,13,10,0,0,1787612645.074854,G1,T03,sel_fuori_3m,0,absent
8937500,0,0,0,0,0,0,0,0,14,10,2,2,7,9,7,2,7,0,0,8,100,100,100,24,14,10,0,0,1787612645.274778,G1,T03,sel_fuori_3m,0,absent
8937700,0,0,0,0,0,0,0,0,14,14,2,8,10,8,9,1,8,0,0,8,100,100,100,26,16,11,0,0,1787612645.4748998,G1,T03,sel_fuori_3m,0,absent
8937900,0,0,0,0,0,0,0,0,17,13,3,6,7,6,6,2,7,0,0,8,100,100,100,28,17,11,0,0,1787612645.6747453,G1,T03,sel_fuori_3m,0,absent
8938100,0,0,0,0,0,0,0,0,15,8,2,4,8,8,5,4,6,0,0,8,100,100,100,30,17,11,0,0,1787612645.8745816,G1,T03,sel_fuori_3m,0,absent
8938300,0,0,0,0,0,0,0,0,18,13,2,2,2,6,5,7,4,0,0,8,100,100,100,31,16,11,0,0,1787612646.0749094,G1,T03,sel_fuori_3m,0,absent
8938500,0,0,0,0,0,0,0,0,19,11,2,7,11,10,6,8,4,0,0,8,100,100,100,31,15,10,0,0,1787612646.2749488,G1,T03,sel_fuori_3m,0,absent
8938700,0,0,0,0,0,0,0,0,14,10,2,9,15,6,8,8,4,0,0,8,100,100,100,30,14,9,0,0,1787612646.4745657,G1,T03,sel_fuori_3m,0,absent
8938900,0,0,0,0,0,0,0,0,14,9,2,12,16,8,7,9,4,0,0,8,100,100,100,29,13,8,0,0,1787612646.6749215,G1,T03,sel_fuori_3m,0,absent
8939100,0,0,0,0,0,0,0,0,17,13,2,14,17,7,2,9,5,0,0,8,100,100,100,28,13,8,0,0,1787612646.8749063,G1,T03,sel_fuori_3m,0,absent
8939300,0,0,0,0,0,0,0,0,17,11,2,15,25,9,4,7,5,0,0,8,100,100,100,27,13,8,0,0,1787612647.0748737,G1,T03,sel_fuori_3m,0,absent
8939500,0,0,0,0,0,0,0,0,20,12,3,16,26,11,7,4,5,0,0,8,100,100,100,26,13,8,0,0,1787612647.275609,G1,T03,sel_fuori_3m,0,absent
8939700,0,0,0,0,0,0,0,0,17,12,3,19,29,10,9,1,4,0,0,9,100,100,100,26,13,9,0,0,1787612647.4748182,G1,T03,sel_fuori_3m,0,absent
8939900,0,0,0,0,0,0,0,0,20,10,2,13,24,10,4,2,3,0,0,9,100,100,100,27,14,9,0,0,1787612647.6756172,G1,T03,sel_fuori_3m,0,absent
8940100,0,0,0,0,0,0,0,0,24,13,4,8,7,4,10,3,3,0,0,9,100,100,100,27,15,9,0,0,1787612647.875041,G1,T03,sel_fuori_3m,0,absent
8940300,0,0,0,0,0,0,0,0,16,9,4,6,9,9,9,3,4,0,0,9,100,100,98,28,15,8,0,0,1787612648.0749655,G1,T03,sel_fuori_3m,0,absent
8940500,0,0,0,0,0,0,0,0,22,16,3,14,22,11,5,6,4,0,0,9,100,100,100,28,15,8,0,0,1787612648.2754428,G1,T03,sel_fuori_3m,0,absent
8940700,0,0,0,0,0,0,0,0,21,15,3,24,38,13,6,8,4,0,0,9,100,100,100,28,15,8,0,0,1787612648.4754357,G1,T03,sel_fuori_3m,0,absent
8940900,0,0,0,0,0,0,0,0,19,16,2,20,32,12,9,5,5,0,0,9,100,100,100,29,15,7,0,0,1787612648.6748283,G1,T03,sel_fuori_3m,0,absent
8941100,0,0,0,0,0,0,0,0,20,13,2,15,24,12,7,4,6,0,0,10,100,100,100,29,15,7,0,0,1787612648.8756754,G1,T03,sel_fuori_3m,0,absent
8941300,0,0,0,0,0,0,0,0,20,14,2,8,10,7,4,8,4,0,0,10,100,100,100,28,15,7,0,0,1787612649.074643,G1,T03,sel_fuori_3m,0,absent
8941500,0,0,0,0,0,0,0,0,19,11,2,9,16,8,5,8,4,0,0,10,100,100,100,27,15,7,0,0,1787612649.2748828,G1,T03,sel_fuori_3m,0,absent
8941700,0,0,0,0,0,0,0,0,21,14,2,23,35,10,8,3,6,0,0,10,100,100,100,25,14,6,0,0,1787612649.4749882,G1,T03,sel_fuori_3m,0,absent
8941900,0,0,0,0,0,0,0,0,16,10,3,31,46,12,9,4,2,0,0,10,100,100,99,24,13,6,0,0,1787612649.6756997,G1,T03,sel_fuori_3m,0,absent
8942100,0,0,0,0,0,0,0,0,17,12,2,31,48,13,7,7,3,0,0,10,100,100,98,24,13,6,0,0,1787612649.8747725,G1,T03,sel_fuori_3m,0,absent
8942300,0,0,0,0,0,0,0,0,21,16,2,27,48,17,8,8,6,0,0,10,100,100,100,25,14,7,0,0,1787612650.0754547,G1,T03,sel_fuori_3m,0,absent
8942500,0,0,0,0,0,0,0,0,15,13,3,23,48,30,1,7,9,0,0,10,100,100,100,25,15,7,0,0,1787612650.274848,G1,T03,sel_fuori_3m,0,absent
8942700,0,0,0,0,0,0,0,0,24,16,2,25,50,22,9,5,8,0,0,10,100,100,100,27,15,8,0,0,1787612650.4751296,G1,T03,sel_fuori_3m,0,absent
8942900,0,0,0,0,0,0,0,0,17,10,3,7,17,15,9,5,6,0,0,10,100,100,100,29,15,10,0,0,1787612650.6757627,G1,T03,sel_fuori_3m,0,absent
8943100,0,0,0,0,0,0,0,0,22,18,2,13,23,11,3,5,3,0,0,10,100,100,100,30,15,11,0,0,1787612650.875848,G1,T03,sel_fuori_3m,0,absent
8943300,0,0,0,0,0,0,0,0,15,9,3,16,27,14,8,7,7,0,0,10,100,100,100,31,14,12,0,0,1787612651.075795,G1,T03,sel_fuori_3m,0,absent
8943500,0,0,0,0,0,0,0,0,16,11,4,15,26,10,7,7,6,0,0,10,100,100,100,31,15,12,0,0,1787612651.2758443,G1,T03,sel_fuori_3m,0,absent
8943700,0,0,0,0,0,0,0,0,16,10,5,30,51,17,3,5,7,0,0,10,100,100,100,31,15,13,0,0,1787612651.475809,G1,T03,sel_fuori_3m,0,absent
8943900,0,0,0,0,0,0,0,0,17,11,3,36,69,29,6,4,8,0,0,11,100,100,100,29,15,13,0,0,1787612651.6756513,G1,T03,sel_fuori_3m,0,absent
8944100,0,0,0,0,0,0,0,0,17,13,3,27,62,29,9,4,4,0,0,11,100,100,100,29,15,14,0,0,1787612651.8753464,G1,T03,sel_fuori_3m,0,absent
8944300,0,0,0,0,0,0,0,0,18,12,2,32,63,25,6,3,2,0,0,11,100,100,100,30,15,15,0,0,1787612652.0758882,G1,T03,sel_fuori_3m,0,absent
8944500,0,0,0,0,0,0,0,0,13,9,2,13,26,18,3,2,5,0,0,11,100,100,100,31,15,16,0,0,1787612652.2749996,G1,T03,sel_fuori_3m,0,absent
8944700,0,0,0,0,0,0,0,0,19,17,2,21,35,16,4,1,6,0,0,11,100,100,100,31,14,17,0,0,1787612652.4759831,G1,T03,sel_fuori_3m,0,absent
8944900,0,0,0,0,0,0,0,0,18,11,3,15,23,6,2,1,7,0,0,11,100,100,100,30,14,18,0,0,1787612652.6758418,G1,T03,sel_fuori_3m,0,absent
8945100,0,0,0,0,0,0,0,0,21,11,4,15,25,13,10,1,5,0,0,11,100,100,100,31,14,18,0,0,1787612652.8754034,G1,T03,sel_fuori_3m,0,absent
8945300,0,0,0,0,0,0,0,0,22,13,1,14,31,15,10,2,2,0,0,10,100,100,100,32,14,19,0,0,1787612653.0758514,G1,T03,sel_fuori_3m,0,absent
8945500,0,0,0,0,0,0,0,0,16,10,1,11,23,14,3,2,3,0,0,10,100,100,100,33,13,19,0,0,1787612653.2750373,G1,T03,sel_fuori_3m,0,absent
8945700,0,0,0,0,0,0,0,0,18,10,1,2,10,8,4,1,3,0,0,10,100,100,100,32,13,19,0,0,1787612653.4753485,G1,T03,sel_fuori_3m,0,absent
8945900,0,0,0,0,0,0,0,0,14,13,2,1,4,6,4,1,4,0,0,10,100,100,100,31,12,19,0,0,1787612653.6750505,G1,T03,sel_fuori_3m,0,absent
8946100,0,0,0,0,0,0,0,0,17,15,1,11,18,5,2,5,2,0,0,10,100,100,100,30,11,20,0,0,1787612653.875734,G1,T03,sel_fuori_3m,0,absent
8946300,0,0,0,0,0,0,0,0,17,14,2,10,15,2,3,3,3,0,0,10,100,100,100,28,11,19,0,0,1787612654.0751896,G1,T03,sel_fuori_3m,0,absent
8946500,0,0,0,0,0,0,0,0,17,12,2,19,30,8,5,3,3,0,0,10,100,100,100,27,10,19,0,0,1787612654.2757292,G1,T03,sel_fuori_3m,0,absent
8946700,0,0,0,0,0,0,0,0,19,13,2,27,41,17,6,6,2,0,0,11,100,100,100,25,10,18,0,0,1787612654.475824,G1,T03,sel_fuori_3m,0,absent
8946900,0,0,0,0,0,0,0,0,14,11,1,35,59,18,9,6,4,0,0,11,100,100,100,23,10,18,0,0,1787612654.6756713,G1,T03,sel_fuori_3m,0,absent
8947100,0,0,0,0,0,0,0,0,17,12,2,13,23,15,7,5,6,0,0,11,100,100,100,22,10,17,0,0,1787612654.8759024,G1,T03,sel_fuori_3m,0,absent
8947300,0,0,0,0,0,0,0,0,21,16,2,12,15,11,4,4,5,0,0,11,100,100,100,22,9,16,1,0,1787612655.0745857,G1,T03,sel_fuori_3m,0,absent
8947500,0,0,0,0,0,0,0,0,18,10,2,11,9,9,5,3,6,0,0,11,100,100,100,22,9,16,1,0,1787612655.275584,G1,T03,sel_fuori_3m,0,absent
8947700,0,0,0,0,0,0,0,0,22,16,2,10,15,8,8,4,6,0,0,10,100,100,100,22,8,15,1,0,1787612655.4755924,G1,T03,sel_fuori_3m,0,absent
8947900,0,0,0,0,0,0,0,0,20,13,1,10,16,8,7,3,6,0,0,9,100,100,100,24,8,14,1,0,1787612655.675694,G1,T03,sel_fuori_3m,0,absent
8948100,0,0,0,0,0,0,0,0,24,15,2,11,14,12,8,4,6,0,0,8,100,100,100,24,7,13,0,0,1787612655.8750966,G1,T03,sel_fuori_3m,0,absent
8948300,0,0,0,0,0,0,0,0,18,15,1,2,3,1,4,4,8,0,0,8,100,100,100,24,7,13,1,0,1787612656.0748422,G1,T03,sel_fuori_3m,0,absent
8948500,0,0,0,0,0,0,0,0,22,13,2,1,2,7,3,4,6,0,0,8,100,100,100,23,6,12,1,0,1787612656.2753122,G1,T03,sel_fuori_3m,0,absent
8948700,0,0,0,0,0,0,0,0,29,17,2,5,7,10,1,4,6,0,0,8,100,100,100,22,6,11,0,0,1787612656.4755924,G1,T03,sel_fuori_3m,0,absent
8948900,0,0,0,0,0,0,0,0,13,10,2,9,6,8,4,4,6,0,0,8,100,100,100,21,6,11,0,0,1787612656.674843,G1,T03,sel_fuori_3m,0,absent
8949100,0,0,0,0,0,0,0,0,18,12,1,6,8,6,4,4,6,0,0,8,100,100,100,21,6,11,0,0,1787612656.8748393,G1,T03,sel_fuori_3m,0,absent
8949300,0,0,0,0,0,0,0,0,17,10,1,12,10,9,3,6,6,0,0,8,100,100,100,19,6,10,0,0,1787612657.0755029,G1,T03,sel_fuori_3m,0,absent
8949500,0,0,0,0,0,0,0,0,18,11,2,13,24,12,8,6,3,0,0,8,100,100,100,19,6,10,1,0,1787612657.2757661,G1,T03,sel_fuori_3m,0,absent
8949700,0,0,0,0,0,0,0,0,20,14,2,12,24,12,9,5,1,0,0,8,100,100,100,20,7,11,0,0,1787612657.4751499,G1,T03,sel_fuori_3m,0,absent
8949900,0,0,0,0,0,0,0,0,24,17,1,17,22,11,9,6,3,0,0,8,100,100,100,20,7,11,0,0,1787612657.67589,G1,T03,sel_fuori_3m,0,absent
8950100,0,0,0,0,0,0,0,0,19,10,1,22,44,18,6,6,3,0,0,9,100,100,100,20,7,11,1,0,1787612657.875785,G1,T03,sel_fuori_3m,0,absent
8950300,0,0,0,0,0,0,0,0,16,14,2,28,51,19,1,5,4,0,0,9,100,100,100,21,7,11,0,0,1787612658.075584,G1,T03,sel_fuori_3m,0,absent
8950500,0,0,0,0,0,0,0,0,14,11,3,25,42,16,8,4,4,0,0,9,100,100,100,22,6,10,0,0,1787612658.2757854,G1,T03,sel_fuori_3m,0,absent
8950700,0,0,0,0,0,0,0,0,16,11,4,19,30,11,4,6,5,0,0,9,100,100,100,23,6,10,0,0,1787612658.4759579,G1,T03,sel_fuori_3m,0,absent
8950900,0,0,0,0,0,0,0,0,19,18,4,10,12,3,4,6,4,0,0,9,100,100,100,24,5,9,0,0,1787612658.6745775,G1,T03,sel_fuori_3m,0,absent
8951100,0,0,0,0,0,0,0,0,16,8,3,6,11,9,4,6,5,0,0,9,100,100,100,23,6,8,0,0,1787612658.8745804,G1,T03,sel_fuori_3m,0,absent
8951300,0,0,0,0,0,0,0,0,30,23,3,11,15,9,4,6,6,0,0,9,100,100,100,23,6,8,0,0,1787612659.075788,G1,T03,sel_fuori_3m,0,absent
8951500,0,0,0,0,0,0,0,0,18,10,3,10,10,10,4,5,6,0,0,9,100,100,100,22,6,8,0,0,1787612659.2754564,G1,T03,sel_fuori_3m,0,absent
8951700,0,0,0,0,0,0,0,0,15,14,3,2,4,4,2,5,7,0,0,9,100,100,100,21,6,8,0,0,1787612659.4749806,G1,T03,sel_fuori_3m,0,absent
8951900,0,0,0,0,0,0,0,0,18,13,3,4,11,1,1,6,6,0,0,10,100,100,100,21,6,8,0,0,1787612659.6753664,G1,T03,sel_fuori_3m,0,absent
8952100,0,0,0,0,0,0,0,0,13,9,2,7,2,6,2,5,6,0,0,10,100,100,100,20,6,8,0,0,1787612659.8746986,G1,T03,sel_fuori_3m,0,absent
8952300,0,0,0,0,0,0,0,0,15,11,4,10,17,12,5,5,7,0,0,10,100,100,100,21,6,8,1,0,1787612660.0752542,G1,T03,sel_fuori_3m,0,absent
8952500,0,0,0,0,0,0,0,0,21,9,3,6,8,5,6,6,7,0,0,10,100,100,100,23,6,8,0,0,1787612660.274852,G1,T03,sel_fuori_3m,0,absent
8952700,0,0,0,0,0,0,0,0,20,16,3,9,11,6,6,5,7,0,0,10,100,100,100,24,6,8,0,0,1787612660.4757774,G1,T03,sel_fuori_3m,0,absent
8952900,0,0,0,0,0,0,0,0,23,14,3,8,13,3,3,4,7,0,0,10,100,100,100,25,6,8,0,0,1787612660.6758015,G1,T03,sel_fuori_3m,0,absent
8953100,0,0,0,0,0,0,0,0,21,13,4,11,24,10,1,5,8,0,0,10,100,100,100,25,6,7,0,0,1787612660.875724,G1,T03,sel_fuori_3m,0,absent
8953300,0,0,0,0,0,0,0,0,14,8,5,3,9,3,1,3,6,0,0,10,100,100,100,25,6,7,0,0,1787612661.0750072,G1,T03,sel_fuori_3m,0,absent
8953500,0,0,0,0,0,0,0,0,13,13,3,5,5,8,3,4,6,0,0,10,100,100,100,25,6,6,0,0,1787612661.2756364,G1,T03,sel_fuori_3m,0,absent
8953700,0,0,0,0,0,0,0,0,19,13,3,11,22,10,5,5,6,0,0,10,100,100,100,24,5,6,0,0,1787612661.475969,G1,T03,sel_fuori_3m,0,absent
8953900,0,0,0,0,0,0,0,0,18,10,3,13,17,10,6,5,7,0,0,10,100,100,100,24,5,5,0,0,1787612661.6751308,G1,T03,sel_fuori_3m,0,absent
8954100,0,0,0,0,0,0,0,0,20,13,2,10,11,9,5,4,7,0,0,9,100,100,100,23,5,5,0,0,1787612661.8751254,G1,T03,sel_fuori_3m,0,absent
8954300,0,0,0,0,0,0,0,0,19,14,3,4,4,10,4,4,6,0,0,9,100,100,100,23,5,5,0,0,1787612662.0747895,G1,T03,sel_fuori_3m,0,absent
8954500,0,0,0,0,0,0,0,0,19,12,4,9,14,6,5,6,5,0,0,9,100,100,100,22,5,5,0,0,1787612662.2752779,G1,T03,sel_fuori_3m,0,absent
8954700,0,0,0,0,0,0,0,0,20,10,2,5,2,12,4,5,5,0,0,9,100,100,100,21,5,5,0,0,1787612662.4757621,G1,T03,sel_fuori_3m,0,absent
8954900,0,0,0,0,0,0,0,0,15,11,2,4,10,3,5,4,6,0,0,8,100,100,100,20,4,5,0,0,1787612662.6743445,G1,T03,sel_fuori_3m,0,absent
8955100,0,0,0,0,0,0,0,0,16,11,2,6,7,5,3,4,4,0,0,8,100,100,94,20,5,5,0,0,1787612662.8756185,G1,T03,sel_fuori_3m,0,absent
8955300,0,0,0,0,0,0,0,0,20,13,2,10,13,13,3,5,6,0,0,8,100,100,90,20,4,5,0,0,1787612663.07527,G1,T03,sel_fuori_3m,0,absent
8955500,0,0,0,0,0,0,0,0,17,9,2,6,12,3,1,5,6,0,0,7,100,100,86,20,4,5,0,0,1787612663.2746475,G1,T03,sel_fuori_3m,0,absent
8955700,0,0,0,0,0,0,0,0,20,17,2,10,10,7,2,6,6,0,0,7,100,100,84,20,4,5,0,0,1787612663.4758458,G1,T03,sel_fuori_3m,0,absent
8955900,0,0,0,0,0,0,0,0,15,12,3,4,8,2,1,7,6,0,0,7,100,100,82,19,4,5,0,0,1787612663.6747785,G1,T03,sel_fuori_3m,0,absent
8956100,0,0,0,0,0,0,0,0,18,10,3,16,26,10,1,7,7,0,0,7,100,100,79,19,4,5,0,0,1787612663.8753598,G1,T03,sel_fuori_3m,0,absent
8956300,0,0,0,0,0,0,0,0,16,11,5,19,32,12,3,5,7,0,0,7,100,100,80,17,5,5,0,0,1787612664.0758102,G1,T03,sel_fuori_3m,0,absent
8956500,0,0,0,0,0,0,0,0,16,11,2,16,35,15,7,4,7,0,0,7,100,100,85,16,5,5,0,0,1787612664.275375,G1,T03,sel_fuori_3m,0,absent
8956700,0,0,0,0,0,0,0,0,21,15,3,15,24,11,7,3,6,0,0,7,100,100,93,15,6,4,0,0,1787612664.4759846,G1,T03,sel_fuori_3m,0,absent
8956900,0,0,0,0,0,0,0,0,16,10,3,5,11,5,7,2,6,0,0,8,100,100,100,15,6,5,0,0,1787612664.6758316,G1,T03,sel_fuori_3m,0,absent
8957100,0,0,0,0,0,0,0,0,20,14,2,15,22,9,6,4,7,0,0,8,100,100,100,16,6,4,0,0,1787612664.8755722,G1,T03,sel_fuori_3m,0,absent
8957300,0,0,0,0,0,0,0,0,18,11,4,13,19,9,6,5,7,0,0,8,100,100,94,17,6,5,0,0,1787612665.0749106,G1,T03,sel_fuori_3m,0,absent
8957500,0,0,0,0,0,0,0,0,18,13,4,14,17,8,8,4,6,0,0,8,100,100,89,17,6,5,0,0,1787612665.2753856,G1,T03,sel_fuori_3m,0,absent
8957700,0,0,0,0,0,0,0,0,19,14,3,9,8,7,8,4,5,0,0,8,100,100,86,18,6,5,0,0,1787612665.4746482,G1,T03,sel_fuori_3m,0,absent
8957900,0,0,0,0,0,0,0,0,16,12,1,14,19,7,6,4,5,0,0,8,100,100,88,19,6,5,0,0,1787612665.6758585,G1,T03,sel_fuori_3m,0,absent
8958100,0,0,0,0,0,0,0,0,17,12,2,8,7,9,2,5,6,0,0,8,100,100,90,20,6,5,0,0,1787612665.8747206,G1,T03,sel_fuori_3m,0,absent
8958300,0,0,0,0,0,0,0,0,19,14,2,8,15,2,3,5,4,0,0,8,100,100,91,21,6,6,0,0,1787612666.0756726,G1,T03,sel_fuori_3m,0,absent
8958500,0,0,0,0,0,0,0,0,17,12,4,14,24,11,8,4,5,0,0,9,100,100,92,21,6,6,0,0,1787612666.2757163,G1,T03,sel_fuori_3m,0,absent
8958700,0,0,0,0,0,0,0,0,17,10,3,14,24,6,11,4,7,0,0,8,100,100,93,22,6,6,0,0,1787612666.4758837,G1,T03,sel_fuori_3m,0,absent
8958900,0,0,0,0,0,0,0,0,23,20,3,19,28,12,4,5,7,0,0,9,100,100,91,22,6,6,0,0,1787612666.6752658,G1,T03,sel_fuori_3m,0,absent
8959100,0,0,0,0,0,0,0,0,19,16,4,4,3,7,5,6,7,0,0,9,100,100,90,23,6,6,0,0,1787612666.8749568,G1,T03,sel_fuori_3m,0,absent
8959300,0,0,0,0,0,0,0,0,14,9,3,9,12,7,8,5,8,0,0,8,100,100,86,23,6,6,0,0,1787612667.074815,G1,T03,sel_fuori_3m,0,absent
8959500,0,0,0,0,0,0,0,0,15,11,3,1,8,7,7,4,6,0,0,8,100,100,82,23,6,6,0,0,1787612667.2750988,G1,T03,sel_fuori_3m,0,absent
8959700,0,0,0,0,0,0,0,0,14,11,2,13,19,8,6,4,7,0,0,9,100,100,82,24,6,6,0,0,1787612667.475959,G1,T03,sel_fuori_3m,0,absent
8959900,0,0,0,0,0,0,0,0,21,15,4,9,3,9,5,2,6,0,0,9,100,100,83,25,6,6,0,0,1787612667.6752567,G1,T03,sel_fuori_3m,0,absent
8960100,0,0,0,0,0,0,0,0,17,14,3,10,14,8,6,2,7,0,0,9,100,100,83,27,6,7,0,0,1787612667.8749897,G1,T03,sel_fuori_3m,0,absent
8960300,0,0,0,0,0,0,0,0,14,9,3,10,15,11,6,2,6,0,0,9,100,100,82,28,6,7,0,0,1787612668.0760145,G1,T03,sel_fuori_3m,0,absent
8960500,0,0,0,0,0,0,0,0,23,11,3,8,13,11,6,3,7,0,0,9,100,100,78,28,6,8,0,0,1787612668.2750528,G1,T03,sel_fuori_3m,0,absent
8960700,0,0,0,0,0,0,0,0,16,13,3,21,29,11,7,4,6,0,0,9,100,100,73,27,5,8,0,0,1787612668.4757504,G1,T03,sel_fuori_3m,0,absent
8960900,0,0,0,0,0,0,0,0,20,14,3,24,38,12,8,5,7,0,0,8,100,100,69,27,5,8,0,0,1787612668.6758807,G1,T03,sel_fuori_3m,0,absent
8961100,0,0,0,0,0,0,0,0,13,8,3,14,21,7,7,5,6,0,0,9,100,100,70,27,5,8,0,0,1787612668.8749774,G1,T03,sel_fuori_3m,0,absent
8961300,0,0,0,0,0,0,0,0,19,12,3,6,11,4,6,6,6,0,0,9,100,100,74,27,5,9,0,0,1787612669.0755115,G1,T03,sel_fuori_3m,0,absent
8961500,0,0,0,0,0,0,0,0,19,11,3,7,13,9,6,7,5,0,0,9,100,100,78,27,6,9,0,0,1787612669.275824,G1,T03,sel_fuori_3m,0,absent
8961700,0,0,0,0,0,0,0,0,20,11,3,5,8,5,6,6,5,0,0,9,100,100,84,27,6,9,0,0,1787612669.4750423,G1,T03,sel_fuori_3m,0,absent
8961900,0,0,0,0,0,0,0,0,15,10,2,16,24,13,3,6,5,0,0,8,100,100,83,25,6,9,0,0,1787612669.676061,G1,T03,sel_fuori_3m,0,absent
8962100,0,0,0,0,0,0,0,0,17,12,4,13,23,11,3,6,6,0,0,8,100,100,83,24,6,9,0,0,1787612669.8760252,G1,T03,sel_fuori_3m,0,absent
8962300,0,0,0,0,0,0,0,0,20,14,4,13,18,12,7,3,6,0,0,8,100,100,87,23,7,9,0,0,1787612670.0756283,G1,T03,sel_fuori_3m,0,absent
8962500,0,0,0,0,0,0,0,0,17,13,5,16,22,6,5,2,4,0,0,8,100,100,93,24,7,9,0,0,1787612670.2758114,G1,T03,sel_fuori_3m,0,absent
8962700,0,0,0,0,0,0,0,0,20,16,4,8,14,11,1,1,4,0,0,9,100,100,95,23,7,9,0,0,1787612670.4759347,G1,T03,sel_fuori_3m,0,absent
8962900,0,0,0,0,0,0,0,0,21,12,5,22,42,17,5,2,4,0,0,9,100,100,97,24,8,9,0,0,1787612670.6753354,G1,T03,sel_fuori_3m,0,absent
8963100,0,0,0,0,0,0,0,0,22,13,7,12,26,9,10,2,6,0,0,9,100,100,99,25,8,9,0,0,1787612670.875606,G1,T03,sel_fuori_3m,0,absent
8963300,0,0,0,0,0,0,0,0,20,16,3,12,17,11,1,1,5,0,0,10,100,100,100,28,9,10,0,0,1787612671.0756588,G1,T03,sel_fuori_3m,0,absent
8963500,0,0,0,0,0,0,0,0,18,12,3,7,14,10,1,1,8,0,0,10,100,100,100,29,9,11,0,0,1787612671.275599,G1,T03,sel_fuori_3m,0,absent
8963700,0,0,0,0,0,0,0,0,16,10,4,11,17,8,2,1,8,0,0,10,100,100,100,30,10,11,0,0,1787612671.476376,G1,T03,sel_fuori_3m,0,absent
8963900,0,0,0,0,0,0,0,0,17,11,4,3,9,7,9,2,7,0,0,9,100,100,100,29,9,12,0,0,1787612671.6758475,G1,T03,sel_fuori_3m,0,absent
8964100,0,0,0,0,0,0,0,0,16,13,3,17,24,11,11,2,7,0,0,9,100,100,100,27,9,11,0,0,1787612671.8756626,G1,T03,sel_fuori_3m,0,absent
8964300,0,0,0,0,0,0,0,0,16,12,3,11,13,6,8,3,7,0,0,9,100,100,100,26,9,11,0,0,1787612672.0759497,G1,T03,sel_fuori_3m,0,absent
8964500,0,0,0,0,0,0,0,0,16,12,4,1,5,8,4,3,6,0,0,9,100,100,100,26,10,11,0,0,1787612672.276123,G1,T03,sel_fuori_3m,0,absent
8964700,0,0,0,0,0,0,0,0,20,13,4,6,8,11,2,1,4,0,0,9,100,100,100,25,10,12,0,0,1787612672.475397,G1,T03,sel_fuori_3m,0,absent
8964900,0,0,0,0,0,0,0,0,15,11,5,11,18,8,4,1,2,0,0,9,100,100,100,25,9,12,0,0,1787612672.67609,G1,T03,sel_fuori_3m,0,absent
8965100,0,0,0,0,0,0,0,0,19,11,4,14,24,12,1,2,2,0,0,9,100,100,100,25,9,12,0,0,1787612672.875684,G1,T03,sel_fuori_3m,0,absent
8965300,0,0,0,0,0,0,0,0,13,6,4,3,11,2,4,1,1,0,0,9,100,100,100,24,9,11,0,0,1787612673.0759985,G1,T03,sel_fuori_3m,0,absent
8965500,0,0,0,0,0,0,0,0,22,15,4,34,68,27,7,1,1,0,0,8,100,100,100,23,9,11,0,0,1787612673.275337,G1,T03,sel_fuori_3m,0,absent
8965700,0,0,0,0,0,0,0,0,19,12,3,20,37,20,4,2,5,0,0,9,100,100,100,23,9,11,0,0,1787612673.4755447,G1,T03,sel_fuori_3m,0,absent
8965900,0,0,0,0,0,0,0,0,17,12,2,19,33,13,2,2,4,0,0,9,100,100,100,25,9,11,1,0,1787612673.675621,G1,T03,sel_fuori_3m,0,absent
8966100,0,0,0,0,0,0,0,0,16,15,5,36,66,19,11,2,2,0,0,9,100,100,100,28,10,12,1,0,1787612673.876677,G1,T03,sel_fuori_3m,0,absent
8966300,0,0,0,0,0,0,0,0,21,14,4,12,28,18,2,3,1,0,0,9,100,100,100,31,10,12,0,0,1787612674.075955,G1,T03,sel_fuori_3m,0,absent
8966500,0,0,0,0,0,0,0,0,13,9,2,16,31,16,4,4,2,0,0,8,100,100,100,32,11,12,0,0,1787612674.2756708,G1,T03,sel_fuori_3m,0,absent
8966700,0,0,0,0,0,0,0,0,24,16,3,28,52,22,9,1,3,0,0,8,100,100,100,34,11,11,1,0,1787612674.4761133,G1,T03,sel_fuori_3m,0,absent
8966900,0,0,0,0,0,0,0,0,22,13,3,18,31,15,6,2,5,0,0,8,100,100,100,35,11,12,0,0,1787612674.6758642,G1,T03,sel_fuori_3m,0,absent
8967100,0,0,0,0,0,0,0,0,24,11,4,19,42,24,5,2,4,0,0,8,100,100,100,34,11,12,1,0,1787612674.8764524,G1,T03,sel_fuori_3m,0,absent
8967300,0,0,0,0,0,0,0,0,16,11,3,12,29,9,4,2,5,0,0,7,100,100,100,33,10,11,0,0,1787612675.076509,G1,T03,sel_fuori_3m,0,absent
8967500,0,0,0,0,0,0,0,0,22,14,3,20,31,13,4,4,5,0,0,7,100,100,100,32,10,11,0,0,1787612675.275788,G1,T03,sel_fuori_3m,0,absent
8967700,0,0,0,0,0,0,0,0,18,13,1,14,33,15,2,3,3,0,0,7,100,100,100,32,10,11,1,0,1787612675.4756608,G1,T03,sel_fuori_3m,0,absent
8967900,0,0,0,0,0,0,0,0,15,11,2,17,29,10,1,3,3,0,0,8,100,100,100,33,10,11,1,0,1787612675.6763446,G1,T03,sel_fuori_3m,0,absent
8968100,0,0,0,0,0,0,0,0,18,11,2,23,41,16,6,2,1,0,0,7,100,100,100,34,10,11,1,0,1787612675.875876,G1,T03,sel_fuori_3m,0,absent
8968300,0,0,0,0,0,0,0,0,22,12,3,21,37,14,9,7,1,0,0,7,100,100,100,36,10,11,0,0,1787612676.0765524,G1,T03,sel_fuori_3m,0,absent
8968500,0,0,0,0,0,0,0,0,21,10,2,9,16,11,9,5,4,0,0,7,100,100,100,37,11,10,0,0,1787612676.275725,G1,T03,sel_fuori_3m,0,absent
8968700,0,0,0,0,0,0,0,0,16,12,4,9,12,11,9,5,2,0,0,7,100,100,100,38,11,10,1,0,1787612676.475895,G1,T03,sel_fuori_3m,0,absent
8968900,0,0,0,0,0,0,0,0,21,16,3,26,50,15,10,6,5,0,0,8,100,100,100,38,12,10,0,0,1787612676.6763065,G1,T03,sel_fuori_3m,0,absent
8969100,0,0,0,0,0,0,0,0,17,10,3,13,23,13,7,2,4,0,0,8,100,100,100,38,12,10,0,0,1787612676.87616,G1,T03,sel_fuori_3m,0,absent
8969300,0,0,0,0,0,0,0,0,18,11,3,11,20,11,5,3,4,0,0,7,100,100,100,39,12,10,0,0,1787612677.0765052,G1,T03,sel_fuori_3m,0,absent
8969500,0,0,0,0,0,0,0,0,20,12,2,9,17,9,5,6,4,0,0,7,100,100,100,39,12,10,1,0,1787612677.2758405,G1,T03,sel_fuori_3m,0,absent
8969700,0,0,0,0,0,0,0,0,19,15,2,15,21,6,5,8,6,0,0,7,100,100,100,38,12,10,1,0,1787612677.4759655,G1,T03,sel_fuori_3m,0,absent
8969900,0,0,0,0,0,0,0,0,19,15,2,11,16,11,3,7,4,0,0,7,100,100,100,37,13,9,1,0,1787612677.675864,G1,T03,sel_fuori_3m,0,absent
8970100,0,0,0,0,0,0,0,0,22,15,5,37,75,26,7,4,4,0,0,7,100,100,100,36,13,9,0,0,1787612677.8758779,G1,T03,sel_fuori_3m,0,absent
8970300,0,0,0,0,0,0,0,0,16,14,4,17,37,19,7,4,5,0,0,7,100,100,100,35,12,9,0,0,1787612678.076202,G1,T03,sel_fuori_3m,0,absent
8970500,0,0,0,0,0,0,0,0,13,8,5,22,40,13,4,1,3,0,0,8,100,100,100,34,12,9,0,0,1787612678.275864,G1,T03,sel_fuori_3m,0,absent
8970700,0,0,0,0,0,0,0,0,19,16,5,16,21,6,8,2,4,0,0,8,100,100,100,33,12,9,1,0,1787612678.476337,G1,T03,sel_fuori_3m,0,absent
8970900,0,0,0,0,0,0,0,0,17,15,3,11,13,6,6,4,4,0,0,9,100,100,100,33,13,8,1,0,1787612678.6758347,G1,T03,sel_fuori_3m,0,absent
8971100,0,0,0,0,0,0,0,0,18,11,4,11,18,12,5,5,5,0,0,9,100,100,100,34,13,8,1,0,1787612678.8757567,G1,T03,sel_fuori_3m,0,absent
8971300,0,0,0,0,0,0,0,0,15,10,5,12,22,12,8,6,4,0,0,9,100,100,100,34,13,8,0,0,1787612679.0758712,G1,T03,sel_fuori_3m,0,absent
8971500,0,0,0,0,0,0,0,0,16,10,3,8,14,13,10,6,4,0,0,9,100,100,100,34,13,7,0,0,1787612679.2756581,G1,T03,sel_fuori_3m,0,absent
8971700,0,0,0,0,0,0,0,0,16,15,3,6,4,3,5,5,5,0,0,10,100,100,100,34,13,7,1,0,1787612679.475832,G1,T03,sel_fuori_3m,0,absent
8971900,0,0,0,0,0,0,0,0,17,10,3,7,19,16,3,3,6,0,0,10,100,100,100,33,13,6,0,0,1787612679.675942,G1,T03,sel_fuori_3m,0,absent
8972100,0,0,0,0,0,0,0,0,16,12,5,5,13,13,6,3,4,0,0,10,100,100,100,33,13,6,0,0,1787612679.8759325,G1,T03,sel_fuori_3m,0,absent
8972300,0,0,0,0,0,0,0,0,18,15,2,12,11,4,5,4,4,0,0,10,100,100,100,31,13,6,0,0,1787612680.0765772,G1,T03,sel_fuori_3m,0,absent
8972500,0,0,0,0,0,0,0,0,21,14,4,4,7,3,6,3,4,0,0,10,100,100,100,32,13,6,0,0,1787612680.2762828,G1,T03,sel_fuori_3m,0,absent
8972700,0,0,0,0,0,0,0,0,18,12,3,11,13,10,7,3,4,0,0,11,100,100,100,33,13,6,1,0,1787612680.4759939,G1,T03,sel_fuori_3m,0,absent
8972900,0,0,0,0,0,0,0,0,19,12,4,5,5,7,6,5,5,0,0,10,100,100,100,34,13,6,1,0,1787612680.676045,G1,T03,sel_fuori_3m,0,absent
8973100,0,0,0,0,0,0,0,0,15,12,5,16,31,12,8,6,4,0,0,10,100,100,100,35,14,6,1,0,1787612680.8764193,G1,T03,sel_fuori_3m,0,absent
8973300,0,0,0,0,0,0,0,0,18,13,5,13,25,9,10,4,4,0,0,10,100,100,100,36,14,6,0,0,1787612681.0763817,G1,T03,sel_fuori_3m,0,absent
8973500,0,0,0,0,0,0,0,0,19,15,5,15,27,14,8,4,2,0,0,11,100,100,100,38,13,6,1,0,1787612681.275958,G1,T03,sel_fuori_3m,0,absent
8973700,0,0,0,0,0,0,0,0,18,12,3,9,17,8,7,4,2,0,0,11,100,100,100,41,12,6,0,0,1787612681.4759772,G1,T03,sel_fuori_3m,0,absent
8973900,0,0,0,0,0,0,0,0,16,10,4,3,8,8,3,5,3,0,0,11,100,100,100,42,12,6,0,0,1787612681.676309,G1,T03,sel_fuori_3m,0,absent
8974100,0,0,0,0,0,0,0,0,14,10,4,8,12,10,1,5,4,0,0,11,100,100,100,41,11,6,0,0,1787612681.8761575,G1,T03,sel_fuori_3m,0,absent
8974300,0,0,0,0,0,0,0,0,17,15,3,11,17,12,3,5,5,0,0,10,100,100,100,40,11,6,0,0,1787612682.0765133,G1,T03,sel_fuori_3m,0,absent
8974500,0,0,0,0,0,0,0,0,17,12,4,14,21,9,6,5,5,0,0,10,100,100,100,40,11,6,0,0,1787612682.2760797,G1,T03,sel_fuori_3m,0,absent
8974700,0,0,0,0,0,0,0,0,15,11,3,4,10,9,9,4,6,0,0,10,100,100,100,39,11,6,0,0,1787612682.4764025,G1,T03,sel_fuori_3m,0,absent
8974900,0,0,0,0,0,0,0,0,20,15,4,11,17,11,5,4,5,0,0,9,100,100,100,37,10,6,0,0,1787612682.6761367,G1,T03,sel_fuori_3m,0,absent
8975100,0,0,0,0,0,0,0,0,19,18,4,11,15,8,5,5,4,0,0,9,100,100,100,36,10,6,0,0,1787612682.8761091,G1,T03,sel_fuori_3m,0,absent
8975300,0,0,0,0,0,0,0,0,16,9,3,7,10,5,2,5,5,0,0,8,100,100,100,35,9,7,0,0,1787612683.0760205,G1,T03,sel_fuori_3m,0,absent
8975500,0,0,0,0,0,0,0,0,23,16,4,10,14,9,1,5,5,0,0,8,100,100,96,34,9,7,0,0,1787612683.2758377,G1,T03,sel_fuori_3m,0,absent
8975700,0,0,0,0,0,0,0,0,16,11,3,9,14,10,5,5,5,0,0,7,100,100,88,33,9,7,0,0,1787612683.4755447,G1,T03,sel_fuori_3m,0,absent
8975900,0,0,0,0,0,0,0,0,16,13,5,10,21,13,8,3,3,0,0,7,100,100,87,33,8,7,0,0,1787612683.6757078,G1,T03,sel_fuori_3m,0,absent
8976100,0,0,0,0,0,0,0,0,21,17,5,5,11,8,8,4,3,0,0,6,100,100,92,32,8,7,0,0,1787612683.8761268,G1,T03,sel_fuori_3m,0,absent
8976300,0,0,0,0,0,0,0,0,13,11,5,8,8,9,6,4,3,0,0,6,100,100,96,32,8,7,0,0,1787612684.0763316,G1,T03,sel_fuori_3m,0,absent
8976500,0,0,0,0,0,0,0,0,15,16,4,10,16,10,7,4,4,0,0,6,100,100,98,32,7,7,0,0,1787612684.276152,G1,T03,sel_fuori_3m,0,absent
8976700,0,0,0,0,0,0,0,0,15,9,5,16,23,13,7,5,4,0,0,6,100,100,98,31,7,7,0,0,1787612684.476369,G1,T03,sel_fuori_3m,0,absent
8976900,0,0,0,0,0,0,0,0,17,11,5,7,12,8,7,7,5,0,0,6,100,100,98,30,6,7,0,0,1787612684.6756792,G1,T03,sel_fuori_3m,0,absent
8977100,0,0,0,0,0,0,0,0,19,14,4,10,13,13,9,5,5,0,0,6,100,100,100,29,6,7,0,0,1787612684.8761437,G1,T03,sel_fuori_3m,0,absent
8977300,0,0,0,0,0,0,0,0,15,12,6,7,15,10,8,5,5,0,0,6,100,100,100,29,6,7,0,0,1787612685.0761232,G1,T03,sel_fuori_3m,0,absent
8977500,0,0,0,0,0,0,0,0,18,14,5,13,27,10,9,4,6,0,0,6,100,100,100,29,6,7,0,0,1787612685.2757652,G1,T03,sel_fuori_3m,0,absent
8977700,0,0,0,0,0,0,0,0,15,10,3,12,27,9,2,2,8,0,0,6,100,100,100,28,7,7,0,0,1787612685.4759743,G1,T03,sel_fuori_3m,0,absent
8977900,0,0,0,0,0,0,0,0,22,13,5,13,25,10,1,5,7,0,0,6,100,100,100,28,7,7,0,0,1787612685.676023,G1,T03,sel_fuori_3m,0,absent
8978100,0,0,0,0,0,0,0,0,15,11,5,10,20,13,4,5,6,0,0,6,100,100,100,26,7,7,0,0,1787612685.8766859,G1,T03,sel_fuori_3m,0,absent
8978300,0,0,0,0,0,0,0,0,17,14,5,3,6,2,4,5,7,0,0,6,100,100,100,26,8,8,0,0,1787612686.0765169,G1,T03,sel_fuori_3m,0,absent
8978500,0,0,0,0,0,0,0,0,17,12,6,14,28,18,1,3,5,0,0,6,100,100,100,26,8,8,0,0,1787612686.2766955,G1,T03,sel_fuori_3m,0,absent
8978700,0,0,0,0,0,0,0,0,27,16,4,18,35,11,4,5,3,0,0,6,100,100,100,27,7,8,0,0,1787612686.4767323,G1,T03,sel_fuori_3m,0,absent
8978900,0,0,0,0,0,0,0,0,19,12,3,13,18,6,7,5,3,0,0,6,100,100,100,27,7,8,0,0,1787612686.6762652,G1,T03,sel_fuori_3m,0,absent
8979100,0,0,0,0,0,0,0,0,16,12,4,11,15,8,11,5,8,0,0,6,100,100,100,29,7,9,0,0,1787612686.87642,G1,T03,sel_fuori_3m,0,absent
8979300,0,0,0,0,0,0,0,0,23,14,3,3,3,10,7,5,7,0,0,6,100,100,100,30,7,9,0,0,1787612687.0764856,G1,T03,sel_fuori_3m,0,absent
8979500,0,0,0,0,0,0,0,0,17,13,3,8,13,6,1,5,5,0,0,7,100,100,100,30,7,10,0,0,1787612687.2756882,G1,T03,sel_fuori_3m,0,absent
8979700,0,0,0,0,0,0,0,0,22,15,3,4,9,12,4,6,6,0,0,7,100,100,100,30,7,10,0,0,1787612687.4767237,G1,T03,sel_fuori_3m,0,absent
8979900,0,0,0,0,0,0,0,0,21,14,4,1,2,5,3,5,6,0,0,7,100,100,100,31,7,10,0,0,1787612687.6762547,G1,T03,sel_fuori_3m,0,absent
8980100,0,0,0,0,0,0,0,0,15,12,3,6,10,8,3,7,5,0,0,7,100,100,100,31,7,10,0,0,1787612687.876427,G1,T03,sel_fuori_3m,0,absent
8980300,0,0,0,0,0,0,0,0,16,10,4,9,8,4,3,6,5,0,0,7,100,100,100,31,7,10,0,0,1787612688.0765111,G1,T03,sel_fuori_3m,0,absent
8980500,0,0,0,0,0,0,0,0,19,16,4,6,11,6,4,6,5,0,0,7,100,100,100,31,8,10,0,0,1787612688.2764602,G1,T03,sel_fuori_3m,0,absent
8980700,0,0,0,0,0,0,0,0,19,13,2,10,9,7,5,5,5,0,0,7,100,100,100,31,8,10,0,0,1787612688.4762337,G1,T03,sel_fuori_3m,0,absent
8980900,0,0,0,0,0,0,0,0,13,8,3,9,20,10,5,5,5,0,0,7,100,100,100,33,8,10,0,0,1787612688.6766703,G1,T03,sel_fuori_3m,0,absent
8981100,0,0,0,0,0,0,0,0,22,13,4,14,21,13,1,4,5,0,0,7,100,100,100,32,8,10,0,0,1787612688.8769565,G1,T03,sel_fuori_3m,0,absent
8981300,0,0,0,0,0,0,0,0,16,13,3,11,19,13,1,2,7,0,0,7,100,100,100,30,8,10,0,0,1787612689.0769393,G1,T03,sel_fuori_3m,0,absent
8981500,0,0,0,0,0,0,0,0,24,14,4,10,20,9,1,2,6,0,0,7,100,100,100,28,8,10,0,0,1787612689.2768054,G1,T03,sel_fuori_3m,0,absent
8981700,0,0,0,0,0,0,0,0,21,13,4,12,19,10,1,2,5,0,0,7,100,100,100,26,8,10,0,0,1787612689.4761853,G1,T03,sel_fuori_3m,0,absent
8981900,0,0,0,0,0,0,0,0,23,14,4,9,14,7,4,3,4,0,0,7,100,100,100,25,8,10,0,0,1787612689.6766853,G1,T03,sel_fuori_3m,0,absent
8982100,0,0,0,0,0,0,0,0,18,11,4,8,15,11,5,2,4,0,0,7,100,100,100,25,8,9,0,0,1787612689.8767598,G1,T03,sel_fuori_3m,0,absent
8982300,0,0,0,0,0,0,0,0,18,15,3,11,13,7,7,5,3,0,0,7,100,100,100,25,7,9,0,0,1787612690.0761774,G1,T03,sel_fuori_3m,0,absent
8982500,0,0,0,0,0,0,0,0,24,17,2,14,22,9,10,7,4,0,0,6,100,100,100,26,8,9,0,0,1787612690.2768106,G1,T03,sel_fuori_3m,0,absent
8982700,0,0,0,0,0,0,0,0,21,13,3,17,32,12,5,4,6,0,0,7,100,100,100,27,8,9,0,0,1787612690.4767628,G1,T03,sel_fuori_3m,0,absent
8982900,0,0,0,0,0,0,0,0,23,13,3,8,7,10,1,5,7,0,0,7,100,100,100,28,8,9,0,0,1787612690.6767118,G1,T03,sel_fuori_3m,0,absent
8983100,0,0,0,0,0,0,0,0,17,11,3,11,16,4,4,5,6,0,0,7,100,100,100,25,8,8,0,0,1787612690.8766234,G1,T03,sel_fuori_3m,0,absent
8983300,0,0,0,0,0,0,0,0,16,12,4,5,5,7,3,3,4,0,0,6,100,100,100,24,8,7,0,0,1787612691.0766642,G1,T03,sel_fuori_3m,0,absent
8983500,0,0,0,0,0,0,0,0,19,12,3,8,9,5,5,2,5,0,0,6,100,100,100,24,9,7,0,0,1787612691.276653,G1,T03,sel_fuori_3m,0,absent
8983700,0,0,0,0,0,0,0,0,22,12,2,1,2,10,7,2,6,0,0,6,100,100,100,25,9,7,0,0,1787612691.4762673,G1,T03,sel_fuori_3m,0,absent
8983900,0,0,0,0,0,0,0,0,21,17,4,23,38,16,8,1,7,0,0,6,100,100,100,26,9,8,0,0,1787612691.6766927,G1,T03,sel_fuori_3m,0,absent
8984100,0,0,0,0,0,0,0,0,19,14,4,37,65,26,7,3,6,0,0,6,100,100,100,27,9,8,0,0,1787612691.8764753,G1,T03,sel_fuori_3m,0,absent
8984300,0,0,0,0,0,0,0,0,18,15,5,35,67,23,3,6,4,0,0,7,100,100,100,26,9,8,0,0,1787612692.0768442,G1,T03,sel_fuori_3m,0,absent
8984500,0,0,0,0,0,0,0,0,17,13,4,8,16,9,1,6,6,0,0,7,100,100,100,25,10,8,0,0,1787612692.276817,G1,T03,sel_fuori_3m,0,absent
8984700,0,0,0,0,0,0,0,0,17,11,5,21,36,13,7,5,7,0,0,7,100,100,100,25,10,8,0,0,1787612692.4768107,G1,T03,sel_fuori_3m,0,absent
8984900,0,0,0,0,0,0,0,0,15,12,5,35,63,25,5,2,6,0,0,7,100,100,100,25,10,8,0,0,1787612692.6764195,G1,T03,sel_fuori_3m,0,absent
8985100,0,0,0,0,0,0,0,0,18,12,4,21,46,24,5,1,6,0,0,8,100,100,100,25,10,9,0,0,1787612692.8771465,G1,T03,sel_fuori_3m,0,absent
8985300,0,0,0,0,0,0,0,0,18,13,2,19,33,15,7,3,6,0,0,8,100,100,100,26,9,8,0,0,1787612693.076393,G1,T03,sel_fuori_3m,0,absent
8985500,0,0,0,0,0,0,0,0,16,14,2,13,24,12,6,3,6,0,0,7,100,100,100,27,9,9,0,0,1787612693.2769628,G1,T03,sel_fuori_3m,0,absent
8985700,0,0,0,0,0,0,0,0,16,11,2,7,14,5,7,2,3,0,0,7,100,100,100,28,9,9,0,0,1787612693.4768066,G1,T03,sel_fuori_3m,0,absent
8985900,0,0,0,0,0,0,0,0,20,16,2,9,8,5,10,5,2,0,0,7,100,100,100,29,10,9,0,0,1787612693.6768808,G1,T03,sel_fuori_3m,0,absent
8986100,0,0,0,0,0,0,0,0,15,10,3,6,15,9,8,6,2,0,0,8,100,100,100,32,11,9,0,0,1787612693.8769038,G1,T03,sel_fuori_3m,0,absent
8986300,0,0,0,0,0,0,0,0,20,13,5,7,13,9,5,5,3,0,0,8,100,100,100,34,12,10,0,0,1787612694.0763981,G1,T03,sel_fuori_3m,0,absent
8986500,0,0,0,0,0,0,0,0,24,14,4,10,14,1,1,4,2,0,0,8,100,100,100,34,13,10,0,0,1787612694.276933,G1,T03,sel_fuori_3m,0,absent
8986700,0,0,0,0,0,0,0,0,17,13,4,10,12,6,3,3,4,0,0,8,100,100,100,33,13,10,0,0,1787612694.476255,G1,T03,sel_fuori_3m,0,absent
8986900,0,0,0,0,0,0,0,0,17,9,5,18,26,11,11,2,4,0,0,8,100,100,100,33,13,11,0,0,1787612694.6772294,G1,T03,sel_fuori_3m,0,absent
8987100,0,0,0,0,0,0,0,0,15,9,5,11,15,13,3,4,3,0,0,8,100,100,100,35,13,11,0,0,1787612694.8764975,G1,T03,sel_fuori_3m,0,absent
8987300,0,0,0,0,0,0,0,0,16,10,4,16,28,10,6,7,4,0,0,8,100,100,100,35,13,11,0,0,1787612695.0772493,G1,T03,sel_fuori_3m,0,absent
8987500,0,0,0,0,0,0,0,0,18,13,3,27,50,21,8,8,3,0,0,8,100,100,100,35,14,11,0,0,1787612695.276695,G1,T03,sel_fuori_3m,0,absent
8987700,0,0,0,0,0,0,0,0,16,12,2,16,37,16,6,5,5,0,0,9,100,100,100,35,14,12,0,0,1787612695.476979,G1,T03,sel_fuori_3m,0,absent
8987900,0,0,0,0,0,0,0,0,18,10,5,12,21,12,5,9,4,0,0,9,100,100,100,34,14,11,0,0,1787612695.6771812,G1,T03,sel_fuori_3m,0,absent
8988100,0,0,0,0,0,0,0,0,17,13,2,5,17,8,2,10,4,0,0,8,100,100,100,34,15,11,0,0,1787612695.8771262,G1,T03,sel_fuori_3m,0,absent
8988300,0,0,0,0,0,0,0,0,18,11,3,15,33,17,3,9,2,0,0,8,100,100,100,34,15,11,0,0,1787612696.0769923,G1,T03,sel_fuori_3m,0,absent
8988500,0,0,0,0,0,0,0,0,16,10,1,22,50,24,10,8,3,0,0,8,100,100,100,35,16,11,0,0,1787612696.2768464,G1,T03,sel_fuori_3m,0,absent
8988700,0,0,0,0,0,0,0,0,18,17,4,20,32,11,3,10,1,0,0,7,100,100,100,35,16,11,0,0,1787612696.4772036,G1,T03,sel_fuori_3m,0,absent
8988900,0,0,0,0,0,0,0,0,16,12,3,9,5,3,5,6,3,0,0,7,100,100,100,35,16,11,0,0,1787612696.6769068,G1,T03,sel_fuori_3m,0,absent
8989100,0,0,0,0,0,0,0,0,15,11,1,9,11,5,6,7,3,0,0,7,100,100,100,36,16,10,0,0,1787612696.8768759,G1,T03,sel_fuori_3m,0,absent
8989300,0,0,0,0,0,0,0,0,20,14,3,3,10,6,5,6,5,0,0,7,100,100,100,35,16,10,1,0,1787612697.0771441,G1,T03,sel_fuori_3m,0,absent
8989500,0,0,0,0,0,0,0,0,16,13,3,15,23,12,5,4,4,0,0,6,100,100,100,34,16,10,0,0,1787612697.2773364,G1,T03,sel_fuori_3m,0,absent
8989700,0,0,0,0,0,0,0,0,19,15,2,12,24,10,9,3,5,0,0,6,100,100,100,34,16,10,0,0,1787612697.4771626,G1,T03,sel_fuori_3m,0,absent
8989900,0,0,0,0,0,0,0,0,17,13,4,9,9,7,7,2,7,0,0,6,100,100,100,34,16,10,0,0,1787612697.6766164,G1,T03,sel_fuori_3m,0,absent
8990100,0,0,0,0,0,0,0,0,14,11,2,4,3,6,5,5,4,0,0,6,100,100,100,32,15,10,1,0,1787612697.876418,G1,T03,sel_fuori_3m,0,absent
8990300,0,0,0,0,0,0,0,0,17,10,3,12,17,3,4,6,3,0,0,6,100,100,100,30,14,9,1,0,1787612698.0761907,G1,T03,sel_fuori_3m,0,absent
8990500,0,0,0,0,0,0,0,0,22,15,5,10,15,1,4,7,2,0,0,6,100,100,100,28,13,9,0,0,1787612698.2771935,G1,T03,sel_fuori_3m,0,absent
8990700,0,0,0,0,0,0,0,0,13,9,5,8,12,11,2,6,1,0,0,6,100,100,100,29,14,9,0,0,1787612698.476716,G1,T03,sel_fuori_3m,0,absent
8990900,0,0,0,0,0,0,0,0,18,14,6,22,40,16,5,5,3,0,0,6,100,100,100,30,14,9,1,0,1787612698.6766512,G1,T03,sel_fuori_3m,0,absent
8991100,0,0,0,0,0,0,0,0,13,12,2,26,57,28,3,6,2,0,0,6,100,100,100,28,14,9,0,0,1787612698.877167,G1,T03,sel_fuori_3m,0,absent
8991300,0,0,0,0,0,0,0,0,16,14,2,25,55,27,10,4,3,0,0,6,100,100,100,28,13,9,0,0,1787612699.077094,G1,T03,sel_fuori_3m,0,absent
8991500,0,0,0,0,0,0,0,0,17,13,2,13,26,12,10,3,3,0,0,6,100,100,100,28,13,8,0,0,1787612699.2773252,G1,T03,sel_fuori_3m,0,absent
8991700,0,0,0,0,0,0,0,0,13,14,2,6,14,6,5,6,2,0,0,6,100,100,100,28,13,8,1,0,1787612699.476889,G1,T03,sel_fuori_3m,0,absent
8991900,0,0,0,0,0,0,0,0,17,15,2,11,11,8,5,7,1,0,0,6,100,100,100,29,12,8,1,0,1787612699.6771207,G1,T03,sel_fuori_3m,0,absent
8992100,0,0,0,0,0,0,0,0,15,12,3,10,7,6,2,5,4,0,0,7,100,100,100,29,11,9,1,0,1787612699.8763807,G1,T03,sel_fuori_3m,0,absent
8992300,0,0,0,0,0,0,0,0,17,15,4,7,8,8,3,3,5,0,0,7,100,100,100,30,11,9,0,0,1787612700.0769227,G1,T03,sel_fuori_3m,0,absent
8992500,0,0,0,0,0,0,0,0,21,13,4,10,15,11,9,1,6,0,0,7,100,100,100,31,11,9,0,0,1787612700.2772293,G1,T03,sel_fuori_3m,0,absent
8992700,0,0,0,0,0,0,0,0,25,16,3,2,5,9,10,1,5,0,0,7,100,100,100,32,11,9,1,0,1787612700.4768114,G1,T03,sel_fuori_3m,0,absent
8992900,0,0,0,0,0,0,0,0,17,13,3,9,18,11,5,2,7,0,0,7,100,100,100,34,12,10,0,0,1787612700.677094,G1,T03,sel_fuori_3m,0,absent
8993100,0,0,0,0,0,0,0,0,15,10,5,14,27,12,7,4,8,0,0,8,100,100,100,35,13,10,0,0,1787612700.8773482,G1,T03,sel_fuori_3m,0,absent
8993300,0,0,0,0,0,0,0,0,20,13,5,15,26,11,6,5,6,0,0,8,100,100,100,37,14,10,0,0,1787612701.0774393,G1,T03,sel_fuori_3m,0,absent
8993500,0,0,0,0,0,0,0,0,23,12,5,13,18,9,6,7,6,0,0,8,100,100,100,39,14,10,0,0,1787612701.2771995,G1,T03,sel_fuori_3m,0,absent
8993700,0,0,0,0,0,0,0,0,17,13,4,9,11,8,3,6,5,0,0,8,100,100,100,40,14,10,1,0,1787612701.4771042,G1,T03,sel_fuori_3m,0,absent
8993900,0,0,0,0,0,0,0,0,18,11,4,9,7,5,1,5,3,0,0,8,100,100,100,39,14,10,0,0,1787612701.6771877,G1,T03,sel_fuori_3m,0,absent
8994100,0,0,0,0,0,0,0,0,13,12,3,7,13,11,3,4,3,0,0,9,100,100,100,39,14,10,0,0,1787612701.8772457,G1,T03,sel_fuori_3m,0,absent
8994300,0,0,0,0,0,0,0,0,15,12,4,13,20,10,4,3,5,0,0,9,100,100,100,39,13,10,0,0,1787612702.0773237,G1,T03,sel_fuori_3m,0,absent
8994500,0,0,0,0,0,0,0,0,18,11,4,12,17,10,4,3,5,0,0,9,100,100,100,39,13,9,1,0,1787612702.2768111,G1,T03,sel_fuori_3m,0,absent
8994700,0,0,0,0,0,0,0,0,18,13,6,3,8,6,5,3,6,0,0,9,100,100,100,38,13,9,1,0,1787612702.476795,G1,T03,sel_fuori_3m,0,absent
8994900,0,0,0,0,0,0,0,0,14,10,6,13,24,12,6,4,6,0,0,9,100,100,100,37,13,9,0,0,1787612702.677252,G1,T03,sel_fuori_3m,0,absent
8995100,0,0,0,0,0,0,0,0,16,9,5,25,42,17,5,7,6,0,0,9,100,100,100,38,13,8,0,0,1787612702.8774006,G1,T03,sel_fuori_3m,0,absent
8995300,0,0,0,0,0,0,0,0,18,11,2,22,43,17,2,7,5,0,0,8,100,100,100,37,13,9,1,0,1787612703.0773256,G1,T03,sel_fuori_3m,0,absent
8995500,0,0,0,0,0,0,0,0,18,11,3,22,47,24,12,6,2,0,0,8,100,100,100,38,14,9,0,0,1787612703.2772908,G1,T03,sel_fuori_3m,0,absent
8995700,0,0,0,0,0,0,0,0,16,15,3,15,29,13,2,5,2,0,0,8,100,100,100,39,14,9,0,0,1787612703.477038,G1,T03,sel_fuori_3m,0,absent
8995900,0,0,0,0,0,0,0,0,21,14,2,1,6,4,1,3,2,0,0,8,100,100,100,39,15,10,1,0,1787612703.6771636,G1,T03,sel_fuori_3m,0,absent
8996100,0,0,0,0,0,0,0,0,17,9,2,4,1,5,1,4,3,0,0,8,100,100,100,39,15,9,0,0,1787612703.8760066,G1,T03,sel_fuori_3m,0,absent
8996300,0,0,0,0,0,0,0,0,16,13,2,8,9,9,6,6,3,0,0,7,100,100,100,39,15,9,1,0,1787612704.0768337,G1,T03,sel_fuori_3m,0,absent
8996500,0,0,0,0,0,0,0,0,22,14,6,11,20,14,10,7,4,0,0,7,100,100,100,38,15,8,1,0,1787612704.2764437,G1,T03,sel_fuori_3m,0,absent
8996700,0,0,0,0,0,0,0,0,20,13,3,10,22,15,6,8,4,0,0,7,100,100,100,38,15,8,0,0,1787612704.4767048,G1,T03,sel_fuori_3m,0,absent
8996900,0,0,0,0,0,0,0,0,27,15,4,14,24,13,5,7,4,0,0,7,100,100,100,37,14,7,1,0,1787612704.67719,G1,T03,sel_fuori_3m,0,absent
8997100,0,0,0,0,0,0,0,0,17,10,4,11,21,14,4,3,3,0,0,7,100,100,100,36,14,7,0,0,1787612704.877428,G1,T03,sel_fuori_3m,0,absent
8997300,0,0,0,0,0,0,0,0,18,10,5,12,18,9,3,4,4,0,0,7,100,100,100,33,13,6,1,0,1787612705.0770295,G1,T03,sel_fuori_3m,0,absent
8997500,0,0,0,0,0,0,0,0,17,9,5,13,18,9,5,3,6,0,0,7,100,100,100,31,12,6,0,0,1787612705.2770898,G1,T03,sel_fuori_3m,0,absent
8997700,0,0,0,0,0,0,0,0,22,14,5,5,10,11,6,3,5,0,0,7,100,100,100,30,12,6,0,0,1787612705.4769304,G1,T03,sel_fuori_3m,0,absent
8997900,0,0,0,0,0,0,0,0,17,11,6,8,14,2,7,3,6,0,0,7,100,100,100,30,12,6,0,0,1787612705.6771438,G1,T03,sel_fuori_3m,0,absent
8998100,0,0,0,0,0,0,0,0,15,12,5,10,15,13,8,4,5,0,0,7,100,100,100,30,13,6,0,0,1787612705.8768628,G1,T03,sel_fuori_3m,0,absent
8998300,0,0,0,0,0,0,0,0,22,20,3,19,32,15,6,6,5,0,0,7,100,100,100,31,13,6,0,0,1787612706.076681,G1,T03,sel_fuori_3m,0,absent
8998500,0,0,0,0,0,0,0,0,18,14,4,22,37,17,3,8,6,0,0,7,100,100,100,32,14,6,1,0,1787612706.2774582,G1,T03,sel_fuori_3m,0,absent
8998700,0,0,0,0,0,0,0,0,23,14,3,17,32,19,12,8,3,0,0,7,100,100,100,34,14,6,1,0,1787612706.476992,G1,T03,sel_fuori_3m,0,absent
8998900,0,0,0,0,0,0,0,0,15,10,3,11,21,14,5,4,2,0,0,7,100,100,100,37,15,7,0,0,1787612706.6774411,G1,T03,sel_fuori_3m,0,absent
8999100,0,0,0,0,0,0,0,0,16,12,3,12,19,8,4,3,3,0,0,7,100,100,100,39,15,7,0,0,1787612706.8774056,G1,T03,sel_fuori_3m,0,absent
8999300,0,0,0,0,0,0,0,0,17,12,4,8,6,6,2,4,3,0,0,7,100,100,100,39,15,7,0,0,1787612707.0767832,G1,T03,sel_fuori_3m,0,absent
8999500,0,0,0,0,0,0,0,0,16,13,3,1,18,11,9,6,5,0,0,6,100,100,100,38,15,7,1,0,1787612707.277187,G1,T03,sel_fuori_3m,0,absent
8999700,0,0,0,0,0,0,0,0,19,14,4,7,14,13,6,6,5,0,0,7,100,100,100,37,14,6,0,0,1787612707.4765637,G1,T03,sel_fuori_3m,0,absent
8999900,0,0,0,0,0,0,0,0,17,11,4,8,12,9,7,3,4,0,0,7,100,100,100,37,15,6,0,0,1787612707.6771808,G1,T03,sel_fuori_3m,0,absent
9000100,0,0,0,0,0,0,0,0,13,9,4,3,8,12,7,3,3,0,0,7,100,100,100,36,15,6,0,0,1787612707.8771653,G1,T03,sel_fuori_3m,0,absent
9000300,0,0,0,0,0,0,0,0,18,12,5,10,10,4,6,4,4,0,0,7,100,100,100,35,14,6,0,0,1787612708.0769787,G1,T03,sel_fuori_3m,0,absent
9000500,0,0,0,0,0,0,0,0,19,12,6,13,23,11,6,5,3,0,0,7,100,100,100,35,14,6,0,0,1787612708.2769547,G1,T03,sel_fuori_3m,0,absent
9000700,0,0,0,0,0,0,0,0,18,12,4,14,17,11,3,5,2,0,0,7,100,100,100,34,13,7,0,0,1787612708.4767785,G1,T03,sel_fuori_3m,0,absent
9000900,0,0,0,0,0,0,0,0,18,12,4,8,15,11,1,6,1,0,0,7,100,100,100,32,13,7,0,0,1787612708.6770744,G1,T03,sel_fuori_3m,0,absent
9001100,0,0,0,0,0,0,0,0,19,13,5,10,12,8,4,6,2,0,0,7,100,100,100,32,12,7,0,0,1787612708.8768075,G1,T03,sel_fuori_3m,0,absent
9001300,0,0,0,0,0,0,0,0,17,14,4,3,11,12,5,6,3,0,0,7,100,100,100,33,12,8,0,0,1787612709.0769742,G1,T03,sel_fuori_3m,0,absent
9001500,0,0,0,0,0,0,0,0,19,11,4,8,4,3,7,6,3,0,0,7,100,100,100,34,12,7,0,0,1787612709.2772431,G1,T03,sel_fuori_3m,0,absent
9001700,0,0,0,0,0,0,0,0,17,9,3,7,13,8,8,7,2,0,0,7,100,100,100,35,12,7,0,0,1787612709.4768648,G1,T03,sel_fuori_3m,0,absent
9001900,0,0,0,0,0,0,0,0,19,12,3,11,16,9,6,8,2,0,0,7,100,100,100,36,12,7,0,0,1787612709.677015,G1,T03,sel_fuori_3m,0,absent
9002100,0,0,0,0,0,0,0,0,16,13,3,7,11,10,9,7,1,0,0,7,100,100,100,37,12,7,0,0,1787612709.8773746,G1,T03,sel_fuori_3m,0,absent
9002300,0,0,0,0,0,0,0,0,18,11,3,6,10,8,1,6,1,0,0,7,100,100,100,38,12,7,0,0,1787612710.0765774,G1,T03,sel_fuori_3m,0,absent
9002500,0,0,0,0,0,0,0,0,15,11,3,4,6,10,8,7,1,0,0,6,100,100,100,37,12,8,0,0,1787612710.2774076,G1,T03,sel_fuori_3m,0,absent
9002700,0,0,0,0,0,0,0,0,21,15,3,14,28,13,10,4,4,0,0,6,100,100,100,37,12,7,0,0,1787612710.4768183,G1,T03,sel_fuori_3m,0,absent
9002900,0,0,0,0,0,0,0,0,20,14,3,4,11,9,4,4,4,0,0,6,100,100,100,34,12,7,0,0,1787612710.676867,G1,T03,sel_fuori_3m,0,absent
9003100,0,0,0,0,0,0,0,0,19,13,2,5,3,1,2,3,5,0,0,6,100,100,100,33,11,7,0,0,1787612710.8774168,G1,T03,sel_fuori_3m,0,absent
9003300,0,0,0,0,0,0,0,0,17,11,4,4,14,11,2,5,4,0,0,6,100,100,100,33,11,7,0,0,1787612711.0770853,G1,T03,sel_fuori_3m,0,absent
9003500,0,0,0,0,0,0,0,0,15,9,3,11,15,9,3,5,3,0,0,6,100,100,100,33,11,7,0,0,1787612711.2774398,G1,T03,sel_fuori_3m,0,absent
9003700,0,0,0,0,0,0,0,0,17,14,4,4,2,4,6,5,2,0,0,6,100,100,100,31,11,7,0,0,1787612711.476953,G1,T03,sel_fuori_3m,0,absent
9003900,0,0,0,0,0,0,0,0,20,13,3,8,15,7,9,5,2,0,0,6,100,100,100,30,10,7,0,0,1787612711.6768382,G1,T03,sel_fuori_3m,0,absent
9004100,0,0,0,0,0,0,0,0,31,15,4,9,12,4,6,6,2,0,0,6,100,100,100,30,10,7,0,0,1787612711.877355,G1,T03,sel_fuori_3m,0,absent
9004300,0,0,0,0,0,0,0,0,20,14,3,8,14,5,1,5,3,0,0,6,100,100,100,30,9,7,0,0,1787612712.0768113,G1,T03,sel_fuori_3m,0,absent
9004500,0,0,0,0,0,0,0,0,18,12,5,11,19,8,6,4,5,0,0,6,100,100,100,31,9,7,0,0,1787612712.2773738,G1,T03,sel_fuori_3m,0,absent
9004700,0,0,0,0,0,0,0,0,18,12,6,9,17,9,5,5,4,0,0,6,100,100,100,32,9,6,0,0,1787612712.477169,G1,T03,sel_fuori_3m,0,absent
9004900,0,0,0,0,0,0,0,0,18,13,5,1,6,7,5,4,6,0,0,6,100,100,96,33,9,6,0,0,1787612712.6770246,G1,T03,sel_fuori_3m,0,absent
9005100,0,0,0,0,0,0,0,0,17,11,5,10,12,2,6,3,5,0,0,6,98,100,91,32,9,6,0,0,1787612712.8766615,G1,T03,sel_fuori_3m,0,absent
9005300,0,0,0,0,0,0,0,0,17,14,4,4,6,2,4,3,4,0,0,6,91,100,84,32,9,6,0,0,1787612713.076416,G1,T03,sel_fuori_3m,0,absent
9005500,0,0,0,0,0,0,0,0,15,11,4,12,15,6,3,4,3,0,0,6,87,100,79,31,9,6,0,0,1787612713.277022,G1,T03,sel_fuori_3m,0,absent
9005700,0,0,0,0,0,0,0,0,15,11,5,10,12,8,1,4,3,0,0,6,86,100,76,30,8,6,0,0,1787612713.4768019,G1,T03,sel_fuori_3m,0,absent
9005900,0,0,0,0,0,0,0,0,13,8,5,9,18,13,1,4,4,0,0,6,85,100,73,28,8,6,0,0,1787612713.677233,G1,T03,sel_fuori_3m,0,absent
9006100,0,0,0,0,0,0,0,0,20,14,4,11,29,16,2,6,5,0,0,6,85,100,74,26,7,6,0,0,1787612713.8768532,G1,T03,sel_fuori_3m,0,absent
9006300,0,0,0,0,0,0,0,0,15,11,4,16,30,13,2,5,3,0,0,6,88,100,76,24,7,6,0,0,1787612714.0769727,G1,T03,sel_fuori_3m,0,absent
9006500,0,0,0,0,0,0,0,0,23,17,4,13,24,9,1,6,4,0,0,6,92,100,80,23,6,6,0,0,1787612714.2771773,G1,T03,sel_fuori_3m,0,absent
9006700,0,0,0,0,0,0,0,0,17,13,3,10,17,10,5,7,3,0,0,6,97,100,88,23,7,6,0,0,1787612714.477023,G1,T03,sel_fuori_3m,0,absent
9006900,0,0,0,0,0,0,0,0,17,10,4,7,4,6,8,6,3,0,0,6,96,100,93,23,7,6,0,0,1787612714.6770592,G1,T03,sel_fuori_3m,0,absent
9007100,0,0,0,0,0,0,0,0,20,13,3,8,17,8,5,5,2,0,0,6,97,100,98,23,7,5,0,0,1787612714.8772042,G1,T03,sel_fuori_3m,0,absent
9007300,0,0,0,0,0,0,0,0,17,10,4,8,14,7,3,4,2,0,0,6,100,100,100,23,6,5,0,0,1787612715.0767586,G1,T03,sel_fuori_3m,0,absent
9007500,0,0,0,0,0,0,0,0,16,12,5,12,15,9,5,2,3,0,0,6,100,100,100,24,6,6,0,0,1787612715.2776086,G1,T03,sel_fuori_3m,0,absent
9007700,0,0,0,0,0,0,0,0,19,12,6,16,24,15,7,4,5,0,0,6,100,100,100,25,6,6,0,0,1787612715.476919,G1,T03,sel_fuori_3m,0,absent
9007900,0,0,0,0,0,0,0,0,26,15,6,11,15,8,4,5,7,0,0,6,100,100,100,24,6,7,0,0,1787612715.6771657,G1,T03,sel_fuori_3m,0,absent
9008100,0,0,0,0,0,0,0,0,16,10,5,5,7,6,2,4,5,0,0,7,100,100,100,24,6,7,0,0,1787612715.8765352,G1,T03,sel_fuori_3m,0,absent
9008300,0,0,0,0,0,0,0,0,20,12,4,4,2,7,2,4,6,0,0,7,100,100,100,24,6,7,0,0,1787612716.0773497,G1,T03,sel_fuori_3m,0,absent
9008500,0,0,0,0,0,0,0,0,17,11,7,10,9,4,1,4,6,0,0,7,100,100,100,22,6,7,0,0,1787612716.2774613,G1,T03,sel_fuori_3m,0,absent
9008700,0,0,0,0,0,0,0,0,20,14,3,11,16,6,6,5,5,0,0,6,100,100,100,22,6,8,0,0,1787612716.4769313,G1,T03,sel_fuori_3m,0,absent
9008900,0,0,0,0,0,0,0,0,15,12,5,12,19,12,6,4,4,0,0,6,100,100,100,21,6,8,0,0,1787612716.6777165,G1,T03,sel_fuori_3m,0,absent
9009100,0,0,0,0,0,0,0,0,21,12,5,11,23,9,6,5,4,0,0,6,100,100,100,21,6,8,0,0,1787612716.8767722,G1,T03,sel_fuori_3m,0,absent
9009300,0,0,0,0,0,0,0,0,14,12,4,11,13,6,1,5,3,0,0,6,100,100,100,20,5,8,0,0,1787612717.077721,G1,T03,sel_fuori_3m,0,absent
9009500,0,0,0,0,0,0,0,0,15,13,4,8,10,7,7,5,4,0,0,6,100,100,100,22,5,8,0,0,1787612717.2770567,G1,T03,sel_fuori_3m,0,absent
9009700,0,0,0,0,0,0,0,0,18,14,3,9,18,9,8,5,4,0,0,7,100,100,100,24,6,8,0,0,1787612717.4769428,G1,T03,sel_fuori_3m,0,absent
9009900,0,0,0,0,0,0,0,0,21,11,6,15,23,11,8,4,6,0,0,7,100,100,100,26,6,8,0,0,1787612717.6768703,G1,T03,sel_fuori_3m,0,absent
9010100,0,0,0,0,0,0,0,0,19,14,6,12,21,11,4,5,7,0,0,7,100,100,100,26,6,8,0,0,1787612717.8768961,G1,T03,sel_fuori_3m,0,absent
9010300,0,0,0,0,0,0,0,0,17,12,4,5,13,3,3,6,6,0,0,7,100,100,100,26,6,8,0,0,1787612718.0770555,G1,T03,sel_fuori_3m,0,absent
9010500,0,0,0,0,0,0,0,0,20,13,4,4,9,11,3,6,6,0,0,6,100,100,100,27,6,8,0,0,1787612718.2771773,G1,T03,sel_fuori_3m,0,absent
9010700,0,0,0,0,0,0,0,0,18,11,5,7,2,10,5,4,5,0,0,6,100,100,100,28,5,8,0,0,1787612718.4774063,G1,T03,sel_fuori_3m,0,absent
9010900,0,0,0,0,0,0,0,0,15,9,5,3,9,9,6,5,5,0,0,6,100,100,100,27,4,9,0,0,1787612718.6772435,G1,T03,sel_fuori_3m,0,absent
9011100,0,0,0,0,0,0,0,0,18,15,6,5,9,10,7,5,4,0,0,6,100,100,95,27,4,9,0,0,1787612718.87643,G1,T03,sel_fuori_3m,0,absent
9011300,0,0,0,0,0,0,0,0,22,13,5,5,3,3,6,5,5,0,0,6,100,100,90,26,4,9,0,0,1787612719.0770586,G1,T03,sel_fuori_3m,0,absent
9011500,0,0,0,0,0,0,0,0,22,14,6,8,10,8,6,4,6,0,0,6,99,100,84,26,4,9,0,0,1787612719.27692,G1,T03,sel_fuori_3m,0,absent
9011700,0,0,0,0,0,0,0,0,20,13,5,10,12,9,2,5,6,0,0,6,97,100,82,25,4,8,0,0,1787612719.4771724,G1,T03,sel_fuori_3m,0,absent
9011900,0,0,0,0,0,0,0,0,16,11,6,11,10,9,2,5,6,0,0,6,96,100,81,25,4,8,0,0,1787612719.6773336,G1,T03,sel_fuori_3m,0,absent
9012100,0,0,0,0,0,0,0,0,14,10,6,6,5,7,5,5,6,0,0,6,95,100,83,25,4,8,0,0,1787612719.8773172,G1,T03,sel_fuori_3m,0,absent
9012300,0,0,0,0,0,0,0,0,23,15,4,7,10,6,6,4,5,0,0,5,95,100,88,26,4,7,0,0,1787612720.0769901,G1,T03,sel_fuori_3m,0,absent
9012500,0,0,0,0,0,0,0,0,17,11,4,2,6,6,5,5,6,0,0,5,94,100,92,27,4,7,0,0,1787612720.2770565,G1,T03,sel_fuori_3m,0,absent
9012700,0,0,0,0,0,0,0,0,15,10,5,6,12,8,5,4,6,0,0,5,92,100,96,27,4,7,0,0,1787612720.4768496,G1,T03,sel_fuori_3m,0,absent
9012900,0,0,0,0,0,0,0,0,14,11,4,9,17,12,1,5,6,0,0,5,92,100,97,27,4,7,0,0,1787612720.6768758,G1,T03,sel_fuori_3m,0,absent
9013100,0,0,0,0,0,0,0,0,20,14,4,9,17,10,1,6,6,0,0,5,92,100,95,26,4,6,0,0,1787612720.87748,G1,T03,sel_fuori_3m,0,absent
9013300,0,0,0,0,0,0,0,0,14,12,5,10,15,3,4,4,7,0,0,5,88,100,92,25,4,6,0,0,1787612721.0769606,G1,T03,sel_fuori_3m,0,absent
9013500,0,0,0,0,0,0,0,0,17,11,5,2,4,2,5,4,7,0,0,5,84,100,92,24,4,6,0,0,1787612721.2767313,G1,T03,sel_fuori_3m,0,absent
9013700,0,0,0,0,0,0,0,0,16,11,6,10,13,9,3,4,6,0,0,5,82,100,93,22,4,7,0,0,1787612721.4769797,G1,T03,sel_fuori_3m,0,absent
9013900,0,0,0,0,0,0,0,0,15,12,5,6,12,3,2,5,7,0,0,5,81,100,92,20,4,6,0,0,1787612721.6769483,G1,T03,sel_fuori_3m,0,absent
9014100,0,0,0,0,0,0,0,0,19,13,4,9,14,7,3,5,7,0,0,5,77,100,87,20,4,6,0,0,1787612721.877364,G1,T03,sel_fuori_3m,0,absent
9014300,0,0,0,0,0,0,0,0,15,12,3,9,10,9,3,4,6,0,0,5,75,100,82,20,4,6,0,0,1787612722.0770738,G1,T03,sel_fuori_3m,0,absent
9014500,0,0,0,0,0,0,0,0,18,11,5,4,8,3,4,4,6,0,0,6,77,100,81,19,4,6,0,0,1787612722.2773244,G1,T03,sel_fuori_3m,0,absent
9014700,0,0,0,0,0,0,0,0,16,9,4,4,8,8,3,4,6,0,0,5,76,100,80,19,4,6,0,0,1787612722.476659,G1,T03,sel_fuori_3m,0,absent
9014900,0,0,0,0,0,0,0,0,19,12,6,6,4,6,4,4,6,0,0,5,76,100,78,18,4,5,0,0,1787612722.676551,G1,T03,sel_fuori_3m,0,absent
9015100,0,0,0,0,0,0,0,0,17,12,6,8,8,2,3,6,7,0,0,5,78,100,76,16,4,5,1,0,1787612722.8774643,G1,T03,sel_fuori_3m,0,absent
9015300,0,0,0,0,0,0,0,0,20,14,5,7,6,5,4,4,6,0,0,5,80,100,74,16,4,5,0,0,1787612723.0771427,G1,T03,sel_fuori_3m,0,absent
9015500,0,0,0,0,0,0,0,0,15,9,7,7,9,9,3,5,6,0,0,6,81,100,77,15,4,4,0,0,1787612723.2768137,G1,T03,sel_fuori_3m,0,absent
9015700,0,0,0,0,0,0,0,0,24,15,5,8,11,8,5,4,6,0,0,5,82,100,79,15,4,4,0,0,1787612723.4775229,G1,T03,sel_fuori_3m,0,absent
9015900,0,0,0,0,0,0,0,0,17,10,5,7,10,12,6,4,5,0,0,6,81,100,81,16,4,4,0,0,1787612723.6778905,G1,T03,sel_fuori_3m,0,absent
9016100,0,0,0,0,0,0,0,0,18,15,5,3,7,1,8,3,7,0,0,6,82,100,82,16,5,4,0,0,1787612723.877443,G1,T03,sel_fuori_3m,0,absent
9016300,0,0,0,0,0,0,0,0,21,9,5,2,8,2,7,3,6,0,0,6,82,100,81,15,5,4,0,0,1787612724.077466,G1,T03,sel_fuori_3m,0,absent
9016500,0,0,0,0,0,0,0,0,17,13,6,3,6,5,7,4,5,0,0,6,81,100,81,15,5,4,0,0,1787612724.276962,G1,T03,sel_fuori_3m,0,absent
9016700,0,0,0,0,0,0,0,0,22,15,4,1,5,2,5,2,5,0,0,6,81,100,79,14,5,4,0,0,1787612724.4767017,G1,T03,sel_fuori_3m,0,absent
9016900,0,0,0,0,0,0,0,0,21,13,6,10,15,8,3,3,4,0,0,6,80,100,78,14,5,4,0,0,1787612724.6775966,G1,T03,sel_fuori_3m,0,absent
9017100,0,0,0,0,0,0,0,0,18,13,5,13,22,14,1,6,6,0,0,6,79,100,78,14,5,4,0,0,1787612724.8770893,G1,T03,sel_fuori_3m,0,absent
9017300,0,0,0,0,0,0,0,0,17,10,5,16,33,16,1,4,6,0,0,6,83,100,83,15,5,4,0,0,1787612725.0777729,G1,T03,sel_fuori_3m,0,absent
9017500,0,0,0,0,0,0,0,0,16,10,4,19,38,17,2,6,4,0,0,6,92,100,94,16,5,4,0,0,1787612725.2776434,G1,T03,sel_fuori_3m,0,absent
9017700,0,0,0,0,0,0,0,0,22,16,4,11,24,12,3,7,4,0,0,6,99,100,100,17,6,4,0,0,1787612725.4771333,G1,T03,sel_fuori_3m,0,absent
9017900,0,0,0,0,0,0,0,0,17,11,3,5,10,3,8,6,3,0,0,7,100,100,100,19,7,5,0,0,1787612725.6778483,G1,T03,sel_fuori_3m,0,absent
9018100,0,0,0,0,0,0,0,0,17,10,6,12,21,16,8,6,3,0,0,7,100,100,100,20,7,5,0,0,1787612725.8779957,G1,T03,sel_fuori_3m,0,absent
9018300,0,0,0,0,0,0,0,0,14,11,6,17,26,16,5,5,5,0,0,6,100,100,100,21,7,5,0,0,1787612726.0771737,G1,T03,sel_fuori_3m,0,absent
9018500,0,0,0,0,0,0,0,0,20,11,4,12,23,18,4,4,7,0,0,6,100,100,100,21,7,6,0,0,1787612726.2776375,G1,T03,sel_fuori_3m,0,absent
9018700,0,0,0,0,0,0,0,0,29,20,7,10,23,12,6,4,7,0,0,6,100,100,100,23,7,6,1,0,1787612726.4774258,G1,T03,sel_fuori_3m,0,absent
9018900,0,0,0,0,0,0,0,0,20,12,6,11,16,10,4,4,5,0,0,7,100,100,100,23,7,6,1,0,1787612726.677991,G1,T03,sel_fuori_3m,0,absent
9019100,0,0,0,0,0,0,0,0,16,12,4,7,9,6,1,4,6,0,0,7,100,100,100,23,8,6,1,0,1787612726.877706,G1,T03,sel_fuori_3m,0,absent
9019300,0,0,0,0,0,0,0,0,22,15,5,3,6,7,1,5,5,0,0,7,100,100,100,23,8,6,0,0,1787612727.0771182,G1,T03,sel_fuori_3m,0,absent
9019500,0,0,0,0,0,0,0,0,22,14,5,8,10,3,3,4,6,0,0,7,100,100,100,23,8,6,1,0,1787612727.2779665,G1,T03,sel_fuori_3m,0,absent
9019700,0,0,0,0,0,0,0,0,19,14,4,2,8,5,6,3,5,0,0,7,100,100,100,23,8,6,0,0,1787612727.4770107,G1,T03,sel_fuori_3m,0,absent
9019900,0,0,0,0,0,0,0,0,18,12,7,8,9,9,6,3,5,0,0,7,100,100,100,24,8,5,0,0,1787612727.6777236,G1,T03,sel_fuori_3m,0,absent
9020100,0,0,0,0,0,0,0,0,16,11,6,7,15,13,5,3,4,0,0,7,100,100,100,23,8,6,0,0,1787612727.8777077,G1,T03,sel_fuori_3m,0,absent
9020300,0,0,0,0,0,0,0,0,15,11,6,12,16,9,3,4,6,0,0,7,100,100,100,23,8,6,0,0,1787612728.0779018,G1,T03,sel_fuori_3m,0,absent
9020500,0,0,0,0,0,0,0,0,22,12,7,13,18,8,4,4,5,0,0,7,100,100,100,24,8,6,1,0,1787612728.2772043,G1,T03,sel_fuori_3m,0,absent
9020700,0,0,0,0,0,0,0,0,15,13,5,3,9,3,5,4,6,0,0,8,100,100,100,25,9,6,0,0,1787612728.4778583,G1,T03,sel_fuori_3m,0,absent
9020900,0,0,0,0,0,0,0,0,16,13,7,8,9,7,4,4,6,0,0,8,100,100,100,26,9,6,1,0,1787612728.677128,G1,T03,sel_fuori_3m,0,absent
9021100,0,0,0,0,0,0,0,0,18,12,5,6,8,9,5,5,6,0,0,8,100,100,100,26,9,6,0,0,1787612728.877818,G1,T03,sel_fuori_3m,0,absent
9021300,0,0,0,0,0,0,0,0,19,13,6,7,1,6,6,5,6,0,0,7,100,100,100,26,8,6,1,0,1787612729.0771775,G1,T03,sel_fuori_3m,0,absent
9021500,0,0,0,0,0,0,0,0,20,12,6,8,4,7,5,4,6,0,0,7,100,100,100,26,8,5,1,0,1787612729.2771301,G1,T03,sel_fuori_3m,0,absent
9021700,0,0,0,0,0,0,0,0,20,9,5,7,12,12,4,4,4,0,0,7,100,100,100,25,8,5,1,0,1787612729.477248,G1,T03,sel_fuori_3m,0,absent
9021900,0,0,0,0,0,0,0,0,18,12,6,8,17,11,3,3,5,0,0,7,100,100,100,24,7,5,1,0,1787612729.6779418,G1,T03,sel_fuori_3m,0,absent
9022100,0,0,0,0,0,0,0,0,18,14,5,8,15,9,4,3,5,0,0,7,100,100,100,23,7,5,1,0,1787612729.8771784,G1,T03,sel_fuori_3m,0,absent
9022300,0,0,0,0,0,0,0,0,15,10,6,9,11,11,6,1,5,0,0,7,100,100,100,23,8,4,0,0,1787612730.0771508,G1,T03,sel_fuori_3m,0,absent
9022500,0,0,0,0,0,0,0,0,19,13,6,8,14,8,7,2,4,0,0,7,100,100,100,23,8,4,0,0,1787612730.2779503,G1,T03,sel_fuori_3m,0,absent
9022700,0,0,0,0,0,0,0,0,15,11,6,5,7,8,7,3,5,0,0,7,100,100,100,24,8,4,0,0,1787612730.4778385,G1,T03,sel_fuori_3m,0,absent
9022900,0,0,0,0,0,0,0,0,21,10,4,7,10,8,6,5,6,0,0,7,100,100,100,24,8,4,0,0,1787612730.6777472,G1,T03,sel_fuori_3m,0,absent
9023100,0,0,0,0,0,0,0,0,20,14,5,7,9,12,6,5,5,0,0,6,100,100,100,25,8,4,0,0,1787612730.8780496,G1,T03,sel_fuori_3m,0,absent
9023300,0,0,0,0,0,0,0,0,20,15,5,3,8,5,6,5,6,0,0,6,100,100,100,26,9,4,0,0,1787612731.0779994,G1,T03,sel_fuori_3m,0,absent
9023500,0,0,0,0,0,0,0,0,18,13,5,4,9,3,7,4,5,0,0,6,100,100,100,27,8,4,0,0,1787612731.2778397,G1,T03,sel_fuori_3m,0,absent
9023700,0,0,0,0,0,0,0,0,17,16,6,10,10,12,7,2,5,0,0,6,100,100,100,27,8,4,1,0,1787612731.4782586,G1,T03,sel_fuori_3m,0,absent
9023900,0,0,0,0,0,0,0,0,22,15,7,8,13,9,6,2,6,0,0,6,100,100,100,27,8,4,0,0,1787612731.6778128,G1,T03,sel_fuori_3m,0,absent
9024100,0,0,0,0,0,0,0,0,18,15,4,2,8,8,5,4,5,0,0,6,100,100,100,26,8,4,0,0,1787612731.8780577,G1,T03,sel_fuori_3m,0,absent
9024300,0,0,0,0,0,0,0,0,19,10,6,3,6,6,4,3,5,0,0,6,100,100,100,26,7,4,0,0,1787612732.0779402,G1,T03,sel_fuori_3m,0,absent
9024500,0,0,0,0,0,0,0,0,20,14,5,10,11,7,2,3,5,0,0,5,100,100,100,25,7,4,0,0,1787612732.2781687,G1,T03,sel_fuori_3m,0,absent
9024700,0,0,0,0,0,0,0,0,15,14,6,13,12,9,2,4,5,0,0,5,100,100,100,25,7,3,0,0,1787612732.4776604,G1,T03,sel_fuori_3m,0,absent
9024900,0,0,0,0,0,0,0,0,17,12,8,11,16,9,4,5,5,0,0,5,100,100,100,25,7,4,0,0,1787612732.6775248,G1,T03,sel_fuori_3m,0,absent
9025100,0,0,0,0,0,0,0,0,17,10,4,11,18,11,6,7,4,0,0,5,100,100,100,26,8,4,0,0,1787612732.8775675,G1,T03,sel_fuori_3m,0,absent
9025300,0,0,0,0,0,0,0,0,18,9,4,10,19,12,10,9,2,0,0,6,100,100,100,28,9,4,0,0,1787612733.077577,G1,T03,sel_fuori_3m,0,absent
9025500,0,0,0,0,0,0,0,0,18,12,4,14,24,14,4,7,3,0,0,6,100,100,100,29,10,5,0,0,1787612733.2774792,G1,T03,sel_fuori_3m,0,absent
9025700,0,0,0,0,0,0,0,0,14,14,5,9,22,11,1,5,4,0,0,6,100,100,100,30,11,5,0,0,1787612733.4775364,G1,T03,sel_fuori_3m,0,absent
9025900,0,0,0,0,0,0,0,0,18,11,5,8,12,12,2,4,5,0,0,6,100,100,100,30,11,4,0,0,1787612733.67808,G1,T03,sel_fuori_3m,0,absent
9026100,0,0,0,0,0,0,0,0,21,17,4,9,8,7,1,6,5,0,0,6,100,100,100,30,12,4,0,0,1787612733.8780398,G1,T03,sel_fuori_3m,0,absent
9026300,0,0,0,0,0,0,0,0,22,14,3,3,15,11,4,6,5,0,0,6,100,100,100,29,12,4,0,0,1787612734.0777595,G1,T03,sel_fuori_3m,0,absent
9026500,0,0,0,0,0,0,0,0,17,14,6,12,21,13,6,4,5,0,0,7,100,100,100,29,12,4,0,0,1787612734.2783933,G1,T03,sel_fuori_3m,0,absent
9026700,0,0,0,0,0,0,0,0,14,12,5,7,11,1,8,3,5,0,0,7,100,100,100,27,12,5,0,0,1787612734.4781585,G1,T03,sel_fuori_3m,0,absent
9026900,0,0,0,0,0,0,0,0,19,11,3,16,35,18,7,2,5,0,0,7,100,100,100,26,12,5,0,0,1787612734.6778266,G1,T03,sel_fuori_3m,0,absent
9027100,0,0,0,0,0,0,0,0,15,13,4,10,18,8,8,2,5,0,0,7,100,100,100,25,11,6,0,0,1787612734.877963,G1,T03,sel_fuori_3m,0,absent
9027300,0,0,0,0,0,0,0,0,20,14,3,8,10,7,5,4,5,0,0,7,100,100,100,25,11,6,0,0,1787612735.0782075,G1,T03,sel_fuori_3m,0,absent
9027500,0,0,0,0,0,0,0,0,16,11,4,9,12,9,7,2,5,0,0,7,100,100,100,24,11,6,0,0,1787612735.2782087,G1,T03,sel_fuori_3m,0,absent
9027700,0,0,0,0,0,0,0,0,21,12,5,10,18,13,4,4,5,0,0,7,100,100,100,23,11,6,0,0,1787612735.4780006,G1,T03,sel_fuori_3m,0,absent
9027900,0,0,0,0,0,0,0,0,17,17,5,14,25,13,4,4,5,0,0,7,100,100,100,22,11,7,0,0,1787612735.6777997,G1,T03,sel_fuori_3m,0,absent
9028100,0,0,0,0,0,0,0,0,17,15,6,16,29,15,7,4,5,0,0,7,100,100,100,23,11,7,0,0,1787612735.8779054,G1,T03,sel_fuori_3m,0,absent
9028300,0,0,0,0,0,0,0,0,19,14,4,6,10,7,4,6,5,0,0,7,100,100,100,23,12,7,0,0,1787612736.078011,G1,T03,sel_fuori_3m,0,absent
9028500,0,0,0,0,0,0,0,0,19,12,5,9,16,8,5,6,6,0,0,7,100,100,100,23,13,7,0,0,1787612736.278089,G1,T03,sel_fuori_3m,0,absent
9028700,0,0,0,0,0,0,0,0,24,16,3,9,16,9,3,6,5,0,0,8,100,100,100,22,13,7,0,0,1787612736.4776642,G1,T03,sel_fuori_3m,0,absent
9028900,0,0,0,0,0,0,0,0,17,12,3,8,12,8,1,7,6,0,0,8,100,100,100,21,13,7,0,0,1787612736.6782444,G1,T03,sel_fuori_3m,0,absent
9029100,0,0,0,0,0,0,0,0,18,13,3,12,20,10,2,7,5,0,0,7,100,100,100,20,13,7,0,0,1787612736.878283,G1,T03,sel_fuori_3m,0,absent
9029300,0,0,0,0,0,0,0,0,19,12,5,16,33,17,2,5,5,0,0,7,100,100,100,18,12,7,0,0,1787612737.0781252,G1,T03,sel_fuori_3m,0,absent
9029500,0,0,0,0,0,0,0,0,22,17,5,14,31,15,3,6,5,0,0,6,100,100,100,17,11,7,0,0,1787612737.2778826,G1,T03,sel_fuori_3m,0,absent
9029700,0,0,0,0,0,0,0,0,23,12,5,11,14,12,6,6,4,0,0,7,100,100,100,16,11,7,0,0,1787612737.4778655,G1,T03,sel_fuori_3m,0,absent
9029900,0,0,0,0,0,0,0,0,16,10,5,7,16,12,3,6,3,0,0,6,100,100,100,15,11,7,0,0,1787612737.6782238,G1,T03,sel_fuori_3m,0,absent
9030100,0,0,0,0,0,0,0,0,16,10,4,7,10,8,4,6,5,0,0,6,100,100,100,14,10,7,0,0,1787612737.8780963,G1,T03,sel_fuori_3m,0,absent
9030300,0,0,0,0,0,0,0,0,14,9,7,11,10,8,8,7,4,0,0,6,100,100,100,14,10,7,0,0,1787612738.0778365,G1,T03,sel_fuori_3m,0,absent
9030500,0,0,0,0,0,0,0,0,19,10,3,10,27,16,8,5,5,0,0,6,100,100,100,14,10,7,0,0,1787612738.2781298,G1,T03,sel_fuori_3m,0,absent
9030700,0,0,0,0,0,0,0,0,15,11,3,25,53,26,7,4,5,0,0,6,100,100,100,14,10,7,0,0,1787612738.4784288,G1,T03,sel_fuori_3m,0,absent
9030900,0,0,0,0,0,0,0,0,18,11,4,21,43,21,8,8,4,0,0,6,100,100,100,14,11,7,0,0,1787612738.6778908,G1,T03,sel_fuori_3m,0,absent
9031100,0,0,0,0,0,0,0,0,22,14,5,5,11,7,6,6,4,0,0,6,100,100,100,14,11,7,0,0,1787612738.8780775,G1,T03,sel_fuori_3m,0,absent
9031300,0,0,0,0,0,0,0,0,21,16,4,14,23,12,5,4,4,0,0,6,100,100,100,14,11,7,0,0,1787612739.0780156,G1,T03,sel_fuori_3m,0,absent
9031500,0,0,0,0,0,0,0,0,16,10,3,20,34,18,7,2,6,0,0,6,100,100,100,16,11,6,0,0,1787612739.2785435,G1,T03,sel_fuori_3m,0,absent
9031700,0,0,0,0,0,0,0,0,17,10,4,15,31,17,10,1,5,0,0,6,100,100,100,18,11,6,0,0,1787612739.4781628,G1,T03,sel_fuori_3m,0,absent
9031900,0,0,0,0,0,0,0,0,21,13,3,9,14,12,6,3,5,0,0,7,100,100,100,18,11,6,0,0,1787612739.6775994,G1,T03,sel_fuori_3m,0,absent
9032100,0,0,0,0,0,0,0,0,18,12,3,4,11,9,4,4,5,0,0,6,100,100,100,18,11,6,0,0,1787612739.8782854,G1,T03,sel_fuori_3m,0,absent
9032300,0,0,0,0,0,0,0,0,20,11,4,4,7,4,2,4,4,0,0,6,100,100,100,18,11,6,0,0,1787612740.0777907,G1,T03,sel_fuori_3m,0,absent
9032500,0,0,0,0,0,0,0,0,17,12,3,4,12,11,4,4,4,0,0,6,100,100,100,18,11,6,0,0,1787612740.2780666,G1,T03,sel_fuori_3m,0,absent
9032700,0,0,0,0,0,0,0,0,18,12,2,11,24,15,5,4,5,0,0,6,100,100,100,19,11,6,0,0,1787612740.4784799,G1,T03,sel_fuori_3m,0,absent
9032900,0,0,0,0,0,0,0,0,24,13,5,18,39,23,6,6,4,0,0,6,100,100,100,20,10,6,0,0,1787612740.6787283,G1,T03,sel_fuori_3m,0,absent
9033100,0,0,0,0,0,0,0,0,16,16,4,18,34,14,8,7,4,0,0,6,100,100,100,21,10,6,0,0,1787612740.8786573,G1,T03,sel_fuori_3m,0,absent
9033300,0,0,0,0,0,0,0,0,23,13,6,11,17,12,5,8,4,0,0,7,100,100,100,22,11,6,0,0,1787612741.0779188,G1,T03,sel_fuori_3m,0,absent
9033500,0,0,0,0,0,0,0,0,18,11,5,10,16,9,6,6,4,0,0,7,100,100,100,23,11,6,0,0,1787612741.277833,G1,T03,sel_fuori_3m,0,absent
9033700,0,0,0,0,0,0,0,0,13,10,4,3,4,5,5,7,3,0,0,8,100,100,100,24,11,6,0,0,1787612741.4777465,G1,T03,sel_fuori_3m,0,absent
9033900,0,0,0,0,0,0,0,0,14,10,4,17,36,22,8,9,3,0,0,8,100,100,100,25,12,6,0,0,1787612741.6782062,G1,T03,sel_fuori_3m,0,absent
9034100,0,0,0,0,0,0,0,0,15,10,5,13,27,17,10,7,4,0,0,8,100,100,100,27,12,6,0,0,1787612741.8788342,G1,T03,sel_fuori_3m,0,absent
9034300,0,0,0,0,0,0,0,0,18,15,6,8,11,5,8,5,6,0,0,8,100,100,100,29,12,6,0,0,1787612742.0783117,G1,T03,sel_fuori_3m,0,absent
9034500,0,0,0,0,0,0,0,0,22,15,4,10,18,10,4,3,5,0,0,8,100,100,100,31,13,6,0,0,1787612742.2785332,G1,T03,sel_fuori_3m,0,absent
9034700,0,0,0,0,0,0,0,0,17,10,4,12,11,10,5,2,4,0,0,8,100,100,100,31,13,6,0,0,1787612742.4779682,G1,T03,sel_fuori_3m,0,absent
9034900,0,0,0,0,0,0,0,0,21,15,4,8,11,10,6,4,5,0,0,8,100,100,100,32,13,6,0,0,1787612742.6785421,G1,T03,sel_fuori_3m,0,absent
9035100,0,0,0,0,0,0,0,0,20,14,3,9,11,7,5,4,3,0,0,8,100,100,100,32,12,5,0,0,1787612742.8778498,G1,T03,sel_fuori_3m,0,absent
9035300,0,0,0,0,0,0,0,0,19,14,4,11,20,11,4,6,3,0,0,8,100,100,100,32,12,6,0,0,1787612743.0786228,G1,T03,sel_fuori_3m,0,absent
9035500,0,0,0,0,0,0,0,0,16,12,4,13,29,17,4,6,4,0,0,7,100,100,100,31,12,6,0,0,1787612743.2781138,G1,T03,sel_fuori_3m,0,absent
9035700,0,0,0,0,0,0,0,0,19,12,5,11,15,8,7,7,7,0,0,7,100,100,100,30,12,6,0,0,1787612743.4778996,G1,T03,sel_fuori_3m,0,absent
9035900,0,0,0,0,0,0,0,0,13,8,3,4,15,12,8,8,7,0,0,7,100,100,100,30,12,6,0,0,1787612743.6778457,G1,T03,sel_fuori_3m,0,absent
9036100,0,0,0,0,0,0,0,0,14,8,5,9,11,10,3,6,6,0,0,7,100,100,100,31,12,6,0,0,1787612743.8778334,G1,T03,sel_fuori_3m,0,absent
9036300,0,0,0,0,0,0,0,0,14,6,4,5,4,6,5,7,6,0,0,7,100,100,100,32,12,6,0,0,1787612744.078026,G1,T03,sel_fuori_3m,0,absent
9036500,0,0,0,0,0,0,0,0,15,10,7,2,11,9,5,7,6,0,0,7,100,100,100,32,12,6,0,0,1787612744.2782588,G1,T03,sel_fuori_3m,0,absent
9036700,0,0,0,0,0,0,0,0,20,13,4,5,11,8,4,6,5,0,0,7,100,100,100,32,12,5,0,0,1787612744.4784355,G1,T03,sel_fuori_3m,0,absent
9036900,0,0,0,0,0,0,0,0,20,16,4,8,11,8,2,6,5,0,0,7,100,100,100,31,12,5,0,0,1787612744.6781876,G1,T03,sel_fuori_3m,0,absent
9037100,0,0,0,0,0,0,0,0,17,12,5,6,12,14,6,1,6,0,0,7,100,100,100,30,12,6,0,0,1787612744.878675,G1,T03,sel_fuori_3m,0,absent
9037300,0,0,0,0,0,0,0,0,22,13,4,10,16,10,7,2,4,0,0,6,100,100,100,31,12,6,0,0,1787612745.078099,G1,T03,sel_fuori_3m,0,absent
9037500,0,0,0,0,0,0,0,0,19,14,6,9,13,7,4,3,4,0,0,6,100,100,100,33,12,7,0,0,1787612745.278001,G1,T03,sel_fuori_3m,0,absent
9037700,0,0,0,0,0,0,0,0,19,11,5,10,14,10,9,2,5,0,0,5,100,100,100,34,12,7,0,0,1787612745.4780774,G1,T03,sel_fuori_3m,0,absent
9037900,0,0,0,0,0,0,0,0,17,13,3,14,26,16,9,3,5,0,0,5,100,100,100,35,12,7,0,0,1787612745.678596,G1,T03,sel_fuori_3m,0,absent
9038100,0,0,0,0,0,0,0,0,20,13,2,11,20,14,5,4,4,0,0,5,100,100,100,35,12,7,0,0,1787612745.8782163,G1,T03,sel_fuori_3m,0,absent
9038300,0,0,0,0,0,0,0,0,19,9,4,11,22,17,5,5,4,0,0,5,100,100,100,34,12,6,0,0,1787612746.0778728,G1,T03,sel_fuori_3m,0,absent
9038500,0,0,0,0,0,0,0,0,20,12,5,10,14,12,3,4,4,0,0,6,100,100,100,32,12,6,0,0,1787612746.278851,G1,T03,sel_fuori_3m,0,absent
9038700,0,0,0,0,0,0,0,0,20,11,4,9,5,1,6,4,3,0,0,6,100,100,100,32,11,7,0,0,1787612746.477948,G1,T03,sel_fuori_3m,0,absent
9038900,0,0,0,0,0,0,0,0,16,11,5,4,4,4,6,6,4,0,0,6,100,100,100,32,11,7,0,0,1787612746.6783898,G1,T03,sel_fuori_3m,0,absent
9039100,0,0,0,0,0,0,0,0,14,8,4,2,3,2,4,5,4,0,0,6,100,100,100,33,11,7,0,0,1787612746.8783143,G1,T03,sel_fuori_3m,0,absent
9039300,0,0,0,0,0,0,0,0,17,10,5,5,15,10,7,6,3,0,0,7,100,100,100,33,12,7,0,0,1787612747.078756,G1,T03,sel_fuori_3m,0,absent
9039500,0,0,0,0,0,0,0,0,18,13,4,12,20,13,8,5,4,0,0,7,100,100,100,35,12,7,0,0,1787612747.2782857,G1,T03,sel_fuori_3m,0,absent
9039700,0,0,0,0,0,0,0,0,19,11,3,10,8,4,6,3,5,0,0,7,100,100,100,34,12,7,0,0,1787612747.4784913,G1,T03,sel_fuori_3m,0,absent
9039900,0,0,0,0,0,0,0,0,15,11,4,3,7,3,7,4,3,0,0,7,100,100,100,33,11,7,0,0,1787612747.6784098,G1,T03,sel_fuori_3m,0,absent
9040100,0,0,0,0,0,0,0,0,24,18,4,14,25,16,6,5,3,0,0,7,100,100,100,32,11,7,0,0,1787612747.8781667,G1,T03,sel_fuori_3m,0,absent
9040300,0,0,0,0,0,0,0,0,19,13,6,15,33,19,5,6,3,0,0,7,100,100,100,32,11,7,0,0,1787612748.0778844,G1,T03,sel_fuori_3m,0,absent
9040500,0,0,0,0,0,0,0,0,21,11,7,13,23,10,4,7,3,0,0,7,100,100,100,32,11,7,0,0,1787612748.2783437,G1,T03,sel_fuori_3m,0,absent
9040700,0,0,0,0,0,0,0,0,26,18,6,3,12,12,8,9,3,0,0,8,100,100,100,32,12,7,0,0,1787612748.4780114,G1,T03,sel_fuori_3m,0,absent
9040900,0,0,0,0,0,0,0,0,19,15,3,11,22,15,7,8,4,0,0,8,100,100,100,33,12,8,0,0,1787612748.6783278,G1,T03,sel_fuori_3m,0,absent
9041100,0,0,0,0,0,0,0,0,16,13,3,10,16,9,7,4,4,0,0,8,100,100,100,33,12,7,0,0,1787612748.8787239,G1,T03,sel_fuori_3m,0,absent
9041300,0,0,0,0,0,0,0,0,18,13,4,8,13,8,8,4,4,0,0,8,100,100,100,32,12,7,0,0,1787612749.0779874,G1,T03,sel_fuori_3m,0,absent
9041500,0,0,0,0,0,0,0,0,17,11,4,8,6,2,5,4,4,0,0,8,100,100,100,31,11,7,0,0,1787612749.2776363,G1,T03,sel_fuori_3m,0,absent
9041700,0,0,0,0,0,0,0,0,13,8,4,12,17,10,4,5,3,0,0,8,100,100,100,29,11,7,0,0,1787612749.4783075,G1,T03,sel_fuori_3m,0,absent
9041900,0,0,0,0,0,0,0,0,22,14,6,11,21,13,1,4,3,0,0,8,100,100,100,27,11,7,0,0,1787612749.6789815,G1,T03,sel_fuori_3m,0,absent
9042100,0,0,0,0,0,0,0,0,19,15,5,6,13,7,4,4,3,0,0,8,100,100,100,26,10,7,0,0,1787612749.878613,G1,T03,sel_fuori_3m,0,absent
9042300,0,0,0,0,0,0,0,0,16,10,6,6,7,10,6,3,4,0,0,8,100,100,100,26,10,7,0,0,1787612750.0779805,G1,T03,sel_fuori_3m,0,absent
9042500,0,0,0,0,0,0,0,0,17,12,4,5,5,8,5,4,3,0,0,7,100,100,100,27,10,7,0,0,1787612750.2777638,G1,T03,sel_fuori_3m,0,absent
9042700,0,0,0,0,0,0,0,0,20,11,5,6,7,8,5,3,4,0,0,7,100,100,100,27,10,7,0,0,1787612750.478613,G1,T03,sel_fuori_3m,0,absent
9042900,0,0,0,0,0,0,0,0,21,13,6,8,9,5,6,4,4,0,0,7,100,100,100,27,10,7,0,0,1787612750.6786013,G1,T03,sel_fuori_3m,0,absent
9043100,0,0,0,0,0,0,0,0,21,15,6,6,11,8,6,4,4,0,0,6,100,100,100,27,10,7,0,0,1787612750.878727,G1,T03,sel_fuori_3m,0,absent
9043300,0,0,0,0,0,0,0,0,19,15,6,5,5,2,5,4,4,0,0,6,100,100,100,27,10,7,0,0,1787612751.0780451,G1,T03,sel_fuori_3m,0,absent
9043500,0,0,0,0,0,0,0,0,19,14,5,7,11,7,5,4,5,0,0,6,100,100,100,26,10,7,0,0,1787612751.2787228,G1,T03,sel_fuori_3m,0,absent
9043700,0,0,0,0,0,0,0,0,28,15,6,6,6,7,5,4,3,0,0,6,100,100,100,26,10,7,0,0,1787612751.4782069,G1,T03,sel_fuori_3m,0,absent
9043900,0,0,0,0,0,0,0,0,18,12,6,7,7,1,6,4,3,0,0,6,100,100,100,26,10,7,0,0,1787612751.6786537,G1,T03,sel_fuori_3m,0,absent
9044100,0,0,0,0,0,0,0,0,14,7,5,5,4,3,6,4,3,0,0,6,100,100,100,26,9,7,0,0,1787612751.8783393,G1,T03,sel_fuori_3m,0,absent
9044300,0,0,0,0,0,0,0,0,17,12,5,4,13,13,9,6,3,0,0,6,100,100,100,26,9,7,0,0,1787612752.0781245,G1,T03,sel_fuori_3m,0,absent
9044500,0,0,0,0,0,0,0,0,21,12,4,10,17,13,4,3,3,0,0,6,94,100,100,27,10,7,0,0,1787612752.2788916,G1,T03,sel_fuori_3m,0,absent
9044700,0,0,0,0,0,0,0,0,17,11,4,12,19,12,8,2,5,0,0,5,90,100,100,29,10,7,0,0,1787612752.4783225,G1,T03,sel_fuori_3m,0,absent
9044900,0,0,0,0,0,0,0,0,25,16,2,9,16,10,12,1,5,0,0,6,94,100,100,30,10,7,0,0,1787612752.678711,G1,T03,sel_fuori_3m,0,absent
9045100,0,0,0,0,0,0,0,0,17,10,3,2,8,5,5,1,5,0,0,6,100,100,100,30,10,7,0,0,1787612752.878768,G1,T03,sel_fuori_3m,0,absent
9045300,0,0,0,0,0,0,0,0,20,15,4,14,26,16,2,1,4,0,0,6,100,100,100,30,10,7,0,0,1787612753.0789042,G1,T03,sel_fuori_3m,0,absent
9045500,0,0,0,0,0,0,0,0,17,11,6,7,14,10,4,2,3,0,0,6,100,100,100,29,10,7,0,0,1787612753.2787268,G1,T03,sel_fuori_3m,0,absent
9045700,0,0,0,0,0,0,0,0,19,14,5,13,21,17,4,3,4,0,0,6,100,100,100,29,10,6,0,0,1787612753.4789584,G1,T03,sel_fuori_3m,0,absent
9045900,0,0,0,0,0,0,0,0,15,14,6,16,35,21,6,4,4,0,0,6,100,100,100,30,10,6,0,0,1787612753.6783478,G1,T03,sel_fuori_3m,0,absent
9046100,0,0,0,0,0,0,0,0,13,9,5,14,28,15,6,5,5,0,0,6,100,100,100,32,10,7,0,0,1787612753.8788004,G1,T03,sel_fuori_3m,0,absent
9046300,0,0,0,0,0,0,0,0,21,14,7,12,20,10,7,4,5,0,0,6,100,100,100,34,11,7,0,0,1787612754.0789049,G1,T03,sel_fuori_3m,0,absent
9046500,0,0,0,0,0,0,0,0,15,13,7,12,15,10,8,3,4,0,0,6,100,100,100,35,12,7,0,0,1787612754.2790477,G1,T03,sel_fuori_3m,0,absent
9046700,0,0,0,0,0,0,0,0,20,19,6,3,10,9,8,2,3,0,0,6,100,100,100,37,13,6,0,0,1787612754.478687,G1,T03,sel_fuori_3m,0,absent
9046900,0,0,0,0,0,0,0,0,17,11,5,2,5,6,4,4,4,0,0,7,100,100,100,38,14,6,0,0,1787612754.6779795,G1,T03,sel_fuori_3m,0,absent
9047100,0,0,0,0,0,0,0,0,19,13,7,11,16,7,1,4,4,0,0,7,100,100,100,39,14,6,0,0,1787612754.8789604,G1,T03,sel_fuori_3m,0,absent
9047300,0,0,0,0,0,0,0,0,17,12,7,10,10,8,4,5,5,0,0,7,100,100,100,39,15,6,0,0,1787612755.0780818,G1,T03,sel_fuori_3m,0,absent
9047500,0,0,0,0,0,0,0,0,16,11,4,8,13,10,7,7,3,0,0,7,100,100,100,40,15,6,0,0,1787612755.2790856,G1,T03,sel_fuori_3m,0,absent
9047700,0,0,0,0,0,0,0,0,18,10,8,13,21,13,11,5,3,0,0,7,100,100,100,40,15,6,0,0,1787612755.4791672,G1,T03,sel_fuori_3m,0,absent
9047900,0,0,0,0,0,0,0,0,15,13,6,4,9,2,5,5,3,0,0,7,100,100,100,41,15,6,0,0,1787612755.6786895,G1,T03,sel_fuori_3m,0,absent
9048100,0,0,0,0,0,0,0,0,16,12,4,2,3,1,5,5,3,0,0,7,100,100,100,42,15,6,0,0,1787612755.878909,G1,T03,sel_fuori_3m,0,absent
9048300,0,0,0,0,0,0,0,0,18,12,7,3,9,8,4,5,3,0,0,7,100,100,100,42,15,6,0,0,1787612756.078748,G1,T03,sel_fuori_3m,0,absent
9048500,0,0,0,0,0,0,0,0,15,12,5,9,12,10,5,7,2,0,0,7,100,100,100,41,15,6,0,0,1787612756.2791088,G1,T03,sel_fuori_3m,0,absent
9048700,0,0,0,0,0,0,0,0,16,14,5,9,14,10,7,7,3,0,0,7,100,100,100,39,15,6,0,0,1787612756.478431,G1,T03,sel_fuori_3m,0,absent
9048900,0,0,0,0,0,0,0,0,26,19,5,8,11,9,9,7,4,0,0,7,100,100,100,37,14,5,0,0,1787612756.678825,G1,T03,sel_fuori_3m,0,absent
9049100,0,0,0,0,0,0,0,0,17,13,5,11,15,10,8,4,5,0,0,7,100,100,100,36,13,5,0,0,1787612756.8789055,G1,T03,sel_fuori_3m,0,absent
9049300,0,0,0,0,0,0,0,0,21,16,5,10,18,14,6,2,5,0,0,7,100,100,100,36,14,5,1,0,1787612757.0790365,G1,T03,sel_fuori_3m,0,absent
9049500,0,0,0,0,0,0,0,0,17,10,7,12,19,12,6,1,3,0,0,7,100,100,100,37,14,5,0,0,1787612757.2789834,G1,T03,sel_fuori_3m,0,absent
9049700,0,0,0,0,0,0,0,0,20,15,6,11,16,11,6,2,4,0,0,7,100,100,100,38,15,5,0,0,1787612757.4786997,G1,T03,sel_fuori_3m,0,absent
9049900,0,0,0,0,0,0,0,0,17,12,5,8,15,11,4,3,3,0,0,7,100,100,100,38,16,4,1,0,1787612757.6787584,G1,T03,sel_fuori_3m,0,absent
9050100,0,0,0,0,0,0,0,0,30,18,4,4,10,6,8,5,3,0,0,6,100,100,100,37,15,4,0,0,1787612757.878925,G1,T03,sel_fuori_3m,0,absent
9050300,0,0,0,0,0,0,0,0,20,14,6,8,10,5,8,5,3,0,0,6,100,100,100,37,15,4,0,0,1787612758.0781147,G1,T03,sel_fuori_3m,0,absent
9050500,0,0,0,0,0,0,0,0,21,13,6,12,13,10,6,6,3,0,0,6,100,100,100,36,15,4,0,0,1787612758.2782903,G1,T03,sel_fuori_3m,0,absent
9050700,0,0,0,0,0,0,0,0,20,17,7,11,17,13,1,4,2,0,0,6,100,100,100,35,14,5,0,0,1787612758.4787607,G1,T03,sel_fuori_3m,0,absent
9050900,0,0,0,0,0,0,0,0,13,10,6,6,15,14,4,4,2,0,0,6,100,100,100,33,13,5,1,0,1787612758.6784737,G1,T03,sel_fuori_3m,0,absent
9051100,0,0,0,0,0,0,0,0,18,10,5,3,5,8,5,5,2,0,0,6,100,100,100,32,12,5,0,0,1787612758.8787575,G1,T03,sel_fuori_3m,0,absent
9051300,0,0,0,0,0,0,0,0,16,13,4,8,8,8,4,4,3,0,0,5,99,100,100,30,12,5,1,0,1787612759.0787377,G1,T03,sel_fuori_3m,0,absent
9051500,0,0,0,0,0,0,0,0,14,8,7,9,12,4,4,3,2,0,0,5,99,100,100,30,11,5,1,0,1787612759.2787812,G1,T03,sel_fuori_3m,0,absent
9051700,0,0,0,0,0,0,0,0,18,11,6,11,15,12,5,3,3,0,0,5,99,100,100,28,11,5,0,0,1787612759.4788756,G1,T03,sel_fuori_3m,0,absent
9051900,0,0,0,0,0,0,0,0,17,11,6,11,16,10,4,1,4,0,0,5,98,100,100,29,12,5,0,0,1787612759.6789224,G1,T03,sel_fuori_3m,0,absent
9052100,0,0,0,0,0,0,0,0,21,14,6,5,4,5,8,1,3,0,0,5,99,100,100,30,13,5,0,0,1787612759.8784912,G1,T03,sel_fuori_3m,0,absent
9052300,0,0,0,0,0,0,0,0,20,12,6,3,6,1,8,1,3,0,0,5,99,100,100,31,13,5,1,0,1787612760.0788026,G1,T03,sel_fuori_3m,0,absent
9052500,0,0,0,0,0,0,0,0,18,12,5,6,10,7,6,1,3,0,0,5,100,100,100,32,13,5,0,0,1787612760.2791345,G1,T03,sel_fuori_3m,0,absent
9052700,0,0,0,0,0,0,0,0,17,13,5,11,11,10,4,1,4,0,0,5,100,100,100,32,13,5,0,0,1787612760.4792976,G1,T03,sel_fuori_3m,0,absent
9052900,0,0,0,0,0,0,0,0,18,14,7,9,14,9,3,1,3,0,0,5,98,100,100,32,13,5,0,0,1787612760.6784372,G1,T03,sel_fuori_3m,0,absent
9053100,0,0,0,0,0,0,0,0,23,16,5,6,12,11,10,3,3,0,0,5,95,100,100,32,13,5,1,0,1787612760.8786838,G1,T03,sel_fuori_3m,0,absent
9053300,0,0,0,0,0,0,0,0,19,14,7,10,11,8,7,5,3,0,0,5,91,100,100,34,13,5,0,0,1787612761.0787024,G1,T03,sel_fuori_3m,0,absent
9053500,0,0,0,0,0,0,0,0,19,14,7,10,17,5,8,4,2,0,0,5,89,100,100,34,12,6,1,0,1787612761.2786305,G1,T03,sel_fuori_3m,0,absent
9053700,0,0,0,0,0,0,0,0,16,12,6,12,16,13,10,3,2,0,0,5,90,100,100,34,12,6,0,0,1787612761.478856,G1,T03,sel_fuori_3m,0,absent
9053900,0,0,0,0,0,0,0,0,20,15,7,11,25,12,4,3,1,0,0,5,91,100,100,34,11,6,0,0,1787612761.6783624,G1,T03,sel_fuori_3m,0,absent
9054100,0,0,0,0,0,0,0,0,19,16,7,11,24,10,9,4,1,0,0,5,93,100,100,32,10,7,0,0,1787612761.8790529,G1,T03,sel_fuori_3m,0,absent
9054300,0,0,0,0,0,0,0,0,18,14,6,16,26,14,4,6,2,0,0,5,99,100,99,31,10,7,1,0,1787612762.078637,G1,T03,sel_fuori_3m,0,absent
9054500,0,0,0,0,0,0,0,0,16,9,4,15,28,13,2,3,3,0,0,5,100,100,100,30,9,6,0,0,1787612762.2787926,G1,T03,sel_fuori_3m,0,absent
9054700,0,0,0,0,0,0,0,0,18,14,2,13,16,4,8,2,2,0,0,6,100,100,100,30,9,7,1,0,1787612762.478439,G1,T03,sel_fuori_3m,0,absent
9054900,0,0,0,0,0,0,0,0,13,9,7,7,18,11,3,5,2,0,0,6,100,100,100,31,10,6,0,0,1787612762.6793094,G1,T03,sel_fuori_3m,0,absent
9055100,0,0,0,0,0,0,0,0,20,13,7,15,29,16,6,6,4,0,0,6,100,100,100,31,11,6,1,0,1787612762.8792484,G1,T03,sel_fuori_3m,0,absent
9055300,0,0,0,0,0,0,0,0,18,14,6,13,30,15,11,7,5,0,0,6,100,100,100,32,12,6,0,0,1787612763.0794995,G1,T03,sel_fuori_3m,0,absent
9055500,0,0,0,0,0,0,0,0,18,15,5,9,11,9,7,6,5,0,0,6,100,100,100,33,12,7,0,0,1787612763.27912,G1,T03,sel_fuori_3m,0,absent
9055700,0,0,0,0,0,0,0,0,15,9,7,7,15,10,7,7,4,0,0,6,100,100,100,34,12,7,1,0,1787612763.479,G1,T03,sel_fuori_3m,0,absent
9055900,0,0,0,0,0,0,0,0,18,13,7,10,18,10,7,7,4,0,0,6,100,100,100,34,12,7,0,0,1787612763.679125,G1,T03,sel_fuori_3m,0,absent
9056100,0,0,0,0,0,0,0,0,19,13,7,2,6,9,5,6,5,0,0,6,100,100,100,33,12,7,1,0,1787612763.8784907,G1,T03,sel_fuori_3m,0,absent
9056300,0,0,0,0,0,0,0,0,19,14,7,11,19,11,1,7,5,0,0,6,100,100,100,32,12,8,0,0,1787612764.0788555,G1,T03,sel_fuori_3m,0,absent
9056500,0,0,0,0,0,0,0,0,19,14,4,5,11,11,3,7,5,0,0,6,100,100,100,31,12,8,0,0,1787612764.2785332,G1,T03,sel_fuori_3m,0,absent
9056700,0,0,0,0,0,0,0,0,15,9,7,9,12,7,4,8,5,0,0,6,100,100,100,30,12,8,0,0,1787612764.4783456,G1,T03,sel_fuori_3m,0,absent
9056900,0,0,0,0,0,0,0,0,16,11,7,4,5,7,4,9,4,0,0,6,100,100,100,31,13,8,1,0,1787612764.67814,G1,T03,sel_fuori_3m,0,absent
9057100,0,0,0,0,0,0,0,0,20,14,6,9,12,7,6,8,4,0,0,6,100,100,100,30,13,8,1,0,1787612764.8786824,G1,T03,sel_fuori_3m,0,absent
9057300,0,0,0,0,0,0,0,0,15,12,5,7,12,9,10,8,3,0,0,6,100,100,100,28,13,8,1,0,1787612765.0789986,G1,T03,sel_fuori_3m,0,absent
9057500,0,0,0,0,0,0,0,0,14,8,5,11,14,5,5,7,4,0,0,6,100,100,100,28,13,8,0,0,1787612765.279055,G1,T03,sel_fuori_3m,0,absent
9057700,0,0,0,0,0,0,0,0,18,12,4,16,33,19,7,5,4,0,0,6,100,100,100,27,13,7,0,0,1787612765.4790292,G1,T03,sel_fuori_3m,0,absent
9057900,0,0,0,0,0,0,0,0,17,13,5,8,15,12,8,5,3,0,0,6,100,100,100,27,14,7,1,0,1787612765.6791222,G1,T03,sel_fuori_3m,0,absent
9058100,0,0,0,0,0,0,0,0,18,12,6,2,1,2,9,6,3,0,0,6,100,100,100,28,14,7,0,0,1787612765.8790734,G1,T03,sel_fuori_3m,0,absent
9058300,0,0,0,0,0,0,0,0,18,10,5,10,22,14,7,6,4,0,0,6,100,100,100,27,14,7,0,0,1787612766.0791562,G1,T03,sel_fuori_3m,0,absent
9058500,0,0,0,0,0,0,0,0,17,10,5,10,25,15,6,6,5,0,0,6,100,100,100,26,14,7,0,0,1787612766.2791102,G1,T03,sel_fuori_3m,0,absent
9058700,0,0,0,0,0,0,0,0,13,11,6,12,22,15,6,5,5,0,0,5,100,100,100,27,14,7,1,0,1787612766.4791186,G1,T03,sel_fuori_3m,0,absent
9058900,0,0,0,0,0,0,0,0,15,12,6,9,19,12,9,3,5,0,0,5,100,100,100,27,13,8,0,0,1787612766.67897,G1,T03,sel_fuori_3m,0,absent
9059100,0,0,0,0,0,0,0,0,16,10,5,4,13,9,7,3,4,0,0,6,100,100,100,29,14,8,1,0,1787612766.878725,G1,T03,sel_fuori_3m,0,absent
9059300,0,0,0,0,0,0,0,0,17,12,6,9,12,10,7,3,4,0,0,5,100,100,100,30,14,7,0,0,1787612767.0792308,G1,T03,sel_fuori_3m,0,absent
9059500,0,0,0,0,0,0,0,0,26,13,5,7,12,7,1,5,2,0,0,5,100,100,100,32,14,7,1,0,1787612767.2792802,G1,T03,sel_fuori_3m,0,absent
9059700,0,0,0,0,0,0,0,0,19,12,6,8,16,13,7,5,3,0,0,6,100,100,100,32,14,6,1,0,1787612767.478944,G1,T03,sel_fuori_3m,0,absent
9059900,0,0,0,0,0,0,0,0,18,8,6,9,17,11,10,6,3,0,0,6,100,100,100,31,14,6,0,0,1787612767.6786897,G1,T03,sel_fuori_3m,0,absent
9060100,0,0,0,0,0,0,0,0,20,11,5,13,21,12,8,7,3,0,0,6,100,100,100,30,14,6,1,0,1787612767.878849,G1,T03,sel_fuori_3m,0,absent
9060300,0,0,0,0,0,0,0,0,22,13,5,5,9,5,5,7,4,0,0,6,100,100,100,31,14,6,0,0,1787612768.0792034,G1,T03,sel_fuori_3m,0,absent
9060500,0,0,0,0,0,0,0,0,23,14,7,10,17,8,7,8,5,0,0,6,100,100,100,32,14,6,1,0,1787612768.278871,G1,T03,sel_fuori_3m,0,absent
9060700,0,0,0,0,0,0,0,0,19,10,6,11,13,9,6,8,6,0,0,6,100,100,100,33,14,6,0,0,1787612768.4795513,G1,T03,sel_fuori_3m,0,absent
9060900,0,0,0,0,0,0,0,0,17,11,5,7,10,9,6,8,6,0,0,6,100,100,100,33,14,5,0,0,1787612768.6790633,G1,T03,sel_fuori_3m,0,absent
9061100,0,0,0,0,0,0,0,0,17,14,3,6,14,7,4,8,6,0,0,6,100,100,100,32,14,5,1,0,1787612768.8790898,G1,T03,sel_fuori_3m,0,absent
9061300,0,0,0,0,0,0,0,0,19,14,4,6,16,13,4,5,5,0,0,6,100,100,100,32,14,5,0,0,1787612769.0791018,G1,T03,sel_fuori_3m,0,absent
9061500,0,0,0,0,0,0,0,0,20,11,3,9,15,9,5,2,5,0,0,6,100,100,100,31,13,5,1,0,1787612769.2790656,G1,T03,sel_fuori_3m,0,absent
9061700,0,0,0,0,0,0,0,0,28,16,3,8,15,10,5,2,4,0,0,6,100,100,100,32,13,5,0,0,1787612769.478816,G1,T03,sel_fuori_3m,0,absent
9061900,0,0,0,0,0,0,0,0,17,12,3,9,12,9,2,1,4,0,0,6,100,100,100,32,14,5,1,0,1787612769.678594,G1,T03,sel_fuori_3m,0,absent
9062100,0,0,0,0,0,0,0,0,15,9,6,9,9,8,4,3,3,0,0,6,96,100,100,31,14,5,0,0,1787612769.8790524,G1,T03,sel_fuori_3m,0,absent
9062300,0,0,0,0,0,0,0,0,22,13,7,11,10,8,7,3,2,0,0,6,94,100,100,31,14,5,0,0,1787612770.0786936,G1,T03,sel_fuori_3m,0,absent
9062500,0,0,0,0,0,0,0,0,19,11,6,12,16,10,6,3,2,0,0,6,96,100,100,31,15,5,0,0,1787612770.2789,G1,T03,sel_fuori_3m,0,absent
9062700,0,0,0,0,0,0,0,0,14,9,5,10,18,13,3,2,1,0,0,6,98,100,100,29,15,6,0,0,1787612770.4792295,G1,T03,sel_fuori_3m,0,absent
9062900,0,0,0,0,0,0,0,0,14,12,5,15,23,11,5,3,3,0,0,6,98,100,100,27,14,6,0,0,1787612770.6790047,G1,T03,sel_fuori_3m,0,absent
9063100,0,0,0,0,0,0,0,0,18,14,4,12,26,9,4,3,3,0,0,6,95,100,100,25,14,6,0,0,1787612770.8789375,G1,T03,sel_fuori_3m,0,absent
9063300,0,0,0,0,0,0,0,0,18,13,5,4,9,9,5,7,1,0,0,6,90,100,100,23,14,6,0,0,1787612771.078448,G1,T03,sel_fuori_3m,0,absent
9063500,0,0,0,0,0,0,0,0,18,12,7,9,14,8,7,7,3,0,0,6,86,100,100,20,13,6,0,0,1787612771.2791934,G1,T03,sel_fuori_3m,0,absent
9063700,0,0,0,0,0,0,0,0,14,10,5,12,16,7,8,6,3,0,0,6,84,100,100,20,13,6,0,0,1787612771.478679,G1,T03,sel_fuori_3m,0,absent
9063900,0,0,0,0,0,0,0,0,15,10,5,3,14,5,8,5,4,0,0,6,84,100,99,20,13,6,0,0,1787612771.6792386,G1,T03,sel_fuori_3m,0,absent
9064100,0,0,0,0,0,0,0,0,17,10,5,10,25,14,8,3,3,0,0,6,87,100,100,21,13,6,0,0,1787612771.8793077,G1,T03,sel_fuori_3m,0,absent
9064300,0,0,0,0,0,0,0,0,17,12,5,10,15,10,3,1,3,0,0,6,90,100,100,22,13,6,0,0,1787612772.079359,G1,T03,sel_fuori_3m,0,absent
9064500,0,0,0,0,0,0,0,0,22,15,5,7,10,9,1,1,3,0,0,5,91,100,100,21,13,6,0,0,1787612772.2792244,G1,T03,sel_fuori_3m,0,absent
9064700,0,0,0,0,0,0,0,0,17,14,5,9,15,10,2,1,3,0,0,5,88,100,100,20,13,6,0,0,1787612772.4793656,G1,T03,sel_fuori_3m,0,absent
9064900,0,0,0,0,0,0,0,0,18,11,5,7,5,8,3,2,3,0,0,5,85,100,100,20,13,6,0,0,1787612772.6794763,G1,T03,sel_fuori_3m,0,absent
9065100,0,0,0,0,0,0,0,0,19,10,5,2,6,10,5,2,2,0,0,5,82,100,100,20,13,5,0,0,1787612772.8794358,G1,T03,sel_fuori_3m,0,absent
9065300,0,0,0,0,0,0,0,0,18,12,4,8,9,4,8,3,3,0,0,5,79,100,100,21,14,5,0,0,1787612773.078962,G1,T03,sel_fuori_3m,0,absent
9065500,0,0,0,0,0,0,0,0,19,15,8,9,6,8,1,5,2,0,0,5,75,100,100,22,14,5,0,0,1787612773.2792802,G1,T03,sel_fuori_3m,0,absent
9065700,0,0,0,0,0,0,0,0,17,12,6,10,17,9,2,4,2,0,0,5,74,100,97,23,14,6,0,0,1787612773.4791684,G1,T03,sel_fuori_3m,0,absent
9065900,0,0,0,0,0,0,0,0,27,16,5,10,13,13,4,4,1,0,0,5,76,100,94,23,13,6,0,0,1787612773.6796107,G1,T03,sel_fuori_3m,0,absent
9066100,0,0,0,0,0,0,0,0,17,11,6,7,13,10,5,4,2,0,0,5,80,100,95,23,12,6,0,0,1787612773.87897,G1,T03,sel_fuori_3m,0,absent
9066300,0,0,0,0,0,0,0,0,13,11,6,11,17,10,8,2,2,0,0,5,81,100,98,22,12,5,0,0,1787612774.0786839,G1,T03,sel_fuori_3m,0,absent
9066500,0,0,0,0,0,0,0,0,26,19,4,10,21,9,8,1,4,0,0,5,81,100,100,22,11,5,0,0,1787612774.2794507,G1,T03,sel_fuori_3m,0,absent
9066700,0,0,0,0,0,0,0,0,14,9,4,11,17,11,8,2,2,0,0,5,77,100,99,24,11,5,0,0,1787612774.479008,G1,T03,sel_fuori_3m,0,absent
9066900,0,0,0,0,0,0,0,0,14,9,6,10,18,14,8,1,3,0,0,5,74,100,97,26,12,4,0,0,1787612774.679094,G1,T03,sel_fuori_3m,0,absent
9067100,0,0,0,0,0,0,0,0,21,13,5,4,4,11,4,1,3,0,0,5,74,100,96,28,12,4,0,0,1787612774.8792672,G1,T03,sel_fuori_3m,0,absent
9067300,0,0,0,0,0,0,0,0,17,11,6,11,8,7,0,2,2,0,0,4,73,100,96,28,11,4,0,0,1787612775.0786493,G1,T03,sel_fuori_3m,0,absent
9067500,0,0,0,0,0,0,0,0,24,18,5,5,11,10,5,1,3,0,0,5,70,100,94,28,11,4,0,0,1787612775.2794259,G1,T03,sel_fuori_3m,0,absent
9067700,0,0,0,0,0,0,0,0,17,8,6,6,7,5,10,4,2,0,0,4,70,100,96,30,11,4,0,0,1787612775.4791195,G1,T03,sel_fuori_3m,0,absent
9067900,0,0,0,0,0,0,0,0,23,15,5,11,12,7,10,4,1,0,0,4,73,100,100,32,11,4,0,0,1787612775.6792834,G1,T03,sel_fuori_3m,0,absent
9068100,0,0,0,0,0,0,0,0,16,13,3,13,17,5,9,1,1,0,0,5,77,100,100,32,10,5,0,0,1787612775.8794823,G1,T03,sel_fuori_3m,0,absent
9068300,0,0,0,0,0,0,0,0,19,12,4,10,17,5,9,5,2,0,0,5,79,100,98,33,10,5,0,0,1787612776.078995,G1,T03,sel_fuori_3m,0,absent
9068500,0,0,0,0,0,0,0,0,18,10,3,8,7,6,11,7,1,0,0,5,85,100,98,34,11,5,0,0,1787612776.2786531,G1,T03,sel_fuori_3m,0,absent
9068700,0,0,0,0,0,0,0,0,17,13,3,19,33,12,5,5,1,0,0,5,94,100,100,36,12,5,0,0,1787612776.4791195,G1,T03,sel_fuori_3m,0,absent
9068900,0,0,0,0,0,0,0,0,16,10,6,26,54,20,1,4,2,0,0,5,100,100,100,36,12,6,0,0,1787612776.679069,G1,T03,sel_fuori_3m,0,absent
9069100,0,0,0,0,0,0,0,0,17,11,7,28,60,20,8,4,2,0,0,5,100,100,100,36,11,6,0,0,1787612776.8798873,G1,T03,sel_fuori_3m,0,absent
9069300,0,0,0,0,0,0,0,0,20,13,7,20,43,17,4,3,3,0,0,6,100,100,100,36,11,6,0,0,1787612777.0792713,G1,T03,sel_fuori_3m,0,absent
9069500,0,0,0,0,0,0,0,0,22,11,4,14,24,8,5,2,3,0,0,6,100,100,100,33,11,6,0,0,1787612777.2796896,G1,T03,sel_fuori_3m,0,absent
9069700,0,0,0,0,0,0,0,0,18,12,6,7,13,10,2,3,2,0,0,6,100,100,100,33,11,6,0,0,1787612777.4793248,G1,T03,sel_fuori_3m,0,absent
9069900,0,0,0,0,0,0,0,0,16,12,5,8,14,1,2,1,3,0,0,6,100,100,100,33,12,6,0,0,1787612777.6788855,G1,T03,sel_fuori_3m,0,absent
9070100,0,0,0,0,0,0,0,0,16,11,5,9,12,5,2,3,3,0,0,6,100,100,100,34,12,6,0,0,1787612777.878934,G1,T03,sel_fuori_3m,0,absent
9070300,0,0,0,0,0,0,0,0,17,12,5,4,2,6,4,2,3,0,0,6,100,100,100,34,12,6,0,0,1787612778.079453,G1,T03,sel_fuori_3m,0,absent
9070500,0,0,0,0,0,0,0,0,16,11,5,4,10,5,2,3,3,0,0,6,100,100,100,34,13,6,0,0,1787612778.2792616,G1,T03,sel_fuori_3m,0,absent
9070700,0,0,0,0,0,0,0,0,19,10,4,9,8,6,3,1,4,0,0,6,100,100,100,33,12,6,0,0,1787612778.4794936,G1,T03,sel_fuori_3m,0,absent
9070900,0,0,0,0,0,0,0,0,20,13,4,2,10,12,5,1,1,0,0,6,100,100,100,31,12,6,0,0,1787612778.6789258,G1,T03,sel_fuori_3m,0,absent
9071100,0,0,0,0,0,0,0,0,19,10,5,9,11,8,7,1,1,0,0,6,100,100,100,30,12,6,0,0,1787612778.8794296,G1,T03,sel_fuori_3m,0,absent
9071300,0,0,0,0,0,0,0,0,20,12,3,4,5,8,8,1,2,0,0,6,100,100,100,30,12,6,0,0,1787612779.0788348,G1,T03,sel_fuori_3m,0,absent
9071500,0,0,0,0,0,0,0,0,24,16,4,4,15,10,4,1,2,0,0,6,100,100,100,30,12,6,0,0,1787612779.279743,G1,T03,sel_fuori_3m,0,absent
9071700,0,0,0,0,0,0,0,0,17,9,6,10,17,11,2,1,1,0,0,6,100,100,100,29,12,6,0,0,1787612779.4797673,G1,T03,sel_fuori_3m,0,absent
9071900,0,0,0,0,0,0,0,0,14,8,2,10,16,10,2,3,2,0,0,7,100,100,100,26,12,6,0,0,1787612779.679056,G1,T03,sel_fuori_3m,0,absent
9072100,0,0,0,0,0,0,0,0,15,11,5,8,11,1,4,7,1,0,0,7,100,100,100,25,12,5,0,0,1787612779.8793454,G1,T03,sel_fuori_3m,0,absent
9072300,0,0,0,0,0,0,0,0,18,10,6,5,19,14,6,9,4,0,0,6,100,100,100,24,13,5,0,0,1787612780.0791764,G1,T03,sel_fuori_3m,0,absent
9072500,0,0,0,0,0,0,0,0,20,14,5,11,25,17,8,7,3,0,0,7,100,100,100,24,13,6,0,0,1787612780.2790515,G1,T03,sel_fuori_3m,0,absent
9072700,0,0,0,0,0,0,0,0,20,13,6,10,20,10,9,7,2,0,0,7,100,100,100,25,13,6,0,0,1787612780.4794524,G1,T03,sel_fuori_3m,0,absent
9072900,0,0,0,0,0,0,0,0,17,10,5,5,8,5,6,6,3,0,0,6,100,100,100,28,14,5,0,0,1787612780.6791074,G1,T03,sel_fuori_3m,0,absent
9073100,0,0,0,0,0,0,0,0,20,13,6,9,12,4,9,7,3,0,0,6,100,100,100,29,15,5,0,0,1787612780.879737,G1,T03,sel_fuori_3m,0,absent
9073300,0,0,0,0,0,0,0,0,16,12,5,4,8,9,10,6,4,0,0,6,100,100,100,30,16,5,0,0,1787612781.0794857,G1,T03,sel_fuori_3m,0,absent
9073500,0,0,0,0,0,0,0,0,21,14,4,10,20,11,5,5,4,0,0,5,100,100,100,30,15,5,0,0,1787612781.2798433,G1,T03,sel_fuori_3m,0,absent
9073700,0,0,0,0,0,0,0,0,18,14,6,8,20,12,5,7,3,0,0,6,100,100,100,30,15,5,0,0,1787612781.4797876,G1,T03,sel_fuori_3m,0,absent
9073900,0,0,0,0,0,0,0,0,17,13,8,12,30,18,6,6,4,0,0,6,100,100,100,31,15,5,0,0,1787612781.6791692,G1,T03,sel_fuori_3m,0,absent
9074100,0,0,0,0,0,0,0,0,16,10,5,9,26,16,5,4,4,0,0,6,100,100,100,32,15,5,0,0,1787612781.8795598,G1,T03,sel_fuori_3m,0,absent
9074300,0,0,0,0,0,0,0,0,20,14,5,2,4,5,4,1,4,0,0,6,100,100,100,33,15,5,0,0,1787612782.0793326,G1,T03,sel_fuori_3m,0,absent
9074500,0,0,0,0,0,0,0,0,16,13,7,12,18,7,2,1,2,0,0,6,100,100,100,34,16,5,0,0,1787612782.2793326,G1,T03,sel_fuori_3m,0,absent
9074700,0,0,0,0,0,0,0,0,18,12,6,12,18,11,2,2,2,0,0,6,100,100,100,33,16,5,0,0,1787612782.4792998,G1,T03,sel_fuori_3m,0,absent
9074900,0,0,0,0,0,0,0,0,24,16,7,2,4,2,2,3,2,0,0,6,100,100,100,33,16,5,0,0,1787612782.6789503,G1,T03,sel_fuori_3m,0,absent
9075100,0,0,0,0,0,0,0,0,18,18,6,11,16,10,2,2,2,0,0,5,100,100,100,33,16,5,0,0,1787612782.8794153,G1,T03,sel_fuori_3m,0,absent
9075300,0,0,0,0,0,0,0,0,19,12,5,6,12,10,5,1,1,0,0,6,100,100,100,33,17,5,0,0,1787612783.0790753,G1,T03,sel_fuori_3m,0,absent
9075500,0,0,0,0,0,0,0,0,19,11,3,5,4,8,9,1,3,0,0,6,100,100,100,34,17,5,0,0,1787612783.279643,G1,T03,sel_fuori_3m,0,absent
9075700,0,0,0,0,0,0,0,0,18,11,6,6,12,9,5,2,2,0,0,6,100,100,100,35,17,5,0,0,1787612783.479243,G1,T03,sel_fuori_3m,0,absent
9075900,0,0,0,0,0,0,0,0,21,14,6,8,7,1,4,1,4,0,0,5,100,100,100,36,17,5,0,0,1787612783.6788807,G1,T03,sel_fuori_3m,0,absent
9076100,0,0,0,0,0,0,0,0,19,13,5,4,9,10,5,1,3,0,0,5,100,100,100,36,17,5,0,0,1787612783.879679,G1,T03,sel_fuori_3m,0,absent
9076300,0,0,0,0,0,0,0,0,20,11,6,12,23,11,6,1,2,0,0,6,100,100,100,34,15,5,0,0,1787612784.0791628,G1,T03,sel_fuori_3m,0,absent
9076500,0,0,0,0,0,0,0,0,17,14,5,9,18,12,7,1,2,0,0,5,100,100,100,32,14,5,0,0,1787612784.2799327,G1,T03,sel_fuori_3m,0,absent
9076700,0,0,0,0,0,0,0,0,16,15,4,3,4,7,5,3,0,0,0,5,100,100,100,31,13,5,0,0,1787612784.4790847,G1,T03,sel_fuori_3m,0,absent
9076900,0,0,0,0,0,0,0,0,15,10,6,10,17,11,6,3,1,0,0,6,100,100,100,29,13,5,0,0,1787612784.679986,G1,T03,sel_fuori_3m,0,absent
9077100,0,0,0,0,0,0,0,0,18,13,7,13,21,12,4,3,1,0,0,6,100,100,100,27,12,6,0,0,1787612784.8801506,G1,T03,sel_fuori_3m,0,absent
9077300,0,0,0,0,0,0,0,0,14,8,4,16,28,10,5,4,1,0,0,6,100,100,100,27,12,6,0,0,1787612785.0796182,G1,T03,sel_fuori_3m,0,absent
9077500,0,0,0,0,0,0,0,0,13,11,2,16,29,14,3,3,2,0,0,6,100,100,100,26,12,6,0,0,1787612785.2799017,G1,T03,sel_fuori_3m,0,absent
9077700,0,0,0,0,0,0,0,0,18,15,2,15,28,9,6,2,3,0,0,7,100,100,100,25,11,6,0,0,1787612785.4794657,G1,T03,sel_fuori_3m,0,absent
9077900,0,0,0,0,0,0,0,0,22,14,2,6,7,4,7,2,4,0,0,7,100,100,100,24,11,7,0,0,1787612785.6792443,G1,T03,sel_fuori_3m,0,absent
9078100,0,0,0,0,0,0,0,0,20,14,4,10,13,10,6,5,3,0,0,7,100,100,100,23,11,7,0,0,1787612785.8796012,G1,T03,sel_fuori_3m,0,absent
9078300,0,0,0,0,0,0,0,0,14,9,4,8,19,10,3,4,4,0,0,7,100,100,100,23,11,7,0,0,1787612786.0793016,G1,T03,sel_fuori_3m,0,absent
9078500,0,0,0,0,0,0,0,0,19,13,4,9,17,12,3,4,4,0,0,7,100,100,100,22,10,7,0,0,1787612786.2792923,G1,T03,sel_fuori_3m,0,absent
9078700,0,0,0,0,0,0,0,0,19,12,5,5,13,1,1,3,4,0,0,6,100,100,100,22,10,7,0,0,1787612786.479158,G1,T03,sel_fuori_3m,0,absent
9078900,0,0,0,0,0,0,0,0,15,12,5,10,14,8,2,3,4,0,0,6,100,100,100,23,10,7,0,0,1787612786.6797411,G1,T03,sel_fuori_3m,0,absent
9079100,0,0,0,0,0,0,0,0,21,11,5,15,29,12,3,1,4,0,0,7,100,100,100,23,10,7,0,0,1787612786.879894,G1,T03,sel_fuori_3m,0,absent
9079300,0,0,0,0,0,0,0,0,15,12,7,13,27,15,6,1,2,0,0,6,100,100,100,23,10,7,0,0,1787612787.0793395,G1,T03,sel_fuori_3m,0,absent
9079500,0,0,0,0,0,0,0,0,19,13,5,5,10,8,7,2,1,0,0,6,100,100,100,22,10,7,0,0,1787612787.2799463,G1,T03,sel_fuori_3m,0,absent
9079700,0,0,0,0,0,0,0,0,23,15,4,14,25,12,5,1,1,0,0,6,100,100,100,21,9,8,0,0,1787612787.4793296,G1,T03,sel_fuori_3m,0,absent
9079900,0,0,0,0,0,0,0,0,21,12,6,9,17,10,2,2,1,0,0,7,100,100,100,20,9,8,0,0,1787612787.6796193,G1,T03,sel_fuori_3m,0,absent
9080100,0,0,0,0,0,0,0,0,18,13,5,15,27,11,2,4,1,0,0,7,100,100,100,19,9,8,0,0,1787612787.8795547,G1,T03,sel_fuori_3m,0,absent
9080300,0,0,0,0,0,0,0,0,17,11,5,12,14,4,4,6,1,0,0,7,100,100,100,19,10,8,0,0,1787612788.0795293,G1,T03,sel_fuori_3m,0,absent
9080500,0,0,0,0,0,0,0,0,18,11,4,8,14,12,8,7,2,0,0,6,100,100,100,19,10,8,0,0,1787612788.2799625,G1,T03,sel_fuori_3m,0,absent
9080700,0,0,0,0,0,0,0,0,15,15,6,2,14,9,9,8,4,0,0,6,100,100,100,19,11,8,0,0,1787612788.4798136,G1,T03,sel_fuori_3m,0,absent
9080900,0,0,0,0,0,0,0,0,18,14,6,8,10,7,8,7,3,0,0,6,100,100,100,19,12,8,0,0,1787612788.6798477,G1,T03,sel_fuori_3m,0,absent
9081100,0,0,0,0,0,0,0,0,18,14,6,12,18,11,10,7,3,0,0,6,100,100,100,19,12,7,0,0,1787612788.8800483,G1,T03,sel_fuori_3m,0,absent
9081300,0,0,0,0,0,0,0,0,18,12,7,9,14,12,6,6,2,0,0,6,100,100,100,20,12,7,0,0,1787612789.0798604,G1,T03,sel_fuori_3m,0,absent
9081500,0,0,0,0,0,0,0,0,17,13,5,4,13,7,1,4,3,0,0,6,100,100,100,21,12,7,0,0,1787612789.2795901,G1,T03,sel_fuori_3m,0,absent
9081700,0,0,0,0,0,0,0,0,20,13,6,10,12,12,2,4,3,0,0,5,100,100,100,23,13,6,0,0,1787612789.479642,G1,T03,sel_fuori_3m,0,absent
9081900,0,0,0,0,0,0,0,0,20,17,5,3,10,5,5,5,2,0,0,5,100,100,100,24,13,6,0,0,1787612789.6798837,G1,T03,sel_fuori_3m,0,absent
9082100,0,0,0,0,0,0,0,0,17,13,5,3,10,3,5,6,2,0,0,5,100,100,100,24,13,6,0,0,1787612789.8799605,G1,T03,sel_fuori_3m,0,absent
9082300,0,0,0,0,0,0,0,0,24,14,5,8,10,6,3,5,2,0,0,5,100,100,100,24,13,6,0,0,1787612790.079771,G1,T03,sel_fuori_3m,0,absent
9082500,0,0,0,0,0,0,0,0,20,18,5,9,9,11,1,3,4,0,0,5,100,100,100,24,13,6,0,0,1787612790.2799575,G1,T03,sel_fuori_3m,0,absent
9082700,0,0,0,0,0,0,0,0,19,13,6,10,17,11,3,2,3,0,0,5,99,100,100,25,13,6,0,0,1787612790.4800758,G1,T03,sel_fuori_3m,0,absent
9082900,0,0,0,0,0,0,0,0,20,12,6,9,13,11,4,2,2,0,0,5,99,100,100,25,14,6,0,0,1787612790.6797094,G1,T03,sel_fuori_3m,0,absent
9083100,0,0,0,0,0,0,0,0,21,13,4,10,17,7,4,3,1,0,0,5,97,100,100,25,14,6,0,0,1787612790.8789113,G1,T03,sel_fuori_3m,0,absent
9083300,0,0,0,0,0,0,0,0,18,14,5,12,22,13,5,4,2,0,0,5,94,100,100,25,13,6,0,0,1787612791.0800853,G1,T03,sel_fuori_3m,0,absent
9083500,0,0,0,0,0,0,0,0,15,13,4,15,28,14,8,6,0,0,0,5,100,100,100,25,13,6,0,0,1787612791.2802303,G1,T03,sel_fuori_3m,0,absent
9083700,0,0,0,0,0,0,0,0,13,11,4,4,4,5,1,5,1,0,0,5,100,100,100,27,14,6,0,0,1787612791.4800498,G1,T03,sel_fuori_3m,0,absent
9083900,0,0,0,0,0,0,0,0,15,11,4,13,23,16,5,6,1,0,0,5,100,100,100,27,14,7,0,0,1787612791.6797655,G1,T03,sel_fuori_3m,0,absent
9084100,0,0,0,0,0,0,0,0,15,10,4,11,14,10,8,5,1,0,0,5,100,100,100,27,13,6,0,0,1787612791.8798885,G1,T03,sel_fuori_3m,0,absent
9084300,0,0,0,0,0,0,0,0,19,16,5,11,13,10,3,5,1,0,0,5,99,100,100,28,13,6,0,0,1787612792.0797179,G1,T03,sel_fuori_3m,0,absent
9084500,0,0,0,0,0,0,0,0,16,16,5,12,24,15,4,5,1,0,0,5,99,100,100,29,13,6,0,0,1787612792.279724,G1,T03,sel_fuori_3m,0,absent
9084700,0,0,0,0,0,0,0,0,15,14,6,6,11,11,6,1,1,0,0,4,100,100,100,30,12,6,0,0,1787612792.4802396,G1,T03,sel_fuori_3m,0,absent
9084900,0,0,0,0,0,0,0,0,19,14,6,9,19,13,8,1,1,0,0,5,100,100,100,30,12,6,0,0,1787612792.6799414,G1,T03,sel_fuori_3m,0,absent
9085100,0,0,0,0,0,0,0,0,15,14,7,9,15,13,8,2,1,0,0,5,100,100,100,30,13,6,0,0,1787612792.8798435,G1,T03,sel_fuori_3m,0,absent
9085300,0,0,0,0,0,0,0,0,18,12,6,10,16,11,4,3,1,0,0,5,100,100,100,31,12,6,0,0,1787612793.0803936,G1,T03,sel_fuori_3m,0,absent
9085500,0,0,0,0,0,0,0,0,19,14,7,12,18,8,4,3,1,0,0,5,100,100,100,31,13,6,0,0,1787612793.2797697,G1,T03,sel_fuori_3m,0,absent
9085700,0,0,0,0,0,0,0,0,21,12,6,5,7,8,3,3,1,0,0,5,100,100,100,31,12,7,0,0,1787612793.4801395,G1,T03,sel_fuori_3m,0,absent
9085900,0,0,0,0,0,0,0,0,20,12,5,8,9,4,8,5,0,0,0,5,100,100,100,31,12,7,0,0,1787612793.6794345,G1,T03,sel_fuori_3m,0,absent
9086100,0,0,0,0,0,0,0,0,19,16,7,12,16,8,5,4,1,0,0,5,100,100,100,31,12,7,0,0,1787612793.8796828,G1,T03,sel_fuori_3m,0,absent
9086300,0,0,0,0,0,0,0,0,18,10,6,10,20,13,4,3,1,0,0,6,100,100,100,31,12,7,0,0,1787612794.080316,G1,T03,sel_fuori_3m,0,absent
9086500,0,0,0,0,0,0,0,0,18,12,7,7,10,9,9,4,2,0,0,6,100,100,100,31,12,7,0,0,1787612794.28029,G1,T03,sel_fuori_3m,0,absent
9086700,0,0,0,0,0,0,0,0,22,12,7,10,8,1,5,5,3,0,0,6,100,100,100,31,12,8,0,0,1787612794.4802685,G1,T03,sel_fuori_3m,0,absent
9086900,0,0,0,0,0,0,0,0,18,12,7,10,11,7,6,6,2,0,0,6,100,100,100,30,12,8,0,0,1787612794.6798992,G1,T03,sel_fuori_3m,0,absent
9087100,0,0,0,0,0,0,0,0,15,8,7,1,3,6,6,4,1,0,0,6,100,100,100,31,12,8,0,0,1787612794.8800578,G1,T03,sel_fuori_3m,0,absent
9087300,0,0,0,0,0,0,0,0,17,14,6,16,23,10,5,2,4,0,0,6,100,100,100,33,13,9,0,0,1787612795.0801978,G1,T03,sel_fuori_3m,0,absent
9087500,0,0,0,0,0,0,0,0,17,16,5,3,1,9,4,4,3,0,0,6,100,100,100,33,13,9,0,0,1787612795.279965,G1,T03,sel_fuori_3m,0,absent
9087700,0,0,0,0,0,0,0,0,21,13,4,4,11,6,8,1,2,0,0,7,100,100,100,33,13,9,0,0,1787612795.4798338,G1,T03,sel_fuori_3m,0,absent
9087900,0,0,0,0,0,0,0,0,14,10,7,9,9,6,10,1,2,0,0,6,100,100,100,34,13,9,0,0,1787612795.6802707,G1,T03,sel_fuori_3m,0,absent
9088100,0,0,0,0,0,0,0,0,18,14,5,5,8,1,8,1,2,0,0,6,100,100,100,35,14,9,0,0,1787612795.879737,G1,T03,sel_fuori_3m,0,absent
9088300,0,0,0,0,0,0,0,0,20,13,7,11,17,9,8,2,2,0,0,6,100,100,100,35,14,9,0,0,1787612796.0801034,G1,T03,sel_fuori_3m,0,absent
9088500,0,0,0,0,0,0,0,0,21,12,6,20,34,17,6,2,1,0,0,6,100,100,100,34,13,9,0,0,1787612796.279983,G1,T03,sel_fuori_3m,0,absent
9088700,0,0,0,0,0,0,0,0,17,13,3,17,31,14,4,2,1,0,0,7,100,100,100,33,12,9,0,0,1787612796.4802997,G1,T03,sel_fuori_3m,0,absent
9088900,0,0,0,0,0,0,0,0,17,11,4,5,10,7,4,5,1,0,0,6,100,100,100,32,12,9,0,0,1787612796.6794786,G1,T03,sel_fuori_3m,0,absent
9089100,0,0,0,0,0,0,0,0,15,9,2,2,6,10,8,5,1,0,0,7,100,100,100,33,12,10,0,0,1787612796.8802166,G1,T03,sel_fuori_3m,0,absent
9089300,0,0,0,0,0,0,0,0,20,16,3,11,17,7,7,2,1,0,0,7,100,100,100,32,12,10,0,0,1787612797.0803773,G1,T03,sel_fuori_3m,0,absent
9089500,0,0,0,0,0,0,0,0,14,8,3,10,14,7,8,5,2,0,0,7,100,100,100,31,12,9,0,0,1787612797.2802105,G1,T03,sel_fuori_3m,0,absent
9089700,0,0,0,0,0,0,0,0,18,11,3,7,10,4,8,8,2,0,0,7,100,100,100,32,13,9,0,0,1787612797.480145,G1,T03,sel_fuori_3m,0,absent
9089900,0,0,0,0,0,0,0,0,13,9,5,11,22,14,4,7,2,0,0,7,100,100,100,33,14,9,0,0,1787612797.6804523,G1,T03,sel_fuori_3m,0,absent
9090100,0,0,0,0,0,0,0,0,16,11,5,10,15,14,2,4,1,0,0,7,100,100,100,32,15,9,0,0,1787612797.8801239,G1,T03,sel_fuori_3m,0,absent
9090300,0,0,0,0,0,0,0,0,23,16,6,7,6,5,4,1,1,0,0,7,100,100,100,33,16,9,0,0,1787612798.0801854,G1,T03,sel_fuori_3m,0,absent
9090500,0,0,0,0,0,0,0,0,20,13,5,4,8,12,2,2,1,0,0,8,100,100,100,34,16,8,0,0,1787612798.2800634,G1,T03,sel_fuori_3m,0,absent
9090700,0,0,0,0,0,0,0,0,20,13,6,11,20,12,5,2,1,0,0,8,100,100,100,36,17,8,0,0,1787612798.4801843,G1,T03,sel_fuori_3m,0,absent
9090900,0,0,0,0,0,0,0,0,15,6,7,14,30,13,9,3,3,0,0,8,100,100,100,39,17,8,0,0,1787612798.6800838,G1,T03,sel_fuori_3m,0,absent
9091100,0,0,0,0,0,0,0,0,19,12,5,11,21,12,4,2,4,0,0,8,100,100,100,40,18,8,0,0,1787612798.880129,G1,T03,sel_fuori_3m,0,absent
9091300,0,0,0,0,0,0,0,0,15,13,7,2,12,10,9,7,3,0,0,8,100,100,100,41,18,8,0,0,1787612799.0798926,G1,T03,sel_fuori_3m,0,absent
9091500,0,0,0,0,0,0,0,0,17,13,6,11,15,12,5,7,4,0,0,7,100,100,100,42,19,8,0,0,1787612799.280241,G1,T03,sel_fuori_3m,0,absent
9091700,0,0,0,0,0,0,0,0,15,13,6,9,13,11,8,7,4,0,0,7,100,100,100,44,19,8,0,0,1787612799.4797819,G1,T03,sel_fuori_3m,0,absent
9091900,0,0,0,0,0,0,0,0,20,12,5,5,9,8,9,8,3,0,0,7,100,100,100,46,19,8,0,0,1787612799.680507,G1,T03,sel_fuori_3m,0,absent
9092100,0,0,0,0,0,0,0,0,23,17,5,10,17,12,8,9,3,0,0,7,100,100,100,47,20,8,0,0,1787612799.8802514,G1,T03,sel_fuori_3m,0,absent
9092300,0,0,0,0,0,0,0,0,23,14,6,10,12,7,9,11,1,0,0,7,100,100,100,48,21,8,0,0,1787612800.0802276,G1,T03,sel_fuori_3m,0,absent
9092500,0,0,0,0,0,0,0,0,13,10,5,12,20,11,5,7,2,0,0,7,100,100,100,49,22,7,0,0,1787612800.2804954,G1,T03,sel_fuori_3m,0,absent
9092700,0,0,0,0,0,0,0,0,22,15,4,5,17,10,5,3,3,0,0,7,100,100,100,50,22,7,0,0,1787612800.479982,G1,T03,sel_fuori_3m,0,absent
9092900,0,0,0,0,0,0,0,0,15,10,6,10,11,7,5,1,3,0,0,6,100,100,100,49,23,7,0,0,1787612800.6800766,G1,T03,sel_fuori_3m,0,absent
9093100,0,0,0,0,0,0,0,0,13,11,6,5,12,7,3,2,3,0,0,6,100,100,100,47,23,7,0,0,1787612800.8800483,G1,T03,sel_fuori_3m,0,absent
9093300,0,0,0,0,0,0,0,0,17,12,6,13,20,11,5,3,3,0,0,6,100,100,100,48,23,7,0,0,1787612801.079922,G1,T03,sel_fuori_3m,0,absent
9093500,0,0,0,0,0,0,0,0,19,14,7,14,24,12,1,5,4,0,0,6,100,100,100,47,22,7,0,0,1787612801.279797,G1,T03,sel_fuori_3m,0,absent
9093700,0,0,0,0,0,0,0,0,22,13,4,8,18,9,6,6,6,0,0,6,100,100,100,45,21,7,0,0,1787612801.4804242,G1,T03,sel_fuori_3m,0,absent
9093900,0,0,0,0,0,0,0,0,14,13,6,14,29,13,7,5,6,0,0,6,100,100,100,43,20,7,0,0,1787612801.6800117,G1,T03,sel_fuori_3m,0,absent
9094100,0,0,0,0,0,0,0,0,23,15,4,9,16,11,5,4,5,0,0,6,100,100,100,42,19,8,0,0,1787612801.88038,G1,T03,sel_fuori_3m,0,absent
9094300,0,0,0,0,0,0,0,0,18,12,6,12,18,11,3,3,6,0,0,6,100,100,100,42,18,8,0,0,1787612802.0802739,G1,T03,sel_fuori_3m,0,absent
9094500,0,0,0,0,0,0,0,0,14,8,7,17,33,15,3,4,6,0,0,5,100,100,100,41,17,8,0,0,1787612802.2805018,G1,T03,sel_fuori_3m,0,absent
9094700,0,0,0,0,0,0,0,0,18,13,6,19,44,20,2,3,5,0,0,6,100,100,100,40,17,8,0,0,1787612802.480701,G1,T03,sel_fuori_3m,0,absent
9094900,0,0,0,0,0,0,0,0,16,12,4,19,44,23,4,2,3,0,0,5,100,100,100,38,17,8,0,0,1787612802.679865,G1,T03,sel_fuori_3m,0,absent
9095100,0,0,0,0,0,0,0,0,22,11,3,17,36,18,9,2,3,0,0,6,100,100,100,36,17,7,0,0,1787612802.880053,G1,T03,sel_fuori_3m,0,absent
9095300,0,0,0,0,0,0,0,0,18,15,6,10,22,11,5,6,1,0,0,5,100,100,100,35,17,8,0,0,1787612803.0807285,G1,T03,sel_fuori_3m,0,absent
9095500,0,0,0,0,0,0,0,0,14,11,6,18,31,17,3,7,1,0,0,5,100,100,100,33,16,8,0,0,1787612803.2806022,G1,T03,sel_fuori_3m,0,absent
9095700,0,0,0,0,0,0,0,0,20,10,6,8,23,14,9,5,4,0,0,5,100,100,100,31,16,7,0,0,1787612803.4802887,G1,T03,sel_fuori_3m,0,absent
9095900,0,0,0,0,0,0,0,0,19,12,5,7,15,14,5,7,4,0,0,5,100,100,100,28,17,7,0,0,1787612803.6803937,G1,T03,sel_fuori_3m,0,absent
9096100,0,0,0,0,0,0,0,0,18,12,5,3,10,11,7,2,5,0,0,6,100,100,100,28,17,8,0,0,1787612803.8797321,G1,T03,sel_fuori_3m,0,absent
9096300,0,0,0,0,0,0,0,0,19,14,5,7,14,10,6,1,4,0,0,5,100,100,100,28,17,8,0,0,1787612804.0806165,G1,T03,sel_fuori_3m,0,absent
9096500,0,0,0,0,0,0,0,0,17,11,5,7,7,6,6,3,3,0,0,6,100,100,100,29,17,9,0,0,1787612804.279624,G1,T03,sel_fuori_3m,0,absent
9096700,0,0,0,0,0,0,0,0,17,14,5,3,10,9,6,1,3,0,0,6,100,100,100,31,18,9,0,0,1787612804.4799583,G1,T03,sel_fuori_3m,0,absent
9096900,0,0,0,0,0,0,0,0,16,12,3,7,8,6,5,1,5,0,0,6,100,100,100,33,18,9,0,0,1787612804.6804154,G1,T03,sel_fuori_3m,0,absent
9097100,0,0,0,0,0,0,0,0,14,11,4,4,11,6,4,1,3,0,0,6,100,100,100,33,18,9,0,0,1787612804.8802369,G1,T03,sel_fuori_3m,0,absent
9097300,0,0,0,0,0,0,0,0,19,14,6,9,6,4,3,1,4,0,0,6,100,100,100,32,18,9,0,0,1787612805.08026,G1,T03,sel_fuori_3m,0,absent
9097500,0,0,0,0,0,0,0,0,18,11,6,2,3,4,1,2,4,0,0,6,100,100,100,31,18,9,0,0,1787612805.2803864,G1,T03,sel_fuori_3m,0,absent
9097700,0,0,0,0,0,0,0,0,16,11,6,2,7,3,2,2,5,0,0,6,100,100,100,31,18,9,0,0,1787612805.4804296,G1,T03,sel_fuori_3m,0,absent
9097900,0,0,0,0,0,0,0,0,18,13,6,9,11,10,4,1,5,0,0,6,100,100,100,32,18,9,0,0,1787612805.6800666,G1,T03,sel_fuori_3m,0,absent
9098100,0,0,0,0,0,0,0,0,17,11,6,5,13,9,3,1,5,0,0,6,100,100,100,31,18,9,0,0,1787612805.8806424,G1,T03,sel_fuori_3m,0,absent
9098300,0,0,0,0,0,0,0,0,16,12,5,10,13,9,6,1,5,0,0,5,99,100,100,31,18,10,0,0,1787612806.0807283,G1,T03,sel_fuori_3m,0,absent
9098500,0,0,0,0,0,0,0,0,24,16,5,10,8,4,9,1,4,0,0,5,93,100,100,31,18,10,0,0,1787612806.280422,G1,T03,sel_fuori_3m,0,absent
9098700,0,0,0,0,0,0,0,0,22,14,6,5,13,5,10,3,2,0,0,5,86,100,100,33,18,11,0,0,1787612806.4808903,G1,T03,sel_fuori_3m,0,absent
9098900,0,0,0,0,0,0,0,0,18,12,5,2,9,3,2,3,3,0,0,5,77,100,100,34,18,11,0,0,1787612806.679978,G1,T03,sel_fuori_3m,0,absent
9099100,0,0,0,0,0,0,0,0,16,12,4,3,8,11,4,2,4,0,0,5,69,100,100,35,17,11,0,0,1787612806.8801217,G1,T03,sel_fuori_3m,0,absent
9099300,0,0,0,0,0,0,0,0,15,11,4,6,8,9,7,1,3,0,0,5,63,100,100,35,16,11,0,0,1787612807.0801432,G1,T03,sel_fuori_3m,0,absent
9099500,0,0,0,0,0,0,0,0,16,12,6,9,8,12,11,2,3,0,0,5,59,100,96,34,16,10,0,0,1787612807.27994,G1,T03,sel_fuori_3m,0,absent
9099700,0,0,0,0,0,0,0,0,20,12,4,4,7,10,4,3,3,0,0,5,55,100,94,34,15,10,0,0,1787612807.4803386,G1,T03,sel_fuori_3m,0,absent
9099900,0,0,0,0,0,0,0,0,16,9,5,6,13,7,1,2,1,0,0,5,55,100,96,34,14,10,0,0,1787612807.6800501,G1,T03,sel_fuori_3m,0,absent
9100100,0,0,0,0,0,0,0,0,18,16,5,8,9,9,1,3,1,0,0,5,54,100,99,33,13,10,0,0,1787612807.8799531,G1,T03,sel_fuori_3m,0,absent
9100300,0,0,0,0,0,0,0,0,14,10,6,10,7,6,5,4,1,0,0,6,52,100,100,32,12,10,0,0,1787612808.0805073,G1,T03,sel_fuori_3m,0,absent
9100500,0,0,0,0,0,0,0,0,22,12,4,2,9,3,6,4,2,0,0,6,52,100,98,32,11,10,0,0,1787612808.280144,G1,T03,sel_fuori_3m,0,absent
9100700,0,0,0,0,0,0,0,0,25,17,5,6,7,10,6,3,2,0,0,5,54,100,95,31,10,10,0,0,1787612808.4806314,G1,T03,sel_fuori_3m,0,absent
9100900,0,0,0,0,0,0,0,0,15,12,5,7,9,12,4,4,3,0,0,5,55,100,93,30,9,11,0,0,1787612808.6800332,G1,T03,sel_fuori_3m,0,absent
9101100,0,0,0,0,0,0,0,0,13,8,4,8,10,8,1,3,3,0,0,5,55,100,94,29,9,10,0,0,1787612808.8803196,G1,T03,sel_fuori_3m,0,absent
9101300,0,0,0,0,0,0,0,0,21,16,7,9,6,4,2,3,3,0,0,5,55,100,95,29,8,10,0,0,1787612809.0804024,G1,T03,sel_fuori_3m,0,absent
9101500,0,0,0,0,0,0,0,0,19,14,5,1,10,5,4,3,4,0,0,5,54,100,96,30,8,10,0,0,1787612809.280453,G1,T03,sel_fuori_3m,0,absent
9101700,0,0,0,0,0,0,0,0,14,10,4,6,12,10,5,3,4,0,0,5,51,100,97,30,9,10,0,0,1787612809.4805617,G1,T03,sel_fuori_3m,0,absent
9101900,0,0,0,0,0,0,0,0,15,11,4,10,10,8,5,4,3,0,0,5,48,100,99,30,9,10,0,0,1787612809.6798646,G1,T03,sel_fuori_3m,0,absent
