timestamp_ms,radar_presence,moving_target,stationary_target,moving_distance_cm,stationary_distance_cm,moving_energy,stationary_energy,pir_presence,menergy_gate0,menergy_gate1,menergy_gate2,menergy_gate3,menergy_gate4,menergy_gate5,menergy_gate6,menergy_gate7,menergy_gate8,senergy_gate0,senergy_gate1,senergy_gate2,senergy_gate3,senergy_gate4,senergy_gate5,senergy_gate6,senergy_gate7,senergy_gate8,light_level,out_level,pc_time_s,group_id,trial_id,scenario,ground_truth_presence,ground_truth_state
908700,1,1,1,95,98,100,100,1,35,100,100,14,20,2,3,4,4,0,0,100,100,88,58,44,26,17,10,1,1787604618.164684,G1,T02,sel_con_vicino,1,static
908900,1,1,1,115,90,100,100,1,18,100,100,36,4,8,5,5,7,0,0,100,100,93,58,44,25,17,10,1,1787604618.164684,G1,T02,sel_con_vicino,1,static
909100,1,1,1,104,104,100,100,1,81,100,100,45,29,12,5,6,11,0,0,100,100,93,58,44,25,18,10,1,1787604618.164684,G1,T02,sel_con_vicino,1,static
909300,1,1,1,88,90,100,100,1,36,100,100,33,26,12,4,5,8,0,0,100,100,98,58,44,25,18,10,1,1787604618.164684,G1,T02,sel_con_vicino,1,static
909500,1,1,1,100,127,100,100,1,68,100,100,43,4,5,4,4,3,0,0,100,100,95,58,43,25,18,10,1,1787604618.164684,G1,T02,sel_con_vicino,1,static
909700,1,1,1,91,83,100,100,1,50,100,100,7,9,5,12,4,3,0,0,100,100,95,59,42,24,18,10,1,1787604618.164684,G1,T02,sel_con_vicino,1,static
909900,1,1,1,101,93,100,100,1,28,100,100,19,16,6,4,6,1,0,0,100,100,99,56,39,24,19,10,1,1787604618.164684,G1,T02,sel_con_vicino,1,static
910100,1,1,1,96,94,100,100,1,65,100,100,30,14,9,9,8,5,0,0,100,100,96,51,35,23,19,10,1,1787604618.170098,G1,T02,sel_con_vicino,1,static
910300,1,1,1,104,99,100,100,1,19,100,100,44,11,7,4,3,1,0,0,100,100,96,47,32,22,20,10,1,1787604618.170098,G1,T02,sel_con_vicino,1,static
910500,1,1,1,98,91,100,100,1,100,100,100,68,13,11,6,6,8,0,0,100,100,94,48,31,22,20,10,1,1787604618.170098,G1,T02,sel_con_vicino,1,static
910700,1,1,1,99,104,100,100,1,28,100,100,56,6,5,4,1,10,0,0,100,100,91,48,31,21,20,10,1,1787604618.2019365,G1,T02,sel_con_vicino,1,static
910900,1,1,1,87,90,100,100,1,33,100,67,44,5,6,7,2,2,0,0,100,100,93,48,31,22,21,10,1,1787604618.39504,G1,T02,sel_con_vicino,1,static
911100,1,1,1,115,98,100,100,1,38,100,100,65,27,2,3,5,4,0,0,100,100,96,48,31,21,21,10,1,1787604618.6021504,G1,T02,sel_con_vicino,1,static
911300,1,1,1,104,93,100,100,1,65,100,100,56,15,7,11,8,7,0,0,100,100,96,47,31,20,20,10,1,1787604618.7948132,G1,T02,sel_con_vicino,1,static
911500,1,1,1,103,115,100,100,1,40,100,100,34,3,12,6,5,3,0,0,100,100,96,47,32,19,20,10,1,1787604619.0036135,G1,T02,sel_con_vicino,1,static
911700,1,1,1,116,91,100,100,1,16,100,100,19,24,10,2,5,6,0,0,100,100,96,46,32,19,20,10,1,1787604619.196041,G1,T02,sel_con_vicino,1,static
911900,1,1,1,95,90,100,100,1,74,100,100,16,15,8,3,8,5,0,0,100,100,98,46,31,19,20,10,1,1787604619.404318,G1,T02,sel_con_vicino,1,static
912100,1,1,1,99,106,100,100,1,66,100,100,32,15,15,11,7,2,0,0,100,100,96,48,32,20,20,10,1,1787604619.5959404,G1,T02,sel_con_vicino,1,static
912300,1,1,1,108,91,100,100,1,35,100,100,44,16,14,5,5,10,0,0,100,100,94,47,31,19,20,10,1,1787604619.803588,G1,T02,sel_con_vicino,1,static
912500,1,1,1,103,90,100,100,1,100,100,100,80,13,12,14,5,7,0,0,100,100,95,48,33,18,20,10,1,1787604619.997322,G1,T02,sel_con_vicino,1,static
912700,1,1,1,99,101,100,100,1,90,100,100,45,12,12,6,4,8,0,0,100,100,93,50,32,18,20,10,1,1787604620.2044585,G1,T02,sel_con_vicino,1,static
912900,1,1,1,123,115,100,100,1,18,100,100,26,3,8,4,6,5,0,0,100,100,94,50,32,17,19,10,1,1787604620.3988025,G1,T02,sel_con_vicino,1,static
913100,1,1,1,103,103,100,100,1,78,100,100,51,18,10,12,5,10,0,0,100,100,93,50,32,19,20,10,1,1787604620.6036687,G1,T02,sel_con_vicino,1,static
913300,1,1,1,122,115,100,100,1,23,100,100,75,17,10,6,3,2,0,0,100,100,94,50,32,20,20,10,1,1787604620.7997813,G1,T02,sel_con_vicino,1,static
913500,1,1,1,90,116,100,100,1,59,100,100,52,28,12,10,4,2,0,0,100,100,96,53,33,22,21,10,1,1787604621.0040445,G1,T02,sel_con_vicino,1,static
913700,1,1,1,104,98,100,100,1,14,100,100,25,26,10,5,1,1,0,0,100,100,100,54,33,23,21,10,1,1787604621.2007027,G1,T02,sel_con_vicino,1,static
913900,1,1,1,100,103,100,100,1,100,100,100,79,12,9,10,5,10,0,0,100,100,100,54,35,23,22,10,1,1787604621.4029472,G1,T02,sel_con_vicino,1,static
914100,1,1,1,101,107,100,100,1,18,100,100,34,17,4,4,4,3,0,0,100,100,100,53,34,24,21,10,1,1787604621.601489,G1,T02,sel_con_vicino,1,static
914300,1,1,1,91,90,100,100,1,44,100,100,8,14,9,3,7,1,0,0,100,100,100,53,34,25,21,10,1,1787604621.8028748,G1,T02,sel_con_vicino,1,static
914500,1,1,1,97,94,100,100,1,51,100,100,39,15,7,10,7,7,0,0,100,100,100,53,36,26,21,10,1,1787604622.0021904,G1,T02,sel_con_vicino,1,static
914700,1,1,1,117,107,100,100,1,36,100,100,42,18,10,10,7,7,0,0,100,100,100,55,37,26,21,10,1,1787604622.2027786,G1,T02,sel_con_vicino,1,static
914900,1,1,1,104,104,100,100,1,23,100,100,22,7,8,3,2,7,0,0,100,100,100,56,38,26,21,10,1,1787604622.40311,G1,T02,sel_con_vicino,1,static
915100,1,1,1,97,108,100,100,1,38,100,100,27,5,10,4,6,5,0,0,100,100,100,58,40,27,22,10,1,1787604622.6036754,G1,T02,sel_con_vicino,1,static
915300,1,1,1,138,141,100,100,1,28,100,100,70,9,7,6,2,5,0,0,100,100,100,57,38,29,23,10,1,1787604622.8040147,G1,T02,sel_con_vicino,1,static
915500,1,1,1,91,117,100,100,1,41,100,100,52,10,4,12,1,3,0,0,100,100,100,55,38,30,24,10,1,1787604623.0037074,G1,T02,sel_con_vicino,1,static
915700,1,1,1,98,91,51,100,1,17,51,43,28,18,12,5,4,2,0,0,100,100,100,58,42,30,26,9,1,1787604623.1956475,G1,T02,sel_con_vicino,1,static
915900,1,1,1,100,86,100,100,1,20,100,100,54,18,7,9,2,3,0,0,100,100,100,57,42,31,26,10,1,1787604623.4031177,G1,T02,sel_con_vicino,1,static
916100,1,1,1,88,94,100,100,1,18,100,96,7,11,7,8,3,4,0,0,100,100,100,55,43,31,25,10,1,1787604623.5953965,G1,T02,sel_con_vicino,1,static
916300,1,1,1,94,99,100,100,1,24,100,100,15,7,2,5,8,7,0,0,100,100,100,55,44,32,25,10,1,1787604623.8039603,G1,T02,sel_con_vicino,1,static
916500,1,1,1,89,95,100,100,1,53,100,100,26,4,11,12,6,3,0,0,100,100,100,55,42,31,24,10,1,1787604623.998973,G1,T02,sel_con_vicino,1,static
916700,1,1,1,100,99,100,100,1,13,100,100,32,11,8,5,3,9,0,0,100,100,100,55,43,32,24,10,1,1787604624.2037404,G1,T02,sel_con_vicino,1,static
916900,1,1,1,101,107,100,100,1,88,100,100,53,4,10,1,7,7,0,0,100,100,100,56,43,33,24,10,1,1787604624.395029,G1,T02,sel_con_vicino,1,static
917100,1,1,1,126,107,100,100,1,23,100,100,100,19,9,9,4,6,0,0,100,100,100,56,44,31,24,10,1,1787604624.6010473,G1,T02,sel_con_vicino,1,static
917300,1,1,1,93,111,100,100,1,35,100,100,23,13,12,4,7,7,0,0,100,100,100,55,45,31,22,10,1,1787604624.7918127,G1,T02,sel_con_vicino,1,static
917500,1,1,1,91,107,68,100,1,16,68,49,35,19,10,8,6,7,0,0,100,100,100,53,44,29,22,10,1,1787604625.0007875,G1,T02,sel_con_vicino,1,static
917700,1,1,1,102,110,100,100,1,19,100,100,19,10,5,5,4,6,0,0,100,100,100,53,45,28,22,10,1,1787604625.192875,G1,T02,sel_con_vicino,1,static
917900,1,1,1,105,106,100,100,1,27,100,100,73,11,12,6,9,2,0,0,100,100,100,55,44,27,20,10,1,1787604625.4008718,G1,T02,sel_con_vicino,1,static
918100,1,1,1,97,93,100,100,1,34,100,100,31,19,8,8,7,1,0,0,100,100,94,56,46,27,21,10,1,1787604625.5931675,G1,T02,sel_con_vicino,1,static
918300,1,1,1,135,124,100,100,1,14,100,100,67,12,8,7,4,0,0,0,100,100,91,55,46,27,21,10,1,1787604625.801595,G1,T02,sel_con_vicino,1,static
918500,1,1,1,123,120,86,100,1,16,78,86,37,3,4,6,1,2,0,0,100,100,89,53,45,27,20,10,1,1787604626.0016007,G1,T02,sel_con_vicino,1,static
918700,1,1,1,106,113,100,100,1,74,100,100,44,19,19,2,2,1,0,0,100,100,89,55,44,28,20,10,1,1787604626.1997793,G1,T02,sel_con_vicino,1,static
918900,1,1,1,106,108,100,100,1,83,100,100,77,16,20,9,9,5,0,0,100,100,90,56,44,29,19,10,1,1787604626.3917217,G1,T02,sel_con_vicino,1,static
919100,1,1,1,123,93,100,100,1,15,100,100,22,11,5,4,5,4,0,0,100,100,99,55,44,30,19,10,1,1787604626.6000588,G1,T02,sel_con_vicino,1,static
919300,1,1,1,91,127,100,100,1,24,100,86,26,4,13,11,5,3,0,0,100,100,98,57,46,28,18,10,1,1787604626.7946393,G1,T02,sel_con_vicino,1,static
919500,1,1,1,115,95,100,100,1,24,100,100,78,21,5,4,7,9,0,0,100,100,97,58,46,27,18,10,1,1787604627.0019324,G1,T02,sel_con_vicino,1,static
919700,1,1,1,91,91,100,100,1,18,100,87,43,12,10,2,8,8,0,0,100,100,100,57,44,27,17,10,1,1787604627.1970177,G1,T02,sel_con_vicino,1,static
919900,1,1,1,96,105,100,100,1,72,100,100,60,13,5,8,2,5,0,0,100,100,100,60,44,28,17,10,1,1787604627.398255,G1,T02,sel_con_vicino,1,static
920100,1,1,1,105,93,100,100,1,34,100,100,34,7,14,10,5,7,0,0,100,100,100,62,43,28,18,10,1,1787604627.5985682,G1,T02,sel_con_vicino,1,static
920300,1,1,1,107,106,100,100,1,27,100,100,100,35,15,11,3,3,0,0,100,100,100,63,43,29,18,10,1,1787604627.7998133,G1,T02,sel_con_vicino,1,static
920500,1,1,1,94,89,100,100,1,100,100,100,30,8,1,11,5,1,0,0,100,100,100,62,43,28,19,10,1,1787604628.0026042,G1,T02,sel_con_vicino,1,static
920700,1,1,1,135,103,92,100,1,21,70,92,40,11,8,2,3,4,0,0,100,100,100,64,43,28,18,10,1,1787604628.2009287,G1,T02,sel_con_vicino,1,static
920900,1,1,1,138,123,100,100,1,17,100,100,60,13,2,7,5,5,0,0,100,100,100,65,44,29,18,10,1,1787604628.4012368,G1,T02,sel_con_vicino,1,static
921100,1,1,1,96,91,100,100,1,45,100,100,22,19,16,7,4,6,0,0,100,100,100,65,44,30,18,10,1,1787604628.601238,G1,T02,sel_con_vicino,1,static
921300,1,1,1,87,120,100,100,1,61,100,100,41,11,7,5,2,4,0,0,100,100,100,66,42,30,18,10,1,1787604628.8026614,G1,T02,sel_con_vicino,1,static
921500,1,1,1,96,91,100,100,1,35,100,100,23,16,3,10,4,2,0,0,100,100,100,63,43,30,18,10,1,1787604629.0037591,G1,T02,sel_con_vicino,1,static
921700,1,1,1,103,101,100,100,1,34,100,100,46,8,12,8,2,5,0,0,100,100,100,64,42,31,18,10,1,1787604629.2041054,G1,T02,sel_con_vicino,1,static
921900,1,1,1,100,117,100,100,1,22,100,100,24,4,9,6,4,3,0,0,100,100,100,62,42,30,17,10,1,1787604629.4038997,G1,T02,sel_con_vicino,1,static
922100,1,1,1,102,108,100,100,1,94,100,100,60,17,11,9,11,7,0,0,100,100,100,61,42,30,17,10,1,1787604629.5900743,G1,T02,sel_con_vicino,1,static
922300,1,1,1,88,100,100,100,1,55,100,100,80,10,10,4,7,5,0,0,100,100,100,61,41,30,18,10,1,1787604629.7983994,G1,T02,sel_con_vicino,1,static
922500,1,1,1,98,77,100,100,1,100,100,100,33,5,9,4,7,9,0,0,100,100,100,62,40,30,19,10,1,1787604630.0035458,G1,T02,sel_con_vicino,1,static
922700,1,1,1,103,104,100,100,1,100,100,100,85,3,10,7,6,7,0,0,100,100,100,59,41,30,18,10,1,1787604630.1973412,G1,T02,sel_con_vicino,1,static
922900,1,1,1,83,98,100,100,1,77,100,100,35,17,14,10,9,6,0,0,100,100,100,60,41,30,20,10,1,1787604630.3898275,G1,T02,sel_con_vicino,1,static
923100,1,1,1,107,89,100,100,1,26,100,100,37,14,10,11,7,4,0,0,100,100,100,62,41,31,20,10,1,1787604630.5972784,G1,T02,sel_con_vicino,1,static
923300,1,1,1,91,87,100,100,1,45,100,100,60,5,5,9,7,2,0,0,100,100,100,62,40,31,21,10,1,1787604630.7889397,G1,T02,sel_con_vicino,1,static
923500,1,1,1,87,107,100,100,1,64,100,100,87,4,7,10,7,8,0,0,100,100,100,63,39,31,21,10,1,1787604631.0044541,G1,T02,sel_con_vicino,1,static
923700,1,1,1,91,86,100,100,1,75,100,100,46,12,8,1,8,7,0,0,100,100,100,61,40,30,20,10,1,1787604631.1923633,G1,T02,sel_con_vicino,1,static
923900,1,1,1,93,97,100,100,1,20,100,100,20,13,6,12,9,4,0,0,100,100,100,61,42,29,19,10,1,1787604631.3983834,G1,T02,sel_con_vicino,1,static
924100,1,1,1,121,98,92,100,1,13,81,92,11,21,17,9,8,8,0,0,100,100,100,63,44,29,19,10,1,1787604631.5900912,G1,T02,sel_con_vicino,1,static
924300,1,1,1,101,107,100,100,1,52,100,100,26,21,11,5,11,7,0,0,100,100,100,65,45,29,19,10,1,1787604631.797493,G1,T02,sel_con_vicino,1,static
924500,1,1,1,105,100,100,100,1,15,100,100,27,18,7,5,10,3,0,0,100,100,100,66,47,29,18,10,1,1787604631.9906378,G1,T02,sel_con_vicino,1,static
924700,1,1,1,101,75,100,100,1,14,100,100,45,2,14,8,3,1,0,0,100,100,100,66,46,30,18,10,1,1787604632.1989987,G1,T02,sel_con_vicino,1,static
924900,1,1,1,103,100,100,100,1,23,100,100,62,17,15,8,5,5,0,0,100,100,100,65,45,29,19,10,1,1787604632.389829,G1,T02,sel_con_vicino,1,static
925100,1,1,1,84,104,100,100,1,54,100,100,29,6,4,8,7,4,0,0,100,100,99,66,45,29,19,10,1,1787604632.5968192,G1,T02,sel_con_vicino,1,static
925300,1,1,1,101,107,100,100,1,40,100,100,27,19,14,3,5,5,0,0,100,100,99,66,45,28,19,10,1,1787604632.8048587,G1,T02,sel_con_vicino,1,static
925500,1,1,1,97,107,100,100,1,18,100,100,33,33,19,9,2,7,0,0,100,100,99,70,45,28,20,10,1,1787604632.9973156,G1,T02,sel_con_vicino,1,static
925700,1,1,1,91,102,100,100,1,22,100,80,60,29,17,2,9,7,0,0,100,100,100,71,47,28,20,10,1,1787604633.19475,G1,T02,sel_con_vicino,1,static
925900,1,1,1,104,96,100,100,1,25,100,100,40,15,8,4,8,4,0,0,100,100,100,71,47,30,20,10,1,1787604633.3982296,G1,T02,sel_con_vicino,1,static
926100,1,1,1,104,137,100,100,1,20,100,100,41,12,8,2,8,4,0,0,100,100,100,72,47,29,20,10,1,1787604633.5905511,G1,T02,sel_con_vicino,1,static
926300,1,1,1,94,146,100,100,1,42,100,100,12,9,4,2,5,6,0,0,100,100,100,73,48,30,18,10,1,1787604633.798476,G1,T02,sel_con_vicino,1,static
926500,1,1,1,111,140,100,100,1,19,100,100,30,13,12,14,1,3,0,0,100,100,100,74,50,30,17,10,1,1787604634.0041687,G1,T02,sel_con_vicino,1,static
926700,1,1,1,97,124,100,100,1,42,100,100,20,20,12,3,2,3,0,0,100,100,100,75,51,29,18,10,1,1787604634.1961648,G1,T02,sel_con_vicino,1,static
926900,1,1,1,116,117,100,100,1,30,100,100,76,22,15,6,1,2,0,0,100,100,100,74,49,28,17,10,1,1787604634.3889964,G1,T02,sel_con_vicino,1,static
927100,1,1,1,101,99,100,100,1,54,100,100,26,13,4,2,4,2,0,0,100,100,97,72,48,27,16,10,1,1787604634.5972354,G1,T02,sel_con_vicino,1,static
927300,1,1,1,101,94,100,100,1,47,100,100,43,9,9,3,4,1,0,0,100,100,93,72,47,27,16,10,1,1787604634.8048363,G1,T02,sel_con_vicino,1,static
927500,1,1,1,101,134,100,100,1,58,100,100,51,16,15,3,5,8,0,0,100,100,91,71,46,27,16,10,1,1787604634.9974592,G1,T02,sel_con_vicino,1,static
927700,1,1,1,102,125,100,100,1,46,100,100,50,21,5,8,3,4,0,0,100,100,94,69,45,28,16,10,1,1787604635.1962602,G1,T02,sel_con_vicino,1,static
927900,1,1,1,107,100,100,100,1,43,100,100,52,10,8,3,7,2,0,0,100,100,93,66,41,28,16,10,1,1787604635.3983676,G1,T02,sel_con_vicino,1,static
928100,1,1,1,102,97,100,100,1,20,100,100,30,7,4,5,5,3,0,0,100,100,88,61,38,28,15,10,1,1787604635.5904522,G1,T02,sel_con_vicino,1,static
928300,1,1,1,100,100,100,100,1,80,100,100,42,10,9,11,2,3,0,0,100,100,87,58,37,26,15,10,1,1787604635.7984564,G1,T02,sel_con_vicino,1,static
928500,1,1,1,104,101,100,100,1,18,100,100,36,2,7,7,8,2,0,0,100,100,84,57,37,26,16,10,1,1787604635.9910204,G1,T02,sel_con_vicino,1,static
928700,1,1,1,101,100,100,100,1,78,100,100,52,6,8,8,7,3,0,0,100,100,84,55,35,25,16,10,1,1787604636.1980135,G1,T02,sel_con_vicino,1,static
928900,1,1,1,106,105,100,100,1,23,100,100,37,5,6,9,3,7,0,0,100,100,82,55,34,25,16,10,1,1787604636.4032886,G1,T02,sel_con_vicino,1,static
929100,1,1,1,93,104,100,100,1,20,100,74,7,9,6,7,2,6,0,0,100,100,82,53,33,24,16,10,1,1787604636.5939395,G1,T02,sel_con_vicino,1,static
929300,1,1,1,94,93,52,100,1,18,52,42,8,8,3,3,1,6,0,0,100,100,81,52,33,24,16,10,1,1787604636.8009546,G1,T02,sel_con_vicino,1,static
929500,1,1,1,108,105,96,100,1,16,96,92,20,1,6,2,2,6,0,0,100,100,78,49,32,23,15,10,1,1787604636.9918697,G1,T02,sel_con_vicino,1,static
929700,1,1,1,127,117,100,100,1,15,100,100,39,14,11,9,1,6,0,0,100,100,76,47,30,22,15,10,1,1787604637.2034717,G1,T02,sel_con_vicino,1,static
929900,1,1,1,122,124,100,100,1,19,100,100,27,11,3,8,3,4,0,0,100,100,80,47,29,20,15,10,1,1787604637.4025486,G1,T02,sel_con_vicino,1,static
930100,1,0,1,0,126,0,100,1,16,17,25,10,11,4,7,1,4,0,0,100,100,79,47,28,19,15,10,1,1787604637.602446,G1,T02,sel_con_vicino,1,static
930300,1,1,1,102,96,100,100,1,18,100,100,20,13,6,4,4,4,0,0,100,100,82,45,27,17,16,10,1,1787604637.8025846,G1,T02,sel_con_vicino,1,static
930500,1,1,1,97,102,100,100,1,21,100,84,9,8,7,4,4,6,0,0,100,100,88,45,26,17,16,10,1,1787604638.002441,G1,T02,sel_con_vicino,1,static
930700,1,1,1,95,101,100,100,1,25,100,90,7,11,5,9,1,6,0,0,100,100,90,43,24,16,16,10,1,1787604638.204285,G1,T02,sel_con_vicino,1,static
930900,1,1,1,102,95,100,100,1,25,100,100,37,15,1,6,1,6,0,0,100,100,87,40,23,15,15,10,1,1787604638.402297,G1,T02,sel_con_vicino,1,static
931100,1,1,1,113,97,85,100,1,18,84,85,18,5,3,2,2,3,0,0,100,100,85,38,22,14,15,10,1,1787604638.6039207,G1,T02,sel_con_vicino,1,static
931300,1,1,1,120,125,59,100,1,16,54,59,7,5,9,7,2,5,0,0,100,100,85,38,22,14,14,10,1,1787604638.8024447,G1,T02,sel_con_vicino,1,static
931500,1,1,1,76,107,97,100,1,36,97,42,30,11,9,7,5,5,0,0,100,100,88,37,21,13,14,10,1,1787604639.0039515,G1,T02,sel_con_vicino,1,static
931700,1,1,1,93,87,100,100,1,14,100,99,20,13,2,8,3,3,0,0,100,100,89,38,21,13,14,10,1,1787604639.2020674,G1,T02,sel_con_vicino,1,static
931900,1,1,1,92,94,65,100,1,17,65,48,18,12,7,7,3,3,0,0,100,100,96,37,21,12,13,10,1,1787604639.4023504,G1,T02,sel_con_vicino,1,static
932100,1,1,1,90,92,100,100,1,39,100,90,11,4,9,4,3,3,0,0,100,100,100,39,21,11,13,10,1,1787604639.6023684,G1,T02,sel_con_vicino,1,static
932300,1,1,1,93,93,100,100,1,19,100,100,24,12,4,1,2,3,0,0,100,100,99,38,20,11,13,10,1,1787604639.8023438,G1,T02,sel_con_vicino,1,static
932500,1,1,1,90,92,100,100,1,52,100,100,25,10,8,6,4,1,0,0,100,100,99,38,19,10,13,10,1,1787604640.0023437,G1,T02,sel_con_vicino,1,static
932700,1,1,1,95,91,100,100,1,13,100,100,39,19,5,7,2,4,0,0,100,100,100,37,18,10,12,10,1,1787604640.2023234,G1,T02,sel_con_vicino,1,static
932900,1,1,1,98,97,100,100,1,35,100,100,16,10,11,9,1,4,0,0,100,100,100,37,18,10,12,10,1,1787604640.4026012,G1,T02,sel_con_vicino,1,static
933100,1,0,1,0,100,0,100,1,17,29,3,18,1,3,10,1,4,0,0,100,100,100,37,18,11,11,10,1,1787604640.6024046,G1,T02,sel_con_vicino,1,static
933300,1,0,1,0,100,0,100,1,17,42,22,12,2,1,7,1,5,0,0,100,100,100,37,18,12,11,10,1,1787604640.8025117,G1,T02,sel_con_vicino,1,static
933500,1,1,1,87,100,56,100,1,18,56,38,19,8,2,9,2,5,0,0,100,100,100,36,18,12,11,10,1,1787604641.0000873,G1,T02,sel_con_vicino,1,static
933700,1,1,1,90,96,100,100,1,22,100,87,17,13,3,10,4,4,0,0,100,100,100,35,18,13,11,10,1,1787604641.2007487,G1,T02,sel_con_vicino,1,static
933900,1,1,1,97,93,67,100,1,16,67,55,9,4,4,6,6,3,0,0,100,100,100,34,18,14,10,10,1,1787604641.3997078,G1,T02,sel_con_vicino,1,static
934100,1,0,1,0,97,0,100,1,25,46,31,8,7,2,4,5,3,0,0,100,100,100,33,17,15,10,10,1,1787604641.5927954,G1,T02,sel_con_vicino,1,static
934300,1,0,1,0,97,0,100,0,21,36,18,12,8,2,5,6,4,0,0,100,100,100,31,16,15,9,10,1,1787604641.7997012,G1,T02,sel_con_vicino,1,static
934500,1,1,1,83,84,63,100,0,25,63,39,11,11,3,6,5,4,0,0,100,100,100,29,16,16,8,10,1,1787604641.9906828,G1,T02,sel_con_vicino,1,static
934700,1,0,1,0,85,0,100,0,15,50,36,5,4,5,8,5,2,0,0,100,100,100,28,17,16,8,10,1,1787604642.201201,G1,T02,sel_con_vicino,1,static
934900,1,0,1,0,85,0,100,0,16,28,17,8,4,7,8,5,2,0,0,100,100,100,29,17,16,8,10,1,1787604642.3910265,G1,T02,sel_con_vicino,1,static
935100,1,1,1,93,85,57,100,0,19,57,45,6,9,6,8,2,3,0,0,100,100,100,29,17,16,8,10,1,1787604642.5997064,G1,T02,sel_con_vicino,1,static
935300,1,0,1,0,93,0,100,0,15,28,21,14,10,9,8,1,3,0,0,100,100,100,30,16,16,7,10,1,1787604642.7907329,G1,T02,sel_con_vicino,1,static
935500,1,0,1,0,93,0,100,0,15,15,7,4,9,5,6,1,3,0,0,100,100,100,29,17,15,7,10,1,1787604642.999145,G1,T02,sel_con_vicino,1,static
935700,1,1,1,91,93,51,100,0,18,51,38,11,11,1,6,1,3,0,0,100,100,100,30,16,15,7,10,1,1787604643.2022245,G1,T02,sel_con_vicino,1,static
935900,1,1,1,86,84,71,100,0,23,71,46,16,14,8,5,2,2,0,0,100,100,100,32,17,15,7,10,1,1787604643.398437,G1,T02,sel_con_vicino,1,static
936100,1,1,1,73,88,53,100,0,30,53,27,13,14,12,5,1,1,0,0,100,100,100,32,18,15,7,10,1,1787604643.6046798,G1,T02,sel_con_vicino,1,static
936300,1,0,1,0,73,0,100,0,18,21,15,7,9,11,7,1,1,0,0,100,100,100,33,18,15,7,10,1,1787604643.7972305,G1,T02,sel_con_vicino,1,static
936500,1,0,1,0,73,0,100,0,15,12,17,11,5,7,5,1,1,0,0,100,100,100,32,18,14,7,10,1,1787604643.9896026,G1,T02,sel_con_vicino,1,static
936700,1,0,1,0,73,0,100,0,16,47,35,2,2,3,4,2,2,0,0,100,100,100,32,19,13,6,10,1,1787604644.2036362,G1,T02,sel_con_vicino,1,static
936900,1,0,1,0,96,0,100,0,19,48,33,9,1,1,2,3,2,0,0,100,100,100,30,19,13,6,10,1,1787604644.390076,G1,T02,sel_con_vicino,1,static
937100,1,0,1,0,96,0,100,0,16,27,16,2,2,1,3,3,1,0,0,100,100,100,29,19,12,6,10,1,1787604644.5980194,G1,T02,sel_con_vicino,1,static
937300,1,0,1,0,96,0,100,0,17,21,14,5,1,1,4,5,1,0,0,100,100,100,28,19,12,6,10,1,1787604644.7895205,G1,T02,sel_con_vicino,1,static
937500,1,0,1,0,96,0,100,0,16,21,16,7,7,1,3,4,1,0,0,100,100,100,28,18,12,6,10,1,1787604644.997752,G1,T02,sel_con_vicino,1,static
937700,1,0,1,0,96,0,100,0,16,29,17,3,4,3,5,4,1,0,0,100,100,100,29,18,12,6,10,1,1787604645.2035196,G1,T02,sel_con_vicino,1,static
937900,1,1,1,86,84,68,100,0,24,68,45,6,9,5,7,4,2,0,0,100,100,100,28,18,11,5,10,1,1787604645.397549,G1,T02,sel_con_vicino,1,static
938100,1,1,1,85,83,74,100,0,21,74,44,10,8,6,7,3,1,0,0,100,100,100,29,18,10,5,10,1,1787604645.5898483,G1,T02,sel_con_vicino,1,static
938300,1,0,1,0,85,0,100,0,19,27,18,1,3,6,4,3,2,0,0,100,100,100,29,18,10,5,10,1,1787604645.7962103,G1,T02,sel_con_vicino,1,static
938500,1,0,1,0,85,0,100,0,18,23,20,10,4,6,2,2,2,0,0,100,100,99,29,19,9,5,10,1,1787604646.0038772,G1,T02,sel_con_vicino,1,static
938700,1,1,1,93,85,62,100,0,16,62,47,2,9,5,3,1,1,0,0,100,100,94,29,19,9,5,10,1,1787604646.195485,G1,T02,sel_con_vicino,1,static
938900,1,1,1,94,94,98,100,0,23,98,75,11,14,11,7,1,2,0,0,100,100,92,30,20,9,5,10,1,1787604646.4044967,G1,T02,sel_con_vicino,1,static
939100,1,1,1,103,100,96,100,0,14,96,85,7,17,6,7,1,3,0,0,100,100,94,31,20,9,5,10,1,1787604646.5966024,G1,T02,sel_con_vicino,1,static
939300,1,0,1,0,108,0,100,0,13,35,19,12,9,8,7,1,2,0,0,100,100,94,31,19,9,6,10,1,1787604646.8040943,G1,T02,sel_con_vicino,1,static
939500,1,1,1,86,75,90,100,0,19,90,53,12,7,4,8,1,1,0,0,100,100,93,30,19,9,6,10,1,1787604646.9956317,G1,T02,sel_con_vicino,1,static
939700,1,1,1,89,93,64,100,0,22,64,45,6,4,9,7,1,2,0,0,100,100,93,29,20,10,6,10,1,1787604647.2034066,G1,T02,sel_con_vicino,1,static
939900,1,0,1,0,89,0,100,0,13,11,18,5,5,5,5,1,2,0,0,100,100,93,29,19,10,6,10,1,1787604647.396671,G1,T02,sel_con_vicino,1,static
940100,1,0,1,0,89,0,100,0,19,20,20,10,4,2,6,1,1,0,0,100,100,90,27,18,10,5,10,1,1787604647.6033506,G1,T02,sel_con_vicino,1,static
940300,1,1,1,111,89,57,100,0,15,57,57,19,10,7,5,1,4,0,0,100,100,86,26,17,10,5,10,1,1787604647.7954006,G1,T02,sel_con_vicino,1,static
940500,1,0,1,0,101,0,100,0,20,37,36,17,13,8,6,3,5,0,0,100,100,83,26,16,11,5,10,1,1787604648.0046751,G1,T02,sel_con_vicino,1,static
940700,1,0,1,0,101,0,100,0,15,27,26,10,5,5,7,2,6,0,0,100,100,81,27,15,11,6,10,1,1787604648.1971345,G1,T02,sel_con_vicino,1,static
940900,1,0,1,0,101,0,100,0,18,30,26,15,4,1,7,2,5,0,0,100,100,78,28,15,11,6,10,1,1787604648.3893278,G1,T02,sel_con_vicino,1,static
941100,1,0,1,0,101,0,100,0,16,15,21,17,8,4,6,2,5,0,0,100,100,77,28,15,11,6,10,1,1787604648.5977895,G1,T02,sel_con_vicino,1,static
941300,1,0,1,0,101,0,100,0,16,20,19,20,6,7,8,1,4,0,0,100,100,78,28,16,11,6,10,1,1787604648.7896407,G1,T02,sel_con_vicino,1,static
941500,1,0,1,0,101,0,100,0,17,16,17,8,7,7,6,1,5,0,0,100,100,78,28,17,10,6,10,1,1787604648.9982777,G1,T02,sel_con_vicino,1,static
941700,1,1,1,94,87,68,100,0,13,68,51,9,4,2,2,1,4,0,0,100,100,77,27,17,10,7,10,1,1787604649.190352,G1,T02,sel_con_vicino,1,static
941900,1,1,1,91,89,63,100,0,13,63,44,13,12,5,3,3,3,0,0,100,100,78,26,17,10,7,10,1,1787604649.3987062,G1,T02,sel_con_vicino,1,static
942100,1,0,1,0,91,0,100,0,16,48,33,7,4,4,3,2,3,0,0,100,100,81,27,16,11,7,10,1,1787604649.5903296,G1,T02,sel_con_vicino,1,static
942300,1,0,1,0,91,0,100,0,21,34,13,13,2,5,5,1,3,0,0,100,100,83,27,15,10,7,10,1,1787604649.7977214,G1,T02,sel_con_vicino,1,static
942500,1,0,1,0,91,0,100,0,24,30,7,12,8,10,6,1,2,0,0,100,100,85,28,14,10,7,10,1,1787604649.989607,G1,T02,sel_con_vicino,1,static
942700,1,1,1,74,91,67,100,0,30,67,28,24,11,4,7,1,2,0,0,100,100,87,30,14,10,7,10,1,1787604650.198972,G1,T02,sel_con_vicino,1,static
942900,1,1,1,85,79,100,100,0,33,100,79,18,12,11,10,1,3,0,0,100,100,91,32,14,10,7,10,1,1787604650.405354,G1,T02,sel_con_vicino,1,static
943100,1,1,1,92,92,100,100,0,16,100,93,9,7,3,9,1,4,0,0,100,100,94,33,16,9,7,10,1,1787604650.5974605,G1,T02,sel_con_vicino,1,static
943300,1,0,1,0,94,0,100,0,21,21,13,6,7,6,1,1,4,0,0,100,100,96,35,17,9,7,10,1,1787604650.7894394,G1,T02,sel_con_vicino,1,static
943500,1,0,1,0,94,0,100,0,17,43,39,11,2,5,2,1,3,0,0,100,100,98,37,18,9,7,10,1,1787604650.9984884,G1,T02,sel_con_vicino,1,static
943700,1,0,1,0,150,0,100,0,21,40,28,2,5,1,4,2,4,0,0,100,100,97,39,18,8,7,10,1,1787604651.1895416,G1,T02,sel_con_vicino,1,static
943900,1,1,1,81,150,51,100,0,25,51,33,7,7,4,6,1,3,0,0,100,100,96,38,18,8,7,10,1,1787604651.3953948,G1,T02,sel_con_vicino,1,static
944100,1,1,1,95,81,60,100,0,18,60,48,2,6,5,8,1,3,0,0,100,100,95,38,18,8,7,10,1,1787604651.604006,G1,T02,sel_con_vicino,1,static
944300,1,1,1,87,91,81,100,0,17,81,51,12,6,5,8,1,1,0,0,100,100,96,37,19,8,7,10,1,1787604651.796295,G1,T02,sel_con_vicino,1,static
944500,1,1,1,89,94,88,100,0,19,88,59,17,17,11,6,1,3,0,0,100,100,96,36,19,7,7,10,1,1787604651.9891846,G1,T02,sel_con_vicino,1,static
944700,1,1,1,83,84,83,100,0,16,83,43,21,19,6,7,1,3,0,0,100,100,100,37,20,7,7,10,1,1787604652.1975615,G1,T02,sel_con_vicino,1,static
944900,1,1,1,83,78,83,100,0,21,83,45,11,7,3,8,1,2,0,0,100,100,100,37,20,6,6,10,1,1787604652.3902395,G1,T02,sel_con_vicino,1,static
945100,1,1,1,93,84,78,100,0,24,78,61,12,9,6,6,1,2,0,0,100,100,100,38,20,6,6,10,1,1787604652.5980833,G1,T02,sel_con_vicino,1,static
945300,1,0,1,0,96,0,100,0,15,21,20,5,7,7,5,2,3,0,0,100,100,100,40,19,7,7,10,1,1787604652.790399,G1,T02,sel_con_vicino,1,static
945500,1,0,1,0,96,0,100,0,15,11,18,7,1,6,4,2,1,0,0,100,100,100,40,18,7,6,10,1,1787604652.9981852,G1,T02,sel_con_vicino,1,static
945700,1,0,1,0,96,0,100,0,20,36,32,8,4,0,7,1,2,0,0,100,100,100,40,17,6,6,10,1,1787604653.1909535,G1,T02,sel_con_vicino,1,static
945900,1,0,1,0,96,0,100,0,15,50,34,4,3,4,7,1,2,0,0,100,100,100,40,18,6,6,10,1,1787604653.4000146,G1,T02,sel_con_vicino,1,static
946100,1,1,1,86,84,90,100,0,18,90,53,12,11,7,5,1,3,0,0,100,100,100,41,19,5,6,10,1,1787604653.591789,G1,T02,sel_con_vicino,1,static
946300,1,1,1,90,86,100,100,0,32,100,93,18,16,10,3,2,2,0,0,100,100,100,42,20,6,5,10,1,1787604653.8016634,G1,T02,sel_con_vicino,1,static
946500,1,1,1,95,89,100,100,0,31,100,100,10,10,4,5,3,3,0,0,100,100,100,43,20,7,6,10,1,1787604653.9930441,G1,T02,sel_con_vicino,1,static
946700,1,1,1,93,92,100,100,0,18,100,80,7,3,3,8,2,4,0,0,100,100,100,43,20,7,6,10,1,1787604654.2010965,G1,T02,sel_con_vicino,1,static
946900,1,1,1,96,94,100,100,0,22,100,100,10,8,8,9,1,4,0,0,100,100,100,43,20,7,6,10,1,1787604654.393193,G1,T02,sel_con_vicino,1,static
947100,1,1,1,106,100,100,100,0,19,100,100,25,12,6,8,1,4,0,0,100,100,100,44,20,7,6,10,1,1787604654.6001446,G1,T02,sel_con_vicino,1,static
947300,1,1,1,121,113,67,100,0,19,61,67,19,12,8,6,1,4,0,0,100,100,100,45,20,7,7,10,1,1787604654.791516,G1,T02,sel_con_vicino,1,static
947500,1,0,1,0,121,0,100,0,18,26,24,6,9,1,2,1,3,0,0,100,100,100,47,20,7,7,10,1,1787604654.9994485,G1,T02,sel_con_vicino,1,static
947700,1,0,1,0,121,0,100,0,15,28,23,10,3,7,3,1,3,0,0,100,100,100,48,20,6,7,10,1,1787604655.190912,G1,T02,sel_con_vicino,1,static
947900,1,1,1,106,121,51,100,0,16,51,48,13,8,7,4,1,4,0,0,100,100,100,49,20,6,7,10,1,1787604655.399189,G1,T02,sel_con_vicino,1,static
948100,1,1,1,99,102,100,100,0,32,100,100,15,6,5,7,1,5,0,0,100,100,98,49,20,6,7,10,1,1787604655.59171,G1,T02,sel_con_vicino,1,static
948300,1,1,1,96,96,93,100,0,27,93,75,3,4,4,8,1,4,0,0,100,100,97,50,20,6,7,10,1,1787604655.799434,G1,T02,sel_con_vicino,1,static
948500,1,0,1,0,106,0,100,0,19,33,23,6,5,4,6,1,2,0,0,100,100,95,49,21,7,7,10,1,1787604655.9902086,G1,T02,sel_con_vicino,1,static
948700,1,1,1,116,106,44,100,0,16,43,44,2,10,7,7,1,4,0,0,100,100,90,48,21,7,7,10,1,1787604656.1971743,G1,T02,sel_con_vicino,1,static
948900,1,1,1,97,104,100,100,0,15,100,82,15,14,11,8,1,1,0,0,100,100,92,50,22,7,7,10,1,1787604656.4052017,G1,T02,sel_con_vicino,1,static
949100,1,1,1,94,95,77,100,0,16,77,58,14,11,6,3,1,3,0,0,100,100,95,53,24,7,7,10,1,1787604656.596636,G1,T02,sel_con_vicino,1,static
949300,1,0,1,0,89,0,100,0,16,11,7,7,7,2,3,1,2,0,0,100,100,97,55,25,7,7,10,1,1787604656.7888305,G1,T02,sel_con_vicino,1,static
949500,1,1,1,103,89,61,100,0,20,61,55,2,11,9,3,2,1,0,0,100,100,97,57,26,7,8,10,1,1787604656.9971356,G1,T02,sel_con_vicino,1,static
949700,1,1,1,89,94,100,100,0,30,100,70,17,16,8,3,1,1,0,0,100,100,98,58,26,7,8,10,1,1787604657.2048478,G1,T02,sel_con_vicino,1,static
949900,1,1,1,90,90,100,100,0,30,100,97,9,10,5,6,1,5,0,0,100,100,100,57,26,7,8,10,1,1787604657.397149,G1,T02,sel_con_vicino,1,static
950100,1,1,1,94,91,100,100,0,15,100,86,13,7,4,9,2,6,0,0,100,100,100,56,26,7,8,10,1,1787604657.5895872,G1,T02,sel_con_vicino,1,static
950300,1,1,1,97,94,88,100,0,20,88,71,15,8,7,11,3,6,0,0,100,100,97,55,26,7,9,10,1,1787604657.797322,G1,T02,sel_con_vicino,1,static
950500,1,0,1,0,106,0,100,0,15,30,32,9,7,9,8,2,6,0,0,100,100,92,53,26,7,9,10,1,1787604657.9903817,G1,T02,sel_con_vicino,1,static
950700,1,0,1,0,106,0,100,0,19,18,8,3,2,9,7,1,5,0,0,100,100,89,52,27,6,9,10,1,1787604658.1991646,G1,T02,sel_con_vicino,1,static
950900,1,1,1,91,80,100,100,0,21,100,73,18,7,2,5,2,5,0,0,100,100,86,49,26,6,9,10,1,1787604658.3906653,G1,T02,sel_con_vicino,1,static
951100,1,1,1,101,96,100,100,0,15,100,100,11,12,8,7,1,4,0,0,100,100,82,46,25,7,9,10,1,1787604658.5981686,G1,T02,sel_con_vicino,1,static
951300,1,1,1,96,97,100,100,0,22,100,100,16,16,9,8,1,1,0,0,100,100,80,43,24,7,10,10,1,1787604658.7902994,G1,T02,sel_con_vicino,1,static
951500,1,1,1,97,94,100,100,0,15,100,84,9,19,10,8,2,2,0,0,100,100,84,42,25,7,10,10,1,1787604658.9977925,G1,T02,sel_con_vicino,1,static
951700,1,1,1,99,96,86,100,0,16,86,72,4,15,9,5,1,3,0,0,100,100,89,43,25,7,10,10,1,1787604659.1903956,G1,T02,sel_con_vicino,1,static
951900,1,0,1,0,93,0,100,0,17,42,33,11,4,2,6,1,3,0,0,100,100,95,44,25,7,10,10,1,1787604659.3975427,G1,T02,sel_con_vicino,1,static
952100,1,1,1,96,93,56,100,0,16,56,45,3,8,4,2,2,3,0,0,100,100,100,46,25,8,10,10,1,1787604659.5897405,G1,T02,sel_con_vicino,1,static
952300,1,1,1,93,95,100,100,0,49,100,100,12,25,11,8,3,2,0,0,100,100,100,49,26,7,10,10,1,1787604659.7977371,G1,T02,sel_con_vicino,1,static
952500,1,1,1,91,89,100,100,0,26,100,100,22,20,12,6,2,5,0,0,100,100,100,51,26,8,11,10,1,1787604659.990487,G1,T02,sel_con_vicino,1,static
952700,1,1,1,100,94,100,100,0,18,100,98,32,4,5,10,2,5,0,0,100,100,100,51,26,8,11,10,1,1787604660.1985054,G1,T02,sel_con_vicino,1,static
952900,1,1,1,80,90,59,100,0,19,59,30,36,13,10,9,1,2,0,0,100,100,100,52,26,8,11,10,1,1787604660.3907824,G1,T02,sel_con_vicino,1,static
953100,1,1,1,93,76,100,100,0,18,100,87,23,3,8,7,2,2,0,0,100,100,100,48,24,9,11,10,1,1787604660.5992885,G1,T02,sel_con_vicino,1,static
953300,1,1,1,101,97,100,100,0,57,100,100,28,5,5,5,4,3,0,0,100,100,94,46,24,9,11,10,1,1787604660.8054454,G1,T02,sel_con_vicino,1,static
953500,1,1,1,113,105,100,100,0,25,100,100,29,6,5,2,3,2,0,0,100,100,89,43,24,10,10,10,1,1787604660.9980485,G1,T02,sel_con_vicino,1,static
953700,1,0,1,0,117,0,100,0,17,37,37,18,5,7,3,2,1,0,0,100,100,87,42,25,10,10,10,1,1787604661.1902637,G1,T02,sel_con_vicino,1,static
953900,1,1,1,113,117,46,100,0,16,45,46,5,9,6,4,3,1,0,0,100,100,85,42,25,10,10,10,1,1787604661.3995125,G1,T02,sel_con_vicino,1,static
954100,1,1,1,108,104,95,100,0,16,95,92,9,6,5,4,3,2,0,0,100,100,84,43,25,10,10,10,1,1787604661.5920548,G1,T02,sel_con_vicino,1,static
954300,1,1,1,117,121,86,100,0,13,81,86,15,10,8,8,3,5,0,0,100,100,86,45,26,11,10,10,1,1787604661.7991881,G1,T02,sel_con_vicino,1,static
954500,1,1,1,120,118,81,100,0,17,74,81,19,7,5,9,3,5,0,0,100,100,90,47,26,11,10,10,1,1787604661.990142,G1,T02,sel_con_vicino,1,static
954700,1,1,1,99,128,57,100,0,15,57,48,13,11,9,7,3,4,0,0,100,100,94,48,27,12,10,10,1,1787604662.197705,G1,T02,sel_con_vicino,1,static
954900,1,0,1,0,99,0,100,0,13,40,34,14,7,4,7,2,5,0,0,100,100,95,48,27,12,10,10,1,1787604662.4039106,G1,T02,sel_con_vicino,1,static
955100,1,1,1,131,122,54,100,0,17,45,54,26,10,9,5,2,2,0,0,100,100,94,48,27,12,10,10,1,1787604662.596157,G1,T02,sel_con_vicino,1,static
955300,1,1,1,81,81,48,100,0,25,22,48,31,8,12,6,1,3,0,0,100,100,93,48,26,13,9,10,1,1787604662.8046062,G1,T02,sel_con_vicino,1,static
955500,1,1,1,109,131,100,100,0,31,100,100,26,9,8,7,1,5,0,0,100,100,86,44,25,13,9,10,1,1787604662.9973748,G1,T02,sel_con_vicino,1,static
955700,1,1,1,96,103,100,100,0,20,100,100,18,23,13,2,4,1,0,0,100,100,82,45,25,13,9,10,1,1787604663.2058005,G1,T02,sel_con_vicino,1,static
955900,1,1,1,89,94,52,100,0,14,52,35,10,8,5,7,5,1,0,0,100,100,81,47,27,14,10,10,1,1787604663.3992565,G1,T02,sel_con_vicino,1,static
956100,1,0,1,0,89,0,100,0,18,36,24,9,4,5,5,5,1,0,0,100,100,80,49,28,14,11,10,1,1787604663.5897274,G1,T02,sel_con_vicino,1,static
956300,1,0,1,0,89,0,100,0,13,47,37,6,9,8,8,3,1,0,0,100,100,80,50,28,15,11,10,1,1787604663.7977767,G1,T02,sel_con_vicino,1,static
956500,1,1,1,86,89,67,100,0,24,67,45,9,13,11,3,2,0,0,0,100,100,78,51,27,14,11,10,1,1787604663.9899955,G1,T02,sel_con_vicino,1,static
956700,1,1,1,94,93,100,100,0,42,100,100,20,26,15,8,3,5,0,0,100,100,83,54,28,14,11,10,1,1787604664.197106,G1,T02,sel_con_vicino,1,static
956900,1,1,1,95,98,100,100,0,20,100,93,26,8,1,5,2,6,0,0,100,100,85,53,29,14,12,10,1,1787604664.389994,G1,T02,sel_con_vicino,1,static
957100,1,1,1,93,97,57,100,0,25,57,46,20,1,7,7,1,4,0,0,100,100,88,56,30,14,12,10,1,1787604664.598,G1,T02,sel_con_vicino,1,static
957300,1,0,1,0,93,0,100,0,17,11,20,10,5,6,5,1,4,0,0,100,100,91,58,29,13,12,10,1,1787604664.8052945,G1,T02,sel_con_vicino,1,static
957500,1,0,1,0,93,0,100,0,13,46,28,10,11,11,7,3,2,0,0,100,100,93,60,28,12,12,10,1,1787604664.9981859,G1,T02,sel_con_vicino,1,static
957700,1,0,1,0,93,0,100,0,18,24,8,15,7,8,7,3,3,0,0,100,100,94,60,28,12,12,10,1,1787604665.1893702,G1,T02,sel_con_vicino,1,static
957900,1,0,1,0,93,0,100,0,17,35,34,14,7,7,6,3,3,0,0,100,100,93,61,27,13,12,10,1,1787604665.3975198,G1,T02,sel_con_vicino,1,static
958100,1,1,1,115,117,55,100,0,23,53,55,15,9,5,9,4,4,0,0,100,100,93,61,26,13,12,10,1,1787604665.5897486,G1,T02,sel_con_vicino,1,static
958300,1,0,1,0,115,0,100,0,15,18,18,9,3,7,7,4,3,0,0,100,100,94,60,26,13,11,10,1,1787604665.7979689,G1,T02,sel_con_vicino,1,static
958500,1,1,1,85,115,53,100,0,19,53,34,10,8,2,4,5,3,0,0,100,100,92,58,25,13,11,10,1,1787604665.9901047,G1,T02,sel_con_vicino,1,static
958700,1,1,1,103,100,63,100,0,19,63,57,13,9,3,4,6,3,0,0,100,100,89,57,24,13,11,10,1,1787604666.1983235,G1,T02,sel_con_vicino,1,static
958900,1,0,1,0,103,0,100,0,17,26,32,8,7,4,2,6,2,0,0,100,100,88,57,23,13,10,10,1,1787604666.3907192,G1,T02,sel_con_vicino,1,static
959100,1,0,1,0,103,0,100,0,16,10,8,5,6,1,4,7,3,0,0,100,100,86,56,23,14,10,10,1,1787604666.5991042,G1,T02,sel_con_vicino,1,static
959300,1,1,1,106,103,64,100,0,17,64,60,13,6,7,4,6,2,0,0,100,100,83,55,24,14,10,10,1,1787604666.7934823,G1,T02,sel_con_vicino,1,static
959500,1,1,1,104,103,100,100,0,39,100,100,18,11,8,2,6,3,0,0,100,100,84,56,24,15,10,10,1,1787604666.9981363,G1,T02,sel_con_vicino,1,static
959700,1,1,1,114,114,86,100,0,27,84,86,20,9,9,7,3,4,0,0,100,100,83,55,23,15,9,10,1,1787604667.194024,G1,T02,sel_con_vicino,1,static
959900,1,1,1,87,114,51,100,0,20,51,36,6,4,4,8,2,4,0,0,100,100,79,52,21,15,8,10,1,1787604667.3990285,G1,T02,sel_con_vicino,1,static
960100,1,1,1,122,97,96,100,0,20,86,96,23,9,7,6,3,5,0,0,100,100,75,50,19,15,8,10,1,1787604667.5956109,G1,T02,sel_con_vicino,1,static
960300,1,1,1,117,118,100,100,0,20,100,100,29,12,8,9,5,3,0,0,100,100,71,48,18,15,7,10,1,1787604667.7986674,G1,T02,sel_con_vicino,1,static
960500,1,1,1,115,117,100,100,0,15,100,100,22,9,5,9,5,3,0,0,100,100,68,46,18,16,7,10,1,1787604667.9982126,G1,T02,sel_con_vicino,1,static
960700,1,1,1,111,111,65,100,0,19,65,65,9,9,8,6,5,2,0,0,100,100,62,43,17,16,6,10,1,1787604668.199577,G1,T02,sel_con_vicino,1,static
960900,1,0,1,0,111,0,100,0,23,32,24,10,7,5,1,5,4,0,0,100,100,59,43,17,17,5,10,1,1787604668.400116,G1,T02,sel_con_vicino,1,static
961100,1,0,1,0,111,0,100,0,15,10,3,4,5,2,2,5,2,0,0,100,100,57,40,16,17,4,10,1,1787604668.6002595,G1,T02,sel_con_vicino,1,static
961300,1,1,1,113,111,63,100,0,15,63,63,13,3,1,2,4,4,0,0,100,100,55,38,16,18,4,10,1,1787604668.8016095,G1,T02,sel_con_vicino,1,static
961500,1,1,1,101,101,100,100,0,22,100,100,18,8,5,9,5,4,0,0,100,100,53,38,16,18,4,10,1,1787604669.002662,G1,T02,sel_con_vicino,1,static
961700,1,1,1,103,103,100,100,0,36,100,100,20,7,8,5,5,3,0,0,100,100,54,38,18,18,4,10,1,1787604669.204202,G1,T02,sel_con_vicino,1,static
961900,1,0,1,0,119,0,100,0,26,33,26,8,7,7,1,4,3,0,0,100,100,54,38,18,18,5,10,1,1787604669.4051108,G1,T02,sel_con_vicino,1,static
962100,1,0,1,0,119,0,100,0,18,35,31,9,7,2,1,6,3,0,0,100,100,55,38,19,18,4,10,1,1787604669.6052637,G1,T02,sel_con_vicino,1,static
962300,1,1,1,108,96,100,100,0,15,100,97,13,10,9,4,5,4,0,0,100,100,53,38,18,17,4,10,1,1787604669.8049846,G1,T02,sel_con_vicino,1,static
962500,1,1,1,108,109,100,100,0,19,100,100,22,8,7,9,5,3,0,0,100,100,54,38,19,17,4,10,1,1787604670.0051374,G1,T02,sel_con_vicino,1,static
962700,1,1,1,106,104,100,100,0,50,100,100,29,16,6,4,2,4,0,0,100,100,58,39,20,18,4,10,1,1787604670.198718,G1,T02,sel_con_vicino,1,static
962900,1,1,1,116,108,100,100,0,15,100,100,32,13,10,6,4,3,0,0,100,100,60,40,22,18,4,10,1,1787604670.3908076,G1,T02,sel_con_vicino,1,static
963100,1,1,1,117,110,100,100,0,16,100,100,29,10,5,8,4,2,0,0,100,100,63,41,24,18,5,10,1,1787604670.5987968,G1,T02,sel_con_vicino,1,static
963300,1,1,1,130,109,56,100,0,34,44,56,20,11,8,7,2,2,0,0,100,100,67,42,24,18,5,10,1,1787604670.7910516,G1,T02,sel_con_vicino,1,static
963500,1,0,1,0,126,0,100,0,17,28,36,9,9,4,7,2,1,0,0,100,100,69,42,25,17,5,10,1,1787604670.9997132,G1,T02,sel_con_vicino,1,static
963700,1,1,1,108,126,86,100,0,20,86,82,17,8,4,2,5,3,0,0,100,100,67,41,26,17,5,10,1,1787604671.1927094,G1,T02,sel_con_vicino,1,static
963900,1,1,1,120,108,62,100,0,17,57,62,14,6,9,2,5,2,0,0,100,100,65,39,27,17,5,10,1,1787604671.400777,G1,T02,sel_con_vicino,1,static
964100,1,0,1,0,120,0,100,0,18,26,13,1,6,4,2,6,1,0,0,100,100,64,39,28,17,5,10,1,1787604671.5934687,G1,T02,sel_con_vicino,1,static
964300,1,0,1,0,120,0,100,0,19,26,19,6,9,7,3,6,2,0,0,100,100,62,38,28,17,5,10,1,1787604671.7984333,G1,T02,sel_con_vicino,1,static
964500,1,1,1,82,104,54,100,0,29,54,37,6,10,11,6,4,2,0,0,100,100,62,38,27,17,5,10,1,1787604671.9899387,G1,T02,sel_con_vicino,1,static
964700,1,0,1,0,150,0,100,0,20,20,8,4,3,7,5,4,2,0,0,100,100,63,37,26,16,5,10,1,1787604672.197814,G1,T02,sel_con_vicino,1,static
964900,1,1,1,82,150,53,100,0,21,53,32,4,8,4,3,4,3,0,0,100,100,64,37,25,15,5,10,1,1787604672.4055698,G1,T02,sel_con_vicino,1,static
965100,1,0,1,0,150,0,100,0,17,29,20,6,7,3,2,4,3,0,0,100,100,65,36,25,15,5,10,1,1787604672.5975802,G1,T02,sel_con_vicino,1,static
965300,1,0,1,0,150,0,100,0,21,29,34,10,6,5,5,4,2,0,0,100,100,65,35,24,14,5,10,1,1787604672.7896712,G1,T02,sel_con_vicino,1,static
965500,1,1,1,122,125,69,100,0,21,62,69,26,13,6,4,4,2,0,0,100,100,67,33,24,15,5,10,1,1787604672.9975348,G1,T02,sel_con_vicino,1,static
965700,1,1,1,126,129,76,100,0,20,64,76,24,13,6,6,4,2,0,0,100,100,71,33,24,15,5,10,1,1787604673.2052557,G1,T02,sel_con_vicino,1,static
965900,1,1,1,132,129,72,100,0,25,55,72,25,13,8,9,3,3,0,0,100,100,76,36,25,16,5,10,1,1787604673.3986132,G1,T02,sel_con_vicino,1,static
966100,1,1,1,133,133,66,100,0,21,48,66,19,13,10,2,1,3,0,0,100,100,79,38,26,16,5,10,1,1787604673.6060288,G1,T02,sel_con_vicino,1,static
966300,1,0,1,0,128,0,100,0,18,22,14,7,4,3,2,2,3,0,0,100,100,83,39,28,15,5,10,1,1787604673.7979727,G1,T02,sel_con_vicino,1,static
966500,1,1,1,117,109,100,100,0,13,100,100,37,15,12,8,4,4,0,0,100,100,83,41,29,15,5,10,1,1787604674.0061817,G1,T02,sel_con_vicino,1,static
966700,1,1,1,113,119,100,100,0,25,100,100,27,9,4,5,4,4,0,0,100,100,80,40,28,15,5,10,1,1787604674.1992,G1,T02,sel_con_vicino,1,static
966900,1,1,1,136,113,45,100,0,21,32,45,17,4,1,3,5,4,0,0,100,100,78,38,27,15,5,10,1,1787604674.39169,G1,T02,sel_con_vicino,1,static
967100,1,0,1,0,136,0,100,0,19,27,12,5,4,2,2,5,4,0,0,100,100,75,36,26,15,5,10,1,1787604674.6001215,G1,T02,sel_con_vicino,1,static
967300,1,1,1,134,136,48,100,0,15,35,48,15,4,2,1,5,4,0,0,100,100,71,35,26,14,5,10,1,1787604674.7923424,G1,T02,sel_con_vicino,1,static
967500,1,0,1,0,122,0,100,0,15,14,6,6,4,1,2,6,4,0,0,100,100,67,33,25,14,4,10,1,1787604675.0011897,G1,T02,sel_con_vicino,1,static
967700,1,1,1,117,118,100,100,0,36,100,100,34,2,4,7,4,6,0,0,100,100,65,31,24,14,4,10,1,1787604675.1935606,G1,T02,sel_con_vicino,1,static
967900,1,1,1,115,118,100,100,0,19,100,100,34,6,4,3,3,5,0,0,100,100,64,30,24,14,4,10,1,1787604675.401019,G1,T02,sel_con_vicino,1,static
968100,1,1,1,116,121,100,100,0,28,100,100,39,3,7,6,3,3,0,0,100,100,64,29,26,15,4,10,1,1787604675.5934756,G1,T02,sel_con_vicino,1,static
968300,1,1,1,103,110,100,100,0,21,100,100,24,10,2,7,5,4,0,0,100,100,65,29,27,15,4,10,1,1787604675.8017712,G1,T02,sel_con_vicino,1,static
968500,1,1,1,94,97,100,100,0,32,100,100,35,21,12,3,4,2,0,0,100,100,70,30,27,15,4,10,1,1787604675.9935853,G1,T02,sel_con_vicino,1,static
968700,1,1,1,92,92,55,100,0,20,17,55,38,12,10,7,2,4,0,0,100,100,70,31,27,15,4,10,1,1787604676.2010098,G1,T02,sel_con_vicino,1,static
968900,1,1,1,97,124,100,100,0,35,100,87,24,10,7,4,2,5,0,0,100,100,70,31,27,15,5,10,1,1787604676.3930638,G1,T02,sel_con_vicino,1,static
969100,1,1,1,93,91,87,100,0,17,87,64,16,12,6,3,1,5,0,0,100,100,74,31,27,15,5,10,1,1787604676.602428,G1,T02,sel_con_vicino,1,static
969300,1,1,1,131,115,71,100,0,13,53,71,16,5,5,5,0,4,0,0,100,100,78,32,27,15,5,10,1,1787604676.7940605,G1,T02,sel_con_vicino,1,static
969500,1,1,1,80,131,62,100,0,31,62,40,12,7,9,5,1,5,0,0,100,100,76,34,27,15,5,10,1,1787604677.0013776,G1,T02,sel_con_vicino,1,static
969700,1,0,1,0,80,0,100,0,18,22,23,16,6,2,4,2,4,0,0,100,100,72,35,25,14,5,10,1,1787604677.1922445,G1,T02,sel_con_vicino,1,static
969900,1,0,1,0,80,0,100,0,16,48,35,31,3,6,4,3,2,0,0,100,100,66,33,24,14,5,10,1,1787604677.4000242,G1,T02,sel_con_vicino,1,static
970100,1,1,1,91,91,100,100,0,17,100,80,30,11,11,5,4,5,0,0,100,100,62,32,22,14,5,10,1,1787604677.591643,G1,T02,sel_con_vicino,1,static
970300,1,1,1,96,91,100,100,0,20,100,97,16,6,4,7,5,5,0,0,100,100,59,31,20,15,5,10,1,1787604677.7989225,G1,T02,sel_con_vicino,1,static
970500,1,1,1,89,96,57,100,0,17,57,40,9,7,2,6,4,4,0,0,100,100,58,28,20,15,5,10,1,1787604677.9901905,G1,T02,sel_con_vicino,1,static
970700,1,0,1,0,89,0,100,0,22,15,9,11,3,3,7,6,3,0,0,100,100,60,28,19,15,5,10,1,1787604678.197494,G1,T02,sel_con_vicino,1,static
970900,1,0,1,0,89,0,100,0,20,37,28,13,5,3,5,7,3,0,0,100,100,62,28,19,16,5,10,1,1787604678.4051507,G1,T02,sel_con_vicino,1,static
971100,1,0,1,0,87,0,100,0,25,46,32,10,6,6,4,6,3,0,0,100,100,65,29,18,16,5,10,1,1787604678.5977418,G1,T02,sel_con_vicino,1,static
971300,1,1,1,116,87,51,100,0,15,49,51,7,2,4,4,6,1,0,0,100,100,67,29,17,16,6,10,1,1787604678.8053143,G1,T02,sel_con_vicino,1,static
971500,1,0,1,0,101,0,100,0,19,48,40,4,5,1,2,6,1,0,0,100,100,68,30,17,17,6,10,1,1787604678.997849,G1,T02,sel_con_vicino,1,static
971700,1,0,1,0,101,0,100,0,16,16,13,1,9,2,4,6,2,0,0,100,100,69,29,17,17,6,10,1,1787604679.2055964,G1,T02,sel_con_vicino,1,static
971900,1,0,1,0,101,0,100,0,13,35,37,10,8,7,5,5,3,0,0,100,100,70,30,15,16,6,10,1,1787604679.399248,G1,T02,sel_con_vicino,1,static
972100,1,1,1,110,109,90,100,0,24,90,88,18,6,9,6,4,2,0,0,100,100,71,30,14,16,6,10,1,1787604679.6055877,G1,T02,sel_con_vicino,1,static
972300,1,1,1,116,118,58,100,0,18,56,58,11,8,7,5,2,1,0,0,100,100,70,30,13,15,6,10,1,1787604679.797489,G1,T02,sel_con_vicino,1,static
972500,1,0,1,0,116,0,100,0,15,42,32,7,5,7,5,1,2,0,0,100,100,65,28,14,15,6,10,1,1787604679.9904387,G1,T02,sel_con_vicino,1,static
972700,1,0,1,0,99,0,100,0,19,41,30,8,2,7,5,1,2,0,0,100,100,64,27,15,15,6,10,1,1787604680.198862,G1,T02,sel_con_vicino,1,static
972900,1,1,1,133,99,43,100,0,21,31,43,10,6,4,5,3,2,0,0,100,100,62,27,16,15,6,10,1,1787604680.405783,G1,T02,sel_con_vicino,1,static
973100,1,1,1,110,119,100,100,0,16,100,100,14,9,9,5,4,3,0,0,100,100,56,27,16,15,6,10,1,1787604680.5976408,G1,T02,sel_con_vicino,1,static
973300,1,1,1,100,104,100,100,0,16,100,100,20,10,5,3,7,2,0,0,100,100,54,28,16,16,6,10,1,1787604680.8059754,G1,T02,sel_con_vicino,1,static
973500,1,1,1,78,89,100,100,0,36,100,52,35,13,11,5,4,3,0,0,100,100,57,27,16,16,6,10,1,1787604680.9989495,G1,T02,sel_con_vicino,1,static
973700,1,1,1,76,64,87,100,0,30,87,36,43,12,5,6,3,4,0,0,100,100,61,27,17,17,6,10,1,1787604681.1908922,G1,T02,sel_con_vicino,1,static
973900,1,1,1,88,83,100,100,0,16,100,86,36,15,1,5,2,6,0,0,100,100,68,26,18,17,6,10,1,1787604681.3988707,G1,T02,sel_con_vicino,1,static
974100,1,1,1,97,92,100,100,0,39,100,100,14,20,11,4,4,1,0,0,100,100,71,28,20,17,7,10,1,1787604681.592341,G1,T02,sel_con_vicino,1,static
974300,1,1,1,105,101,100,100,0,26,100,100,22,19,13,8,5,3,0,0,100,100,74,31,21,17,7,10,1,1787604681.7997563,G1,T02,sel_con_vicino,1,static
974500,1,1,1,105,107,100,100,0,30,100,100,17,19,9,10,3,6,0,0,100,100,78,35,21,18,8,10,1,1787604681.991805,G1,T02,sel_con_vicino,1,static
974700,1,1,1,104,97,85,100,0,27,85,79,19,9,9,7,2,7,0,0,100,100,81,39,22,17,8,10,1,1787604682.1987398,G1,T02,sel_con_vicino,1,static
974900,1,1,1,116,104,84,100,0,18,81,84,15,1,10,7,1,6,0,0,100,100,82,43,22,17,9,10,1,1787604682.3914015,G1,T02,sel_con_vicino,1,static
975100,1,0,1,0,119,0,100,0,15,38,37,8,4,8,6,1,5,0,0,100,100,82,45,23,16,9,10,1,1787604682.5998423,G1,T02,sel_con_vicino,1,static
975300,1,0,1,0,119,0,100,0,16,36,18,2,8,7,7,1,4,0,0,100,100,82,47,23,16,9,10,1,1787604682.7920432,G1,T02,sel_con_vicino,1,static
975500,1,1,1,84,119,59,100,0,16,59,34,7,12,8,8,1,4,0,0,100,100,83,49,24,15,9,10,1,1787604683.0005376,G1,T02,sel_con_vicino,1,static
975700,1,1,1,111,82,81,100,0,16,81,80,22,11,9,7,5,2,0,0,100,100,87,52,26,16,9,10,1,1787604683.1925287,G1,T02,sel_con_vicino,1,static
975900,1,1,1,106,126,100,100,0,42,100,100,12,32,21,3,3,4,0,0,100,100,96,58,28,16,10,10,1,1787604683.4006124,G1,T02,sel_con_vicino,1,static
976100,1,1,1,95,94,100,100,0,16,100,100,16,15,11,5,2,5,0,0,100,100,98,59,27,15,11,10,1,1787604683.5920603,G1,T02,sel_con_vicino,1,static
976300,1,1,1,97,90,55,100,0,15,55,46,23,15,10,3,5,1,0,0,100,100,100,59,26,16,11,10,1,1787604683.8006313,G1,T02,sel_con_vicino,1,static
976500,1,1,1,83,100,72,100,0,20,72,39,18,14,10,5,4,2,0,0,100,100,100,62,25,16,11,10,1,1787604683.9938514,G1,T02,sel_con_vicino,1,static
976700,1,1,1,106,91,100,100,0,14,100,95,9,9,6,2,3,1,0,0,100,100,100,64,24,16,11,10,1,1787604684.2025676,G1,T02,sel_con_vicino,1,static
976900,1,1,1,95,108,100,100,0,18,100,80,2,14,6,3,5,1,0,0,100,100,100,66,23,17,12,10,1,1787604684.3942807,G1,T02,sel_con_vicino,1,static
977100,1,1,1,84,92,100,100,0,34,100,67,18,12,9,5,5,2,0,0,100,100,100,67,23,17,12,10,1,1787604684.6024806,G1,T02,sel_con_vicino,1,static
977300,1,1,1,88,83,100,100,0,28,100,73,20,13,10,8,4,7,0,0,100,100,100,68,23,18,13,10,1,1787604684.794969,G1,T02,sel_con_vicino,1,static
977500,1,1,1,99,91,100,100,0,14,100,88,9,20,11,3,1,3,0,0,100,100,100,71,23,17,13,10,1,1787604685.001274,G1,T02,sel_con_vicino,1,static
977700,1,1,1,96,92,64,100,0,17,64,51,8,12,7,3,2,1,0,0,100,100,100,74,23,16,13,10,1,1787604685.1920013,G1,T02,sel_con_vicino,1,static
977900,1,1,1,96,96,56,100,0,24,56,48,10,11,10,2,2,2,0,0,100,100,100,78,23,16,13,10,1,1787604685.3989491,G1,T02,sel_con_vicino,1,static
978100,1,1,1,98,94,100,100,0,35,100,100,7,26,13,8,2,5,0,0,100,100,100,78,22,16,13,10,1,1787604685.5910375,G1,T02,sel_con_vicino,1,static
978300,1,1,1,99,102,100,100,0,14,100,100,11,7,6,8,3,5,0,0,100,100,100,77,22,15,13,10,1,1787604685.7988794,G1,T02,sel_con_vicino,1,static
978500,1,1,1,118,105,70,100,0,18,65,70,16,10,7,6,2,3,0,0,100,100,100,75,21,14,13,10,1,1787604685.9918995,G1,T02,sel_con_vicino,1,static
978700,1,0,1,0,139,0,100,0,19,14,25,21,14,7,1,3,2,0,0,100,100,100,74,21,14,13,10,1,1787604686.2006974,G1,T02,sel_con_vicino,1,static
978900,1,0,1,0,139,0,100,0,19,36,21,13,7,4,1,3,2,0,0,100,100,100,72,21,14,13,10,1,1787604686.3930166,G1,T02,sel_con_vicino,1,static
979100,1,0,1,0,139,0,100,0,14,25,20,6,9,6,1,4,1,0,0,100,100,100,71,21,14,13,10,1,1787604686.6020653,G1,T02,sel_con_vicino,1,static
979300,1,0,1,0,139,0,100,0,24,21,9,8,6,4,1,4,1,0,0,100,100,100,69,21,15,13,10,1,1787604686.7931452,G1,T02,sel_con_vicino,1,static
979500,1,0,1,0,139,0,100,0,15,31,37,13,5,3,3,5,1,0,0,100,100,100,67,21,15,12,10,1,1787604687.0011337,G1,T02,sel_con_vicino,1,static
979700,1,0,1,0,139,0,100,0,18,44,24,14,12,6,3,5,2,0,0,100,100,100,66,19,14,12,10,1,1787604687.192499,G1,T02,sel_con_vicino,1,static
979900,1,0,1,0,139,0,100,0,28,46,12,13,9,8,4,4,3,0,0,100,100,100,60,17,14,12,10,1,1787604687.399077,G1,T02,sel_con_vicino,1,static
980100,1,1,1,92,139,52,100,0,18,52,40,3,6,8,6,4,5,0,0,100,100,100,59,17,14,12,10,1,1787604687.590716,G1,T02,sel_con_vicino,1,static
980300,1,1,1,94,93,64,100,0,21,64,50,10,4,7,6,5,4,0,0,100,100,100,59,18,14,11,10,1,1787604687.7986038,G1,T02,sel_con_vicino,1,static
980500,1,0,1,0,150,0,100,0,25,43,21,5,5,5,6,5,5,0,0,100,100,100,56,18,13,12,10,1,1787604687.99161,G1,T02,sel_con_vicino,1,static
980700,1,0,1,0,150,0,100,0,21,49,30,7,7,5,6,5,5,0,0,100,100,100,53,18,13,11,10,1,1787604688.2001467,G1,T02,sel_con_vicino,1,static
980900,1,1,1,84,150,56,100,0,22,56,37,8,5,7,8,4,6,0,0,100,100,98,52,19,13,12,10,1,1787604688.3918362,G1,T02,sel_con_vicino,1,static
981100,1,0,1,0,84,0,100,0,18,22,18,11,6,6,8,4,6,0,0,100,100,99,51,19,12,12,10,1,1787604688.600124,G1,T02,sel_con_vicino,1,static
981300,1,0,1,0,84,0,100,0,14,38,38,11,1,5,7,4,6,0,0,100,100,98,50,19,11,12,10,1,1787604688.7931468,G1,T02,sel_con_vicino,1,static
981500,1,0,1,0,97,0,100,0,16,33,34,11,6,4,7,4,6,0,0,100,100,92,45,18,10,11,10,1,1787604688.9991715,G1,T02,sel_con_vicino,1,static
981700,1,0,1,0,97,0,100,0,17,44,35,9,8,5,6,5,4,0,0,100,100,86,41,18,10,11,10,1,1787604689.1914372,G1,T02,sel_con_vicino,1,static
981900,1,0,1,0,97,0,100,0,20,18,9,3,4,5,6,3,5,0,0,100,100,80,36,17,10,11,10,1,1787604689.3990211,G1,T02,sel_con_vicino,1,static
982100,1,0,1,0,97,0,100,0,14,14,15,10,1,5,7,3,5,0,0,100,100,74,31,16,10,10,10,1,1787604689.5914016,G1,T02,sel_con_vicino,1,static
982300,1,0,1,0,97,0,100,0,15,49,39,10,4,7,6,4,4,0,0,100,100,70,29,15,10,10,10,1,1787604689.7996721,G1,T02,sel_con_vicino,1,static
982500,1,1,1,101,102,86,100,0,15,86,74,17,8,7,3,5,2,0,0,100,100,68,27,16,10,10,10,1,1787604689.991478,G1,T02,sel_con_vicino,1,static
982700,1,0,1,0,98,0,100,0,20,47,39,12,9,1,1,4,2,0,0,100,100,66,26,16,10,10,10,1,1787604690.1993065,G1,T02,sel_con_vicino,1,static
982900,1,0,1,0,98,0,100,0,14,11,20,2,3,1,1,5,1,0,0,100,100,64,25,16,9,11,10,1,1787604690.3909256,G1,T02,sel_con_vicino,1,static
983100,1,1,1,103,126,64,100,0,17,64,58,10,4,2,2,6,1,0,0,100,100,63,25,16,9,11,10,1,1787604690.599057,G1,T02,sel_con_vicino,1,static
983300,1,1,1,94,97,100,100,0,20,100,96,15,10,3,3,6,3,0,0,100,100,61,23,16,9,11,10,1,1787604690.8065999,G1,T02,sel_con_vicino,1,static
983500,1,1,1,96,95,100,100,0,30,100,100,15,10,9,7,5,6,0,0,100,100,60,24,16,9,11,10,1,1787604690.998925,G1,T02,sel_con_vicino,1,static
983700,1,1,1,94,97,100,100,0,64,100,100,13,12,9,6,5,6,0,0,100,100,63,25,17,9,11,10,1,1787604691.2064366,G1,T02,sel_con_vicino,1,static
983900,1,1,1,99,98,100,100,0,22,100,100,12,15,10,4,3,6,0,0,100,100,70,27,17,10,12,10,1,1787604691.3995075,G1,T02,sel_con_vicino,1,static
984100,1,1,1,97,99,100,100,0,19,100,97,1,10,6,4,3,5,0,0,100,100,79,31,17,12,13,10,1,1787604691.591988,G1,T02,sel_con_vicino,1,static
984300,1,0,1,0,117,0,100,0,21,31,15,8,1,1,4,4,5,0,0,100,100,86,34,17,12,13,10,1,1787604691.8002295,G1,T02,sel_con_vicino,1,static
984500,1,1,1,99,97,100,100,0,20,100,100,5,11,10,5,5,6,0,0,100,100,91,36,17,13,14,10,1,1787604691.9913201,G1,T02,sel_con_vicino,1,static
984700,1,1,1,91,100,54,100,0,16,54,40,4,9,10,7,4,6,0,0,100,100,93,37,17,14,14,10,1,1787604692.1979196,G1,T02,sel_con_vicino,1,static
984900,1,0,1,0,91,0,100,0,15,50,32,10,5,9,7,4,6,0,0,100,100,95,37,17,14,14,10,1,1787604692.390165,G1,T02,sel_con_vicino,1,static
985100,1,1,1,99,96,100,100,0,13,100,94,7,11,7,7,5,6,0,0,100,100,95,37,16,15,14,10,1,1787604692.5996518,G1,T02,sel_con_vicino,1,static
985300,1,1,1,101,99,100,100,0,15,100,100,9,9,4,8,5,6,0,0,100,100,94,37,16,16,14,10,1,1787604692.8063238,G1,T02,sel_con_vicino,1,static
985500,1,1,1,104,97,100,100,0,18,100,100,13,4,7,8,5,5,0,0,100,100,95,38,17,16,15,10,1,1787604692.9990478,G1,T02,sel_con_vicino,1,static
985700,1,1,1,108,100,52,100,0,16,52,50,11,4,7,7,5,5,0,0,100,100,97,40,17,17,15,10,1,1787604693.1913776,G1,T02,sel_con_vicino,1,static
985900,1,1,1,99,150,51,100,0,18,51,44,7,7,6,7,5,5,0,0,100,100,98,41,18,18,15,10,1,1787604693.400387,G1,T02,sel_con_vicino,1,static
986100,1,0,1,0,118,0,100,0,16,27,25,5,8,5,5,6,5,0,0,100,100,100,42,19,19,16,10,1,1787604693.5922885,G1,T02,sel_con_vicino,1,static
986300,1,1,1,150,118,44,100,0,16,49,44,9,9,5,6,5,4,0,0,100,100,100,44,19,19,17,10,1,1787604693.7991533,G1,T02,sel_con_vicino,1,static
986500,1,1,1,107,104,96,100,0,17,96,90,15,9,8,2,5,2,0,0,100,100,100,45,20,20,17,10,1,1787604693.9910321,G1,T02,sel_con_vicino,1,static
986700,1,1,1,104,104,100,100,0,14,100,100,10,10,6,3,5,1,0,0,100,100,100,47,20,20,17,10,1,1787604694.1992517,G1,T02,sel_con_vicino,1,static
986900,1,1,1,104,104,100,100,0,36,100,100,19,6,8,2,2,2,0,0,100,100,100,48,20,20,17,10,1,1787604694.406585,G1,T02,sel_con_vicino,1,static
987100,1,1,1,101,104,100,100,0,40,100,100,21,11,5,2,1,3,0,0,100,100,100,47,20,21,17,10,1,1787604694.5989773,G1,T02,sel_con_vicino,1,static
987300,1,1,1,105,102,100,100,0,20,100,100,30,4,7,2,3,4,0,0,100,100,100,49,21,21,17,10,1,1787604694.805962,G1,T02,sel_con_vicino,1,static
987500,1,1,1,108,107,75,100,0,18,75,73,16,9,8,3,3,5,0,0,100,100,100,52,21,21,17,10,1,1787604694.9975858,G1,T02,sel_con_vicino,1,static
987700,1,1,1,124,108,89,100,0,16,78,89,26,7,9,1,3,6,0,0,100,100,100,52,21,21,17,10,1,1787604695.2056024,G1,T02,sel_con_vicino,1,static
987900,1,1,1,114,122,100,100,0,23,100,100,20,5,6,1,1,5,0,0,100,100,91,50,21,20,16,10,1,1787604695.3978798,G1,T02,sel_con_vicino,1,static
988100,1,1,1,107,105,65,100,0,15,65,61,8,8,6,4,2,3,0,0,100,100,81,46,21,19,15,10,1,1787604695.6051931,G1,T02,sel_con_vicino,1,static
988300,1,1,1,150,114,42,100,0,13,44,42,8,6,8,3,1,2,0,0,100,100,73,42,22,18,15,10,1,1787604695.7976365,G1,T02,sel_con_vicino,1,static
988500,1,1,1,104,107,91,100,0,20,91,83,12,6,7,4,3,1,0,0,100,100,70,41,22,17,14,10,1,1787604696.0064013,G1,T02,sel_con_vicino,1,static
988700,1,0,1,0,118,0,100,0,14,12,10,5,3,4,3,3,1,0,0,100,100,68,40,22,16,14,10,1,1787604696.197997,G1,T02,sel_con_vicino,1,static
988900,1,0,1,0,118,0,100,0,20,44,27,7,7,3,1,2,1,0,0,100,100,65,40,22,16,14,10,1,1787604696.4056628,G1,T02,sel_con_vicino,1,static
989100,1,0,1,0,118,0,100,0,16,31,25,3,5,2,1,2,2,0,0,100,100,64,40,22,16,14,10,1,1787604696.598106,G1,T02,sel_con_vicino,1,static
989300,1,0,1,0,94,0,100,0,21,35,30,8,6,3,1,1,3,0,0,100,100,63,40,21,15,14,10,1,1787604696.7909656,G1,T02,sel_con_vicino,1,static
989500,1,1,1,92,94,56,100,0,19,56,43,11,2,2,2,1,3,0,0,100,100,61,39,21,15,13,10,1,1787604696.998066,G1,T02,sel_con_vicino,1,static
989700,1,0,1,0,92,0,100,0,17,48,40,8,4,4,3,1,3,0,0,100,100,58,38,21,14,12,10,1,1787604697.2059178,G1,T02,sel_con_vicino,1,static
989900,1,0,1,0,92,0,100,0,24,48,38,13,4,4,4,1,5,0,0,100,100,55,37,21,14,12,10,1,1787604697.39749,G1,T02,sel_con_vicino,1,static
990100,1,1,1,111,103,90,100,0,14,90,90,20,8,6,3,1,5,0,0,100,100,53,35,20,13,11,10,1,1787604697.605891,G1,T02,sel_con_vicino,1,static
990300,1,1,1,100,113,71,100,0,14,71,60,13,9,7,1,3,5,0,0,100,100,50,34,19,13,11,10,1,1787604697.7975178,G1,T02,sel_con_vicino,1,static
990500,1,0,1,0,97,0,100,0,17,16,10,8,7,7,1,4,5,0,0,100,100,45,33,18,13,10,10,1,1787604698.0055592,G1,T02,sel_con_vicino,1,static
990700,1,1,1,107,111,100,100,0,15,100,100,25,6,7,1,1,5,0,0,100,100,40,31,17,12,9,10,1,1787604698.198378,G1,T02,sel_con_vicino,1,static
990900,1,1,1,108,111,100,100,0,33,100,100,31,5,2,3,1,1,0,0,100,100,37,29,16,12,9,10,1,1787604698.4065182,G1,T02,sel_con_vicino,1,static
991100,1,1,1,108,114,100,100,0,30,100,100,27,7,5,4,4,1,0,0,100,100,36,29,16,12,9,10,1,1787604698.598183,G1,T02,sel_con_vicino,1,static
991300,1,1,1,106,107,100,100,0,16,100,100,16,1,1,6,5,2,0,0,100,100,36,27,16,13,10,10,1,1787604698.8061898,G1,T02,sel_con_vicino,1,static
991500,1,1,1,100,103,51,100,0,13,51,44,7,4,3,5,6,2,0,0,100,100,35,25,16,13,11,10,1,1787604698.9978538,G1,T02,sel_con_vicino,1,static
991700,1,1,1,116,100,51,100,0,17,49,51,9,1,1,6,5,2,0,0,100,100,34,23,16,13,11,10,1,1787604699.2059765,G1,T02,sel_con_vicino,1,static
991900,1,1,1,99,116,56,100,0,14,56,47,7,2,2,5,6,2,0,0,100,100,34,22,17,14,12,10,1,1787604699.3985076,G1,T02,sel_con_vicino,1,static
992100,1,0,1,0,98,0,100,0,16,20,16,7,2,1,5,6,2,0,0,100,100,33,22,16,14,12,10,1,1787604699.6060405,G1,T02,sel_con_vicino,1,static
992300,1,1,1,102,99,100,100,0,29,100,100,12,2,5,5,4,1,0,0,100,100,31,22,16,14,12,10,1,1787604699.7976527,G1,T02,sel_con_vicino,1,static
992500,1,1,1,102,99,100,100,0,42,100,100,26,9,9,1,1,2,0,0,100,100,29,22,16,14,12,10,1,1787604700.0062728,G1,T02,sel_con_vicino,1,static
992700,1,1,1,106,103,100,100,0,30,100,100,21,5,4,3,1,3,0,0,100,100,29,22,16,14,12,10,1,1787604700.19889,G1,T02,sel_con_vicino,1,static
992900,1,1,1,103,107,80,100,0,23,80,72,15,7,3,5,1,4,0,0,100,100,30,22,17,14,12,10,1,1787604700.3912134,G1,T02,sel_con_vicino,1,static
993100,1,0,1,0,101,0,100,0,22,48,39,6,6,3,5,1,5,0,0,100,100,31,23,18,14,13,10,1,1787604700.5984845,G1,T02,sel_con_vicino,1,static
993300,1,1,1,106,150,63,100,0,24,63,59,12,6,1,3,3,5,0,0,100,100,33,24,19,15,13,10,1,1787604700.8061442,G1,T02,sel_con_vicino,1,static
993500,1,0,1,0,104,0,100,0,14,43,39,10,6,1,3,5,5,0,0,100,100,35,24,18,16,13,10,1,1787604700.9991827,G1,T02,sel_con_vicino,1,static
993700,1,1,1,120,104,56,100,0,17,51,56,13,5,4,1,3,6,0,0,100,100,35,24,17,16,14,10,1,1787604701.190826,G1,T02,sel_con_vicino,1,static
993900,1,1,1,113,118,100,100,0,23,100,100,20,4,7,1,2,4,0,0,100,100,36,24,17,16,14,10,1,1787604701.3991137,G1,T02,sel_con_vicino,1,static
994100,1,1,1,114,107,100,100,0,15,100,100,28,4,4,2,1,3,0,0,100,100,36,24,16,15,14,10,1,1787604701.595047,G1,T02,sel_con_vicino,1,static
994300,1,1,1,108,113,100,100,0,35,100,100,30,7,7,3,4,1,0,0,100,100,37,24,17,15,14,10,1,1787604701.8001552,G1,T02,sel_con_vicino,1,static
994500,1,1,1,106,106,100,100,0,16,100,100,19,8,8,4,4,1,0,0,100,100,38,24,18,16,15,10,1,1787604701.9923291,G1,T02,sel_con_vicino,1,static
994700,1,1,1,103,107,100,100,0,15,100,89,14,3,6,5,6,1,0,0,100,100,38,24,19,16,15,10,1,1787604702.2007182,G1,T02,sel_con_vicino,1,static
994900,1,1,1,104,105,100,100,0,17,100,100,15,6,4,6,6,3,0,0,100,100,40,25,19,17,16,10,1,1787604702.3931034,G1,T02,sel_con_vicino,1,static
995100,1,0,1,0,101,0,100,0,18,23,19,6,7,6,7,6,3,0,0,100,100,42,27,20,17,16,10,1,1787604702.6031451,G1,T02,sel_con_vicino,1,static
995300,1,1,1,105,105,100,100,0,19,100,100,13,2,2,5,5,1,0,0,100,100,43,27,19,17,16,10,1,1787604702.7939491,G1,T02,sel_con_vicino,1,static
995500,1,1,1,101,107,74,100,0,25,74,66,11,7,6,3,7,1,0,0,100,100,42,26,18,16,15,10,1,1787604703.0028481,G1,T02,sel_con_vicino,1,static
995700,1,0,1,0,101,0,100,0,14,11,7,3,5,5,3,6,1,0,0,100,100,41,25,17,16,14,10,1,1787604703.1945727,G1,T02,sel_con_vicino,1,static
995900,1,0,1,0,101,0,100,0,18,40,31,1,6,6,3,5,1,0,0,100,100,40,24,16,16,14,10,1,1787604703.4032261,G1,T02,sel_con_vicino,1,static
996100,1,1,1,100,96,97,100,0,23,97,83,13,7,10,1,4,1,0,0,100,100,40,25,16,16,13,10,1,1787604703.5956454,G1,T02,sel_con_vicino,1,static
996300,1,1,1,97,98,88,100,0,28,88,74,12,9,10,1,2,1,0,0,100,100,41,25,16,16,13,10,1,1787604703.8031604,G1,T02,sel_con_vicino,1,static
996500,1,1,1,106,104,100,100,0,33,100,100,26,9,6,2,1,2,0,0,100,100,41,25,16,16,13,10,1,1787604703.9952714,G1,T02,sel_con_vicino,1,static
996700,1,1,1,111,108,100,100,0,38,100,100,26,6,4,3,2,3,0,0,100,100,42,25,16,16,13,10,1,1787604704.203183,G1,T02,sel_con_vicino,1,static
996900,1,1,1,106,107,75,100,0,14,75,70,11,9,3,3,2,5,0,0,100,100,41,24,16,16,13,10,1,1787604704.3950386,G1,T02,sel_con_vicino,1,static
997100,1,1,1,108,103,100,100,0,14,100,98,16,5,2,3,4,6,0,0,100,100,40,23,15,17,13,10,1,1787604704.6030912,G1,T02,sel_con_vicino,1,static
997300,1,1,1,118,110,45,100,0,14,42,45,12,7,4,5,6,5,0,0,100,100,38,23,15,17,13,10,1,1787604704.7951996,G1,T02,sel_con_vicino,1,static
997500,1,0,1,0,118,0,100,0,14,25,16,8,5,5,6,6,6,0,0,100,100,37,23,16,17,14,10,1,1787604705.0034847,G1,T02,sel_con_vicino,1,static
997700,1,1,1,108,118,55,100,0,16,55,53,9,3,8,5,5,4,0,0,100,100,36,24,17,17,13,10,1,1787604705.1956835,G1,T02,sel_con_vicino,1,static
997900,1,0,1,0,115,0,100,0,20,40,39,11,5,9,6,4,4,0,0,100,100,36,26,18,17,13,10,1,1787604705.4036143,G1,T02,sel_con_vicino,1,static
998100,1,0,1,0,115,0,100,0,18,34,35,8,8,9,5,3,4,0,0,100,100,36,27,18,18,13,10,1,1787604705.595718,G1,T02,sel_con_vicino,1,static
998300,1,0,1,0,115,0,100,0,20,12,12,3,6,7,5,2,5,0,0,100,100,36,28,18,17,13,10,1,1787604705.8035614,G1,T02,sel_con_vicino,1,static
998500,1,0,1,0,115,0,100,0,20,33,23,6,5,5,4,3,4,0,0,100,100,35,28,17,16,12,10,1,1787604705.996207,G1,T02,sel_con_vicino,1,static
998700,1,0,1,0,115,0,100,0,14,17,15,9,6,3,5,3,3,0,0,100,100,34,29,17,15,11,10,1,1787604706.201954,G1,T02,sel_con_vicino,1,static
998900,1,0,1,0,115,0,100,0,14,19,22,12,7,2,4,2,4,0,0,100,100,33,29,16,14,10,10,1,1787604706.394135,G1,T02,sel_con_vicino,1,static
999100,1,0,1,0,115,0,100,0,18,40,29,9,4,1,5,4,4,0,0,100,100,31,28,15,14,9,10,1,1787604706.602464,G1,T02,sel_con_vicino,1,static
999300,1,1,1,91,115,54,100,0,18,54,40,9,2,4,4,5,5,0,0,100,100,31,29,15,13,9,10,1,1787604706.7946446,G1,T02,sel_con_vicino,1,static
999500,1,1,1,101,100,77,100,0,15,77,67,13,8,9,6,6,5,0,0,100,100,33,30,16,13,9,10,1,1787604707.0024297,G1,T02,sel_con_vicino,1,static
999700,1,1,1,101,97,60,100,0,19,60,53,5,9,3,7,7,5,0,0,100,100,35,32,16,13,9,10,1,1787604707.195885,G1,T02,sel_con_vicino,1,static
999900,1,0,1,0,101,0,100,0,15,13,5,5,9,2,5,7,5,0,0,100,100,37,34,17,13,9,10,1,1787604707.4030435,G1,T02,sel_con_vicino,1,static
1000100,1,0,1,0,101,0,100,0,18,24,32,7,4,4,5,7,5,0,0,100,100,40,35,17,13,9,10,1,1787604707.5975957,G1,T02,sel_con_vicino,1,static
1000300,1,0,1,0,101,0,100,0,17,32,34,11,10,5,5,7,6,0,0,100,100,42,35,18,14,9,10,1,1787604707.8027349,G1,T02,sel_con_vicino,1,static
1000500,1,0,1,0,99,0,100,0,19,27,29,8,8,5,5,6,5,0,0,100,100,43,35,17,14,9,10,1,1787604707.9975975,G1,T02,sel_con_vicino,1,static
1000700,1,0,1,0,99,0,100,0,17,16,12,8,2,3,6,6,6,0,0,100,100,43,35,17,13,9,10,1,1787604708.2036376,G1,T02,sel_con_vicino,1,static
1000900,1,1,1,87,99,62,100,0,26,62,45,9,9,3,6,7,5,0,0,100,100,43,36,17,13,8,10,1,1787604708.3980253,G1,T02,sel_con_vicino,1,static
1001100,1,1,1,101,96,86,100,0,23,86,76,9,9,4,6,8,4,0,0,100,100,42,36,17,12,7,10,1,1787604708.6049376,G1,T02,sel_con_vicino,1,static
1001300,1,1,1,150,99,44,100,0,18,49,44,9,7,4,6,7,5,0,0,100,100,42,36,16,11,7,10,1,1787604708.8049939,G1,T02,sel_con_vicino,1,static
1001500,1,1,1,150,150,46,100,0,23,47,46,7,7,7,6,5,5,0,0,100,100,42,36,15,10,6,10,1,1787604709.006496,G1,T02,sel_con_vicino,1,static
1001700,1,1,1,111,108,100,100,0,28,100,100,17,6,9,5,3,4,0,0,100,100,42,37,15,10,6,10,1,1787604709.2067924,G1,T02,sel_con_vicino,1,static
1001900,1,1,1,111,106,81,100,0,20,81,80,8,8,5,3,2,3,0,0,100,100,42,37,16,11,6,10,1,1787604709.4066043,G1,T02,sel_con_vicino,1,static
1002100,1,1,1,103,104,62,100,0,13,62,55,8,10,1,4,1,3,0,0,100,100,41,37,16,11,7,10,1,1787604709.6043355,G1,T02,sel_con_vicino,1,static
1002300,1,0,1,0,113,0,100,0,17,11,9,7,4,3,4,1,2,0,0,100,100,41,38,17,12,7,10,1,1787604709.800264,G1,T02,sel_con_vicino,1,static
1002500,1,1,1,94,89,100,100,0,21,100,88,11,4,11,5,2,3,0,0,100,100,42,38,17,12,8,10,1,1787604709.9931097,G1,T02,sel_con_vicino,1,static
1002700,1,1,1,99,97,100,100,0,18,100,95,12,10,9,7,5,3,0,0,100,100,44,39,18,12,8,10,1,1787604710.2009978,G1,T02,sel_con_vicino,1,static
1002900,1,1,1,106,103,100,100,0,14,100,100,14,5,14,9,6,5,0,0,100,100,44,40,19,12,8,10,1,1787604710.39305,G1,T02,sel_con_vicino,1,static
1003100,1,1,1,100,100,73,100,0,14,73,62,13,3,3,8,6,5,0,0,100,100,43,42,20,12,8,10,1,1787604710.6061168,G1,T02,sel_con_vicino,1,static
1003300,1,1,1,101,98,68,100,0,14,68,59,12,11,3,3,5,5,0,0,100,100,45,42,21,13,8,10,1,1787604710.7959173,G1,T02,sel_con_vicino,1,static
1003500,1,1,1,91,93,69,100,0,16,69,48,10,7,2,1,5,3,0,0,100,100,47,41,22,13,8,10,1,1787604711.0030627,G1,T02,sel_con_vicino,1,static
1003700,1,0,1,0,101,0,100,0,18,44,39,9,8,2,2,4,3,0,0,100,100,50,40,23,13,9,10,1,1787604711.197134,G1,T02,sel_con_vicino,1,static
1003900,1,0,1,0,101,0,100,0,15,24,19,10,10,3,3,4,2,0,0,100,100,52,39,23,13,9,10,1,1787604711.404692,G1,T02,sel_con_vicino,1,static
1004100,1,0,1,0,101,0,100,0,13,23,20,6,5,3,6,4,2,0,0,100,100,53,38,24,13,9,10,1,1787604711.606574,G1,T02,sel_con_vicino,1,static
1004300,1,0,1,0,101,0,100,0,18,33,17,9,4,2,4,4,2,0,0,100,100,53,37,24,13,9,10,1,1787604711.8052235,G1,T02,sel_con_vicino,1,static
1004500,1,0,1,0,101,0,100,0,17,50,33,15,10,3,4,3,3,0,0,100,100,53,37,24,13,9,10,1,1787604711.9970372,G1,T02,sel_con_vicino,1,static
1004700,1,1,1,91,96,67,100,0,14,67,48,11,12,3,3,4,4,0,0,100,100,53,36,24,13,9,10,1,1787604712.2047083,G1,T02,sel_con_vicino,1,static
1004900,1,0,1,0,91,0,100,0,13,17,20,10,1,4,3,5,3,0,0,100,100,54,35,25,13,8,10,1,1787604712.397161,G1,T02,sel_con_vicino,1,static
1005100,1,1,1,150,150,47,100,0,17,48,47,20,10,4,3,4,4,0,0,100,100,54,34,25,13,8,10,1,1787604712.605825,G1,T02,sel_con_vicino,1,static
1005300,1,1,1,106,107,57,100,0,18,57,53,24,11,2,5,3,3,0,0,100,100,55,33,25,13,8,10,1,1787604712.7974606,G1,T02,sel_con_vicino,1,static
1005500,1,0,1,0,106,0,100,0,18,32,28,10,3,1,6,4,4,0,0,100,100,57,32,25,12,8,10,1,1787604713.005239,G1,T02,sel_con_vicino,1,static
1005700,1,0,1,0,106,0,100,0,18,20,20,11,1,1,6,4,4,0,0,100,100,59,31,24,12,8,10,1,1787604713.19715,G1,T02,sel_con_vicino,1,static
1005900,1,0,1,0,106,0,100,0,15,41,34,14,3,4,5,5,4,0,0,100,100,61,30,23,11,7,10,1,1787604713.4055426,G1,T02,sel_con_vicino,1,static
1006100,1,0,1,0,106,0,100,0,20,20,16,5,2,4,6,5,3,0,0,100,100,62,29,22,11,7,10,1,1787604713.597919,G1,T02,sel_con_vicino,1,static
1006300,1,0,1,0,106,0,100,0,16,27,24,10,2,3,5,4,4,0,0,100,100,62,28,21,10,6,10,1,1787604713.8055897,G1,T02,sel_con_vicino,1,static
1006500,1,0,1,0,106,0,100,0,14,20,29,11,3,1,6,5,2,0,0,100,100,62,27,20,9,6,10,1,1787604713.998042,G1,T02,sel_con_vicino,1,static
1006700,1,0,1,0,106,0,100,0,18,16,29,19,10,3,5,5,4,0,0,100,100,60,25,20,9,6,10,1,1787604714.2067144,G1,T02,sel_con_vicino,1,static
1006900,1,1,1,93,106,56,100,0,19,56,43,22,7,6,4,4,4,0,0,100,100,62,23,19,9,6,10,1,1787604714.4000115,G1,T02,sel_con_vicino,1,static
1007100,1,0,1,0,93,0,100,0,15,38,25,13,8,6,2,5,3,0,0,100,100,65,21,18,9,6,10,1,1787604714.5914052,G1,T02,sel_con_vicino,1,static
1007300,1,0,1,0,93,0,100,0,19,28,11,5,6,4,1,5,4,0,0,100,100,65,19,16,8,6,10,1,1787604714.7992013,G1,T02,sel_con_vicino,1,static
1007500,1,0,1,0,93,0,100,0,15,13,11,7,4,2,2,6,4,0,0,100,100,64,18,15,8,6,10,1,1787604714.9916022,G1,T02,sel_con_vicino,1,static
1007700,1,0,1,0,93,0,100,0,14,14,7,3,3,2,3,5,5,0,0,100,100,63,17,14,7,5,10,1,1787604715.205188,G1,T02,sel_con_vicino,1,static
1007900,1,0,1,0,93,0,100,0,17,24,15,3,5,3,3,5,4,0,0,100,100,62,16,13,6,5,10,1,1787604715.4058697,G1,T02,sel_con_vicino,1,static
1008100,1,1,1,90,93,77,100,0,27,77,57,20,9,5,2,5,6,0,0,100,100,64,15,12,6,5,10,1,1787604715.5975442,G1,T02,sel_con_vicino,1,static
1008300,1,1,1,100,97,100,100,0,40,100,100,17,12,9,4,5,5,0,0,100,100,67,16,11,6,5,10,1,1787604715.8064244,G1,T02,sel_con_vicino,1,static
1008500,1,1,1,104,101,100,100,0,25,100,100,19,8,6,8,4,4,0,0,100,100,69,17,11,6,5,10,1,1787604715.997565,G1,T02,sel_con_vicino,1,static
1008700,1,1,1,110,104,85,100,0,18,85,84,14,4,1,8,2,5,0,0,100,100,70,17,12,7,5,10,1,1787604716.2056603,G1,T02,sel_con_vicino,1,static
1008900,1,0,1,0,116,0,100,0,15,35,33,7,4,2,3,4,3,0,0,100,100,69,18,12,7,6,10,1,1787604716.3980513,G1,T02,sel_con_vicino,1,static
1009100,1,1,1,119,108,52,100,0,22,48,52,10,8,3,2,2,3,0,0,100,100,69,19,13,7,6,10,1,1787604716.606385,G1,T02,sel_con_vicino,1,static
1009300,1,0,1,0,119,0,100,0,17,28,20,5,8,5,3,3,3,0,0,100,100,67,20,14,7,7,10,1,1787604716.7999883,G1,T02,sel_con_vicino,1,static
1009500,1,0,1,0,119,0,100,0,13,18,21,9,5,5,2,3,3,0,0,100,100,64,20,15,7,7,10,1,1787604717.007048,G1,T02,sel_con_vicino,1,static
1009700,1,1,1,100,93,88,100,0,17,88,74,13,9,8,4,3,4,0,0,100,100,62,21,16,8,7,10,1,1787604717.19942,G1,T02,sel_con_vicino,1,static
1009900,1,1,1,100,101,100,100,0,13,100,96,10,10,11,7,5,4,0,0,100,100,62,24,16,8,7,10,1,1787604717.3919406,G1,T02,sel_con_vicino,1,static
1010100,1,1,1,105,94,62,100,0,16,62,57,14,10,1,7,6,4,0,0,100,100,62,25,16,8,7,10,1,1787604717.6001353,G1,T02,sel_con_vicino,1,static
1010300,1,1,1,106,106,52,100,0,20,52,49,9,13,10,7,7,4,0,0,100,100,64,27,17,8,8,10,1,1787604717.792014,G1,T02,sel_con_vicino,1,static
1010500,1,0,1,0,95,0,100,0,19,36,32,11,10,10,4,4,6,0,0,100,100,68,29,18,8,8,10,1,1787604717.9997818,G1,T02,sel_con_vicino,1,static
1010700,1,0,1,0,95,0,100,0,17,18,20,4,6,2,2,5,6,0,0,100,100,72,31,19,8,8,10,1,1787604718.1921484,G1,T02,sel_con_vicino,1,static
1010900,1,0,1,0,95,0,100,0,23,13,18,8,10,4,3,3,7,0,0,100,100,75,31,19,8,9,10,1,1787604718.400313,G1,T02,sel_con_vicino,1,static
1011100,1,1,1,94,123,88,100,0,17,88,66,22,13,9,5,4,5,0,0,100,100,78,32,19,8,9,10,1,1787604718.5933778,G1,T02,sel_con_vicino,1,static
1011300,1,1,1,87,95,100,100,0,19,100,76,34,12,3,3,5,2,0,0,100,100,80,32,19,9,9,10,1,1787604718.79988,G1,T02,sel_con_vicino,1,static
1011500,1,1,1,75,82,100,100,0,32,100,37,30,7,7,6,4,1,0,0,100,100,82,33,20,9,10,10,1,1787604718.9920883,G1,T02,sel_con_vicino,1,static
1011700,1,1,1,75,71,67,100,0,21,67,22,17,6,7,8,5,3,0,0,100,100,83,35,20,10,11,10,1,1787604719.2025938,G1,T02,sel_con_vicino,1,static
1011900,1,0,1,0,75,0,100,0,16,14,20,14,8,3,5,5,2,0,0,100,100,80,35,21,11,11,10,1,1787604719.3954961,G1,T02,sel_con_vicino,1,static
1012100,1,0,1,0,75,0,100,0,15,18,31,13,6,7,1,5,3,0,0,100,100,75,36,21,11,11,10,1,1787604719.6022875,G1,T02,sel_con_vicino,1,static
1012300,1,0,1,0,75,0,100,0,23,41,34,9,8,9,2,4,3,0,0,100,100,69,37,22,11,11,10,1,1787604719.7937899,G1,T02,sel_con_vicino,1,static
1012500,1,0,1,0,75,0,100,0,17,24,19,4,9,1,3,5,5,0,0,100,100,65,38,22,10,11,10,1,1787604720.0048366,G1,T02,sel_con_vicino,1,static
1012700,1,0,1,0,75,0,100,0,16,13,19,4,9,2,3,5,4,0,0,100,100,63,39,21,10,11,10,1,1787604720.2069235,G1,T02,sel_con_vicino,1,static
1012900,1,0,1,0,75,0,100,0,19,25,26,6,6,3,4,4,4,0,0,100,100,62,40,20,10,11,10,1,1787604720.3993144,G1,T02,sel_con_vicino,1,static
1013100,1,1,1,129,75,45,100,0,16,36,45,11,6,6,4,5,2,0,0,100,100,63,40,18,10,10,10,1,1787604720.607199,G1,T02,sel_con_vicino,1,static
1013300,1,1,1,114,124,64,100,0,18,63,64,16,8,8,5,3,1,0,0,100,100,63,39,17,10,11,10,1,1787604720.7995625,G1,T02,sel_con_vicino,1,static
1013500,1,1,1,105,108,74,100,0,16,74,68,20,9,7,4,5,1,0,0,100,100,64,38,16,10,11,10,1,1787604720.9919538,G1,T02,sel_con_vicino,1,static
1013700,1,1,1,127,117,55,100,0,16,46,55,19,9,4,6,4,2,0,0,100,100,66,38,16,10,11,10,1,1787604721.1997006,G1,T02,sel_con_vicino,1,static
1013900,1,0,1,0,123,0,100,0,24,33,25,9,6,6,5,5,3,0,0,100,100,67,36,15,10,11,10,1,1787604721.3924112,G1,T02,sel_con_vicino,1,static
1014100,1,0,1,0,123,0,100,0,18,43,31,18,8,3,5,4,2,0,0,100,100,68,34,15,10,11,10,1,1787604721.600952,G1,T02,sel_con_vicino,1,static
1014300,1,0,1,0,123,0,100,0,16,31,14,13,5,9,7,3,4,0,0,100,100,68,32,15,10,11,10,1,1787604721.8066478,G1,T02,sel_con_vicino,1,static
1014500,1,0,1,0,123,0,100,0,21,13,11,12,8,8,7,4,4,0,0,100,100,67,31,14,10,11,10,1,1787604721.99947,G1,T02,sel_con_vicino,1,static
1014700,1,0,1,0,123,0,100,0,19,24,22,3,7,4,7,4,4,0,0,100,100,64,30,13,10,10,10,1,1787604722.206502,G1,T02,sel_con_vicino,1,static
1014900,1,0,1,0,123,0,100,0,14,13,11,10,1,3,6,3,4,0,0,100,100,60,29,13,10,10,10,1,1787604722.3984356,G1,T02,sel_con_vicino,1,static
1015100,1,0,1,0,123,0,100,0,15,25,14,13,8,8,5,5,4,0,0,100,100,57,29,12,10,10,10,1,1787604722.6062825,G1,T02,sel_con_vicino,1,static
1015300,1,0,1,0,123,0,100,0,18,27,13,11,4,6,6,5,3,0,0,100,100,54,30,12,9,10,10,1,1787604722.7994843,G1,T02,sel_con_vicino,1,static
1015500,1,0,1,0,123,0,100,0,13,46,17,14,9,8,8,4,2,0,0,100,100,53,30,12,8,9,10,1,1787604723.0072727,G1,T02,sel_con_vicino,1,static
1015700,1,0,1,0,123,0,100,0,15,41,25,16,9,2,5,6,2,0,0,100,100,53,31,11,8,9,10,1,1787604723.1984565,G1,T02,sel_con_vicino,1,static
1015900,1,0,1,0,123,0,100,0,22,32,12,9,3,2,4,5,2,0,0,100,100,53,32,11,8,9,10,1,1787604723.406314,G1,T02,sel_con_vicino,1,static
1016100,1,0,1,0,123,0,100,0,28,39,22,11,2,5,4,6,3,0,0,100,100,54,31,10,7,8,10,1,1787604723.5991077,G1,T02,sel_con_vicino,1,static
1016300,1,0,1,0,123,0,100,0,16,35,28,12,6,8,3,6,3,0,0,100,100,54,29,9,7,8,10,1,1787604723.806518,G1,T02,sel_con_vicino,1,static
1016500,1,0,1,0,123,0,100,0,19,23,24,9,9,7,4,6,2,0,0,100,100,54,27,9,6,8,10,1,1787604723.9984255,G1,T02,sel_con_vicino,1,static
1016700,1,0,1,0,123,0,100,0,14,30,21,8,4,2,4,5,3,0,0,100,100,53,26,9,6,8,10,1,1787604724.2053928,G1,T02,sel_con_vicino,1,static
1016900,1,0,1,0,123,0,100,0,17,15,5,4,6,1,3,6,3,0,0,100,100,51,25,9,6,8,10,1,1787604724.398021,G1,T02,sel_con_vicino,1,static
1017100,1,0,1,0,123,0,100,0,20,23,27,9,7,3,4,5,2,0,0,100,100,51,25,9,6,7,10,1,1787604724.6066422,G1,T02,sel_con_vicino,1,static
1017300,1,0,1,0,123,0,100,0,17,21,35,22,9,7,5,4,2,0,0,100,100,53,26,8,5,7,10,1,1787604724.798054,G1,T02,sel_con_vicino,1,static
1017500,1,0,1,0,123,0,100,0,15,43,40,25,12,5,7,5,2,0,0,100,100,57,28,9,5,6,10,1,1787604725.0063047,G1,T02,sel_con_vicino,1,static
1017700,1,1,1,84,92,93,100,0,15,93,46,29,13,9,7,4,4,0,0,100,100,64,30,9,6,7,10,1,1787604725.1966045,G1,T02,sel_con_vicino,1,static
1017900,1,1,1,94,85,94,100,0,20,94,71,18,14,6,5,4,5,0,0,100,100,72,31,9,6,8,10,1,1787604725.404292,G1,T02,sel_con_vicino,1,static
1018100,1,1,1,95,95,65,100,0,23,65,53,9,12,5,3,4,6,0,0,100,100,77,34,10,6,8,10,1,1787604725.5959191,G1,T02,sel_con_vicino,1,static
1018300,1,0,1,0,150,0,100,0,16,12,22,3,8,5,3,5,5,0,0,100,100,80,36,10,6,8,10,1,1787604725.8044639,G1,T02,sel_con_vicino,1,static
1018500,1,1,1,89,95,100,100,0,23,100,67,10,4,1,9,2,4,0,0,100,100,81,36,11,6,8,10,1,1787604725.9968398,G1,T02,sel_con_vicino,1,static
1018700,1,1,1,92,93,100,100,0,18,100,99,16,12,9,11,5,1,0,0,100,100,83,36,12,6,9,10,1,1787604726.2049253,G1,T02,sel_con_vicino,1,static
1018900,1,1,1,81,88,100,100,0,40,100,61,18,9,7,1,4,3,0,0,100,100,84,36,13,6,9,10,1,1787604726.3965092,G1,T02,sel_con_vicino,1,static
1019100,1,0,1,0,80,0,100,0,20,30,25,9,6,6,1,4,3,0,0,100,100,83,36,13,7,9,10,1,1787604726.6043177,G1,T02,sel_con_vicino,1,static
1019300,1,1,1,90,80,93,100,0,14,93,61,9,2,6,1,5,2,0,0,100,100,82,35,13,7,9,10,1,1787604726.7973185,G1,T02,sel_con_vicino,1,static
1019500,1,1,1,85,89,58,100,0,19,58,36,9,5,4,4,5,1,0,0,100,100,81,34,13,7,10,10,1,1787604727.0043476,G1,T02,sel_con_vicino,1,static
1019700,1,0,1,0,85,0,100,0,16,30,33,2,5,4,6,3,2,0,0,100,100,79,32,14,7,10,10,1,1787604727.1970468,G1,T02,sel_con_vicino,1,static
1019900,1,1,1,89,93,100,100,0,17,100,67,13,13,8,8,2,2,0,0,100,100,80,31,15,8,10,10,1,1787604727.4056442,G1,T02,sel_con_vicino,1,static
1020100,1,1,1,86,89,100,100,0,26,100,67,4,12,5,6,3,3,0,0,100,100,85,32,15,8,10,10,1,1787604727.5976732,G1,T02,sel_con_vicino,1,static
1020300,1,0,1,0,88,0,100,0,22,47,31,8,5,8,5,3,4,0,0,100,100,89,35,16,8,11,10,1,1787604727.805675,G1,T02,sel_con_vicino,1,static
1020500,1,0,1,0,88,0,100,0,18,30,22,4,7,10,5,3,4,0,0,100,100,93,37,17,8,11,10,1,1787604727.9990547,G1,T02,sel_con_vicino,1,static
1020700,1,0,1,0,88,0,100,0,17,33,25,2,10,9,2,3,4,0,0,100,100,97,39,17,8,11,10,1,1787604728.206034,G1,T02,sel_con_vicino,1,static
1020900,1,0,1,0,88,0,100,0,18,31,21,4,8,7,2,3,5,0,0,100,100,100,40,17,8,11,10,1,1787604728.3976994,G1,T02,sel_con_vicino,1,static
1021100,1,0,1,0,88,0,100,0,15,24,20,3,7,3,3,4,5,0,0,100,100,100,41,17,8,11,10,1,1787604728.6046858,G1,T02,sel_con_vicino,1,static
1021300,1,1,1,99,103,63,100,0,14,63,53,3,9,2,7,3,5,0,0,100,100,100,41,17,8,12,10,1,1787604728.796949,G1,T02,sel_con_vicino,1,static
1021500,1,1,1,105,99,60,100,0,15,60,56,10,13,7,9,3,3,0,0,100,100,100,40,18,8,12,10,1,1787604729.0046628,G1,T02,sel_con_vicino,1,static
1021700,1,1,1,99,106,100,100,0,16,100,88,12,15,9,9,7,2,0,0,100,100,100,40,18,8,12,10,1,1787604729.196634,G1,T02,sel_con_vicino,1,static
1021900,1,1,1,97,99,100,100,0,20,100,100,9,9,3,6,5,2,0,0,100,100,99,39,18,8,11,10,1,1787604729.4045894,G1,T02,sel_con_vicino,1,static
1022100,1,1,1,86,91,100,100,0,40,100,84,20,12,9,5,3,4,0,0,100,100,97,38,18,9,12,10,1,1787604729.5962913,G1,T02,sel_con_vicino,1,static
1022300,1,1,1,85,87,80,100,0,22,80,48,27,11,9,4,1,4,0,0,100,100,96,38,18,9,12,10,1,1787604729.8038318,G1,T02,sel_con_vicino,1,static
1022500,1,0,1,0,77,0,100,0,16,48,16,19,12,6,4,2,4,0,0,100,100,97,38,17,9,12,10,1,1787604729.9951587,G1,T02,sel_con_vicino,1,static
1022700,1,0,1,0,78,0,100,0,16,38,19,11,11,7,2,2,5,0,0,100,100,98,38,16,9,12,10,1,1787604730.202982,G1,T02,sel_con_vicino,1,static
1022900,1,0,1,0,78,0,100,0,14,31,23,8,1,6,1,2,5,0,0,100,100,100,38,16,9,12,10,1,1787604730.395009,G1,T02,sel_con_vicino,1,static
1023100,1,0,1,0,78,0,100,0,14,28,15,13,7,5,3,2,4,0,0,100,100,100,38,16,9,11,10,1,1787604730.6029525,G1,T02,sel_con_vicino,1,static
1023300,1,1,1,89,81,53,100,0,19,53,38,24,12,1,5,1,4,0,0,100,100,100,39,16,8,11,10,1,1787604730.7951288,G1,T02,sel_con_vicino,1,static
1023500,1,1,1,97,94,72,100,0,17,72,59,22,11,9,7,3,4,0,0,100,100,100,40,17,8,11,10,1,1787604731.0029793,G1,T02,sel_con_vicino,1,static
1023700,1,1,1,90,95,100,100,0,33,100,100,16,6,7,9,5,3,0,0,100,100,100,41,17,9,11,10,1,1787604731.1940074,G1,T02,sel_con_vicino,1,static
1023900,1,1,1,91,88,100,100,0,19,100,100,26,20,6,6,5,2,0,0,100,100,100,43,17,9,11,10,1,1787604731.4005778,G1,T02,sel_con_vicino,1,static
1024100,1,1,1,94,94,100,100,0,30,100,100,11,19,10,8,5,4,0,0,100,100,100,45,17,9,11,10,1,1787604731.6076045,G1,T02,sel_con_vicino,1,static
1024300,1,1,1,91,93,100,100,0,37,100,81,6,14,9,2,3,6,0,0,100,100,100,45,17,9,12,10,1,1787604731.7997308,G1,T02,sel_con_vicino,1,static
1024500,1,0,1,0,91,0,100,0,23,14,5,2,3,6,3,3,6,0,0,100,100,100,44,18,9,12,10,1,1787604732.0070586,G1,T02,sel_con_vicino,1,static
1024700,1,0,1,0,91,0,100,0,19,26,26,2,9,4,4,4,4,0,0,100,100,100,43,19,9,12,10,1,1787604732.1987004,G1,T02,sel_con_vicino,1,static
1024900,1,0,1,0,91,0,100,0,20,31,31,9,6,5,6,3,5,0,0,100,100,100,43,19,9,12,10,1,1787604732.4058707,G1,T02,sel_con_vicino,1,static
1025100,1,0,1,0,91,0,100,0,17,11,3,5,8,5,5,3,4,0,0,100,100,100,43,19,9,12,10,1,1787604732.5978913,G1,T02,sel_con_vicino,1,static
1025300,1,1,1,95,96,68,100,0,16,68,53,9,13,9,8,4,3,0,0,100,100,100,44,19,9,12,10,1,1787604732.806311,G1,T02,sel_con_vicino,1,static
1025500,1,1,1,96,104,58,100,0,16,58,46,7,9,4,8,3,3,0,0,100,100,100,45,20,9,12,10,1,1787604732.998508,G1,T02,sel_con_vicino,1,static
1025700,1,0,1,0,96,0,100,0,22,45,40,4,11,7,7,4,2,0,0,100,100,100,45,21,9,12,10,1,1787604733.2068255,G1,T02,sel_con_vicino,1,static
1025900,1,1,1,89,100,58,100,0,25,58,43,12,9,9,7,6,1,0,0,100,100,100,45,21,8,12,10,1,1787604733.3985476,G1,T02,sel_con_vicino,1,static
1026100,1,0,1,0,90,0,100,0,16,36,26,12,3,8,4,5,1,0,0,100,100,100,45,22,8,11,10,1,1787604733.6066198,G1,T02,sel_con_vicino,1,static
1026300,1,0,1,0,90,0,100,0,18,36,23,9,3,5,1,5,1,0,0,100,100,100,44,23,8,11,10,1,1787604733.798847,G1,T02,sel_con_vicino,1,static
1026500,1,1,1,93,89,100,100,0,19,100,81,8,14,8,6,3,4,0,0,100,100,100,44,24,8,11,10,1,1787604734.0070994,G1,T02,sel_con_vicino,1,static
1026700,1,1,1,91,93,100,100,0,31,100,95,4,11,3,7,4,5,0,0,100,100,100,44,24,8,11,10,1,1787604734.198858,G1,T02,sel_con_vicino,1,static
1026900,1,1,1,82,91,67,100,0,26,67,41,7,9,5,2,5,6,0,0,100,100,100,45,24,8,11,10,1,1787604734.4058976,G1,T02,sel_con_vicino,1,static
1027100,1,1,1,93,84,100,100,0,27,100,79,9,3,7,3,6,6,0,0,100,100,100,46,25,8,12,10,1,1787604734.5981898,G1,T02,sel_con_vicino,1,static
1027300,1,1,1,97,97,98,100,0,23,98,79,6,8,8,8,7,5,0,0,100,100,100,47,27,8,12,10,1,1787604734.8069768,G1,T02,sel_con_vicino,1,static
1027500,1,0,1,0,94,0,100,0,27,47,32,4,7,6,8,6,6,0,0,100,100,100,46,28,9,13,10,1,1787604734.9986286,G1,T02,sel_con_vicino,1,static
1027700,1,1,1,101,94,61,100,0,20,61,54,10,7,5,9,5,6,0,0,100,100,100,46,29,8,13,10,1,1787604735.2055058,G1,T02,sel_con_vicino,1,static
1027900,1,0,1,0,101,0,100,0,17,49,38,6,7,2,6,5,4,0,0,100,100,100,46,30,8,12,10,1,1787604735.397688,G1,T02,sel_con_vicino,1,static
1028100,1,1,1,97,96,100,100,0,16,100,82,7,12,5,7,5,5,0,0,100,100,100,44,31,8,11,10,1,1787604735.6054728,G1,T02,sel_con_vicino,1,static
1028300,1,1,1,93,94,70,100,0,18,70,53,6,5,9,4,4,6,0,0,100,96,100,42,31,8,11,10,1,1787604735.797489,G1,T02,sel_con_vicino,1,static
1028500,1,0,1,0,93,0,100,0,16,15,9,1,1,7,3,4,6,0,0,100,90,99,41,32,9,11,10,1,1787604736.0059009,G1,T02,sel_con_vicino,1,static
1028700,1,0,1,0,96,0,100,0,23,46,32,2,7,8,3,4,5,0,0,100,83,95,40,32,9,11,10,1,1787604736.1976912,G1,T02,sel_con_vicino,1,static
1028900,1,0,1,0,96,0,100,0,18,12,18,7,6,6,2,5,6,0,0,100,79,91,40,32,9,10,10,1,1787604736.4063468,G1,T02,sel_con_vicino,1,static
1029100,1,0,1,0,96,0,100,0,16,17,12,6,7,4,2,5,5,0,0,100,75,87,39,32,9,10,10,1,1787604736.6000695,G1,T02,sel_con_vicino,1,static
1029300,1,0,1,0,96,0,100,0,19,38,31,10,6,3,2,6,6,0,0,100,71,82,37,32,9,10,10,1,1787604736.8066182,G1,T02,sel_con_vicino,1,static
1029500,1,0,1,0,96,0,100,0,21,20,16,3,5,4,3,7,5,0,0,100,65,77,35,30,10,9,10,1,1787604736.9987452,G1,T02,sel_con_vicino,1,static
1029700,1,0,1,0,150,0,100,0,19,25,22,7,5,4,2,8,5,0,0,100,60,71,32,29,10,9,10,1,1787604737.2070312,G1,T02,sel_con_vicino,1,static
1029900,1,0,1,0,150,0,100,0,15,22,17,7,6,5,2,6,4,0,0,100,58,66,30,28,10,8,10,1,1787604737.3994126,G1,T02,sel_con_vicino,1,static
1030100,1,0,1,0,150,0,100,0,19,40,29,10,3,7,2,6,6,0,0,100,58,61,28,27,10,8,10,1,1787604737.5917404,G1,T02,sel_con_vicino,1,static
1030300,1,1,1,101,96,100,100,0,24,100,92,10,6,6,4,5,5,0,0,100,61,58,26,26,11,8,10,1,1787604737.799118,G1,T02,sel_con_vicino,1,static
1030500,1,1,1,103,99,100,100,0,26,100,100,17,6,5,8,3,5,0,0,100,70,57,26,26,11,7,10,1,1787604737.9921546,G1,T02,sel_con_vicino,1,static
1030700,1,1,1,103,106,100,100,0,16,100,100,18,10,4,10,1,4,0,0,100,82,55,25,27,12,8,10,1,1787604738.2003853,G1,T02,sel_con_vicino,1,static
1030900,1,1,1,105,103,100,100,0,31,100,100,22,9,8,6,2,2,0,0,100,95,54,25,29,13,8,10,1,1787604738.4080288,G1,T02,sel_con_vicino,1,static
1031100,1,1,1,107,103,100,100,0,18,100,100,20,4,3,11,4,1,0,0,100,100,53,25,32,15,9,10,1,1787604738.5998216,G1,T02,sel_con_vicino,1,static
1031300,1,1,1,87,106,65,100,0,25,65,46,5,2,2,6,3,1,0,0,100,100,50,24,33,15,10,10,1,1787604738.79195,G1,T02,sel_con_vicino,1,static
1031500,1,1,1,101,97,100,100,0,58,100,100,31,12,6,1,1,2,0,0,100,100,47,23,33,16,9,10,1,1787604739.0011322,G1,T02,sel_con_vicino,1,static
1031700,1,1,1,100,100,100,100,0,24,100,100,16,3,7,6,2,6,0,0,100,100,45,22,32,16,9,10,1,1787604739.2070785,G1,T02,sel_con_vicino,1,static
1031900,1,1,1,125,100,54,100,0,14,45,54,15,5,6,3,2,5,0,0,100,100,45,20,30,17,9,10,1,1787604739.399009,G1,T02,sel_con_vicino,1,static
1032100,1,1,1,86,125,59,100,0,22,59,40,8,7,6,3,4,5,0,0,100,100,45,19,29,17,9,10,1,1787604739.607094,G1,T02,sel_con_vicino,1,static
1032300,1,0,1,0,96,0,100,0,16,11,16,6,4,5,4,4,5,0,0,100,100,44,18,28,17,9,10,1,1787604739.7988737,G1,T02,sel_con_vicino,1,static
1032500,1,1,1,113,96,64,100,0,19,64,64,11,9,10,5,2,4,0,0,100,100,45,18,26,16,9,10,1,1787604740.0061517,G1,T02,sel_con_vicino,1,static
1032700,1,1,1,106,105,100,100,0,17,100,100,19,10,6,3,1,3,0,0,100,100,46,17,26,17,10,10,1,1787604740.1990185,G1,T02,sel_con_vicino,1,static
1032900,1,1,1,104,106,100,100,0,39,100,100,20,9,6,8,3,2,0,0,100,100,47,18,28,17,10,10,1,1787604740.4065084,G1,T02,sel_con_vicino,1,static
1033100,1,1,1,102,104,100,100,0,28,100,100,18,8,9,8,7,1,0,0,100,100,49,20,30,19,11,10,1,1787604740.5978014,G1,T02,sel_con_vicino,1,static
1033300,1,1,1,100,101,100,100,0,16,100,100,14,9,7,6,6,3,0,0,100,100,50,23,33,21,12,10,1,1787604740.8065605,G1,T02,sel_con_vicino,1,static
1033500,1,1,1,93,97,100,100,0,43,100,100,14,9,11,11,7,5,0,0,100,100,49,25,36,22,13,10,1,1787604740.9990532,G1,T02,sel_con_vicino,1,static
1033700,1,1,1,89,91,100,100,0,57,100,100,14,5,6,6,8,5,0,0,100,100,50,26,38,22,13,10,1,1787604741.2078023,G1,T02,sel_con_vicino,1,static
1033900,1,1,1,89,90,100,100,0,40,100,100,8,8,5,6,5,5,0,0,100,100,49,26,39,23,14,10,1,1787604741.3983564,G1,T02,sel_con_vicino,1,static
1034100,1,1,1,91,89,100,100,0,20,100,77,10,4,3,9,3,5,0,0,100,100,48,26,40,23,14,10,1,1787604741.6066818,G1,T02,sel_con_vicino,1,static
1034300,1,1,1,92,94,74,100,0,17,74,54,1,7,3,8,2,4,0,0,100,100,48,27,41,23,14,10,1,1787604741.7985485,G1,T02,sel_con_vicino,1,static
1034500,1,1,1,97,94,100,100,0,18,100,93,9,11,9,4,1,3,0,0,100,100,50,27,40,23,14,10,1,1787604742.005606,G1,T02,sel_con_vicino,1,static
1034700,1,1,1,99,99,100,100,0,20,100,88,7,8,4,5,2,2,0,0,100,100,54,28,39,23,13,10,1,1787604742.1978433,G1,T02,sel_con_vicino,1,static
1034900,1,0,1,0,100,0,100,0,18,30,21,10,5,4,6,3,1,0,0,100,100,57,29,37,23,13,10,1,1787604742.406883,G1,T02,sel_con_vicino,1,static
1035100,1,0,1,0,100,0,100,0,18,18,28,1,8,4,6,3,1,0,0,100,100,60,28,34,22,12,10,1,1787604742.5989537,G1,T02,sel_con_vicino,1,static
1035300,1,0,1,0,99,0,100,0,19,43,36,2,8,7,7,2,1,0,0,100,100,62,28,32,22,11,10,1,1787604742.8071961,G1,T02,sel_con_vicino,1,static
1035500,1,1,1,93,99,100,100,0,42,100,100,10,9,6,5,3,2,0,0,100,100,62,28,31,22,10,10,1,1787604742.999478,G1,T02,sel_con_vicino,1,static
1035700,1,1,1,93,94,100,100,0,49,100,100,8,7,11,5,5,4,0,0,100,100,62,29,32,21,10,10,1,1787604743.2076404,G1,T02,sel_con_vicino,1,static
1035900,1,1,1,94,94,100,100,0,30,100,100,12,6,1,3,8,6,0,0,100,100,62,30,34,22,11,10,1,1787604743.399916,G1,T02,sel_con_vicino,1,static
1036100,1,1,1,94,93,100,100,0,69,100,100,13,10,9,9,10,5,0,0,100,100,65,31,36,23,12,10,1,1787604743.606248,G1,T02,sel_con_vicino,1,static
1036300,1,1,1,99,96,100,100,0,24,100,100,36,5,5,10,7,3,0,0,100,100,66,32,39,25,13,10,1,1787604743.7975974,G1,T02,sel_con_vicino,1,static
1036500,1,1,1,97,100,100,100,0,35,100,100,10,10,5,6,5,1,0,0,100,100,65,33,41,27,14,10,1,1787604744.007321,G1,T02,sel_con_vicino,1,static
1036700,1,1,1,94,97,61,100,0,19,61,48,5,11,5,8,5,2,0,0,100,100,64,33,42,28,14,10,1,1787604744.1984868,G1,T02,sel_con_vicino,1,static
1036900,1,1,1,94,97,62,100,0,22,62,50,8,8,5,8,5,1,0,0,100,100,64,34,41,28,14,10,1,1787604744.404918,G1,T02,sel_con_vicino,1,static
1037100,1,1,1,150,94,41,100,0,19,46,41,9,2,7,5,5,1,0,0,100,100,63,33,39,28,13,10,1,1787604744.5968988,G1,T02,sel_con_vicino,1,static
1037300,1,1,1,100,150,59,100,0,16,59,51,8,3,6,5,6,1,0,0,100,100,62,31,37,27,13,10,1,1787604744.8043978,G1,T02,sel_con_vicino,1,static
1037500,1,1,1,100,100,100,100,0,17,100,100,16,14,9,1,8,1,0,0,100,100,63,30,36,26,12,10,1,1787604744.9968672,G1,T02,sel_con_vicino,1,static
1037700,1,1,1,98,101,100,100,0,18,100,100,13,11,11,6,7,4,0,0,100,100,66,31,35,26,12,10,1,1787604745.204436,G1,T02,sel_con_vicino,1,static
1037900,1,1,1,94,97,100,100,0,45,100,100,10,9,4,10,7,6,0,0,100,100,71,33,36,27,13,10,1,1787604745.4077928,G1,T02,sel_con_vicino,1,static
1038100,1,1,1,93,95,100,100,0,39,100,100,10,3,4,7,5,7,0,0,100,100,74,34,38,27,14,10,1,1787604745.603537,G1,T02,sel_con_vicino,1,static
1038300,1,1,1,88,90,100,100,0,50,100,100,13,10,4,10,5,6,0,0,100,100,73,34,40,28,14,10,1,1787604745.7952738,G1,T02,sel_con_vicino,1,static
1038500,1,0,1,0,86,0,100,0,23,38,23,4,5,1,2,6,7,0,0,100,100,70,34,42,28,15,10,1,1787604746.003976,G1,T02,sel_con_vicino,1,static
1038700,1,0,1,0,86,0,100,0,19,46,32,1,7,6,2,5,7,0,0,100,100,65,32,43,28,16,10,1,1787604746.1963077,G1,T02,sel_con_vicino,1,static
1038900,1,1,1,92,89,100,100,0,25,100,73,2,6,6,3,5,6,0,0,100,100,60,32,44,29,16,10,1,1787604746.4046159,G1,T02,sel_con_vicino,1,static
1039100,1,1,1,97,96,100,100,0,23,100,100,11,8,9,7,5,5,0,0,100,100,57,31,44,29,16,10,1,1787604746.5971339,G1,T02,sel_con_vicino,1,static
1039300,1,1,1,99,96,100,100,0,15,100,100,13,9,7,5,3,3,0,0,100,100,55,32,45,29,16,10,1,1787604746.8052783,G1,T02,sel_con_vicino,1,static
1039500,1,1,1,99,100,100,100,0,24,100,100,15,11,2,4,3,2,0,0,100,100,56,32,46,29,16,10,1,1787604746.9980307,G1,T02,sel_con_vicino,1,static
1039700,1,1,1,102,100,100,100,0,26,100,100,15,12,7,6,3,2,0,0,100,100,57,31,46,30,17,10,1,1787604747.2069194,G1,T02,sel_con_vicino,1,static
1039900,1,1,1,101,99,100,100,0,17,100,100,6,7,11,5,4,2,0,0,100,100,59,31,44,30,16,10,1,1787604747.3979251,G1,T02,sel_con_vicino,1,static
1040100,1,0,1,0,101,0,100,0,19,24,20,5,1,3,7,3,3,0,0,100,100,58,30,43,28,15,10,1,1787604747.6069133,G1,T02,sel_con_vicino,1,static
1040300,1,1,1,96,93,100,100,0,32,100,93,11,13,1,6,2,3,0,0,100,100,58,30,42,27,14,10,1,1787604747.7996101,G1,T02,sel_con_vicino,1,static
1040500,1,1,1,93,97,100,100,0,37,100,100,14,10,6,3,1,2,0,0,100,100,61,30,40,25,13,10,1,1787604748.0068817,G1,T02,sel_con_vicino,1,static
1040700,1,1,1,91,91,96,100,0,23,96,69,8,4,6,3,3,2,0,0,100,100,63,30,39,24,13,10,1,1787604748.200922,G1,T02,sel_con_vicino,1,static
1040900,1,0,1,0,90,0,100,0,17,23,17,4,2,6,2,3,3,0,0,100,100,64,29,38,23,12,10,1,1787604748.406403,G1,T02,sel_con_vicino,1,static
1041100,1,0,1,0,90,0,100,0,17,14,14,8,2,6,3,3,2,0,0,100,100,64,29,37,22,12,10,1,1787604748.601688,G1,T02,sel_con_vicino,1,static
1041300,1,0,1,0,90,0,100,0,19,18,20,9,4,6,2,3,1,0,0,100,100,65,28,37,22,11,10,1,1787604748.8070695,G1,T02,sel_con_vicino,1,static
1041500,1,0,1,0,95,0,100,0,16,27,27,9,8,5,4,1,2,0,0,100,100,65,27,37,21,11,10,1,1787604749.0035353,G1,T02,sel_con_vicino,1,static
1041700,1,0,1,0,95,0,100,0,18,19,25,2,9,2,4,2,2,0,0,100,100,61,25,36,20,11,10,1,1787604749.2066498,G1,T02,sel_con_vicino,1,static
1041900,1,1,1,97,104,100,100,0,25,100,99,9,10,2,7,1,2,0,0,100,100,59,23,34,18,10,11,1,1787604749.4055116,G1,T02,sel_con_vicino,1,static
1042100,1,1,1,103,103,100,100,0,17,100,91,10,9,5,9,1,2,0,0,100,100,61,23,33,17,10,10,1,1787604749.6078382,G1,T02,sel_con_vicino,1,static
1042300,1,0,1,0,96,0,100,0,18,50,39,5,8,6,6,3,2,0,0,100,100,65,24,31,17,9,10,1,1787604749.8061953,G1,T02,sel_con_vicino,1,static
1042500,1,1,1,97,96,100,100,0,32,100,99,8,11,4,3,3,1,0,0,100,100,66,25,29,17,8,10,1,1787604750.0076683,G1,T02,sel_con_vicino,1,static
1042700,1,1,1,96,98,100,100,0,49,100,100,12,10,5,1,2,3,0,0,100,100,68,25,26,16,8,10,1,1787604750.1993897,G1,T02,sel_con_vicino,1,static
1042900,1,1,1,91,94,100,100,0,29,100,93,7,9,8,1,2,4,0,0,100,100,69,25,25,16,8,10,1,1787604750.4064856,G1,T02,sel_con_vicino,1,static
1043100,1,1,1,89,87,100,100,0,24,100,73,9,11,7,4,3,4,0,0,100,97,69,25,25,15,8,10,1,1787604750.598531,G1,T02,sel_con_vicino,1,static
1043300,1,1,1,92,89,100,100,0,19,100,100,9,10,6,8,5,6,0,0,100,94,70,25,25,15,8,10,1,1787604750.8069773,G1,T02,sel_con_vicino,1,static
1043500,1,1,1,93,92,100,100,0,20,100,100,7,10,4,7,7,7,0,0,100,95,71,26,26,15,8,10,1,1787604751.0000658,G1,T02,sel_con_vicino,1,static
1043700,1,1,1,94,93,100,100,0,15,100,81,8,6,5,4,7,7,0,0,100,94,72,27,26,15,8,10,1,1787604751.2080188,G1,T02,sel_con_vicino,1,static
1043900,1,1,1,99,93,61,100,0,14,61,51,3,5,6,5,6,6,0,0,100,91,71,27,27,15,9,10,1,1787604751.4004703,G1,T02,sel_con_vicino,1,static
1044100,1,1,1,96,99,100,100,0,19,100,86,9,14,9,7,6,5,0,0,100,87,71,28,28,16,9,10,1,1787604751.5934746,G1,T02,sel_con_vicino,1,static
1044300,1,1,1,99,94,100,100,0,27,100,100,15,8,6,9,8,3,0,0,100,89,73,29,29,16,10,10,1,1787604751.800743,G1,T02,sel_con_vicino,1,static
1044500,1,1,1,102,99,100,100,0,14,100,100,10,6,9,8,7,2,0,0,100,94,72,29,30,18,10,10,1,1787604752.0086067,G1,T02,sel_con_vicino,1,static
1044700,1,1,1,96,102,100,100,0,18,100,84,6,6,7,4,6,3,0,0,100,98,72,30,30,19,11,10,1,1787604752.2012804,G1,T02,sel_con_vicino,1,static
1044900,1,1,1,93,95,100,100,0,41,100,100,13,10,5,4,6,5,0,0,100,97,75,30,31,20,11,10,1,1787604752.4000716,G1,T02,sel_con_vicino,1,static
1045100,1,1,1,93,95,100,100,0,47,100,100,10,9,9,7,6,7,0,0,100,97,76,31,31,20,12,10,1,1787604752.6021366,G1,T02,sel_con_vicino,1,static
1045300,1,1,1,93,91,100,100,0,51,100,100,10,11,6,6,4,4,0,0,100,100,75,31,32,20,12,10,1,1787604752.7943017,G1,T02,sel_con_vicino,1,static
1045500,1,1,1,96,94,100,100,0,21,100,100,3,4,4,9,3,3,0,0,100,100,73,30,33,21,12,10,1,1787604753.0011036,G1,T02,sel_con_vicino,1,static
1045700,1,1,1,96,97,100,100,0,22,100,100,9,7,3,7,2,2,0,0,100,100,75,31,35,22,12,10,1,1787604753.1931453,G1,T02,sel_con_vicino,1,static
1045900,1,1,1,100,100,100,100,0,22,100,100,9,9,2,8,1,1,0,0,100,100,75,31,36,23,13,10,1,1787604753.401679,G1,T02,sel_con_vicino,1,static
1046100,1,1,1,100,96,69,100,0,16,69,59,6,2,3,3,2,1,0,0,100,100,73,30,37,24,13,10,1,1787604753.5938563,G1,T02,sel_con_vicino,1,static
1046300,1,1,1,87,100,84,100,0,33,84,59,2,10,2,6,2,1,0,0,100,100,71,29,38,24,14,10,1,1787604753.803264,G1,T02,sel_con_vicino,1,static
1046500,1,1,1,94,96,100,100,0,60,100,100,16,11,7,10,3,2,0,0,100,100,71,29,39,24,14,10,1,1787604753.994318,G1,T02,sel_con_vicino,1,static
1046700,1,1,1,93,94,100,100,0,42,100,100,5,7,8,5,5,4,0,0,100,100,71,30,41,25,14,10,1,1787604754.202152,G1,T02,sel_con_vicino,1,static
1046900,1,1,1,96,94,100,100,0,18,100,100,13,11,4,9,5,7,0,0,100,100,70,30,42,25,14,10,1,1787604754.4005988,G1,T02,sel_con_vicino,1,static
1047100,1,1,1,96,94,100,100,0,66,100,100,18,15,11,9,10,6,0,0,100,100,71,31,43,26,15,10,1,1787604754.60276,G1,T02,sel_con_vicino,1,static
1047300,1,1,1,101,98,100,100,0,31,100,100,37,9,6,9,8,2,0,0,100,100,73,32,43,28,15,10,1,1787604754.7949,G1,T02,sel_con_vicino,1,static
1047500,1,1,1,101,101,100,100,0,62,100,100,31,9,9,11,2,2,0,0,100,100,71,32,42,28,16,10,1,1787604755.0026708,G1,T02,sel_con_vicino,1,static
1047700,1,1,1,101,102,100,100,0,53,100,100,34,12,8,4,3,5,0,0,100,100,74,32,42,27,15,10,1,1787604755.1951754,G1,T02,sel_con_vicino,1,static
1047900,1,1,1,100,102,100,100,0,17,100,100,22,9,6,8,7,5,0,0,100,100,76,32,42,27,15,10,1,1787604755.402698,G1,T02,sel_con_vicino,1,static
1048100,1,1,1,93,97,100,100,0,20,100,83,9,6,7,6,5,5,0,0,100,100,75,33,42,27,15,10,1,1787604755.5945413,G1,T02,sel_con_vicino,1,static
1048300,1,0,1,0,86,0,100,0,16,27,8,7,13,4,4,3,5,0,0,100,100,72,32,42,26,14,10,1,1787604755.802463,G1,T02,sel_con_vicino,1,static
1048500,1,1,1,117,86,45,100,0,17,42,45,6,12,5,5,3,6,0,0,100,100,73,32,41,24,14,10,1,1787604755.9938533,G1,T02,sel_con_vicino,1,static
1048700,1,0,1,0,117,0,100,0,14,13,5,6,9,5,7,2,4,0,0,100,100,74,32,42,23,14,10,1,1787604756.2027464,G1,T02,sel_con_vicino,1,static
1048900,1,0,1,0,117,0,100,0,14,14,17,7,4,7,7,3,3,0,0,100,100,75,31,42,22,14,10,1,1787604756.4033287,G1,T02,sel_con_vicino,1,static
1049100,1,0,1,0,117,0,100,0,17,20,16,10,2,3,5,2,5,0,0,100,100,76,30,42,21,13,10,1,1787604756.6020737,G1,T02,sel_con_vicino,1,static
1049300,1,1,1,92,89,97,100,0,26,97,73,6,11,6,3,2,4,0,0,100,100,77,31,41,20,13,10,1,1787604756.7941246,G1,T02,sel_con_vicino,1,static
1049500,1,1,1,77,89,63,100,0,31,63,36,6,5,8,1,4,5,0,0,100,100,79,34,41,20,13,10,1,1787604757.0016673,G1,T02,sel_con_vicino,1,static
1049700,1,1,1,93,81,74,100,0,29,74,59,7,13,8,5,4,5,0,0,100,100,79,36,41,19,12,10,1,1787604757.193874,G1,T02,sel_con_vicino,1,static
1049900,1,1,1,92,93,51,100,0,19,51,40,5,1,1,4,4,6,0,0,100,100,79,39,41,18,12,10,1,1787604757.4037366,G1,T02,sel_con_vicino,1,static
1050100,1,0,1,0,100,0,100,0,18,29,18,11,2,8,1,5,4,0,0,100,100,80,41,39,17,11,10,1,1787604757.5929875,G1,T02,sel_con_vicino,1,static
1050300,1,0,1,0,100,0,100,0,17,13,8,7,2,9,1,5,4,0,0,100,100,81,43,38,17,10,10,1,1787604757.8011167,G1,T02,sel_con_vicino,1,static
1050500,1,0,1,0,100,0,100,0,15,29,24,6,7,6,3,4,4,0,0,100,100,81,44,36,16,10,12,1,1787604757.9928236,G1,T02,sel_con_vicino,1,static
1050700,1,0,1,0,100,0,100,0,16,11,19,3,5,6,3,4,5,0,0,100,100,79,44,35,15,9,10,1,1787604758.2011657,G1,T02,sel_con_vicino,1,static
1050900,1,0,1,0,100,0,100,0,19,32,24,8,10,10,6,3,5,0,0,100,100,78,43,33,14,9,10,1,1787604758.4048088,G1,T02,sel_con_vicino,1,static
1051100,1,1,1,93,100,78,100,0,18,78,58,10,11,3,9,3,4,0,0,100,100,76,43,32,12,8,10,1,1787604758.6020539,G1,T02,sel_con_vicino,1,static
1051300,1,0,1,0,100,0,100,0,16,49,34,10,4,5,11,3,3,0,0,100,100,77,44,32,10,7,10,1,1787604758.793568,G1,T02,sel_con_vicino,1,static
1051500,1,0,1,0,100,0,100,0,15,9,16,2,8,7,8,3,3,0,0,100,100,80,44,31,9,7,10,1,1787604759.0014942,G1,T02,sel_con_vicino,1,static
1051700,1,0,1,0,100,0,100,0,15,32,25,10,5,8,8,3,2,0,0,100,100,78,44,31,8,7,10,1,1787604759.1934867,G1,T02,sel_con_vicino,1,static
1051900,1,0,1,0,100,0,100,0,13,38,18,5,10,8,6,4,2,0,0,100,100,77,45,30,7,7,10,1,1787604759.405299,G1,T02,sel_con_vicino,1,static
1052100,1,1,1,150,100,47,100,0,17,49,47,9,8,9,6,7,2,0,0,100,100,81,45,28,7,7,10,1,1787604759.5928826,G1,T02,sel_con_vicino,1,static
1052300,1,1,1,93,94,96,100,0,35,96,76,11,11,3,5,7,2,0,0,100,100,87,45,27,8,7,10,1,1787604759.8002126,G1,T02,sel_con_vicino,1,static
1052500,1,1,1,95,93,100,100,0,31,100,100,9,7,5,5,4,4,0,0,100,100,89,44,26,8,7,10,1,1787604760.0079632,G1,T02,sel_con_vicino,1,static
1052700,1,1,1,96,90,100,100,0,25,100,100,29,18,14,1,2,3,0,0,100,100,92,46,25,9,7,10,1,1787604760.1996717,G1,T02,sel_con_vicino,1,static
1052900,1,1,1,103,97,93,100,0,18,93,82,30,14,10,5,3,4,0,0,100,100,90,47,25,9,7,10,1,1787604760.4083338,G1,T02,sel_con_vicino,1,static
1053100,1,1,1,118,117,49,100,0,16,46,49,15,11,8,10,5,3,0,0,100,100,88,48,25,9,7,10,1,1787604760.6004171,G1,T02,sel_con_vicino,1,static
1053300,1,0,1,0,118,0,100,0,13,17,8,3,2,7,7,6,3,0,0,100,100,89,49,25,9,7,10,1,1787604760.8075972,G1,T02,sel_con_vicino,1,static
1053500,1,0,1,0,90,0,100,0,21,46,33,5,3,4,2,6,3,0,0,100,100,89,48,24,10,6,10,1,1787604760.9963827,G1,T02,sel_con_vicino,1,static
1053700,1,0,1,0,90,0,100,0,18,17,15,12,5,4,1,6,3,0,0,100,100,86,46,23,10,6,10,1,1787604761.205136,G1,T02,sel_con_vicino,1,static
1053900,1,0,1,0,90,0,100,0,14,16,20,6,3,5,2,6,3,0,0,100,100,84,43,22,10,6,10,1,1787604761.408113,G1,T02,sel_con_vicino,1,static
1054100,1,0,1,0,90,0,100,0,19,25,23,13,12,2,4,6,2,0,0,100,100,84,41,21,9,7,10,1,1787604761.6055346,G1,T02,sel_con_vicino,1,static
1054300,1,0,1,0,90,0,100,0,23,22,22,2,7,2,7,4,3,0,0,100,100,85,39,21,10,7,10,1,1787604761.797224,G1,T02,sel_con_vicino,1,static
1054500,1,0,1,0,90,0,100,0,19,29,24,7,10,4,8,5,3,0,0,100,100,87,38,21,10,7,10,1,1787604762.0052953,G1,T02,sel_con_vicino,1,static
1054700,1,0,1,0,90,0,100,0,21,43,33,8,10,6,5,5,4,0,0,100,100,89,38,22,11,7,10,1,1787604762.1969929,G1,T02,sel_con_vicino,1,static
1054900,1,0,1,0,90,0,100,0,17,16,5,4,6,6,3,5,4,0,0,100,100,91,38,22,11,7,10,1,1787604762.4076343,G1,T02,sel_con_vicino,1,static
1055100,1,1,1,150,90,41,100,0,21,44,41,11,9,5,3,5,4,0,0,100,100,90,38,21,11,7,10,1,1787604762.5981805,G1,T02,sel_con_vicino,1,static
1055300,1,1,1,101,93,100,100,0,24,100,100,24,13,5,7,4,1,0,0,100,100,88,36,21,12,7,10,1,1787604762.8054173,G1,T02,sel_con_vicino,1,static
1055500,1,1,1,99,101,100,100,0,59,100,100,49,27,13,5,4,5,0,0,100,100,93,36,21,12,7,10,1,1787604762.9984722,G1,T02,sel_con_vicino,1,static
1055700,1,1,1,107,106,100,100,0,20,100,100,30,18,8,3,2,4,0,0,100,100,96,38,21,12,7,10,1,1787604763.2073882,G1,T02,sel_con_vicino,1,static
1055900,1,1,1,93,100,100,100,0,21,100,85,11,10,5,7,5,3,0,0,100,100,94,38,21,12,7,10,1,1787604763.4090402,G1,T02,sel_con_vicino,1,static
1056100,1,0,1,0,86,0,100,0,18,41,18,9,9,4,9,4,2,0,0,100,100,92,38,21,12,7,10,1,1787604763.5922427,G1,T02,sel_con_vicino,1,static
1056300,1,1,1,83,77,67,100,0,18,67,37,12,12,3,8,3,1,0,0,100,100,89,38,22,11,7,10,1,1787604763.7977314,G1,T02,sel_con_vicino,1,static
1056500,1,0,1,0,83,0,100,0,15,33,15,14,4,6,6,3,2,0,0,100,100,87,37,22,10,7,10,1,1787604764.005076,G1,T02,sel_con_vicino,1,static
1056700,1,1,1,79,83,52,100,0,17,52,26,9,7,8,5,4,2,0,0,100,100,82,34,22,10,7,10,1,1787604764.197058,G1,T02,sel_con_vicino,1,static
1056900,1,0,1,0,79,0,100,0,20,11,3,5,6,7,5,4,2,0,0,100,100,81,32,22,9,8,10,1,1787604764.4049103,G1,T02,sel_con_vicino,1,static
1057100,1,0,1,0,79,0,100,0,20,24,17,10,9,4,6,3,2,0,0,100,100,83,30,20,9,8,10,1,1787604764.5969033,G1,T02,sel_con_vicino,1,static
1057300,1,0,1,0,79,0,100,0,18,15,15,2,5,5,5,4,2,0,0,100,100,82,29,19,9,8,10,1,1787604764.8046222,G1,T02,sel_con_vicino,1,static
1057500,1,0,1,0,79,0,100,0,16,33,28,11,9,5,6,2,1,0,0,100,100,83,28,19,8,8,10,1,1787604764.9979434,G1,T02,sel_con_vicino,1,static
1057700,1,0,1,0,76,0,100,0,28,42,16,29,9,4,9,6,2,0,0,100,100,86,28,19,8,9,10,1,1787604765.205601,G1,T02,sel_con_vicino,1,static
1057900,1,1,1,76,76,62,100,0,33,62,35,15,11,4,5,6,3,0,0,100,100,88,27,19,8,9,10,1,1787604765.3971517,G1,T02,sel_con_vicino,1,static
1058100,1,0,1,0,76,0,100,0,19,16,10,4,2,4,5,5,3,0,0,100,100,87,28,19,9,9,10,1,1787604765.6049724,G1,T02,sel_con_vicino,1,static
1058300,1,0,1,0,76,0,100,0,18,16,11,7,2,4,7,6,4,0,0,100,100,84,28,20,9,9,10,1,1787604765.7979448,G1,T02,sel_con_vicino,1,static
1058500,1,0,1,0,76,0,100,0,21,37,33,10,2,3,5,6,3,0,0,100,100,82,27,20,9,10,10,1,1787604766.0062878,G1,T02,sel_con_vicino,1,static
1058700,1,0,1,0,121,0,100,0,13,21,38,14,5,3,8,4,2,0,0,100,100,78,27,20,8,10,10,1,1787604766.1989813,G1,T02,sel_con_vicino,1,static
1058900,1,0,1,0,121,0,100,0,18,33,31,1,6,5,8,5,3,0,0,100,100,76,26,20,8,9,10,1,1787604766.406764,G1,T02,sel_con_vicino,1,static
1059100,1,0,1,0,121,0,100,0,21,12,17,10,6,3,2,6,4,0,0,100,100,74,25,20,8,9,10,1,1787604766.5984156,G1,T02,sel_con_vicino,1,static
1059300,1,0,1,0,121,0,100,0,19,10,15,7,5,4,1,6,3,0,0,100,100,73,24,20,8,9,10,1,1787604766.806517,G1,T02,sel_con_vicino,1,static
1059500,1,0,1,0,121,0,100,0,17,15,12,2,8,5,2,5,3,0,0,100,100,65,22,18,8,8,10,1,1787604766.9982922,G1,T02,sel_con_vicino,1,static
1059700,1,0,1,0,121,0,100,0,18,16,15,9,8,3,1,6,3,0,0,100,100,59,18,17,8,8,10,1,1787604767.2041388,G1,T02,sel_con_vicino,1,static
1059900,1,1,1,109,121,55,100,0,20,55,54,8,7,6,2,5,5,0,0,100,100,59,16,17,7,8,10,1,1787604767.3962927,G1,T02,sel_con_vicino,1,static
1060100,1,0,1,0,109,0,100,0,15,15,19,10,8,6,4,5,3,0,0,100,100,57,15,16,7,8,10,1,1787604767.6040545,G1,T02,sel_con_vicino,1,static
1060300,1,0,1,0,109,0,100,0,20,34,24,13,11,4,4,5,2,0,0,100,100,56,13,17,7,8,10,1,1787604767.79647,G1,T02,sel_con_vicino,1,static
1060500,1,1,1,88,109,54,100,0,14,54,36,12,11,4,8,4,1,0,0,100,100,56,13,17,7,7,10,1,1787604768.0042768,G1,T02,sel_con_vicino,1,static
1060700,1,1,1,84,85,78,100,0,18,78,44,14,13,7,8,3,2,0,0,100,100,61,14,19,7,7,10,1,1787604768.1974864,G1,T02,sel_con_vicino,1,static
1060900,1,1,1,87,91,98,100,0,17,98,60,13,9,7,5,5,3,0,0,100,100,65,14,21,7,7,10,1,1787604768.405485,G1,T02,sel_con_vicino,1,static
1061100,1,1,1,86,89,95,100,0,24,95,59,8,10,5,10,7,4,0,0,100,100,68,14,23,7,8,10,1,1787604768.5982149,G1,T02,sel_con_vicino,1,static
1061300,1,0,1,0,86,0,100,0,19,34,32,5,2,4,5,6,4,0,0,100,100,70,14,25,8,8,10,1,1787604768.8044248,G1,T02,sel_con_vicino,1,static
1061500,1,1,1,94,94,84,100,0,17,84,64,7,4,7,1,5,3,0,0,100,100,71,14,26,8,8,10,1,1787604768.995148,G1,T02,sel_con_vicino,1,static
1061700,1,1,1,96,96,100,100,0,20,100,91,12,7,1,5,2,1,0,0,100,100,70,14,26,8,8,10,1,1787604769.2034905,G1,T02,sel_con_vicino,1,static
1061900,1,1,1,86,94,75,100,0,20,75,47,12,11,4,7,2,1,0,0,100,100,67,14,27,8,8,10,1,1787604769.395753,G1,T02,sel_con_vicino,1,static
1062100,1,0,1,0,86,0,100,0,15,15,7,4,4,6,2,3,1,0,0,100,100,65,15,28,8,8,10,1,1787604769.603905,G1,T02,sel_con_vicino,1,static
1062300,1,0,1,0,86,0,100,0,15,26,39,8,3,5,2,2,2,0,0,100,100,64,16,30,8,8,10,1,1787604769.796075,G1,T02,sel_con_vicino,1,static
1062500,1,0,1,0,86,0,100,0,19,14,5,9,6,3,2,1,2,0,0,100,100,64,16,30,8,7,10,1,1787604770.0049236,G1,T02,sel_con_vicino,1,static
1062700,1,0,1,0,86,0,100,0,18,14,12,10,10,3,2,2,1,0,0,100,100,65,16,31,7,7,10,1,1787604770.1969242,G1,T02,sel_con_vicino,1,static
1062900,1,0,1,0,86,0,100,0,18,26,18,8,4,5,1,2,1,0,0,100,100,66,16,31,7,8,10,1,1787604770.404782,G1,T02,sel_con_vicino,1,static
1063100,1,0,1,0,86,0,100,0,20,45,20,12,7,8,4,4,1,0,0,100,100,68,17,31,7,8,10,1,1787604770.596812,G1,T02,sel_con_vicino,1,static
1063300,1,0,1,0,86,0,100,0,15,31,25,10,10,7,5,4,1,0,0,100,100,71,18,32,7,8,10,1,1787604770.8051295,G1,T02,sel_con_vicino,1,static
1063500,1,0,1,0,86,0,100,0,14,12,10,2,6,9,5,3,1,0,0,100,100,73,19,33,7,8,10,1,1787604770.9971027,G1,T02,sel_con_vicino,1,static
1063700,1,1,1,89,86,79,100,0,15,79,52,22,13,8,3,4,1,0,0,100,100,75,19,33,7,8,10,1,1787604771.2060196,G1,T02,sel_con_vicino,1,static
1063900,1,1,1,90,90,100,100,0,19,100,100,24,12,7,10,6,3,0,0,100,100,78,20,35,7,8,10,1,1787604771.3972228,G1,T02,sel_con_vicino,1,static
1064100,1,1,1,93,91,100,100,0,79,100,100,18,15,6,4,7,6,0,0,100,100,80,22,37,8,9,10,1,1787604771.6052842,G1,T02,sel_con_vicino,1,static
1064300,1,1,1,99,97,100,100,0,15,100,100,33,11,3,9,1,4,0,0,100,100,81,24,39,9,10,10,1,1787604771.7971206,G1,T02,sel_con_vicino,1,static
1064500,1,1,1,99,99,100,100,0,67,100,100,46,18,12,9,5,1,0,0,100,100,82,26,40,10,11,10,1,1787604772.0053256,G1,T02,sel_con_vicino,1,static
1064700,1,1,1,101,100,100,100,0,29,100,100,42,11,4,2,8,3,0,0,100,100,82,28,40,11,11,10,1,1787604772.1988702,G1,T02,sel_con_vicino,1,static
1064900,1,1,1,99,100,100,100,0,24,100,93,14,2,4,5,6,4,0,0,100,100,77,29,39,12,11,10,1,1787604772.4054499,G1,T02,sel_con_vicino,1,static
1065100,1,1,1,103,99,100,100,0,16,100,97,12,3,4,2,6,3,0,0,100,100,74,29,38,13,11,10,1,1787604772.5974057,G1,T02,sel_con_vicino,1,static
1065300,1,1,1,101,103,100,100,0,18,100,100,17,7,5,2,4,2,0,0,100,100,73,31,37,13,11,10,1,1787604772.805897,G1,T02,sel_con_vicino,1,static
1065500,1,1,1,97,99,100,100,0,24,100,100,12,6,9,6,4,1,0,0,100,100,73,32,37,14,11,10,1,1787604772.9987948,G1,T02,sel_con_vicino,1,static
1065700,1,1,1,104,101,100,100,0,59,100,100,41,12,8,11,2,1,0,0,100,100,75,35,38,14,11,10,1,1787604773.2067509,G1,T02,sel_con_vicino,1,static
1065900,1,1,1,89,104,93,100,0,42,93,70,12,2,1,4,1,2,0,0,100,100,79,37,39,15,12,10,1,1787604773.3989055,G1,T02,sel_con_vicino,1,static
1066100,1,0,1,0,89,0,100,0,14,20,24,8,4,2,5,1,1,0,0,100,100,82,38,39,15,12,10,1,1787604773.6051435,G1,T02,sel_con_vicino,1,static
1066300,1,0,1,0,89,0,100,0,14,18,16,8,4,2,5,1,1,0,0,100,100,85,39,38,16,12,10,1,1787604773.7971144,G1,T02,sel_con_vicino,1,static
1066500,1,1,1,101,104,100,100,0,42,100,100,25,10,10,9,5,1,0,0,100,100,87,40,38,16,12,10,1,1787604774.005279,G1,T02,sel_con_vicino,1,static
1066700,1,1,1,100,101,100,100,0,28,100,100,25,8,11,6,8,2,0,0,100,100,90,43,38,17,13,10,1,1787604774.197862,G1,T02,sel_con_vicino,1,static
1066900,1,1,1,100,100,100,100,0,15,100,100,22,7,7,2,6,3,0,0,100,100,91,45,39,18,13,10,1,1787604774.4055872,G1,T02,sel_con_vicino,1,static
1067100,1,1,1,97,100,100,100,0,27,100,100,21,7,9,8,6,5,0,0,100,100,90,46,40,19,14,10,1,1787604774.596562,G1,T02,sel_con_vicino,1,static
1067300,1,1,1,97,96,100,100,0,50,100,100,23,6,5,5,6,7,0,0,100,100,87,46,42,20,15,10,1,1787604774.8041372,G1,T02,sel_con_vicino,1,static
1067500,1,1,1,95,96,100,100,0,30,100,97,11,6,5,4,4,7,0,0,100,100,86,46,44,21,16,10,1,1787604774.9962509,G1,T02,sel_con_vicino,1,static
1067700,1,1,1,103,95,52,100,0,15,52,47,3,2,3,2,6,5,0,0,100,100,85,46,46,22,17,10,1,1787604775.203546,G1,T02,sel_con_vicino,1,static
1067900,1,1,1,99,100,100,100,0,56,100,100,22,10,5,4,8,3,0,0,100,100,81,46,45,22,17,10,1,1787604775.3957853,G1,T02,sel_con_vicino,1,static
1068100,1,1,1,103,101,100,100,0,26,100,100,53,4,8,9,7,0,0,0,100,100,80,46,44,23,17,10,1,1787604775.6010258,G1,T02,sel_con_vicino,1,static
1068300,1,1,1,98,102,100,100,0,56,100,100,18,10,7,8,5,2,0,0,100,100,77,45,43,23,17,10,1,1787604775.8072815,G1,T02,sel_con_vicino,1,static
1068500,1,1,1,101,97,100,100,0,51,100,100,25,10,8,9,2,3,0,0,100,100,75,45,44,23,17,10,1,1787604775.9989665,G1,T02,sel_con_vicino,1,static
1068700,1,1,1,101,101,100,100,0,23,100,100,22,11,9,2,3,2,0,0,100,100,74,45,44,23,17,10,1,1787604776.2073314,G1,T02,sel_con_vicino,1,static
1068900,1,1,1,101,100,100,100,0,19,100,100,27,14,7,6,7,4,0,0,100,100,77,46,44,24,16,10,1,1787604776.398341,G1,T02,sel_con_vicino,1,static
1069100,1,1,1,103,102,100,100,0,25,100,100,17,9,8,10,7,5,0,0,100,100,77,46,44,24,16,10,1,1787604776.606541,G1,T02,sel_con_vicino,1,static
1069300,1,1,1,100,99,100,100,0,22,100,100,10,10,7,9,5,4,0,0,100,100,74,46,44,24,16,10,1,1787604776.7997098,G1,T02,sel_con_vicino,1,static
1069500,1,1,1,107,107,82,100,0,18,82,78,12,4,9,8,4,2,0,0,100,100,70,45,43,24,16,10,1,1787604777.007222,G1,T02,sel_con_vicino,1,static
1069700,1,0,1,0,103,0,100,0,18,35,30,9,10,7,7,3,1,0,0,100,100,65,42,41,23,16,10,1,1787604777.1994328,G1,T02,sel_con_vicino,1,static
1069900,1,1,1,96,103,55,100,0,14,55,44,12,6,5,7,4,2,0,0,100,100,61,39,39,22,15,10,1,1787604777.4068294,G1,T02,sel_con_vicino,1,static
1070100,1,1,1,96,90,100,100,0,21,100,97,12,5,5,10,4,4,0,0,100,100,58,37,38,22,15,10,1,1787604777.5991547,G1,T02,sel_con_vicino,1,static
1070300,1,1,1,97,100,100,100,0,32,100,100,11,7,2,7,7,5,0,0,100,100,56,35,38,22,15,10,1,1787604777.808356,G1,T02,sel_con_vicino,1,static
1070500,1,1,1,99,97,100,100,0,46,100,100,13,10,5,4,8,5,0,0,100,100,56,34,38,22,15,10,1,1787604778.0006454,G1,T02,sel_con_vicino,1,static
1070700,1,1,1,103,100,100,100,0,27,100,100,11,10,7,1,5,5,0,0,100,100,57,32,37,23,16,10,1,1787604778.2087674,G1,T02,sel_con_vicino,1,static
1070900,1,1,1,104,103,100,100,0,15,100,100,14,4,3,2,5,6,0,0,100,100,58,30,36,23,16,10,1,1787604778.4012125,G1,T02,sel_con_vicino,1,static
1071100,1,1,1,100,99,100,100,0,20,100,100,8,10,6,5,6,6,0,0,100,100,59,28,35,22,15,10,1,1787604778.6089299,G1,T02,sel_con_vicino,1,static
1071300,1,0,1,0,99,0,100,0,14,19,21,11,1,9,1,6,5,0,0,100,100,59,29,34,22,14,10,1,1787604778.800977,G1,T02,sel_con_vicino,1,static
1071500,1,0,1,0,150,0,100,0,26,50,33,1,4,2,3,6,4,0,0,100,100,57,30,33,21,13,10,1,1787604778.9932694,G1,T02,sel_con_vicino,1,static
1071700,1,1,1,96,94,74,100,0,21,74,60,12,10,4,5,7,5,0,0,100,100,55,32,31,20,11,10,1,1787604779.20138,G1,T02,sel_con_vicino,1,static
1071900,1,1,1,97,93,100,100,0,28,100,100,12,10,7,7,6,6,0,0,100,100,56,32,31,20,11,10,1,1787604779.4092176,G1,T02,sel_con_vicino,1,static
1072100,1,1,1,98,100,84,100,0,19,84,70,5,8,4,7,5,5,0,0,100,100,58,32,30,19,11,10,1,1787604779.601106,G1,T02,sel_con_vicino,1,static
1072300,1,0,1,0,98,0,100,0,29,31,13,10,4,2,5,6,6,0,0,100,100,62,31,28,19,11,10,1,1787604779.7937698,G1,T02,sel_con_vicino,1,static
1072500,1,0,1,0,98,0,100,0,15,12,10,3,5,1,4,6,4,0,0,100,100,64,31,26,18,10,10,1,1787604780.0013406,G1,T02,sel_con_vicino,1,static
1072700,1,1,1,107,98,62,100,0,14,62,59,13,10,6,7,5,4,0,0,100,100,63,30,25,17,10,10,1,1787604780.2089229,G1,T02,sel_con_vicino,1,static
1072900,1,1,1,105,110,100,100,0,16,100,100,15,11,12,9,3,4,0,0,100,100,63,30,24,17,10,10,1,1787604780.4008777,G1,T02,sel_con_vicino,1,static
1073100,1,1,1,107,105,100,100,0,15,100,100,10,8,7,3,1,3,0,0,100,100,68,32,24,16,10,10,1,1787604780.6083546,G1,T02,sel_con_vicino,1,static
1073300,1,1,1,100,102,100,100,0,38,100,100,21,15,7,7,1,1,0,0,100,100,77,35,26,17,11,10,1,1787604780.8009138,G1,T02,sel_con_vicino,1,static
1073500,1,1,1,103,102,100,100,0,28,100,100,27,11,8,10,5,1,0,0,100,100,85,39,28,18,12,10,1,1787604781.0085878,G1,T02,sel_con_vicino,1,static
1073700,1,1,1,99,100,100,100,0,21,100,100,20,12,8,1,6,3,0,0,100,100,91,43,31,19,12,10,1,1787604781.199711,G1,T02,sel_con_vicino,1,static
1073900,1,1,1,99,97,100,100,0,16,100,100,19,7,9,5,5,5,0,0,100,100,93,44,34,20,13,10,1,1787604781.4075015,G1,T02,sel_con_vicino,1,static
1074100,1,1,1,93,97,100,100,0,37,100,100,13,13,7,9,5,6,0,0,100,100,93,44,36,21,14,10,1,1787604781.5993466,G1,T02,sel_con_vicino,1,static
1074300,1,1,1,89,95,81,100,0,25,81,57,8,4,7,5,5,8,0,0,100,100,95,45,38,20,14,10,1,1787604781.8079789,G1,T02,sel_con_vicino,1,static
1074500,1,0,1,0,89,0,100,0,30,26,5,6,1,7,1,5,7,0,0,100,100,93,46,39,19,14,10,1,1787604782.000504,G1,T02,sel_con_vicino,1,static
1074700,1,1,1,86,89,59,100,0,21,59,40,8,6,6,5,6,6,0,0,100,100,89,45,39,19,14,10,1,1787604782.2089117,G1,T02,sel_con_vicino,1,static
1074900,1,1,1,95,96,100,100,0,27,100,100,19,12,7,8,7,4,0,0,100,100,89,46,40,19,14,10,1,1787604782.4012804,G1,T02,sel_con_vicino,1,static
1075100,1,1,1,96,96,100,100,0,53,100,100,26,8,5,4,5,1,0,0,100,100,90,47,40,19,15,10,1,1787604782.6093137,G1,T02,sel_con_vicino,1,static
1075300,1,1,1,96,95,100,100,0,68,100,100,22,10,11,9,3,2,0,0,100,100,93,46,41,20,16,10,1,1787604782.8017058,G1,T02,sel_con_vicino,1,static
1075500,1,1,1,97,97,100,100,0,40,100,100,18,12,4,5,3,4,0,0,100,100,97,46,42,21,17,10,1,1787604783.0096908,G1,T02,sel_con_vicino,1,static
1075700,1,1,1,97,99,100,100,0,17,100,100,16,10,7,8,4,6,0,0,100,100,100,46,42,21,18,10,1,1787604783.201867,G1,T02,sel_con_vicino,1,static
1075900,1,1,1,100,97,100,100,0,20,100,99,8,9,5,5,6,6,0,0,100,100,100,46,43,22,18,10,1,1787604783.394213,G1,T02,sel_con_vicino,1,static
1076100,1,1,1,150,101,42,100,0,15,46,42,7,9,7,1,6,5,0,0,100,100,100,46,43,22,18,10,1,1787604783.6028848,G1,T02,sel_con_vicino,1,static
1076300,1,1,1,100,96,100,100,0,24,100,100,17,8,6,1,4,4,0,0,100,100,98,46,45,22,18,10,1,1787604783.7962916,G1,T02,sel_con_vicino,1,static
1076500,1,1,1,101,103,100,100,0,16,100,100,21,14,6,8,2,3,0,0,100,100,100,47,46,22,18,10,1,1787604784.0042279,G1,T02,sel_con_vicino,1,static
1076700,1,1,1,104,101,100,100,0,17,100,96,11,10,7,10,2,2,0,0,100,100,100,48,47,22,18,10,1,1787604784.1972091,G1,T02,sel_con_vicino,1,static
1076900,1,1,1,103,103,71,100,0,18,71,63,9,7,7,1,2,1,0,0,100,100,100,47,48,23,18,10,1,1787604784.4027677,G1,T02,sel_con_vicino,1,static
1077100,1,1,1,88,103,54,100,0,20,54,39,4,9,5,1,2,2,0,0,100,100,96,45,47,23,18,10,1,1787604784.5944176,G1,T02,sel_con_vicino,1,static
1077300,1,1,1,100,99,100,100,0,33,100,100,21,13,12,6,4,1,0,0,100,100,92,43,46,23,18,10,1,1787604784.8026574,G1,T02,sel_con_vicino,1,static
1077500,1,1,1,100,101,100,100,0,27,100,100,16,8,6,10,5,1,0,0,100,100,91,42,45,22,18,10,1,1787604784.9974098,G1,T02,sel_con_vicino,1,static
1077700,1,0,1,0,150,0,100,0,14,15,15,8,4,5,9,5,1,0,0,100,100,91,41,44,22,17,10,1,1787604785.2022154,G1,T02,sel_con_vicino,1,static
1077900,1,1,1,101,150,52,100,0,15,52,46,9,1,3,6,5,1,0,0,100,100,93,42,42,22,17,10,1,1787604785.3990219,G1,T02,sel_con_vicino,1,static
1078100,1,0,1,0,89,0,100,0,24,43,24,4,5,3,6,4,1,0,0,100,100,95,43,40,22,16,10,1,1787604785.6028085,G1,T02,sel_con_vicino,1,static
1078300,1,1,1,96,84,100,100,0,46,100,100,16,12,8,5,2,2,0,0,100,100,94,43,39,22,16,10,1,1787604785.8059454,G1,T02,sel_con_vicino,1,static
1078500,1,1,1,97,96,100,100,0,52,100,100,26,11,9,3,3,3,0,0,100,100,97,44,38,23,15,10,1,1787604786.0074103,G1,T02,sel_con_vicino,1,static
1078700,1,1,1,91,98,100,100,0,28,100,100,11,8,7,4,7,3,0,0,100,100,100,46,38,24,15,10,1,1787604786.2088795,G1,T02,sel_con_vicino,1,static
1078900,1,1,1,99,96,100,100,0,17,100,100,8,9,6,6,8,4,0,0,100,100,100,48,38,25,15,10,1,1787604786.4092178,G1,T02,sel_con_vicino,1,static
1079100,1,1,1,102,100,100,100,0,18,100,100,12,10,5,9,7,6,0,0,100,100,100,48,38,25,14,10,1,1787604786.609206,G1,T02,sel_con_vicino,1,static
1079300,1,1,1,107,99,60,100,0,19,60,57,11,8,5,6,7,5,0,0,100,100,100,48,37,25,14,10,1,1787604786.8091776,G1,T02,sel_con_vicino,1,static
1079500,1,1,1,99,104,100,100,0,21,100,100,8,8,7,2,6,4,0,0,100,100,100,48,37,25,13,10,1,1787604786.9953513,G1,T02,sel_con_vicino,1,static
1079700,1,1,1,98,96,96,100,0,21,96,79,7,2,7,4,6,3,0,0,100,100,99,47,37,25,13,10,1,1787604787.2033236,G1,T02,sel_con_vicino,1,static
1079900,1,1,1,93,98,100,100,0,25,100,80,3,4,4,1,7,4,0,0,100,100,95,47,37,25,13,10,1,1787604787.3952758,G1,T02,sel_con_vicino,1,static
1080100,1,1,1,96,94,100,100,0,51,100,100,19,9,5,1,7,6,0,0,100,100,95,47,36,25,13,10,1,1787604787.6008284,G1,T02,sel_con_vicino,1,static
1080300,1,1,1,101,97,100,100,0,34,100,100,21,12,9,4,4,4,0,0,100,100,97,48,36,25,13,10,1,1787604787.8086865,G1,T02,sel_con_vicino,1,static
1080500,1,1,1,101,101,100,100,0,17,100,100,18,11,5,9,2,2,0,0,100,100,97,48,35,26,13,10,1,1787604788.0008183,G1,T02,sel_con_vicino,1,static
1080700,1,1,1,99,99,100,100,0,28,100,100,15,11,5,3,3,1,0,0,100,100,96,47,35,26,13,10,1,1787604788.2083497,G1,T02,sel_con_vicino,1,static
1080900,1,1,1,103,99,58,100,0,14,58,52,10,3,8,4,3,1,0,0,100,100,95,47,35,27,14,10,1,1787604788.4007025,G1,T02,sel_con_vicino,1,static
1081100,1,1,1,91,93,100,100,0,39,100,100,13,9,8,2,2,2,0,0,100,100,94,47,36,26,13,10,1,1787604788.6085067,G1,T02,sel_con_vicino,1,static
1081300,1,1,1,94,93,100,100,0,45,100,100,14,13,10,4,2,4,0,0,100,100,92,47,35,26,13,10,1,1787604788.802067,G1,T02,sel_con_vicino,1,static
1081500,1,1,1,87,93,97,100,0,18,97,59,4,10,5,5,4,3,0,0,100,100,89,46,34,25,12,10,1,1787604788.994673,G1,T02,sel_con_vicino,1,static
1081700,1,1,1,101,89,77,100,0,16,77,67,12,7,1,7,6,3,0,0,100,100,86,45,33,25,12,10,1,1787604789.204116,G1,T02,sel_con_vicino,1,static
1081900,1,1,1,89,98,51,100,0,24,51,39,9,8,3,7,6,4,0,0,100,100,86,45,32,25,11,10,1,1787604789.408395,G1,T02,sel_con_vicino,1,static
1082100,1,0,1,0,150,0,100,0,15,41,31,7,1,5,8,7,5,0,0,100,100,87,44,32,25,11,10,1,1787604789.601874,G1,T02,sel_con_vicino,1,static
1082300,1,0,1,0,150,0,100,0,15,16,16,8,3,7,9,5,5,0,0,100,100,89,44,31,25,11,10,1,1787604789.80924,G1,T02,sel_con_vicino,1,static
1082500,1,1,1,101,150,51,100,0,18,51,46,7,10,6,7,5,4,0,0,100,100,88,44,31,25,11,10,1,1787604790.0010827,G1,T02,sel_con_vicino,1,static
1082700,1,1,1,101,101,59,100,0,20,59,52,12,12,1,6,3,3,0,0,100,100,85,42,30,23,11,10,1,1787604790.209225,G1,T02,sel_con_vicino,1,static
1082900,1,1,1,100,96,72,100,0,15,72,61,11,10,4,5,2,3,0,0,100,100,84,41,29,22,11,10,1,1787604790.3999987,G1,T02,sel_con_vicino,1,static
1083100,1,1,1,104,100,100,100,0,18,100,99,14,13,9,4,1,2,0,0,100,100,86,41,28,21,10,10,1,1787604790.6082711,G1,T02,sel_con_vicino,1,static
1083300,1,1,1,100,99,100,100,0,28,100,100,19,11,8,5,2,1,0,0,100,100,92,43,28,21,10,10,1,1787604790.799524,G1,T02,sel_con_vicino,1,static
1083500,1,1,1,90,99,60,100,0,18,60,43,6,9,6,5,3,1,0,0,100,100,100,45,28,21,11,10,1,1787604791.0058162,G1,T02,sel_con_vicino,1,static
1083700,1,0,1,0,90,0,100,0,19,27,14,9,8,5,5,3,0,0,0,100,100,100,46,28,21,11,10,1,1787604791.2063398,G1,T02,sel_con_vicino,1,static
1083900,1,1,1,99,96,87,100,0,21,87,74,12,6,1,7,4,1,0,0,100,100,100,48,29,21,11,10,1,1787604791.405992,G1,T02,sel_con_vicino,1,static
1084100,1,1,1,95,103,69,100,0,17,69,54,10,10,5,8,4,3,0,0,100,100,100,51,30,21,12,10,1,1787604791.5987995,G1,T02,sel_con_vicino,1,static
1084300,1,1,1,94,97,73,100,0,15,73,56,4,5,9,7,5,2,0,0,100,100,100,50,31,21,12,10,1,1787604791.8066447,G1,T02,sel_con_vicino,1,static
1084500,1,0,1,0,94,0,100,0,14,12,9,3,5,10,3,5,1,0,0,100,100,100,50,31,21,12,10,1,1787604791.9985204,G1,T02,sel_con_vicino,1,static
1084700,1,0,1,0,94,0,100,0,19,22,12,6,4,5,2,6,1,0,0,100,100,100,50,31,20,12,10,1,1787604792.2068398,G1,T02,sel_con_vicino,1,static
1084900,1,1,1,93,90,100,100,0,30,100,86,13,9,3,4,5,1,0,0,100,100,100,49,30,20,11,10,1,1787604792.3991582,G1,T02,sel_con_vicino,1,static
1085100,1,1,1,86,90,100,100,0,43,100,100,15,12,8,2,3,1,0,0,100,100,100,48,29,19,11,10,1,1787604792.6073642,G1,T02,sel_con_vicino,1,static
1085300,1,1,1,92,91,100,100,0,77,100,100,17,16,14,5,1,4,0,0,100,100,100,49,30,19,11,10,1,1787604792.7990713,G1,T02,sel_con_vicino,1,static
1085500,1,1,1,98,96,100,100,0,20,100,100,14,10,1,8,8,6,0,0,100,100,100,48,31,20,12,10,1,1787604793.0073414,G1,T02,sel_con_vicino,1,static
1085700,1,1,1,96,96,100,100,0,49,100,100,10,10,2,7,6,1,0,0,100,100,100,47,32,21,13,10,1,1787604793.2073357,G1,T02,sel_con_vicino,1,static
1085900,1,1,1,95,96,100,100,0,20,100,100,23,6,2,6,2,1,0,0,100,100,100,46,32,20,13,10,1,1787604793.4085615,G1,T02,sel_con_vicino,1,static
1086100,1,1,1,89,93,88,100,0,31,88,64,16,7,6,1,3,3,0,0,100,100,100,45,32,19,13,10,1,1787604793.5994875,G1,T02,sel_con_vicino,1,static
1086300,1,0,1,0,89,0,100,0,27,16,11,4,5,6,1,4,3,0,0,100,100,100,44,31,19,13,10,1,1787604793.8078842,G1,T02,sel_con_vicino,1,static
1086500,1,1,1,94,101,100,100,0,20,100,86,25,7,2,6,3,1,0,0,100,100,100,43,31,19,13,10,1,1787604794.0000284,G1,T02,sel_con_vicino,1,static
1086700,1,1,1,96,91,100,100,0,16,100,100,16,9,7,9,5,2,0,0,100,100,100,43,32,19,14,10,1,1787604794.2078118,G1,T02,sel_con_vicino,1,static
1086900,1,1,1,93,94,100,100,0,33,100,100,7,4,6,7,7,4,0,0,100,100,100,42,33,19,14,10,1,1787604794.3988318,G1,T02,sel_con_vicino,1,static
1087100,1,1,1,94,83,54,100,0,13,54,41,5,2,9,5,9,5,0,0,100,100,99,42,33,20,14,10,1,1787604794.6073308,G1,T02,sel_con_vicino,1,static
1087300,1,1,1,97,94,51,100,0,17,51,43,7,9,4,6,6,3,0,0,100,100,92,40,32,19,14,10,1,1787604794.8000176,G1,T02,sel_con_vicino,1,static
1087500,1,1,1,96,97,100,100,0,16,100,88,15,9,1,6,4,2,0,0,100,100,83,36,32,18,13,10,1,1787604795.0092642,G1,T02,sel_con_vicino,1,static
1087700,1,1,1,89,93,87,100,0,31,87,63,20,7,3,10,6,1,0,0,100,100,76,33,31,17,12,10,1,1787604795.208408,G1,T02,sel_con_vicino,1,static
1087900,1,1,1,82,87,60,100,0,28,60,39,15,5,3,1,7,3,0,0,100,100,71,30,31,17,12,10,1,1787604795.4094234,G1,T02,sel_con_vicino,1,static
1088100,1,1,1,85,82,61,100,0,24,61,41,12,2,9,5,5,3,0,0,100,100,65,29,30,16,11,10,1,1787604795.6020203,G1,T02,sel_con_vicino,1,static
1088300,1,1,1,85,77,51,100,0,19,51,33,12,9,5,8,3,3,0,0,100,100,64,29,29,16,11,10,1,1787604795.809075,G1,T02,sel_con_vicino,1,static
1088500,1,0,1,0,85,0,100,0,26,26,9,8,6,3,8,2,4,0,0,100,100,63,31,29,15,11,10,1,1787604796.0009377,G1,T02,sel_con_vicino,1,static
1088700,1,1,1,91,85,53,100,0,16,53,39,11,11,3,6,4,5,0,0,100,100,61,30,28,15,11,10,1,1787604796.209055,G1,T02,sel_con_vicino,1,static
1088900,1,1,1,82,94,67,100,0,20,67,36,14,6,8,4,5,2,0,0,100,100,58,29,27,15,11,10,1,1787604796.402076,G1,T02,sel_con_vicino,1,static
1089100,1,0,1,0,77,0,100,0,14,43,40,10,6,6,3,3,2,0,0,100,100,57,29,27,14,10,10,1,1787604796.6089969,G1,T02,sel_con_vicino,1,static
1089300,1,1,1,100,123,79,100,0,14,79,67,8,9,5,6,4,1,0,0,100,100,54,27,26,14,10,10,1,1787604796.8014987,G1,T02,sel_con_vicino,1,static
1089500,1,1,1,92,91,100,100,0,13,100,73,14,8,1,8,5,3,0,0,100,100,53,25,26,12,10,10,1,1787604797.008974,G1,T02,sel_con_vicino,1,static
1089700,1,1,1,97,99,84,100,0,17,84,67,9,9,3,8,6,3,0,0,100,100,54,24,25,12,9,10,1,1787604797.2097328,G1,T02,sel_con_vicino,1,static
1089900,1,1,1,96,99,100,100,0,23,100,79,7,6,6,9,6,4,0,0,100,100,55,25,25,12,9,10,1,1787604797.4094508,G1,T02,sel_con_vicino,1,static
1090100,1,1,1,92,97,100,100,0,36,100,90,9,10,10,7,8,5,0,0,100,100,56,27,25,13,9,10,1,1787604797.6002855,G1,T02,sel_con_vicino,1,static
1090300,1,0,1,0,97,0,100,0,15,19,15,8,4,4,6,8,5,0,0,100,100,56,27,25,14,10,10,1,1787604797.8091965,G1,T02,sel_con_vicino,1,static
1090500,1,0,1,0,97,0,100,0,18,22,13,3,5,2,6,7,5,0,0,100,100,56,28,25,15,10,10,1,1787604798.000802,G1,T02,sel_con_vicino,1,static
1090700,1,0,1,0,97,0,100,0,19,15,14,5,6,1,7,6,4,0,0,100,100,54,28,24,15,9,10,1,1787604798.2092197,G1,T02,sel_con_vicino,1,static
1090900,1,1,1,94,108,100,100,0,17,100,76,3,5,4,6,5,2,0,0,100,100,52,27,23,14,9,10,1,1787604798.400664,G1,T02,sel_con_vicino,1,static
1091100,1,1,1,97,95,78,100,0,14,78,62,8,5,3,6,3,2,0,0,100,100,51,26,23,13,8,10,1,1787604798.6088521,G1,T02,sel_con_vicino,1,static
1091300,1,0,1,0,96,0,100,0,20,22,21,4,7,3,7,4,1,0,0,100,100,50,25,23,13,8,10,1,1787604798.8001275,G1,T02,sel_con_vicino,1,static
1091500,1,0,1,0,96,0,100,0,15,11,7,4,6,4,4,4,2,0,0,100,100,50,26,23,13,8,10,1,1787604799.0090406,G1,T02,sel_con_vicino,1,static
1091700,1,0,1,0,96,0,100,0,18,39,31,8,3,5,3,3,3,0,0,100,100,49,26,22,13,8,10,1,1787604799.2013938,G1,T02,sel_con_vicino,1,static
1091900,1,0,1,0,91,0,100,0,21,40,21,8,1,9,3,6,3,0,0,100,100,46,26,21,13,8,10,1,1787604799.4094234,G1,T02,sel_con_vicino,1,static
1092100,1,0,1,0,91,0,100,0,19,25,36,4,7,5,6,5,2,0,0,100,100,46,26,20,13,8,10,1,1787604799.6002245,G1,T02,sel_con_vicino,1,static
1092300,1,0,1,0,91,0,100,0,16,42,40,3,9,1,8,4,2,0,0,100,100,45,24,19,13,8,10,1,1787604799.8092723,G1,T02,sel_con_vicino,1,static
1092500,1,0,1,0,150,0,100,0,17,29,23,12,1,1,9,5,1,0,0,100,96,44,22,19,12,8,10,1,1787604800.0020556,G1,T02,sel_con_vicino,1,static
1092700,1,1,1,123,150,41,100,0,21,36,41,11,2,1,8,6,1,0,0,100,88,45,21,19,12,8,10,1,1787604800.2095566,G1,T02,sel_con_vicino,1,static
1092900,1,1,1,96,103,78,100,0,25,78,64,12,10,3,8,5,1,0,0,100,90,46,23,20,12,8,10,1,1787604800.401643,G1,T02,sel_con_vicino,1,static
1093100,1,0,1,0,96,0,100,0,17,31,32,1,5,5,7,4,1,0,0,100,95,46,24,20,12,9,10,1,1787604800.5946453,G1,T02,sel_con_vicino,1,static
1093300,1,1,1,99,91,80,100,0,14,80,66,11,4,3,8,5,1,0,0,100,96,45,25,20,11,8,10,1,1787604800.8028812,G1,T02,sel_con_vicino,1,static
1093500,1,1,1,94,96,100,100,0,22,100,100,11,7,6,7,8,2,0,0,100,89,42,26,19,11,8,10,1,1787604801.009564,G1,T02,sel_con_vicino,1,static
1093700,1,1,1,93,93,100,100,0,47,100,100,10,7,10,5,7,6,0,0,100,86,40,27,20,12,8,10,1,1787604801.2020772,G1,T02,sel_con_vicino,1,static
1093900,1,1,1,93,94,100,100,0,62,100,100,11,9,8,3,6,5,0,0,100,84,39,26,20,13,9,10,1,1787604801.395474,G1,T02,sel_con_vicino,1,static
1094100,1,1,1,99,96,100,100,0,17,100,100,18,15,4,5,1,4,0,0,100,82,42,27,22,14,9,10,1,1787604801.603463,G1,T02,sel_con_vicino,1,static
1094300,1,1,1,93,97,100,100,0,25,100,100,11,11,7,3,1,2,0,0,100,82,48,28,23,14,9,10,1,1787604801.79452,G1,T02,sel_con_vicino,1,static
1094500,1,0,1,0,98,0,100,0,17,19,24,9,7,7,3,2,2,0,0,100,84,55,30,25,14,9,10,1,1787604802.0026333,G1,T02,sel_con_vicino,1,static
1094700,1,1,1,83,98,86,100,0,29,86,51,7,10,4,3,1,2,0,0,100,87,60,32,26,14,9,10,1,1787604802.195425,G1,T02,sel_con_vicino,1,static
1094900,1,1,1,93,90,100,100,0,28,100,97,11,12,7,4,2,3,0,0,100,88,64,34,26,15,9,10,1,1787604802.4040759,G1,T02,sel_con_vicino,1,static
1095100,1,1,1,96,94,100,100,0,21,100,100,12,9,6,3,5,4,0,0,100,89,66,35,26,16,9,10,1,1787604802.5964968,G1,T02,sel_con_vicino,1,static
1095300,1,1,1,98,98,100,100,0,17,100,100,16,10,6,5,8,5,0,0,100,94,69,35,25,17,9,10,1,1787604802.8048563,G1,T02,sel_con_vicino,1,static
1095500,1,1,1,101,99,100,100,0,20,100,100,11,4,5,6,7,5,0,0,100,100,69,35,25,18,10,10,1,1787604802.9972005,G1,T02,sel_con_vicino,1,static
1095700,1,0,1,0,101,0,100,0,18,31,31,9,5,6,6,6,6,0,0,100,100,70,35,25,18,10,10,1,1787604803.205797,G1,T02,sel_con_vicino,1,static
1095900,1,0,1,0,101,0,100,0,16,14,16,11,7,8,7,5,5,0,0,100,100,72,35,25,19,10,10,1,1787604803.397962,G1,T02,sel_con_vicino,1,static
1096100,1,1,1,88,101,72,100,0,28,72,52,5,2,8,7,4,4,0,0,100,100,73,35,27,19,10,10,1,1787604803.6055639,G1,T02,sel_con_vicino,1,static
1096300,1,1,1,86,87,70,100,0,30,70,49,12,9,5,4,3,5,0,0,100,100,75,35,28,20,10,10,1,1787604803.798287,G1,T02,sel_con_vicino,1,static
1096500,1,0,1,0,86,0,100,0,18,45,32,1,9,5,5,3,5,0,0,100,100,75,36,29,20,10,10,1,1787604804.0065625,G1,T02,sel_con_vicino,1,static
1096700,1,1,1,99,93,100,100,0,17,100,85,12,7,5,7,1,6,0,0,100,100,75,36,29,20,9,10,1,1787604804.198103,G1,T02,sel_con_vicino,1,static
1096900,1,1,1,96,99,67,100,0,20,67,54,6,8,3,9,1,5,0,0,100,100,76,35,30,21,9,10,1,1787604804.407702,G1,T02,sel_con_vicino,1,static
1097100,1,0,1,0,96,0,100,0,21,31,30,10,8,2,10,1,4,0,0,100,100,79,33,30,22,9,10,1,1787604804.6002078,G1,T02,sel_con_vicino,1,static
1097300,1,0,1,0,150,0,100,0,19,49,39,4,7,6,8,1,3,0,0,100,100,81,33,30,23,9,10,1,1787604804.808504,G1,T02,sel_con_vicino,1,static
1097500,1,0,1,0,150,0,100,0,16,28,29,5,2,8,3,1,3,0,0,100,100,84,33,30,23,9,10,1,1787604804.9985816,G1,T02,sel_con_vicino,1,static
1097700,1,0,1,0,150,0,100,0,13,12,17,8,8,5,2,1,4,0,0,100,100,86,33,30,23,9,10,1,1787604805.2063453,G1,T02,sel_con_vicino,1,static
1097900,1,1,1,93,81,100,100,0,15,100,100,14,13,4,4,3,4,0,0,100,100,87,32,29,21,9,10,1,1787604805.3982537,G1,T02,sel_con_vicino,1,static
1098100,1,1,1,92,92,100,100,0,15,100,100,9,9,8,5,7,5,0,0,100,100,86,30,27,20,8,10,1,1787604805.6060762,G1,T02,sel_con_vicino,1,static
1098300,1,1,1,93,88,100,100,0,18,100,85,6,7,7,7,7,6,0,0,100,100,81,27,25,21,8,10,1,1787604805.7977984,G1,T02,sel_con_vicino,1,static
1098500,1,1,1,97,99,100,100,0,18,100,99,6,4,5,7,6,5,0,0,100,100,76,24,23,21,8,10,1,1787604806.0042849,G1,T02,sel_con_vicino,1,static
1098700,1,0,1,0,99,0,100,0,18,39,39,3,3,6,8,5,5,0,0,100,100,72,22,22,21,9,10,1,1787604806.1962657,G1,T02,sel_con_vicino,1,static
1098900,1,0,1,0,99,0,100,0,16,24,31,8,3,5,6,4,4,0,0,100,100,69,20,21,21,9,10,1,1787604806.40473,G1,T02,sel_con_vicino,1,static
1099100,1,0,1,0,99,0,100,0,19,26,13,6,1,6,5,4,5,0,0,100,100,66,19,21,20,10,10,1,1787604806.5973113,G1,T02,sel_con_vicino,1,static
1099300,1,0,1,0,99,0,100,0,15,46,37,8,4,9,7,2,6,0,0,100,100,62,18,21,20,9,10,1,1787604806.8063362,G1,T02,sel_con_vicino,1,static
1099500,1,0,1,0,99,0,100,0,18,28,26,10,6,7,8,1,6,0,0,100,97,61,18,22,18,9,10,1,1787604806.9985685,G1,T02,sel_con_vicino,1,static
1099700,1,1,1,91,98,100,100,0,40,100,97,11,3,6,6,2,6,0,0,100,97,60,18,22,18,9,10,1,1787604807.2065642,G1,T02,sel_con_vicino,1,static
1099900,1,1,1,96,94,100,100,0,29,100,100,11,12,3,5,4,5,0,0,100,100,59,17,22,18,9,10,1,1787604807.398992,G1,T02,sel_con_vicino,1,static
1100100,1,1,1,96,96,100,100,0,17,100,100,20,12,6,9,1,3,0,0,100,100,62,17,22,18,9,10,1,1787604807.6077044,G1,T02,sel_con_vicino,1,static
1100300,1,1,1,100,99,100,100,0,33,100,100,25,22,9,5,1,1,0,0,100,100,70,20,23,19,11,10,1,1787604807.7996128,G1,T02,sel_con_vicino,1,static
1100500,1,1,1,100,103,100,100,0,38,100,100,18,19,8,7,2,1,0,0,100,100,80,24,24,19,12,10,1,1787604808.008356,G1,T02,sel_con_vicino,1,static
1100700,1,1,1,95,100,92,100,0,18,92,71,7,10,8,7,3,1,0,0,100,100,85,27,26,20,13,10,1,1787604808.2005436,G1,T02,sel_con_vicino,1,static
1100900,1,0,1,0,95,0,100,0,21,29,25,8,4,6,6,3,1,0,0,100,100,89,28,26,20,13,10,1,1787604808.4087632,G1,T02,sel_con_vicino,1,static
1101100,1,0,1,0,95,0,100,0,24,14,23,12,9,2,6,4,1,0,0,100,100,93,30,27,20,14,10,1,1787604808.600834,G1,T02,sel_con_vicino,1,static
1101300,1,0,1,0,95,0,100,0,19,32,27,3,2,1,6,4,1,0,0,100,100,96,31,28,20,14,10,1,1787604808.80901,G1,T02,sel_con_vicino,1,static
1101500,1,0,1,0,95,0,100,0,22,36,24,10,9,1,6,3,2,0,0,100,100,97,31,28,20,15,10,1,1787604808.9999156,G1,T02,sel_con_vicino,1,static
1101700,1,0,1,0,95,0,100,0,17,26,19,6,8,1,4,5,1,0,0,100,100,98,30,27,20,15,10,1,1787604809.2073965,G1,T02,sel_con_vicino,1,static
1101900,1,1,1,96,95,100,100,0,32,100,97,8,11,9,3,4,1,0,0,100,100,100,32,28,20,15,10,1,1787604809.399639,G1,T02,sel_con_vicino,1,static
1102100,1,1,1,96,97,100,100,0,45,100,100,14,16,9,4,3,1,0,0,100,100,100,34,29,20,15,10,1,1787604809.607324,G1,T02,sel_con_vicino,1,static
1102300,1,1,1,95,93,100,100,0,31,100,100,15,15,9,3,1,1,0,0,100,100,100,36,30,19,15,10,1,1787604809.8000212,G1,T02,sel_con_vicino,1,static
1102500,1,1,1,87,93,81,100,0,28,81,56,6,7,7,3,1,1,0,0,100,100,100,38,32,18,15,10,1,1787604810.0072556,G1,T02,sel_con_vicino,1,static
1102700,1,0,1,0,87,0,100,0,14,23,27,4,10,4,3,2,1,0,0,100,100,100,40,33,17,14,10,1,1787604810.199221,G1,T02,sel_con_vicino,1,static
1102900,1,1,1,106,104,100,100,0,26,100,100,19,26,13,8,1,1,0,0,100,100,100,44,33,16,13,10,1,1787604810.406657,G1,T02,sel_con_vicino,1,static
1103100,1,1,1,104,103,100,100,0,30,100,100,20,14,11,9,3,2,0,0,100,100,100,48,34,16,13,10,1,1787604810.5984616,G1,T02,sel_con_vicino,1,static
1103300,1,1,1,103,104,100,100,0,18,100,100,25,11,7,7,6,2,0,0,100,100,100,51,35,16,13,10,1,1787604810.8060818,G1,T02,sel_con_vicino,1,static
1103500,1,1,1,128,102,66,100,0,16,54,66,23,8,6,5,6,2,0,0,100,100,100,52,35,17,13,10,1,1787604810.9991689,G1,T02,sel_con_vicino,1,static
1103700,1,1,1,150,144,43,100,0,21,47,43,16,10,2,8,6,3,0,0,100,100,100,53,35,17,13,10,1,1787604811.2073834,G1,T02,sel_con_vicino,1,static
1103900,1,1,1,91,82,100,100,0,37,100,91,9,11,4,7,4,4,0,0,100,100,100,53,35,17,13,10,1,1787604811.3988035,G1,T02,sel_con_vicino,1,static
1104100,1,1,1,85,94,75,100,0,29,75,50,8,6,7,8,3,4,0,0,100,100,100,52,35,16,13,10,1,1787604811.6067014,G1,T02,sel_con_vicino,1,static
1104300,1,1,1,89,92,99,100,0,31,99,70,8,6,6,8,2,5,0,0,100,100,100,49,33,16,12,10,1,1787604811.7986398,G1,T02,sel_con_vicino,1,static
1104500,1,0,1,0,89,0,100,0,18,21,18,7,5,5,6,3,6,0,0,100,100,100,44,31,15,12,10,1,1787604812.0071697,G1,T02,sel_con_vicino,1,static
1104700,1,0,1,0,89,0,100,0,21,40,32,6,7,7,7,3,5,0,0,100,100,100,41,30,15,12,10,1,1787604812.1993117,G1,T02,sel_con_vicino,1,static
1104900,1,1,1,99,94,74,100,0,18,74,62,10,3,6,7,2,6,0,0,100,100,100,40,29,13,11,10,1,1787604812.4084718,G1,T02,sel_con_vicino,1,static
1105100,1,0,1,0,99,0,100,0,21,34,31,10,11,6,5,3,6,0,0,100,100,100,39,27,13,11,10,1,1787604812.5992548,G1,T02,sel_con_vicino,1,static
1105300,1,1,1,103,103,68,100,0,14,68,60,10,4,7,5,5,6,0,0,100,100,97,39,26,12,10,10,1,1787604812.8053076,G1,T02,sel_con_vicino,1,static
1105500,1,0,1,0,107,0,100,0,16,27,25,4,4,8,5,6,6,0,0,100,100,95,41,25,12,10,10,1,1787604812.99775,G1,T02,sel_con_vicino,1,static
1105700,1,0,1,0,107,0,100,0,16,19,14,4,3,7,5,7,5,0,0,100,100,93,43,24,12,10,10,1,1787604813.2047129,G1,T02,sel_con_vicino,1,static
1105900,1,1,1,89,92,94,100,0,29,94,65,6,5,10,4,9,6,0,0,100,100,90,43,24,13,10,10,1,1787604813.3972561,G1,T02,sel_con_vicino,1,static
1106100,1,1,1,91,93,100,100,0,46,100,100,7,5,5,5,6,6,0,0,100,100,84,44,23,14,11,10,1,1787604813.6055288,G1,T02,sel_con_vicino,1,static
1106300,1,1,1,93,91,100,100,0,32,100,98,9,7,8,4,4,8,0,0,100,100,78,45,22,15,11,10,1,1787604813.799314,G1,T02,sel_con_vicino,1,static
1106500,1,1,1,93,91,100,100,0,32,100,100,2,8,6,2,4,8,0,0,100,100,73,46,21,16,12,10,1,1787604814.0052793,G1,T02,sel_con_vicino,1,static
1106700,1,1,1,97,96,100,100,0,13,100,100,8,13,9,1,6,7,0,0,100,100,69,47,21,17,13,10,1,1787604814.1967978,G1,T02,sel_con_vicino,1,static
1106900,1,1,1,97,97,100,100,0,39,100,100,10,12,9,2,3,5,0,0,100,100,66,46,21,19,14,10,1,1787604814.4045825,G1,T02,sel_con_vicino,1,static
1107100,1,1,1,98,97,100,100,0,24,100,100,11,11,7,5,6,3,0,0,100,100,63,46,20,21,15,10,1,1787604814.596823,G1,T02,sel_con_vicino,1,static
1107300,1,1,1,93,98,100,100,0,34,100,87,15,2,2,4,4,5,0,0,100,100,61,44,19,22,16,10,1,1787604814.8053372,G1,T02,sel_con_vicino,1,static
1107500,1,1,1,93,94,100,100,0,33,100,100,10,10,6,4,1,7,0,0,100,100,60,43,19,21,17,10,1,1787604814.9977794,G1,T02,sel_con_vicino,1,static
1107700,1,1,1,89,94,100,100,0,19,100,73,6,10,10,1,1,7,0,0,100,100,59,43,18,21,17,10,1,1787604815.2060452,G1,T02,sel_con_vicino,1,static
1107900,1,1,1,89,86,62,100,0,16,62,42,9,1,5,1,3,6,0,0,100,100,60,42,18,21,16,10,1,1787604815.3991337,G1,T02,sel_con_vicino,1,static
1108100,1,1,1,82,89,57,100,0,20,57,32,7,5,1,1,4,7,0,0,100,100,58,42,17,20,16,10,1,1787604815.6072311,G1,T02,sel_con_vicino,1,static
1108300,1,1,1,88,91,80,100,0,17,80,51,5,9,2,2,4,7,0,0,100,100,57,43,16,20,16,10,1,1787604815.799431,G1,T02,sel_con_vicino,1,static
1108500,1,1,1,89,87,100,100,0,23,100,79,10,10,4,5,4,4,0,0,100,100,58,44,16,20,16,10,1,1787604816.007509,G1,T02,sel_con_vicino,1,static
1108700,1,1,1,87,89,100,100,0,29,100,71,11,9,9,6,5,3,0,0,100,100,60,45,16,20,17,10,1,1787604816.1996717,G1,T02,sel_con_vicino,1,static
1108900,1,1,1,97,90,73,100,0,16,73,58,10,8,2,6,6,2,0,0,100,100,63,47,16,21,17,10,1,1787604816.4072766,G1,T02,sel_con_vicino,1,static
1109100,1,1,1,93,97,59,100,0,20,59,46,9,2,3,6,6,3,0,0,100,100,64,47,16,21,18,10,1,1787604816.6001909,G1,T02,sel_con_vicino,1,static
1109300,1,0,1,0,89,0,100,0,17,30,15,2,5,4,6,7,4,0,0,100,100,63,46,16,22,18,10,1,1787604816.8070753,G1,T02,sel_con_vicino,1,static
1109500,1,1,1,88,89,100,100,0,30,100,72,8,8,6,5,8,5,0,0,100,97,63,44,16,22,19,10,1,1787604816.9988718,G1,T02,sel_con_vicino,1,static
1109700,1,1,1,89,90,100,100,0,60,100,100,9,5,6,4,8,7,0,0,100,90,61,43,16,22,19,10,1,1787604817.2089946,G1,T02,sel_con_vicino,1,static
1109900,1,1,1,91,89,100,100,0,38,100,100,10,7,5,1,7,7,0,0,100,87,60,42,15,22,19,10,1,1787604817.398421,G1,T02,sel_con_vicino,1,static
1110100,1,1,1,93,92,100,100,0,18,100,96,6,7,6,2,5,7,0,0,100,86,59,40,16,22,19,10,1,1787604817.6068237,G1,T02,sel_con_vicino,1,static
1110300,1,0,1,0,94,0,100,0,18,36,34,9,5,5,3,4,6,0,0,100,84,57,38,16,21,19,10,1,1787604817.79929,G1,T02,sel_con_vicino,1,static
1110500,1,0,1,0,94,0,100,0,17,22,23,5,6,5,2,3,6,0,0,100,83,55,35,16,20,19,10,1,1787604818.0073347,G1,T02,sel_con_vicino,1,static
1110700,1,1,1,90,94,76,100,0,16,76,52,9,6,6,3,1,6,0,0,100,85,54,32,16,19,18,10,1,1787604818.200092,G1,T02,sel_con_vicino,1,static
