timestamp_ms,radar_presence,moving_target,stationary_target,moving_distance_cm,stationary_distance_cm,moving_energy,stationary_energy,pir_presence,menergy_gate0,menergy_gate1,menergy_gate2,menergy_gate3,menergy_gate4,menergy_gate5,menergy_gate6,menergy_gate7,menergy_gate8,senergy_gate0,senergy_gate1,senergy_gate2,senergy_gate3,senergy_gate4,senergy_gate5,senergy_gate6,senergy_gate7,senergy_gate8,light_level,out_level,pc_time_s,group_id,trial_id,scenario,ground_truth_presence,ground_truth_state
440100,1,1,1,99,96,100,100,0,29,100,100,55,17,5,11,2,7,0,0,100,100,100,79,50,26,17,10,1,1787604149.5730636,G1,T03,sel_dentro_1m,1,static
440300,1,1,1,97,99,100,100,0,99,100,100,29,15,2,8,5,9,0,0,100,100,100,78,50,27,17,9,1,1787604149.5746331,G1,T03,sel_dentro_1m,1,static
440500,1,1,1,121,96,100,100,0,23,100,100,36,3,8,4,4,8,0,0,100,100,100,78,51,27,18,9,1,1787604149.5746331,G1,T03,sel_dentro_1m,1,static
440700,1,1,1,99,105,100,100,0,25,100,100,32,7,3,8,7,4,0,0,100,100,99,78,51,28,18,10,1,1787604149.5746331,G1,T03,sel_dentro_1m,1,static
440900,1,1,1,108,101,100,100,0,34,100,100,42,9,11,2,6,1,0,0,100,100,96,74,50,27,18,10,1,1787604149.5746331,G1,T03,sel_dentro_1m,1,static
441100,1,1,1,114,111,100,100,0,45,100,100,61,11,4,8,4,4,0,0,100,100,88,71,48,26,17,10,1,1787604149.5746331,G1,T03,sel_dentro_1m,1,static
441300,1,1,1,103,107,100,100,0,37,100,100,39,16,10,7,7,5,0,0,100,100,89,68,49,26,16,10,1,1787604149.5746331,G1,T03,sel_dentro_1m,1,static
441500,1,1,1,105,127,100,100,0,75,100,100,59,8,8,7,7,1,0,0,100,100,92,69,49,26,16,10,1,1787604149.5746331,G1,T03,sel_dentro_1m,1,static
441700,1,1,1,97,96,100,100,0,32,100,100,42,6,5,12,6,6,0,0,100,100,92,66,49,26,17,11,1,1787604149.5746331,G1,T03,sel_dentro_1m,1,static
441900,1,1,1,101,99,100,100,0,24,100,100,54,16,11,13,3,9,0,0,100,100,85,65,50,26,18,11,1,1787604149.5746331,G1,T03,sel_dentro_1m,1,static
442100,1,1,1,100,102,100,100,0,33,100,100,21,12,11,4,7,8,0,0,100,100,82,64,49,26,17,10,1,1787604149.5746331,G1,T03,sel_dentro_1m,1,static
442300,1,1,1,129,102,94,100,0,16,73,94,18,6,8,7,8,5,0,0,100,100,78,62,49,26,17,10,1,1787604149.7834153,G1,T03,sel_dentro_1m,1,static
442500,1,1,1,113,117,100,100,0,36,100,100,48,17,4,9,5,5,0,0,100,100,83,59,47,26,17,10,1,1787604149.9738903,G1,T03,sel_dentro_1m,1,static
442700,1,1,1,89,100,100,100,1,42,100,100,24,13,9,6,4,7,0,0,100,100,87,57,48,26,18,10,1,1787604150.1818187,G1,T03,sel_dentro_1m,1,static
442900,1,1,1,86,91,100,100,1,89,100,100,30,8,8,7,7,4,0,0,100,100,88,58,49,27,19,10,1,1787604150.3742695,G1,T03,sel_dentro_1m,1,static
443100,1,1,1,110,79,93,100,1,29,93,91,15,18,8,7,5,4,0,0,100,100,90,55,48,27,19,10,1,1787604150.5878828,G1,T03,sel_dentro_1m,1,static
443300,1,1,1,95,110,100,100,1,27,100,100,7,18,8,7,6,4,0,0,100,100,96,52,45,27,19,10,1,1787604150.7881184,G1,T03,sel_dentro_1m,1,static
443500,1,1,1,117,116,100,100,1,32,100,100,21,5,1,3,10,1,0,0,100,100,97,49,45,28,20,10,1,1787604150.9794831,G1,T03,sel_dentro_1m,1,static
443700,1,1,1,121,85,100,100,1,42,100,100,68,8,2,4,8,2,0,0,100,100,92,48,45,29,20,10,1,1787604151.1865947,G1,T03,sel_dentro_1m,1,static
443900,1,1,1,105,117,100,100,1,68,100,100,59,4,4,9,4,6,0,0,100,100,90,45,42,29,21,11,1,1787604151.3775465,G1,T03,sel_dentro_1m,1,static
444100,1,1,1,102,104,100,100,1,43,100,100,43,7,11,1,5,7,0,0,100,100,85,44,40,29,22,10,1,1787604151.5857077,G1,T03,sel_dentro_1m,1,static
444300,1,1,1,106,101,100,100,1,61,100,100,42,12,7,1,9,7,0,0,100,100,87,46,39,29,21,10,1,1787604151.7763066,G1,T03,sel_dentro_1m,1,static
444500,1,1,1,103,118,100,100,1,62,100,100,31,9,10,6,6,9,0,0,100,100,89,46,38,30,20,10,1,1787604151.9846537,G1,T03,sel_dentro_1m,1,static
444700,1,1,1,96,98,100,100,1,56,100,100,25,22,7,6,5,4,0,0,100,100,91,45,36,28,19,10,1,1787604152.1766486,G1,T03,sel_dentro_1m,1,static
444900,1,1,1,100,130,100,100,1,41,100,100,22,6,7,6,6,4,0,0,100,100,93,43,35,27,19,11,1,1787604152.3852098,G1,T03,sel_dentro_1m,1,static
445100,1,1,1,100,100,100,100,1,26,100,100,17,24,22,8,4,6,0,0,100,100,97,46,34,27,19,10,1,1787604152.5754273,G1,T03,sel_dentro_1m,1,static
445300,1,1,1,111,108,100,100,1,18,100,100,25,15,7,6,4,9,0,0,100,100,96,50,33,27,19,10,1,1787604152.7847035,G1,T03,sel_dentro_1m,1,static
445500,1,1,1,106,111,90,100,1,20,90,83,9,6,5,5,5,9,0,0,100,100,96,50,33,26,19,10,1,1787604152.9767308,G1,T03,sel_dentro_1m,1,static
445700,1,1,1,131,117,61,100,1,16,45,61,14,2,8,9,1,7,0,0,100,100,93,52,33,25,19,10,1,1787604153.183926,G1,T03,sel_dentro_1m,1,static
445900,1,1,1,120,101,100,100,1,15,100,100,28,13,10,3,3,6,0,0,100,100,92,53,31,26,17,10,1,1787604153.3755422,G1,T03,sel_dentro_1m,1,static
446100,1,1,1,114,114,100,100,1,37,100,100,51,10,7,3,9,4,0,0,100,100,94,54,30,26,18,10,1,1787604153.5844288,G1,T03,sel_dentro_1m,1,static
446300,1,1,1,114,107,100,100,1,34,100,100,26,11,12,8,7,1,0,0,100,100,99,58,28,26,18,10,1,1787604153.7767112,G1,T03,sel_dentro_1m,1,static
446500,1,1,1,99,114,100,100,1,34,100,100,22,2,2,1,9,1,0,0,100,100,98,60,27,27,18,10,1,1787604153.9849327,G1,T03,sel_dentro_1m,1,static
446700,1,1,1,97,99,100,100,1,34,100,100,31,14,13,3,4,7,0,0,100,100,94,61,26,28,17,10,1,1787604154.1791365,G1,T03,sel_dentro_1m,1,static
446900,1,1,1,104,99,100,100,1,16,100,100,33,8,4,10,5,2,0,0,100,100,93,61,28,28,16,10,1,1787604154.3856766,G1,T03,sel_dentro_1m,1,static
447100,1,1,1,101,104,100,100,1,40,100,100,29,6,5,4,4,6,0,0,100,100,87,60,29,28,16,10,1,1787604154.5773458,G1,T03,sel_dentro_1m,1,static
447300,1,1,1,101,97,100,100,1,14,100,100,14,10,10,7,1,2,0,0,100,100,83,60,30,28,16,10,1,1787604154.78503,G1,T03,sel_dentro_1m,1,static
447500,1,1,1,102,97,70,100,1,18,70,62,16,10,10,7,3,4,0,0,100,100,79,62,30,26,15,10,1,1787604154.9774065,G1,T03,sel_dentro_1m,1,static
447700,1,1,1,97,94,100,100,1,29,100,100,41,9,4,2,2,5,0,0,100,100,80,61,30,25,15,10,1,1787604155.185709,G1,T03,sel_dentro_1m,1,static
447900,1,1,1,91,114,100,100,1,41,100,99,23,12,8,3,8,6,0,0,100,100,84,64,30,25,14,10,1,1787604155.3790345,G1,T03,sel_dentro_1m,1,static
448100,1,1,1,137,91,66,100,1,18,46,66,24,10,3,1,10,4,0,0,100,100,87,65,29,25,13,10,1,1787604155.585705,G1,T03,sel_dentro_1m,1,static
448300,1,1,1,91,137,68,100,1,14,68,48,12,16,10,6,9,4,0,0,100,100,86,64,29,26,13,10,1,1787604155.777273,G1,T03,sel_dentro_1m,1,static
448500,1,1,1,94,93,100,100,1,30,100,100,19,10,1,5,4,7,0,0,100,100,87,61,28,25,13,10,1,1787604155.9853063,G1,T03,sel_dentro_1m,1,static
448700,1,1,1,96,97,100,100,1,56,100,100,22,9,10,5,5,7,0,0,100,100,87,61,28,27,13,10,1,1787604156.177917,G1,T03,sel_dentro_1m,1,static
448900,1,1,1,103,96,100,100,1,15,100,100,27,8,8,6,3,5,0,0,100,100,84,62,28,27,14,10,1,1787604156.384987,G1,T03,sel_dentro_1m,1,static
449100,1,1,1,118,111,100,100,0,19,100,100,32,13,6,4,1,3,0,0,100,100,80,59,27,27,14,10,1,1787604156.5763326,G1,T03,sel_dentro_1m,1,static
449300,1,1,1,124,128,100,100,0,21,100,100,34,12,5,3,8,2,0,0,100,100,78,56,26,27,14,10,1,1787604156.7850556,G1,T03,sel_dentro_1m,1,static
449500,1,1,1,110,108,100,100,0,17,100,100,32,10,2,1,3,6,0,0,100,100,78,55,26,27,14,10,1,1787604156.9774354,G1,T03,sel_dentro_1m,1,static
449700,1,1,1,111,111,100,100,0,47,100,100,60,4,8,5,6,9,0,0,100,100,81,55,26,27,15,10,1,1787604157.1842973,G1,T03,sel_dentro_1m,1,static
449900,1,1,1,108,110,100,100,0,54,100,100,47,6,7,8,7,5,0,0,100,100,81,53,27,26,15,10,1,1787604157.376191,G1,T03,sel_dentro_1m,1,static
450100,1,1,1,103,108,100,100,0,14,100,100,21,8,9,7,3,3,0,0,100,100,78,51,29,25,16,11,1,1787604157.5843184,G1,T03,sel_dentro_1m,1,static
450300,1,1,1,99,104,100,100,0,20,100,100,12,10,7,8,6,1,0,0,100,100,74,49,31,24,15,10,1,1787604157.7758596,G1,T03,sel_dentro_1m,1,static
450500,1,1,1,97,95,100,100,0,34,100,100,27,10,7,10,6,5,0,0,100,100,73,47,33,23,15,11,1,1787604157.983934,G1,T03,sel_dentro_1m,1,static
450700,1,1,1,95,96,100,100,0,25,100,100,17,12,9,9,4,10,0,0,100,100,74,48,34,21,17,11,1,1787604158.1759715,G1,T03,sel_dentro_1m,1,static
450900,1,1,1,99,97,100,100,0,40,100,100,22,12,5,10,2,1,0,0,100,100,79,49,33,21,18,11,1,1787604158.3840344,G1,T03,sel_dentro_1m,1,static
451100,1,1,1,99,99,100,100,0,21,100,100,6,5,3,3,1,7,0,0,100,100,80,50,33,21,19,10,1,1787604158.5762296,G1,T03,sel_dentro_1m,1,static
451300,1,1,1,97,98,100,100,0,21,100,100,30,11,9,10,6,11,0,0,100,100,81,50,33,21,19,10,1,1787604158.7844322,G1,T03,sel_dentro_1m,1,static
451500,1,1,1,89,90,100,100,0,60,100,100,12,11,3,7,4,1,0,0,100,100,84,49,34,21,20,10,1,1787604158.9765854,G1,T03,sel_dentro_1m,1,static
451700,1,1,1,94,91,100,100,0,13,100,100,10,6,8,6,4,2,0,0,100,100,86,51,36,21,20,10,1,1787604159.1845615,G1,T03,sel_dentro_1m,1,static
451900,1,1,1,94,96,88,100,0,17,88,67,12,7,4,2,4,3,0,0,100,100,86,51,36,21,20,11,1,1787604159.3768494,G1,T03,sel_dentro_1m,1,static
452100,1,1,1,99,100,100,100,0,34,100,100,18,4,3,4,6,0,0,0,100,100,84,50,37,20,20,10,1,1787604159.5849185,G1,T03,sel_dentro_1m,1,static
452300,1,1,1,108,101,100,100,0,25,100,100,19,5,6,9,6,0,0,0,100,100,85,51,38,18,20,10,1,1787604159.7779126,G1,T03,sel_dentro_1m,1,static
452500,1,0,1,0,107,0,100,0,14,33,36,8,7,6,7,4,1,0,0,100,100,85,51,40,18,20,10,1,1787604159.9866939,G1,T03,sel_dentro_1m,1,static
452700,1,0,1,0,107,0,100,0,16,35,25,4,7,3,4,5,1,0,0,100,100,85,51,41,16,20,10,1,1787604160.1792173,G1,T03,sel_dentro_1m,1,static
452900,1,0,1,0,93,0,100,0,17,48,33,9,5,4,5,5,1,0,0,100,100,87,50,42,15,19,10,1,1787604160.387772,G1,T03,sel_dentro_1m,1,static
453100,1,0,1,0,93,0,100,0,19,43,37,15,6,7,6,5,1,0,0,100,100,87,49,43,14,19,11,1,1787604160.5789297,G1,T03,sel_dentro_1m,1,static
453300,1,1,1,98,97,100,100,0,17,100,85,11,9,8,3,6,2,0,0,100,100,82,47,45,14,19,11,1,1787604160.7867358,G1,T03,sel_dentro_1m,1,static
453500,1,1,1,101,101,100,100,0,15,100,100,9,2,5,5,7,1,0,0,100,100,77,47,46,14,19,11,1,1787604160.9887774,G1,T03,sel_dentro_1m,1,static
453700,1,1,1,104,101,100,100,0,17,100,100,13,9,8,11,8,1,0,0,100,100,74,45,48,15,19,11,1,1787604161.1804562,G1,T03,sel_dentro_1m,1,static
453900,1,1,1,101,103,100,100,0,26,100,100,15,12,11,6,7,5,0,0,100,100,75,46,50,15,19,11,1,1787604161.3882182,G1,T03,sel_dentro_1m,1,static
454100,1,1,1,101,100,100,100,0,17,100,100,17,10,11,11,5,8,0,0,100,100,80,49,51,16,20,10,1,1787604161.5809886,G1,T03,sel_dentro_1m,1,static
454300,1,1,1,88,103,61,100,0,17,61,41,8,7,6,6,6,9,0,0,100,100,84,52,53,16,20,10,1,1787604161.7887135,G1,T03,sel_dentro_1m,1,static
454500,1,1,1,110,88,68,100,0,15,68,67,9,6,5,6,5,7,0,0,100,100,86,53,53,16,20,10,1,1787604161.9793532,G1,T03,sel_dentro_1m,1,static
454700,1,1,1,104,108,100,100,0,13,100,100,18,9,9,7,6,6,0,0,100,100,85,54,54,16,19,10,1,1787604162.1866739,G1,T03,sel_dentro_1m,1,static
454900,1,1,1,99,99,100,100,0,30,100,100,14,13,8,9,6,3,0,0,100,100,79,52,55,15,19,10,1,1787604162.3791838,G1,T03,sel_dentro_1m,1,static
455100,1,1,1,96,96,100,100,0,45,100,100,16,11,5,9,7,1,0,0,100,100,78,52,56,14,18,10,1,1787604162.5872798,G1,T03,sel_dentro_1m,1,static
455300,1,1,1,98,96,100,100,0,27,100,100,10,12,8,6,7,6,0,0,100,100,81,52,57,15,18,11,1,1787604162.778877,G1,T03,sel_dentro_1m,1,static
455500,1,1,1,96,97,100,100,0,46,100,100,5,13,3,9,3,9,0,0,100,100,79,51,59,16,19,10,1,1787604162.985933,G1,T03,sel_dentro_1m,1,static
455700,1,1,1,94,96,100,100,0,23,100,100,27,11,12,10,3,7,0,0,100,100,80,52,59,15,19,11,1,1787604163.178449,G1,T03,sel_dentro_1m,1,static
455900,1,0,1,0,86,0,100,0,18,34,16,23,11,10,10,4,5,0,0,100,100,78,52,58,15,19,10,1,1787604163.3867323,G1,T03,sel_dentro_1m,1,static
456100,1,0,1,0,150,0,100,0,13,17,31,9,11,11,8,4,5,0,0,100,100,79,52,56,14,20,10,1,1787604163.580043,G1,T03,sel_dentro_1m,1,static
456300,1,0,1,0,150,0,100,0,18,29,18,6,1,3,5,6,5,0,0,100,100,78,52,54,14,20,10,1,1787604163.788742,G1,T03,sel_dentro_1m,1,static
456500,1,0,1,0,150,0,100,0,19,12,19,19,14,11,5,4,6,0,0,100,100,76,53,53,14,20,10,1,1787604163.981189,G1,T03,sel_dentro_1m,1,static
456700,1,1,1,87,79,100,100,0,18,100,61,24,10,10,9,1,7,0,0,100,100,77,56,53,15,19,10,1,1787604164.1885138,G1,T03,sel_dentro_1m,1,static
456900,1,1,1,90,91,100,100,0,48,100,100,11,9,4,8,3,8,0,0,100,100,75,56,54,15,20,10,1,1787604164.3802328,G1,T03,sel_dentro_1m,1,static
457100,1,1,1,94,92,100,100,0,46,100,100,12,5,1,9,6,6,0,0,100,100,76,56,55,15,20,10,1,1787604164.588911,G1,T03,sel_dentro_1m,1,static
457300,1,1,1,97,96,100,100,0,16,100,100,7,10,10,5,6,1,0,0,100,100,79,58,56,15,21,10,1,1787604164.7799165,G1,T03,sel_dentro_1m,1,static
457500,1,1,1,96,98,100,100,0,28,100,100,6,6,2,11,8,3,0,0,100,100,80,59,56,16,21,10,1,1787604164.987371,G1,T03,sel_dentro_1m,1,static
457700,1,1,1,99,96,100,100,0,33,100,100,22,15,7,6,7,1,0,0,100,100,83,59,55,15,20,10,1,1787604165.179356,G1,T03,sel_dentro_1m,1,static
457900,1,1,1,94,96,100,100,0,20,100,100,26,14,9,9,6,7,0,0,100,100,86,58,53,15,20,11,1,1787604165.38713,G1,T03,sel_dentro_1m,1,static
458100,1,1,1,93,91,100,100,0,45,100,100,18,4,11,9,1,5,0,0,100,100,82,54,51,15,20,11,1,1787604165.5801475,G1,T03,sel_dentro_1m,1,static
458300,1,1,1,83,90,100,100,0,54,100,100,10,4,1,7,4,5,0,0,100,100,80,50,48,15,19,11,1,1787604165.7889655,G1,T03,sel_dentro_1m,1,static
458500,1,1,1,83,80,100,100,0,15,100,60,22,10,3,4,6,5,0,0,100,100,80,47,47,15,18,11,1,1787604165.9801013,G1,T03,sel_dentro_1m,1,static
458700,1,0,1,0,77,0,100,0,14,27,27,15,5,7,6,4,5,0,0,100,100,83,45,45,16,17,11,1,1787604166.1889508,G1,T03,sel_dentro_1m,1,static
458900,1,0,1,0,77,0,100,0,17,11,20,10,10,10,7,4,4,0,0,100,100,84,45,43,16,16,10,1,1787604166.3814533,G1,T03,sel_dentro_1m,1,static
459100,1,1,1,90,77,53,100,0,19,53,39,1,2,1,7,4,5,0,0,100,100,81,45,40,16,15,10,1,1787604166.5886536,G1,T03,sel_dentro_1m,1,static
459300,1,0,1,0,90,0,100,0,17,15,30,11,10,6,6,3,5,0,0,100,100,78,44,38,15,14,10,1,1787604166.7783613,G1,T03,sel_dentro_1m,1,static
459500,1,1,1,104,90,54,100,0,22,54,50,13,7,11,3,3,4,0,0,100,100,79,45,34,14,13,10,1,1787604166.9858859,G1,T03,sel_dentro_1m,1,static
459700,1,1,1,140,121,60,100,0,16,38,60,21,10,2,3,4,4,0,0,100,100,78,42,32,13,12,10,1,1787604167.1775222,G1,T03,sel_dentro_1m,1,static
459900,1,1,1,130,140,64,100,0,19,50,64,18,10,3,4,6,3,0,0,100,100,77,39,32,13,11,10,1,1787604167.3859887,G1,T03,sel_dentro_1m,1,static
460100,1,1,1,90,90,73,100,0,17,73,50,11,7,5,8,5,3,0,0,100,100,73,37,33,13,11,10,1,1787604167.577776,G1,T03,sel_dentro_1m,1,static
460300,1,0,1,0,97,0,100,0,13,38,37,9,9,7,5,4,3,0,0,100,100,70,36,34,12,11,10,1,1787604167.7847476,G1,T03,sel_dentro_1m,1,static
460500,1,0,1,0,97,0,100,0,22,20,16,8,5,8,5,6,4,0,0,100,100,69,35,33,12,11,10,1,1787604167.9754167,G1,T03,sel_dentro_1m,1,static
460700,1,1,1,143,97,51,100,0,19,25,51,13,5,4,4,4,5,0,0,100,100,67,32,31,12,11,10,1,1787604168.1836486,G1,T03,sel_dentro_1m,1,static
460900,1,1,1,125,128,83,100,0,14,70,83,19,10,6,8,2,5,0,0,100,100,70,32,29,11,11,11,1,1787604168.3746243,G1,T03,sel_dentro_1m,1,static
461100,1,1,1,120,125,98,100,0,24,90,98,29,10,7,7,3,4,0,0,100,100,73,32,27,11,10,10,1,1787604168.5831468,G1,T03,sel_dentro_1m,1,static
461300,1,1,1,108,113,75,100,0,19,75,72,14,9,5,5,3,3,0,0,100,100,76,31,25,11,10,10,1,1787604168.7890606,G1,T03,sel_dentro_1m,1,static
461500,1,0,1,0,100,0,100,0,17,28,27,10,9,9,5,2,2,0,0,100,100,79,30,22,10,9,10,1,1787604168.982976,G1,T03,sel_dentro_1m,1,static
461700,1,0,1,0,100,0,100,0,21,28,35,6,7,9,4,4,3,0,0,100,100,82,32,20,10,9,10,1,1787604169.1878223,G1,T03,sel_dentro_1m,1,static
461900,1,0,1,0,100,0,100,0,14,39,39,9,1,3,4,1,3,0,0,100,100,81,31,19,10,8,10,1,1787604169.3829594,G1,T03,sel_dentro_1m,1,static
462100,1,1,1,114,100,42,100,0,17,41,42,14,7,5,2,1,3,0,0,100,100,81,31,17,10,8,10,1,1787604169.5870116,G1,T03,sel_dentro_1m,1,static
462300,1,1,1,121,123,100,100,0,23,100,100,36,8,6,4,2,3,0,0,100,100,80,31,16,10,8,10,1,1787604169.7830555,G1,T03,sel_dentro_1m,1,static
462500,1,1,1,103,117,100,100,0,57,100,100,48,26,13,3,7,5,0,0,100,100,82,31,15,10,9,10,1,1787604169.9844105,G1,T03,sel_dentro_1m,1,static
462700,1,1,1,101,104,100,100,0,68,100,100,52,10,11,8,6,6,0,0,100,100,83,34,15,11,10,10,1,1787604170.1830342,G1,T03,sel_dentro_1m,1,static
462900,1,1,1,103,127,100,100,0,66,100,100,37,4,5,9,1,3,0,0,100,100,83,36,16,11,11,10,1,1787604170.3832335,G1,T03,sel_dentro_1m,1,static
463100,1,1,1,95,97,100,100,0,49,100,100,26,25,11,11,6,6,0,0,100,100,88,38,17,12,12,10,1,1787604170.5833733,G1,T03,sel_dentro_1m,1,static
463300,1,1,1,107,98,100,100,0,75,100,100,45,20,13,9,6,5,0,0,100,100,90,39,18,14,13,10,1,1787604170.7831511,G1,T03,sel_dentro_1m,1,static
463500,1,1,1,121,108,60,100,0,17,55,60,19,12,8,7,7,4,0,0,100,100,88,40,19,16,13,11,1,1787604170.9831464,G1,T03,sel_dentro_1m,1,static
463700,1,1,1,96,127,100,100,0,26,100,100,20,4,9,4,2,5,0,0,100,100,85,40,21,17,13,11,1,1787604171.1832666,G1,T03,sel_dentro_1m,1,static
463900,1,1,1,98,93,100,100,0,90,100,100,51,12,5,9,8,6,0,0,100,100,87,41,22,18,14,10,1,1787604171.3833444,G1,T03,sel_dentro_1m,1,static
464100,1,1,1,100,98,100,100,0,15,100,100,35,20,11,9,6,3,0,0,100,100,97,43,23,19,15,10,1,1787604171.5833282,G1,T03,sel_dentro_1m,1,static
464300,1,1,1,103,100,100,100,0,51,100,100,38,28,8,11,3,4,0,0,100,100,100,44,23,21,15,10,1,1787604171.7871895,G1,T03,sel_dentro_1m,1,static
464500,1,1,1,122,98,100,100,0,21,100,100,30,9,8,1,4,4,0,0,100,100,100,44,25,21,15,10,1,1787604171.9832878,G1,T03,sel_dentro_1m,1,static
464700,1,1,1,142,150,79,100,0,20,44,79,26,10,12,8,2,5,0,0,100,100,100,45,27,21,15,10,1,1787604172.1863515,G1,T03,sel_dentro_1m,1,static
464900,1,1,1,116,130,67,100,0,18,65,67,21,2,6,8,1,7,0,0,100,100,100,45,28,21,15,10,1,1787604172.3821392,G1,T03,sel_dentro_1m,1,static
465100,1,0,1,0,90,0,100,0,20,37,40,9,11,7,1,1,5,0,0,100,100,100,46,28,21,15,10,1,1787604172.586027,G1,T03,sel_dentro_1m,1,static
465300,1,1,1,94,138,60,100,0,16,60,47,15,7,6,8,3,3,0,0,100,100,97,48,29,20,16,10,1,1787604172.78368,G1,T03,sel_dentro_1m,1,static
465500,1,1,1,113,101,77,100,0,23,76,77,26,11,7,9,3,1,0,0,100,100,96,49,30,20,16,10,1,1787604172.9860115,G1,T03,sel_dentro_1m,1,static
465700,1,1,1,91,107,71,100,0,31,71,56,19,13,5,5,1,2,0,0,100,100,95,49,31,20,16,10,1,1787604173.1847186,G1,T03,sel_dentro_1m,1,static
465900,1,1,1,87,91,56,100,0,20,56,39,9,9,8,4,1,2,0,0,100,100,96,49,31,21,17,10,1,1787604173.3851914,G1,T03,sel_dentro_1m,1,static
466100,1,1,1,98,87,75,100,0,14,75,61,16,12,7,4,2,5,0,0,100,100,98,49,32,20,18,10,1,1787604173.5857594,G1,T03,sel_dentro_1m,1,static
466300,1,0,1,0,98,0,100,0,16,49,37,9,6,4,6,1,6,0,0,100,100,100,48,32,21,18,10,1,1787604173.7861407,G1,T03,sel_dentro_1m,1,static
466500,1,0,1,0,98,0,100,0,18,23,16,7,5,5,5,1,6,0,0,100,100,97,46,32,20,18,10,1,1787604173.986945,G1,T03,sel_dentro_1m,1,static
466700,1,0,1,0,98,0,100,0,16,13,11,12,11,2,4,2,5,0,0,100,100,95,43,31,19,18,10,1,1787604174.1874747,G1,T03,sel_dentro_1m,1,static
466900,1,1,1,111,98,53,100,0,18,53,53,17,15,8,4,1,1,0,0,100,100,96,41,30,18,17,10,1,1787604174.3879616,G1,T03,sel_dentro_1m,1,static
467100,1,0,1,0,121,0,100,0,17,23,33,11,8,2,7,3,1,0,0,100,100,96,40,29,18,17,11,1,1787604174.588402,G1,T03,sel_dentro_1m,1,static
467300,1,1,1,150,121,41,100,0,15,44,41,10,5,1,6,1,1,0,0,100,100,95,38,29,16,17,11,1,1787604174.7886117,G1,T03,sel_dentro_1m,1,static
467500,1,0,1,0,90,0,100,0,13,21,23,9,4,3,8,2,2,0,0,100,100,97,37,28,14,17,11,1,1787604174.9844725,G1,T03,sel_dentro_1m,1,static
467700,1,1,1,106,117,100,100,0,23,100,100,26,13,6,7,1,1,0,0,100,100,100,37,27,13,17,11,1,1787604175.1771822,G1,T03,sel_dentro_1m,1,static
467900,1,1,1,100,103,97,100,0,18,97,83,14,5,9,8,1,4,0,0,100,100,100,37,26,11,18,10,1,1787604175.3849556,G1,T03,sel_dentro_1m,1,static
468100,1,0,1,0,97,0,100,0,13,37,37,10,1,9,3,2,3,0,0,100,100,94,36,26,10,17,10,1,1787604175.5771406,G1,T03,sel_dentro_1m,1,static
468300,1,0,1,0,97,0,100,0,19,26,17,5,2,8,6,2,5,0,0,100,100,89,34,25,9,17,10,1,1787604175.7852309,G1,T03,sel_dentro_1m,1,static
468500,1,0,1,0,97,0,100,0,21,31,30,13,6,9,7,2,4,0,0,100,100,89,34,24,9,18,9,1,1787604175.9773154,G1,T03,sel_dentro_1m,1,static
468700,1,1,1,90,97,58,100,0,19,58,43,15,8,3,7,3,4,0,0,100,100,92,34,22,8,18,10,1,1787604176.1858885,G1,T03,sel_dentro_1m,1,static
468900,1,0,1,0,99,0,100,0,15,39,31,10,6,2,9,4,5,0,0,100,100,93,35,21,8,18,10,1,1787604176.3783634,G1,T03,sel_dentro_1m,1,static
469100,1,0,1,0,99,0,100,0,14,21,14,8,6,2,8,4,6,0,0,100,100,95,34,19,8,18,10,1,1787604176.585813,G1,T03,sel_dentro_1m,1,static
469300,1,0,1,0,99,0,100,0,17,15,6,3,5,3,7,5,5,0,0,100,100,95,32,18,9,18,10,1,1787604176.7835734,G1,T03,sel_dentro_1m,1,static
469500,1,0,1,0,99,0,100,0,13,32,27,12,5,4,8,5,5,0,0,100,100,93,30,17,9,17,10,1,1787604176.9858568,G1,T03,sel_dentro_1m,1,static
469700,1,0,1,0,99,0,100,0,19,13,5,2,5,3,9,5,5,0,0,100,100,89,28,16,9,17,10,1,1787604177.1812503,G1,T03,sel_dentro_1m,1,static
469900,1,1,1,119,99,53,100,0,17,49,53,18,9,9,10,4,3,0,0,100,100,86,27,15,8,16,11,1,1787604177.385942,G1,T03,sel_dentro_1m,1,static
470100,1,0,1,0,119,0,100,0,18,37,37,13,4,10,9,2,3,0,0,100,100,84,28,14,8,15,11,1,1787604177.5838695,G1,T03,sel_dentro_1m,1,static
470300,1,0,1,0,119,0,100,0,19,33,32,11,3,6,8,3,2,0,0,100,100,82,29,14,8,14,11,1,1787604177.7847278,G1,T03,sel_dentro_1m,1,static
470500,1,0,1,0,119,0,100,0,16,43,36,16,7,6,4,4,3,0,0,100,100,78,30,14,9,14,10,1,1787604177.9863877,G1,T03,sel_dentro_1m,1,static
470700,1,1,1,150,119,46,100,0,16,47,46,10,3,7,5,6,4,0,0,100,100,74,30,15,9,13,10,1,1787604178.1872873,G1,T03,sel_dentro_1m,1,static
470900,1,0,1,0,150,0,100,0,20,44,37,13,2,2,5,6,3,0,0,100,100,70,29,15,9,13,9,1,1787604178.3883865,G1,T03,sel_dentro_1m,1,static
471100,1,1,1,106,105,100,100,0,25,100,100,27,9,11,8,3,1,0,0,100,100,65,29,14,9,12,9,1,1787604178.588712,G1,T03,sel_dentro_1m,1,static
471300,1,1,1,104,107,100,100,0,35,100,95,26,16,8,8,1,4,0,0,100,100,65,29,13,10,13,10,1,1787604178.7889662,G1,T03,sel_dentro_1m,1,static
471500,1,0,1,0,150,0,100,0,17,30,39,12,5,8,8,1,5,0,0,100,100,67,29,13,10,13,10,1,1787604178.9889708,G1,T03,sel_dentro_1m,1,static
471700,1,1,1,100,103,60,100,0,21,60,53,10,11,10,9,2,4,0,0,100,100,68,28,12,10,13,10,1,1787604179.188895,G1,T03,sel_dentro_1m,1,static
471900,1,0,1,0,100,0,100,0,19,16,14,6,8,7,6,2,5,0,0,100,100,69,27,10,11,13,10,1,1787604179.386554,G1,T03,sel_dentro_1m,1,static
472100,1,1,1,138,100,46,100,0,19,30,46,14,9,4,6,1,6,0,0,100,100,68,27,9,11,13,10,1,1787604179.5782356,G1,T03,sel_dentro_1m,1,static
472300,1,1,1,105,114,51,100,0,17,51,47,13,10,4,6,2,5,0,0,100,100,65,28,8,12,13,11,1,1787604179.789032,G1,T03,sel_dentro_1m,1,static
472500,1,1,1,96,90,59,100,0,16,59,47,8,6,5,5,3,6,0,0,100,100,62,29,8,11,12,11,1,1787604179.9766188,G1,T03,sel_dentro_1m,1,static
472700,1,1,1,100,98,71,100,0,27,71,63,10,9,11,7,1,6,0,0,100,100,63,28,9,12,12,10,1,1787604180.1854222,G1,T03,sel_dentro_1m,1,static
472900,1,0,1,0,97,0,100,0,14,27,28,6,3,9,3,2,6,0,0,100,100,64,26,9,12,12,10,1,1787604180.3775759,G1,T03,sel_dentro_1m,1,static
473100,1,0,1,0,97,0,100,0,17,24,28,10,2,10,4,2,7,0,0,100,100,66,26,9,11,12,10,1,1787604180.584882,G1,T03,sel_dentro_1m,1,static
473300,1,0,1,0,97,0,100,0,15,23,24,8,5,8,6,2,5,0,0,100,100,69,26,10,11,12,10,1,1787604180.7883105,G1,T03,sel_dentro_1m,1,static
473500,1,1,1,106,106,70,100,0,16,70,65,14,9,3,6,1,4,0,0,100,100,72,26,10,11,12,10,1,1787604180.9850297,G1,T03,sel_dentro_1m,1,static
473700,1,1,1,124,138,78,100,0,16,67,78,19,12,3,7,2,3,0,0,100,100,76,28,10,10,13,10,1,1787604181.17711,G1,T03,sel_dentro_1m,1,static
473900,1,0,1,0,119,0,100,0,18,20,36,12,9,5,8,2,2,0,0,100,100,79,29,10,11,13,10,1,1787604181.3851342,G1,T03,sel_dentro_1m,1,static
474100,1,1,1,108,126,66,100,0,18,66,64,15,4,7,8,3,1,0,0,100,100,81,29,10,11,14,10,1,1787604181.579065,G1,T03,sel_dentro_1m,1,static
474300,1,1,1,104,108,59,100,0,20,59,54,14,12,7,6,4,1,0,0,100,100,83,27,10,11,15,10,1,1787604181.7886937,G1,T03,sel_dentro_1m,1,static
474500,1,0,1,0,150,0,100,0,18,16,13,3,6,9,8,3,1,0,0,100,100,86,27,9,11,15,11,1,1787604181.9761217,G1,T03,sel_dentro_1m,1,static
474700,1,1,1,110,104,100,100,0,22,100,100,25,9,5,8,2,1,0,0,100,100,87,26,9,11,16,10,1,1787604182.1837943,G1,T03,sel_dentro_1m,1,static
474900,1,1,1,110,104,73,100,0,20,73,72,18,6,7,6,1,3,0,0,100,100,88,26,8,10,16,10,1,1787604182.3772552,G1,T03,sel_dentro_1m,1,static
475100,1,0,1,0,110,0,100,0,15,15,26,4,4,8,7,1,2,0,0,100,100,88,24,8,10,16,10,1,1787604182.5824704,G1,T03,sel_dentro_1m,1,static
475300,1,1,1,130,138,77,100,0,15,62,77,24,6,8,6,2,2,0,0,100,100,85,23,8,10,15,10,1,1787604182.7887328,G1,T03,sel_dentro_1m,1,static
475500,1,1,1,120,117,100,100,0,17,98,100,33,13,8,6,4,1,0,0,100,100,84,23,8,10,14,10,1,1787604182.982374,G1,T03,sel_dentro_1m,1,static
475700,1,1,1,114,118,100,100,0,16,100,100,43,10,1,3,5,3,0,0,100,100,83,23,8,10,14,10,1,1787604183.1746173,G1,T03,sel_dentro_1m,1,static
475900,1,1,1,104,108,100,100,0,28,100,100,33,3,11,2,9,6,0,0,100,100,81,25,9,12,15,10,1,1787604183.3832145,G1,T03,sel_dentro_1m,1,static
476100,1,1,1,97,101,100,100,0,31,100,95,16,11,8,3,7,4,0,0,100,100,86,26,10,13,15,10,1,1787604183.5752664,G1,T03,sel_dentro_1m,1,static
476300,1,1,1,96,98,78,100,0,26,78,64,17,10,9,1,6,6,0,0,100,100,92,25,11,15,15,10,1,1787604183.7813597,G1,T03,sel_dentro_1m,1,static
476500,1,0,1,0,96,0,100,0,14,9,9,3,7,9,2,5,6,0,0,100,100,97,24,12,16,15,10,1,1787604183.9893224,G1,T03,sel_dentro_1m,1,static
476700,1,1,1,93,96,65,100,0,17,65,49,13,9,8,1,5,5,0,0,100,100,98,24,12,17,15,10,1,1787604184.1817138,G1,T03,sel_dentro_1m,1,static
476900,1,1,1,91,93,51,100,0,17,51,38,7,10,4,3,4,4,0,0,100,100,98,25,12,17,15,10,1,1787604184.3743496,G1,T03,sel_dentro_1m,1,static
477100,1,0,1,0,91,0,100,0,16,27,17,3,7,2,4,4,5,0,0,100,100,98,26,12,18,15,10,1,1787604184.5838351,G1,T03,sel_dentro_1m,1,static
477300,1,0,1,0,91,0,100,0,17,18,16,9,5,5,4,1,5,0,0,100,100,98,27,11,19,14,10,1,1787604184.775067,G1,T03,sel_dentro_1m,1,static
477500,1,1,1,83,87,100,100,0,44,100,76,14,15,6,1,4,5,0,0,100,100,98,26,11,19,14,10,1,1787604184.98338,G1,T03,sel_dentro_1m,1,static
477700,1,1,1,94,89,100,100,0,19,100,100,23,14,12,5,7,4,0,0,100,100,97,25,13,20,14,11,1,1787604185.1902127,G1,T03,sel_dentro_1m,1,static
477900,1,1,1,99,97,100,100,0,28,100,100,14,1,7,7,2,1,0,0,100,100,93,24,14,21,13,11,1,1787604185.3823721,G1,T03,sel_dentro_1m,1,static
478100,1,1,1,99,97,100,100,0,25,100,100,13,9,3,6,4,3,0,0,100,100,90,25,15,21,13,11,1,1787604185.5748265,G1,T03,sel_dentro_1m,1,static
478300,1,1,1,99,99,100,100,0,20,100,100,12,7,4,6,7,3,0,0,100,100,89,27,16,21,12,10,1,1787604185.7815855,G1,T03,sel_dentro_1m,1,static
478500,1,1,1,97,97,98,100,0,22,98,80,10,4,6,7,8,4,0,0,100,100,87,28,17,21,11,10,1,1787604185.974438,G1,T03,sel_dentro_1m,1,static
478700,1,1,1,104,97,56,100,0,18,56,51,8,4,5,5,6,3,0,0,100,100,86,28,17,20,11,10,1,1787604186.1820323,G1,T03,sel_dentro_1m,1,static
478900,1,1,1,100,104,64,100,0,17,64,56,8,4,6,6,7,4,0,0,100,100,85,29,17,21,11,10,1,1787604186.3743672,G1,T03,sel_dentro_1m,1,static
479100,1,0,1,0,100,0,100,0,28,48,27,6,4,4,6,6,4,0,0,100,100,84,29,18,21,10,10,1,1787604186.5825117,G1,T03,sel_dentro_1m,1,static
479300,1,1,1,87,100,58,100,0,21,58,40,8,1,6,5,6,5,0,0,100,100,82,29,18,20,10,10,1,1787604186.789012,G1,T03,sel_dentro_1m,1,static
479500,1,0,1,0,87,0,100,0,14,16,15,6,2,5,7,6,5,0,0,100,100,78,29,18,20,10,10,1,1787604186.9806387,G1,T03,sel_dentro_1m,1,static
479700,1,0,1,0,87,0,100,0,18,16,25,10,4,4,7,6,4,0,0,100,100,73,29,18,20,9,10,1,1787604187.1881077,G1,T03,sel_dentro_1m,1,static
479900,1,1,1,90,87,60,100,0,16,60,42,7,3,8,7,5,5,0,0,100,100,70,27,18,18,9,10,1,1787604187.3807306,G1,T03,sel_dentro_1m,1,static
480100,1,1,1,94,90,100,100,0,18,100,78,14,4,5,8,2,5,0,0,100,100,65,25,18,17,8,10,1,1787604187.588017,G1,T03,sel_dentro_1m,1,static
480300,1,1,1,93,94,100,100,0,17,100,100,18,7,1,1,2,5,0,0,100,100,58,25,18,16,8,10,1,1787604187.7813654,G1,T03,sel_dentro_1m,1,static
480500,1,1,1,92,94,100,100,0,46,100,100,17,10,6,4,1,3,0,0,100,100,56,25,19,16,7,10,1,1787604187.9876196,G1,T03,sel_dentro_1m,1,static
480700,1,1,1,91,92,100,100,0,41,100,77,16,5,7,5,4,2,0,0,100,100,56,25,20,16,7,11,1,1787604188.1803958,G1,T03,sel_dentro_1m,1,static
480900,1,1,1,89,97,84,100,0,23,84,57,5,6,4,5,6,2,0,0,100,100,57,26,21,16,7,11,1,1787604188.3885953,G1,T03,sel_dentro_1m,1,static
481100,1,1,1,120,89,61,100,0,16,56,61,12,1,6,7,3,1,0,0,100,100,56,25,21,16,7,11,1,1787604188.5798736,G1,T03,sel_dentro_1m,1,static
481300,1,1,1,104,103,100,100,0,22,100,100,20,13,8,5,1,3,0,0,100,100,53,24,22,17,7,10,1,1787604188.7881393,G1,T03,sel_dentro_1m,1,static
481500,1,1,1,104,106,100,100,0,24,100,100,29,8,6,2,2,3,0,0,100,100,50,24,22,17,7,10,1,1787604188.980177,G1,T03,sel_dentro_1m,1,static
481700,1,1,1,97,101,100,100,0,17,100,88,22,7,5,5,4,5,0,0,100,100,48,24,22,16,7,10,1,1787604189.1883187,G1,T03,sel_dentro_1m,1,static
481900,1,0,1,0,90,0,100,0,25,46,20,14,6,2,7,6,4,0,0,100,100,49,24,22,16,7,10,1,1787604189.3798018,G1,T03,sel_dentro_1m,1,static
482100,1,1,1,83,77,100,100,0,36,100,67,13,7,7,10,8,5,0,0,100,100,47,23,21,16,6,10,1,1787604189.5881312,G1,T03,sel_dentro_1m,1,static
482300,1,1,1,90,89,84,100,0,27,84,61,9,7,5,6,8,6,0,0,100,100,46,22,20,16,7,10,1,1787604189.7803817,G1,T03,sel_dentro_1m,1,static
482500,1,1,1,144,97,45,100,0,19,26,45,19,11,6,8,8,5,0,0,100,100,48,21,20,16,7,10,1,1787604189.989104,G1,T03,sel_dentro_1m,1,static
482700,1,1,1,82,144,100,100,0,32,100,63,20,8,6,9,6,6,0,0,100,100,51,22,21,16,7,10,1,1787604190.1788332,G1,T03,sel_dentro_1m,1,static
482900,1,1,1,94,91,100,100,0,15,100,100,13,6,5,2,3,5,0,0,100,100,53,22,21,16,8,10,1,1787604190.3857238,G1,T03,sel_dentro_1m,1,static
483100,1,0,1,0,93,0,100,0,19,21,12,4,3,8,4,2,5,0,0,100,100,54,23,22,17,8,10,1,1787604190.577713,G1,T03,sel_dentro_1m,1,static
483300,1,1,1,99,106,77,100,0,13,77,64,10,3,7,7,2,5,0,0,100,100,55,22,23,17,8,11,1,1787604190.7864673,G1,T03,sel_dentro_1m,1,static
483500,1,0,1,0,99,0,100,0,17,50,19,6,6,7,7,3,5,0,0,100,100,55,22,24,17,9,11,1,1787604190.9782581,G1,T03,sel_dentro_1m,1,static
483700,1,1,1,88,72,100,100,0,35,100,76,13,10,7,6,6,7,0,0,100,100,57,22,24,17,9,11,1,1787604191.1868014,G1,T03,sel_dentro_1m,1,static
483900,1,1,1,96,95,100,100,0,42,100,100,26,8,6,7,5,8,0,0,100,100,63,25,24,17,10,11,1,1787604191.378767,G1,T03,sel_dentro_1m,1,static
484100,1,1,1,121,121,91,100,0,21,84,91,32,9,5,8,1,6,0,0,100,100,63,25,23,18,10,10,1,1787604191.5876977,G1,T03,sel_dentro_1m,1,static
484300,1,1,1,97,121,57,100,0,31,57,50,23,3,7,8,4,4,0,0,100,100,63,24,23,18,10,10,1,1787604191.7787452,G1,T03,sel_dentro_1m,1,static
484500,1,1,1,113,108,96,100,0,23,95,96,22,6,10,2,5,3,0,0,100,100,61,24,23,17,11,10,1,1787604191.9866757,G1,T03,sel_dentro_1m,1,static
484700,1,0,1,0,129,0,100,0,18,15,6,5,11,8,2,4,4,0,0,100,100,56,24,23,16,11,10,1,1787604192.1793094,G1,T03,sel_dentro_1m,1,static
484900,1,1,1,87,129,62,100,0,16,62,40,10,8,6,2,6,4,0,0,100,100,52,24,23,16,11,10,1,1787604192.386852,G1,T03,sel_dentro_1m,1,static
485100,1,1,1,93,96,100,100,0,15,100,76,13,6,3,4,7,4,0,0,100,100,50,24,22,15,11,10,1,1787604192.578679,G1,T03,sel_dentro_1m,1,static
485300,1,1,1,97,93,75,100,0,16,75,61,16,5,5,8,6,4,0,0,100,100,49,24,22,15,10,10,1,1787604192.786457,G1,T03,sel_dentro_1m,1,static
485500,1,1,1,130,116,58,100,0,18,48,58,25,3,10,9,3,3,0,0,100,100,49,24,22,15,11,11,1,1787604192.9800138,G1,T03,sel_dentro_1m,1,static
485700,1,1,1,114,138,47,100,0,15,47,47,24,10,3,7,7,5,0,0,100,100,49,23,22,15,10,11,1,1787604193.1871946,G1,T03,sel_dentro_1m,1,static
485900,1,1,1,99,114,78,100,0,22,78,66,19,12,2,7,7,6,0,0,100,100,50,23,22,15,11,11,1,1787604193.3769329,G1,T03,sel_dentro_1m,1,static
486100,1,1,1,107,103,100,100,0,13,100,100,16,9,3,8,4,7,0,0,100,100,52,23,22,14,11,10,1,1787604193.5854897,G1,T03,sel_dentro_1m,1,static
486300,1,1,1,101,101,100,100,0,43,100,100,28,18,8,4,1,4,0,0,100,100,56,24,24,14,12,11,1,1787604193.7772863,G1,T03,sel_dentro_1m,1,static
486500,1,1,1,96,99,100,100,0,75,100,100,23,34,18,5,5,2,0,0,100,100,65,29,26,14,13,10,1,1787604193.9841151,G1,T03,sel_dentro_1m,1,static
486700,1,1,1,98,97,100,100,0,15,100,100,10,19,11,7,7,6,0,0,100,100,71,32,26,14,13,10,1,1787604194.1760716,G1,T03,sel_dentro_1m,1,static
486900,1,1,1,121,101,51,100,0,18,46,51,17,8,9,4,8,7,0,0,100,100,76,36,26,14,14,10,1,1787604194.383815,G1,T03,sel_dentro_1m,1,static
487100,1,0,1,0,121,0,100,0,14,31,24,9,5,5,2,9,6,0,0,100,100,82,37,26,14,14,10,1,1787604194.576458,G1,T03,sel_dentro_1m,1,static
487300,1,1,1,111,121,70,100,0,17,70,70,10,9,7,3,10,5,0,0,100,100,86,38,26,15,14,10,1,1787604194.7847533,G1,T03,sel_dentro_1m,1,static
487500,1,1,1,103,106,100,100,0,25,100,100,14,12,7,7,3,7,0,0,100,100,88,40,27,16,14,10,1,1787604194.9767714,G1,T03,sel_dentro_1m,1,static
487700,1,1,1,108,103,98,100,0,15,98,93,10,6,6,9,3,6,0,0,100,100,89,40,28,18,13,10,1,1787604195.185411,G1,T03,sel_dentro_1m,1,static
487900,1,1,1,103,110,91,100,0,17,91,82,13,9,7,6,6,7,0,0,100,100,85,38,29,19,13,10,1,1787604195.3776448,G1,T03,sel_dentro_1m,1,static
488100,1,1,1,125,103,77,100,0,13,63,77,13,10,5,4,4,6,0,0,100,100,87,39,28,20,13,10,1,1787604195.586717,G1,T03,sel_dentro_1m,1,static
488300,1,1,1,102,105,100,100,0,36,100,100,13,3,6,4,1,5,0,0,100,100,90,42,29,21,12,10,1,1787604195.7784433,G1,T03,sel_dentro_1m,1,static
488500,1,1,1,105,105,100,100,0,36,100,100,13,14,11,2,6,5,0,0,100,100,94,44,29,22,12,11,1,1787604195.9866285,G1,T03,sel_dentro_1m,1,static
488700,1,1,1,106,103,100,100,0,27,100,100,16,13,6,4,10,3,0,0,100,100,99,46,29,23,12,11,1,1787604196.179046,G1,T03,sel_dentro_1m,1,static
488900,1,1,1,116,119,100,100,0,16,100,100,24,11,9,4,7,3,0,0,100,100,100,48,29,24,13,11,1,1787604196.3868692,G1,T03,sel_dentro_1m,1,static
489100,1,1,1,107,114,100,100,0,16,100,100,14,15,12,3,7,1,0,0,100,100,100,52,29,25,14,11,1,1787604196.5777843,G1,T03,sel_dentro_1m,1,static
489300,1,0,1,0,111,0,100,0,21,20,25,10,4,8,2,3,1,0,0,100,100,100,56,29,25,15,10,1,1787604196.785293,G1,T03,sel_dentro_1m,1,static
489500,1,1,1,97,93,86,100,0,22,86,71,6,8,3,2,5,1,0,0,100,100,100,59,29,26,15,10,1,1787604196.976801,G1,T03,sel_dentro_1m,1,static
489700,1,1,1,98,101,100,100,0,24,100,100,16,8,9,2,8,3,0,0,100,100,100,62,28,27,16,10,1,1787604197.1878006,G1,T03,sel_dentro_1m,1,static
489900,1,1,1,90,97,55,100,0,15,55,39,6,4,4,2,8,3,0,0,100,100,100,64,28,27,16,10,1,1787604197.3879027,G1,T03,sel_dentro_1m,1,static
490100,1,1,1,90,90,54,100,0,15,54,38,6,6,2,3,6,3,0,0,100,100,100,65,28,28,15,10,1,1787604197.5876036,G1,T03,sel_dentro_1m,1,static
490300,1,1,1,150,90,48,100,0,18,48,48,2,6,2,4,5,2,0,0,100,100,100,64,26,28,14,10,1,1787604197.7830603,G1,T03,sel_dentro_1m,1,static
490500,1,0,1,0,150,0,100,0,16,22,16,8,9,3,4,5,3,0,0,100,100,100,59,25,27,14,10,1,1787604197.9896376,G1,T03,sel_dentro_1m,1,static
490700,1,1,1,98,150,68,100,0,16,68,56,6,2,1,3,6,3,0,0,100,100,98,55,24,28,13,10,1,1787604198.1887748,G1,T03,sel_dentro_1m,1,static
490900,1,1,1,94,101,91,100,0,15,91,69,7,5,7,3,8,5,0,0,100,100,92,52,23,27,13,10,1,1787604198.388503,G1,T03,sel_dentro_1m,1,static
491100,1,1,1,150,94,44,100,0,16,46,44,9,5,3,2,5,4,0,0,100,100,86,51,22,27,12,10,1,1787604198.5890417,G1,T03,sel_dentro_1m,1,static
491300,1,1,1,103,104,100,100,0,17,100,100,11,13,9,3,8,2,0,0,100,100,85,51,21,27,12,11,1,1787604198.7889588,G1,T03,sel_dentro_1m,1,static
491500,1,1,1,102,103,100,100,0,18,100,100,12,8,7,4,7,1,0,0,100,100,88,52,20,26,13,11,1,1787604198.99008,G1,T03,sel_dentro_1m,1,static
491700,1,0,1,0,100,0,100,0,26,20,9,2,3,6,5,6,1,0,0,100,100,93,55,19,27,13,10,1,1787604199.1895993,G1,T03,sel_dentro_1m,1,static
491900,1,1,1,97,96,100,100,0,33,100,100,12,12,7,5,4,1,0,0,100,100,94,56,18,26,13,10,1,1787604199.388529,G1,T03,sel_dentro_1m,1,static
492100,1,1,1,101,96,100,100,0,22,100,100,17,9,7,3,9,3,0,0,100,100,93,55,18,24,13,10,1,1787604199.5893407,G1,T03,sel_dentro_1m,1,static
492300,1,1,1,103,103,100,100,0,16,100,100,18,13,10,2,7,6,0,0,100,100,93,55,17,24,13,10,1,1787604199.7894154,G1,T03,sel_dentro_1m,1,static
492500,1,1,1,104,103,100,100,0,43,100,100,21,10,9,6,8,7,0,0,100,100,95,55,17,24,14,10,1,1787604199.9898386,G1,T03,sel_dentro_1m,1,static
492700,1,1,1,107,106,100,100,0,43,100,100,44,11,7,10,12,5,0,0,100,100,96,55,17,26,15,10,1,1787604200.1899676,G1,T03,sel_dentro_1m,1,static
492900,1,1,1,109,108,100,100,0,26,100,100,47,9,8,6,7,2,0,0,100,100,97,52,18,28,15,10,1,1787604200.3799307,G1,T03,sel_dentro_1m,1,static
493100,1,1,1,105,111,53,100,0,26,53,50,9,7,6,5,3,3,0,0,100,100,95,50,18,28,15,10,1,1787604200.5873375,G1,T03,sel_dentro_1m,1,static
493300,1,0,1,0,105,0,100,0,15,22,24,6,9,6,4,5,4,0,0,100,100,92,47,19,29,15,10,1,1787604200.789362,G1,T03,sel_dentro_1m,1,static
493500,1,1,1,93,105,51,100,0,17,51,39,9,5,5,2,5,1,0,0,100,100,90,45,19,30,15,10,1,1787604200.9883502,G1,T03,sel_dentro_1m,1,static
493700,1,0,1,0,93,0,100,0,21,34,22,5,4,3,2,6,2,0,0,100,100,89,43,19,31,15,10,1,1787604201.1884096,G1,T03,sel_dentro_1m,1,static
493900,1,0,1,0,93,0,100,0,14,21,9,7,1,3,3,4,3,0,0,100,100,88,41,19,32,15,10,1,1787604201.3882277,G1,T03,sel_dentro_1m,1,static
494100,1,0,1,0,93,0,100,0,14,36,28,4,1,4,3,5,3,0,0,100,100,87,40,18,33,15,10,1,1787604201.5890138,G1,T03,sel_dentro_1m,1,static
494300,1,1,1,104,96,66,100,0,16,66,60,9,5,5,4,2,4,0,0,100,100,86,40,18,33,16,10,1,1787604201.7889316,G1,T03,sel_dentro_1m,1,static
494500,1,1,1,104,113,100,100,0,16,100,96,15,11,7,3,5,4,0,0,100,100,87,41,18,34,16,10,1,1787604201.987815,G1,T03,sel_dentro_1m,1,static
494700,1,1,1,105,107,100,100,0,21,100,100,28,7,10,5,8,5,0,0,100,100,91,44,18,35,16,10,1,1787604202.1887832,G1,T03,sel_dentro_1m,1,static
494900,1,1,1,104,103,100,100,0,20,100,100,28,10,7,8,7,7,0,0,100,100,96,45,19,36,17,10,1,1787604202.383023,G1,T03,sel_dentro_1m,1,static
495100,1,1,1,109,108,100,100,0,32,100,100,30,7,2,6,11,8,0,0,100,100,99,47,19,38,18,10,1,1787604202.5905545,G1,T03,sel_dentro_1m,1,static
495300,1,1,1,105,104,100,100,0,59,100,100,24,11,8,3,3,7,0,0,100,100,100,49,21,40,19,10,1,1787604202.782557,G1,T03,sel_dentro_1m,1,static
495500,1,1,1,103,103,100,100,0,41,100,100,15,15,10,3,10,4,0,0,100,100,100,49,22,41,19,10,1,1787604202.9908597,G1,T03,sel_dentro_1m,1,static
495700,1,1,1,105,105,100,100,0,23,100,100,19,15,12,5,8,1,0,0,100,100,100,48,22,41,19,10,1,1787604203.1843524,G1,T03,sel_dentro_1m,1,static
495900,1,1,1,103,106,100,100,0,32,100,100,18,14,9,5,1,3,0,0,100,100,100,49,23,41,20,10,1,1787604203.3753695,G1,T03,sel_dentro_1m,1,static
496100,1,0,1,0,103,0,100,0,17,26,28,6,2,5,7,2,4,0,0,100,100,100,50,24,41,21,10,1,1787604203.583775,G1,T03,sel_dentro_1m,1,static
496300,1,1,1,103,106,100,100,0,56,100,100,28,13,4,4,4,1,0,0,100,100,100,49,23,41,21,10,1,1787604203.7771845,G1,T03,sel_dentro_1m,1,static
496500,1,1,1,101,103,100,100,0,40,100,100,23,17,12,7,13,4,0,0,100,100,100,48,23,41,20,10,1,1787604203.983924,G1,T03,sel_dentro_1m,1,static
496700,1,1,1,101,101,100,100,0,20,100,100,13,14,4,2,7,7,0,0,100,100,100,49,22,41,20,10,1,1787604204.1774306,G1,T03,sel_dentro_1m,1,static
496900,1,1,1,106,104,100,100,0,44,100,100,25,10,3,5,2,9,0,0,100,100,100,50,22,40,20,10,1,1787604204.38383,G1,T03,sel_dentro_1m,1,static
497100,1,1,1,109,107,100,100,0,32,100,100,40,9,7,8,10,6,0,0,100,100,100,50,22,39,20,10,1,1787604204.590932,G1,T03,sel_dentro_1m,1,static
497300,1,1,1,111,111,100,100,0,17,100,100,38,7,9,7,7,4,0,0,100,100,100,50,23,39,20,11,1,1787604204.7825093,G1,T03,sel_dentro_1m,1,static
497500,1,1,1,108,108,100,100,0,22,100,100,22,11,5,6,6,1,0,0,100,100,100,49,23,39,20,11,1,1787604204.9907322,G1,T03,sel_dentro_1m,1,static
497700,1,1,1,106,107,100,100,0,44,100,100,30,6,1,3,4,1,0,0,100,100,100,48,24,39,20,11,1,1787604205.183427,G1,T03,sel_dentro_1m,1,static
497900,1,1,1,105,107,100,100,0,32,100,100,38,11,4,4,3,2,0,0,100,100,100,48,25,39,20,11,1,1787604205.390685,G1,T03,sel_dentro_1m,1,static
498100,1,1,1,97,100,100,100,0,33,100,100,29,7,2,5,4,5,0,0,100,100,100,47,27,38,21,10,1,1787604205.5832522,G1,T03,sel_dentro_1m,1,static
498300,1,1,1,97,96,100,100,0,17,100,100,17,8,1,9,6,6,0,0,100,100,100,46,29,38,21,10,1,1787604205.7760046,G1,T03,sel_dentro_1m,1,static
498500,1,1,1,99,101,87,100,0,16,87,71,9,1,4,6,6,5,0,0,100,100,100,45,30,37,21,10,1,1787604205.9837115,G1,T03,sel_dentro_1m,1,static
498700,1,1,1,95,99,57,100,0,13,57,44,14,10,8,5,3,4,0,0,100,100,100,43,31,36,21,10,1,1787604206.177966,G1,T03,sel_dentro_1m,1,static
498900,1,0,1,0,95,0,100,0,15,26,29,12,8,10,6,3,4,0,0,100,100,100,41,31,35,20,10,1,1787604206.3842862,G1,T03,sel_dentro_1m,1,static
499100,1,0,1,0,95,0,100,0,17,15,7,1,8,10,5,3,4,0,0,100,100,100,39,30,33,19,10,1,1787604206.5765417,G1,T03,sel_dentro_1m,1,static
499300,1,0,1,0,95,0,100,0,18,32,24,6,4,8,7,3,4,0,0,100,100,98,36,30,31,18,10,1,1787604206.7847,G1,T03,sel_dentro_1m,1,static
499500,1,0,1,0,95,0,100,0,15,11,5,9,3,5,8,2,5,0,0,100,100,92,35,30,29,17,10,1,1787604206.97672,G1,T03,sel_dentro_1m,1,static
499700,1,0,1,0,95,0,100,0,15,12,20,8,2,5,6,2,5,0,0,100,100,86,33,30,27,16,10,1,1787604207.184918,G1,T03,sel_dentro_1m,1,static
499900,1,0,1,0,95,0,100,0,19,17,9,2,3,5,4,5,4,0,0,100,100,82,31,29,26,16,11,1,1787604207.37697,G1,T03,sel_dentro_1m,1,static
500100,1,0,1,0,95,0,100,0,16,20,15,4,1,5,7,1,5,0,0,100,100,79,30,28,25,15,11,1,1787604207.5856998,G1,T03,sel_dentro_1m,1,static
500300,1,0,1,0,95,0,100,0,18,22,22,10,3,8,6,3,4,0,0,100,100,75,29,28,24,15,11,1,1787604207.7792826,G1,T03,sel_dentro_1m,1,static
500500,1,0,1,0,95,0,100,0,13,33,39,7,7,10,4,3,3,0,0,100,100,69,27,27,23,14,11,1,1787604207.9861116,G1,T03,sel_dentro_1m,1,static
500700,1,0,1,0,95,0,100,0,17,15,12,3,9,7,5,2,4,0,0,100,100,62,24,26,21,13,11,1,1787604208.1785998,G1,T03,sel_dentro_1m,1,static
500900,1,1,1,87,95,68,100,0,19,68,44,12,8,7,6,3,5,0,0,100,100,57,22,25,18,11,10,1,1787604208.3866699,G1,T03,sel_dentro_1m,1,static
501100,1,1,1,84,90,56,100,0,21,56,36,5,11,7,6,4,5,0,0,100,100,54,21,24,17,11,10,1,1787604208.5788324,G1,T03,sel_dentro_1m,1,static
501300,1,0,1,0,84,0,100,0,19,19,25,9,3,4,8,4,6,0,0,100,100,53,21,23,14,10,10,1,1787604208.7874434,G1,T03,sel_dentro_1m,1,static
501500,1,0,1,0,84,0,100,0,16,31,30,7,3,6,6,3,6,0,0,100,100,51,21,22,13,9,10,1,1787604208.979544,G1,T03,sel_dentro_1m,1,static
501700,1,1,1,89,84,65,100,0,20,65,45,9,3,9,6,6,5,0,0,100,100,51,22,21,11,9,10,1,1787604209.1876915,G1,T03,sel_dentro_1m,1,static
501900,1,1,1,103,99,100,100,0,15,100,100,22,11,9,9,8,7,0,0,100,100,55,26,21,11,8,10,1,1787604209.3801024,G1,T03,sel_dentro_1m,1,static
502100,1,1,1,110,106,75,100,0,18,75,74,17,11,8,9,6,6,0,0,100,100,61,29,20,12,8,10,1,1787604209.588554,G1,T03,sel_dentro_1m,1,static
502300,1,0,1,0,110,0,100,0,18,35,27,11,11,7,8,5,7,0,0,100,100,63,31,19,12,7,11,1,1787604209.7805817,G1,T03,sel_dentro_1m,1,static
502500,1,1,1,99,110,51,100,0,18,51,44,7,7,9,7,6,6,0,0,100,100,65,33,18,13,7,11,1,1787604209.9900427,G1,T03,sel_dentro_1m,1,static
502700,1,1,1,97,102,97,100,0,24,97,79,15,11,10,6,4,5,0,0,100,100,66,32,16,13,6,11,1,1787604210.1797812,G1,T03,sel_dentro_1m,1,static
502900,1,1,1,96,96,100,100,0,19,100,94,9,8,4,5,4,3,0,0,100,100,65,32,15,14,6,11,1,1787604210.3877194,G1,T03,sel_dentro_1m,1,static
503100,1,1,1,128,103,48,100,0,20,40,48,19,9,7,6,4,4,0,0,100,100,65,32,15,13,7,11,1,1787604210.5797024,G1,T03,sel_dentro_1m,1,static
503300,1,1,1,109,124,100,100,0,18,100,100,28,11,5,6,2,1,0,0,100,100,66,33,15,14,7,10,1,1787604210.7882187,G1,T03,sel_dentro_1m,1,static
503500,1,1,1,102,106,100,100,0,27,100,100,23,11,6,3,1,2,0,0,100,100,68,34,16,15,8,10,1,1787604210.9807296,G1,T03,sel_dentro_1m,1,static
503700,1,1,1,101,100,100,100,0,16,100,100,16,4,11,2,5,1,0,0,100,100,69,34,17,17,9,10,1,1787604211.1886275,G1,T03,sel_dentro_1m,1,static
503900,1,1,1,100,101,100,100,0,35,100,98,15,5,7,4,3,1,0,0,100,100,70,35,19,18,10,10,1,1787604211.3802848,G1,T03,sel_dentro_1m,1,static
504100,1,1,1,100,98,100,100,0,26,100,98,16,9,1,4,3,1,0,0,100,100,71,35,20,19,10,10,1,1787604211.5897129,G1,T03,sel_dentro_1m,1,static
504300,1,1,1,107,106,100,100,0,24,100,100,36,9,5,4,3,3,0,0,100,100,73,36,20,19,10,10,1,1787604211.780146,G1,T03,sel_dentro_1m,1,static
504500,1,1,1,95,97,100,100,0,18,100,100,36,8,9,6,5,6,0,0,100,100,74,36,20,20,11,10,1,1787604211.9882488,G1,T03,sel_dentro_1m,1,static
504700,1,1,1,94,95,100,100,0,24,100,100,20,16,9,6,7,8,0,0,100,100,78,37,21,20,12,10,1,1787604212.17978,G1,T03,sel_dentro_1m,1,static
504900,1,1,1,90,92,85,100,0,15,85,56,17,7,8,5,7,6,0,0,100,100,82,40,22,21,13,10,1,1787604212.3873756,G1,T03,sel_dentro_1m,1,static
505100,1,0,1,0,90,0,100,0,20,39,26,12,6,5,8,6,5,0,0,100,100,84,41,23,22,13,10,1,1787604212.5789886,G1,T03,sel_dentro_1m,1,static
505300,1,0,1,0,90,0,100,0,17,9,19,10,5,2,9,7,6,0,0,100,100,84,41,24,23,14,11,1,1787604212.787571,G1,T03,sel_dentro_1m,1,static
505500,1,1,1,103,87,78,100,0,22,78,71,17,7,4,7,9,5,0,0,100,100,86,41,25,24,15,11,1,1787604212.9805398,G1,T03,sel_dentro_1m,1,static
505700,1,1,1,97,96,76,100,0,25,76,63,11,7,5,6,8,5,0,0,100,100,86,40,26,25,15,11,1,1787604213.1876674,G1,T03,sel_dentro_1m,1,static
505900,1,0,1,0,119,0,100,0,16,32,33,7,2,6,5,8,6,0,0,100,100,81,37,26,26,15,10,1,1787604213.379531,G1,T03,sel_dentro_1m,1,static
506100,1,1,1,115,108,65,100,0,18,63,65,13,5,7,5,8,6,0,0,100,100,75,35,25,25,15,10,1,1787604213.5873978,G1,T03,sel_dentro_1m,1,static
506300,1,1,1,96,115,100,100,0,33,100,94,9,9,9,4,5,7,0,0,100,100,72,33,24,25,15,10,1,1787604213.780491,G1,T03,sel_dentro_1m,1,static
506500,1,1,1,101,99,100,100,0,33,100,100,10,8,7,3,2,5,0,0,100,100,70,33,23,25,15,10,1,1787604213.988479,G1,T03,sel_dentro_1m,1,static
506700,1,1,1,100,103,100,100,0,17,100,100,15,13,7,6,7,5,0,0,100,100,71,34,24,25,15,10,1,1787604214.1805248,G1,T03,sel_dentro_1m,1,static
506900,1,1,1,101,104,53,100,0,16,53,47,10,7,7,7,6,4,0,0,100,100,74,36,25,25,15,10,1,1787604214.388878,G1,T03,sel_dentro_1m,1,static
507100,1,0,1,0,101,0,100,0,20,28,24,9,4,8,8,7,4,0,0,100,100,78,37,26,25,15,10,1,1787604214.5809464,G1,T03,sel_dentro_1m,1,static
507300,1,0,1,0,101,0,100,0,15,9,10,12,3,8,6,2,5,0,0,100,100,79,37,25,25,15,10,1,1787604214.7887685,G1,T03,sel_dentro_1m,1,static
507500,1,1,1,133,117,52,100,0,15,38,52,14,9,4,4,1,4,0,0,100,100,77,36,24,25,14,10,1,1787604214.979646,G1,T03,sel_dentro_1m,1,static
507700,1,0,1,0,126,0,100,0,23,20,28,8,6,6,2,2,5,0,0,100,100,75,35,23,24,13,10,1,1787604215.1871145,G1,T03,sel_dentro_1m,1,static
507900,1,0,1,0,126,0,100,0,15,29,19,9,7,5,3,4,5,0,0,100,100,75,35,21,23,13,10,1,1787604215.3783696,G1,T03,sel_dentro_1m,1,static
508100,1,0,1,0,126,0,100,0,19,46,36,3,8,3,4,5,4,0,0,100,100,74,35,19,23,12,11,1,1787604215.5864952,G1,T03,sel_dentro_1m,1,static
508300,1,0,1,0,126,0,100,0,13,34,31,8,9,1,3,6,5,0,0,100,100,71,34,20,23,12,11,1,1787604215.7788594,G1,T03,sel_dentro_1m,1,static
508500,1,1,1,100,99,100,100,0,14,100,100,12,9,3,7,6,5,0,0,100,100,69,33,20,22,11,11,1,1787604215.987,G1,T03,sel_dentro_1m,1,static
508700,1,1,1,106,103,100,100,0,20,100,100,21,9,5,9,4,6,0,0,100,100,66,32,20,22,11,11,1,1787604216.179022,G1,T03,sel_dentro_1m,1,static
508900,1,1,1,103,105,100,100,0,33,100,100,23,11,6,4,4,5,0,0,100,100,66,31,20,22,10,10,1,1787604216.3872435,G1,T03,sel_dentro_1m,1,static
509100,1,1,1,100,94,100,100,0,26,100,100,10,10,9,6,7,2,0,0,100,100,66,31,21,22,10,10,1,1787604216.5788789,G1,T03,sel_dentro_1m,1,static
509300,1,1,1,101,102,100,100,0,22,100,100,15,10,6,6,4,1,0,0,100,100,67,33,21,22,11,10,1,1787604216.787239,G1,T03,sel_dentro_1m,1,static
509500,1,0,1,0,97,0,100,0,15,13,13,6,9,6,5,5,1,0,0,100,100,66,35,21,22,11,10,1,1787604216.9793332,G1,T03,sel_dentro_1m,1,static
509700,1,1,1,102,106,94,100,0,21,94,83,14,6,6,3,6,2,0,0,100,100,67,37,21,23,12,10,1,1787604217.1888416,G1,T03,sel_dentro_1m,1,static
509900,1,1,1,103,101,100,100,0,16,100,100,30,9,9,8,5,5,0,0,100,100,67,38,22,22,13,10,1,1787604217.3792887,G1,T03,sel_dentro_1m,1,static
510100,1,1,1,100,100,100,100,0,70,100,100,34,11,8,6,8,5,0,0,100,100,67,38,23,22,13,10,1,1787604217.5882764,G1,T03,sel_dentro_1m,1,static
510300,1,1,1,106,102,100,100,0,43,100,100,48,5,11,1,6,4,0,0,100,100,63,39,23,22,13,10,1,1787604217.780256,G1,T03,sel_dentro_1m,1,static
510500,1,1,1,111,111,100,100,0,15,100,100,38,12,6,3,3,2,0,0,100,100,63,38,24,22,13,10,1,1787604217.98798,G1,T03,sel_dentro_1m,1,static
510700,1,1,1,99,124,51,100,0,18,51,44,4,2,5,3,5,2,0,0,100,100,64,36,24,23,13,10,1,1787604218.1790156,G1,T03,sel_dentro_1m,1,static
510900,1,1,1,118,99,51,100,0,16,47,51,11,9,3,1,3,2,0,0,100,100,63,35,23,23,13,10,1,1787604218.385982,G1,T03,sel_dentro_1m,1,static
511100,1,1,1,117,111,65,100,0,17,61,65,13,6,4,3,2,1,0,0,100,100,62,32,22,24,13,11,1,1787604218.5816088,G1,T03,sel_dentro_1m,1,static
511300,1,1,1,122,104,42,100,0,15,37,42,10,4,4,4,2,1,0,0,100,100,62,30,22,24,13,10,1,1787604218.7848709,G1,T03,sel_dentro_1m,1,static
511500,1,1,1,107,110,100,100,0,28,100,100,29,8,6,1,5,3,0,0,100,100,61,29,21,24,13,10,1,1787604218.9839969,G1,T03,sel_dentro_1m,1,static
511700,1,1,1,111,105,83,100,0,23,83,83,20,3,4,2,7,3,0,0,100,100,60,28,22,23,12,10,1,1787604219.1856687,G1,T03,sel_dentro_1m,1,static
511900,1,1,1,128,111,41,100,0,13,32,41,7,3,5,1,5,3,0,0,100,100,60,27,22,23,12,10,1,1787604219.3855593,G1,T03,sel_dentro_1m,1,static
512100,1,0,1,0,124,0,100,0,17,46,36,6,5,4,2,3,3,0,0,100,100,60,27,23,22,12,10,1,1787604219.5860016,G1,T03,sel_dentro_1m,1,static
512300,1,1,1,96,98,100,100,0,15,100,90,11,9,3,5,4,5,0,0,100,100,62,27,23,22,12,10,1,1787604219.7872565,G1,T03,sel_dentro_1m,1,static
512500,1,1,1,98,100,100,100,0,20,100,90,16,9,6,8,6,6,0,0,100,100,64,28,24,22,13,10,1,1787604219.9888473,G1,T03,sel_dentro_1m,1,static
512700,1,1,1,104,150,92,100,0,21,92,84,13,7,1,9,7,5,0,0,100,100,64,28,24,22,13,10,1,1787604220.190128,G1,T03,sel_dentro_1m,1,static
512900,1,1,1,107,104,100,100,0,14,100,100,18,11,5,3,6,2,0,0,100,100,61,26,23,22,12,10,1,1787604220.3910477,G1,T03,sel_dentro_1m,1,static
513100,1,1,1,128,121,48,100,0,19,38,48,10,3,5,2,5,1,0,0,100,100,57,24,22,20,11,10,1,1787604220.5903878,G1,T03,sel_dentro_1m,1,static
513300,1,1,1,99,92,100,100,0,19,100,95,14,8,1,6,5,5,0,0,100,100,53,22,21,19,10,10,1,1787604220.7854404,G1,T03,sel_dentro_1m,1,static
513500,1,1,1,103,102,100,100,0,15,100,96,16,13,5,8,6,5,0,0,100,100,51,20,20,18,10,10,1,1787604220.987119,G1,T03,sel_dentro_1m,1,static
513700,1,1,1,104,105,100,100,0,17,100,100,18,4,12,7,6,5,0,0,100,100,51,20,20,16,9,10,1,1787604221.1789198,G1,T03,sel_dentro_1m,1,static
513900,1,1,1,102,108,68,100,0,15,68,61,14,12,3,8,7,7,0,0,100,100,52,22,20,16,9,10,1,1787604221.386298,G1,T03,sel_dentro_1m,1,static
514100,1,0,1,0,102,0,100,0,19,8,17,8,6,6,5,7,6,0,0,100,100,53,23,20,15,9,11,1,1787604221.5789778,G1,T03,sel_dentro_1m,1,static
514300,1,0,1,0,134,0,100,0,15,27,14,6,9,10,4,6,5,0,0,100,100,54,24,21,14,9,11,1,1787604221.7858884,G1,T03,sel_dentro_1m,1,static
514500,1,1,1,115,97,42,100,0,21,41,42,9,6,5,5,7,6,0,0,100,100,52,25,20,13,9,11,1,1787604221.9778094,G1,T03,sel_dentro_1m,1,static
514700,1,1,1,100,84,100,100,0,26,100,100,12,7,7,4,7,6,0,0,100,100,49,26,20,12,9,11,1,1787604222.1874995,G1,T03,sel_dentro_1m,1,static
514900,1,1,1,113,103,52,100,0,22,51,52,13,1,7,4,3,5,0,0,100,100,46,27,20,12,9,10,1,1787604222.3774223,G1,T03,sel_dentro_1m,1,static
515100,1,1,1,150,113,41,100,0,15,48,41,3,1,5,5,2,6,0,0,100,100,43,28,20,11,8,10,1,1787604222.5850844,G1,T03,sel_dentro_1m,1,static
515300,1,1,1,103,104,100,100,0,22,100,100,17,2,5,4,3,7,0,0,100,100,40,29,20,10,8,10,1,1787604222.7769585,G1,T03,sel_dentro_1m,1,static
515500,1,1,1,99,104,100,100,0,26,100,100,13,10,6,4,5,6,0,0,100,100,42,31,20,11,8,10,1,1787604222.9850569,G1,T03,sel_dentro_1m,1,static
515700,1,1,1,102,101,100,100,0,26,100,100,12,4,8,6,6,6,0,0,100,100,45,33,20,11,9,10,1,1787604223.1775143,G1,T03,sel_dentro_1m,1,static
515900,1,0,1,0,113,0,100,0,17,30,26,7,6,8,5,8,5,0,0,100,100,48,35,20,13,9,10,1,1787604223.3838925,G1,T03,sel_dentro_1m,1,static
516100,1,1,1,99,113,79,100,0,18,79,67,10,5,6,4,7,6,0,0,100,100,50,37,20,14,10,11,1,1787604223.575896,G1,T03,sel_dentro_1m,1,static
516300,1,1,1,99,103,100,100,0,61,100,100,24,1,1,2,7,7,0,0,100,100,49,37,19,15,10,11,1,1787604223.7849386,G1,T03,sel_dentro_1m,1,static
516500,1,1,1,108,107,100,100,0,35,100,100,27,8,9,2,1,6,0,0,100,100,47,38,18,15,10,11,1,1787604223.9775114,G1,T03,sel_dentro_1m,1,static
516700,1,0,1,0,109,0,100,0,20,36,32,12,8,3,1,1,5,0,0,100,100,45,40,17,16,10,11,1,1787604224.184633,G1,T03,sel_dentro_1m,1,static
516900,1,1,1,106,109,100,100,0,17,100,97,13,3,6,3,2,7,0,0,100,100,45,41,17,16,10,11,1,1787604224.3772898,G1,T03,sel_dentro_1m,1,static
517100,1,1,1,108,113,100,100,0,44,100,100,41,9,8,6,8,6,0,0,100,100,46,42,16,16,10,11,1,1787604224.5847301,G1,T03,sel_dentro_1m,1,static
517300,1,1,1,107,106,100,100,0,24,100,100,34,10,10,8,11,4,0,0,100,100,48,43,16,18,10,10,1,1787604224.7764645,G1,T03,sel_dentro_1m,1,static
517500,1,1,1,107,106,100,100,0,15,100,100,25,10,8,7,8,3,0,0,100,100,51,45,17,20,11,10,1,1787604224.9832194,G1,T03,sel_dentro_1m,1,static
517700,1,1,1,150,123,42,100,0,13,44,42,6,1,4,5,8,2,0,0,100,100,54,44,18,22,11,10,1,1787604225.1899729,G1,T03,sel_dentro_1m,1,static
517900,1,0,1,0,150,0,100,0,17,39,38,13,6,1,8,4,1,0,0,100,100,54,43,19,23,11,10,1,1787604225.381838,G1,T03,sel_dentro_1m,1,static
518100,1,1,1,104,107,100,100,0,57,100,100,39,10,11,6,4,2,0,0,100,100,55,42,21,24,11,10,1,1787604225.5901642,G1,T03,sel_dentro_1m,1,static
518300,1,1,1,104,103,100,100,0,56,100,100,50,8,6,10,2,3,0,0,100,100,58,40,22,26,12,10,1,1787604225.7821412,G1,T03,sel_dentro_1m,1,static
518500,1,1,1,104,103,100,100,0,15,100,100,30,3,5,8,8,6,0,0,100,100,57,39,23,26,13,11,1,1787604225.9905465,G1,T03,sel_dentro_1m,1,static
518700,1,1,1,103,102,100,100,0,17,100,100,18,6,6,5,8,5,0,0,100,100,57,37,24,27,13,11,1,1787604226.183657,G1,T03,sel_dentro_1m,1,static
518900,1,0,1,0,124,0,100,0,22,44,31,8,4,9,6,7,5,0,0,100,100,57,37,26,28,13,11,1,1787604226.37568,G1,T03,sel_dentro_1m,1,static
519100,1,1,1,99,94,100,100,0,32,100,100,10,5,6,1,6,5,0,0,100,100,57,37,26,29,13,11,1,1787604226.5838175,G1,T03,sel_dentro_1m,1,static
519300,1,1,1,103,101,100,100,0,19,100,100,28,9,2,5,3,3,0,0,100,100,57,37,27,30,14,11,1,1787604226.7915537,G1,T03,sel_dentro_1m,1,static
519500,1,1,1,104,103,100,100,0,31,100,100,26,10,1,8,4,1,0,0,100,100,59,37,28,32,14,11,1,1787604226.9838545,G1,T03,sel_dentro_1m,1,static
519700,1,1,1,119,111,100,100,0,16,94,100,16,7,4,5,4,1,0,0,100,100,59,36,29,32,15,11,1,1787604227.191387,G1,T03,sel_dentro_1m,1,static
519900,1,1,1,116,124,74,100,0,17,71,74,15,10,6,2,5,1,0,0,100,100,60,35,30,32,15,10,1,1787604227.3832576,G1,T03,sel_dentro_1m,1,static
520100,1,1,1,110,108,78,100,0,15,78,77,13,10,6,5,6,2,0,0,100,100,61,34,31,32,15,10,1,1787604227.57548,G1,T03,sel_dentro_1m,1,static
520300,1,0,1,0,101,0,100,0,19,37,39,9,4,9,4,6,3,0,0,100,100,62,34,32,33,15,10,1,1787604227.7840614,G1,T03,sel_dentro_1m,1,static
520500,1,1,1,106,117,85,100,0,14,85,79,17,8,4,5,6,4,0,0,100,100,63,34,33,33,15,10,1,1787604227.9761794,G1,T03,sel_dentro_1m,1,static
520700,1,1,1,104,106,100,100,0,18,100,100,15,9,8,6,8,5,0,0,100,100,65,33,34,34,15,10,1,1787604228.184355,G1,T03,sel_dentro_1m,1,static
520900,1,0,1,0,92,0,100,0,17,27,31,8,6,5,6,5,4,0,0,100,100,68,33,34,34,15,10,1,1787604228.3768237,G1,T03,sel_dentro_1m,1,static
521100,1,1,1,111,107,75,100,0,23,75,75,13,6,3,5,6,4,0,0,100,100,70,34,34,35,15,11,1,1787604228.584923,G1,T03,sel_dentro_1m,1,static
521300,1,0,1,0,111,0,100,0,16,10,5,4,12,6,3,4,3,0,0,100,100,70,34,34,34,14,10,1,1787604228.776387,G1,T03,sel_dentro_1m,1,static
521500,1,1,1,100,94,57,100,0,13,57,49,8,8,5,6,4,3,0,0,100,100,69,34,33,33,14,11,1,1787604228.9845998,G1,T03,sel_dentro_1m,1,static
521700,1,1,1,108,100,94,100,0,20,94,90,11,2,4,4,4,3,0,0,100,100,65,33,31,31,13,10,1,1787604229.1759934,G1,T03,sel_dentro_1m,1,static
521900,1,0,1,0,107,0,100,0,21,40,33,7,2,4,2,6,2,0,0,100,100,62,32,29,30,13,11,1,1787604229.3833332,G1,T03,sel_dentro_1m,1,static
522100,1,1,1,104,100,100,100,0,19,100,100,27,11,8,6,4,4,0,0,100,100,60,31,27,29,12,10,1,1787604229.5901747,G1,T03,sel_dentro_1m,1,static
522300,1,1,1,104,104,100,100,0,49,100,100,38,6,9,4,9,7,0,0,100,100,61,32,25,30,12,10,1,1787604229.7800698,G1,T03,sel_dentro_1m,1,static
522500,1,1,1,107,105,100,100,0,52,100,100,39,10,10,3,2,5,0,0,100,100,63,35,25,31,12,10,1,1787604229.988202,G1,T03,sel_dentro_1m,1,static
522700,1,1,1,115,111,100,100,0,28,100,100,33,5,7,1,4,3,0,0,100,100,62,37,24,32,12,10,1,1787604230.1804001,G1,T03,sel_dentro_1m,1,static
522900,1,1,1,110,114,74,100,0,14,74,72,14,3,6,1,3,2,0,0,100,100,64,38,23,33,13,10,1,1787604230.3883634,G1,T03,sel_dentro_1m,1,static
523100,1,0,1,0,110,0,100,0,13,17,19,6,4,4,1,4,2,0,0,100,100,66,38,22,33,13,10,1,1787604230.58061,G1,T03,sel_dentro_1m,1,static
523300,1,0,1,0,110,0,100,0,17,15,14,10,7,5,1,4,1,0,0,100,100,67,38,21,33,13,10,1,1787604230.7892466,G1,T03,sel_dentro_1m,1,static
523500,1,0,1,0,110,0,100,0,21,45,40,11,7,6,1,3,2,0,0,100,100,65,37,20,31,12,10,1,1787604230.981536,G1,T03,sel_dentro_1m,1,static
523700,1,1,1,89,93,55,100,0,16,55,37,10,2,9,2,3,4,0,0,100,100,62,37,18,30,12,10,1,1787604231.189269,G1,T03,sel_dentro_1m,1,static
523900,1,0,1,0,89,0,100,0,20,46,31,4,2,3,3,2,4,0,0,100,100,59,37,17,29,11,10,1,1787604231.3811467,G1,T03,sel_dentro_1m,1,static
524100,1,1,1,98,89,100,100,0,15,100,100,13,2,9,6,1,6,0,0,100,100,57,37,16,28,11,10,1,1787604231.5908396,G1,T03,sel_dentro_1m,1,static
524300,1,1,1,102,103,100,100,0,32,100,100,25,6,4,8,3,8,0,0,100,100,55,38,16,27,12,10,1,1787604231.778384,G1,T03,sel_dentro_1m,1,static
524500,1,1,1,102,104,100,100,0,19,100,99,10,3,7,8,4,5,0,0,100,100,54,39,16,26,12,10,1,1787604231.9837394,G1,T03,sel_dentro_1m,1,static
524700,1,1,1,86,102,64,100,0,24,64,43,2,7,4,2,2,5,0,0,100,100,52,40,16,25,13,10,1,1787604232.1772034,G1,T03,sel_dentro_1m,1,static
524900,1,1,1,99,101,100,100,0,43,100,100,15,8,3,4,2,6,0,0,100,100,49,40,16,25,13,10,1,1787604232.3859878,G1,T03,sel_dentro_1m,1,static
525100,1,0,1,0,115,0,100,0,21,34,37,10,9,6,4,6,5,0,0,100,100,47,39,16,24,13,10,1,1787604232.5781066,G1,T03,sel_dentro_1m,1,static
525300,1,1,1,113,114,51,100,0,15,50,51,11,5,3,2,6,5,0,0,100,100,45,38,16,24,13,10,1,1787604232.785802,G1,T03,sel_dentro_1m,1,static
525500,1,0,1,0,113,0,100,0,20,30,19,5,5,3,6,7,5,0,0,100,100,42,37,15,23,13,11,1,1787604232.977483,G1,T03,sel_dentro_1m,1,static
525700,1,1,1,86,113,69,100,0,33,69,50,5,6,3,5,4,7,0,0,100,100,41,37,15,23,13,10,1,1787604233.1851084,G1,T03,sel_dentro_1m,1,static
525900,1,0,1,0,86,0,100,0,17,24,13,5,8,2,6,4,6,0,0,100,100,40,38,15,22,13,10,1,1787604233.3768225,G1,T03,sel_dentro_1m,1,static
526100,1,1,1,106,86,61,100,0,19,61,57,12,6,4,4,3,3,0,0,100,100,37,37,15,22,13,10,1,1787604233.5846145,G1,T03,sel_dentro_1m,1,static
526300,1,1,1,98,96,100,100,0,39,100,100,20,5,9,2,5,3,0,0,100,100,33,36,15,20,13,10,1,1787604233.7775066,G1,T03,sel_dentro_1m,1,static
526500,1,1,1,110,101,100,100,0,16,100,100,15,8,11,2,9,1,0,0,100,100,31,36,15,18,12,10,1,1787604233.9855502,G1,T03,sel_dentro_1m,1,static
526700,1,1,1,150,103,45,100,0,17,49,45,5,7,2,1,9,2,0,0,100,100,31,36,15,17,12,10,1,1787604234.1778896,G1,T03,sel_dentro_1m,1,static
526900,1,1,1,101,150,51,100,0,20,51,45,14,5,4,2,7,1,0,0,100,100,31,37,16,16,12,10,1,1787604234.3842328,G1,T03,sel_dentro_1m,1,static
527100,1,1,1,108,103,80,100,0,13,80,76,14,9,8,2,3,1,0,0,100,100,32,39,17,16,13,10,1,1787604234.5915895,G1,T03,sel_dentro_1m,1,static
527300,1,0,1,0,115,0,100,0,21,18,25,5,8,9,3,1,1,0,0,100,100,33,40,18,15,13,11,1,1787604234.783961,G1,T03,sel_dentro_1m,1,static
527500,1,0,1,0,115,0,100,0,13,31,30,9,5,5,3,1,2,0,0,100,100,33,42,18,15,13,10,1,1787604234.976106,G1,T03,sel_dentro_1m,1,static
527700,1,1,1,99,95,100,100,0,21,100,98,16,7,2,2,3,1,0,0,100,100,32,42,18,15,13,11,1,1787604235.1838923,G1,T03,sel_dentro_1m,1,static
527900,1,1,1,92,94,67,100,0,16,67,49,12,3,7,2,5,2,0,0,100,100,31,42,18,15,13,11,1,1787604235.3760984,G1,T03,sel_dentro_1m,1,static
528100,1,1,1,84,92,59,100,0,18,59,35,5,2,10,1,6,2,0,0,100,100,29,42,17,15,12,11,1,1787604235.5826652,G1,T03,sel_dentro_1m,1,static
528300,1,1,1,99,96,85,100,0,15,85,70,15,4,8,2,8,2,0,0,100,100,29,41,16,15,11,11,1,1787604235.791302,G1,T03,sel_dentro_1m,1,static
528500,1,0,1,0,94,0,100,0,20,44,38,8,4,5,2,8,3,0,0,100,100,29,40,14,15,11,10,1,1787604235.983814,G1,T03,sel_dentro_1m,1,static
528700,1,0,1,0,99,0,100,0,18,36,33,10,6,6,2,8,3,0,0,100,100,29,39,14,15,10,10,1,1787604236.1763813,G1,T03,sel_dentro_1m,1,static
528900,1,0,1,0,99,0,100,0,14,33,34,8,10,7,1,5,3,0,0,100,100,30,39,13,15,10,10,1,1787604236.3843226,G1,T03,sel_dentro_1m,1,static
529100,1,0,1,0,99,0,100,0,22,41,36,2,8,7,2,5,3,0,0,100,100,31,38,13,15,10,10,1,1787604236.5765026,G1,T03,sel_dentro_1m,1,static
529300,1,1,1,108,99,82,100,0,20,82,79,19,4,8,1,4,1,0,0,100,100,31,38,13,15,9,10,1,1787604236.784534,G1,T03,sel_dentro_1m,1,static
529500,1,1,1,103,107,60,100,0,14,60,54,14,1,9,2,2,2,0,0,100,100,30,38,13,15,10,10,1,1787604236.9767923,G1,T03,sel_dentro_1m,1,static
529700,1,1,1,110,108,54,100,0,17,54,53,22,9,6,3,4,4,0,0,100,100,32,38,13,15,10,10,1,1787604237.1859813,G1,T03,sel_dentro_1m,1,static
529900,1,1,1,101,123,79,100,0,17,79,69,31,13,8,5,1,4,0,0,100,100,37,39,14,16,11,11,1,1787604237.3779125,G1,T03,sel_dentro_1m,1,static
530100,1,1,1,91,93,67,100,0,19,67,48,19,11,6,7,3,4,0,0,100,100,43,40,15,17,11,11,1,1787604237.5855637,G1,T03,sel_dentro_1m,1,static
530300,1,1,1,85,90,71,100,0,18,71,42,5,7,8,5,6,2,0,0,100,100,45,41,15,18,11,11,1,1787604237.7779126,G1,T03,sel_dentro_1m,1,static
530500,1,0,1,0,92,0,100,0,17,32,22,6,8,7,7,10,2,0,0,100,100,45,40,16,18,11,11,1,1787604237.9855528,G1,T03,sel_dentro_1m,1,static
530700,1,0,1,0,92,0,100,0,15,32,30,13,7,7,6,7,1,0,0,100,100,45,39,16,19,11,11,1,1787604238.1780713,G1,T03,sel_dentro_1m,1,static
530900,1,0,1,0,115,0,100,0,17,30,23,10,6,6,9,6,4,0,0,100,100,46,38,16,19,10,11,1,1787604238.3855581,G1,T03,sel_dentro_1m,1,static
531100,1,1,1,120,127,76,100,0,15,69,76,17,9,7,8,3,7,0,0,100,100,47,37,17,18,10,10,1,1787604238.5779333,G1,T03,sel_dentro_1m,1,static
531300,1,1,1,107,108,100,100,0,21,100,100,15,13,7,5,4,4,0,0,100,100,50,36,18,18,10,10,1,1787604238.7852092,G1,T03,sel_dentro_1m,1,static
531500,1,1,1,99,104,100,100,0,43,100,100,22,9,8,3,2,2,0,0,100,100,51,35,19,18,11,10,1,1787604238.9769495,G1,T03,sel_dentro_1m,1,static
531700,1,1,1,100,98,100,100,0,49,100,100,30,9,6,2,7,2,0,0,100,100,53,34,19,19,11,10,1,1787604239.185841,G1,T03,sel_dentro_1m,1,static
531900,1,1,1,102,100,100,100,0,28,100,100,28,6,1,7,7,6,0,0,100,100,53,35,20,19,12,10,1,1787604239.377951,G1,T03,sel_dentro_1m,1,static
532100,1,1,1,102,104,100,100,0,50,100,100,23,12,9,9,5,6,0,0,100,100,56,35,22,20,12,10,1,1787604239.5851498,G1,T03,sel_dentro_1m,1,static
532300,1,1,1,105,104,100,100,0,20,100,100,20,8,9,7,7,3,0,0,100,100,58,36,24,21,13,10,1,1787604239.7770004,G1,T03,sel_dentro_1m,1,static
532500,1,1,1,103,106,100,100,0,26,100,100,16,8,2,6,5,2,0,0,100,100,60,36,25,22,13,10,1,1787604239.985094,G1,T03,sel_dentro_1m,1,static
532700,1,1,1,106,108,100,100,0,34,100,100,18,4,1,4,3,1,0,0,100,100,59,34,27,22,14,10,1,1787604240.1767113,G1,T03,sel_dentro_1m,1,static
532900,1,1,1,104,107,100,100,0,27,100,95,16,8,4,1,4,1,0,0,100,100,57,33,27,23,15,10,1,1787604240.384968,G1,T03,sel_dentro_1m,1,static
533100,1,1,1,123,104,48,100,0,21,42,48,14,3,3,2,3,2,0,0,100,100,55,32,27,24,16,11,1,1787604240.57724,G1,T03,sel_dentro_1m,1,static
533300,1,1,1,116,123,100,100,0,20,100,100,16,6,2,2,4,1,0,0,100,100,56,31,27,25,17,10,1,1787604240.785792,G1,T03,sel_dentro_1m,1,static
533500,1,1,1,108,116,100,100,0,50,100,100,42,9,4,9,4,4,0,0,100,100,61,31,28,25,17,10,1,1787604240.9782875,G1,T03,sel_dentro_1m,1,static
533700,1,1,1,103,106,100,100,0,24,100,100,51,5,6,10,6,7,0,0,100,100,61,31,30,26,17,10,1,1787604241.1865244,G1,T03,sel_dentro_1m,1,static
533900,1,1,1,105,107,100,100,0,63,100,100,46,12,9,1,4,8,0,0,100,100,58,31,31,26,18,10,1,1787604241.3802037,G1,T03,sel_dentro_1m,1,static
534100,1,1,1,117,113,100,100,0,38,100,100,47,11,9,9,4,5,0,0,100,100,57,30,31,26,19,10,1,1787604241.5877228,G1,T03,sel_dentro_1m,1,static
534300,1,1,1,121,118,100,100,0,16,100,100,40,7,5,5,2,2,0,0,100,100,60,29,32,25,19,10,1,1787604241.7794015,G1,T03,sel_dentro_1m,1,static
534500,1,1,1,108,116,100,100,0,28,100,100,39,11,1,10,1,3,0,0,100,100,65,29,33,24,18,10,1,1787604241.9872313,G1,T03,sel_dentro_1m,1,static
534700,1,1,1,117,113,100,100,0,20,100,100,18,13,5,6,1,4,0,0,100,100,71,28,34,23,18,10,1,1787604242.1793416,G1,T03,sel_dentro_1m,1,static
534900,1,1,1,108,118,97,100,0,18,97,93,12,9,10,6,0,6,0,0,100,100,75,28,35,22,19,10,1,1787604242.3882737,G1,T03,sel_dentro_1m,1,static
535100,1,1,1,133,117,70,100,0,23,55,70,28,12,10,12,1,5,0,0,100,100,73,29,35,22,19,10,1,1787604242.5789158,G1,T03,sel_dentro_1m,1,static
535300,1,0,1,0,149,0,100,0,15,11,31,20,11,3,1,4,4,0,0,100,100,71,28,34,22,18,11,1,1787604242.7869985,G1,T03,sel_dentro_1m,1,static
535500,1,0,1,0,134,0,100,0,17,30,37,6,7,9,1,4,2,0,0,100,100,73,28,33,22,18,11,1,1787604242.9814537,G1,T03,sel_dentro_1m,1,static
535700,1,0,1,0,134,0,100,0,19,41,28,4,4,2,1,3,2,0,0,100,100,76,29,33,21,18,11,1,1787604243.1882772,G1,T03,sel_dentro_1m,1,static
535900,1,0,1,0,134,0,100,0,18,23,25,8,2,1,4,4,3,0,0,100,100,79,28,33,21,17,11,1,1787604243.3804808,G1,T03,sel_dentro_1m,1,static
536100,1,0,1,0,134,0,100,0,17,34,29,10,1,2,2,2,2,0,0,100,100,79,28,31,20,17,11,1,1787604243.5879824,G1,T03,sel_dentro_1m,1,static
536300,1,1,1,87,117,73,100,0,25,73,50,13,12,9,7,3,6,0,0,100,100,79,27,30,19,16,11,1,1787604243.7806299,G1,T03,sel_dentro_1m,1,static
536500,1,0,1,0,88,0,100,0,27,29,10,17,8,7,9,2,5,0,0,100,100,81,28,29,18,16,11,1,1787604243.9894454,G1,T03,sel_dentro_1m,1,static
536700,1,0,1,0,88,0,100,0,15,45,37,3,5,6,9,2,5,0,0,100,100,84,29,29,18,16,10,1,1787604244.1812758,G1,T03,sel_dentro_1m,1,static
536900,1,0,1,0,88,0,100,0,22,44,32,12,5,8,8,2,6,0,0,100,100,85,31,29,17,16,11,1,1787604244.3893108,G1,T03,sel_dentro_1m,1,static
537100,1,0,1,0,88,0,100,0,30,37,20,5,6,8,5,2,6,0,0,100,100,86,32,30,15,15,10,1,1787604244.5811818,G1,T03,sel_dentro_1m,1,static
537300,1,0,1,0,88,0,100,0,26,15,16,7,5,8,6,2,6,0,0,100,100,86,34,30,14,15,10,1,1787604244.789756,G1,T03,sel_dentro_1m,1,static
537500,1,0,1,0,88,0,100,0,18,30,24,8,6,7,4,1,5,0,0,100,100,82,35,29,13,14,11,1,1787604244.9802005,G1,T03,sel_dentro_1m,1,static
537700,1,0,1,0,88,0,100,0,17,25,17,7,8,7,1,1,6,0,0,100,100,81,35,27,12,13,11,1,1787604245.1886811,G1,T03,sel_dentro_1m,1,static
537900,1,0,1,0,88,0,100,0,13,12,9,8,8,6,3,1,5,0,0,100,100,79,35,26,12,12,10,1,1787604245.3801055,G1,T03,sel_dentro_1m,1,static
538100,1,0,1,0,88,0,100,0,16,23,30,9,9,6,6,1,6,0,0,100,100,76,35,25,11,12,11,1,1787604245.5881135,G1,T03,sel_dentro_1m,1,static
538300,1,0,1,0,88,0,100,0,14,20,24,9,5,7,8,1,7,0,0,100,100,72,34,24,10,12,10,1,1787604245.7811282,G1,T03,sel_dentro_1m,1,static
538500,1,0,1,0,88,0,100,0,25,13,21,10,7,3,9,1,5,0,0,100,100,69,34,23,10,12,11,1,1787604245.9886422,G1,T03,sel_dentro_1m,1,static
538700,1,0,1,0,88,0,100,0,27,43,26,2,7,3,8,2,5,0,0,100,100,63,34,21,10,11,10,1,1787604246.1814272,G1,T03,sel_dentro_1m,1,static
538900,1,0,1,0,88,0,100,0,15,38,28,7,9,6,5,1,5,0,0,100,100,57,33,19,10,11,11,1,1787604246.389305,G1,T03,sel_dentro_1m,1,static
539100,1,0,1,0,88,0,100,0,18,19,8,8,4,4,7,1,4,0,0,100,100,55,32,18,9,10,10,1,1787604246.5811574,G1,T03,sel_dentro_1m,1,static
539300,1,0,1,0,88,0,100,0,17,29,27,15,5,1,10,3,5,0,0,100,100,52,31,18,9,10,10,1,1787604246.7887807,G1,T03,sel_dentro_1m,1,static
539500,1,1,1,134,138,49,100,0,13,37,49,19,7,8,5,1,2,0,0,100,100,49,32,19,8,10,10,1,1787604246.9801497,G1,T03,sel_dentro_1m,1,static
539700,1,0,1,0,89,0,100,0,19,21,19,7,8,6,2,1,3,0,0,100,100,46,32,20,8,10,10,1,1787604247.1882942,G1,T03,sel_dentro_1m,1,static
539900,1,0,1,0,89,0,100,0,16,13,17,6,4,5,2,2,3,0,0,100,100,44,33,20,8,10,11,1,1787604247.3799605,G1,T03,sel_dentro_1m,1,static
540100,1,1,1,121,89,44,100,0,15,40,44,11,5,2,6,1,6,0,0,100,100,42,32,20,7,10,11,1,1787604247.5878546,G1,T03,sel_dentro_1m,1,static
540300,1,0,1,0,121,0,100,0,15,18,37,23,4,9,8,1,6,0,0,100,100,39,33,21,7,10,10,1,1787604247.7792745,G1,T03,sel_dentro_1m,1,static
540500,1,0,1,0,150,0,100,0,15,20,36,29,12,5,4,3,6,0,0,100,100,37,33,21,7,10,10,1,1787604247.987787,G1,T03,sel_dentro_1m,1,static
540700,1,1,1,131,150,61,100,0,15,48,61,19,7,9,1,3,1,0,0,100,100,40,33,22,7,10,10,1,1787604248.1794739,G1,T03,sel_dentro_1m,1,static
540900,1,1,1,117,117,86,100,0,17,82,86,18,9,5,4,3,2,0,0,100,100,42,32,22,8,10,10,1,1787604248.3870475,G1,T03,sel_dentro_1m,1,static
541100,1,1,1,96,97,100,100,0,27,100,100,19,5,8,6,7,6,0,0,100,100,41,34,23,9,11,10,1,1787604248.5782323,G1,T03,sel_dentro_1m,1,static
541300,1,1,1,100,99,100,100,0,49,100,100,25,8,9,7,7,9,0,0,100,100,43,34,23,10,11,10,1,1787604248.7864482,G1,T03,sel_dentro_1m,1,static
541500,1,1,1,101,101,100,100,0,34,100,100,19,14,2,1,9,5,0,0,100,100,47,33,23,12,12,10,1,1787604248.978997,G1,T03,sel_dentro_1m,1,static
541700,1,1,1,103,102,100,100,0,15,100,100,11,9,6,2,8,3,0,0,100,100,49,34,24,14,12,11,1,1787604249.188921,G1,T03,sel_dentro_1m,1,static
541900,1,1,1,113,104,58,100,0,16,58,58,10,7,6,2,4,2,0,0,100,100,51,34,24,14,12,11,1,1787604249.3790004,G1,T03,sel_dentro_1m,1,static
542100,1,0,1,0,150,0,100,0,20,18,11,6,4,7,3,5,2,0,0,100,100,52,35,24,15,12,11,1,1787604249.5863843,G1,T03,sel_dentro_1m,1,static
542300,1,1,1,100,97,100,100,0,23,100,100,13,9,5,1,6,4,0,0,100,100,53,35,24,16,12,11,1,1787604249.776491,G1,T03,sel_dentro_1m,1,static
542500,1,1,1,100,97,100,100,0,14,100,100,15,14,8,7,7,8,0,0,100,100,56,35,24,17,12,10,1,1787604249.983539,G1,T03,sel_dentro_1m,1,static
542700,1,1,1,97,98,68,100,0,17,68,57,14,5,7,7,7,7,0,0,100,100,59,35,24,17,13,10,1,1787604250.191412,G1,T03,sel_dentro_1m,1,static
542900,1,1,1,101,105,100,100,0,23,100,100,17,13,9,9,6,8,0,0,100,100,60,35,26,18,14,10,1,1787604250.3830962,G1,T03,sel_dentro_1m,1,static
543100,1,1,1,102,102,100,100,0,23,100,100,18,10,4,8,5,5,0,0,100,100,61,36,27,18,14,10,1,1787604250.5901642,G1,T03,sel_dentro_1m,1,static
543300,1,0,1,0,99,0,100,0,21,23,27,10,9,4,3,6,5,0,0,100,100,62,37,28,19,15,10,1,1787604250.7814705,G1,T03,sel_dentro_1m,1,static
543500,1,1,1,108,99,53,100,0,16,53,52,16,9,1,1,5,4,0,0,100,100,61,37,27,20,15,10,1,1787604250.9901526,G1,T03,sel_dentro_1m,1,static
543700,1,1,1,99,114,61,100,0,16,61,52,15,10,5,5,5,2,0,0,100,100,62,37,26,21,16,10,1,1787604251.1830177,G1,T03,sel_dentro_1m,1,static
543900,1,0,1,0,99,0,100,0,17,20,17,6,2,9,1,4,1,0,0,100,100,65,39,26,22,16,11,1,1787604251.3894293,G1,T03,sel_dentro_1m,1,static
544100,1,0,1,0,99,0,100,0,18,37,22,10,6,4,1,6,2,0,0,100,100,65,40,27,23,17,10,1,1787604251.581701,G1,T03,sel_dentro_1m,1,static
544300,1,1,1,93,99,67,100,0,18,67,50,10,11,6,4,6,3,0,0,100,100,67,41,27,23,17,11,1,1787604251.7887232,G1,T03,sel_dentro_1m,1,static
544500,1,1,1,91,89,100,100,0,49,100,100,13,3,9,6,8,6,0,0,100,100,67,41,25,24,17,11,1,1787604251.981621,G1,T03,sel_dentro_1m,1,static
544700,1,1,1,97,95,100,100,0,31,100,100,19,16,4,4,6,6,0,0,100,100,65,40,25,24,17,11,1,1787604252.189573,G1,T03,sel_dentro_1m,1,static
544900,1,1,1,99,100,100,100,0,22,100,100,14,14,11,2,5,1,0,0,100,100,66,40,24,25,17,11,1,1787604252.3816838,G1,T03,sel_dentro_1m,1,static
545100,1,0,1,0,106,0,100,0,17,26,22,6,4,8,5,5,1,0,0,100,100,70,39,24,25,16,10,1,1787604252.5896695,G1,T03,sel_dentro_1m,1,static
545300,1,1,1,97,106,88,100,0,21,88,72,10,9,1,1,6,4,0,0,100,100,72,38,24,24,16,10,1,1787604252.7818663,G1,T03,sel_dentro_1m,1,static
545500,1,1,1,96,96,100,100,0,28,100,100,12,15,6,7,7,8,0,0,100,100,71,37,24,24,16,9,1,1787604252.9896612,G1,T03,sel_dentro_1m,1,static
545700,1,1,1,97,96,100,100,0,21,100,100,15,10,4,7,7,6,0,0,100,100,70,37,24,23,16,10,1,1787604253.184649,G1,T03,sel_dentro_1m,1,static
545900,1,1,1,93,97,95,100,0,23,95,70,11,7,10,4,6,3,0,0,100,100,69,37,24,23,16,10,1,1787604253.3902366,G1,T03,sel_dentro_1m,1,static
546100,1,1,1,92,95,87,100,0,16,87,62,15,13,11,2,3,2,0,0,100,100,73,37,23,23,16,10,1,1787604253.5827456,G1,T03,sel_dentro_1m,1,static
546300,1,1,1,82,86,78,100,0,25,78,42,15,13,6,3,1,2,0,0,100,100,74,37,23,24,16,10,1,1787604253.7900703,G1,T03,sel_dentro_1m,1,static
546500,1,0,1,0,70,0,100,0,22,14,26,15,13,11,4,1,5,0,0,100,100,72,38,23,24,16,11,1,1787604253.982845,G1,T03,sel_dentro_1m,1,static
546700,1,1,1,145,70,46,100,0,21,20,46,13,5,5,7,1,2,0,0,100,100,68,41,22,24,15,11,1,1787604254.1900606,G1,T03,sel_dentro_1m,1,static
546900,1,1,1,122,130,69,100,0,26,61,69,15,8,4,8,1,3,0,0,100,100,67,42,22,25,15,11,1,1787604254.3809078,G1,T03,sel_dentro_1m,1,static
547100,1,1,1,99,106,90,100,0,27,90,77,7,4,7,6,2,1,0,0,100,100,66,41,22,24,14,11,1,1787604254.5878565,G1,T03,sel_dentro_1m,1,static
547300,1,1,1,98,97,56,100,0,17,56,47,9,6,7,5,1,1,0,0,100,100,64,39,21,24,14,11,1,1787604254.7803528,G1,T03,sel_dentro_1m,1,static
547500,1,1,1,107,106,100,100,0,27,100,100,28,9,4,6,3,4,0,0,100,100,65,38,21,23,14,11,1,1787604254.9884715,G1,T03,sel_dentro_1m,1,static
547700,1,1,1,106,107,90,100,0,21,90,84,25,4,10,5,4,3,0,0,100,100,63,37,20,23,13,11,1,1787604255.1871667,G1,T03,sel_dentro_1m,1,static
547900,1,1,1,89,92,99,100,0,19,99,64,10,5,10,5,8,2,0,0,100,100,60,35,21,23,12,10,1,1787604255.3894868,G1,T03,sel_dentro_1m,1,static
548100,1,1,1,76,83,99,100,0,46,99,52,15,11,5,4,8,4,0,0,100,100,60,36,22,23,12,10,1,1787604255.5817842,G1,T03,sel_dentro_1m,1,static
548300,1,1,1,75,70,68,100,0,31,68,32,11,6,7,4,8,5,0,0,100,100,63,35,22,23,11,10,1,1787604255.7897236,G1,T03,sel_dentro_1m,1,static
548500,1,1,1,91,89,66,100,0,15,66,47,5,5,6,6,7,6,0,0,100,100,63,34,22,24,12,10,1,1787604255.9819267,G1,T03,sel_dentro_1m,1,static
548700,1,0,1,0,82,0,100,0,18,37,28,3,9,5,5,6,6,0,0,100,100,63,33,21,24,11,10,1,1787604256.1884265,G1,T03,sel_dentro_1m,1,static
548900,1,0,1,0,82,0,100,0,17,18,17,10,7,4,5,6,7,0,0,100,100,62,32,21,24,11,10,1,1787604256.3813288,G1,T03,sel_dentro_1m,1,static
549100,1,1,1,94,82,68,100,0,17,68,52,10,3,8,7,6,6,0,0,100,100,59,30,21,23,11,11,1,1787604256.5890062,G1,T03,sel_dentro_1m,1,static
549300,1,1,1,100,96,94,100,0,16,94,79,11,9,9,8,4,6,0,0,100,100,56,31,21,22,11,11,1,1787604256.781175,G1,T03,sel_dentro_1m,1,static
549500,1,1,1,96,95,100,100,0,26,100,99,9,6,3,7,3,6,0,0,100,100,53,33,21,22,11,11,1,1787604256.9890063,G1,T03,sel_dentro_1m,1,static
549700,1,1,1,103,99,94,100,0,16,94,83,14,3,8,4,2,5,0,0,100,100,52,33,20,22,11,11,1,1787604257.18837,G1,T03,sel_dentro_1m,1,static
549900,1,1,1,116,104,45,100,0,16,43,45,11,10,8,2,3,4,0,0,100,100,53,34,20,22,11,11,1,1787604257.3908179,G1,T03,sel_dentro_1m,1,static
550100,1,0,1,0,116,0,100,0,17,24,18,10,7,9,2,5,2,0,0,100,100,51,33,20,22,11,11,1,1787604257.5827441,G1,T03,sel_dentro_1m,1,static
550300,1,0,1,0,116,0,100,0,19,16,11,7,8,6,1,5,1,0,0,100,100,50,34,20,22,12,10,1,1787604257.7899106,G1,T03,sel_dentro_1m,1,static
550500,1,0,1,0,116,0,100,0,16,42,27,3,4,9,1,5,3,0,0,100,100,50,33,20,21,12,10,1,1787604257.984709,G1,T03,sel_dentro_1m,1,static
550700,1,1,1,85,89,83,100,0,23,83,50,2,6,5,1,8,3,0,0,100,100,50,32,20,21,12,10,1,1787604258.1904724,G1,T03,sel_dentro_1m,1,static
550900,1,1,1,81,79,72,100,0,34,72,45,8,9,8,3,7,6,0,0,100,100,50,32,20,21,12,10,1,1787604258.386076,G1,T03,sel_dentro_1m,1,static
551100,1,1,1,90,84,84,100,0,23,84,59,8,2,8,4,9,6,0,0,100,100,50,34,19,21,12,10,1,1787604258.5911417,G1,T03,sel_dentro_1m,1,static
551300,1,0,1,0,89,0,100,0,15,29,30,8,5,6,4,7,5,0,0,100,100,51,35,19,22,12,10,1,1787604258.788371,G1,T03,sel_dentro_1m,1,static
551500,1,0,1,0,89,0,100,0,13,22,16,10,2,2,2,6,5,0,0,100,100,49,37,19,21,12,11,1,1787604258.989715,G1,T03,sel_dentro_1m,1,static
551700,1,1,1,90,150,52,100,0,17,52,37,9,4,4,1,5,5,0,0,100,100,48,37,19,21,12,10,1,1787604259.191062,G1,T03,sel_dentro_1m,1,static
551900,1,0,1,0,90,0,100,0,17,41,23,8,9,9,4,7,2,0,0,100,100,50,38,18,20,12,11,1,1787604259.390485,G1,T03,sel_dentro_1m,1,static
552100,1,1,1,87,90,57,100,0,18,57,38,11,10,6,6,4,3,0,0,100,100,52,36,18,20,12,10,1,1787604259.5914474,G1,T03,sel_dentro_1m,1,static
552300,1,1,1,90,91,62,100,0,15,62,42,15,7,3,5,3,4,0,0,100,100,54,36,17,20,12,10,1,1787604259.778845,G1,T03,sel_dentro_1m,1,static
552500,1,1,1,116,90,66,100,0,22,63,66,18,6,12,8,2,4,0,0,100,100,54,38,18,20,11,10,1,1787604259.9871826,G1,T03,sel_dentro_1m,1,static
552700,1,1,1,97,104,100,100,0,43,100,100,19,8,4,9,2,2,0,0,100,100,53,41,19,20,11,10,1,1787604260.1897914,G1,T03,sel_dentro_1m,1,static
552900,1,1,1,91,99,100,100,0,36,100,90,5,6,10,7,5,1,0,0,100,100,50,42,20,20,11,10,1,1787604260.38833,G1,T03,sel_dentro_1m,1,static
553100,1,1,1,101,97,100,100,0,13,100,100,31,7,2,6,8,4,0,0,100,100,50,42,21,20,11,10,1,1787604260.5802312,G1,T03,sel_dentro_1m,1,static
553300,1,1,1,106,104,100,100,0,22,100,100,34,11,8,7,8,7,0,0,100,100,51,41,22,21,11,10,1,1787604260.7873769,G1,T03,sel_dentro_1m,1,static
553500,1,1,1,111,110,96,100,0,20,96,95,16,7,9,7,6,6,0,0,100,100,52,40,22,21,11,10,1,1787604260.979347,G1,T03,sel_dentro_1m,1,static
553700,1,1,1,95,111,82,100,0,30,82,68,11,3,9,7,6,6,0,0,100,100,52,40,22,21,11,10,1,1787604261.1910381,G1,T03,sel_dentro_1m,1,static
553900,1,1,1,96,99,100,100,0,27,100,89,15,11,4,3,7,5,0,0,100,100,50,39,23,21,11,10,1,1787604261.3798015,G1,T03,sel_dentro_1m,1,static
554100,1,1,1,90,89,100,100,0,33,100,81,11,2,5,1,8,3,0,0,100,100,47,38,23,21,10,10,1,1787604261.5884132,G1,T03,sel_dentro_1m,1,static
554300,1,1,1,150,90,41,100,0,18,43,41,4,3,5,3,6,4,0,0,100,100,43,37,24,21,10,10,1,1787604261.7803676,G1,T03,sel_dentro_1m,1,static
554500,1,1,1,128,150,51,100,0,18,40,51,10,7,4,4,4,2,0,0,100,100,42,35,25,20,10,10,1,1787604261.9881313,G1,T03,sel_dentro_1m,1,static
554700,1,1,1,108,118,68,100,0,18,68,65,9,4,9,5,3,2,0,0,100,100,43,34,25,20,10,10,1,1787604262.1913655,G1,T03,sel_dentro_1m,1,static
554900,1,0,1,0,106,0,100,0,17,26,24,5,3,5,6,1,1,0,0,100,100,44,33,25,20,10,11,1,1787604262.3878267,G1,T03,sel_dentro_1m,1,static
555100,1,0,1,0,106,0,100,0,18,38,28,10,3,5,7,2,2,0,0,100,100,44,32,26,20,10,10,1,1787604262.5801446,G1,T03,sel_dentro_1m,1,static
555300,1,0,1,0,106,0,100,0,18,13,14,7,5,7,7,3,1,0,0,100,100,44,30,26,20,10,10,1,1787604262.7881994,G1,T03,sel_dentro_1m,1,static
555500,1,1,1,87,106,52,100,0,19,52,36,7,7,9,6,4,2,0,0,100,100,43,29,27,21,10,10,1,1787604262.9798784,G1,T03,sel_dentro_1m,1,static
555700,1,1,1,96,93,85,100,0,17,85,67,11,6,4,3,5,3,0,0,100,100,43,28,26,22,10,10,1,1787604263.1913273,G1,T03,sel_dentro_1m,1,static
555900,1,0,1,0,94,0,100,0,13,40,36,10,1,1,3,6,3,0,0,100,100,41,28,26,22,10,10,1,1787604263.3807182,G1,T03,sel_dentro_1m,1,static
556100,1,0,1,0,150,0,100,0,15,40,35,9,2,1,4,6,4,0,0,100,100,37,28,27,21,10,10,1,1787604263.5886219,G1,T03,sel_dentro_1m,1,static
556300,1,0,1,0,150,0,100,0,18,29,26,5,4,1,5,8,4,0,0,100,100,33,28,28,21,10,10,1,1787604263.7810695,G1,T03,sel_dentro_1m,1,static
556500,1,0,1,0,150,0,100,0,14,23,27,14,2,2,4,5,4,0,0,100,100,32,26,28,20,10,10,1,1787604263.9915748,G1,T03,sel_dentro_1m,1,static
556700,1,1,1,96,150,53,100,0,17,53,44,6,3,2,3,4,4,0,0,100,100,30,24,27,20,10,10,1,1787604264.191894,G1,T03,sel_dentro_1m,1,static
556900,1,1,1,103,108,66,100,0,15,66,59,11,10,5,3,1,3,0,0,100,100,31,23,26,19,9,10,1,1787604264.38579,G1,T03,sel_dentro_1m,1,static
557100,1,1,1,90,103,61,100,0,17,61,43,20,2,9,5,1,4,0,0,100,100,29,25,26,19,9,10,1,1787604264.5777097,G1,T03,sel_dentro_1m,1,static
557300,1,1,1,96,99,63,100,0,19,63,51,8,5,6,3,3,2,0,0,100,100,28,27,25,19,8,10,1,1787604264.786347,G1,T03,sel_dentro_1m,1,static
557500,1,0,1,0,96,0,100,0,19,31,27,9,8,1,6,5,3,0,0,100,100,26,29,25,20,8,10,1,1787604264.978581,G1,T03,sel_dentro_1m,1,static
557700,1,1,1,93,86,74,100,0,23,74,57,14,7,10,6,1,2,0,0,100,100,25,30,25,20,7,11,1,1787604265.186871,G1,T03,sel_dentro_1m,1,static
557900,1,1,1,76,86,60,100,0,21,60,24,10,4,12,7,4,4,0,0,100,100,24,31,25,20,7,11,1,1787604265.3785203,G1,T03,sel_dentro_1m,1,static
558100,1,0,1,0,76,0,100,0,14,17,23,14,7,9,6,5,3,0,0,100,100,24,32,26,19,7,11,1,1787604265.5861602,G1,T03,sel_dentro_1m,1,static
558300,1,0,1,0,76,0,100,0,17,27,32,15,6,8,6,4,4,0,0,100,100,25,33,26,19,6,11,1,1787604265.778728,G1,T03,sel_dentro_1m,1,static
558500,1,1,1,150,97,41,100,0,20,50,41,17,4,5,5,4,6,0,0,100,100,26,35,26,19,6,11,1,1787604265.9864056,G1,T03,sel_dentro_1m,1,static
558700,1,0,1,0,150,0,100,0,21,14,12,8,7,2,6,5,6,0,0,100,100,27,37,25,18,6,11,1,1787604266.1787806,G1,T03,sel_dentro_1m,1,static
558900,1,0,1,0,150,0,100,0,19,25,17,6,3,4,3,4,5,0,0,100,100,27,37,25,18,6,10,1,1787604266.3866398,G1,T03,sel_dentro_1m,1,static
559100,1,0,1,0,150,0,100,0,16,11,21,16,4,5,2,4,5,0,0,100,100,27,37,24,17,5,10,1,1787604266.5788965,G1,T03,sel_dentro_1m,1,static
559300,1,1,1,110,116,100,100,0,21,100,100,24,1,11,2,5,7,0,0,100,100,27,38,24,17,5,10,1,1787604266.7879653,G1,T03,sel_dentro_1m,1,static
559500,1,1,1,107,114,100,100,0,19,100,100,14,6,6,5,5,6,0,0,100,100,28,39,24,17,6,10,1,1787604266.979743,G1,T03,sel_dentro_1m,1,static
559700,1,1,1,97,107,72,100,0,16,72,59,22,6,9,5,3,5,0,0,100,100,28,40,25,17,6,10,1,1787604267.186759,G1,T03,sel_dentro_1m,1,static
559900,1,0,1,0,97,0,100,0,20,47,31,10,9,4,4,3,3,0,0,100,100,28,40,24,18,7,10,1,1787604267.3791158,G1,T03,sel_dentro_1m,1,static
560100,1,1,1,92,86,65,100,0,20,65,49,8,5,5,6,1,4,0,0,100,100,30,39,24,18,7,10,1,1787604267.5865655,G1,T03,sel_dentro_1m,1,static
560300,1,1,1,79,89,51,100,0,27,51,33,3,4,5,5,1,1,0,0,100,100,32,38,23,17,8,10,1,1787604267.7786317,G1,T03,sel_dentro_1m,1,static
560500,1,0,1,0,79,0,100,0,22,23,9,8,10,3,2,2,1,0,0,100,100,34,39,22,17,9,10,1,1787604267.9867356,G1,T03,sel_dentro_1m,1,static
560700,1,0,1,0,79,0,100,0,13,30,36,7,6,7,2,3,1,0,0,100,100,37,40,21,17,10,10,1,1787604268.1790383,G1,T03,sel_dentro_1m,1,static
560900,1,1,1,98,79,60,100,0,13,60,49,9,6,3,1,5,1,0,0,100,100,38,41,20,18,10,11,1,1787604268.3872633,G1,T03,sel_dentro_1m,1,static
561100,1,1,1,93,114,62,100,0,17,62,48,14,8,8,1,6,3,0,0,100,100,39,40,19,17,11,11,1,1787604268.577377,G1,T03,sel_dentro_1m,1,static
561300,1,1,1,93,86,100,100,0,16,100,88,23,7,4,3,7,5,0,0,100,100,40,38,19,16,11,11,1,1787604268.7819088,G1,T03,sel_dentro_1m,1,static
561500,1,1,1,104,97,100,100,0,41,100,100,18,4,10,1,4,6,0,0,100,100,41,36,18,15,11,10,1,1787604268.989343,G1,T03,sel_dentro_1m,1,static
561700,1,1,1,107,106,100,100,0,14,100,100,28,7,10,1,1,1,0,0,100,100,42,37,17,15,12,10,1,1787604269.1821077,G1,T03,sel_dentro_1m,1,static
561900,1,1,1,100,101,100,100,0,30,100,100,17,3,7,2,6,6,0,0,100,100,42,38,17,16,13,10,1,1787604269.3900378,G1,T03,sel_dentro_1m,1,static
562100,1,1,1,95,99,100,100,0,49,100,100,9,1,7,8,8,7,0,0,100,100,42,38,16,17,14,10,1,1787604269.5822136,G1,T03,sel_dentro_1m,1,static
562300,1,1,1,91,90,100,100,0,43,100,100,8,7,6,7,8,7,0,0,100,100,41,37,17,18,15,10,1,1787604269.7910128,G1,T03,sel_dentro_1m,1,static
562500,1,0,1,0,90,0,100,0,14,42,33,10,9,7,9,8,6,0,0,100,100,43,36,17,19,15,10,1,1787604269.9823365,G1,T03,sel_dentro_1m,1,static
562700,1,0,1,0,90,0,100,0,16,16,10,8,3,6,7,7,6,0,0,100,100,42,33,17,20,15,10,1,1787604270.1912615,G1,T03,sel_dentro_1m,1,static
562900,1,1,1,100,90,68,100,0,17,68,59,12,5,8,7,5,7,0,0,100,100,41,32,17,21,16,11,1,1787604270.3845723,G1,T03,sel_dentro_1m,1,static
563100,1,1,1,102,101,100,100,0,30,100,100,18,5,5,3,3,8,0,0,100,100,42,32,18,21,16,11,1,1787604270.577426,G1,T03,sel_dentro_1m,1,static
563300,1,1,1,103,101,100,100,0,14,100,100,21,12,9,5,3,4,0,0,100,100,44,33,18,22,17,11,1,1787604270.7857943,G1,T03,sel_dentro_1m,1,static
563500,1,1,1,99,100,100,100,0,42,100,100,23,12,8,10,4,1,0,0,100,100,48,35,18,23,17,11,1,1787604270.9807038,G1,T03,sel_dentro_1m,1,static
563700,1,1,1,94,96,100,100,0,33,100,88,13,10,10,10,4,3,0,0,100,100,51,36,18,23,17,10,1,1787604271.1865926,G1,T03,sel_dentro_1m,1,static
563900,1,1,1,101,102,100,100,0,32,100,100,17,12,11,8,5,6,0,0,100,100,53,39,18,23,17,11,1,1787604271.3781056,G1,T03,sel_dentro_1m,1,static
564100,1,1,1,101,100,100,100,0,16,100,100,6,7,7,6,6,6,0,0,100,100,55,42,17,23,17,10,1,1787604271.5861678,G1,T03,sel_dentro_1m,1,static
564300,1,1,1,94,102,64,100,0,18,64,51,11,9,6,5,7,6,0,0,100,100,53,44,16,23,16,10,1,1787604271.7769291,G1,T03,sel_dentro_1m,1,static
564500,1,1,1,97,94,100,100,0,30,100,99,4,6,9,8,8,6,0,0,100,100,52,45,17,24,15,10,1,1787604271.9835043,G1,T03,sel_dentro_1m,1,static
564700,1,0,1,0,103,0,100,0,18,25,13,7,3,2,4,7,5,0,0,100,100,51,45,18,24,15,10,1,1787604272.1918852,G1,T03,sel_dentro_1m,1,static
564900,1,1,1,95,94,100,100,0,25,100,100,13,8,8,1,6,7,0,0,100,100,49,44,18,24,14,10,1,1787604272.3838289,G1,T03,sel_dentro_1m,1,static
565100,1,0,1,0,94,0,100,0,13,24,19,6,2,6,1,5,7,0,0,100,100,48,44,18,23,14,10,1,1787604272.591357,G1,T03,sel_dentro_1m,1,static
565300,1,0,1,0,94,0,100,0,19,25,13,11,8,6,2,6,6,0,0,100,100,48,44,19,23,14,10,1,1787604272.783784,G1,T03,sel_dentro_1m,1,static
565500,1,1,1,108,94,59,100,0,15,59,56,13,1,8,2,5,6,0,0,100,100,47,44,19,23,14,11,1,1787604272.9920337,G1,T03,sel_dentro_1m,1,static
565700,1,0,1,0,119,0,100,0,20,12,19,8,1,5,4,4,6,0,0,100,100,47,42,19,22,13,11,1,1787604273.1841455,G1,T03,sel_dentro_1m,1,static
565900,1,1,1,98,119,70,100,0,29,70,61,13,2,8,5,6,6,0,0,100,100,47,40,19,21,12,11,1,1787604273.3922944,G1,T03,sel_dentro_1m,1,static
566100,1,1,1,89,114,100,100,0,32,100,82,16,5,10,8,5,4,0,0,100,100,47,39,18,21,12,11,1,1787604273.583902,G1,T03,sel_dentro_1m,1,static
566300,1,1,1,97,93,100,100,0,17,100,100,18,12,13,8,3,1,0,0,100,100,50,42,17,20,11,11,1,1787604273.7924826,G1,T03,sel_dentro_1m,1,static
566500,1,1,1,97,99,100,100,0,34,100,100,12,12,8,6,3,3,0,0,100,100,52,45,17,20,12,11,1,1787604273.9838307,G1,T03,sel_dentro_1m,1,static
566700,1,1,1,97,99,100,100,0,30,100,100,23,10,9,9,6,6,0,0,100,100,53,46,17,20,12,10,1,1787604274.1923494,G1,T03,sel_dentro_1m,1,static
566900,1,1,1,95,95,100,100,0,36,100,100,11,2,5,8,6,8,0,0,100,100,53,47,16,20,12,10,1,1787604274.3856194,G1,T03,sel_dentro_1m,1,static
567100,1,0,1,0,94,0,100,0,17,17,40,16,6,3,6,6,6,0,0,100,100,53,46,16,20,12,10,1,1787604274.5922327,G1,T03,sel_dentro_1m,1,static
567300,1,1,1,135,113,73,100,0,17,49,73,19,5,1,4,4,4,0,0,100,100,51,44,15,19,11,10,1,1787604274.785244,G1,T03,sel_dentro_1m,1,static
567500,1,1,1,82,69,100,100,0,13,100,58,46,14,11,3,6,3,0,0,100,100,50,42,14,17,11,11,1,1787604274.9824307,G1,T03,sel_dentro_1m,1,static
567700,1,1,1,83,86,82,100,0,20,82,43,19,12,2,3,3,4,0,0,100,100,52,41,13,16,11,10,1,1787604275.1866019,G1,T03,sel_dentro_1m,1,static
567900,1,0,1,0,83,0,100,0,16,17,8,5,1,2,4,3,4,0,0,100,100,54,39,13,15,12,10,1,1787604275.379542,G1,T03,sel_dentro_1m,1,static
568100,1,0,1,0,83,0,100,0,18,26,26,7,2,2,3,2,2,0,0,100,100,55,39,13,15,12,10,1,1787604275.5869925,G1,T03,sel_dentro_1m,1,static
568300,1,1,1,89,83,63,100,0,25,63,46,23,12,5,3,2,1,0,0,100,100,57,38,13,15,12,10,1,1787604275.7791383,G1,T03,sel_dentro_1m,1,static
568500,1,1,1,91,96,100,100,0,35,100,100,21,14,10,5,7,2,0,0,100,100,58,38,13,15,13,10,1,1787604275.9866962,G1,T03,sel_dentro_1m,1,static
568700,1,1,1,97,94,100,100,0,18,100,100,21,13,7,8,7,7,0,0,100,100,61,38,13,15,14,10,1,1787604276.179457,G1,T03,sel_dentro_1m,1,static
568900,1,1,1,98,96,100,100,0,38,100,100,13,1,6,7,5,7,0,0,100,100,62,38,13,15,14,10,1,1787604276.3891609,G1,T03,sel_dentro_1m,1,static
569100,1,1,1,100,97,100,100,0,22,100,100,9,6,4,1,6,6,0,0,100,100,64,39,13,16,15,10,1,1787604276.5794353,G1,T03,sel_dentro_1m,1,static
569300,1,1,1,101,103,85,100,0,18,85,73,15,10,8,4,5,5,0,0,100,100,66,41,14,18,15,10,1,1787604276.7865222,G1,T03,sel_dentro_1m,1,static
569500,1,1,1,97,101,90,100,0,24,90,74,12,9,6,5,4,3,0,0,100,100,69,42,14,19,16,10,1,1787604276.9870436,G1,T03,sel_dentro_1m,1,static
569700,1,0,1,0,111,0,100,0,18,37,39,13,3,4,6,4,3,0,0,100,100,72,44,14,20,16,10,1,1787604277.1862922,G1,T03,sel_dentro_1m,1,static
569900,1,1,1,101,106,100,100,0,16,100,100,13,7,7,5,5,5,0,0,100,100,75,45,14,21,16,10,1,1787604277.3782115,G1,T03,sel_dentro_1m,1,static
570100,1,1,1,97,101,100,100,0,20,100,100,14,4,8,3,6,6,0,0,100,100,76,45,14,22,17,10,1,1787604277.5860016,G1,T03,sel_dentro_1m,1,static
570300,1,1,1,101,97,100,100,0,22,100,93,12,10,3,6,5,6,0,0,100,100,75,42,13,22,16,10,1,1787604277.778771,G1,T03,sel_dentro_1m,1,static
570500,1,1,1,101,101,100,100,0,23,100,100,16,10,10,6,4,2,0,0,100,100,76,40,13,21,16,10,1,1787604277.987409,G1,T03,sel_dentro_1m,1,static
570700,1,1,1,100,101,100,100,0,41,100,100,23,13,11,7,1,1,0,0,100,100,81,43,12,21,16,10,1,1787604278.1789353,G1,T03,sel_dentro_1m,1,static
570900,1,1,1,101,105,100,100,0,32,100,100,15,9,8,9,3,1,0,0,100,100,87,48,12,21,16,10,1,1787604278.3865893,G1,T03,sel_dentro_1m,1,static
571100,1,0,1,0,97,0,100,0,21,15,24,6,5,6,9,3,2,0,0,100,100,92,54,13,22,17,10,1,1787604278.5783286,G1,T03,sel_dentro_1m,1,static
571300,1,0,1,0,97,0,100,0,13,23,23,6,6,3,9,3,2,0,0,100,100,97,58,13,22,17,10,1,1787604278.7862341,G1,T03,sel_dentro_1m,1,static
571500,1,0,1,0,97,0,100,0,16,29,25,5,4,5,10,4,1,0,0,100,100,97,60,14,23,17,11,1,1787604278.9850132,G1,T03,sel_dentro_1m,1,static
571700,1,1,1,104,97,93,100,0,21,93,85,14,11,9,8,6,1,0,0,100,100,95,61,14,24,16,10,1,1787604279.1865997,G1,T03,sel_dentro_1m,1,static
571900,1,1,1,107,108,100,100,0,19,100,100,19,10,11,5,5,2,0,0,100,100,95,62,14,24,15,10,1,1787604279.378092,G1,T03,sel_dentro_1m,1,static
572100,1,0,1,0,101,0,100,0,16,12,14,7,7,6,4,6,2,0,0,100,100,97,64,14,25,15,11,1,1787604279.585495,G1,T03,sel_dentro_1m,1,static
572300,1,0,1,0,101,0,100,0,18,23,14,2,3,6,4,6,3,0,0,100,100,97,65,14,25,15,10,1,1787604279.7774227,G1,T03,sel_dentro_1m,1,static
572500,1,1,1,93,101,54,100,0,28,54,45,11,1,4,5,5,3,0,0,100,100,96,66,14,25,15,10,1,1787604279.9855068,G1,T03,sel_dentro_1m,1,static
572700,1,1,1,105,109,100,100,0,35,100,100,22,10,7,4,4,1,0,0,100,100,93,66,14,24,14,10,1,1787604280.1915386,G1,T03,sel_dentro_1m,1,static
572900,1,0,1,0,105,0,100,0,15,9,3,2,7,7,4,4,1,0,0,100,100,93,66,14,24,14,10,1,1787604280.383615,G1,T03,sel_dentro_1m,1,static
573100,1,1,1,91,105,60,100,0,23,60,46,14,7,11,5,4,1,0,0,100,100,92,64,12,23,13,10,1,1787604280.591621,G1,T03,sel_dentro_1m,1,static
573300,1,1,1,99,94,100,100,0,38,100,100,26,14,10,8,4,4,0,0,100,100,95,65,11,21,12,10,1,1787604280.784425,G1,T03,sel_dentro_1m,1,static
573500,1,1,1,99,101,100,100,0,23,100,100,23,13,8,11,7,6,0,0,100,100,99,67,12,21,13,10,1,1787604280.9848943,G1,T03,sel_dentro_1m,1,static
573700,1,1,1,94,95,100,100,0,24,100,100,17,8,8,7,7,6,0,0,100,100,100,70,13,22,13,10,1,1787604281.1879797,G1,T03,sel_dentro_1m,1,static
573900,1,1,1,94,93,100,100,0,23,100,98,9,6,10,4,3,6,0,0,100,100,100,74,14,22,13,10,1,1787604281.3811743,G1,T03,sel_dentro_1m,1,static
574100,1,1,1,94,98,95,100,0,21,95,73,7,5,8,2,2,6,0,0,100,100,100,77,14,22,14,10,1,1787604281.5898306,G1,T03,sel_dentro_1m,1,static
574300,1,0,1,0,94,0,100,0,19,29,23,13,5,6,1,3,5,0,0,100,100,100,79,15,21,14,10,1,1787604281.782162,G1,T03,sel_dentro_1m,1,static
574500,1,0,1,0,94,0,100,0,18,12,2,7,8,1,3,1,7,0,0,100,100,97,79,15,20,14,10,1,1787604281.991078,G1,T03,sel_dentro_1m,1,static
574700,1,1,1,95,84,100,100,0,24,100,92,13,11,4,4,2,7,0,0,100,100,91,77,15,20,14,11,1,1787604282.1830273,G1,T03,sel_dentro_1m,1,static
574900,1,1,1,86,87,100,100,0,25,100,67,16,5,9,5,4,7,0,0,100,100,85,74,14,20,14,11,1,1787604282.3911262,G1,T03,sel_dentro_1m,1,static
575100,1,1,1,93,85,100,100,0,33,100,100,17,8,5,10,6,7,0,0,100,100,82,73,15,20,13,11,1,1787604282.5837297,G1,T03,sel_dentro_1m,1,static
575300,1,1,1,103,97,100,100,0,18,100,100,23,12,9,8,4,5,0,0,100,100,81,72,15,20,13,10,1,1787604282.7917,G1,T03,sel_dentro_1m,1,static
575500,1,1,1,107,106,100,100,0,21,100,100,34,16,14,7,3,1,0,0,100,100,82,72,14,20,14,10,1,1787604282.9866738,G1,T03,sel_dentro_1m,1,static
575700,1,1,1,106,106,100,100,0,26,100,100,27,10,8,6,3,2,0,0,100,100,83,73,14,20,14,10,1,1787604283.192213,G1,T03,sel_dentro_1m,1,static
575900,1,1,1,102,102,100,100,0,18,100,97,15,4,8,7,5,4,0,0,100,100,81,72,14,20,15,9,1,1787604283.3842416,G1,T03,sel_dentro_1m,1,static
576100,1,1,1,107,102,100,100,0,16,100,96,16,10,8,6,4,6,0,0,100,100,79,70,13,21,15,10,1,1787604283.591612,G1,T03,sel_dentro_1m,1,static
576300,1,1,1,91,107,73,100,0,38,73,60,5,3,5,7,5,4,0,0,100,100,77,68,13,21,15,10,1,1787604283.7832441,G1,T03,sel_dentro_1m,1,static
576500,1,1,1,104,104,100,100,0,37,100,100,36,12,13,9,4,2,0,0,100,100,78,69,13,21,15,10,1,1787604283.9914742,G1,T03,sel_dentro_1m,1,static
576700,1,1,1,103,104,100,100,0,54,100,100,35,17,13,7,5,2,0,0,100,100,84,73,13,22,15,11,1,1787604284.1834342,G1,T03,sel_dentro_1m,1,static
576900,1,1,1,103,101,100,100,0,13,100,100,11,11,5,8,6,7,0,0,100,100,86,75,14,23,16,11,1,1787604284.3899453,G1,T03,sel_dentro_1m,1,static
577100,1,1,1,100,100,100,100,0,19,100,100,11,10,12,7,6,7,0,0,100,100,86,78,14,24,17,11,1,1787604284.5842285,G1,T03,sel_dentro_1m,1,static
577300,1,1,1,102,101,100,100,0,29,100,100,22,5,7,6,4,7,0,0,100,100,82,77,14,24,17,10,1,1787604284.7902672,G1,T03,sel_dentro_1m,1,static
577500,1,1,1,103,101,100,100,0,18,100,100,19,6,6,3,1,5,0,0,100,100,78,72,13,24,17,11,1,1787604284.9894395,G1,T03,sel_dentro_1m,1,static
577700,1,1,1,90,99,96,100,0,29,96,68,9,5,8,1,2,3,0,0,100,100,74,67,13,22,16,11,1,1787604285.1895678,G1,T03,sel_dentro_1m,1,static
577900,1,0,1,0,90,0,100,0,17,14,13,6,9,7,1,3,2,0,0,100,100,75,64,13,21,16,11,1,1787604285.381605,G1,T03,sel_dentro_1m,1,static
578100,1,1,1,89,94,74,100,0,17,74,49,12,5,1,3,4,3,0,0,100,100,75,61,13,21,16,11,1,1787604285.5896988,G1,T03,sel_dentro_1m,1,static
578300,1,1,1,91,93,100,100,0,15,100,78,14,2,4,4,5,5,0,0,100,100,74,58,13,21,16,10,1,1787604285.7820933,G1,T03,sel_dentro_1m,1,static
578500,1,1,1,98,97,100,100,0,24,100,100,19,1,6,5,6,5,0,0,100,100,72,57,12,22,15,10,1,1787604285.990341,G1,T03,sel_dentro_1m,1,static
578700,1,1,1,100,96,88,100,0,23,88,76,13,4,8,4,8,7,0,0,100,100,71,58,12,23,15,10,1,1787604286.182196,G1,T03,sel_dentro_1m,1,static
578900,1,1,1,100,95,70,100,0,18,70,60,13,7,9,6,6,7,0,0,100,100,70,58,12,23,15,10,1,1787604286.3908203,G1,T03,sel_dentro_1m,1,static
579100,1,1,1,106,95,60,100,0,19,60,56,12,9,7,6,7,8,0,0,100,100,67,56,12,23,16,10,1,1787604286.5882711,G1,T03,sel_dentro_1m,1,static
579300,1,1,1,113,99,49,100,0,22,49,49,11,9,7,6,8,8,0,0,100,100,64,54,11,23,16,10,1,1787604286.7911334,G1,T03,sel_dentro_1m,1,static
579500,1,1,1,111,100,78,100,0,21,78,77,13,8,6,6,9,6,0,0,100,100,60,51,11,23,15,10,1,1787604286.992429,G1,T03,sel_dentro_1m,1,static
579700,1,1,1,115,111,48,100,0,20,46,48,11,7,5,7,6,7,0,0,100,100,56,48,11,23,15,11,1,1787604287.1931248,G1,T03,sel_dentro_1m,1,static
579900,1,0,1,0,115,0,100,0,17,12,6,8,3,4,7,5,7,0,0,100,100,53,46,12,23,14,11,1,1787604287.3849826,G1,T03,sel_dentro_1m,1,static
580100,1,0,1,0,115,0,100,0,16,29,21,4,1,2,8,8,7,0,0,100,100,51,44,12,23,14,11,1,1787604287.591819,G1,T03,sel_dentro_1m,1,static
580300,1,0,1,0,115,0,100,0,18,45,40,11,7,8,8,8,7,0,0,100,100,48,43,13,23,13,11,1,1787604287.7836635,G1,T03,sel_dentro_1m,1,static
580500,1,1,1,110,109,100,100,0,18,100,100,22,3,9,5,8,6,0,0,100,100,45,41,13,23,13,10,1,1787604287.992419,G1,T03,sel_dentro_1m,1,static
580700,1,1,1,104,107,100,100,0,29,100,100,19,11,6,3,6,6,0,0,100,100,40,38,13,23,13,10,1,1787604288.1841578,G1,T03,sel_dentro_1m,1,static
580900,1,0,1,0,121,0,100,0,17,32,28,7,2,6,5,4,7,0,0,100,100,37,36,13,23,12,10,1,1787604288.3920944,G1,T03,sel_dentro_1m,1,static
581100,1,1,1,92,121,100,100,0,33,100,92,10,6,5,7,7,6,0,0,100,100,36,34,13,22,12,10,1,1787604288.589531,G1,T03,sel_dentro_1m,1,static
581300,1,1,1,97,97,100,100,0,56,100,100,17,5,11,8,8,7,0,0,100,100,35,33,13,22,11,10,1,1787604288.792255,G1,T03,sel_dentro_1m,1,static
581500,1,1,1,102,100,100,100,0,29,100,100,17,4,4,7,5,6,0,0,100,100,33,36,13,22,11,10,1,1787604288.992903,G1,T03,sel_dentro_1m,1,static
581700,1,1,1,114,104,64,100,0,17,63,64,8,9,7,5,5,4,0,0,100,100,33,38,12,23,12,10,1,1787604289.1918943,G1,T03,sel_dentro_1m,1,static
581900,1,0,1,0,114,0,100,0,23,27,6,7,7,6,5,4,6,0,0,100,100,32,39,11,23,12,10,1,1787604289.3841991,G1,T03,sel_dentro_1m,1,static
582100,1,1,1,93,114,82,100,0,22,82,62,12,7,3,7,6,6,0,0,100,100,32,40,10,23,12,10,1,1787604289.591989,G1,T03,sel_dentro_1m,1,static
582300,1,1,1,100,100,100,100,0,28,100,100,7,13,7,10,8,8,0,0,100,100,34,41,11,23,12,10,1,1787604289.784048,G1,T03,sel_dentro_1m,1,static
582500,1,1,1,101,101,100,100,0,24,100,100,9,9,4,5,4,6,0,0,100,100,35,42,12,23,13,10,1,1787604289.9933052,G1,T03,sel_dentro_1m,1,static
582700,1,1,1,98,98,89,100,0,18,89,73,10,7,4,1,2,5,0,0,100,100,36,41,13,23,13,10,1,1787604290.1855915,G1,T03,sel_dentro_1m,1,static
582900,1,0,1,0,90,0,100,0,13,50,36,13,3,9,2,2,4,0,0,100,100,36,41,14,23,13,11,1,1787604290.377661,G1,T03,sel_dentro_1m,1,static
583100,1,1,1,84,90,60,100,0,25,60,41,10,7,6,4,1,3,0,0,100,100,37,41,14,23,13,9,1,1787604290.5926487,G1,T03,sel_dentro_1m,1,static
583300,1,0,1,0,84,0,100,0,23,39,23,13,8,8,5,1,3,0,0,100,100,39,42,14,23,13,10,1,1787604290.7924314,G1,T03,sel_dentro_1m,1,static
583500,1,0,1,0,84,0,100,0,20,30,20,8,9,9,5,2,2,0,0,100,100,41,42,14,23,13,10,1,1787604290.9861312,G1,T03,sel_dentro_1m,1,static
583700,1,0,1,0,84,0,100,0,15,10,5,2,3,4,4,2,2,0,0,100,100,43,43,14,22,13,10,1,1787604291.177176,G1,T03,sel_dentro_1m,1,static
583900,1,0,1,0,84,0,100,0,17,26,18,6,3,2,5,1,2,0,0,100,100,44,44,14,22,13,10,1,1787604291.3850775,G1,T03,sel_dentro_1m,1,static
584100,1,0,1,0,84,0,100,0,14,20,13,3,4,2,5,2,2,0,0,100,100,44,45,14,22,14,10,1,1787604291.5929224,G1,T03,sel_dentro_1m,1,static
584300,1,0,1,0,84,0,100,0,17,26,28,6,4,6,4,3,2,0,0,100,100,46,46,14,21,14,10,1,1787604291.7850034,G1,T03,sel_dentro_1m,1,static
584500,1,0,1,0,84,0,100,0,13,14,25,16,9,1,3,4,2,0,0,100,100,47,45,14,21,14,11,1,1787604291.9929147,G1,T03,sel_dentro_1m,1,static
584700,1,0,1,0,84,0,100,0,14,38,37,17,11,13,1,3,3,0,0,100,100,49,45,14,20,13,10,1,1787604292.182834,G1,T03,sel_dentro_1m,1,static
584900,1,1,1,124,84,61,100,0,15,55,61,26,4,5,6,4,3,0,0,100,100,48,43,16,19,13,11,1,1787604292.3910098,G1,T03,sel_dentro_1m,1,static
585100,1,1,1,106,106,100,100,0,19,100,98,25,9,8,7,5,5,0,0,100,100,51,43,18,19,13,10,1,1787604292.5828333,G1,T03,sel_dentro_1m,1,static
585300,1,1,1,104,108,100,100,0,32,100,100,25,10,8,8,4,7,0,0,100,100,53,43,19,19,14,10,1,1787604292.790359,G1,T03,sel_dentro_1m,1,static
585500,1,1,1,100,108,100,100,0,39,100,100,13,6,6,8,6,7,0,0,100,100,53,42,19,19,14,11,1,1787604292.9825618,G1,T03,sel_dentro_1m,1,static
585700,1,1,1,105,99,59,100,0,22,59,56,12,7,2,7,7,5,0,0,100,100,51,40,20,19,13,10,1,1787604293.1915276,G1,T03,sel_dentro_1m,1,static
585900,1,0,1,0,105,0,100,0,20,20,21,6,8,2,6,6,6,0,0,100,100,50,39,21,19,13,10,1,1787604293.3845956,G1,T03,sel_dentro_1m,1,static
586100,1,1,1,92,90,88,100,0,15,88,62,9,11,10,5,7,8,0,0,100,100,51,38,21,19,13,11,1,1787604293.5931249,G1,T03,sel_dentro_1m,1,static
586300,1,1,1,97,97,89,100,0,18,89,72,7,10,6,4,6,6,0,0,100,100,53,40,21,19,13,10,1,1787604293.7843487,G1,T03,sel_dentro_1m,1,static
586500,1,1,1,106,97,100,100,0,16,100,96,10,6,5,2,6,6,0,0,100,100,55,41,21,20,12,10,1,1787604293.9914668,G1,T03,sel_dentro_1m,1,static
586700,1,1,1,104,104,97,100,0,22,97,89,2,8,1,2,3,5,0,0,100,100,57,40,21,19,12,10,1,1787604294.183421,G1,T03,sel_dentro_1m,1,static
586900,1,1,1,91,98,100,100,0,22,100,75,4,1,7,1,1,4,0,0,100,100,57,40,22,19,11,11,1,1787604294.3920937,G1,T03,sel_dentro_1m,1,static
587100,1,0,1,0,85,0,100,0,25,39,19,7,8,7,5,3,2,0,0,100,100,57,40,22,19,11,10,1,1787604294.5839343,G1,T03,sel_dentro_1m,1,static
587300,1,0,1,0,85,0,100,0,14,43,40,18,2,4,1,4,2,0,0,100,100,55,39,23,19,11,10,1,1787604294.791351,G1,T03,sel_dentro_1m,1,static
587500,1,1,1,103,103,100,100,0,17,100,100,48,10,5,6,7,4,0,0,100,100,53,38,24,19,11,10,1,1787604294.983285,G1,T03,sel_dentro_1m,1,static
587700,1,1,1,105,104,100,100,0,64,100,100,60,8,8,7,5,7,0,0,100,100,52,39,24,19,11,10,1,1787604295.1914024,G1,T03,sel_dentro_1m,1,static
587900,1,1,1,107,106,100,100,0,24,100,100,49,7,16,7,2,1,0,0,100,100,51,41,25,20,11,10,1,1787604295.3831394,G1,T03,sel_dentro_1m,1,static
588100,1,1,1,104,108,100,100,0,36,100,100,30,8,12,4,6,5,0,0,100,100,52,46,26,20,12,10,1,1787604295.5910673,G1,T03,sel_dentro_1m,1,static
588300,1,1,1,97,102,100,100,0,14,100,91,7,7,10,1,7,6,0,0,100,100,53,48,26,20,13,10,1,1787604295.7826374,G1,T03,sel_dentro_1m,1,static
588500,1,1,1,104,97,75,100,0,19,75,68,16,5,4,3,4,7,0,0,100,100,53,48,25,21,13,10,1,1787604295.9910498,G1,T03,sel_dentro_1m,1,static
588700,1,1,1,96,104,87,100,0,20,87,69,11,3,1,2,6,6,0,0,100,100,52,47,25,21,14,11,1,1787604296.1833518,G1,T03,sel_dentro_1m,1,static
588900,1,1,1,88,99,53,100,0,24,53,40,4,1,2,5,7,6,0,0,100,100,51,46,24,21,14,11,1,1787604296.3909087,G1,T03,sel_dentro_1m,1,static
589100,1,0,1,0,88,0,100,0,16,27,27,5,5,2,5,6,7,0,0,100,100,48,45,22,21,14,11,1,1787604296.5833945,G1,T03,sel_dentro_1m,1,static
589300,1,1,1,116,100,100,100,0,18,100,100,18,11,3,5,5,5,0,0,100,100,47,44,21,21,13,10,1,1787604296.7902396,G1,T03,sel_dentro_1m,1,static
589500,1,1,1,104,104,100,100,0,23,100,100,25,11,12,1,5,3,0,0,100,100,50,45,21,21,14,10,1,1787604296.9833133,G1,T03,sel_dentro_1m,1,static
589700,1,1,1,103,105,100,100,0,45,100,100,29,14,14,9,6,1,0,0,100,100,54,49,21,21,14,10,1,1787604297.1897354,G1,T03,sel_dentro_1m,1,static
589900,1,1,1,99,100,100,100,0,50,100,100,21,8,7,7,6,4,0,0,100,100,55,52,22,22,15,10,1,1787604297.381966,G1,T03,sel_dentro_1m,1,static
590100,1,1,1,100,101,100,100,0,18,100,100,18,8,11,10,8,8,0,0,100,100,53,54,23,23,15,10,1,1787604297.590005,G1,T03,sel_dentro_1m,1,static
590300,1,1,1,104,99,100,100,0,17,100,100,14,7,10,7,6,6,0,0,100,100,50,54,23,24,15,10,1,1787604297.7815707,G1,T03,sel_dentro_1m,1,static
590500,1,1,1,123,115,43,100,0,16,38,43,8,9,2,7,5,5,0,0,100,100,49,52,23,24,15,10,1,1787604297.9898343,G1,T03,sel_dentro_1m,1,static
590700,1,0,1,0,123,0,100,0,21,15,10,15,4,2,3,5,5,0,0,100,100,50,51,22,23,15,10,1,1787604298.18246,G1,T03,sel_dentro_1m,1,static
590900,1,1,1,96,123,91,100,0,31,91,75,16,8,6,1,6,4,0,0,100,100,50,50,21,23,14,11,1,1787604298.3903599,G1,T03,sel_dentro_1m,1,static
591100,1,1,1,96,96,100,100,0,14,100,85,13,9,6,3,5,5,0,0,100,100,49,51,20,23,14,11,1,1787604298.5830839,G1,T03,sel_dentro_1m,1,static
591300,1,1,1,96,96,84,100,0,17,84,66,10,6,6,1,4,4,0,0,100,100,49,52,21,23,14,11,1,1787604298.792319,G1,T03,sel_dentro_1m,1,static
591500,1,0,1,0,97,0,100,0,15,29,37,7,10,11,1,4,3,0,0,100,100,49,55,22,24,14,11,1,1787604298.9839134,G1,T03,sel_dentro_1m,1,static
591700,1,0,1,0,97,0,100,0,19,32,17,12,6,6,2,2,4,0,0,100,100,48,57,23,24,14,11,1,1787604299.19271,G1,T03,sel_dentro_1m,1,static
591900,1,1,1,89,83,72,100,0,18,72,48,13,7,2,6,4,4,0,0,100,100,49,55,22,23,14,11,1,1787604299.3850796,G1,T03,sel_dentro_1m,1,static
592100,1,1,1,96,90,91,100,0,20,91,72,23,9,9,7,3,6,0,0,100,100,51,52,21,23,13,10,1,1787604299.5926814,G1,T03,sel_dentro_1m,1,static
592300,1,1,1,103,98,85,100,0,19,85,76,18,14,7,11,1,6,0,0,100,100,52,51,21,22,12,10,1,1787604299.786023,G1,T03,sel_dentro_1m,1,static
592500,1,0,1,0,118,0,100,0,19,19,26,23,7,5,2,2,4,0,0,100,100,54,51,24,22,12,10,1,1787604299.9926286,G1,T03,sel_dentro_1m,1,static
592700,1,0,1,0,118,0,100,0,14,14,14,18,7,9,1,3,3,0,0,100,100,57,52,25,21,12,10,1,1787604300.188857,G1,T03,sel_dentro_1m,1,static
592900,1,0,1,0,118,0,100,0,13,12,2,2,5,8,2,3,3,0,0,100,100,60,53,26,22,11,10,1,1787604300.3927932,G1,T03,sel_dentro_1m,1,static
593100,1,0,1,0,118,0,100,0,17,15,20,10,1,2,1,4,3,0,0,100,100,64,54,27,22,11,10,1,1787604300.5915117,G1,T03,sel_dentro_1m,1,static
593300,1,0,1,0,118,0,100,0,20,28,12,4,5,3,2,3,4,0,0,100,100,64,54,28,21,11,11,1,1787604300.7920797,G1,T03,sel_dentro_1m,1,static
593500,1,0,1,0,118,0,100,0,15,11,15,7,7,3,1,2,4,0,0,100,100,63,52,28,21,10,11,1,1787604300.992092,G1,T03,sel_dentro_1m,1,static
593700,1,0,1,0,118,0,100,0,17,27,16,13,9,9,4,2,5,0,0,100,100,62,48,27,19,10,11,1,1787604301.1929922,G1,T03,sel_dentro_1m,1,static
593900,1,0,1,0,118,0,100,0,19,49,34,5,9,8,8,1,3,0,0,100,100,66,45,26,18,9,11,1,1787604301.3930433,G1,T03,sel_dentro_1m,1,static
594100,1,1,1,117,150,58,100,0,18,55,58,11,8,7,7,4,3,0,0,100,100,69,43,25,16,8,11,1,1787604301.592417,G1,T03,sel_dentro_1m,1,static
594300,1,1,1,134,120,93,100,0,13,65,93,24,7,7,5,4,3,0,0,100,100,73,42,25,16,8,11,1,1787604301.7836263,G1,T03,sel_dentro_1m,1,static
594500,1,0,1,0,134,0,100,0,23,26,25,9,6,5,6,3,3,0,0,100,100,74,42,26,16,7,10,1,1787604301.988731,G1,T03,sel_dentro_1m,1,static
594700,1,1,1,99,105,87,100,0,18,87,73,16,7,5,5,2,3,0,0,100,100,74,42,26,16,7,10,1,1787604302.1929853,G1,T03,sel_dentro_1m,1,static
594900,1,1,1,96,100,100,100,0,37,100,96,18,11,4,1,3,5,0,0,100,100,75,42,26,15,8,10,1,1787604302.3842976,G1,T03,sel_dentro_1m,1,static
595100,1,1,1,114,107,78,100,0,17,77,78,24,8,3,2,2,5,0,0,100,100,77,40,27,14,7,10,1,1787604302.591628,G1,T03,sel_dentro_1m,1,static
595300,1,0,1,0,138,0,100,0,20,14,32,17,10,6,9,2,5,0,0,100,100,79,37,27,14,7,10,1,1787604302.7842133,G1,T03,sel_dentro_1m,1,static
595500,1,0,1,0,138,0,100,0,22,20,7,10,9,4,5,3,4,0,0,100,100,84,34,27,13,6,10,1,1787604302.9922907,G1,T03,sel_dentro_1m,1,static
595700,1,0,1,0,138,0,100,0,17,22,19,14,6,2,2,1,6,0,0,100,100,88,32,27,12,6,9,1,1787604303.184711,G1,T03,sel_dentro_1m,1,static
595900,1,0,1,0,138,0,100,0,17,17,19,15,11,2,4,2,6,0,0,100,100,89,30,27,12,6,10,1,1787604303.39301,G1,T03,sel_dentro_1m,1,static
596100,1,0,1,0,138,0,100,0,16,17,15,19,11,7,2,3,6,0,0,100,100,88,29,28,12,6,11,1,1787604303.5850284,G1,T03,sel_dentro_1m,1,static
596300,1,1,1,142,138,46,100,0,18,25,46,15,13,9,6,2,5,0,0,100,100,89,29,28,11,6,11,1,1787604303.7936354,G1,T03,sel_dentro_1m,1,static
596500,1,1,1,140,141,87,100,0,15,51,87,24,8,2,8,2,5,0,0,100,100,89,28,27,11,6,11,1,1787604303.985329,G1,T03,sel_dentro_1m,1,static
596700,1,1,1,137,135,99,100,0,15,66,99,31,5,6,8,3,4,0,0,100,100,87,27,26,11,6,11,1,1787604304.1935914,G1,T03,sel_dentro_1m,1,static
596900,1,1,1,134,132,45,100,0,18,32,45,15,5,7,8,3,4,0,0,100,100,85,28,26,12,6,10,1,1787604304.386161,G1,T03,sel_dentro_1m,1,static
597100,1,1,1,116,134,50,100,0,16,49,50,13,2,5,6,3,3,0,0,100,100,83,28,25,12,6,10,1,1787604304.5915694,G1,T03,sel_dentro_1m,1,static
597300,1,1,1,105,115,84,100,0,20,84,78,13,10,8,2,5,2,0,0,100,100,83,28,24,12,7,10,1,1787604304.7835763,G1,T03,sel_dentro_1m,1,static
597500,1,0,1,0,110,0,100,0,18,47,37,9,12,4,2,7,3,0,0,100,100,84,29,24,13,7,10,1,1787604304.9918976,G1,T03,sel_dentro_1m,1,static
597700,1,0,1,0,110,0,100,0,18,32,23,14,7,8,2,4,4,0,0,100,100,86,31,25,13,7,10,1,1787604305.1840131,G1,T03,sel_dentro_1m,1,static
597900,1,0,1,0,110,0,100,0,17,16,10,8,7,7,1,4,4,0,0,100,100,86,31,25,13,6,10,1,1787604305.3914917,G1,T03,sel_dentro_1m,1,static
598100,1,0,1,0,110,0,100,0,19,42,38,11,10,4,1,3,5,0,0,100,100,86,31,25,13,6,10,1,1787604305.5841115,G1,T03,sel_dentro_1m,1,static
598300,1,1,1,111,150,56,100,0,25,56,56,21,10,5,1,3,5,0,0,100,100,87,32,25,12,6,11,1,1787604305.7921975,G1,T03,sel_dentro_1m,1,static
598500,1,1,1,132,127,62,100,0,15,49,62,26,14,7,6,0,5,0,0,100,100,89,31,25,11,6,10,1,1787604305.9844227,G1,T03,sel_dentro_1m,1,static
598700,1,1,1,147,142,59,100,0,20,28,59,24,10,7,9,1,5,0,0,100,100,92,30,26,11,6,10,1,1787604306.1927993,G1,T03,sel_dentro_1m,1,static
598900,1,0,1,0,147,0,100,0,21,23,14,21,12,4,7,3,4,0,0,100,100,95,29,27,12,6,11,1,1787604306.3846283,G1,T03,sel_dentro_1m,1,static
599100,1,1,1,89,74,73,100,0,20,73,49,7,9,10,9,3,4,0,0,100,100,94,30,27,13,6,10,1,1787604306.5931356,G1,T03,sel_dentro_1m,1,static
599300,1,1,1,99,93,100,100,0,16,100,85,20,12,13,5,3,3,0,0,100,100,92,33,26,13,6,11,1,1787604306.7853692,G1,T03,sel_dentro_1m,1,static
599500,1,1,1,92,106,89,100,0,24,89,66,5,4,7,2,3,1,0,0,100,100,90,36,26,14,7,11,1,1787604306.9924357,G1,T03,sel_dentro_1m,1,static
599700,1,0,1,0,114,0,100,0,17,24,35,10,1,5,2,3,3,0,0,100,100,87,39,26,14,7,10,1,1787604307.1841614,G1,T03,sel_dentro_1m,1,static
599900,1,1,1,89,68,100,100,0,29,100,83,8,9,12,10,3,2,0,0,100,100,85,41,27,15,7,10,1,1787604307.3924086,G1,T03,sel_dentro_1m,1,static
600100,1,1,1,93,92,100,100,0,24,100,100,14,10,11,9,6,6,0,0,100,100,86,45,27,16,7,10,1,1787604307.5848703,G1,T03,sel_dentro_1m,1,static
600300,1,0,1,0,89,0,100,0,18,27,15,9,8,6,3,5,6,0,0,100,100,86,48,28,17,8,10,1,1787604307.7930446,G1,T03,sel_dentro_1m,1,static
600500,1,1,1,90,89,77,100,0,19,77,53,15,11,10,4,4,5,0,0,100,100,86,51,27,17,8,10,1,1787604307.98396,G1,T03,sel_dentro_1m,1,static
600700,1,1,1,87,86,100,100,0,14,100,61,13,10,9,8,3,3,0,0,100,100,85,53,27,17,8,10,1,1787604308.1920133,G1,T03,sel_dentro_1m,1,static
600900,1,1,1,93,89,100,100,0,44,100,100,17,8,9,9,5,2,0,0,100,100,84,55,28,18,8,10,1,1787604308.3834262,G1,T03,sel_dentro_1m,1,static
601100,1,1,1,96,99,100,100,0,27,100,100,28,12,3,8,7,6,0,0,100,100,85,56,29,19,8,10,1,1787604308.591588,G1,T03,sel_dentro_1m,1,static
601300,1,1,1,94,93,100,100,0,43,100,100,2,9,9,7,7,4,0,0,100,100,86,56,31,19,9,11,1,1787604308.784586,G1,T03,sel_dentro_1m,1,static
601500,1,1,1,77,93,67,100,0,21,67,28,18,6,11,8,6,3,0,0,100,100,86,55,32,19,9,10,1,1787604308.992,G1,T03,sel_dentro_1m,1,static
601700,1,1,1,97,99,100,100,0,17,100,100,6,8,5,2,8,6,0,0,100,100,84,54,32,20,9,10,1,1787604309.183886,G1,T03,sel_dentro_1m,1,static
601900,1,1,1,88,93,100,100,0,61,100,100,25,5,8,3,5,7,0,0,100,100,79,54,32,21,10,10,1,1787604309.391978,G1,T03,sel_dentro_1m,1,static
602100,1,1,1,97,92,100,100,0,15,100,100,14,9,4,4,3,4,0,0,100,100,75,54,31,22,11,11,1,1787604309.5834699,G1,T03,sel_dentro_1m,1,static
602300,1,1,1,99,97,92,100,0,18,92,76,11,8,8,5,2,2,0,0,100,100,72,54,32,23,11,10,1,1787604309.7907767,G1,T03,sel_dentro_1m,1,static
602500,1,1,1,90,98,59,100,0,25,59,44,5,5,9,9,3,2,0,0,100,100,68,56,32,24,12,10,1,1787604309.9819624,G1,T03,sel_dentro_1m,1,static
602700,1,0,1,0,90,0,100,0,18,14,15,2,1,4,6,4,2,0,0,100,100,64,58,32,25,12,10,1,1787604310.190743,G1,T03,sel_dentro_1m,1,static
602900,1,0,1,0,90,0,100,0,14,23,34,10,2,3,2,2,2,0,0,100,100,60,59,32,25,13,10,1,1787604310.3820198,G1,T03,sel_dentro_1m,1,static
603100,1,0,1,0,90,0,100,0,14,14,14,8,2,3,3,4,1,0,0,100,100,59,59,31,25,13,10,1,1787604310.589877,G1,T03,sel_dentro_1m,1,static
603300,1,0,1,0,90,0,100,0,19,14,12,8,7,5,3,4,1,0,0,100,100,59,56,29,25,13,10,1,1787604310.7821982,G1,T03,sel_dentro_1m,1,static
603500,1,0,1,0,90,0,100,0,16,13,25,5,5,3,1,3,1,0,0,100,100,56,53,28,24,13,10,1,1787604310.9901888,G1,T03,sel_dentro_1m,1,static
603700,1,1,1,99,150,100,100,0,15,100,100,14,3,4,3,4,4,0,0,100,100,54,50,27,24,13,10,1,1787604311.182219,G1,T03,sel_dentro_1m,1,static
603900,1,1,1,99,99,100,100,0,16,100,100,24,7,8,5,5,6,0,0,100,100,53,48,26,24,13,10,1,1787604311.3907664,G1,T03,sel_dentro_1m,1,static
604100,1,1,1,96,97,100,100,0,51,100,100,22,6,5,3,7,7,0,0,100,100,51,44,25,24,14,10,1,1787604311.58304,G1,T03,sel_dentro_1m,1,static
604300,1,1,1,93,93,100,100,0,34,100,100,8,5,6,4,9,5,0,0,100,100,48,41,24,25,14,10,1,1787604311.7908454,G1,T03,sel_dentro_1m,1,static
604500,1,0,1,0,97,0,100,0,18,28,25,7,4,6,4,6,6,0,0,100,100,46,39,24,26,14,10,1,1787604311.9827082,G1,T03,sel_dentro_1m,1,static
604700,1,0,1,0,97,0,100,0,14,27,20,1,6,4,2,8,6,0,0,100,100,46,38,24,27,15,11,1,1787604312.1905756,G1,T03,sel_dentro_1m,1,static
604900,1,1,1,99,100,100,100,0,16,100,86,12,6,3,4,6,6,0,0,100,100,47,36,23,27,15,10,1,1787604312.3826892,G1,T03,sel_dentro_1m,1,static
605100,1,1,1,96,93,100,100,0,20,100,100,11,8,3,3,5,5,0,0,100,100,46,34,22,26,15,11,1,1787604312.5911067,G1,T03,sel_dentro_1m,1,static
605300,1,1,1,94,93,100,100,0,17,100,100,14,8,4,3,5,3,0,0,100,100,44,34,20,26,15,11,1,1787604312.7838285,G1,T03,sel_dentro_1m,1,static
605500,1,1,1,88,95,94,100,0,24,94,62,9,9,9,5,2,2,0,0,100,100,42,34,19,25,15,11,1,1787604312.99109,G1,T03,sel_dentro_1m,1,static
605700,1,0,1,0,88,0,100,0,19,43,25,8,8,10,10,3,3,0,0,100,100,39,35,19,25,15,10,1,1787604313.1831596,G1,T03,sel_dentro_1m,1,static
605900,1,0,1,0,88,0,100,0,19,24,9,8,4,7,8,3,2,0,0,100,100,39,36,20,25,15,10,1,1787604313.392196,G1,T03,sel_dentro_1m,1,static
606100,1,0,1,0,88,0,100,0,17,24,9,7,10,4,4,3,1,0,0,100,100,38,37,20,25,15,10,1,1787604313.5838797,G1,T03,sel_dentro_1m,1,static
606300,1,0,1,0,88,0,100,0,21,40,31,6,6,9,2,3,2,0,0,100,100,35,37,21,24,14,10,1,1787604313.7920496,G1,T03,sel_dentro_1m,1,static
606500,1,0,1,0,88,0,100,0,27,22,19,7,6,8,1,2,1,0,0,100,100,34,38,21,24,14,10,1,1787604313.9814177,G1,T03,sel_dentro_1m,1,static
606700,1,0,1,0,88,0,100,0,17,36,40,11,4,6,2,2,2,0,0,100,100,33,38,21,23,14,10,1,1787604314.1898153,G1,T03,sel_dentro_1m,1,static
606900,1,1,1,70,88,54,100,0,30,54,24,10,5,9,7,1,2,0,0,100,100,32,39,22,23,14,10,1,1787604314.381973,G1,T03,sel_dentro_1m,1,static
607100,1,1,1,83,81,99,100,0,31,99,56,17,7,9,10,3,3,0,0,100,100,33,41,23,23,14,10,1,1787604314.5892642,G1,T03,sel_dentro_1m,1,static
607300,1,1,1,89,89,84,100,0,20,84,57,12,2,6,8,3,7,0,0,100,100,34,44,24,23,14,11,1,1787604314.7811868,G1,T03,sel_dentro_1m,1,static
607500,1,0,1,0,89,0,100,0,14,26,21,2,1,4,6,4,5,0,0,100,100,36,45,25,23,14,10,1,1787604314.989023,G1,T03,sel_dentro_1m,1,static
607700,1,1,1,102,97,57,100,0,14,57,51,15,8,10,3,3,3,0,0,100,100,36,47,26,23,13,11,1,1787604315.181516,G1,T03,sel_dentro_1m,1,static
607900,1,0,1,0,105,0,100,0,17,41,31,11,8,10,5,1,2,0,0,100,100,36,48,26,22,13,11,1,1787604315.3901136,G1,T03,sel_dentro_1m,1,static
608100,1,0,1,0,105,0,100,0,16,16,17,12,2,6,2,2,1,0,0,100,100,36,49,27,21,12,11,1,1787604315.582318,G1,T03,sel_dentro_1m,1,static
608300,1,0,1,0,105,0,100,0,17,43,23,9,6,8,4,2,2,0,0,100,100,36,50,27,20,12,11,1,1787604315.7907398,G1,T03,sel_dentro_1m,1,static
608500,1,0,1,0,105,0,100,0,27,39,35,17,2,2,3,1,2,0,0,100,100,35,50,27,19,11,10,1,1787604315.982016,G1,T03,sel_dentro_1m,1,static
608700,1,1,1,101,105,86,100,0,35,86,78,27,9,10,10,1,4,0,0,100,100,35,50,27,17,11,10,1,1787604316.1903224,G1,T03,sel_dentro_1m,1,static
608900,1,1,1,105,113,94,100,0,14,94,86,32,17,7,8,2,6,0,0,100,100,38,50,28,16,11,10,1,1787604316.382368,G1,T03,sel_dentro_1m,1,static
609100,1,1,1,116,116,59,100,0,13,57,59,21,9,6,3,1,6,0,0,100,100,44,49,29,16,11,10,1,1787604316.5907412,G1,T03,sel_dentro_1m,1,static
609300,1,0,1,0,116,0,100,0,17,15,17,3,5,5,4,1,5,0,0,100,100,49,49,30,15,10,10,1,1787604316.7810538,G1,T03,sel_dentro_1m,1,static
609500,1,0,1,0,116,0,100,0,21,32,25,15,9,4,4,3,6,0,0,100,100,53,48,30,15,10,10,1,1787604316.989622,G1,T03,sel_dentro_1m,1,static
609700,1,1,1,99,100,58,100,0,21,58,50,19,13,3,5,2,5,0,0,100,100,55,48,30,14,9,10,1,1787604317.1819682,G1,T03,sel_dentro_1m,1,static
609900,1,1,1,83,99,53,100,0,21,53,33,1,4,3,5,4,7,0,0,100,100,57,48,30,14,9,10,1,1787604317.3891625,G1,T03,sel_dentro_1m,1,static
610100,1,0,1,0,83,0,100,0,18,12,3,4,7,2,5,3,5,0,0,100,100,59,47,30,13,9,10,1,1787604317.582119,G1,T03,sel_dentro_1m,1,static
610300,1,0,1,0,83,0,100,0,13,20,17,4,8,1,6,4,5,0,0,100,100,62,46,29,13,9,10,1,1787604317.7891886,G1,T03,sel_dentro_1m,1,static
610500,1,0,1,0,83,0,100,0,15,35,38,18,10,5,7,3,6,0,0,100,100,64,43,28,12,9,10,1,1787604317.9805222,G1,T03,sel_dentro_1m,1,static
610700,1,1,1,113,98,49,100,0,20,49,49,10,7,6,6,2,6,0,0,100,100,67,41,27,12,9,10,1,1787604318.1890268,G1,T03,sel_dentro_1m,1,static
610900,1,1,1,73,113,52,100,0,26,52,24,12,9,7,8,3,6,0,0,100,100,69,39,26,12,9,10,1,1787604318.3810596,G1,T03,sel_dentro_1m,1,static
611100,1,1,1,86,76,100,100,0,27,100,80,20,11,9,10,2,3,0,0,100,100,70,37,25,11,9,10,1,1787604318.5872579,G1,T03,sel_dentro_1m,1,static
611300,1,1,1,89,90,75,100,0,15,75,49,13,3,4,1,3,3,0,0,100,100,71,35,25,11,9,10,1,1787604318.7797942,G1,T03,sel_dentro_1m,1,static
611500,1,0,1,0,89,0,100,0,13,32,34,11,1,5,2,2,2,0,0,100,100,70,36,26,11,9,10,1,1787604318.9877703,G1,T03,sel_dentro_1m,1,static
611700,1,0,1,0,89,0,100,0,17,27,12,4,7,5,2,2,3,0,0,100,100,70,36,26,12,9,10,1,1787604319.1797397,G1,T03,sel_dentro_1m,1,static
611900,1,0,1,0,89,0,100,0,17,30,6,10,6,10,6,1,3,0,0,100,100,72,37,26,12,9,10,1,1787604319.3881502,G1,T03,sel_dentro_1m,1,static
612100,1,0,1,0,89,0,100,0,21,39,20,15,9,8,7,1,5,0,0,100,100,74,37,26,12,9,10,1,1787604319.579469,G1,T03,sel_dentro_1m,1,static
612300,1,1,1,80,83,59,100,0,28,59,37,15,10,9,10,3,5,0,0,100,100,76,36,26,12,9,10,1,1787604319.787944,G1,T03,sel_dentro_1m,1,static
612500,1,0,1,0,80,0,100,0,16,31,28,10,9,4,9,3,6,0,0,100,100,78,36,26,12,9,10,1,1787604319.979842,G1,T03,sel_dentro_1m,1,static
612700,1,0,1,0,80,0,100,0,19,20,10,10,2,1,5,3,4,0,0,100,100,79,36,26,12,9,10,1,1787604320.1866755,G1,T03,sel_dentro_1m,1,static
612900,1,1,1,104,80,84,100,0,14,84,75,15,9,6,4,4,3,0,0,100,100,77,36,25,12,9,10,1,1787604320.3787556,G1,T03,sel_dentro_1m,1,static
613100,1,0,1,0,93,0,100,0,13,49,34,11,8,8,2,5,3,0,0,100,100,74,37,24,13,9,10,1,1787604320.5871081,G1,T03,sel_dentro_1m,1,static
613300,1,1,1,150,93,44,100,0,24,45,44,12,4,2,1,4,3,0,0,100,100,69,38,24,14,8,10,1,1787604320.7795568,G1,T03,sel_dentro_1m,1,static
613500,1,0,1,0,150,0,100,0,15,42,17,10,10,11,5,5,2,0,0,100,100,66,41,23,14,8,10,1,1787604320.9870465,G1,T03,sel_dentro_1m,1,static
613700,1,1,1,89,83,100,100,0,23,100,73,10,7,9,2,5,2,0,0,100,100,62,42,24,15,9,10,1,1787604321.1793613,G1,T03,sel_dentro_1m,1,static
613900,1,1,1,87,89,84,100,0,17,84,52,6,6,9,6,4,3,0,0,100,100,59,43,24,16,9,10,1,1787604321.387955,G1,T03,sel_dentro_1m,1,static
614100,1,1,1,79,81,51,100,0,13,51,21,18,9,5,8,4,3,0,0,100,100,58,44,25,16,9,10,1,1787604321.581341,G1,T03,sel_dentro_1m,1,static
614300,1,1,1,87,83,100,100,0,24,100,90,14,2,6,5,6,5,0,0,100,100,56,45,25,17,10,10,1,1787604321.7896562,G1,T03,sel_dentro_1m,1,static
614500,1,1,1,90,93,100,100,0,57,100,100,12,11,3,1,7,6,0,0,100,100,56,45,26,19,10,10,1,1787604321.9815495,G1,T03,sel_dentro_1m,1,static
614700,1,1,1,94,89,100,100,0,18,100,76,3,6,7,4,7,6,0,0,100,100,54,46,27,20,10,10,1,1787604322.193325,G1,T03,sel_dentro_1m,1,static
614900,1,0,1,0,88,0,100,0,18,38,32,6,3,6,4,7,6,0,0,100,100,54,47,28,21,10,10,1,1787604322.3808532,G1,T03,sel_dentro_1m,1,static
615100,1,1,1,86,88,57,100,0,28,57,41,4,7,9,5,7,6,0,0,100,100,52,47,29,23,10,10,1,1787604322.589483,G1,T03,sel_dentro_1m,1,static
615300,1,1,1,97,95,86,100,0,24,86,71,7,11,4,6,7,4,0,0,100,100,52,47,29,23,10,10,1,1787604322.7814784,G1,T03,sel_dentro_1m,1,static
615500,1,1,1,106,101,64,100,0,18,64,60,5,6,9,8,7,4,0,0,100,100,54,46,29,23,10,11,1,1787604322.9898884,G1,T03,sel_dentro_1m,1,static
615700,1,1,1,97,104,100,100,0,34,100,100,12,2,8,6,3,1,0,0,100,100,57,47,28,23,11,10,1,1787604323.1823187,G1,T03,sel_dentro_1m,1,static
615900,1,1,1,101,100,100,100,0,29,100,100,15,12,6,6,1,2,0,0,100,100,57,48,28,23,11,10,1,1787604323.3900948,G1,T03,sel_dentro_1m,1,static
616100,1,1,1,94,99,100,100,0,14,100,75,9,8,7,7,1,5,0,0,100,100,56,49,29,24,12,10,1,1787604323.5821435,G1,T03,sel_dentro_1m,1,static
616300,1,1,1,113,94,50,100,0,22,50,50,9,4,4,4,2,4,0,0,100,100,56,50,29,25,12,10,1,1787604323.7906654,G1,T03,sel_dentro_1m,1,static
616500,1,1,1,97,103,100,100,0,29,100,83,16,10,4,2,2,4,0,0,100,98,56,50,29,25,13,10,1,1787604323.9828773,G1,T03,sel_dentro_1m,1,static
616700,1,0,1,0,150,0,100,0,16,13,21,17,10,7,5,2,3,0,0,100,99,57,49,30,24,13,10,1,1787604324.1911995,G1,T03,sel_dentro_1m,1,static
616900,1,1,1,74,150,59,100,0,32,59,30,15,6,9,9,2,2,0,0,100,100,58,48,31,24,13,11,1,1787604324.3830848,G1,T03,sel_dentro_1m,1,static
617100,1,1,1,85,82,100,100,0,33,100,77,14,13,4,9,7,1,0,0,100,100,58,49,32,24,13,10,1,1787604324.591481,G1,T03,sel_dentro_1m,1,static
617300,1,1,1,86,85,100,100,0,16,100,67,14,9,5,5,8,4,0,0,100,100,59,49,34,25,14,10,1,1787604324.7835293,G1,T03,sel_dentro_1m,1,static
617500,1,1,1,82,81,100,100,0,21,100,50,20,10,6,5,6,6,0,0,100,100,58,49,35,25,14,10,1,1787604324.9916008,G1,T03,sel_dentro_1m,1,static
617700,1,1,1,87,82,100,100,0,24,100,82,15,3,6,4,7,5,0,0,100,100,59,47,35,26,14,10,1,1787604325.184285,G1,T03,sel_dentro_1m,1,static
617900,1,1,1,105,91,69,100,0,17,69,64,9,3,10,6,6,4,0,0,100,100,59,45,35,26,14,10,1,1787604325.392996,G1,T03,sel_dentro_1m,1,static
618100,1,1,1,80,105,80,100,0,15,80,32,12,5,2,2,3,6,0,0,100,100,60,45,35,26,13,10,1,1787604325.5869675,G1,T03,sel_dentro_1m,1,static
618300,1,1,1,83,83,100,100,0,62,100,100,13,6,10,3,8,7,0,0,100,100,61,45,34,26,13,10,1,1787604325.7943628,G1,T03,sel_dentro_1m,1,static
618500,1,1,1,87,86,100,100,0,37,100,81,8,7,3,3,8,6,0,0,100,100,60,46,34,25,14,11,1,1787604325.9866962,G1,T03,sel_dentro_1m,1,static
618700,1,1,1,88,87,88,100,0,22,88,57,9,7,5,3,7,7,0,0,100,100,61,46,33,24,14,11,1,1787604326.1795242,G1,T03,sel_dentro_1m,1,static
618900,1,1,1,90,89,100,100,0,34,100,100,19,5,8,4,6,6,0,0,100,100,60,46,32,24,13,11,1,1787604326.386762,G1,T03,sel_dentro_1m,1,static
619100,1,1,1,94,91,100,100,0,17,100,89,5,5,6,4,6,4,0,0,100,100,60,47,31,23,14,11,1,1787604326.5795348,G1,T03,sel_dentro_1m,1,static
619300,1,1,1,94,94,100,100,0,16,100,75,11,4,5,2,5,5,0,0,100,100,58,46,29,23,14,10,1,1787604326.7873404,G1,T03,sel_dentro_1m,1,static
619500,1,1,1,84,89,100,100,0,20,100,61,15,4,6,2,7,8,0,0,100,100,55,43,28,22,14,11,1,1787604326.979008,G1,T03,sel_dentro_1m,1,static
619700,1,1,1,80,82,100,100,0,38,100,64,17,9,10,1,8,8,0,0,100,100,53,41,27,21,14,11,1,1787604327.1874807,G1,T03,sel_dentro_1m,1,static
619900,1,1,1,84,80,100,100,0,36,100,71,7,9,6,2,7,6,0,0,100,100,54,40,26,22,14,10,1,1787604327.3791502,G1,T03,sel_dentro_1m,1,static
620100,1,1,1,97,94,100,100,0,15,100,100,7,7,6,6,5,3,0,0,100,100,52,39,26,22,14,10,1,1787604327.5871975,G1,T03,sel_dentro_1m,1,static
620300,1,1,1,96,96,100,100,0,21,100,91,8,7,13,10,4,2,0,0,100,100,51,39,28,22,14,10,1,1787604327.7787478,G1,T03,sel_dentro_1m,1,static
620500,1,1,1,89,87,60,100,0,14,60,39,2,8,6,6,3,2,0,0,100,100,52,41,29,23,14,10,1,1787604327.9878464,G1,T03,sel_dentro_1m,1,static
620700,1,0,1,0,90,0,100,0,14,49,35,6,9,1,7,2,4,0,0,100,100,50,42,30,24,13,10,1,1787604328.1794047,G1,T03,sel_dentro_1m,1,static
620900,1,0,1,0,91,0,100,0,22,38,26,5,1,1,9,1,5,0,0,100,100,46,43,29,25,13,10,1,1787604328.3875563,G1,T03,sel_dentro_1m,1,static
621100,1,0,1,0,91,0,100,0,15,13,9,9,10,6,7,1,5,0,0,100,100,44,42,27,24,13,11,1,1787604328.5801332,G1,T03,sel_dentro_1m,1,static
621300,1,0,1,0,91,0,100,0,14,11,10,9,8,7,6,1,2,0,0,100,100,44,40,25,23,13,10,1,1787604328.7874558,G1,T03,sel_dentro_1m,1,static
621500,1,1,1,118,91,45,100,0,14,42,45,14,2,7,3,4,2,0,0,100,100,45,38,23,21,14,11,1,1787604328.9793816,G1,T03,sel_dentro_1m,1,static
621700,1,0,1,0,120,0,100,0,19,44,36,10,4,7,3,2,2,0,0,100,100,45,38,21,19,14,11,1,1787604329.1873806,G1,T03,sel_dentro_1m,1,static
621900,1,1,1,100,106,77,100,0,16,77,65,9,6,3,10,1,6,0,0,100,100,45,36,21,18,13,11,1,1787604329.3794525,G1,T03,sel_dentro_1m,1,static
622100,1,1,1,117,103,68,100,0,15,64,68,8,12,6,9,0,8,0,0,100,100,48,34,22,17,14,11,1,1787604329.5881915,G1,T03,sel_dentro_1m,1,static
622300,1,0,1,0,118,0,100,0,26,20,33,8,5,5,2,1,7,0,0,100,100,50,33,23,16,14,11,1,1787604329.7798572,G1,T03,sel_dentro_1m,1,static
622500,1,1,1,150,118,41,100,0,17,45,41,11,7,2,5,1,5,0,0,100,100,50,31,24,16,14,10,1,1787604329.986514,G1,T03,sel_dentro_1m,1,static
622700,1,1,1,99,98,93,100,0,15,93,77,12,3,2,5,1,7,0,0,100,100,49,30,25,15,14,10,1,1787604330.1943653,G1,T03,sel_dentro_1m,1,static
622900,1,0,1,0,96,0,100,0,16,32,24,6,4,1,5,3,7,0,0,100,100,49,29,26,14,14,10,1,1787604330.387035,G1,T03,sel_dentro_1m,1,static
623100,1,1,1,113,96,68,100,0,14,67,68,11,7,3,3,2,6,0,0,100,100,49,27,26,14,13,10,1,1787604330.5794697,G1,T03,sel_dentro_1m,1,static
623300,1,1,1,104,106,100,100,0,22,100,100,9,13,4,8,1,5,0,0,100,100,51,26,28,14,13,10,1,1787604330.7865431,G1,T03,sel_dentro_1m,1,static
623500,1,1,1,102,101,100,100,0,28,100,94,12,10,3,5,1,4,0,0,100,100,57,27,30,14,13,10,1,1787604330.9916532,G1,T03,sel_dentro_1m,1,static
623700,1,0,1,0,100,0,100,0,23,31,27,2,5,5,1,1,4,0,0,100,100,61,28,32,14,13,11,1,1787604331.1825237,G1,T03,sel_dentro_1m,1,static
623900,1,1,1,116,107,70,100,0,16,67,70,16,12,7,3,1,6,0,0,100,100,63,28,33,13,13,11,1,1787604331.3907337,G1,T03,sel_dentro_1m,1,static
624100,1,1,1,101,103,57,100,0,20,57,51,14,9,10,6,2,6,0,0,100,100,64,27,32,13,13,11,1,1787604331.58386,G1,T03,sel_dentro_1m,1,static
624300,1,1,1,95,91,69,100,0,29,69,58,11,8,5,6,2,9,0,0,100,100,65,26,30,12,12,11,1,1787604331.791418,G1,T03,sel_dentro_1m,1,static
624500,1,0,1,0,97,0,100,0,19,22,22,7,10,4,8,1,7,0,0,100,100,63,24,28,11,12,11,1,1787604331.9847555,G1,T03,sel_dentro_1m,1,static
624700,1,0,1,0,97,0,100,0,15,18,16,6,6,6,7,1,7,0,0,100,100,64,24,27,9,13,11,1,1787604332.1909602,G1,T03,sel_dentro_1m,1,static
624900,1,1,1,118,114,62,100,0,15,57,62,8,10,2,3,1,6,0,0,100,100,67,24,27,9,13,11,1,1787604332.3827872,G1,T03,sel_dentro_1m,1,static
625100,1,1,1,125,126,70,100,0,14,58,70,15,7,8,4,2,7,0,0,100,100,67,23,27,9,13,10,1,1787604332.5906482,G1,T03,sel_dentro_1m,1,static
625300,1,0,1,0,116,0,100,0,13,12,11,8,7,9,3,1,6,0,0,100,100,66,24,27,10,12,10,1,1787604332.782229,G1,T03,sel_dentro_1m,1,static
625500,1,1,1,150,116,42,100,0,14,49,42,3,9,7,4,1,5,0,0,100,100,65,24,27,10,12,10,1,1787604332.9896297,G1,T03,sel_dentro_1m,1,static
625700,1,1,1,128,121,42,100,0,18,34,42,11,9,7,7,2,5,0,0,100,100,67,23,28,10,12,10,1,1787604333.182083,G1,T03,sel_dentro_1m,1,static
625900,1,1,1,100,99,100,100,0,20,100,100,9,7,8,7,1,5,0,0,100,100,68,23,28,10,12,10,1,1787604333.3895898,G1,T03,sel_dentro_1m,1,static
626100,1,1,1,97,100,100,100,0,60,100,100,15,17,6,8,1,1,0,0,100,100,70,25,29,10,12,10,1,1787604333.5820694,G1,T03,sel_dentro_1m,1,static
626300,1,1,1,100,104,100,100,0,30,100,100,13,11,10,10,5,1,0,0,100,100,75,28,31,10,13,10,1,1787604333.7902482,G1,T03,sel_dentro_1m,1,static
626500,1,1,1,85,95,65,100,0,20,65,40,4,1,9,5,4,2,0,0,100,100,82,31,32,11,13,11,1,1787604333.9826488,G1,T03,sel_dentro_1m,1,static
626700,1,1,1,100,85,91,100,0,22,91,79,12,6,1,1,3,5,0,0,100,100,87,33,32,11,13,11,1,1787604334.1900966,G1,T03,sel_dentro_1m,1,static
626900,1,1,1,98,98,100,100,0,16,100,91,11,10,5,2,5,4,0,0,100,100,91,36,33,12,13,11,1,1787604334.381464,G1,T03,sel_dentro_1m,1,static
627100,1,1,1,102,98,100,100,0,17,100,100,12,11,10,5,6,7,0,0,100,100,94,38,33,13,13,11,1,1787604334.5896783,G1,T03,sel_dentro_1m,1,static
627300,1,1,1,97,95,100,100,0,43,100,100,18,3,8,6,5,6,0,0,100,100,93,39,32,13,13,11,1,1787604334.782925,G1,T03,sel_dentro_1m,1,static
627500,1,1,1,99,99,100,100,0,26,100,100,22,8,9,10,4,4,0,0,100,100,93,41,31,14,13,11,1,1787604334.9888995,G1,T03,sel_dentro_1m,1,static
627700,1,1,1,97,101,100,100,0,26,100,100,11,4,8,9,6,4,0,0,100,100,91,41,31,15,13,10,1,1787604335.1811953,G1,T03,sel_dentro_1m,1,static
627900,1,1,1,97,97,86,100,0,14,86,69,11,3,10,2,5,3,0,0,100,100,90,42,31,16,12,10,1,1787604335.3895288,G1,T03,sel_dentro_1m,1,static
628100,1,1,1,98,97,100,100,0,18,100,100,25,7,5,5,4,6,0,0,100,100,91,44,32,16,13,10,1,1787604335.5813954,G1,T03,sel_dentro_1m,1,static
628300,1,1,1,96,96,100,100,0,58,100,100,24,5,3,6,5,6,0,0,100,100,90,44,33,17,12,10,1,1787604335.7897432,G1,T03,sel_dentro_1m,1,static
628500,1,1,1,97,97,100,100,0,46,100,100,25,15,13,7,4,5,0,0,100,100,92,45,34,17,12,10,1,1787604335.981687,G1,T03,sel_dentro_1m,1,static
628700,1,1,1,101,101,100,100,0,16,100,100,17,12,3,8,3,1,0,0,100,100,94,45,35,18,12,11,1,1787604336.1898162,G1,T03,sel_dentro_1m,1,static
628900,1,1,1,104,103,100,100,0,19,100,100,13,10,5,11,1,3,0,0,100,100,98,46,37,18,13,10,1,1787604336.3826227,G1,T03,sel_dentro_1m,1,static
629100,1,1,1,101,104,64,100,0,25,64,58,13,10,5,5,1,3,0,0,100,100,100,47,39,18,13,10,1,1787604336.5908887,G1,T03,sel_dentro_1m,1,static
629300,1,1,1,96,101,100,100,0,39,100,100,8,7,6,8,1,2,0,0,100,100,100,48,41,18,14,11,1,1787604336.7831838,G1,T03,sel_dentro_1m,1,static
629500,1,1,1,99,99,100,100,0,33,100,100,25,14,8,6,5,4,0,0,100,100,100,51,41,18,14,11,1,1787604336.9906316,G1,T03,sel_dentro_1m,1,static
629700,1,1,1,99,100,100,100,0,15,100,100,18,11,9,5,5,6,0,0,100,100,100,53,42,18,14,11,1,1787604337.1821673,G1,T03,sel_dentro_1m,1,static
629900,1,1,1,102,99,100,100,0,17,100,96,13,3,4,5,5,6,0,0,100,100,100,54,41,18,14,11,1,1787604337.3903475,G1,T03,sel_dentro_1m,1,static
630100,1,1,1,113,110,100,100,0,19,100,100,26,10,1,7,5,6,0,0,100,100,100,54,40,19,13,11,1,1787604337.5828352,G1,T03,sel_dentro_1m,1,static
630300,1,1,1,113,113,100,100,0,19,100,100,41,10,8,10,3,4,0,0,100,100,100,52,38,19,13,11,1,1787604337.7908683,G1,T03,sel_dentro_1m,1,static
630500,1,1,1,113,114,100,100,0,42,100,100,54,8,7,8,2,3,0,0,100,100,100,50,37,19,12,11,1,1787604337.9844277,G1,T03,sel_dentro_1m,1,static
630700,1,1,1,108,110,100,100,0,28,100,100,37,13,3,3,1,7,0,0,100,100,100,48,35,19,12,11,1,1787604338.1907246,G1,T03,sel_dentro_1m,1,static
630900,1,1,1,114,113,88,100,0,17,87,88,26,10,6,6,2,7,0,0,100,100,100,46,33,19,12,10,1,1787604338.3824244,G1,T03,sel_dentro_1m,1,static
631100,1,1,1,106,111,86,100,0,15,86,80,20,10,6,8,1,9,0,0,100,100,100,45,33,18,12,11,1,1787604338.5902224,G1,T03,sel_dentro_1m,1,static
631300,1,0,1,0,108,0,100,0,16,32,35,8,4,5,7,3,6,0,0,100,100,100,43,32,17,12,10,1,1787604338.78309,G1,T03,sel_dentro_1m,1,static
631500,1,1,1,110,115,100,100,0,31,100,100,34,13,9,5,2,4,0,0,100,100,100,41,31,16,12,10,1,1787604338.9911523,G1,T03,sel_dentro_1m,1,static
631700,1,1,1,114,115,100,100,0,19,100,100,54,10,3,10,2,1,0,0,100,100,100,40,30,15,13,10,1,1787604339.1837516,G1,T03,sel_dentro_1m,1,static
631900,1,1,1,110,113,100,100,0,45,100,100,48,8,10,9,5,3,0,0,100,100,100,39,30,15,13,11,1,1787604339.3919702,G1,T03,sel_dentro_1m,1,static
632100,1,1,1,104,107,100,100,0,22,100,100,31,9,3,1,3,6,0,0,100,100,100,39,30,15,14,11,1,1787604339.5839875,G1,T03,sel_dentro_1m,1,static
632300,1,1,1,83,104,71,100,0,25,71,43,2,4,1,1,5,6,0,0,100,100,100,38,30,15,14,11,1,1787604339.7920039,G1,T03,sel_dentro_1m,1,static
632500,1,1,1,101,83,51,100,0,21,51,46,11,3,1,3,6,5,0,0,100,100,100,37,28,15,14,11,1,1787604339.9859188,G1,T03,sel_dentro_1m,1,static
632700,1,1,1,125,124,48,100,0,17,40,48,12,12,1,5,5,5,0,0,100,100,100,36,26,15,13,11,1,1787604340.192704,G1,T03,sel_dentro_1m,1,static
632900,1,1,1,136,125,50,100,0,24,33,50,13,6,2,6,3,5,0,0,100,100,100,35,23,15,13,11,1,1787604340.3848207,G1,T03,sel_dentro_1m,1,static
633100,1,1,1,117,118,84,100,0,16,80,84,12,8,4,8,3,3,0,0,100,100,100,34,21,15,13,11,1,1787604340.5930758,G1,T03,sel_dentro_1m,1,static
633300,1,1,1,116,118,100,100,0,36,100,100,23,4,5,11,2,2,0,0,100,100,100,33,20,16,12,11,1,1787604340.7852938,G1,T03,sel_dentro_1m,1,static
633500,1,1,1,118,117,100,100,0,39,100,100,39,9,8,9,2,4,0,0,100,100,100,31,20,16,13,11,1,1787604340.9920192,G1,T03,sel_dentro_1m,1,static
633700,1,1,1,107,111,100,100,0,28,100,100,29,10,6,2,1,7,0,0,100,100,100,30,19,16,13,11,1,1787604341.1838288,G1,T03,sel_dentro_1m,1,static
633900,1,0,1,0,99,0,100,0,15,8,11,2,5,3,3,2,6,0,0,100,100,100,29,19,15,13,10,1,1787604341.3938432,G1,T03,sel_dentro_1m,1,static
634100,1,1,1,108,120,64,100,0,18,64,62,13,7,2,5,1,4,0,0,100,100,100,28,19,15,12,10,1,1787604341.5850294,G1,T03,sel_dentro_1m,1,static
634300,1,0,1,0,124,0,100,0,15,35,33,10,8,6,7,1,4,0,0,100,100,95,27,18,15,12,11,1,1787604341.7911124,G1,T03,sel_dentro_1m,1,static
634500,1,1,1,141,124,45,100,0,16,26,45,15,4,4,7,2,3,0,0,100,100,91,27,17,15,12,11,1,1787604341.9846494,G1,T03,sel_dentro_1m,1,static
634700,1,1,1,123,133,99,100,0,14,87,99,21,7,4,9,3,2,0,0,100,100,87,27,18,15,12,10,1,1787604342.1915002,G1,T03,sel_dentro_1m,1,static
634900,1,1,1,106,108,100,100,0,34,100,100,28,5,1,9,5,3,0,0,100,100,83,27,19,16,12,10,1,1787604342.3833845,G1,T03,sel_dentro_1m,1,static
635100,1,1,1,106,107,100,100,0,17,100,100,27,10,4,6,3,4,0,0,100,100,81,27,19,16,12,10,1,1787604342.5913186,G1,T03,sel_dentro_1m,1,static
635300,1,0,1,0,110,0,100,0,17,15,21,10,7,4,2,1,4,0,0,100,100,80,27,20,16,12,10,1,1787604342.7831662,G1,T03,sel_dentro_1m,1,static
635500,1,0,1,0,122,0,100,0,18,12,14,9,8,1,1,2,4,0,0,100,100,80,27,20,16,12,10,1,1787604342.9909136,G1,T03,sel_dentro_1m,1,static
635700,1,1,1,99,99,100,100,0,23,100,100,14,9,1,1,4,5,0,0,100,100,79,27,20,16,11,11,1,1787604343.1865685,G1,T03,sel_dentro_1m,1,static
635900,1,0,1,0,91,0,100,0,13,11,7,7,2,1,2,3,5,0,0,100,100,77,26,19,16,11,11,1,1787604343.3916059,G1,T03,sel_dentro_1m,1,static
636100,1,1,1,110,91,55,100,0,18,55,54,11,6,1,1,3,5,0,0,100,100,74,24,19,15,10,12,1,1787604343.5891905,G1,T03,sel_dentro_1m,1,static
636300,1,0,1,0,122,0,100,0,16,19,14,7,1,1,4,2,6,0,0,100,100,71,23,19,15,10,13,1,1787604343.7904937,G1,T03,sel_dentro_1m,1,static
636500,1,1,1,92,122,60,100,0,15,60,44,9,3,1,3,4,4,0,0,100,100,67,22,19,14,10,13,1,1787604343.9908895,G1,T03,sel_dentro_1m,1,static
636700,1,0,1,0,92,0,100,0,13,28,27,4,3,1,4,4,5,0,0,100,100,64,22,19,14,10,13,1,1787604344.1912067,G1,T03,sel_dentro_1m,1,static
636900,1,0,1,0,92,0,100,0,15,18,8,4,5,2,4,3,4,0,0,100,100,61,21,19,14,10,12,1,1787604344.3913236,G1,T03,sel_dentro_1m,1,static
637100,1,1,1,118,123,100,100,0,21,100,100,28,7,6,7,3,5,0,0,100,100,58,21,19,13,9,11,1,1787604344.5924726,G1,T03,sel_dentro_1m,1,static
637300,1,1,1,114,118,100,100,0,43,100,100,49,13,6,10,3,3,0,0,100,100,59,21,20,14,9,10,1,1787604344.7925944,G1,T03,sel_dentro_1m,1,static
637500,1,1,1,107,110,100,100,0,37,100,100,41,14,9,6,2,7,0,0,100,100,61,22,20,14,9,10,1,1787604344.9938025,G1,T03,sel_dentro_1m,1,static
637700,1,1,1,99,106,100,100,0,18,100,85,14,5,7,3,2,7,0,0,100,100,62,22,20,14,9,10,1,1787604345.1935942,G1,T03,sel_dentro_1m,1,static
637900,1,1,1,98,99,76,100,0,20,76,63,9,5,8,4,2,7,0,0,100,100,63,22,20,14,9,10,1,1787604345.394592,G1,T03,sel_dentro_1m,1,static
638100,1,1,1,97,107,78,100,0,17,78,64,9,6,11,4,4,6,0,0,100,100,64,23,20,15,10,10,1,1787604345.581053,G1,T03,sel_dentro_1m,1,static
638300,1,1,1,123,114,100,100,0,17,88,100,21,6,7,5,2,4,0,0,100,100,66,23,20,15,10,11,1,1787604345.7895136,G1,T03,sel_dentro_1m,1,static
638500,1,0,1,0,121,0,100,0,16,27,34,10,6,3,7,2,5,0,0,100,100,67,23,20,15,10,11,1,1787604345.9822922,G1,T03,sel_dentro_1m,1,static
638700,1,1,1,118,102,100,100,0,18,100,100,29,11,2,4,1,6,0,0,100,100,69,23,20,14,9,12,1,1787604346.19011,G1,T03,sel_dentro_1m,1,static
638900,1,1,1,117,117,100,100,0,17,100,100,42,17,10,6,1,7,0,0,100,100,74,24,19,13,9,12,1,1787604346.3824537,G1,T03,sel_dentro_1m,1,static
639100,1,1,1,113,114,100,100,0,19,100,100,19,11,6,6,3,6,0,0,100,100,75,26,18,13,9,13,1,1787604346.591139,G1,T03,sel_dentro_1m,1,static
639300,1,0,1,0,108,0,100,0,16,28,23,9,4,7,7,3,5,0,0,100,100,73,25,17,13,9,13,1,1787604346.7842197,G1,T03,sel_dentro_1m,1,static
639500,1,1,1,114,104,100,100,0,18,100,100,20,11,1,7,4,4,0,0,100,100,72,26,17,14,9,12,1,1787604346.9931028,G1,T03,sel_dentro_1m,1,static
639700,1,1,1,123,120,52,100,0,15,45,52,14,2,4,7,5,3,0,0,100,100,73,26,17,14,9,11,1,1787604347.185318,G1,T03,sel_dentro_1m,1,static
639900,1,0,1,0,123,0,100,0,16,14,2,1,2,9,6,7,2,0,0,100,100,72,28,16,15,9,11,1,1787604347.3932943,G1,T03,sel_dentro_1m,1,static
640100,1,1,1,110,120,100,100,0,15,100,100,22,11,10,1,6,1,0,0,100,100,72,31,16,15,9,10,1,1787604347.5858028,G1,T03,sel_dentro_1m,1,static
640300,1,1,1,108,108,100,100,0,28,100,100,36,11,10,5,5,1,0,0,100,100,73,35,17,16,10,9,1,1787604347.7931433,G1,T03,sel_dentro_1m,1,static
640500,1,1,1,105,106,96,100,0,28,96,89,18,3,7,6,4,2,0,0,100,100,72,37,16,17,10,9,1,1787604347.9946961,G1,T03,sel_dentro_1m,1,static
640700,1,0,1,0,99,0,100,0,19,41,30,2,6,7,9,5,3,0,0,100,100,70,40,16,17,10,9,1,1787604348.1908321,G1,T03,sel_dentro_1m,1,static
640900,1,1,1,96,99,67,100,0,25,67,56,12,9,5,8,3,4,0,0,100,100,71,42,16,18,11,11,1,1787604348.3834734,G1,T03,sel_dentro_1m,1,static
641100,1,1,1,103,103,100,100,0,25,100,96,23,5,8,7,1,6,0,0,100,100,73,43,16,18,11,10,1,1787604348.5912077,G1,T03,sel_dentro_1m,1,static
641300,1,0,1,0,107,0,100,0,19,35,30,11,7,9,6,1,7,0,0,100,100,74,45,15,17,11,10,1,1787604348.7833152,G1,T03,sel_dentro_1m,1,static
641500,1,0,1,0,107,0,100,0,17,30,34,10,1,4,6,3,7,0,0,100,100,70,46,13,17,11,10,1,1787604348.991589,G1,T03,sel_dentro_1m,1,static
641700,1,0,1,0,126,0,100,0,18,30,34,12,1,2,8,2,5,0,0,100,100,64,46,13,17,10,10,1,1787604349.1852844,G1,T03,sel_dentro_1m,1,static
641900,1,0,1,0,126,0,100,0,15,8,5,2,2,2,6,3,6,0,0,100,100,60,47,12,17,10,10,1,1787604349.390789,G1,T03,sel_dentro_1m,1,static
642100,1,0,1,0,126,0,100,0,20,14,15,7,6,1,7,3,4,0,0,100,100,57,47,11,16,9,10,1,1787604349.5820498,G1,T03,sel_dentro_1m,1,static
