timestamp_ms,radar_presence,moving_target,stationary_target,moving_distance_cm,stationary_distance_cm,moving_energy,stationary_energy,pir_presence,menergy_gate0,menergy_gate1,menergy_gate2,menergy_gate3,menergy_gate4,menergy_gate5,menergy_gate6,menergy_gate7,menergy_gate8,senergy_gate0,senergy_gate1,senergy_gate2,senergy_gate3,senergy_gate4,senergy_gate5,senergy_gate6,senergy_gate7,senergy_gate8,light_level,out_level,pc_time_s,group_id,trial_id,scenario,ground_truth_presence,ground_truth_state
1700,1,1,1,96,123,100,100,1,50,100,100,3,25,10,5,1,3,0,0,100,100,100,65,54,35,27,10,1,1787603709.345018,G1,T01,sel_dentro_1m,1,static
1900,1,1,1,89,91,100,100,1,91,100,100,28,8,5,10,2,7,0,0,100,100,100,66,54,33,27,10,1,1787603709.3710012,G1,T01,sel_dentro_1m,1,static
2100,1,1,1,103,111,100,100,1,100,100,100,90,16,11,3,10,6,0,0,100,100,100,66,55,33,27,10,1,1787603709.5715165,G1,T01,sel_dentro_1m,1,static
2300,1,1,1,99,100,100,100,1,86,100,100,32,17,15,6,9,5,0,0,100,100,100,64,55,32,27,10,1,1787603709.7721393,G1,T01,sel_dentro_1m,1,static
2500,1,1,1,87,92,92,100,1,34,92,64,6,7,6,7,10,7,0,0,100,100,100,62,57,33,27,10,1,1787603709.9723427,G1,T01,sel_dentro_1m,1,static
2700,1,1,1,94,86,100,100,1,37,100,100,12,12,12,9,5,3,0,0,100,100,100,62,57,33,27,10,1,1787603710.1728365,G1,T01,sel_dentro_1m,1,static
2900,1,1,1,96,113,100,100,1,23,100,100,49,13,12,7,8,5,0,0,100,100,100,61,57,32,28,10,1,1787603710.37351,G1,T01,sel_dentro_1m,1,static
3100,1,1,1,100,99,100,100,1,41,100,100,27,18,7,3,9,6,0,0,100,100,100,61,54,32,26,10,1,1787603710.574117,G1,T01,sel_dentro_1m,1,static
3300,1,1,1,118,137,100,100,1,25,100,100,47,10,5,6,4,7,0,0,100,100,100,59,54,31,25,11,1,1787603710.7746513,G1,T01,sel_dentro_1m,1,static
3500,1,1,1,120,130,100,100,1,18,100,100,67,10,7,12,8,8,0,0,100,100,100,57,52,30,24,11,1,1787603710.9748406,G1,T01,sel_dentro_1m,1,static
3700,1,1,1,131,114,66,100,1,20,53,66,25,5,7,6,5,5,0,0,100,100,100,58,51,29,24,11,1,1787603711.171004,G1,T01,sel_dentro_1m,1,static
3900,1,1,1,127,109,100,100,1,16,100,100,37,12,8,7,3,8,0,0,100,100,100,58,46,27,24,10,1,1787603711.3628223,G1,T01,sel_dentro_1m,1,static
4100,1,1,1,82,127,100,100,1,17,100,47,23,9,8,4,1,8,0,0,100,100,100,58,44,26,23,10,1,1787603711.572081,G1,T01,sel_dentro_1m,1,static
4300,1,1,1,90,87,100,100,1,20,100,87,10,6,7,8,6,7,0,0,100,100,100,57,44,24,22,9,1,1787603711.7641344,G1,T01,sel_dentro_1m,1,static
4500,1,1,1,96,92,100,100,1,82,100,100,34,12,9,6,8,6,0,0,100,100,100,57,44,25,20,9,1,1787603711.971234,G1,T01,sel_dentro_1m,1,static
4700,1,1,1,103,103,100,100,1,66,100,100,51,2,2,9,3,9,0,0,100,100,100,57,43,24,20,10,1,1787603712.162942,G1,T01,sel_dentro_1m,1,static
4900,1,1,1,101,99,100,100,1,16,100,100,20,6,6,7,4,5,0,0,100,100,100,53,43,24,21,10,1,1787603712.3704383,G1,T01,sel_dentro_1m,1,static
5100,1,1,1,104,104,62,100,1,26,62,58,8,7,7,8,3,4,0,0,100,100,100,51,42,24,22,10,1,1787603712.5624754,G1,T01,sel_dentro_1m,1,static
5300,1,1,1,98,104,100,100,1,22,100,100,14,4,2,9,5,4,0,0,100,100,100,50,42,22,21,10,1,1787603712.7713404,G1,T01,sel_dentro_1m,1,static
5500,1,1,1,94,98,100,100,1,77,100,100,9,9,2,7,8,2,0,0,100,100,100,48,42,20,21,10,1,1787603712.9635973,G1,T01,sel_dentro_1m,1,static
5700,1,1,1,93,94,100,100,1,50,100,100,16,4,3,7,7,4,0,0,100,100,99,48,44,21,22,10,1,1787603713.1703334,G1,T01,sel_dentro_1m,1,static
5900,1,1,1,101,93,87,100,1,15,87,74,9,7,2,3,7,3,0,0,100,100,90,46,45,22,23,10,1,1787603713.3653162,G1,T01,sel_dentro_1m,1,static
6100,1,1,1,104,100,100,100,1,20,100,100,18,9,6,8,3,1,0,0,100,100,78,43,44,21,23,10,1,1787603713.5698054,G1,T01,sel_dentro_1m,1,static
6300,1,1,1,91,106,69,100,1,13,69,48,9,5,10,10,4,1,0,0,100,100,76,41,42,20,23,10,1,1787603713.7617724,G1,T01,sel_dentro_1m,1,static
6500,1,1,1,102,91,64,100,1,15,64,57,7,9,6,7,3,2,0,0,100,100,76,42,40,18,23,10,1,1787603713.9689436,G1,T01,sel_dentro_1m,1,static
6700,1,1,1,91,84,80,100,1,18,80,57,10,6,8,8,3,0,0,0,100,100,71,41,40,17,22,10,1,1787603714.1610324,G1,T01,sel_dentro_1m,1,static
6900,1,0,1,0,102,0,100,1,18,34,31,10,2,4,5,3,3,0,0,100,100,65,42,38,16,21,10,1,1787603714.369381,G1,T01,sel_dentro_1m,1,static
7100,1,1,1,87,102,93,100,1,35,93,64,8,2,4,4,3,2,0,0,100,100,60,41,38,15,22,10,1,1787603714.5612283,G1,T01,sel_dentro_1m,1,static
7300,1,1,1,93,99,100,100,1,55,100,100,15,7,7,10,6,2,0,0,100,100,58,40,36,15,21,9,1,1787603714.7691746,G1,T01,sel_dentro_1m,1,static
7500,1,1,1,99,95,100,100,1,15,100,100,3,1,8,10,4,7,0,0,100,100,52,40,36,14,22,10,1,1787603714.9616494,G1,T01,sel_dentro_1m,1,static
7700,1,1,1,97,96,100,100,1,18,100,100,4,10,3,6,4,7,0,0,100,100,49,38,34,15,22,10,1,1787603715.1703002,G1,T01,sel_dentro_1m,1,static
7900,1,1,1,107,98,72,100,1,18,72,68,8,11,7,6,1,6,0,0,100,100,53,39,35,15,22,10,1,1787603715.3669999,G1,T01,sel_dentro_1m,1,static
8100,1,1,1,91,100,61,100,1,14,61,43,6,1,4,7,1,7,0,0,100,100,54,40,36,16,23,10,1,1787603715.5711384,G1,T01,sel_dentro_1m,1,static
8300,1,1,1,92,91,100,100,1,35,100,90,9,11,6,7,4,8,0,0,100,100,51,38,35,17,24,10,1,1787603715.7636309,G1,T01,sel_dentro_1m,1,static
8500,1,1,1,96,96,100,100,1,50,100,100,8,9,8,5,5,7,0,0,100,100,50,36,34,17,25,10,1,1787603715.9721484,G1,T01,sel_dentro_1m,1,static
8700,1,1,1,97,96,100,100,1,13,100,100,8,7,5,4,5,5,0,0,100,100,52,38,32,17,25,10,1,1787603716.1640062,G1,T01,sel_dentro_1m,1,static
8900,1,0,1,0,94,0,100,1,20,41,40,9,5,3,6,7,4,0,0,100,98,50,39,30,17,24,10,1,1787603716.3718047,G1,T01,sel_dentro_1m,1,static
9100,1,1,1,97,94,73,100,1,17,73,60,10,11,6,5,6,4,0,0,100,95,47,39,29,17,23,10,1,1787603716.5631962,G1,T01,sel_dentro_1m,1,static
9300,1,1,1,96,93,98,100,1,19,98,78,8,5,4,5,4,6,0,0,100,91,47,38,26,17,22,10,1,1787603716.7714705,G1,T01,sel_dentro_1m,1,static
9500,1,1,1,98,96,100,100,1,14,100,85,11,5,6,8,5,4,0,0,100,89,48,36,24,17,20,10,1,1787603716.9640846,G1,T01,sel_dentro_1m,1,static
9700,1,1,1,89,92,100,100,0,45,100,100,3,17,11,9,5,2,0,0,100,89,52,35,23,15,20,10,1,1787603717.1728415,G1,T01,sel_dentro_1m,1,static
9900,1,1,1,90,91,100,100,0,35,100,100,12,15,3,1,3,1,0,0,100,89,60,36,22,15,19,10,1,1787603717.368689,G1,T01,sel_dentro_1m,1,static
10100,1,1,1,91,89,100,100,0,13,100,96,10,12,6,3,1,4,0,0,100,89,67,38,22,15,20,10,1,1787603717.572839,G1,T01,sel_dentro_1m,1,static
10300,1,0,1,0,82,0,100,0,17,27,12,3,4,7,3,2,5,0,0,100,83,72,38,22,15,20,10,1,1787603717.764196,G1,T01,sel_dentro_1m,1,static
10500,1,1,1,86,82,92,100,0,18,92,55,10,9,2,4,3,4,0,0,100,79,74,37,22,16,21,11,1,1787603717.972194,G1,T01,sel_dentro_1m,1,static
10700,1,1,1,82,84,100,100,0,45,100,79,10,8,5,3,5,1,0,0,100,79,74,35,22,16,21,10,1,1787603718.165087,G1,T01,sel_dentro_1m,1,static
10900,1,1,1,79,82,100,100,0,44,100,65,15,14,9,8,6,1,0,0,100,77,79,34,22,16,20,10,1,1787603718.373557,G1,T01,sel_dentro_1m,1,static
11100,1,1,1,87,80,100,100,0,28,100,97,3,16,9,3,6,5,0,0,100,74,87,34,23,16,20,10,1,1787603718.5646176,G1,T01,sel_dentro_1m,1,static
11300,1,1,1,81,84,73,100,0,16,73,33,9,9,6,6,4,6,0,0,100,76,92,33,23,16,20,10,1,1787603718.771819,G1,T01,sel_dentro_1m,1,static
11500,1,0,1,0,81,0,100,0,14,50,20,11,3,5,9,1,6,0,0,100,82,96,33,22,16,20,10,1,1787603718.9635873,G1,T01,sel_dentro_1m,1,static
11700,1,1,1,73,82,77,100,0,32,77,28,9,3,8,12,2,5,0,0,100,87,98,34,23,16,18,10,1,1787603719.172175,G1,T01,sel_dentro_1m,1,static
11900,1,0,1,0,86,0,100,0,27,43,23,10,11,4,5,3,4,0,0,100,96,99,34,23,17,17,10,1,1787603719.3703575,G1,T01,sel_dentro_1m,1,static
12100,1,1,1,93,86,65,100,0,17,65,49,12,8,4,1,3,3,0,0,100,100,100,33,23,17,17,10,1,1787603719.5683303,G1,T01,sel_dentro_1m,1,static
12300,1,1,1,71,93,53,100,0,26,53,20,7,3,3,3,1,3,0,0,100,100,100,33,23,16,16,10,1,1787603719.7601535,G1,T01,sel_dentro_1m,1,static
12500,1,1,1,76,79,88,100,0,36,88,42,10,11,3,5,1,4,0,0,100,100,100,32,23,16,15,10,1,1787603719.968614,G1,T01,sel_dentro_1m,1,static
12700,1,0,1,0,72,0,100,0,27,26,29,12,8,5,7,3,3,0,0,100,100,100,31,24,16,14,10,1,1787603720.159485,G1,T01,sel_dentro_1m,1,static
12900,1,0,1,0,72,0,100,0,22,45,18,12,7,6,8,3,4,0,0,100,100,100,30,24,16,13,10,1,1787603720.3715384,G1,T01,sel_dentro_1m,1,static
13100,1,0,1,0,72,0,100,0,17,40,22,8,5,6,6,5,5,0,0,100,100,100,30,24,16,13,10,1,1787603720.5744107,G1,T01,sel_dentro_1m,1,static
13300,1,0,1,0,72,0,100,0,21,17,10,8,5,5,5,4,5,0,0,100,100,100,29,25,16,12,11,1,1787603720.7666967,G1,T01,sel_dentro_1m,1,static
13500,1,0,1,0,72,0,100,0,15,11,12,7,1,4,4,5,4,0,0,100,100,100,29,25,17,12,10,1,1787603720.958796,G1,T01,sel_dentro_1m,1,static
13700,1,0,1,0,72,0,100,0,22,21,15,7,1,3,6,4,5,0,0,100,100,100,28,24,17,11,11,1,1787603721.1673622,G1,T01,sel_dentro_1m,1,static
13900,1,0,1,0,72,0,100,0,19,15,16,5,3,4,5,4,4,0,0,100,100,100,26,23,17,10,10,1,1787603721.3715222,G1,T01,sel_dentro_1m,1,static
14100,1,1,1,73,72,58,100,0,18,58,12,10,15,4,6,3,2,0,0,100,100,100,24,23,16,9,10,1,1787603721.568831,G1,T01,sel_dentro_1m,1,static
14300,1,1,1,95,76,76,100,0,19,76,59,16,9,6,7,1,4,0,0,100,100,100,23,24,17,8,10,1,1787603721.7600982,G1,T01,sel_dentro_1m,1,static
14500,1,1,1,102,104,100,100,0,21,100,100,20,8,10,3,1,4,0,0,100,100,100,24,25,16,7,10,1,1787603721.9688215,G1,T01,sel_dentro_1m,1,static
14700,1,1,1,101,101,100,100,0,16,100,100,17,11,12,5,1,4,0,0,100,100,100,26,25,17,7,11,1,1787603722.1606154,G1,T01,sel_dentro_1m,1,static
14900,1,1,1,100,106,100,100,0,22,100,100,16,8,10,7,5,2,0,0,100,100,100,27,25,18,8,10,1,1787603722.3717766,G1,T01,sel_dentro_1m,1,static
15100,1,1,1,97,94,85,100,0,19,85,68,10,4,8,6,7,1,0,0,100,100,96,29,24,19,8,10,1,1787603722.5596979,G1,T01,sel_dentro_1m,1,static
15300,1,1,1,89,97,100,100,0,29,100,73,5,7,8,5,6,2,0,0,100,100,90,31,24,20,8,10,1,1787603722.767839,G1,T01,sel_dentro_1m,1,static
15500,1,1,1,97,96,98,100,0,18,98,79,10,8,2,7,5,3,0,0,100,100,90,32,23,20,8,10,1,1787603722.9617975,G1,T01,sel_dentro_1m,1,static
15700,1,1,1,103,107,65,100,0,21,65,59,12,2,6,7,3,2,0,0,100,100,90,32,22,20,7,10,1,1787603723.168875,G1,T01,sel_dentro_1m,1,static
15900,1,0,1,0,103,0,100,0,15,38,32,8,2,3,7,3,1,0,0,100,100,88,30,21,19,7,10,1,1787603723.3731093,G1,T01,sel_dentro_1m,1,static
16100,1,1,1,87,89,100,100,0,38,100,84,3,2,1,8,1,1,0,0,100,100,85,29,19,18,7,10,1,1787603723.5674355,G1,T01,sel_dentro_1m,1,static
16300,1,1,1,83,84,100,100,0,40,100,68,8,5,6,6,3,1,0,0,100,100,84,29,19,17,7,10,1,1787603723.7600157,G1,T01,sel_dentro_1m,1,static
16500,1,0,1,0,94,0,100,0,17,23,34,13,5,4,6,3,2,0,0,100,100,81,31,18,17,8,10,1,1787603723.967854,G1,T01,sel_dentro_1m,1,static
16700,1,0,1,0,150,0,100,0,15,34,24,5,7,7,6,4,2,0,0,100,100,77,31,18,17,9,10,1,1787603724.1602373,G1,T01,sel_dentro_1m,1,static
16900,1,1,1,101,150,100,100,0,14,100,91,16,3,9,5,2,1,0,0,100,100,73,31,17,16,9,11,1,1787603724.374289,G1,T01,sel_dentro_1m,1,static
17100,1,1,1,92,94,100,100,0,23,100,100,19,3,9,2,2,2,0,0,100,100,69,32,16,16,9,11,1,1787603724.5617769,G1,T01,sel_dentro_1m,1,static
17300,1,1,1,90,93,100,100,0,33,100,100,22,15,12,3,1,2,0,0,100,100,71,35,16,15,9,11,1,1787603724.769019,G1,T01,sel_dentro_1m,1,static
17500,1,1,1,79,90,91,100,0,54,91,62,26,13,11,3,1,4,0,0,100,100,73,38,17,15,9,11,1,1787603724.9616394,G1,T01,sel_dentro_1m,1,static
17700,1,1,1,71,72,54,100,0,34,54,29,21,13,5,9,3,4,0,0,100,100,76,39,18,16,10,11,1,1787603725.168311,G1,T01,sel_dentro_1m,1,static
17900,1,1,1,91,84,78,100,0,14,78,54,11,12,8,9,4,5,0,0,100,100,79,41,20,17,11,10,1,1787603725.374168,G1,T01,sel_dentro_1m,1,static
18100,1,0,1,0,86,0,100,0,18,30,26,8,5,6,7,6,5,0,0,100,100,81,42,21,18,11,10,1,1787603725.567618,G1,T01,sel_dentro_1m,1,static
18300,1,0,1,0,86,0,100,0,21,38,25,9,1,8,6,4,6,0,0,100,100,80,42,20,18,12,10,1,1787603725.7602694,G1,T01,sel_dentro_1m,1,static
18500,1,1,1,90,92,81,100,0,14,81,54,10,10,2,1,3,6,0,0,100,100,79,43,21,18,12,10,1,1787603725.9681747,G1,T01,sel_dentro_1m,1,static
18700,1,1,1,86,89,73,100,0,20,73,45,17,11,6,6,3,4,0,0,100,100,79,41,21,18,12,10,1,1787603726.1597612,G1,T01,sel_dentro_1m,1,static
18900,1,1,1,75,86,62,100,0,29,62,29,24,11,10,6,1,4,0,0,100,100,84,41,21,16,12,10,1,1787603726.3683827,G1,T01,sel_dentro_1m,1,static
19100,1,1,1,83,81,100,100,0,18,100,63,27,13,10,7,1,2,0,0,100,100,90,40,22,15,11,10,1,1787603726.57524,G1,T01,sel_dentro_1m,1,static
19300,1,1,1,94,90,100,100,0,33,100,100,13,4,1,8,3,1,0,0,100,100,93,38,22,14,11,10,1,1787603726.7670033,G1,T01,sel_dentro_1m,1,static
19500,1,1,1,92,92,100,100,0,62,100,100,11,10,10,7,4,2,0,0,100,100,91,38,23,14,12,10,1,1787603726.9753063,G1,T01,sel_dentro_1m,1,static
19700,1,1,1,96,94,100,100,0,28,100,100,23,1,9,5,5,5,0,0,100,100,86,41,23,14,13,10,1,1787603727.1671598,G1,T01,sel_dentro_1m,1,static
19900,1,1,1,97,98,100,100,0,22,100,100,12,6,7,3,4,5,0,0,100,100,83,43,23,15,13,11,1,1787603727.3743088,G1,T01,sel_dentro_1m,1,static
20100,1,1,1,96,97,92,100,0,35,92,76,10,6,6,5,5,5,0,0,100,100,81,45,23,15,13,11,1,1787603727.5645876,G1,T01,sel_dentro_1m,1,static
20300,1,1,1,98,98,100,100,0,22,100,100,16,5,9,8,2,2,0,0,100,100,78,46,23,15,13,11,1,1787603727.7717516,G1,T01,sel_dentro_1m,1,static
20500,1,1,1,86,94,100,100,0,76,100,100,19,11,3,8,2,2,0,0,100,100,78,46,23,16,13,11,1,1787603727.9746487,G1,T01,sel_dentro_1m,1,static
20700,1,1,1,89,87,100,100,0,58,100,100,34,17,10,4,2,3,0,0,100,100,83,47,25,16,13,10,1,1787603728.174892,G1,T01,sel_dentro_1m,1,static
20900,1,1,1,114,90,98,100,0,31,97,98,40,13,5,10,3,4,0,0,100,100,87,49,26,17,12,10,1,1787603728.3738475,G1,T01,sel_dentro_1m,1,static
21100,1,1,1,73,98,82,100,0,17,82,12,21,22,10,8,5,4,0,0,100,100,91,49,29,17,12,10,1,1787603728.5672474,G1,T01,sel_dentro_1m,1,static
21300,1,1,1,87,83,100,100,0,40,100,95,12,18,10,5,4,1,0,0,100,100,95,50,31,18,13,10,1,1787603728.7734823,G1,T01,sel_dentro_1m,1,static
21500,1,1,1,92,93,100,100,0,20,100,100,21,18,8,7,2,5,0,0,100,100,95,49,30,18,13,10,1,1787603728.967563,G1,T01,sel_dentro_1m,1,static
21700,1,1,1,91,91,100,100,0,46,100,100,33,9,2,10,5,6,0,0,100,100,90,48,29,18,14,10,1,1787603729.173386,G1,T01,sel_dentro_1m,1,static
21900,1,0,1,0,89,0,100,0,21,38,20,2,2,6,10,7,7,0,0,100,100,86,48,27,19,14,11,1,1787603729.3677692,G1,T01,sel_dentro_1m,1,static
22100,1,1,1,96,96,100,100,0,47,100,100,38,9,8,5,3,5,0,0,100,100,84,48,26,18,14,11,1,1787603729.5734131,G1,T01,sel_dentro_1m,1,static
22300,1,1,1,93,96,100,100,0,60,100,100,20,10,3,9,5,1,0,0,100,100,86,47,26,19,15,11,1,1787603729.7677164,G1,T01,sel_dentro_1m,1,static
22500,1,1,1,99,95,100,100,0,50,100,100,28,9,9,6,8,4,0,0,100,100,87,48,25,19,15,10,1,1787603729.9707928,G1,T01,sel_dentro_1m,1,static
22700,1,1,1,124,107,100,100,0,18,100,100,36,14,6,7,6,5,0,0,100,100,88,48,26,20,15,11,1,1787603730.1677473,G1,T01,sel_dentro_1m,1,static
22900,1,1,1,107,127,64,100,0,17,64,61,32,6,8,4,2,4,0,0,100,100,87,49,26,20,15,10,1,1787603730.3708985,G1,T01,sel_dentro_1m,1,static
23100,1,1,1,149,107,56,100,0,20,24,56,22,9,7,10,2,3,0,0,100,100,86,50,27,20,15,10,1,1787603730.5675173,G1,T01,sel_dentro_1m,1,static
23300,1,1,1,89,127,90,100,0,18,90,59,17,13,7,4,2,2,0,0,100,100,88,52,28,20,14,10,1,1787603730.7701735,G1,T01,sel_dentro_1m,1,static
23500,1,1,1,83,83,100,100,0,20,100,64,9,15,5,8,1,1,0,0,100,100,91,51,28,20,14,10,1,1787603730.970531,G1,T01,sel_dentro_1m,1,static
23700,1,1,1,100,85,99,100,0,24,99,84,5,3,6,8,1,1,0,0,100,100,94,49,29,19,14,10,1,1787603731.1719677,G1,T01,sel_dentro_1m,1,static
23900,1,1,1,87,92,100,100,0,39,100,73,9,9,8,5,1,0,0,0,100,100,96,48,28,19,14,10,1,1787603731.3733613,G1,T01,sel_dentro_1m,1,static
24100,1,1,1,94,90,99,100,0,18,99,75,7,7,9,7,1,1,0,0,100,100,97,48,28,19,13,10,1,1787603731.5736127,G1,T01,sel_dentro_1m,1,static
24300,1,1,1,96,100,100,100,0,16,100,88,17,10,9,6,4,3,0,0,100,100,98,49,28,19,13,10,1,1787603731.7752552,G1,T01,sel_dentro_1m,1,static
24500,1,1,1,99,95,100,100,0,19,100,94,15,8,7,8,3,4,0,0,100,100,99,49,28,18,13,10,1,1787603731.9678817,G1,T01,sel_dentro_1m,1,static
24700,1,1,1,94,105,96,100,0,19,96,72,5,7,8,8,3,4,0,0,100,100,97,46,27,18,13,10,1,1787603732.1593263,G1,T01,sel_dentro_1m,1,static
24900,1,1,1,94,150,84,100,0,30,84,67,15,4,7,3,3,6,0,0,100,100,96,45,25,17,13,10,1,1787603732.3669546,G1,T01,sel_dentro_1m,1,static
25100,1,1,1,104,99,100,100,0,38,100,100,24,8,7,5,4,5,0,0,100,100,91,45,23,17,14,11,1,1787603732.5739243,G1,T01,sel_dentro_1m,1,static
25300,1,1,1,106,104,100,100,0,13,100,100,28,9,9,5,2,4,0,0,100,100,82,43,20,17,14,11,1,1787603732.7654026,G1,T01,sel_dentro_1m,1,static
25500,1,1,1,98,103,100,100,0,38,100,100,21,11,6,4,1,1,0,0,100,100,79,42,19,16,14,11,1,1787603732.9738271,G1,T01,sel_dentro_1m,1,static
25700,1,1,1,85,92,100,100,0,19,100,67,9,14,10,3,1,2,0,0,100,100,84,42,19,15,13,10,1,1787603733.1657686,G1,T01,sel_dentro_1m,1,static
25900,1,1,1,86,88,100,100,0,18,100,58,10,9,3,2,2,3,0,0,100,100,88,43,20,14,12,10,1,1787603733.374545,G1,T01,sel_dentro_1m,1,static
26100,1,1,1,127,86,53,100,0,21,43,53,10,4,3,3,1,3,0,0,100,100,88,44,21,14,12,10,1,1787603733.5659852,G1,T01,sel_dentro_1m,1,static
26300,1,0,1,0,127,0,100,0,13,14,26,9,6,5,3,1,3,0,0,100,100,87,46,21,13,11,10,1,1787603733.7728932,G1,T01,sel_dentro_1m,1,static
26500,1,1,1,79,127,51,100,0,20,51,27,8,11,9,4,1,4,0,0,100,100,84,47,21,12,10,10,1,1787603733.9650018,G1,T01,sel_dentro_1m,1,static
26700,1,0,1,0,79,0,100,0,13,16,25,7,6,4,1,2,3,0,0,100,100,81,47,20,12,10,10,1,1787603734.1735833,G1,T01,sel_dentro_1m,1,static
26900,1,1,1,127,79,44,100,0,17,37,44,16,5,2,1,1,4,0,0,100,100,79,45,19,11,10,10,1,1787603734.3655503,G1,T01,sel_dentro_1m,1,static
27100,1,0,1,0,127,0,100,0,22,16,25,17,10,4,2,1,4,0,0,100,100,75,42,17,10,10,10,1,1787603734.5741801,G1,T01,sel_dentro_1m,1,static
27300,1,1,1,92,92,100,100,0,17,100,80,13,12,10,4,1,2,0,0,100,100,73,41,16,10,10,10,1,1787603734.7655952,G1,T01,sel_dentro_1m,1,static
27500,1,1,1,86,90,100,100,0,43,100,82,10,9,1,6,1,1,0,0,100,100,73,41,15,9,10,11,1,1787603734.971961,G1,T01,sel_dentro_1m,1,static
27700,1,0,1,0,89,0,100,0,13,22,12,5,7,1,6,1,1,0,0,100,100,74,40,16,9,10,10,1,1787603735.1642432,G1,T01,sel_dentro_1m,1,static
27900,1,1,1,98,99,90,100,0,18,90,74,11,9,3,5,1,1,0,0,100,100,76,39,16,9,10,10,1,1787603735.371978,G1,T01,sel_dentro_1m,1,static
28100,1,1,1,97,110,76,100,0,19,76,61,22,14,5,7,2,3,0,0,100,100,78,37,16,9,9,10,1,1787603735.564043,G1,T01,sel_dentro_1m,1,static
28300,1,1,1,79,79,100,100,0,38,100,60,11,9,3,4,1,5,0,0,100,100,81,36,18,9,10,10,1,1787603735.771721,G1,T01,sel_dentro_1m,1,static
28500,1,1,1,84,87,56,100,0,17,56,33,13,10,8,4,1,5,0,0,100,100,82,35,18,9,10,10,1,1787603735.9632988,G1,T01,sel_dentro_1m,1,static
28700,1,1,1,88,84,100,100,0,16,100,74,15,13,7,8,1,2,0,0,100,100,83,36,19,9,9,11,1,1787603736.171681,G1,T01,sel_dentro_1m,1,static
28900,1,1,1,96,100,75,100,0,21,75,60,10,3,1,7,1,1,0,0,100,100,83,35,19,8,9,10,1,1787603736.3626578,G1,T01,sel_dentro_1m,1,static
29100,1,1,1,113,107,100,100,0,30,100,100,15,4,4,5,3,1,0,0,100,100,85,32,19,9,9,10,1,1787603736.5713108,G1,T01,sel_dentro_1m,1,static
29300,1,1,1,99,101,100,100,0,46,100,100,18,6,7,7,2,3,0,0,100,100,85,32,20,8,9,10,1,1787603736.7623355,G1,T01,sel_dentro_1m,1,static
29500,1,1,1,101,101,100,100,0,16,100,100,11,7,7,7,2,4,0,0,100,100,81,34,20,9,9,10,1,1787603736.9702725,G1,T01,sel_dentro_1m,1,static
29700,1,0,1,0,105,0,100,0,20,10,20,6,6,4,4,4,3,0,0,100,100,76,37,20,9,9,10,1,1787603737.1620467,G1,T01,sel_dentro_1m,1,static
29900,1,1,1,103,101,100,100,0,25,100,100,21,8,9,7,3,1,0,0,100,100,72,36,20,9,9,10,1,1787603737.3695548,G1,T01,sel_dentro_1m,1,static
30100,1,1,1,100,103,100,100,0,28,100,100,20,8,6,7,2,3,0,0,100,100,70,35,19,10,9,10,1,1787603737.5619876,G1,T01,sel_dentro_1m,1,static
30300,1,1,1,97,98,100,100,0,20,100,100,30,9,2,4,2,4,0,0,100,100,68,32,18,10,10,10,1,1787603737.7706416,G1,T01,sel_dentro_1m,1,static
30500,1,1,1,90,97,100,100,0,54,100,100,23,9,9,2,3,5,0,0,100,100,69,32,18,10,10,10,1,1787603737.9631698,G1,T01,sel_dentro_1m,1,static
30700,1,0,1,0,96,0,100,0,16,9,8,4,4,5,2,1,6,0,0,100,100,70,32,19,10,10,11,1,1787603738.171467,G1,T01,sel_dentro_1m,1,static
30900,1,1,1,99,99,100,100,0,36,100,100,31,13,8,6,1,4,0,0,100,100,71,32,19,10,11,11,1,1787603738.3647532,G1,T01,sel_dentro_1m,1,static
31100,1,1,1,99,100,100,100,0,18,100,100,23,10,1,9,1,2,0,0,100,100,71,32,20,10,11,11,1,1787603738.5712607,G1,T01,sel_dentro_1m,1,static
31300,1,1,1,94,96,100,100,0,45,100,100,13,4,7,8,1,1,0,0,100,100,69,31,20,10,12,10,1,1787603738.7659652,G1,T01,sel_dentro_1m,1,static
31500,1,1,1,97,97,100,100,0,40,100,100,13,5,4,8,1,2,0,0,100,100,66,31,20,11,12,10,1,1787603738.9720747,G1,T01,sel_dentro_1m,1,static
31700,1,1,1,97,100,100,100,0,43,100,100,16,3,10,8,2,5,0,0,100,100,62,34,20,11,12,10,1,1787603739.1640222,G1,T01,sel_dentro_1m,1,static
31900,1,1,1,99,97,100,100,0,23,100,100,18,5,7,4,2,5,0,0,100,100,61,37,20,11,13,10,1,1787603739.3715637,G1,T01,sel_dentro_1m,1,static
32100,1,0,1,0,94,0,100,0,17,14,17,9,2,6,6,1,5,0,0,100,100,59,40,21,11,13,10,1,1787603739.5617633,G1,T01,sel_dentro_1m,1,static
32300,1,1,1,98,94,98,100,0,16,98,79,9,3,6,8,2,4,0,0,100,100,56,42,19,10,13,10,1,1787603739.7693694,G1,T01,sel_dentro_1m,1,static
32500,1,1,1,102,103,100,100,0,18,100,100,14,7,10,7,4,3,0,0,100,100,51,43,19,10,13,10,1,1787603739.9616807,G1,T01,sel_dentro_1m,1,static
32700,1,1,1,103,101,100,100,0,23,100,100,10,6,4,9,4,1,0,0,100,100,48,43,18,11,13,10,1,1787603740.1696029,G1,T01,sel_dentro_1m,1,static
32900,1,1,1,100,104,100,100,0,26,100,100,14,1,5,8,4,1,0,0,100,100,45,45,18,12,14,10,1,1787603740.3618042,G1,T01,sel_dentro_1m,1,static
33100,1,1,1,100,100,100,100,0,21,100,100,23,10,8,4,2,2,0,0,100,100,44,47,18,12,14,10,1,1787603740.5701065,G1,T01,sel_dentro_1m,1,static
33300,1,1,1,92,96,100,100,0,19,100,87,15,12,4,6,2,4,0,0,100,100,46,46,18,12,14,10,1,1787603740.7623527,G1,T01,sel_dentro_1m,1,static
33500,1,0,1,0,84,0,100,0,22,16,13,2,6,7,7,2,4,0,0,100,100,49,44,18,13,14,10,1,1787603740.966499,G1,T01,sel_dentro_1m,1,static
33700,1,0,1,0,84,0,100,0,17,9,20,8,1,8,7,1,4,0,0,100,100,50,41,18,12,14,10,1,1787603741.1731164,G1,T01,sel_dentro_1m,1,static
33900,1,0,1,0,84,0,100,0,19,16,12,2,3,8,6,2,4,0,0,100,100,50,41,18,12,15,11,1,1787603741.3637917,G1,T01,sel_dentro_1m,1,static
34100,1,1,1,87,97,58,100,0,19,58,38,9,8,6,6,3,4,0,0,100,100,51,40,18,12,15,11,1,1787603741.5722685,G1,T01,sel_dentro_1m,1,static
34300,1,0,1,0,76,0,100,0,18,34,20,6,10,4,4,4,5,0,0,100,100,52,40,18,12,15,11,1,1787603741.76375,G1,T01,sel_dentro_1m,1,static
34500,1,1,1,97,76,74,100,0,27,74,62,14,8,2,3,3,5,0,0,100,100,51,39,18,11,15,10,1,1787603741.9726057,G1,T01,sel_dentro_1m,1,static
34700,1,1,1,103,97,89,100,0,19,89,80,16,12,12,2,2,6,0,0,100,100,52,39,17,11,15,10,1,1787603742.163608,G1,T01,sel_dentro_1m,1,static
34900,1,1,1,103,100,84,100,0,33,84,77,20,8,9,5,1,4,0,0,100,100,53,42,19,11,15,10,1,1787603742.3723102,G1,T01,sel_dentro_1m,1,static
35100,1,1,1,121,111,68,100,0,23,62,68,20,8,7,10,2,4,0,0,100,100,55,44,21,11,14,9,1,1787603742.5647511,G1,T01,sel_dentro_1m,1,static
35300,1,1,1,124,145,55,100,0,17,46,55,10,4,6,1,3,7,0,0,100,100,57,45,22,12,14,10,1,1787603742.7746491,G1,T01,sel_dentro_1m,1,static
35500,1,0,1,0,124,0,100,0,18,28,24,6,5,2,1,4,6,0,0,100,100,60,45,24,13,14,10,1,1787603742.964635,G1,T01,sel_dentro_1m,1,static
35700,1,0,1,0,124,0,100,0,14,20,34,12,3,1,2,3,5,0,0,100,100,62,43,25,13,13,10,1,1787603743.1737013,G1,T01,sel_dentro_1m,1,static
35900,1,0,1,0,124,0,100,0,15,33,21,7,8,3,7,1,5,0,0,100,100,61,41,25,13,13,10,1,1787603743.3656466,G1,T01,sel_dentro_1m,1,static
36100,1,0,1,0,124,0,100,0,23,22,31,12,5,1,6,1,6,0,0,100,100,60,38,25,13,12,10,1,1787603743.5732126,G1,T01,sel_dentro_1m,1,static
36300,1,1,1,81,124,56,100,0,23,56,33,10,6,1,5,4,5,0,0,100,100,62,35,25,14,12,10,1,1787603743.7666337,G1,T01,sel_dentro_1m,1,static
36500,1,0,1,0,77,0,100,0,24,37,26,4,6,5,7,3,6,0,0,100,100,66,34,26,14,12,10,1,1787603743.9747176,G1,T01,sel_dentro_1m,1,static
36700,1,0,1,0,77,0,100,0,15,11,14,9,2,5,7,2,6,0,0,100,100,70,33,26,13,12,10,1,1787603744.1684926,G1,T01,sel_dentro_1m,1,static
36900,1,0,1,0,77,0,100,0,14,21,28,8,5,4,5,1,6,0,0,100,100,72,30,26,12,11,10,1,1787603744.3750224,G1,T01,sel_dentro_1m,1,static
37100,1,0,1,0,77,0,100,0,17,16,18,9,7,5,3,2,5,0,0,100,100,71,28,26,11,11,10,1,1787603744.5662785,G1,T01,sel_dentro_1m,1,static
37300,1,0,1,0,77,0,100,0,18,23,14,10,4,6,5,3,4,0,0,100,100,68,27,26,11,10,10,1,1787603744.7739465,G1,T01,sel_dentro_1m,1,static
37500,1,0,1,0,77,0,100,0,18,26,18,3,3,6,6,4,4,0,0,100,100,67,27,26,10,9,9,1,1787603744.9659793,G1,T01,sel_dentro_1m,1,static
37700,1,0,1,0,77,0,100,0,18,35,20,9,12,8,7,4,4,0,0,100,100,69,27,27,11,8,9,1,1787603745.1741595,G1,T01,sel_dentro_1m,1,static
37900,1,0,1,0,77,0,100,0,17,9,9,6,5,2,6,5,4,0,0,100,100,73,27,27,11,8,10,1,1787603745.3664172,G1,T01,sel_dentro_1m,1,static
38100,1,0,1,0,77,0,100,0,18,22,12,7,10,1,5,3,4,0,0,100,100,74,28,27,11,7,10,1,1787603745.5738266,G1,T01,sel_dentro_1m,1,static
38300,1,1,1,91,86,100,100,0,16,100,80,8,11,7,4,2,5,0,0,100,100,73,29,27,10,7,10,1,1787603745.7660463,G1,T01,sel_dentro_1m,1,static
38500,1,1,1,91,90,90,100,0,16,90,62,10,7,9,9,2,5,0,0,100,100,74,30,28,10,6,11,1,1787603745.974477,G1,T01,sel_dentro_1m,1,static
38700,1,1,1,83,87,53,100,0,17,53,31,9,8,4,7,1,6,0,0,100,100,73,29,29,10,6,11,1,1787603746.1657073,G1,T01,sel_dentro_1m,1,static
38900,1,0,1,0,83,0,100,0,19,16,13,5,5,4,3,1,5,0,0,100,100,72,27,29,10,5,11,1,1787603746.3742843,G1,T01,sel_dentro_1m,1,static
39100,1,0,1,0,83,0,100,0,19,14,13,9,5,3,3,1,6,0,0,100,100,70,26,28,10,5,10,1,1787603746.5656238,G1,T01,sel_dentro_1m,1,static
39300,1,0,1,0,83,0,100,0,15,27,21,7,4,2,1,2,7,0,0,100,100,68,25,27,10,5,11,1,1787603746.773805,G1,T01,sel_dentro_1m,1,static
39500,1,1,1,101,103,100,100,0,29,100,100,25,1,2,4,2,6,0,0,100,100,65,25,26,9,5,10,1,1787603746.9664574,G1,T01,sel_dentro_1m,1,static
39700,1,1,1,97,99,100,100,0,24,100,100,22,10,1,7,1,4,0,0,100,100,66,24,26,9,5,10,1,1787603747.1744318,G1,T01,sel_dentro_1m,1,static
39900,1,1,1,103,106,76,100,0,18,76,69,14,6,5,7,1,4,0,0,100,100,69,24,26,9,6,10,1,1787603747.3664844,G1,T01,sel_dentro_1m,1,static
40100,1,1,1,117,106,59,100,0,19,56,59,11,8,6,7,1,2,0,0,100,100,73,24,27,9,7,10,1,1787603747.5745456,G1,T01,sel_dentro_1m,1,static
40300,1,1,1,107,116,68,100,0,13,68,64,11,6,6,7,3,2,0,0,100,100,75,25,27,10,8,10,1,1787603747.7667725,G1,T01,sel_dentro_1m,1,static
40500,1,0,1,0,107,0,100,0,21,18,15,5,7,6,6,4,2,0,0,100,100,75,26,27,10,8,10,1,1787603747.9743302,G1,T01,sel_dentro_1m,1,static
40700,1,0,1,0,107,0,100,0,18,22,16,8,2,6,4,6,2,0,0,100,100,74,26,26,11,9,10,1,1787603748.1666775,G1,T01,sel_dentro_1m,1,static
40900,1,0,1,0,107,0,100,0,16,30,22,6,2,4,5,4,2,0,0,100,100,75,27,26,12,10,10,1,1787603748.3750381,G1,T01,sel_dentro_1m,1,static
41100,1,1,1,99,101,100,100,0,18,100,100,22,10,3,5,2,4,0,0,100,100,75,27,26,13,10,10,1,1787603748.5664535,G1,T01,sel_dentro_1m,1,static
41300,1,1,1,98,98,100,100,0,28,100,100,26,9,5,2,1,7,0,0,100,100,76,27,26,13,11,10,1,1787603748.7748477,G1,T01,sel_dentro_1m,1,static
41500,1,1,1,91,96,100,100,0,61,100,100,20,7,3,1,1,5,0,0,100,100,77,27,26,13,12,10,1,1787603748.9667318,G1,T01,sel_dentro_1m,1,static
41700,1,1,1,93,91,100,100,0,44,100,100,13,17,7,8,1,4,0,0,100,100,78,28,27,13,12,10,1,1787603749.1751997,G1,T01,sel_dentro_1m,1,static
41900,1,1,1,87,93,100,100,0,33,100,99,13,20,10,9,2,4,0,0,100,100,82,31,29,13,12,10,1,1787603749.365913,G1,T01,sel_dentro_1m,1,static
42100,1,1,1,85,86,100,100,0,33,100,79,7,12,6,6,3,2,0,0,100,100,87,34,31,13,13,10,1,1787603749.5734284,G1,T01,sel_dentro_1m,1,static
42300,1,1,1,89,87,100,100,0,18,100,76,12,10,10,4,4,3,0,0,100,100,90,36,32,14,13,10,1,1787603749.765406,G1,T01,sel_dentro_1m,1,static
42500,1,1,1,84,88,100,100,0,29,100,66,12,11,7,5,3,5,0,0,100,100,87,35,32,14,13,10,1,1787603749.9738152,G1,T01,sel_dentro_1m,1,static
42700,1,0,1,0,87,0,100,0,15,18,16,1,4,6,6,1,3,0,0,100,100,84,33,30,14,14,10,1,1787603750.1678534,G1,T01,sel_dentro_1m,1,static
42900,1,1,1,96,87,91,100,0,19,91,73,6,6,3,4,2,1,0,0,100,100,82,32,28,14,14,10,1,1787603750.3748367,G1,T01,sel_dentro_1m,1,static
43100,1,1,1,87,93,100,100,0,30,100,72,12,12,13,7,3,3,0,0,100,100,84,34,28,14,14,10,1,1787603750.5671916,G1,T01,sel_dentro_1m,1,static
43300,1,0,1,0,80,0,100,0,24,34,33,24,14,11,7,5,4,0,0,100,100,89,37,29,14,15,10,1,1787603750.7749336,G1,T01,sel_dentro_1m,1,static
43500,1,1,1,101,92,100,100,0,35,100,100,35,15,7,9,3,5,0,0,100,100,93,38,30,15,15,10,1,1787603750.9676163,G1,T01,sel_dentro_1m,1,static
43700,1,1,1,97,97,100,100,0,77,100,100,48,6,6,8,3,7,0,0,100,100,93,39,30,15,15,10,1,1787603751.1757963,G1,T01,sel_dentro_1m,1,static
43900,1,1,1,101,100,100,100,0,19,100,100,38,16,6,6,2,2,0,0,100,100,91,40,29,16,15,10,1,1787603751.36901,G1,T01,sel_dentro_1m,1,static
44100,1,1,1,100,99,100,100,0,68,100,100,28,2,8,4,3,2,0,0,100,100,87,41,28,16,15,10,1,1787603751.5603824,G1,T01,sel_dentro_1m,1,static
44300,1,1,1,99,101,100,100,0,40,100,100,22,11,10,1,4,4,0,0,100,100,86,43,28,16,15,10,1,1787603751.7689645,G1,T01,sel_dentro_1m,1,static
44500,1,1,1,104,101,100,100,0,20,100,100,24,16,10,3,4,6,0,0,100,100,89,45,28,15,15,10,1,1787603751.9607735,G1,T01,sel_dentro_1m,1,static
44700,1,1,1,104,105,95,100,0,15,95,87,19,8,4,4,3,7,0,0,100,100,93,47,29,15,15,10,1,1787603752.168777,G1,T01,sel_dentro_1m,1,static
44900,1,0,1,0,106,0,100,0,13,19,26,5,4,4,3,3,6,0,0,100,100,95,49,29,14,15,10,1,1787603752.3615682,G1,T01,sel_dentro_1m,1,static
45100,1,1,1,107,106,80,100,0,24,80,76,16,8,8,4,3,5,0,0,100,100,98,51,28,14,15,10,1,1787603752.5702522,G1,T01,sel_dentro_1m,1,static
45300,1,1,1,110,113,70,100,0,14,70,68,13,8,7,5,4,4,0,0,100,100,100,52,28,14,15,10,1,1787603752.761054,G1,T01,sel_dentro_1m,1,static
45500,1,1,1,96,110,55,100,0,21,55,46,15,11,2,4,4,6,0,0,100,100,100,54,27,14,14,10,1,1787603752.9689481,G1,T01,sel_dentro_1m,1,static
45700,1,1,1,103,99,99,100,0,18,99,88,19,9,1,4,4,6,0,0,100,100,100,53,26,13,14,10,1,1787603753.1607232,G1,T01,sel_dentro_1m,1,static
45900,1,1,1,105,106,100,100,0,21,100,100,26,10,3,5,2,6,0,0,100,100,95,49,23,13,14,10,1,1787603753.368476,G1,T01,sel_dentro_1m,1,static
46100,1,1,1,103,106,100,100,0,25,100,100,25,10,9,11,3,6,0,0,100,100,90,45,22,13,14,10,1,1787603753.560882,G1,T01,sel_dentro_1m,1,static
46300,1,1,1,101,101,84,100,0,20,84,73,13,11,6,8,2,5,0,0,100,100,87,44,22,13,15,10,1,1787603753.7691534,G1,T01,sel_dentro_1m,1,static
46500,1,1,1,92,99,56,100,0,17,56,42,14,14,9,6,2,3,0,0,100,100,92,46,23,13,15,10,1,1787603753.960897,G1,T01,sel_dentro_1m,1,static
46700,1,0,1,0,92,0,100,0,19,36,17,10,12,7,8,3,3,0,0,100,100,98,48,24,14,14,10,1,1787603754.16904,G1,T01,sel_dentro_1m,1,static
46900,1,0,1,0,92,0,100,0,14,24,29,20,2,9,5,3,4,0,0,100,100,99,50,26,15,14,10,1,1787603754.3607018,G1,T01,sel_dentro_1m,1,static
47100,1,0,1,0,92,0,100,0,18,27,13,12,4,8,1,4,4,0,0,100,100,99,51,26,16,14,10,1,1787603754.5688362,G1,T01,sel_dentro_1m,1,static
47300,1,0,1,0,92,0,100,0,19,24,12,6,4,6,2,2,5,0,0,100,100,96,51,25,16,14,10,1,1787603754.7611341,G1,T01,sel_dentro_1m,1,static
47500,1,0,1,0,92,0,100,0,20,24,31,6,5,4,2,2,3,0,0,100,100,93,52,23,15,14,11,1,1787603754.9689717,G1,T01,sel_dentro_1m,1,static
47700,1,0,1,0,92,0,100,0,13,21,20,1,10,7,1,5,3,0,0,100,100,91,50,22,15,13,11,1,1787603755.1752586,G1,T01,sel_dentro_1m,1,static
47900,1,0,1,0,92,0,100,0,16,19,12,8,8,8,2,5,2,0,0,100,100,91,49,22,15,12,11,1,1787603755.3682225,G1,T01,sel_dentro_1m,1,static
48100,1,0,1,0,92,0,100,0,14,30,21,12,6,6,1,5,4,0,0,100,100,95,50,22,15,11,11,1,1787603755.5603027,G1,T01,sel_dentro_1m,1,static
48300,1,0,1,0,92,0,100,0,24,28,25,14,9,4,2,3,4,0,0,100,100,94,49,21,15,10,10,1,1787603755.7687132,G1,T01,sel_dentro_1m,1,static
48500,1,1,1,140,133,42,100,0,19,29,42,19,9,7,6,3,4,0,0,100,100,91,47,21,15,9,10,1,1787603755.9613883,G1,T01,sel_dentro_1m,1,static
48700,1,1,1,90,140,52,100,0,17,52,39,11,14,10,10,1,5,0,0,100,100,88,48,23,15,8,10,1,1787603756.169291,G1,T01,sel_dentro_1m,1,static
48900,1,1,1,106,107,100,100,0,37,100,100,20,9,12,2,5,8,0,0,100,100,84,51,25,16,9,10,1,1787603756.3612294,G1,T01,sel_dentro_1m,1,static
49100,1,1,1,115,109,100,100,0,27,100,100,35,13,11,9,6,8,0,0,100,100,85,50,26,17,9,10,1,1787603756.5697567,G1,T01,sel_dentro_1m,1,static
49300,1,1,1,116,117,100,100,0,15,100,100,43,17,8,4,8,4,0,0,100,100,88,50,26,18,9,10,1,1787603756.7616816,G1,T01,sel_dentro_1m,1,static
49500,1,1,1,115,116,100,100,0,19,100,100,38,15,2,4,7,2,0,0,100,100,90,49,26,19,10,10,1,1787603756.9690537,G1,T01,sel_dentro_1m,1,static
49700,1,1,1,107,108,100,100,0,57,100,100,61,13,3,8,4,7,0,0,100,100,88,50,27,20,12,10,1,1787603757.1762712,G1,T01,sel_dentro_1m,1,static
49900,1,1,1,106,106,100,100,0,55,100,100,69,12,7,6,6,10,0,0,100,100,90,50,28,22,14,10,1,1787603757.3684275,G1,T01,sel_dentro_1m,1,static
50100,1,1,1,102,104,100,100,0,71,100,100,38,5,7,5,8,4,0,0,100,100,90,51,27,23,14,11,1,1787603757.5602536,G1,T01,sel_dentro_1m,1,static
50300,1,1,1,101,103,100,100,0,37,100,100,16,2,3,4,8,2,0,0,100,100,92,52,26,24,14,11,1,1787603757.768386,G1,T01,sel_dentro_1m,1,static
50500,1,1,1,117,105,52,100,0,14,50,52,9,2,6,3,7,3,0,0,100,100,88,51,25,25,14,11,1,1787603757.9608335,G1,T01,sel_dentro_1m,1,static
50700,1,1,1,120,129,61,100,0,17,56,61,12,4,8,2,5,3,0,0,100,100,85,50,23,25,15,11,1,1787603758.1679478,G1,T01,sel_dentro_1m,1,static
50900,1,0,1,0,123,0,100,0,15,28,37,12,3,6,3,5,2,0,0,100,100,85,48,22,25,15,10,1,1787603758.374545,G1,T01,sel_dentro_1m,1,static
51100,1,1,1,101,98,100,100,0,16,100,100,21,4,3,1,6,2,0,0,100,100,82,44,20,25,14,10,1,1787603758.5652144,G1,T01,sel_dentro_1m,1,static
51300,1,1,1,103,104,100,100,0,36,100,100,22,9,2,7,6,1,0,0,100,100,79,41,20,26,15,10,1,1787603758.773761,G1,T01,sel_dentro_1m,1,static
51500,1,1,1,97,103,70,100,0,14,70,57,13,9,5,7,6,2,0,0,100,100,77,40,20,26,15,10,1,1787603758.9665833,G1,T01,sel_dentro_1m,1,static
51700,1,1,1,103,102,100,100,0,38,100,100,18,4,10,8,5,3,0,0,100,100,76,42,21,26,16,10,1,1787603759.174137,G1,T01,sel_dentro_1m,1,static
51900,1,1,1,108,107,100,100,0,35,100,100,43,11,4,10,3,9,0,0,100,100,75,43,22,26,17,10,1,1787603759.366825,G1,T01,sel_dentro_1m,1,static
52100,1,1,1,108,110,100,100,0,17,100,100,38,10,1,12,2,9,0,0,100,100,76,42,23,27,20,11,1,1787603759.5750444,G1,T01,sel_dentro_1m,1,static
52300,1,0,1,0,105,0,100,0,18,22,7,3,3,2,7,3,6,0,0,100,100,77,41,25,27,22,11,1,1787603759.766302,G1,T01,sel_dentro_1m,1,static
52500,1,1,1,107,109,100,100,0,22,100,100,32,8,1,3,3,7,0,0,100,100,76,40,25,28,23,10,1,1787603759.9737341,G1,T01,sel_dentro_1m,1,static
52700,1,1,1,101,101,100,100,0,32,100,100,26,11,8,3,6,9,0,0,100,100,75,37,23,29,24,11,1,1787603760.1658123,G1,T01,sel_dentro_1m,1,static
52900,1,1,1,102,101,100,100,0,60,100,100,33,9,11,3,8,8,0,0,100,100,76,35,20,29,24,10,1,1787603760.3736758,G1,T01,sel_dentro_1m,1,static
53100,1,1,1,104,101,100,100,0,55,100,100,29,6,7,7,5,6,0,0,100,100,72,34,19,29,24,11,1,1787603760.565557,G1,T01,sel_dentro_1m,1,static
53300,1,1,1,104,105,100,100,0,35,100,100,32,1,2,6,5,5,0,0,100,100,65,33,21,29,25,10,1,1787603760.7742474,G1,T01,sel_dentro_1m,1,static
53500,1,1,1,99,104,100,100,0,18,100,100,13,8,5,10,6,5,0,0,100,100,62,34,24,28,25,10,1,1787603760.9667456,G1,T01,sel_dentro_1m,1,static
53700,1,1,1,100,99,98,100,0,20,98,83,13,2,2,7,6,7,0,0,100,100,60,33,25,28,25,10,1,1787603761.175452,G1,T01,sel_dentro_1m,1,static
53900,1,1,1,100,102,64,100,0,20,64,56,8,5,4,5,6,7,0,0,100,100,54,32,26,27,24,10,1,1787603761.36784,G1,T01,sel_dentro_1m,1,static
54100,1,1,1,107,101,92,100,0,31,92,88,16,7,4,7,9,6,0,0,100,100,51,30,26,26,23,10,1,1787603761.5604982,G1,T01,sel_dentro_1m,1,static
54300,1,0,1,0,116,0,100,0,15,18,13,8,12,6,8,7,7,0,0,100,100,50,29,26,25,23,10,1,1787603761.768995,G1,T01,sel_dentro_1m,1,static
54500,1,1,1,100,100,100,100,0,17,100,100,7,8,11,4,8,8,0,0,100,100,51,28,26,24,23,10,1,1787603761.9608405,G1,T01,sel_dentro_1m,1,static
54700,1,1,1,99,101,100,100,0,19,100,84,10,4,9,1,6,7,0,0,100,100,53,28,26,24,24,10,1,1787603762.169725,G1,T01,sel_dentro_1m,1,static
54900,1,0,1,0,97,0,100,0,20,21,16,9,5,5,4,7,5,0,0,100,100,55,28,26,24,24,10,1,1787603762.3609536,G1,T01,sel_dentro_1m,1,static
55100,1,0,1,0,97,0,100,0,22,43,36,10,4,4,5,6,5,0,0,100,100,57,27,27,23,25,10,1,1787603762.569717,G1,T01,sel_dentro_1m,1,static
55300,1,1,1,101,103,100,100,0,34,100,100,22,2,4,2,2,2,0,0,100,100,59,27,27,23,25,11,1,1787603762.7620218,G1,T01,sel_dentro_1m,1,static
55500,1,1,1,100,100,100,100,0,45,100,100,17,8,1,9,4,2,0,0,100,100,60,27,29,24,25,11,1,1787603762.9699926,G1,T01,sel_dentro_1m,1,static
55700,1,1,1,103,99,100,100,0,23,100,100,13,5,5,9,9,6,0,0,100,100,60,27,30,26,26,11,1,1787603763.1617947,G1,T01,sel_dentro_1m,1,static
55900,1,1,1,100,104,100,100,0,21,100,100,14,4,3,4,8,5,0,0,100,100,59,25,32,27,25,10,1,1787603763.3689537,G1,T01,sel_dentro_1m,1,static
56100,1,1,1,99,100,100,100,0,64,100,100,25,4,2,5,2,3,0,0,100,100,55,25,31,27,24,10,1,1787603763.576158,G1,T01,sel_dentro_1m,1,static
56300,1,0,1,0,96,0,100,0,20,9,21,8,5,3,5,2,3,0,0,100,100,50,24,30,26,23,10,1,1787603763.768491,G1,T01,sel_dentro_1m,1,static
56500,1,1,1,99,113,57,100,0,18,57,49,5,7,6,5,1,4,0,0,100,100,48,24,31,25,22,10,1,1787603763.9601696,G1,T01,sel_dentro_1m,1,static
56700,1,1,1,96,99,68,100,0,19,68,55,1,4,5,3,2,3,0,0,100,100,47,24,31,25,21,10,1,1787603764.1682193,G1,T01,sel_dentro_1m,1,static
56900,1,1,1,92,95,100,100,0,41,100,89,13,8,4,5,5,4,0,0,100,100,44,22,32,24,20,10,1,1787603764.3608062,G1,T01,sel_dentro_1m,1,static
57100,1,1,1,94,99,91,100,0,30,91,72,13,4,5,9,6,3,0,0,100,100,45,21,33,23,19,10,1,1787603764.56951,G1,T01,sel_dentro_1m,1,static
57300,1,1,1,96,98,100,100,0,36,100,94,11,5,6,9,8,2,0,0,100,100,47,21,32,23,18,10,1,1787603764.7618768,G1,T01,sel_dentro_1m,1,static
57500,1,0,1,0,96,0,100,0,15,32,27,5,5,8,3,7,3,0,0,100,100,47,20,30,23,17,10,1,1787603764.9700332,G1,T01,sel_dentro_1m,1,static
57700,1,0,1,0,96,0,100,0,14,34,32,6,4,7,2,8,2,0,0,100,100,48,20,29,23,17,10,1,1787603765.1617312,G1,T01,sel_dentro_1m,1,static
57900,1,1,1,96,96,78,100,0,22,78,63,11,8,7,2,9,4,0,0,100,100,49,20,29,23,16,10,1,1787603765.369594,G1,T01,sel_dentro_1m,1,static
58100,1,1,1,96,99,61,100,0,27,61,52,8,6,7,3,10,4,0,0,100,100,51,20,29,23,16,10,1,1787603765.5612092,G1,T01,sel_dentro_1m,1,static
58300,1,0,1,0,150,0,100,0,13,9,2,5,2,6,5,7,5,0,0,100,100,51,19,30,23,16,10,1,1787603765.7690256,G1,T01,sel_dentro_1m,1,static
58500,1,1,1,100,97,100,100,0,18,100,100,12,4,6,3,1,3,0,0,100,100,48,18,30,22,15,10,1,1787603765.961063,G1,T01,sel_dentro_1m,1,static
58700,1,1,1,99,99,100,100,0,36,100,100,13,8,5,4,2,3,0,0,100,100,44,17,30,23,15,10,1,1787603766.169259,G1,T01,sel_dentro_1m,1,static
58900,1,1,1,150,99,47,100,0,19,50,47,7,9,3,9,3,3,0,0,100,100,42,16,32,23,15,10,1,1787603766.361752,G1,T01,sel_dentro_1m,1,static
59100,1,1,1,90,150,100,100,0,36,100,83,9,4,4,3,4,2,0,0,100,100,39,16,32,23,14,10,1,1787603766.5699403,G1,T01,sel_dentro_1m,1,static
59300,1,1,1,96,96,100,100,0,60,100,100,15,7,4,1,8,3,0,0,100,100,37,14,31,23,14,10,1,1787603766.763693,G1,T01,sel_dentro_1m,1,static
59500,1,1,1,100,98,100,100,0,21,100,100,16,7,6,10,12,7,0,0,100,100,38,13,31,23,14,10,1,1787603766.970203,G1,T01,sel_dentro_1m,1,static
59700,1,1,1,99,100,100,100,0,22,100,100,18,8,6,6,9,9,0,0,100,100,39,13,32,23,14,10,1,1787603767.162069,G1,T01,sel_dentro_1m,1,static
59900,1,1,1,97,97,100,100,0,38,100,100,14,9,3,10,7,1,0,0,100,100,43,12,33,24,14,10,1,1787603767.3709629,G1,T01,sel_dentro_1m,1,static
60100,1,1,1,94,96,78,100,0,17,78,59,12,6,4,3,6,1,0,0,100,100,47,11,35,25,15,10,1,1787603767.562571,G1,T01,sel_dentro_1m,1,static
60300,1,0,1,0,94,0,100,0,23,17,8,8,2,2,2,6,1,0,0,100,100,50,11,37,27,16,10,1,1787603767.7708976,G1,T01,sel_dentro_1m,1,static
60500,1,1,1,90,94,71,100,0,13,71,48,9,2,2,1,6,1,0,0,100,100,52,10,38,29,17,10,1,1787603767.962513,G1,T01,sel_dentro_1m,1,static
60700,1,1,1,93,92,100,100,0,24,100,100,7,12,6,5,4,2,0,0,100,100,55,11,39,31,17,10,1,1787603768.1698759,G1,T01,sel_dentro_1m,1,static
60900,1,1,1,91,94,100,100,0,32,100,100,6,10,8,8,4,4,0,0,100,100,59,12,39,32,18,10,1,1787603768.3625243,G1,T01,sel_dentro_1m,1,static
61100,1,1,1,89,90,100,100,0,56,100,100,9,5,7,9,6,4,0,0,100,100,60,12,40,33,18,10,1,1787603768.570678,G1,T01,sel_dentro_1m,1,static
61300,1,1,1,90,91,100,100,0,60,100,100,10,8,5,4,6,6,0,0,100,100,61,13,40,34,17,10,1,1787603768.7642581,G1,T01,sel_dentro_1m,1,static
61500,1,1,1,99,93,100,100,0,15,100,87,10,7,9,7,5,3,0,0,100,100,61,14,41,33,17,10,1,1787603768.9705591,G1,T01,sel_dentro_1m,1,static
61700,1,0,1,0,115,0,100,0,13,27,23,3,5,7,9,3,5,0,0,100,100,61,15,41,33,16,10,1,1787603769.1628516,G1,T01,sel_dentro_1m,1,static
61900,1,0,1,0,115,0,100,0,21,16,12,9,7,5,7,3,5,0,0,100,100,61,15,41,32,16,10,1,1787603769.3710504,G1,T01,sel_dentro_1m,1,static
62100,1,1,1,133,115,46,100,0,21,32,46,9,9,8,3,1,5,0,0,100,100,61,15,41,31,15,10,1,1787603769.5627725,G1,T01,sel_dentro_1m,1,static
62300,1,1,1,92,133,67,100,0,15,67,48,13,6,5,7,2,5,0,0,100,100,62,18,41,31,15,10,1,1787603769.7700453,G1,T01,sel_dentro_1m,1,static
62500,1,1,1,120,93,42,100,0,16,39,42,10,8,5,8,2,6,0,0,100,100,64,20,41,31,15,10,1,1787603769.9618425,G1,T01,sel_dentro_1m,1,static
62700,1,0,1,0,120,0,100,0,18,14,9,12,7,5,7,4,4,0,0,100,100,65,23,42,30,14,10,1,1787603770.169999,G1,T01,sel_dentro_1m,1,static
62900,1,1,1,80,120,61,100,0,28,61,38,8,12,5,8,3,4,0,0,100,100,67,25,42,29,14,10,1,1787603770.3614218,G1,T01,sel_dentro_1m,1,static
63100,1,0,1,0,80,0,100,0,23,46,23,9,8,9,7,3,4,0,0,100,100,72,29,42,29,14,10,1,1787603770.5689063,G1,T01,sel_dentro_1m,1,static
63300,1,1,1,85,83,82,100,0,20,82,48,6,7,9,3,5,5,0,0,100,100,76,32,43,29,14,10,1,1787603770.7648818,G1,T01,sel_dentro_1m,1,static
63500,1,1,1,90,90,100,100,0,21,100,85,10,10,5,2,5,5,0,0,100,100,78,34,42,28,14,10,1,1787603770.9678066,G1,T01,sel_dentro_1m,1,static
63700,1,1,1,91,89,100,100,0,24,100,98,11,5,1,7,5,4,0,0,100,100,78,34,40,26,12,10,1,1787603771.1761625,G1,T01,sel_dentro_1m,1,static
63900,1,1,1,93,92,100,100,0,40,100,100,4,6,1,8,7,5,0,0,100,100,75,35,39,25,11,11,1,1787603771.3681774,G1,T01,sel_dentro_1m,1,static
64100,1,1,1,95,96,100,100,0,45,100,100,21,10,9,11,8,2,0,0,100,100,76,37,38,24,11,11,1,1787603771.576792,G1,T01,sel_dentro_1m,1,static
64300,1,1,1,97,95,100,100,0,100,100,100,24,13,7,5,7,3,0,0,100,100,79,39,38,24,10,11,1,1787603771.769439,G1,T01,sel_dentro_1m,1,static
64500,1,1,1,100,97,100,100,0,18,100,100,34,10,7,9,7,9,0,0,100,100,79,39,37,23,10,11,1,1787603771.9691126,G1,T01,sel_dentro_1m,1,static
64700,1,1,1,99,100,100,100,0,69,100,100,23,9,4,7,7,7,0,0,100,100,78,39,38,23,10,11,1,1787603772.1700616,G1,T01,sel_dentro_1m,1,static
64900,1,1,1,101,102,57,100,0,13,57,49,5,8,5,7,7,5,0,0,100,100,77,38,38,22,10,10,1,1787603772.3759944,G1,T01,sel_dentro_1m,1,static
65100,1,1,1,96,90,100,100,0,38,100,100,13,6,6,6,6,3,0,0,100,100,77,38,38,21,11,10,1,1787603772.571445,G1,T01,sel_dentro_1m,1,static
65300,1,1,1,98,96,100,100,0,35,100,100,10,6,7,5,6,1,0,0,100,100,76,37,37,21,11,10,1,1787603772.7747452,G1,T01,sel_dentro_1m,1,static
65500,1,1,1,99,97,100,100,0,50,100,100,15,8,8,2,8,2,0,0,100,100,75,35,36,22,12,10,1,1787603772.9729197,G1,T01,sel_dentro_1m,1,static
65700,1,1,1,93,100,82,100,0,24,82,62,1,9,7,6,5,4,0,0,100,100,75,35,36,23,13,10,1,1787603773.1758444,G1,T01,sel_dentro_1m,1,static
65900,1,0,1,0,100,0,100,0,15,15,5,9,8,7,5,7,4,0,0,100,100,74,35,37,24,14,10,1,1787603773.3747709,G1,T01,sel_dentro_1m,1,static
66100,1,1,1,96,94,54,100,0,19,54,44,10,7,7,6,5,3,0,0,100,100,74,35,37,24,14,11,1,1787603773.57539,G1,T01,sel_dentro_1m,1,static
66300,1,1,1,94,96,81,100,0,16,81,61,2,8,7,5,5,4,0,0,100,100,72,33,36,25,14,11,1,1787603773.7756777,G1,T01,sel_dentro_1m,1,static
66500,1,0,1,0,101,0,100,0,17,37,36,6,3,6,2,4,4,0,0,100,100,71,30,35,25,15,11,1,1787603773.9750311,G1,T01,sel_dentro_1m,1,static
66700,1,1,1,100,101,66,100,0,22,66,57,5,5,5,2,6,4,0,0,100,100,70,28,34,25,15,11,1,1787603774.1761127,G1,T01,sel_dentro_1m,1,static
66900,1,0,1,0,93,0,100,0,17,23,9,1,5,4,4,7,3,0,0,100,100,66,25,33,25,15,11,1,1787603774.37495,G1,T01,sel_dentro_1m,1,static
67100,1,0,1,0,93,0,100,0,17,15,10,8,7,5,2,7,3,0,0,100,100,61,22,32,25,15,10,1,1787603774.5676339,G1,T01,sel_dentro_1m,1,static
67300,1,0,1,0,93,0,100,0,24,24,7,8,6,5,5,5,3,0,0,100,100,56,19,31,25,15,11,1,1787603774.7760289,G1,T01,sel_dentro_1m,1,static
67500,1,1,1,94,93,86,100,0,20,86,66,6,7,9,4,5,3,0,0,100,100,53,17,30,25,15,10,1,1787603774.9681132,G1,T01,sel_dentro_1m,1,static
67700,1,1,1,99,99,100,100,0,26,100,100,13,5,8,3,4,2,0,0,100,100,50,16,29,25,15,10,1,1787603775.1764777,G1,T01,sel_dentro_1m,1,static
67900,1,0,1,0,100,0,100,0,17,13,7,10,6,8,4,5,2,0,0,100,100,48,15,29,24,15,10,1,1787603775.369309,G1,T01,sel_dentro_1m,1,static
68100,1,0,1,0,100,0,100,0,19,40,34,2,8,8,6,6,2,0,0,100,100,43,12,27,22,14,10,1,1787603775.5608082,G1,T01,sel_dentro_1m,1,static
68300,1,1,1,97,89,100,100,0,27,100,92,9,9,6,2,5,4,0,0,100,100,37,10,25,20,13,10,1,1787603775.7690442,G1,T01,sel_dentro_1m,1,static
68500,1,1,1,97,97,78,100,0,28,78,66,9,9,7,1,10,3,0,0,100,100,33,9,23,19,12,10,1,1787603775.9733067,G1,T01,sel_dentro_1m,1,static
68700,1,0,1,0,97,0,100,0,19,36,31,4,5,6,2,9,5,0,0,100,100,29,9,21,18,12,10,1,1787603776.1659336,G1,T01,sel_dentro_1m,1,static
68900,1,0,1,0,96,0,100,0,14,34,37,8,6,5,5,8,5,0,0,100,100,26,8,20,17,11,11,1,1787603776.3742743,G1,T01,sel_dentro_1m,1,static
69100,1,1,1,99,98,100,100,0,34,100,100,15,4,11,4,4,3,0,0,100,100,22,8,19,16,10,11,1,1787603776.5667255,G1,T01,sel_dentro_1m,1,static
69300,1,1,1,100,100,100,100,0,69,100,100,28,4,4,9,6,6,0,0,100,100,21,9,20,17,11,11,1,1787603776.775051,G1,T01,sel_dentro_1m,1,static
69500,1,1,1,102,101,100,100,0,27,100,100,26,9,3,8,12,12,0,0,100,100,21,9,22,19,12,11,1,1787603776.966636,G1,T01,sel_dentro_1m,1,static
69700,1,1,1,102,102,100,100,0,15,100,100,17,3,5,3,6,5,0,0,100,100,21,9,25,21,14,10,1,1787603777.1750174,G1,T01,sel_dentro_1m,1,static
69900,1,1,1,100,102,100,100,0,37,100,100,18,6,7,5,7,4,0,0,100,100,20,9,28,23,16,10,1,1787603777.3668044,G1,T01,sel_dentro_1m,1,static
70100,1,1,1,96,101,100,100,0,31,100,91,9,6,8,6,5,3,0,0,100,100,20,9,30,25,17,10,1,1787603777.5737665,G1,T01,sel_dentro_1m,1,static
70300,1,0,1,0,96,0,100,0,20,48,36,9,8,4,7,6,2,0,0,100,100,20,9,32,26,19,10,1,1787603777.770599,G1,T01,sel_dentro_1m,1,static
70500,1,0,1,0,91,0,100,0,21,17,3,6,7,3,11,4,4,0,0,100,100,19,9,35,28,20,10,1,1787603777.9741051,G1,T01,sel_dentro_1m,1,static
70700,1,1,1,100,99,100,100,0,38,100,100,17,4,7,5,4,5,0,0,100,100,19,9,37,28,21,10,1,1787603778.1664596,G1,T01,sel_dentro_1m,1,static
70900,1,1,1,101,100,100,100,0,19,100,100,42,1,2,8,9,8,0,0,100,100,19,11,38,29,22,10,1,1787603778.3746443,G1,T01,sel_dentro_1m,1,static
71100,1,1,1,99,100,100,100,0,100,100,100,34,7,6,10,8,9,0,0,100,100,19,11,40,31,23,10,1,1787603778.5666773,G1,T01,sel_dentro_1m,1,static
71300,1,1,1,99,99,100,100,0,60,100,100,27,13,4,9,8,6,0,0,100,100,22,11,42,33,24,11,1,1787603778.774367,G1,T01,sel_dentro_1m,1,static
71500,1,1,1,102,101,100,100,0,16,100,100,10,6,6,5,5,4,0,0,100,100,27,13,44,35,25,10,1,1787603778.9669151,G1,T01,sel_dentro_1m,1,static
71700,1,1,1,97,93,100,100,0,31,100,100,13,6,4,6,4,7,0,0,100,100,31,14,44,36,26,10,1,1787603779.1748517,G1,T01,sel_dentro_1m,1,static
71900,1,1,1,94,96,100,100,0,19,100,78,6,10,3,6,7,6,0,0,100,100,32,14,44,37,26,11,1,1787603779.3671558,G1,T01,sel_dentro_1m,1,static
72100,1,1,1,99,95,100,100,0,25,100,100,16,8,6,11,8,9,0,0,100,100,33,15,45,39,27,11,1,1787603779.5732298,G1,T01,sel_dentro_1m,1,static
72300,1,1,1,100,99,100,100,0,59,100,100,21,8,10,6,8,8,0,0,100,100,33,15,47,40,27,11,1,1787603779.7719357,G1,T01,sel_dentro_1m,1,static
72500,1,1,1,101,101,100,100,0,40,100,100,16,9,6,9,5,8,0,0,100,100,34,16,50,41,29,10,1,1787603779.9728527,G1,T01,sel_dentro_1m,1,static
72700,1,1,1,103,103,100,100,0,22,100,100,16,3,3,5,6,8,0,0,100,100,37,16,52,42,30,10,1,1787603780.164288,G1,T01,sel_dentro_1m,1,static
72900,1,1,1,103,103,100,100,0,17,100,100,32,5,8,7,6,4,0,0,100,100,38,16,54,44,31,10,1,1787603780.3730092,G1,T01,sel_dentro_1m,1,static
73100,1,1,1,100,100,100,100,0,60,100,100,24,5,7,8,7,2,0,0,100,100,39,16,56,46,33,10,1,1787603780.5650632,G1,T01,sel_dentro_1m,1,static
73300,1,1,1,96,99,100,100,0,42,100,100,10,3,6,8,5,3,0,0,100,100,40,16,56,46,33,10,1,1787603780.7733865,G1,T01,sel_dentro_1m,1,static
73500,1,1,1,101,96,100,100,0,19,100,100,2,6,8,6,6,3,0,0,100,100,40,16,54,45,33,10,1,1787603780.966288,G1,T01,sel_dentro_1m,1,static
73700,1,1,1,97,99,100,100,0,36,100,100,12,7,7,3,7,4,0,0,100,100,40,16,52,44,31,10,1,1787603781.1751828,G1,T01,sel_dentro_1m,1,static
73900,1,1,1,100,101,100,100,0,29,100,100,17,3,6,1,6,4,0,0,100,100,39,17,50,42,30,10,1,1787603781.3665721,G1,T01,sel_dentro_1m,1,static
74100,1,0,1,0,100,0,100,0,16,32,18,2,2,3,1,7,5,0,0,100,100,38,17,48,40,29,10,1,1787603781.5749187,G1,T01,sel_dentro_1m,1,static
74300,1,1,1,94,100,87,100,0,20,87,66,5,3,5,1,6,7,0,0,100,100,38,17,46,39,28,10,1,1787603781.773522,G1,T01,sel_dentro_1m,1,static
74500,1,1,1,104,95,51,100,0,16,51,47,11,3,5,1,7,6,0,0,100,100,38,18,44,39,27,10,1,1787603781.9762173,G1,T01,sel_dentro_1m,1,static
74700,1,1,1,90,104,53,100,0,18,53,39,7,2,5,2,6,7,0,0,100,100,38,17,42,38,27,10,1,1787603782.1700933,G1,T01,sel_dentro_1m,1,static
74900,1,1,1,99,99,100,100,0,20,100,100,12,7,6,4,5,7,0,0,100,100,38,16,42,37,27,10,1,1787603782.3613832,G1,T01,sel_dentro_1m,1,static
75100,1,1,1,107,103,79,100,0,22,79,75,6,6,4,3,4,7,0,0,100,100,38,16,41,36,26,10,1,1787603782.5691462,G1,T01,sel_dentro_1m,1,static
75300,1,1,1,100,103,100,100,0,32,100,100,19,1,9,1,4,4,0,0,100,100,36,16,39,34,26,10,1,1787603782.777166,G1,T01,sel_dentro_1m,1,static
75500,1,1,1,96,97,100,100,0,32,100,100,10,5,6,4,6,2,0,0,100,100,31,16,37,32,25,10,1,1787603782.9687731,G1,T01,sel_dentro_1m,1,static
75700,1,1,1,96,94,84,100,0,25,84,68,9,7,7,8,5,1,0,0,100,100,29,16,37,31,26,10,1,1787603783.1603324,G1,T01,sel_dentro_1m,1,static
75900,1,0,1,0,96,0,100,0,20,16,10,5,6,8,4,6,1,0,0,100,100,28,17,36,30,26,10,1,1787603783.3676317,G1,T01,sel_dentro_1m,1,static
76100,1,1,1,105,107,100,100,0,16,100,96,10,6,4,6,5,2,0,0,100,100,29,17,34,29,25,10,1,1787603783.57548,G1,T01,sel_dentro_1m,1,static
76300,1,0,1,0,103,0,100,0,16,41,36,10,6,4,3,4,4,0,0,100,100,30,17,32,27,25,10,1,1787603783.775622,G1,T01,sel_dentro_1m,1,static
76500,1,1,1,104,103,61,100,0,14,61,55,3,6,2,3,5,4,0,0,100,100,29,18,31,26,25,10,1,1787603783.9761615,G1,T01,sel_dentro_1m,1,static
76700,1,1,1,99,100,90,100,0,13,90,75,12,4,4,2,6,6,0,0,100,100,28,18,28,24,24,10,1,1787603784.1684778,G1,T01,sel_dentro_1m,1,static
76900,1,1,1,100,97,100,100,0,18,100,100,26,7,10,3,7,7,0,0,100,100,28,18,26,23,23,10,1,1787603784.376811,G1,T01,sel_dentro_1m,1,static
77100,1,1,1,99,100,100,100,0,42,100,100,23,8,9,7,8,9,0,0,100,100,29,19,26,23,23,10,1,1787603784.5692573,G1,T01,sel_dentro_1m,1,static
77300,1,1,1,96,96,100,100,0,41,100,100,11,4,3,8,8,8,0,0,100,100,29,19,27,23,23,10,1,1787603784.7753005,G1,T01,sel_dentro_1m,1,static
77500,1,1,1,93,95,100,100,0,37,100,84,10,4,3,6,5,7,0,0,100,100,28,19,27,24,24,10,1,1787603784.968946,G1,T01,sel_dentro_1m,1,static
77700,1,1,1,96,93,100,100,0,24,100,91,3,4,3,3,4,4,0,0,100,100,27,20,29,23,24,11,1,1787603785.176527,G1,T01,sel_dentro_1m,1,static
77900,1,1,1,99,97,100,100,0,52,100,100,16,3,9,3,7,5,0,0,100,100,28,20,28,23,24,11,1,1787603785.3686566,G1,T01,sel_dentro_1m,1,static
78100,1,1,1,101,101,100,100,0,18,100,100,26,3,8,9,6,6,0,0,100,100,29,21,28,23,23,11,1,1787603785.576859,G1,T01,sel_dentro_1m,1,static
78300,1,1,1,100,101,100,100,0,55,100,100,26,7,4,8,4,3,0,0,100,100,30,21,29,23,24,11,1,1787603785.7767413,G1,T01,sel_dentro_1m,1,static
78500,1,1,1,100,99,100,100,0,58,100,100,15,6,3,9,4,4,0,0,100,100,31,22,31,24,24,10,1,1787603785.97555,G1,T01,sel_dentro_1m,1,static
78700,1,1,1,95,97,100,100,0,22,100,100,2,7,8,3,2,6,0,0,100,100,34,24,32,24,25,10,1,1787603786.1678948,G1,T01,sel_dentro_1m,1,static
78900,1,1,1,99,95,100,100,0,16,100,100,18,13,7,5,3,6,0,0,100,100,37,28,33,25,25,10,1,1787603786.3764877,G1,T01,sel_dentro_1m,1,static
79100,1,1,1,101,99,100,100,0,20,100,100,18,9,8,3,6,5,0,0,100,100,40,32,33,25,24,10,1,1787603786.56644,G1,T01,sel_dentro_1m,1,static
79300,1,1,1,129,107,73,100,0,16,60,73,25,10,7,3,7,3,0,0,100,100,44,34,33,26,24,10,1,1787603786.7735844,G1,T01,sel_dentro_1m,1,static
79500,1,0,1,0,121,0,100,0,20,17,15,5,6,8,4,6,2,0,0,100,100,48,36,34,27,23,10,1,1787603786.9662087,G1,T01,sel_dentro_1m,1,static
79700,1,1,1,150,121,41,100,0,20,47,41,14,7,2,1,7,3,0,0,100,100,50,37,33,28,22,10,1,1787603787.174591,G1,T01,sel_dentro_1m,1,static
79900,1,1,1,110,104,88,100,0,22,88,86,23,8,4,3,4,7,0,0,100,100,52,38,33,28,21,10,1,1787603787.3675516,G1,T01,sel_dentro_1m,1,static
80100,1,1,1,98,99,100,100,0,40,100,100,12,16,12,3,4,6,0,0,100,100,57,40,33,28,22,10,1,1787603787.5746672,G1,T01,sel_dentro_1m,1,static
80300,1,1,1,103,104,100,100,0,44,100,100,24,13,10,7,2,1,0,0,100,100,59,42,34,30,22,10,1,1787603787.7666092,G1,T01,sel_dentro_1m,1,static
80500,1,1,1,102,102,100,100,0,41,100,100,28,3,6,8,6,6,0,0,100,100,60,43,36,31,23,10,1,1787603787.9751472,G1,T01,sel_dentro_1m,1,static
80700,1,1,1,101,101,100,100,0,17,100,100,24,4,4,8,8,8,0,0,100,100,59,43,37,33,24,11,1,1787603788.166418,G1,T01,sel_dentro_1m,1,static
80900,1,1,1,98,100,100,100,0,28,100,100,12,8,8,8,7,9,0,0,100,100,59,44,39,33,24,11,1,1787603788.373586,G1,T01,sel_dentro_1m,1,static
81100,1,1,1,102,101,100,100,0,19,100,100,17,7,3,3,6,7,0,0,100,100,58,45,39,32,23,11,1,1787603788.5661368,G1,T01,sel_dentro_1m,1,static
81300,1,1,1,103,100,72,100,0,18,72,65,8,6,2,2,5,6,0,0,100,100,57,45,38,31,22,10,1,1787603788.7745724,G1,T01,sel_dentro_1m,1,static
81500,1,0,1,0,103,0,100,0,21,15,6,5,5,2,2,5,7,0,0,100,100,57,45,36,31,21,10,1,1787603788.9664404,G1,T01,sel_dentro_1m,1,static
81700,1,1,1,93,103,100,100,0,20,100,77,1,6,1,4,1,7,0,0,100,100,57,45,34,30,20,10,1,1787603789.1747303,G1,T01,sel_dentro_1m,1,static
81900,1,1,1,100,100,100,100,0,24,100,100,19,7,2,7,4,8,0,0,100,100,57,44,34,30,19,10,1,1787603789.3659718,G1,T01,sel_dentro_1m,1,static
82100,1,1,1,99,100,94,100,0,19,94,78,12,5,2,9,7,8,0,0,100,100,57,44,34,29,19,10,1,1787603789.573482,G1,T01,sel_dentro_1m,1,static
82300,1,1,1,99,94,89,100,0,20,89,75,11,3,4,4,9,8,0,0,100,100,55,44,33,29,18,10,1,1787603789.7649848,G1,T01,sel_dentro_1m,1,static
82500,1,0,1,0,99,0,100,0,17,25,30,2,9,3,3,3,9,0,0,100,100,54,43,32,29,17,10,1,1787603789.972813,G1,T01,sel_dentro_1m,1,static
82700,1,1,1,103,108,100,100,0,17,100,95,12,2,3,4,3,7,0,0,100,100,53,41,30,28,16,10,1,1787603790.165815,G1,T01,sel_dentro_1m,1,static
82900,1,0,1,0,109,0,100,0,18,43,40,8,4,3,4,3,8,0,0,100,100,49,37,28,27,15,10,1,1787603790.372035,G1,T01,sel_dentro_1m,1,static
83100,1,1,1,105,106,100,100,0,19,100,100,13,9,5,6,3,6,0,0,100,100,45,34,28,26,15,10,1,1787603790.5643916,G1,T01,sel_dentro_1m,1,static
83300,1,1,1,103,106,100,100,0,20,100,100,14,5,4,8,1,6,0,0,100,100,42,31,28,25,16,10,1,1787603790.7724288,G1,T01,sel_dentro_1m,1,static
83500,1,1,1,102,103,100,100,0,23,100,100,12,9,6,2,2,5,0,0,100,100,38,29,28,25,17,10,1,1787603790.9658213,G1,T01,sel_dentro_1m,1,static
83700,1,1,1,100,101,100,100,0,40,100,100,19,4,6,5,2,4,0,0,100,100,37,27,30,24,18,10,1,1787603791.172222,G1,T01,sel_dentro_1m,1,static
83900,1,1,1,99,94,74,100,0,20,74,63,11,2,8,5,5,2,0,0,100,100,34,26,32,25,19,10,1,1787603791.3640416,G1,T01,sel_dentro_1m,1,static
84100,1,1,1,101,99,100,100,0,40,100,100,21,5,6,10,5,2,0,0,100,100,29,23,34,26,20,10,1,1787603791.5720193,G1,T01,sel_dentro_1m,1,static
84300,1,1,1,99,101,100,100,0,42,100,100,9,9,8,6,5,3,0,0,100,100,28,22,34,26,20,10,1,1787603791.7646577,G1,T01,sel_dentro_1m,1,static
84500,1,1,1,96,99,100,100,0,37,100,100,10,12,8,6,3,8,0,0,100,100,32,23,36,27,21,10,1,1787603791.9732127,G1,T01,sel_dentro_1m,1,static
84700,1,1,1,100,96,100,100,0,22,100,100,16,10,4,8,8,8,0,0,100,100,37,25,37,27,21,10,1,1787603792.1650944,G1,T01,sel_dentro_1m,1,static
84900,1,1,1,100,100,81,100,0,16,81,69,8,9,5,9,9,8,0,0,100,100,42,25,37,28,22,10,1,1787603792.373915,G1,T01,sel_dentro_1m,1,static
85100,1,1,1,103,104,100,100,0,16,100,100,15,7,9,5,7,7,0,0,100,100,46,25,37,29,22,10,1,1787603792.5657892,G1,T01,sel_dentro_1m,1,static
85300,1,1,1,99,101,63,100,0,18,63,54,11,4,7,4,6,7,0,0,100,100,50,26,37,28,23,10,1,1787603792.773995,G1,T01,sel_dentro_1m,1,static
85500,1,1,1,113,99,56,100,0,18,56,56,10,10,3,3,6,7,0,0,100,100,52,27,37,28,23,10,1,1787603792.9680154,G1,T01,sel_dentro_1m,1,static
85700,1,0,1,0,108,0,100,0,18,37,38,5,9,3,3,5,7,0,0,100,100,54,28,37,28,24,10,1,1787603793.1748707,G1,T01,sel_dentro_1m,1,static
85900,1,0,1,0,108,0,100,0,19,13,13,7,9,5,4,4,7,0,0,100,100,56,27,37,27,24,10,1,1787603793.3670957,G1,T01,sel_dentro_1m,1,static
86100,1,0,1,0,108,0,100,0,15,39,37,7,8,6,5,2,6,0,0,100,100,58,27,37,26,24,10,1,1787603793.5750241,G1,T01,sel_dentro_1m,1,static
86300,1,1,1,94,108,81,100,0,18,81,63,9,4,6,6,1,7,0,0,100,100,60,27,37,25,24,10,1,1787603793.7679267,G1,T01,sel_dentro_1m,1,static
86500,1,1,1,116,97,42,100,0,17,41,42,8,3,6,4,5,5,0,0,100,100,60,27,36,25,23,10,1,1787603793.9747605,G1,T01,sel_dentro_1m,1,static
86700,1,1,1,105,114,93,100,0,15,93,85,10,11,7,5,1,4,0,0,100,100,60,28,36,25,23,10,1,1787603794.1669261,G1,T01,sel_dentro_1m,1,static
86900,1,1,1,101,101,100,100,0,43,100,100,22,9,11,7,5,1,0,0,100,100,63,30,37,26,24,10,1,1787603794.3746834,G1,T01,sel_dentro_1m,1,static
87100,1,1,1,103,103,100,100,0,56,100,100,48,9,3,9,6,6,0,0,100,100,68,32,40,27,26,10,1,1787603794.5648713,G1,T01,sel_dentro_1m,1,static
87300,1,1,1,100,103,100,100,0,86,100,100,38,8,9,6,8,9,0,0,100,100,68,33,42,28,27,10,1,1787603794.772832,G1,T01,sel_dentro_1m,1,static
87500,1,1,1,99,100,100,100,0,61,100,100,19,12,4,6,7,6,0,0,100,100,67,33,42,29,27,10,1,1787603794.9704971,G1,T01,sel_dentro_1m,1,static
87700,1,1,1,97,99,100,100,0,26,100,100,6,3,9,9,7,2,0,0,100,100,68,34,41,29,25,10,1,1787603795.173908,G1,T01,sel_dentro_1m,1,static
87900,1,1,1,91,93,100,100,0,40,100,100,10,11,7,10,5,2,0,0,100,100,69,33,40,29,25,10,1,1787603795.3662326,G1,T01,sel_dentro_1m,1,static
88100,1,1,1,93,92,100,100,0,18,100,80,22,7,7,7,4,3,0,0,100,100,71,34,40,28,24,10,1,1787603795.575102,G1,T01,sel_dentro_1m,1,static
88300,1,0,1,0,114,0,100,0,27,38,14,9,8,8,4,3,3,0,0,100,100,70,34,39,26,23,10,1,1787603795.766982,G1,T01,sel_dentro_1m,1,static
88500,1,1,1,100,97,100,100,0,28,100,100,15,8,3,3,4,3,0,0,100,100,68,33,37,25,21,10,1,1787603795.975528,G1,T01,sel_dentro_1m,1,static
88700,1,1,1,88,89,85,100,0,22,85,56,8,13,7,5,5,3,0,0,100,100,66,32,35,23,19,10,1,1787603796.166249,G1,T01,sel_dentro_1m,1,static
88900,1,1,1,90,87,100,100,0,44,100,100,3,9,7,5,6,4,0,0,100,100,63,32,33,22,18,10,1,1787603796.372754,G1,T01,sel_dentro_1m,1,static
89100,1,1,1,96,93,100,100,0,23,100,100,10,3,3,9,4,8,0,0,100,100,58,32,33,21,17,10,1,1787603796.5655522,G1,T01,sel_dentro_1m,1,static
89300,1,1,1,96,96,100,100,0,54,100,100,13,6,3,8,6,7,0,0,100,100,54,30,33,22,16,10,1,1787603796.773623,G1,T01,sel_dentro_1m,1,static
89500,1,1,1,97,100,100,100,0,19,100,100,7,8,2,7,6,6,0,0,100,100,52,29,34,23,16,10,1,1787603796.9728181,G1,T01,sel_dentro_1m,1,static
89700,1,0,1,0,93,0,100,0,17,24,22,6,5,4,6,7,6,0,0,100,100,50,28,34,24,16,10,1,1787603797.172729,G1,T01,sel_dentro_1m,1,static
89900,1,0,1,0,93,0,100,0,15,11,11,3,4,4,4,5,8,0,0,100,100,48,28,34,25,16,10,1,1787603797.3651037,G1,T01,sel_dentro_1m,1,static
90100,1,1,1,100,103,100,100,0,17,100,96,8,7,6,5,6,6,0,0,100,100,47,27,34,26,16,10,1,1787603797.57347,G1,T01,sel_dentro_1m,1,static
90300,1,0,1,0,100,0,100,0,17,43,32,7,4,4,6,6,5,0,0,100,100,47,27,34,27,16,10,1,1787603797.7637303,G1,T01,sel_dentro_1m,1,static
90500,1,1,1,102,100,75,100,0,17,75,67,1,9,5,7,6,7,0,0,100,100,47,26,34,28,17,10,1,1787603797.9742174,G1,T01,sel_dentro_1m,1,static
90700,1,1,1,100,102,100,100,0,60,100,100,32,3,7,7,5,3,0,0,100,100,47,27,36,29,18,10,1,1787603798.1637387,G1,T01,sel_dentro_1m,1,static
90900,1,1,1,97,98,100,100,0,92,100,100,22,6,3,7,5,5,0,0,100,100,44,25,36,29,18,10,1,1787603798.3718605,G1,T01,sel_dentro_1m,1,static
91100,1,1,1,99,98,100,100,0,16,100,100,10,8,3,12,6,10,0,0,100,100,39,25,37,29,18,10,1,1787603798.563953,G1,T01,sel_dentro_1m,1,static
91300,1,1,1,97,97,100,100,0,23,100,100,6,10,5,2,8,7,0,0,100,100,40,26,36,29,18,10,1,1787603798.7713444,G1,T01,sel_dentro_1m,1,static
91500,1,1,1,100,100,76,100,0,15,76,65,10,4,7,2,8,3,0,0,100,100,42,27,36,29,18,10,1,1787603798.9750645,G1,T01,sel_dentro_1m,1,static
91700,1,1,1,98,96,100,100,0,42,100,100,13,5,4,6,8,2,0,0,100,100,42,27,37,29,19,10,1,1787603799.1724908,G1,T01,sel_dentro_1m,1,static
91900,1,1,1,97,99,100,100,0,42,100,100,12,9,6,10,10,8,0,0,100,100,43,28,38,29,20,10,1,1787603799.3631012,G1,T01,sel_dentro_1m,1,static
92100,1,1,1,99,99,100,100,0,17,100,100,5,11,8,4,8,9,0,0,100,100,42,28,38,30,20,10,1,1787603799.5697184,G1,T01,sel_dentro_1m,1,static
92300,1,1,1,99,99,100,100,0,29,100,100,13,5,5,6,7,4,0,0,100,100,43,28,39,31,21,10,1,1787603799.7620487,G1,T01,sel_dentro_1m,1,static
92500,1,1,1,99,99,100,100,0,75,100,100,28,6,3,8,8,3,0,0,100,100,41,28,40,34,22,10,1,1787603799.9765134,G1,T01,sel_dentro_1m,1,static
92700,1,1,1,100,100,100,100,0,21,100,100,21,6,6,6,5,6,0,0,100,100,38,27,42,35,24,10,1,1787603800.1622784,G1,T01,sel_dentro_1m,1,static
92900,1,1,1,99,98,100,100,0,16,100,100,11,9,7,7,7,5,0,0,100,100,35,26,43,36,25,10,1,1787603800.3703866,G1,T01,sel_dentro_1m,1,static
93100,1,1,1,97,96,100,100,0,26,100,100,12,2,6,10,6,7,0,0,100,100,35,26,43,36,25,10,1,1787603800.5623515,G1,T01,sel_dentro_1m,1,static
93300,1,0,1,0,96,0,100,0,22,42,30,9,3,3,5,5,7,0,0,100,100,36,27,42,36,24,10,1,1787603800.770212,G1,T01,sel_dentro_1m,1,static
93500,1,0,1,0,96,0,100,0,17,49,35,4,5,4,2,6,6,0,0,100,100,36,28,42,35,24,10,1,1787603800.9764807,G1,T01,sel_dentro_1m,1,static
93700,1,0,1,0,96,0,100,0,19,9,13,2,6,4,3,6,5,0,0,100,100,36,29,42,35,23,10,1,1787603801.1675694,G1,T01,sel_dentro_1m,1,static
93900,1,0,1,0,96,0,100,0,13,12,4,4,4,4,5,8,6,0,0,100,100,35,30,41,34,23,10,1,1787603801.373666,G1,T01,sel_dentro_1m,1,static
94100,1,0,1,0,96,0,100,0,14,41,38,10,5,5,3,6,6,0,0,100,100,34,30,41,33,22,11,1,1787603801.566129,G1,T01,sel_dentro_1m,1,static
94300,1,1,1,107,103,67,100,0,19,67,63,8,2,5,4,5,5,0,0,100,100,32,30,41,33,22,11,1,1787603801.7740355,G1,T01,sel_dentro_1m,1,static
94500,1,1,1,110,100,58,100,0,16,58,57,6,4,6,5,6,5,0,0,100,100,31,30,41,33,22,11,1,1787603801.9648201,G1,T01,sel_dentro_1m,1,static
94700,1,1,1,100,103,100,100,0,22,100,100,10,4,8,7,5,3,0,0,100,100,29,29,40,32,21,11,1,1787603802.1727893,G1,T01,sel_dentro_1m,1,static
94900,1,1,1,100,101,100,100,0,28,100,100,12,4,7,8,5,3,0,0,100,100,28,29,39,32,21,11,1,1787603802.3649457,G1,T01,sel_dentro_1m,1,static
95100,1,1,1,98,103,100,100,0,51,100,100,19,3,5,4,8,3,0,0,100,100,28,28,36,32,20,10,1,1787603802.5729496,G1,T01,sel_dentro_1m,1,static
95300,1,1,1,99,99,100,100,0,66,100,100,24,11,8,6,6,2,0,0,100,100,27,28,36,33,20,10,1,1787603802.7648642,G1,T01,sel_dentro_1m,1,static
95500,1,1,1,97,98,100,100,0,61,100,100,17,2,5,9,7,3,0,0,100,100,26,26,36,34,20,10,1,1787603802.9729657,G1,T01,sel_dentro_1m,1,static
95700,1,1,1,99,99,100,100,0,20,100,100,4,8,7,8,7,7,0,0,100,100,24,27,38,35,20,10,1,1787603803.1648855,G1,T01,sel_dentro_1m,1,static
95900,1,1,1,98,100,100,100,0,17,100,100,5,7,5,11,8,8,0,0,100,100,24,28,38,36,21,10,1,1787603803.3732283,G1,T01,sel_dentro_1m,1,static
96100,1,1,1,96,100,100,100,0,33,100,100,8,3,6,7,5,6,0,0,100,100,24,28,38,36,21,10,1,1787603803.5657194,G1,T01,sel_dentro_1m,1,static
96300,1,1,1,101,101,60,100,0,13,60,52,6,5,7,1,2,4,0,0,100,100,24,29,37,36,20,10,1,1787603803.773812,G1,T01,sel_dentro_1m,1,static
96500,1,1,1,98,101,100,100,0,22,100,95,6,4,7,4,4,3,0,0,100,100,25,30,37,35,20,11,1,1787603803.9652433,G1,T01,sel_dentro_1m,1,static
96700,1,1,1,99,100,100,100,0,31,100,100,12,10,5,8,9,4,0,0,100,100,27,30,36,34,19,11,1,1787603804.173022,G1,T01,sel_dentro_1m,1,static
96900,1,0,1,0,94,0,100,0,14,24,11,10,5,8,12,6,6,0,0,100,100,27,31,36,32,20,11,1,1787603804.3652644,G1,T01,sel_dentro_1m,1,static
97100,1,0,1,0,94,0,100,0,14,46,34,1,3,8,8,6,3,0,0,100,100,27,31,36,31,20,11,1,1787603804.5731661,G1,T01,sel_dentro_1m,1,static
97300,1,1,1,93,97,57,100,0,16,57,44,6,3,8,7,6,2,0,0,100,100,27,31,35,30,20,11,1,1787603804.7641907,G1,T01,sel_dentro_1m,1,static
97500,1,0,1,0,93,0,100,0,15,29,37,8,4,8,8,5,1,0,0,100,100,28,31,35,29,20,11,1,1787603804.9726264,G1,T01,sel_dentro_1m,1,static
97700,1,1,1,96,150,92,100,0,17,92,72,3,2,9,5,4,1,0,0,100,100,28,31,34,28,20,11,1,1787603805.1643982,G1,T01,sel_dentro_1m,1,static
97900,1,1,1,96,94,100,100,0,18,100,81,4,8,6,4,2,1,0,0,100,100,30,32,33,28,20,10,1,1787603805.3726466,G1,T01,sel_dentro_1m,1,static
98100,1,1,1,101,93,93,100,0,14,93,81,12,5,1,1,4,3,0,0,100,100,32,32,34,27,21,10,1,1787603805.564557,G1,T01,sel_dentro_1m,1,static
98300,1,0,1,0,150,0,100,0,17,34,29,9,5,3,2,2,4,0,0,100,100,33,33,33,27,21,10,1,1787603805.7720642,G1,T01,sel_dentro_1m,1,static
98500,1,1,1,102,100,95,100,0,20,95,84,8,5,2,3,5,6,0,0,100,100,34,34,33,27,22,10,1,1787603805.9639904,G1,T01,sel_dentro_1m,1,static
98700,1,1,1,96,99,100,100,0,15,100,82,1,7,4,7,6,8,0,0,100,100,35,35,33,27,23,10,1,1787603806.1723235,G1,T01,sel_dentro_1m,1,static
98900,1,1,1,100,96,98,100,0,16,98,83,8,12,5,8,8,7,0,0,100,100,38,36,33,27,23,10,1,1787603806.3643782,G1,T01,sel_dentro_1m,1,static
99100,1,0,1,0,107,0,100,0,19,30,32,3,10,6,6,8,6,0,0,100,100,39,36,33,27,23,10,1,1787603806.572295,G1,T01,sel_dentro_1m,1,static
99300,1,1,1,100,103,91,100,0,26,91,80,12,4,10,9,4,3,0,0,100,100,41,37,32,25,23,11,1,1787603806.7637534,G1,T01,sel_dentro_1m,1,static
99500,1,1,1,85,95,83,100,0,27,83,52,19,10,9,8,3,2,0,0,100,100,44,39,31,23,23,11,1,1787603806.9721248,G1,T01,sel_dentro_1m,1,static
99700,1,1,1,85,84,65,100,0,23,65,42,21,12,6,7,2,1,0,0,100,100,51,41,29,21,23,11,1,1787603807.1627374,G1,T01,sel_dentro_1m,1,static
99900,1,0,1,0,116,0,100,0,14,23,5,11,5,4,6,4,1,0,0,100,100,56,42,26,20,22,10,1,1787603807.3702614,G1,T01,sel_dentro_1m,1,static
100100,1,1,1,88,93,100,100,0,15,100,62,21,9,8,2,3,3,0,0,100,100,56,42,24,18,21,10,1,1787603807.5619218,G1,T01,sel_dentro_1m,1,static
100300,1,1,1,89,87,100,100,0,32,100,100,12,4,11,2,6,6,0,0,100,100,55,41,23,16,21,10,1,1787603807.7702487,G1,T01,sel_dentro_1m,1,static
100500,1,1,1,98,93,100,100,0,43,100,100,12,6,1,5,6,7,0,0,100,100,54,41,23,16,21,10,1,1787603807.9625716,G1,T01,sel_dentro_1m,1,static
100700,1,1,1,101,100,100,100,0,29,100,100,15,1,6,10,7,6,0,0,100,100,53,41,23,16,21,10,1,1787603808.1714916,G1,T01,sel_dentro_1m,1,static
100900,1,1,1,107,103,100,100,0,16,100,100,24,10,7,2,6,3,0,0,100,100,55,42,22,17,21,10,1,1787603808.3638875,G1,T01,sel_dentro_1m,1,static
101100,1,1,1,115,104,81,100,0,16,79,81,12,3,5,2,5,2,0,0,100,100,57,44,22,18,21,10,1,1787603808.5717494,G1,T01,sel_dentro_1m,1,static
101300,1,1,1,120,101,55,100,0,19,50,55,11,5,4,3,6,1,0,0,100,100,60,44,23,19,21,10,1,1787603808.763976,G1,T01,sel_dentro_1m,1,static
101500,1,1,1,91,120,100,100,0,50,100,100,15,8,1,2,7,3,0,0,100,100,61,44,23,20,22,10,1,1787603808.9716253,G1,T01,sel_dentro_1m,1,static
101700,1,1,1,102,100,100,100,0,13,100,100,34,8,5,5,9,5,0,0,100,100,61,43,24,21,22,10,1,1787603809.162735,G1,T01,sel_dentro_1m,1,static
101900,1,1,1,102,103,100,100,0,67,100,100,36,9,6,7,8,7,0,0,100,100,61,43,26,22,23,10,1,1787603809.3703437,G1,T01,sel_dentro_1m,1,static
102100,1,1,1,101,102,100,100,0,28,100,100,14,8,9,9,4,5,0,0,100,100,61,43,26,23,23,10,1,1787603809.5625653,G1,T01,sel_dentro_1m,1,static
102300,1,1,1,94,99,100,100,0,32,100,100,17,13,8,6,3,3,0,0,100,100,65,45,26,24,23,10,1,1787603809.7685227,G1,T01,sel_dentro_1m,1,static
102500,1,1,1,93,92,100,100,0,54,100,100,12,15,10,1,2,3,0,0,100,100,71,47,26,24,24,10,1,1787603809.977364,G1,T01,sel_dentro_1m,1,static
102700,1,1,1,91,93,100,100,0,13,100,70,15,10,10,1,3,5,0,0,100,100,75,50,25,24,23,10,1,1787603810.1693385,G1,T01,sel_dentro_1m,1,static
102900,1,1,1,93,94,62,100,0,18,62,47,9,6,5,3,3,6,0,0,100,100,77,51,24,23,23,10,1,1787603810.3756888,G1,T01,sel_dentro_1m,1,static
103100,1,0,1,0,93,0,100,0,19,40,33,3,7,4,1,1,6,0,0,100,100,78,52,24,22,22,10,1,1787603810.5680633,G1,T01,sel_dentro_1m,1,static
103300,1,1,1,90,96,90,100,0,17,90,61,15,14,10,1,2,3,0,0,100,100,82,54,23,22,21,10,1,1787603810.7754076,G1,T01,sel_dentro_1m,1,static
103500,1,1,1,94,86,92,100,0,20,92,70,33,14,10,2,4,1,0,0,100,100,82,53,23,22,21,10,1,1787603810.9676545,G1,T01,sel_dentro_1m,1,static
103700,1,1,1,101,102,100,100,0,17,100,100,18,11,11,6,5,3,0,0,100,100,78,52,22,22,21,10,1,1787603811.1753905,G1,T01,sel_dentro_1m,1,static
103900,1,1,1,100,97,100,100,0,34,100,100,14,7,10,6,8,7,0,0,100,100,73,51,23,22,20,10,1,1787603811.3674781,G1,T01,sel_dentro_1m,1,static
104100,1,1,1,97,100,100,100,0,35,100,99,11,5,6,7,5,7,0,0,100,100,70,52,23,23,21,10,1,1787603811.575782,G1,T01,sel_dentro_1m,1,static
104300,1,1,1,100,100,68,100,0,26,68,61,12,3,1,4,7,6,0,0,100,100,70,53,25,23,21,10,1,1787603811.7694988,G1,T01,sel_dentro_1m,1,static
104500,1,1,1,94,94,84,100,0,31,84,68,10,3,4,5,7,8,0,0,100,100,69,53,24,24,21,10,1,1787603811.9760985,G1,T01,sel_dentro_1m,1,static
104700,1,0,1,0,105,0,100,0,19,43,37,8,1,4,7,4,9,0,0,100,100,70,52,24,23,21,10,1,1787603812.1709423,G1,T01,sel_dentro_1m,1,static
104900,1,1,1,103,103,100,100,0,16,100,98,11,5,9,4,6,7,0,0,100,100,68,50,23,22,20,10,1,1787603812.3771358,G1,T01,sel_dentro_1m,1,static
105100,1,1,1,101,108,100,100,0,26,100,100,14,5,11,1,6,7,0,0,100,100,64,49,22,21,20,10,1,1787603812.5725658,G1,T01,sel_dentro_1m,1,static
105300,1,1,1,103,103,100,100,0,31,100,100,16,8,1,5,5,7,0,0,100,100,62,48,22,21,19,10,1,1787603812.7771103,G1,T01,sel_dentro_1m,1,static
105500,1,1,1,105,103,100,100,0,16,100,100,19,7,4,9,5,6,0,0,100,100,61,48,22,21,20,10,1,1787603812.9741085,G1,T01,sel_dentro_1m,1,static
105700,1,1,1,114,100,70,100,0,24,68,70,10,8,5,8,4,5,0,0,100,100,62,48,22,20,20,10,1,1787603813.1775424,G1,T01,sel_dentro_1m,1,static
105900,1,1,1,113,110,79,100,0,17,78,79,14,5,7,8,2,4,0,0,100,100,63,48,21,20,20,10,1,1787603813.3763077,G1,T01,sel_dentro_1m,1,static
106100,1,1,1,89,113,66,100,0,20,66,46,12,4,5,7,3,5,0,0,100,100,62,47,20,19,20,10,1,1787603813.5776207,G1,T01,sel_dentro_1m,1,static
106300,1,1,1,98,101,100,100,0,24,100,100,20,8,5,3,6,7,0,0,100,100,58,46,20,17,19,10,1,1787603813.777248,G1,T01,sel_dentro_1m,1,static
106500,1,1,1,96,97,100,100,0,71,100,100,16,7,2,8,10,5,0,0,100,100,53,43,21,17,19,10,1,1787603813.9630506,G1,T01,sel_dentro_1m,1,static
106700,1,1,1,102,98,100,100,0,20,100,100,26,2,6,4,8,2,0,0,100,100,49,41,23,18,19,10,1,1787603814.1717317,G1,T01,sel_dentro_1m,1,static
106900,1,1,1,95,99,100,100,0,74,100,100,14,2,1,8,4,2,0,0,100,100,46,39,25,19,19,10,1,1787603814.363631,G1,T01,sel_dentro_1m,1,static
107100,1,1,1,94,95,100,100,0,16,100,100,22,11,7,11,3,4,0,0,100,100,45,38,26,20,19,10,1,1787603814.5708542,G1,T01,sel_dentro_1m,1,static
107300,1,1,1,90,94,100,100,0,47,100,100,10,7,6,9,4,6,0,0,100,100,43,37,28,20,19,10,1,1787603814.7781258,G1,T01,sel_dentro_1m,1,static
107500,1,1,1,91,87,63,100,0,18,63,46,6,9,2,2,3,4,0,0,100,100,41,37,29,20,18,10,1,1787603814.969001,G1,T01,sel_dentro_1m,1,static
107700,1,1,1,94,93,100,100,0,21,100,100,16,12,11,9,4,3,0,0,100,100,42,36,30,21,17,10,1,1787603815.1762943,G1,T01,sel_dentro_1m,1,static
107900,1,1,1,95,94,100,100,0,40,100,100,12,10,1,8,5,3,0,0,100,100,42,34,31,22,17,10,1,1787603815.3688731,G1,T01,sel_dentro_1m,1,static
108100,1,1,1,94,94,100,100,0,68,100,100,15,2,2,6,7,1,0,0,100,100,43,32,31,23,17,10,1,1787603815.5768294,G1,T01,sel_dentro_1m,1,static
108300,1,1,1,99,95,100,100,0,34,100,100,23,6,8,3,9,3,0,0,100,100,44,31,32,24,17,11,1,1787603815.7688243,G1,T01,sel_dentro_1m,1,static
108500,1,1,1,100,99,100,100,0,14,100,100,16,10,8,10,7,6,0,0,100,100,45,32,33,25,17,11,1,1787603815.9771578,G1,T01,sel_dentro_1m,1,static
108700,1,1,1,99,99,100,100,0,36,100,100,13,8,7,6,1,6,0,0,100,100,46,32,34,26,17,11,1,1787603816.1693697,G1,T01,sel_dentro_1m,1,static
108900,1,1,1,104,100,100,100,0,17,100,99,13,8,5,2,2,5,0,0,100,100,46,32,34,27,17,10,1,1787603816.3771715,G1,T01,sel_dentro_1m,1,static
109100,1,1,1,99,102,73,100,0,16,73,62,4,5,3,4,3,7,0,0,100,100,47,32,35,27,17,10,1,1787603816.5690649,G1,T01,sel_dentro_1m,1,static
109300,1,1,1,109,104,76,100,0,20,76,74,9,3,4,6,6,6,0,0,100,100,46,32,34,28,16,10,1,1787603816.7777433,G1,T01,sel_dentro_1m,1,static
109500,1,0,1,0,111,0,100,0,18,27,28,9,6,6,6,5,6,0,0,100,100,45,32,34,27,16,10,1,1787603816.9696763,G1,T01,sel_dentro_1m,1,static
109700,1,1,1,94,83,100,100,0,42,100,100,9,6,7,1,3,6,0,0,100,100,42,32,33,27,15,10,1,1787603817.1778545,G1,T01,sel_dentro_1m,1,static
109900,1,1,1,98,97,100,100,0,61,100,100,21,12,8,8,1,6,0,0,100,100,41,32,34,27,14,10,1,1787603817.3704865,G1,T01,sel_dentro_1m,1,static
110100,1,1,1,101,100,100,100,0,41,100,100,30,6,6,8,9,3,0,0,100,100,42,33,36,29,14,10,1,1787603817.5782423,G1,T01,sel_dentro_1m,1,static
110300,1,1,1,101,103,100,100,0,17,100,100,24,3,1,3,10,1,0,0,100,100,43,33,37,31,14,10,1,1787603817.769525,G1,T01,sel_dentro_1m,1,static
110500,1,1,1,100,102,100,100,0,33,100,100,15,4,5,3,5,1,0,0,100,100,42,33,38,32,14,10,1,1787603817.9776402,G1,T01,sel_dentro_1m,1,static
110700,1,1,1,96,96,100,100,0,44,100,100,20,14,6,8,4,3,0,0,100,100,45,32,37,33,14,11,1,1787603818.1695447,G1,T01,sel_dentro_1m,1,static
110900,1,1,1,93,96,100,100,0,15,100,100,13,12,8,10,4,4,0,0,100,100,49,33,37,33,13,11,1,1787603818.377893,G1,T01,sel_dentro_1m,1,static
111100,1,1,1,93,93,100,100,0,25,100,100,13,11,6,9,3,4,0,0,100,100,52,35,37,32,13,11,1,1787603818.5706332,G1,T01,sel_dentro_1m,1,static
111300,1,1,1,96,98,100,100,0,30,100,100,12,6,7,6,4,6,0,0,100,100,53,35,38,32,13,11,1,1787603818.7782538,G1,T01,sel_dentro_1m,1,static
111500,1,1,1,80,91,72,100,0,32,72,43,9,8,6,3,5,6,0,0,100,100,55,37,38,32,13,10,1,1787603818.9702778,G1,T01,sel_dentro_1m,1,static
111700,1,1,1,101,150,100,100,0,23,100,100,19,11,3,1,3,4,0,0,100,100,57,38,38,32,13,10,1,1787603819.162635,G1,T01,sel_dentro_1m,1,static
111900,1,1,1,99,99,100,100,0,19,100,100,31,17,10,8,4,2,0,0,100,100,61,39,38,31,13,10,1,1787603819.3707862,G1,T01,sel_dentro_1m,1,static
112100,1,1,1,94,97,100,100,0,50,100,100,20,11,6,7,3,1,0,0,100,100,67,41,38,31,13,10,1,1787603819.5628672,G1,T01,sel_dentro_1m,1,static
112300,1,1,1,93,93,68,100,0,21,68,52,7,5,8,8,4,1,0,0,100,100,71,42,38,30,13,10,1,1787603819.7717898,G1,T01,sel_dentro_1m,1,static
112500,1,0,1,0,93,0,100,0,13,12,2,9,7,9,9,4,1,0,0,100,100,73,43,37,30,13,10,1,1787603819.9634414,G1,T01,sel_dentro_1m,1,static
112700,1,0,1,0,93,0,100,0,19,18,6,6,8,6,3,4,1,0,0,100,100,75,44,37,29,13,10,1,1787603820.1715846,G1,T01,sel_dentro_1m,1,static
112900,1,1,1,91,88,100,100,0,37,100,89,10,10,3,1,6,1,0,0,100,100,76,44,37,29,12,11,1,1787603820.3640823,G1,T01,sel_dentro_1m,1,static
113100,1,1,1,94,93,100,100,0,43,100,100,16,7,4,1,8,2,0,0,100,100,77,44,37,29,12,11,1,1787603820.5714915,G1,T01,sel_dentro_1m,1,static
113300,1,1,1,98,96,100,100,0,15,100,100,17,4,7,6,10,3,0,0,100,100,79,45,37,30,12,10,1,1787603820.7633405,G1,T01,sel_dentro_1m,1,static
113500,1,1,1,100,100,100,100,0,20,100,100,18,7,9,9,9,5,0,0,100,100,82,45,39,31,12,11,1,1787603820.9718237,G1,T01,sel_dentro_1m,1,static
113700,1,1,1,99,98,100,100,0,40,100,100,12,1,10,7,6,5,0,0,100,100,82,46,40,32,12,10,1,1787603821.163633,G1,T01,sel_dentro_1m,1,static
113900,1,1,1,103,100,100,100,0,17,100,100,16,2,2,7,3,5,0,0,100,100,82,45,39,32,12,10,1,1787603821.3701792,G1,T01,sel_dentro_1m,1,static
114100,1,1,1,99,101,100,100,0,44,100,100,21,8,5,7,1,3,0,0,100,100,82,45,37,31,13,10,1,1787603821.5784056,G1,T01,sel_dentro_1m,1,static
114300,1,1,1,96,99,100,100,0,43,100,100,22,13,7,3,3,1,0,0,100,100,85,47,36,29,13,10,1,1787603821.771851,G1,T01,sel_dentro_1m,1,static
114500,1,1,1,100,101,80,100,0,18,80,68,12,11,6,5,3,4,0,0,100,100,87,50,35,27,13,10,1,1787603821.9783835,G1,T01,sel_dentro_1m,1,static
114700,1,0,1,0,100,0,100,0,16,30,34,5,9,4,2,3,2,0,0,100,100,87,52,34,25,12,10,1,1787603822.17068,G1,T01,sel_dentro_1m,1,static
114900,1,1,1,116,116,99,100,0,13,95,99,24,9,7,2,4,1,0,0,100,100,85,51,32,24,13,10,1,1787603822.3629909,G1,T01,sel_dentro_1m,1,static
115100,1,1,1,101,116,100,100,0,26,100,100,23,6,6,2,4,3,0,0,100,100,82,49,30,23,13,10,1,1787603822.5716062,G1,T01,sel_dentro_1m,1,static
115300,1,1,1,89,94,72,100,0,17,72,49,8,2,8,5,3,3,0,0,100,100,79,47,28,22,13,10,1,1787603822.7641075,G1,T01,sel_dentro_1m,1,static
115500,1,0,1,0,89,0,100,0,14,49,37,10,2,5,5,2,4,0,0,100,100,74,45,27,22,13,10,1,1787603822.9720156,G1,T01,sel_dentro_1m,1,static
115700,1,1,1,96,94,100,100,0,36,100,100,22,10,1,2,4,1,0,0,100,100,71,43,26,22,14,11,1,1787603823.1642802,G1,T01,sel_dentro_1m,1,static
115900,1,1,1,99,101,100,100,0,25,100,96,23,9,7,7,3,1,0,0,100,100,68,43,25,20,14,11,1,1787603823.3720887,G1,T01,sel_dentro_1m,1,static
116100,1,0,1,0,94,0,100,0,24,38,14,10,7,7,6,3,2,0,0,100,100,66,43,24,19,13,11,1,1787603823.5641558,G1,T01,sel_dentro_1m,1,static
116300,1,1,1,102,150,88,100,0,17,88,77,11,5,2,5,1,1,0,0,100,100,63,42,23,18,13,11,1,1787603823.7733405,G1,T01,sel_dentro_1m,1,static
116500,1,0,1,0,104,0,100,0,15,41,27,12,6,7,4,1,1,0,0,100,100,58,39,22,17,13,10,1,1787603823.965239,G1,T01,sel_dentro_1m,1,static
116700,1,0,1,0,104,0,100,0,19,39,36,16,7,6,3,2,1,0,0,100,100,56,38,21,16,12,10,1,1787603824.1723833,G1,T01,sel_dentro_1m,1,static
116900,1,1,1,108,106,100,100,0,19,100,100,21,9,10,3,2,4,0,0,100,100,56,38,21,16,13,10,1,1787603824.3637142,G1,T01,sel_dentro_1m,1,static
117100,1,0,1,0,103,0,100,0,20,16,13,7,5,4,3,2,4,0,0,100,100,56,39,20,15,14,10,1,1787603824.5694346,G1,T01,sel_dentro_1m,1,static
117300,1,1,1,96,97,100,100,0,28,100,83,16,6,3,1,2,1,0,0,100,100,54,39,20,13,14,10,1,1787603824.777308,G1,T01,sel_dentro_1m,1,static
117500,1,1,1,77,93,69,100,0,32,69,37,17,11,8,2,1,1,0,0,100,100,52,38,18,11,13,10,1,1787603824.9687562,G1,T01,sel_dentro_1m,1,static
117700,1,1,1,81,77,66,100,0,26,66,38,8,5,7,2,1,1,0,0,100,100,54,37,16,10,13,10,1,1787603825.1763365,G1,T01,sel_dentro_1m,1,static
117900,1,0,1,0,87,0,100,0,18,45,40,11,9,4,3,1,1,0,0,100,100,56,37,15,9,13,10,1,1787603825.368352,G1,T01,sel_dentro_1m,1,static
118100,1,0,1,0,87,0,100,0,20,30,14,10,5,4,2,3,1,0,0,100,100,55,36,14,8,12,10,1,1787603825.5763302,G1,T01,sel_dentro_1m,1,static
118300,1,1,1,127,87,43,100,0,15,37,43,18,5,4,1,3,1,0,0,100,100,51,34,14,8,12,10,1,1787603825.7686644,G1,T01,sel_dentro_1m,1,static
118500,1,1,1,103,104,100,100,0,25,100,100,16,10,5,4,3,4,0,0,100,100,49,31,13,8,11,11,1,1787603825.976797,G1,T01,sel_dentro_1m,1,static
118700,1,1,1,98,100,100,100,0,28,100,100,14,7,8,8,7,5,0,0,100,100,48,30,13,8,12,10,1,1787603826.1678839,G1,T01,sel_dentro_1m,1,static
118900,1,1,1,94,96,100,100,0,61,100,100,17,5,11,5,8,4,0,0,100,100,46,31,14,9,12,10,1,1787603826.37516,G1,T01,sel_dentro_1m,1,static
119100,1,1,1,94,94,100,100,0,22,100,100,11,5,2,1,7,3,0,0,100,100,46,31,14,11,12,10,1,1787603826.5672588,G1,T01,sel_dentro_1m,1,static
119300,1,1,1,97,94,100,100,0,20,100,100,13,7,5,1,5,2,0,0,100,100,47,30,15,12,11,10,1,1787603826.776315,G1,T01,sel_dentro_1m,1,static
119500,1,1,1,99,97,88,100,0,18,88,74,10,10,8,4,3,1,0,0,100,100,49,30,16,13,10,10,1,1787603826.9685192,G1,T01,sel_dentro_1m,1,static
119700,1,0,1,0,99,0,100,0,27,44,27,10,3,5,3,3,2,0,0,100,100,50,30,16,14,10,10,1,1787603827.1768029,G1,T01,sel_dentro_1m,1,static
119900,1,1,1,90,87,100,100,0,65,100,100,12,8,2,1,7,2,0,0,100,100,46,29,16,15,10,10,1,1787603827.3710256,G1,T01,sel_dentro_1m,1,static
120100,1,1,1,96,95,100,100,0,61,100,100,16,8,10,12,7,5,0,0,100,100,43,28,18,16,10,10,1,1787603827.5777974,G1,T01,sel_dentro_1m,1,static
120300,1,1,1,99,98,100,100,0,18,100,100,11,4,11,1,3,3,0,0,100,100,41,28,18,17,10,10,1,1787603827.769637,G1,T01,sel_dentro_1m,1,static
120500,1,1,1,94,96,100,100,0,55,100,100,14,7,10,1,1,2,0,0,100,100,45,30,18,17,11,10,1,1787603827.978055,G1,T01,sel_dentro_1m,1,static
120700,1,1,1,99,94,100,100,0,22,100,83,11,8,4,4,3,2,0,0,100,100,47,33,17,18,12,10,1,1787603828.1690102,G1,T01,sel_dentro_1m,1,static
120900,1,0,1,0,99,0,100,0,19,49,38,10,6,3,5,1,1,0,0,100,100,46,33,17,17,12,10,1,1787603828.3769164,G1,T01,sel_dentro_1m,1,static
121100,1,1,1,96,99,58,100,0,18,58,48,13,7,5,7,1,2,0,0,100,100,45,33,16,17,11,10,1,1787603828.568934,G1,T01,sel_dentro_1m,1,static
121300,1,1,1,97,98,100,100,0,18,100,100,19,9,8,9,2,5,0,0,100,100,46,33,17,17,12,10,1,1787603828.777434,G1,T01,sel_dentro_1m,1,static
121500,1,1,1,93,95,97,100,0,19,97,72,9,2,4,4,2,6,0,0,100,100,46,35,18,17,13,10,1,1787603828.9690728,G1,T01,sel_dentro_1m,1,static
121700,1,0,1,0,88,0,100,0,17,19,11,7,7,4,4,2,7,0,0,100,100,44,36,20,17,14,11,1,1787603829.177396,G1,T01,sel_dentro_1m,1,static
121900,1,1,1,94,85,80,100,0,23,80,62,8,7,1,3,2,5,0,0,100,100,44,37,22,17,14,10,1,1787603829.368733,G1,T01,sel_dentro_1m,1,static
122100,1,1,1,100,96,100,100,0,15,100,100,5,6,9,4,2,3,0,0,100,100,45,38,22,17,15,10,1,1787603829.5769796,G1,T01,sel_dentro_1m,1,static
122300,1,1,1,100,103,100,100,0,16,100,100,10,8,11,9,1,2,0,0,100,100,47,40,23,17,16,10,1,1787603829.768799,G1,T01,sel_dentro_1m,1,static
122500,1,1,1,99,100,100,100,0,19,100,100,2,7,1,2,2,3,0,0,100,100,49,41,24,17,16,10,1,1787603829.9769864,G1,T01,sel_dentro_1m,1,static
122700,1,1,1,86,91,62,100,0,14,62,36,7,10,2,3,4,3,0,0,100,100,47,40,25,17,17,10,1,1787603830.1692028,G1,T01,sel_dentro_1m,1,static
122900,1,1,1,81,86,55,100,0,32,55,39,7,8,3,6,1,2,0,0,100,100,48,39,24,16,17,10,1,1787603830.3765187,G1,T01,sel_dentro_1m,1,static
123100,1,1,1,90,96,68,100,0,27,68,51,8,6,2,4,2,1,0,0,100,100,47,37,24,15,17,10,1,1787603830.5712247,G1,T01,sel_dentro_1m,1,static
123300,1,1,1,94,96,78,100,0,26,78,62,12,7,6,6,1,1,0,0,100,100,47,37,24,13,17,10,1,1787603830.7754261,G1,T01,sel_dentro_1m,1,static
123500,1,0,1,0,96,0,100,0,13,22,18,4,6,7,6,1,1,0,0,100,100,46,36,22,12,17,10,1,1787603830.9663334,G1,T01,sel_dentro_1m,1,static
123700,1,1,1,101,133,69,100,0,20,69,61,12,7,6,5,2,1,0,0,100,100,45,35,21,11,17,10,1,1787603831.175128,G1,T01,sel_dentro_1m,1,static
123900,1,1,1,117,111,67,100,0,18,63,67,12,5,2,4,3,2,0,0,100,100,45,35,21,11,17,10,1,1787603831.3677213,G1,T01,sel_dentro_1m,1,static
124100,1,0,1,0,117,0,100,0,18,21,17,1,4,6,2,3,2,0,0,100,100,45,35,20,10,17,10,1,1787603831.5760403,G1,T01,sel_dentro_1m,1,static
124300,1,0,1,0,117,0,100,0,27,50,27,10,6,5,3,1,1,0,0,100,100,45,35,19,8,16,10,1,1787603831.768101,G1,T01,sel_dentro_1m,1,static
124500,1,1,1,82,84,100,100,0,43,100,70,15,1,1,6,1,1,0,0,100,100,42,33,19,8,16,10,1,1787603831.9764826,G1,T01,sel_dentro_1m,1,static
124700,1,1,1,88,85,100,100,0,26,100,80,9,4,8,10,5,4,0,0,100,100,40,32,20,9,16,11,1,1787603832.1709814,G1,T01,sel_dentro_1m,1,static
124900,1,0,1,0,86,0,100,0,19,43,25,6,4,4,7,5,4,0,0,100,100,39,32,21,10,16,11,1,1787603832.3770685,G1,T01,sel_dentro_1m,1,static
125100,1,1,1,110,86,70,100,0,18,70,68,2,2,1,3,5,2,0,0,100,100,38,33,21,11,16,12,1,1787603832.5744767,G1,T01,sel_dentro_1m,1,static
125300,1,1,1,94,94,100,100,0,24,100,100,5,8,9,4,3,1,0,0,100,100,37,32,20,11,15,12,1,1787603832.7745988,G1,T01,sel_dentro_1m,1,static
125500,1,1,1,94,96,100,100,0,35,100,100,5,9,9,6,2,2,0,0,100,100,38,33,19,12,15,13,1,1787603832.967239,G1,T01,sel_dentro_1m,1,static
125700,1,1,1,98,97,100,100,0,15,100,100,14,9,9,7,2,3,0,0,100,100,41,34,17,13,14,13,1,1787603833.1760864,G1,T01,sel_dentro_1m,1,static
125900,1,1,1,96,96,100,100,0,16,100,100,22,11,8,6,2,4,0,0,100,100,41,33,17,13,14,12,1,1787603833.367781,G1,T01,sel_dentro_1m,1,static
126100,1,1,1,97,96,100,100,0,56,100,100,32,8,7,2,6,5,0,0,100,100,40,33,18,14,15,11,1,1787603833.576079,G1,T01,sel_dentro_1m,1,static
126300,1,1,1,99,98,100,100,0,54,100,100,22,3,5,9,8,4,0,0,100,100,38,34,19,16,14,10,1,1787603833.7682896,G1,T01,sel_dentro_1m,1,static
126500,1,1,1,99,100,100,100,0,21,100,94,8,2,5,6,7,2,0,0,100,100,37,35,19,16,13,9,1,1787603833.9760442,G1,T01,sel_dentro_1m,1,static
126700,1,0,1,0,103,0,100,0,15,38,37,6,5,4,1,8,2,0,0,100,100,37,35,19,16,12,9,1,1787603834.167718,G1,T01,sel_dentro_1m,1,static
126900,1,1,1,100,103,64,100,0,16,64,55,10,2,1,1,6,2,0,0,100,100,38,36,19,17,11,9,1,1787603834.376073,G1,T01,sel_dentro_1m,1,static
127100,1,0,1,0,100,0,100,0,17,17,15,1,1,2,1,6,2,0,0,100,100,36,35,20,17,11,10,1,1787603834.5761673,G1,T01,sel_dentro_1m,1,static
127300,1,0,1,0,100,0,100,0,17,35,32,6,2,1,1,6,3,0,0,100,100,34,35,21,18,11,10,1,1787603834.7744977,G1,T01,sel_dentro_1m,1,static
127500,1,0,1,0,100,0,100,0,20,32,37,11,4,1,2,6,3,0,0,100,100,33,35,21,18,11,11,1,1787603834.967077,G1,T01,sel_dentro_1m,1,static
127700,1,1,1,87,100,57,100,0,18,57,38,6,2,2,1,7,3,0,0,100,100,31,36,22,19,11,11,1,1787603835.1746454,G1,T01,sel_dentro_1m,1,static
127900,1,1,1,92,91,100,100,0,24,100,100,12,1,9,4,9,2,0,0,100,100,31,36,22,19,10,11,1,1787603835.366339,G1,T01,sel_dentro_1m,1,static
128100,1,1,1,94,93,100,100,0,25,100,100,9,4,12,11,5,3,0,0,100,100,31,37,24,20,10,12,1,1787603835.5784533,G1,T01,sel_dentro_1m,1,static
128300,1,1,1,91,93,99,100,0,23,99,69,7,12,4,4,2,3,0,0,100,100,33,39,25,21,10,13,1,1787603835.765337,G1,T01,sel_dentro_1m,1,static
128500,1,1,1,95,89,72,100,0,19,72,57,7,7,8,4,3,2,0,0,100,100,37,41,27,21,10,13,1,1787603835.973802,G1,T01,sel_dentro_1m,1,static
128700,1,0,1,0,150,0,100,0,17,15,27,12,6,3,4,5,4,0,0,100,100,39,42,26,21,9,12,1,1787603836.1663446,G1,T01,sel_dentro_1m,1,static
128900,1,1,1,91,80,100,100,0,23,100,84,9,5,4,1,6,4,0,0,100,100,41,42,27,21,9,12,1,1787603836.3745978,G1,T01,sel_dentro_1m,1,static
129100,1,1,1,87,88,100,100,0,55,100,100,10,8,10,9,7,4,0,0,100,100,42,42,28,21,9,11,1,1787603836.5786843,G1,T01,sel_dentro_1m,1,static
129300,1,1,1,88,89,100,100,0,41,100,89,10,6,7,7,8,2,0,0,100,100,42,43,29,21,8,10,1,1787603836.775425,G1,T01,sel_dentro_1m,1,static
129500,1,1,1,94,91,73,100,0,16,73,55,10,7,5,4,7,2,0,0,100,100,40,43,31,21,8,9,1,1787603836.9688587,G1,T01,sel_dentro_1m,1,static
129700,1,0,1,0,94,0,100,0,18,19,15,10,1,5,3,7,2,0,0,100,100,37,42,32,21,7,9,1,1787603837.176203,G1,T01,sel_dentro_1m,1,static
129900,1,0,1,0,94,0,100,0,18,13,8,9,1,5,3,6,2,0,0,100,100,36,43,33,21,6,9,1,1787603837.3687494,G1,T01,sel_dentro_1m,1,static
130100,1,1,1,99,94,75,100,0,15,75,62,7,3,4,3,5,2,0,0,100,100,36,43,32,20,6,10,1,1787603837.576714,G1,T01,sel_dentro_1m,1,static
130300,1,1,1,91,98,52,100,0,18,52,39,9,5,2,2,6,2,0,0,100,100,36,41,32,20,5,10,1,1787603837.768585,G1,T01,sel_dentro_1m,1,static
130500,1,0,1,0,91,0,100,0,17,15,13,7,5,1,2,5,2,0,0,100,100,36,40,31,19,5,10,1,1787603837.9765399,G1,T01,sel_dentro_1m,1,static
130700,1,0,1,0,91,0,100,0,18,16,19,1,5,2,2,6,2,0,0,100,95,35,39,30,18,6,10,1,1787603838.1686995,G1,T01,sel_dentro_1m,1,static
130900,1,0,1,0,91,0,100,0,15,14,9,4,5,2,2,4,0,0,0,100,84,34,38,30,18,6,10,1,1787603838.3761902,G1,T01,sel_dentro_1m,1,static
131100,1,0,1,0,91,0,100,0,15,25,19,8,7,4,3,3,2,0,0,100,76,34,39,30,17,6,10,1,1787603838.5682957,G1,T01,sel_dentro_1m,1,static
131300,1,0,1,0,91,0,100,0,19,18,19,6,6,6,4,2,1,0,0,100,69,34,39,29,17,6,10,1,1787603838.776743,G1,T01,sel_dentro_1m,1,static
131500,1,0,1,0,91,0,100,0,15,20,11,4,4,6,3,1,1,0,0,100,63,33,40,29,17,6,10,1,1787603838.9689298,G1,T01,sel_dentro_1m,1,static
131700,1,1,1,76,91,72,100,0,20,72,25,11,5,2,2,2,1,0,0,100,60,33,39,29,18,6,10,1,1787603839.1777241,G1,T01,sel_dentro_1m,1,static
131900,1,1,1,89,87,100,100,0,17,100,69,9,6,6,3,3,3,0,0,100,62,33,39,29,17,7,10,1,1787603839.3701513,G1,T01,sel_dentro_1m,1,static
132100,1,1,1,93,94,100,100,0,14,100,96,11,9,9,7,5,4,0,0,100,70,34,39,28,16,7,10,1,1787603839.5782604,G1,T01,sel_dentro_1m,1,static
132300,1,1,1,84,89,53,100,0,17,53,32,10,4,5,7,8,4,0,0,100,80,34,38,28,16,8,10,1,1787603839.7701643,G1,T01,sel_dentro_1m,1,static
132500,1,1,1,87,91,100,100,0,32,100,78,19,9,7,9,6,4,0,0,100,90,33,38,28,16,8,10,1,1787603839.9772477,G1,T01,sel_dentro_1m,1,static
132700,1,1,1,86,89,100,100,0,18,100,57,18,10,9,7,4,4,0,0,100,95,35,39,29,15,8,10,1,1787603840.1712828,G1,T01,sel_dentro_1m,1,static
132900,1,1,1,84,80,71,100,0,19,71,41,17,9,7,5,3,3,0,0,100,97,37,38,29,15,8,10,1,1787603840.3783154,G1,T01,sel_dentro_1m,1,static
133100,1,1,1,100,91,66,100,0,23,66,59,18,6,7,3,2,2,0,0,100,100,38,37,27,14,8,10,1,1787603840.5709944,G1,T01,sel_dentro_1m,1,static
133300,1,0,1,0,100,0,100,0,16,34,31,11,7,2,4,3,3,0,0,100,100,39,34,25,14,8,11,1,1787603840.7785184,G1,T01,sel_dentro_1m,1,static
133500,1,0,1,0,150,0,100,0,13,16,7,1,6,2,6,3,2,0,0,100,100,39,32,24,13,8,10,1,1787603840.9707057,G1,T01,sel_dentro_1m,1,static
133700,1,1,1,140,125,51,100,0,16,32,51,17,4,8,5,2,3,0,0,100,100,39,31,22,13,8,10,1,1787603841.1637547,G1,T01,sel_dentro_1m,1,static
133900,1,1,1,81,140,79,100,0,18,79,36,11,13,13,10,3,3,0,0,100,100,41,31,22,12,8,10,1,1787603841.3720195,G1,T01,sel_dentro_1m,1,static
134100,1,1,1,82,82,97,100,0,34,97,56,2,11,8,6,4,4,0,0,100,100,45,33,22,12,8,10,1,1787603841.563331,G1,T01,sel_dentro_1m,1,static
134300,1,0,1,0,79,0,100,0,16,50,37,8,11,5,8,5,4,0,0,100,100,48,36,23,12,8,10,1,1787603841.7706277,G1,T01,sel_dentro_1m,1,static
134500,1,0,1,0,79,0,100,0,21,30,9,8,6,9,6,7,2,0,0,100,100,49,39,24,12,8,10,1,1787603841.9628267,G1,T01,sel_dentro_1m,1,static
134700,1,1,1,86,79,52,100,0,18,52,34,4,9,5,3,6,2,0,0,100,100,50,41,25,11,8,10,1,1787603842.1725025,G1,T01,sel_dentro_1m,1,static
134900,1,1,1,103,98,64,100,0,17,64,58,12,7,9,2,4,2,0,0,100,100,51,44,25,11,8,10,1,1787603842.36341,G1,T01,sel_dentro_1m,1,static
135100,1,0,1,0,107,0,100,0,16,38,37,8,2,10,2,5,1,0,0,100,100,53,45,26,12,8,10,1,1787603842.5709727,G1,T01,sel_dentro_1m,1,static
135300,1,0,1,0,107,0,100,0,13,22,26,10,8,6,1,4,1,0,0,100,100,54,46,26,12,8,10,1,1787603842.7782145,G1,T01,sel_dentro_1m,1,static
135500,1,0,1,0,107,0,100,0,14,20,20,12,8,3,1,4,1,0,0,100,100,55,46,26,11,8,10,1,1787603842.9699526,G1,T01,sel_dentro_1m,1,static
135700,1,0,1,0,107,0,100,0,24,31,19,2,6,4,4,6,1,0,0,100,100,55,46,27,11,8,10,1,1787603843.177493,G1,T01,sel_dentro_1m,1,static
135900,1,1,1,84,107,60,100,0,26,60,40,9,9,4,6,4,1,0,0,100,100,54,45,27,11,8,10,1,1787603843.369636,G1,T01,sel_dentro_1m,1,static
136100,1,1,1,91,89,91,100,0,18,91,63,2,7,4,6,8,1,0,0,100,100,53,43,27,11,7,10,1,1787603843.5783534,G1,T01,sel_dentro_1m,1,static
136300,1,1,1,94,95,100,100,0,16,100,100,8,2,9,9,5,4,0,0,100,100,51,42,27,11,7,10,1,1787603843.7710211,G1,T01,sel_dentro_1m,1,static
136500,1,1,1,88,93,100,100,0,32,100,84,10,2,5,8,5,6,0,0,100,100,49,42,28,11,8,10,1,1787603843.9647975,G1,T01,sel_dentro_1m,1,static
136700,1,0,1,0,89,0,100,0,16,44,31,8,7,8,1,4,6,0,0,100,100,48,43,28,12,8,10,1,1787603844.173021,G1,T01,sel_dentro_1m,1,static
136900,1,0,1,0,89,0,100,0,16,26,34,8,8,6,3,4,4,0,0,100,100,47,45,28,12,8,10,1,1787603844.3633668,G1,T01,sel_dentro_1m,1,static
137100,1,1,1,82,89,90,100,0,35,90,53,6,8,7,8,4,5,0,0,100,100,48,47,29,12,8,10,1,1787603844.5708747,G1,T01,sel_dentro_1m,1,static
137300,1,1,1,92,88,100,100,0,40,100,100,9,7,8,11,2,3,0,0,100,94,50,49,30,12,8,10,1,1787603844.7787569,G1,T01,sel_dentro_1m,1,static
137500,1,1,1,93,90,100,100,0,14,100,100,11,4,9,5,3,1,0,0,100,88,50,52,32,12,8,10,1,1787603844.9696374,G1,T01,sel_dentro_1m,1,static
137700,1,1,1,90,91,100,100,0,53,100,100,3,4,5,4,1,3,0,0,100,85,51,52,34,13,9,10,1,1787603845.17764,G1,T01,sel_dentro_1m,1,static
137900,1,1,1,89,88,100,100,0,19,100,100,17,13,9,8,3,5,0,0,100,88,52,53,35,14,10,10,1,1787603845.3686943,G1,T01,sel_dentro_1m,1,static
138100,1,1,1,89,87,100,100,0,89,100,100,15,14,10,9,2,7,0,0,100,87,52,54,37,14,11,10,1,1787603845.5754478,G1,T01,sel_dentro_1m,1,static
138300,1,1,1,96,91,100,100,0,15,100,100,16,8,7,9,2,2,0,0,100,88,51,53,36,15,11,10,1,1787603845.769671,G1,T01,sel_dentro_1m,1,static
138500,1,1,1,100,98,100,100,0,52,100,100,32,4,9,8,1,3,0,0,100,98,52,54,36,15,12,10,1,1787603845.9757338,G1,T01,sel_dentro_1m,1,static
138700,1,1,1,100,101,100,100,0,18,100,100,26,10,8,9,1,5,0,0,100,100,51,55,37,16,13,10,1,1787603846.1694176,G1,T01,sel_dentro_1m,1,static
138900,1,1,1,95,99,100,100,0,18,100,89,6,6,4,8,1,7,0,0,100,100,49,54,37,17,14,10,1,1787603846.3766851,G1,T01,sel_dentro_1m,1,static
139100,1,0,1,0,83,0,100,0,18,21,22,7,5,2,7,1,6,0,0,100,100,48,53,38,16,15,10,1,1787603846.5688183,G1,T01,sel_dentro_1m,1,static
139300,1,1,1,97,97,100,100,0,22,100,86,12,8,4,2,2,3,0,0,100,100,46,53,37,16,15,10,1,1787603846.7770207,G1,T01,sel_dentro_1m,1,static
139500,1,1,1,91,95,100,100,0,34,100,100,11,5,10,1,1,1,0,0,100,100,49,56,37,17,16,10,1,1787603846.9693668,G1,T01,sel_dentro_1m,1,static
139700,1,1,1,92,93,100,100,0,63,100,100,16,13,8,2,2,1,0,0,100,100,52,60,36,17,17,10,1,1787603847.1783304,G1,T01,sel_dentro_1m,1,static
139900,1,1,1,84,90,89,100,0,29,89,55,6,5,10,4,2,2,0,0,100,100,54,64,35,18,17,10,1,1787603847.3708823,G1,T01,sel_dentro_1m,1,static
140100,1,1,1,93,86,100,100,0,23,100,100,13,2,9,3,5,3,0,0,100,100,54,68,34,18,18,10,1,1787603847.5782576,G1,T01,sel_dentro_1m,1,static
140300,1,1,1,89,93,100,100,0,18,100,93,11,1,4,7,5,6,0,0,100,100,54,69,34,17,18,10,1,1787603847.77253,G1,T01,sel_dentro_1m,1,static
140500,1,1,1,89,90,91,100,0,19,91,60,5,3,1,4,4,6,0,0,100,100,52,68,33,17,19,10,1,1787603847.9630957,G1,T01,sel_dentro_1m,1,static
140700,1,1,1,80,89,71,100,0,33,71,44,9,3,1,2,4,5,0,0,100,100,49,66,31,16,19,10,1,1787603848.1715364,G1,T01,sel_dentro_1m,1,static
140900,1,1,1,93,92,100,100,0,15,100,100,10,1,7,8,3,4,0,0,100,100,46,65,30,16,19,10,1,1787603848.3648906,G1,T01,sel_dentro_1m,1,static
141100,1,1,1,95,94,100,100,0,43,100,100,18,10,9,7,1,1,0,0,100,100,46,64,30,16,19,10,1,1787603848.5716882,G1,T01,sel_dentro_1m,1,static
141300,1,1,1,99,93,100,100,0,25,100,100,14,10,10,7,1,2,0,0,100,100,46,65,30,16,20,10,1,1787603848.7729244,G1,T01,sel_dentro_1m,1,static
141500,1,1,1,101,99,100,100,0,18,100,100,23,9,7,9,1,5,0,0,100,100,46,65,30,16,21,10,1,1787603848.9707654,G1,T01,sel_dentro_1m,1,static
141700,1,1,1,104,103,100,100,0,37,100,100,35,9,10,9,3,6,0,0,100,100,46,68,29,15,21,10,1,1787603849.1633222,G1,T01,sel_dentro_1m,1,static
141900,1,1,1,111,107,100,100,0,46,100,100,37,7,9,7,6,5,0,0,100,100,46,69,28,14,21,10,1,1787603849.3707292,G1,T01,sel_dentro_1m,1,static
142100,1,1,1,120,115,100,100,0,21,100,100,38,12,10,3,4,2,0,0,100,100,46,67,25,14,20,10,1,1787603849.577914,G1,T01,sel_dentro_1m,1,static
142300,1,1,1,127,116,86,100,0,19,70,86,22,11,9,5,3,1,0,0,100,100,47,67,25,14,20,10,1,1787603849.7730951,G1,T01,sel_dentro_1m,1,static
142500,1,0,1,0,137,0,100,0,18,13,13,8,8,5,6,1,1,0,0,100,100,47,65,23,13,19,10,1,1787603849.9748738,G1,T01,sel_dentro_1m,1,static
142700,1,0,1,0,137,0,100,0,25,21,15,11,4,3,4,2,2,0,0,100,100,50,64,22,13,19,10,1,1787603850.1684415,G1,T01,sel_dentro_1m,1,static
142900,1,1,1,105,137,52,100,0,27,52,49,11,5,5,6,4,0,0,0,100,100,53,64,20,12,18,10,1,1787603850.3752813,G1,T01,sel_dentro_1m,1,static
143100,1,1,1,131,115,57,100,0,19,44,57,19,8,9,6,4,2,0,0,100,100,55,65,19,12,17,10,1,1787603850.56732,G1,T01,sel_dentro_1m,1,static
143300,1,1,1,123,123,100,100,0,19,100,100,31,11,7,7,7,4,0,0,100,100,58,65,18,12,17,10,1,1787603850.7759328,G1,T01,sel_dentro_1m,1,static
143500,1,1,1,125,124,100,100,0,15,100,100,33,10,5,8,6,4,0,0,100,100,59,64,18,12,17,10,1,1787603850.9669394,G1,T01,sel_dentro_1m,1,static
143700,1,1,1,124,123,100,100,0,19,100,100,32,6,9,5,3,5,0,0,100,100,59,64,19,12,17,10,1,1787603851.1752741,G1,T01,sel_dentro_1m,1,static
143900,1,1,1,125,125,100,100,0,16,100,100,25,4,7,5,1,5,0,0,100,100,61,64,18,12,17,10,1,1787603851.3659043,G1,T01,sel_dentro_1m,1,static
144100,1,1,1,108,118,100,100,0,17,100,100,22,11,8,4,2,2,0,0,100,100,63,63,18,12,18,11,1,1787603851.579201,G1,T01,sel_dentro_1m,1,static
144300,1,1,1,101,108,100,100,0,37,100,100,17,5,4,4,2,3,0,0,100,100,66,64,18,12,18,10,1,1787603851.7741103,G1,T01,sel_dentro_1m,1,static
144500,1,1,1,93,96,100,100,0,48,100,100,14,3,3,2,1,4,0,0,100,100,67,63,18,12,18,10,1,1787603851.9741886,G1,T01,sel_dentro_1m,1,static
144700,1,1,1,91,99,100,100,0,39,100,100,10,6,7,6,3,4,0,0,100,100,67,63,18,12,18,10,1,1787603852.1686697,G1,T01,sel_dentro_1m,1,static
144900,1,1,1,93,92,100,100,0,15,100,100,20,10,7,8,3,6,0,0,100,100,70,62,19,12,18,10,1,1787603852.3733933,G1,T01,sel_dentro_1m,1,static
145100,1,1,1,93,92,100,100,0,23,100,100,12,12,7,7,3,7,0,0,100,100,72,61,20,12,19,10,1,1787603852.5718093,G1,T01,sel_dentro_1m,1,static
145300,1,0,1,0,91,0,100,0,15,29,20,7,3,3,5,4,6,0,0,100,100,75,60,20,12,18,10,1,1787603852.7743483,G1,T01,sel_dentro_1m,1,static
145500,1,1,1,93,91,55,100,0,22,55,44,1,10,2,5,3,6,0,0,100,100,77,57,19,12,18,10,1,1787603852.9723737,G1,T01,sel_dentro_1m,1,static
145700,1,0,1,0,93,0,100,0,20,12,16,6,9,4,5,4,5,0,0,100,100,77,54,18,12,17,10,1,1787603853.177528,G1,T01,sel_dentro_1m,1,static
145900,1,1,1,150,93,43,100,0,15,50,43,6,1,3,7,3,6,0,0,100,100,76,50,18,12,17,10,1,1787603853.377227,G1,T01,sel_dentro_1m,1,static
146100,1,0,1,0,150,0,100,0,18,46,33,10,8,2,8,4,5,0,0,100,100,73,47,18,12,17,10,1,1787603853.5715768,G1,T01,sel_dentro_1m,1,static
146300,1,1,1,86,86,100,100,0,26,100,80,17,14,6,7,1,4,0,0,100,100,74,46,18,12,17,10,1,1787603853.7752173,G1,T01,sel_dentro_1m,1,static
146500,1,1,1,92,89,100,100,0,20,100,100,1,10,7,9,1,3,0,0,100,100,76,47,19,12,17,10,1,1787603853.9714384,G1,T01,sel_dentro_1m,1,static
146700,1,1,1,90,94,100,100,0,68,100,100,14,2,5,1,3,1,0,0,100,100,77,48,20,13,17,10,1,1787603854.1638021,G1,T01,sel_dentro_1m,1,static
146900,1,1,1,90,93,100,100,0,33,100,85,15,7,1,3,5,2,0,0,100,100,79,48,22,13,17,10,1,1787603854.3716726,G1,T01,sel_dentro_1m,1,static
147100,1,1,1,86,86,66,100,0,25,66,44,14,4,2,4,5,3,0,0,100,100,81,48,24,14,17,10,1,1787603854.5638373,G1,T01,sel_dentro_1m,1,static
147300,1,0,1,0,93,0,100,0,25,33,16,4,6,2,4,7,2,0,0,100,100,82,48,26,14,17,10,1,1787603854.775365,G1,T01,sel_dentro_1m,1,static
147500,1,1,1,88,93,54,100,0,20,54,38,7,5,2,4,6,2,0,0,100,100,82,46,27,14,17,10,1,1787603854.964541,G1,T01,sel_dentro_1m,1,static
147700,1,1,1,97,98,100,100,0,24,100,100,19,4,2,4,2,2,0,0,100,100,80,43,28,14,16,10,1,1787603855.1724927,G1,T01,sel_dentro_1m,1,static
147900,1,1,1,93,93,100,100,0,37,100,100,19,7,8,5,3,2,0,0,100,100,77,42,29,15,15,10,1,1787603855.3656225,G1,T01,sel_dentro_1m,1,static
148100,1,1,1,91,92,100,100,0,15,100,100,10,11,8,9,1,4,0,0,100,100,78,42,30,15,15,10,1,1787603855.5739934,G1,T01,sel_dentro_1m,1,static
148300,1,1,1,90,89,100,100,0,40,100,100,13,16,11,11,3,6,0,0,100,100,81,42,30,15,14,10,1,1787603855.776269,G1,T01,sel_dentro_1m,1,static
148500,1,1,1,87,90,100,100,0,56,100,100,18,17,9,6,3,6,0,0,100,100,87,43,31,16,14,10,1,1787603855.973797,G1,T01,sel_dentro_1m,1,static
148700,1,1,1,92,90,100,100,0,45,100,100,22,13,5,2,3,7,0,0,100,100,92,44,32,16,14,10,1,1787603856.1667793,G1,T01,sel_dentro_1m,1,static
148900,1,1,1,99,93,100,100,0,18,100,100,13,4,4,6,2,5,0,0,100,100,91,45,32,16,13,10,1,1787603856.3748837,G1,T01,sel_dentro_1m,1,static
149100,1,0,1,0,97,0,100,0,16,14,2,1,6,3,6,2,5,0,0,100,100,89,45,32,15,13,10,1,1787603856.5672507,G1,T01,sel_dentro_1m,1,static
149300,1,1,1,93,91,100,100,0,15,100,100,16,10,3,3,5,6,0,0,100,100,88,44,32,15,13,10,1,1787603856.7777476,G1,T01,sel_dentro_1m,1,static
149500,1,1,1,93,93,100,100,0,38,100,100,16,10,4,7,4,7,0,0,100,100,91,45,32,15,13,10,1,1787603856.966797,G1,T01,sel_dentro_1m,1,static
149700,1,0,1,0,94,0,100,0,16,22,22,4,5,4,7,4,6,0,0,100,100,95,46,33,15,12,10,1,1787603857.1747847,G1,T01,sel_dentro_1m,1,static
149900,1,0,1,0,94,0,100,0,18,22,31,11,8,4,6,3,6,0,0,100,100,96,47,34,15,12,10,1,1787603857.3664274,G1,T01,sel_dentro_1m,1,static
150100,1,0,1,0,94,0,100,0,16,36,24,12,8,2,8,3,6,0,0,100,100,98,47,34,15,12,10,1,1787603857.5737882,G1,T01,sel_dentro_1m,1,static
150300,1,1,1,99,90,86,100,0,17,86,72,8,8,5,7,3,6,0,0,100,100,97,47,34,15,12,10,1,1787603857.7773006,G1,T01,sel_dentro_1m,1,static
150500,1,0,1,0,99,0,100,0,20,20,19,3,1,7,9,3,6,0,0,100,100,97,45,33,15,11,10,1,1787603857.9723883,G1,T01,sel_dentro_1m,1,static
150700,1,1,1,80,99,65,100,0,32,65,41,10,4,5,7,4,5,0,0,100,100,97,44,32,15,11,10,1,1787603858.1649065,G1,T01,sel_dentro_1m,1,static
150900,1,0,1,0,80,0,100,0,15,12,9,8,3,3,7,3,5,0,0,100,100,95,44,30,14,11,10,1,1787603858.373995,G1,T01,sel_dentro_1m,1,static
151100,1,0,1,0,80,0,100,0,15,43,39,3,10,4,9,3,5,0,0,100,100,95,45,28,14,11,10,1,1787603858.565387,G1,T01,sel_dentro_1m,1,static
151300,1,1,1,82,80,83,100,0,33,83,50,14,7,6,9,3,5,0,0,100,100,95,46,26,13,11,10,1,1787603858.7791476,G1,T01,sel_dentro_1m,1,static
151500,1,1,1,92,91,100,100,0,27,100,75,6,10,11,6,4,5,0,0,100,100,95,46,25,12,10,10,1,1787603858.9658368,G1,T01,sel_dentro_1m,1,static
151700,1,1,1,78,95,69,100,0,37,69,42,12,10,4,5,2,7,0,0,100,100,97,47,24,12,10,10,1,1787603859.1738439,G1,T01,sel_dentro_1m,1,static
151900,1,0,1,0,78,0,100,0,26,46,31,10,10,4,3,3,7,0,0,100,100,100,46,24,11,10,10,1,1787603859.3662148,G1,T01,sel_dentro_1m,1,static
152100,1,1,1,93,78,57,100,0,25,57,46,9,7,5,4,3,8,0,0,100,100,100,44,23,10,10,10,1,1787603859.573844,G1,T01,sel_dentro_1m,1,static
152300,1,0,1,0,93,0,100,0,23,25,16,5,8,5,3,3,8,0,0,100,100,100,43,22,9,10,10,1,1787603859.7661412,G1,T01,sel_dentro_1m,1,static
152500,1,0,1,0,93,0,100,0,16,10,12,7,6,5,4,3,7,0,0,100,100,97,41,21,9,10,10,1,1787603859.9744847,G1,T01,sel_dentro_1m,1,static
152700,1,0,1,0,93,0,100,0,15,24,17,11,6,3,1,3,7,0,0,100,100,95,39,20,9,10,10,1,1787603860.1662605,G1,T01,sel_dentro_1m,1,static
152900,1,0,1,0,93,0,100,0,15,20,7,6,6,2,2,2,7,0,0,100,100,94,38,19,9,9,10,1,1787603860.37367,G1,T01,sel_dentro_1m,1,static
153100,1,0,1,0,93,0,100,0,18,29,24,8,4,2,3,4,7,0,0,100,100,95,36,18,9,8,10,1,1787603860.5655959,G1,T01,sel_dentro_1m,1,static
153300,1,1,1,90,82,67,100,0,23,67,48,8,9,2,0,3,7,0,0,100,100,94,36,17,9,8,10,1,1787603860.7734518,G1,T01,sel_dentro_1m,1,static
153500,1,1,1,91,93,64,100,0,17,64,46,11,6,5,1,1,7,0,0,100,100,89,36,17,9,7,10,1,1787603860.9638078,G1,T01,sel_dentro_1m,1,static
153700,1,1,1,97,95,100,100,0,19,100,97,11,2,8,4,2,4,0,0,100,100,85,35,16,9,8,10,1,1787603861.1713054,G1,T01,sel_dentro_1m,1,static
153900,1,1,1,97,100,100,100,0,16,100,85,10,5,8,8,1,4,0,0,100,100,82,36,16,9,8,10,1,1787603861.3636272,G1,T01,sel_dentro_1m,1,static
154100,1,1,1,104,101,72,100,0,16,72,66,5,4,7,7,2,3,0,0,100,100,79,37,17,10,9,10,1,1787603861.5792,G1,T01,sel_dentro_1m,1,static
154300,1,1,1,104,99,52,100,0,22,52,48,10,6,1,5,2,1,0,0,100,100,75,37,18,9,10,10,1,1787603861.7637227,G1,T01,sel_dentro_1m,1,static
154500,1,0,1,0,104,0,100,0,19,26,14,8,5,1,6,3,1,0,0,100,100,70,37,19,9,11,10,1,1787603861.9717147,G1,T01,sel_dentro_1m,1,static
154700,1,0,1,0,104,0,100,0,21,13,13,4,5,1,7,3,1,0,0,100,100,68,37,19,9,12,10,1,1787603862.1638718,G1,T01,sel_dentro_1m,1,static
154900,1,0,1,0,104,0,100,0,15,28,32,10,7,3,7,3,1,0,0,100,100,67,37,20,8,13,10,1,1787603862.3723383,G1,T01,sel_dentro_1m,1,static
155100,1,0,1,0,104,0,100,0,22,31,27,4,4,3,3,2,1,0,0,100,100,63,36,21,8,14,10,1,1787603862.5645723,G1,T01,sel_dentro_1m,1,static
155300,1,1,1,96,86,100,100,0,32,100,87,8,9,3,2,2,3,0,0,100,100,60,35,21,8,14,10,1,1787603862.7735946,G1,T01,sel_dentro_1m,1,static
155500,1,1,1,99,99,58,100,0,19,58,50,6,8,4,4,2,3,0,0,100,100,56,34,21,8,14,10,1,1787603862.9657705,G1,T01,sel_dentro_1m,1,static
155700,1,0,1,0,99,0,100,0,15,21,31,7,6,5,2,1,3,0,0,100,100,53,32,22,8,14,10,1,1787603863.1738944,G1,T01,sel_dentro_1m,1,static
155900,1,0,1,0,99,0,100,0,14,8,15,7,7,6,2,1,3,0,0,100,100,51,31,22,8,14,10,1,1787603863.3657918,G1,T01,sel_dentro_1m,1,static
156100,1,1,1,89,99,87,100,0,26,87,61,8,5,8,6,1,4,0,0,100,100,48,30,23,8,14,10,1,1787603863.5726953,G1,T01,sel_dentro_1m,1,static
156300,1,1,1,94,93,100,100,0,23,100,86,10,7,10,9,2,5,0,0,100,100,46,29,24,8,14,10,1,1787603863.779563,G1,T01,sel_dentro_1m,1,static
156500,1,1,1,90,94,97,100,0,15,97,64,5,7,2,7,2,7,0,0,100,100,44,30,24,8,14,10,1,1787603863.971993,G1,T01,sel_dentro_1m,1,static
156700,1,0,1,0,93,0,100,0,18,41,33,6,8,2,3,3,6,0,0,100,100,44,30,24,8,14,10,1,1787603864.163658,G1,T01,sel_dentro_1m,1,static
156900,1,1,1,100,99,100,100,0,20,100,100,19,5,6,5,2,4,0,0,100,100,43,30,25,8,14,10,1,1787603864.371955,G1,T01,sel_dentro_1m,1,static
157100,1,1,1,103,101,100,100,0,28,100,100,21,3,9,3,1,2,0,0,100,100,41,31,26,8,15,10,1,1787603864.578788,G1,T01,sel_dentro_1m,1,static
157300,1,1,1,101,103,100,100,0,30,100,100,16,9,9,4,0,3,0,0,100,100,40,33,28,8,17,10,1,1787603864.7704651,G1,T01,sel_dentro_1m,1,static
157500,1,0,1,0,102,0,100,0,19,33,13,2,9,6,6,1,3,0,0,100,100,39,36,28,8,18,10,1,1787603864.9775846,G1,T01,sel_dentro_1m,1,static
157700,1,1,1,99,102,100,100,0,29,100,95,14,2,2,5,1,2,0,0,100,100,39,37,28,8,19,10,1,1787603865.1685364,G1,T01,sel_dentro_1m,1,static
157900,1,1,1,100,100,100,100,0,45,100,100,17,3,3,4,1,5,0,0,100,100,38,36,27,7,18,10,1,1787603865.3753414,G1,T01,sel_dentro_1m,1,static
158100,1,1,1,99,97,100,100,0,14,100,100,14,3,8,9,3,7,0,0,100,100,38,35,27,7,18,10,1,1787603865.5667992,G1,T01,sel_dentro_1m,1,static
158300,1,1,1,97,100,100,100,0,20,100,100,14,11,12,10,2,7,0,0,100,100,40,35,27,7,18,10,1,1787603865.7756503,G1,T01,sel_dentro_1m,1,static
158500,1,1,1,93,96,100,100,0,21,100,89,13,12,6,6,5,5,0,0,100,100,44,36,26,8,18,10,1,1787603865.9660697,G1,T01,sel_dentro_1m,1,static
158700,1,1,1,89,86,100,100,0,22,100,68,14,11,6,6,1,6,0,0,100,100,49,39,26,8,17,10,1,1787603866.1745183,G1,T01,sel_dentro_1m,1,static
158900,1,1,1,94,88,100,100,0,19,100,100,2,13,9,7,1,5,0,0,100,100,54,42,25,8,17,10,1,1787603866.3664439,G1,T01,sel_dentro_1m,1,static
159100,1,1,1,95,95,100,100,0,49,100,100,20,7,9,5,2,3,0,0,100,100,57,45,25,8,17,10,1,1787603866.5743494,G1,T01,sel_dentro_1m,1,static
159300,1,1,1,90,95,100,100,0,60,100,100,19,6,3,3,5,1,0,0,100,100,61,47,25,9,17,10,1,1787603866.767008,G1,T01,sel_dentro_1m,1,static
159500,1,1,1,93,91,100,100,0,29,100,100,17,3,3,2,5,2,0,0,100,100,62,49,26,10,17,10,1,1787603866.9736438,G1,T01,sel_dentro_1m,1,static
159700,1,1,1,97,97,100,100,0,14,100,96,16,8,10,6,6,2,0,0,100,100,64,53,28,10,17,10,1,1787603867.1648095,G1,T01,sel_dentro_1m,1,static
159900,1,0,1,0,90,0,100,0,14,33,19,4,5,3,7,6,3,0,0,100,100,65,57,29,11,17,10,1,1787603867.3727906,G1,T01,sel_dentro_1m,1,static
160100,1,1,1,97,90,78,100,0,13,78,62,10,1,10,3,6,2,0,0,100,100,65,59,30,11,17,10,1,1787603867.5649629,G1,T01,sel_dentro_1m,1,static
160300,1,1,1,100,105,100,100,0,15,100,100,20,3,3,1,6,2,0,0,100,100,64,59,29,12,17,10,1,1787603867.7735538,G1,T01,sel_dentro_1m,1,static
160500,1,1,1,98,97,100,100,0,20,100,93,17,3,2,3,3,3,0,0,100,100,64,58,29,12,17,10,1,1787603867.9653752,G1,T01,sel_dentro_1m,1,static
160700,1,1,1,94,96,59,100,0,16,59,46,7,4,4,4,2,3,0,0,100,100,63,59,29,13,16,10,1,1787603868.1736224,G1,T01,sel_dentro_1m,1,static
160900,1,0,1,0,94,0,100,0,13,20,26,8,3,4,6,3,3,0,0,100,100,61,59,29,13,17,10,1,1787603868.366429,G1,T01,sel_dentro_1m,1,static
161100,1,0,1,0,94,0,100,0,22,18,7,6,5,6,4,1,2,0,0,100,100,62,60,28,14,16,10,1,1787603868.5745044,G1,T01,sel_dentro_1m,1,static
161300,1,0,1,0,94,0,100,0,13,16,10,8,5,7,4,2,2,0,0,100,100,61,58,26,14,15,10,1,1787603868.7668617,G1,T01,sel_dentro_1m,1,static
161500,1,1,1,89,94,65,100,0,19,65,44,3,7,7,5,1,3,0,0,100,100,60,57,26,14,14,10,1,1787603868.9753158,G1,T01,sel_dentro_1m,1,static
161700,1,0,1,0,95,0,100,0,18,21,19,6,4,3,5,1,3,0,0,100,100,59,57,25,14,13,10,1,1787603869.1667717,G1,T01,sel_dentro_1m,1,static
161900,1,1,1,94,89,100,100,0,54,100,100,29,4,8,2,3,4,0,0,100,100,59,57,25,15,12,10,1,1787603869.3756459,G1,T01,sel_dentro_1m,1,static
162100,1,1,1,94,94,100,100,0,56,100,100,30,8,5,4,6,2,0,0,100,100,60,57,25,15,11,10,1,1787603869.567577,G1,T01,sel_dentro_1m,1,static
162300,1,1,1,98,98,100,100,0,19,100,100,15,10,5,9,7,3,0,0,100,100,58,57,26,16,11,10,1,1787603869.775847,G1,T01,sel_dentro_1m,1,static
162500,1,1,1,92,94,85,100,0,21,85,62,5,8,10,10,4,3,0,0,100,100,57,56,27,17,10,10,1,1787603869.965013,G1,T01,sel_dentro_1m,1,static
162700,1,1,1,83,92,80,100,0,23,80,45,10,17,11,4,3,2,0,0,100,100,57,56,28,17,9,10,1,1787603870.1733527,G1,T01,sel_dentro_1m,1,static
162900,1,1,1,69,75,52,100,0,18,52,5,15,12,11,3,3,2,0,0,100,100,56,54,29,17,8,10,1,1787603870.3653727,G1,T01,sel_dentro_1m,1,static
163100,1,1,1,132,69,80,100,0,21,63,80,31,8,1,1,4,3,0,0,100,100,53,51,28,17,8,10,1,1787603870.5739827,G1,T01,sel_dentro_1m,1,static
163300,1,1,1,130,132,100,100,0,15,100,100,37,3,2,4,5,3,0,0,100,100,50,48,28,17,7,10,1,1787603870.7656956,G1,T01,sel_dentro_1m,1,static
163500,1,1,1,117,123,51,100,0,18,49,51,13,5,2,4,5,5,0,0,100,100,48,46,27,17,7,10,1,1787603870.9737973,G1,T01,sel_dentro_1m,1,static
163700,1,1,1,98,90,59,100,0,24,59,51,11,4,4,4,4,4,0,0,100,100,45,43,27,16,7,10,1,1787603871.1655872,G1,T01,sel_dentro_1m,1,static
163900,1,0,1,0,98,0,100,0,15,40,39,10,6,2,5,4,4,0,0,100,100,41,38,25,15,7,10,1,1787603871.373285,G1,T01,sel_dentro_1m,1,static
164100,1,0,1,0,98,0,100,0,17,30,23,4,5,2,5,4,4,0,0,100,100,40,35,24,15,7,10,1,1787603871.5792694,G1,T01,sel_dentro_1m,1,static
164300,1,1,1,98,150,59,100,0,20,59,50,6,4,3,4,4,3,0,0,100,100,38,34,24,14,7,10,1,1787603871.7701879,G1,T01,sel_dentro_1m,1,static
164500,1,1,1,100,90,55,100,0,18,55,48,9,2,3,5,3,3,0,0,100,100,36,33,23,14,7,10,1,1787603871.9790573,G1,T01,sel_dentro_1m,1,static
164700,1,0,1,0,100,0,100,0,18,14,4,13,3,1,5,2,4,0,0,100,100,35,32,23,14,6,10,1,1787603872.1695065,G1,T01,sel_dentro_1m,1,static
164900,1,0,1,0,100,0,100,0,17,41,36,7,7,5,5,1,3,0,0,100,100,34,31,22,13,6,10,1,1787603872.378097,G1,T01,sel_dentro_1m,1,static
165100,1,0,1,0,100,0,100,0,16,23,15,8,3,5,5,2,2,0,0,100,100,35,30,22,13,6,10,1,1787603872.5701797,G1,T01,sel_dentro_1m,1,static
165300,1,1,1,89,100,58,100,0,16,58,40,7,10,3,6,3,3,0,0,100,100,37,30,22,13,6,10,1,1787603872.7777963,G1,T01,sel_dentro_1m,1,static
165500,1,1,1,87,96,87,100,0,29,87,59,8,7,8,7,3,3,0,0,100,100,40,31,22,13,6,10,1,1787603872.9697587,G1,T01,sel_dentro_1m,1,static
165700,1,1,1,91,97,85,100,0,15,85,60,14,14,12,4,3,2,0,0,100,100,46,32,23,12,6,10,1,1787603873.1776192,G1,T01,sel_dentro_1m,1,static
165900,1,1,1,93,83,100,100,0,49,100,100,23,13,9,4,5,3,0,0,100,100,51,35,25,12,5,10,1,1787603873.3697278,G1,T01,sel_dentro_1m,1,static
166100,1,1,1,101,98,100,100,0,40,100,100,28,11,8,9,5,3,0,0,100,100,53,36,26,12,5,10,1,1787603873.5772882,G1,T01,sel_dentro_1m,1,static
166300,1,1,1,97,103,74,100,0,23,74,62,9,4,1,7,5,3,0,0,100,100,55,35,24,11,5,10,1,1787603873.7700512,G1,T01,sel_dentro_1m,1,static
166500,1,0,1,0,97,0,100,0,15,30,17,11,11,4,4,4,3,0,0,100,100,55,32,23,11,5,10,1,1787603873.9778907,G1,T01,sel_dentro_1m,1,static
166700,1,1,1,99,94,100,100,0,16,100,100,27,6,8,1,3,2,0,0,100,100,52,28,22,11,5,10,1,1787603874.1702213,G1,T01,sel_dentro_1m,1,static
166900,1,1,1,96,99,100,100,0,32,100,100,20,8,10,1,1,3,0,0,100,100,49,26,21,11,5,10,1,1787603874.3784459,G1,T01,sel_dentro_1m,1,static
167100,1,0,1,0,102,0,100,0,19,39,25,9,10,7,1,1,3,0,0,100,100,49,25,22,11,4,10,1,1787603874.5696254,G1,T01,sel_dentro_1m,1,static
167300,1,1,1,82,89,100,100,0,51,100,85,20,4,1,1,4,4,0,0,100,100,51,25,22,11,5,10,1,1787603874.7784345,G1,T01,sel_dentro_1m,1,static
167500,1,1,1,90,87,100,100,0,17,100,85,19,10,9,5,5,3,0,0,100,100,54,26,22,11,4,10,1,1787603874.9683106,G1,T01,sel_dentro_1m,1,static
167700,1,1,1,76,90,52,100,0,14,52,17,5,5,5,9,4,2,0,0,100,100,57,27,22,11,4,10,1,1787603875.1752305,G1,T01,sel_dentro_1m,1,static
167900,1,1,1,91,76,51,100,0,16,51,38,9,8,8,9,6,2,0,0,100,100,60,28,22,11,4,10,1,1787603875.3676734,G1,T01,sel_dentro_1m,1,static
168100,1,1,1,99,99,63,100,0,18,63,53,13,10,8,10,5,2,0,0,100,100,64,30,23,11,4,10,1,1787603875.5756829,G1,T01,sel_dentro_1m,1,static
168300,1,1,1,103,99,100,100,0,20,100,100,24,13,10,1,3,3,0,0,100,100,69,33,25,12,4,10,1,1787603875.767883,G1,T01,sel_dentro_1m,1,static
168500,1,1,1,99,100,100,100,0,15,100,100,22,13,11,9,1,3,0,0,100,100,76,37,27,12,4,10,1,1787603875.9758177,G1,T01,sel_dentro_1m,1,static
168700,1,1,1,91,96,100,100,0,25,100,74,23,6,4,9,1,2,0,0,100,100,77,38,28,12,4,10,1,1787603876.1663465,G1,T01,sel_dentro_1m,1,static
168900,1,0,1,0,84,0,100,0,27,49,24,8,6,7,6,1,3,0,0,100,100,77,37,29,13,4,10,1,1787603876.3739367,G1,T01,sel_dentro_1m,1,static
169100,1,0,1,0,84,0,100,0,18,26,9,13,4,3,6,1,3,0,0,100,100,77,37,30,13,4,10,1,1787603876.5677485,G1,T01,sel_dentro_1m,1,static
169300,1,1,1,87,79,100,100,0,16,100,67,9,13,6,7,3,2,0,0,100,100,78,37,31,13,4,10,1,1787603876.7735567,G1,T01,sel_dentro_1m,1,static
169500,1,1,1,93,89,100,100,0,27,100,100,21,14,9,1,4,2,0,0,100,100,80,39,31,13,4,10,1,1787603876.9659,G1,T01,sel_dentro_1m,1,static
169700,1,1,1,94,91,100,100,0,57,100,100,22,11,11,9,8,1,0,0,100,100,78,38,32,14,4,10,1,1787603877.1740103,G1,T01,sel_dentro_1m,1,static
169900,1,1,1,94,95,100,100,0,25,100,96,11,6,3,8,6,1,0,0,100,100,76,37,32,14,4,10,1,1787603877.3670774,G1,T01,sel_dentro_1m,1,static
170100,1,1,1,101,96,56,100,0,19,56,49,7,8,3,4,4,2,0,0,100,100,76,37,32,14,4,11,1,1787603877.576387,G1,T01,sel_dentro_1m,1,static
170300,1,0,1,0,101,0,100,0,14,16,16,7,1,2,4,4,2,0,0,100,100,75,37,32,13,4,11,1,1787603877.7695842,G1,T01,sel_dentro_1m,1,static
170500,1,0,1,0,101,0,100,0,19,21,24,10,3,3,3,5,3,0,0,100,100,74,38,33,12,4,10,1,1787603877.9766958,G1,T01,sel_dentro_1m,1,static
170700,1,0,1,0,101,0,100,0,15,23,15,3,8,4,1,6,2,0,0,100,100,73,38,33,12,4,10,1,1787603878.1684828,G1,T01,sel_dentro_1m,1,static
170900,1,0,1,0,101,0,100,0,14,16,3,8,11,2,1,4,3,0,0,100,100,73,37,33,12,4,10,1,1787603878.376693,G1,T01,sel_dentro_1m,1,static
171100,1,0,1,0,101,0,100,0,14,40,38,11,5,4,1,2,3,0,0,100,100,74,36,32,12,4,10,1,1787603878.5690722,G1,T01,sel_dentro_1m,1,static
171300,1,0,1,0,101,0,100,0,22,40,28,3,7,2,1,4,3,0,0,100,100,74,35,32,12,4,10,1,1787603878.7768846,G1,T01,sel_dentro_1m,1,static
171500,1,0,1,0,86,0,100,0,24,43,21,8,7,2,1,4,3,0,0,100,100,72,34,32,12,4,10,1,1787603878.9690244,G1,T01,sel_dentro_1m,1,static
171700,1,0,1,0,86,0,100,0,17,34,21,10,2,4,1,5,2,0,0,100,100,71,33,31,12,4,10,1,1787603879.177395,G1,T01,sel_dentro_1m,1,static
171900,1,0,1,0,86,0,100,0,22,49,30,10,5,6,4,5,3,0,0,100,100,70,32,31,11,4,10,1,1787603879.3685386,G1,T01,sel_dentro_1m,1,static
172100,1,0,1,0,86,0,100,0,19,41,27,8,5,6,5,7,2,0,0,100,100,69,31,30,11,4,10,1,1787603879.576526,G1,T01,sel_dentro_1m,1,static
172300,1,1,1,96,93,100,100,0,16,100,100,21,9,8,8,8,2,0,0,100,100,67,29,29,12,4,10,1,1787603879.7692044,G1,T01,sel_dentro_1m,1,static
172500,1,1,1,97,93,100,100,0,28,100,100,17,12,9,9,6,2,0,0,100,100,66,28,29,12,4,10,1,1787603879.9776282,G1,T01,sel_dentro_1m,1,static
172700,1,1,1,90,95,100,100,0,32,100,86,11,9,7,2,4,3,0,0,100,100,71,30,30,13,4,10,1,1787603880.1692111,G1,T01,sel_dentro_1m,1,static
172900,1,0,1,0,93,0,100,0,19,31,22,2,7,8,5,3,3,0,0,100,100,78,34,32,13,4,10,1,1787603880.3774283,G1,T01,sel_dentro_1m,1,static
173100,1,0,1,0,93,0,100,0,15,29,24,3,9,2,3,5,2,0,0,100,100,84,37,33,13,4,10,1,1787603880.5694828,G1,T01,sel_dentro_1m,1,static
173300,1,1,1,91,93,54,100,0,24,54,43,6,6,1,3,3,3,0,0,100,100,86,38,33,14,4,10,1,1787603880.7769334,G1,T01,sel_dentro_1m,1,static
173500,1,0,1,0,91,0,100,0,21,15,19,5,6,6,3,4,2,0,0,100,100,85,37,32,13,4,10,1,1787603880.9683888,G1,T01,sel_dentro_1m,1,static
173700,1,0,1,0,91,0,100,0,19,44,26,11,11,12,1,5,2,0,0,100,100,86,38,31,13,4,10,1,1787603881.1758842,G1,T01,sel_dentro_1m,1,static
173900,1,1,1,100,90,59,100,0,21,59,52,10,7,8,4,4,3,0,0,100,100,87,38,30,12,4,10,1,1787603881.368514,G1,T01,sel_dentro_1m,1,static
174100,1,1,1,67,100,52,100,0,34,52,24,8,11,6,9,6,2,0,0,100,100,87,40,29,12,4,10,1,1787603881.579192,G1,T01,sel_dentro_1m,1,static
174300,1,1,1,87,69,55,100,0,22,55,39,14,3,5,10,7,3,0,0,100,100,87,42,29,12,4,10,1,1787603881.7689958,G1,T01,sel_dentro_1m,1,static
174500,1,1,1,88,85,61,100,0,25,61,44,11,8,7,2,7,3,0,0,100,100,88,44,29,13,4,10,1,1787603881.977719,G1,T01,sel_dentro_1m,1,static
174700,1,1,1,89,96,61,100,0,17,61,41,6,4,7,1,6,3,0,0,100,100,91,46,29,13,4,10,1,1787603882.1701877,G1,T01,sel_dentro_1m,1,static
174900,1,1,1,94,90,73,100,0,13,73,54,8,9,7,3,4,2,0,0,100,100,93,47,30,12,4,10,1,1787603882.3767252,G1,T01,sel_dentro_1m,1,static
175100,1,0,1,0,94,0,100,0,16,29,22,5,11,3,1,4,1,0,0,100,100,95,47,30,13,4,10,1,1787603882.5683162,G1,T01,sel_dentro_1m,1,static
175300,1,1,1,79,94,76,100,0,30,76,40,11,1,4,1,5,3,0,0,100,100,96,48,31,13,4,10,1,1787603882.775338,G1,T01,sel_dentro_1m,1,static
175500,1,1,1,95,93,100,100,0,18,100,100,23,12,6,7,6,3,0,0,100,100,96,49,31,13,4,10,1,1787603882.9678442,G1,T01,sel_dentro_1m,1,static
175700,1,1,1,96,96,100,100,0,41,100,100,21,12,10,10,7,3,0,0,100,100,97,51,32,14,4,10,1,1787603883.175553,G1,T01,sel_dentro_1m,1,static
175900,1,1,1,98,96,100,100,0,17,100,100,10,10,7,4,4,3,0,0,100,100,99,53,34,14,4,10,1,1787603883.3675504,G1,T01,sel_dentro_1m,1,static
176100,1,1,1,94,97,53,100,0,17,53,42,3,8,8,7,4,3,0,0,100,100,100,55,36,15,4,10,1,1787603883.5760932,G1,T01,sel_dentro_1m,1,static
176300,1,0,1,0,94,0,100,0,20,17,7,9,8,2,5,3,3,0,0,100,100,100,57,37,14,4,10,1,1787603883.7675316,G1,T01,sel_dentro_1m,1,static
176500,1,1,1,82,94,54,100,0,25,54,35,3,7,5,1,5,2,0,0,100,100,100,57,36,14,4,10,1,1787603883.9743888,G1,T01,sel_dentro_1m,1,static
176700,1,1,1,80,84,56,100,0,24,56,33,9,9,11,3,5,3,0,0,100,100,99,56,35,13,5,10,1,1787603884.1659484,G1,T01,sel_dentro_1m,1,static
176900,1,0,1,0,83,0,100,0,22,31,18,6,8,7,1,5,2,0,0,100,100,95,55,33,13,4,10,1,1787603884.3731043,G1,T01,sel_dentro_1m,1,static
177100,1,0,1,0,83,0,100,0,20,35,23,7,2,8,2,5,3,0,0,100,100,91,54,32,12,4,10,1,1787603884.5654035,G1,T01,sel_dentro_1m,1,static
177300,1,1,1,90,83,100,100,0,33,100,73,11,10,6,5,4,4,0,0,100,100,86,54,32,12,4,10,1,1787603884.7726996,G1,T01,sel_dentro_1m,1,static
177500,1,1,1,96,97,100,100,0,26,100,100,12,6,6,11,7,3,0,0,100,100,84,54,33,12,5,10,1,1787603884.9648356,G1,T01,sel_dentro_1m,1,static
177700,1,1,1,96,100,100,100,0,18,100,85,14,9,7,7,5,2,0,0,100,100,83,54,34,12,4,10,1,1787603885.17232,G1,T01,sel_dentro_1m,1,static
177900,1,1,1,102,100,73,100,0,20,73,65,17,6,8,2,5,1,0,0,100,100,82,53,35,12,5,10,1,1787603885.3795779,G1,T01,sel_dentro_1m,1,static
178100,1,0,1,0,102,0,100,0,16,18,11,5,2,1,3,5,2,0,0,100,100,82,51,35,13,5,10,1,1787603885.5721037,G1,T01,sel_dentro_1m,1,static
178300,1,1,1,115,113,58,100,0,18,56,58,11,5,3,2,5,3,0,0,100,100,83,49,35,13,5,10,1,1787603885.7800634,G1,T01,sel_dentro_1m,1,static
178500,1,1,1,89,83,100,100,0,16,100,63,10,8,5,2,7,2,0,0,100,100,81,48,35,13,4,10,1,1787603885.9711845,G1,T01,sel_dentro_1m,1,static
178700,1,1,1,91,94,100,100,0,22,100,100,7,5,11,9,5,3,0,0,100,100,76,48,34,12,4,10,1,1787603886.1793077,G1,T01,sel_dentro_1m,1,static
178900,1,1,1,93,89,100,100,0,23,100,95,16,10,6,7,4,3,0,0,100,100,75,50,34,13,4,10,1,1787603886.3717823,G1,T01,sel_dentro_1m,1,static
179100,1,1,1,86,88,96,100,0,20,96,57,22,16,10,8,4,2,0,0,100,100,77,53,35,13,4,10,1,1787603886.579186,G1,T01,sel_dentro_1m,1,static
179300,1,0,1,0,75,0,100,0,25,35,33,32,4,2,7,3,3,0,0,100,100,77,53,35,13,4,10,1,1787603886.7707975,G1,T01,sel_dentro_1m,1,static
179500,1,1,1,127,75,43,100,0,23,39,43,25,3,9,7,1,2,0,0,100,100,78,54,35,13,4,10,1,1787603886.9788208,G1,T01,sel_dentro_1m,1,static
179700,1,0,1,0,127,0,100,0,20,18,14,5,4,3,5,1,3,0,0,100,100,79,55,35,13,5,10,1,1787603887.1709402,G1,T01,sel_dentro_1m,1,static
179900,1,1,1,81,127,54,100,0,14,54,26,18,4,11,3,1,1,0,0,100,100,78,53,33,12,5,10,1,1787603887.377747,G1,T01,sel_dentro_1m,1,static
180100,1,0,1,0,72,0,100,0,16,48,3,22,6,4,4,2,2,0,0,100,100,74,51,31,12,5,10,1,1787603887.568459,G1,T01,sel_dentro_1m,1,static
180300,1,0,1,0,72,0,100,0,16,16,9,11,4,3,1,2,3,0,0,100,100,69,49,29,12,5,10,1,1787603887.775498,G1,T01,sel_dentro_1m,1,static
180500,1,1,1,84,72,52,100,0,19,52,33,5,3,3,3,2,3,0,0,100,100,66,48,28,12,5,10,1,1787603887.9670196,G1,T01,sel_dentro_1m,1,static
180700,1,1,1,97,84,51,100,0,15,51,42,17,2,5,4,3,2,0,0,100,100,65,45,27,12,5,10,1,1787603888.1750789,G1,T01,sel_dentro_1m,1,static
180900,1,1,1,121,150,43,100,0,21,39,43,12,6,4,4,3,4,0,0,100,100,64,43,26,12,5,10,1,1787603888.366546,G1,T01,sel_dentro_1m,1,static
181100,1,0,1,0,121,0,100,0,16,42,31,7,11,1,5,4,3,0,0,100,100,63,42,25,13,5,10,1,1787603888.5760458,G1,T01,sel_dentro_1m,1,static
181300,1,1,1,115,124,71,100,0,16,69,71,12,4,6,5,5,3,0,0,100,100,64,40,24,14,5,10,1,1787603888.7673275,G1,T01,sel_dentro_1m,1,static
181500,1,1,1,124,124,63,100,0,15,53,63,12,2,4,5,5,2,0,0,100,100,62,38,23,14,5,10,1,1787603888.9756436,G1,T01,sel_dentro_1m,1,static
181700,1,0,1,0,124,0,100,0,17,23,26,7,1,3,5,4,3,0,0,100,100,60,36,21,15,6,10,1,1787603889.1684363,G1,T01,sel_dentro_1m,1,static
181900,1,1,1,150,124,41,100,0,21,44,41,11,3,5,6,6,3,0,0,100,100,57,35,20,15,5,10,1,1787603889.3763294,G1,T01,sel_dentro_1m,1,static
182100,1,1,1,116,114,100,100,0,23,100,100,20,4,4,6,4,5,0,0,100,100,55,35,18,15,6,10,1,1787603889.56869,G1,T01,sel_dentro_1m,1,static
182300,1,1,1,115,118,100,100,0,41,100,100,29,11,5,5,3,6,0,0,100,100,54,34,17,15,6,10,1,1787603889.7764032,G1,T01,sel_dentro_1m,1,static
182500,1,1,1,124,121,96,100,0,15,81,96,14,9,9,3,4,4,0,0,100,100,57,36,16,15,6,10,1,1787603889.9679506,G1,T01,sel_dentro_1m,1,static
182700,1,1,1,150,118,44,100,0,16,46,44,8,10,7,7,4,1,0,0,100,100,62,37,16,15,6,10,1,1787603890.1770928,G1,T01,sel_dentro_1m,1,static
182900,1,1,1,83,150,62,100,0,14,62,32,8,8,5,10,4,2,0,0,100,100,64,37,16,15,7,10,1,1787603890.3697147,G1,T01,sel_dentro_1m,1,static
183100,1,1,1,84,80,91,100,0,22,91,52,10,11,9,6,6,2,0,0,100,100,63,37,15,14,7,10,1,1787603890.5771239,G1,T01,sel_dentro_1m,1,static
183300,1,1,1,83,84,88,100,0,31,88,52,2,7,6,4,7,2,0,0,100,100,65,38,15,15,7,10,1,1787603890.7686386,G1,T01,sel_dentro_1m,1,static
183500,1,1,1,83,82,57,100,0,21,57,35,7,1,7,6,8,3,0,0,100,100,65,38,15,15,7,10,1,1787603890.9767337,G1,T01,sel_dentro_1m,1,static
183700,1,0,1,0,75,0,100,0,14,32,26,8,3,9,6,6,5,0,0,100,100,65,37,15,15,7,10,1,1787603891.1686697,G1,T01,sel_dentro_1m,1,static
183900,1,1,1,97,93,100,100,0,23,100,100,9,5,1,1,5,4,0,0,100,100,64,37,15,15,6,10,1,1787603891.376936,G1,T01,sel_dentro_1m,1,static
184100,1,1,1,90,96,100,100,0,25,100,100,7,9,10,7,2,3,0,0,100,100,66,38,17,14,6,10,1,1787603891.5790086,G1,T01,sel_dentro_1m,1,static
184300,1,1,1,93,94,97,100,0,20,97,72,6,6,5,9,3,3,0,0,100,100,69,39,18,14,7,10,1,1787603891.7774353,G1,T01,sel_dentro_1m,1,static
184500,1,0,1,0,93,0,100,0,17,18,16,8,5,1,8,4,2,0,0,100,100,71,41,19,14,7,10,1,1787603891.9682987,G1,T01,sel_dentro_1m,1,static
184700,1,1,1,94,98,80,100,0,31,80,65,8,1,3,7,4,2,0,0,100,100,73,42,20,14,7,10,1,1787603892.1762898,G1,T01,sel_dentro_1m,1,static
184900,1,0,1,0,94,0,100,0,15,19,12,11,7,6,5,5,2,0,0,100,100,74,42,21,14,7,10,1,1787603892.3698707,G1,T01,sel_dentro_1m,1,static
185100,1,0,1,0,94,0,100,0,19,30,31,11,5,1,4,3,2,0,0,100,100,74,43,22,13,7,10,1,1787603892.5760133,G1,T01,sel_dentro_1m,1,static
185300,1,0,1,0,94,0,100,0,14,18,25,3,1,1,6,4,2,0,0,100,100,74,43,22,12,7,10,1,1787603892.7723598,G1,T01,sel_dentro_1m,1,static
185500,1,0,1,0,94,0,100,0,14,44,27,2,6,5,7,3,4,0,0,100,100,75,43,23,12,7,10,1,1787603892.9761002,G1,T01,sel_dentro_1m,1,static
185700,1,0,1,0,94,0,100,0,16,15,8,6,5,8,8,5,1,0,0,100,100,76,44,23,11,7,10,1,1787603893.174109,G1,T01,sel_dentro_1m,1,static
185900,1,0,1,0,94,0,100,0,19,12,10,9,8,7,9,4,3,0,0,100,100,78,45,23,10,6,10,1,1787603893.3759513,G1,T01,sel_dentro_1m,1,static
186100,1,0,1,0,94,0,100,0,17,27,14,10,10,7,9,4,2,0,0,100,100,80,47,23,10,6,10,1,1787603893.5763428,G1,T01,sel_dentro_1m,1,static
186300,1,1,1,90,94,58,100,0,19,58,42,9,7,10,3,5,3,0,0,100,100,82,49,24,9,6,10,1,1787603893.777944,G1,T01,sel_dentro_1m,1,static
186500,1,1,1,90,89,65,100,0,21,65,47,10,5,5,3,6,2,0,0,100,100,81,48,25,9,6,10,1,1787603893.979324,G1,T01,sel_dentro_1m,1,static
186700,1,1,1,82,83,85,100,0,32,85,50,5,4,9,6,6,3,0,0,100,100,79,48,26,9,5,10,1,1787603894.1788213,G1,T01,sel_dentro_1m,1,static
186900,1,0,1,0,85,0,100,0,21,27,21,11,4,5,6,5,3,0,0,100,100,77,49,27,9,5,10,1,1787603894.3688688,G1,T01,sel_dentro_1m,1,static
187100,1,1,1,89,93,100,100,0,28,100,75,7,10,7,2,4,3,0,0,100,100,74,47,27,9,5,10,1,1787603894.5762165,G1,T01,sel_dentro_1m,1,static
187300,1,1,1,91,96,100,100,0,17,100,100,12,15,10,12,4,2,0,0,100,100,72,47,28,8,5,10,1,1787603894.7685742,G1,T01,sel_dentro_1m,1,static
187500,1,1,1,83,86,100,100,0,35,100,75,36,7,9,2,2,2,0,0,100,100,72,48,28,8,5,10,1,1787603894.9762464,G1,T01,sel_dentro_1m,1,static
187700,1,1,1,68,78,68,100,0,28,68,11,25,11,5,2,1,2,0,0,100,100,74,47,27,8,6,10,1,1787603895.1684577,G1,T01,sel_dentro_1m,1,static
187900,1,1,1,148,147,74,100,0,17,28,74,23,11,7,1,1,2,0,0,100,100,77,47,26,8,6,10,1,1787603895.3767705,G1,T01,sel_dentro_1m,1,static
188100,1,1,1,146,137,63,100,0,14,28,63,20,2,10,2,0,2,0,0,100,100,76,46,25,9,6,10,1,1787603895.5687418,G1,T01,sel_dentro_1m,1,static
188300,1,0,1,0,146,0,100,0,18,17,13,5,3,8,3,1,1,0,0,100,100,74,46,23,9,5,10,1,1787603895.777285,G1,T01,sel_dentro_1m,1,static
188500,1,1,1,130,129,100,100,0,23,96,100,29,13,11,4,1,3,0,0,100,100,75,47,22,9,5,10,1,1787603895.9689188,G1,T01,sel_dentro_1m,1,static
188700,1,1,1,138,138,100,100,0,18,36,100,41,9,7,3,2,3,0,0,100,100,76,46,21,10,5,10,1,1787603896.1775236,G1,T01,sel_dentro_1m,1,static
188900,1,0,1,0,138,0,100,0,16,41,29,25,8,8,5,5,2,0,0,100,100,77,48,21,10,5,10,1,1787603896.369046,G1,T01,sel_dentro_1m,1,static
189100,1,1,1,88,138,74,100,0,16,74,47,8,8,9,7,5,1,0,0,100,100,79,50,21,11,5,10,1,1787603896.5784147,G1,T01,sel_dentro_1m,1,static
189300,1,1,1,101,98,91,100,0,22,91,80,12,12,8,6,6,4,0,0,100,100,79,50,21,12,5,10,1,1787603896.766526,G1,T01,sel_dentro_1m,1,static
189500,1,1,1,89,90,100,100,0,33,100,72,11,10,6,6,5,4,0,0,100,100,79,50,21,12,5,10,1,1787603896.9746206,G1,T01,sel_dentro_1m,1,static
189700,1,1,1,122,89,47,100,0,17,42,47,11,7,6,4,4,4,0,0,100,100,79,51,22,12,5,10,1,1787603897.168288,G1,T01,sel_dentro_1m,1,static
189900,1,0,1,0,122,0,100,0,20,50,28,10,3,2,3,4,2,0,0,100,100,79,51,22,13,5,10,1,1787603897.3746862,G1,T01,sel_dentro_1m,1,static
190100,1,1,1,104,122,68,100,0,20,68,63,11,1,4,1,3,3,0,0,100,100,77,50,22,13,5,10,1,1787603897.5666459,G1,T01,sel_dentro_1m,1,static
190300,1,0,1,0,104,0,100,0,20,31,17,2,1,2,1,5,3,0,0,100,100,75,48,22,14,5,10,1,1787603897.7748067,G1,T01,sel_dentro_1m,1,static
190500,1,0,1,0,104,0,100,0,21,21,18,2,4,4,1,4,2,0,0,100,100,72,46,22,13,5,10,1,1787603897.9678452,G1,T01,sel_dentro_1m,1,static
190700,1,1,1,99,104,67,100,0,18,67,56,9,7,10,7,4,3,0,0,100,100,71,44,21,13,5,10,1,1787603898.1768353,G1,T01,sel_dentro_1m,1,static
190900,1,1,1,96,97,100,100,0,14,100,97,7,10,8,11,4,3,0,0,100,100,70,44,21,13,5,10,1,1787603898.3687582,G1,T01,sel_dentro_1m,1,static
191100,1,1,1,84,91,100,100,0,30,100,63,10,6,6,2,3,2,0,0,100,100,71,45,21,14,5,10,1,1787603898.5766072,G1,T01,sel_dentro_1m,1,static
191300,1,1,1,70,75,72,100,0,29,72,16,15,5,7,6,2,2,0,0,100,100,71,44,20,15,5,10,1,1787603898.7689815,G1,T01,sel_dentro_1m,1,static
191500,1,1,1,82,70,75,100,0,24,75,42,3,9,7,6,1,3,0,0,100,100,70,42,19,15,5,10,1,1787603898.9763856,G1,T01,sel_dentro_1m,1,static
191700,1,0,1,0,82,0,100,0,14,24,16,8,8,7,6,1,3,0,0,100,100,67,43,19,15,5,10,1,1787603899.169197,G1,T01,sel_dentro_1m,1,static
191900,1,1,1,108,82,53,100,0,18,53,51,7,2,3,7,2,2,0,0,100,100,64,41,19,15,5,10,1,1787603899.3773794,G1,T01,sel_dentro_1m,1,static
192100,1,0,1,0,100,0,100,0,16,17,11,6,2,4,7,2,3,0,0,100,100,64,40,19,15,5,10,1,1787603899.5694911,G1,T01,sel_dentro_1m,1,static
192300,1,0,1,0,100,0,100,0,18,15,18,7,4,5,6,1,2,0,0,100,100,64,38,19,15,5,10,1,1787603899.777361,G1,T01,sel_dentro_1m,1,static
192500,1,0,1,0,100,0,100,0,13,35,34,8,5,4,7,1,2,0,0,100,100,62,36,19,15,5,10,1,1787603899.9795253,G1,T01,sel_dentro_1m,1,static
192700,1,1,1,121,100,48,100,0,14,42,48,3,12,7,3,4,3,0,0,100,100,61,36,19,15,5,10,1,1787603900.176215,G1,T01,sel_dentro_1m,1,static
192900,1,1,1,118,113,89,100,0,23,82,89,12,11,7,3,3,3,0,0,100,100,62,34,18,15,5,10,1,1787603900.3674111,G1,T01,sel_dentro_1m,1,static
193100,1,0,1,0,118,0,100,0,13,18,3,8,5,7,2,3,3,0,0,100,100,61,32,18,14,5,10,1,1787603900.575488,G1,T01,sel_dentro_1m,1,static
193300,1,0,1,0,118,0,100,0,19,36,18,12,9,7,3,4,3,0,0,100,100,64,32,18,14,5,10,1,1787603900.7691638,G1,T01,sel_dentro_1m,1,static
193500,1,0,1,0,118,0,100,0,19,30,22,8,7,9,6,5,3,0,0,100,100,66,32,18,13,5,10,1,1787603900.9756558,G1,T01,sel_dentro_1m,1,static
193700,1,0,1,0,118,0,100,0,15,21,20,6,7,1,6,5,2,0,0,100,100,68,33,18,13,5,10,1,1787603901.16821,G1,T01,sel_dentro_1m,1,static
193900,1,0,1,0,118,0,100,0,13,10,33,18,1,8,2,4,2,0,0,100,100,70,33,19,13,5,10,1,1787603901.376487,G1,T01,sel_dentro_1m,1,static
194100,1,1,1,127,142,45,100,0,16,38,45,17,7,6,2,5,3,0,0,100,100,71,33,19,13,4,10,1,1787603901.5793178,G1,T01,sel_dentro_1m,1,static
194300,1,0,1,0,127,0,100,0,14,13,16,3,6,2,3,3,3,0,0,100,100,72,33,19,13,5,10,1,1787603901.7760463,G1,T01,sel_dentro_1m,1,static
194500,1,0,1,0,127,0,100,0,16,19,18,4,7,2,3,2,3,0,0,100,100,71,33,18,13,5,10,1,1787603901.9690893,G1,T01,sel_dentro_1m,1,static
194700,1,1,1,77,127,54,100,0,27,54,31,18,5,6,6,2,2,0,0,100,100,69,32,18,13,5,10,1,1787603902.175541,G1,T01,sel_dentro_1m,1,static
194900,1,1,1,83,80,91,100,0,24,91,51,10,8,5,6,1,2,0,0,100,100,68,29,16,13,4,10,1,1787603902.3675816,G1,T01,sel_dentro_1m,1,static
195100,1,1,1,75,75,74,100,0,20,74,20,11,11,2,8,1,3,0,0,100,100,69,27,15,13,4,10,1,1787603902.5760796,G1,T01,sel_dentro_1m,1,static
195300,1,1,1,148,139,100,100,0,14,51,100,46,12,10,9,3,2,0,0,100,100,71,27,15,12,4,10,1,1787603902.7677789,G1,T01,sel_dentro_1m,1,static
195500,1,1,1,141,142,100,100,0,16,63,100,37,10,4,8,3,2,0,0,100,100,70,30,16,12,4,10,1,1787603902.9748573,G1,T01,sel_dentro_1m,1,static
195700,1,0,1,0,150,0,100,0,17,15,22,13,6,6,8,1,3,0,0,100,100,69,33,17,11,4,10,1,1787603903.1669612,G1,T01,sel_dentro_1m,1,static
195900,1,0,1,0,150,0,100,0,18,33,18,11,4,6,6,1,3,0,0,100,100,68,34,17,10,4,10,1,1787603903.3747382,G1,T01,sel_dentro_1m,1,static
196100,1,1,1,97,150,63,100,0,17,63,52,13,7,8,3,3,3,0,0,100,100,68,35,18,10,4,10,1,1787603903.566297,G1,T01,sel_dentro_1m,1,static
196300,1,1,1,101,92,85,100,0,25,85,75,16,3,4,4,4,4,0,0,100,100,69,36,19,10,4,10,1,1787603903.7748427,G1,T01,sel_dentro_1m,1,static
196500,1,1,1,108,105,73,100,0,15,73,70,12,5,5,6,3,4,0,0,100,100,70,38,18,10,4,10,1,1787603903.967593,G1,T01,sel_dentro_1m,1,static
196700,1,0,1,0,108,0,100,0,21,40,33,9,7,5,7,3,5,0,0,100,100,70,39,18,9,5,10,1,1787603904.1761067,G1,T01,sel_dentro_1m,1,static
196900,1,1,1,121,108,84,100,0,16,75,84,13,5,2,6,3,5,0,0,100,100,67,40,17,9,5,10,1,1787603904.3690562,G1,T01,sel_dentro_1m,1,static
197100,1,1,1,117,114,100,100,0,21,100,100,37,15,12,3,1,2,0,0,100,100,67,41,17,9,6,10,1,1787603904.575257,G1,T01,sel_dentro_1m,1,static
197300,1,1,1,122,120,100,100,0,17,100,100,41,12,10,6,4,3,0,0,100,100,69,44,16,10,6,10,1,1787603904.7662418,G1,T01,sel_dentro_1m,1,static
197500,1,1,1,130,126,100,100,0,14,100,100,25,11,1,6,4,3,0,0,100,100,68,43,16,10,7,10,1,1787603904.974504,G1,T01,sel_dentro_1m,1,static
197700,1,0,1,0,142,0,100,0,18,32,14,10,10,8,4,6,2,0,0,100,100,65,42,15,10,7,10,1,1787603905.1665635,G1,T01,sel_dentro_1m,1,static
197900,1,1,1,89,83,100,100,0,22,100,87,18,12,8,8,5,4,0,0,100,100,66,42,15,11,7,10,1,1787603905.3745992,G1,T01,sel_dentro_1m,1,static
198100,1,1,1,84,88,100,100,0,68,100,100,9,5,3,5,6,4,0,0,100,100,67,42,15,11,8,10,1,1787603905.5664077,G1,T01,sel_dentro_1m,1,static
198300,1,1,1,94,90,100,100,0,26,100,100,26,17,1,3,4,5,0,0,100,100,72,43,16,12,8,10,1,1787603905.7749915,G1,T01,sel_dentro_1m,1,static
198500,1,1,1,95,94,100,100,0,27,100,100,11,5,11,1,3,2,0,0,100,100,73,44,16,13,8,10,1,1787603905.9665911,G1,T01,sel_dentro_1m,1,static
198700,1,1,1,90,88,100,100,0,27,100,90,17,9,3,2,2,2,0,0,100,100,76,48,17,13,9,10,1,1787603906.1749177,G1,T01,sel_dentro_1m,1,static
198900,1,1,1,93,94,100,100,0,18,100,80,21,10,3,5,1,2,0,0,100,100,81,51,17,14,9,10,1,1787603906.3667154,G1,T01,sel_dentro_1m,1,static
199100,1,0,1,0,87,0,100,0,17,25,15,10,8,4,4,4,2,0,0,100,100,82,54,17,14,9,10,1,1787603906.5757363,G1,T01,sel_dentro_1m,1,static
199300,1,0,1,0,87,0,100,0,13,10,11,6,5,3,5,2,1,0,0,100,100,81,54,17,14,9,10,1,1787603906.7661958,G1,T01,sel_dentro_1m,1,static
199500,1,1,1,99,95,100,100,0,26,100,100,20,10,3,2,1,1,0,0,100,100,82,53,16,15,10,10,1,1787603906.974408,G1,T01,sel_dentro_1m,1,static
199700,1,1,1,93,98,100,100,0,66,100,100,26,7,9,3,4,3,0,0,100,100,82,51,15,16,10,10,1,1787603907.1664228,G1,T01,sel_dentro_1m,1,static
199900,1,1,1,97,96,100,100,0,33,100,100,43,19,13,8,7,5,0,0,100,100,86,50,16,17,10,10,1,1787603907.3762102,G1,T01,sel_dentro_1m,1,static
200100,1,1,1,96,99,100,100,0,45,100,100,24,10,5,6,6,6,0,0,100,100,90,51,16,18,11,10,1,1787603907.567467,G1,T01,sel_dentro_1m,1,static
200300,1,1,1,101,97,100,100,0,18,100,96,12,8,8,4,6,5,0,0,100,100,92,51,17,18,11,10,1,1787603907.7733731,G1,T01,sel_dentro_1m,1,static
200500,1,1,1,150,104,41,100,0,22,46,41,11,8,7,4,7,5,0,0,100,100,93,50,19,19,11,10,1,1787603907.965724,G1,T01,sel_dentro_1m,1,static
200700,1,1,1,93,94,100,100,0,48,100,100,12,10,7,3,6,6,0,0,100,100,95,49,20,20,11,10,1,1787603908.174004,G1,T01,sel_dentro_1m,1,static
200900,1,1,1,98,93,100,100,0,38,100,100,39,17,5,9,7,3,0,0,100,100,99,48,21,20,10,10,1,1787603908.3810995,G1,T01,sel_dentro_1m,1,static
201100,1,1,1,98,100,100,100,0,18,100,100,17,9,5,8,5,2,0,0,100,100,99,46,22,21,10,10,1,1787603908.5736103,G1,T01,sel_dentro_1m,1,static
201300,1,0,1,0,91,0,100,0,16,18,14,6,4,6,4,5,3,0,0,100,100,96,43,22,21,10,10,1,1787603908.7658885,G1,T01,sel_dentro_1m,1,static
201500,1,1,1,94,89,100,100,0,18,100,100,23,14,6,3,7,4,0,0,100,100,98,41,22,21,9,10,1,1787603908.974653,G1,T01,sel_dentro_1m,1,static
201700,1,1,1,94,94,100,100,0,35,100,100,23,13,8,7,5,4,0,0,100,100,100,41,22,21,9,10,1,1787603909.1668234,G1,T01,sel_dentro_1m,1,static
201900,1,1,1,98,93,90,100,0,18,90,74,9,8,9,3,5,3,0,0,100,100,100,40,23,21,9,10,1,1787603909.3749452,G1,T01,sel_dentro_1m,1,static
