timestamp_ms,radar_presence,moving_target,stationary_target,moving_distance_cm,stationary_distance_cm,moving_energy,stationary_energy,pir_presence,menergy_gate0,menergy_gate1,menergy_gate2,menergy_gate3,menergy_gate4,menergy_gate5,menergy_gate6,menergy_gate7,menergy_gate8,senergy_gate0,senergy_gate1,senergy_gate2,senergy_gate3,senergy_gate4,senergy_gate5,senergy_gate6,senergy_gate7,senergy_gate8,light_level,out_level,pc_time_s,group_id,trial_id,scenario,ground_truth_presence,ground_truth_state
4091698,1,1,1,77,89,100,100,0,100,100,100,16,29,10,3,11,7,0,0,100,100,72,31,16,10,12,3,1,1787412519.941925,G1,T01,sotto_banco_immobile,1,static
4091898,1,1,1,90,77,100,100,0,37,100,100,32,15,8,9,9,7,0,0,100,100,70,30,17,10,12,3,1,1787412519.9429312,G1,T01,sotto_banco_immobile,1,static
4092098,1,1,1,68,84,100,100,0,100,100,100,65,18,10,2,3,10,0,0,100,100,72,32,17,11,12,3,1,1787412519.9439282,G1,T01,sotto_banco_immobile,1,static
4092298,1,1,1,72,72,100,100,0,100,100,100,39,15,10,5,7,5,0,0,100,100,75,34,17,11,12,3,1,1787412519.9439282,G1,T01,sotto_banco_immobile,1,static
4092498,1,1,1,66,74,100,100,0,100,100,100,35,10,7,7,8,8,0,0,100,100,78,33,16,11,12,3,1,1787412519.9449282,G1,T01,sotto_banco_immobile,1,static
4092698,1,1,1,70,70,100,100,0,100,100,100,42,35,10,3,7,11,0,0,100,100,84,34,17,12,13,3,1,1787412519.9449282,G1,T01,sotto_banco_immobile,1,static
4092898,1,1,1,70,61,100,100,0,100,100,100,51,21,8,8,4,4,0,0,100,100,84,34,19,13,13,3,1,1787412519.945928,G1,T01,sotto_banco_immobile,1,static
4093098,1,1,1,124,76,100,100,0,48,100,100,39,13,7,6,5,4,0,0,100,100,83,35,20,14,14,3,1,1787412519.945928,G1,T01,sotto_banco_immobile,1,static
4093298,1,1,1,58,30,100,100,0,100,100,100,38,16,9,10,8,7,0,0,100,100,83,35,23,16,16,3,1,1787412519.946928,G1,T01,sotto_banco_immobile,1,static
4093498,1,1,1,135,66,100,100,0,93,100,100,42,24,5,11,13,8,0,0,100,100,86,37,25,19,18,3,1,1787412519.946928,G1,T01,sotto_banco_immobile,1,static
4093698,1,1,1,50,62,100,100,0,100,100,100,57,19,15,15,13,11,0,0,100,100,88,39,27,21,18,3,1,1787412520.0629325,G1,T01,sotto_banco_immobile,1,static
4093898,1,1,1,63,59,100,100,0,100,100,87,67,39,14,12,11,10,0,0,100,100,89,39,28,21,19,3,1,1787412520.2629066,G1,T01,sotto_banco_immobile,1,static
4094098,1,1,1,56,55,100,100,0,100,100,100,38,11,9,9,8,6,0,0,100,100,89,40,29,22,20,3,1,1787412520.462521,G1,T01,sotto_banco_immobile,1,static
4094298,1,1,1,46,52,100,100,0,100,100,100,55,32,17,15,14,13,0,0,100,100,96,43,32,26,23,3,1,1787412520.6631873,G1,T01,sotto_banco_immobile,1,static
4094498,1,1,1,30,41,100,100,0,100,100,100,16,32,18,14,20,15,0,0,100,100,100,46,35,30,26,3,1,1787412520.862761,G1,T01,sotto_banco_immobile,1,static
4094698,1,1,1,67,61,100,100,0,100,100,100,30,18,15,12,12,15,0,0,100,100,100,47,37,32,28,3,1,1787412521.0626369,G1,T01,sotto_banco_immobile,1,static
4094898,1,1,1,48,53,100,100,0,100,100,100,100,30,21,18,16,18,0,0,100,100,100,51,40,36,31,3,1,1787412521.254812,G1,T01,sotto_banco_immobile,1,static
4095098,1,1,1,48,30,100,100,0,100,100,100,45,19,16,12,15,7,0,0,100,100,100,53,40,37,32,3,1,1787412521.4549313,G1,T01,sotto_banco_immobile,1,static
4095298,1,1,1,54,70,100,100,0,100,100,100,22,24,18,19,19,13,0,0,100,100,100,56,44,41,35,3,1,1787412521.6629658,G1,T01,sotto_banco_immobile,1,static
4095498,1,1,1,39,30,100,100,0,100,100,100,12,10,9,12,6,6,0,0,100,100,100,60,47,44,38,3,1,1787412521.8626573,G1,T01,sotto_banco_immobile,1,static
4095698,1,1,1,64,44,100,100,1,100,100,100,31,26,8,21,13,13,0,0,100,100,100,61,52,47,41,3,1,1787412522.0629535,G1,T01,sotto_banco_immobile,1,static
4095898,1,1,1,30,30,100,100,1,100,100,100,7,36,16,30,24,20,0,0,100,100,100,65,57,51,44,3,1,1787412522.2631059,G1,T01,sotto_banco_immobile,1,static
4096098,1,1,1,74,40,100,100,1,100,100,100,14,2,6,3,3,6,0,0,100,100,100,67,60,53,46,3,1,1787412522.462386,G1,T01,sotto_banco_immobile,1,static
4096298,1,1,1,78,30,100,100,1,96,100,100,52,10,10,12,6,8,0,0,100,100,100,71,62,56,48,3,1,1787412522.6627264,G1,T01,sotto_banco_immobile,1,static
4096498,1,1,1,63,59,100,100,1,100,100,89,56,6,6,9,9,9,0,0,100,100,100,76,65,58,51,3,1,1787412522.8552575,G1,T01,sotto_banco_immobile,1,static
4096698,1,1,1,44,30,100,100,1,100,100,100,89,37,9,7,8,10,0,0,100,100,100,77,68,59,53,3,1,1787412523.0628378,G1,T01,sotto_banco_immobile,1,static
4096898,1,1,1,67,48,100,100,1,100,100,100,32,29,16,7,8,10,0,0,100,100,100,80,70,61,54,3,1,1787412523.2623677,G1,T01,sotto_banco_immobile,1,static
4097098,1,1,1,41,58,100,100,1,100,100,100,29,16,14,12,12,11,0,0,100,100,100,82,72,62,55,3,1,1787412523.462623,G1,T01,sotto_banco_immobile,1,static
4097298,1,1,1,30,30,100,100,1,100,100,100,43,17,7,11,8,8,0,0,100,100,100,84,73,64,56,3,1,1787412523.6627226,G1,T01,sotto_banco_immobile,1,static
4097498,1,1,1,63,73,100,100,1,100,100,100,43,11,17,13,11,12,0,0,100,100,100,87,73,64,57,3,1,1787412523.8553207,G1,T01,sotto_banco_immobile,1,static
4097698,1,1,1,83,85,100,100,1,100,100,100,53,14,1,4,5,5,0,0,100,100,100,86,73,63,57,3,1,1787412524.062969,G1,T01,sotto_banco_immobile,1,static
4097898,1,1,1,30,73,100,100,1,100,100,100,24,22,19,16,11,15,0,0,100,100,100,89,76,66,59,3,1,1787412524.2624295,G1,T01,sotto_banco_immobile,1,static
4098098,1,1,1,76,63,100,100,1,99,100,100,72,31,22,13,9,15,0,0,100,100,100,91,77,68,61,3,1,1787412524.4543676,G1,T01,sotto_banco_immobile,1,static
4098298,1,1,1,30,30,100,100,1,100,100,100,35,16,17,9,16,9,0,0,100,100,100,93,77,68,61,3,1,1787412524.662733,G1,T01,sotto_banco_immobile,1,static
4098498,1,1,1,30,30,100,100,1,100,100,100,62,11,13,11,11,8,0,0,100,100,100,97,81,72,64,3,1,1787412524.8623393,G1,T01,sotto_banco_immobile,1,static
4098698,1,1,1,55,42,100,100,1,100,100,100,66,25,20,16,15,12,0,0,100,100,100,100,86,77,68,3,1,1787412525.06329,G1,T01,sotto_banco_immobile,1,static
4098898,1,1,1,53,46,100,100,1,100,100,100,86,12,27,19,21,19,0,0,100,100,100,100,86,76,68,3,1,1787412525.263111,G1,T01,sotto_banco_immobile,1,static
4099098,1,1,1,83,58,100,100,0,100,100,100,13,16,11,1,2,4,0,0,100,100,100,100,88,77,69,3,1,1787412525.4629998,G1,T01,sotto_banco_immobile,1,static
4099298,1,1,1,55,45,100,100,0,100,100,100,11,25,10,17,11,10,0,0,100,100,100,100,88,77,68,3,1,1787412525.6639237,G1,T01,sotto_banco_immobile,1,static
4099498,1,1,1,41,46,100,100,0,100,100,100,42,19,16,8,10,8,0,0,100,100,100,100,86,76,68,3,1,1787412525.8629923,G1,T01,sotto_banco_immobile,1,static
4099698,1,1,1,30,60,100,100,0,100,100,100,53,22,14,6,9,10,0,0,100,100,100,100,83,75,66,2,1,1787412526.0544307,G1,T01,sotto_banco_immobile,1,static
4099898,1,1,1,65,65,100,100,0,100,100,100,5,21,9,5,9,6,0,0,100,100,100,100,79,74,64,2,1,1787412526.2628279,G1,T01,sotto_banco_immobile,1,static
4100098,1,1,1,76,84,100,100,0,100,100,100,44,20,8,9,11,8,0,0,100,100,100,97,78,74,63,2,1,1787412526.4627876,G1,T01,sotto_banco_immobile,1,static
4100298,1,1,1,78,39,100,100,0,100,100,100,63,19,11,10,8,7,0,0,100,100,100,96,80,74,63,2,1,1787412526.6625626,G1,T01,sotto_banco_immobile,1,static
4100498,1,1,1,70,87,100,100,0,100,100,100,16,12,10,14,12,8,0,0,100,100,100,94,79,73,63,3,1,1787412526.862968,G1,T01,sotto_banco_immobile,1,static
4100698,1,1,1,57,70,100,100,0,100,100,100,28,23,10,12,11,9,0,0,100,100,100,95,79,75,64,3,1,1787412527.055049,G1,T01,sotto_banco_immobile,1,static
4100898,1,1,1,58,66,100,100,0,100,100,100,50,13,6,11,6,3,0,0,100,100,100,92,77,73,62,3,1,1787412527.2630136,G1,T01,sotto_banco_immobile,1,static
4101098,1,1,1,41,48,100,100,0,100,100,100,40,20,13,19,13,15,0,0,100,100,100,91,77,73,64,3,1,1787412527.4629123,G1,T01,sotto_banco_immobile,1,static
4101298,1,1,1,39,55,100,100,0,100,100,100,25,11,12,10,8,8,0,0,100,100,100,91,75,72,63,3,1,1787412527.6625547,G1,T01,sotto_banco_immobile,1,static
4101498,1,1,1,66,52,100,100,0,100,100,100,36,11,7,6,4,8,0,0,100,100,100,87,74,70,62,3,1,1787412527.8628473,G1,T01,sotto_banco_immobile,1,static
4101698,1,1,1,75,39,100,100,0,26,100,26,15,4,2,7,4,8,0,0,100,100,100,88,76,71,63,3,1,1787412528.0619197,G1,T01,sotto_banco_immobile,1,static
4101898,1,1,1,55,45,100,100,0,100,100,100,29,11,7,8,10,10,0,0,100,100,100,86,74,70,62,3,1,1787412528.255068,G1,T01,sotto_banco_immobile,1,static
4102098,1,1,1,38,76,100,100,0,100,100,100,17,8,16,10,9,11,0,0,100,100,100,87,74,70,61,3,1,1787412528.4629805,G1,T01,sotto_banco_immobile,1,static
4102298,1,1,1,76,52,100,100,0,100,100,100,59,9,1,6,5,2,0,0,100,100,100,86,73,69,61,3,1,1787412528.6628969,G1,T01,sotto_banco_immobile,1,static
4102498,1,1,1,65,72,100,100,0,100,100,95,11,17,14,10,10,4,0,0,100,100,100,79,68,64,55,3,1,1787412528.86296,G1,T01,sotto_banco_immobile,1,static
4102698,1,1,1,41,58,100,100,0,100,100,100,17,4,9,9,7,11,0,0,100,100,100,74,64,59,51,3,1,1787412529.062698,G1,T01,sotto_banco_immobile,1,static
4102898,1,1,1,41,65,100,100,0,100,100,100,39,10,12,10,4,7,0,0,100,100,100,73,63,57,49,3,1,1787412529.2547245,G1,T01,sotto_banco_immobile,1,static
4103098,1,1,1,57,50,100,100,0,100,100,100,10,9,8,8,5,11,0,0,100,100,99,71,61,56,49,3,1,1787412529.4630735,G1,T01,sotto_banco_immobile,1,static
4103298,1,1,1,74,41,100,100,0,100,100,100,25,8,14,10,13,5,0,0,100,100,99,72,59,56,49,3,1,1787412529.6622896,G1,T01,sotto_banco_immobile,1,static
4103498,1,1,1,39,70,100,100,0,100,100,73,23,6,9,2,5,11,0,0,100,100,100,70,59,56,48,3,1,1787412529.8550737,G1,T01,sotto_banco_immobile,1,static
4103698,1,1,1,62,43,100,100,0,100,100,100,49,15,8,4,5,8,0,0,100,100,97,70,58,56,47,3,1,1787412530.063149,G1,T01,sotto_banco_immobile,1,static
4103898,1,1,1,54,67,100,100,0,100,100,100,80,9,11,7,9,8,0,0,100,100,96,69,57,55,48,3,1,1787412530.262909,G1,T01,sotto_banco_immobile,1,static
4104098,1,1,1,67,30,100,100,0,100,100,100,26,22,4,4,5,6,0,0,100,100,97,69,58,54,48,3,1,1787412530.462799,G1,T01,sotto_banco_immobile,1,static
4104298,1,1,1,30,88,100,100,0,100,100,100,63,11,10,11,13,9,0,0,100,100,95,67,54,52,46,3,1,1787412530.663115,G1,T01,sotto_banco_immobile,1,static
4104498,1,1,1,48,84,100,100,0,100,100,100,63,10,11,4,1,3,0,0,100,100,96,66,53,52,44,3,1,1787412530.8629508,G1,T01,sotto_banco_immobile,1,static
4104698,1,1,1,60,66,100,100,0,100,100,100,39,19,5,9,7,10,0,0,100,100,93,66,53,50,43,3,1,1787412531.0628984,G1,T01,sotto_banco_immobile,1,static
4104898,1,1,1,39,30,100,100,0,100,100,96,3,7,7,8,7,8,0,0,100,100,98,67,54,50,44,3,1,1787412531.254651,G1,T01,sotto_banco_immobile,1,static
4105098,1,1,1,62,30,100,100,0,100,100,82,13,12,6,4,3,7,0,0,100,100,98,65,52,47,42,3,1,1787412531.462265,G1,T01,sotto_banco_immobile,1,static
4105298,1,1,1,72,73,100,100,0,100,100,95,12,3,10,2,8,9,0,0,100,100,90,63,51,46,40,3,1,1787412531.6628478,G1,T01,sotto_banco_immobile,1,static
4105498,1,1,1,47,56,100,100,0,100,100,25,6,3,7,7,9,6,0,0,100,100,86,63,49,45,40,3,1,1787412531.8626974,G1,T01,sotto_banco_immobile,1,static
4105698,1,1,1,58,79,100,100,0,100,100,65,17,2,7,9,7,4,0,0,100,100,84,64,48,45,39,3,1,1787412532.0628462,G1,T01,sotto_banco_immobile,1,static
4105898,1,1,1,30,30,100,100,0,100,100,84,12,9,9,6,8,11,0,0,100,100,83,64,47,46,39,3,1,1787412532.2552478,G1,T01,sotto_banco_immobile,1,static
4106098,1,1,1,43,30,100,100,0,100,100,42,10,9,7,8,9,1,0,0,100,100,82,61,46,45,38,3,1,1787412532.4627597,G1,T01,sotto_banco_immobile,1,static
4106298,1,0,1,0,56,0,100,0,21,24,10,8,3,6,7,5,2,0,0,100,100,83,59,46,45,38,3,1,1787412532.6616871,G1,T01,sotto_banco_immobile,1,static
4106498,1,1,1,66,67,65,100,0,36,65,18,11,2,3,7,5,3,0,0,100,100,80,58,44,44,37,3,1,1787412532.8624377,G1,T01,sotto_banco_immobile,1,static
4106698,1,0,1,0,66,0,100,0,27,26,10,11,6,5,6,4,2,0,0,100,100,79,56,43,44,37,3,1,1787412533.0626137,G1,T01,sotto_banco_immobile,1,static
4106898,1,1,1,30,30,100,100,0,100,100,97,41,10,2,7,9,5,0,0,100,100,79,54,41,43,36,3,1,1787412533.2629428,G1,T01,sotto_banco_immobile,1,static
4107098,1,1,1,70,81,100,100,0,100,100,100,17,16,18,11,14,11,0,0,100,100,79,53,41,43,36,3,1,1787412533.4629784,G1,T01,sotto_banco_immobile,1,static
4107298,1,1,1,75,76,100,100,1,100,100,100,35,16,17,16,10,13,0,0,100,100,79,55,42,42,36,3,1,1787412533.6630344,G1,T01,sotto_banco_immobile,1,static
4107498,1,1,1,39,38,100,100,1,100,100,100,52,49,9,17,13,16,0,0,100,100,83,57,45,43,39,3,1,1787412533.8543978,G1,T01,sotto_banco_immobile,1,static
4107698,1,1,1,77,43,100,100,1,100,100,100,37,16,2,5,4,8,0,0,100,100,82,57,48,45,40,3,1,1787412534.0629714,G1,T01,sotto_banco_immobile,1,static
4107898,1,1,1,64,41,100,100,1,100,100,100,36,33,12,5,3,4,0,0,100,100,88,59,51,45,42,3,1,1787412534.2545178,G1,T01,sotto_banco_immobile,1,static
4108098,1,1,1,52,30,100,100,1,100,100,100,67,27,9,5,11,10,0,0,100,100,89,59,52,45,42,3,1,1787412534.4631524,G1,T01,sotto_banco_immobile,1,static
4108298,1,1,1,62,42,100,100,1,100,100,100,47,19,15,13,12,10,0,0,100,100,90,61,54,47,44,3,1,1787412534.6628816,G1,T01,sotto_banco_immobile,1,static
4108498,1,1,1,48,71,100,100,1,100,100,100,100,40,13,10,10,11,0,0,100,100,98,60,54,47,45,2,1,1787412534.8631818,G1,T01,sotto_banco_immobile,1,static
4108698,1,1,1,67,63,100,100,1,100,100,100,12,15,17,18,15,13,0,0,100,100,99,63,57,50,47,2,1,1787412535.0634408,G1,T01,sotto_banco_immobile,1,static
4108898,1,1,1,58,70,100,100,1,100,100,100,27,17,5,10,3,4,0,0,100,100,99,64,60,53,49,3,1,1787412535.263281,G1,T01,sotto_banco_immobile,1,static
4109098,1,1,1,54,62,100,100,1,100,100,100,38,17,16,5,7,3,0,0,100,100,99,67,60,56,49,3,1,1787412535.4627821,G1,T01,sotto_banco_immobile,1,static
4109298,1,1,1,77,45,100,100,1,100,100,100,36,20,12,13,15,10,0,0,100,100,100,70,63,59,52,3,1,1787412535.663484,G1,T01,sotto_banco_immobile,1,static
4109498,1,1,1,56,58,100,100,1,100,100,100,10,10,6,10,10,10,0,0,100,100,100,68,64,60,52,3,1,1787412535.8631504,G1,T01,sotto_banco_immobile,1,static
4109698,1,1,1,51,69,100,100,1,100,100,100,14,23,7,12,8,9,0,0,100,100,100,67,66,61,53,3,1,1787412536.055233,G1,T01,sotto_banco_immobile,1,static
4109898,1,1,1,51,74,100,100,1,100,100,100,31,18,8,9,8,8,0,0,100,100,100,69,67,60,53,3,1,1787412536.2623894,G1,T01,sotto_banco_immobile,1,static
4110098,1,1,1,51,67,100,100,1,100,100,75,21,6,6,4,8,10,0,0,100,100,100,67,67,59,53,3,1,1787412536.4624698,G1,T01,sotto_banco_immobile,1,static
4110298,1,1,1,75,72,100,100,1,100,100,100,21,13,8,9,10,6,0,0,100,100,100,69,68,60,54,3,1,1787412536.662727,G1,T01,sotto_banco_immobile,1,static
4110498,1,1,1,53,59,100,100,1,100,100,70,24,10,5,6,3,8,0,0,100,100,100,70,70,59,54,2,1,1787412536.8630989,G1,T01,sotto_banco_immobile,1,static
4110698,1,0,1,0,53,0,100,0,34,50,12,2,3,3,1,3,6,0,0,100,100,100,71,72,59,54,3,1,1787412537.0616107,G1,T01,sotto_banco_immobile,1,static
4110898,1,1,1,72,59,100,100,0,62,100,39,14,7,4,4,5,2,0,0,100,100,100,72,73,58,54,2,1,1787412537.2628179,G1,T01,sotto_banco_immobile,1,static
4111098,1,1,1,72,72,100,100,0,91,100,71,5,1,9,7,7,0,0,0,100,100,100,72,73,57,53,3,1,1787412537.4623392,G1,T01,sotto_banco_immobile,1,static
4111298,1,1,1,67,80,100,100,0,100,100,72,20,1,1,1,3,3,0,0,100,100,100,69,70,56,51,3,1,1787412537.6628952,G1,T01,sotto_banco_immobile,1,static
4111498,1,1,1,59,62,100,100,0,100,100,100,28,10,10,9,8,9,0,0,100,100,100,68,67,52,48,2,1,1787412537.8632503,G1,T01,sotto_banco_immobile,1,static
4111698,1,1,1,76,67,100,100,0,100,100,100,31,18,10,11,8,10,0,0,100,100,100,68,65,50,47,2,1,1787412538.063125,G1,T01,sotto_banco_immobile,1,static
4111898,1,1,1,56,59,100,100,0,100,100,100,18,14,9,9,11,3,0,0,100,100,100,68,64,51,46,2,1,1787412538.2633886,G1,T01,sotto_banco_immobile,1,static
4112098,1,1,1,72,73,100,100,0,100,100,100,33,8,17,10,15,10,0,0,100,100,100,68,64,53,47,2,1,1787412538.4631474,G1,T01,sotto_banco_immobile,1,static
4112298,1,1,1,69,56,100,100,0,100,100,100,25,11,13,9,9,7,0,0,100,100,100,71,65,54,47,3,1,1787412538.6634789,G1,T01,sotto_banco_immobile,1,static
4112498,1,1,1,66,69,100,100,0,100,100,100,36,16,20,4,8,12,0,0,100,100,100,76,64,54,47,3,1,1787412538.863038,G1,T01,sotto_banco_immobile,1,static
4112698,1,1,1,64,58,100,100,0,100,100,100,18,8,16,17,14,11,0,0,100,100,100,72,63,52,45,3,1,1787412539.0627854,G1,T01,sotto_banco_immobile,1,static
4112898,1,1,1,43,30,100,100,0,100,100,16,20,5,6,8,8,8,0,0,100,100,100,72,62,52,44,3,1,1787412539.2631211,G1,T01,sotto_banco_immobile,1,static
4113098,1,1,1,70,43,100,100,0,100,100,100,56,10,19,24,18,18,0,0,100,100,100,72,65,54,47,3,1,1787412539.4633267,G1,T01,sotto_banco_immobile,1,static
4113298,1,1,1,75,30,100,100,0,100,100,100,48,19,22,15,14,13,0,0,100,100,100,74,65,54,47,3,1,1787412539.6548345,G1,T01,sotto_banco_immobile,1,static
4113498,1,1,1,30,30,100,100,0,100,100,74,38,17,6,3,7,3,0,0,100,100,95,73,64,52,45,3,1,1787412539.8630815,G1,T01,sotto_banco_immobile,1,static
4113698,1,1,1,39,76,100,100,0,100,100,100,36,32,14,8,8,6,0,0,100,100,100,76,63,51,44,3,1,1787412540.0634305,G1,T01,sotto_banco_immobile,1,static
4113898,1,1,1,76,62,100,100,0,100,100,100,30,18,12,4,4,3,0,0,100,100,100,75,65,51,45,2,1,1787412540.2632647,G1,T01,sotto_banco_immobile,1,static
4114098,1,1,1,70,63,100,100,0,100,100,100,46,20,2,8,9,3,0,0,100,100,100,76,65,51,45,2,1,1787412540.4634397,G1,T01,sotto_banco_immobile,1,static
4114298,1,1,1,78,77,100,100,0,77,100,100,25,10,12,10,7,9,0,0,100,100,100,75,64,51,44,2,1,1787412540.663494,G1,T01,sotto_banco_immobile,1,static
4114498,1,1,1,46,52,100,100,0,100,100,61,27,13,2,9,9,3,0,0,100,100,100,74,63,51,44,2,1,1787412540.8629687,G1,T01,sotto_banco_immobile,1,static
4114698,1,1,1,65,76,100,100,0,100,100,66,11,8,9,1,7,3,0,0,100,100,100,73,62,52,44,3,1,1787412541.063029,G1,T01,sotto_banco_immobile,1,static
4114898,1,1,1,30,69,100,100,0,100,100,100,17,27,6,5,3,11,0,0,100,100,100,72,62,53,45,3,1,1787412541.2631786,G1,T01,sotto_banco_immobile,1,static
4115098,1,1,1,58,64,100,100,0,100,100,61,52,20,6,3,3,8,0,0,100,100,100,71,61,53,45,3,1,1787412541.4630423,G1,T01,sotto_banco_immobile,1,static
4115298,1,1,1,68,57,100,100,0,100,100,100,49,32,15,14,15,9,0,0,100,100,100,70,62,55,46,2,1,1787412541.663929,G1,T01,sotto_banco_immobile,1,static
4115498,1,1,1,76,63,100,100,0,100,100,100,60,47,14,16,11,10,0,0,100,100,100,72,62,56,47,2,1,1787412541.863232,G1,T01,sotto_banco_immobile,1,static
4115698,1,1,1,65,54,100,100,0,100,100,100,30,20,9,3,4,5,0,0,100,100,100,69,61,55,46,3,1,1787412542.0635784,G1,T01,sotto_banco_immobile,1,static
4115898,1,1,1,40,80,100,100,0,100,100,100,34,16,4,10,6,6,0,0,100,100,100,66,59,52,44,2,1,1787412542.2553375,G1,T01,sotto_banco_immobile,1,static
4116098,1,1,1,75,56,100,100,0,100,100,100,22,10,12,10,11,10,0,0,100,100,100,64,58,49,44,2,1,1787412542.4634073,G1,T01,sotto_banco_immobile,1,static
4116298,1,1,1,71,30,100,100,0,100,100,58,10,16,2,13,6,10,0,0,100,100,100,59,58,47,43,2,1,1787412542.6631668,G1,T01,sotto_banco_immobile,1,static
4116498,1,1,1,42,42,100,100,0,100,100,100,21,17,8,12,10,10,0,0,100,100,100,54,59,48,43,2,1,1787412542.8636422,G1,T01,sotto_banco_immobile,1,static
4116698,1,1,1,73,69,100,100,0,100,100,100,36,10,10,14,9,11,0,0,100,100,100,57,58,47,43,3,1,1787412543.063704,G1,T01,sotto_banco_immobile,1,static
4116898,1,1,1,56,58,100,100,0,100,100,100,23,11,10,8,4,5,0,0,100,100,100,58,56,45,41,3,1,1787412543.2633998,G1,T01,sotto_banco_immobile,1,static
4117098,1,1,1,79,75,100,100,0,69,100,100,31,11,12,7,7,4,0,0,100,100,100,58,51,42,38,2,1,1787412543.4547682,G1,T01,sotto_banco_immobile,1,static
4117298,1,1,1,79,77,100,100,1,69,100,100,40,19,9,8,6,7,0,0,100,100,100,57,48,39,37,3,1,1787412543.6633782,G1,T01,sotto_banco_immobile,1,static
4117498,1,1,1,51,72,100,100,1,100,100,60,7,6,6,6,5,7,0,0,100,100,100,58,47,39,37,2,1,1787412543.8631904,G1,T01,sotto_banco_immobile,1,static
4117698,1,1,1,54,50,100,100,1,100,100,100,22,7,9,9,8,10,0,0,100,100,100,55,47,38,37,2,1,1787412544.0629957,G1,T01,sotto_banco_immobile,1,static
4117898,1,1,1,66,69,100,100,1,100,100,100,23,5,9,9,7,10,0,0,100,100,100,55,46,39,37,2,1,1787412544.2545536,G1,T01,sotto_banco_immobile,1,static
4118098,1,1,1,53,45,100,100,1,100,100,100,21,3,10,4,5,8,0,0,100,100,100,57,47,39,38,2,1,1787412544.4625883,G1,T01,sotto_banco_immobile,1,static
4118298,1,1,1,65,60,100,100,1,100,100,59,18,8,11,7,7,3,0,0,100,100,100,59,46,39,37,3,1,1787412544.6550293,G1,T01,sotto_banco_immobile,1,static
4118498,1,1,1,60,30,100,100,1,100,100,100,18,9,7,10,5,3,0,0,100,100,100,60,47,40,37,2,1,1787412544.863488,G1,T01,sotto_banco_immobile,1,static
4118698,1,1,1,56,60,84,100,1,61,84,18,7,6,6,7,4,5,0,0,100,100,100,65,47,41,37,2,1,1787412545.0622346,G1,T01,sotto_banco_immobile,1,static
4118898,1,1,1,67,48,100,100,1,87,100,21,27,3,8,4,1,4,0,0,100,100,100,67,47,41,38,3,1,1787412545.255495,G1,T01,sotto_banco_immobile,1,static
4119098,1,1,1,71,73,100,100,1,90,100,47,23,7,9,5,8,8,0,0,100,100,100,68,49,42,38,2,1,1787412545.4546072,G1,T01,sotto_banco_immobile,1,static
4119298,1,1,1,56,63,100,100,1,100,100,44,2,9,1,11,11,9,0,0,100,100,100,69,48,43,38,2,1,1787412545.6633623,G1,T01,sotto_banco_immobile,1,static
4119498,1,1,1,48,52,100,100,1,100,100,100,14,5,9,7,8,7,0,0,100,100,100,69,49,44,39,3,1,1787412545.8542843,G1,T01,sotto_banco_immobile,1,static
4119698,1,1,1,52,49,100,100,1,100,100,100,21,5,9,4,10,3,0,0,100,100,100,72,53,47,41,3,1,1787412546.0634017,G1,T01,sotto_banco_immobile,1,static
4119898,1,1,1,56,61,100,100,1,100,100,80,7,6,2,1,3,1,0,0,100,100,91,77,55,51,43,3,1,1787412546.2630212,G1,T01,sotto_banco_immobile,1,static
4120098,1,1,1,73,74,100,100,1,62,100,55,8,9,4,3,4,3,0,0,100,100,84,79,55,52,44,2,1,1787412546.4629958,G1,T01,sotto_banco_immobile,1,static
4120298,1,1,1,30,45,100,100,1,100,100,28,7,10,6,5,5,3,0,0,100,100,79,80,55,52,43,2,1,1787412546.6628835,G1,T01,sotto_banco_immobile,1,static
4120498,1,1,1,38,30,100,100,1,100,100,8,5,5,9,7,10,6,0,0,100,100,76,79,54,52,42,2,1,1787412546.8565872,G1,T01,sotto_banco_immobile,1,static
4120698,1,1,1,30,30,100,100,0,100,100,12,19,9,7,3,6,8,0,0,100,100,73,76,53,51,42,2,1,1787412547.0549262,G1,T01,sotto_banco_immobile,1,static
4120898,1,1,1,41,40,100,100,0,100,100,31,3,2,10,8,8,4,0,0,100,100,66,75,52,51,42,2,1,1787412547.2625525,G1,T01,sotto_banco_immobile,1,static
4121098,1,1,1,44,43,100,100,0,100,100,25,16,13,11,9,7,7,0,0,100,100,61,76,53,53,43,2,1,1787412547.4632547,G1,T01,sotto_banco_immobile,1,static
4121298,1,1,1,61,49,100,100,0,100,100,23,20,8,8,9,10,11,0,0,100,100,59,77,56,56,44,2,1,1787412547.6629536,G1,T01,sotto_banco_immobile,1,static
4121498,1,1,1,76,72,78,100,0,22,78,26,4,4,2,4,5,10,0,0,100,100,58,79,59,59,46,2,1,1787412547.8628995,G1,T01,sotto_banco_immobile,1,static
4121698,1,1,1,50,53,100,100,0,100,100,17,17,9,9,3,6,3,0,0,100,100,58,81,59,60,46,2,1,1787412548.0544548,G1,T01,sotto_banco_immobile,1,static
4121898,1,1,1,30,38,100,100,0,100,100,62,49,15,9,9,11,1,0,0,100,100,61,79,57,58,44,2,1,1787412548.263654,G1,T01,sotto_banco_immobile,1,static
4122098,1,1,1,30,30,100,100,0,100,100,100,14,8,11,8,6,9,0,0,100,100,62,77,57,57,44,2,1,1787412548.4633589,G1,T01,sotto_banco_immobile,1,static
4122298,1,1,1,60,51,100,100,0,100,100,100,21,13,10,10,8,10,0,0,100,100,68,77,60,59,46,2,1,1787412548.66369,G1,T01,sotto_banco_immobile,1,static
4122498,1,1,1,70,66,100,100,0,100,100,60,22,16,4,4,10,2,0,0,100,100,72,80,62,60,47,2,1,1787412548.8629518,G1,T01,sotto_banco_immobile,1,static
4122698,1,1,1,74,76,92,100,0,28,92,25,18,4,2,4,7,1,0,0,100,100,78,80,63,60,48,2,1,1787412549.0546567,G1,T01,sotto_banco_immobile,1,static
4122898,1,1,1,67,73,100,100,0,100,100,100,36,12,2,4,1,3,0,0,100,100,84,77,64,61,49,2,1,1787412549.263437,G1,T01,sotto_banco_immobile,1,static
4123098,1,1,1,70,48,100,100,0,81,100,64,34,5,7,2,1,2,0,0,100,100,90,74,63,60,48,2,1,1787412549.4629655,G1,T01,sotto_banco_immobile,1,static
4123298,1,1,1,59,30,100,100,0,87,100,14,12,3,11,5,3,6,0,0,100,100,94,72,62,59,48,2,1,1787412549.6634464,G1,T01,sotto_banco_immobile,1,static
4123498,1,1,1,51,59,100,100,0,100,100,85,28,8,9,13,9,11,0,0,100,100,97,70,60,56,47,2,1,1787412549.8633986,G1,T01,sotto_banco_immobile,1,static
4123698,1,1,1,30,45,100,100,0,100,100,54,6,8,7,7,10,8,0,0,100,100,98,68,58,54,45,2,1,1787412550.054714,G1,T01,sotto_banco_immobile,1,static
4123898,1,1,1,47,42,100,100,0,100,100,39,8,12,9,4,11,4,0,0,100,100,100,67,58,53,45,2,1,1787412550.263419,G1,T01,sotto_banco_immobile,1,static
4124098,1,1,1,47,49,100,100,0,100,100,12,5,5,8,2,5,7,0,0,100,100,100,67,59,53,45,2,1,1787412550.4633896,G1,T01,sotto_banco_immobile,1,static
4124298,1,0,1,0,50,0,100,0,20,10,3,1,5,6,2,5,8,0,0,100,100,100,69,61,53,46,2,1,1787412550.6629272,G1,T01,sotto_banco_immobile,1,static
4124498,1,0,1,0,50,0,100,0,19,45,19,8,6,2,3,5,7,0,0,100,100,100,70,62,53,46,2,1,1787412550.862864,G1,T01,sotto_banco_immobile,1,static
4124698,1,1,1,30,75,54,100,0,54,48,10,9,8,2,1,4,7,0,0,100,100,100,71,62,53,46,2,1,1787412551.063029,G1,T01,sotto_banco_immobile,1,static
4124898,1,1,1,49,42,100,100,0,100,100,72,16,11,7,6,11,1,0,0,100,100,100,70,62,52,45,2,1,1787412551.2553713,G1,T01,sotto_banco_immobile,1,static
4125098,1,1,1,30,39,100,100,0,100,100,66,9,9,13,9,8,5,0,0,100,100,100,67,61,50,44,2,1,1787412551.462899,G1,T01,sotto_banco_immobile,1,static
4125298,1,1,1,50,39,100,100,0,100,100,100,13,10,9,8,8,11,0,0,100,100,100,66,61,49,44,2,1,1787412551.663311,G1,T01,sotto_banco_immobile,1,static
4125498,1,1,1,74,63,100,100,0,100,100,100,2,12,10,8,9,7,0,0,100,100,100,65,63,49,44,2,1,1787412551.8636289,G1,T01,sotto_banco_immobile,1,static
4125698,1,1,1,69,75,100,100,0,100,100,53,24,11,9,7,9,6,0,0,100,100,100,67,66,50,46,2,1,1787412552.0635917,G1,T01,sotto_banco_immobile,1,static
4125898,1,1,1,57,51,100,100,0,100,100,60,33,4,8,7,6,8,0,0,100,100,100,69,69,52,48,2,1,1787412552.2628767,G1,T01,sotto_banco_immobile,1,static
4126098,1,1,1,30,53,93,100,0,93,86,38,26,6,9,8,3,5,0,0,100,100,100,69,69,52,48,2,1,1787412552.4542553,G1,T01,sotto_banco_immobile,1,static
4126298,1,0,1,0,30,0,100,0,21,28,25,18,16,9,10,2,3,0,0,100,100,100,65,67,50,46,2,1,1787412552.6631405,G1,T01,sotto_banco_immobile,1,static
4126498,1,1,1,77,79,100,100,0,25,100,40,16,9,9,10,4,4,0,0,100,100,100,61,63,47,44,2,1,1787412552.863546,G1,T01,sotto_banco_immobile,1,static
4126698,1,1,1,79,77,100,100,0,21,100,76,32,9,3,5,3,4,0,0,100,100,100,57,61,44,42,2,1,1787412553.0634358,G1,T01,sotto_banco_immobile,1,static
4126898,1,1,1,69,79,100,100,0,61,100,23,9,8,6,9,3,6,0,0,100,100,98,56,59,42,41,2,1,1787412553.2625985,G1,T01,sotto_banco_immobile,1,static
4127098,1,1,1,71,63,100,100,0,67,100,31,12,3,3,11,5,8,0,0,100,100,97,56,59,41,40,2,1,1787412553.4553647,G1,T01,sotto_banco_immobile,1,static
4127298,1,1,1,75,46,100,100,0,100,100,100,8,24,19,13,13,9,0,0,100,100,96,61,61,43,42,2,1,1787412553.663199,G1,T01,sotto_banco_immobile,1,static
4127498,1,1,1,61,42,100,100,1,100,100,100,26,21,9,9,9,9,0,0,100,100,100,63,62,45,42,2,1,1787412553.8633466,G1,T01,sotto_banco_immobile,1,static
4127698,1,1,1,71,39,100,100,1,100,100,100,23,10,9,7,10,4,0,0,100,100,100,72,61,46,42,2,1,1787412554.0635934,G1,T01,sotto_banco_immobile,1,static
4127898,1,1,1,58,49,100,100,1,100,100,100,8,10,9,8,3,6,0,0,100,100,100,71,60,45,41,2,1,1787412554.2543833,G1,T01,sotto_banco_immobile,1,static
4128098,1,1,1,30,86,100,100,1,100,100,100,12,2,16,7,1,8,0,0,100,100,100,74,58,44,39,2,1,1787412554.4637885,G1,T01,sotto_banco_immobile,1,static
4128298,1,1,1,73,70,100,100,1,100,100,100,43,9,11,12,10,10,0,0,100,100,100,72,58,46,41,2,1,1787412554.6546476,G1,T01,sotto_banco_immobile,1,static
4128498,1,1,1,75,59,100,100,1,100,100,100,28,31,12,18,16,16,0,0,100,100,100,72,60,47,43,2,1,1787412554.8637033,G1,T01,sotto_banco_immobile,1,static
4128698,1,1,1,79,71,100,100,1,100,100,100,40,10,19,12,9,10,0,0,100,100,100,73,59,47,43,2,1,1787412555.063987,G1,T01,sotto_banco_immobile,1,static
4128898,1,1,1,76,60,100,100,1,100,100,100,39,26,5,8,9,1,0,0,100,100,100,74,60,47,44,2,1,1787412555.263485,G1,T01,sotto_banco_immobile,1,static
4129098,1,1,1,55,77,100,100,1,100,100,100,27,11,16,14,7,6,0,0,100,100,100,77,62,49,46,2,1,1787412555.463648,G1,T01,sotto_banco_immobile,1,static
4129298,1,1,1,56,40,100,100,1,100,100,100,12,10,8,9,6,3,0,0,100,100,100,79,63,49,46,3,1,1787412555.6633453,G1,T01,sotto_banco_immobile,1,static
4129498,1,1,1,60,56,100,100,1,100,100,100,57,15,17,6,11,6,0,0,100,100,100,78,58,48,44,2,1,1787412555.8640602,G1,T01,sotto_banco_immobile,1,static
4129698,1,1,1,45,39,100,100,1,100,100,100,73,13,11,14,6,11,0,0,100,100,100,76,58,48,44,2,1,1787412556.055192,G1,T01,sotto_banco_immobile,1,static
4129898,1,1,1,76,50,100,100,1,100,100,100,33,27,24,18,17,18,0,0,100,100,100,79,58,49,45,2,1,1787412556.2641587,G1,T01,sotto_banco_immobile,1,static
4130098,1,1,1,45,30,100,100,1,100,100,100,46,16,13,13,11,15,0,0,100,100,100,82,60,50,46,2,1,1787412556.4641247,G1,T01,sotto_banco_immobile,1,static
4130298,1,1,1,30,63,100,100,1,100,100,100,73,20,12,11,13,10,0,0,100,100,100,84,59,51,46,2,1,1787412556.6552784,G1,T01,sotto_banco_immobile,1,static
4130498,1,1,1,78,39,100,100,1,100,100,100,35,13,8,5,6,4,0,0,100,100,100,83,58,50,45,2,1,1787412556.863723,G1,T01,sotto_banco_immobile,1,static
4130698,1,1,1,67,70,100,100,1,100,100,100,27,24,11,7,5,2,0,0,100,100,100,84,60,51,46,2,1,1787412557.063744,G1,T01,sotto_banco_immobile,1,static
4130898,1,1,1,46,83,100,100,0,100,100,100,28,20,14,16,13,16,0,0,100,100,100,88,61,52,47,2,1,1787412557.2640064,G1,T01,sotto_banco_immobile,1,static
4131098,1,1,1,30,46,100,100,0,100,100,65,39,10,9,3,5,3,0,0,100,100,100,91,64,54,49,2,1,1787412557.4637394,G1,T01,sotto_banco_immobile,1,static
4131298,1,1,1,63,48,100,100,0,100,100,100,18,9,16,14,14,12,0,0,100,100,100,91,65,56,50,2,1,1787412557.664025,G1,T01,sotto_banco_immobile,1,static
4131498,1,1,1,59,63,100,100,0,100,100,100,26,18,12,8,1,8,0,0,100,100,100,92,64,54,50,2,1,1787412557.8632545,G1,T01,sotto_banco_immobile,1,static
4131698,1,1,1,69,53,100,100,0,100,100,100,7,5,10,10,5,6,0,0,100,100,100,84,65,52,50,2,1,1787412558.0640259,G1,T01,sotto_banco_immobile,1,static
4131898,1,1,1,30,61,100,100,0,100,100,100,50,8,5,4,9,8,0,0,100,100,100,87,65,54,52,2,1,1787412558.2637284,G1,T01,sotto_banco_immobile,1,static
4132098,1,1,1,63,65,100,100,0,100,100,100,11,15,9,9,4,10,0,0,100,100,100,84,65,55,52,2,1,1787412558.4636877,G1,T01,sotto_banco_immobile,1,static
4132298,1,1,1,62,64,100,100,0,100,100,100,11,9,4,9,11,7,0,0,100,100,100,84,63,53,50,2,1,1787412558.663536,G1,T01,sotto_banco_immobile,1,static
4132498,1,1,1,72,43,100,100,0,51,100,7,24,13,4,3,5,7,0,0,100,100,100,84,59,51,46,2,1,1787412558.8627238,G1,T01,sotto_banco_immobile,1,static
4132698,1,1,1,30,72,100,100,0,100,100,54,37,18,13,5,6,8,0,0,100,100,100,82,58,51,45,2,1,1787412559.0640843,G1,T01,sotto_banco_immobile,1,static
4132898,1,1,1,30,30,100,100,0,100,100,34,18,6,7,4,11,8,0,0,100,100,100,83,59,52,46,2,1,1787412559.2638001,G1,T01,sotto_banco_immobile,1,static
4133098,1,1,1,69,39,100,100,0,68,100,43,13,6,10,1,3,4,0,0,100,100,100,82,57,52,45,2,1,1787412559.4630532,G1,T01,sotto_banco_immobile,1,static
4133298,1,1,1,42,56,100,100,0,100,100,45,20,9,8,12,6,5,0,0,100,100,100,79,56,51,45,2,1,1787412559.6631079,G1,T01,sotto_banco_immobile,1,static
4133498,1,1,1,30,30,100,100,0,100,100,25,16,4,7,8,5,9,0,0,100,100,100,78,58,51,46,2,1,1787412559.8636873,G1,T01,sotto_banco_immobile,1,static
4133698,1,1,1,48,43,100,100,0,100,100,33,12,10,9,8,7,11,0,0,100,100,100,80,56,50,45,2,1,1787412560.0611193,G1,T01,sotto_banco_immobile,1,static
4133898,1,1,1,30,30,100,100,0,100,100,18,8,5,10,7,8,11,0,0,100,100,100,77,54,48,43,2,1,1787412560.26346,G1,T01,sotto_banco_immobile,1,static
4134098,1,1,1,30,30,87,100,0,87,80,13,19,11,8,8,9,8,0,0,100,100,99,77,52,47,42,2,1,1787412560.4612806,G1,T01,sotto_banco_immobile,1,static
4134298,1,0,1,0,30,0,100,0,34,29,18,15,9,7,7,8,7,0,0,100,100,92,78,52,48,42,2,1,1787412560.6633105,G1,T01,sotto_banco_immobile,1,static
4134498,1,1,1,58,63,100,100,0,100,100,34,11,4,3,9,7,4,0,0,100,100,88,79,54,49,43,2,1,1787412560.8630793,G1,T01,sotto_banco_immobile,1,static
4134698,1,1,1,72,53,100,100,0,81,100,72,20,6,3,3,7,3,0,0,100,100,81,80,53,49,44,2,1,1787412561.0636957,G1,T01,sotto_banco_immobile,1,static
4134898,1,1,1,44,51,100,100,0,100,100,12,12,3,6,6,5,8,0,0,100,100,78,76,51,48,42,2,1,1787412561.2633007,G1,T01,sotto_banco_immobile,1,static
4135098,1,1,1,30,30,100,100,0,100,100,16,15,5,9,9,3,11,0,0,100,100,70,74,49,45,41,2,1,1787412561.4629743,G1,T01,sotto_banco_immobile,1,static
4135298,1,1,1,48,30,100,100,0,100,100,45,13,2,9,4,6,3,0,0,100,100,68,71,46,43,39,2,1,1787412561.6632457,G1,T01,sotto_banco_immobile,1,static
4135498,1,1,1,60,59,100,100,0,100,100,37,5,7,7,6,6,5,0,0,100,100,64,70,46,44,39,2,1,1787412561.8632898,G1,T01,sotto_banco_immobile,1,static
4135698,1,1,1,69,64,100,100,0,64,100,19,19,10,9,7,9,5,0,0,100,100,64,70,45,45,40,2,1,1787412562.0630617,G1,T01,sotto_banco_immobile,1,static
4135898,1,1,1,56,75,100,100,0,100,100,39,8,5,1,7,9,4,0,0,100,100,63,67,44,44,39,2,1,1787412562.2612867,G1,T01,sotto_banco_immobile,1,static
4136098,1,1,1,66,58,100,100,0,100,100,34,15,10,4,7,10,5,0,0,100,100,64,68,44,43,39,2,1,1787412562.4635515,G1,T01,sotto_banco_immobile,1,static
4136298,1,1,1,58,53,100,100,0,100,100,45,15,9,2,6,3,4,0,0,100,100,68,69,45,43,39,2,1,1787412562.6637044,G1,T01,sotto_banco_immobile,1,static
4136498,1,1,1,47,52,70,100,0,62,70,13,5,8,5,5,1,5,0,0,100,100,71,69,46,45,40,2,1,1787412562.8634257,G1,T01,sotto_banco_immobile,1,static
4136698,1,1,1,66,47,59,100,0,32,59,16,3,6,4,5,1,5,0,0,100,100,72,68,45,44,40,2,1,1787412563.063408,G1,T01,sotto_banco_immobile,1,static
4136898,1,1,1,75,75,100,100,0,29,100,30,13,8,3,3,5,3,0,0,100,100,69,64,42,42,39,2,1,1787412563.2567692,G1,T01,sotto_banco_immobile,1,static
4137098,1,1,1,73,75,100,100,0,22,100,10,14,10,5,2,7,2,0,0,100,100,66,61,40,40,37,2,1,1787412563.4637568,G1,T01,sotto_banco_immobile,1,static
4137298,1,1,1,69,72,100,100,0,57,100,18,13,7,7,3,9,4,0,0,100,100,65,59,38,39,36,2,1,1787412563.663216,G1,T01,sotto_banco_immobile,1,static
4137498,1,1,1,30,58,100,100,0,100,100,25,10,3,9,6,4,6,0,0,100,100,65,56,36,37,35,2,1,1787412563.863601,G1,T01,sotto_banco_immobile,1,static
4137698,1,1,1,30,30,100,100,0,100,100,32,14,4,10,9,3,10,0,0,100,100,64,54,35,37,35,2,1,1787412564.063811,G1,T01,sotto_banco_immobile,1,static
4137898,1,1,1,30,30,70,100,0,70,60,11,3,5,4,6,4,10,0,0,100,100,62,52,35,36,34,2,1,1787412564.2628913,G1,T01,sotto_banco_immobile,1,static
4138098,1,0,1,0,30,0,100,0,46,47,21,5,3,2,6,3,9,0,0,100,100,62,50,35,35,34,2,1,1787412564.4627292,G1,T01,sotto_banco_immobile,1,static
4138298,1,1,1,30,30,100,100,0,100,100,52,10,4,5,6,2,7,0,0,100,100,64,47,34,34,33,2,1,1787412564.6638913,G1,T01,sotto_banco_immobile,1,static
4138498,1,1,1,56,30,100,100,0,100,100,61,3,10,10,4,6,3,0,0,100,100,64,45,33,33,32,2,1,1787412564.8633058,G1,T01,sotto_banco_immobile,1,static
4138698,1,1,1,56,61,100,100,0,71,100,4,18,9,6,1,8,3,0,0,100,100,63,44,32,33,32,2,1,1787412565.0630643,G1,T01,sotto_banco_immobile,1,static
4138898,1,1,1,75,69,100,100,0,17,100,27,11,9,3,2,11,3,0,0,100,100,64,46,32,33,32,2,1,1787412565.2640004,G1,T01,sotto_banco_immobile,1,static
4139098,1,1,1,60,65,100,100,0,65,100,12,5,5,6,4,10,4,0,0,100,100,66,47,31,34,33,2,1,1787412565.4636164,G1,T01,sotto_banco_immobile,1,static
4139298,1,1,1,69,58,100,100,0,50,100,21,1,8,7,6,2,6,0,0,100,100,69,47,31,34,32,2,1,1787412565.663461,G1,T01,sotto_banco_immobile,1,static
4139498,1,0,1,0,69,0,100,0,41,44,7,7,7,6,6,1,6,0,0,100,100,71,45,31,34,32,2,1,1787412565.8632684,G1,T01,sotto_banco_immobile,1,static
4139698,1,0,1,0,46,0,100,0,15,20,11,11,2,5,7,1,7,0,0,100,100,72,43,30,34,31,2,1,1787412566.0633037,G1,T01,sotto_banco_immobile,1,static
4139898,1,1,1,74,65,100,100,0,41,100,33,5,4,2,3,4,3,0,0,100,100,70,40,29,32,30,2,1,1787412566.2636619,G1,T01,sotto_banco_immobile,1,static
4140098,1,1,1,75,70,100,100,0,35,100,30,4,9,6,2,6,3,0,0,100,100,67,36,28,30,29,2,1,1787412566.463592,G1,T01,sotto_banco_immobile,1,static
4140298,1,1,1,65,76,100,100,0,100,100,43,20,12,7,3,9,5,0,0,100,100,64,34,27,29,28,2,1,1787412566.6635497,G1,T01,sotto_banco_immobile,1,static
4140498,1,1,1,30,30,100,100,0,100,100,38,13,8,12,8,4,9,0,0,100,100,62,33,27,29,29,2,1,1787412566.8641129,G1,T01,sotto_banco_immobile,1,static
4140698,1,1,1,30,30,100,100,0,100,100,63,7,7,5,10,7,12,0,0,100,100,59,34,29,30,30,2,1,1787412567.0640771,G1,T01,sotto_banco_immobile,1,static
4140898,1,0,1,0,30,0,100,0,56,90,92,4,7,5,4,8,6,0,0,100,100,55,35,31,32,32,2,1,1787412567.2545288,G1,T01,sotto_banco_immobile,1,static
4141098,1,0,1,0,30,0,100,0,38,13,54,2,8,7,1,6,3,0,0,100,100,57,36,33,34,34,2,1,1787412567.4629943,G1,T01,sotto_banco_immobile,1,static
4141298,1,1,1,75,60,81,100,0,14,81,16,7,6,4,3,4,7,0,0,100,100,57,36,34,35,36,2,1,1787412567.663347,G1,T01,sotto_banco_immobile,1,static
4141498,1,0,1,0,141,0,100,0,100,59,78,11,10,2,6,5,9,0,0,100,100,55,37,35,36,36,2,1,1787412567.8637514,G1,T01,sotto_banco_immobile,1,static
4141698,1,1,1,30,30,100,100,0,100,100,6,4,1,9,10,4,10,0,0,100,100,54,36,34,36,36,2,1,1787412568.0638378,G1,T01,sotto_banco_immobile,1,static
4141898,1,1,1,30,30,100,100,0,100,100,10,12,9,6,11,4,9,0,0,100,100,55,36,34,35,36,2,1,1787412568.263996,G1,T01,sotto_banco_immobile,1,static
4142098,1,1,1,43,30,100,100,0,100,100,26,7,8,7,5,5,5,0,0,100,100,56,36,33,35,36,2,1,1787412568.4632914,G1,T01,sotto_banco_immobile,1,static
4142298,1,1,1,77,65,100,100,0,43,100,72,8,4,4,5,5,9,0,0,100,100,56,36,34,36,36,2,1,1787412568.6545355,G1,T01,sotto_banco_immobile,1,static
4142498,1,1,1,56,48,100,100,0,100,100,85,9,8,11,1,5,5,0,0,100,100,56,36,35,36,36,2,1,1787412568.8630881,G1,T01,sotto_banco_immobile,1,static
4142698,1,1,1,75,78,100,100,0,34,100,49,9,8,8,7,7,3,0,0,100,100,58,36,36,37,37,2,1,1787412569.0547712,G1,T01,sotto_banco_immobile,1,static
4142898,1,1,1,76,70,66,100,0,30,66,32,7,8,5,4,2,1,0,0,100,100,59,35,37,38,38,2,1,1787412569.2634437,G1,T01,sotto_banco_immobile,1,static
4143098,1,1,1,66,73,79,100,0,39,79,14,10,5,6,6,2,5,0,0,100,100,60,35,37,38,38,2,1,1787412569.4629824,G1,T01,sotto_banco_immobile,1,static
4143298,1,0,1,0,55,0,100,0,36,44,6,1,4,6,5,1,4,0,0,100,100,57,34,38,38,38,3,1,1787412569.6633103,G1,T01,sotto_banco_immobile,1,static
4143498,1,1,1,76,55,100,100,0,15,100,24,9,6,5,2,3,2,0,0,100,100,52,34,36,37,37,3,1,1787412569.8638103,G1,T01,sotto_banco_immobile,1,static
4143698,1,1,1,63,75,100,100,0,100,100,40,12,4,4,2,7,3,0,0,100,98,50,33,35,36,36,2,1,1787412570.0554414,G1,T01,sotto_banco_immobile,1,static
4143898,1,1,1,48,58,100,100,0,100,100,20,8,9,6,5,9,5,0,0,100,99,50,33,36,36,36,2,1,1787412570.263961,G1,T01,sotto_banco_immobile,1,static
4144098,1,1,1,30,30,100,100,0,100,100,41,12,7,6,10,7,9,0,0,100,100,50,35,37,37,37,2,1,1787412570.4641416,G1,T01,sotto_banco_immobile,1,static
4144298,1,1,1,30,30,100,100,0,100,100,29,6,3,6,3,7,9,0,0,100,100,48,36,38,37,37,2,1,1787412570.6639273,G1,T01,sotto_banco_immobile,1,static
4144498,1,1,1,30,30,100,100,0,100,100,17,8,4,7,2,9,4,0,0,100,93,44,36,39,37,37,2,1,1787412570.8633637,G1,T01,sotto_banco_immobile,1,static
4144698,1,1,1,58,30,100,100,0,83,100,24,4,2,8,1,6,5,0,0,100,87,43,36,39,36,36,2,1,1787412571.0630603,G1,T01,sotto_banco_immobile,1,static
4144898,1,1,1,30,43,100,100,0,100,100,31,10,7,5,4,3,6,0,0,100,84,43,35,37,34,34,2,1,1787412571.2637396,G1,T01,sotto_banco_immobile,1,static
4145098,1,1,1,30,30,100,100,0,100,100,20,9,8,6,8,4,9,0,0,100,81,41,35,35,31,32,2,1,1787412571.463722,G1,T01,sotto_banco_immobile,1,static
4145298,1,1,1,50,39,100,100,0,100,100,22,17,13,8,6,7,4,0,0,100,80,40,35,33,30,30,2,1,1787412571.6550663,G1,T01,sotto_banco_immobile,1,static
4145498,1,1,1,54,55,100,100,0,100,100,43,20,4,5,7,9,1,0,0,100,79,41,36,32,29,29,2,1,1787412571.863929,G1,T01,sotto_banco_immobile,1,static
4145698,1,1,1,67,63,100,100,0,74,100,36,12,8,4,8,6,5,0,0,100,78,43,36,32,29,29,2,1,1787412572.0550847,G1,T01,sotto_banco_immobile,1,static
4145898,1,1,1,68,75,97,100,0,43,97,19,2,3,5,5,2,5,0,0,100,77,43,37,33,30,29,2,1,1787412572.2633266,G1,T01,sotto_banco_immobile,1,static
4146098,1,1,1,59,63,60,100,0,40,60,11,9,6,5,1,3,6,0,0,100,79,42,37,33,30,30,2,1,1787412572.4637399,G1,T01,sotto_banco_immobile,1,static
4146298,1,0,1,0,59,0,100,0,20,50,17,2,6,7,2,3,6,0,0,100,83,40,37,34,30,30,2,1,1787412572.663578,G1,T01,sotto_banco_immobile,1,static
4146498,1,0,1,0,59,0,100,0,17,29,7,4,3,7,2,4,4,0,0,100,82,40,37,34,31,30,2,1,1787412572.8630004,G1,T01,sotto_banco_immobile,1,static
4146698,1,1,1,70,64,100,100,0,84,100,63,13,7,5,4,2,4,0,0,100,85,38,37,34,30,30,2,1,1787412573.0550437,G1,T01,sotto_banco_immobile,1,static
4146898,1,1,1,67,77,100,100,0,100,100,47,10,6,4,4,2,2,0,0,100,89,34,36,33,28,28,2,1,1787412573.2641304,G1,T01,sotto_banco_immobile,1,static
4147098,1,1,1,58,62,100,100,0,100,100,20,11,4,6,8,4,2,0,0,100,90,31,34,31,27,27,2,1,1787412573.4640245,G1,T01,sotto_banco_immobile,1,static
4147298,1,1,1,43,49,100,100,0,100,100,21,8,9,5,8,7,4,0,0,100,94,31,33,31,26,26,2,1,1787412573.6549854,G1,T01,sotto_banco_immobile,1,static
4147498,1,1,1,30,30,100,100,0,100,100,25,10,8,8,8,9,7,0,0,100,98,34,33,32,26,26,2,1,1787412573.8635082,G1,T01,sotto_banco_immobile,1,static
4147698,1,0,1,0,30,0,100,0,16,49,48,13,4,4,6,8,8,0,0,100,100,35,33,33,27,27,2,1,1787412574.063611,G1,T01,sotto_banco_immobile,1,static
4147898,1,0,1,0,150,0,100,0,84,83,11,7,7,3,4,9,6,0,0,100,100,37,33,34,28,28,2,1,1787412574.263368,G1,T01,sotto_banco_immobile,1,static
4148098,1,1,1,30,30,100,100,0,100,100,24,9,11,5,3,7,5,0,0,100,100,38,33,32,28,27,2,1,1787412574.463574,G1,T01,sotto_banco_immobile,1,static
4148298,1,0,1,0,30,0,100,0,45,25,25,13,7,1,4,4,4,0,0,100,100,39,31,30,27,25,2,1,1787412574.6637285,G1,T01,sotto_banco_immobile,1,static
4148498,1,1,1,51,30,100,100,0,100,100,31,5,12,1,5,4,2,0,0,100,98,41,29,28,25,23,2,1,1787412574.8633454,G1,T01,sotto_banco_immobile,1,static
4148698,1,0,1,0,58,0,100,0,22,32,13,5,6,5,6,3,1,0,0,100,96,43,27,27,25,22,2,1,1787412575.0547006,G1,T01,sotto_banco_immobile,1,static
4148898,1,1,1,60,66,97,100,0,66,97,25,11,9,5,7,2,3,0,0,100,93,44,27,27,24,22,2,1,1787412575.2631319,G1,T01,sotto_banco_immobile,1,static
4149098,1,1,1,76,62,100,100,0,37,100,46,4,4,3,7,2,5,0,0,100,93,46,26,28,25,22,2,1,1787412575.4547098,G1,T01,sotto_banco_immobile,1,static
4149298,1,0,1,0,77,0,100,0,22,26,12,10,1,5,6,1,5,0,0,100,94,47,25,28,25,22,2,1,1787412575.6631072,G1,T01,sotto_banco_immobile,1,static
4149498,1,1,1,75,77,100,100,0,26,100,26,10,5,6,4,1,6,0,0,100,95,47,24,28,25,22,2,1,1787412575.8638697,G1,T01,sotto_banco_immobile,1,static
4149698,1,1,1,62,55,100,100,0,100,100,58,13,1,6,1,3,6,0,0,100,95,45,22,27,25,22,2,1,1787412576.0640774,G1,T01,sotto_banco_immobile,1,static
4149898,1,1,1,76,73,56,100,0,26,56,28,7,5,8,1,3,5,0,0,100,95,43,22,26,24,21,2,1,1787412576.2633133,G1,T01,sotto_banco_immobile,1,static
4150098,1,1,1,76,72,100,100,0,27,100,51,7,11,4,4,1,1,0,0,100,94,43,20,24,22,19,2,1,1787412576.4633498,G1,T01,sotto_banco_immobile,1,static
4150298,1,1,1,56,68,100,100,0,100,100,65,4,6,8,11,8,6,0,0,100,96,44,20,23,22,19,2,1,1787412576.6640744,G1,T01,sotto_banco_immobile,1,static
4150498,1,1,1,30,30,100,100,0,100,100,56,21,6,12,9,10,10,0,0,100,99,47,21,23,22,19,2,1,1787412576.864419,G1,T01,sotto_banco_immobile,1,static
4150698,1,1,1,30,30,100,100,0,100,100,31,24,12,8,2,11,8,0,0,100,99,49,22,24,23,21,2,1,1787412577.0643394,G1,T01,sotto_banco_immobile,1,static
4150898,1,1,1,78,43,100,100,0,40,100,55,5,5,9,4,6,1,0,0,100,98,50,25,26,25,22,2,1,1787412577.2547557,G1,T01,sotto_banco_immobile,1,static
4151098,1,0,1,0,87,0,100,0,17,20,17,7,4,6,3,3,1,0,0,100,99,50,27,28,27,24,2,1,1787412577.4636369,G1,T01,sotto_banco_immobile,1,static
4151298,1,1,1,62,73,100,100,0,100,100,30,10,10,7,7,7,3,0,0,100,97,48,29,29,27,25,2,1,1787412577.6642294,G1,T01,sotto_banco_immobile,1,static
4151498,1,1,1,30,40,100,100,0,100,100,16,10,9,5,9,9,5,0,0,100,98,48,29,28,27,25,2,1,1787412577.8639977,G1,T01,sotto_banco_immobile,1,static
4151698,1,1,1,38,30,100,100,0,100,100,42,14,6,5,11,4,9,0,0,100,93,48,28,28,26,24,2,1,1787412578.0639694,G1,T01,sotto_banco_immobile,1,static
4151898,1,1,1,51,43,100,100,0,100,100,26,12,5,8,2,3,5,0,0,100,91,46,28,28,26,24,2,1,1787412578.254378,G1,T01,sotto_banco_immobile,1,static
4152098,1,1,1,73,69,100,100,0,45,100,35,6,8,7,3,3,5,0,0,100,93,45,28,30,27,25,2,1,1787412578.4640276,G1,T01,sotto_banco_immobile,1,static
4152298,1,1,1,77,75,100,100,0,16,100,37,8,2,8,5,4,7,0,0,100,95,45,30,32,28,26,2,1,1787412578.6641366,G1,T01,sotto_banco_immobile,1,static
4152498,1,1,1,62,65,100,100,0,89,100,50,10,5,5,5,4,5,0,0,100,94,46,31,34,30,28,2,1,1787412578.863232,G1,T01,sotto_banco_immobile,1,static
4152698,1,0,1,0,56,0,100,0,21,16,11,12,13,6,7,5,5,0,0,100,95,48,31,35,31,29,2,1,1787412579.0636594,G1,T01,sotto_banco_immobile,1,static
4152898,1,1,1,63,56,100,100,0,67,100,21,11,4,4,8,6,1,0,0,100,96,50,31,37,32,30,2,1,1787412579.2640545,G1,T01,sotto_banco_immobile,1,static
4153098,1,1,1,58,77,61,100,0,44,61,17,7,8,2,7,6,1,0,0,100,93,52,33,39,33,32,2,1,1787412579.4632366,G1,T01,sotto_banco_immobile,1,static
4153298,1,1,1,51,52,100,100,0,100,100,57,20,7,5,7,6,1,0,0,100,95,56,33,40,34,33,2,1,1787412579.6641755,G1,T01,sotto_banco_immobile,1,static
4153498,1,1,1,75,66,100,100,0,18,100,20,8,6,6,6,5,2,0,0,100,90,59,33,41,34,33,2,1,1787412579.8641472,G1,T01,sotto_banco_immobile,1,static
4153698,1,1,1,30,75,57,100,0,57,48,23,5,4,5,5,6,2,0,0,100,89,61,33,41,33,34,2,1,1787412580.0548651,G1,T01,sotto_banco_immobile,1,static
4153898,1,1,1,65,39,100,100,0,100,100,32,20,11,7,2,2,5,0,0,100,89,63,31,40,33,33,2,1,1787412580.2641683,G1,T01,sotto_banco_immobile,1,static
4154098,1,1,1,67,72,100,100,0,100,100,58,10,8,7,5,3,8,0,0,100,92,66,31,41,33,33,2,1,1787412580.4637127,G1,T01,sotto_banco_immobile,1,static
4154298,1,1,1,39,58,100,100,0,100,100,2,15,2,5,9,5,8,0,0,100,92,70,31,42,33,33,2,1,1787412580.6642025,G1,T01,sotto_banco_immobile,1,static
4154498,1,1,1,30,30,100,100,0,100,100,14,18,8,6,11,7,5,0,0,100,89,67,30,43,33,33,2,1,1787412580.8642366,G1,T01,sotto_banco_immobile,1,static
4154698,1,1,1,30,30,100,100,0,100,100,26,5,1,2,6,7,7,0,0,100,85,68,28,43,32,32,2,1,1787412581.054461,G1,T01,sotto_banco_immobile,1,static
4154898,1,0,1,0,30,0,100,0,18,38,6,16,1,3,4,7,6,0,0,100,87,70,26,42,31,31,2,1,1787412581.26352,G1,T01,sotto_banco_immobile,1,static
4155098,1,1,1,58,74,99,100,0,66,99,12,4,7,3,6,7,4,0,0,100,85,73,25,42,31,31,2,1,1787412581.4632635,G1,T01,sotto_banco_immobile,1,static
4155298,1,1,1,30,39,100,100,0,100,100,11,4,2,5,11,6,1,0,0,100,85,73,23,41,31,30,2,1,1787412581.6642034,G1,T01,sotto_banco_immobile,1,static
4155498,1,1,1,30,30,100,100,0,100,100,20,14,4,8,6,4,4,0,0,100,83,72,23,41,30,29,2,1,1787412581.864221,G1,T01,sotto_banco_immobile,1,static
4155698,1,1,1,56,52,100,100,0,100,100,30,8,9,8,3,3,5,0,0,100,84,71,23,41,30,29,2,1,1787412582.0641222,G1,T01,sotto_banco_immobile,1,static
4155898,1,1,1,71,55,100,100,0,58,100,29,4,4,6,5,5,7,0,0,100,80,71,23,41,30,29,2,1,1787412582.2642148,G1,T01,sotto_banco_immobile,1,static
4156098,1,1,1,75,74,100,100,0,25,100,34,10,11,1,8,7,7,0,0,100,81,73,24,42,31,30,2,1,1787412582.4642422,G1,T01,sotto_banco_immobile,1,static
4156298,1,1,1,59,67,100,100,0,100,100,42,12,9,6,8,6,1,0,0,100,81,74,23,42,30,30,2,1,1787412582.6640766,G1,T01,sotto_banco_immobile,1,static
4156498,1,1,1,60,60,100,100,0,67,100,11,10,9,8,8,8,2,0,0,100,82,75,24,42,30,30,2,1,1787412582.854851,G1,T01,sotto_banco_immobile,1,static
4156698,1,1,1,53,42,62,100,0,47,62,8,9,11,5,6,6,2,0,0,100,86,76,24,42,30,30,2,1,1787412583.0634043,G1,T01,sotto_banco_immobile,1,static
4156898,1,0,1,0,53,0,100,0,42,47,11,8,5,5,4,3,2,0,0,100,92,78,24,42,31,29,2,1,1787412583.2639313,G1,T01,sotto_banco_immobile,1,static
4157098,1,0,1,0,53,0,100,0,15,25,6,3,4,8,4,1,2,0,0,100,95,77,22,41,30,29,2,1,1787412583.4633908,G1,T01,sotto_banco_immobile,1,static
4157298,1,1,1,68,75,100,100,0,49,100,5,11,11,9,7,4,1,0,0,100,91,74,22,40,29,28,2,1,1787412583.6636837,G1,T01,sotto_banco_immobile,1,static
4157498,1,1,1,73,69,100,100,0,54,100,35,9,7,8,10,7,4,0,0,100,92,72,23,39,29,26,2,1,1787412583.863766,G1,T01,sotto_banco_immobile,1,static
4157698,1,1,1,72,75,100,100,0,81,100,40,13,9,3,4,3,8,0,0,100,94,70,24,39,29,26,2,1,1787412584.0553737,G1,T01,sotto_banco_immobile,1,static
4157898,1,1,1,53,64,100,100,0,100,100,18,17,10,2,8,3,8,0,0,100,98,71,24,42,30,27,2,1,1787412584.2644854,G1,T01,sotto_banco_immobile,1,static
4158098,1,1,1,30,30,100,100,0,100,100,26,11,3,5,9,6,3,0,0,100,97,69,26,44,31,29,2,1,1787412584.4642868,G1,T01,sotto_banco_immobile,1,static
4158298,1,1,1,30,30,100,100,0,100,83,5,5,5,5,9,6,5,0,0,100,91,64,27,44,31,29,2,1,1787412584.664094,G1,T01,sotto_banco_immobile,1,static
4158498,1,0,1,0,30,0,100,0,34,31,13,6,5,5,8,6,5,0,0,100,89,64,28,44,31,29,2,1,1787412584.8633661,G1,T01,sotto_banco_immobile,1,static
4158698,1,1,1,30,30,100,100,0,100,100,17,13,9,5,4,2,2,0,0,100,93,62,28,42,30,29,2,1,1787412585.0549762,G1,T01,sotto_banco_immobile,1,static
4158898,1,1,1,48,43,100,100,0,100,100,48,12,9,3,4,2,4,0,0,100,95,62,28,41,29,27,2,1,1787412585.2635999,G1,T01,sotto_banco_immobile,1,static
4159098,1,1,1,65,56,100,100,0,60,100,15,12,7,5,3,3,5,0,0,100,100,63,27,40,28,26,2,1,1787412585.464286,G1,T01,sotto_banco_immobile,1,static
4159298,1,1,1,76,72,100,100,0,18,100,34,12,6,5,6,5,9,0,0,100,100,66,27,40,28,26,2,1,1787412585.664268,G1,T01,sotto_banco_immobile,1,static
4159498,1,1,1,76,72,100,100,0,16,100,26,11,9,7,7,7,7,0,0,100,100,69,27,41,29,27,2,1,1787412585.8636427,G1,T01,sotto_banco_immobile,1,static
4159698,1,1,1,65,67,98,100,0,53,98,20,8,4,6,9,9,2,0,0,100,100,74,27,42,30,28,2,1,1787412586.0553885,G1,T01,sotto_banco_immobile,1,static
4159898,1,1,1,49,71,99,100,0,86,99,25,8,3,6,8,5,1,0,0,100,100,79,26,43,30,28,2,1,1787412586.2640548,G1,T01,sotto_banco_immobile,1,static
4160098,1,1,1,44,51,100,100,0,94,100,15,6,11,6,5,2,2,0,0,100,100,83,24,43,29,28,2,1,1787412586.4644873,G1,T01,sotto_banco_immobile,1,static
4160298,1,0,1,0,44,0,100,0,13,13,12,9,6,6,3,1,2,0,0,100,100,85,23,42,29,28,2,1,1787412586.6633978,G1,T01,sotto_banco_immobile,1,static
4160498,1,1,1,54,44,58,100,0,45,58,14,8,6,6,2,2,2,0,0,100,100,86,22,41,29,27,2,1,1787412586.855993,G1,T01,sotto_banco_immobile,1,static
4160698,1,1,1,65,69,100,100,0,57,100,18,15,12,4,5,3,1,0,0,100,100,82,22,40,28,26,2,1,1787412587.0640216,G1,T01,sotto_banco_immobile,1,static
4160898,1,1,1,74,72,100,100,0,56,100,39,15,10,2,8,8,5,0,0,100,100,78,22,38,26,25,2,1,1787412587.25522,G1,T01,sotto_banco_immobile,1,static
4161098,1,1,1,62,72,100,100,0,100,100,24,16,10,1,6,4,9,0,0,100,100,79,21,39,26,24,2,1,1787412587.4646008,G1,T01,sotto_banco_immobile,1,static
4161298,1,1,1,39,50,100,100,0,100,100,44,11,9,2,9,4,8,0,0,100,100,81,22,41,27,26,2,1,1787412587.6644375,G1,T01,sotto_banco_immobile,1,static
4161498,1,1,1,30,30,100,100,0,100,90,7,11,8,4,11,4,5,0,0,100,100,84,22,43,28,28,2,1,1787412587.863831,G1,T01,sotto_banco_immobile,1,static
4161698,1,1,1,72,30,100,100,0,64,100,55,16,2,6,9,4,4,0,0,100,100,85,22,45,30,29,2,1,1787412588.0645192,G1,T01,sotto_banco_immobile,1,static
4161898,1,1,1,30,49,72,100,0,72,51,11,6,3,6,7,4,3,0,0,100,100,88,21,44,29,29,2,1,1787412588.2641034,G1,T01,sotto_banco_immobile,1,static
4162098,1,1,1,30,30,100,100,0,100,100,21,13,7,4,4,4,4,0,0,100,100,91,20,42,29,28,2,1,1787412588.4549696,G1,T01,sotto_banco_immobile,1,static
4162298,1,1,1,43,30,100,100,0,100,100,26,11,6,7,4,1,7,0,0,100,100,96,18,40,28,26,2,1,1787412588.6645687,G1,T01,sotto_banco_immobile,1,static
4162498,1,1,1,59,50,100,100,0,100,100,46,9,12,8,7,5,9,0,0,100,100,97,17,39,27,25,2,1,1787412588.8554866,G1,T01,sotto_banco_immobile,1,static
4162698,1,1,1,75,72,100,100,0,45,100,48,10,10,7,7,7,7,0,0,100,100,97,16,39,28,25,2,1,1787412589.0643642,G1,T01,sotto_banco_immobile,1,static
4162898,1,1,1,74,75,100,100,0,32,100,25,7,3,9,9,8,1,0,0,100,100,94,16,40,29,26,2,1,1787412589.2643547,G1,T01,sotto_banco_immobile,1,static
4163098,1,1,1,64,74,56,100,0,32,56,13,7,8,8,10,3,4,0,0,100,100,92,17,42,30,28,2,1,1787412589.463871,G1,T01,sotto_banco_immobile,1,static
4163298,1,1,1,67,60,52,100,0,24,52,10,11,9,10,3,1,4,0,0,100,100,91,18,44,30,29,2,1,1787412589.6644244,G1,T01,sotto_banco_immobile,1,static
4163498,1,1,1,43,45,100,100,0,100,100,15,3,4,9,1,1,3,0,0,100,100,89,19,45,31,29,2,1,1787412589.8645911,G1,T01,sotto_banco_immobile,1,static
4163698,1,1,1,43,41,100,100,0,100,100,27,6,8,6,2,2,3,0,0,100,100,87,19,45,31,29,2,1,1787412590.064519,G1,T01,sotto_banco_immobile,1,static
4163898,1,0,1,0,43,0,100,0,14,17,6,2,6,4,3,1,2,0,0,100,100,85,20,44,30,28,2,1,1787412590.254954,G1,T01,sotto_banco_immobile,1,static
4164098,1,0,1,0,43,0,100,0,28,42,27,12,7,5,1,1,5,0,0,100,100,81,21,44,30,28,2,1,1787412590.4553602,G1,T01,sotto_banco_immobile,1,static
4164298,1,1,1,57,42,100,100,0,100,100,27,9,10,8,1,1,2,0,0,100,100,77,21,43,29,27,2,1,1787412590.664385,G1,T01,sotto_banco_immobile,1,static
4164498,1,1,1,70,64,100,100,0,91,100,39,2,8,10,8,6,3,0,0,100,100,76,21,42,29,27,2,1,1787412590.8645241,G1,T01,sotto_banco_immobile,1,static
4164698,1,1,1,70,74,100,100,0,67,100,19,16,12,7,6,10,5,0,0,100,100,79,20,42,29,27,2,1,1787412591.064686,G1,T01,sotto_banco_immobile,1,static
4164898,1,1,1,56,61,100,100,0,100,100,39,2,4,8,8,5,7,0,0,100,100,83,20,43,31,28,2,1,1787412591.264405,G1,T01,sotto_banco_immobile,1,static
4165098,1,1,1,67,58,100,100,0,69,100,28,13,10,8,6,2,9,0,0,100,100,84,20,44,32,28,2,1,1787412591.454587,G1,T01,sotto_banco_immobile,1,static
4165298,1,1,1,50,73,100,100,0,100,100,28,15,2,8,5,4,7,0,0,100,100,84,19,43,31,28,2,1,1787412591.6647341,G1,T01,sotto_banco_immobile,1,static
4165498,1,1,1,73,40,100,100,0,50,100,38,9,13,3,5,4,4,0,0,100,100,82,19,41,31,27,2,1,1787412591.8637967,G1,T01,sotto_banco_immobile,1,static
4165698,1,1,1,70,73,100,100,0,72,100,32,10,9,6,7,6,3,0,0,100,100,80,19,39,29,25,2,1,1787412592.0543993,G1,T01,sotto_banco_immobile,1,static
4165898,1,1,1,69,69,100,100,0,58,100,22,16,7,8,9,9,2,0,0,100,100,77,19,38,29,24,2,1,1787412592.2639518,G1,T01,sotto_banco_immobile,1,static
4166098,1,1,1,75,75,100,100,0,20,100,23,7,4,7,9,8,3,0,0,100,100,76,19,38,28,24,2,1,1787412592.4546356,G1,T01,sotto_banco_immobile,1,static
4166298,1,1,1,59,72,100,100,0,100,100,34,2,3,7,5,2,3,0,0,100,100,75,19,40,29,25,2,1,1787412592.6645641,G1,T01,sotto_banco_immobile,1,static
4166498,1,1,1,51,53,100,100,0,84,100,16,5,12,7,3,1,4,0,0,100,100,79,19,40,29,26,2,1,1787412592.863897,G1,T01,sotto_banco_immobile,1,static
4166698,1,1,1,30,30,100,100,0,100,93,5,7,1,5,6,1,5,0,0,100,100,84,18,41,30,26,2,1,1787412593.0642142,G1,T01,sotto_banco_immobile,1,static
4166898,1,0,1,0,30,0,100,0,31,27,19,20,5,5,8,1,5,0,0,100,100,89,17,41,29,26,2,1,1787412593.2642004,G1,T01,sotto_banco_immobile,1,static
4167098,1,0,1,0,30,0,100,0,21,39,27,9,4,6,8,1,6,0,0,100,100,91,17,41,29,26,2,1,1787412593.4641135,G1,T01,sotto_banco_immobile,1,static
4167298,1,1,1,49,30,91,100,0,78,91,22,9,2,2,8,2,5,0,0,100,100,91,16,41,28,25,2,1,1787412593.6642733,G1,T01,sotto_banco_immobile,1,static
4167498,1,0,1,0,44,0,100,0,30,41,10,6,2,4,7,1,5,0,0,100,100,92,15,40,27,25,2,1,1787412593.864129,G1,T01,sotto_banco_immobile,1,static
4167698,1,1,1,30,48,100,100,0,100,100,12,10,10,3,3,1,6,0,0,100,100,90,14,39,26,24,2,1,1787412594.0646365,G1,T01,sotto_banco_immobile,1,static
4167898,1,1,1,60,46,100,100,0,100,100,19,13,6,5,3,4,4,0,0,100,100,88,13,37,25,24,2,1,1787412594.2648203,G1,T01,sotto_banco_immobile,1,static
4168098,1,1,1,73,67,100,100,0,61,100,41,1,8,6,8,7,4,0,0,100,100,91,12,37,24,24,2,1,1787412594.4545424,G1,T01,sotto_banco_immobile,1,static
4168298,1,1,1,66,73,100,100,0,100,100,31,8,6,5,6,9,7,0,0,100,100,95,11,39,25,25,2,1,1787412594.6641026,G1,T01,sotto_banco_immobile,1,static
4168498,1,1,1,50,58,100,100,0,100,100,30,12,12,7,10,1,8,0,0,100,100,100,12,42,27,27,2,1,1787412594.865009,G1,T01,sotto_banco_immobile,1,static
4168698,1,1,1,59,30,95,100,0,62,95,12,10,5,6,9,3,2,0,0,100,100,100,13,44,28,29,2,1,1787412595.0545225,G1,T01,sotto_banco_immobile,1,static
4168898,1,1,1,49,56,100,100,0,100,100,43,7,3,6,6,3,1,0,0,100,100,100,14,45,28,30,2,1,1787412595.2648542,G1,T01,sotto_banco_immobile,1,static
4169098,1,1,1,69,30,100,100,0,84,100,39,9,8,3,4,2,5,0,0,100,100,100,14,44,28,30,2,1,1787412595.4551008,G1,T01,sotto_banco_immobile,1,static
4169298,1,1,1,69,68,100,100,0,100,100,35,17,11,6,6,7,8,0,0,100,100,97,14,42,27,29,2,1,1787412595.6647658,G1,T01,sotto_banco_immobile,1,static
4169498,1,1,1,72,75,100,100,0,39,100,16,10,5,5,9,8,5,0,0,100,100,97,13,41,26,28,2,1,1787412595.8646603,G1,T01,sotto_banco_immobile,1,static
4169698,1,1,1,69,75,100,100,0,50,100,13,1,7,8,4,7,5,0,0,100,100,98,14,42,27,29,2,1,1787412596.06412,G1,T01,sotto_banco_immobile,1,static
4169898,1,1,1,48,66,100,100,0,100,100,37,11,7,7,4,1,4,0,0,100,100,99,14,44,28,30,2,1,1787412596.2647521,G1,T01,sotto_banco_immobile,1,static
4170098,1,1,1,30,50,100,100,0,100,100,20,5,8,8,6,2,5,0,0,100,100,100,15,45,29,31,2,1,1787412596.4642084,G1,T01,sotto_banco_immobile,1,static
4170298,1,1,1,30,30,51,100,0,51,41,14,10,2,6,7,1,6,0,0,100,100,100,15,45,29,31,2,1,1787412596.6642272,G1,T01,sotto_banco_immobile,1,static
4170498,1,1,1,30,30,79,100,0,79,66,7,3,6,6,9,2,6,0,0,100,100,100,15,45,28,32,2,1,1787412596.8643973,G1,T01,sotto_banco_immobile,1,static
4170698,1,1,1,30,30,97,100,0,97,81,11,7,6,7,8,3,6,0,0,100,100,100,15,46,28,32,2,1,1787412597.0646274,G1,T01,sotto_banco_immobile,1,static
4170898,1,0,1,0,52,0,100,0,35,15,16,5,5,6,4,4,6,0,0,100,100,100,15,45,28,31,2,1,1787412597.2642715,G1,T01,sotto_banco_immobile,1,static
4171098,1,1,1,45,38,100,100,0,100,100,19,12,9,7,7,1,3,0,0,100,100,100,14,44,27,31,2,1,1787412597.4647946,G1,T01,sotto_banco_immobile,1,static
4171298,1,1,1,59,50,100,100,0,100,100,17,2,2,4,6,2,4,0,0,100,100,99,15,43,27,30,2,1,1787412597.6646004,G1,T01,sotto_banco_immobile,1,static
4171498,1,1,1,73,67,100,100,0,46,100,29,9,12,5,8,5,3,0,0,100,100,100,15,42,27,29,2,1,1787412597.8647914,G1,T01,sotto_banco_immobile,1,static
4171698,1,1,1,76,73,100,100,0,21,100,44,2,7,5,6,9,6,0,0,100,100,100,15,44,28,30,2,1,1787412598.064821,G1,T01,sotto_banco_immobile,1,static
4171898,1,1,1,58,62,100,100,0,100,100,27,9,7,6,7,5,8,0,0,100,100,100,15,47,30,31,2,1,1787412598.2586386,G1,T01,sotto_banco_immobile,1,static
4172098,1,1,1,42,46,100,100,0,100,100,16,4,7,9,9,1,7,0,0,100,100,100,16,48,31,32,2,1,1787412598.4648557,G1,T01,sotto_banco_immobile,1,static
4172298,1,1,1,30,42,75,100,0,75,71,9,4,2,7,6,2,6,0,0,100,100,100,16,48,31,32,2,1,1787412598.6549823,G1,T01,sotto_banco_immobile,1,static
4172498,1,1,1,65,59,100,100,0,91,100,17,13,8,7,3,4,2,0,0,100,100,100,16,46,30,30,2,1,1787412598.8640614,G1,T01,sotto_banco_immobile,1,static
4172698,1,1,1,75,75,100,100,0,51,100,49,7,8,4,7,7,3,0,0,100,100,100,15,42,27,28,2,1,1787412599.0647523,G1,T01,sotto_banco_immobile,1,static
4172898,1,1,1,75,74,100,100,0,18,100,17,9,8,6,10,7,1,0,0,100,100,98,15,40,26,26,2,1,1787412599.264884,G1,T01,sotto_banco_immobile,1,static
4173098,1,1,1,71,74,100,100,0,38,100,20,2,5,6,5,3,3,0,0,100,100,96,14,39,25,25,2,1,1787412599.464049,G1,T01,sotto_banco_immobile,1,static
4173298,1,1,1,56,68,100,100,0,94,100,12,8,5,7,6,2,5,0,0,100,100,98,15,41,26,26,2,1,1787412599.6546445,G1,T01,sotto_banco_immobile,1,static
4173498,1,1,1,30,43,100,100,0,100,93,5,7,9,5,9,1,5,0,0,100,100,100,14,42,26,27,2,1,1787412599.8549068,G1,T01,sotto_banco_immobile,1,static
4173698,1,1,1,30,42,100,100,0,100,100,15,5,4,3,11,1,6,0,0,100,100,100,14,43,26,27,2,1,1787412600.064539,G1,T01,sotto_banco_immobile,1,static
4173898,1,1,1,30,30,94,100,0,94,73,11,8,6,6,8,3,5,0,0,100,100,100,13,43,26,27,2,1,1787412600.2647474,G1,T01,sotto_banco_immobile,1,static
4174098,1,1,1,39,43,56,100,0,55,56,14,3,7,6,4,4,6,0,0,100,100,100,13,43,25,27,2,1,1787412600.463972,G1,T01,sotto_banco_immobile,1,static
4174298,1,0,1,0,39,0,100,0,14,32,15,5,3,5,5,3,8,0,0,100,100,100,12,43,25,26,2,1,1787412600.6552167,G1,T01,sotto_banco_immobile,1,static
4174498,1,1,1,42,43,100,100,0,100,100,18,9,5,6,3,2,5,0,0,100,100,98,12,42,24,25,2,1,1787412600.864182,G1,T01,sotto_banco_immobile,1,static
4174698,1,1,1,55,56,100,100,0,100,100,16,12,13,6,5,1,3,0,0,100,97,95,11,39,23,24,2,1,1787412601.065066,G1,T01,sotto_banco_immobile,1,static
4174898,1,1,1,71,63,100,100,0,80,100,35,2,8,5,8,4,2,0,0,100,95,94,11,39,23,24,2,1,1787412601.2647054,G1,T01,sotto_banco_immobile,1,static
4175098,1,1,1,75,72,100,100,0,34,100,32,14,6,4,9,8,5,0,0,100,100,97,11,40,24,24,2,1,1787412601.4647453,G1,T01,sotto_banco_immobile,1,static
4175298,1,1,1,78,75,100,100,0,16,100,62,12,14,8,5,7,6,0,0,100,100,100,11,42,26,26,2,1,1787412601.654844,G1,T01,sotto_banco_immobile,1,static
4175498,1,1,1,46,75,100,100,0,100,100,22,6,7,3,6,2,6,0,0,100,100,100,12,44,27,27,2,1,1787412601.8650908,G1,T01,sotto_banco_immobile,1,static
4175698,1,1,1,51,46,79,100,0,66,79,22,11,7,5,7,2,7,0,0,100,100,100,13,44,28,28,2,1,1787412602.0546722,G1,T01,sotto_banco_immobile,1,static
4175898,1,1,1,51,51,92,100,0,76,92,20,8,3,4,8,3,5,0,0,100,99,100,13,43,27,27,2,1,1787412602.2644584,G1,T01,sotto_banco_immobile,1,static
4176098,1,1,1,65,58,100,100,0,100,100,27,7,10,9,8,6,3,0,0,100,94,100,13,42,27,26,2,1,1787412602.4649818,G1,T01,sotto_banco_immobile,1,static
4176298,1,1,1,69,60,100,100,0,78,100,25,12,8,9,4,10,6,0,0,100,90,97,13,41,26,25,2,1,1787412602.655341,G1,T01,sotto_banco_immobile,1,static
4176498,1,1,1,71,76,100,100,0,53,100,26,17,12,6,7,8,6,0,0,100,93,99,14,41,26,25,2,1,1787412602.86498,G1,T01,sotto_banco_immobile,1,static
4176698,1,1,1,65,71,100,100,0,75,100,22,9,5,7,7,3,7,0,0,100,95,100,14,42,28,26,2,1,1787412603.0652423,G1,T01,sotto_banco_immobile,1,static
4176898,1,1,1,58,61,89,100,0,63,89,18,4,6,8,4,2,7,0,0,100,96,100,13,44,28,27,2,1,1787412603.2639046,G1,T01,sotto_banco_immobile,1,static
4177098,1,0,1,0,39,0,100,0,17,39,29,14,7,4,3,3,8,0,0,100,99,100,14,45,28,28,2,1,1787412603.4647398,G1,T01,sotto_banco_immobile,1,static
4177298,1,1,1,39,30,100,100,0,100,100,31,9,10,7,7,1,5,0,0,100,100,100,13,45,28,28,2,1,1787412603.6544337,G1,T01,sotto_banco_immobile,1,static
4177498,1,1,1,30,30,100,100,0,100,94,10,8,4,9,9,2,4,0,0,100,100,100,14,45,28,28,2,1,1787412603.8650596,G1,T01,sotto_banco_immobile,1,static
4177698,1,0,1,0,30,0,100,0,35,31,13,5,6,9,8,1,4,0,0,100,100,100,14,45,29,28,2,1,1787412604.0644398,G1,T01,sotto_banco_immobile,1,static
4177898,1,1,1,55,30,61,100,0,47,61,15,2,3,4,6,1,4,0,0,100,100,100,14,45,28,27,2,1,1787412604.2645874,G1,T01,sotto_banco_immobile,1,static
4178098,1,1,1,51,55,100,100,0,100,100,26,6,3,5,6,1,5,0,0,100,100,100,14,45,28,27,2,1,1787412604.4651372,G1,T01,sotto_banco_immobile,1,static
4178298,1,1,1,50,43,100,100,0,100,100,20,7,13,5,2,2,5,0,0,100,99,100,14,44,27,27,2,1,1787412604.6652458,G1,T01,sotto_banco_immobile,1,static
4178498,1,1,1,59,52,100,100,0,98,100,18,14,9,3,1,4,6,0,0,100,96,100,14,43,27,27,2,1,1787412604.8644097,G1,T01,sotto_banco_immobile,1,static
4178698,1,1,1,72,68,100,100,0,46,100,21,4,6,5,4,6,5,0,0,100,96,100,14,45,27,27,2,1,1787412605.0643446,G1,T01,sotto_banco_immobile,1,static
4178898,1,1,1,73,72,100,100,0,66,100,38,11,9,3,8,9,7,0,0,100,98,100,15,46,28,28,2,1,1787412605.2649322,G1,T01,sotto_banco_immobile,1,static
4179098,1,1,1,75,74,100,100,0,43,100,47,5,6,5,3,9,8,0,0,100,97,100,15,47,29,29,2,1,1787412605.4649198,G1,T01,sotto_banco_immobile,1,static
4179298,1,1,1,64,76,100,100,0,55,100,16,6,9,6,5,6,8,0,0,100,95,100,15,47,29,29,2,1,1787412605.6648567,G1,T01,sotto_banco_immobile,1,static
4179498,1,1,1,63,64,97,100,0,57,97,19,6,6,5,2,6,8,0,0,100,98,100,15,46,28,29,2,1,1787412605.8641639,G1,T01,sotto_banco_immobile,1,static
4179698,1,1,1,75,72,100,100,0,25,100,36,15,12,5,2,8,4,0,0,100,100,100,14,45,27,28,2,1,1787412606.0647461,G1,T01,sotto_banco_immobile,1,static
4179898,1,1,1,73,76,100,100,0,42,100,26,18,13,5,6,10,5,0,0,100,100,100,13,43,26,27,2,1,1787412606.2654026,G1,T01,sotto_banco_immobile,1,static
4180098,1,1,1,75,69,100,100,0,20,100,18,5,7,2,6,5,8,0,0,100,100,98,13,42,26,27,2,1,1787412606.4650075,G1,T01,sotto_banco_immobile,1,static
4180298,1,1,1,62,69,100,100,0,82,100,14,21,9,8,4,1,8,0,0,100,100,100,14,43,26,28,2,1,1787412606.6651607,G1,T01,sotto_banco_immobile,1,static
4180498,1,1,1,30,30,100,100,0,100,83,8,14,11,4,5,5,6,0,0,100,100,99,13,43,25,28,2,1,1787412606.865294,G1,T01,sotto_banco_immobile,1,static
4180698,1,1,1,30,43,58,100,0,58,49,5,8,8,4,8,3,7,0,0,100,98,95,13,44,25,28,2,1,1787412607.0642796,G1,T01,sotto_banco_immobile,1,static
4180898,1,1,1,30,30,94,100,0,94,67,5,11,11,7,5,2,5,0,0,100,100,95,14,44,25,28,2,1,1787412607.264369,G1,T01,sotto_banco_immobile,1,static
4181098,1,1,1,43,30,100,100,0,100,100,37,11,2,4,9,3,4,0,0,100,100,96,14,43,25,28,2,1,1787412607.4651341,G1,T01,sotto_banco_immobile,1,static
4181298,1,0,1,0,43,0,100,0,21,36,23,5,3,5,11,1,5,0,0,100,98,93,15,43,25,27,2,1,1787412607.6646934,G1,T01,sotto_banco_immobile,1,static
4181498,1,1,1,30,50,54,100,0,54,48,7,12,11,6,5,2,4,0,0,100,94,90,15,43,25,27,2,1,1787412607.8641493,G1,T01,sotto_banco_immobile,1,static
4181698,1,1,1,39,30,100,100,0,100,100,14,6,9,5,1,2,6,0,0,100,95,91,15,41,25,26,2,1,1787412608.0644662,G1,T01,sotto_banco_immobile,1,static
4181898,1,1,1,51,49,100,100,0,100,100,32,15,14,3,2,4,6,0,0,100,96,92,16,40,24,25,2,1,1787412608.2645848,G1,T01,sotto_banco_immobile,1,static
4182098,1,1,1,72,58,100,100,0,25,100,12,11,9,5,2,5,5,0,0,100,95,93,16,39,24,25,2,1,1787412608.4649453,G1,T01,sotto_banco_immobile,1,static
4182298,1,1,1,70,66,100,100,0,73,100,34,11,6,4,7,9,5,0,0,100,93,93,17,40,24,26,2,1,1787412608.6641216,G1,T01,sotto_banco_immobile,1,static
4182498,1,1,1,72,75,100,100,0,64,100,34,13,19,7,4,10,5,0,0,100,98,100,18,42,26,27,2,1,1787412608.865259,G1,T01,sotto_banco_immobile,1,static
4182698,1,1,1,72,75,100,100,0,56,100,31,10,11,2,3,4,8,0,0,100,100,100,20,44,28,28,2,1,1787412609.0640538,G1,T01,sotto_banco_immobile,1,static
4182898,1,1,1,69,73,63,100,0,32,63,21,11,9,3,5,3,9,0,0,100,100,100,21,45,30,28,2,1,1787412609.2647138,G1,T01,sotto_banco_immobile,1,static
4183098,1,1,1,76,73,100,100,0,26,100,37,9,9,3,2,4,6,0,0,100,100,100,20,43,30,28,2,1,1787412609.4643304,G1,T01,sotto_banco_immobile,1,static
4183298,1,1,1,75,75,100,100,0,22,100,34,9,11,5,4,8,5,0,0,100,98,100,20,41,28,26,2,1,1787412609.6653123,G1,T01,sotto_banco_immobile,1,static
4183498,1,1,1,75,75,100,100,0,22,100,34,10,12,3,8,6,7,0,0,100,92,100,20,39,26,25,2,1,1787412609.8649926,G1,T01,sotto_banco_immobile,1,static
4183698,1,1,1,75,69,89,100,0,13,89,14,3,6,4,1,2,6,0,0,100,90,98,20,39,27,25,2,1,1787412610.064277,G1,T01,sotto_banco_immobile,1,static
4183898,1,1,1,46,55,100,100,0,100,100,37,8,7,7,7,1,7,0,0,100,86,96,20,40,27,26,2,1,1787412610.265163,G1,T01,sotto_banco_immobile,1,static
4184098,1,1,1,30,39,100,100,0,100,100,5,5,7,5,8,1,7,0,0,100,86,98,21,42,28,27,2,1,1787412610.4637153,G1,T01,sotto_banco_immobile,1,static
4184298,1,1,1,30,30,79,100,0,79,70,6,5,1,1,9,1,4,0,0,100,82,97,20,43,29,27,2,1,1787412610.6648722,G1,T01,sotto_banco_immobile,1,static
4184498,1,1,1,30,30,67,100,0,67,58,11,10,9,5,8,3,4,0,0,100,85,97,21,43,29,27,2,1,1787412610.8646355,G1,T01,sotto_banco_immobile,1,static
4184698,1,1,1,30,38,72,100,0,72,51,7,8,6,3,8,2,4,0,0,100,91,100,21,43,30,27,2,1,1787412611.064848,G1,T01,sotto_banco_immobile,1,static
4184898,1,1,1,46,30,95,100,0,85,95,21,5,6,2,5,3,3,0,0,100,91,100,21,43,30,27,2,1,1787412611.2642362,G1,T01,sotto_banco_immobile,1,static
4185098,1,0,1,0,46,0,100,0,28,36,14,11,7,2,2,3,2,0,0,100,92,97,21,43,30,27,2,1,1787412611.4648538,G1,T01,sotto_banco_immobile,1,static
4185298,1,1,1,30,47,100,100,0,100,100,11,5,5,4,5,2,1,0,0,100,92,95,20,41,29,26,2,1,1787412611.6649,G1,T01,sotto_banco_immobile,1,static
4185498,1,1,1,39,39,100,100,0,100,100,40,8,13,8,7,3,3,0,0,100,91,95,20,40,29,26,2,1,1787412611.8653548,G1,T01,sotto_banco_immobile,1,static
4185698,1,1,1,59,48,100,100,0,100,100,38,3,9,9,7,7,8,0,0,100,88,96,21,42,29,27,2,1,1787412612.0651488,G1,T01,sotto_banco_immobile,1,static
4185898,1,1,1,75,72,100,100,0,39,100,32,5,8,3,8,10,7,0,0,100,83,98,21,45,30,29,2,1,1787412612.2645257,G1,T01,sotto_banco_immobile,1,static
4186098,1,1,1,72,75,100,100,0,85,100,37,9,2,3,5,10,8,0,0,100,82,100,22,47,32,30,2,1,1787412612.465388,G1,T01,sotto_banco_immobile,1,static
4186298,1,1,1,73,73,100,100,0,100,100,86,18,9,9,9,6,7,0,0,100,89,100,24,50,35,32,2,1,1787412612.6628382,G1,T01,sotto_banco_immobile,1,static
4186498,1,1,1,76,76,100,100,0,58,100,86,10,8,6,7,10,3,0,0,100,91,99,27,53,37,34,2,1,1787412612.8652196,G1,T01,sotto_banco_immobile,1,static
4186698,1,1,1,55,75,100,100,0,100,100,37,6,6,6,5,9,3,0,0,100,92,93,30,53,38,35,2,1,1787412613.064684,G1,T01,sotto_banco_immobile,1,static
4186898,1,1,1,67,63,100,100,0,100,100,67,9,7,4,7,5,7,0,0,100,93,86,31,53,38,35,2,1,1787412613.2652206,G1,T01,sotto_banco_immobile,1,static
4187098,1,1,1,70,68,100,100,0,95,100,36,18,19,4,7,4,11,0,0,100,96,83,32,52,38,35,2,1,1787412613.4652672,G1,T01,sotto_banco_immobile,1,static
4187298,1,1,1,77,76,100,100,0,13,100,46,8,4,9,11,8,7,0,0,100,100,86,33,54,38,36,2,1,1787412613.6651175,G1,T01,sotto_banco_immobile,1,static
4187498,1,1,1,59,73,100,100,0,100,100,42,12,10,3,7,4,5,0,0,100,100,89,33,56,40,37,2,1,1787412613.8546398,G1,T01,sotto_banco_immobile,1,static
4187698,1,1,1,55,56,100,100,0,100,100,45,11,12,3,3,6,7,0,0,100,100,93,35,57,41,38,2,1,1787412614.0654633,G1,T01,sotto_banco_immobile,1,static
4187898,1,1,1,30,41,100,100,0,100,100,39,1,6,3,8,7,8,0,0,100,100,100,35,58,42,39,2,1,1787412614.2655385,G1,T01,sotto_banco_immobile,1,static
4188098,1,1,1,30,30,100,100,0,100,74,26,12,2,9,5,4,5,0,0,100,100,100,35,58,43,39,2,1,1787412614.4547822,G1,T01,sotto_banco_immobile,1,static
4188298,1,1,1,30,30,98,100,0,98,86,22,1,10,6,4,1,4,0,0,100,100,100,36,59,43,39,2,1,1787412614.6652398,G1,T01,sotto_banco_immobile,1,static
4188498,1,1,1,30,50,100,100,0,100,100,26,9,6,4,3,2,1,0,0,100,100,100,38,59,43,39,2,1,1787412614.8549683,G1,T01,sotto_banco_immobile,1,static
4188698,1,1,1,30,30,100,100,0,100,100,17,8,8,6,7,2,2,0,0,100,100,100,40,60,43,39,2,1,1787412615.065586,G1,T01,sotto_banco_immobile,1,static
4188898,1,1,1,39,52,87,100,0,86,87,19,7,3,6,4,2,1,0,0,100,100,100,42,59,44,39,2,1,1787412615.2651863,G1,T01,sotto_banco_immobile,1,static
4189098,1,1,1,43,41,100,100,0,100,100,48,11,8,2,5,3,1,0,0,100,100,100,43,59,44,39,2,1,1787412615.4648602,G1,T01,sotto_banco_immobile,1,static
4189298,1,1,1,30,30,100,100,0,100,100,15,11,12,1,7,4,4,0,0,100,100,100,44,59,43,39,2,1,1787412615.6656222,G1,T01,sotto_banco_immobile,1,static
4189498,1,1,1,55,49,100,100,0,100,100,55,8,11,4,9,8,8,0,0,100,100,100,44,60,44,40,2,1,1787412615.865434,G1,T01,sotto_banco_immobile,1,static
4189698,1,1,1,70,65,100,100,0,100,100,71,11,10,8,11,9,8,0,0,100,100,100,43,61,45,40,2,1,1787412616.0550742,G1,T01,sotto_banco_immobile,1,static
4189898,1,1,1,75,75,100,100,0,20,100,31,6,12,1,5,8,10,0,0,100,100,100,44,62,46,41,2,1,1787412616.2655897,G1,T01,sotto_banco_immobile,1,static
4190098,1,1,1,76,76,100,100,0,22,100,35,2,5,2,7,2,8,0,0,100,100,100,44,63,46,41,2,1,1787412616.465474,G1,T01,sotto_banco_immobile,1,static
4190298,1,1,1,78,76,100,100,0,15,100,59,7,9,1,3,2,4,0,0,100,100,100,43,61,45,40,2,1,1787412616.6654022,G1,T01,sotto_banco_immobile,1,static
4190498,1,1,1,72,75,100,100,0,100,100,76,10,11,6,7,9,3,0,0,100,100,100,39,56,42,37,2,1,1787412616.8657477,G1,T01,sotto_banco_immobile,1,static
4190698,1,1,1,62,68,100,100,0,100,100,68,11,14,7,4,7,3,0,0,100,100,100,35,53,39,34,2,1,1787412617.0648594,G1,T01,sotto_banco_immobile,1,static
4190898,1,1,1,60,61,100,100,0,98,100,15,5,7,5,6,5,8,0,0,100,100,100,34,53,38,34,2,1,1787412617.2649636,G1,T01,sotto_banco_immobile,1,static
4191098,1,1,1,42,46,100,100,0,100,100,48,7,10,2,8,4,5,0,0,100,100,100,33,54,38,35,2,1,1787412617.4657164,G1,T01,sotto_banco_immobile,1,static
4191298,1,1,1,30,30,100,100,0,100,100,38,9,7,1,9,3,3,0,0,100,100,100,33,54,39,35,2,1,1787412617.6654263,G1,T01,sotto_banco_immobile,1,static
4191498,1,1,1,30,30,100,100,0,100,100,37,7,11,5,8,5,5,0,0,100,100,100,34,55,39,36,2,1,1787412617.8655746,G1,T01,sotto_banco_immobile,1,static
4191698,1,1,1,30,30,60,100,0,60,48,2,3,6,6,1,5,6,0,0,100,100,100,34,56,39,36,2,1,1787412618.0549753,G1,T01,sotto_banco_immobile,1,static
4191898,1,1,1,52,30,69,100,0,56,69,14,5,5,8,2,7,6,0,0,100,100,100,36,56,39,36,2,1,1787412618.2647514,G1,T01,sotto_banco_immobile,1,static
4192098,1,1,1,57,51,58,100,0,41,58,11,6,9,7,2,6,7,0,0,100,99,100,37,55,39,36,2,1,1787412618.4650273,G1,T01,sotto_banco_immobile,1,static
4192298,1,1,1,38,57,100,100,0,100,100,21,14,5,5,4,5,6,0,0,100,95,100,37,54,39,35,2,1,1787412618.6654434,G1,T01,sotto_banco_immobile,1,static
4192498,1,1,1,43,45,100,100,0,100,100,71,2,10,9,9,3,2,0,0,100,89,100,36,53,38,35,2,1,1787412618.855285,G1,T01,sotto_banco_immobile,1,static
4192698,1,1,1,43,43,100,100,0,100,100,99,21,11,3,8,6,5,0,0,100,88,100,34,51,38,34,2,1,1787412619.0552852,G1,T01,sotto_banco_immobile,1,static
4192898,1,1,1,57,45,100,100,0,100,100,32,10,12,6,9,6,10,0,0,100,92,100,32,51,38,34,2,1,1787412619.2655282,G1,T01,sotto_banco_immobile,1,static
4193098,1,1,1,70,67,100,100,0,100,100,55,4,14,5,4,7,11,0,0,100,94,100,32,52,39,35,2,1,1787412619.4546254,G1,T01,sotto_banco_immobile,1,static
4193298,1,1,1,76,72,100,100,0,26,100,49,4,13,9,10,10,8,0,0,100,98,100,32,54,41,37,2,1,1787412619.6649592,G1,T01,sotto_banco_immobile,1,static
4193498,1,1,1,70,66,100,100,0,100,100,58,11,11,8,5,3,9,0,0,100,100,100,34,57,43,39,2,1,1787412619.8654346,G1,T01,sotto_banco_immobile,1,static
4193698,1,1,1,42,75,97,100,0,92,97,12,3,6,6,8,4,6,0,0,100,97,100,35,58,45,40,2,1,1787412620.0647314,G1,T01,sotto_banco_immobile,1,static
4193898,1,1,1,60,78,100,100,0,100,100,31,10,8,2,3,1,4,0,0,100,94,100,35,57,45,40,2,1,1787412620.254993,G1,T01,sotto_banco_immobile,1,static
4194098,1,1,1,75,65,100,100,0,58,100,62,10,14,3,4,8,8,0,0,100,93,100,34,54,43,38,2,1,1787412620.464631,G1,T01,sotto_banco_immobile,1,static
4194298,1,1,1,70,75,100,100,0,100,100,56,2,12,6,10,8,7,0,0,100,93,100,34,52,42,37,2,1,1787412620.6657083,G1,T01,sotto_banco_immobile,1,static
4194498,1,1,1,61,69,100,100,0,100,100,35,8,10,5,4,6,8,0,0,100,93,100,33,53,43,37,2,1,1787412620.8655922,G1,T01,sotto_banco_immobile,1,static
4194698,1,1,1,46,51,100,100,0,100,100,55,10,13,5,7,8,7,0,0,100,95,100,33,54,43,38,2,1,1787412621.0653057,G1,T01,sotto_banco_immobile,1,static
4194898,1,1,1,30,30,100,100,0,100,96,10,4,4,3,7,3,6,0,0,100,99,100,34,55,44,38,2,1,1787412621.2546184,G1,T01,sotto_banco_immobile,1,static
4195098,1,1,1,30,30,100,100,0,100,100,33,7,6,2,10,3,3,0,0,100,100,100,34,54,44,38,2,1,1787412621.465183,G1,T01,sotto_banco_immobile,1,static
4195298,1,1,1,30,30,100,100,0,100,100,43,12,9,7,10,4,4,0,0,100,100,100,36,54,44,38,2,1,1787412621.6655648,G1,T01,sotto_banco_immobile,1,static
4195498,1,1,1,45,43,100,100,0,100,100,42,8,11,9,3,7,7,0,0,100,100,100,37,54,43,38,2,1,1787412621.8649883,G1,T01,sotto_banco_immobile,1,static
4195698,1,0,1,0,48,0,100,0,43,36,6,12,3,8,3,7,5,0,0,100,100,100,37,53,43,38,2,1,1787412622.0553253,G1,T01,sotto_banco_immobile,1,static
4195898,1,0,1,0,48,0,100,0,44,45,10,2,2,5,3,7,6,0,0,100,100,100,37,53,43,38,2,1,1787412622.2648501,G1,T01,sotto_banco_immobile,1,static
4196098,1,1,1,48,55,100,100,0,100,100,22,14,10,9,2,6,2,0,0,100,100,100,36,52,43,37,2,1,1787412622.465841,G1,T01,sotto_banco_immobile,1,static
4196298,1,1,1,30,42,100,100,0,100,100,56,12,13,7,6,2,3,0,0,100,100,100,36,51,42,37,2,1,1787412622.6657984,G1,T01,sotto_banco_immobile,1,static
4196498,1,1,1,30,30,100,100,0,100,100,44,6,9,3,10,3,3,0,0,100,100,100,36,50,42,36,2,1,1787412622.8656378,G1,T01,sotto_banco_immobile,1,static
4196698,1,1,1,58,42,100,100,0,100,100,73,10,16,6,5,6,9,0,0,100,100,100,37,51,42,37,2,1,1787412623.0543225,G1,T01,sotto_banco_immobile,1,static
4196898,1,1,1,72,63,100,100,0,100,100,69,10,6,8,9,10,6,0,0,100,100,100,38,54,43,38,2,1,1787412623.2655954,G1,T01,sotto_banco_immobile,1,static
4197098,1,1,1,76,76,100,100,0,60,100,100,5,13,9,6,5,10,0,0,100,100,100,39,56,45,40,2,1,1787412623.4655797,G1,T01,sotto_banco_immobile,1,static
4197298,1,1,1,70,72,100,100,0,100,100,73,6,8,8,9,9,4,0,0,100,100,100,41,58,47,42,2,1,1787412623.6657724,G1,T01,sotto_banco_immobile,1,static
4197498,1,1,1,67,68,100,100,0,100,100,61,1,9,6,6,6,6,0,0,100,100,100,43,59,48,43,2,1,1787412623.8650467,G1,T01,sotto_banco_immobile,1,static
4197698,1,1,1,39,67,100,100,0,100,100,31,6,4,3,4,4,6,0,0,100,100,100,43,60,49,44,2,1,1787412624.0657623,G1,T01,sotto_banco_immobile,1,static
4197898,1,1,1,51,53,100,100,0,100,100,53,4,9,2,2,7,7,0,0,100,100,100,44,61,49,44,2,1,1787412624.2547855,G1,T01,sotto_banco_immobile,1,static
4198098,1,1,1,73,63,100,100,0,100,100,93,10,13,9,12,6,10,0,0,100,100,100,44,62,50,45,2,1,1787412624.4661336,G1,T01,sotto_banco_immobile,1,static
4198298,1,1,1,73,77,100,100,0,100,100,79,12,10,4,11,9,6,0,0,100,100,100,45,64,52,46,2,1,1787412624.6659322,G1,T01,sotto_banco_immobile,1,static
4198498,1,1,1,62,67,100,100,0,100,100,57,7,11,6,6,3,6,0,0,100,100,100,46,65,53,47,2,1,1787412624.865859,G1,T01,sotto_banco_immobile,1,static
4198698,1,1,1,42,56,100,100,0,100,100,34,3,3,6,6,6,10,0,0,100,100,100,46,67,53,48,2,1,1787412625.065544,G1,T01,sotto_banco_immobile,1,static
4198898,1,1,1,39,30,100,100,0,100,100,45,9,10,4,7,8,10,0,0,100,100,100,46,68,54,49,2,1,1787412625.2552028,G1,T01,sotto_banco_immobile,1,static
4199098,1,1,1,42,46,100,100,0,100,100,70,8,10,5,9,4,6,0,0,100,100,100,45,69,54,49,2,1,1787412625.4548764,G1,T01,sotto_banco_immobile,1,static
4199298,1,1,1,30,30,100,100,0,100,100,21,9,2,4,6,4,1,0,0,100,100,100,44,70,54,50,2,1,1787412625.6657124,G1,T01,sotto_banco_immobile,1,static
4199498,1,0,1,0,30,0,100,0,39,40,2,5,7,5,5,2,2,0,0,100,100,100,42,70,54,50,2,1,1787412625.8652163,G1,T01,sotto_banco_immobile,1,static
4199698,1,1,1,30,30,76,100,0,76,76,12,10,8,6,7,3,5,0,0,100,100,100,40,70,54,49,2,1,1787412626.0648725,G1,T01,sotto_banco_immobile,1,static
4199898,1,1,1,50,48,100,100,0,90,100,26,5,3,6,6,3,5,0,0,100,100,100,38,70,53,49,2,1,1787412626.2550333,G1,T01,sotto_banco_immobile,1,static
4200098,1,1,1,38,52,100,100,0,100,100,41,15,8,4,5,4,4,0,0,100,100,100,37,70,53,49,2,1,1787412626.4652333,G1,T01,sotto_banco_immobile,1,static
4200298,1,1,1,30,38,100,100,0,100,100,76,9,11,7,3,5,4,0,0,100,100,100,36,71,54,49,2,1,1787412626.6657326,G1,T01,sotto_banco_immobile,1,static
4200498,1,1,1,30,30,100,100,0,100,100,26,12,6,5,6,6,6,0,0,100,100,100,35,71,54,50,2,1,1787412626.865003,G1,T01,sotto_banco_immobile,1,static
4200698,1,1,1,58,53,100,100,0,100,100,58,12,13,4,11,8,10,0,0,100,100,100,35,71,54,49,2,1,1787412627.0662856,G1,T01,sotto_banco_immobile,1,static
4200898,1,1,1,67,63,100,100,0,100,100,53,9,10,1,8,6,9,0,0,100,100,100,35,70,53,49,2,1,1787412627.2655618,G1,T01,sotto_banco_immobile,1,static
4201098,1,1,1,75,74,100,100,0,90,100,90,4,11,4,8,10,5,0,0,100,100,100,34,69,52,48,2,1,1787412627.4542596,G1,T01,sotto_banco_immobile,1,static
4201298,1,1,1,75,76,100,100,0,16,100,15,6,6,7,5,4,8,0,0,100,100,100,33,68,50,47,2,1,1787412627.6656232,G1,T01,sotto_banco_immobile,1,static
4201498,1,1,1,63,51,100,100,0,67,100,13,2,5,5,2,3,5,0,0,100,100,100,31,66,48,45,2,1,1787412627.8657796,G1,T01,sotto_banco_immobile,1,static
4201698,1,1,1,73,77,100,100,0,100,100,100,8,12,1,8,8,3,0,0,100,100,100,28,63,45,42,2,1,1787412628.0660534,G1,T01,sotto_banco_immobile,1,static
4201898,1,1,1,59,66,100,100,0,100,100,87,9,15,5,10,6,10,0,0,100,100,100,26,61,43,40,2,1,1787412628.2659764,G1,T01,sotto_banco_immobile,1,static
4202098,1,1,1,50,52,100,100,0,100,100,55,7,11,6,9,8,8,0,0,100,100,100,25,61,42,40,2,1,1787412628.4547195,G1,T01,sotto_banco_immobile,1,static
4202298,1,1,1,30,30,73,100,0,73,22,18,9,7,8,3,5,3,0,0,100,100,100,25,60,42,40,2,1,1787412628.6652503,G1,T01,sotto_banco_immobile,1,static
4202498,1,1,1,41,30,100,100,0,100,100,63,13,10,7,4,3,1,0,0,100,100,100,25,59,41,39,2,1,1787412628.8659415,G1,T01,sotto_banco_immobile,1,static
4202698,1,1,1,45,46,100,100,0,100,100,67,11,9,6,9,4,4,0,0,100,100,100,26,58,41,39,2,1,1787412629.0659242,G1,T01,sotto_banco_immobile,1,static
4202898,1,1,1,49,48,100,100,0,100,100,52,14,7,6,5,5,6,0,0,100,100,100,28,58,41,39,2,1,1787412629.2653017,G1,T01,sotto_banco_immobile,1,static
4203098,1,1,1,52,51,100,100,0,100,100,40,11,9,4,6,6,8,0,0,100,100,100,29,59,41,38,2,1,1787412629.4659204,G1,T01,sotto_banco_immobile,1,static
4203298,1,1,1,54,62,100,100,0,84,100,25,9,7,6,7,7,8,0,0,100,100,100,31,59,41,38,2,1,1787412629.6657856,G1,T01,sotto_banco_immobile,1,static
4203498,1,1,1,43,53,90,100,0,83,90,16,6,7,8,7,6,7,0,0,100,100,100,32,59,41,39,2,1,1787412629.8650088,G1,T01,sotto_banco_immobile,1,static
4203698,1,0,1,0,43,0,100,0,31,28,10,8,4,5,7,4,5,0,0,100,100,100,34,59,42,39,2,1,1787412630.0551527,G1,T01,sotto_banco_immobile,1,static
4203898,1,1,1,43,52,100,100,0,100,100,58,11,9,1,3,3,2,0,0,100,100,100,34,59,41,38,2,1,1787412630.2655103,G1,T01,sotto_banco_immobile,1,static
4204098,1,1,1,30,30,100,100,0,100,100,84,9,15,5,5,4,3,0,0,100,100,100,34,58,41,38,2,1,1787412630.4653285,G1,T01,sotto_banco_immobile,1,static
4204298,1,1,1,44,39,100,100,0,100,100,91,10,13,10,8,8,7,0,0,100,100,100,35,58,41,38,2,1,1787412630.6662316,G1,T01,sotto_banco_immobile,1,static
4204498,1,1,1,60,50,100,100,0,100,100,78,4,11,5,13,7,11,0,0,100,100,100,36,60,42,39,2,1,1787412630.8655155,G1,T01,sotto_banco_immobile,1,static
4204698,1,1,1,69,67,100,100,0,100,100,64,8,12,5,8,5,7,0,0,100,100,100,37,62,44,41,2,1,1787412631.066207,G1,T01,sotto_banco_immobile,1,static
4204898,1,1,1,75,74,100,100,0,43,100,52,8,10,9,9,7,7,0,0,100,100,100,38,64,45,42,2,1,1787412631.2657654,G1,T01,sotto_banco_immobile,1,static
4205098,1,1,1,30,70,64,100,0,64,62,16,8,4,7,5,6,4,0,0,100,100,100,39,64,45,42,2,1,1787412631.4652128,G1,T01,sotto_banco_immobile,1,static
4205298,1,1,1,72,75,100,100,0,100,100,100,8,13,4,8,2,2,0,0,100,100,100,38,62,44,41,2,1,1787412631.66627,G1,T01,sotto_banco_immobile,1,static
4205498,1,1,1,60,67,100,100,0,100,100,100,4,13,3,5,6,7,0,0,100,100,100,37,59,43,39,2,1,1787412631.865668,G1,T01,sotto_banco_immobile,1,static
4205698,1,1,1,42,50,100,100,0,100,100,48,9,9,7,7,8,7,0,0,100,100,100,37,60,43,39,2,1,1787412632.0660334,G1,T01,sotto_banco_immobile,1,static
4205898,1,1,1,30,30,100,100,0,100,100,44,6,7,8,5,5,2,0,0,100,100,100,38,60,43,39,2,1,1787412632.255328,G1,T01,sotto_banco_immobile,1,static
4206098,1,1,1,41,39,100,100,0,100,100,97,9,10,12,8,5,7,0,0,100,100,100,39,60,44,40,2,1,1787412632.4660363,G1,T01,sotto_banco_immobile,1,static
4206298,1,1,1,49,45,100,100,0,100,100,69,9,9,5,8,8,8,0,0,100,100,100,40,62,45,40,2,1,1787412632.6655607,G1,T01,sotto_banco_immobile,1,static
4206498,1,1,1,56,49,61,100,0,47,61,18,2,5,5,9,5,7,0,0,100,100,100,41,64,46,41,2,1,1787412632.8651063,G1,T01,sotto_banco_immobile,1,static
4206698,1,1,1,73,58,99,100,0,34,99,26,8,5,6,10,2,8,0,0,100,100,100,42,64,47,41,2,1,1787412633.0654747,G1,T01,sotto_banco_immobile,1,static
4206898,1,1,1,58,59,100,100,0,91,100,28,4,8,7,10,4,6,0,0,100,100,100,42,64,47,41,2,1,1787412633.2551491,G1,T01,sotto_banco_immobile,1,static
4207098,1,0,1,0,67,0,100,0,40,42,15,3,1,7,7,5,5,0,0,100,100,100,42,64,47,41,2,1,1787412633.4654906,G1,T01,sotto_banco_immobile,1,static
4207298,1,1,1,60,63,100,100,0,100,100,42,8,11,6,8,2,4,0,0,100,100,100,42,63,47,40,2,1,1787412633.6660645,G1,T01,sotto_banco_immobile,1,static
4207498,1,1,1,45,55,100,100,0,100,100,44,8,7,6,7,5,4,0,0,100,98,100,40,61,45,39,2,1,1787412633.8659453,G1,T01,sotto_banco_immobile,1,static
4207698,1,1,1,41,43,100,100,0,100,100,64,8,11,7,5,9,8,0,0,100,95,100,39,59,44,38,2,1,1787412634.065206,G1,T01,sotto_banco_immobile,1,static
4207898,1,1,1,30,30,100,100,0,100,100,73,2,13,7,10,4,4,0,0,100,96,100,39,58,44,39,2,1,1787412634.2546577,G1,T01,sotto_banco_immobile,1,static
4208098,1,1,1,53,45,100,100,0,100,100,99,10,11,7,9,8,9,0,0,100,100,100,40,60,46,40,2,1,1787412634.4661412,G1,T01,sotto_banco_immobile,1,static
4208298,1,1,1,62,58,100,100,0,100,100,64,9,7,2,8,5,11,0,0,100,100,100,42,62,47,41,2,1,1787412634.66542,G1,T01,sotto_banco_immobile,1,static
4208498,1,1,1,66,67,100,100,0,100,100,61,7,10,6,9,2,7,0,0,100,100,100,42,63,48,42,2,1,1787412634.8545136,G1,T01,sotto_banco_immobile,1,static
4208698,1,1,1,70,66,100,100,0,85,100,47,5,2,4,3,1,6,0,0,100,100,100,42,64,48,42,2,1,1787412635.065412,G1,T01,sotto_banco_immobile,1,static
4208898,1,1,1,57,65,100,100,0,100,100,80,5,10,4,8,4,7,0,0,100,100,100,40,62,46,41,2,1,1787412635.2658057,G1,T01,sotto_banco_immobile,1,static
4209098,1,1,1,45,50,100,100,0,100,100,82,11,13,7,8,8,6,0,0,100,100,100,38,59,44,39,2,1,1787412635.4660535,G1,T01,sotto_banco_immobile,1,static
4209298,1,1,1,30,38,100,100,0,100,100,58,4,13,9,8,3,3,0,0,100,100,100,37,58,43,39,2,1,1787412635.666248,G1,T01,sotto_banco_immobile,1,static
4209498,1,1,1,41,30,100,100,0,100,100,75,3,9,9,5,7,7,0,0,100,100,100,37,59,44,40,2,1,1787412635.866113,G1,T01,sotto_banco_immobile,1,static
4209698,1,1,1,50,43,100,100,0,100,100,61,9,10,7,9,8,9,0,0,100,100,100,39,60,45,40,2,1,1787412636.0660896,G1,T01,sotto_banco_immobile,1,static
4209898,1,1,1,59,55,100,100,0,100,100,37,8,6,10,8,4,10,0,0,100,100,100,41,61,47,41,2,1,1787412636.2550695,G1,T01,sotto_banco_immobile,1,static
4210098,1,1,1,69,62,100,100,0,75,100,39,13,9,9,8,6,8,0,0,100,100,100,42,61,47,41,2,1,1787412636.4661524,G1,T01,sotto_banco_immobile,1,static
4210298,1,1,1,67,70,100,100,0,78,100,36,8,7,5,8,7,5,0,0,100,100,100,43,60,47,41,2,1,1787412636.6659145,G1,T01,sotto_banco_immobile,1,static
4210498,1,1,1,66,65,100,100,0,55,100,24,4,10,4,1,7,1,0,0,100,100,100,43,59,46,41,2,1,1787412636.8660247,G1,T01,sotto_banco_immobile,1,static
4210698,1,0,1,0,66,0,100,0,13,23,6,4,2,6,1,3,1,0,0,100,100,100,43,59,46,41,2,1,1787412637.065312,G1,T01,sotto_banco_immobile,1,static
4210898,1,1,1,61,72,100,100,0,100,100,55,13,10,7,5,1,4,0,0,100,100,100,42,58,45,40,2,1,1787412637.2662916,G1,T01,sotto_banco_immobile,1,static
4211098,1,1,1,50,54,100,100,0,100,100,58,9,11,10,10,5,8,0,0,100,98,100,40,55,43,39,2,1,1787412637.4663818,G1,T01,sotto_banco_immobile,1,static
4211298,1,1,1,39,47,100,100,0,100,100,54,8,11,4,8,7,10,0,0,100,100,100,39,54,42,38,2,1,1787412637.6660514,G1,T01,sotto_banco_immobile,1,static
4211498,1,1,1,30,30,100,100,0,100,100,40,8,11,6,6,3,3,0,0,100,100,100,40,55,43,39,2,1,1787412637.8655667,G1,T01,sotto_banco_immobile,1,static
4211698,1,1,1,48,43,100,100,0,100,100,85,3,13,6,9,6,4,0,0,100,100,100,43,57,44,40,2,1,1787412638.0661833,G1,T01,sotto_banco_immobile,1,static
4211898,1,1,1,56,54,100,100,0,100,100,59,1,9,3,6,8,7,0,0,100,100,100,46,59,45,41,2,1,1787412638.2657866,G1,T01,sotto_banco_immobile,1,static
4212098,1,0,1,0,59,0,100,0,20,33,12,4,2,1,6,6,8,0,0,100,100,100,47,61,45,41,2,1,1787412638.4548454,G1,T01,sotto_banco_immobile,1,static
4212298,1,1,1,53,58,100,100,0,100,100,95,9,12,4,7,4,4,0,0,100,97,100,46,59,44,40,2,1,1787412638.666085,G1,T01,sotto_banco_immobile,1,static
4212498,1,1,1,30,45,100,100,0,100,100,69,12,12,8,8,3,1,0,0,100,89,100,44,56,42,38,2,1,1787412638.8662677,G1,T01,sotto_banco_immobile,1,static
4212698,1,1,1,30,30,100,100,0,100,100,59,7,8,10,5,5,6,0,0,100,85,100,42,53,40,37,2,1,1787412639.0661027,G1,T01,sotto_banco_immobile,1,static
4212898,1,1,1,30,30,100,100,0,100,100,15,10,7,8,3,6,7,0,0,100,85,100,43,53,40,37,2,1,1787412639.266284,G1,T01,sotto_banco_immobile,1,static
4213098,1,1,1,46,30,100,100,0,100,100,35,9,7,6,5,6,9,0,0,100,91,100,44,53,40,37,2,1,1787412639.4655542,G1,T01,sotto_banco_immobile,1,static
4213298,1,1,1,59,53,100,100,0,100,100,53,10,5,1,9,6,9,0,0,100,100,100,45,54,41,37,2,1,1787412639.6663008,G1,T01,sotto_banco_immobile,1,static
4213498,1,1,1,75,67,87,100,0,25,87,24,7,10,2,8,5,8,0,0,100,100,100,46,54,41,37,2,1,1787412639.8661547,G1,T01,sotto_banco_immobile,1,static
4213698,1,1,1,74,72,100,100,0,31,100,28,7,3,4,8,6,7,0,0,100,100,100,45,53,40,36,2,1,1787412640.0660777,G1,T01,sotto_banco_immobile,1,static
4213898,1,1,1,68,72,100,100,0,88,100,44,10,9,4,8,8,5,0,0,100,100,100,44,52,40,36,2,1,1787412640.2663379,G1,T01,sotto_banco_immobile,1,static
4214098,1,1,1,63,66,100,100,0,89,100,39,6,11,6,1,8,1,0,0,100,100,100,43,52,39,36,2,1,1787412640.4550402,G1,T01,sotto_banco_immobile,1,static
4214298,1,1,1,70,53,100,100,0,48,100,27,9,2,5,2,4,1,0,0,100,100,100,41,51,39,35,2,1,1787412640.6661904,G1,T01,sotto_banco_immobile,1,static
4214498,1,1,1,67,67,100,100,0,100,100,74,18,8,4,7,3,5,0,0,100,100,100,39,49,37,34,2,1,1787412640.8663597,G1,T01,sotto_banco_immobile,1,static
4214698,1,1,1,50,59,100,100,0,100,100,91,3,13,6,13,6,9,0,0,100,100,100,38,46,35,32,2,1,1787412641.0553887,G1,T01,sotto_banco_immobile,1,static
4214898,1,1,1,42,46,100,100,0,100,100,100,9,10,10,9,4,11,0,0,100,100,100,38,47,36,33,2,1,1787412641.266567,G1,T01,sotto_banco_immobile,1,static
4215098,1,1,1,45,41,100,100,0,100,100,63,2,14,6,5,7,4,0,0,100,100,100,41,50,38,34,2,1,1787412641.4661534,G1,T01,sotto_banco_immobile,1,static
4215298,1,1,1,55,47,100,100,0,100,100,61,13,6,7,8,9,6,0,0,100,100,100,43,53,41,36,2,1,1787412641.6662347,G1,T01,sotto_banco_immobile,1,static
4215498,1,0,1,0,55,0,100,0,22,29,7,9,6,5,8,1,7,0,0,100,100,100,45,55,42,37,2,1,1787412641.8656056,G1,T01,sotto_banco_immobile,1,static
4215698,1,1,1,51,46,100,100,0,100,100,55,6,9,4,4,5,5,0,0,100,100,100,43,56,42,37,2,1,1787412642.0660684,G1,T01,sotto_banco_immobile,1,static
4215898,1,1,1,44,49,100,100,0,100,100,95,7,15,8,4,9,1,0,0,100,100,100,39,53,41,36,2,1,1787412642.2657707,G1,T01,sotto_banco_immobile,1,static
4216098,1,1,1,38,39,100,100,0,100,100,73,10,11,10,9,3,6,0,0,100,100,100,36,50,39,35,2,1,1787412642.4664295,G1,T01,sotto_banco_immobile,1,static
4216298,1,1,1,43,30,100,100,0,100,100,54,7,8,6,3,5,9,0,0,100,100,100,36,48,38,34,2,1,1787412642.6656563,G1,T01,sotto_banco_immobile,1,static
4216498,1,1,1,59,52,100,100,0,100,100,58,17,9,4,8,7,10,0,0,100,100,100,36,49,39,35,2,1,1787412642.8665183,G1,T01,sotto_banco_immobile,1,static
4216698,1,1,1,63,60,100,100,0,100,100,73,9,12,3,12,9,9,0,0,100,100,100,37,51,40,36,2,1,1787412643.066444,G1,T01,sotto_banco_immobile,1,static
4216898,1,1,1,72,65,100,100,0,84,100,57,7,6,6,7,8,3,0,0,100,100,100,38,52,41,37,2,1,1787412643.2655814,G1,T01,sotto_banco_immobile,1,static
4217098,1,1,1,76,76,100,100,0,15,100,25,14,9,7,1,7,1,0,0,100,100,100,39,54,42,37,2,1,1787412643.45455,G1,T01,sotto_banco_immobile,1,static
4217298,1,1,1,77,73,100,100,0,17,100,32,3,6,6,2,2,1,0,0,100,100,100,39,55,43,38,2,1,1787412643.6660008,G1,T01,sotto_banco_immobile,1,static
4217498,1,1,1,76,77,100,100,0,23,100,30,10,3,10,3,1,2,0,0,100,100,100,40,56,44,38,2,1,1787412643.866326,G1,T01,sotto_banco_immobile,1,static
4217698,1,1,1,46,67,77,100,0,70,77,24,14,13,4,6,1,3,0,0,100,100,100,40,57,44,38,2,1,1787412644.0661285,G1,T01,sotto_banco_immobile,1,static
4217898,1,1,1,77,65,100,100,0,16,100,44,12,2,6,3,2,1,0,0,100,100,100,38,58,44,38,2,1,1787412644.2655609,G1,T01,sotto_banco_immobile,1,static
4218098,1,1,1,72,77,100,100,0,100,100,64,17,11,4,1,8,2,0,0,100,100,100,37,56,43,38,2,1,1787412644.4549384,G1,T01,sotto_banco_immobile,1,static
4218298,1,1,1,59,65,100,100,0,100,100,85,10,11,4,9,10,6,0,0,100,100,100,36,55,42,36,2,1,1787412644.6659112,G1,T01,sotto_banco_immobile,1,static
4218498,1,1,1,44,53,100,100,0,100,100,81,4,6,10,10,6,11,0,0,100,100,100,37,55,43,37,2,1,1787412644.866394,G1,T01,sotto_banco_immobile,1,static
4218698,1,1,1,40,30,100,100,0,100,100,89,4,14,8,8,5,7,0,0,100,100,100,39,58,45,39,2,1,1787412645.066299,G1,T01,sotto_banco_immobile,1,static
4218898,1,1,1,49,46,100,100,0,100,100,72,9,12,7,6,7,6,0,0,100,100,100,40,60,46,40,1,1,1787412645.2658591,G1,T01,sotto_banco_immobile,1,static
4219098,1,1,1,44,42,100,100,0,100,100,30,6,4,1,3,6,4,0,0,100,100,100,39,60,46,40,2,1,1787412645.4543128,G1,T01,sotto_banco_immobile,1,static
4219298,1,1,1,41,41,100,100,0,100,100,75,9,11,2,5,4,1,0,0,100,100,100,38,58,44,39,2,1,1787412645.666139,G1,T01,sotto_banco_immobile,1,static
4219498,1,1,1,43,41,100,100,0,100,100,100,5,15,9,7,6,9,0,0,100,100,100,35,55,42,37,2,1,1787412645.8664732,G1,T01,sotto_banco_immobile,1,static
4219698,1,1,1,58,52,100,100,0,100,100,100,10,13,5,12,10,10,0,0,100,100,100,36,55,41,37,2,1,1787412646.066857,G1,T01,sotto_banco_immobile,1,static
4219898,1,1,1,71,64,100,100,0,100,100,87,12,11,8,9,9,5,0,0,100,100,100,38,58,43,39,2,1,1787412646.2664075,G1,T01,sotto_banco_immobile,1,static
4220098,1,1,1,77,75,100,100,0,14,100,65,13,9,8,9,3,8,0,0,100,100,100,40,63,45,41,2,1,1787412646.4664242,G1,T01,sotto_banco_immobile,1,static
4220298,1,1,1,73,75,100,100,0,83,100,58,5,8,5,5,7,9,0,0,100,100,100,42,66,49,44,2,1,1787412646.666064,G1,T01,sotto_banco_immobile,1,static
4220498,1,1,1,72,71,100,100,0,75,100,49,9,2,1,5,9,6,0,0,100,100,100,44,69,51,45,2,1,1787412646.8660762,G1,T01,sotto_banco_immobile,1,static
4220698,1,1,1,55,60,70,100,0,52,70,10,8,9,2,6,7,1,0,0,100,100,100,46,71,52,47,2,1,1787412647.0655403,G1,T01,sotto_banco_immobile,1,static
4220898,1,1,1,64,59,100,100,0,79,100,31,5,3,2,7,3,1,0,0,100,100,100,46,71,53,47,2,1,1787412647.2663286,G1,T01,sotto_banco_immobile,1,static
4221098,1,1,1,46,50,92,100,0,82,92,13,3,1,1,9,4,3,0,0,100,100,100,46,72,54,48,2,1,1787412647.4662597,G1,T01,sotto_banco_immobile,1,static
4221298,1,1,1,78,30,80,100,0,14,80,26,3,3,1,8,5,3,0,0,100,100,100,46,72,54,48,2,1,1787412647.6662006,G1,T01,sotto_banco_immobile,1,static
4221498,1,1,1,72,72,100,100,0,59,100,40,11,6,2,5,6,1,0,0,100,100,100,45,72,53,48,2,1,1787412647.8664625,G1,T01,sotto_banco_immobile,1,static
4221698,1,1,1,70,69,100,100,0,100,100,60,12,11,7,1,7,3,0,0,100,100,100,44,70,52,47,2,1,1787412648.0667863,G1,T01,sotto_banco_immobile,1,static
4221898,1,1,1,76,76,100,100,0,50,100,86,12,13,10,3,6,9,0,0,100,100,100,44,68,50,46,1,1,1787412648.2666538,G1,T01,sotto_banco_immobile,1,static
4222098,1,1,1,62,69,100,100,0,100,100,81,11,11,9,11,10,4,0,0,100,100,100,45,69,51,47,2,1,1787412648.4662855,G1,T01,sotto_banco_immobile,1,static
4222298,1,1,1,39,51,100,100,0,100,100,38,10,6,9,8,9,8,0,0,100,100,100,48,71,53,49,2,1,1787412648.6663861,G1,T01,sotto_banco_immobile,1,static
4222498,1,1,1,30,30,100,100,0,100,100,10,10,7,10,1,6,10,0,0,100,100,100,49,72,54,50,2,1,1787412648.866652,G1,T01,sotto_banco_immobile,1,static
4222698,1,1,1,30,30,77,100,0,77,55,3,4,1,7,1,3,8,0,0,100,100,100,49,71,53,49,2,1,1787412649.0660405,G1,T01,sotto_banco_immobile,1,static
4222898,1,1,1,57,43,100,100,0,100,100,85,12,14,2,10,3,2,0,0,100,100,100,47,67,51,47,2,1,1787412649.2668595,G1,T01,sotto_banco_immobile,1,static
4223098,1,1,1,67,62,100,100,0,100,100,74,10,13,6,9,7,6,0,0,100,100,100,45,64,48,45,2,1,1787412649.4659586,G1,T01,sotto_banco_immobile,1,static
4223298,1,1,1,73,72,100,100,0,57,100,36,12,8,7,6,9,10,0,0,100,100,100,45,64,48,46,2,1,1787412649.6660624,G1,T01,sotto_banco_immobile,1,static
4223498,1,1,1,77,72,100,100,0,13,100,26,12,8,5,5,10,4,0,0,100,100,100,47,66,49,47,2,1,1787412649.8664443,G1,T01,sotto_banco_immobile,1,static
4223698,1,1,1,72,74,100,100,0,49,100,32,9,7,1,7,10,2,0,0,100,100,100,47,65,50,46,2,1,1787412650.0660045,G1,T01,sotto_banco_immobile,1,static
4223898,1,1,1,66,65,100,100,0,90,100,33,7,11,3,9,9,4,0,0,100,100,100,47,63,49,45,2,1,1787412650.2551305,G1,T01,sotto_banco_immobile,1,static
4224098,1,1,1,66,67,100,100,0,62,100,24,9,9,4,8,5,5,0,0,100,100,100,46,60,47,44,2,1,1787412650.466539,G1,T01,sotto_banco_immobile,1,static
4224298,1,1,1,59,57,81,100,0,54,81,15,7,6,5,6,2,5,0,0,100,100,100,46,57,45,42,2,1,1787412650.6656125,G1,T01,sotto_banco_immobile,1,static
4224498,1,1,1,69,68,100,100,0,46,100,25,10,5,5,9,3,6,0,0,100,100,100,46,55,43,41,2,1,1787412650.8546064,G1,T01,sotto_banco_immobile,1,static
4224698,1,1,1,30,67,52,100,0,52,48,4,3,4,7,4,2,8,0,0,100,100,100,45,52,42,40,2,1,1787412651.0658767,G1,T01,sotto_banco_immobile,1,static
4224898,1,1,1,52,30,100,100,0,100,100,38,6,2,7,2,3,6,0,0,100,100,100,44,50,40,38,2,1,1787412651.266479,G1,T01,sotto_banco_immobile,1,static
4225098,1,1,1,66,56,100,100,0,100,100,41,9,9,2,2,7,4,0,0,100,100,98,42,48,37,37,2,1,1787412651.466266,G1,T01,sotto_banco_immobile,1,static
4225298,1,1,1,73,69,100,100,0,76,100,52,15,5,9,4,10,3,0,0,100,100,97,41,45,35,35,2,1,1787412651.6665628,G1,T01,sotto_banco_immobile,1,static
4225498,1,1,1,75,76,100,100,0,54,100,54,13,12,5,9,7,8,0,0,100,100,98,42,43,35,34,2,1,1787412651.866673,G1,T01,sotto_banco_immobile,1,static
4225698,1,1,1,63,69,100,100,0,100,100,44,11,8,1,8,4,8,0,0,100,100,100,44,44,36,35,2,1,1787412652.0662272,G1,T01,sotto_banco_immobile,1,static
4225898,1,1,1,52,58,100,100,0,100,100,26,11,7,4,12,4,6,0,0,100,100,100,46,46,38,37,2,1,1787412652.266049,G1,T01,sotto_banco_immobile,1,static
4226098,1,1,1,70,57,64,100,0,22,64,10,3,8,1,8,5,7,0,0,100,100,100,47,47,38,38,2,1,1787412652.465638,G1,T01,sotto_banco_immobile,1,static
4226298,1,1,1,30,40,100,100,0,100,100,17,3,8,2,3,5,4,0,0,100,100,100,45,46,38,37,2,1,1787412652.6665654,G1,T01,sotto_banco_immobile,1,static
4226498,1,1,1,65,53,100,100,0,100,100,75,17,11,1,9,5,4,0,0,100,100,97,43,45,36,35,2,1,1787412652.866717,G1,T01,sotto_banco_immobile,1,static
4226698,1,1,1,73,67,100,100,0,76,100,48,15,10,5,6,8,9,0,0,100,100,92,40,43,35,34,2,1,1787412653.0553572,G1,T01,sotto_banco_immobile,1,static
4226898,1,1,1,70,76,100,100,0,39,100,20,10,9,6,8,10,7,0,0,100,100,93,39,45,35,35,2,1,1787412653.2666643,G1,T01,sotto_banco_immobile,1,static
4227098,1,1,1,73,72,100,100,0,41,100,32,12,5,8,8,11,2,0,0,100,100,96,39,45,36,35,2,1,1787412653.4667027,G1,T01,sotto_banco_immobile,1,static
4227298,1,1,1,72,69,100,100,0,74,100,51,14,5,5,8,11,2,0,0,100,100,97,39,44,36,34,2,1,1787412653.6666636,G1,T01,sotto_banco_immobile,1,static
4227498,1,1,1,65,65,100,100,0,83,100,38,9,6,5,9,7,4,0,0,100,100,97,39,43,36,34,2,1,1787412653.8657672,G1,T01,sotto_banco_immobile,1,static
4227698,1,1,1,65,66,100,100,0,66,100,24,2,10,6,8,4,6,0,0,100,100,96,39,43,35,34,2,1,1787412654.0553098,G1,T01,sotto_banco_immobile,1,static
4227898,1,1,1,58,61,100,100,0,72,100,21,6,7,6,9,4,7,0,0,100,100,95,39,42,35,34,2,1,1787412654.2664702,G1,T01,sotto_banco_immobile,1,static
4228098,1,0,1,0,55,0,100,0,39,48,10,5,9,7,3,3,7,0,0,100,100,93,38,42,35,33,2,1,1787412654.4656494,G1,T01,sotto_banco_immobile,1,static
4228298,1,1,1,66,58,100,100,0,97,100,46,7,5,6,3,4,6,0,0,100,100,91,37,41,34,32,2,1,1787412654.6659534,G1,T01,sotto_banco_immobile,1,static
4228498,1,1,1,62,62,100,100,0,100,100,57,9,6,3,6,6,3,0,0,100,100,90,35,39,32,31,2,1,1787412654.8658724,G1,T01,sotto_banco_immobile,1,static
4228698,1,1,1,69,65,100,100,0,100,100,85,12,14,6,11,12,3,0,0,100,100,92,33,38,31,30,2,1,1787412655.0664628,G1,T01,sotto_banco_immobile,1,static
4228898,1,1,1,77,75,100,100,0,22,100,73,16,10,9,8,6,8,0,0,100,100,97,33,38,31,30,2,1,1787412655.266693,G1,T01,sotto_banco_immobile,1,static
4229098,1,1,1,64,70,100,100,0,100,100,70,9,13,8,9,7,4,0,0,100,100,100,34,41,33,32,2,1,1787412655.4668207,G1,T01,sotto_banco_immobile,1,static
4229298,1,1,1,63,58,100,100,0,71,100,26,2,6,2,4,8,6,0,0,100,100,100,35,44,36,34,2,1,1787412655.666053,G1,T01,sotto_banco_immobile,1,static
4229498,1,1,1,39,63,71,100,0,70,71,6,10,10,4,1,7,3,0,0,100,100,100,34,46,37,35,2,1,1787412655.8658001,G1,T01,sotto_banco_immobile,1,static
4229698,1,1,1,55,47,100,100,0,100,100,54,11,10,6,2,7,1,0,0,100,100,100,32,47,36,35,2,1,1787412656.0546072,G1,T01,sotto_banco_immobile,1,static
4229898,1,1,1,73,67,100,100,0,100,100,92,5,10,11,9,6,6,0,0,100,100,100,30,45,35,34,2,1,1787412656.2668982,G1,T01,sotto_banco_immobile,1,static
4230098,1,1,1,76,75,100,100,0,66,100,100,12,17,9,8,10,9,0,0,100,100,100,28,44,33,33,2,1,1787412656.4669933,G1,T01,sotto_banco_immobile,1,static
4230298,1,1,1,66,70,100,100,0,100,100,69,13,11,3,9,9,4,0,0,100,100,100,28,44,33,33,2,1,1787412656.666959,G1,T01,sotto_banco_immobile,1,static
4230498,1,1,1,59,62,100,100,0,78,100,17,15,8,7,7,2,6,0,0,100,100,100,29,46,35,34,2,1,1787412656.866576,G1,T01,sotto_banco_immobile,1,static
4230698,1,1,1,62,62,100,100,0,78,100,29,10,9,6,7,2,6,0,0,100,100,100,30,47,36,34,2,1,1787412657.0663884,G1,T01,sotto_banco_immobile,1,static
4230898,1,1,1,49,56,100,100,0,100,100,48,12,6,11,9,1,9,0,0,100,100,100,32,48,38,35,2,1,1787412657.2667146,G1,T01,sotto_banco_immobile,1,static
4231098,1,1,1,44,48,100,100,0,100,100,62,13,3,3,6,4,7,0,0,100,100,100,33,50,39,36,2,1,1787412657.466746,G1,T01,sotto_banco_immobile,1,static
4231298,1,1,1,45,45,100,100,0,100,100,20,24,8,11,6,5,3,0,0,100,100,100,35,51,40,37,2,1,1787412657.6550045,G1,T01,sotto_banco_immobile,1,static
4231498,1,1,1,48,45,100,100,0,100,100,36,16,5,6,3,5,1,0,0,100,100,100,37,51,40,37,2,1,1787412657.8668592,G1,T01,sotto_banco_immobile,1,static
4231698,1,1,1,41,42,100,100,0,100,100,59,6,11,6,1,1,3,0,0,100,100,100,38,50,40,37,2,1,1787412658.0666113,G1,T01,sotto_banco_immobile,1,static
4231898,1,1,1,50,44,100,100,0,100,100,94,17,22,5,5,5,7,0,0,100,100,100,37,49,39,36,2,1,1787412658.2668633,G1,T01,sotto_banco_immobile,1,static
4232098,1,1,1,66,55,100,100,0,100,100,84,29,9,2,11,9,10,0,0,100,100,100,35,49,38,36,2,1,1787412658.4670143,G1,T01,sotto_banco_immobile,1,static
4232298,1,1,1,77,72,100,100,0,17,100,70,29,14,6,5,12,9,0,0,100,100,100,35,51,39,37,2,1,1787412658.667076,G1,T01,sotto_banco_immobile,1,static
4232498,1,1,1,71,75,100,100,0,86,100,55,20,4,7,10,5,4,0,0,100,100,100,36,54,41,39,2,1,1787412658.8662884,G1,T01,sotto_banco_immobile,1,static
4232698,1,1,1,59,59,100,100,0,100,100,76,19,3,9,8,7,6,0,0,100,100,100,38,58,42,41,2,1,1787412659.066789,G1,T01,sotto_banco_immobile,1,static
4232898,1,0,1,0,62,0,100,0,45,44,25,46,11,8,3,6,5,0,0,100,100,100,39,60,44,43,2,1,1787412659.266423,G1,T01,sotto_banco_immobile,1,static
4233098,1,1,1,55,43,100,100,0,100,100,80,15,20,9,7,7,1,0,0,100,100,100,38,60,43,42,2,1,1787412659.4670684,G1,T01,sotto_banco_immobile,1,static
4233298,1,1,1,72,65,100,100,0,100,100,100,24,13,8,9,8,4,0,0,100,100,100,37,58,41,40,2,1,1787412659.6670706,G1,T01,sotto_banco_immobile,1,static
4233498,1,1,1,73,77,100,100,0,79,100,57,37,20,5,8,8,9,0,0,100,100,100,36,57,40,39,2,1,1787412659.866745,G1,T01,sotto_banco_immobile,1,static
4233698,1,1,1,65,72,100,100,0,100,100,40,13,16,13,7,9,3,0,0,100,100,100,37,57,40,39,2,1,1787412660.066428,G1,T01,sotto_banco_immobile,1,static
4233898,1,1,1,58,63,100,100,0,100,100,69,20,17,5,5,6,4,0,0,100,100,100,38,58,41,40,2,1,1787412660.2668803,G1,T01,sotto_banco_immobile,1,static
4234098,1,1,1,58,55,100,100,0,80,100,33,14,10,4,7,1,6,0,0,100,100,100,38,59,42,40,2,1,1787412660.466959,G1,T01,sotto_banco_immobile,1,static
4234298,1,1,1,72,58,72,100,0,54,72,52,43,14,7,6,1,8,0,0,100,100,100,39,58,41,40,2,1,1787412660.6666226,G1,T01,sotto_banco_immobile,1,static
4234498,1,1,1,58,60,71,100,0,55,71,29,25,5,8,7,1,6,0,0,100,100,100,39,58,40,40,2,1,1787412660.866543,G1,T01,sotto_banco_immobile,1,static
4234698,1,1,1,46,45,89,100,0,79,89,11,9,8,7,7,1,7,0,0,100,100,100,41,57,39,40,2,1,1787412661.0660644,G1,T01,sotto_banco_immobile,1,static
4234898,1,1,1,69,46,80,100,0,50,80,40,26,14,6,6,2,5,0,0,100,100,100,42,55,38,39,2,1,1787412661.266769,G1,T01,sotto_banco_immobile,1,static
4235098,1,1,1,56,56,100,100,0,100,100,75,17,3,8,4,2,1,0,0,100,100,100,42,53,36,38,2,1,1787412661.466998,G1,T01,sotto_banco_immobile,1,static
4235298,1,1,1,63,56,100,100,0,100,100,100,35,7,4,4,8,3,0,0,100,100,100,38,51,34,36,2,1,1787412661.6668198,G1,T01,sotto_banco_immobile,1,static
4235498,1,1,1,67,65,100,100,0,100,100,63,28,12,3,9,11,6,0,0,100,100,100,35,51,33,35,1,1,1787412661.8669763,G1,T01,sotto_banco_immobile,1,static
4235698,1,1,1,75,70,100,100,0,51,100,49,25,9,2,3,8,8,0,0,100,100,100,33,52,34,35,1,1,1787412662.0665221,G1,T01,sotto_banco_immobile,1,static
4235898,1,1,1,70,77,100,100,0,100,100,43,21,19,10,6,5,8,0,0,100,100,100,35,53,35,37,1,1,1787412662.2554069,G1,T01,sotto_banco_immobile,1,static
4236098,1,1,1,60,66,100,100,0,100,100,58,20,3,5,8,9,5,0,0,100,100,100,38,55,37,39,2,1,1787412662.4670944,G1,T01,sotto_banco_immobile,1,static
4236298,1,0,1,0,30,0,100,0,29,31,16,26,10,3,4,7,4,0,0,100,100,100,41,55,38,39,2,1,1787412662.6665301,G1,T01,sotto_banco_immobile,1,static
4236498,1,1,1,53,30,100,100,0,100,100,50,7,15,4,4,5,1,0,0,100,100,100,42,54,38,38,2,1,1787412662.8664908,G1,T01,sotto_banco_immobile,1,static
4236698,1,1,1,67,60,100,100,0,91,100,39,11,10,11,8,6,3,0,0,100,100,100,39,52,36,36,2,1,1787412663.0664694,G1,T01,sotto_banco_immobile,1,static
4236898,1,1,1,75,76,100,100,0,46,100,55,25,13,8,7,5,6,0,0,100,100,98,38,48,33,34,2,1,1787412663.2547598,G1,T01,sotto_banco_immobile,1,static
4237098,1,1,1,71,75,100,100,0,100,100,78,10,10,8,8,8,7,0,0,100,100,100,38,47,32,33,2,1,1787412663.466593,G1,T01,sotto_banco_immobile,1,static
4237298,1,1,1,63,60,100,100,0,87,100,29,7,9,9,7,9,3,0,0,100,100,100,38,47,33,33,2,1,1787412663.6663513,G1,T01,sotto_banco_immobile,1,static
4237498,1,1,1,59,66,100,100,0,100,100,42,7,14,3,4,7,3,0,0,100,100,100,38,47,33,33,2,1,1787412663.85434,G1,T01,sotto_banco_immobile,1,static
4237698,1,1,1,61,60,100,100,0,100,100,55,14,7,1,6,5,6,0,0,100,100,100,37,47,34,33,2,1,1787412664.0672598,G1,T01,sotto_banco_immobile,1,static
4237898,1,1,1,47,52,94,100,0,83,94,18,8,5,3,6,3,8,0,0,100,100,100,37,47,33,33,2,1,1787412664.2553666,G1,T01,sotto_banco_immobile,1,static
4238098,1,0,1,0,39,0,100,0,18,29,15,9,9,5,5,2,7,0,0,100,100,100,38,46,33,33,2,1,1787412664.4660923,G1,T01,sotto_banco_immobile,1,static
4238298,1,0,1,0,39,0,100,0,14,8,2,1,5,4,5,3,7,0,0,100,100,100,37,46,33,33,2,1,1787412664.6553304,G1,T01,sotto_banco_immobile,1,static
4238498,1,1,1,53,39,100,100,0,86,100,31,9,6,3,6,2,5,0,0,100,100,100,37,45,33,32,1,1,1787412664.8668103,G1,T01,sotto_banco_immobile,1,static
4238698,1,1,1,55,48,100,100,0,100,100,72,10,6,2,4,5,1,0,0,100,100,100,34,44,32,32,2,1,1787412665.0668685,G1,T01,sotto_banco_immobile,1,static
4238898,1,1,1,63,57,100,100,0,100,100,90,17,9,6,7,11,2,0,0,100,100,100,32,44,32,31,2,1,1787412665.2668633,G1,T01,sotto_banco_immobile,1,static
4239098,1,1,1,78,73,100,100,0,21,100,97,15,12,8,6,6,9,0,0,100,100,100,32,46,33,32,2,1,1787412665.4662979,G1,T01,sotto_banco_immobile,1,static
4239298,1,1,1,72,75,100,100,0,74,100,46,16,13,11,9,6,4,0,0,100,100,100,33,48,35,34,2,1,1787412665.666986,G1,T01,sotto_banco_immobile,1,static
4239498,1,1,1,55,67,100,100,0,100,100,34,13,14,9,7,8,6,0,0,100,100,100,33,50,36,36,2,1,1787412665.8671796,G1,T01,sotto_banco_immobile,1,static
4239698,1,1,1,59,52,100,100,0,67,100,16,17,9,3,6,7,7,0,0,100,100,100,35,53,37,36,2,1,1787412666.0670261,G1,T01,sotto_banco_immobile,1,static
4239898,1,0,1,0,59,0,100,0,36,47,8,3,6,4,2,6,7,0,0,100,100,100,34,54,37,36,2,1,1787412666.2666159,G1,T01,sotto_banco_immobile,1,static
4240098,1,1,1,59,51,100,100,0,100,100,59,11,9,5,4,5,4,0,0,100,100,100,31,53,36,35,2,1,1787412666.4547663,G1,T01,sotto_banco_immobile,1,static
4240298,1,1,1,75,67,100,100,0,51,100,50,9,8,7,7,4,3,0,0,100,100,100,28,50,34,33,2,1,1787412666.666936,G1,T01,sotto_banco_immobile,1,static
4240498,1,1,1,75,77,100,100,0,39,100,44,12,6,7,7,5,6,0,0,100,100,100,26,47,33,31,2,1,1787412666.8670025,G1,T01,sotto_banco_immobile,1,static
4240698,1,1,1,72,75,100,100,0,69,100,45,16,7,10,3,6,7,0,0,100,100,100,25,46,33,30,2,1,1787412667.06712,G1,T01,sotto_banco_immobile,1,static
4240898,1,1,1,72,67,100,100,0,63,100,42,10,5,7,5,7,10,0,0,100,100,100,25,47,34,31,2,1,1787412667.2668102,G1,T01,sotto_banco_immobile,1,static
4241098,1,1,1,65,69,100,100,0,90,100,36,11,6,6,8,8,9,0,0,100,100,100,26,47,34,31,2,1,1787412667.4551044,G1,T01,sotto_banco_immobile,1,static
4241298,1,1,1,63,60,100,100,0,79,100,27,12,11,1,9,8,7,0,0,100,100,100,27,47,34,31,2,1,1787412667.6671743,G1,T01,sotto_banco_immobile,1,static
4241498,1,1,1,45,48,77,100,0,69,77,16,7,2,3,8,5,6,0,0,100,100,100,27,47,34,31,2,1,1787412667.866779,G1,T01,sotto_banco_immobile,1,static
4241698,1,1,1,54,55,61,100,0,47,61,12,9,1,5,7,4,8,0,0,100,100,100,28,46,34,30,2,1,1787412668.0576413,G1,T01,sotto_banco_immobile,1,static
4241898,1,1,1,65,54,100,100,0,71,100,37,5,4,2,4,2,7,0,0,100,100,100,28,44,34,29,2,1,1787412668.2669542,G1,T01,sotto_banco_immobile,1,static
4242098,1,1,1,53,56,100,100,0,100,100,61,18,10,1,2,1,7,0,0,100,100,98,27,43,33,28,2,1,1787412668.4549828,G1,T01,sotto_banco_immobile,1,static
4242298,1,1,1,66,62,100,100,0,100,100,84,30,16,3,3,4,7,0,0,100,100,97,26,42,32,26,2,1,1787412668.6670556,G1,T01,sotto_banco_immobile,1,static
4242498,1,1,1,74,68,100,100,0,60,100,51,19,10,8,6,4,9,0,0,100,100,99,25,42,32,26,2,1,1787412668.8671625,G1,T01,sotto_banco_immobile,1,static
4242698,1,1,1,70,73,100,100,0,95,100,52,5,4,12,10,4,4,0,0,100,100,100,27,43,33,27,2,1,1787412669.0670836,G1,T01,sotto_banco_immobile,1,static
4242898,1,1,1,73,70,100,100,0,41,100,31,20,10,1,6,8,5,0,0,100,100,100,29,46,35,29,2,1,1787412669.2667596,G1,T01,sotto_banco_immobile,1,static
4243098,1,1,1,50,59,100,100,0,100,100,21,25,18,3,3,5,6,0,0,100,100,100,30,46,35,29,2,1,1787412669.4673507,G1,T01,sotto_banco_immobile,1,static
4243298,1,1,1,50,80,100,100,0,100,100,49,9,4,9,1,5,3,0,0,100,100,100,29,45,35,28,2,1,1787412669.6550202,G1,T01,sotto_banco_immobile,1,static
4243498,1,1,1,69,58,100,100,0,100,100,49,25,12,9,2,4,3,0,0,100,100,100,27,43,33,26,2,1,1787412669.8670032,G1,T01,sotto_banco_immobile,1,static
4243698,1,1,1,77,72,100,100,0,18,100,61,14,13,2,9,5,6,0,0,100,100,100,25,39,31,24,2,1,1787412670.067275,G1,T01,sotto_banco_immobile,1,static
4243898,1,1,1,73,75,100,100,0,50,100,33,36,26,3,1,4,10,0,0,100,100,100,25,37,29,22,2,1,1787412670.2675774,G1,T01,sotto_banco_immobile,1,static
4244098,1,1,1,63,67,100,100,0,82,100,36,33,19,5,3,5,9,0,0,100,100,100,26,35,28,22,2,1,1787412670.4666529,G1,T01,sotto_banco_immobile,1,static
4244298,1,1,1,59,60,100,100,0,100,100,35,20,9,7,4,5,11,0,0,100,100,100,28,36,29,22,2,1,1787412670.6674106,G1,T01,sotto_banco_immobile,1,static
4244498,1,1,1,63,65,100,100,0,71,100,33,12,1,9,4,9,8,0,0,100,100,100,30,36,30,23,2,1,1787412670.8673074,G1,T01,sotto_banco_immobile,1,static
4244698,1,1,1,56,59,100,100,0,92,100,32,21,6,11,7,7,8,0,0,100,100,100,33,37,31,24,2,1,1787412671.0671911,G1,T01,sotto_banco_immobile,1,static
4244898,1,1,1,64,59,80,100,0,54,80,33,23,7,2,8,5,7,0,0,100,100,99,35,37,31,24,2,1,1787412671.2667084,G1,T01,sotto_banco_immobile,1,static
4245098,1,0,1,0,64,0,100,0,39,49,31,26,4,4,9,3,4,0,0,100,100,96,35,37,31,24,2,1,1787412671.4663491,G1,T01,sotto_banco_immobile,1,static
4245298,1,1,1,69,63,100,100,0,90,100,66,53,24,8,8,3,5,0,0,100,100,96,35,36,30,23,2,1,1787412671.6665103,G1,T01,sotto_banco_immobile,1,static
4245498,1,1,1,59,51,100,100,0,100,100,69,16,8,3,2,6,3,0,0,100,100,96,34,34,29,22,2,1,1787412671.8672066,G1,T01,sotto_banco_immobile,1,static
4245698,1,1,1,70,66,100,100,0,100,100,67,12,2,9,5,4,3,0,0,100,100,95,35,33,28,21,2,1,1787412672.0672336,G1,T01,sotto_banco_immobile,1,static
4245898,1,1,1,75,77,100,100,0,47,100,56,7,9,7,10,6,5,0,0,100,100,93,36,34,29,21,2,1,1787412672.2551844,G1,T01,sotto_banco_immobile,1,static
4246098,1,1,1,62,72,100,100,0,100,100,60,11,9,10,9,7,3,0,0,100,100,95,37,36,31,22,2,1,1787412672.4667504,G1,T01,sotto_banco_immobile,1,static
4246298,1,1,1,47,53,100,100,0,100,100,65,10,10,7,4,8,2,0,0,100,100,98,40,38,33,23,2,1,1787412672.6674693,G1,T01,sotto_banco_immobile,1,static
4246498,1,1,1,55,45,82,100,0,65,82,23,7,5,4,3,6,3,0,0,100,100,96,42,40,34,23,2,1,1787412672.866442,G1,T01,sotto_banco_immobile,1,static
4246698,1,1,1,30,55,100,100,0,100,100,25,8,2,4,1,3,2,0,0,100,100,92,42,40,35,23,2,1,1787412673.0664246,G1,T01,sotto_banco_immobile,1,static
4246898,1,1,1,53,47,100,100,0,100,100,96,9,11,6,6,4,5,0,0,100,100,81,40,38,34,22,2,1,1787412673.2666647,G1,T01,sotto_banco_immobile,1,static
4247098,1,1,1,77,69,100,100,0,15,100,43,1,2,7,9,7,4,0,0,100,100,77,38,35,32,20,2,1,1787412673.4671519,G1,T01,sotto_banco_immobile,1,static
4247298,1,1,1,76,72,92,100,0,15,92,24,10,5,8,9,4,4,0,0,100,100,68,38,33,30,19,2,1,1787412673.6549807,G1,T01,sotto_banco_immobile,1,static
4247498,1,1,1,76,77,100,100,0,16,100,31,13,7,9,10,1,6,0,0,100,100,62,39,32,30,18,2,1,1787412673.8673096,G1,T01,sotto_banco_immobile,1,static
4247698,1,1,1,72,75,100,100,0,61,100,44,9,4,3,6,2,7,0,0,100,100,59,40,32,30,19,2,1,1787412674.0670714,G1,T01,sotto_banco_immobile,1,static
4247898,1,1,1,68,69,100,100,0,60,100,31,9,6,5,6,2,7,0,0,100,100,54,41,32,30,19,2,1,1787412674.2670636,G1,T01,sotto_banco_immobile,1,static
4248098,1,1,1,66,71,55,100,0,27,55,10,8,4,6,5,4,7,0,0,100,100,50,42,33,30,18,2,1,1787412674.454798,G1,T01,sotto_banco_immobile,1,static
4248298,1,0,1,0,66,0,100,0,20,43,9,5,7,7,4,5,6,0,0,100,100,51,41,34,31,18,2,1,1787412674.6663923,G1,T01,sotto_banco_immobile,1,static
4248498,1,0,1,0,66,0,100,0,14,16,10,7,6,7,3,5,7,0,0,100,100,51,41,34,30,18,2,1,1787412674.8552196,G1,T01,sotto_banco_immobile,1,static
4248698,1,1,1,53,66,100,100,0,83,100,29,5,1,6,4,4,6,0,0,100,100,50,40,34,29,17,2,1,1787412675.067164,G1,T01,sotto_banco_immobile,1,static
4248898,1,1,1,53,46,100,100,0,100,100,48,8,8,6,4,3,7,0,0,100,100,50,39,32,28,16,2,1,1787412675.2672505,G1,T01,sotto_banco_immobile,1,static
4249098,1,1,1,71,64,100,100,0,100,100,76,13,10,7,5,2,7,0,0,100,100,50,39,31,27,16,2,1,1787412675.467231,G1,T01,sotto_banco_immobile,1,static
4249298,1,1,1,73,79,100,100,0,57,100,41,20,9,8,7,3,5,0,0,100,100,49,41,31,27,16,2,1,1787412675.666798,G1,T01,sotto_banco_immobile,1,static
4249498,1,1,1,72,70,100,100,0,47,100,30,5,2,4,10,6,4,0,0,100,100,50,42,32,29,17,2,1,1787412675.8671925,G1,T01,sotto_banco_immobile,1,static
4249698,1,1,1,47,70,100,100,0,100,100,48,8,3,4,7,6,4,0,0,100,100,52,43,34,30,18,2,1,1787412676.066775,G1,T01,sotto_banco_immobile,1,static
4249898,1,1,1,66,52,61,100,0,35,61,20,3,5,4,1,5,2,0,0,100,100,55,44,34,29,19,2,1,1787412676.2670333,G1,T01,sotto_banco_immobile,1,static
4250098,1,1,1,39,30,100,100,0,100,100,44,6,3,3,3,1,3,0,0,100,100,54,44,33,28,18,2,1,1787412676.4673345,G1,T01,sotto_banco_immobile,1,static
4250298,1,1,1,65,51,100,100,0,100,100,54,7,6,2,9,2,4,0,0,100,96,50,41,30,26,17,2,1,1787412676.6671898,G1,T01,sotto_banco_immobile,1,static
4250498,1,1,1,76,69,100,100,0,13,100,33,5,6,5,9,2,5,0,0,100,90,46,38,27,24,15,2,1,1787412676.866685,G1,T01,sotto_banco_immobile,1,static
4250698,1,1,1,63,66,100,100,0,88,100,26,6,5,7,8,1,4,0,0,100,85,45,37,25,22,14,2,1,1787412677.0669143,G1,T01,sotto_banco_immobile,1,static
4250898,1,1,1,79,61,78,100,0,16,78,31,8,6,8,6,2,4,0,0,100,79,42,37,25,22,14,2,1,1787412677.2669895,G1,T01,sotto_banco_immobile,1,static
4251098,1,1,1,75,79,100,100,0,34,100,34,13,5,4,5,2,5,0,0,100,78,41,37,25,22,14,2,1,1787412677.4672146,G1,T01,sotto_banco_immobile,1,static
4251298,1,1,1,45,47,51,100,0,46,51,9,7,7,1,4,2,4,0,0,100,80,42,38,26,23,14,2,1,1787412677.6550677,G1,T01,sotto_banco_immobile,1,static
4251498,1,1,1,63,62,100,100,0,88,100,43,11,3,3,5,3,4,0,0,100,83,44,39,26,23,14,2,1,1787412677.8673124,G1,T01,sotto_banco_immobile,1,static
4251698,1,0,1,0,68,0,100,0,14,40,18,3,9,5,6,5,4,0,0,100,85,45,39,26,23,14,2,1,1787412678.0664618,G1,T01,sotto_banco_immobile,1,static
4251898,1,1,1,74,75,85,100,0,16,85,12,15,9,7,6,5,5,0,0,100,85,47,39,26,23,14,2,1,1787412678.2667618,G1,T01,sotto_banco_immobile,1,static
4252098,1,0,1,0,72,0,100,0,31,32,8,2,6,5,6,5,5,0,0,100,83,49,37,25,23,13,2,1,1787412678.4660864,G1,T01,sotto_banco_immobile,1,static
4252298,1,1,1,60,72,58,100,0,43,58,24,10,3,4,5,4,6,0,0,100,80,49,36,25,23,13,1,1,1787412678.6666157,G1,T01,sotto_banco_immobile,1,static
4252498,1,1,1,46,30,100,100,0,100,100,32,7,10,1,5,3,6,0,0,100,80,48,35,24,22,13,1,1,1787412678.867254,G1,T01,sotto_banco_immobile,1,static
4252698,1,1,1,55,55,100,100,0,100,100,46,15,2,5,7,2,6,0,0,100,76,49,34,23,21,13,2,1,1787412679.0672214,G1,T01,sotto_banco_immobile,1,static
4252898,1,1,1,67,54,100,100,0,83,100,38,3,5,9,7,1,6,0,0,100,73,50,34,23,21,13,2,1,1787412679.2668223,G1,T01,sotto_banco_immobile,1,static
4253098,1,1,1,76,76,100,100,0,21,100,34,4,2,2,8,4,4,0,0,100,72,49,35,23,22,13,2,1,1787412679.4665935,G1,T01,sotto_banco_immobile,1,static
4253298,1,1,1,58,76,100,100,0,100,100,51,2,8,4,7,6,3,0,0,100,69,46,35,24,22,13,2,1,1787412679.654613,G1,T01,sotto_banco_immobile,1,static
4253498,1,1,1,69,53,77,100,0,35,77,19,5,3,4,2,8,3,0,0,100,66,43,34,24,22,13,2,1,1787412679.8670723,G1,T01,sotto_banco_immobile,1,static
4253698,1,1,1,62,69,78,100,0,48,78,17,7,3,3,4,7,4,0,0,100,64,41,33,23,22,12,2,1,1787412680.066908,G1,T01,sotto_banco_immobile,1,static
4253898,1,1,1,68,64,100,100,0,72,100,34,5,5,2,8,4,5,0,0,100,64,37,31,22,20,11,2,1,1787412680.2671814,G1,T01,sotto_banco_immobile,1,static
4254098,1,1,1,73,76,100,100,0,59,100,46,9,2,7,8,1,5,0,0,100,67,35,31,21,19,10,2,1,1787412680.4667768,G1,T01,sotto_banco_immobile,1,static
4254298,1,1,1,66,68,100,100,0,70,100,28,2,6,9,3,1,5,0,0,100,70,36,31,21,19,10,2,1,1787412680.6546514,G1,T01,sotto_banco_immobile,1,static
4254498,1,1,1,71,78,100,100,0,49,100,34,11,6,8,3,2,6,0,0,100,72,36,32,22,20,11,2,1,1787412680.8666675,G1,T01,sotto_banco_immobile,1,static
4254698,1,1,1,60,61,100,100,0,100,100,45,13,9,1,3,3,6,0,0,100,78,35,33,23,20,11,2,1,1787412681.0676155,G1,T01,sotto_banco_immobile,1,static
4254898,1,1,1,56,55,87,100,0,66,87,23,3,6,3,3,4,6,0,0,100,84,36,34,24,20,11,2,1,1787412681.266959,G1,T01,sotto_banco_immobile,1,static
4255098,1,0,1,0,56,0,100,0,18,26,15,3,9,5,4,4,5,0,0,100,84,36,35,24,20,11,1,1,1787412681.4665554,G1,T01,sotto_banco_immobile,1,static
4255298,1,0,1,0,56,0,100,0,17,16,13,6,3,6,5,5,6,0,0,100,81,36,35,24,20,11,1,1,1787412681.6661756,G1,T01,sotto_banco_immobile,1,static
4255498,1,0,1,0,56,0,100,0,17,17,3,5,3,4,5,4,5,0,0,100,80,35,35,24,20,11,2,1,1787412681.8662055,G1,T01,sotto_banco_immobile,1,static
4255698,1,1,1,46,56,68,100,0,62,68,21,7,7,3,4,2,6,0,0,100,82,35,35,24,20,11,2,1,1787412682.0670805,G1,T01,sotto_banco_immobile,1,static
4255898,1,1,1,30,30,98,100,0,98,75,21,9,7,1,3,3,5,0,0,100,84,35,33,23,19,11,2,1,1787412682.2545815,G1,T01,sotto_banco_immobile,1,static
4256098,1,1,1,59,52,100,100,0,100,100,46,16,7,5,1,1,5,0,0,100,84,33,33,22,18,11,2,1,1787412682.467523,G1,T01,sotto_banco_immobile,1,static
4256298,1,1,1,63,57,100,100,0,72,100,31,6,2,8,2,1,6,0,0,100,88,32,33,22,18,10,2,1,1787412682.6664684,G1,T01,sotto_banco_immobile,1,static
4256498,1,1,1,63,78,99,100,0,56,99,15,7,3,2,3,4,4,0,0,100,86,33,34,22,19,10,2,1,1787412682.8671613,G1,T01,sotto_banco_immobile,1,static
4256698,1,1,1,67,70,100,100,0,59,100,34,9,6,1,4,6,4,0,0,100,87,34,35,22,20,10,2,1,1787412683.0667787,G1,T01,sotto_banco_immobile,1,static
4256898,1,1,1,62,58,90,100,0,58,90,23,2,7,1,6,5,3,0,0,100,85,35,35,23,20,10,2,1,1787412683.2670047,G1,T01,sotto_banco_immobile,1,static
4257098,1,0,1,0,62,0,100,0,27,45,13,8,7,1,5,4,3,0,0,100,85,35,34,23,20,9,2,1,1787412683.4665015,G1,T01,sotto_banco_immobile,1,static
4257298,1,1,1,75,75,100,100,0,20,100,22,2,6,1,3,1,3,0,0,100,86,36,33,21,19,9,2,1,1787412683.6667676,G1,T01,sotto_banco_immobile,1,static
4257498,1,1,1,62,73,100,100,0,96,100,26,9,6,4,3,1,4,0,0,100,87,35,31,20,17,8,2,1,1787412683.8668237,G1,T01,sotto_banco_immobile,1,static
4257698,1,0,1,0,50,0,100,0,49,37,20,4,5,4,4,2,4,0,0,100,87,35,29,19,16,8,2,1,1787412684.0662723,G1,T01,sotto_banco_immobile,1,static
4257898,1,0,1,0,50,0,100,0,29,16,9,9,6,5,3,3,3,0,0,100,85,35,28,19,16,8,2,1,1787412684.2667665,G1,T01,sotto_banco_immobile,1,static
4258098,1,1,1,59,65,100,100,0,76,100,30,10,10,6,3,3,3,0,0,100,85,36,28,19,16,8,2,1,1787412684.467037,G1,T01,sotto_banco_immobile,1,static
4258298,1,0,1,0,59,0,100,0,41,44,13,2,8,5,3,3,3,0,0,100,86,37,27,18,16,8,2,1,1787412684.6664271,G1,T01,sotto_banco_immobile,1,static
4258498,1,0,1,0,46,0,100,0,13,15,7,4,6,8,4,5,4,0,0,100,84,38,27,17,16,7,2,1,1787412684.8635838,G1,T01,sotto_banco_immobile,1,static
4258698,1,1,1,68,70,90,100,0,53,90,37,4,3,9,4,4,3,0,0,100,78,40,26,16,15,7,2,1,1787412685.0672286,G1,T01,sotto_banco_immobile,1,static
4258898,1,1,1,57,67,73,100,0,52,73,12,10,3,8,4,3,4,0,0,100,75,40,25,16,14,6,2,1,1787412685.266763,G1,T01,sotto_banco_immobile,1,static
4259098,1,1,1,30,30,100,100,0,100,100,13,12,9,4,5,2,5,0,0,100,72,41,23,15,14,6,2,1,1787412685.4675446,G1,T01,sotto_banco_immobile,1,static
4259298,1,1,1,30,30,77,100,0,77,28,47,8,7,3,5,2,4,0,0,100,70,41,22,14,13,6,2,1,1787412685.6666386,G1,T01,sotto_banco_immobile,1,static
4259498,1,1,1,63,94,74,100,0,45,74,18,3,5,1,5,3,5,0,0,100,66,44,22,13,12,6,2,1,1787412685.8665898,G1,T01,sotto_banco_immobile,1,static
4259698,1,1,1,72,68,100,100,0,42,100,22,7,5,1,8,6,3,0,0,100,63,46,22,13,13,6,2,1,1787412686.0667973,G1,T01,sotto_banco_immobile,1,static
4259898,1,1,1,53,68,79,100,0,63,79,15,8,2,1,8,6,2,0,0,100,59,46,23,15,14,6,2,1,1787412686.2670135,G1,T01,sotto_banco_immobile,1,static
4260098,1,0,1,0,64,0,100,0,25,46,12,3,5,1,6,9,2,0,0,100,57,46,23,16,15,6,2,1,1787412686.4664042,G1,T01,sotto_banco_immobile,1,static
4260298,1,1,1,69,76,67,100,0,32,67,20,9,6,2,2,7,2,0,0,100,54,47,22,17,15,7,2,1,1787412686.667253,G1,T01,sotto_banco_immobile,1,static
4260498,1,1,1,49,50,100,100,0,100,100,40,5,6,2,5,6,3,0,0,100,51,46,21,17,15,7,2,1,1787412686.8675184,G1,T01,sotto_banco_immobile,1,static
4260698,1,1,1,71,69,100,100,0,60,100,28,10,7,4,6,2,4,0,0,100,50,45,20,17,14,7,2,1,1787412687.0669692,G1,T01,sotto_banco_immobile,1,static
4260898,1,1,1,30,59,100,100,0,100,100,8,5,10,5,4,2,3,0,0,100,52,43,19,16,13,7,2,1,1787412687.2674854,G1,T01,sotto_banco_immobile,1,static
4261098,1,1,1,38,30,100,100,0,100,100,17,8,9,5,4,5,4,0,0,100,50,43,19,15,13,7,2,1,1787412687.4674785,G1,T01,sotto_banco_immobile,1,static
4261298,1,1,1,76,30,88,100,0,35,88,41,6,5,6,2,4,4,0,0,100,50,43,19,15,13,7,2,1,1787412687.6668391,G1,T01,sotto_banco_immobile,1,static
4261498,1,1,1,71,72,100,100,0,37,100,24,6,9,7,5,4,3,0,0,100,53,44,19,16,14,7,2,1,1787412687.866611,G1,T01,sotto_banco_immobile,1,static
4261698,1,1,1,75,75,74,100,0,22,74,23,4,3,5,4,4,3,0,0,100,56,46,21,17,14,7,2,1,1787412688.0661438,G1,T01,sotto_banco_immobile,1,static
4261898,1,0,1,0,75,0,100,0,14,31,7,9,3,3,5,5,3,0,0,100,56,47,23,17,14,7,2,1,1787412688.2657335,G1,T01,sotto_banco_immobile,1,static
4262098,1,0,1,0,75,0,100,0,27,31,5,9,3,5,6,5,4,0,0,100,55,47,25,18,14,7,2,1,1787412688.4549592,G1,T01,sotto_banco_immobile,1,static
4262298,1,0,1,0,75,0,100,0,21,38,10,2,4,6,7,5,4,0,0,100,53,46,26,18,14,6,2,1,1787412688.6671038,G1,T01,sotto_banco_immobile,1,static
4262498,1,0,1,0,75,0,100,0,18,20,7,4,4,6,5,5,4,0,0,100,52,45,27,19,14,6,2,1,1787412688.8665473,G1,T01,sotto_banco_immobile,1,static
4262698,1,0,1,0,75,0,100,0,34,18,3,12,4,4,5,3,5,0,0,100,52,45,28,19,14,6,2,1,1787412689.0670793,G1,T01,sotto_banco_immobile,1,static
4262898,1,1,1,30,30,88,100,0,88,53,14,9,9,1,5,4,6,0,0,100,53,45,28,19,15,7,2,1,1787412689.2665353,G1,T01,sotto_banco_immobile,1,static
4263098,1,1,1,48,40,100,100,0,100,100,36,17,7,6,5,2,5,0,0,100,52,45,29,19,15,7,2,1,1787412689.467129,G1,T01,sotto_banco_immobile,1,static
4263298,1,1,1,66,53,91,100,0,57,91,37,14,9,7,6,1,4,0,0,100,57,44,30,19,15,7,2,1,1787412689.667382,G1,T01,sotto_banco_immobile,1,static
4263498,1,1,1,74,77,100,100,0,21,100,16,7,7,6,8,4,5,0,0,100,61,44,30,19,16,7,2,1,1787412689.8669477,G1,T01,sotto_banco_immobile,1,static
4263698,1,1,1,60,71,100,100,0,100,100,48,11,7,2,7,6,2,0,0,100,63,45,31,20,16,7,2,1,1787412690.0668077,G1,T01,sotto_banco_immobile,1,static
4263898,1,1,1,58,57,69,100,0,51,69,20,11,5,5,8,7,2,0,0,100,69,48,31,20,15,7,2,1,1787412690.267488,G1,T01,sotto_banco_immobile,1,static
4264098,1,1,1,55,58,82,100,0,67,82,32,2,4,4,2,5,3,0,0,100,75,51,30,20,15,7,2,1,1787412690.4671903,G1,T01,sotto_banco_immobile,1,static
4264298,1,1,1,73,62,100,100,0,42,100,32,5,7,4,4,3,5,0,0,100,76,52,30,19,14,7,2,1,1787412690.6669605,G1,T01,sotto_banco_immobile,1,static
4264498,1,1,1,51,67,100,100,0,100,100,34,5,5,6,3,3,2,0,0,100,78,53,29,18,14,7,2,1,1787412690.86718,G1,T01,sotto_banco_immobile,1,static
4264698,1,1,1,30,30,67,100,0,67,50,28,9,7,9,3,3,4,0,0,100,79,53,29,18,14,7,2,1,1787412691.0671203,G1,T01,sotto_banco_immobile,1,static
4264898,1,0,1,0,86,0,100,0,13,48,22,8,7,8,3,4,3,0,0,100,78,53,29,18,14,7,2,1,1787412691.266869,G1,T01,sotto_banco_immobile,1,static
4265098,1,1,1,57,69,99,100,0,73,99,28,14,8,7,3,6,2,0,0,100,79,54,29,18,13,7,2,1,1787412691.4551666,G1,T01,sotto_banco_immobile,1,static
4265298,1,1,1,61,60,87,100,0,59,87,25,9,8,5,2,6,2,0,0,100,78,55,29,18,13,7,2,1,1787412691.6670153,G1,T01,sotto_banco_immobile,1,static
4265498,1,1,1,74,61,58,100,0,19,58,16,12,6,6,2,6,2,0,0,100,78,54,29,18,13,7,2,1,1787412691.8672655,G1,T01,sotto_banco_immobile,1,static
4265698,1,1,1,65,75,80,100,0,48,80,25,4,2,3,1,4,1,0,0,100,78,53,28,17,12,7,2,1,1787412692.0672581,G1,T01,sotto_banco_immobile,1,static
4265898,1,1,1,76,70,100,100,0,19,100,27,5,2,5,2,4,3,0,0,100,79,54,27,16,12,7,2,1,1787412692.267364,G1,T01,sotto_banco_immobile,1,static
4266098,1,1,1,30,53,100,100,0,100,92,6,14,10,2,3,4,4,0,0,100,80,54,25,16,12,7,2,1,1787412692.4673882,G1,T01,sotto_banco_immobile,1,static
4266298,1,1,1,30,30,65,100,0,65,31,40,10,9,7,2,2,5,0,0,100,84,55,25,15,12,8,2,1,1787412692.6677208,G1,T01,sotto_banco_immobile,1,static
4266498,1,1,1,30,30,66,100,0,66,50,20,5,10,8,3,3,4,0,0,100,86,59,24,15,12,8,2,1,1787412692.8670835,G1,T01,sotto_banco_immobile,1,static
4266698,1,1,1,67,50,54,100,0,29,54,15,5,2,4,6,4,4,0,0,100,87,61,24,15,12,8,2,1,1787412693.067192,G1,T01,sotto_banco_immobile,1,static
4266898,1,1,1,55,76,71,100,0,54,71,18,12,8,2,7,6,2,0,0,100,89,63,23,15,12,8,2,1,1787412693.2671385,G1,T01,sotto_banco_immobile,1,static
4267098,1,1,1,76,65,100,100,0,29,100,40,14,10,8,5,6,3,0,0,100,95,67,22,16,12,8,2,1,1787412693.4675884,G1,T01,sotto_banco_immobile,1,static
4267298,1,1,1,94,76,67,100,0,26,67,54,18,3,8,5,5,2,0,0,100,97,73,20,17,12,7,2,1,1787412693.654798,G1,T01,sotto_banco_immobile,1,static
4267498,1,1,1,69,75,91,100,0,50,91,35,22,12,5,2,4,3,0,0,100,100,73,19,17,11,7,2,1,1787412693.8673337,G1,T01,sotto_banco_immobile,1,static
4267698,1,0,1,0,82,0,100,0,50,43,14,19,6,7,5,4,3,0,0,100,100,72,19,15,11,7,2,1,1787412694.0671244,G1,T01,sotto_banco_immobile,1,static
4267898,1,1,1,30,30,81,100,0,81,63,18,5,5,2,2,4,2,0,0,100,100,69,20,14,10,7,2,1,1787412694.2669919,G1,T01,sotto_banco_immobile,1,static
4268098,1,0,1,0,49,0,100,0,44,49,9,16,9,5,2,6,1,0,0,100,100,65,20,13,10,7,2,1,1787412694.4666386,G1,T01,sotto_banco_immobile,1,static
4268298,1,0,1,0,49,0,100,0,17,50,26,22,15,7,2,7,2,0,0,100,100,68,20,13,9,7,2,1,1787412694.6668956,G1,T01,sotto_banco_immobile,1,static
4268498,1,0,1,0,61,0,100,0,34,37,21,21,1,10,3,6,2,0,0,100,100,74,21,13,9,7,2,1,1787412694.867414,G1,T01,sotto_banco_immobile,1,static
4268698,1,0,1,0,61,0,100,0,15,16,15,34,18,6,2,7,4,0,0,100,100,77,22,13,10,6,1,1,1787412695.0672581,G1,T01,sotto_banco_immobile,1,static
4268898,1,1,1,63,46,99,100,0,60,99,23,33,17,6,1,5,3,0,0,100,100,80,21,14,10,6,2,1,1787412695.2677617,G1,T01,sotto_banco_immobile,1,static
4269098,1,1,1,75,62,70,100,0,31,70,31,23,5,5,2,4,3,0,0,100,100,84,21,14,9,6,2,1,1787412695.4668458,G1,T01,sotto_banco_immobile,1,static
4269298,1,1,1,57,70,91,100,0,62,91,10,4,3,5,3,4,4,0,0,100,100,87,21,15,9,6,1,1,1787412695.6552992,G1,T01,sotto_banco_immobile,1,static
4269498,1,1,1,30,30,100,100,0,100,75,23,22,11,6,4,4,6,0,0,100,100,87,21,16,9,6,2,1,1787412695.8672178,G1,T01,sotto_banco_immobile,1,static
4269698,1,1,1,30,30,71,100,0,71,44,36,11,8,9,2,3,5,0,0,100,100,88,21,16,9,6,2,1,1787412696.0669587,G1,T01,sotto_banco_immobile,1,static
4269898,1,1,1,43,30,81,100,0,74,81,6,3,1,2,2,3,4,0,0,100,100,89,21,15,9,7,2,1,1787412696.2674193,G1,T01,sotto_banco_immobile,1,static
4270098,1,0,1,0,64,0,100,0,13,35,19,8,6,3,2,5,3,0,0,100,100,91,22,15,10,7,2,1,1787412696.467122,G1,T01,sotto_banco_immobile,1,static
4270298,1,0,1,0,64,0,100,0,15,31,11,4,7,3,5,7,3,0,0,100,100,91,21,16,10,7,2,1,1787412696.6668193,G1,T01,sotto_banco_immobile,1,static
4270498,1,1,1,75,66,100,100,0,41,100,49,8,8,4,2,7,5,0,0,100,100,90,21,16,10,6,2,1,1787412696.8673637,G1,T01,sotto_banco_immobile,1,static
4270698,1,0,1,0,68,0,100,0,14,37,3,8,9,7,1,6,6,0,0,100,100,90,21,15,10,7,2,1,1787412697.0671916,G1,T01,sotto_banco_immobile,1,static
4270898,1,1,1,69,72,100,100,0,95,100,55,11,5,6,1,7,6,0,0,100,100,89,21,15,10,7,2,1,1787412697.267079,G1,T01,sotto_banco_immobile,1,static
4271098,1,1,1,30,55,100,100,0,100,100,27,5,6,5,2,8,5,0,0,100,100,85,21,15,10,7,2,1,1787412697.4551196,G1,T01,sotto_banco_immobile,1,static
4271298,1,1,1,41,30,100,100,0,100,100,21,12,8,6,2,10,7,0,0,100,100,79,22,14,10,8,2,1,1787412697.668083,G1,T01,sotto_banco_immobile,1,static
4271498,1,1,1,66,42,86,100,0,45,86,19,3,4,2,3,4,7,0,0,100,100,77,23,15,11,9,2,1,1787412697.8676877,G1,T01,sotto_banco_immobile,1,static
4271698,1,1,1,78,77,100,100,0,14,100,35,6,4,1,3,5,5,0,0,100,100,74,23,15,11,9,2,1,1787412698.0679076,G1,T01,sotto_banco_immobile,1,static
4271898,1,1,1,65,76,57,100,0,35,57,20,5,8,2,1,6,4,0,0,100,100,75,22,15,12,10,2,1,1787412698.2677603,G1,T01,sotto_banco_immobile,1,static
4272098,1,1,1,63,76,68,100,0,44,68,22,2,8,2,2,7,2,0,0,100,100,76,22,14,12,10,2,1,1787412698.4676929,G1,T01,sotto_banco_immobile,1,static
4272298,1,1,1,63,74,77,100,0,53,77,29,5,6,4,1,8,2,0,0,100,100,73,22,14,12,10,2,1,1787412698.6675754,G1,T01,sotto_banco_immobile,1,static
4272498,1,1,1,55,62,100,100,0,83,100,24,7,4,5,3,8,2,0,0,100,100,68,21,15,12,10,2,1,1787412698.8678973,G1,T01,sotto_banco_immobile,1,static
4272698,1,1,1,55,62,100,100,0,80,100,17,11,10,7,4,7,4,0,0,100,100,66,20,15,12,10,2,1,1787412699.0680523,G1,T01,sotto_banco_immobile,1,static
4272898,1,1,1,30,30,100,100,0,100,76,6,11,3,5,3,6,4,0,0,100,100,63,21,15,12,10,2,1,1787412699.2677855,G1,T01,sotto_banco_immobile,1,static
4273098,1,1,1,82,79,100,100,0,20,100,88,8,8,3,1,6,6,0,0,100,100,58,21,14,13,11,2,1,1787412699.4545193,G1,T01,sotto_banco_immobile,1,static
4273298,1,1,1,30,73,93,100,0,93,71,17,3,10,2,1,5,7,0,0,100,100,57,20,13,13,11,2,1,1787412699.6672807,G1,T01,sotto_banco_immobile,1,static
4273498,1,1,1,52,52,54,100,0,43,54,12,6,3,4,1,5,6,0,0,100,100,58,20,12,13,11,2,1,1787412699.867974,G1,T01,sotto_banco_immobile,1,static
4273698,1,1,1,70,52,60,100,0,27,60,17,8,2,6,2,5,5,0,0,100,100,57,20,12,13,12,2,1,1787412700.0677197,G1,T01,sotto_banco_immobile,1,static
4273898,1,1,1,70,70,92,100,0,36,92,19,8,8,7,2,4,6,0,0,100,95,55,19,12,12,12,2,1,1787412700.266973,G1,T01,sotto_banco_immobile,1,static
4274098,1,0,1,0,72,0,100,0,33,50,19,7,3,6,1,5,6,0,0,100,87,54,18,12,11,12,2,1,1787412700.4552314,G1,T01,sotto_banco_immobile,1,static
4274298,1,0,1,0,74,0,100,0,39,38,15,13,2,4,2,6,7,0,0,100,80,53,19,12,11,12,2,1,1787412700.6546922,G1,T01,sotto_banco_immobile,1,static
4274498,1,1,1,30,30,84,100,0,84,64,19,6,6,1,1,3,5,0,0,100,76,50,19,11,11,12,2,1,1787412700.8674822,G1,T01,sotto_banco_immobile,1,static
4274698,1,1,1,77,30,53,100,0,31,53,34,10,10,6,1,4,5,0,0,100,70,47,18,11,10,12,2,1,1787412701.0679705,G1,T01,sotto_banco_immobile,1,static
4274898,1,1,1,70,77,55,100,0,24,55,16,6,3,6,1,4,4,0,0,100,66,45,18,11,10,12,2,1,1787412701.2675214,G1,T01,sotto_banco_immobile,1,static
4275098,1,0,1,0,70,0,100,0,15,20,8,10,7,5,1,5,3,0,0,100,64,45,17,10,10,12,2,1,1787412701.4675508,G1,T01,sotto_banco_immobile,1,static
4275298,1,0,1,0,70,0,100,0,22,23,11,7,7,5,1,4,2,0,0,100,63,47,16,9,9,12,2,1,1787412701.6666732,G1,T01,sotto_banco_immobile,1,static
4275498,1,0,1,0,70,0,100,0,25,38,11,2,4,4,2,4,1,0,0,100,64,48,15,9,8,11,2,1,1787412701.8671963,G1,T01,sotto_banco_immobile,1,static
4275698,1,0,1,0,70,0,100,0,22,33,15,7,2,6,2,5,2,0,0,100,61,49,14,9,7,11,2,1,1787412702.067197,G1,T01,sotto_banco_immobile,1,static
4275898,1,1,1,60,63,87,100,0,61,87,29,6,3,7,2,5,2,0,0,100,60,50,14,9,7,11,2,1,1787412702.2676098,G1,T01,sotto_banco_immobile,1,static
4276098,1,1,1,70,60,78,100,0,35,78,23,9,8,9,4,4,3,0,0,100,62,50,14,9,7,10,2,1,1787412702.467598,G1,T01,sotto_banco_immobile,1,static
4276298,1,0,1,0,76,0,100,0,45,15,17,9,10,7,2,3,4,0,0,100,61,49,14,9,7,10,2,1,1787412702.6676097,G1,T01,sotto_banco_immobile,1,static
4276498,1,1,1,77,30,100,100,0,48,100,66,6,7,6,1,2,6,0,0,100,60,49,15,9,7,10,2,1,1787412702.867135,G1,T01,sotto_banco_immobile,1,static
4276698,1,1,1,30,63,90,100,0,90,73,22,5,6,1,1,2,6,0,0,100,61,49,14,8,7,11,2,1,1787412703.0552037,G1,T01,sotto_banco_immobile,1,static
4276898,1,1,1,61,48,93,100,0,60,93,21,9,5,1,1,4,5,0,0,100,57,50,14,8,6,11,2,1,1787412703.267156,G1,T01,sotto_banco_immobile,1,static
4277098,1,0,1,0,61,0,100,0,14,42,14,10,6,2,1,5,5,0,0,100,56,49,13,8,6,11,2,1,1787412703.4675348,G1,T01,sotto_banco_immobile,1,static
4277298,1,1,1,73,61,100,100,0,38,100,26,9,5,4,1,2,6,0,0,100,57,48,13,8,6,11,2,1,1787412703.6672409,G1,T01,sotto_banco_immobile,1,static
4277498,1,1,1,61,76,58,100,0,35,58,8,7,4,7,1,1,6,0,0,100,58,47,13,8,6,11,2,1,1787412703.8669834,G1,T01,sotto_banco_immobile,1,static
4277698,1,1,1,39,53,80,100,0,79,80,22,7,7,3,1,1,6,0,0,100,56,46,14,8,6,11,2,1,1787412704.0671525,G1,T01,sotto_banco_immobile,1,static
4277898,1,1,1,30,30,100,100,0,100,83,18,1,5,1,2,1,6,0,0,100,54,46,15,8,6,11,2,1,1787412704.2678149,G1,T01,sotto_banco_immobile,1,static
4278098,1,1,1,30,30,75,100,0,75,71,27,7,1,4,2,1,5,0,0,100,54,44,14,8,6,11,2,1,1787412704.4551775,G1,T01,sotto_banco_immobile,1,static
4278298,1,1,1,78,77,100,100,0,27,100,45,8,4,4,1,4,4,0,0,100,54,42,13,8,7,11,2,1,1787412704.6678877,G1,T01,sotto_banco_immobile,1,static
4278498,1,1,1,69,74,100,100,0,70,100,43,10,9,6,2,8,3,0,0,100,54,44,13,8,7,11,2,1,1787412704.86801,G1,T01,sotto_banco_immobile,1,static
4278698,1,0,1,0,63,0,100,0,19,26,9,8,8,7,1,7,1,0,0,100,57,46,13,8,7,11,2,1,1787412705.0674636,G1,T01,sotto_banco_immobile,1,static
4278898,1,0,1,0,63,0,100,0,18,22,9,1,2,6,1,8,2,0,0,100,57,48,13,8,7,11,2,1,1787412705.2674284,G1,T01,sotto_banco_immobile,1,static
4279098,1,1,1,58,63,57,100,0,42,57,18,3,2,5,1,7,2,0,0,100,57,48,13,8,7,11,2,1,1787412705.454821,G1,T01,sotto_banco_immobile,1,static
4279298,1,1,1,61,63,81,100,0,51,81,16,6,3,7,2,9,2,0,0,100,56,48,13,8,8,11,2,1,1787412705.6676095,G1,T01,sotto_banco_immobile,1,static
4279498,1,1,1,50,63,59,100,0,49,59,12,10,11,9,3,7,4,0,0,100,56,47,14,8,8,11,2,1,1787412705.867753,G1,T01,sotto_banco_immobile,1,static
4279698,1,1,1,30,30,99,100,0,99,48,16,9,3,5,2,7,5,0,0,100,58,45,14,8,8,11,2,1,1787412706.067718,G1,T01,sotto_banco_immobile,1,static
4279898,1,1,1,82,75,100,100,0,38,100,70,6,8,3,1,6,6,0,0,100,59,45,14,7,8,11,2,1,1787412706.2672093,G1,T01,sotto_banco_immobile,1,static
4280098,1,1,1,30,30,88,100,0,88,83,17,4,9,1,1,6,5,0,0,100,56,45,13,7,8,11,2,1,1787412706.467543,G1,T01,sotto_banco_immobile,1,static
4280298,1,0,1,0,58,0,100,0,29,39,7,5,4,1,2,4,5,0,0,100,58,45,13,7,9,12,2,1,1787412706.6673162,G1,T01,sotto_banco_immobile,1,static
4280498,1,0,1,0,58,0,100,0,20,29,5,10,6,2,1,4,5,0,0,100,61,45,12,8,8,12,2,1,1787412706.8547404,G1,T01,sotto_banco_immobile,1,static
4280698,1,1,1,63,69,100,100,0,92,100,37,9,3,4,1,2,6,0,0,100,61,45,12,8,8,11,2,1,1787412707.067332,G1,T01,sotto_banco_immobile,1,static
4280898,1,1,1,30,50,95,100,0,95,89,24,9,9,2,2,2,6,0,0,100,62,45,12,8,8,11,2,1,1787412707.2676747,G1,T01,sotto_banco_immobile,1,static
4281098,1,1,1,30,30,74,100,0,74,60,28,4,1,4,1,1,5,0,0,100,62,44,13,8,8,11,2,1,1787412707.4669707,G1,T01,sotto_banco_immobile,1,static
4281298,1,1,1,83,66,100,100,0,20,100,55,13,4,6,1,3,5,0,0,100,60,43,13,7,9,11,2,1,1787412707.6676764,G1,T01,sotto_banco_immobile,1,static
4281498,1,0,1,0,82,0,100,0,31,43,8,10,7,6,1,3,4,0,0,100,62,43,13,7,8,11,2,1,1787412707.8676076,G1,T01,sotto_banco_immobile,1,static
4281698,1,1,1,75,82,67,100,0,21,67,23,9,11,7,1,4,3,0,0,100,65,44,12,7,8,10,2,1,1787412708.0678635,G1,T01,sotto_banco_immobile,1,static
4281898,1,0,1,0,75,0,100,0,18,35,14,5,6,4,1,4,3,0,0,100,67,45,11,7,8,10,2,1,1787412708.2670388,G1,T01,sotto_banco_immobile,1,static
4282098,1,0,1,0,75,0,100,0,33,46,12,15,11,6,3,5,1,0,0,100,70,46,11,7,8,10,2,1,1787412708.454439,G1,T01,sotto_banco_immobile,1,static
4282298,1,0,1,0,75,0,100,0,13,20,2,12,11,3,2,6,1,0,0,100,74,48,11,7,8,10,2,1,1787412708.6676927,G1,T01,sotto_banco_immobile,1,static
4282498,1,1,1,63,75,54,100,0,30,54,10,8,4,8,2,5,2,0,0,100,78,49,12,7,8,10,2,1,1787412708.867759,G1,T01,sotto_banco_immobile,1,static
4282698,1,1,1,73,57,74,100,0,24,74,18,4,2,6,1,4,2,0,0,100,78,49,12,7,8,10,2,1,1787412709.0675652,G1,T01,sotto_banco_immobile,1,static
4282898,1,1,1,79,78,100,100,0,19,100,47,16,9,9,1,4,3,0,0,100,79,47,12,8,8,9,1,1,1787412709.26731,G1,T01,sotto_banco_immobile,1,static
4283098,1,1,1,42,76,100,100,0,99,100,34,8,7,4,1,6,5,0,0,100,80,46,12,8,9,9,1,1,1787412709.4545243,G1,T01,sotto_banco_immobile,1,static
4283298,1,1,1,69,42,100,100,0,82,100,57,2,7,6,1,4,7,0,0,100,80,47,12,8,9,9,1,1,1787412709.6678207,G1,T01,sotto_banco_immobile,1,static
4283498,1,1,1,30,52,73,100,0,73,61,19,8,7,8,1,3,6,0,0,100,77,48,12,7,9,10,1,1,1787412709.867894,G1,T01,sotto_banco_immobile,1,static
4283698,1,0,1,0,30,0,100,0,20,23,8,2,4,10,1,3,7,0,0,100,76,50,12,7,9,11,1,1,1787412710.0673985,G1,T01,sotto_banco_immobile,1,static
4283898,1,0,1,0,69,0,100,0,35,40,6,12,2,6,2,3,7,0,0,100,77,48,13,7,9,11,2,1,1787412710.2677386,G1,T01,sotto_banco_immobile,1,static
4284098,1,1,1,38,59,100,100,0,100,100,31,8,1,2,4,2,8,0,0,100,79,47,14,7,9,11,2,1,1787412710.4680781,G1,T01,sotto_banco_immobile,1,static
4284298,1,1,1,43,30,100,100,0,100,100,35,7,4,1,4,2,6,0,0,100,81,46,14,7,9,11,2,1,1787412710.6678026,G1,T01,sotto_banco_immobile,1,static
4284498,1,1,1,75,67,100,100,0,43,100,43,8,10,2,1,3,6,0,0,100,81,46,15,7,9,12,2,1,1787412710.8675992,G1,T01,sotto_banco_immobile,1,static
4284698,1,1,1,75,71,69,100,0,20,69,21,5,2,6,2,3,4,0,0,100,83,47,15,7,10,12,2,1,1787412711.0673697,G1,T01,sotto_banco_immobile,1,static
4284898,1,0,1,0,73,0,100,0,15,40,6,3,3,3,3,4,4,0,0,100,88,47,15,7,10,13,2,1,1787412711.2678034,G1,T01,sotto_banco_immobile,1,static
4285098,1,1,1,62,73,59,100,0,35,59,11,6,1,3,2,5,4,0,0,100,90,48,15,7,10,13,2,1,1787412711.4551275,G1,T01,sotto_banco_immobile,1,static
4285298,1,1,1,67,63,78,100,0,41,78,21,15,11,4,2,7,3,0,0,100,92,50,17,7,11,13,2,1,1787412711.6680691,G1,T01,sotto_banco_immobile,1,static
4285498,1,0,1,0,67,0,100,0,15,19,10,8,3,3,1,7,3,0,0,100,91,50,18,8,12,13,1,1,1787412711.867873,G1,T01,sotto_banco_immobile,1,static
4285698,1,0,1,0,70,0,100,0,13,15,8,8,6,4,2,6,2,0,0,100,90,49,18,8,12,13,2,1,1787412712.0546136,G1,T01,sotto_banco_immobile,1,static
4285898,1,1,1,79,77,100,100,0,16,100,49,2,3,4,1,4,2,0,0,100,89,47,18,8,11,13,1,1,1787412712.2673802,G1,T01,sotto_banco_immobile,1,static
4286098,1,1,1,61,75,54,100,0,35,54,13,6,6,3,1,4,5,0,0,100,85,45,17,8,11,13,2,1,1787412712.4550273,G1,T01,sotto_banco_immobile,1,static
4286298,1,1,1,69,56,100,100,0,88,100,53,5,6,5,2,3,6,0,0,100,82,43,17,8,12,13,1,1,1787412712.6678646,G1,T01,sotto_banco_immobile,1,static
4286498,1,1,1,30,63,100,100,0,100,100,34,6,10,5,1,5,5,0,0,100,77,41,16,8,12,13,2,1,1787412712.8684213,G1,T01,sotto_banco_immobile,1,static
4286698,1,1,1,30,30,93,100,0,93,85,18,11,8,8,1,5,6,0,0,100,74,39,17,8,13,14,2,1,1787412713.0681593,G1,T01,sotto_banco_immobile,1,static
4286898,1,1,1,74,30,64,100,0,22,64,20,14,8,8,1,5,4,0,0,100,75,40,18,8,13,15,2,1,1787412713.268157,G1,T01,sotto_banco_immobile,1,static
4287098,1,0,1,0,77,0,100,0,33,45,21,10,9,10,3,6,5,0,0,100,81,41,20,8,12,15,2,1,1787412713.4547467,G1,T01,sotto_banco_immobile,1,static
4287298,1,0,1,0,77,0,100,0,23,48,22,11,2,6,2,8,6,0,0,100,86,41,21,8,13,15,2,1,1787412713.6674638,G1,T01,sotto_banco_immobile,1,static
4287498,1,1,1,30,77,100,100,0,100,98,11,7,7,3,1,6,6,0,0,100,88,40,21,8,13,14,2,1,1787412713.8681536,G1,T01,sotto_banco_immobile,1,static
4287698,1,1,1,38,45,100,100,0,100,100,30,6,10,2,2,2,5,0,0,100,91,40,21,8,13,14,1,1,1787412714.0683296,G1,T01,sotto_banco_immobile,1,static
4287898,1,1,1,81,56,100,100,0,18,100,55,4,1,3,1,4,3,0,0,100,91,40,20,8,12,13,2,1,1787412714.267854,G1,T01,sotto_banco_immobile,1,static
4288098,1,1,1,78,79,85,100,0,17,85,30,8,2,3,1,4,1,0,0,100,91,39,19,7,12,13,1,1,1787412714.4550664,G1,T01,sotto_banco_immobile,1,static
4288298,1,0,1,0,75,0,100,0,19,27,7,7,4,3,2,6,2,0,0,100,88,39,19,7,12,13,1,1,1787412714.667848,G1,T01,sotto_banco_immobile,1,static
4288498,1,0,1,0,56,0,100,0,34,46,10,4,4,5,3,5,2,0,0,100,85,38,18,7,12,13,2,1,1787412714.8678222,G1,T01,sotto_banco_immobile,1,static
4288698,1,0,1,0,72,0,100,0,29,47,11,24,12,2,1,6,2,0,0,100,85,37,19,7,12,12,2,1,1787412715.0543754,G1,T01,sotto_banco_immobile,1,static
4288898,1,0,1,0,72,0,100,0,29,20,10,13,5,2,2,6,2,0,0,100,88,38,19,7,12,11,2,1,1787412715.2678874,G1,T01,sotto_banco_immobile,1,static
4289098,1,0,1,0,56,0,100,0,29,35,5,5,7,1,1,6,2,0,0,100,84,38,19,7,12,11,2,1,1787412715.4678066,G1,T01,sotto_banco_immobile,1,static
4289298,1,1,1,75,77,100,100,0,26,100,33,9,4,5,1,4,2,0,0,100,82,37,18,6,11,10,2,1,1787412715.667778,G1,T01,sotto_banco_immobile,1,static
4289498,1,1,1,58,75,72,100,0,50,72,16,14,12,1,1,3,3,0,0,100,85,37,17,6,11,10,1,1,1787412715.868052,G1,T01,sotto_banco_immobile,1,static
4289698,1,1,1,71,69,100,100,0,88,100,64,9,4,2,1,4,5,0,0,100,85,37,17,6,11,10,2,1,1787412716.0681102,G1,T01,sotto_banco_immobile,1,static
4289898,1,1,1,40,62,100,100,0,100,100,39,10,4,7,0,5,7,0,0,100,84,38,17,6,12,11,1,1,1787412716.2684627,G1,T01,sotto_banco_immobile,1,static
4290098,1,1,1,30,30,82,100,0,82,71,14,11,2,7,1,6,6,0,0,100,86,39,18,6,12,12,2,1,1787412716.4675977,G1,T01,sotto_banco_immobile,1,static
4290298,1,1,1,75,73,65,100,0,25,65,25,9,8,11,2,5,7,0,0,100,86,39,19,6,12,13,2,1,1787412716.6678536,G1,T01,sotto_banco_immobile,1,static
4290498,1,0,1,0,75,0,100,0,13,16,13,2,6,5,1,5,6,0,0,100,86,39,20,6,12,13,1,1,1787412716.8678882,G1,T01,sotto_banco_immobile,1,static
4290698,1,1,1,46,75,100,100,0,92,100,18,10,10,2,2,5,7,0,0,100,88,38,21,6,12,13,2,1,1787412717.0678616,G1,T01,sotto_banco_immobile,1,static
4290898,1,1,1,50,30,100,100,0,100,100,51,8,3,6,2,3,7,0,0,100,88,38,20,7,12,13,2,1,1787412717.2681084,G1,T01,sotto_banco_immobile,1,static
4291098,1,1,1,49,47,100,100,0,100,100,52,8,4,7,3,2,7,0,0,100,80,35,20,7,12,13,1,1,1787412717.454655,G1,T01,sotto_banco_immobile,1,static
4291298,1,1,1,45,44,100,100,0,100,100,32,8,7,7,5,1,8,0,0,100,75,34,20,7,13,13,1,1,1787412717.6685205,G1,T01,sotto_banco_immobile,1,static
4291498,1,1,1,77,73,96,100,0,17,96,26,7,4,5,6,1,5,0,0,100,76,33,21,8,13,14,1,1,1787412717.8681846,G1,T01,sotto_banco_immobile,1,static
4291698,1,1,1,69,72,88,100,0,38,88,17,9,3,7,4,3,4,0,0,100,75,33,20,8,14,14,1,1,1787412718.068179,G1,T01,sotto_banco_immobile,1,static
4291898,1,1,1,63,74,98,100,0,54,98,16,9,8,9,2,4,3,0,0,100,75,33,21,8,14,15,2,1,1787412718.2676516,G1,T01,sotto_banco_immobile,1,static
4292098,1,1,1,65,60,100,100,0,59,100,23,5,6,5,3,6,4,0,0,100,72,33,22,9,15,15,2,1,1787412718.4683871,G1,T01,sotto_banco_immobile,1,static
4292298,1,1,1,59,66,84,100,0,59,84,23,8,8,2,2,7,2,0,0,100,70,32,23,9,16,16,1,1,1787412718.668345,G1,T01,sotto_banco_immobile,1,static
4292498,1,0,1,0,48,0,100,0,21,16,4,8,7,1,2,7,2,0,0,100,69,33,23,9,16,16,1,1,1787412718.8675566,G1,T01,sotto_banco_immobile,1,static
4292698,1,1,1,76,66,100,100,0,19,100,27,8,2,1,1,5,3,0,0,100,64,32,23,9,16,16,1,1,1787412719.068016,G1,T01,sotto_banco_immobile,1,static
4292898,1,1,1,77,76,100,100,0,16,100,38,7,5,4,3,5,4,0,0,100,56,30,23,9,16,16,2,1,1787412719.2684631,G1,T01,sotto_banco_immobile,1,static
4293098,1,1,1,63,75,86,100,0,49,86,14,7,3,2,2,4,6,0,0,100,55,30,24,9,15,16,1,1,1787412719.4547365,G1,T01,sotto_banco_immobile,1,static
4293298,1,1,1,63,61,100,100,0,100,100,48,5,5,4,3,4,7,0,0,100,57,30,24,10,16,17,2,1,1787412719.6687472,G1,T01,sotto_banco_immobile,1,static
4293498,1,1,1,45,53,100,100,0,100,100,40,11,4,9,3,6,7,0,0,100,55,29,25,10,17,18,1,1,1787412719.8687458,G1,T01,sotto_banco_immobile,1,static
4293698,1,1,1,30,30,100,100,0,100,100,23,11,2,8,2,6,6,0,0,100,53,27,26,11,17,19,1,1,1787412720.068776,G1,T01,sotto_banco_immobile,1,static
4293898,1,1,1,54,53,68,100,0,52,68,14,5,4,10,2,5,6,0,0,100,56,27,27,11,17,19,1,1,1787412720.2682872,G1,T01,sotto_banco_immobile,1,static
4294098,1,0,1,0,54,0,100,0,42,44,5,3,3,2,3,5,5,0,0,100,58,27,28,11,18,19,1,1,1787412720.467364,G1,T01,sotto_banco_immobile,1,static
4294298,1,1,1,30,30,100,100,0,100,100,27,15,5,3,3,4,4,0,0,100,58,26,28,12,18,19,1,1,1787412720.6686685,G1,T01,sotto_banco_immobile,1,static
4294498,1,1,1,42,30,100,100,0,100,100,43,12,9,10,2,3,4,0,0,100,63,27,27,12,17,18,1,1,1787412720.8687146,G1,T01,sotto_banco_immobile,1,static
4294698,1,1,1,30,44,100,100,0,100,100,32,2,6,5,4,1,4,0,0,100,63,27,26,12,17,18,2,1,1787412721.0686433,G1,T01,sotto_banco_immobile,1,static
4294898,1,1,1,72,47,80,100,0,33,80,26,3,8,4,4,1,6,0,0,100,61,26,25,12,17,18,1,1,1787412721.2544413,G1,T01,sotto_banco_immobile,1,static
4295098,1,1,1,75,78,95,100,0,16,95,21,7,9,3,3,4,5,0,0,100,62,26,24,11,17,17,2,1,1787412721.4679832,G1,T01,sotto_banco_immobile,1,static
4295298,1,1,1,73,76,53,100,0,15,53,12,11,5,2,3,5,5,0,0,100,63,26,24,11,17,17,2,1,1787412721.6544356,G1,T01,sotto_banco_immobile,1,static
4295498,1,0,1,0,73,0,100,0,37,42,18,3,7,6,2,5,4,0,0,100,64,27,24,11,17,17,2,1,1787412721.8678515,G1,T01,sotto_banco_immobile,1,static
4295698,1,1,1,70,73,80,100,0,31,80,18,5,6,4,3,6,4,0,0,100,63,28,25,11,17,17,2,1,1787412722.0677838,G1,T01,sotto_banco_immobile,1,static
4295898,1,1,1,57,70,69,100,0,51,69,18,9,3,5,3,7,3,0,0,100,65,28,24,11,17,17,2,1,1787412722.2685115,G1,T01,sotto_banco_immobile,1,static
4296098,1,1,1,75,57,74,100,0,19,74,19,8,6,7,2,6,2,0,0,100,69,30,23,12,16,17,2,1,1787412722.468416,G1,T01,sotto_banco_immobile,1,static
4296298,1,1,1,71,67,97,100,0,37,97,22,17,12,2,2,5,4,0,0,100,72,32,22,11,16,16,2,1,1787412722.6680217,G1,T01,sotto_banco_immobile,1,static
4296498,1,1,1,77,77,100,100,0,21,100,49,5,6,3,5,2,5,0,0,100,76,33,22,11,15,15,1,1,1787412722.868035,G1,T01,sotto_banco_immobile,1,static
4296698,1,1,1,66,76,100,100,0,100,100,51,14,8,9,4,3,9,0,0,100,78,33,22,11,15,15,1,1,1787412723.068753,G1,T01,sotto_banco_immobile,1,static
4296898,1,1,1,43,52,100,100,0,100,100,56,10,6,2,5,4,9,0,0,100,78,32,23,12,16,16,1,1,1787412723.2688704,G1,T01,sotto_banco_immobile,1,static
4297098,1,1,1,42,41,100,100,0,100,100,34,12,5,3,4,6,6,0,0,100,83,32,24,13,17,17,1,1,1787412723.4687319,G1,T01,sotto_banco_immobile,1,static
4297298,1,1,1,30,44,73,100,0,73,68,10,9,6,5,3,7,3,0,0,100,87,32,26,13,18,18,1,1,1787412723.6675277,G1,T01,sotto_banco_immobile,1,static
4297498,1,1,1,73,72,100,100,0,29,100,23,5,4,6,3,7,3,0,0,100,88,33,27,12,18,18,1,1,1787412723.8687434,G1,T01,sotto_banco_immobile,1,static
4297698,1,1,1,46,55,100,100,0,100,100,36,12,6,4,3,5,4,0,0,100,86,33,28,12,18,18,2,1,1787412724.0682297,G1,T01,sotto_banco_immobile,1,static
4297898,1,1,1,45,43,100,100,0,100,100,54,4,7,4,3,2,5,0,0,100,84,31,27,12,18,17,1,1,1787412724.2686787,G1,T01,sotto_banco_immobile,1,static
4298098,1,1,1,59,56,100,100,0,97,100,41,8,6,6,4,1,7,0,0,100,82,31,26,11,17,17,1,1,1787412724.4687262,G1,T01,sotto_banco_immobile,1,static
4298298,1,1,1,62,53,84,100,0,53,84,20,7,5,8,2,1,7,0,0,100,80,31,26,11,18,17,1,1,1787412724.6682289,G1,T01,sotto_banco_immobile,1,static
4298498,1,1,1,78,73,100,100,0,13,100,34,7,1,7,3,3,7,0,0,100,79,31,26,11,18,17,2,1,1787412724.868558,G1,T01,sotto_banco_immobile,1,static
4298698,1,1,1,67,75,81,100,0,35,81,13,5,3,11,3,4,6,0,0,100,78,32,27,11,19,17,2,1,1787412725.068464,G1,T01,sotto_banco_immobile,1,static
4298898,1,1,1,67,69,100,100,0,55,100,23,5,7,9,2,6,5,0,0,100,79,32,29,11,19,17,2,1,1787412725.2684171,G1,T01,sotto_banco_immobile,1,static
4299098,1,1,1,63,56,54,100,0,32,54,10,6,7,4,3,7,5,0,0,100,79,32,30,12,20,17,1,1,1787412725.4679825,G1,T01,sotto_banco_immobile,1,static
4299298,1,1,1,66,63,57,100,0,35,57,21,4,7,2,3,8,3,0,0,100,77,32,30,12,20,18,1,1,1787412725.6679971,G1,T01,sotto_banco_immobile,1,static
4299498,1,1,1,76,66,100,100,0,15,100,28,6,5,4,2,6,4,0,0,100,74,31,30,12,20,17,1,1,1787412725.8688147,G1,T01,sotto_banco_immobile,1,static
4299698,1,1,1,66,75,100,100,0,51,100,17,6,10,4,1,6,5,0,0,100,71,30,30,12,20,17,1,1,1787412726.0687351,G1,T01,sotto_banco_immobile,1,static
4299898,1,1,1,66,66,100,100,0,70,100,26,10,1,4,2,3,5,0,0,100,70,29,29,11,19,16,1,1,1787412726.254577,G1,T01,sotto_banco_immobile,1,static
4300098,1,1,1,67,76,100,100,0,100,100,58,9,1,7,3,4,8,0,0,100,69,28,29,10,19,16,1,1,1787412726.468935,G1,T01,sotto_banco_immobile,1,static
4300298,1,1,1,30,49,100,100,0,100,100,34,9,3,9,3,4,9,0,0,100,67,26,30,11,20,17,1,1,1787412726.655234,G1,T01,sotto_banco_immobile,1,static
4300498,1,1,1,49,30,100,100,0,89,100,26,7,7,2,2,6,7,0,0,100,64,25,31,11,21,18,1,1,1787412726.8551602,G1,T01,sotto_banco_immobile,1,static
4300698,1,0,1,0,49,0,100,0,40,48,12,6,5,1,3,6,6,0,0,100,65,24,32,11,21,18,1,1,1787412727.0683877,G1,T01,sotto_banco_immobile,1,static
4300898,1,1,1,40,47,100,100,0,100,100,31,6,6,2,4,5,6,0,0,100,67,24,31,11,21,17,1,1,1787412727.2688944,G1,T01,sotto_banco_immobile,1,static
4301098,1,1,1,59,43,100,100,0,100,100,54,3,6,6,4,1,6,0,0,100,64,23,30,10,20,16,2,1,1787412727.4688501,G1,T01,sotto_banco_immobile,1,static
4301298,1,1,1,61,63,100,100,0,74,100,30,6,9,6,4,1,5,0,0,100,59,22,28,10,19,16,1,1,1787412727.668312,G1,T01,sotto_banco_immobile,1,static
4301498,1,1,1,74,71,100,100,0,25,100,22,4,8,9,2,2,7,0,0,100,58,22,26,10,18,15,2,1,1787412727.8688886,G1,T01,sotto_banco_immobile,1,static
4301698,1,1,1,74,71,74,100,0,18,74,15,7,1,9,3,4,6,0,0,100,60,23,25,9,18,15,2,1,1787412728.0683267,G1,T01,sotto_banco_immobile,1,static
4301898,1,1,1,68,69,100,100,0,50,100,24,8,2,9,3,6,5,0,0,100,59,24,24,10,18,15,2,1,1787412728.2687657,G1,T01,sotto_banco_immobile,1,static
4302098,1,0,1,0,69,0,100,0,18,21,4,8,5,7,3,7,4,0,0,100,58,25,25,10,19,15,2,1,1787412728.4683712,G1,T01,sotto_banco_immobile,1,static
4302298,1,0,1,0,69,0,100,0,42,40,13,6,6,2,3,6,5,0,0,100,58,26,24,11,19,15,1,1,1787412728.6549613,G1,T01,sotto_banco_immobile,1,static
4302498,1,0,1,0,69,0,100,0,16,42,13,7,5,3,4,6,5,0,0,100,54,26,24,11,18,15,1,1,1787412728.8682573,G1,T01,sotto_banco_immobile,1,static
4302698,1,1,1,70,76,86,100,0,32,86,17,6,2,6,3,5,4,0,0,100,52,26,22,11,18,15,1,1,1787412729.0687351,G1,T01,sotto_banco_immobile,1,static
4302898,1,1,1,70,67,72,100,0,23,72,10,7,11,6,1,3,4,0,0,100,52,25,21,11,17,14,1,1,1787412729.268603,G1,T01,sotto_banco_immobile,1,static
4303098,1,1,1,75,76,100,100,0,42,100,51,7,10,8,2,2,8,0,0,100,52,25,19,10,17,13,2,1,1787412729.4684217,G1,T01,sotto_banco_immobile,1,static
4303298,1,1,1,49,65,100,100,0,100,100,41,4,5,6,4,5,8,0,0,100,50,25,19,9,16,13,1,1,1787412729.6688871,G1,T01,sotto_banco_immobile,1,static
4303498,1,1,1,62,55,100,100,0,100,100,62,7,6,2,3,5,9,0,0,100,51,25,20,10,17,14,2,1,1787412729.8683138,G1,T01,sotto_banco_immobile,1,static
4303698,1,1,1,43,57,86,100,0,80,86,19,8,1,5,3,7,8,0,0,100,54,26,22,11,18,15,1,1,1787412730.068565,G1,T01,sotto_banco_immobile,1,static
4303898,1,0,1,0,43,0,100,0,15,31,7,4,1,5,2,8,6,0,0,100,54,26,24,11,20,16,1,1,1787412730.2678719,G1,T01,sotto_banco_immobile,1,static
4304098,1,1,1,45,49,100,100,0,100,100,30,6,4,2,3,6,5,0,0,100,54,26,25,11,20,17,2,1,1787412730.4689102,G1,T01,sotto_banco_immobile,1,static
4304298,1,1,1,43,43,100,100,0,100,100,50,4,5,2,4,4,6,0,0,100,54,27,25,11,20,16,1,1,1787412730.655252,G1,T01,sotto_banco_immobile,1,static
4304498,1,1,1,60,47,100,100,0,100,100,53,3,7,2,4,1,6,0,0,100,51,28,23,11,19,16,1,1,1787412730.8687265,G1,T01,sotto_banco_immobile,1,static
4304698,1,1,1,77,76,100,100,0,27,100,50,5,7,4,5,1,6,0,0,100,49,29,22,11,19,15,2,1,1787412731.068944,G1,T01,sotto_banco_immobile,1,static
4304898,1,1,1,76,76,100,100,0,18,100,31,10,8,8,4,2,6,0,0,100,50,31,22,11,19,15,2,1,1787412731.2689793,G1,T01,sotto_banco_immobile,1,static
4305098,1,0,1,0,74,0,100,0,24,36,11,7,5,8,4,3,5,0,0,100,52,33,22,11,19,15,2,1,1787412731.4680862,G1,T01,sotto_banco_immobile,1,static
4305298,1,1,1,68,74,82,100,0,38,82,19,5,8,9,5,5,6,0,0,100,52,34,23,11,20,15,1,1,1787412731.6547947,G1,T01,sotto_banco_immobile,1,static
4305498,1,1,1,56,69,87,100,0,64,87,19,8,2,8,5,6,4,0,0,100,49,35,24,12,20,15,1,1,1787412731.8681679,G1,T01,sotto_banco_immobile,1,static
4305698,1,1,1,57,43,59,100,0,43,59,13,7,4,6,5,6,4,0,0,100,46,36,25,12,20,16,1,1,1787412732.0684028,G1,T01,sotto_banco_immobile,1,static
4305898,1,1,1,73,59,100,100,0,28,100,21,6,5,1,3,6,4,0,0,100,45,35,25,12,20,15,1,1,1787412732.2689447,G1,T01,sotto_banco_immobile,1,static
4306098,1,1,1,75,77,100,100,0,39,100,35,8,7,1,2,2,5,0,0,100,45,35,24,11,20,14,1,1,1787412732.4687831,G1,T01,sotto_banco_immobile,1,static
4306298,1,1,1,69,77,100,100,0,66,100,33,5,6,2,3,1,6,0,0,100,46,34,23,11,19,14,1,1,1787412732.655198,G1,T01,sotto_banco_immobile,1,static
4306498,1,1,1,65,66,100,100,0,100,100,64,5,8,1,3,4,8,0,0,100,47,34,23,11,20,14,2,1,1787412732.868442,G1,T01,sotto_banco_immobile,1,static
4306698,1,1,1,30,50,100,100,0,100,100,30,9,8,3,2,6,9,0,0,100,47,34,25,12,20,15,1,1,1787412733.0689747,G1,T01,sotto_banco_immobile,1,static
4306898,1,1,1,56,41,100,100,0,100,100,37,9,5,6,3,6,8,0,0,100,49,36,27,12,22,16,1,1,1787412733.2685564,G1,T01,sotto_banco_immobile,1,static
4307098,1,0,1,0,46,0,100,0,21,21,2,7,2,8,2,8,5,0,0,100,54,37,29,13,23,17,1,1,1787412733.4681618,G1,T01,sotto_banco_immobile,1,static
4307298,1,1,1,46,59,100,100,0,100,100,29,13,5,4,3,6,2,0,0,100,56,37,30,13,23,17,1,1,1787412733.6689136,G1,T01,sotto_banco_immobile,1,static
4307498,1,1,1,58,45,100,100,0,100,100,44,6,8,2,2,3,3,0,0,100,56,35,28,13,22,17,1,1,1787412733.86907,G1,T01,sotto_banco_immobile,1,static
4307698,1,1,1,45,56,95,100,0,87,95,22,6,6,3,1,2,4,0,0,100,56,34,26,13,20,15,1,1,1787412734.0686784,G1,T01,sotto_banco_immobile,1,static
4307898,1,1,1,75,57,60,100,0,20,60,20,10,8,3,1,2,3,0,0,100,54,33,24,12,19,14,1,1,1787412734.2551632,G1,T01,sotto_banco_immobile,1,static
4308098,1,1,1,77,76,89,100,0,16,89,28,10,8,3,1,1,2,0,0,100,56,34,22,12,18,14,1,1,1787412734.468244,G1,T01,sotto_banco_immobile,1,static
4308298,1,1,1,74,77,100,100,0,30,100,24,11,11,4,2,4,3,0,0,100,60,36,22,12,18,14,1,1,1787412734.654962,G1,T01,sotto_banco_immobile,1,static
4308498,1,1,1,58,71,57,100,0,41,57,13,9,4,7,4,3,4,0,0,100,67,39,23,12,18,14,1,1,1787412734.8679323,G1,T01,sotto_banco_immobile,1,static
4308698,1,0,1,0,49,0,100,0,34,39,20,14,6,3,4,4,4,0,0,100,69,40,23,13,18,15,1,1,1787412735.068744,G1,T01,sotto_banco_immobile,1,static
4308898,1,1,1,69,77,70,100,0,38,70,26,9,7,6,3,4,4,0,0,100,71,40,24,13,18,15,2,1,1787412735.2684531,G1,T01,sotto_banco_immobile,1,static
4309098,1,1,1,72,66,100,100,0,55,100,37,4,6,3,1,4,3,0,0,100,72,40,23,12,18,15,2,1,1787412735.4686623,G1,T01,sotto_banco_immobile,1,static
4309298,1,1,1,30,56,69,100,0,69,61,20,7,9,6,2,2,4,0,0,100,74,38,23,12,17,14,1,1,1787412735.6683161,G1,T01,sotto_banco_immobile,1,static
4309498,1,1,1,75,63,100,100,0,70,100,75,5,11,5,3,3,5,0,0,100,76,38,22,12,16,14,1,1,1787412735.869177,G1,T01,sotto_banco_immobile,1,static
4309698,1,1,1,46,67,100,100,0,100,100,44,10,6,1,4,5,8,0,0,100,78,40,22,12,16,14,2,1,1787412736.0688674,G1,T01,sotto_banco_immobile,1,static
4309898,1,1,1,30,30,100,100,0,100,100,30,8,4,4,4,6,9,0,0,100,81,42,23,13,17,15,2,1,1787412736.2690692,G1,T01,sotto_banco_immobile,1,static
4310098,1,0,1,0,48,0,100,0,14,26,8,6,3,6,3,6,6,0,0,100,86,45,24,13,18,16,1,1,1787412736.455171,G1,T01,sotto_banco_immobile,1,static
4310298,1,1,1,53,60,100,100,0,100,100,27,5,2,3,4,6,5,0,0,100,91,47,25,13,18,17,1,1,1787412736.6686916,G1,T01,sotto_banco_immobile,1,static
4310498,1,1,1,45,48,100,100,0,100,100,54,9,5,1,5,4,6,0,0,100,92,47,25,14,18,17,1,1,1787412736.86858,G1,T01,sotto_banco_immobile,1,static
4310698,1,1,1,53,55,100,100,0,100,100,41,7,9,1,5,2,7,0,0,100,94,47,23,13,17,16,1,1,1787412737.0691788,G1,T01,sotto_banco_immobile,1,static
4310898,1,1,1,76,45,100,100,0,28,100,43,6,5,3,4,1,5,0,0,100,91,45,21,13,16,15,2,1,1787412737.2689316,G1,T01,sotto_banco_immobile,1,static
4311098,1,1,1,76,80,100,100,0,43,100,53,6,10,7,3,2,5,0,0,100,87,44,19,12,15,15,2,1,1787412737.4687018,G1,T01,sotto_banco_immobile,1,static
4311298,1,1,1,67,75,76,100,0,35,76,12,7,5,10,3,6,4,0,0,100,89,46,19,12,15,14,2,1,1787412737.668264,G1,T01,sotto_banco_immobile,1,static
4311498,1,0,1,0,65,0,100,0,19,34,15,9,6,10,3,5,5,0,0,100,91,49,20,12,16,15,2,1,1787412737.8686976,G1,T01,sotto_banco_immobile,1,static
4311698,1,0,1,0,65,0,100,0,21,19,5,6,4,8,3,4,5,0,0,100,90,51,20,12,16,16,1,1,1787412738.0687578,G1,T01,sotto_banco_immobile,1,static
4311898,1,1,1,71,65,85,100,0,33,85,21,5,4,7,3,6,4,0,0,100,89,52,21,13,17,16,2,1,1787412738.2549567,G1,T01,sotto_banco_immobile,1,static
4312098,1,0,1,0,72,0,100,0,34,48,13,2,3,4,5,8,4,0,0,100,85,51,23,13,18,16,2,1,1787412738.4685664,G1,T01,sotto_banco_immobile,1,static
4312298,1,1,1,76,72,100,100,0,16,100,23,5,6,6,3,5,4,0,0,100,80,50,23,13,18,16,2,1,1787412738.6687326,G1,T01,sotto_banco_immobile,1,static
4312498,1,1,1,73,77,100,100,0,37,100,25,2,3,7,2,3,5,0,0,100,73,46,23,13,18,15,2,1,1787412738.8552365,G1,T01,sotto_banco_immobile,1,static
4312698,1,1,1,75,74,100,100,0,21,100,23,5,4,9,2,1,6,0,0,100,72,43,22,12,17,15,2,1,1787412739.069194,G1,T01,sotto_banco_immobile,1,static
4312898,1,1,1,75,77,100,100,0,100,100,100,13,10,7,4,3,8,0,0,100,68,42,22,12,17,15,1,1,1787412739.2553804,G1,T01,sotto_banco_immobile,1,static
4313098,1,1,1,55,71,100,100,0,100,100,30,9,6,2,6,5,8,0,0,100,66,42,24,13,18,15,1,1,1787412739.4693363,G1,T01,sotto_banco_immobile,1,static
4313298,1,1,1,42,30,100,100,0,100,100,32,14,6,5,6,6,10,0,0,100,69,45,25,14,20,17,1,1,1787412739.6694615,G1,T01,sotto_banco_immobile,1,static
4313498,1,1,1,61,42,55,100,0,41,55,25,1,4,3,4,7,8,0,0,100,70,45,26,14,21,18,1,1,1787412739.8686414,G1,T01,sotto_banco_immobile,1,static
4313698,1,1,1,30,41,100,100,0,100,100,24,8,1,2,7,4,8,0,0,100,72,44,26,14,21,18,1,1,1787412740.0692625,G1,T01,sotto_banco_immobile,1,static
4313898,1,1,1,76,50,100,100,0,44,100,59,5,2,5,5,1,5,0,0,100,72,43,24,14,20,17,1,1,1787412740.269238,G1,T01,sotto_banco_immobile,1,static
4314098,1,1,1,75,76,100,100,0,41,100,45,10,7,5,4,1,5,0,0,100,70,41,23,14,19,17,1,1,1787412740.4687347,G1,T01,sotto_banco_immobile,1,static
4314298,1,1,1,76,75,100,100,0,19,100,29,14,8,5,4,2,3,0,0,100,66,40,22,14,19,17,1,1,1787412740.668577,G1,T01,sotto_banco_immobile,1,static
4314498,1,1,1,74,73,100,100,0,82,100,73,9,11,11,6,8,4,0,0,100,66,42,23,14,20,17,2,1,1787412740.8694108,G1,T01,sotto_banco_immobile,1,static
4314698,1,1,1,58,70,100,100,0,100,100,59,4,3,8,4,4,3,0,0,100,65,45,25,15,21,18,1,1,1787412741.0687206,G1,T01,sotto_banco_immobile,1,static
4314898,1,1,1,59,60,100,100,0,100,100,56,8,12,6,5,5,3,0,0,100,64,48,26,16,23,19,1,1,1787412741.2689993,G1,T01,sotto_banco_immobile,1,static
4315098,1,0,1,0,60,0,100,0,17,16,8,5,7,6,4,6,2,0,0,100,63,50,26,17,23,20,2,1,1787412741.4546711,G1,T01,sotto_banco_immobile,1,static
4315298,1,1,1,71,72,100,100,0,100,100,93,8,9,8,2,7,2,0,0,100,61,49,26,17,23,19,2,1,1787412741.6693418,G1,T01,sotto_banco_immobile,1,static
4315498,1,1,1,74,71,100,100,0,54,100,46,2,8,6,4,5,5,0,0,100,61,48,25,16,22,19,2,1,1787412741.8686743,G1,T01,sotto_banco_immobile,1,static
4315698,1,1,1,70,75,100,100,0,43,100,21,11,5,5,5,2,6,0,0,100,59,48,24,16,22,18,1,1,1787412742.0689106,G1,T01,sotto_banco_immobile,1,static
4315898,1,1,1,64,69,100,100,0,100,100,41,5,8,5,4,3,8,0,0,100,59,49,23,17,22,19,1,1,1787412742.269286,G1,T01,sotto_banco_immobile,1,static
4316098,1,1,1,41,30,100,100,0,100,100,26,10,5,5,3,4,8,0,0,100,60,51,22,17,22,19,1,1,1787412742.4549952,G1,T01,sotto_banco_immobile,1,static
4316298,1,1,1,79,68,100,100,0,14,100,39,8,3,1,5,5,6,0,0,100,62,52,22,17,22,20,1,1,1787412742.6685874,G1,T01,sotto_banco_immobile,1,static
4316498,1,1,1,57,62,100,100,0,100,100,59,9,6,2,6,5,6,0,0,100,63,54,23,18,24,21,1,1,1787412742.8692374,G1,T01,sotto_banco_immobile,1,static
4316698,1,1,1,58,55,100,100,0,100,100,39,10,9,4,6,2,7,0,0,100,62,56,23,19,24,22,1,1,1787412743.0693977,G1,T01,sotto_banco_immobile,1,static
4316898,1,1,1,78,74,100,100,0,20,100,57,6,7,5,5,2,4,0,0,100,63,57,22,19,24,21,1,1,1787412743.2688053,G1,T01,sotto_banco_immobile,1,static
4317098,1,1,1,77,79,100,100,0,20,100,31,11,9,5,5,2,6,0,0,100,65,59,20,19,23,21,2,1,1787412743.4552453,G1,T01,sotto_banco_immobile,1,static
4317298,1,1,1,71,75,100,100,0,42,100,28,10,5,5,4,2,4,0,0,100,66,59,18,18,22,19,1,1,1787412743.6694767,G1,T01,sotto_banco_immobile,1,static
4317498,1,1,1,69,67,100,100,0,69,100,46,2,7,7,5,4,4,0,0,100,67,60,17,18,21,18,1,1,1787412743.869301,G1,T01,sotto_banco_immobile,1,static
4317698,1,1,1,61,68,100,100,0,66,100,25,4,4,8,5,5,3,0,0,100,67,60,17,18,21,18,1,1,1787412744.0693178,G1,T01,sotto_banco_immobile,1,static
4317898,1,0,1,0,59,0,100,0,18,27,12,7,7,6,4,7,3,0,0,100,65,60,18,18,21,19,1,1,1787412744.2689226,G1,T01,sotto_banco_immobile,1,static
4318098,1,0,1,0,59,0,100,0,13,43,13,5,6,4,5,6,4,0,0,100,62,60,19,18,22,19,1,1,1787412744.4546325,G1,T01,sotto_banco_immobile,1,static
4318298,1,1,1,78,59,100,100,0,14,100,35,3,2,4,4,4,3,0,0,100,63,59,19,18,22,18,1,1,1787412744.6689036,G1,T01,sotto_banco_immobile,1,static
4318498,1,1,1,71,75,100,100,0,58,100,37,7,9,5,3,2,4,0,0,100,66,57,18,16,20,17,2,1,1787412744.8688293,G1,T01,sotto_banco_immobile,1,static
4318698,1,1,1,79,76,100,100,0,21,100,67,10,5,7,4,1,6,0,0,100,65,56,17,15,19,16,2,1,1787412745.0553372,G1,T01,sotto_banco_immobile,1,static
4318898,1,1,1,75,80,100,100,0,86,100,97,5,11,8,6,3,8,0,0,100,64,55,17,15,19,15,1,1,1787412745.269136,G1,T01,sotto_banco_immobile,1,static
4319098,1,1,1,30,59,100,100,0,100,100,33,6,2,2,4,6,8,0,0,100,63,54,17,15,19,15,1,1,1787412745.469429,G1,T01,sotto_banco_immobile,1,static
4319298,1,1,1,56,40,67,100,0,52,67,21,7,5,3,3,5,7,0,0,100,63,55,18,15,20,16,1,1,1787412745.6551483,G1,T01,sotto_banco_immobile,1,static
4319498,1,1,1,58,56,100,100,0,96,100,38,8,3,1,3,5,6,0,0,100,61,55,19,15,21,17,1,1,1787412745.869288,G1,T01,sotto_banco_immobile,1,static
4319698,1,1,1,58,50,100,100,0,100,100,39,9,6,3,5,1,6,0,0,100,62,55,19,15,21,17,1,1,1787412746.0687,G1,T01,sotto_banco_immobile,1,static
4319898,1,1,1,79,74,100,100,0,19,100,63,1,9,5,5,1,5,0,0,100,63,54,19,14,20,16,1,1,1787412746.2690442,G1,T01,sotto_banco_immobile,1,static
4320098,1,1,1,73,76,100,100,0,58,100,47,9,6,7,2,3,3,0,0,100,65,54,19,14,19,16,2,1,1787412746.4692712,G1,T01,sotto_banco_immobile,1,static
4320298,1,1,1,73,70,75,100,0,24,75,17,9,8,6,2,5,3,0,0,100,68,54,18,13,19,15,1,1,1787412746.6689606,G1,T01,sotto_banco_immobile,1,static
4320498,1,0,1,0,73,0,100,0,18,26,18,11,6,4,4,5,2,0,0,100,72,54,18,12,18,14,1,1,1787412746.8685417,G1,T01,sotto_banco_immobile,1,static
4320698,1,1,1,56,60,100,100,0,90,100,30,4,4,5,4,6,1,0,0,100,75,55,18,12,19,14,1,1,1787412747.0693264,G1,T01,sotto_banco_immobile,1,static
4320898,1,1,1,30,50,73,100,0,73,46,9,9,6,3,3,7,1,0,0,100,73,55,19,12,19,14,1,1,1787412747.2687669,G1,T01,sotto_banco_immobile,1,static
4321098,1,0,1,0,30,0,100,0,13,18,5,6,6,3,2,8,1,0,0,100,69,55,20,12,20,15,1,1,1787412747.468958,G1,T01,sotto_banco_immobile,1,static
4321298,1,1,1,76,77,100,100,0,30,100,38,6,5,6,1,6,2,0,0,100,64,53,20,12,20,15,1,1,1787412747.655019,G1,T01,sotto_banco_immobile,1,static
4321498,1,1,1,68,75,100,100,0,47,100,8,6,5,6,1,4,3,0,0,100,60,50,20,13,19,15,1,1,1787412747.8686988,G1,T01,sotto_banco_immobile,1,static
4321698,1,1,1,77,69,100,100,0,36,100,95,9,11,10,2,3,8,0,0,100,59,51,21,13,20,14,1,1,1787412748.06957,G1,T01,sotto_banco_immobile,1,static
4321898,1,1,1,59,72,100,100,0,100,100,44,4,6,5,4,5,9,0,0,100,59,54,21,13,20,15,1,1,1787412748.2688594,G1,T01,sotto_banco_immobile,1,static
4322098,1,1,1,30,59,71,100,0,71,70,11,11,8,4,5,4,7,0,0,100,61,57,21,13,20,15,1,1,1787412748.4692929,G1,T01,sotto_banco_immobile,1,static
4322298,1,1,1,52,77,100,100,0,100,100,100,20,7,12,2,8,4,0,0,100,62,59,22,14,21,15,1,1,1787412748.669637,G1,T01,sotto_banco_immobile,1,static
4322498,1,1,1,74,52,100,100,0,100,100,81,14,2,3,10,9,10,0,0,100,67,61,26,16,23,17,1,1,1787412748.8697338,G1,T01,sotto_banco_immobile,1,static
4322698,1,1,1,62,73,100,100,0,100,100,50,6,9,5,1,1,1,0,0,100,76,64,28,19,26,20,1,1,1787412749.0697224,G1,T01,sotto_banco_immobile,1,static
4322898,1,1,1,63,62,100,100,0,98,100,44,15,8,3,1,3,1,0,0,100,78,66,29,20,27,21,2,1,1787412749.2696495,G1,T01,sotto_banco_immobile,1,static
4323098,1,1,1,73,63,100,100,0,71,100,59,9,11,4,2,4,1,0,0,100,79,65,29,22,27,21,1,1,1787412749.4695954,G1,T01,sotto_banco_immobile,1,static
4323298,1,1,1,57,66,100,100,0,100,100,58,10,9,8,5,8,4,0,0,100,81,63,29,21,27,21,1,1,1787412749.669576,G1,T01,sotto_banco_immobile,1,static
4323498,1,1,1,73,66,100,100,0,83,100,65,10,8,3,5,10,5,0,0,100,87,63,29,21,26,20,1,1,1787412749.8695369,G1,T01,sotto_banco_immobile,1,static
4323698,1,1,1,76,76,100,100,0,18,100,26,4,8,3,7,5,8,0,0,100,89,63,30,21,26,20,1,1,1787412750.06893,G1,T01,sotto_banco_immobile,1,static
4323898,1,1,1,69,69,100,100,0,65,100,37,3,4,5,7,2,7,0,0,100,90,64,31,21,27,20,1,1,1787412750.2547476,G1,T01,sotto_banco_immobile,1,static
4324098,1,1,1,69,65,52,100,0,25,52,14,5,9,7,5,4,7,0,0,100,89,65,32,21,27,20,1,1,1787412750.4552178,G1,T01,sotto_banco_immobile,1,static
4324298,1,0,1,0,69,0,100,0,21,43,14,2,7,9,2,4,7,0,0,100,86,65,33,21,27,20,2,1,1787412750.6689322,G1,T01,sotto_banco_immobile,1,static
4324498,1,1,1,45,69,88,100,0,80,88,20,4,4,6,2,4,6,0,0,100,81,63,34,22,27,19,1,1,1787412750.868917,G1,T01,sotto_banco_immobile,1,static
4324698,1,1,1,51,70,100,100,0,100,100,33,3,6,7,4,3,4,0,0,100,80,63,35,22,26,19,1,1,1787412751.069033,G1,T01,sotto_banco_immobile,1,static
4324898,1,1,1,52,50,100,100,0,100,100,76,8,8,6,7,3,8,0,0,100,83,61,36,23,26,20,1,1,1787412751.2549074,G1,T01,sotto_banco_immobile,1,static
4325098,1,1,1,78,70,100,100,0,20,100,51,5,11,2,9,4,6,0,0,100,88,62,37,24,27,20,1,1,1787412751.4696784,G1,T01,sotto_banco_immobile,1,static
4325298,1,1,1,77,78,100,100,0,23,100,40,5,6,2,8,3,7,0,0,100,88,64,38,24,28,21,1,1,1787412751.6692343,G1,T01,sotto_banco_immobile,1,static
4325498,1,1,1,65,73,100,100,0,100,100,39,10,6,4,7,1,6,0,0,100,87,64,39,25,28,21,1,1,1787412751.8694632,G1,T01,sotto_banco_immobile,1,static
4325698,1,1,1,55,53,100,100,0,100,100,34,4,4,6,5,1,8,0,0,100,85,62,40,24,28,21,1,1,1787412752.0687993,G1,T01,sotto_banco_immobile,1,static
4325898,1,1,1,30,59,55,100,0,55,27,23,9,5,8,4,1,8,0,0,100,83,58,38,24,27,20,1,1,1787412752.268951,G1,T01,sotto_banco_immobile,1,static
4326098,1,1,1,67,66,100,100,0,100,100,59,2,7,8,5,4,4,0,0,100,79,55,38,23,26,20,1,1,1787412752.4699116,G1,T01,sotto_banco_immobile,1,static
4326298,1,1,1,42,56,100,100,0,100,100,42,9,6,3,6,7,4,0,0,100,77,53,37,24,26,20,1,1,1787412752.6688113,G1,T01,sotto_banco_immobile,1,static
4326498,1,1,1,30,30,100,100,0,100,100,37,2,2,6,5,9,4,0,0,100,71,51,36,22,25,19,2,1,1787412752.869566,G1,T01,sotto_banco_immobile,1,static
4326698,1,1,1,45,30,100,100,0,100,100,35,2,2,3,7,8,5,0,0,100,62,49,34,21,23,17,2,1,1787412753.0565014,G1,T01,sotto_banco_immobile,1,static
4326898,1,1,1,79,73,75,100,0,17,75,31,7,1,2,6,6,6,0,0,100,62,46,33,20,22,16,2,1,1787412753.2693841,G1,T01,sotto_banco_immobile,1,static
4327098,1,1,1,30,79,67,100,0,67,62,10,3,4,3,6,4,5,0,0,100,60,45,31,19,22,15,1,1,1787412753.4694524,G1,T01,sotto_banco_immobile,1,static
4327298,1,1,1,30,30,100,100,0,100,98,18,7,6,5,5,3,5,0,0,100,59,45,31,19,22,15,1,1,1787412753.669592,G1,T01,sotto_banco_immobile,1,static
4327498,1,1,1,30,30,100,100,0,100,100,28,3,7,3,4,4,7,0,0,100,54,44,30,19,21,15,1,1,1787412753.8696394,G1,T01,sotto_banco_immobile,1,static
4327698,1,1,1,30,30,83,100,0,83,76,17,9,6,3,4,3,8,0,0,100,51,43,29,19,21,15,1,1,1787412754.0693903,G1,T01,sotto_banco_immobile,1,static
4327898,1,0,1,0,58,0,100,0,25,48,6,5,8,3,3,1,6,0,0,100,50,40,27,19,20,15,1,1,1787412754.2687938,G1,T01,sotto_banco_immobile,1,static
4328098,1,1,1,77,58,62,100,0,16,62,22,3,2,5,2,1,6,0,0,100,51,38,26,19,20,15,1,1,1787412754.4548407,G1,T01,sotto_banco_immobile,1,static
4328298,1,0,1,0,77,0,100,0,24,40,9,2,7,8,2,2,7,0,0,100,50,36,25,18,20,15,1,1,1787412754.6543307,G1,T01,sotto_banco_immobile,1,static
4328498,1,0,1,0,77,0,100,0,16,35,11,5,9,8,1,3,5,0,0,100,50,36,25,18,19,15,1,1,1787412754.8693097,G1,T01,sotto_banco_immobile,1,static
4328698,1,0,1,0,77,0,100,0,19,34,11,8,3,8,1,4,4,0,0,100,50,34,24,18,19,15,1,1,1787412755.0687344,G1,T01,sotto_banco_immobile,1,static
4328898,1,1,1,75,62,62,100,0,34,62,35,7,3,9,2,4,2,0,0,100,50,32,22,17,19,14,1,1,1787412755.2694087,G1,T01,sotto_banco_immobile,1,static
4329098,1,0,1,0,75,0,100,0,27,49,7,7,2,7,1,4,2,0,0,100,49,29,22,15,18,13,2,1,1787412755.4684114,G1,T01,sotto_banco_immobile,1,static
4329298,1,1,1,79,75,83,100,0,21,83,35,1,2,5,1,4,3,0,0,100,49,26,20,14,16,13,2,1,1787412755.6691196,G1,T01,sotto_banco_immobile,1,static
4329498,1,1,1,67,78,100,100,0,76,100,29,9,1,2,3,3,5,0,0,100,49,25,19,14,16,12,2,1,1787412755.8548028,G1,T01,sotto_banco_immobile,1,static
4329698,1,1,1,30,55,100,100,0,100,100,16,9,7,3,4,7,5,0,0,100,52,26,19,14,16,11,2,1,1787412756.0689995,G1,T01,sotto_banco_immobile,1,static
4329898,1,1,1,30,30,100,100,0,100,83,21,11,3,4,5,9,6,0,0,100,54,28,19,14,16,11,2,1,1787412756.269158,G1,T01,sotto_banco_immobile,1,static
4330098,1,0,1,0,30,0,100,0,38,36,21,7,5,4,5,7,6,0,0,100,55,28,20,14,17,11,2,1,1787412756.4544291,G1,T01,sotto_banco_immobile,1,static
4330298,1,1,1,81,30,65,100,0,14,65,30,7,7,4,4,7,5,0,0,100,54,28,19,13,16,11,1,1,1787412756.6690876,G1,T01,sotto_banco_immobile,1,static
4330498,1,0,1,0,81,0,100,0,29,35,10,6,9,3,4,7,4,0,0,100,55,29,18,13,15,10,1,1,1787412756.8693678,G1,T01,sotto_banco_immobile,1,static
4330698,1,1,1,61,62,100,100,0,93,100,32,10,7,5,6,5,5,0,0,100,55,29,18,12,14,9,1,1,1787412757.0692205,G1,T01,sotto_banco_immobile,1,static
4330898,1,1,1,75,62,100,100,0,98,100,95,2,4,8,12,8,9,0,0,100,55,30,19,12,14,9,1,1,1787412757.269138,G1,T01,sotto_banco_immobile,1,static
4331098,1,1,1,53,65,100,100,0,100,100,69,5,2,5,4,6,1,0,0,100,58,30,21,12,15,10,1,1,1787412757.4698625,G1,T01,sotto_banco_immobile,1,static
4331298,1,1,1,54,57,100,100,0,100,100,51,12,5,4,2,8,2,0,0,100,59,32,22,14,16,11,1,1,1787412757.6698825,G1,T01,sotto_banco_immobile,1,static
4331498,1,0,1,0,63,0,100,0,19,43,25,11,4,3,3,8,3,0,0,100,59,33,23,15,17,12,1,1,1787412757.8692105,G1,T01,sotto_banco_immobile,1,static
4331698,1,1,1,75,62,100,100,0,47,100,50,4,5,1,3,7,3,0,0,100,62,34,23,15,17,13,1,1,1787412758.0692315,G1,T01,sotto_banco_immobile,1,static
4331898,1,1,1,63,78,100,100,0,85,100,31,5,7,1,5,9,5,0,0,100,64,35,23,16,18,13,1,1,1787412758.2544272,G1,T01,sotto_banco_immobile,1,static
4332098,1,1,1,74,66,100,100,0,22,100,17,2,6,3,7,7,7,0,0,100,65,35,24,16,18,13,1,1,1787412758.4696982,G1,T01,sotto_banco_immobile,1,static
4332298,1,1,1,75,75,100,100,0,35,100,35,9,2,5,7,4,8,0,0,100,68,35,24,17,18,13,1,1,1787412758.6694381,G1,T01,sotto_banco_immobile,1,static
4332498,1,1,1,74,74,76,100,0,25,76,24,6,6,8,7,3,8,0,0,100,73,36,24,17,19,14,1,1,1787412758.8692505,G1,T01,sotto_banco_immobile,1,static
4332698,1,0,1,0,74,0,100,0,18,22,11,9,5,7,7,4,7,0,0,100,76,38,25,17,20,14,1,1,1787412759.0686133,G1,T01,sotto_banco_immobile,1,static
4332898,1,1,1,66,70,79,100,0,40,79,16,10,4,8,2,5,5,0,0,100,77,40,25,17,20,14,1,1,1787412759.2696893,G1,T01,sotto_banco_immobile,1,static
4333098,1,1,1,60,66,79,100,0,56,79,28,5,5,7,1,6,2,0,0,100,77,42,26,18,21,15,1,1,1787412759.469496,G1,T01,sotto_banco_immobile,1,static
4333298,1,0,1,0,59,0,100,0,15,29,3,3,2,5,1,6,3,0,0,100,80,42,26,19,22,15,1,1,1787412759.6693783,G1,T01,sotto_banco_immobile,1,static
4333498,1,1,1,72,75,100,100,0,30,100,17,10,2,2,3,5,3,0,0,100,85,42,26,19,22,15,1,1,1787412759.8698294,G1,T01,sotto_banco_immobile,1,static
4333698,1,1,1,30,56,77,100,0,77,73,13,11,4,2,4,4,5,0,0,100,86,41,26,18,21,15,1,1,1787412760.069656,G1,T01,sotto_banco_immobile,1,static
4333898,1,1,1,30,30,95,100,0,95,59,15,9,8,3,3,6,4,0,0,100,88,42,26,18,21,15,1,1,1787412760.26903,G1,T01,sotto_banco_immobile,1,static
4334098,1,1,1,30,30,56,100,0,56,12,27,6,11,4,2,7,5,0,0,100,90,45,26,18,20,15,2,1,1787412760.4693,G1,T01,sotto_banco_immobile,1,static
4334298,1,0,1,0,30,0,100,0,45,17,20,9,7,5,2,7,6,0,0,100,89,48,27,18,20,14,2,1,1787412760.6695125,G1,T01,sotto_banco_immobile,1,static
4334498,1,0,1,0,30,0,100,0,25,20,15,1,7,4,3,6,6,0,0,100,87,50,27,18,19,15,2,1,1787412760.8693488,G1,T01,sotto_banco_immobile,1,static
4334698,1,0,1,0,72,0,100,0,26,23,20,1,6,3,2,5,5,0,0,100,85,50,27,18,19,14,2,1,1787412761.069518,G1,T01,sotto_banco_immobile,1,static
4334898,1,1,1,30,30,96,100,0,96,54,11,6,9,3,1,3,4,0,0,100,84,50,24,16,18,13,1,1,1787412761.2697277,G1,T01,sotto_banco_immobile,1,static
4335098,1,1,1,30,30,69,100,0,69,38,14,7,3,4,1,1,2,0,0,100,81,50,22,14,16,12,1,1,1787412761.4692078,G1,T01,sotto_banco_immobile,1,static
4335298,1,1,1,87,30,59,100,0,13,59,37,12,10,5,1,2,1,0,0,100,83,50,20,13,15,12,1,1,1787412761.6698859,G1,T01,sotto_banco_immobile,1,static
4335498,1,0,1,0,76,0,100,0,19,30,22,10,3,6,2,4,2,0,0,100,89,52,21,12,14,11,1,1,1787412761.8693495,G1,T01,sotto_banco_immobile,1,static
4335698,1,0,1,0,76,0,100,0,25,36,13,9,5,7,1,6,2,0,0,100,91,53,21,11,14,10,1,1,1787412762.0695627,G1,T01,sotto_banco_immobile,1,static
4335898,1,0,1,0,76,0,100,0,14,24,7,6,4,7,1,7,2,0,0,100,93,54,22,11,14,10,1,1,1787412762.2693775,G1,T01,sotto_banco_immobile,1,static
4336098,1,1,1,75,68,55,100,0,31,55,32,7,4,8,1,5,2,0,0,100,97,56,23,11,14,10,1,1,1787412762.4690647,G1,T01,sotto_banco_immobile,1,static
4336298,1,0,1,0,75,0,100,0,20,19,7,6,6,6,1,6,2,0,0,100,100,56,23,10,13,10,1,1,1787412762.6636865,G1,T01,sotto_banco_immobile,1,static
4336498,1,0,1,0,75,0,100,0,13,43,7,4,5,6,2,6,2,0,0,100,100,56,23,10,12,9,1,1,1787412762.8694696,G1,T01,sotto_banco_immobile,1,static
4336698,1,1,1,75,63,100,100,0,27,100,29,7,3,8,3,5,4,0,0,100,100,54,22,10,11,9,1,1,1787412763.069378,G1,T01,sotto_banco_immobile,1,static
4336898,1,1,1,65,72,100,100,0,71,100,18,9,5,9,4,5,5,0,0,100,100,53,21,9,11,8,1,1,1787412763.2697222,G1,T01,sotto_banco_immobile,1,static
4337098,1,1,1,30,60,100,100,0,100,100,4,9,5,2,7,8,7,0,0,100,99,53,21,9,11,8,1,1,1787412763.4689212,G1,T01,sotto_banco_immobile,1,static
4337298,1,1,1,30,30,100,100,0,100,100,5,4,4,3,7,11,7,0,0,100,96,52,22,9,12,8,1,1,1787412763.66985,G1,T01,sotto_banco_immobile,1,static
4337498,1,1,1,30,30,54,100,0,54,42,44,5,10,6,7,8,6,0,0,100,94,53,23,10,12,9,1,1,1787412763.8693306,G1,T01,sotto_banco_immobile,1,static
4337698,1,1,1,80,70,79,100,0,21,79,36,12,4,4,6,5,4,0,0,100,93,54,23,11,13,10,1,1,1787412764.0695748,G1,T01,sotto_banco_immobile,1,static
4337898,1,1,1,30,80,95,100,0,95,51,19,3,5,2,6,4,4,0,0,100,92,53,23,12,14,10,1,1,1787412764.2684708,G1,T01,sotto_banco_immobile,1,static
4338098,1,1,1,30,30,100,100,0,100,100,23,3,2,4,3,4,3,0,0,100,92,49,22,12,14,10,1,1,1787412764.4695466,G1,T01,sotto_banco_immobile,1,static
4338298,1,1,1,57,41,100,100,0,79,100,13,6,3,4,2,3,2,0,0,100,93,45,21,12,14,10,1,1,1787412764.6697874,G1,T01,sotto_banco_immobile,1,static
4338498,1,1,1,84,84,94,100,0,27,94,54,10,8,7,1,3,1,0,0,100,96,42,20,11,14,11,1,1,1787412764.8698292,G1,T01,sotto_banco_immobile,1,static
4338698,1,1,1,65,84,66,100,0,47,66,33,10,6,8,2,2,2,0,0,100,100,40,20,11,14,11,1,1,1787412765.069365,G1,T01,sotto_banco_immobile,1,static
4338898,1,0,1,0,65,0,100,0,18,29,19,9,5,7,1,2,1,0,0,100,100,39,21,11,14,11,1,1,1787412765.2691758,G1,T01,sotto_banco_immobile,1,static
4339098,1,0,1,0,65,0,100,0,28,30,15,6,6,8,1,2,2,0,0,100,100,38,22,12,15,11,1,1,1787412765.4694126,G1,T01,sotto_banco_immobile,1,static
4339298,1,0,1,0,69,0,100,0,33,45,22,7,6,9,1,1,1,0,0,100,100,37,23,12,15,11,1,1,1787412765.6697736,G1,T01,sotto_banco_immobile,1,static
4339498,1,0,1,0,69,0,100,0,20,14,13,9,4,8,1,2,2,0,0,100,100,35,23,12,15,10,1,1,1787412765.8694067,G1,T01,sotto_banco_immobile,1,static
4339698,1,0,1,0,69,0,100,0,13,14,9,5,5,7,1,2,1,0,0,100,100,32,23,12,15,10,1,1,1787412766.0697188,G1,T01,sotto_banco_immobile,1,static
4339898,1,1,1,75,65,100,100,0,44,100,43,10,2,3,1,1,2,0,0,100,94,30,22,12,14,10,1,1,1787412766.2696834,G1,T01,sotto_banco_immobile,1,static
4340098,1,1,1,67,75,57,100,0,26,57,11,15,4,3,1,2,2,0,0,100,89,30,21,12,14,9,1,1,1787412766.4694335,G1,T01,sotto_banco_immobile,1,static
4340298,1,1,1,30,67,58,100,0,58,40,21,10,10,1,1,1,3,0,0,100,88,30,21,12,14,9,1,1,1787412766.6699126,G1,T01,sotto_banco_immobile,1,static
4340498,1,1,1,30,30,100,100,0,100,79,12,4,2,3,2,3,4,0,0,100,88,32,21,12,14,9,1,1,1787412766.8697314,G1,T01,sotto_banco_immobile,1,static
4340698,1,1,1,75,30,55,100,0,31,55,31,12,9,1,2,4,5,0,0,100,87,36,21,12,15,10,1,1,1787412767.069033,G1,T01,sotto_banco_immobile,1,static
4340898,1,0,1,0,75,0,100,0,14,34,21,1,7,2,1,5,6,0,0,100,87,39,22,11,15,10,1,1,1787412767.2689276,G1,T01,sotto_banco_immobile,1,static
4341098,1,0,1,0,75,0,100,0,49,13,18,2,10,2,1,4,4,0,0,100,87,41,22,11,14,10,1,1,1787412767.469131,G1,T01,sotto_banco_immobile,1,static
4341298,1,1,1,30,75,59,100,0,59,31,13,9,8,6,1,3,3,0,0,100,88,43,20,10,13,9,1,1,1787412767.668534,G1,T01,sotto_banco_immobile,1,static
4341498,1,0,1,0,30,0,100,0,45,40,14,10,6,5,1,3,2,0,0,100,88,42,19,8,12,8,1,1,1787412767.8695302,G1,T01,sotto_banco_immobile,1,static
4341698,1,1,1,75,76,100,100,0,41,100,42,11,10,7,1,5,1,0,0,100,87,43,18,7,12,8,1,1,1787412768.0688994,G1,T01,sotto_banco_immobile,1,static
4341898,1,0,1,0,67,0,100,0,19,14,17,13,4,7,1,5,3,0,0,100,90,44,18,6,12,8,1,1,1787412768.269365,G1,T01,sotto_banco_immobile,1,static
4342098,1,1,1,67,67,100,100,0,69,100,49,15,7,9,1,7,3,0,0,100,97,45,19,6,12,8,1,1,1787412768.4693189,G1,T01,sotto_banco_immobile,1,static
4342298,1,1,1,83,66,82,100,0,29,82,49,17,4,5,1,6,1,0,0,100,100,46,20,6,12,8,1,1,1787412768.6699562,G1,T01,sotto_banco_immobile,1,static
4342498,1,0,1,0,75,0,100,0,24,45,22,10,3,6,1,7,1,0,0,100,100,44,21,6,12,7,1,1,1787412768.8698037,G1,T01,sotto_banco_immobile,1,static
4342698,1,0,1,0,75,0,100,0,15,13,3,4,2,6,1,7,2,0,0,100,100,43,22,6,12,7,1,1,1787412769.0686674,G1,T01,sotto_banco_immobile,1,static
4342898,1,0,1,0,75,0,100,0,26,34,9,4,1,6,2,7,1,0,0,100,100,42,23,6,12,7,1,1,1787412769.254566,G1,T01,sotto_banco_immobile,1,static
4343098,1,1,1,61,46,100,100,0,77,100,18,17,4,4,4,4,3,0,0,100,100,42,22,6,12,7,1,1,1787412769.4700644,G1,T01,sotto_banco_immobile,1,static
4343298,1,1,1,30,82,93,100,0,93,48,72,28,8,9,3,6,5,0,0,100,100,43,22,6,12,7,1,1,1787412769.6693318,G1,T01,sotto_banco_immobile,1,static
4343498,1,1,1,30,30,100,100,0,100,41,44,12,7,6,3,8,5,0,0,100,100,44,23,6,13,8,1,1,1787412769.870254,G1,T01,sotto_banco_immobile,1,static
4343698,1,1,1,30,30,100,100,0,100,93,17,3,6,2,4,10,6,0,0,100,100,45,24,7,14,8,1,1,1787412770.0701208,G1,T01,sotto_banco_immobile,1,static
4343898,1,1,1,30,30,66,100,0,66,58,45,2,9,4,6,7,7,0,0,100,100,46,25,8,15,9,1,1,1787412770.2698362,G1,T01,sotto_banco_immobile,1,static
4344098,1,0,1,0,30,0,100,0,36,49,9,4,1,4,5,2,8,0,0,100,100,47,26,8,15,10,1,1,1787412770.469668,G1,T01,sotto_banco_immobile,1,static
4344298,1,1,1,30,38,83,100,0,83,67,14,6,5,1,3,4,7,0,0,100,100,46,26,9,15,11,1,1,1787412770.6545732,G1,T01,sotto_banco_immobile,1,static
4344498,1,1,1,30,30,100,100,0,100,75,20,11,10,4,2,4,5,0,0,100,100,43,26,9,15,11,1,1,1787412770.8704405,G1,T01,sotto_banco_immobile,1,static
4344698,1,1,1,30,30,100,100,0,100,100,20,2,6,5,2,3,4,0,0,100,100,40,24,9,15,10,1,1,1787412771.0705738,G1,T01,sotto_banco_immobile,1,static
4344898,1,1,1,76,39,94,100,0,22,94,29,2,6,6,1,4,3,0,0,100,100,38,23,9,15,10,1,1,1787412771.269921,G1,T01,sotto_banco_immobile,1,static
4345098,1,1,1,73,78,67,100,0,34,67,30,14,6,8,1,1,2,0,0,100,100,36,23,9,14,10,1,1,1787412771.469367,G1,T01,sotto_banco_immobile,1,static
4345298,1,0,1,0,72,0,100,0,22,33,7,8,7,10,2,2,3,0,0,100,100,34,24,9,15,10,1,1,1787412771.6694963,G1,T01,sotto_banco_immobile,1,static
4345498,1,0,1,0,72,0,100,0,18,47,14,2,8,7,1,2,2,0,0,100,100,34,25,9,15,10,1,1,1787412771.8696353,G1,T01,sotto_banco_immobile,1,static
4345698,1,1,1,63,72,53,100,0,34,53,17,11,5,8,1,3,2,0,0,100,100,33,25,9,15,10,1,1,1787412772.0545769,G1,T01,sotto_banco_immobile,1,static
4345898,1,1,1,67,74,74,100,0,47,74,33,9,7,6,1,2,1,0,0,100,100,31,25,10,15,10,1,1,1787412772.2699876,G1,T01,sotto_banco_immobile,1,static
4346098,1,0,1,0,63,0,100,0,16,28,12,5,5,7,1,2,1,0,0,100,100,29,25,10,15,10,1,1,1787412772.4699905,G1,T01,sotto_banco_immobile,1,static
4346298,1,0,1,0,63,0,100,0,25,45,21,11,7,5,1,3,3,0,0,100,100,28,25,10,15,10,1,1,1787412772.669685,G1,T01,sotto_banco_immobile,1,static
4346498,1,1,1,76,77,100,100,0,46,100,56,7,3,7,1,2,2,0,0,100,100,28,23,10,14,10,1,1,1787412772.8700233,G1,T01,sotto_banco_immobile,1,static
4346698,1,1,1,72,73,77,100,0,18,77,8,15,1,7,1,4,2,0,0,100,100,29,22,10,14,10,1,1,1787412773.0701966,G1,T01,sotto_banco_immobile,1,static
4346898,1,1,1,79,75,100,100,0,28,100,44,11,8,7,1,3,5,0,0,100,100,30,21,9,14,10,1,1,1787412773.2552779,G1,T01,sotto_banco_immobile,1,static
4347098,1,1,1,58,64,100,100,0,78,100,22,9,7,6,1,3,4,0,0,100,100,32,21,9,14,10,1,1,1787412773.470251,G1,T01,sotto_banco_immobile,1,static
4347298,1,1,1,30,60,95,100,0,95,91,24,3,9,9,1,3,4,0,0,100,98,31,22,9,14,10,1,1,1787412773.6698997,G1,T01,sotto_banco_immobile,1,static
4347498,1,1,1,30,30,77,100,0,77,58,13,9,3,6,2,4,6,0,0,100,91,32,21,8,14,10,1,1,1787412773.8700254,G1,T01,sotto_banco_immobile,1,static
4347698,1,1,1,40,30,95,100,0,92,95,15,6,3,2,2,5,5,0,0,100,86,34,20,8,13,9,1,1,1787412774.0698433,G1,T01,sotto_banco_immobile,1,static
4347898,1,1,1,58,41,100,100,0,100,100,47,12,7,7,2,4,6,0,0,100,86,35,18,7,12,9,1,1,1787412774.2549546,G1,T01,sotto_banco_immobile,1,static
4348098,1,1,1,42,49,100,100,0,100,100,38,4,4,6,3,3,6,0,0,100,86,35,17,7,12,9,1,1,1787412774.4702623,G1,T01,sotto_banco_immobile,1,static
4348298,1,1,1,76,60,100,100,0,32,100,44,2,4,7,2,3,3,0,0,100,85,36,16,7,12,9,1,1,1787412774.6552348,G1,T01,sotto_banco_immobile,1,static
4348498,1,1,1,65,70,100,100,0,89,100,48,5,8,9,2,4,2,0,0,100,84,37,16,8,13,9,1,1,1787412774.870011,G1,T01,sotto_banco_immobile,1,static
4348698,1,1,1,73,67,97,100,0,15,97,7,10,7,7,4,6,3,0,0,100,82,37,16,8,14,9,1,1,1787412775.0693467,G1,T01,sotto_banco_immobile,1,static
4348898,1,1,1,75,58,100,100,0,91,100,100,15,10,2,4,2,7,0,0,100,83,39,16,9,14,10,1,1,1787412775.254783,G1,T01,sotto_banco_immobile,1,static
4349098,1,1,1,30,75,100,100,0,100,100,9,14,11,6,1,5,5,0,0,100,83,42,17,9,14,10,1,1,1787412775.470395,G1,T01,sotto_banco_immobile,1,static
4349298,1,1,1,65,62,75,100,0,49,75,32,8,7,7,1,5,4,0,0,100,83,45,17,9,13,10,1,1,1787412775.6700385,G1,T01,sotto_banco_immobile,1,static
4349498,1,1,1,83,80,100,100,0,38,100,95,14,9,5,4,5,3,0,0,100,81,46,18,9,13,10,1,1,1787412775.870358,G1,T01,sotto_banco_immobile,1,static
4349698,1,1,1,30,45,100,100,0,100,63,75,19,8,7,1,5,6,0,0,100,80,50,19,9,13,10,1,1,1787412776.0704854,G1,T01,sotto_banco_immobile,1,static
4349898,1,1,1,48,63,100,100,0,100,100,72,8,11,2,1,7,7,0,0,100,75,55,22,9,14,11,1,1,1787412776.2704394,G1,T01,sotto_banco_immobile,1,static
4350098,1,1,1,59,46,100,100,0,100,100,80,13,10,6,6,9,6,0,0,100,72,56,22,11,15,12,1,1,1787412776.4705236,G1,T01,sotto_banco_immobile,1,static
4350298,1,0,1,0,60,0,100,0,16,47,27,4,1,2,5,2,5,0,0,100,75,58,23,12,16,13,1,1,1787412776.669965,G1,T01,sotto_banco_immobile,1,static
4350498,1,1,1,55,59,100,100,0,100,100,39,10,11,5,6,4,4,0,0,100,82,61,25,13,16,13,1,1,1787412776.8704119,G1,T01,sotto_banco_immobile,1,static
4350698,1,1,1,86,55,61,100,0,19,61,39,7,4,3,4,3,3,0,0,100,85,64,27,13,17,14,1,1,1787412777.0697856,G1,T01,sotto_banco_immobile,1,static
4350898,1,1,1,68,66,100,100,0,77,100,54,11,12,6,5,3,5,0,0,100,84,62,28,14,17,14,1,1,1787412777.270575,G1,T01,sotto_banco_immobile,1,static
4351098,1,1,1,49,82,100,100,0,100,100,44,4,11,9,3,5,5,0,0,100,80,63,28,15,17,14,1,1,1787412777.4548352,G1,T01,sotto_banco_immobile,1,static
4351298,1,1,1,30,30,100,100,0,100,96,6,8,6,3,4,6,5,0,0,100,81,66,28,16,17,14,1,1,1787412777.670291,G1,T01,sotto_banco_immobile,1,static
4351498,1,1,1,59,41,100,100,0,93,100,32,7,5,4,2,6,4,0,0,100,85,67,28,17,17,13,1,1,1787412777.8701766,G1,T01,sotto_banco_immobile,1,static
4351698,1,1,1,77,74,85,100,0,13,85,23,7,3,5,2,7,2,0,0,100,87,66,28,17,16,13,1,1,1787412778.057003,G1,T01,sotto_banco_immobile,1,static
4351898,1,1,1,60,77,66,100,0,45,66,20,11,9,6,1,7,1,0,0,100,84,67,29,17,16,13,1,1,1787412778.2701936,G1,T01,sotto_banco_immobile,1,static
4352098,1,0,1,0,73,0,100,0,13,27,5,7,4,6,1,7,2,0,0,100,83,67,30,16,16,12,1,1,1787412778.4693344,G1,T01,sotto_banco_immobile,1,static
4352298,1,0,1,0,73,0,100,0,19,45,5,5,3,5,4,6,2,0,0,100,82,67,31,16,16,12,1,1,1787412778.6545618,G1,T01,sotto_banco_immobile,1,static
4352498,1,1,1,69,58,55,100,0,37,55,30,10,11,9,1,6,1,0,0,100,83,68,32,16,16,12,1,1,1787412778.8698347,G1,T01,sotto_banco_immobile,1,static
4352698,1,0,1,0,69,0,100,0,21,20,11,10,3,7,2,5,2,0,0,100,85,68,33,15,15,12,1,1,1787412779.070077,G1,T01,sotto_banco_immobile,1,static
4352898,1,0,1,0,69,0,100,0,15,34,13,2,5,9,1,5,2,0,0,100,84,66,34,15,15,11,1,1,1787412779.2698514,G1,T01,sotto_banco_immobile,1,static
4353098,1,1,1,75,68,100,100,0,35,100,42,7,3,4,1,6,4,0,0,100,83,63,34,15,15,11,1,1,1787412779.4697912,G1,T01,sotto_banco_immobile,1,static
4353298,1,1,1,30,76,87,100,0,87,67,16,13,9,1,1,6,4,0,0,100,80,60,33,15,15,11,1,1,1787412779.6704144,G1,T01,sotto_banco_immobile,1,static
4353498,1,1,1,30,30,62,100,0,62,48,43,15,7,2,1,4,6,0,0,100,85,60,32,15,15,11,1,1,1787412779.8703232,G1,T01,sotto_banco_immobile,1,static
4353698,1,1,1,73,30,100,100,0,66,100,61,9,11,6,1,6,5,0,0,100,86,61,31,14,15,11,1,1,1787412780.0699868,G1,T01,sotto_banco_immobile,1,static
4353898,1,1,1,30,30,100,100,0,100,100,14,10,1,8,2,4,5,0,0,100,87,61,31,14,15,11,1,1,1787412780.2705946,G1,T01,sotto_banco_immobile,1,static
4354098,1,1,1,84,30,100,100,0,22,100,63,15,9,6,3,3,4,0,0,100,89,64,32,14,14,11,1,1,1787412780.4556365,G1,T01,sotto_banco_immobile,1,static
4354298,1,1,1,75,84,94,100,0,35,94,37,4,9,8,4,4,4,0,0,100,90,67,34,13,13,10,1,1,1787412780.655303,G1,T01,sotto_banco_immobile,1,static
4354498,1,0,1,0,75,0,100,0,18,36,7,10,6,3,3,5,5,0,0,100,87,69,35,13,13,10,1,1,1787412780.869299,G1,T01,sotto_banco_immobile,1,static
4354698,1,1,1,86,87,100,100,0,22,100,74,11,9,4,1,4,5,0,0,100,81,70,34,12,13,10,1,1,1787412781.0699894,G1,T01,sotto_banco_immobile,1,static
4354898,1,1,1,30,30,100,100,0,100,100,15,10,6,7,2,6,6,0,0,100,79,73,34,12,12,10,1,1,1787412781.27078,G1,T01,sotto_banco_immobile,1,static
4355098,1,1,1,30,30,63,100,0,63,36,29,11,11,5,3,6,7,0,0,100,82,72,34,11,12,10,1,1,1787412781.470449,G1,T01,sotto_banco_immobile,1,static
4355298,1,0,1,0,84,0,100,0,24,48,40,13,10,1,1,6,4,0,0,100,80,71,34,10,11,10,1,1,1787412781.6704133,G1,T01,sotto_banco_immobile,1,static
4355498,1,1,1,77,84,100,100,0,29,100,40,8,8,5,1,4,2,0,0,100,79,72,35,9,11,10,1,1,1787412781.8699572,G1,T01,sotto_banco_immobile,1,static
4355698,1,0,1,0,77,0,100,0,30,23,9,7,7,5,1,5,3,0,0,100,81,74,35,10,12,10,1,1,1787412782.0702112,G1,T01,sotto_banco_immobile,1,static
4355898,1,0,1,0,77,0,100,0,20,50,18,5,5,6,1,4,1,0,0,100,85,75,36,10,11,10,1,1,1787412782.2696414,G1,T01,sotto_banco_immobile,1,static
4356098,1,0,1,0,75,0,100,0,25,38,16,2,3,8,1,4,2,0,0,100,87,76,37,9,11,10,1,1,1787412782.4693475,G1,T01,sotto_banco_immobile,1,static
4356298,1,0,1,0,75,0,100,0,15,11,7,4,2,7,1,3,1,0,0,100,91,76,37,9,11,10,1,1,1787412782.654578,G1,T01,sotto_banco_immobile,1,static
4356498,1,0,1,0,75,0,100,0,15,31,13,3,5,7,1,4,1,0,0,100,95,75,37,9,11,10,1,1,1787412782.8701794,G1,T01,sotto_banco_immobile,1,static
4356698,1,1,1,72,75,80,100,0,25,80,17,7,4,6,1,4,2,0,0,100,96,75,37,9,11,9,1,1,1787412783.0698798,G1,T01,sotto_banco_immobile,1,static
4356898,1,1,1,66,76,56,100,0,24,56,5,9,8,4,1,4,3,0,0,100,94,74,36,9,11,9,1,1,1787412783.2700639,G1,T01,sotto_banco_immobile,1,static
4357098,1,1,1,85,81,100,100,0,17,100,55,14,6,1,2,5,3,0,0,100,95,75,36,8,11,9,1,1,1787412783.470032,G1,T01,sotto_banco_immobile,1,static
4357298,1,1,1,75,83,100,100,0,60,100,63,13,12,3,2,5,7,0,0,100,99,79,36,8,11,10,1,1,1787412783.6699412,G1,T01,sotto_banco_immobile,1,static
4357498,1,1,1,77,83,100,100,0,61,100,76,8,9,6,1,4,7,0,0,100,98,83,37,8,11,10,1,1,1787412783.870155,G1,T01,sotto_banco_immobile,1,static
4357698,1,1,1,30,30,100,100,0,100,83,4,10,5,9,1,3,6,0,0,100,94,84,38,8,12,10,1,1,1787412784.0700972,G1,T01,sotto_banco_immobile,1,static
4357898,1,1,1,80,30,100,100,0,16,100,49,3,7,5,1,5,6,0,0,100,91,84,38,8,12,10,1,1,1787412784.2705653,G1,T01,sotto_banco_immobile,1,static
4358098,1,1,1,49,69,68,100,0,59,68,23,2,2,3,1,5,7,0,0,100,88,85,37,8,12,10,1,1,1787412784.4702668,G1,T01,sotto_banco_immobile,1,static
4358298,1,1,1,47,38,100,100,0,100,100,38,9,7,7,3,3,8,0,0,100,82,84,34,7,12,11,1,1,1787412784.670641,G1,T01,sotto_banco_immobile,1,static
4358498,1,1,1,66,55,100,100,0,91,100,56,10,9,5,4,3,7,0,0,100,84,83,31,7,12,11,1,1,1787412784.8694086,G1,T01,sotto_banco_immobile,1,static
4358698,1,1,1,67,71,95,100,0,54,95,33,7,9,1,4,1,5,0,0,100,87,81,30,8,13,11,1,1,1787412785.0702353,G1,T01,sotto_banco_immobile,1,static
4358898,1,1,1,79,79,100,100,0,18,100,44,8,3,3,2,1,4,0,0,100,86,80,30,7,14,11,1,1,1787412785.270253,G1,T01,sotto_banco_immobile,1,static
4359098,1,1,1,66,78,57,100,0,35,57,21,3,8,4,3,4,5,0,0,100,81,80,31,7,14,11,1,1,1787412785.469985,G1,T01,sotto_banco_immobile,1,static
4359298,1,1,1,63,67,100,100,0,75,100,34,3,10,6,2,5,2,0,0,100,81,81,32,6,15,12,1,1,1787412785.6705737,G1,T01,sotto_banco_immobile,1,static
4359498,1,0,1,0,56,0,100,0,31,17,3,9,8,7,3,7,3,0,0,100,78,81,32,6,15,12,1,1,1787412785.8693411,G1,T01,sotto_banco_immobile,1,static
4359698,1,1,1,46,56,64,100,0,58,64,18,10,8,8,2,8,1,0,0,100,72,82,32,6,16,12,1,1,1787412786.0706003,G1,T01,sotto_banco_immobile,1,static
4359898,1,1,1,60,56,70,100,0,47,70,18,1,8,8,2,8,1,0,0,100,70,83,31,6,17,13,1,1,1787412786.2703085,G1,T01,sotto_banco_immobile,1,static
4360098,1,0,1,0,60,0,100,0,20,47,4,7,6,7,2,6,1,0,0,100,66,84,30,6,17,13,1,1,1787412786.4696138,G1,T01,sotto_banco_immobile,1,static
4360298,1,1,1,73,73,100,100,0,33,100,24,7,2,3,1,3,1,0,0,100,62,84,29,6,16,13,1,1,1787412786.6705513,G1,T01,sotto_banco_immobile,1,static
4360498,1,1,1,75,73,89,100,0,45,89,46,10,2,5,2,3,4,0,0,100,60,84,28,6,16,13,1,1,1787412786.8700502,G1,T01,sotto_banco_immobile,1,static
4360698,1,1,1,78,75,100,100,0,44,100,82,3,14,1,4,2,6,0,0,100,60,85,27,7,16,14,1,1,1787412787.07064,G1,T01,sotto_banco_immobile,1,static
4360898,1,1,1,80,79,100,100,0,31,100,94,8,10,5,4,4,8,0,0,100,60,90,28,7,17,15,1,1,1787412787.2705693,G1,T01,sotto_banco_immobile,1,static
4361098,1,1,1,30,39,100,100,0,100,100,21,7,2,6,3,5,9,0,0,100,60,95,30,8,18,16,1,1,1787412787.4707472,G1,T01,sotto_banco_immobile,1,static
4361298,1,1,1,78,30,93,100,0,24,93,36,9,1,6,2,6,6,0,0,100,55,96,30,8,18,17,1,1,1787412787.6704364,G1,T01,sotto_banco_immobile,1,static
4361498,1,1,1,30,55,88,100,0,88,87,31,2,5,4,3,5,6,0,0,100,54,94,30,8,18,17,1,1,1787412787.8702002,G1,T01,sotto_banco_immobile,1,static
4361698,1,1,1,69,58,100,100,0,100,100,72,13,13,1,6,2,6,0,0,100,57,91,28,8,18,16,1,1,1787412788.0708485,G1,T01,sotto_banco_immobile,1,static
4361898,1,1,1,80,79,100,100,0,21,100,65,2,3,3,5,2,6,0,0,100,60,88,26,9,18,16,1,1,1787412788.2707033,G1,T01,sotto_banco_immobile,1,static
4362098,1,1,1,75,78,85,100,0,16,85,16,7,7,5,3,4,4,0,0,100,62,85,24,9,18,16,1,1,1787412788.4703238,G1,T01,sotto_banco_immobile,1,static
4362298,1,1,1,75,74,83,100,0,14,83,14,9,5,5,5,5,4,0,0,100,62,82,24,9,18,16,1,1,1787412788.67048,G1,T01,sotto_banco_immobile,1,static
4362498,1,0,1,0,75,0,100,0,22,42,11,6,8,5,6,4,4,0,0,100,59,82,24,9,18,16,1,1,1787412788.8549423,G1,T01,sotto_banco_immobile,1,static
4362698,1,1,1,52,55,100,100,0,100,100,36,8,10,7,4,7,2,0,0,100,59,83,25,9,19,16,1,1,1787412789.0707457,G1,T01,sotto_banco_immobile,1,static
4362898,1,0,1,0,39,0,100,0,49,42,14,14,5,9,3,7,1,0,0,100,62,85,25,10,19,16,1,1,1787412789.2704413,G1,T01,sotto_banco_immobile,1,static
4363098,1,0,1,0,49,0,100,0,41,41,15,3,7,9,2,7,1,0,0,100,65,87,25,10,18,17,1,1,1787412789.4702878,G1,T01,sotto_banco_immobile,1,static
4363298,1,0,1,0,49,0,100,0,32,41,17,12,6,5,4,9,2,0,0,100,64,86,24,11,18,17,1,1,1787412789.6704686,G1,T01,sotto_banco_immobile,1,static
4363498,1,1,1,63,67,91,100,0,52,91,16,6,8,2,4,5,1,0,0,100,64,84,22,11,17,17,1,1,1787412789.8706596,G1,T01,sotto_banco_immobile,1,static
4363698,1,1,1,66,63,74,100,0,49,74,34,9,7,1,5,4,3,0,0,100,65,81,21,11,17,16,1,1,1787412790.0706072,G1,T01,sotto_banco_immobile,1,static
4363898,1,1,1,81,75,100,100,0,14,100,55,14,4,1,5,3,6,0,0,100,69,78,21,11,16,16,1,1,1787412790.270273,G1,T01,sotto_banco_immobile,1,static
4364098,1,1,1,80,77,100,100,0,28,100,77,12,11,5,5,2,7,0,0,100,69,78,21,12,17,16,1,1,1787412790.4707432,G1,T01,sotto_banco_immobile,1,static
4364298,1,1,1,39,77,100,100,0,100,100,27,7,6,7,5,5,8,0,0,100,71,82,22,13,18,17,1,1,1787412790.6700742,G1,T01,sotto_banco_immobile,1,static
4364498,1,1,1,45,30,93,100,0,85,93,29,7,3,5,1,6,7,0,0,100,68,83,24,14,18,17,1,1,1787412790.8702722,G1,T01,sotto_banco_immobile,1,static
4364698,1,1,1,75,77,96,100,0,38,96,39,1,9,2,2,5,6,0,0,100,64,83,24,13,19,17,1,1,1787412791.069979,G1,T01,sotto_banco_immobile,1,static
4364898,1,1,1,30,73,92,100,0,92,59,17,12,6,2,2,2,5,0,0,100,63,77,22,13,18,17,1,1,1787412791.270559,G1,T01,sotto_banco_immobile,1,static
4365098,1,1,1,75,45,100,100,0,28,100,29,10,12,4,3,3,3,0,0,100,63,72,21,12,17,15,1,1,1787412791.470398,G1,T01,sotto_banco_immobile,1,static
4365298,1,1,1,75,76,100,100,0,35,100,34,4,5,5,3,4,2,0,0,100,66,70,20,12,17,15,1,1,1787412791.670088,G1,T01,sotto_banco_immobile,1,static
4365498,1,1,1,61,70,56,100,0,35,56,11,8,2,6,4,6,2,0,0,100,66,69,19,12,17,15,1,1,1787412791.870618,G1,T01,sotto_banco_immobile,1,static
4365698,1,0,1,0,61,0,100,0,18,18,5,8,3,5,4,7,2,0,0,100,64,67,20,11,17,14,1,1,1787412792.070102,G1,T01,sotto_banco_immobile,1,static
4365898,1,1,1,30,61,62,100,0,62,54,12,9,1,8,3,8,2,0,0,100,64,67,21,11,17,14,1,1,1787412792.2706857,G1,T01,sotto_banco_immobile,1,static
4366098,1,1,1,43,42,87,100,0,82,87,30,10,5,8,3,7,1,0,0,100,69,67,21,12,17,14,1,1,1787412792.4702644,G1,T01,sotto_banco_immobile,1,static
4366298,1,0,1,0,43,0,100,0,38,44,17,12,6,9,2,8,2,0,0,100,74,68,22,12,17,14,1,1,1787412792.6707294,G1,T01,sotto_banco_immobile,1,static
4366498,1,0,1,0,43,0,100,0,13,20,15,2,3,7,1,8,1,0,0,100,78,68,22,12,17,14,1,1,1787412792.8548396,G1,T01,sotto_banco_immobile,1,static
4366698,1,1,1,65,67,100,100,0,87,100,39,14,1,4,3,5,1,0,0,100,78,65,22,12,17,13,1,1,1787412793.0706651,G1,T01,sotto_banco_immobile,1,static
4366898,1,1,1,144,69,46,100,0,37,22,46,12,1,5,3,3,2,0,0,100,77,62,20,11,16,13,1,1,1787412793.2709248,G1,T01,sotto_banco_immobile,1,static
4367098,1,1,1,75,69,100,100,0,48,100,54,9,7,1,4,2,5,0,0,100,80,58,20,11,16,12,1,1,1787412793.470631,G1,T01,sotto_banco_immobile,1,static
4367298,1,1,1,66,75,100,100,0,71,100,37,7,9,1,3,3,6,0,0,100,84,57,21,11,15,13,1,1,1787412793.670397,G1,T01,sotto_banco_immobile,1,static
4367498,1,1,1,72,78,100,100,0,77,100,64,7,11,5,3,5,8,0,0,100,84,61,22,12,16,14,1,1,1787412793.8708892,G1,T01,sotto_banco_immobile,1,static
4367698,1,1,1,30,30,100,100,0,100,100,16,11,11,10,1,7,7,0,0,100,83,65,25,12,17,15,1,1,1787412794.0710661,G1,T01,sotto_banco_immobile,1,static
4367898,1,1,1,59,43,100,100,0,100,100,30,10,1,6,4,8,4,0,0,100,82,67,27,13,18,15,1,1,1787412794.2709868,G1,T01,sotto_banco_immobile,1,static
4368098,1,1,1,58,77,100,100,0,100,100,65,9,10,3,7,6,2,0,0,100,86,70,29,13,17,15,1,1,1787412794.4711697,G1,T01,sotto_banco_immobile,1,static
4368298,1,1,1,30,46,100,100,0,100,100,100,10,16,10,9,3,3,0,0,100,89,74,31,14,16,13,1,1,1787412794.6713555,G1,T01,sotto_banco_immobile,1,static
4368498,1,1,1,79,53,100,100,0,20,100,45,10,5,6,7,4,4,0,0,100,93,83,34,14,16,13,1,1,1787412794.8711948,G1,T01,sotto_banco_immobile,1,static
4368698,1,1,1,30,30,100,100,0,100,100,79,12,10,8,6,5,3,0,0,100,97,89,36,15,15,12,1,1,1787412795.070553,G1,T01,sotto_banco_immobile,1,static
4368898,1,1,1,30,30,100,100,0,100,100,93,9,11,7,4,9,4,0,0,100,99,90,38,16,15,12,1,1,1787412795.2709804,G1,T01,sotto_banco_immobile,1,static
4369098,1,1,1,83,56,91,100,0,39,91,58,11,10,4,3,7,6,0,0,100,100,89,39,18,15,13,1,1,1787412795.4712586,G1,T01,sotto_banco_immobile,1,static
4369298,1,1,1,30,91,100,100,0,100,100,27,7,10,7,4,7,6,0,0,100,100,89,39,19,16,13,1,1,1787412795.670824,G1,T01,sotto_banco_immobile,1,static
4369498,1,1,1,30,30,100,100,0,100,100,23,3,5,8,4,4,7,0,0,100,100,91,40,20,16,13,1,1,1787412795.8710842,G1,T01,sotto_banco_immobile,1,static
4369698,1,1,1,57,30,100,100,0,100,100,38,8,8,7,4,3,6,0,0,100,100,93,41,20,15,14,1,1,1787412796.0700777,G1,T01,sotto_banco_immobile,1,static
4369898,1,1,1,44,55,79,100,0,73,79,19,8,8,3,5,1,6,0,0,100,100,94,41,21,15,13,1,1,1787412796.2702806,G1,T01,sotto_banco_immobile,1,static
4370098,1,1,1,72,59,61,100,0,25,61,19,19,3,3,7,2,5,0,0,100,100,95,41,21,16,13,1,1,1787412796.47094,G1,T01,sotto_banco_immobile,1,static
4370298,1,0,1,0,72,0,100,0,23,35,12,9,6,4,6,4,5,0,0,100,100,96,42,21,15,13,1,1,1787412796.6704118,G1,T01,sotto_banco_immobile,1,static
4370498,1,0,1,0,72,0,100,0,29,34,13,12,1,4,3,3,6,0,0,100,97,94,42,21,15,13,1,1,1787412796.8700466,G1,T01,sotto_banco_immobile,1,static
4370698,1,0,1,0,72,0,100,0,46,36,16,16,2,3,5,5,4,0,0,100,99,94,43,21,15,13,1,1,1787412797.0705411,G1,T01,sotto_banco_immobile,1,static
4370898,1,0,1,0,72,0,100,0,34,47,14,7,10,5,5,5,4,0,0,100,100,96,45,21,15,13,1,1,1787412797.270927,G1,T01,sotto_banco_immobile,1,static
4371098,1,0,1,0,48,0,100,0,16,24,17,12,2,5,4,4,4,0,0,100,100,100,46,21,15,13,1,1,1787412797.470657,G1,T01,sotto_banco_immobile,1,static
4371298,1,1,1,70,63,100,100,0,64,100,38,9,8,3,7,4,6,0,0,100,95,99,45,21,14,12,1,1,1787412797.6709254,G1,T01,sotto_banco_immobile,1,static
4371498,1,1,1,72,72,94,100,0,53,94,44,8,4,2,6,2,7,0,0,100,96,93,43,21,14,11,1,1,1787412797.8708827,G1,T01,sotto_banco_immobile,1,static
4371698,1,1,1,78,76,100,100,0,53,100,90,2,10,7,7,1,9,0,0,100,96,89,41,21,13,11,1,1,1787412798.0712724,G1,T01,sotto_banco_immobile,1,static
4371898,1,1,1,82,81,100,100,0,35,100,100,15,5,9,7,5,11,0,0,100,95,91,40,21,14,11,1,1,1787412798.2711716,G1,T01,sotto_banco_immobile,1,static
4372098,1,1,1,70,75,100,100,0,72,100,53,4,10,6,8,6,8,0,0,100,94,92,39,21,15,12,1,1,1787412798.470375,G1,T01,sotto_banco_immobile,1,static
4372298,1,0,1,0,75,0,100,0,27,34,12,5,3,5,7,6,6,0,0,100,92,88,37,21,16,13,1,1,1787412798.6702662,G1,T01,sotto_banco_immobile,1,static
4372498,1,1,1,75,75,100,100,0,64,100,68,9,10,7,6,4,6,0,0,100,89,79,34,21,17,14,1,1,1787412798.8703947,G1,T01,sotto_banco_immobile,1,static
4372698,1,1,1,76,75,100,100,0,45,100,58,6,7,8,4,1,8,0,0,100,86,72,30,20,18,14,1,1,1787412799.070561,G1,T01,sotto_banco_immobile,1,static
4372898,1,1,1,79,80,100,100,0,37,100,61,7,5,5,2,1,8,0,0,100,84,71,29,19,17,14,1,1,1787412799.2710416,G1,T01,sotto_banco_immobile,1,static
4373098,1,1,1,73,73,100,100,0,57,100,49,5,7,1,1,1,6,0,0,100,79,73,29,18,17,13,1,1,1787412799.4709814,G1,T01,sotto_banco_immobile,1,static
4373298,1,1,1,66,68,68,100,0,38,68,19,1,10,2,1,2,6,0,0,100,74,73,29,17,17,13,1,1,1787412799.6553478,G1,T01,sotto_banco_immobile,1,static
4373498,1,1,1,60,48,87,100,0,61,87,26,8,4,4,4,3,5,0,0,100,70,71,29,17,17,13,1,1,1787412799.8709214,G1,T01,sotto_banco_immobile,1,static
4373698,1,1,1,49,60,84,100,0,74,84,27,12,3,5,4,4,4,0,0,100,70,70,29,17,18,13,1,1,1787412800.0704384,G1,T01,sotto_banco_immobile,1,static
4373898,1,1,1,30,30,100,100,0,100,100,33,11,9,4,6,4,4,0,0,100,72,69,29,18,18,13,1,1,1787412800.2711236,G1,T01,sotto_banco_immobile,1,static
4374098,1,0,1,0,46,0,100,0,24,27,12,5,5,6,6,6,3,0,0,100,71,70,29,17,18,13,1,1,1787412800.4705513,G1,T01,sotto_banco_immobile,1,static
4374298,1,1,1,63,46,100,100,0,86,100,31,9,2,4,3,5,5,0,0,100,70,69,28,17,18,13,1,1,1787412800.67115,G1,T01,sotto_banco_immobile,1,static
4374498,1,1,1,62,62,98,100,0,59,98,21,3,2,4,5,2,5,0,0,100,70,69,27,17,18,13,1,1,1787412800.8703005,G1,T01,sotto_banco_immobile,1,static
4374698,1,1,1,75,69,100,100,0,50,100,55,9,8,2,4,1,6,0,0,100,68,68,26,17,18,12,1,1,1787412801.070324,G1,T01,sotto_banco_immobile,1,static
4374898,1,1,1,75,82,100,100,0,52,100,58,3,10,6,6,2,10,0,0,100,63,67,26,17,18,13,1,1,1787412801.2706785,G1,T01,sotto_banco_immobile,1,static
4375098,1,1,1,76,77,100,100,0,65,100,78,9,10,11,9,4,10,0,0,100,62,68,27,18,19,14,1,1,1787412801.4713619,G1,T01,sotto_banco_immobile,1,static
4375298,1,1,1,59,69,92,100,0,68,92,32,9,8,9,9,7,7,0,0,100,64,73,28,18,21,15,1,1,1787412801.670594,G1,T01,sotto_banco_immobile,1,static
4375498,1,1,1,39,76,53,100,0,52,53,19,2,2,6,8,5,6,0,0,100,64,79,30,19,22,16,1,1,1787412801.8710778,G1,T01,sotto_banco_immobile,1,static
4375698,1,1,1,77,75,100,100,0,49,100,65,8,11,5,5,3,8,0,0,100,66,78,30,18,21,16,1,1,1787412802.0710845,G1,T01,sotto_banco_immobile,1,static
4375898,1,1,1,77,71,100,100,0,34,100,53,6,7,1,4,1,9,0,0,100,64,74,29,18,20,15,1,1,1787412802.2710047,G1,T01,sotto_banco_immobile,1,static
4376098,1,1,1,75,77,100,100,0,55,100,53,10,8,2,4,1,8,0,0,100,61,70,28,16,19,14,1,1,1787412802.471201,G1,T01,sotto_banco_immobile,1,static
4376298,1,1,1,69,70,100,100,0,73,100,43,3,11,5,5,4,6,0,0,100,59,68,28,16,18,13,1,1,1787412802.6709569,G1,T01,sotto_banco_immobile,1,static
4376498,1,0,1,0,66,0,100,0,36,40,2,5,4,5,5,5,5,0,0,100,56,68,28,16,18,14,1,1,1787412802.8707194,G1,T01,sotto_banco_immobile,1,static
4376698,1,0,1,0,66,0,100,0,16,26,10,5,3,5,6,5,5,0,0,100,55,69,29,16,18,14,1,1,1787412803.0703485,G1,T01,sotto_banco_immobile,1,static
4376898,1,1,1,43,50,93,100,0,86,93,23,3,5,5,7,8,5,0,0,100,55,71,30,17,19,14,1,1,1787412803.271073,G1,T01,sotto_banco_immobile,1,static
4377098,1,1,1,30,30,88,100,0,88,83,25,10,9,7,8,7,2,0,0,100,58,71,31,18,20,15,1,1,1787412803.4710264,G1,T01,sotto_banco_immobile,1,static
4377298,1,1,1,46,41,100,100,0,97,100,30,11,6,9,7,8,1,0,0,100,63,71,31,18,20,15,1,1,1787412803.670724,G1,T01,sotto_banco_immobile,1,static
4377498,1,0,1,0,46,0,100,0,16,16,7,3,4,8,6,7,1,0,0,100,69,72,31,18,21,15,1,1,1787412803.8707542,G1,T01,sotto_banco_immobile,1,static
4377698,1,1,1,54,59,100,100,0,87,100,34,12,1,8,3,6,3,0,0,100,70,72,30,18,20,15,1,1,1787412804.0713234,G1,T01,sotto_banco_immobile,1,static
4377898,1,1,1,59,56,100,100,0,100,100,36,10,3,4,4,4,5,0,0,100,68,71,29,17,20,15,1,1,1787412804.2713811,G1,T01,sotto_banco_immobile,1,static
4378098,1,1,1,69,58,100,100,0,86,100,54,5,11,1,4,2,7,0,0,100,64,68,28,17,19,14,1,1,1787412804.4713116,G1,T01,sotto_banco_immobile,1,static
4378298,1,1,1,76,76,100,100,0,36,100,47,3,10,3,4,1,8,0,0,100,64,67,28,17,20,15,1,1,1787412804.671324,G1,T01,sotto_banco_immobile,1,static
4378498,1,1,1,54,67,100,100,0,100,100,36,10,12,9,4,5,9,0,0,100,66,68,30,18,21,16,1,1,1787412804.871611,G1,T01,sotto_banco_immobile,1,static
4378698,1,1,1,75,60,100,100,0,53,100,57,4,10,11,6,6,10,0,0,100,66,74,33,19,22,17,1,1,1787412805.0716662,G1,T01,sotto_banco_immobile,1,static
4378898,1,1,1,43,78,60,100,0,56,60,15,9,5,7,7,5,5,0,0,100,66,79,34,20,23,18,1,1,1787412805.2709594,G1,T01,sotto_banco_immobile,1,static
4379098,1,1,1,65,79,93,100,0,63,93,39,4,11,4,6,3,5,0,0,100,67,77,34,19,22,17,1,1,1787412805.4706326,G1,T01,sotto_banco_immobile,1,static
4379298,1,1,1,75,62,100,100,0,46,100,46,6,10,1,6,1,5,0,0,100,67,72,31,18,21,16,1,1,1787412805.6707513,G1,T01,sotto_banco_immobile,1,static
4379498,1,1,1,73,79,100,100,0,46,100,40,10,11,4,4,2,5,0,0,100,69,69,30,17,21,15,1,1,1787412805.8711908,G1,T01,sotto_banco_immobile,1,static
4379698,1,1,1,75,77,100,100,0,13,100,16,10,7,2,4,3,3,0,0,100,69,70,30,17,21,15,1,1,1787412806.0713472,G1,T01,sotto_banco_immobile,1,static
4379898,1,1,1,69,70,56,100,0,25,56,14,8,4,5,2,5,6,0,0,100,69,70,31,18,21,15,1,1,1787412806.2707555,G1,T01,sotto_banco_immobile,1,static
4380098,1,1,1,63,66,57,100,0,31,57,8,8,4,6,4,5,5,0,0,100,69,68,31,18,22,15,1,1,1787412806.4701195,G1,T01,sotto_banco_immobile,1,static
4380298,1,1,1,30,63,74,100,0,74,72,13,2,2,7,4,5,5,0,0,100,67,66,31,19,22,15,1,1,1787412806.6711142,G1,T01,sotto_banco_immobile,1,static
4380498,1,1,1,48,41,100,100,0,100,100,37,9,5,7,5,5,2,0,0,100,69,63,30,19,21,15,1,1,1787412806.8709002,G1,T01,sotto_banco_immobile,1,static
4380698,1,1,1,42,48,95,100,0,91,95,27,7,9,8,4,8,2,0,0,100,74,63,30,19,22,15,1,1,1787412807.0708835,G1,T01,sotto_banco_immobile,1,static
4380898,1,1,1,59,42,100,100,0,82,100,29,7,1,7,6,5,4,0,0,100,76,63,30,18,21,15,1,1,1787412807.271247,G1,T01,sotto_banco_immobile,1,static
4381098,1,1,1,42,58,100,100,0,100,100,18,8,2,6,7,4,5,0,0,100,73,63,29,18,21,14,1,1,1787412807.4713466,G1,T01,sotto_banco_immobile,1,static
4381298,1,1,1,67,58,100,100,0,100,100,89,7,11,3,7,1,7,0,0,100,69,59,28,17,20,13,1,1,1787412807.6710908,G1,T01,sotto_banco_immobile,1,static
4381498,1,1,1,79,73,100,100,0,33,100,78,10,8,4,7,2,9,0,0,100,66,59,28,17,20,13,1,1,1787412807.8714266,G1,T01,sotto_banco_immobile,1,static
4381698,1,1,1,80,80,100,100,0,35,100,100,5,10,8,8,5,10,0,0,100,66,63,29,18,21,14,1,1,1787412808.07168,G1,T01,sotto_banco_immobile,1,static
4381898,1,1,1,66,76,100,100,0,96,100,51,10,7,12,8,7,7,0,0,100,68,70,32,20,23,16,1,1,1787412808.2715955,G1,T01,sotto_banco_immobile,1,static
4382098,1,0,1,0,57,0,100,0,13,37,8,3,6,6,10,6,5,0,0,100,70,78,35,21,24,17,1,1,1787412808.4710648,G1,T01,sotto_banco_immobile,1,static
4382298,1,1,1,74,66,100,100,0,91,100,85,2,11,9,6,5,7,0,0,100,69,83,36,21,24,18,1,1,1787412808.6710186,G1,T01,sotto_banco_immobile,1,static
4382498,1,1,1,69,74,100,100,0,100,100,59,12,7,6,5,1,8,0,0,100,67,81,34,21,23,17,1,1,1787412808.8648248,G1,T01,sotto_banco_immobile,1,static
4382698,1,1,1,77,76,100,100,0,41,100,66,8,7,2,1,1,7,0,0,100,64,75,32,20,22,16,1,1,1787412809.0706444,G1,T01,sotto_banco_immobile,1,static
4382898,1,1,1,69,74,100,100,0,53,100,33,2,8,3,3,3,5,0,0,100,61,71,30,20,21,15,1,1,1787412809.2715287,G1,T01,sotto_banco_immobile,1,static
4383098,1,1,1,65,67,100,100,0,63,100,24,7,8,6,4,5,1,0,0,100,60,71,30,20,21,15,1,1,1787412809.4708674,G1,T01,sotto_banco_immobile,1,static
4383298,1,1,1,30,49,60,100,0,60,59,10,7,4,3,4,5,2,0,0,100,59,72,31,20,22,16,1,1,1787412809.6711254,G1,T01,sotto_banco_immobile,1,static
4383498,1,1,1,56,54,100,100,0,100,100,44,6,4,3,6,5,2,0,0,100,56,71,30,21,22,16,1,1,1787412809.8711052,G1,T01,sotto_banco_immobile,1,static
4383698,1,1,1,49,54,100,100,0,100,100,35,9,3,6,8,6,2,0,0,100,55,71,30,22,23,17,1,1,1787412810.0709615,G1,T01,sotto_banco_immobile,1,static
4383898,1,1,1,49,46,100,100,0,89,100,32,7,6,6,8,8,1,0,0,100,58,71,30,23,23,17,1,1,1787412810.2714374,G1,T01,sotto_banco_immobile,1,static
4384098,1,1,1,70,49,100,100,0,50,100,22,9,4,6,7,6,2,0,0,100,60,73,30,23,23,17,1,1,1787412810.4713252,G1,T01,sotto_banco_immobile,1,static
4384298,1,0,1,0,50,0,100,0,45,34,24,8,7,10,5,6,4,0,0,100,64,76,30,22,23,17,1,1,1787412810.670451,G1,T01,sotto_banco_immobile,1,static
4384498,1,1,1,69,67,100,100,0,100,100,60,9,3,3,3,2,7,0,0,100,66,79,30,22,22,16,1,1,1787412810.871478,G1,T01,sotto_banco_immobile,1,static
4384698,1,1,1,79,75,100,100,0,31,100,70,9,11,4,4,1,9,0,0,100,65,79,30,21,22,16,1,1,1787412811.0706265,G1,T01,sotto_banco_immobile,1,static
4384898,1,1,1,72,78,100,100,0,65,100,49,4,12,8,5,4,10,0,0,100,65,81,32,22,23,17,1,1,1787412811.2714674,G1,T01,sotto_banco_immobile,1,static
4385098,1,1,1,82,79,100,100,0,17,100,55,8,6,7,9,4,9,0,0,100,67,85,34,23,24,18,1,1,1787412811.4712324,G1,T01,sotto_banco_immobile,1,static
4385298,1,1,1,79,82,100,100,0,23,100,42,3,7,2,7,3,6,0,0,100,68,89,36,24,24,19,1,1,1787412811.6707945,G1,T01,sotto_banco_immobile,1,static
4385498,1,1,1,72,75,100,100,0,69,100,51,4,10,7,4,1,8,0,0,100,66,88,35,23,24,19,1,1,1787412811.87141,G1,T01,sotto_banco_immobile,1,static
4385698,1,1,1,77,77,100,100,0,29,100,47,11,4,3,3,2,6,0,0,100,64,83,34,22,22,18,1,1,1787412812.0715318,G1,T01,sotto_banco_immobile,1,static
4385898,1,1,1,70,71,100,100,0,56,100,34,5,8,4,4,3,3,0,0,100,62,76,31,21,21,17,1,1,1787412812.2706754,G1,T01,sotto_banco_immobile,1,static
4386098,1,1,1,61,63,100,100,0,100,100,46,3,9,9,7,6,3,0,0,100,59,72,29,20,20,17,1,1,1787412812.471591,G1,T01,sotto_banco_immobile,1,static
4386298,1,1,1,39,46,82,100,0,80,82,8,4,4,7,8,6,4,0,0,100,55,70,29,20,20,16,1,1,1787412812.671151,G1,T01,sotto_banco_immobile,1,static
4386498,1,1,1,30,30,54,100,0,54,38,6,7,5,6,10,6,3,0,0,100,55,69,29,21,20,17,1,1,1787412812.8711548,G1,T01,sotto_banco_immobile,1,static
4386698,1,1,1,30,30,59,100,0,59,51,8,4,3,7,9,7,3,0,0,100,57,69,29,22,21,17,1,1,1787412813.0712318,G1,T01,sotto_banco_immobile,1,static
4386898,1,0,1,0,30,0,100,0,44,50,16,6,6,8,7,7,1,0,0,100,61,68,29,22,21,17,1,1,1787412813.271091,G1,T01,sotto_banco_immobile,1,static
4387098,1,0,1,0,30,0,100,0,30,47,16,6,5,6,6,7,1,0,0,100,65,66,28,22,21,17,1,1,1787412813.4709432,G1,T01,sotto_banco_immobile,1,static
4387298,1,1,1,57,30,100,100,0,93,100,29,9,5,6,3,7,4,0,0,100,66,65,28,22,21,17,1,1,1787412813.6715028,G1,T01,sotto_banco_immobile,1,static
4387498,1,1,1,42,58,100,100,0,100,100,26,5,5,5,4,3,3,0,0,100,67,64,27,21,20,16,1,1,1787412813.8713965,G1,T01,sotto_banco_immobile,1,static
4387698,1,1,1,62,53,100,100,0,97,100,43,10,5,6,2,2,6,0,0,100,67,63,26,19,19,16,1,1,1787412814.0716217,G1,T01,sotto_banco_immobile,1,static
4387898,1,1,1,74,67,100,100,0,63,100,56,10,8,4,2,1,7,0,0,100,67,61,26,19,19,16,1,1,1787412814.27162,G1,T01,sotto_banco_immobile,1,static
4388098,1,1,1,80,76,100,100,0,17,100,92,14,14,6,4,2,9,0,0,100,68,62,26,20,19,16,1,1,1787412814.4717796,G1,T01,sotto_banco_immobile,1,static
4388298,1,1,1,79,80,100,100,0,37,100,89,4,2,10,5,6,11,0,0,100,71,64,28,21,20,17,1,1,1787412814.6709428,G1,T01,sotto_banco_immobile,1,static
4388498,1,1,1,76,75,70,100,0,16,70,22,9,6,5,5,5,8,0,0,100,73,66,30,22,22,18,1,1,1787412814.8710415,G1,T01,sotto_banco_immobile,1,static
4388698,1,1,1,76,72,100,100,0,56,100,80,9,3,4,3,2,6,0,0,100,75,69,30,22,22,18,1,1,1787412815.070965,G1,T01,sotto_banco_immobile,1,static
4388898,1,1,1,76,80,100,100,0,62,100,81,14,8,2,2,4,5,0,0,100,73,65,28,22,22,17,1,1,1787412815.2716455,G1,T01,sotto_banco_immobile,1,static
4389098,1,1,1,69,70,100,100,0,61,100,34,7,10,3,4,5,3,0,0,100,71,59,25,21,21,16,1,1,1787412815.4717171,G1,T01,sotto_banco_immobile,1,static
4389298,1,1,1,57,63,100,100,0,100,100,44,4,7,4,6,6,2,0,0,100,68,57,24,20,21,16,1,1,1787412815.6716363,G1,T01,sotto_banco_immobile,1,static
4389498,1,1,1,49,51,100,100,0,100,100,41,9,6,5,10,7,2,0,0,100,68,59,24,21,21,16,1,1,1787412815.8718915,G1,T01,sotto_banco_immobile,1,static
4389698,1,1,1,30,40,84,100,0,84,82,23,6,4,5,9,7,1,0,0,100,70,59,24,22,22,16,1,1,1787412816.0714684,G1,T01,sotto_banco_immobile,1,static
4389898,1,1,1,52,30,76,100,0,64,76,24,11,9,6,6,9,1,0,0,100,72,60,25,23,23,16,1,1,1787412816.2714665,G1,T01,sotto_banco_immobile,1,static
4390098,1,0,1,0,48,0,100,0,47,47,15,6,4,7,5,9,1,0,0,100,75,59,24,23,23,17,1,1,1787412816.4710686,G1,T01,sotto_banco_immobile,1,static
4390298,1,0,1,0,48,0,100,0,27,41,11,2,3,8,4,8,1,0,0,100,79,59,24,23,24,17,1,1,1787412816.671238,G1,T01,sotto_banco_immobile,1,static
4390498,1,1,1,52,48,87,100,0,70,87,19,11,5,6,6,6,2,0,0,100,81,60,23,22,24,17,1,1,1787412816.8709202,G1,T01,sotto_banco_immobile,1,static
4390698,1,1,1,48,57,100,100,0,100,100,26,7,4,4,7,5,3,0,0,100,81,61,23,21,23,16,1,1,1787412817.0714679,G1,T01,sotto_banco_immobile,1,static
4390898,1,1,1,60,46,100,100,0,100,100,58,14,3,6,7,3,4,0,0,100,82,62,22,20,22,15,1,1,1787412817.2717395,G1,T01,sotto_banco_immobile,1,static
4391098,1,1,1,73,67,100,100,0,100,100,97,15,13,3,8,1,8,0,0,100,83,63,22,20,22,15,1,1,1787412817.4719179,G1,T01,sotto_banco_immobile,1,static
4391298,1,1,1,80,76,100,100,0,19,100,100,3,15,9,6,5,12,0,0,100,86,67,24,22,24,16,1,1,1787412817.6717336,G1,T01,sotto_banco_immobile,1,static
4391498,1,1,1,72,79,100,100,0,100,100,99,4,9,10,7,9,4,0,0,100,87,75,28,23,26,18,1,1,1787412817.8717775,G1,T01,sotto_banco_immobile,1,static
4391698,1,1,1,42,52,100,100,0,100,100,34,3,9,5,7,9,4,0,0,100,87,84,32,25,28,20,1,1,1787412818.071764,G1,T01,sotto_banco_immobile,1,static
4391898,1,0,1,0,59,0,100,0,14,49,15,6,7,7,7,6,3,0,0,100,84,94,36,26,30,21,1,1,1787412818.2708764,G1,T01,sotto_banco_immobile,1,static
4392098,1,1,1,55,46,100,100,0,100,100,48,7,8,5,8,2,5,0,0,100,79,98,37,26,31,22,1,1,1787412818.471843,G1,T01,sotto_banco_immobile,1,static
4392298,1,1,1,71,60,100,100,0,100,100,100,6,12,8,8,4,9,0,0,100,73,95,35,25,30,21,1,1,1787412818.6715374,G1,T01,sotto_banco_immobile,1,static
4392498,1,1,1,79,77,100,100,0,40,100,100,10,12,4,2,2,11,0,0,100,68,93,34,25,29,21,1,1,1787412818.8716388,G1,T01,sotto_banco_immobile,1,static
4392698,1,1,1,72,74,100,100,0,90,100,70,10,9,1,2,2,7,0,0,100,65,91,34,24,29,21,1,1,1787412819.0714335,G1,T01,sotto_banco_immobile,1,static
4392898,1,1,1,64,68,100,100,0,82,100,31,4,1,4,3,4,5,0,0,100,64,94,35,25,29,22,1,1,1787412819.2717783,G1,T01,sotto_banco_immobile,1,static
4393098,1,1,1,48,60,100,100,0,99,100,22,6,6,4,5,5,3,0,0,100,64,97,36,25,30,22,1,1,1787412819.4711874,G1,T01,sotto_banco_immobile,1,static
4393298,1,1,1,45,49,100,100,0,100,100,20,6,8,6,8,7,3,0,0,100,65,98,37,26,30,22,1,1,1787412819.671165,G1,T01,sotto_banco_immobile,1,static
4393498,1,1,1,30,30,94,100,0,94,91,21,9,5,6,9,6,3,0,0,100,65,98,37,26,31,22,1,1,1787412819.8710058,G1,T01,sotto_banco_immobile,1,static
4393698,1,1,1,30,45,77,100,0,77,68,12,9,5,5,7,8,2,0,0,100,65,98,37,26,31,22,1,1,1787412820.0710628,G1,T01,sotto_banco_immobile,1,static
4393898,1,0,1,0,30,0,100,0,15,26,13,6,3,6,6,8,3,0,0,100,64,98,37,26,31,22,1,1,1787412820.271398,G1,T01,sotto_banco_immobile,1,static
4394098,1,1,1,61,30,94,100,0,66,94,32,2,4,6,6,7,2,0,0,100,62,96,37,25,30,22,1,1,1787412820.4715734,G1,T01,sotto_banco_immobile,1,static
4394298,1,1,1,49,39,100,100,0,100,100,47,4,2,6,6,6,5,0,0,100,61,93,37,24,30,21,1,1,1787412820.6718564,G1,T01,sotto_banco_immobile,1,static
4394498,1,1,1,65,59,100,100,0,100,100,92,10,10,4,3,2,8,0,0,100,58,91,37,25,30,21,1,1,1787412820.871949,G1,T01,sotto_banco_immobile,1,static
4394698,1,1,1,79,73,100,100,0,43,100,100,3,11,4,5,3,9,0,0,100,58,94,37,26,31,22,1,1,1787412821.0719123,G1,T01,sotto_banco_immobile,1,static
4394898,1,1,1,65,77,100,100,0,100,100,52,10,8,8,8,5,7,0,0,100,56,99,39,28,33,24,1,1,1787412821.2717557,G1,T01,sotto_banco_immobile,1,static
4395098,1,1,1,58,54,100,100,0,100,100,55,3,7,9,10,8,1,0,0,100,51,100,42,29,34,25,1,1,1787412821.4720287,G1,T01,sotto_banco_immobile,1,static
4395298,1,1,1,30,53,61,100,0,61,57,18,5,9,4,8,8,2,0,0,100,46,100,42,30,34,25,1,1,1787412821.6711166,G1,T01,sotto_banco_immobile,1,static
4395498,1,1,1,70,79,100,100,0,68,100,47,4,9,4,4,7,4,0,0,100,43,100,41,29,34,24,1,1,1787412821.871208,G1,T01,sotto_banco_immobile,1,static
4395698,1,1,1,70,46,100,100,0,100,100,100,3,8,9,1,2,6,0,0,100,43,99,38,29,32,24,1,1,1787412822.0719724,G1,T01,sotto_banco_immobile,1,static
4395898,1,1,1,80,77,100,100,0,20,100,100,10,10,4,4,1,8,0,0,100,46,91,34,28,30,22,1,1,1787412822.2719054,G1,T01,sotto_banco_immobile,1,static
4396098,1,1,1,75,76,100,100,0,82,100,78,9,7,3,1,3,6,0,0,100,48,86,32,27,29,22,1,1,1787412822.4716685,G1,T01,sotto_banco_immobile,1,static
4396298,1,1,1,53,68,51,100,0,39,51,8,6,3,5,2,3,1,0,0,100,49,85,32,27,29,22,1,1,1787412822.6715596,G1,T01,sotto_banco_immobile,1,static
4396498,1,1,1,56,53,86,100,0,64,86,18,9,5,3,5,5,1,0,0,100,49,85,32,27,29,22,1,1,1787412822.8715706,G1,T01,sotto_banco_immobile,1,static
4396698,1,1,1,53,55,100,100,0,100,100,56,4,8,3,8,6,1,0,0,100,47,85,32,28,30,22,1,1,1787412823.0717943,G1,T01,sotto_banco_immobile,1,static
4396898,1,1,1,41,49,100,100,0,100,100,42,8,7,4,8,9,1,0,0,100,49,85,32,29,30,23,1,1,1787412823.2720366,G1,T01,sotto_banco_immobile,1,static
4397098,1,1,1,30,30,71,100,0,71,69,18,12,12,4,7,8,2,0,0,100,53,86,31,29,30,23,1,1,1787412823.4718254,G1,T01,sotto_banco_immobile,1,static
4397298,1,0,1,0,30,0,100,0,16,18,15,2,5,4,5,6,2,0,0,100,57,86,30,29,31,23,1,1,1787412823.671138,G1,T01,sotto_banco_immobile,1,static
4397498,1,1,1,53,30,69,100,0,54,69,14,10,3,5,6,4,2,0,0,100,60,86,30,29,31,23,1,1,1787412823.871254,G1,T01,sotto_banco_immobile,1,static
4397698,1,1,1,52,51,100,100,0,94,100,23,10,3,3,7,2,3,0,0,100,60,85,29,28,30,22,1,1,1787412824.07131,G1,T01,sotto_banco_immobile,1,static
4397898,1,1,1,53,46,100,100,0,100,100,65,9,7,2,9,3,6,0,0,100,59,83,29,27,29,22,1,1,1787412824.2719357,G1,T01,sotto_banco_immobile,1,static
4398098,1,1,1,67,62,100,100,0,100,100,100,11,7,4,7,1,8,0,0,100,61,84,28,28,29,21,1,1,1787412824.471973,G1,T01,sotto_banco_immobile,1,static
4398298,1,1,1,79,73,100,100,0,35,100,100,8,4,3,5,5,10,0,0,100,63,88,28,29,30,22,1,1,1787412824.671272,G1,T01,sotto_banco_immobile,1,static
4398498,1,1,1,74,79,100,100,0,100,100,100,7,11,9,8,7,9,0,0,100,66,94,30,30,31,23,1,1,1787412824.8720245,G1,T01,sotto_banco_immobile,1,static
4398698,1,1,1,61,67,100,100,0,100,100,74,7,9,8,10,9,3,0,0,100,67,97,32,30,32,24,1,1,1787412825.0720835,G1,T01,sotto_banco_immobile,1,static
4398898,1,1,1,67,63,100,100,0,100,100,77,4,9,4,8,2,2,0,0,100,65,100,33,30,33,24,1,1,1787412825.272136,G1,T01,sotto_banco_immobile,1,static
4399098,1,1,1,66,67,100,100,0,100,100,84,4,10,4,3,2,3,0,0,100,65,99,32,30,33,24,1,1,1787412825.4720192,G1,T01,sotto_banco_immobile,1,static
4399298,1,1,1,76,70,100,100,0,100,100,100,6,15,10,4,8,6,0,0,100,65,94,30,29,31,23,1,1,1787412825.672348,G1,T01,sotto_banco_immobile,1,static
4399498,1,1,1,77,82,100,100,0,99,100,100,11,11,1,6,4,9,0,0,100,68,90,29,28,30,22,1,1,1787412825.8720934,G1,T01,sotto_banco_immobile,1,static
4399698,1,1,1,67,73,100,100,0,100,100,92,12,9,3,5,4,7,0,0,100,73,91,29,28,30,22,1,1,1787412826.072074,G1,T01,sotto_banco_immobile,1,static
4399898,1,1,1,64,65,100,100,0,86,100,27,10,6,5,6,6,3,0,0,100,72,95,30,28,32,23,1,1,1787412826.2719295,G1,T01,sotto_banco_immobile,1,static
4400098,1,0,1,0,64,0,100,0,46,39,8,7,2,4,7,6,3,0,0,100,70,95,30,29,33,23,1,1,1787412826.4714036,G1,T01,sotto_banco_immobile,1,static
4400298,1,1,1,30,30,96,100,0,96,96,15,5,4,3,8,8,4,0,0,100,70,96,30,30,33,23,1,1,1787412826.6712942,G1,T01,sotto_banco_immobile,1,static
4400498,1,1,1,30,30,100,100,0,100,100,24,8,3,3,10,7,2,0,0,100,71,96,30,30,33,23,1,1,1787412826.8712814,G1,T01,sotto_banco_immobile,1,static
4400698,1,1,1,51,42,100,100,0,100,100,44,8,9,7,6,10,1,0,0,100,76,98,30,30,33,23,1,1,1787412827.0716588,G1,T01,sotto_banco_immobile,1,static
4400898,1,0,1,0,45,0,100,0,13,10,5,2,2,7,3,6,2,0,0,100,77,99,30,30,33,23,1,1,1787412827.2715335,G1,T01,sotto_banco_immobile,1,static
4401098,1,1,1,49,53,100,100,0,100,100,38,8,9,6,5,4,2,0,0,100,75,96,30,30,33,23,1,1,1787412827.4721498,G1,T01,sotto_banco_immobile,1,static
4401298,1,1,1,46,45,100,100,0,100,100,59,10,5,6,8,7,4,0,0,100,73,92,30,29,32,22,1,1,1787412827.6720235,G1,T01,sotto_banco_immobile,1,static
4401498,1,1,1,64,56,100,100,0,100,100,100,14,3,6,7,4,7,0,0,100,72,90,29,29,32,22,1,1,1787412827.871908,G1,T01,sotto_banco_immobile,1,static
4401698,1,1,1,76,72,100,100,0,60,100,98,4,11,1,4,3,8,0,0,100,74,90,29,30,33,23,1,1,1787412828.071401,G1,T01,sotto_banco_immobile,1,static
4401898,1,1,1,73,78,100,100,0,51,100,42,9,9,5,8,4,11,0,0,100,74,94,31,31,34,24,1,1,1787412828.271993,G1,T01,sotto_banco_immobile,1,static
4402098,1,1,1,73,62,100,100,0,68,100,54,4,8,8,10,5,8,0,0,100,73,97,32,32,35,25,1,1,1787412828.470662,G1,T01,sotto_banco_immobile,1,static
4402298,1,0,1,0,82,0,100,0,39,48,9,7,3,6,9,6,4,0,0,100,70,99,34,32,35,26,1,1,1787412828.6708813,G1,T01,sotto_banco_immobile,1,static
4402498,1,1,1,75,74,100,100,0,96,100,100,3,14,3,4,4,7,0,0,100,66,95,33,31,34,25,1,1,1787412828.8713133,G1,T01,sotto_banco_immobile,1,static
4402698,1,1,1,75,80,100,100,0,100,100,100,7,9,5,2,3,9,0,0,100,65,89,32,30,33,24,1,1,1787412829.0721292,G1,T01,sotto_banco_immobile,1,static
4402898,1,1,1,65,69,100,100,0,100,100,54,9,2,5,4,6,2,0,0,100,67,82,29,29,31,23,1,1,1787412829.271824,G1,T01,sotto_banco_immobile,1,static
4403098,1,0,1,0,67,0,100,0,18,17,13,7,5,5,6,5,3,0,0,100,67,77,28,28,30,22,1,1,1787412829.4715443,G1,T01,sotto_banco_immobile,1,static
4403298,1,1,1,50,67,70,100,0,59,70,17,7,5,5,6,5,3,0,0,100,67,76,28,28,30,22,1,1,1787412829.6714916,G1,T01,sotto_banco_immobile,1,static
4403498,1,1,1,48,39,100,100,0,100,100,43,5,2,4,9,7,4,0,0,100,65,73,27,29,31,22,1,1,1787412829.8719883,G1,T01,sotto_banco_immobile,1,static
4403698,1,1,1,46,45,100,100,0,100,100,42,11,7,4,10,9,1,0,0,100,63,69,26,30,31,22,1,1,1787412830.0721726,G1,T01,sotto_banco_immobile,1,static
4403898,1,1,1,48,42,87,100,0,77,87,22,3,5,5,5,8,1,0,0,100,65,65,24,30,31,22,1,1,1787412830.2720232,G1,T01,sotto_banco_immobile,1,static
4404098,1,1,1,58,48,88,100,0,62,88,21,8,2,4,5,7,2,0,0,100,67,62,24,30,30,22,1,1,1787412830.4714887,G1,T01,sotto_banco_immobile,1,static
4404298,1,1,1,43,52,99,100,0,92,99,15,7,3,4,7,6,3,0,0,100,68,60,23,28,30,21,1,1,1787412830.6716127,G1,T01,sotto_banco_immobile,1,static
4404498,1,1,1,52,30,100,100,0,100,100,75,10,2,6,7,6,6,0,0,100,68,58,22,27,29,20,1,1,1787412830.8722215,G1,T01,sotto_banco_immobile,1,static
4404698,1,1,1,70,63,100,100,0,100,100,100,8,4,2,6,3,9,0,0,100,67,55,21,26,28,20,1,1,1787412831.0722096,G1,T01,sotto_banco_immobile,1,static
4404898,1,1,1,78,75,100,100,0,23,100,77,11,7,1,6,4,10,0,0,100,67,52,21,27,28,20,1,1,1787412831.271558,G1,T01,sotto_banco_immobile,1,static
4405098,1,1,1,61,71,100,100,0,84,100,20,5,6,5,9,5,7,0,0,100,66,54,22,28,30,21,1,1,1787412831.4721162,G1,T01,sotto_banco_immobile,1,static
4405298,1,1,1,79,30,73,100,0,16,73,29,4,8,5,6,4,2,0,0,100,65,57,23,29,30,23,1,1,1787412831.6717079,G1,T01,sotto_banco_immobile,1,static
4405498,1,1,1,62,53,100,100,0,74,100,23,1,6,2,3,3,1,0,0,100,62,60,24,29,30,23,1,1,1787412831.8718946,G1,T01,sotto_banco_immobile,1,static
4405698,1,1,1,77,76,100,100,0,23,100,68,2,10,5,2,4,4,0,0,100,58,59,24,28,30,22,1,1,1787412832.0723376,G1,T01,sotto_banco_immobile,1,static
4405898,1,1,1,67,72,100,100,0,100,100,73,11,3,4,2,4,7,0,0,100,58,55,23,27,29,21,1,1,1787412832.2721672,G1,T01,sotto_banco_immobile,1,static
4406098,1,1,1,62,65,100,100,0,100,100,62,8,9,6,6,8,8,0,0,100,58,51,22,26,28,21,1,1,1787412832.4720063,G1,T01,sotto_banco_immobile,1,static
4406298,1,1,1,30,52,58,100,0,58,51,13,2,7,5,7,7,6,0,0,100,57,48,21,26,27,20,1,1,1787412832.6718624,G1,T01,sotto_banco_immobile,1,static
4406498,1,1,1,30,30,99,100,0,99,96,18,4,5,5,8,7,6,0,0,100,57,46,20,27,27,20,1,1,1787412832.8713,G1,T01,sotto_banco_immobile,1,static
4406698,1,1,1,46,43,100,100,0,100,100,28,9,3,2,10,7,3,0,0,100,58,44,19,27,28,20,1,1,1787412833.0722048,G1,T01,sotto_banco_immobile,1,static
4406898,1,1,1,43,43,100,100,0,100,100,32,7,10,4,8,9,2,0,0,100,60,44,18,28,28,20,1,1,1787412833.2721756,G1,T01,sotto_banco_immobile,1,static
4407098,1,1,1,30,40,91,100,0,91,86,21,8,5,3,5,8,1,0,0,100,64,45,17,28,28,20,1,1,1787412833.47172,G1,T01,sotto_banco_immobile,1,static
4407298,1,1,1,40,30,100,100,0,100,100,16,10,2,4,5,5,2,0,0,100,66,45,16,28,28,20,1,1,1787412833.672178,G1,T01,sotto_banco_immobile,1,static
4407498,1,1,1,30,30,100,100,0,100,100,34,9,5,6,7,6,3,0,0,100,67,47,17,27,27,20,1,1,1787412833.8722494,G1,T01,sotto_banco_immobile,1,static
4407698,1,1,1,59,50,100,100,0,100,100,82,7,4,6,8,5,6,0,0,100,66,47,17,26,26,19,1,1,1787412834.0715845,G1,T01,sotto_banco_immobile,1,static
4407898,1,1,1,73,64,100,100,0,100,100,100,5,10,1,6,2,8,0,0,100,66,46,17,26,26,19,1,1,1787412834.2724516,G1,T01,sotto_banco_immobile,1,static
4408098,1,1,1,80,76,100,100,0,19,100,100,11,8,5,5,5,9,0,0,100,67,49,18,27,26,20,1,1,1787412834.4722123,G1,T01,sotto_banco_immobile,1,static
4408298,1,1,1,66,75,100,100,0,100,100,49,7,9,9,7,7,6,0,0,100,68,54,20,28,28,21,1,1,1787412834.672318,G1,T01,sotto_banco_immobile,1,static
4408498,1,0,1,0,69,0,100,0,15,44,16,4,3,7,7,7,1,0,0,100,68,59,23,30,30,23,1,1,1787412834.8716564,G1,T01,sotto_banco_immobile,1,static
4408698,1,1,1,69,69,100,100,0,74,100,49,5,6,5,5,5,4,0,0,100,64,61,24,30,30,23,1,1,1787412835.0722857,G1,T01,sotto_banco_immobile,1,static
4408898,1,1,1,72,65,100,100,0,86,100,55,1,9,1,1,3,7,0,0,100,61,60,23,30,30,23,1,1,1787412835.2723434,G1,T01,sotto_banco_immobile,1,static
4409098,1,1,1,73,77,100,100,0,69,100,50,6,5,4,1,4,8,0,0,100,60,57,22,28,28,22,1,1,1787412835.4720109,G1,T01,sotto_banco_immobile,1,static
4409298,1,1,1,62,67,100,100,0,100,100,44,7,5,7,2,4,5,0,0,100,59,54,22,27,27,21,1,1,1787412835.6722806,G1,T01,sotto_banco_immobile,1,static
4409498,1,1,1,59,64,100,100,0,100,100,66,6,9,5,5,7,7,0,0,100,58,55,22,27,27,21,1,1,1787412835.8723264,G1,T01,sotto_banco_immobile,1,static
4409698,1,1,1,48,54,100,100,0,100,100,41,6,7,5,9,6,7,0,0,100,58,56,22,29,28,21,1,1,1787412836.0723236,G1,T01,sotto_banco_immobile,1,static
4409898,1,1,1,50,49,100,100,0,100,100,58,8,6,3,11,9,4,0,0,100,58,57,22,30,28,22,1,1,1787412836.2724867,G1,T01,sotto_banco_immobile,1,static
4410098,1,1,1,45,50,89,100,0,81,89,15,8,5,3,6,9,1,0,0,100,59,57,21,31,29,22,1,1,1787412836.4719918,G1,T01,sotto_banco_immobile,1,static
4410298,1,1,1,41,47,57,100,0,55,57,15,1,4,5,4,7,1,0,0,100,63,58,21,31,30,22,1,1,1787412836.6717207,G1,T01,sotto_banco_immobile,1,static
4410498,1,1,1,48,41,54,100,0,48,54,15,8,2,3,6,4,1,0,0,100,65,59,20,31,30,23,1,1,1787412836.8720875,G1,T01,sotto_banco_immobile,1,static
4410698,1,1,1,30,30,100,100,0,100,100,22,7,7,7,7,6,2,0,0,100,63,61,20,30,30,22,1,1,1787412837.0716403,G1,T01,sotto_banco_immobile,1,static
4410898,1,1,1,56,46,100,100,0,100,100,100,13,7,6,7,5,6,0,0,100,62,61,21,29,29,22,1,1,1787412837.2724082,G1,T01,sotto_banco_immobile,1,static
4411098,1,1,1,71,64,100,100,0,100,100,96,8,7,4,4,3,9,0,0,100,61,58,21,29,29,22,1,1,1787412837.4716873,G1,T01,sotto_banco_immobile,1,static
4411298,1,1,1,79,75,100,100,0,29,100,100,5,11,1,6,3,9,0,0,100,62,58,22,30,29,22,1,1,1787412837.6723564,G1,T01,sotto_banco_immobile,1,static
4411498,1,1,1,75,79,100,100,0,88,100,93,7,9,8,9,8,5,0,0,100,64,61,24,32,31,24,1,1,1787412837.8718026,G1,T01,sotto_banco_immobile,1,static
4411698,1,1,1,53,65,91,100,0,72,91,19,4,7,8,9,6,1,0,0,100,62,67,26,34,33,26,1,1,1787412838.0720916,G1,T01,sotto_banco_immobile,1,static
4411898,1,1,1,76,50,100,100,0,61,100,70,2,4,4,6,5,2,0,0,100,58,71,28,34,34,26,1,1,1787412838.272342,G1,T01,sotto_banco_immobile,1,static
4412098,1,1,1,77,78,100,100,0,38,100,60,7,8,2,2,2,5,0,0,100,56,68,27,33,33,25,1,1,1787412838.4722445,G1,T01,sotto_banco_immobile,1,static
4412298,1,1,1,73,65,100,100,0,51,100,34,8,8,3,2,3,8,0,0,100,56,62,24,32,31,24,1,1,1787412838.6723104,G1,T01,sotto_banco_immobile,1,static
4412498,1,1,1,72,76,100,100,0,81,100,58,6,9,6,1,4,8,0,0,100,57,57,23,31,30,23,1,1,1787412838.872115,G1,T01,sotto_banco_immobile,1,static
4412698,1,1,1,61,65,100,100,0,100,100,34,2,4,6,2,5,8,0,0,100,56,55,22,30,29,22,1,1,1787412839.0724132,G1,T01,sotto_banco_immobile,1,static
4412898,1,1,1,53,60,100,100,0,100,100,36,2,8,6,5,7,7,0,0,100,55,56,23,30,30,22,1,1,1787412839.2717533,G1,T01,sotto_banco_immobile,1,static
4413098,1,1,1,53,51,100,100,0,100,100,46,5,4,6,8,6,6,0,0,100,54,56,23,31,30,22,1,1,1787412839.4724958,G1,T01,sotto_banco_immobile,1,static
4413298,1,1,1,54,57,100,100,0,100,100,57,9,3,5,9,8,2,0,0,100,56,56,22,32,31,23,1,1,1787412839.6722293,G1,T01,sotto_banco_immobile,1,static
4413498,1,1,1,45,50,100,100,0,94,100,26,9,6,5,6,9,1,0,0,100,60,55,21,32,31,23,1,1,1787412839.8720727,G1,T01,sotto_banco_immobile,1,static
4413698,1,0,1,0,47,0,100,0,38,49,18,6,4,5,6,8,1,0,0,100,64,54,20,32,31,23,1,1,1787412840.0717013,G1,T01,sotto_banco_immobile,1,static
4413898,1,1,1,60,58,100,100,0,100,100,58,8,1,4,7,5,4,0,0,100,62,52,20,30,30,23,1,1,1787412840.2719023,G1,T01,sotto_banco_immobile,1,static
4414098,1,1,1,42,49,100,100,0,100,100,37,5,3,5,7,5,5,0,0,100,60,50,20,29,29,21,1,1,1787412840.4724348,G1,T01,sotto_banco_immobile,1,static
4414298,1,1,1,67,53,100,100,0,100,100,81,14,3,5,5,3,9,0,0,100,59,47,20,28,28,21,1,1,1787412840.6726394,G1,T01,sotto_banco_immobile,1,static
4414498,1,1,1,79,75,100,100,0,55,100,100,9,9,1,6,4,11,0,0,100,60,45,21,29,28,21,1,1,1787412840.8725364,G1,T01,sotto_banco_immobile,1,static
4414698,1,1,1,75,80,100,100,0,100,100,100,7,10,8,10,7,11,0,0,100,63,48,22,30,29,22,1,1,1787412841.0729911,G1,T01,sotto_banco_immobile,1,static
4414898,1,1,1,71,75,100,100,0,100,100,100,9,5,6,10,7,4,0,0,100,65,53,24,32,32,24,1,1,1787412841.2728233,G1,T01,sotto_banco_immobile,1,static
4415098,1,1,1,59,76,95,100,0,68,95,28,2,1,3,7,2,4,0,0,100,66,57,25,33,33,25,1,1,1787412841.4722514,G1,T01,sotto_banco_immobile,1,static
4415298,1,1,1,70,66,100,100,0,100,100,100,10,11,5,5,6,6,0,0,100,67,58,25,32,33,24,1,1,1787412841.6726336,G1,T01,sotto_banco_immobile,1,static
4415498,1,1,1,80,76,100,100,0,19,100,100,11,8,3,8,3,8,0,0,100,67,52,23,31,31,23,1,1,1787412841.8722198,G1,T01,sotto_banco_immobile,1,static
4415698,1,1,1,69,75,100,100,0,70,100,29,2,8,8,4,2,6,0,0,100,69,45,22,29,29,21,1,1,1787412842.0720773,G1,T01,sotto_banco_immobile,1,static
4415898,1,1,1,72,71,100,100,0,67,100,52,7,6,4,3,4,1,0,0,100,69,43,22,28,28,21,1,1,1787412842.2723696,G1,T01,sotto_banco_immobile,1,static
4416098,1,1,1,40,60,100,100,0,100,100,19,5,3,4,4,5,2,0,0,100,68,43,22,28,28,21,1,1,1787412842.4720027,G1,T01,sotto_banco_immobile,1,static
4416298,1,1,1,62,43,100,100,0,100,100,51,7,6,3,5,6,2,0,0,100,66,44,23,28,28,21,1,1,1787412842.6725197,G1,T01,sotto_banco_immobile,1,static
4416498,1,1,1,45,57,100,100,0,100,100,38,9,7,5,9,6,2,0,0,100,66,44,22,29,29,21,1,1,1787412842.8719556,G1,T01,sotto_banco_immobile,1,static
4416698,1,1,1,63,52,97,100,0,66,97,37,7,2,6,9,8,3,0,0,100,70,44,22,29,29,21,1,1,1787412843.0715828,G1,T01,sotto_banco_immobile,1,static
4416898,1,0,1,0,63,0,100,0,31,50,14,3,2,7,6,10,4,0,0,100,74,43,21,29,29,21,1,1,1787412843.2716317,G1,T01,sotto_banco_immobile,1,static
4417098,1,1,1,64,66,100,100,0,100,100,61,13,5,7,6,5,4,0,0,100,75,43,20,28,29,21,1,1,1787412843.4725273,G1,T01,sotto_banco_immobile,1,static
4417298,1,1,1,49,50,100,100,0,100,100,64,9,5,5,2,4,7,0,0,100,73,43,20,27,28,20,1,1,1787412843.6726463,G1,T01,sotto_banco_immobile,1,static
4417498,1,1,1,75,65,100,100,0,100,100,100,12,10,7,3,2,9,0,0,100,71,41,20,27,28,19,1,1,1787412843.8728092,G1,T01,sotto_banco_immobile,1,static
4417698,1,1,1,77,77,100,100,0,43,100,87,10,7,8,7,5,10,0,0,100,71,41,20,27,28,19,1,1,1787412844.0719445,G1,T01,sotto_banco_immobile,1,static
4417898,1,1,1,71,73,100,100,0,100,100,100,9,10,7,8,8,8,0,0,100,75,44,22,28,29,21,1,1,1787412844.2728274,G1,T01,sotto_banco_immobile,1,static
4418098,1,1,1,66,68,100,100,0,100,100,98,7,12,8,8,6,2,0,0,100,79,50,23,30,32,22,1,1,1787412844.4727192,G1,T01,sotto_banco_immobile,1,static
4418298,1,1,1,51,73,58,100,0,47,58,9,2,5,4,5,2,1,0,0,100,79,55,25,32,34,23,1,1,1787412844.672085,G1,T01,sotto_banco_immobile,1,static
4418498,1,1,1,68,56,100,100,0,100,100,100,11,9,3,4,8,4,0,0,100,76,56,25,31,34,23,1,1,1787412844.8726802,G1,T01,sotto_banco_immobile,1,static
4418698,1,1,1,80,76,100,100,0,18,100,100,11,5,7,8,3,9,0,0,100,75,52,24,30,32,22,1,1,1787412845.0719671,G1,T01,sotto_banco_immobile,1,static
4418898,1,1,1,68,76,100,100,0,73,100,34,1,8,8,2,3,8,0,0,100,73,47,23,28,31,21,1,1,1787412845.272461,G1,T01,sotto_banco_immobile,1,static
4419098,1,1,1,58,70,100,100,0,77,100,29,6,1,1,2,3,6,0,0,100,68,44,23,27,29,20,1,1,1787412845.4717252,G1,T01,sotto_banco_immobile,1,static
4419298,1,1,1,56,56,100,100,0,100,100,33,10,2,2,3,5,3,0,0,100,64,45,24,27,30,20,1,1,1787412845.6726747,G1,T01,sotto_banco_immobile,1,static
4419498,1,1,1,60,59,100,100,0,100,100,57,3,2,2,7,7,3,0,0,100,62,47,24,27,31,20,1,1,1787412845.8724523,G1,T01,sotto_banco_immobile,1,static
4419698,1,1,1,30,47,85,100,0,85,83,16,11,5,3,8,7,2,0,0,100,60,48,24,28,32,20,1,1,1787412846.0721262,G1,T01,sotto_banco_immobile,1,static
4419898,1,1,1,66,51,100,100,0,75,100,44,5,5,3,8,8,1,0,0,100,62,47,23,29,32,21,1,1,1787412846.2725937,G1,T01,sotto_banco_immobile,1,static
4420098,1,1,1,76,54,52,100,0,13,52,16,3,3,3,8,8,3,0,0,100,62,46,22,29,33,21,1,1,1787412846.4723766,G1,T01,sotto_banco_immobile,1,static
4420298,1,1,1,51,62,100,100,0,100,100,36,8,2,6,5,5,4,0,0,100,62,47,21,29,32,21,1,1,1787412846.6726034,G1,T01,sotto_banco_immobile,1,static
4420498,1,1,1,53,48,100,100,0,100,100,68,1,6,5,2,3,7,0,0,100,60,47,21,28,31,20,1,1,1787412846.8726046,G1,T01,sotto_banco_immobile,1,static
4420698,1,1,1,72,66,100,100,0,100,100,81,10,4,7,2,2,8,0,0,100,59,45,21,28,31,20,1,1,1787412847.0727332,G1,T01,sotto_banco_immobile,1,static
4420898,1,1,1,76,76,100,100,0,28,100,47,8,8,3,6,3,7,0,0,100,57,45,22,28,31,20,1,1,1787412847.272651,G1,T01,sotto_banco_immobile,1,static
4421098,1,1,1,76,76,100,100,0,100,100,100,8,8,7,9,7,6,0,0,100,59,47,25,29,32,21,1,1,1787412847.4719496,G1,T01,sotto_banco_immobile,1,static
4421298,1,1,1,73,72,100,100,0,49,100,39,6,5,8,8,7,1,0,0,100,63,50,27,30,34,22,1,1,1787412847.6721451,G1,T01,sotto_banco_immobile,1,static
4421498,1,1,1,71,61,100,100,0,100,100,91,3,5,3,6,5,2,0,0,100,62,52,29,30,34,23,1,1,1787412847.8713183,G1,T01,sotto_banco_immobile,1,static
4421698,1,1,1,80,76,100,100,0,20,100,100,9,8,4,1,1,9,0,0,100,57,53,29,30,33,22,1,1,1787412848.0721982,G1,T01,sotto_banco_immobile,1,static
4421898,1,1,1,69,76,100,100,0,100,100,60,10,3,8,2,3,6,0,0,100,56,51,28,28,32,22,1,1,1787412848.2728891,G1,T01,sotto_banco_immobile,1,static
4422098,1,1,1,56,53,73,100,0,58,73,27,7,4,7,2,5,6,0,0,100,53,46,27,26,30,20,1,1,1787412848.4725018,G1,T01,sotto_banco_immobile,1,static
4422298,1,1,1,48,69,92,100,0,81,92,27,6,6,3,3,6,7,0,0,100,52,43,26,25,29,20,1,1,1787412848.6724086,G1,T01,sotto_banco_immobile,1,static
4422498,1,1,1,47,40,100,100,0,100,100,38,7,6,4,6,7,7,0,0,100,51,43,26,25,28,19,1,1,1787412848.8726516,G1,T01,sotto_banco_immobile,1,static
4422698,1,1,1,54,60,100,100,0,100,100,72,10,1,4,9,8,5,0,0,100,50,43,25,26,29,19,1,1,1787412849.0723753,G1,T01,sotto_banco_immobile,1,static
4422898,1,0,1,0,39,0,100,0,45,41,9,2,3,5,8,9,2,0,0,100,52,43,24,26,30,20,1,1,1787412849.2721245,G1,T01,sotto_banco_immobile,1,static
4423098,1,1,1,52,42,52,100,0,45,52,24,9,1,4,6,10,2,0,0,100,57,42,22,27,30,20,1,1,1787412849.4725053,G1,T01,sotto_banco_immobile,1,static
4423298,1,1,1,62,52,60,100,0,37,60,13,8,3,5,5,9,4,0,0,100,61,40,21,27,29,19,1,1,1787412849.6724508,G1,T01,sotto_banco_immobile,1,static
4423498,1,1,1,59,66,100,100,0,100,100,56,10,7,6,3,6,4,0,0,100,62,39,20,25,29,19,1,1,1787412849.8722072,G1,T01,sotto_banco_immobile,1,static
4423698,1,1,1,56,51,100,100,0,100,100,81,4,10,6,1,4,5,0,0,100,61,38,20,24,27,18,1,1,1787412850.0719087,G1,T01,sotto_banco_immobile,1,static
4423898,1,1,1,65,62,100,100,0,100,100,90,12,8,5,2,1,9,0,0,100,62,38,19,24,27,17,1,1,1787412850.2728202,G1,T01,sotto_banco_immobile,1,static
4424098,1,1,1,77,72,100,100,0,28,100,53,8,7,6,6,3,9,0,0,100,64,38,19,24,27,17,1,1,1787412850.4728348,G1,T01,sotto_banco_immobile,1,static
4424298,1,1,1,70,76,100,100,0,74,100,43,2,9,7,7,3,10,0,0,100,68,38,20,25,28,18,1,1,1787412850.6724956,G1,T01,sotto_banco_immobile,1,static
4424498,1,1,1,79,58,100,100,0,13,100,33,2,3,1,7,5,8,0,0,100,69,39,22,26,29,19,1,1,1787412850.87237,G1,T01,sotto_banco_immobile,1,static
4424698,1,1,1,73,65,100,100,0,64,100,55,5,4,3,4,3,6,0,0,100,67,40,22,27,29,19,1,1,1787412851.0722165,G1,T01,sotto_banco_immobile,1,static
4424898,1,1,1,76,80,100,100,0,100,100,100,13,9,6,2,5,2,0,0,100,66,39,21,26,29,19,1,1,1787412851.272783,G1,T01,sotto_banco_immobile,1,static
4425098,1,1,1,62,68,100,100,0,100,100,69,2,10,4,4,6,4,0,0,100,67,37,20,25,28,18,1,1,1787412851.473057,G1,T01,sotto_banco_immobile,1,static
4425298,1,1,1,49,60,100,100,0,100,100,30,5,6,2,5,6,1,0,0,100,65,35,19,24,26,17,1,1,1787412851.6727574,G1,T01,sotto_banco_immobile,1,static
4425498,1,1,1,30,30,84,100,0,84,81,12,7,2,2,5,9,2,0,0,100,63,34,18,24,26,17,1,1,1787412851.8717577,G1,T01,sotto_banco_immobile,1,static
4425698,1,1,1,53,43,100,100,0,100,100,54,8,4,3,9,9,2,0,0,100,64,34,19,24,27,17,1,1,1787412852.072893,G1,T01,sotto_banco_immobile,1,static
4425898,1,1,1,46,50,100,100,0,100,100,40,11,8,5,9,9,2,0,0,100,66,33,18,25,27,17,1,1,1787412852.2728164,G1,T01,sotto_banco_immobile,1,static
4426098,1,0,1,0,43,0,100,0,39,37,10,6,2,3,6,8,2,0,0,100,70,34,17,26,28,18,1,1,1787412852.4724498,G1,T01,sotto_banco_immobile,1,static
4426298,1,1,1,64,43,97,100,0,62,97,34,8,7,5,4,6,2,0,0,100,72,32,17,26,27,18,1,1,1787412852.6724908,G1,T01,sotto_banco_immobile,1,static
4426498,1,1,1,55,62,100,100,0,100,100,44,9,5,3,6,4,3,0,0,100,73,33,16,25,27,17,1,1,1787412852.87301,G1,T01,sotto_banco_immobile,1,static
4426698,1,1,1,51,48,100,100,0,100,100,66,10,1,3,8,5,5,0,0,100,72,33,16,24,26,17,1,1,1787412853.0728772,G1,T01,sotto_banco_immobile,1,static
4426898,1,1,1,60,56,100,100,0,100,100,64,10,3,4,3,4,7,0,0,100,70,31,16,24,25,16,1,1,1787412853.2727208,G1,T01,sotto_banco_immobile,1,static
4427098,1,1,1,77,68,100,100,0,72,100,100,13,10,7,5,2,9,0,0,100,68,31,17,24,25,17,1,1,1787412853.4730287,G1,T01,sotto_banco_immobile,1,static
4427298,1,1,1,78,80,100,100,0,72,100,100,12,5,8,8,6,10,0,0,100,70,33,18,25,26,18,1,1,1787412853.6729877,G1,T01,sotto_banco_immobile,1,static
4427498,1,0,1,0,76,0,100,0,14,16,8,2,3,1,8,6,8,0,0,100,73,34,19,26,28,19,1,1,1787412853.8722298,G1,T01,sotto_banco_immobile,1,static
4427698,1,1,1,77,73,100,100,0,75,100,100,10,9,7,4,3,2,0,0,100,74,33,20,27,29,20,1,1,1787412854.0727534,G1,T01,sotto_banco_immobile,1,static
4427898,1,1,1,75,80,100,100,0,100,100,100,10,5,7,1,4,2,0,0,100,73,33,21,27,28,20,1,1,1787412854.2725446,G1,T01,sotto_banco_immobile,1,static
4428098,1,1,1,55,68,100,100,0,100,100,46,9,4,3,4,5,5,0,0,100,72,32,21,26,27,20,1,1,1787412854.4729385,G1,T01,sotto_banco_immobile,1,static
4428298,1,1,1,59,52,100,100,0,100,100,78,7,5,2,5,8,4,0,0,100,71,32,20,25,27,19,1,1,1787412854.6729314,G1,T01,sotto_banco_immobile,1,static
4428498,1,1,1,48,56,100,100,0,100,100,42,5,5,4,9,8,2,0,0,100,69,32,18,25,26,19,1,1,1787412854.872809,G1,T01,sotto_banco_immobile,1,static
4428698,1,1,1,45,46,100,100,0,100,100,34,7,8,4,10,9,2,0,0,100,72,31,18,25,26,19,1,1,1787412855.072815,G1,T01,sotto_banco_immobile,1,static
4428898,1,0,1,0,48,0,100,0,25,27,13,9,6,5,8,8,2,0,0,100,75,33,18,26,27,19,1,1,1787412855.2726202,G1,T01,sotto_banco_immobile,1,static
4429098,1,0,1,0,48,0,100,0,47,46,13,7,3,5,7,9,1,0,0,100,77,33,17,27,27,19,1,1,1787412855.4724813,G1,T01,sotto_banco_immobile,1,static
4429298,1,0,1,0,30,0,100,0,24,26,6,1,2,6,6,7,1,0,0,100,80,32,16,27,27,19,1,1,1787412855.6717725,G1,T01,sotto_banco_immobile,1,static
4429498,1,1,1,58,75,100,100,0,100,100,63,14,10,5,9,7,2,0,0,100,82,31,15,27,27,19,1,1,1787412855.8730593,G1,T01,sotto_banco_immobile,1,static
4429698,1,1,1,67,60,100,100,0,100,100,100,9,8,1,9,6,3,0,0,100,84,32,15,26,26,19,1,1,1787412856.0729024,G1,T01,sotto_banco_immobile,1,static
4429898,1,1,1,73,73,100,100,0,100,100,100,8,5,7,6,3,9,0,0,100,82,32,16,26,26,18,1,1,1787412856.2730572,G1,T01,sotto_banco_immobile,1,static
4430098,1,1,1,77,75,100,100,0,18,100,49,9,7,8,6,3,11,0,0,100,79,32,17,26,26,19,1,1,1787412856.4729013,G1,T01,sotto_banco_immobile,1,static
4430298,1,1,1,65,77,77,100,0,45,77,23,7,7,4,7,3,11,0,0,100,81,33,18,27,27,19,1,1,1787412856.6727161,G1,T01,sotto_banco_immobile,1,static
4430498,1,0,1,0,65,0,100,0,24,29,9,4,7,1,7,5,8,0,0,100,85,33,19,28,28,20,1,1,1787412856.872494,G1,T01,sotto_banco_immobile,1,static
4430698,1,1,1,67,65,100,100,0,50,100,22,7,3,5,5,4,5,0,0,100,85,32,19,30,29,21,1,1,1787412857.072738,G1,T01,sotto_banco_immobile,1,static
4430898,1,1,1,76,75,100,100,0,72,100,100,5,3,9,1,3,1,0,0,100,82,32,20,29,28,21,1,1,1787412857.2729642,G1,T01,sotto_banco_immobile,1,static
4431098,1,1,1,68,73,100,100,0,100,100,100,9,6,1,4,6,2,0,0,100,79,33,21,29,28,21,1,1,1787412857.4726386,G1,T01,sotto_banco_immobile,1,static
4431298,1,1,1,50,62,100,100,0,100,100,30,8,8,1,5,8,1,0,0,100,74,33,21,28,27,20,1,1,1787412857.6731026,G1,T01,sotto_banco_immobile,1,static
4431498,1,1,1,50,56,84,100,0,71,84,21,2,4,1,7,7,1,0,0,100,73,34,20,27,26,19,1,1,1787412857.872357,G1,T01,sotto_banco_immobile,1,static
4431698,1,1,1,61,51,100,100,0,100,100,57,9,3,1,9,7,2,0,0,100,72,35,19,26,26,19,1,1,1787412858.0729866,G1,T01,sotto_banco_immobile,1,static
4431898,1,1,1,49,57,100,100,0,100,100,55,8,5,4,8,9,2,0,0,100,73,34,19,27,26,19,1,1,1787412858.2723808,G1,T01,sotto_banco_immobile,1,static
4432098,1,1,1,46,49,100,100,0,92,100,30,6,9,5,5,8,2,0,0,100,73,35,19,28,27,19,1,1,1787412858.4729111,G1,T01,sotto_banco_immobile,1,static
4432298,1,1,1,67,46,95,100,0,51,95,28,8,1,5,3,5,2,0,0,100,75,35,20,28,28,19,1,1,1787412858.6727743,G1,T01,sotto_banco_immobile,1,static
4432498,1,1,1,38,65,77,100,0,77,77,15,4,2,4,4,3,2,0,0,100,78,34,20,27,27,19,1,1,1787412858.8722708,G1,T01,sotto_banco_immobile,1,static
4432698,1,1,1,45,30,100,100,0,100,100,43,3,2,3,8,9,3,0,0,100,77,33,21,25,26,18,1,1,1787412859.0728087,G1,T01,sotto_banco_immobile,1,static
4432898,1,1,1,64,55,100,100,0,100,100,100,10,2,4,7,4,7,0,0,100,76,31,21,25,26,18,1,1,1787412859.2732608,G1,T01,sotto_banco_immobile,1,static
4433098,1,1,1,73,69,100,100,0,94,100,69,15,9,8,2,2,9,0,0,100,75,31,22,25,26,18,1,1,1787412859.4732966,G1,T01,sotto_banco_immobile,1,static
4433298,1,1,1,79,80,100,100,0,63,100,100,12,7,5,7,4,10,0,0,100,76,31,23,26,27,18,1,1,1787412859.673275,G1,T01,sotto_banco_immobile,1,static
4433498,1,1,1,71,75,100,100,0,51,100,34,7,8,1,7,6,7,0,0,100,80,32,24,27,29,19,1,1,1787412859.8728974,G1,T01,sotto_banco_immobile,1,static
4433698,1,1,1,71,71,100,100,0,71,100,48,8,4,3,6,3,5,0,0,100,80,31,25,28,30,21,1,1,1787412860.0725765,G1,T01,sotto_banco_immobile,1,static
