timestamp_ms,radar_presence,moving_target,stationary_target,moving_distance_cm,stationary_distance_cm,moving_energy,stationary_energy,pir_presence,menergy_gate0,menergy_gate1,menergy_gate2,menergy_gate3,menergy_gate4,menergy_gate5,menergy_gate6,menergy_gate7,menergy_gate8,senergy_gate0,senergy_gate1,senergy_gate2,senergy_gate3,senergy_gate4,senergy_gate5,senergy_gate6,senergy_gate7,senergy_gate8,light_level,out_level,pc_time_s,group_id,trial_id,scenario,ground_truth_presence,ground_truth_state
9100698,1,1,1,86,83,100,100,0,19,100,95,22,1,7,3,7,4,0,0,100,100,46,22,9,5,5,2,1,1787417529.1196837,G1,T04,sotto_banco_movimenti,1,static
9100898,1,1,1,76,89,67,100,0,21,67,25,7,3,3,3,6,5,0,0,100,100,44,22,9,5,5,2,1,1787417529.1196837,G1,T04,sotto_banco_movimenti,1,static
9101098,1,1,1,88,84,87,100,0,21,87,56,18,4,3,1,6,4,0,0,100,100,42,21,9,5,5,2,1,1787417529.121693,G1,T04,sotto_banco_movimenti,1,static
9101298,1,1,1,88,88,100,100,0,31,100,69,24,3,3,3,4,4,0,0,100,100,39,21,9,5,5,2,1,1787417529.121693,G1,T04,sotto_banco_movimenti,1,static
9101498,1,1,1,84,82,100,100,0,36,100,100,41,7,3,3,5,5,0,0,100,100,37,20,8,5,5,2,1,1787417529.121693,G1,T04,sotto_banco_movimenti,1,static
9101698,1,1,1,74,79,100,100,0,66,100,62,19,4,7,4,6,6,0,0,100,100,38,20,9,5,5,2,1,1787417529.121693,G1,T04,sotto_banco_movimenti,1,static
9101898,1,1,1,81,66,100,100,0,47,100,100,24,11,5,4,7,4,0,0,100,100,37,20,9,5,5,2,1,1787417529.1236954,G1,T04,sotto_banco_movimenti,1,static
9102098,1,1,1,82,65,100,100,0,100,100,100,41,8,7,2,4,4,0,0,100,100,37,20,9,5,5,2,1,1787417529.1236954,G1,T04,sotto_banco_movimenti,1,static
9102298,1,1,1,133,99,58,100,0,33,47,58,29,10,12,1,5,4,0,0,100,100,39,21,9,5,5,2,1,1787417529.1236954,G1,T04,sotto_banco_movimenti,1,static
9102498,1,1,1,65,92,100,100,0,100,100,32,46,6,1,6,5,8,0,0,100,100,38,22,11,5,6,2,1,1787417529.1256971,G1,T04,sotto_banco_movimenti,1,static
9102698,1,1,1,59,67,63,100,0,52,63,35,18,3,5,5,7,6,0,0,100,100,38,23,11,5,6,2,1,1787417529.2105293,G1,T04,sotto_banco_movimenti,1,static
9102898,1,1,1,59,75,100,100,0,100,100,19,53,11,1,3,7,5,0,0,100,100,37,23,11,5,6,2,1,1787417529.418037,G1,T04,sotto_banco_movimenti,1,static
9103098,1,1,1,99,79,100,100,0,16,100,100,46,5,8,2,5,3,0,0,100,100,36,23,12,5,6,2,1,1787417529.6105726,G1,T04,sotto_banco_movimenti,1,static
9103298,1,1,1,60,67,63,100,0,49,63,32,30,9,7,4,6,5,0,0,100,100,37,23,12,5,6,2,1,1787417529.818073,G1,T04,sotto_banco_movimenti,1,static
9103498,1,0,1,0,60,0,100,0,32,39,18,15,3,8,2,5,4,0,0,100,100,37,23,12,5,6,2,1,1787417530.0106316,G1,T04,sotto_banco_movimenti,1,static
9103698,1,1,1,85,53,100,100,0,88,100,96,48,6,6,1,6,2,0,0,100,100,38,23,12,5,6,2,1,1787417530.2189486,G1,T04,sotto_banco_movimenti,1,static
9103898,1,1,1,80,82,100,100,0,37,100,78,28,6,6,4,5,5,0,0,100,100,39,24,12,5,7,2,1,1787417530.4108973,G1,T04,sotto_banco_movimenti,1,static
9104098,1,1,1,73,96,100,100,0,100,100,94,25,3,9,2,6,3,0,0,100,100,40,24,13,5,7,2,1,1787417530.6181114,G1,T04,sotto_banco_movimenti,1,static
9104298,1,1,1,83,80,100,100,0,56,100,85,56,7,3,4,6,2,0,0,100,100,41,24,13,6,7,2,1,1787417530.8108313,G1,T04,sotto_banco_movimenti,1,static
9104498,1,1,1,123,95,65,100,0,52,59,65,29,3,4,3,6,3,0,0,100,100,42,24,13,6,7,2,1,1787417531.018749,G1,T04,sotto_banco_movimenti,1,static
9104698,1,1,1,89,79,100,100,0,41,100,100,27,3,4,3,6,3,0,0,100,100,43,23,12,6,7,2,1,1787417531.210062,G1,T04,sotto_banco_movimenti,1,static
9104898,1,1,1,99,90,70,100,0,35,70,62,22,3,6,3,6,4,0,0,100,100,43,23,12,6,7,2,1,1787417531.418548,G1,T04,sotto_banco_movimenti,1,static
9105098,1,1,1,97,105,100,100,0,14,100,100,41,4,3,3,6,5,0,0,100,100,43,23,12,6,7,2,1,1787417531.6104527,G1,T04,sotto_banco_movimenti,1,static
9105298,1,1,1,79,97,53,100,0,20,53,28,5,3,5,3,7,3,0,0,100,100,43,23,12,6,7,2,1,1787417531.8177521,G1,T04,sotto_banco_movimenti,1,static
9105498,1,1,1,117,97,58,100,0,26,55,58,22,2,5,2,5,4,0,0,100,100,43,23,12,6,7,2,1,1787417532.0096056,G1,T04,sotto_banco_movimenti,1,static
9105698,1,0,1,0,93,0,100,0,18,20,10,2,2,7,3,5,5,0,0,100,100,42,23,11,6,6,2,1,1787417532.2173786,G1,T04,sotto_banco_movimenti,1,static
9105898,1,0,1,0,102,0,100,0,17,41,29,11,4,7,3,6,4,0,0,100,100,42,23,11,6,6,2,1,1787417532.4222345,G1,T04,sotto_banco_movimenti,1,static
9106098,1,0,1,0,88,0,100,0,16,18,22,15,1,7,2,7,4,0,0,100,100,40,21,10,6,6,2,1,1787417532.6142704,G1,T04,sotto_banco_movimenti,1,static
9106298,1,0,1,0,88,0,100,0,20,18,17,9,3,8,2,6,4,0,0,100,100,38,20,10,6,6,2,1,1787417532.8222163,G1,T04,sotto_banco_movimenti,1,static
9106498,1,1,1,123,88,48,100,0,21,43,48,19,4,6,2,5,4,0,0,100,100,37,19,8,6,5,2,1,1787417533.0144444,G1,T04,sotto_banco_movimenti,1,static
9106698,1,0,1,0,123,0,100,0,14,11,14,10,3,5,3,5,4,0,0,100,100,36,17,8,6,5,2,1,1787417533.2223582,G1,T04,sotto_banco_movimenti,1,static
9106898,1,0,1,0,123,0,100,0,16,10,12,4,5,4,3,5,4,0,0,100,100,35,16,7,6,5,2,1,1787417533.4137814,G1,T04,sotto_banco_movimenti,1,static
9107098,1,0,1,0,123,0,100,0,16,10,8,2,7,6,3,6,5,0,0,100,100,35,15,7,6,5,2,1,1787417533.6214874,G1,T04,sotto_banco_movimenti,1,static
9107298,1,0,1,0,123,0,100,0,24,15,15,6,6,6,4,5,4,0,0,100,100,34,13,6,6,4,2,1,1787417533.813455,G1,T04,sotto_banco_movimenti,1,static
9107498,1,0,1,0,123,0,100,0,15,10,2,5,3,5,4,4,5,0,0,100,100,33,13,6,6,4,2,1,1787417534.0205228,G1,T04,sotto_banco_movimenti,1,static
9107698,1,0,1,0,76,0,100,0,25,43,39,14,11,9,2,6,4,0,0,100,100,32,12,6,6,4,2,1,1787417534.210191,G1,T04,sotto_banco_movimenti,1,static
9107898,1,0,1,0,76,0,100,0,25,46,37,11,3,6,3,6,5,0,0,100,100,31,11,5,5,3,2,1,1787417534.4175975,G1,T04,sotto_banco_movimenti,1,static
9108098,1,0,1,0,89,0,100,0,19,19,12,6,2,5,3,6,5,0,0,100,100,29,11,5,5,3,2,1,1787417534.6091707,G1,T04,sotto_banco_movimenti,1,static
9108298,1,1,1,119,86,88,100,0,28,82,88,29,6,6,3,5,5,0,0,100,100,28,11,5,4,3,2,1,1787417534.8174314,G1,T04,sotto_banco_movimenti,1,static
9108498,1,1,1,93,119,73,100,0,33,73,60,16,3,4,3,6,5,0,0,100,100,26,10,4,4,3,2,1,1787417535.009445,G1,T04,sotto_banco_movimenti,1,static
9108698,1,1,1,104,87,58,100,0,21,58,54,16,3,6,3,6,4,0,0,100,100,24,10,5,4,3,2,1,1787417535.2166889,G1,T04,sotto_banco_movimenti,1,static
9108898,1,1,1,90,79,79,100,0,28,79,59,17,7,1,3,6,5,0,0,100,100,24,10,5,4,3,2,1,1787417535.4088643,G1,T04,sotto_banco_movimenti,1,static
9109098,1,1,1,95,84,90,100,0,16,90,68,16,6,3,3,6,5,0,0,100,100,24,10,5,4,3,2,1,1787417535.616357,G1,T04,sotto_banco_movimenti,1,static
9109298,1,1,1,92,83,100,100,0,16,100,84,18,7,5,2,7,5,0,0,100,100,23,9,5,4,3,2,1,1787417535.8225484,G1,T04,sotto_banco_movimenti,1,static
9109498,1,1,1,95,96,75,100,0,27,75,61,12,3,2,4,5,6,0,0,100,100,23,9,5,4,3,2,1,1787417536.0146837,G1,T04,sotto_banco_movimenti,1,static
9109698,1,0,1,0,95,0,100,0,16,22,11,5,2,3,2,6,4,0,0,100,100,23,9,5,4,3,2,1,1787417536.2206037,G1,T04,sotto_banco_movimenti,1,static
9109898,1,0,1,0,95,0,100,0,18,28,14,2,4,2,2,6,5,0,0,100,100,21,9,5,4,4,2,1,1787417536.413191,G1,T04,sotto_banco_movimenti,1,static
9110098,1,0,1,0,95,0,100,0,15,12,5,2,6,3,2,6,5,0,0,100,100,21,9,5,4,3,2,1,1787417536.6211677,G1,T04,sotto_banco_movimenti,1,static
9110298,1,0,1,0,95,0,100,0,14,27,14,6,11,4,2,7,4,0,0,100,100,21,8,5,4,4,2,1,1787417536.8131716,G1,T04,sotto_banco_movimenti,1,static
9110498,1,0,1,0,95,0,100,0,18,21,14,2,7,4,2,7,4,0,0,100,100,21,8,5,4,3,2,1,1787417537.0150344,G1,T04,sotto_banco_movimenti,1,static
9110698,1,0,1,0,95,0,100,0,19,22,13,8,6,5,2,7,5,0,0,100,100,21,8,5,4,3,2,1,1787417537.2068381,G1,T04,sotto_banco_movimenti,1,static
9110898,1,0,1,0,95,0,100,0,16,20,15,8,5,5,2,7,4,0,0,100,100,21,8,4,4,3,2,1,1787417537.4142983,G1,T04,sotto_banco_movimenti,1,static
9111098,1,0,1,0,95,0,100,0,25,15,5,5,6,5,3,7,4,0,0,100,100,21,8,5,4,3,2,1,1787417537.6212356,G1,T04,sotto_banco_movimenti,1,static
9111298,1,0,1,0,95,0,100,0,13,17,16,9,7,5,3,7,4,0,0,100,100,21,8,5,4,3,2,1,1787417537.8136458,G1,T04,sotto_banco_movimenti,1,static
9111498,1,0,1,0,95,0,100,0,14,11,18,6,8,7,5,6,4,0,0,100,100,21,8,5,4,3,2,1,1787417538.0223083,G1,T04,sotto_banco_movimenti,1,static
9111698,1,1,1,87,91,65,100,0,24,65,45,5,4,5,2,6,4,0,0,100,100,22,8,5,4,3,2,1,1787417538.2142818,G1,T04,sotto_banco_movimenti,1,static
9111898,1,1,1,75,87,100,100,0,69,100,76,25,7,7,5,3,5,0,0,100,100,23,8,5,4,3,2,1,1787417538.4224553,G1,T04,sotto_banco_movimenti,1,static
9112098,1,1,1,79,84,100,100,0,67,100,100,35,4,4,5,6,5,0,0,100,100,24,9,5,5,3,2,1,1787417538.6143646,G1,T04,sotto_banco_movimenti,1,static
9112298,1,1,1,75,74,100,100,0,100,100,100,34,17,4,3,5,6,0,0,100,100,28,9,5,5,3,2,1,1787417538.8217986,G1,T04,sotto_banco_movimenti,1,static
9112498,1,1,1,70,73,100,100,0,97,100,66,28,13,7,2,6,5,0,0,100,100,30,10,5,5,3,2,1,1787417539.0153694,G1,T04,sotto_banco_movimenti,1,static
9112698,1,1,1,63,70,100,100,0,100,100,76,64,21,8,6,6,8,0,0,100,100,35,10,5,5,4,2,1,1787417539.222238,G1,T04,sotto_banco_movimenti,1,static
9112898,1,1,1,69,58,100,100,0,100,100,46,12,7,3,4,4,4,0,0,100,100,35,12,6,5,4,2,1,1787417539.4132557,G1,T04,sotto_banco_movimenti,1,static
9113098,1,1,1,49,59,100,100,0,100,100,100,9,9,8,1,3,3,0,0,100,100,38,14,7,6,5,2,1,1787417539.6208668,G1,T04,sotto_banco_movimenti,1,static
9113298,1,1,1,62,58,100,100,1,100,100,87,24,3,10,1,4,5,0,0,100,100,41,17,7,6,5,2,1,1787417539.812334,G1,T04,sotto_banco_movimenti,1,static
9113498,1,1,1,56,73,100,100,1,100,100,100,40,18,9,7,2,3,0,0,100,100,45,20,8,7,6,2,1,1787417540.0200386,G1,T04,sotto_banco_movimenti,1,static
9113698,1,1,1,70,45,100,100,1,100,100,72,31,5,9,6,6,8,0,0,100,100,48,22,9,8,6,2,1,1787417540.212298,G1,T04,sotto_banco_movimenti,1,static
9113898,1,1,1,82,75,100,100,1,60,100,100,26,12,4,5,5,6,0,0,100,100,50,23,9,8,7,2,1,1787417540.4201648,G1,T04,sotto_banco_movimenti,1,static
9114098,1,1,1,68,69,100,100,1,100,100,75,16,12,7,1,2,4,0,0,100,100,53,24,10,9,7,2,1,1787417540.6110623,G1,T04,sotto_banco_movimenti,1,static
9114298,1,1,1,77,79,100,100,1,100,100,100,60,16,8,2,6,4,0,0,100,100,55,25,10,9,7,2,1,1787417540.819157,G1,T04,sotto_banco_movimenti,1,static
9114498,1,1,1,75,80,100,100,1,100,100,100,25,11,10,3,8,7,0,0,100,100,58,29,11,10,8,2,1,1787417541.0113115,G1,T04,sotto_banco_movimenti,1,static
9114698,1,1,1,80,71,100,100,1,100,100,100,13,8,3,4,5,6,0,0,100,100,63,33,11,10,8,2,1,1787417541.220954,G1,T04,sotto_banco_movimenti,1,static
9114898,1,1,1,60,77,100,100,1,100,100,100,31,11,12,2,2,4,0,0,100,100,65,35,11,11,9,2,1,1787417541.4136493,G1,T04,sotto_banco_movimenti,1,static
9115098,1,1,1,63,76,100,100,1,100,100,100,17,21,6,10,9,9,0,0,100,100,70,38,12,11,10,2,1,1787417541.6209671,G1,T04,sotto_banco_movimenti,1,static
9115298,1,1,1,65,66,100,100,1,100,100,100,29,7,12,7,5,1,0,0,100,100,73,40,14,13,11,2,1,1787417541.8139873,G1,T04,sotto_banco_movimenti,1,static
9115498,1,1,1,69,67,100,100,1,100,100,100,38,14,8,3,8,8,0,0,100,100,74,43,15,14,13,2,1,1787417542.0219176,G1,T04,sotto_banco_movimenti,1,static
9115698,1,1,1,70,62,100,100,1,100,100,100,4,9,12,9,3,7,0,0,100,100,76,44,17,16,14,2,1,1787417542.2142591,G1,T04,sotto_banco_movimenti,1,static
9115898,1,1,1,63,75,100,100,1,100,100,100,16,10,11,5,2,1,0,0,100,100,76,48,18,18,15,2,1,1787417542.4208567,G1,T04,sotto_banco_movimenti,1,static
9116098,1,1,1,73,67,100,100,1,100,100,100,24,15,11,7,7,6,0,0,100,100,81,49,19,19,17,2,1,1787417542.6135905,G1,T04,sotto_banco_movimenti,1,static
9116298,1,1,1,65,70,100,100,1,100,100,100,39,23,3,7,4,6,0,0,100,100,80,51,21,21,18,2,1,1787417542.8204048,G1,T04,sotto_banco_movimenti,1,static
9116498,1,1,1,74,57,100,100,1,100,100,100,36,8,7,6,6,1,0,0,100,100,81,52,22,21,19,2,1,1787417543.012699,G1,T04,sotto_banco_movimenti,1,static
9116698,1,1,1,71,65,100,100,0,100,100,100,27,3,3,6,2,2,0,0,100,100,79,56,22,22,19,2,1,1787417543.2215023,G1,T04,sotto_banco_movimenti,1,static
9116898,1,1,1,76,63,100,100,0,100,100,100,46,10,12,5,7,5,0,0,100,100,80,55,21,23,19,2,1,1787417543.4134445,G1,T04,sotto_banco_movimenti,1,static
9117098,1,1,1,59,101,100,100,0,100,100,100,38,11,5,1,2,2,0,0,100,100,78,55,20,23,19,2,1,1787417543.6213639,G1,T04,sotto_banco_movimenti,1,static
9117298,1,1,1,87,75,100,100,0,46,100,100,79,40,11,5,2,4,0,0,100,100,83,54,21,22,18,2,1,1787417543.8139427,G1,T04,sotto_banco_movimenti,1,static
9117498,1,1,1,68,87,100,100,0,100,100,100,23,20,3,4,9,5,0,0,100,100,83,52,21,22,19,2,1,1787417544.021485,G1,T04,sotto_banco_movimenti,1,static
9117698,1,1,1,83,82,100,100,0,90,100,100,36,7,3,7,6,6,0,0,100,100,80,52,22,24,20,2,1,1787417544.212887,G1,T04,sotto_banco_movimenti,1,static
9117898,1,1,1,77,116,100,100,0,100,100,100,72,12,5,3,7,3,0,0,100,100,84,53,23,24,19,2,1,1787417544.4203815,G1,T04,sotto_banco_movimenti,1,static
9118098,1,1,1,70,67,100,100,0,100,100,100,90,14,10,3,3,6,0,0,100,100,84,54,25,24,20,2,1,1787417544.611369,G1,T04,sotto_banco_movimenti,1,static
9118298,1,1,1,68,77,100,100,0,100,100,100,14,32,5,6,8,8,0,0,100,100,88,53,26,24,21,1,1,1787417544.8187933,G1,T04,sotto_banco_movimenti,1,static
9118498,1,1,1,60,61,100,100,0,100,100,100,39,23,10,8,9,9,0,0,100,100,90,52,26,25,22,1,1,1787417545.0105267,G1,T04,sotto_banco_movimenti,1,static
9118698,1,1,1,52,59,100,100,0,100,100,100,77,27,4,12,5,10,0,0,100,100,88,49,28,25,22,1,1,1787417545.2188618,G1,T04,sotto_banco_movimenti,1,static
9118898,1,1,1,75,66,100,100,0,100,100,100,53,24,7,2,2,6,0,0,100,100,91,49,28,26,22,1,1,1787417545.4116206,G1,T04,sotto_banco_movimenti,1,static
9119098,1,1,1,114,76,100,100,0,100,100,100,100,11,12,3,2,3,0,0,100,100,95,48,27,26,22,1,1,1787417545.6201012,G1,T04,sotto_banco_movimenti,1,static
9119298,1,1,1,75,62,100,100,0,100,100,100,84,17,8,2,1,5,0,0,100,100,100,47,26,25,21,1,1,1787417545.8103967,G1,T04,sotto_banco_movimenti,1,static
9119498,1,1,1,76,62,100,100,0,100,100,100,50,22,3,6,8,10,0,0,100,100,100,45,26,24,20,1,1,1787417546.0187128,G1,T04,sotto_banco_movimenti,1,static
9119698,1,1,1,61,74,100,100,0,100,100,100,92,17,17,10,13,8,0,0,100,100,100,48,27,25,21,1,1,1787417546.2112412,G1,T04,sotto_banco_movimenti,1,static
9119898,1,1,1,42,51,100,100,0,100,100,100,27,22,15,13,15,11,0,0,100,100,100,47,29,26,23,1,1,1787417546.4191363,G1,T04,sotto_banco_movimenti,1,static
9120098,1,1,1,70,60,100,100,0,100,100,100,30,13,13,8,7,3,0,0,100,100,100,47,30,25,22,1,1,1787417546.6106381,G1,T04,sotto_banco_movimenti,1,static
9120298,1,1,1,67,79,100,100,0,100,100,100,75,29,7,9,10,3,0,0,100,100,100,47,30,25,22,2,1,1787417546.8173091,G1,T04,sotto_banco_movimenti,1,static
9120498,1,1,1,119,53,100,100,0,100,100,100,60,34,18,1,3,5,0,0,100,100,100,49,30,25,22,2,1,1787417547.023692,G1,T04,sotto_banco_movimenti,1,static
9120698,1,1,1,57,30,100,100,0,100,100,100,44,12,17,11,16,11,0,0,100,100,100,47,32,27,23,2,1,1787417547.215759,G1,T04,sotto_banco_movimenti,1,static
9120898,1,1,1,75,63,100,100,0,100,100,100,79,19,14,24,23,20,0,0,100,100,100,53,36,31,27,1,1,1787417547.4242878,G1,T04,sotto_banco_movimenti,1,static
9121098,1,1,1,66,67,100,100,0,100,100,100,46,22,24,11,15,13,0,0,100,100,100,54,39,32,29,2,1,1787417547.6161506,G1,T04,sotto_banco_movimenti,1,static
9121298,1,1,1,72,66,100,100,0,100,100,100,97,44,11,11,10,10,0,0,100,100,100,54,40,34,32,2,1,1787417547.8242445,G1,T04,sotto_banco_movimenti,1,static
9121498,1,1,1,30,73,100,100,0,100,100,100,42,38,15,9,1,7,0,0,100,100,100,57,41,34,33,2,1,1787417548.016598,G1,T04,sotto_banco_movimenti,1,static
9121698,1,1,1,63,75,100,100,0,100,100,100,31,23,6,10,11,6,0,0,100,100,100,56,42,36,33,2,1,1787417548.2104733,G1,T04,sotto_banco_movimenti,1,static
9121898,1,1,1,30,66,100,100,0,100,100,100,59,16,3,9,7,8,0,0,100,100,100,56,43,37,34,2,1,1787417548.416318,G1,T04,sotto_banco_movimenti,1,static
9122098,1,1,1,86,46,100,100,0,100,100,100,66,28,14,7,2,5,0,0,100,100,100,58,44,39,35,2,1,1787417548.6237924,G1,T04,sotto_banco_movimenti,1,static
9122298,1,1,1,65,62,100,100,0,100,100,100,57,21,22,18,19,13,0,0,100,100,100,60,47,40,37,2,1,1787417548.8163493,G1,T04,sotto_banco_movimenti,1,static
9122498,1,1,1,69,67,100,100,0,100,100,100,26,17,11,13,8,14,0,0,100,100,100,61,48,40,38,2,1,1787417549.0158718,G1,T04,sotto_banco_movimenti,1,static
9122698,1,1,1,52,51,100,100,0,100,100,100,36,23,25,7,11,5,0,0,100,100,100,65,48,42,39,2,1,1787417549.2168796,G1,T04,sotto_banco_movimenti,1,static
9122898,1,1,1,66,66,100,100,0,100,100,100,18,5,2,6,9,7,0,0,100,100,100,64,49,42,39,2,1,1787417549.4157565,G1,T04,sotto_banco_movimenti,1,static
9123098,1,1,1,74,141,100,100,1,100,100,100,22,7,13,11,9,9,0,0,100,100,100,66,51,43,40,2,1,1787417549.6193304,G1,T04,sotto_banco_movimenti,1,static
9123298,1,1,1,62,73,100,100,1,100,100,100,42,16,11,6,2,6,0,0,100,100,100,66,52,43,42,2,1,1787417549.8241763,G1,T04,sotto_banco_movimenti,1,static
9123498,1,1,1,69,56,100,100,1,100,100,100,36,23,13,11,6,7,0,0,100,100,100,69,52,43,42,2,1,1787417550.0221798,G1,T04,sotto_banco_movimenti,1,static
9123698,1,1,1,64,70,100,100,1,100,100,100,76,15,7,6,5,4,0,0,100,100,100,66,51,41,41,2,1,1787417550.2231913,G1,T04,sotto_banco_movimenti,1,static
9123898,1,1,1,57,70,100,100,1,100,100,100,14,10,13,11,11,7,0,0,100,100,100,65,50,40,39,2,1,1787417550.4228525,G1,T04,sotto_banco_movimenti,1,static
9124098,1,1,1,51,70,100,100,1,100,100,100,71,12,7,13,8,6,0,0,100,100,100,67,50,41,40,2,1,1787417550.6227348,G1,T04,sotto_banco_movimenti,1,static
9124298,1,1,1,30,65,100,100,1,100,100,100,59,29,12,9,9,9,0,0,100,100,100,68,51,43,42,2,1,1787417550.8242347,G1,T04,sotto_banco_movimenti,1,static
9124498,1,1,1,30,75,100,100,1,100,100,100,43,14,20,19,16,15,0,0,100,100,100,72,56,47,46,2,1,1787417551.0221925,G1,T04,sotto_banco_movimenti,1,static
9124698,1,1,1,59,63,100,100,1,100,100,100,100,35,19,16,13,11,0,0,100,100,100,75,58,47,47,2,1,1787417551.2140493,G1,T04,sotto_banco_movimenti,1,static
9124898,1,1,1,46,71,100,100,1,100,100,100,86,49,20,19,20,18,0,0,100,100,100,72,58,47,45,2,1,1787417551.4221492,G1,T04,sotto_banco_movimenti,1,static
9125098,1,1,1,48,59,100,100,1,100,100,100,77,7,14,13,13,11,0,0,100,100,100,75,59,48,46,2,1,1787417551.6138144,G1,T04,sotto_banco_movimenti,1,static
9125298,1,1,1,66,75,100,100,1,100,100,100,93,39,7,12,5,9,0,0,100,100,100,76,61,49,47,2,1,1787417551.822277,G1,T04,sotto_banco_movimenti,1,static
9125498,1,1,1,75,80,100,100,1,77,100,81,48,16,8,13,8,12,0,0,100,100,100,77,61,49,47,2,1,1787417552.0147085,G1,T04,sotto_banco_movimenti,1,static
9125698,1,1,1,30,65,100,100,1,100,100,100,35,17,8,8,7,1,0,0,100,100,100,79,60,47,47,2,1,1787417552.222754,G1,T04,sotto_banco_movimenti,1,static
9125898,1,1,1,50,48,100,100,1,100,100,100,76,39,14,11,9,12,0,0,100,100,100,82,61,48,48,2,1,1787417552.4191382,G1,T04,sotto_banco_movimenti,1,static
9126098,1,1,1,48,76,100,100,1,100,100,100,73,17,10,12,7,9,0,0,100,100,100,81,60,48,47,2,1,1787417552.6239593,G1,T04,sotto_banco_movimenti,1,static
9126298,1,1,1,66,79,100,100,1,100,100,100,52,21,10,4,6,2,0,0,100,100,100,81,57,47,45,2,1,1787417552.8138719,G1,T04,sotto_banco_movimenti,1,static
9126498,1,1,1,81,59,100,100,0,100,100,100,8,4,9,7,4,5,0,0,100,100,100,80,56,46,44,2,1,1787417553.021826,G1,T04,sotto_banco_movimenti,1,static
9126698,1,1,1,126,68,100,100,0,96,100,100,37,18,5,13,3,8,0,0,100,100,100,78,57,45,45,2,1,1787417553.2145202,G1,T04,sotto_banco_movimenti,1,static
9126898,1,1,1,74,85,100,100,0,100,100,100,60,12,6,6,3,4,0,0,100,100,100,80,57,45,44,2,1,1787417553.421853,G1,T04,sotto_banco_movimenti,1,static
9127098,1,1,1,67,56,100,100,0,100,100,100,60,20,16,5,12,6,0,0,100,100,100,80,57,46,45,2,1,1787417553.613,G1,T04,sotto_banco_movimenti,1,static
9127298,1,1,1,77,75,100,100,0,100,100,100,31,23,10,6,4,4,0,0,100,100,100,80,56,47,44,2,1,1787417553.821455,G1,T04,sotto_banco_movimenti,1,static
9127498,1,1,1,70,66,100,100,0,100,100,100,79,24,15,12,12,11,0,0,100,100,100,79,56,47,44,2,1,1787417554.0130227,G1,T04,sotto_banco_movimenti,1,static
9127698,1,1,1,58,59,100,100,0,100,100,66,53,18,8,6,7,7,0,0,100,100,100,79,57,48,45,2,1,1787417554.2212143,G1,T04,sotto_banco_movimenti,1,static
9127898,1,1,1,63,60,100,100,0,100,100,95,29,9,3,6,9,5,0,0,100,100,100,78,58,49,45,2,1,1787417554.4223194,G1,T04,sotto_banco_movimenti,1,static
9128098,1,1,1,66,52,100,100,0,100,100,100,79,22,14,9,16,14,0,0,100,100,100,81,61,54,48,2,1,1787417554.6208043,G1,T04,sotto_banco_movimenti,1,static
9128298,1,1,1,59,53,100,100,0,100,100,100,23,23,18,14,15,12,0,0,100,100,100,83,65,57,50,1,1,1787417554.8132699,G1,T04,sotto_banco_movimenti,1,static
9128498,1,1,1,76,55,100,100,0,100,100,100,48,32,8,5,5,7,0,0,100,100,100,81,62,57,49,1,1,1787417555.021378,G1,T04,sotto_banco_movimenti,1,static
9128698,1,1,1,48,55,100,100,0,100,100,100,48,36,6,16,14,10,0,0,100,100,100,79,62,56,48,2,1,1787417555.2133062,G1,T04,sotto_banco_movimenti,1,static
9128898,1,1,1,55,40,100,100,0,100,100,100,37,23,10,7,2,3,0,0,100,100,100,77,59,54,46,2,1,1787417555.4223533,G1,T04,sotto_banco_movimenti,1,static
9129098,1,1,1,49,51,100,100,0,100,100,100,35,16,11,6,9,4,0,0,100,100,100,75,57,53,44,2,1,1787417555.6139667,G1,T04,sotto_banco_movimenti,1,static
9129298,1,1,1,71,64,100,100,0,100,100,73,27,25,10,7,4,7,0,0,100,100,100,76,56,53,44,2,1,1787417555.8214145,G1,T04,sotto_banco_movimenti,1,static
9129498,1,1,1,48,74,100,100,0,100,100,70,75,33,13,9,5,5,0,0,100,100,100,73,58,53,44,2,1,1787417556.0135343,G1,T04,sotto_banco_movimenti,1,static
9129698,1,1,1,75,65,100,100,0,80,100,83,26,9,13,5,11,4,0,0,100,100,100,73,57,53,44,2,1,1787417556.2213132,G1,T04,sotto_banco_movimenti,1,static
9129898,1,1,1,67,30,100,100,0,100,100,100,54,17,20,4,11,10,0,0,100,100,100,73,57,56,43,2,1,1787417556.4229014,G1,T04,sotto_banco_movimenti,1,static
9130098,1,1,1,73,56,100,100,0,100,100,100,46,19,17,5,8,11,0,0,100,100,100,80,59,60,46,2,1,1787417556.6210806,G1,T04,sotto_banco_movimenti,1,static
9130298,1,1,1,74,43,100,100,0,100,100,100,57,13,17,13,13,10,0,0,100,100,100,81,60,61,48,2,1,1787417556.8119788,G1,T04,sotto_banco_movimenti,1,static
9130498,1,1,1,54,60,100,100,0,100,100,100,15,23,13,8,6,9,0,0,100,100,100,82,59,63,48,2,1,1787417557.0198445,G1,T04,sotto_banco_movimenti,1,static
9130698,1,1,1,75,65,100,100,0,100,100,100,46,21,10,7,4,7,0,0,100,100,100,82,59,63,48,2,1,1787417557.2125719,G1,T04,sotto_banco_movimenti,1,static
9130898,1,1,1,63,77,100,100,0,100,100,100,27,25,6,9,11,9,0,0,100,100,100,81,60,66,49,2,1,1787417557.4228375,G1,T04,sotto_banco_movimenti,1,static
9131098,1,1,1,30,52,100,100,0,100,100,72,63,24,8,2,6,3,0,0,100,100,100,80,58,65,48,2,1,1787417557.6128633,G1,T04,sotto_banco_movimenti,1,static
9131298,1,1,1,59,70,100,100,0,100,100,100,52,9,16,1,6,3,0,0,100,100,100,80,58,65,48,2,1,1787417557.820821,G1,T04,sotto_banco_movimenti,1,static
9131498,1,1,1,62,84,100,100,0,100,100,100,29,22,5,1,4,1,0,0,100,100,100,79,57,64,47,2,1,1787417558.0131319,G1,T04,sotto_banco_movimenti,1,static
9131698,1,1,1,38,73,100,100,0,100,100,100,66,22,11,13,11,12,0,0,100,100,100,81,56,64,48,2,1,1787417558.221248,G1,T04,sotto_banco_movimenti,1,static
9131898,1,1,1,45,77,100,100,0,100,100,100,33,2,17,9,13,5,0,0,100,100,100,84,56,64,48,2,1,1787417558.4135525,G1,T04,sotto_banco_movimenti,1,static
9132098,1,1,1,30,65,100,100,0,100,100,100,42,10,10,8,4,5,0,0,100,100,100,79,51,60,45,2,1,1787417558.621991,G1,T04,sotto_banco_movimenti,1,static
9132298,1,1,1,76,61,100,100,0,100,100,100,36,23,7,7,5,6,0,0,100,100,100,77,48,55,42,2,1,1787417558.8139021,G1,T04,sotto_banco_movimenti,1,static
9132498,1,1,1,42,71,100,100,0,100,100,70,7,13,6,4,6,6,0,0,100,100,100,72,45,52,40,2,1,1787417559.0231955,G1,T04,sotto_banco_movimenti,1,static
9132698,1,1,1,30,43,100,100,0,100,100,100,6,15,7,7,9,7,0,0,100,100,100,71,45,51,40,2,1,1787417559.2126372,G1,T04,sotto_banco_movimenti,1,static
9132898,1,1,1,76,77,100,100,0,100,100,100,64,20,17,16,6,8,0,0,100,100,100,72,46,52,41,2,1,1787417559.4197006,G1,T04,sotto_banco_movimenti,1,static
9133098,1,1,1,62,59,100,100,0,100,100,100,36,23,17,2,6,3,0,0,100,100,100,73,45,51,41,2,1,1787417559.6100397,G1,T04,sotto_banco_movimenti,1,static
9133298,1,1,1,69,55,100,100,1,100,100,100,37,9,10,9,7,8,0,0,100,100,100,72,45,51,41,2,1,1787417559.8181388,G1,T04,sotto_banco_movimenti,1,static
9133498,1,1,1,79,79,100,100,1,100,100,100,52,7,10,7,2,3,0,0,100,100,100,73,43,50,40,2,1,1787417560.0103137,G1,T04,sotto_banco_movimenti,1,static
9133698,1,1,1,53,77,100,100,1,100,100,100,31,16,15,6,8,5,0,0,100,100,100,72,42,50,38,2,1,1787417560.2184324,G1,T04,sotto_banco_movimenti,1,static
9133898,1,1,1,67,75,100,100,1,100,100,100,25,13,12,11,9,11,0,0,100,100,100,75,41,48,38,2,1,1787417560.4106555,G1,T04,sotto_banco_movimenti,1,static
9134098,1,1,1,30,54,55,100,1,55,36,40,21,8,4,6,3,5,0,0,100,100,100,70,41,45,36,2,1,1787417560.6180372,G1,T04,sotto_banco_movimenti,1,static
9134298,1,1,1,59,60,100,100,1,100,100,51,37,16,9,5,7,7,0,0,100,100,100,68,41,45,35,2,1,1787417560.8126364,G1,T04,sotto_banco_movimenti,1,static
9134498,1,1,1,75,69,100,100,1,100,100,100,36,16,9,6,12,7,0,0,100,100,100,67,42,45,34,2,1,1787417561.0166662,G1,T04,sotto_banco_movimenti,1,static
9134698,1,1,1,73,76,59,100,1,28,59,26,19,6,6,7,5,5,0,0,100,100,100,67,43,44,34,2,1,1787417561.2237706,G1,T04,sotto_banco_movimenti,1,static
9134898,1,1,1,69,69,100,100,1,100,100,77,23,6,8,3,2,5,0,0,100,100,100,66,42,42,32,2,1,1787417561.4155173,G1,T04,sotto_banco_movimenti,1,static
9135098,1,1,1,62,67,100,100,1,100,100,51,15,8,9,4,7,5,0,0,100,100,100,65,42,42,31,2,1,1787417561.6240473,G1,T04,sotto_banco_movimenti,1,static
9135298,1,1,1,75,63,70,100,1,39,70,41,14,6,3,6,6,6,0,0,100,100,100,64,43,41,31,2,1,1787417561.8163562,G1,T04,sotto_banco_movimenti,1,static
9135498,1,1,1,72,72,100,100,1,48,100,20,25,9,7,2,1,2,0,0,100,100,100,63,43,41,31,2,1,1787417562.024291,G1,T04,sotto_banco_movimenti,1,static
9135698,1,1,1,62,75,100,100,1,100,100,77,25,11,8,9,5,2,0,0,100,100,100,59,43,40,30,2,1,1787417562.2161822,G1,T04,sotto_banco_movimenti,1,static
9135898,1,1,1,63,54,100,100,1,100,100,100,22,12,3,9,5,5,0,0,100,100,100,57,43,39,30,2,1,1787417562.4102757,G1,T04,sotto_banco_movimenti,1,static
9136098,1,1,1,66,63,100,100,1,100,100,93,13,2,2,6,9,6,0,0,100,100,100,57,44,40,30,2,1,1787417562.6157463,G1,T04,sotto_banco_movimenti,1,static
9136298,1,1,1,75,83,100,100,1,60,100,60,19,3,3,5,10,5,0,0,100,100,100,56,44,40,30,2,1,1787417562.8235059,G1,T04,sotto_banco_movimenti,1,static
9136498,1,1,1,76,75,100,100,1,100,100,100,27,2,9,5,9,6,0,0,100,100,100,57,45,42,30,2,1,1787417563.0153005,G1,T04,sotto_banco_movimenti,1,static
9136698,1,1,1,72,60,100,100,0,100,100,100,23,5,11,6,11,9,0,0,100,100,100,59,43,42,29,2,1,1787417563.2242262,G1,T04,sotto_banco_movimenti,1,static
9136898,1,1,1,65,65,100,100,0,100,100,100,51,11,16,7,13,9,0,0,100,100,100,60,43,44,30,2,1,1787417563.4163387,G1,T04,sotto_banco_movimenti,1,static
9137098,1,1,1,52,43,100,100,0,100,100,100,79,42,19,12,9,10,0,0,100,100,100,61,45,45,31,2,1,1787417563.6238022,G1,T04,sotto_banco_movimenti,1,static
9137298,1,1,1,65,56,100,100,0,100,100,100,66,27,7,13,15,10,0,0,100,100,100,61,45,45,31,2,1,1787417563.8154151,G1,T04,sotto_banco_movimenti,1,static
9137498,1,1,1,55,58,100,100,0,100,100,100,38,17,20,4,13,13,0,0,100,100,100,63,45,48,34,2,1,1787417564.0235627,G1,T04,sotto_banco_movimenti,1,static
9137698,1,1,1,75,56,100,100,0,100,100,100,13,4,12,7,12,8,0,0,100,100,100,65,46,49,35,2,1,1787417564.2160387,G1,T04,sotto_banco_movimenti,1,static
9137898,1,1,1,73,30,100,100,0,100,100,100,20,3,16,4,5,1,0,0,100,100,100,61,46,47,34,2,1,1787417564.4243484,G1,T04,sotto_banco_movimenti,1,static
9138098,1,1,1,67,73,100,100,0,100,100,60,12,2,8,6,10,6,0,0,100,100,100,61,44,46,33,2,1,1787417564.6160288,G1,T04,sotto_banco_movimenti,1,static
9138298,1,1,1,64,67,100,100,0,100,100,87,7,6,4,7,4,4,0,0,100,100,100,62,42,44,33,2,1,1787417564.8229156,G1,T04,sotto_banco_movimenti,1,static
9138498,1,1,1,65,75,100,100,0,100,100,51,16,2,6,6,1,4,0,0,100,100,100,63,41,44,33,2,1,1787417565.0150208,G1,T04,sotto_banco_movimenti,1,static
9138698,1,1,1,72,77,100,100,0,100,100,100,30,10,12,11,7,8,0,0,100,100,99,63,40,44,34,2,1,1787417565.2237148,G1,T04,sotto_banco_movimenti,1,static
9138898,1,1,1,60,58,100,100,0,100,100,100,27,9,9,8,3,10,0,0,100,100,100,66,42,45,36,2,1,1787417565.415072,G1,T04,sotto_banco_movimenti,1,static
9139098,1,1,1,59,76,100,100,0,100,100,100,37,11,8,3,9,1,0,0,100,100,100,69,44,47,39,2,1,1787417565.622732,G1,T04,sotto_banco_movimenti,1,static
9139298,1,1,1,81,76,100,100,0,100,100,100,24,9,7,3,8,1,0,0,100,100,100,69,46,48,40,2,1,1787417565.8173501,G1,T04,sotto_banco_movimenti,1,static
9139498,1,1,1,50,30,100,100,0,100,100,87,9,8,9,5,7,7,0,0,100,100,100,72,48,51,43,2,1,1787417566.0216465,G1,T04,sotto_banco_movimenti,1,static
9139698,1,1,1,52,64,100,100,0,100,100,100,21,9,9,2,5,3,0,0,100,100,98,73,49,51,44,2,1,1787417566.2142808,G1,T04,sotto_banco_movimenti,1,static
9139898,1,1,1,62,52,100,100,0,100,100,100,21,14,10,12,7,9,0,0,100,100,100,74,49,52,45,2,1,1787417566.4199767,G1,T04,sotto_banco_movimenti,1,static
9140098,1,1,1,57,75,100,100,0,100,100,71,44,20,9,8,6,7,0,0,100,100,100,76,47,51,45,2,1,1787417566.61189,G1,T04,sotto_banco_movimenti,1,static
9140298,1,1,1,73,30,100,100,0,100,100,94,25,11,11,5,4,5,0,0,100,100,98,76,46,50,44,2,1,1787417566.8191648,G1,T04,sotto_banco_movimenti,1,static
9140498,1,1,1,30,60,100,100,0,100,100,64,17,9,6,4,5,11,0,0,100,100,100,77,46,50,45,2,1,1787417567.010308,G1,T04,sotto_banco_movimenti,1,static
9140698,1,1,1,49,73,100,100,0,100,100,100,41,11,9,10,8,1,0,0,100,100,99,76,46,48,45,2,1,1787417567.2175689,G1,T04,sotto_banco_movimenti,1,static
9140898,1,1,1,56,41,100,100,0,100,100,100,8,6,8,11,11,4,0,0,100,100,93,76,45,46,44,2,1,1787417567.4240198,G1,T04,sotto_banco_movimenti,1,static
9141098,1,1,1,74,30,100,100,0,75,100,66,1,11,2,3,4,6,0,0,100,100,85,76,43,46,44,2,1,1787417567.6155763,G1,T04,sotto_banco_movimenti,1,static
9141298,1,1,1,57,69,100,100,0,100,100,97,21,7,8,4,7,2,0,0,100,100,82,75,40,44,42,2,1,1787417567.8225625,G1,T04,sotto_banco_movimenti,1,static
9141498,1,1,1,62,49,51,100,0,33,51,15,11,5,3,7,8,2,0,0,100,100,79,71,39,41,40,2,1,1787417568.0236824,G1,T04,sotto_banco_movimenti,1,static
9141698,1,1,1,66,30,100,100,0,100,100,67,18,10,6,2,8,2,0,0,100,100,75,68,38,39,39,2,1,1787417568.2187119,G1,T04,sotto_banco_movimenti,1,static
9141898,1,1,1,70,75,100,100,0,96,100,64,12,9,7,1,6,2,0,0,100,100,71,68,38,40,39,2,1,1787417568.4186835,G1,T04,sotto_banco_movimenti,1,static
9142098,1,1,1,63,50,100,100,0,100,100,100,22,7,7,4,4,9,0,0,100,100,70,67,38,40,39,2,1,1787417568.618828,G1,T04,sotto_banco_movimenti,1,static
9142298,1,1,1,65,56,100,100,0,100,100,100,5,6,9,7,5,1,0,0,100,100,70,67,39,41,41,2,1,1787417568.82143,G1,T04,sotto_banco_movimenti,1,static
9142498,1,1,1,62,55,100,100,0,100,100,100,11,28,21,13,11,16,0,0,100,100,73,67,40,42,42,2,1,1787417569.0185452,G1,T04,sotto_banco_movimenti,1,static
9142698,1,1,1,60,39,100,100,0,100,100,100,17,32,12,14,16,11,0,0,100,100,79,69,41,44,44,2,1,1787417569.2220557,G1,T04,sotto_banco_movimenti,1,static
9142898,1,1,1,82,30,100,100,1,100,100,100,42,12,11,1,2,4,0,0,100,100,81,68,41,43,43,2,1,1787417569.4184077,G1,T04,sotto_banco_movimenti,1,static
9143098,1,1,1,71,70,100,100,1,100,100,100,10,23,15,11,7,11,0,0,100,100,83,66,40,41,42,2,1,1787417569.6203406,G1,T04,sotto_banco_movimenti,1,static
9143298,1,1,1,79,73,100,100,1,56,100,100,49,39,6,10,5,2,0,0,100,100,94,67,40,41,43,2,1,1787417569.8222094,G1,T04,sotto_banco_movimenti,1,static
9143498,1,1,1,56,62,100,100,1,100,100,68,36,17,3,5,2,1,0,0,100,100,94,66,39,40,41,2,1,1787417570.0212064,G1,T04,sotto_banco_movimenti,1,static
9143698,1,1,1,30,79,100,100,1,100,100,100,46,14,9,12,3,3,0,0,100,100,98,66,40,40,41,2,1,1787417570.218445,G1,T04,sotto_banco_movimenti,1,static
9143898,1,1,1,50,55,100,100,1,100,100,100,74,13,6,3,12,8,0,0,100,100,94,66,39,39,39,2,1,1787417570.4187894,G1,T04,sotto_banco_movimenti,1,static
9144098,1,1,1,62,66,100,100,1,100,100,100,14,26,7,7,1,8,0,0,100,100,97,64,38,37,39,2,1,1787417570.6187375,G1,T04,sotto_banco_movimenti,1,static
9144298,1,1,1,62,69,100,100,1,100,100,100,53,33,13,14,11,14,0,0,100,100,100,64,39,37,39,2,1,1787417570.822987,G1,T04,sotto_banco_movimenti,1,static
9144498,1,1,1,46,72,100,100,1,100,100,100,42,19,13,12,9,11,0,0,100,100,100,63,39,36,39,2,1,1787417571.0249019,G1,T04,sotto_banco_movimenti,1,static
9144698,1,1,1,39,79,100,100,1,100,100,100,57,10,17,18,19,17,0,0,100,100,100,66,41,38,40,2,1,1787417571.2184784,G1,T04,sotto_banco_movimenti,1,static
9144898,1,1,1,38,55,100,100,1,100,100,100,50,12,12,10,10,8,0,0,100,100,100,66,41,38,40,2,1,1787417571.4239383,G1,T04,sotto_banco_movimenti,1,static
9145098,1,1,1,44,30,100,100,1,100,100,100,41,17,19,22,16,17,0,0,100,100,100,65,45,39,42,2,1,1787417571.6185036,G1,T04,sotto_banco_movimenti,1,static
9145298,1,1,1,55,62,100,100,1,100,100,100,31,23,17,19,17,15,0,0,100,100,100,65,47,41,44,2,1,1787417571.8238142,G1,T04,sotto_banco_movimenti,1,static
9145498,1,1,1,59,50,100,100,1,100,100,100,57,12,14,10,11,10,0,0,100,100,100,66,48,43,45,2,1,1787417572.0151322,G1,T04,sotto_banco_movimenti,1,static
9145698,1,1,1,59,71,100,100,1,100,100,100,26,10,18,15,13,15,0,0,100,100,100,68,49,44,46,2,1,1787417572.223267,G1,T04,sotto_banco_movimenti,1,static
9145898,1,1,1,76,76,100,100,1,92,100,100,24,18,6,10,7,4,0,0,100,100,100,67,51,43,46,2,1,1787417572.4111218,G1,T04,sotto_banco_movimenti,1,static
9146098,1,1,1,70,84,100,100,1,100,100,100,47,13,11,8,10,8,0,0,100,100,100,65,51,42,45,2,1,1787417572.6179688,G1,T04,sotto_banco_movimenti,1,static
9146298,1,1,1,41,80,100,100,0,100,100,100,37,16,16,6,10,4,0,0,100,100,100,65,51,42,45,2,1,1787417572.8238842,G1,T04,sotto_banco_movimenti,1,static
9146498,1,1,1,52,63,100,100,0,100,100,100,55,22,19,4,9,6,0,0,100,100,100,66,51,42,45,2,1,1787417573.0179482,G1,T04,sotto_banco_movimenti,1,static
9146698,1,1,1,74,72,100,100,0,100,100,100,45,29,14,5,8,6,0,0,100,100,100,68,51,42,45,2,1,1787417573.2123482,G1,T04,sotto_banco_movimenti,1,static
9146898,1,1,1,72,72,100,100,0,100,100,94,26,16,12,10,4,8,0,0,100,100,100,67,51,42,44,2,1,1787417573.4174962,G1,T04,sotto_banco_movimenti,1,static
9147098,1,1,1,70,30,100,100,0,100,100,41,14,15,10,5,8,1,0,0,100,100,100,66,50,42,43,2,1,1787417573.6132176,G1,T04,sotto_banco_movimenti,1,static
9147298,1,1,1,94,39,100,100,0,72,100,100,72,12,12,2,10,5,0,0,100,100,100,67,48,42,43,2,1,1787417573.8233504,G1,T04,sotto_banco_movimenti,1,static
9147498,1,1,1,70,41,100,100,0,100,100,71,79,45,11,9,8,3,0,0,100,100,100,67,49,42,43,2,1,1787417574.0140219,G1,T04,sotto_banco_movimenti,1,static
9147698,1,1,1,43,61,100,100,0,100,100,100,64,20,8,8,9,10,0,0,100,100,100,66,48,42,43,2,1,1787417574.2188601,G1,T04,sotto_banco_movimenti,1,static
9147898,1,1,1,71,71,100,100,0,100,100,100,25,26,12,14,13,13,0,0,100,100,100,67,51,44,45,2,1,1787417574.415323,G1,T04,sotto_banco_movimenti,1,static
9148098,1,1,1,75,30,100,100,0,100,100,100,53,25,27,21,17,22,0,0,100,100,100,72,56,49,49,2,1,1787417574.6182628,G1,T04,sotto_banco_movimenti,1,static
9148298,1,1,1,75,57,100,100,0,100,100,100,65,31,8,11,9,9,0,0,100,100,100,72,58,51,50,2,1,1787417574.8166559,G1,T04,sotto_banco_movimenti,1,static
9148498,1,1,1,50,65,100,100,0,100,100,100,18,15,11,13,12,13,0,0,100,100,100,73,59,52,51,2,1,1787417575.0169506,G1,T04,sotto_banco_movimenti,1,static
9148698,1,1,1,53,49,100,100,0,100,100,100,26,23,19,15,16,14,0,0,100,100,100,72,60,54,52,2,1,1787417575.2240791,G1,T04,sotto_banco_movimenti,1,static
9148898,1,1,1,56,54,100,100,0,100,100,100,53,17,14,13,14,13,0,0,100,100,100,72,61,55,53,2,1,1787417575.417938,G1,T04,sotto_banco_movimenti,1,static
9149098,1,1,1,70,78,100,100,0,100,100,100,19,10,4,8,6,4,0,0,100,100,100,69,58,53,50,2,1,1787417575.6238592,G1,T04,sotto_banco_movimenti,1,static
9149298,1,1,1,64,72,100,100,0,100,100,100,21,13,10,5,10,5,0,0,100,100,100,69,58,52,49,2,1,1787417575.819252,G1,T04,sotto_banco_movimenti,1,static
9149498,1,1,1,45,30,100,100,0,100,100,100,45,24,17,15,12,15,0,0,100,100,100,70,60,53,51,2,1,1787417576.0237753,G1,T04,sotto_banco_movimenti,1,static
9149698,1,1,1,54,57,100,100,0,100,100,100,21,22,13,14,12,9,0,0,100,100,100,70,61,53,52,2,1,1787417576.220159,G1,T04,sotto_banco_movimenti,1,static
9149898,1,1,1,72,77,100,100,0,94,100,83,19,9,3,5,5,8,0,0,100,100,100,67,59,52,51,2,1,1787417576.4233449,G1,T04,sotto_banco_movimenti,1,static
9150098,1,1,1,75,73,100,100,0,94,100,90,67,22,6,8,9,5,0,0,100,100,100,67,59,51,51,2,1,1787417576.621451,G1,T04,sotto_banco_movimenti,1,static
9150298,1,1,1,71,63,100,100,0,100,100,100,78,38,6,7,7,1,0,0,100,100,100,66,59,51,51,2,1,1787417576.8248036,G1,T04,sotto_banco_movimenti,1,static
9150498,1,1,1,56,59,100,100,0,100,100,100,18,22,2,2,5,5,0,0,100,100,100,64,58,50,50,2,1,1787417577.0225492,G1,T04,sotto_banco_movimenti,1,static
9150698,1,1,1,58,73,100,100,0,100,100,100,67,15,10,11,9,6,0,0,100,100,100,61,56,48,48,2,1,1787417577.2250211,G1,T04,sotto_banco_movimenti,1,static
9150898,1,1,1,72,66,100,100,0,100,100,100,54,19,19,3,7,12,0,0,100,100,100,61,55,48,49,2,1,1787417577.4234865,G1,T04,sotto_banco_movimenti,1,static
9151098,1,1,1,67,65,100,100,0,100,100,100,81,23,22,13,12,10,0,0,100,100,100,63,56,49,50,2,1,1787417577.625129,G1,T04,sotto_banco_movimenti,1,static
9151298,1,1,1,53,58,100,100,0,100,100,100,44,37,12,11,12,10,0,0,100,100,100,61,56,49,49,2,1,1787417577.8247688,G1,T04,sotto_banco_movimenti,1,static
9151498,1,1,1,42,76,100,100,0,100,100,100,24,37,9,12,14,10,0,0,100,100,100,60,56,50,49,2,1,1787417578.0236812,G1,T04,sotto_banco_movimenti,1,static
9151698,1,1,1,71,72,100,100,0,100,100,100,66,39,5,11,2,5,0,0,100,100,100,63,57,51,50,2,1,1787417578.2170746,G1,T04,sotto_banco_movimenti,1,static
9151898,1,1,1,59,65,100,100,0,100,100,100,49,23,16,5,7,3,0,0,100,100,100,65,56,50,48,2,1,1787417578.4231927,G1,T04,sotto_banco_movimenti,1,static
9152098,1,1,1,60,70,100,100,0,100,100,100,47,31,10,12,4,9,0,0,100,100,100,61,52,46,45,2,1,1787417578.6146228,G1,T04,sotto_banco_movimenti,1,static
9152298,1,1,1,67,54,100,100,0,100,100,100,26,25,18,15,15,11,0,0,100,100,100,62,51,46,45,2,1,1787417578.8220446,G1,T04,sotto_banco_movimenti,1,static
9152498,1,1,1,62,66,100,100,0,100,100,77,74,18,7,6,9,5,0,0,100,100,100,62,49,45,44,2,1,1787417579.0133104,G1,T04,sotto_banco_movimenti,1,static
9152698,1,1,1,78,76,100,100,0,100,100,100,34,9,3,10,9,3,0,0,100,100,100,59,47,42,41,2,1,1787417579.2218533,G1,T04,sotto_banco_movimenti,1,static
9152898,1,1,1,69,74,100,100,1,100,100,100,62,28,7,11,6,8,0,0,100,100,100,57,46,40,39,2,1,1787417579.4135718,G1,T04,sotto_banco_movimenti,1,static
9153098,1,1,1,60,53,100,100,1,100,100,100,19,24,20,9,8,7,0,0,100,100,100,61,46,41,40,2,1,1787417579.6190565,G1,T04,sotto_banco_movimenti,1,static
9153298,1,1,1,69,67,100,100,1,100,100,100,93,17,8,4,8,4,0,0,100,100,100,62,44,41,39,2,1,1787417579.8120234,G1,T04,sotto_banco_movimenti,1,static
9153498,1,1,1,38,48,100,100,1,100,100,100,31,13,22,10,11,11,0,0,100,100,100,62,43,40,38,2,1,1787417580.0194185,G1,T04,sotto_banco_movimenti,1,static
9153698,1,1,1,55,48,100,100,1,100,100,100,63,18,5,9,4,3,0,0,100,100,100,60,43,40,37,2,1,1787417580.2111583,G1,T04,sotto_banco_movimenti,1,static
9153898,1,1,1,58,67,100,100,1,100,100,100,34,1,14,16,11,13,0,0,100,100,100,62,46,43,38,2,1,1787417580.4189348,G1,T04,sotto_banco_movimenti,1,static
9154098,1,1,1,59,30,100,100,1,100,100,100,63,26,14,14,16,12,0,0,100,100,100,63,48,45,40,2,1,1787417580.6252775,G1,T04,sotto_banco_movimenti,1,static
9154298,1,1,1,69,54,100,100,1,100,100,100,28,13,10,7,5,4,0,0,100,100,100,63,47,44,39,2,1,1787417580.8173432,G1,T04,sotto_banco_movimenti,1,static
9154498,1,1,1,71,64,100,100,1,100,100,100,28,25,14,9,8,10,0,0,100,100,100,64,50,45,40,2,1,1787417581.009723,G1,T04,sotto_banco_movimenti,1,static
9154698,1,1,1,55,54,100,100,1,100,100,100,38,36,11,14,7,9,0,0,100,100,100,63,51,45,40,2,1,1787417581.2175136,G1,T04,sotto_banco_movimenti,1,static
9154898,1,1,1,79,75,100,100,1,90,100,100,42,24,15,12,9,6,0,0,100,100,100,64,53,46,40,2,1,1787417581.4104822,G1,T04,sotto_banco_movimenti,1,static
9155098,1,1,1,53,70,100,100,1,100,100,100,35,35,10,16,16,11,0,0,100,100,100,63,56,48,42,2,1,1787417581.6174262,G1,T04,sotto_banco_movimenti,1,static
9155298,1,1,1,72,75,100,100,1,100,100,100,57,38,8,8,2,1,0,0,100,100,100,63,57,47,42,2,1,1787417581.8098803,G1,T04,sotto_banco_movimenti,1,static
9155498,1,1,1,63,68,100,100,1,100,100,100,66,9,9,6,4,7,0,0,100,100,100,64,58,46,42,2,1,1787417582.0182834,G1,T04,sotto_banco_movimenti,1,static
9155698,1,1,1,93,60,100,100,1,100,100,100,39,7,1,7,3,2,0,0,100,100,100,63,57,44,41,2,1,1787417582.2098563,G1,T04,sotto_banco_movimenti,1,static
9155898,1,1,1,30,77,100,100,1,100,100,100,93,17,16,5,8,10,0,0,100,100,100,60,55,42,40,2,1,1787417582.4180462,G1,T04,sotto_banco_movimenti,1,static
9156098,1,1,1,54,82,100,100,1,100,100,83,42,14,12,12,8,8,0,0,100,100,100,59,55,42,40,2,1,1787417582.6094859,G1,T04,sotto_banco_movimenti,1,static
9156298,1,1,1,56,30,100,100,1,100,100,100,37,8,6,7,2,1,0,0,100,100,100,57,55,40,38,2,1,1787417582.817506,G1,T04,sotto_banco_movimenti,1,static
9156498,1,1,1,66,58,100,100,0,100,100,100,60,36,5,7,7,2,0,0,100,100,100,55,55,38,38,2,1,1787417583.025283,G1,T04,sotto_banco_movimenti,1,static
9156698,1,1,1,69,76,100,100,0,100,100,100,48,15,9,4,2,5,0,0,100,100,100,55,54,38,38,2,1,1787417583.2176585,G1,T04,sotto_banco_movimenti,1,static
9156898,1,1,1,63,30,100,100,0,100,100,100,42,9,6,14,5,6,0,0,100,100,100,54,56,39,38,2,1,1787417583.409442,G1,T04,sotto_banco_movimenti,1,static
9157098,1,1,1,69,62,100,100,0,100,100,100,81,30,9,7,6,9,0,0,100,100,100,52,55,38,37,2,1,1787417583.6169906,G1,T04,sotto_banco_movimenti,1,static
9157298,1,1,1,62,58,100,100,0,100,100,100,22,13,11,4,2,2,0,0,100,100,100,53,57,38,38,2,1,1787417583.824541,G1,T04,sotto_banco_movimenti,1,static
9157498,1,1,1,75,75,100,100,0,100,100,100,36,23,6,15,8,11,0,0,100,100,100,51,57,38,37,2,1,1787417584.0165582,G1,T04,sotto_banco_movimenti,1,static
9157698,1,1,1,58,57,100,100,0,100,100,100,56,32,9,7,9,6,0,0,100,100,100,51,56,37,37,2,1,1787417584.2248712,G1,T04,sotto_banco_movimenti,1,static
9157898,1,1,1,38,75,100,100,0,100,100,100,31,27,9,8,6,4,0,0,100,100,100,51,55,36,36,2,1,1787417584.4170496,G1,T04,sotto_banco_movimenti,1,static
9158098,1,1,1,45,69,100,100,0,100,100,100,43,10,8,8,6,7,0,0,100,100,100,50,54,33,35,2,1,1787417584.6243827,G1,T04,sotto_banco_movimenti,1,static
9158298,1,1,1,87,72,100,100,0,61,100,100,75,14,6,6,8,4,0,0,100,100,100,49,53,34,35,2,1,1787417584.8166108,G1,T04,sotto_banco_movimenti,1,static
9158498,1,1,1,46,39,100,100,0,100,100,100,84,41,11,22,13,10,0,0,100,100,100,49,54,33,35,2,1,1787417585.024117,G1,T04,sotto_banco_movimenti,1,static
9158698,1,1,1,57,30,100,100,0,100,100,100,46,25,11,7,10,6,0,0,100,100,100,48,52,33,33,2,1,1787417585.2161293,G1,T04,sotto_banco_movimenti,1,static
9158898,1,1,1,70,52,100,100,0,100,100,100,44,17,15,8,7,5,0,0,100,100,100,48,52,34,33,2,1,1787417585.4232128,G1,T04,sotto_banco_movimenti,1,static
9159098,1,1,1,65,65,100,100,0,100,100,100,30,22,6,5,10,6,0,0,100,100,100,46,48,32,32,2,1,1787417585.6160939,G1,T04,sotto_banco_movimenti,1,static
9159298,1,1,1,45,66,100,100,0,100,100,100,85,32,9,10,8,8,0,0,100,100,100,46,49,33,33,2,1,1787417585.824568,G1,T04,sotto_banco_movimenti,1,static
9159498,1,1,1,74,61,100,100,0,100,100,100,73,26,3,2,2,6,0,0,100,100,100,44,47,31,31,2,1,1787417586.0162559,G1,T04,sotto_banco_movimenti,1,static
9159698,1,1,1,99,63,100,100,0,31,100,100,98,11,8,3,7,2,0,0,100,100,100,43,47,32,30,2,1,1787417586.223783,G1,T04,sotto_banco_movimenti,1,static
9159898,1,1,1,75,96,100,100,0,100,100,100,28,29,11,4,1,6,0,0,100,100,100,43,46,32,30,2,1,1787417586.415924,G1,T04,sotto_banco_movimenti,1,static
9160098,1,1,1,79,76,100,100,0,58,100,100,65,25,9,12,10,5,0,0,100,100,100,44,46,32,30,2,1,1787417586.6232927,G1,T04,sotto_banco_movimenti,1,static
9160298,1,1,1,56,53,100,100,0,100,100,100,63,20,15,15,14,15,0,0,100,100,100,44,46,34,32,2,1,1787417586.8140075,G1,T04,sotto_banco_movimenti,1,static
9160498,1,1,1,72,42,100,100,0,100,100,100,59,30,8,8,6,6,0,0,100,100,100,45,46,35,32,2,1,1787417587.0214643,G1,T04,sotto_banco_movimenti,1,static
9160698,1,1,1,30,30,100,100,0,100,100,100,23,30,22,7,9,5,0,0,100,100,100,48,47,37,33,2,1,1787417587.213158,G1,T04,sotto_banco_movimenti,1,static
9160898,1,1,1,67,63,100,100,0,100,100,100,52,17,12,6,5,6,0,0,100,100,100,50,47,37,34,2,1,1787417587.4208646,G1,T04,sotto_banco_movimenti,1,static
9161098,1,1,1,70,78,100,100,0,100,100,100,47,19,11,13,16,10,0,0,100,100,100,50,49,38,34,2,1,1787417587.6128585,G1,T04,sotto_banco_movimenti,1,static
9161298,1,1,1,75,66,100,100,0,100,100,100,38,28,11,10,10,6,0,0,100,100,100,49,48,37,34,2,1,1787417587.8193228,G1,T04,sotto_banco_movimenti,1,static
9161498,1,1,1,73,82,100,100,0,100,100,93,40,13,13,9,8,4,0,0,100,100,100,51,47,36,34,2,1,1787417588.0112152,G1,T04,sotto_banco_movimenti,1,static
9161698,1,1,1,63,52,100,100,0,100,100,22,45,13,3,5,2,2,0,0,100,100,100,50,47,37,34,2,1,1787417588.2191527,G1,T04,sotto_banco_movimenti,1,static
9161898,1,1,1,45,67,100,100,0,100,100,100,51,16,12,7,9,8,0,0,100,100,100,51,46,36,34,2,1,1787417588.4106357,G1,T04,sotto_banco_movimenti,1,static
9162098,1,1,1,63,62,100,100,1,100,100,100,31,12,14,12,11,10,0,0,100,100,100,53,47,37,34,2,1,1787417588.6176374,G1,T04,sotto_banco_movimenti,1,static
9162298,1,1,1,58,72,100,100,1,100,100,100,59,34,10,7,4,7,0,0,100,100,100,54,49,38,35,2,1,1787417588.8098722,G1,T04,sotto_banco_movimenti,1,static
9162498,1,1,1,70,71,100,100,1,100,100,100,25,11,3,6,9,5,0,0,100,100,100,54,47,38,34,2,1,1787417589.017787,G1,T04,sotto_banco_movimenti,1,static
9162698,1,1,1,61,75,100,100,1,100,100,100,39,9,12,10,9,6,0,0,100,100,100,55,48,38,35,2,1,1787417589.2253764,G1,T04,sotto_banco_movimenti,1,static
9162898,1,1,1,73,70,100,100,1,100,100,100,52,28,8,10,10,4,0,0,100,100,100,53,47,36,34,2,1,1787417589.418042,G1,T04,sotto_banco_movimenti,1,static
9163098,1,1,1,67,70,100,100,1,100,100,100,55,17,14,2,11,6,0,0,100,100,100,56,46,37,34,2,1,1787417589.625357,G1,T04,sotto_banco_movimenti,1,static
9163298,1,1,1,70,66,100,100,1,100,100,100,45,6,11,4,5,3,0,0,100,100,100,57,46,37,34,2,1,1787417589.8172152,G1,T04,sotto_banco_movimenti,1,static
9163498,1,1,1,56,68,100,100,1,100,100,100,63,16,7,10,8,9,0,0,100,100,100,58,47,39,35,2,1,1787417590.0153744,G1,T04,sotto_banco_movimenti,1,static
9163698,1,1,1,65,65,100,100,1,100,100,72,40,6,11,10,6,7,0,0,100,100,100,58,48,41,36,2,1,1787417590.2186162,G1,T04,sotto_banco_movimenti,1,static
9163898,1,1,1,30,69,100,100,1,100,100,100,25,16,6,9,4,8,0,0,100,100,100,57,51,42,38,2,1,1787417590.4180877,G1,T04,sotto_banco_movimenti,1,static
9164098,1,1,1,48,82,100,100,1,100,100,100,56,15,18,12,14,12,0,0,100,100,100,61,51,43,38,1,1,1787417590.618349,G1,T04,sotto_banco_movimenti,1,static
9164298,1,1,1,46,62,100,100,1,100,100,100,84,13,3,8,10,9,0,0,100,100,100,60,52,44,38,2,1,1787417590.8188803,G1,T04,sotto_banco_movimenti,1,static
9164498,1,1,1,68,46,100,100,1,100,100,100,53,35,8,10,10,7,0,0,100,100,100,65,56,47,42,2,1,1787417591.0206413,G1,T04,sotto_banco_movimenti,1,static
9164698,1,1,1,67,57,100,100,1,100,100,100,15,4,18,8,13,12,0,0,100,100,100,66,58,49,43,2,1,1787417591.2255578,G1,T04,sotto_banco_movimenti,1,static
9164898,1,1,1,54,75,100,100,1,100,100,76,30,15,10,3,6,4,0,0,100,100,100,65,57,49,41,2,1,1787417591.4218307,G1,T04,sotto_banco_movimenti,1,static
9165098,1,1,1,69,49,100,100,1,100,100,100,18,9,12,9,4,5,0,0,100,100,100,67,55,49,41,2,1,1787417591.6252425,G1,T04,sotto_banco_movimenti,1,static
9165298,1,1,1,30,30,100,100,1,100,100,100,30,28,9,13,10,6,0,0,100,100,100,66,55,50,41,2,1,1787417591.8234112,G1,T04,sotto_banco_movimenti,1,static
9165498,1,1,1,68,63,100,100,1,100,100,100,75,25,16,9,6,7,0,0,100,100,100,67,56,51,43,2,1,1787417592.0235157,G1,T04,sotto_banco_movimenti,1,static
9165698,1,1,1,70,55,100,100,0,100,100,100,89,16,19,12,17,9,0,0,100,100,100,68,56,51,44,2,1,1787417592.2252054,G1,T04,sotto_banco_movimenti,1,static
9165898,1,1,1,75,30,100,100,0,100,100,100,20,25,17,6,6,2,0,0,100,100,100,70,55,51,44,1,1,1787417592.4229858,G1,T04,sotto_banco_movimenti,1,static
9166098,1,1,1,46,30,100,100,0,100,100,100,34,22,6,2,7,6,0,0,100,100,100,69,53,52,44,1,1,1787417592.624821,G1,T04,sotto_banco_movimenti,1,static
9166298,1,1,1,62,38,100,100,0,100,100,100,96,42,16,24,18,17,0,0,100,100,100,69,56,53,46,2,1,1787417592.8231812,G1,T04,sotto_banco_movimenti,1,static
9166498,1,1,1,65,46,100,100,0,100,100,100,89,37,7,14,12,10,0,0,100,100,100,67,56,52,45,1,1,1787417593.0156884,G1,T04,sotto_banco_movimenti,1,static
9166698,1,1,1,69,66,100,100,0,100,100,100,35,10,11,11,7,9,0,0,100,100,100,68,57,51,45,1,1,1787417593.2235649,G1,T04,sotto_banco_movimenti,1,static
9166898,1,1,1,41,130,100,100,0,100,100,100,10,10,38,24,25,22,0,0,100,100,100,73,62,56,50,1,1,1787417593.4155445,G1,T04,sotto_banco_movimenti,1,static
9167098,1,1,1,30,30,100,100,0,100,100,100,48,17,31,20,24,20,0,0,100,100,100,77,67,60,53,1,1,1787417593.6236093,G1,T04,sotto_banco_movimenti,1,static
9167298,1,1,1,74,70,100,100,0,100,100,100,69,11,8,8,3,7,0,0,100,100,100,76,66,59,53,2,1,1787417593.815969,G1,T04,sotto_banco_movimenti,1,static
9167498,1,1,1,30,60,100,100,0,100,100,100,21,19,8,7,9,6,0,0,100,100,100,79,67,59,54,2,1,1787417594.0244339,G1,T04,sotto_banco_movimenti,1,static
9167698,1,1,1,75,74,100,100,0,100,100,100,60,42,11,5,4,7,0,0,100,100,100,81,66,58,53,2,1,1787417594.216515,G1,T04,sotto_banco_movimenti,1,static
9167898,1,1,1,67,67,100,100,0,100,100,100,72,24,9,7,5,7,0,0,100,100,100,81,63,56,52,2,1,1787417594.4253418,G1,T04,sotto_banco_movimenti,1,static
9168098,1,1,1,65,73,100,100,0,100,100,100,62,15,4,11,3,5,0,0,100,100,100,80,62,55,50,2,1,1787417594.615724,G1,T04,sotto_banco_movimenti,1,static
9168298,1,1,1,83,66,100,100,0,100,100,100,44,31,2,5,11,7,0,0,100,100,100,81,61,53,49,2,1,1787417594.8240576,G1,T04,sotto_banco_movimenti,1,static
9168498,1,1,1,44,53,100,100,0,100,100,100,77,22,10,10,14,15,0,0,100,100,100,78,58,51,48,2,1,1787417595.015739,G1,T04,sotto_banco_movimenti,1,static
9168698,1,1,1,70,73,100,100,0,100,100,100,45,14,18,5,7,6,0,0,100,100,100,77,58,50,48,2,1,1787417595.223637,G1,T04,sotto_banco_movimenti,1,static
9168898,1,1,1,79,48,100,100,0,100,100,100,46,16,8,10,9,8,0,0,100,100,100,76,59,48,48,2,1,1787417595.4156303,G1,T04,sotto_banco_movimenti,1,static
9169098,1,1,1,68,56,100,100,0,100,100,100,37,12,10,9,10,7,0,0,100,100,100,76,60,49,50,2,1,1787417595.6225762,G1,T04,sotto_banco_movimenti,1,static
9169298,1,1,1,74,50,100,100,0,100,100,100,19,6,7,6,4,2,0,0,100,100,100,78,62,49,50,2,1,1787417595.8144758,G1,T04,sotto_banco_movimenti,1,static
9169498,1,1,1,71,66,100,100,0,100,100,100,68,20,10,3,6,7,0,0,100,100,100,77,62,49,49,1,1,1787417596.0227559,G1,T04,sotto_banco_movimenti,1,static
9169698,1,1,1,75,75,100,100,0,100,100,100,5,9,9,9,4,3,0,0,100,100,100,79,61,49,48,2,1,1787417596.2143424,G1,T04,sotto_banco_movimenti,1,static
9169898,1,1,1,30,62,100,100,0,100,100,100,57,16,9,10,9,7,0,0,100,100,100,79,63,50,49,1,1,1787417596.421893,G1,T04,sotto_banco_movimenti,1,static
9170098,1,1,1,59,72,100,100,0,100,100,52,43,15,5,12,7,11,0,0,100,100,100,79,66,51,51,2,1,1787417596.6146843,G1,T04,sotto_banco_movimenti,1,static
9170298,1,1,1,73,52,100,100,0,100,100,100,35,29,13,12,7,7,0,0,100,100,100,80,64,51,49,1,1,1787417596.821525,G1,T04,sotto_banco_movimenti,1,static
9170498,1,1,1,55,59,100,100,0,100,100,100,24,23,10,12,13,7,0,0,100,100,100,82,64,52,50,2,1,1787417597.0133278,G1,T04,sotto_banco_movimenti,1,static
9170698,1,1,1,43,59,100,100,0,100,100,100,64,12,12,12,6,9,0,0,100,100,100,84,63,53,50,2,1,1787417597.2218199,G1,T04,sotto_banco_movimenti,1,static
9170898,1,1,1,50,56,100,100,0,100,100,100,67,32,23,9,15,10,0,0,100,100,100,80,61,51,46,2,1,1787417597.4136558,G1,T04,sotto_banco_movimenti,1,static
9171098,1,1,1,56,54,100,100,0,100,100,84,40,16,6,14,5,8,0,0,100,100,100,76,59,47,44,1,1,1787417597.6199741,G1,T04,sotto_banco_movimenti,1,static
9171298,1,1,1,30,69,100,100,1,100,100,100,48,31,18,9,10,7,0,0,100,100,100,76,59,49,45,2,1,1787417597.8111475,G1,T04,sotto_banco_movimenti,1,static
9171498,1,1,1,30,75,100,100,1,100,100,52,30,8,6,6,8,9,0,0,100,100,100,75,59,50,45,1,1,1787417598.018758,G1,T04,sotto_banco_movimenti,1,static
9171698,1,1,1,65,72,100,100,1,100,100,100,49,18,12,12,11,4,0,0,100,100,100,75,60,51,46,1,1,1787417598.2116864,G1,T04,sotto_banco_movimenti,1,static
9171898,1,1,1,30,30,100,100,1,100,100,100,65,21,13,9,17,7,0,0,100,100,100,77,61,53,47,2,1,1787417598.418915,G1,T04,sotto_banco_movimenti,1,static
9172098,1,1,1,30,30,100,100,1,100,100,100,56,27,14,7,10,8,0,0,100,100,100,76,62,54,48,2,1,1787417598.6108375,G1,T04,sotto_banco_movimenti,1,static
9172298,1,1,1,55,55,100,100,1,100,100,100,17,16,17,7,11,9,0,0,100,100,100,76,63,56,49,2,1,1787417598.8186762,G1,T04,sotto_banco_movimenti,1,static
9172498,1,1,1,42,52,100,100,1,100,100,65,59,18,9,8,2,5,0,0,100,100,100,76,63,54,47,2,1,1787417599.0106122,G1,T04,sotto_banco_movimenti,1,static
9172698,1,1,1,64,51,100,100,1,100,100,100,41,19,11,8,12,3,0,0,100,100,100,74,62,53,44,1,1,1787417599.2192569,G1,T04,sotto_banco_movimenti,1,static
9172898,1,1,1,45,66,100,100,1,100,100,100,21,14,10,9,11,7,0,0,100,100,100,75,61,54,45,1,1,1787417599.410812,G1,T04,sotto_banco_movimenti,1,static
9173098,1,1,1,76,53,100,100,1,100,100,100,38,11,11,11,8,5,0,0,100,100,100,74,62,54,44,1,1,1787417599.6193216,G1,T04,sotto_banco_movimenti,1,static
9173298,1,1,1,30,58,100,100,1,100,100,100,17,7,3,8,2,2,0,0,100,100,100,74,59,54,43,1,1,1787417599.8106794,G1,T04,sotto_banco_movimenti,1,static
9173498,1,1,1,39,64,100,100,1,100,100,100,15,12,7,17,12,12,0,0,100,100,100,74,61,54,44,1,1,1787417600.0181913,G1,T04,sotto_banco_movimenti,1,static
9173698,1,1,1,75,42,100,100,1,100,100,100,37,35,12,14,9,9,0,0,100,100,100,72,62,56,45,2,1,1787417600.2258399,G1,T04,sotto_banco_movimenti,1,static
9173898,1,1,1,55,70,100,100,1,100,100,100,41,24,12,6,9,6,0,0,100,100,100,71,61,55,43,2,1,1787417600.417761,G1,T04,sotto_banco_movimenti,1,static
9174098,1,1,1,70,79,100,100,1,100,100,76,26,10,7,5,8,6,0,0,100,100,100,73,59,54,41,2,1,1787417600.62504,G1,T04,sotto_banco_movimenti,1,static
9174298,1,1,1,49,69,100,100,1,100,100,100,79,34,15,10,9,6,0,0,100,100,100,72,57,53,41,2,1,1787417600.817496,G1,T04,sotto_banco_movimenti,1,static
9174498,1,1,1,62,30,100,100,1,100,100,100,38,7,14,14,16,12,0,0,100,100,100,72,57,54,41,2,1,1787417601.025202,G1,T04,sotto_banco_movimenti,1,static
9174698,1,1,1,30,70,100,100,0,100,100,100,47,14,15,12,11,9,0,0,100,100,100,71,58,54,42,2,1,1787417601.2165084,G1,T04,sotto_banco_movimenti,1,static
9174898,1,1,1,30,60,100,100,0,100,100,64,28,7,17,8,6,7,0,0,100,100,100,71,55,53,41,1,1,1787417601.4242568,G1,T04,sotto_banco_movimenti,1,static
9175098,1,1,1,44,30,100,100,0,100,100,100,35,32,11,19,14,13,0,0,100,100,100,71,55,53,42,1,1,1787417601.616678,G1,T04,sotto_banco_movimenti,1,static
9175298,1,1,1,30,65,100,100,0,100,100,100,32,19,25,17,15,12,0,0,100,100,100,75,58,54,43,1,1,1787417601.8244288,G1,T04,sotto_banco_movimenti,1,static
9175498,1,1,1,53,72,100,100,0,100,100,100,60,24,14,12,11,12,0,0,100,100,100,75,58,53,42,1,1,1787417602.015975,G1,T04,sotto_banco_movimenti,1,static
9175698,1,1,1,48,49,100,100,0,100,100,100,29,11,13,14,7,10,0,0,100,100,100,77,61,55,44,1,1,1787417602.2244716,G1,T04,sotto_banco_movimenti,1,static
9175898,1,1,1,44,72,100,100,0,100,100,100,72,34,29,12,12,10,0,0,100,100,100,79,61,55,44,1,1,1787417602.4162512,G1,T04,sotto_banco_movimenti,1,static
9176098,1,1,1,59,59,100,100,0,100,100,100,19,25,11,10,12,8,0,0,100,100,100,79,60,55,43,2,1,1787417602.6220376,G1,T04,sotto_banco_movimenti,1,static
9176298,1,1,1,39,67,100,100,0,100,100,100,86,17,15,9,8,11,0,0,100,100,100,81,60,55,45,2,1,1787417602.8136685,G1,T04,sotto_banco_movimenti,1,static
9176498,1,1,1,65,73,100,100,0,100,100,100,56,15,16,17,8,12,0,0,100,100,100,83,61,56,46,2,1,1787417603.0210278,G1,T04,sotto_banco_movimenti,1,static
9176698,1,1,1,64,53,100,100,0,100,100,100,12,19,13,10,9,9,0,0,100,100,100,82,62,57,47,1,1,1787417603.2134798,G1,T04,sotto_banco_movimenti,1,static
9176898,1,1,1,67,49,100,100,0,100,100,94,26,35,7,12,12,10,0,0,100,100,100,80,61,56,47,1,1,1787417603.4217265,G1,T04,sotto_banco_movimenti,1,static
9177098,1,1,1,73,80,100,100,0,100,100,100,100,18,16,16,15,13,0,0,100,100,100,80,62,57,48,1,1,1787417603.6138854,G1,T04,sotto_banco_movimenti,1,static
9177298,1,1,1,30,46,100,100,0,100,100,100,43,4,2,7,7,7,0,0,100,100,100,79,65,60,51,1,1,1787417603.8220506,G1,T04,sotto_banco_movimenti,1,static
9177498,1,1,1,67,30,100,100,0,100,100,100,25,29,25,19,11,15,0,0,100,100,100,84,65,60,53,1,1,1787417604.0137627,G1,T04,sotto_banco_movimenti,1,static
9177698,1,1,1,61,66,100,100,0,100,100,100,21,19,17,9,6,7,0,0,100,100,100,85,64,60,52,1,1,1787417604.2221494,G1,T04,sotto_banco_movimenti,1,static
9177898,1,1,1,70,69,100,100,0,100,100,100,39,13,10,9,7,6,0,0,100,100,100,86,65,60,54,2,1,1787417604.414019,G1,T04,sotto_banco_movimenti,1,static
9178098,1,1,1,65,59,100,100,0,100,100,100,69,18,7,15,9,13,0,0,100,100,100,83,68,60,56,2,1,1787417604.6224103,G1,T04,sotto_banco_movimenti,1,static
9178298,1,1,1,58,63,100,100,0,100,100,100,38,23,10,7,4,7,0,0,100,100,100,82,68,60,56,2,1,1787417604.8146574,G1,T04,sotto_banco_movimenti,1,static
9178498,1,1,1,52,72,100,100,0,100,100,100,73,27,4,8,4,2,0,0,100,100,100,80,68,58,55,2,1,1787417605.023393,G1,T04,sotto_banco_movimenti,1,static
9178698,1,1,1,45,66,100,100,0,100,100,100,81,40,11,9,12,9,0,0,100,100,100,81,67,57,54,2,1,1787417605.2146232,G1,T04,sotto_banco_movimenti,1,static
9178898,1,1,1,48,63,100,100,0,100,100,100,37,26,3,6,9,6,0,0,100,100,100,79,67,56,54,2,1,1787417605.4221957,G1,T04,sotto_banco_movimenti,1,static
9179098,1,1,1,65,75,100,100,0,100,100,100,13,16,15,9,11,10,0,0,100,100,100,81,65,55,54,2,1,1787417605.6139326,G1,T04,sotto_banco_movimenti,1,static
9179298,1,1,1,70,60,100,100,0,100,100,100,20,20,15,14,11,15,0,0,100,100,100,77,63,54,52,2,1,1787417605.82155,G1,T04,sotto_banco_movimenti,1,static
9179498,1,1,1,58,76,100,100,0,100,100,100,67,24,9,11,6,9,0,0,100,100,100,76,62,54,53,2,1,1787417606.0131502,G1,T04,sotto_banco_movimenti,1,static
9179698,1,1,1,58,69,100,100,0,100,100,100,90,17,10,6,7,9,0,0,100,100,100,72,59,50,50,2,1,1787417606.2208014,G1,T04,sotto_banco_movimenti,1,static
9179898,1,1,1,64,57,100,100,1,100,100,100,57,23,15,18,14,12,0,0,100,100,100,66,57,48,49,2,1,1787417606.4127586,G1,T04,sotto_banco_movimenti,1,static
9180098,1,1,1,66,58,100,100,1,100,100,100,65,48,4,10,8,10,0,0,100,100,100,63,58,47,49,2,1,1787417606.619838,G1,T04,sotto_banco_movimenti,1,static
9180298,1,1,1,30,79,100,100,1,100,100,100,52,11,14,3,6,5,0,0,100,100,100,61,58,47,47,2,1,1787417606.812614,G1,T04,sotto_banco_movimenti,1,static
9180498,1,1,1,52,77,100,100,1,100,100,100,50,35,12,13,11,12,0,0,100,100,100,62,55,47,46,2,1,1787417607.020062,G1,T04,sotto_banco_movimenti,1,static
9180698,1,1,1,63,67,100,100,1,100,100,100,80,42,17,17,21,14,0,0,100,100,100,64,57,49,48,2,1,1787417607.2122214,G1,T04,sotto_banco_movimenti,1,static
9180898,1,1,1,55,67,100,100,1,100,100,100,92,27,11,11,13,8,0,0,100,100,100,65,57,49,48,2,1,1787417607.4205985,G1,T04,sotto_banco_movimenti,1,static
9181098,1,1,1,62,66,100,100,1,100,100,100,76,13,5,5,10,3,0,0,100,100,100,64,55,47,46,2,1,1787417607.6124732,G1,T04,sotto_banco_movimenti,1,static
9181298,1,1,1,69,67,100,100,1,100,100,100,45,10,7,7,6,5,0,0,100,100,100,65,52,45,44,2,1,1787417607.8204355,G1,T04,sotto_banco_movimenti,1,static
9181498,1,1,1,86,74,100,100,1,39,100,100,31,29,13,3,4,4,0,0,100,100,100,61,49,42,41,2,1,1787417608.011795,G1,T04,sotto_banco_movimenti,1,static
9181698,1,1,1,53,58,100,100,1,100,100,100,47,36,17,13,14,9,0,0,100,100,100,61,50,43,41,2,1,1787417608.219104,G1,T04,sotto_banco_movimenti,1,static
9181898,1,1,1,69,56,100,100,1,100,100,100,71,25,9,11,5,7,0,0,100,100,100,60,51,43,41,2,1,1787417608.4114718,G1,T04,sotto_banco_movimenti,1,static
9182098,1,1,1,77,30,100,100,1,100,100,100,61,7,8,9,5,9,0,0,100,100,100,61,48,43,39,2,1,1787417608.6196027,G1,T04,sotto_banco_movimenti,1,static
9182298,1,1,1,72,82,100,100,1,100,100,100,66,14,14,10,9,6,0,0,100,100,100,63,47,44,39,2,1,1787417608.8126354,G1,T04,sotto_banco_movimenti,1,static
9182498,1,1,1,57,58,100,100,1,100,100,100,36,30,3,10,11,3,0,0,100,100,100,63,47,45,39,2,1,1787417609.0177984,G1,T04,sotto_banco_movimenti,1,static
9182698,1,1,1,78,83,100,100,1,100,100,100,48,17,8,5,8,2,0,0,100,100,100,62,47,44,39,2,1,1787417609.2257988,G1,T04,sotto_banco_movimenti,1,static
9182898,1,1,1,61,79,100,100,1,100,100,100,28,18,15,12,10,4,0,0,100,100,100,63,48,44,39,2,1,1787417609.4176073,G1,T04,sotto_banco_movimenti,1,static
9183098,1,1,1,75,63,100,100,1,100,100,100,58,3,18,13,12,9,0,0,100,100,100,62,49,44,39,2,1,1787417609.6258018,G1,T04,sotto_banco_movimenti,1,static
9183298,1,1,1,67,68,100,100,0,100,100,100,46,18,9,5,6,7,0,0,100,100,100,62,47,43,38,2,1,1787417609.817955,G1,T04,sotto_banco_movimenti,1,static
9183498,1,1,1,78,60,100,100,0,75,100,100,30,5,9,4,3,3,0,0,100,100,100,61,46,42,37,2,1,1787417610.025705,G1,T04,sotto_banco_movimenti,1,static
9183698,1,1,1,70,53,100,100,0,100,100,100,20,6,2,7,10,6,0,0,100,100,100,61,46,43,37,2,1,1787417610.2181995,G1,T04,sotto_banco_movimenti,1,static
9183898,1,1,1,83,87,100,100,0,100,100,100,19,26,9,3,8,5,0,0,100,100,100,61,45,44,37,2,1,1787417610.4110372,G1,T04,sotto_banco_movimenti,1,static
9184098,1,1,1,73,80,100,100,0,100,100,100,33,13,5,9,4,5,0,0,100,100,100,61,44,43,36,2,1,1787417610.6181278,G1,T04,sotto_banco_movimenti,1,static
9184298,1,1,1,62,59,100,100,0,100,100,100,17,8,7,7,5,5,0,0,100,100,100,60,46,43,37,2,1,1787417610.8256876,G1,T04,sotto_banco_movimenti,1,static
9184498,1,1,1,65,62,100,100,0,100,100,53,5,12,8,7,4,7,0,0,100,100,100,57,49,42,38,2,1,1787417611.0174315,G1,T04,sotto_banco_movimenti,1,static
9184698,1,1,1,75,77,100,100,0,100,100,100,25,11,2,4,4,8,0,0,100,100,100,54,48,38,36,2,1,1787417611.2248163,G1,T04,sotto_banco_movimenti,1,static
9184898,1,1,1,69,79,100,100,0,100,100,100,30,26,12,11,8,7,0,0,100,100,100,55,49,38,37,2,1,1787417611.4149783,G1,T04,sotto_banco_movimenti,1,static
9185098,1,1,1,67,73,100,100,0,100,100,100,18,17,2,4,6,5,0,0,100,100,100,56,48,38,36,2,1,1787417611.6217868,G1,T04,sotto_banco_movimenti,1,static
9185298,1,1,1,58,66,100,100,0,100,100,100,37,17,15,8,16,8,0,0,100,100,100,57,49,39,37,2,1,1787417611.8131382,G1,T04,sotto_banco_movimenti,1,static
9185498,1,1,1,57,58,100,100,0,100,100,100,22,7,12,10,11,9,0,0,100,100,100,57,50,39,38,2,1,1787417612.0208929,G1,T04,sotto_banco_movimenti,1,static
9185698,1,1,1,65,73,100,100,0,100,100,100,52,19,6,8,10,8,0,0,100,100,100,55,49,38,37,2,1,1787417612.2130115,G1,T04,sotto_banco_movimenti,1,static
9185898,1,1,1,67,60,100,100,0,100,100,100,41,8,10,8,11,6,0,0,100,100,100,54,49,38,37,2,1,1787417612.4211261,G1,T04,sotto_banco_movimenti,1,static
9186098,1,1,1,69,68,100,100,0,100,100,100,53,12,11,10,9,6,0,0,100,100,100,55,50,39,39,2,1,1787417612.6129665,G1,T04,sotto_banco_movimenti,1,static
9186298,1,1,1,30,61,100,100,0,100,100,55,41,12,12,10,6,6,0,0,100,100,100,55,53,40,40,2,1,1787417612.8213422,G1,T04,sotto_banco_movimenti,1,static
9186498,1,1,1,71,65,100,100,0,100,100,100,100,40,6,9,9,7,0,0,100,100,100,57,53,41,41,2,1,1787417613.0136905,G1,T04,sotto_banco_movimenti,1,static
9186698,1,1,1,41,38,100,100,0,100,100,76,27,11,10,10,6,3,0,0,100,100,100,58,53,43,41,2,1,1787417613.220652,G1,T04,sotto_banco_movimenti,1,static
9186898,1,1,1,69,68,100,100,0,100,100,99,14,9,8,7,8,8,0,0,100,100,100,59,54,45,41,2,1,1787417613.411533,G1,T04,sotto_banco_movimenti,1,static
9187098,1,1,1,50,40,100,100,0,100,100,19,10,7,5,2,7,6,0,0,100,100,100,59,52,45,40,2,1,1787417613.6197097,G1,T04,sotto_banco_movimenti,1,static
9187298,1,1,1,43,59,71,100,0,65,71,5,3,5,8,2,2,4,0,0,100,100,100,60,51,46,39,2,1,1787417613.8160095,G1,T04,sotto_banco_movimenti,1,static
9187498,1,1,1,73,43,79,100,0,22,79,14,2,4,5,4,1,6,0,0,100,100,100,62,51,47,39,2,1,1787417614.0195038,G1,T04,sotto_banco_movimenti,1,static
9187698,1,1,1,70,72,100,100,0,69,100,23,11,3,7,6,4,9,0,0,100,100,100,65,51,48,39,2,1,1787417614.2124357,G1,T04,sotto_banco_movimenti,1,static
9187898,1,1,1,71,70,100,100,0,50,100,32,15,6,7,1,6,7,0,0,100,100,100,68,52,49,40,2,1,1787417614.419891,G1,T04,sotto_banco_movimenti,1,static
9188098,1,0,1,0,71,0,100,0,14,22,18,8,10,8,2,5,4,0,0,100,100,100,70,53,50,41,2,1,1787417614.6116188,G1,T04,sotto_banco_movimenti,1,static
9188298,1,1,1,61,75,100,100,0,100,100,29,8,2,5,4,5,7,0,0,100,100,100,72,50,49,40,2,1,1787417614.8197258,G1,T04,sotto_banco_movimenti,1,static
9188498,1,1,1,61,58,100,100,0,100,100,22,5,6,2,8,1,9,0,0,100,100,100,71,48,49,39,2,1,1787417615.010427,G1,T04,sotto_banco_movimenti,1,static
9188698,1,1,1,80,53,100,100,0,13,100,100,17,9,6,5,2,4,0,0,100,100,100,70,46,48,37,2,1,1787417615.2180972,G1,T04,sotto_banco_movimenti,1,static
9188898,1,1,1,58,55,100,100,0,100,100,100,95,26,13,14,13,10,0,0,100,100,100,71,46,49,38,2,1,1787417615.4263659,G1,T04,sotto_banco_movimenti,1,static
9189098,1,1,1,52,47,100,100,1,100,100,100,30,16,9,9,6,11,0,0,100,100,100,75,50,51,40,2,1,1787417615.6184251,G1,T04,sotto_banco_movimenti,1,static
9189298,1,1,1,64,65,100,100,1,100,100,100,92,30,6,7,1,6,0,0,100,100,100,75,50,51,40,2,1,1787417615.8182793,G1,T04,sotto_banco_movimenti,1,static
9189498,1,1,1,74,64,100,100,1,100,100,100,31,31,23,4,7,14,0,0,100,100,100,79,53,53,42,2,1,1787417616.018674,G1,T04,sotto_banco_movimenti,1,static
9189698,1,1,1,60,69,100,100,1,100,100,100,23,4,13,6,12,6,0,0,100,100,100,80,50,53,41,2,1,1787417616.2102313,G1,T04,sotto_banco_movimenti,1,static
9189898,1,1,1,58,80,100,100,1,100,100,100,21,8,15,9,3,12,0,0,100,100,100,82,50,53,41,2,1,1787417616.4186544,G1,T04,sotto_banco_movimenti,1,static
9190098,1,1,1,46,47,100,100,1,100,100,100,23,22,11,11,11,8,0,0,100,100,100,83,48,53,39,2,1,1787417616.6254272,G1,T04,sotto_banco_movimenti,1,static
9190298,1,1,1,50,49,100,100,1,100,100,100,87,32,15,12,12,11,0,0,100,100,100,83,47,52,39,2,1,1787417616.8192306,G1,T04,sotto_banco_movimenti,1,static
9190498,1,1,1,41,50,100,100,1,100,100,100,29,5,8,10,8,9,0,0,100,100,100,82,46,50,38,2,1,1787417617.0255435,G1,T04,sotto_banco_movimenti,1,static
9190698,1,1,1,67,73,100,100,1,100,100,100,30,9,9,9,5,6,0,0,100,100,100,81,46,49,40,2,1,1787417617.2179396,G1,T04,sotto_banco_movimenti,1,static
9190898,1,1,1,46,58,100,100,1,100,100,100,63,12,7,13,9,7,0,0,100,100,100,78,47,49,40,2,1,1787417617.425994,G1,T04,sotto_banco_movimenti,1,static
9191098,1,1,1,48,74,100,100,1,100,100,100,44,11,11,3,6,5,0,0,100,100,100,77,47,47,40,2,1,1787417617.618004,G1,T04,sotto_banco_movimenti,1,static
9191298,1,1,1,59,69,100,100,1,100,100,100,14,12,10,12,7,8,0,0,100,100,100,77,48,47,42,2,1,1787417617.825977,G1,T04,sotto_banco_movimenti,1,static
9191498,1,1,1,84,79,100,100,1,89,100,100,46,22,7,2,7,6,0,0,100,100,100,75,49,45,42,2,1,1787417618.0178905,G1,T04,sotto_banco_movimenti,1,static
9191698,1,1,1,55,69,100,100,1,100,100,54,18,13,9,10,3,6,0,0,100,100,100,75,49,45,42,2,1,1787417618.2259839,G1,T04,sotto_banco_movimenti,1,static
9191898,1,1,1,68,55,100,100,1,100,100,100,15,14,19,11,10,13,0,0,100,100,100,75,49,44,42,2,1,1787417618.4180927,G1,T04,sotto_banco_movimenti,1,static
9192098,1,1,1,61,62,100,100,1,100,100,100,36,35,10,7,2,6,0,0,100,100,100,73,49,43,42,2,1,1787417618.626154,G1,T04,sotto_banco_movimenti,1,static
9192298,1,1,1,73,67,100,100,1,100,100,100,53,16,16,2,6,8,0,0,100,100,100,74,50,43,43,2,1,1787417618.8227317,G1,T04,sotto_banco_movimenti,1,static
9192498,1,1,1,74,62,100,100,1,100,100,100,11,8,7,2,9,1,0,0,100,100,100,75,49,44,43,2,1,1787417619.0249228,G1,T04,sotto_banco_movimenti,1,static
9192698,1,1,1,83,81,100,100,0,31,100,100,9,10,11,7,7,7,0,0,100,100,100,77,49,45,44,2,1,1787417619.216854,G1,T04,sotto_banco_movimenti,1,static
9192898,1,1,1,77,75,100,100,0,96,100,100,14,19,9,10,11,8,0,0,100,100,100,74,48,43,42,2,1,1787417619.4249246,G1,T04,sotto_banco_movimenti,1,static
9193098,1,1,1,86,54,100,100,0,46,100,100,17,5,6,8,1,9,0,0,100,100,100,71,46,41,40,2,1,1787417619.6164541,G1,T04,sotto_banco_movimenti,1,static
9193298,1,1,1,45,30,100,100,0,100,100,55,24,10,13,6,7,8,0,0,100,100,100,70,43,39,38,2,1,1787417619.8245697,G1,T04,sotto_banco_movimenti,1,static
9193498,1,1,1,71,45,100,100,0,85,100,49,43,11,8,10,2,2,0,0,100,100,100,67,40,37,36,2,1,1787417620.0141819,G1,T04,sotto_banco_movimenti,1,static
9193698,1,1,1,62,54,100,100,0,100,100,62,11,3,6,10,7,7,0,0,100,100,100,66,41,36,36,2,1,1787417620.222549,G1,T04,sotto_banco_movimenti,1,static
9193898,1,1,1,75,84,100,100,0,47,100,55,21,12,4,2,7,6,0,0,100,100,100,63,40,34,35,2,1,1787417620.4157128,G1,T04,sotto_banco_movimenti,1,static
9194098,1,1,1,75,60,100,100,0,100,100,100,35,15,9,6,13,7,0,0,100,100,100,60,40,33,34,2,1,1787417620.6225781,G1,T04,sotto_banco_movimenti,1,static
9194298,1,1,1,60,70,100,100,0,100,100,100,30,17,5,8,2,7,0,0,100,100,100,59,41,33,34,2,1,1787417620.8261456,G1,T04,sotto_banco_movimenti,1,static
9194498,1,1,1,69,62,100,100,0,100,100,100,23,17,8,5,2,5,0,0,100,100,100,59,42,33,33,2,1,1787417621.022897,G1,T04,sotto_banco_movimenti,1,static
9194698,1,1,1,68,73,100,100,0,100,100,100,21,7,7,6,2,3,0,0,100,100,100,58,42,32,32,2,1,1787417621.2152286,G1,T04,sotto_banco_movimenti,1,static
9194898,1,1,1,64,79,100,100,0,100,100,100,16,13,12,9,7,3,0,0,100,100,100,59,40,30,29,2,1,1787417621.423984,G1,T04,sotto_banco_movimenti,1,static
9195098,1,1,1,55,57,100,100,0,100,100,91,25,15,6,7,8,9,0,0,100,100,100,58,40,30,29,2,1,1787417621.615561,G1,T04,sotto_banco_movimenti,1,static
9195298,1,1,1,75,65,100,100,0,100,100,100,16,5,7,7,8,7,0,0,100,100,100,55,39,29,28,2,1,1787417621.826129,G1,T04,sotto_banco_movimenti,1,static
9195498,1,1,1,65,80,100,100,0,72,100,47,16,10,6,5,5,7,0,0,100,100,100,55,40,29,29,2,1,1787417622.014822,G1,T04,sotto_banco_movimenti,1,static
9195698,1,1,1,75,65,100,100,0,31,100,30,4,3,4,5,5,5,0,0,100,100,100,52,41,28,29,2,1,1787417622.2228913,G1,T04,sotto_banco_movimenti,1,static
9195898,1,1,1,80,80,100,100,0,19,100,44,8,4,2,3,6,5,0,0,100,100,100,49,40,27,27,2,1,1787417622.4147184,G1,T04,sotto_banco_movimenti,1,static
9196098,1,1,1,67,69,77,100,0,34,77,11,10,6,6,5,4,5,0,0,100,100,100,49,39,27,26,2,1,1787417622.6225896,G1,T04,sotto_banco_movimenti,1,static
9196298,1,1,1,60,65,100,100,0,100,100,70,18,12,8,3,3,7,0,0,100,100,100,47,38,27,24,2,1,1787417622.8139987,G1,T04,sotto_banco_movimenti,1,static
9196498,1,1,1,53,55,100,100,0,100,100,58,14,10,5,5,4,5,0,0,100,100,100,46,40,27,25,2,1,1787417623.0216339,G1,T04,sotto_banco_movimenti,1,static
9196698,1,1,1,62,60,100,100,0,82,100,41,10,7,2,7,5,6,0,0,100,100,100,44,40,27,24,2,1,1787417623.2130053,G1,T04,sotto_banco_movimenti,1,static
9196898,1,0,1,0,68,0,100,0,18,23,9,2,2,3,8,5,6,0,0,100,100,100,43,41,28,25,2,1,1787417623.4208536,G1,T04,sotto_banco_movimenti,1,static
9197098,1,1,1,45,68,89,100,0,82,89,28,16,10,4,9,5,5,0,0,100,100,100,41,41,28,25,2,1,1787417623.6119146,G1,T04,sotto_banco_movimenti,1,static
9197298,1,1,1,62,59,100,100,0,100,100,77,11,10,5,6,7,6,0,0,100,100,100,37,43,28,25,2,1,1787417623.8200734,G1,T04,sotto_banco_movimenti,1,static
9197498,1,1,1,71,67,100,100,0,100,100,100,13,11,7,5,7,6,0,0,100,100,100,35,46,29,26,2,1,1787417624.0123265,G1,T04,sotto_banco_movimenti,1,static
9197698,1,1,1,76,75,100,100,0,79,100,100,8,13,5,10,8,7,0,0,100,100,100,34,49,31,27,2,1,1787417624.2200005,G1,T04,sotto_banco_movimenti,1,static
9197898,1,1,1,75,79,100,100,0,100,100,100,2,17,8,6,5,8,0,0,100,100,100,33,52,34,30,2,1,1787417624.4124784,G1,T04,sotto_banco_movimenti,1,static
9198098,1,1,1,58,69,100,100,0,100,100,97,11,15,1,9,9,5,0,0,100,100,100,34,56,38,33,2,1,1787417624.620264,G1,T04,sotto_banco_movimenti,1,static
9198298,1,1,1,57,56,100,100,0,100,100,60,1,8,5,7,6,1,0,0,100,100,100,35,58,41,34,2,1,1787417624.8117185,G1,T04,sotto_banco_movimenti,1,static
9198498,1,1,1,55,50,53,100,0,41,53,12,7,4,6,7,8,3,0,0,100,100,100,35,60,43,36,2,1,1787417625.020115,G1,T04,sotto_banco_movimenti,1,static
9198698,1,1,1,65,64,100,100,0,71,100,38,11,2,5,5,6,3,0,0,100,100,100,34,62,46,39,2,1,1787417625.2122703,G1,T04,sotto_banco_movimenti,1,static
9198898,1,1,1,56,54,100,100,0,100,100,52,8,9,3,2,4,3,0,0,100,100,100,33,65,48,41,2,1,1787417625.4201553,G1,T04,sotto_banco_movimenti,1,static
9199098,1,1,1,60,56,100,100,0,100,100,46,4,10,6,5,7,7,0,0,100,100,100,32,67,49,42,2,1,1787417625.6122205,G1,T04,sotto_banco_movimenti,1,static
9199298,1,1,1,75,70,100,100,0,51,100,48,12,12,6,6,8,7,0,0,100,100,100,33,66,49,41,2,1,1787417625.8200183,G1,T04,sotto_banco_movimenti,1,static
9199498,1,1,1,56,83,100,100,0,70,100,6,2,5,1,3,2,5,0,0,100,100,100,32,64,49,40,2,1,1787417626.0119593,G1,T04,sotto_banco_movimenti,1,static
9199698,1,1,1,65,67,100,100,0,100,100,60,9,8,7,1,6,2,0,0,100,100,100,32,64,49,40,2,1,1787417626.2197897,G1,T04,sotto_banco_movimenti,1,static
9199898,1,1,1,50,56,100,100,0,100,100,67,11,13,8,8,10,3,0,0,100,100,100,33,65,51,41,2,1,1787417626.4124563,G1,T04,sotto_banco_movimenti,1,static
9200098,1,1,1,49,49,100,100,0,100,100,52,6,14,12,11,3,6,0,0,100,100,100,35,68,53,43,2,1,1787417626.6202335,G1,T04,sotto_banco_movimenti,1,static
9200298,1,1,1,52,52,100,100,0,100,100,47,10,11,4,6,3,9,0,0,100,100,100,37,69,55,45,2,1,1787417626.8133903,G1,T04,sotto_banco_movimenti,1,static
9200498,1,1,1,55,52,100,100,0,100,100,60,7,10,1,6,6,9,0,0,100,100,100,38,70,56,46,2,1,1787417627.0194666,G1,T04,sotto_banco_movimenti,1,static
9200698,1,1,1,56,52,100,100,0,100,100,49,11,8,7,8,8,9,0,0,100,100,100,40,71,58,46,2,1,1787417627.2137518,G1,T04,sotto_banco_movimenti,1,static
9200898,1,1,1,58,60,100,100,0,79,100,17,15,10,9,9,4,1,0,0,100,100,100,42,72,60,47,2,1,1787417627.419957,G1,T04,sotto_banco_movimenti,1,static
9201098,1,0,1,0,68,0,100,0,28,41,8,11,9,9,3,1,2,0,0,100,100,100,44,73,61,48,2,1,1787417627.6147804,G1,T04,sotto_banco_movimenti,1,static
9201298,1,1,1,79,58,100,100,0,24,100,80,10,7,6,2,2,1,0,0,100,100,100,46,73,62,49,2,1,1787417627.819568,G1,T04,sotto_banco_movimenti,1,static
9201498,1,1,1,58,56,100,100,0,100,100,100,56,34,17,15,16,11,0,0,100,100,100,47,72,62,49,2,1,1787417628.0161326,G1,T04,sotto_banco_movimenti,1,static
9201698,1,1,1,50,74,100,100,0,100,100,100,31,38,9,11,13,10,0,0,100,100,100,50,73,64,50,2,1,1787417628.2193124,G1,T04,sotto_banco_movimenti,1,static
9201898,1,1,1,59,62,100,100,0,100,100,100,75,45,7,12,10,13,0,0,100,100,100,49,70,62,49,2,1,1787417628.4264164,G1,T04,sotto_banco_movimenti,1,static
9202098,1,1,1,66,30,100,100,1,100,100,100,35,14,10,6,7,9,0,0,100,100,100,50,67,59,47,2,1,1787417628.6192682,G1,T04,sotto_banco_movimenti,1,static
9202298,1,1,1,69,72,100,100,1,100,100,81,25,8,5,5,7,3,0,0,100,100,100,51,63,57,45,2,1,1787417628.8201096,G1,T04,sotto_banco_movimenti,1,static
9202498,1,1,1,58,76,100,100,1,100,100,100,57,19,14,13,13,10,0,0,100,100,100,51,61,55,44,2,1,1787417629.0204933,G1,T04,sotto_banco_movimenti,1,static
9202698,1,1,1,73,70,100,100,1,100,100,100,62,26,8,11,4,6,0,0,100,100,100,51,59,52,41,2,1,1787417629.2257907,G1,T04,sotto_banco_movimenti,1,static
9202898,1,1,1,51,47,100,100,1,100,100,100,58,29,8,11,6,5,0,0,100,100,100,51,58,51,40,2,1,1787417629.4230201,G1,T04,sotto_banco_movimenti,1,static
9203098,1,1,1,65,67,100,100,1,100,100,100,62,8,19,20,17,15,0,0,100,100,100,54,57,51,40,2,1,1787417629.6263838,G1,T04,sotto_banco_movimenti,1,static
9203298,1,1,1,41,60,100,100,1,100,100,95,30,16,7,11,10,8,0,0,100,100,100,56,59,53,42,2,1,1787417629.8257053,G1,T04,sotto_banco_movimenti,1,static
9203498,1,1,1,60,62,100,100,1,100,100,100,45,27,15,10,5,10,0,0,100,100,100,60,64,58,48,2,1,1787417630.025958,G1,T04,sotto_banco_movimenti,1,static
9203698,1,1,1,60,30,100,100,1,100,100,100,28,21,24,32,23,21,0,0,100,100,100,67,73,65,55,2,1,1787417630.2263033,G1,T04,sotto_banco_movimenti,1,static
9203898,1,1,1,74,50,100,100,1,100,100,100,72,25,21,13,12,13,0,0,100,100,100,67,73,65,55,2,1,1787417630.424808,G1,T04,sotto_banco_movimenti,1,static
9204098,1,1,1,30,56,100,100,1,100,100,100,32,6,5,9,8,1,0,0,100,100,100,66,71,64,54,2,1,1787417630.6174114,G1,T04,sotto_banco_movimenti,1,static
9204298,1,1,1,60,64,100,100,1,100,100,100,78,24,10,5,5,5,0,0,100,100,100,65,68,62,53,2,1,1787417630.8255272,G1,T04,sotto_banco_movimenti,1,static
9204498,1,1,1,42,72,100,100,1,100,100,100,9,15,12,1,2,5,0,0,100,100,100,65,66,59,51,2,1,1787417631.0174515,G1,T04,sotto_banco_movimenti,1,static
9204698,1,1,1,73,30,100,100,1,100,100,100,72,37,14,7,10,8,0,0,100,100,100,65,65,58,51,2,1,1787417631.2246568,G1,T04,sotto_banco_movimenti,1,static
9204898,1,1,1,71,67,100,100,1,100,100,100,57,18,12,12,5,10,0,0,100,100,100,63,64,56,50,2,1,1787417631.4173687,G1,T04,sotto_banco_movimenti,1,static
9205098,1,1,1,30,55,100,100,1,100,100,100,38,18,5,3,5,4,0,0,100,100,100,62,63,55,51,1,1,1787417631.6260905,G1,T04,sotto_banco_movimenti,1,static
9205298,1,1,1,48,70,100,100,1,100,100,100,39,25,33,19,25,19,0,0,100,100,100,69,67,60,55,1,1,1787417631.8190382,G1,T04,sotto_banco_movimenti,1,static
9205498,1,1,1,66,59,100,100,1,100,100,63,62,18,10,12,11,10,0,0,100,100,100,76,70,64,58,1,1,1787417632.0256748,G1,T04,sotto_banco_movimenti,1,static
9205698,1,1,1,42,56,100,100,0,100,100,100,35,24,43,30,27,26,0,0,100,100,100,79,72,64,60,2,1,1787417632.2164168,G1,T04,sotto_banco_movimenti,1,static
9205898,1,1,1,38,30,100,100,0,100,100,57,100,55,4,5,6,12,0,0,100,100,100,80,74,64,61,1,1,1787417632.4248855,G1,T04,sotto_banco_movimenti,1,static
9206098,1,1,1,59,41,100,100,0,100,100,100,65,25,13,7,3,7,0,0,100,100,100,79,73,63,60,2,1,1787417632.6168337,G1,T04,sotto_banco_movimenti,1,static
9206298,1,1,1,45,72,100,100,0,100,100,100,24,11,12,13,5,9,0,0,100,100,100,78,73,61,60,2,1,1787417632.824833,G1,T04,sotto_banco_movimenti,1,static
9206498,1,1,1,73,70,100,100,0,100,100,100,57,15,15,9,12,8,0,0,100,100,100,79,73,61,60,2,1,1787417633.0167928,G1,T04,sotto_banco_movimenti,1,static
9206698,1,1,1,73,63,100,100,0,100,100,100,70,21,17,16,10,8,0,0,100,100,100,80,74,62,61,2,1,1787417633.2247481,G1,T04,sotto_banco_movimenti,1,static
9206898,1,1,1,63,72,100,100,0,100,100,71,88,34,10,1,8,2,0,0,100,100,100,82,76,63,62,2,1,1787417633.4176736,G1,T04,sotto_banco_movimenti,1,static
9207098,1,1,1,46,51,100,100,0,100,100,100,20,28,14,7,11,9,0,0,100,100,100,83,76,63,62,2,1,1787417633.624509,G1,T04,sotto_banco_movimenti,1,static
9207298,1,1,1,43,48,100,100,0,100,100,100,39,23,11,13,11,11,0,0,100,100,100,84,75,64,62,2,1,1787417633.8165727,G1,T04,sotto_banco_movimenti,1,static
9207498,1,1,1,73,30,100,100,0,100,100,100,100,39,6,15,17,11,0,0,100,100,100,81,72,61,59,2,1,1787417634.0251443,G1,T04,sotto_banco_movimenti,1,static
9207698,1,1,1,39,75,100,100,0,100,100,100,10,17,7,12,8,11,0,0,100,100,100,78,64,55,53,2,1,1787417634.2170844,G1,T04,sotto_banco_movimenti,1,static
9207898,1,1,1,69,74,100,100,0,100,100,100,48,15,15,16,13,15,0,0,100,100,100,80,66,57,54,1,1,1787417634.4243534,G1,T04,sotto_banco_movimenti,1,static
9208098,1,1,1,42,48,100,100,0,100,100,100,39,4,9,10,6,6,0,0,100,100,100,81,66,58,55,2,1,1787417634.616134,G1,T04,sotto_banco_movimenti,1,static
9208298,1,1,1,61,50,100,100,0,100,100,100,72,24,10,3,3,2,0,0,100,100,100,81,67,59,55,2,1,1787417634.8254502,G1,T04,sotto_banco_movimenti,1,static
9208498,1,1,1,65,41,100,100,0,100,100,100,64,14,17,9,12,9,0,0,100,100,100,83,69,61,56,2,1,1787417635.0167704,G1,T04,sotto_banco_movimenti,1,static
9208698,1,1,1,51,73,100,100,0,100,100,100,60,5,6,10,10,6,0,0,100,100,100,81,69,62,55,2,1,1787417635.224865,G1,T04,sotto_banco_movimenti,1,static
9208898,1,1,1,68,60,100,100,0,62,100,45,19,6,3,7,6,7,0,0,100,100,100,85,69,62,56,2,1,1787417635.416409,G1,T04,sotto_banco_movimenti,1,static
9209098,1,1,1,67,46,100,100,0,100,100,100,67,14,11,10,9,6,0,0,100,100,100,84,70,62,55,2,1,1787417635.623886,G1,T04,sotto_banco_movimenti,1,static
9209298,1,1,1,70,30,100,100,0,100,100,48,48,10,8,14,12,8,0,0,100,100,100,78,66,60,51,2,1,1787417635.8156385,G1,T04,sotto_banco_movimenti,1,static
9209498,1,1,1,30,52,100,100,0,100,100,27,17,11,10,8,8,9,0,0,100,100,100,71,63,57,48,2,1,1787417636.0231183,G1,T04,sotto_banco_movimenti,1,static
9209698,1,1,1,45,30,100,100,0,100,100,48,13,9,6,1,5,7,0,0,100,100,100,67,58,54,44,2,1,1787417636.2162383,G1,T04,sotto_banco_movimenti,1,static
9209898,1,1,1,53,40,100,100,0,100,100,96,18,12,3,12,10,7,0,0,100,100,100,67,58,55,43,2,1,1787417636.4234357,G1,T04,sotto_banco_movimenti,1,static
9210098,1,1,1,70,73,100,100,0,100,100,100,21,7,12,9,10,9,0,0,100,100,100,67,61,57,45,2,1,1787417636.615659,G1,T04,sotto_banco_movimenti,1,static
9210298,1,1,1,30,54,100,100,0,100,100,75,21,10,5,8,8,4,0,0,100,100,100,67,63,60,46,2,1,1787417636.8240163,G1,T04,sotto_banco_movimenti,1,static
9210498,1,1,1,58,30,100,100,0,100,100,44,27,16,2,10,8,12,0,0,100,100,100,64,65,62,47,2,1,1787417637.0151198,G1,T04,sotto_banco_movimenti,1,static
9210698,1,1,1,69,73,100,100,0,100,100,40,24,10,7,5,5,8,0,0,100,100,100,62,65,64,47,2,1,1787417637.2231212,G1,T04,sotto_banco_movimenti,1,static
9210898,1,1,1,43,55,100,100,0,100,100,10,15,10,10,8,9,7,0,0,100,100,100,60,64,64,47,2,1,1787417637.4148803,G1,T04,sotto_banco_movimenti,1,static
9211098,1,1,1,30,30,100,100,0,100,100,30,12,8,9,10,10,6,0,0,100,100,100,58,64,65,47,2,1,1787417637.6210523,G1,T04,sotto_banco_movimenti,1,static
9211298,1,1,1,30,30,100,100,0,100,100,27,7,3,4,10,3,6,0,0,100,100,100,58,63,63,45,2,1,1787417637.813194,G1,T04,sotto_banco_movimenti,1,static
9211498,1,1,1,53,30,98,100,0,75,98,11,6,6,6,5,5,5,0,0,100,100,100,58,60,62,44,2,1,1787417638.0203295,G1,T04,sotto_banco_movimenti,1,static
9211698,1,0,1,0,46,0,100,0,23,10,24,13,10,7,3,4,6,0,0,100,100,100,57,58,61,43,2,1,1787417638.2122936,G1,T04,sotto_banco_movimenti,1,static
9211898,1,1,1,46,63,100,100,0,100,100,5,3,8,1,6,6,5,0,0,100,100,100,54,55,58,40,2,1,1787417638.4198663,G1,T04,sotto_banco_movimenti,1,static
9212098,1,1,1,30,30,86,100,0,86,84,17,6,2,1,7,7,6,0,0,100,100,99,52,54,57,39,2,1,1787417638.6131282,G1,T04,sotto_banco_movimenti,1,static
9212298,1,1,1,57,53,100,100,0,100,100,36,2,3,7,6,7,5,0,0,100,100,98,50,53,57,38,2,1,1787417638.8198278,G1,T04,sotto_banco_movimenti,1,static
9212498,1,1,1,47,62,100,100,0,91,100,19,6,3,9,5,5,7,0,0,100,100,96,47,51,55,37,2,1,1787417639.0115259,G1,T04,sotto_banco_movimenti,1,static
9212698,1,1,1,61,30,51,100,0,38,51,22,9,1,7,4,3,6,0,0,100,100,96,45,49,55,36,2,1,1787417639.2171159,G1,T04,sotto_banco_movimenti,1,static
9212898,1,1,1,54,61,76,100,0,58,76,14,7,5,8,3,3,5,0,0,100,100,96,41,48,54,35,2,1,1787417639.4230366,G1,T04,sotto_banco_movimenti,1,static
9213098,1,1,1,52,58,100,100,0,100,100,37,9,12,3,5,9,4,0,0,100,100,96,40,45,52,34,2,1,1787417639.613965,G1,T04,sotto_banco_movimenti,1,static
9213298,1,1,1,71,72,100,100,0,100,100,100,94,42,3,11,14,6,0,0,100,100,100,41,46,52,34,2,1,1787417639.8215287,G1,T04,sotto_banco_movimenti,1,static
9213498,1,1,1,61,73,100,100,0,100,100,100,52,22,17,2,3,3,0,0,100,100,100,42,45,51,33,2,1,1787417640.0125906,G1,T04,sotto_banco_movimenti,1,static
9213698,1,1,1,73,52,100,100,1,100,100,100,69,21,11,7,4,6,0,0,100,100,100,41,43,49,32,2,1,1787417640.2211518,G1,T04,sotto_banco_movimenti,1,static
9213898,1,1,1,73,72,100,100,1,100,100,100,100,31,21,10,10,9,0,0,100,100,100,44,43,49,33,2,1,1787417640.4135313,G1,T04,sotto_banco_movimenti,1,static
9214098,1,1,1,62,75,100,100,1,100,100,100,50,19,19,16,13,9,0,0,100,100,100,47,45,51,34,2,1,1787417640.620105,G1,T04,sotto_banco_movimenti,1,static
9214298,1,1,1,65,30,100,100,1,100,100,100,36,16,10,2,4,3,0,0,100,100,100,50,42,48,33,2,1,1787417640.8128958,G1,T04,sotto_banco_movimenti,1,static
9214498,1,1,1,48,60,100,100,1,100,100,100,49,31,10,10,11,9,0,0,100,100,100,52,42,48,34,2,1,1787417641.020922,G1,T04,sotto_banco_movimenti,1,static
9214698,1,1,1,69,66,100,100,1,100,100,100,28,31,18,13,10,14,0,0,100,100,100,55,42,46,34,2,1,1787417641.2128127,G1,T04,sotto_banco_movimenti,1,static
9214898,1,1,1,75,70,100,100,1,100,100,100,99,2,3,8,2,8,0,0,100,100,100,54,40,44,34,2,1,1787417641.4211712,G1,T04,sotto_banco_movimenti,1,static
9215098,1,1,1,65,62,100,100,1,100,100,100,20,15,6,6,9,2,0,0,100,100,100,59,41,46,36,2,1,1787417641.6138146,G1,T04,sotto_banco_movimenti,1,static
9215298,1,1,1,62,68,100,100,1,100,100,100,23,14,17,6,9,9,0,0,100,100,100,59,42,46,36,2,1,1787417641.8210728,G1,T04,sotto_banco_movimenti,1,static
9215498,1,1,1,62,56,100,100,1,100,100,100,64,14,11,7,8,4,0,0,100,100,100,58,44,46,36,2,1,1787417642.0132196,G1,T04,sotto_banco_movimenti,1,static
9215698,1,1,1,70,114,100,100,1,100,100,64,25,19,14,7,8,1,0,0,100,100,100,59,44,46,36,2,1,1787417642.221504,G1,T04,sotto_banco_movimenti,1,static
9215898,1,1,1,75,66,100,100,1,100,100,100,72,9,12,6,6,1,0,0,100,100,100,62,45,46,37,2,1,1787417642.415522,G1,T04,sotto_banco_movimenti,1,static
9216098,1,1,1,30,73,100,100,1,100,100,48,83,36,9,10,10,9,0,0,100,100,100,63,48,49,40,2,1,1787417642.6215725,G1,T04,sotto_banco_movimenti,1,static
9216298,1,1,1,55,72,100,100,1,100,100,100,69,34,11,4,1,13,0,0,100,100,100,67,49,50,41,2,1,1787417642.813106,G1,T04,sotto_banco_movimenti,1,static
9216498,1,1,1,63,60,100,100,1,100,100,100,25,29,13,3,9,6,0,0,100,100,100,69,50,50,42,2,1,1787417643.0219326,G1,T04,sotto_banco_movimenti,1,static
9216698,1,1,1,39,73,100,100,1,100,100,100,42,12,11,11,6,8,0,0,100,100,100,71,51,50,43,2,1,1787417643.2133126,G1,T04,sotto_banco_movimenti,1,static
9216898,1,1,1,70,77,100,100,1,100,100,100,70,28,10,13,7,8,0,0,100,100,100,77,53,52,45,2,1,1787417643.4215083,G1,T04,sotto_banco_movimenti,1,static
9217098,1,1,1,73,72,100,100,0,100,100,100,46,43,6,9,11,3,0,0,100,100,100,78,55,53,46,2,1,1787417643.6156392,G1,T04,sotto_banco_movimenti,1,static
9217298,1,1,1,45,48,100,100,0,100,100,100,52,28,20,4,9,4,0,0,100,100,100,80,53,52,45,2,1,1787417643.8211212,G1,T04,sotto_banco_movimenti,1,static
9217498,1,1,1,43,74,100,100,0,100,100,100,56,18,4,13,12,7,0,0,100,100,100,78,55,52,46,2,1,1787417644.01242,G1,T04,sotto_banco_movimenti,1,static
9217698,1,1,1,79,73,100,100,0,29,100,100,74,27,6,4,9,1,0,0,100,100,100,77,56,53,46,2,1,1787417644.2199636,G1,T04,sotto_banco_movimenti,1,static
9217898,1,1,1,67,30,100,100,0,100,100,25,28,13,4,3,3,1,0,0,100,100,100,73,56,53,44,2,1,1787417644.4134598,G1,T04,sotto_banco_movimenti,1,static
9218098,1,1,1,65,43,100,100,0,100,100,100,13,19,2,9,3,9,0,0,100,100,100,72,51,50,43,2,1,1787417644.6212294,G1,T04,sotto_banco_movimenti,1,static
9218298,1,1,1,75,68,100,100,0,100,100,100,23,12,10,8,5,6,0,0,100,100,100,71,52,50,43,2,1,1787417644.814282,G1,T04,sotto_banco_movimenti,1,static
9218498,1,1,1,63,66,100,100,0,100,100,100,50,13,14,12,4,10,0,0,100,100,100,71,51,48,41,2,1,1787417645.020193,G1,T04,sotto_banco_movimenti,1,static
9218698,1,1,1,66,67,100,100,0,100,100,100,52,11,13,12,10,9,0,0,100,100,100,69,51,49,41,2,1,1787417645.2123437,G1,T04,sotto_banco_movimenti,1,static
9218898,1,1,1,74,65,100,100,0,100,100,100,63,17,9,9,14,8,0,0,100,100,100,72,52,51,42,2,1,1787417645.4201896,G1,T04,sotto_banco_movimenti,1,static
9219098,1,1,1,67,71,100,100,0,100,100,100,44,13,11,11,4,6,0,0,100,100,100,67,52,49,41,2,1,1787417645.6169732,G1,T04,sotto_banco_movimenti,1,static
9219298,1,1,1,49,30,100,100,0,100,100,100,11,19,13,1,8,1,0,0,100,100,100,68,54,49,42,2,1,1787417645.8216758,G1,T04,sotto_banco_movimenti,1,static
9219498,1,1,1,44,30,100,100,0,100,100,100,47,20,14,8,6,9,0,0,100,100,100,71,53,50,42,2,1,1787417646.0127733,G1,T04,sotto_banco_movimenti,1,static
9219698,1,1,1,67,30,100,100,0,100,100,100,50,32,9,7,8,7,0,0,100,100,100,70,56,51,44,2,1,1787417646.220848,G1,T04,sotto_banco_movimenti,1,static
9219898,1,1,1,80,30,100,100,0,89,100,100,61,37,6,8,3,6,0,0,100,100,100,66,55,50,43,2,1,1787417646.4132266,G1,T04,sotto_banco_movimenti,1,static
9220098,1,1,1,74,80,100,100,0,100,100,100,66,28,12,5,3,9,0,0,100,100,100,68,51,47,41,2,1,1787417646.6200302,G1,T04,sotto_banco_movimenti,1,static
9220298,1,1,1,48,69,100,100,0,100,100,100,48,4,6,10,4,4,0,0,100,100,100,66,52,46,40,2,1,1787417646.8125346,G1,T04,sotto_banco_movimenti,1,static
9220498,1,1,1,30,70,100,100,0,100,100,100,82,41,9,3,7,6,0,0,100,100,100,65,51,46,40,2,1,1787417647.020659,G1,T04,sotto_banco_movimenti,1,static
9220698,1,1,1,73,76,100,100,0,100,100,100,100,31,15,11,7,10,0,0,100,100,100,65,51,46,40,2,1,1787417647.2272582,G1,T04,sotto_banco_movimenti,1,static
9220898,1,1,1,72,74,100,100,0,100,100,100,38,16,13,7,9,6,0,0,100,100,100,63,52,46,40,2,1,1787417647.4181497,G1,T04,sotto_banco_movimenti,1,static
9221098,1,1,1,69,74,100,100,0,100,100,100,39,39,5,7,11,5,0,0,100,100,100,64,50,44,39,2,1,1787417647.625796,G1,T04,sotto_banco_movimenti,1,static
9221298,1,1,1,58,71,100,100,0,100,100,100,42,31,11,19,13,14,0,0,100,100,100,62,50,43,40,2,1,1787417647.817812,G1,T04,sotto_banco_movimenti,1,static
9221498,1,1,1,67,56,100,100,0,100,100,100,54,30,14,14,12,13,0,0,100,100,100,66,54,45,43,2,1,1787417648.0258195,G1,T04,sotto_banco_movimenti,1,static
9221698,1,1,1,70,60,100,100,0,100,100,100,42,51,11,18,19,15,0,0,100,100,100,68,57,48,45,2,1,1787417648.2180529,G1,T04,sotto_banco_movimenti,1,static
9221898,1,1,1,66,65,100,100,0,100,100,61,52,20,15,10,7,4,0,0,100,100,100,71,57,48,46,2,1,1787417648.4266436,G1,T04,sotto_banco_movimenti,1,static
9222098,1,1,1,60,75,100,100,0,100,100,100,28,27,16,5,8,9,0,0,100,100,100,71,56,48,45,2,1,1787417648.618172,G1,T04,sotto_banco_movimenti,1,static
9222298,1,1,1,60,63,100,100,0,100,100,100,23,33,6,4,6,5,0,0,100,100,100,70,55,47,44,2,1,1787417648.826012,G1,T04,sotto_banco_movimenti,1,static
9222498,1,1,1,74,30,100,100,0,100,100,100,54,20,13,9,10,5,0,0,100,100,100,71,53,46,43,2,1,1787417649.0172417,G1,T04,sotto_banco_movimenti,1,static
9222698,1,1,1,77,67,100,100,0,100,100,100,64,15,10,3,9,2,0,0,100,100,100,70,51,45,42,2,1,1787417649.2254186,G1,T04,sotto_banco_movimenti,1,static
9222898,1,1,1,73,59,100,100,0,100,100,100,64,53,12,11,7,6,0,0,100,100,100,70,52,43,41,2,1,1787417649.4167912,G1,T04,sotto_banco_movimenti,1,static
9223098,1,1,1,71,75,100,100,0,100,100,100,63,11,13,11,7,5,0,0,100,100,100,69,49,42,39,2,1,1787417649.6253958,G1,T04,sotto_banco_movimenti,1,static
9223298,1,1,1,73,69,100,100,1,100,100,100,24,12,6,8,6,5,0,0,100,100,100,66,46,40,37,2,1,1787417649.8166199,G1,T04,sotto_banco_movimenti,1,static
9223498,1,1,1,38,63,100,100,1,100,100,100,21,24,6,9,11,10,0,0,100,100,100,62,47,40,38,2,1,1787417650.024281,G1,T04,sotto_banco_movimenti,1,static
9223698,1,1,1,59,75,100,100,1,100,100,100,100,39,10,6,13,9,0,0,100,100,100,63,45,40,37,2,1,1787417650.218383,G1,T04,sotto_banco_movimenti,1,static
9223898,1,1,1,30,58,100,100,1,100,100,68,45,4,12,11,10,11,0,0,100,100,100,64,47,41,38,2,1,1787417650.4239633,G1,T04,sotto_banco_movimenti,1,static
9224098,1,1,1,69,48,100,100,1,100,100,100,48,35,3,7,7,2,0,0,100,100,100,61,48,42,38,2,1,1787417650.6188977,G1,T04,sotto_banco_movimenti,1,static
9224298,1,1,1,50,67,100,100,1,100,100,92,100,21,7,10,4,9,0,0,100,100,100,61,48,42,38,2,1,1787417650.8232896,G1,T04,sotto_banco_movimenti,1,static
9224498,1,1,1,59,58,100,100,1,100,100,100,69,22,13,10,12,11,0,0,100,100,100,60,49,42,38,2,1,1787417651.015807,G1,T04,sotto_banco_movimenti,1,static
9224698,1,1,1,60,50,100,100,1,100,100,100,43,12,9,9,7,8,0,0,100,100,100,59,49,43,38,2,1,1787417651.223324,G1,T04,sotto_banco_movimenti,1,static
9224898,1,1,1,73,48,100,100,1,100,100,100,68,13,4,2,8,9,0,0,100,100,100,56,49,43,37,2,1,1787417651.4159904,G1,T04,sotto_banco_movimenti,1,static
9225098,1,1,1,65,76,100,100,1,100,100,100,57,16,10,5,5,8,0,0,100,100,100,57,52,45,39,2,1,1787417651.6235933,G1,T04,sotto_banco_movimenti,1,static
9225298,1,1,1,72,52,100,100,1,100,100,100,43,28,8,2,3,2,0,0,100,100,100,57,51,45,39,2,1,1787417651.8161032,G1,T04,sotto_banco_movimenti,1,static
9225498,1,1,1,65,72,100,100,1,100,100,100,68,9,20,15,16,11,0,0,100,100,100,56,46,42,35,2,1,1787417652.023858,G1,T04,sotto_banco_movimenti,1,static
9225698,1,1,1,75,50,100,100,1,100,100,100,28,8,11,6,7,6,0,0,100,100,100,58,46,42,34,2,1,1787417652.215716,G1,T04,sotto_banco_movimenti,1,static
9225898,1,1,1,74,54,100,100,1,100,100,100,49,15,10,1,10,10,0,0,100,100,100,56,45,43,34,2,1,1787417652.4237597,G1,T04,sotto_banco_movimenti,1,static
9226098,1,1,1,58,57,100,100,1,100,100,100,15,18,12,11,12,10,0,0,100,100,100,58,49,45,37,2,1,1787417652.6197925,G1,T04,sotto_banco_movimenti,1,static
9226298,1,1,1,30,69,100,100,1,100,100,100,90,10,12,12,9,11,0,0,100,100,100,58,50,47,38,2,1,1787417652.8231053,G1,T04,sotto_banco_movimenti,1,static
9226498,1,1,1,77,38,100,100,1,100,100,100,54,32,18,3,9,8,0,0,100,100,100,58,51,47,39,2,1,1787417653.0152664,G1,T04,sotto_banco_movimenti,1,static
9226698,1,1,1,67,65,100,100,0,100,100,85,32,10,14,3,7,3,0,0,100,100,100,60,50,46,38,2,1,1787417653.223184,G1,T04,sotto_banco_movimenti,1,static
9226898,1,1,1,72,60,100,100,0,100,100,100,49,14,7,8,7,5,0,0,100,100,100,59,49,48,38,2,1,1787417653.4154193,G1,T04,sotto_banco_movimenti,1,static
9227098,1,1,1,52,69,100,100,0,100,100,100,82,25,9,8,11,4,0,0,100,100,100,61,51,50,39,2,1,1787417653.6211019,G1,T04,sotto_banco_movimenti,1,static
9227298,1,1,1,45,46,100,100,0,100,100,100,25,10,16,12,13,12,0,0,100,100,100,62,52,52,40,2,1,1787417653.8123612,G1,T04,sotto_banco_movimenti,1,static
9227498,1,1,1,52,56,100,100,0,100,100,100,19,14,13,5,12,7,0,0,100,100,100,64,52,51,39,2,1,1787417654.0198107,G1,T04,sotto_banco_movimenti,1,static
9227698,1,1,1,49,45,100,100,0,100,100,100,35,14,16,6,11,14,0,0,100,100,100,67,56,54,44,2,1,1787417654.227629,G1,T04,sotto_banco_movimenti,1,static
9227898,1,1,1,62,47,100,100,0,100,100,100,18,13,16,20,16,14,0,0,100,100,100,71,58,55,45,2,1,1787417654.4208827,G1,T04,sotto_banco_movimenti,1,static
9228098,1,1,1,52,62,100,100,0,100,100,100,75,27,12,14,12,10,0,0,100,100,100,72,58,55,45,2,1,1787417654.6278071,G1,T04,sotto_banco_movimenti,1,static
9228298,1,1,1,56,43,100,100,0,100,100,100,41,17,14,4,3,1,0,0,100,100,100,75,57,55,45,2,1,1787417654.818804,G1,T04,sotto_banco_movimenti,1,static
9228498,1,1,1,72,30,100,100,0,100,100,100,49,17,14,3,9,2,0,0,100,100,100,76,56,55,45,2,1,1787417655.0271637,G1,T04,sotto_banco_movimenti,1,static
9228698,1,1,1,52,60,100,100,0,100,100,100,24,9,15,10,8,7,0,0,100,100,100,77,56,54,45,2,1,1787417655.2195728,G1,T04,sotto_banco_movimenti,1,static
9228898,1,1,1,73,65,100,100,0,100,100,100,35,14,15,4,5,2,0,0,100,100,100,80,57,55,45,2,1,1787417655.4255283,G1,T04,sotto_banco_movimenti,1,static
9229098,1,1,1,63,63,100,100,0,100,100,100,25,14,13,3,3,6,0,0,100,100,100,81,56,55,45,2,1,1787417655.6237595,G1,T04,sotto_banco_movimenti,1,static
9229298,1,1,1,53,70,100,100,0,100,100,100,30,5,6,4,6,9,0,0,100,100,100,80,56,56,45,2,1,1787417655.8250968,G1,T04,sotto_banco_movimenti,1,static
9229498,1,1,1,61,48,100,100,0,100,100,100,31,38,15,27,18,17,0,0,100,100,100,81,61,59,49,2,1,1787417656.0181124,G1,T04,sotto_banco_movimenti,1,static
9229698,1,1,1,60,49,100,100,0,100,100,100,36,9,18,12,10,13,0,0,100,100,100,83,62,60,51,2,1,1787417656.224497,G1,T04,sotto_banco_movimenti,1,static
9229898,1,1,1,72,75,100,100,0,100,100,100,69,24,21,5,9,8,0,0,100,100,100,84,64,60,52,2,1,1787417656.416676,G1,T04,sotto_banco_movimenti,1,static
9230098,1,1,1,50,72,100,100,0,100,100,100,19,7,15,13,15,12,0,0,100,100,100,82,61,58,49,2,1,1787417656.6242537,G1,T04,sotto_banco_movimenti,1,static
9230298,1,1,1,30,73,100,100,0,100,100,100,36,33,7,5,10,2,0,0,100,100,100,82,62,58,49,2,1,1787417656.8151424,G1,T04,sotto_banco_movimenti,1,static
9230498,1,1,1,66,42,100,100,0,100,100,100,41,12,16,13,14,13,0,0,100,100,100,82,62,58,49,2,1,1787417657.0193298,G1,T04,sotto_banco_movimenti,1,static
9230698,1,1,1,80,76,100,100,0,100,100,100,21,4,6,3,5,3,0,0,100,100,100,81,64,58,50,2,1,1787417657.2268703,G1,T04,sotto_banco_movimenti,1,static
9230898,1,1,1,77,52,100,100,0,72,100,100,41,20,11,8,8,6,0,0,100,100,100,83,64,59,50,2,1,1787417657.4183679,G1,T04,sotto_banco_movimenti,1,static
9231098,1,1,1,66,75,100,100,0,100,100,72,77,24,11,9,8,9,0,0,100,100,100,83,64,58,50,2,1,1787417657.6264172,G1,T04,sotto_banco_movimenti,1,static
9231298,1,1,1,63,55,100,100,0,100,100,100,22,22,18,16,17,13,0,0,100,100,100,86,65,60,51,2,1,1787417657.8182619,G1,T04,sotto_banco_movimenti,1,static
9231498,1,1,1,45,72,100,100,0,100,100,100,60,27,11,8,10,8,0,0,100,100,100,85,64,59,51,2,1,1787417658.0261898,G1,T04,sotto_banco_movimenti,1,static
9231698,1,1,1,68,60,100,100,0,100,100,100,12,27,28,16,17,12,0,0,100,100,100,85,62,58,48,2,1,1787417658.2183814,G1,T04,sotto_banco_movimenti,1,static
9231898,1,1,1,59,59,100,100,0,100,100,100,43,18,20,12,13,6,0,0,100,100,100,85,61,58,47,2,1,1787417658.4267893,G1,T04,sotto_banco_movimenti,1,static
9232098,1,1,1,45,74,100,100,0,100,100,100,40,12,13,12,13,8,0,0,100,100,100,86,61,59,47,2,1,1787417658.6264799,G1,T04,sotto_banco_movimenti,1,static
9232298,1,1,1,76,55,100,100,0,100,100,100,41,35,14,10,10,8,0,0,100,100,100,85,62,60,48,2,1,1787417658.8273938,G1,T04,sotto_banco_movimenti,1,static
9232498,1,1,1,73,59,100,100,0,100,100,100,21,13,9,10,6,8,0,0,100,100,100,85,63,61,48,2,1,1787417659.0194368,G1,T04,sotto_banco_movimenti,1,static
9232698,1,1,1,79,58,100,100,0,100,100,100,21,28,12,4,9,3,0,0,100,100,100,84,62,62,49,2,1,1787417659.227393,G1,T04,sotto_banco_movimenti,1,static
9232898,1,1,1,60,67,100,100,0,100,100,100,69,17,11,10,11,9,0,0,100,100,100,81,63,62,49,2,1,1787417659.4199731,G1,T04,sotto_banco_movimenti,1,static
9233098,1,1,1,69,70,100,100,0,100,100,100,46,18,5,7,2,4,0,0,100,100,100,77,61,59,47,2,1,1787417659.6263056,G1,T04,sotto_banco_movimenti,1,static
9233298,1,1,1,50,74,100,100,0,100,100,42,14,15,5,8,2,4,0,0,100,100,100,76,61,59,47,2,1,1787417659.8193495,G1,T04,sotto_banco_movimenti,1,static
9233498,1,1,1,63,75,100,100,0,100,100,100,28,8,8,6,8,8,0,0,100,100,100,73,56,55,43,2,1,1787417660.0268688,G1,T04,sotto_banco_movimenti,1,static
9233698,1,1,1,62,76,100,100,0,100,100,65,11,8,8,7,8,4,0,0,100,100,100,69,52,50,38,2,1,1787417660.2202675,G1,T04,sotto_banco_movimenti,1,static
9233898,1,1,1,83,76,100,100,0,100,100,100,23,14,6,9,7,4,0,0,100,100,100,66,48,47,36,2,1,1787417660.4267683,G1,T04,sotto_banco_movimenti,1,static
9234098,1,1,1,77,82,100,100,1,98,100,100,59,5,7,4,8,2,0,0,100,100,100,65,47,47,35,2,1,1787417660.619796,G1,T04,sotto_banco_movimenti,1,static
9234298,1,1,1,72,78,100,100,1,100,100,70,46,25,8,4,9,2,0,0,100,100,100,63,45,45,34,2,1,1787417660.8274338,G1,T04,sotto_banco_movimenti,1,static
9234498,1,1,1,53,63,100,100,1,100,100,100,27,7,27,19,20,16,0,0,100,100,100,66,47,48,35,2,1,1787417661.0199237,G1,T04,sotto_banco_movimenti,1,static
9234698,1,1,1,30,62,100,100,1,100,100,100,41,28,14,7,8,7,0,0,100,100,100,69,49,51,36,2,1,1787417661.2273662,G1,T04,sotto_banco_movimenti,1,static
9234898,1,1,1,46,45,100,100,1,100,100,100,46,11,11,11,10,11,0,0,100,100,100,68,51,53,38,2,1,1787417661.4271617,G1,T04,sotto_banco_movimenti,1,static
9235098,1,1,1,69,55,100,100,1,100,100,100,35,25,8,7,3,6,0,0,100,100,100,71,55,55,42,2,1,1787417661.6247187,G1,T04,sotto_banco_movimenti,1,static
9235298,1,1,1,43,51,100,100,1,100,100,100,68,33,21,16,21,7,0,0,100,100,100,70,55,54,41,2,1,1787417661.817065,G1,T04,sotto_banco_movimenti,1,static
9235498,1,1,1,55,57,100,100,1,100,100,100,70,53,23,23,25,18,0,0,100,100,100,72,59,58,44,2,1,1787417662.0247872,G1,T04,sotto_banco_movimenti,1,static
9235698,1,1,1,66,64,100,100,1,100,100,100,17,18,16,10,12,9,0,0,100,100,100,72,58,59,44,2,1,1787417662.2160025,G1,T04,sotto_banco_movimenti,1,static
9235898,1,1,1,67,65,100,100,1,100,100,100,27,16,19,16,18,14,0,0,100,100,100,68,55,55,43,2,1,1787417662.4233258,G1,T04,sotto_banco_movimenti,1,static
9236098,1,1,1,64,68,100,100,1,100,100,100,40,21,22,13,15,10,0,0,100,100,100,66,54,54,42,2,1,1787417662.61497,G1,T04,sotto_banco_movimenti,1,static
9236298,1,1,1,67,73,100,100,1,100,100,100,44,16,14,5,12,6,0,0,100,100,100,64,52,52,40,2,1,1787417662.8225765,G1,T04,sotto_banco_movimenti,1,static
9236498,1,1,1,83,65,100,100,1,34,100,100,27,14,10,3,5,1,0,0,100,100,100,63,51,51,40,2,1,1787417663.0140646,G1,T04,sotto_banco_movimenti,1,static
9236698,1,1,1,79,63,100,100,1,100,100,100,47,30,15,8,8,9,0,0,100,100,100,63,51,50,40,2,1,1787417663.2209437,G1,T04,sotto_banco_movimenti,1,static
9236898,1,1,1,78,70,100,100,1,100,100,100,73,12,19,8,13,9,0,0,100,100,100,64,49,49,39,2,1,1787417663.4134653,G1,T04,sotto_banco_movimenti,1,static
9237098,1,1,1,68,30,100,100,1,100,100,100,68,22,15,10,8,9,0,0,100,100,100,68,50,51,40,2,1,1787417663.6213772,G1,T04,sotto_banco_movimenti,1,static
9237298,1,1,1,70,52,100,100,1,100,100,100,100,13,16,15,15,12,0,0,100,100,100,70,49,49,40,2,1,1787417663.8139768,G1,T04,sotto_banco_movimenti,1,static
9237498,1,1,1,60,60,100,100,0,100,100,100,35,12,12,4,6,2,0,0,100,100,100,70,48,50,39,2,1,1787417664.0215468,G1,T04,sotto_banco_movimenti,1,static
9237698,1,1,1,50,62,100,100,0,100,100,100,85,37,18,13,14,8,0,0,100,100,100,71,50,53,41,2,1,1787417664.2134187,G1,T04,sotto_banco_movimenti,1,static
9237898,1,1,1,60,71,100,100,0,100,100,100,50,33,17,13,10,13,0,0,100,100,100,74,52,55,44,2,1,1787417664.4222753,G1,T04,sotto_banco_movimenti,1,static
9238098,1,1,1,30,77,100,100,0,100,100,100,70,32,18,13,16,7,0,0,100,100,100,79,57,58,48,2,1,1787417664.6133835,G1,T04,sotto_banco_movimenti,1,static
9238298,1,1,1,81,47,100,100,0,100,100,100,39,11,11,5,2,1,0,0,100,100,100,82,58,58,48,2,1,1787417664.8188455,G1,T04,sotto_banco_movimenti,1,static
9238498,1,1,1,47,48,100,100,0,100,100,100,14,12,11,12,11,11,0,0,100,100,100,78,55,56,46,2,1,1787417665.0252404,G1,T04,sotto_banco_movimenti,1,static
9238698,1,1,1,79,63,100,100,0,100,100,100,59,8,2,8,2,6,0,0,100,100,100,75,53,53,45,2,1,1787417665.217674,G1,T04,sotto_banco_movimenti,1,static
9238898,1,1,1,73,80,100,100,0,100,100,100,38,15,5,5,3,5,0,0,100,100,100,72,49,49,42,2,1,1787417665.4258394,G1,T04,sotto_banco_movimenti,1,static
9239098,1,1,1,69,67,100,100,0,100,100,100,66,11,7,2,6,3,0,0,100,100,100,68,44,46,37,2,1,1787417665.617749,G1,T04,sotto_banco_movimenti,1,static
9239298,1,1,1,75,84,100,100,0,100,100,100,27,20,17,3,2,2,0,0,100,100,100,67,42,43,35,2,1,1787417665.825875,G1,T04,sotto_banco_movimenti,1,static
9239498,1,1,1,65,62,100,100,0,100,100,100,100,33,11,17,8,9,0,0,100,100,100,64,39,39,32,2,1,1787417666.0181208,G1,T04,sotto_banco_movimenti,1,static
9239698,1,1,1,54,30,100,100,0,100,100,100,50,13,5,11,2,1,0,0,100,100,100,60,39,36,30,2,1,1787417666.226085,G1,T04,sotto_banco_movimenti,1,static
9239898,1,1,1,79,70,100,100,0,100,100,100,13,17,10,4,7,3,0,0,100,100,100,62,39,36,31,2,1,1787417666.4182665,G1,T04,sotto_banco_movimenti,1,static
9240098,1,1,1,56,52,100,100,0,100,100,100,24,9,19,17,13,14,0,0,100,100,100,65,42,38,33,2,1,1787417666.6265063,G1,T04,sotto_banco_movimenti,1,static
9240298,1,1,1,49,48,100,100,0,100,100,100,49,14,20,14,11,10,0,0,100,100,100,70,45,40,36,2,1,1787417666.819517,G1,T04,sotto_banco_movimenti,1,static
9240498,1,1,1,58,49,100,100,0,100,100,100,58,32,12,8,5,5,0,0,100,100,100,71,48,41,36,2,1,1787417667.0280302,G1,T04,sotto_banco_movimenti,1,static
9240698,1,1,1,47,69,100,100,0,100,100,81,70,16,4,1,3,4,0,0,100,100,100,70,46,40,35,2,1,1787417667.2188308,G1,T04,sotto_banco_movimenti,1,static
9240898,1,1,1,62,75,100,100,0,100,100,100,91,23,17,10,13,11,0,0,100,100,100,70,46,41,35,2,1,1787417667.4277089,G1,T04,sotto_banco_movimenti,1,static
9241098,1,1,1,77,47,100,100,0,100,100,100,100,39,10,6,9,2,0,0,100,100,100,68,45,39,34,2,1,1787417667.6206298,G1,T04,sotto_banco_movimenti,1,static
9241298,1,1,1,76,154,100,100,0,100,100,100,12,16,11,9,6,6,0,0,100,100,100,68,46,39,34,2,1,1787417667.8145819,G1,T04,sotto_banco_movimenti,1,static
9241498,1,1,1,63,56,100,100,0,100,100,100,37,19,7,4,2,3,0,0,100,100,100,68,46,39,34,2,1,1787417668.0207691,G1,T04,sotto_banco_movimenti,1,static
9241698,1,1,1,63,65,100,100,0,100,100,54,100,41,2,3,6,5,0,0,100,100,100,65,44,36,33,2,1,1787417668.216612,G1,T04,sotto_banco_movimenti,1,static
9241898,1,1,1,77,78,100,100,0,100,100,100,60,17,2,5,6,3,0,0,100,100,100,62,42,34,31,2,1,1787417668.421041,G1,T04,sotto_banco_movimenti,1,static
9242098,1,1,1,30,72,100,100,0,100,100,100,85,27,9,4,5,2,0,0,100,100,100,60,41,32,30,2,1,1787417668.6195035,G1,T04,sotto_banco_movimenti,1,static
9242298,1,1,1,61,30,100,100,0,100,100,100,38,3,16,5,11,9,0,0,100,100,100,60,41,34,32,2,1,1787417668.8218393,G1,T04,sotto_banco_movimenti,1,static
9242498,1,1,1,49,59,100,100,0,100,100,100,54,16,6,7,6,4,0,0,100,100,100,60,41,33,31,2,1,1787417669.0224817,G1,T04,sotto_banco_movimenti,1,static
9242698,1,1,1,69,69,100,100,0,100,100,100,44,32,9,14,10,12,0,0,100,100,100,59,42,33,32,2,1,1787417669.2238774,G1,T04,sotto_banco_movimenti,1,static
9242898,1,1,1,72,72,100,100,1,100,100,100,94,3,13,9,6,8,0,0,100,100,100,59,43,34,33,2,1,1787417669.4248567,G1,T04,sotto_banco_movimenti,1,static
9243098,1,1,1,30,62,100,100,1,100,100,100,35,25,8,6,8,1,0,0,100,100,100,59,44,35,34,2,1,1787417669.6250427,G1,T04,sotto_banco_movimenti,1,static
9243298,1,1,1,59,100,100,100,1,100,100,100,86,19,9,9,3,3,0,0,100,100,100,58,45,36,35,2,1,1787417669.8277545,G1,T04,sotto_banco_movimenti,1,static
9243498,1,1,1,75,71,100,100,1,100,100,100,29,15,10,4,8,8,0,0,100,100,100,60,42,35,34,2,1,1787417670.02715,G1,T04,sotto_banco_movimenti,1,static
9243698,1,1,1,70,77,100,100,1,100,100,100,61,5,13,9,4,9,0,0,100,100,100,60,41,35,34,2,1,1787417670.2268875,G1,T04,sotto_banco_movimenti,1,static
9243898,1,1,1,72,76,100,100,1,100,100,100,43,6,11,12,9,9,0,0,100,100,100,59,42,36,35,2,1,1787417670.4272695,G1,T04,sotto_banco_movimenti,1,static
9244098,1,1,1,60,70,100,100,1,100,100,100,48,8,13,9,10,6,0,0,100,100,100,56,41,34,34,2,1,1787417670.6273277,G1,T04,sotto_banco_movimenti,1,static
9244298,1,1,1,66,66,100,100,1,100,100,100,67,18,14,9,9,8,0,0,100,100,100,52,37,31,31,2,1,1787417670.8202553,G1,T04,sotto_banco_movimenti,1,static
9244498,1,1,1,67,89,100,100,1,100,100,100,100,58,8,7,12,5,0,0,100,100,100,52,35,30,30,2,1,1787417671.0281622,G1,T04,sotto_banco_movimenti,1,static
9244698,1,1,1,63,63,100,100,1,100,100,100,42,28,8,12,8,8,0,0,100,100,100,51,36,30,31,2,1,1787417671.2202485,G1,T04,sotto_banco_movimenti,1,static
9244898,1,1,1,53,68,100,100,1,100,100,100,39,12,15,16,11,13,0,0,100,100,100,52,38,30,31,2,1,1787417671.4282334,G1,T04,sotto_banco_movimenti,1,static
9245098,1,1,1,60,48,100,100,1,100,100,100,24,21,14,7,6,8,0,0,100,100,100,52,38,31,32,2,1,1787417671.6195529,G1,T04,sotto_banco_movimenti,1,static
9245298,1,1,1,48,71,100,100,1,100,100,100,32,20,13,2,9,8,0,0,100,100,100,53,37,32,32,1,1,1787417671.8275805,G1,T04,sotto_banco_movimenti,1,static
9245498,1,1,1,65,48,100,100,1,100,100,100,59,23,11,15,10,12,0,0,100,100,100,57,40,35,36,2,1,1787417672.0200734,G1,T04,sotto_banco_movimenti,1,static
9245698,1,1,1,69,77,100,100,1,100,100,100,55,12,10,5,4,6,0,0,100,100,100,58,41,36,36,2,1,1787417672.2277105,G1,T04,sotto_banco_movimenti,1,static
9245898,1,1,1,68,69,100,100,1,100,100,100,61,29,14,19,14,16,0,0,100,100,100,58,41,37,36,2,1,1787417672.4195023,G1,T04,sotto_banco_movimenti,1,static
9246098,1,1,1,67,69,100,100,1,100,100,100,61,10,13,9,10,12,0,0,100,100,100,56,39,35,35,2,1,1787417672.6268902,G1,T04,sotto_banco_movimenti,1,static
9246298,1,1,1,62,75,100,100,0,100,100,100,91,8,14,3,8,9,0,0,100,100,100,56,41,35,35,2,1,1787417672.8190386,G1,T04,sotto_banco_movimenti,1,static
9246498,1,1,1,30,70,100,100,0,100,100,100,39,24,8,4,7,7,0,0,100,100,100,57,40,35,35,2,1,1787417673.025765,G1,T04,sotto_banco_movimenti,1,static
9246698,1,1,1,57,81,100,100,0,100,100,100,54,9,9,5,2,5,0,0,100,100,100,57,38,34,34,2,1,1787417673.2178686,G1,T04,sotto_banco_movimenti,1,static
9246898,1,1,1,72,46,100,100,0,100,100,100,68,23,14,13,12,7,0,0,100,100,100,57,38,33,33,2,1,1787417673.4249766,G1,T04,sotto_banco_movimenti,1,static
9247098,1,1,1,60,61,100,100,0,100,100,100,63,26,11,9,10,4,0,0,100,100,100,55,38,33,33,2,1,1787417673.6161866,G1,T04,sotto_banco_movimenti,1,static
9247298,1,1,1,63,64,100,100,0,100,100,100,25,11,11,9,6,7,0,0,100,100,100,55,38,34,33,1,1,1787417673.8234153,G1,T04,sotto_banco_movimenti,1,static
9247498,1,1,1,30,54,100,100,0,100,100,100,2,21,8,11,13,11,0,0,100,100,100,55,38,36,34,1,1,1787417674.015484,G1,T04,sotto_banco_movimenti,1,static
9247698,1,1,1,30,38,100,100,0,100,100,100,66,37,10,19,12,13,0,0,100,100,100,54,41,38,36,2,1,1787417674.2233632,G1,T04,sotto_banco_movimenti,1,static
9247898,1,1,1,62,67,100,100,0,100,100,100,83,20,16,20,14,11,0,0,100,100,100,54,43,39,36,2,1,1787417674.4155014,G1,T04,sotto_banco_movimenti,1,static
9248098,1,1,1,63,66,100,100,0,100,100,100,27,18,8,9,10,9,0,0,100,100,100,56,43,41,37,2,1,1787417674.62303,G1,T04,sotto_banco_movimenti,1,static
9248298,1,1,1,65,50,100,100,0,100,100,100,57,13,13,15,11,9,0,0,100,100,100,58,44,41,37,1,1,1787417674.8150737,G1,T04,sotto_banco_movimenti,1,static
9248498,1,1,1,66,66,100,100,0,100,100,100,39,17,2,8,6,6,0,0,100,100,100,58,46,42,39,1,1,1787417675.0228531,G1,T04,sotto_banco_movimenti,1,static
9248698,1,1,1,48,55,100,100,0,100,100,100,66,18,4,11,12,4,0,0,100,100,100,58,47,45,39,1,1,1787417675.215104,G1,T04,sotto_banco_movimenti,1,static
9248898,1,1,1,80,30,100,100,0,62,100,100,20,30,12,9,11,9,0,0,100,100,100,59,46,44,39,1,1,1787417675.4233196,G1,T04,sotto_banco_movimenti,1,static
9249098,1,1,1,77,30,100,100,0,100,100,100,45,9,11,17,10,9,0,0,100,100,100,58,48,44,39,1,1,1787417675.614543,G1,T04,sotto_banco_movimenti,1,static
9249298,1,1,1,49,45,100,100,0,100,100,100,46,15,13,12,11,10,0,0,100,100,100,59,50,46,41,2,1,1787417675.8226154,G1,T04,sotto_banco_movimenti,1,static
9249498,1,1,1,30,41,100,100,0,100,100,100,73,7,9,9,7,8,0,0,100,100,100,57,48,44,38,1,1,1787417676.0165532,G1,T04,sotto_banco_movimenti,1,static
9249698,1,1,1,75,53,100,100,0,100,100,100,24,13,10,12,11,11,0,0,100,100,100,56,50,44,39,1,1,1787417676.2229729,G1,T04,sotto_banco_movimenti,1,static
9249898,1,1,1,70,41,100,100,0,100,100,100,33,9,4,11,4,5,0,0,100,100,100,60,52,45,40,1,1,1787417676.4144511,G1,T04,sotto_banco_movimenti,1,static
9250098,1,1,1,60,48,100,100,0,100,100,100,64,16,11,14,10,11,0,0,100,100,100,58,52,45,39,1,1,1787417676.622279,G1,T04,sotto_banco_movimenti,1,static
9250298,1,1,1,65,70,100,100,0,100,100,100,78,25,11,6,5,5,0,0,100,100,100,56,51,43,38,1,1,1787417676.8142707,G1,T04,sotto_banco_movimenti,1,static
9250498,1,1,1,75,66,100,100,0,100,100,100,66,9,8,10,3,8,0,0,100,100,100,55,51,44,38,2,1,1787417677.0213747,G1,T04,sotto_banco_movimenti,1,static
9250698,1,1,1,53,44,100,100,0,100,100,78,23,16,11,10,1,7,0,0,100,100,100,56,52,45,40,2,1,1787417677.212866,G1,T04,sotto_banco_movimenti,1,static
9250898,1,1,1,65,51,100,100,0,100,100,100,13,30,8,10,3,5,0,0,100,100,100,58,55,46,41,2,1,1787417677.4212458,G1,T04,sotto_banco_movimenti,1,static
9251098,1,1,1,70,62,100,100,0,100,100,100,20,14,19,9,13,10,0,0,100,100,100,62,56,47,43,1,1,1787417677.6131911,G1,T04,sotto_banco_movimenti,1,static
9251298,1,1,1,51,30,100,100,0,100,100,100,98,36,16,15,10,12,0,0,100,100,100,63,57,47,44,1,1,1787417677.8217845,G1,T04,sotto_banco_movimenti,1,static
9251498,1,1,1,30,46,100,100,0,100,100,100,63,48,16,17,18,19,0,0,100,100,100,63,59,48,45,1,1,1787417678.0129492,G1,T04,sotto_banco_movimenti,1,static
9251698,1,1,1,53,69,100,100,0,100,100,100,32,14,6,7,5,6,0,0,100,100,100,64,60,49,47,1,1,1787417678.221162,G1,T04,sotto_banco_movimenti,1,static
9251898,1,1,1,58,30,100,100,0,100,100,99,51,29,7,10,7,4,0,0,100,100,100,64,59,48,46,1,1,1787417678.427936,G1,T04,sotto_banco_movimenti,1,static
9252098,1,1,1,42,60,100,100,1,100,100,100,83,16,17,10,12,12,0,0,100,100,100,63,57,46,45,1,1,1787417678.6184802,G1,T04,sotto_banco_movimenti,1,static
9252298,1,1,1,30,55,100,100,1,100,100,100,60,15,4,8,5,11,0,0,100,100,100,61,59,47,46,2,1,1787417678.8257008,G1,T04,sotto_banco_movimenti,1,static
9252498,1,1,1,62,75,100,100,1,100,100,100,58,16,9,11,10,8,0,0,100,100,100,60,58,47,46,2,1,1787417679.0165455,G1,T04,sotto_banco_movimenti,1,static
9252698,1,1,1,56,69,100,100,1,100,100,100,24,10,13,9,6,5,0,0,100,100,100,62,57,45,47,1,1,1787417679.2240202,G1,T04,sotto_banco_movimenti,1,static
9252898,1,1,1,45,30,100,100,1,100,100,56,66,16,6,10,5,5,0,0,100,100,100,58,57,45,46,2,1,1787417679.4156957,G1,T04,sotto_banco_movimenti,1,static
9253098,1,1,1,30,59,100,100,1,100,100,93,47,27,10,12,12,12,0,0,100,100,100,57,56,46,46,2,1,1787417679.6235166,G1,T04,sotto_banco_movimenti,1,static
9253298,1,1,1,30,47,100,100,1,100,100,80,66,46,8,13,3,9,0,0,100,100,100,55,56,45,46,2,1,1787417679.8177426,G1,T04,sotto_banco_movimenti,1,static
9253498,1,1,1,67,30,100,100,1,100,100,74,66,39,10,9,10,8,0,0,100,100,100,57,57,46,47,1,1,1787417680.0246193,G1,T04,sotto_banco_movimenti,1,static
9253698,1,1,1,70,30,100,100,1,100,100,100,48,27,11,9,4,9,0,0,100,100,100,59,55,46,46,2,1,1787417680.216403,G1,T04,sotto_banco_movimenti,1,static
9253898,1,1,1,70,77,100,100,1,100,100,100,54,22,6,14,9,7,0,0,100,100,100,57,55,45,46,2,1,1787417680.4245641,G1,T04,sotto_banco_movimenti,1,static
9254098,1,1,1,30,40,100,100,1,100,100,100,49,31,16,7,5,9,0,0,100,100,100,59,54,46,47,2,1,1787417680.6162953,G1,T04,sotto_banco_movimenti,1,static
9254298,1,1,1,49,63,100,100,1,100,100,100,18,11,13,9,5,10,0,0,100,100,100,60,55,45,48,2,1,1787417680.8241394,G1,T04,sotto_banco_movimenti,1,static
9254498,1,1,1,82,30,100,100,1,100,100,100,35,10,10,7,6,2,0,0,100,100,100,60,54,45,47,2,1,1787417681.0175896,G1,T04,sotto_banco_movimenti,1,static
9254698,1,1,1,55,72,100,100,1,100,100,100,66,19,3,7,6,8,0,0,100,100,100,59,55,45,46,2,1,1787417681.224167,G1,T04,sotto_banco_movimenti,1,static
9254898,1,1,1,46,59,100,100,1,100,100,100,77,12,6,15,8,11,0,0,100,100,100,58,56,46,46,1,1,1787417681.4151301,G1,T04,sotto_banco_movimenti,1,static
9255098,1,1,1,58,53,100,100,1,100,100,100,42,25,15,9,9,9,0,0,100,100,100,57,56,44,44,2,1,1787417681.621984,G1,T04,sotto_banco_movimenti,1,static
9255298,1,1,1,57,66,100,100,1,100,100,71,18,21,8,11,5,10,0,0,100,100,100,57,55,44,44,2,1,1787417681.8281605,G1,T04,sotto_banco_movimenti,1,static
9255498,1,1,1,30,66,100,100,0,100,100,100,67,7,5,13,7,5,0,0,100,100,100,58,57,44,43,2,1,1787417682.020221,G1,T04,sotto_banco_movimenti,1,static
9255698,1,1,1,63,30,100,100,0,100,100,100,42,8,6,4,2,4,0,0,100,100,100,56,54,41,41,2,1,1787417682.2124326,G1,T04,sotto_banco_movimenti,1,static
9255898,1,1,1,73,30,100,100,0,100,100,100,53,13,5,15,14,11,0,0,100,100,100,58,56,43,42,2,1,1787417682.4208481,G1,T04,sotto_banco_movimenti,1,static
9256098,1,1,1,65,55,100,100,0,100,100,100,37,12,8,14,11,8,0,0,100,100,100,60,57,43,43,2,1,1787417682.6134794,G1,T04,sotto_banco_movimenti,1,static
9256298,1,1,1,69,65,100,100,0,100,100,100,25,9,12,8,4,4,0,0,100,100,100,59,55,42,41,2,1,1787417682.8218591,G1,T04,sotto_banco_movimenti,1,static
9256498,1,1,1,67,69,100,100,0,100,100,100,59,31,19,10,10,10,0,0,100,100,100,60,55,41,40,2,1,1787417683.01381,G1,T04,sotto_banco_movimenti,1,static
9256698,1,1,1,48,79,100,100,0,100,100,100,38,8,16,7,7,4,0,0,100,100,100,60,55,42,39,2,1,1787417683.221956,G1,T04,sotto_banco_movimenti,1,static
9256898,1,1,1,77,75,100,100,0,100,100,100,18,34,3,9,9,9,0,0,100,100,100,62,55,44,41,2,1,1787417683.4138691,G1,T04,sotto_banco_movimenti,1,static
9257098,1,1,1,70,66,100,100,0,100,100,100,52,28,16,4,1,5,0,0,100,100,100,64,53,43,39,2,1,1787417683.6219435,G1,T04,sotto_banco_movimenti,1,static
9257298,1,1,1,71,72,100,100,0,100,100,100,27,16,15,9,13,8,0,0,100,100,100,63,52,43,38,2,1,1787417683.82588,G1,T04,sotto_banco_movimenti,1,static
9257498,1,1,1,69,73,100,100,0,100,100,100,89,18,5,10,6,6,0,0,100,100,97,61,51,41,36,2,1,1787417684.0166256,G1,T04,sotto_banco_movimenti,1,static
9257698,1,1,1,65,56,100,100,0,100,100,58,44,15,3,5,9,3,0,0,100,100,96,60,51,41,36,2,1,1787417684.2246697,G1,T04,sotto_banco_movimenti,1,static
9257898,1,1,1,54,58,100,100,0,100,100,100,36,23,11,10,14,6,0,0,100,100,96,60,51,41,36,2,1,1787417684.4169393,G1,T04,sotto_banco_movimenti,1,static
9258098,1,1,1,63,60,100,100,0,100,100,100,53,38,22,15,17,15,0,0,100,100,97,59,53,43,37,2,1,1787417684.62485,G1,T04,sotto_banco_movimenti,1,static
9258298,1,1,1,47,73,100,100,0,100,100,100,57,12,6,9,5,4,0,0,100,100,99,59,51,43,36,2,1,1787417684.8177102,G1,T04,sotto_banco_movimenti,1,static
9258498,1,1,1,67,72,100,100,0,100,100,100,82,38,20,15,13,10,0,0,100,100,100,60,50,42,35,2,1,1787417685.0260184,G1,T04,sotto_banco_movimenti,1,static
9258698,1,1,1,73,59,100,100,0,100,100,100,58,25,11,4,8,4,0,0,100,100,100,60,49,42,34,2,1,1787417685.2168996,G1,T04,sotto_banco_movimenti,1,static
9258898,1,1,1,75,58,100,100,0,100,100,100,89,20,4,12,8,11,0,0,100,100,100,60,48,41,35,2,1,1787417685.4246864,G1,T04,sotto_banco_movimenti,1,static
9259098,1,1,1,72,75,100,100,0,100,100,100,99,20,18,6,10,10,0,0,100,100,100,63,47,43,36,2,1,1787417685.6166615,G1,T04,sotto_banco_movimenti,1,static
9259298,1,1,1,53,73,100,100,0,100,100,100,32,16,5,7,9,8,0,0,100,100,100,61,45,42,34,2,1,1787417685.8244152,G1,T04,sotto_banco_movimenti,1,static
9259498,1,1,1,80,61,100,100,0,100,100,100,35,34,16,3,7,7,0,0,100,100,100,61,40,39,31,2,1,1787417686.016494,G1,T04,sotto_banco_movimenti,1,static
9259698,1,1,1,67,71,100,100,0,100,100,100,79,47,21,11,12,11,0,0,100,100,100,62,38,39,31,2,1,1787417686.2239413,G1,T04,sotto_banco_movimenti,1,static
9259898,1,1,1,50,51,100,100,0,100,100,100,21,28,10,17,10,11,0,0,100,100,100,61,37,38,31,2,1,1787417686.4150763,G1,T04,sotto_banco_movimenti,1,static
9260098,1,1,1,73,56,100,100,0,100,100,100,8,13,9,7,8,10,0,0,100,100,100,60,39,39,31,2,1,1787417686.6228535,G1,T04,sotto_banco_movimenti,1,static
9260298,1,1,1,30,59,100,100,0,100,100,100,27,20,15,10,14,9,0,0,100,100,100,65,40,43,33,2,1,1787417686.8143814,G1,T04,sotto_banco_movimenti,1,static
9260498,1,1,1,30,71,100,100,0,100,100,100,55,7,2,1,4,6,0,0,100,100,100,64,41,43,34,2,1,1787417687.0231469,G1,T04,sotto_banco_movimenti,1,static
9260698,1,1,1,63,60,100,100,0,100,100,100,56,20,22,7,14,15,0,0,100,100,100,64,40,43,35,2,1,1787417687.2153435,G1,T04,sotto_banco_movimenti,1,static
9260898,1,1,1,76,75,100,100,0,100,100,100,49,20,5,4,2,3,0,0,100,100,100,62,39,40,32,2,1,1787417687.4251003,G1,T04,sotto_banco_movimenti,1,static
9261098,1,1,1,76,62,100,100,0,100,100,100,53,11,4,4,2,7,0,0,100,100,100,61,38,39,33,2,1,1787417687.6167266,G1,T04,sotto_banco_movimenti,1,static
9261298,1,1,1,80,120,100,100,1,91,100,100,24,14,11,8,2,8,0,0,100,100,100,61,39,37,33,2,1,1787417687.824765,G1,T04,sotto_banco_movimenti,1,static
9261498,1,1,1,67,73,100,100,1,100,100,100,65,26,21,12,7,12,0,0,100,100,100,64,39,39,35,2,1,1787417688.0166454,G1,T04,sotto_banco_movimenti,1,static
9261698,1,1,1,72,30,100,100,1,100,100,100,46,33,8,12,9,8,0,0,100,100,100,63,40,39,34,2,1,1787417688.2247872,G1,T04,sotto_banco_movimenti,1,static
9261898,1,1,1,75,56,100,100,1,100,100,100,43,13,15,11,9,4,0,0,100,100,100,64,39,38,34,2,1,1787417688.4175684,G1,T04,sotto_banco_movimenti,1,static
9262098,1,1,1,59,56,100,100,1,100,100,100,63,28,16,3,8,9,0,0,100,100,100,65,38,36,33,2,1,1787417688.624753,G1,T04,sotto_banco_movimenti,1,static
9262298,1,1,1,46,55,100,100,1,100,100,100,43,9,10,13,13,10,0,0,100,100,100,65,40,39,34,2,1,1787417688.8170028,G1,T04,sotto_banco_movimenti,1,static
9262498,1,1,1,74,67,100,100,1,100,100,100,60,26,6,4,6,4,0,0,100,100,100,63,41,40,35,2,1,1787417689.0246136,G1,T04,sotto_banco_movimenti,1,static
9262698,1,1,1,59,67,100,100,1,100,100,100,40,17,9,7,8,9,0,0,100,100,100,63,41,40,35,2,1,1787417689.21602,G1,T04,sotto_banco_movimenti,1,static
9262898,1,1,1,39,49,100,100,1,100,100,43,32,9,7,6,7,6,0,0,100,100,100,62,39,39,34,2,1,1787417689.4239528,G1,T04,sotto_banco_movimenti,1,static
9263098,1,1,1,58,73,100,100,1,100,100,100,40,19,10,6,2,5,0,0,100,100,100,59,40,38,34,2,1,1787417689.616144,G1,T04,sotto_banco_movimenti,1,static
9263298,1,1,1,75,67,100,100,1,100,100,100,46,21,13,8,9,9,0,0,100,100,100,60,42,40,35,2,1,1787417689.8254528,G1,T04,sotto_banco_movimenti,1,static
9263498,1,1,1,75,30,100,100,1,100,100,100,70,24,12,8,7,5,0,0,100,100,100,60,44,41,36,2,1,1787417690.0165956,G1,T04,sotto_banco_movimenti,1,static
9263698,1,1,1,54,72,100,100,1,100,100,100,41,14,12,11,5,7,0,0,100,100,100,61,46,43,37,2,1,1787417690.2244186,G1,T04,sotto_banco_movimenti,1,static
9263898,1,1,1,76,63,100,100,1,100,100,100,17,10,4,10,10,2,0,0,100,100,100,58,45,42,36,2,1,1787417690.4169507,G1,T04,sotto_banco_movimenti,1,static
9264098,1,1,1,75,73,100,100,1,84,100,83,7,10,8,6,5,2,0,0,100,100,100,59,43,42,35,2,1,1787417690.6251738,G1,T04,sotto_banco_movimenti,1,static
9264298,1,1,1,72,67,100,100,1,100,100,100,16,23,16,8,3,8,0,0,100,100,100,57,41,39,33,2,1,1787417690.815852,G1,T04,sotto_banco_movimenti,1,static
9264498,1,1,1,70,30,100,100,1,100,100,100,39,28,17,5,3,4,0,0,100,100,100,58,41,38,32,2,1,1787417691.0242927,G1,T04,sotto_banco_movimenti,1,static
9264698,1,1,1,70,79,100,100,0,100,100,100,18,10,17,8,11,7,0,0,100,100,100,61,42,38,33,2,1,1787417691.2158163,G1,T04,sotto_banco_movimenti,1,static
9264898,1,1,1,69,49,100,100,0,100,100,100,77,31,11,11,7,9,0,0,100,100,100,62,45,41,35,2,1,1787417691.4240174,G1,T04,sotto_banco_movimenti,1,static
9265098,1,1,1,65,67,100,100,0,100,100,100,5,20,7,9,10,7,0,0,100,100,100,63,46,42,36,2,1,1787417691.6151936,G1,T04,sotto_banco_movimenti,1,static
9265298,1,1,1,89,94,100,100,0,93,100,100,53,20,4,2,4,9,0,0,100,100,100,63,46,42,36,2,1,1787417691.8230581,G1,T04,sotto_banco_movimenti,1,static
9265498,1,1,1,78,30,100,100,0,100,100,100,88,14,24,11,12,12,0,0,100,100,100,65,45,43,37,2,1,1787417692.015489,G1,T04,sotto_banco_movimenti,1,static
9265698,1,1,1,77,71,100,100,0,64,100,100,38,21,1,6,1,8,0,0,100,100,100,63,45,41,37,2,1,1787417692.2240527,G1,T04,sotto_banco_movimenti,1,static
9265898,1,1,1,63,77,100,100,0,100,100,100,51,27,5,11,7,8,0,0,100,100,100,60,45,41,36,2,1,1787417692.4148571,G1,T04,sotto_banco_movimenti,1,static
9266098,1,1,1,70,79,100,100,0,100,100,100,11,21,19,5,10,6,0,0,100,100,100,60,43,40,36,2,1,1787417692.6223776,G1,T04,sotto_banco_movimenti,1,static
9266298,1,1,1,83,80,100,100,0,100,100,100,33,15,12,9,7,3,0,0,100,100,100,61,41,38,34,2,1,1787417692.8148358,G1,T04,sotto_banco_movimenti,1,static
9266498,1,1,1,72,76,100,100,0,100,100,100,59,36,5,6,4,6,0,0,100,100,100,61,41,38,34,2,1,1787417693.0242674,G1,T04,sotto_banco_movimenti,1,static
9266698,1,1,1,80,71,100,100,0,100,100,100,47,21,14,5,7,1,0,0,100,100,100,62,42,39,34,2,1,1787417693.2159274,G1,T04,sotto_banco_movimenti,1,static
9266898,1,1,1,79,53,100,100,0,100,100,100,51,16,16,4,3,7,0,0,100,100,100,64,42,39,34,2,1,1787417693.4226124,G1,T04,sotto_banco_movimenti,1,static
9267098,1,1,1,79,72,100,100,0,100,100,100,82,10,4,12,10,9,0,0,100,100,100,62,42,38,34,2,1,1787417693.6149125,G1,T04,sotto_banco_movimenti,1,static
9267298,1,1,1,65,60,100,100,0,100,100,100,30,24,5,12,10,10,0,0,100,100,100,59,42,37,34,2,1,1787417693.8234432,G1,T04,sotto_banco_movimenti,1,static
9267498,1,1,1,59,60,100,100,0,100,100,100,57,30,7,4,7,3,0,0,100,100,100,58,40,36,33,2,1,1787417694.0152242,G1,T04,sotto_banco_movimenti,1,static
9267698,1,1,1,54,39,100,100,0,100,100,71,46,9,13,1,4,4,0,0,100,100,100,58,38,34,32,2,1,1787417694.2213473,G1,T04,sotto_banco_movimenti,1,static
9267898,1,1,1,65,66,100,100,0,100,100,100,28,36,23,16,19,15,0,0,100,100,100,63,39,37,34,2,1,1787417694.4288583,G1,T04,sotto_banco_movimenti,1,static
9268098,1,1,1,68,56,100,100,0,100,100,100,40,9,25,8,10,12,0,0,100,100,100,64,40,37,35,2,1,1787417694.621371,G1,T04,sotto_banco_movimenti,1,static
9268298,1,1,1,65,68,100,100,0,100,100,100,25,15,9,3,3,2,0,0,100,100,100,61,39,36,34,2,1,1787417694.8134947,G1,T04,sotto_banco_movimenti,1,static
9268498,1,1,1,96,77,100,100,0,96,100,100,59,13,4,4,9,4,0,0,100,100,100,59,38,37,35,2,1,1787417695.021664,G1,T04,sotto_banco_movimenti,1,static
9268698,1,1,1,55,73,100,100,0,100,100,100,13,15,5,6,11,11,0,0,100,100,100,57,39,37,34,2,1,1787417695.2132833,G1,T04,sotto_banco_movimenti,1,static
9268898,1,1,1,69,77,100,100,0,100,100,100,56,11,7,9,14,12,0,0,100,100,100,56,38,36,34,2,1,1787417695.4219162,G1,T04,sotto_banco_movimenti,1,static
9269098,1,1,1,58,55,100,100,0,100,100,100,41,30,19,7,5,4,0,0,100,100,100,55,37,35,32,2,1,1787417695.6284738,G1,T04,sotto_banco_movimenti,1,static
9269298,1,1,1,70,54,100,100,0,100,100,100,27,12,10,2,11,5,0,0,100,100,100,55,37,36,32,2,1,1787417695.820367,G1,T04,sotto_banco_movimenti,1,static
9269498,1,1,1,71,72,100,100,0,100,100,100,32,3,11,12,12,3,0,0,100,100,100,53,37,35,30,2,1,1787417696.028665,G1,T04,sotto_banco_movimenti,1,static
9269698,1,1,1,69,79,100,100,0,100,100,100,71,15,15,11,7,6,0,0,100,100,100,57,39,37,32,2,1,1787417696.2217047,G1,T04,sotto_banco_movimenti,1,static
9269898,1,1,1,30,47,100,100,0,100,100,100,13,11,9,5,4,6,0,0,100,100,100,59,39,38,33,2,1,1787417696.4135032,G1,T04,sotto_banco_movimenti,1,static
9270098,1,1,1,69,49,100,100,0,100,100,65,30,14,6,16,13,8,0,0,100,100,100,57,42,39,33,2,1,1787417696.6214046,G1,T04,sotto_banco_movimenti,1,static
9270298,1,1,1,61,64,100,100,0,100,100,100,47,24,8,3,5,3,0,0,100,100,100,55,42,39,33,2,1,1787417696.813589,G1,T04,sotto_banco_movimenti,1,static
9270498,1,1,1,72,79,100,100,0,100,100,100,70,28,17,12,8,14,0,0,100,100,100,58,43,40,34,2,1,1787417697.0216427,G1,T04,sotto_banco_movimenti,1,static
9270698,1,1,1,72,75,100,100,0,100,100,59,45,24,6,6,7,7,0,0,100,100,100,57,42,39,35,2,1,1787417697.212774,G1,T04,sotto_banco_movimenti,1,static
9270898,1,1,1,76,49,100,100,1,100,100,100,49,39,14,3,8,5,0,0,100,100,100,58,42,41,35,2,1,1787417697.4190464,G1,T04,sotto_banco_movimenti,1,static
9271098,1,1,1,67,63,100,100,1,100,100,100,42,14,8,9,11,7,0,0,100,100,100,61,41,41,35,2,1,1787417697.6258945,G1,T04,sotto_banco_movimenti,1,static
9271298,1,1,1,75,56,100,100,1,100,100,100,39,4,3,6,11,2,0,0,100,100,100,61,42,41,35,2,1,1787417697.8179972,G1,T04,sotto_banco_movimenti,1,static
9271498,1,1,1,65,77,100,100,1,100,100,100,42,22,16,5,8,8,0,0,100,100,100,62,45,42,36,2,1,1787417698.025271,G1,T04,sotto_banco_movimenti,1,static
9271698,1,1,1,70,66,100,100,1,100,100,100,25,12,11,6,6,1,0,0,100,100,100,63,47,42,37,2,1,1787417698.216949,G1,T04,sotto_banco_movimenti,1,static
9271898,1,1,1,66,80,100,100,1,100,100,100,31,9,11,5,4,7,0,0,100,100,100,63,44,40,35,2,1,1787417698.425195,G1,T04,sotto_banco_movimenti,1,static
9272098,1,1,1,59,74,100,100,1,100,100,100,46,7,10,10,3,4,0,0,100,100,100,63,46,41,35,2,1,1787417698.6169214,G1,T04,sotto_banco_movimenti,1,static
9272298,1,1,1,57,77,100,100,1,100,100,100,37,22,15,10,10,7,0,0,100,100,100,65,49,43,37,2,1,1787417698.8246844,G1,T04,sotto_banco_movimenti,1,static
9272498,1,1,1,50,64,100,100,1,100,100,100,66,20,14,6,7,1,0,0,100,100,100,67,49,43,37,2,1,1787417699.0155084,G1,T04,sotto_banco_movimenti,1,static
9272698,1,1,1,52,46,100,100,1,100,100,100,100,46,23,14,10,8,0,0,100,100,100,70,50,43,37,2,1,1787417699.2226722,G1,T04,sotto_banco_movimenti,1,static
9272898,1,1,1,124,53,100,100,1,26,100,100,40,8,8,3,2,5,0,0,100,100,100,71,49,42,35,2,1,1787417699.4139755,G1,T04,sotto_banco_movimenti,1,static
9273098,1,1,1,49,41,100,100,1,100,100,100,26,4,6,6,1,6,0,0,100,100,100,72,51,44,37,2,1,1787417699.6225107,G1,T04,sotto_banco_movimenti,1,static
9273298,1,1,1,65,74,100,100,1,100,100,100,52,11,9,9,10,8,0,0,100,100,100,70,52,44,37,2,1,1787417699.8142197,G1,T04,sotto_banco_movimenti,1,static
9273498,1,1,1,75,62,100,100,1,100,100,100,10,10,14,3,4,10,0,0,100,100,100,70,53,44,38,2,1,1787417700.0223007,G1,T04,sotto_banco_movimenti,1,static
9273698,1,1,1,59,55,100,100,1,100,100,100,36,8,9,5,4,3,0,0,100,100,100,68,52,43,37,2,1,1787417700.2142541,G1,T04,sotto_banco_movimenti,1,static
9273898,1,1,1,84,52,100,100,1,35,100,100,29,9,4,3,3,3,0,0,100,100,100,67,51,42,37,2,1,1787417700.4218187,G1,T04,sotto_banco_movimenti,1,static
9274098,1,1,1,71,57,100,100,1,100,100,100,30,13,2,5,6,3,0,0,100,100,100,66,50,41,36,2,1,1787417700.613464,G1,T04,sotto_banco_movimenti,1,static
9274298,1,1,1,72,60,100,100,1,100,100,100,21,19,9,7,8,10,0,0,100,100,100,68,50,41,36,2,1,1787417700.8260417,G1,T04,sotto_banco_movimenti,1,static
9274498,1,1,1,65,76,100,100,0,100,100,100,26,6,9,8,6,8,0,0,100,100,100,68,50,41,36,2,1,1787417701.0259342,G1,T04,sotto_banco_movimenti,1,static
9274698,1,1,1,62,69,100,100,0,100,100,100,45,22,11,6,7,9,0,0,100,100,100,69,50,40,36,2,1,1787417701.218493,G1,T04,sotto_banco_movimenti,1,static
9274898,1,1,1,74,91,100,100,0,100,100,100,18,19,15,11,3,9,0,0,100,100,100,67,50,39,35,2,1,1787417701.4265869,G1,T04,sotto_banco_movimenti,1,static
9275098,1,1,1,77,60,100,100,0,100,100,100,58,16,13,9,4,10,0,0,100,100,100,65,49,38,35,2,1,1787417701.6188846,G1,T04,sotto_banco_movimenti,1,static
9275298,1,1,1,65,61,100,100,0,100,100,100,55,29,9,26,16,16,0,0,100,100,100,65,48,38,34,2,1,1787417701.8265781,G1,T04,sotto_banco_movimenti,1,static
9275498,1,1,1,65,66,100,100,0,100,100,61,37,16,4,2,2,4,0,0,100,100,100,65,45,37,32,2,1,1787417702.018834,G1,T04,sotto_banco_movimenti,1,static
9275698,1,1,1,57,42,100,100,0,100,100,100,21,17,14,7,5,6,0,0,100,100,100,64,45,37,33,2,1,1787417702.2246552,G1,T04,sotto_banco_movimenti,1,static
9275898,1,1,1,46,55,100,100,0,100,100,100,28,20,16,5,10,6,0,0,100,100,100,62,46,37,33,2,1,1787417702.4163845,G1,T04,sotto_banco_movimenti,1,static
9276098,1,1,1,52,61,100,100,0,100,100,100,27,22,12,12,14,12,0,0,100,100,100,64,47,39,35,2,1,1787417702.6249797,G1,T04,sotto_banco_movimenti,1,static
9276298,1,1,1,38,67,100,100,0,100,100,100,75,22,14,9,4,10,0,0,100,100,100,63,46,38,35,2,1,1787417702.8176167,G1,T04,sotto_banco_movimenti,1,static
9276498,1,1,1,30,72,100,100,0,100,100,100,100,40,6,8,10,5,0,0,100,100,100,59,47,38,35,2,1,1787417703.0254855,G1,T04,sotto_banco_movimenti,1,static
9276698,1,1,1,75,72,100,100,0,100,100,100,40,10,15,14,13,12,0,0,100,100,100,57,46,38,34,2,1,1787417703.217548,G1,T04,sotto_banco_movimenti,1,static
9276898,1,1,1,68,94,100,100,0,100,100,100,83,39,15,5,8,4,0,0,100,100,100,59,46,39,36,2,1,1787417703.4259207,G1,T04,sotto_banco_movimenti,1,static
9277098,1,1,1,70,60,100,100,0,100,100,100,13,24,13,1,9,4,0,0,100,100,100,58,45,39,35,2,1,1787417703.6172578,G1,T04,sotto_banco_movimenti,1,static
9277298,1,1,1,76,30,100,100,0,100,100,100,52,30,12,5,7,4,0,0,100,100,100,59,45,38,36,2,1,1787417703.8254983,G1,T04,sotto_banco_movimenti,1,static
9277498,1,1,1,75,66,100,100,0,100,100,100,90,9,5,2,4,2,0,0,100,100,100,58,43,37,34,2,1,1787417704.0183754,G1,T04,sotto_banco_movimenti,1,static
9277698,1,1,1,66,67,100,100,0,100,100,100,19,9,10,11,8,8,0,0,100,100,100,57,42,36,33,2,1,1787417704.227134,G1,T04,sotto_banco_movimenti,1,static
9277898,1,1,1,56,61,100,100,0,100,100,100,90,28,12,13,10,11,0,0,100,100,100,57,41,36,33,1,1,1787417704.4191685,G1,T04,sotto_banco_movimenti,1,static
9278098,1,1,1,39,60,100,100,0,100,100,100,59,29,15,16,14,14,0,0,100,100,100,60,44,38,34,1,1,1787417704.6266248,G1,T04,sotto_banco_movimenti,1,static
9278298,1,1,1,30,39,100,100,0,100,100,100,44,32,20,11,12,9,0,0,100,100,100,62,46,40,37,1,1,1787417704.8192184,G1,T04,sotto_banco_movimenti,1,static
9278498,1,1,1,45,38,100,100,0,100,100,98,43,18,22,15,12,11,0,0,100,100,100,65,50,43,39,1,1,1787417705.027542,G1,T04,sotto_banco_movimenti,1,static
9278698,1,1,1,30,30,100,100,0,100,100,99,10,7,17,10,12,8,0,0,100,100,100,74,56,49,45,1,1,1787417705.2190552,G1,T04,sotto_banco_movimenti,1,static
9278898,1,1,1,50,60,100,100,0,100,100,100,61,54,38,34,35,29,0,0,100,100,100,80,63,56,50,1,1,1787417705.4272532,G1,T04,sotto_banco_movimenti,1,static
9279098,1,1,1,42,53,100,100,0,100,100,100,35,55,51,43,41,35,0,0,100,100,100,92,73,68,60,1,1,1787417705.6195042,G1,T04,sotto_banco_movimenti,1,static
9279298,1,1,1,30,48,100,100,0,100,100,99,29,3,11,10,10,8,0,0,100,100,100,100,82,79,69,1,1,1787417705.8263786,G1,T04,sotto_banco_movimenti,1,static
9279498,1,1,1,53,30,100,100,0,100,100,100,28,38,42,36,35,29,0,0,100,100,100,100,92,88,78,1,1,1787417706.0186179,G1,T04,sotto_banco_movimenti,1,static
9279698,1,1,1,62,50,100,100,0,100,100,87,35,18,18,18,17,13,0,0,100,100,100,100,100,98,85,1,1,1787417706.2262194,G1,T04,sotto_banco_movimenti,1,static
9279898,1,1,1,30,69,100,100,0,100,100,100,9,26,25,19,18,21,0,0,100,100,100,100,100,100,94,1,1,1787417706.4196043,G1,T04,sotto_banco_movimenti,1,static
9280098,1,1,1,30,30,100,100,0,100,100,100,46,36,42,37,30,29,0,0,100,100,100,100,100,100,98,1,1,1787417706.6267288,G1,T04,sotto_banco_movimenti,1,static
9280298,1,1,1,30,58,100,100,0,100,100,100,32,46,22,22,20,18,0,0,100,100,100,100,100,100,100,1,1,1787417706.818795,G1,T04,sotto_banco_movimenti,1,static
9280498,1,1,1,55,52,100,100,0,100,100,100,23,36,45,41,35,33,0,0,100,100,100,100,100,100,100,1,1,1787417707.0280628,G1,T04,sotto_banco_movimenti,1,static
9280698,1,1,1,53,39,100,100,1,100,100,100,46,28,19,17,18,15,0,0,100,100,100,100,100,100,100,1,1,1787417707.2199543,G1,T04,sotto_banco_movimenti,1,static
9280898,1,1,1,69,57,100,100,1,100,100,100,82,17,11,7,7,7,0,0,100,100,100,100,100,100,100,1,1,1787417707.4285097,G1,T04,sotto_banco_movimenti,1,static
9281098,1,1,1,53,72,100,100,1,100,100,100,27,21,6,13,13,8,0,0,100,100,100,100,100,100,100,2,1,1787417707.6212022,G1,T04,sotto_banco_movimenti,1,static
9281298,1,1,1,58,72,100,100,1,100,100,100,29,10,2,12,8,10,0,0,100,100,100,100,100,100,100,2,1,1787417707.8288436,G1,T04,sotto_banco_movimenti,1,static
9281498,1,1,1,75,82,100,100,1,100,100,100,57,26,12,1,7,6,0,0,100,100,100,100,100,100,100,2,1,1787417708.0209122,G1,T04,sotto_banco_movimenti,1,static
9281698,1,1,1,53,30,100,100,1,100,100,100,36,16,18,10,11,7,0,0,100,100,100,100,100,100,100,2,1,1787417708.2132096,G1,T04,sotto_banco_movimenti,1,static
9281898,1,1,1,49,69,100,100,1,100,100,100,89,23,8,12,10,11,0,0,100,100,100,100,100,100,100,2,1,1787417708.420282,G1,T04,sotto_banco_movimenti,1,static
9282098,1,1,1,70,52,100,100,1,100,100,100,38,17,9,8,8,6,0,0,100,100,100,100,100,100,100,2,1,1787417708.6279423,G1,T04,sotto_banco_movimenti,1,static
9282298,1,1,1,67,75,100,100,1,100,100,100,26,23,17,6,6,4,0,0,100,100,100,100,100,100,100,2,1,1787417708.8218865,G1,T04,sotto_banco_movimenti,1,static
9282498,1,1,1,61,60,100,100,1,100,100,100,32,9,20,12,10,10,0,0,100,100,100,100,100,100,100,1,1,1787417709.0278583,G1,T04,sotto_banco_movimenti,1,static
9282698,1,1,1,30,52,100,100,1,100,100,100,28,7,3,5,4,2,0,0,100,100,100,100,100,100,100,1,1,1787417709.221062,G1,T04,sotto_banco_movimenti,1,static
9282898,1,1,1,30,30,100,100,1,100,100,100,60,30,6,16,8,17,0,0,100,100,100,100,100,100,100,1,1,1787417709.42809,G1,T04,sotto_banco_movimenti,1,static
9283098,1,1,1,30,38,100,100,1,100,100,100,58,13,29,24,21,23,0,0,100,100,100,100,100,100,96,1,1,1787417709.6240737,G1,T04,sotto_banco_movimenti,1,static
9283298,1,1,1,66,30,100,100,1,100,100,100,36,11,19,9,12,10,0,0,100,100,100,100,100,98,91,1,1,1787417709.82768,G1,T04,sotto_banco_movimenti,1,static
9283498,1,1,1,53,30,100,100,1,100,100,100,66,43,24,23,25,20,0,0,100,100,100,100,100,93,87,1,1,1787417710.024665,G1,T04,sotto_banco_movimenti,1,static
9283698,1,1,1,30,45,100,100,1,100,100,69,49,27,26,11,16,12,0,0,100,100,100,100,100,92,87,1,1,1787417710.227916,G1,T04,sotto_banco_movimenti,1,static
9283898,1,1,1,41,50,100,100,1,100,100,100,60,44,23,33,30,28,0,0,100,100,100,100,98,90,86,1,1,1787417710.4273484,G1,T04,sotto_banco_movimenti,1,static
9284098,1,1,1,30,46,100,100,0,100,100,82,36,20,22,21,21,16,0,0,100,100,100,100,96,90,83,1,1,1787417710.6278186,G1,T04,sotto_banco_movimenti,1,static
9284298,1,1,1,41,30,100,100,0,100,100,100,57,39,36,32,30,28,0,0,100,100,100,100,92,87,80,1,1,1787417710.8282783,G1,T04,sotto_banco_movimenti,1,static
9284498,1,1,1,55,48,100,100,0,100,100,100,83,23,32,20,20,18,0,0,100,100,100,100,87,84,78,1,1,1787417711.0282757,G1,T04,sotto_banco_movimenti,1,static
9284698,1,1,1,73,63,100,100,0,100,100,100,57,28,10,12,10,8,0,0,100,100,100,100,87,84,78,1,1,1787417711.2292306,G1,T04,sotto_banco_movimenti,1,static
9284898,1,1,1,50,75,100,100,0,100,100,100,66,30,6,8,9,5,0,0,100,100,100,100,87,83,79,1,1,1787417711.4285173,G1,T04,sotto_banco_movimenti,1,static
9285098,1,1,1,74,60,100,100,0,100,100,100,45,13,16,14,10,8,0,0,100,100,100,100,88,83,80,2,1,1787417711.6204917,G1,T04,sotto_banco_movimenti,1,static
9285298,1,1,1,73,66,100,100,0,100,100,100,73,20,5,4,4,2,0,0,100,100,100,100,87,83,79,2,1,1787417711.8286712,G1,T04,sotto_banco_movimenti,1,static
9285498,1,1,1,59,48,100,100,0,100,100,100,19,17,15,12,12,10,0,0,100,100,100,100,88,82,79,1,1,1787417712.0213196,G1,T04,sotto_banco_movimenti,1,static
9285698,1,1,1,54,68,100,100,0,100,100,100,98,36,14,16,12,14,0,0,100,100,100,100,88,81,79,2,1,1787417712.2296145,G1,T04,sotto_banco_movimenti,1,static
9285898,1,1,1,44,52,100,100,0,100,100,100,38,19,8,15,7,12,0,0,100,100,100,100,87,80,78,2,1,1787417712.4211686,G1,T04,sotto_banco_movimenti,1,static
9286098,1,1,1,57,64,100,100,0,100,100,100,38,25,16,10,9,13,0,0,100,100,100,100,87,81,79,1,1,1787417712.6295092,G1,T04,sotto_banco_movimenti,1,static
9286298,1,1,1,58,63,100,100,0,100,100,100,21,12,15,12,12,8,0,0,100,100,100,100,88,81,78,1,1,1787417712.820769,G1,T04,sotto_banco_movimenti,1,static
9286498,1,1,1,41,43,100,100,0,100,100,77,77,21,9,11,8,11,0,0,100,100,100,100,89,81,78,1,1,1787417713.0290542,G1,T04,sotto_banco_movimenti,1,static
9286698,1,1,1,60,39,100,100,0,100,100,100,36,8,12,9,8,7,0,0,100,100,100,100,90,83,79,1,1,1787417713.2213717,G1,T04,sotto_banco_movimenti,1,static
9286898,1,1,1,55,65,100,100,0,100,100,100,33,33,36,31,33,28,0,0,100,100,100,100,92,86,81,1,1,1787417713.4286776,G1,T04,sotto_banco_movimenti,1,static
9287098,1,1,1,30,52,100,100,0,100,100,70,37,25,9,9,6,9,0,0,100,100,100,100,91,85,79,1,1,1787417713.6208432,G1,T04,sotto_banco_movimenti,1,static
9287298,1,1,1,65,30,100,100,0,100,100,100,19,43,18,28,22,24,0,0,100,100,100,100,92,85,80,1,1,1787417713.829496,G1,T04,sotto_banco_movimenti,1,static
9287498,1,1,1,63,30,100,100,0,100,100,100,38,21,17,21,18,19,0,0,100,100,100,100,94,87,82,1,1,1787417714.0218525,G1,T04,sotto_banco_movimenti,1,static
9287698,1,1,1,62,49,100,100,0,100,100,100,68,22,26,26,24,18,0,0,100,100,100,100,90,83,78,1,1,1787417714.2296247,G1,T04,sotto_banco_movimenti,1,static
9287898,1,1,1,53,63,100,100,0,100,100,100,59,38,22,26,22,21,0,0,100,100,100,99,87,80,75,1,1,1787417714.422287,G1,T04,sotto_banco_movimenti,1,static
9288098,1,1,1,30,58,100,100,0,100,100,69,23,18,11,5,6,7,0,0,100,100,100,92,84,76,72,1,1,1787417714.6285543,G1,T04,sotto_banco_movimenti,1,static
9288298,1,1,1,69,30,100,100,0,100,100,100,16,27,27,28,27,21,0,0,100,100,100,93,85,77,73,1,1,1787417714.8186805,G1,T04,sotto_banco_movimenti,1,static
9288498,1,1,1,48,62,100,100,0,100,100,100,12,17,5,12,5,6,0,0,100,100,100,92,86,76,72,1,1,1787417715.0264745,G1,T04,sotto_banco_movimenti,1,static
9288698,1,1,1,58,56,100,100,0,100,100,100,30,21,18,10,10,9,0,0,100,100,100,95,87,78,73,1,1,1787417715.2257817,G1,T04,sotto_banco_movimenti,1,static
9288898,1,1,1,42,70,100,100,0,100,100,100,77,18,7,11,9,10,0,0,100,100,100,93,88,78,72,1,1,1787417715.4264753,G1,T04,sotto_banco_movimenti,1,static
9289098,1,1,1,87,51,100,100,0,88,100,100,9,27,2,9,2,6,0,0,100,100,100,92,87,77,71,1,1,1787417715.6190891,G1,T04,sotto_banco_movimenti,1,static
9289298,1,1,1,39,80,100,100,0,100,100,100,75,16,13,8,5,8,0,0,100,100,100,91,87,78,71,1,1,1787417715.827932,G1,T04,sotto_banco_movimenti,1,static
9289498,1,1,1,30,66,100,100,0,100,100,67,40,12,9,14,11,11,0,0,100,100,100,89,89,79,71,2,1,1787417716.0197597,G1,T04,sotto_banco_movimenti,1,static
9289698,1,1,1,30,45,100,100,0,100,100,60,90,33,7,6,6,10,0,0,100,100,100,90,89,78,71,1,1,1787417716.227551,G1,T04,sotto_banco_movimenti,1,static
9289898,1,1,1,67,74,100,100,0,100,100,74,6,15,13,13,7,10,0,0,100,100,100,90,89,78,71,2,1,1787417716.4198442,G1,T04,sotto_banco_movimenti,1,static
9290098,1,1,1,51,30,100,100,0,100,100,100,46,17,15,11,12,11,0,0,100,100,100,92,90,79,73,1,1,1787417716.6265721,G1,T04,sotto_banco_movimenti,1,static
9290298,1,1,1,30,30,100,100,0,100,100,53,52,8,11,15,12,9,0,0,100,100,100,96,92,81,75,1,1,1787417716.818244,G1,T04,sotto_banco_movimenti,1,static
9290498,1,1,1,70,30,100,100,0,100,100,91,37,15,21,18,15,18,0,0,100,100,100,98,94,82,76,1,1,1787417717.0245128,G1,T04,sotto_banco_movimenti,1,static
9290698,1,1,1,30,63,100,100,1,100,100,73,21,14,1,6,2,3,0,0,100,100,100,95,93,81,75,1,1,1787417717.217203,G1,T04,sotto_banco_movimenti,1,static
9290898,1,1,1,61,75,100,100,1,100,100,100,70,39,18,21,20,17,0,0,100,100,100,93,92,79,74,1,1,1787417717.4245446,G1,T04,sotto_banco_movimenti,1,static
9291098,1,1,1,48,52,100,100,1,100,100,100,36,2,29,23,21,19,0,0,100,100,100,98,94,81,75,1,1,1787417717.6167772,G1,T04,sotto_banco_movimenti,1,static
9291298,1,1,1,63,53,100,100,1,100,100,100,26,24,6,10,2,7,0,0,100,100,100,96,90,78,71,1,1,1787417717.824383,G1,T04,sotto_banco_movimenti,1,static
9291498,1,1,1,30,63,100,100,1,100,100,100,28,30,12,14,12,13,0,0,100,100,100,92,88,74,69,1,1,1787417718.01604,G1,T04,sotto_banco_movimenti,1,static
9291698,1,1,1,52,51,100,100,1,100,100,100,35,31,13,13,10,13,0,0,100,100,100,89,85,71,67,1,1,1787417718.2227628,G1,T04,sotto_banco_movimenti,1,static
9291898,1,1,1,50,75,100,100,1,100,100,52,37,16,17,13,11,16,0,0,100,100,100,87,81,68,65,1,1,1787417718.4150586,G1,T04,sotto_banco_movimenti,1,static
9292098,1,1,1,46,30,100,100,1,100,100,100,36,14,19,14,13,15,0,0,100,100,100,91,81,70,66,1,1,1787417718.6226966,G1,T04,sotto_banco_movimenti,1,static
9292298,1,1,1,75,66,100,100,1,100,100,100,77,17,16,15,15,11,0,0,100,100,100,93,81,70,66,1,1,1787417718.8142858,G1,T04,sotto_banco_movimenti,1,static
9292498,1,1,1,42,75,100,100,1,100,100,100,73,25,30,27,26,22,0,0,100,100,100,98,84,74,69,1,1,1787417719.021781,G1,T04,sotto_banco_movimenti,1,static
9292698,1,1,1,30,58,100,100,1,100,100,100,36,21,20,19,17,16,0,0,100,100,100,97,84,74,69,1,1,1787417719.21447,G1,T04,sotto_banco_movimenti,1,static
9292898,1,1,1,42,67,100,100,1,100,100,100,24,22,8,6,7,7,0,0,100,100,100,97,83,75,68,1,1,1787417719.4218059,G1,T04,sotto_banco_movimenti,1,static
9293098,1,1,1,60,63,100,100,1,100,100,100,41,9,16,16,11,12,0,0,100,100,100,99,85,77,70,1,1,1787417719.6297615,G1,T04,sotto_banco_movimenti,1,static
9293298,1,1,1,30,56,100,100,1,100,100,100,25,18,4,5,4,9,0,0,100,100,100,97,84,76,70,1,1,1787417719.821217,G1,T04,sotto_banco_movimenti,1,static
9293498,1,1,1,58,73,100,100,1,100,100,100,49,23,7,6,5,8,0,0,100,100,100,96,82,74,69,2,1,1787417720.0287373,G1,T04,sotto_banco_movimenti,1,static
9293698,1,1,1,56,75,100,100,1,100,100,100,81,33,11,11,9,8,0,0,100,100,100,95,83,74,68,2,1,1787417720.2195866,G1,T04,sotto_banco_movimenti,1,static
9293898,1,1,1,71,59,100,100,1,100,100,100,53,51,6,18,14,11,0,0,100,100,100,93,84,76,68,2,1,1787417720.4260933,G1,T04,sotto_banco_movimenti,1,static
9294098,1,1,1,71,30,100,100,0,100,100,100,66,21,3,3,7,9,0,0,100,100,100,93,81,74,67,2,1,1787417720.6182666,G1,T04,sotto_banco_movimenti,1,static
9294298,1,1,1,62,51,100,100,0,100,100,100,36,9,12,10,11,8,0,0,100,100,100,91,79,73,66,2,1,1787417720.8266792,G1,T04,sotto_banco_movimenti,1,static
9294498,1,1,1,63,41,100,100,0,100,100,100,7,20,5,11,7,9,0,0,100,100,100,89,79,73,66,2,1,1787417721.0186138,G1,T04,sotto_banco_movimenti,1,static
9294698,1,1,1,76,50,100,100,0,89,100,100,40,9,4,11,9,2,0,0,100,100,100,89,81,74,67,2,1,1787417721.22602,G1,T04,sotto_banco_movimenti,1,static
9294898,1,1,1,58,76,100,100,0,100,100,100,31,30,6,16,14,12,0,0,100,100,100,84,78,70,64,2,1,1787417721.4171362,G1,T04,sotto_banco_movimenti,1,static
9295098,1,1,1,72,73,100,100,0,100,100,100,49,10,13,11,12,6,0,0,100,100,100,77,73,66,60,2,1,1787417721.6267827,G1,T04,sotto_banco_movimenti,1,static
9295298,1,1,1,56,77,100,100,0,100,100,77,30,16,7,11,7,6,0,0,100,100,100,75,72,64,59,1,1,1787417721.815529,G1,T04,sotto_banco_movimenti,1,static
9295498,1,1,1,41,73,100,100,0,100,100,100,36,5,11,8,7,10,0,0,100,100,100,73,67,61,56,1,1,1787417722.023468,G1,T04,sotto_banco_movimenti,1,static
9295698,1,1,1,67,68,100,100,0,100,100,100,40,21,5,3,6,6,0,0,100,100,100,73,67,61,56,1,1,1787417722.2165449,G1,T04,sotto_banco_movimenti,1,static
9295898,1,1,1,47,70,100,100,0,100,100,100,64,26,25,20,19,19,0,0,100,100,100,74,70,62,57,1,1,1787417722.424159,G1,T04,sotto_banco_movimenti,1,static
9296098,1,1,1,72,38,100,100,0,100,100,100,68,33,13,18,14,16,0,0,100,100,100,70,68,60,55,1,1,1787417722.615476,G1,T04,sotto_banco_movimenti,1,static
9296298,1,1,1,30,30,100,100,0,100,100,100,50,30,26,22,19,16,0,0,100,100,100,68,67,59,53,1,1,1787417722.8230739,G1,T04,sotto_banco_movimenti,1,static
9296498,1,1,1,51,67,100,100,0,100,100,100,12,31,22,20,15,13,0,0,100,100,100,69,67,57,52,1,1,1787417723.015395,G1,T04,sotto_banco_movimenti,1,static
9296698,1,1,1,68,30,100,100,0,100,100,100,42,11,5,4,4,3,0,0,100,100,100,70,69,57,54,1,1,1787417723.2233398,G1,T04,sotto_banco_movimenti,1,static
9296898,1,1,1,30,30,100,100,0,100,100,100,46,15,22,10,16,11,0,0,100,100,100,78,75,61,58,1,1,1787417723.4155793,G1,T04,sotto_banco_movimenti,1,static
9297098,1,1,1,30,69,100,100,0,100,100,100,13,28,24,27,24,24,0,0,100,100,100,83,80,66,63,1,1,1787417723.6234596,G1,T04,sotto_banco_movimenti,1,static
9297298,1,1,1,69,43,100,100,0,100,100,100,30,33,18,22,18,17,0,0,100,100,100,87,82,67,64,1,1,1787417723.8155198,G1,T04,sotto_banco_movimenti,1,static
9297498,1,1,1,64,59,100,100,0,100,100,100,40,15,25,22,14,20,0,0,100,100,100,91,86,70,67,1,1,1787417724.0238929,G1,T04,sotto_banco_movimenti,1,static
9297698,1,1,1,56,50,100,100,0,100,100,100,22,7,5,5,5,6,0,0,100,100,100,92,84,71,67,1,1,1787417724.2288332,G1,T04,sotto_banco_movimenti,1,static
9297898,1,1,1,66,71,100,100,0,100,100,100,53,26,20,17,14,14,0,0,100,100,100,95,85,71,69,1,1,1787417724.419856,G1,T04,sotto_banco_movimenti,1,static
9298098,1,1,1,74,50,100,100,0,100,100,100,11,13,15,9,11,8,0,0,100,100,100,97,88,73,70,1,1,1787417724.628961,G1,T04,sotto_banco_movimenti,1,static
9298298,1,1,1,30,75,100,100,0,100,100,34,41,27,9,10,12,11,0,0,100,100,100,97,90,74,71,1,1,1787417724.8211172,G1,T04,sotto_banco_movimenti,1,static
9298498,1,1,1,30,77,100,100,0,100,100,100,67,19,21,14,10,9,0,0,100,100,100,100,90,74,72,1,1,1787417725.028205,G1,T04,sotto_banco_movimenti,1,static
9298698,1,1,1,30,73,100,100,0,100,100,94,38,16,15,11,10,9,0,0,100,100,100,100,87,73,71,2,1,1787417725.2198026,G1,T04,sotto_banco_movimenti,1,static
9298898,1,1,1,63,63,100,100,0,100,100,100,12,12,12,7,9,7,0,0,100,100,100,100,85,74,70,1,1,1787417725.4281757,G1,T04,sotto_banco_movimenti,1,static
9299098,1,1,1,75,59,100,100,0,100,100,100,27,22,4,4,9,5,0,0,100,100,100,100,85,73,70,1,1,1787417725.619971,G1,T04,sotto_banco_movimenti,1,static
9299298,1,1,1,30,30,100,100,0,100,100,100,97,50,5,7,6,10,0,0,100,100,100,100,85,74,70,2,1,1787417725.8272638,G1,T04,sotto_banco_movimenti,1,static
9299498,1,1,1,42,43,100,100,0,100,100,100,39,14,26,18,12,19,0,0,100,100,100,100,87,76,72,2,1,1787417726.0187364,G1,T04,sotto_banco_movimenti,1,static
9299698,1,1,1,58,73,100,100,1,100,100,100,46,32,22,18,19,19,0,0,100,100,100,100,86,76,72,1,1,1787417726.226816,G1,T04,sotto_banco_movimenti,1,static
9299898,1,1,1,76,55,100,100,1,100,100,100,54,27,11,6,2,5,0,0,100,100,100,100,85,74,70,1,1,1787417726.4183767,G1,T04,sotto_banco_movimenti,1,static
9300098,1,1,1,73,58,100,100,1,100,100,100,32,13,11,11,10,8,0,0,100,100,100,100,87,74,71,2,1,1787417726.6263726,G1,T04,sotto_banco_movimenti,1,static
9300298,1,1,1,42,44,100,100,1,100,100,100,27,16,10,6,7,7,0,0,100,100,100,100,85,72,71,1,1,1787417726.8184302,G1,T04,sotto_banco_movimenti,1,static
9300498,1,1,1,59,64,100,100,1,100,100,100,34,5,11,6,4,2,0,0,100,100,100,100,83,71,71,2,1,1787417727.028169,G1,T04,sotto_banco_movimenti,1,static
9300698,1,1,1,65,53,100,100,1,100,100,100,20,27,26,18,18,20,0,0,100,100,100,100,81,71,70,2,1,1787417727.2199357,G1,T04,sotto_banco_movimenti,1,static
9300898,1,1,1,48,30,100,100,1,100,100,80,20,8,5,5,6,4,0,0,100,100,100,98,77,68,67,1,1,1787417727.4272518,G1,T04,sotto_banco_movimenti,1,static
9301098,1,1,1,66,67,100,100,1,100,100,100,21,10,4,9,9,6,0,0,100,100,100,92,69,61,61,1,1,1787417727.6190581,G1,T04,sotto_banco_movimenti,1,static
9301298,1,1,1,43,72,100,100,1,100,100,100,84,27,5,8,2,3,0,0,100,100,100,93,70,62,61,2,1,1787417727.8268998,G1,T04,sotto_banco_movimenti,1,static
9301498,1,1,1,58,58,100,100,1,100,100,100,38,17,10,10,10,11,0,0,100,100,100,93,68,61,60,1,1,1787417728.0180523,G1,T04,sotto_banco_movimenti,1,static
9301698,1,1,1,53,53,100,100,1,100,100,100,26,13,4,4,9,5,0,0,100,100,100,94,70,61,61,1,1,1787417728.2267866,G1,T04,sotto_banco_movimenti,1,static
9301898,1,1,1,55,57,100,100,1,100,100,100,19,15,2,9,2,7,0,0,100,100,100,94,69,60,60,2,1,1787417728.4190419,G1,T04,sotto_banco_movimenti,1,static
9302098,1,1,1,64,69,100,100,1,100,100,31,14,12,16,9,11,12,0,0,100,100,100,90,70,58,60,1,1,1787417728.6269631,G1,T04,sotto_banco_movimenti,1,static
9302298,1,1,1,67,57,100,100,1,100,100,100,14,19,6,8,2,1,0,0,100,100,100,87,68,56,58,2,1,1787417728.8184948,G1,T04,sotto_banco_movimenti,1,static
9302498,1,1,1,63,75,100,100,1,100,100,100,33,20,7,6,5,2,0,0,100,100,100,85,68,55,57,1,1,1787417729.0256093,G1,T04,sotto_banco_movimenti,1,static
9302698,1,1,1,46,65,100,100,1,100,100,35,14,10,13,9,5,3,0,0,100,100,100,87,67,55,56,1,1,1787417729.2176166,G1,T04,sotto_banco_movimenti,1,static
9302898,1,1,1,52,52,100,100,1,100,100,100,31,7,10,6,7,4,0,0,100,100,100,88,68,55,56,1,1,1787417729.425372,G1,T04,sotto_banco_movimenti,1,static
9303098,1,1,1,69,30,100,100,0,100,100,100,67,17,13,6,4,4,0,0,100,100,100,88,67,55,56,1,1,1787417729.6173623,G1,T04,sotto_banco_movimenti,1,static
9303298,1,1,1,61,70,100,100,0,100,100,100,79,11,16,8,12,10,0,0,100,100,100,88,67,56,57,1,1,1787417729.825541,G1,T04,sotto_banco_movimenti,1,static
9303498,1,1,1,69,62,100,100,0,100,100,100,25,12,4,5,7,3,0,0,100,100,100,84,66,54,55,1,1,1787417730.0179505,G1,T04,sotto_banco_movimenti,1,static
9303698,1,1,1,62,42,100,100,0,100,100,100,23,13,7,11,6,8,0,0,100,100,100,79,66,52,52,2,1,1787417730.2261221,G1,T04,sotto_banco_movimenti,1,static
9303898,1,1,1,61,30,100,100,0,100,100,100,33,10,13,8,8,9,0,0,100,100,100,80,66,52,52,2,1,1787417730.4184697,G1,T04,sotto_banco_movimenti,1,static
9304098,1,1,1,50,58,100,100,0,100,100,100,56,23,10,8,5,5,0,0,100,100,100,80,64,50,51,2,1,1787417730.6253908,G1,T04,sotto_banco_movimenti,1,static
9304298,1,1,1,30,67,100,100,0,100,100,100,34,18,6,7,4,4,0,0,100,100,100,79,64,51,49,2,1,1787417730.8167284,G1,T04,sotto_banco_movimenti,1,static
9304498,1,1,1,56,76,100,100,0,100,100,100,51,9,15,8,12,11,0,0,100,100,100,82,63,50,47,1,1,1787417731.0252,G1,T04,sotto_banco_movimenti,1,static
9304698,1,1,1,50,30,100,100,0,100,100,100,27,16,12,8,7,8,0,0,100,100,100,78,63,48,46,1,1,1787417731.2175808,G1,T04,sotto_banco_movimenti,1,static
9304898,1,1,1,60,30,100,100,0,100,100,87,48,31,10,2,4,2,0,0,100,100,100,72,61,46,44,1,1,1787417731.425779,G1,T04,sotto_banco_movimenti,1,static
9305098,1,1,1,41,30,100,100,0,100,100,100,5,11,9,6,5,3,0,0,100,100,100,72,63,47,45,2,1,1787417731.617863,G1,T04,sotto_banco_movimenti,1,static
9305298,1,1,1,76,41,100,100,0,100,100,100,11,17,19,13,14,13,0,0,100,100,100,71,63,47,46,2,1,1787417731.8250809,G1,T04,sotto_banco_movimenti,1,static
9305498,1,1,1,70,62,100,100,0,90,100,57,13,16,13,4,5,3,0,0,100,100,100,72,64,48,46,1,1,1787417732.0173602,G1,T04,sotto_banco_movimenti,1,static
9305698,1,1,1,78,30,100,100,0,59,100,100,35,17,5,6,7,4,0,0,100,100,100,69,63,47,45,2,1,1787417732.225438,G1,T04,sotto_banco_movimenti,1,static
9305898,1,1,1,65,55,100,100,0,100,100,100,85,38,8,11,12,7,0,0,100,100,100,69,63,47,44,2,1,1787417732.4171326,G1,T04,sotto_banco_movimenti,1,static
9306098,1,1,1,75,76,100,100,0,100,100,100,15,17,10,9,2,5,0,0,100,100,100,70,62,48,43,2,1,1787417732.6257527,G1,T04,sotto_banco_movimenti,1,static
9306298,1,1,1,50,63,100,100,0,100,100,100,34,7,8,8,7,7,0,0,100,100,100,71,62,49,44,2,1,1787417732.8183947,G1,T04,sotto_banco_movimenti,1,static
9306498,1,1,1,77,62,100,100,0,100,100,100,59,5,4,8,12,6,0,0,100,100,100,70,63,50,44,2,1,1787417733.0272021,G1,T04,sotto_banco_movimenti,1,static
9306698,1,1,1,57,57,100,100,0,100,100,100,38,10,5,5,5,4,0,0,100,100,100,67,64,49,44,2,1,1787417733.2196264,G1,T04,sotto_banco_movimenti,1,static
9306898,1,1,1,61,79,100,100,0,100,100,100,30,12,12,9,9,7,0,0,100,100,100,65,63,47,44,2,1,1787417733.427115,G1,T04,sotto_banco_movimenti,1,static
9307098,1,1,1,66,50,100,100,0,100,100,100,54,28,5,7,5,6,0,0,100,100,100,63,65,47,44,2,1,1787417733.6187212,G1,T04,sotto_banco_movimenti,1,static
9307298,1,1,1,30,77,100,100,0,100,100,100,79,17,10,9,2,7,0,0,100,100,100,61,64,47,44,2,1,1787417733.8276932,G1,T04,sotto_banco_movimenti,1,static
9307498,1,1,1,66,74,100,100,0,100,100,100,77,29,15,10,9,10,0,0,100,100,100,61,63,46,43,2,1,1787417734.0192456,G1,T04,sotto_banco_movimenti,1,static
9307698,1,1,1,65,62,100,100,0,100,100,100,61,12,23,15,12,12,0,0,100,100,100,62,60,45,42,2,1,1787417734.2275586,G1,T04,sotto_banco_movimenti,1,static
9307898,1,1,1,65,65,100,100,0,100,100,100,43,19,12,10,11,10,0,0,100,100,100,61,57,43,40,1,1,1787417734.419631,G1,T04,sotto_banco_movimenti,1,static
9308098,1,1,1,55,50,100,100,0,100,100,100,40,32,7,8,6,7,0,0,100,100,100,60,54,44,39,1,1,1787417734.6277018,G1,T04,sotto_banco_movimenti,1,static
9308298,1,1,1,30,51,100,100,0,100,100,100,43,24,8,5,9,10,0,0,100,100,100,62,58,47,43,1,1,1787417734.8197174,G1,T04,sotto_banco_movimenti,1,static
9308498,1,1,1,30,30,100,100,0,100,100,97,37,25,16,11,7,6,0,0,100,100,100,66,64,53,47,1,1,1787417735.028162,G1,T04,sotto_banco_movimenti,1,static
9308698,1,1,1,30,50,100,100,0,100,100,100,30,14,11,7,8,7,0,0,100,100,100,71,66,56,50,1,1,1787417735.2194564,G1,T04,sotto_banco_movimenti,1,static
9308898,1,1,1,30,58,100,100,0,100,100,100,56,23,8,5,6,10,0,0,100,100,100,73,66,58,51,1,1,1787417735.427146,G1,T04,sotto_banco_movimenti,1,static
9309098,1,1,1,30,69,100,100,1,100,100,100,62,22,12,3,6,4,0,0,100,100,100,72,65,56,50,1,1,1787417735.618502,G1,T04,sotto_banco_movimenti,1,static
9309298,1,1,1,30,30,100,100,1,100,100,100,67,13,24,15,12,11,0,0,100,100,100,73,65,56,50,1,1,1787417735.826355,G1,T04,sotto_banco_movimenti,1,static
9309498,1,1,1,30,73,100,100,1,100,100,71,38,24,3,7,7,3,0,0,100,100,100,70,65,55,50,1,1,1787417736.018844,G1,T04,sotto_banco_movimenti,1,static
9309698,1,1,1,42,67,100,100,1,100,100,100,22,6,14,12,12,15,0,0,100,100,100,73,65,55,51,1,1,1787417736.2258396,G1,T04,sotto_banco_movimenti,1,static
9309898,1,1,1,42,67,100,100,1,100,100,100,16,8,23,17,17,13,0,0,100,100,100,74,66,56,52,1,1,1787417736.4181771,G1,T04,sotto_banco_movimenti,1,static
9310098,1,1,1,71,72,100,100,1,100,100,100,63,31,24,21,17,20,0,0,100,100,100,76,67,58,53,2,1,1787417736.6266782,G1,T04,sotto_banco_movimenti,1,static
9310298,1,1,1,56,43,100,100,1,100,100,100,59,19,14,17,15,8,0,0,100,100,100,78,69,59,55,2,1,1787417736.8195755,G1,T04,sotto_banco_movimenti,1,static
9310498,1,1,1,73,54,100,100,1,100,100,100,73,20,18,18,13,15,0,0,100,100,100,80,69,60,55,2,1,1787417737.0256886,G1,T04,sotto_banco_movimenti,1,static
9310698,1,1,1,64,65,100,100,1,100,100,100,10,39,14,17,16,17,0,0,100,100,100,82,70,62,56,2,1,1787417737.2173371,G1,T04,sotto_banco_movimenti,1,static
9310898,1,1,1,50,67,100,100,1,100,100,100,68,25,6,13,8,12,0,0,100,100,100,82,73,64,58,2,1,1787417737.4250567,G1,T04,sotto_banco_movimenti,1,static
9311098,1,1,1,50,69,100,100,1,100,100,100,51,16,17,7,8,4,0,0,100,100,100,88,73,68,60,2,1,1787417737.6166894,G1,T04,sotto_banco_movimenti,1,static
9311298,1,1,1,67,64,100,100,1,100,100,100,44,12,9,13,11,12,0,0,100,100,100,88,74,67,61,1,1,1787417737.8252642,G1,T04,sotto_banco_movimenti,1,static
9311498,1,1,1,63,61,100,100,1,100,100,46,33,13,19,17,14,15,0,0,100,100,100,90,75,69,62,1,1,1787417738.0181348,G1,T04,sotto_banco_movimenti,1,static
9311698,1,1,1,49,30,100,100,1,100,100,100,30,21,24,20,16,15,0,0,100,100,100,94,79,72,66,1,1,1787417738.2259994,G1,T04,sotto_banco_movimenti,1,static
9311898,1,1,1,44,57,100,100,1,100,100,100,14,31,28,23,25,21,0,0,100,100,100,98,84,77,70,1,1,1787417738.415665,G1,T04,sotto_banco_movimenti,1,static
9312098,1,1,1,54,59,100,100,1,100,100,47,27,23,23,21,19,14,0,0,100,100,100,100,91,82,74,1,1,1787417738.621073,G1,T04,sotto_banco_movimenti,1,static
9312298,1,1,1,30,46,100,100,1,100,100,100,34,13,20,16,12,13,0,0,100,100,100,100,87,79,71,1,1,1787417738.8302214,G1,T04,sotto_banco_movimenti,1,static
9312498,1,1,1,65,30,100,100,0,100,100,100,49,14,17,13,9,8,0,0,100,100,100,96,80,73,65,2,1,1787417739.0219233,G1,T04,sotto_banco_movimenti,1,static
9312698,1,1,1,50,67,100,100,0,100,100,100,61,9,15,7,5,4,0,0,100,100,100,91,76,67,61,2,1,1787417739.2300472,G1,T04,sotto_banco_movimenti,1,static
9312898,1,1,1,67,67,100,100,0,100,100,100,91,34,16,19,15,12,0,0,100,100,100,88,74,65,58,2,1,1787417739.421625,G1,T04,sotto_banco_movimenti,1,static
9313098,1,1,1,64,74,100,100,0,100,100,100,35,7,3,7,9,4,0,0,100,100,100,88,73,65,58,2,1,1787417739.6282125,G1,T04,sotto_banco_movimenti,1,static
9313298,1,1,1,75,75,100,100,0,100,100,100,70,10,3,9,6,4,0,0,100,100,100,84,71,62,56,2,1,1787417739.8205268,G1,T04,sotto_banco_movimenti,1,static
9313498,1,1,1,60,80,100,100,0,100,100,100,40,14,5,5,5,5,0,0,100,100,100,82,69,61,55,2,1,1787417740.028821,G1,T04,sotto_banco_movimenti,1,static
9313698,1,1,1,75,30,100,100,0,100,100,100,60,13,7,10,10,9,0,0,100,100,100,80,68,61,55,2,1,1787417740.2214975,G1,T04,sotto_banco_movimenti,1,static
9313898,1,1,1,72,67,100,100,0,100,100,100,44,48,13,11,10,6,0,0,100,100,100,78,65,59,53,2,1,1787417740.4299853,G1,T04,sotto_banco_movimenti,1,static
9314098,1,1,1,50,62,100,100,0,100,100,100,38,19,11,9,9,11,0,0,100,100,100,75,63,57,51,2,1,1787417740.622762,G1,T04,sotto_banco_movimenti,1,static
9314298,1,1,1,56,60,100,100,0,100,100,100,53,28,6,8,4,9,0,0,100,100,100,71,61,55,50,2,1,1787417740.8300629,G1,T04,sotto_banco_movimenti,1,static
9314498,1,1,1,56,53,100,100,0,100,100,100,19,34,2,7,10,8,0,0,100,100,100,67,58,53,48,2,1,1787417741.0290618,G1,T04,sotto_banco_movimenti,1,static
9314698,1,1,1,69,77,100,100,0,100,100,100,71,21,11,9,7,11,0,0,100,100,100,67,56,51,46,2,1,1787417741.2294927,G1,T04,sotto_banco_movimenti,1,static
9314898,1,1,1,68,76,100,100,0,100,100,100,38,37,11,6,10,9,0,0,100,100,100,66,55,50,46,2,1,1787417741.4220452,G1,T04,sotto_banco_movimenti,1,static
9315098,1,1,1,63,79,100,100,0,100,100,100,37,26,18,10,7,8,0,0,100,100,100,63,54,47,44,2,1,1787417741.628792,G1,T04,sotto_banco_movimenti,1,static
9315298,1,1,1,66,75,100,100,0,100,100,100,50,12,8,8,4,4,0,0,100,100,100,63,53,45,42,2,1,1787417741.8215642,G1,T04,sotto_banco_movimenti,1,static
9315498,1,1,1,72,79,100,100,0,100,100,100,50,27,8,6,6,2,0,0,100,100,100,60,51,44,40,2,1,1787417742.0144553,G1,T04,sotto_banco_movimenti,1,static
9315698,1,1,1,60,83,100,100,0,100,100,76,51,6,7,4,3,4,0,0,100,100,100,55,50,43,37,2,1,1787417742.2220833,G1,T04,sotto_banco_movimenti,1,static
9315898,1,1,1,71,65,64,100,0,31,64,23,32,16,8,1,3,7,0,0,100,100,100,50,46,39,34,2,1,1787417742.429094,G1,T04,sotto_banco_movimenti,1,static
9316098,1,1,1,56,63,100,100,0,100,100,68,20,10,4,3,2,8,0,0,100,100,100,45,42,34,30,2,1,1787417742.6207657,G1,T04,sotto_banco_movimenti,1,static
9316298,1,1,1,76,58,100,100,0,88,100,93,90,46,10,2,4,8,0,0,100,100,100,43,41,33,29,2,1,1787417742.8283463,G1,T04,sotto_banco_movimenti,1,static
9316498,1,1,1,58,58,100,100,0,100,100,89,63,17,3,7,7,9,0,0,100,100,100,43,41,33,29,2,1,1787417743.0203717,G1,T04,sotto_banco_movimenti,1,static
9316698,1,1,1,59,56,100,100,0,100,100,78,44,11,7,7,10,3,0,0,100,100,100,44,42,33,29,2,1,1787417743.2291806,G1,T04,sotto_banco_movimenti,1,static
9316898,1,1,1,69,65,100,100,0,100,100,71,40,12,8,7,9,2,0,0,100,100,100,49,41,33,29,2,1,1787417743.4217293,G1,T04,sotto_banco_movimenti,1,static
9317098,1,1,1,155,94,50,100,0,19,38,50,41,11,5,4,7,1,0,0,100,100,100,54,42,32,30,2,1,1787417743.6143985,G1,T04,sotto_banco_movimenti,1,static
9317298,1,1,1,75,89,100,100,0,100,100,100,65,20,13,8,6,5,0,0,100,100,100,57,41,33,30,2,1,1787417743.8221426,G1,T04,sotto_banco_movimenti,1,static
9317498,1,1,1,60,68,100,100,0,100,100,100,37,25,7,7,8,1,0,0,100,100,100,57,41,32,29,2,1,1787417744.029529,G1,T04,sotto_banco_movimenti,1,static
9317698,1,1,1,70,75,100,100,0,100,100,100,23,12,8,7,8,10,0,0,100,100,100,56,40,33,29,2,1,1787417744.220151,G1,T04,sotto_banco_movimenti,1,static
9317898,1,1,1,53,58,100,100,0,100,100,64,24,10,5,6,3,7,0,0,100,100,100,54,41,34,29,2,1,1787417744.4261224,G1,T04,sotto_banco_movimenti,1,static
9318098,1,1,1,58,66,100,100,0,100,100,88,51,25,4,9,12,8,0,0,100,100,100,52,40,34,29,2,1,1787417744.6180894,G1,T04,sotto_banco_movimenti,1,static
9318298,1,1,1,62,55,100,100,0,100,100,100,33,9,6,6,5,8,0,0,100,100,100,51,42,35,29,2,1,1787417744.8265367,G1,T04,sotto_banco_movimenti,1,static
9318498,1,1,1,77,65,100,100,0,93,100,100,19,6,5,7,9,3,0,0,100,100,100,52,41,33,29,2,1,1787417745.0190296,G1,T04,sotto_banco_movimenti,1,static
9318698,1,1,1,76,57,100,100,0,100,100,100,6,3,6,5,10,1,0,0,100,100,100,52,40,34,28,2,1,1787417745.2274318,G1,T04,sotto_banco_movimenti,1,static
9318898,1,1,1,53,76,100,100,0,100,100,100,42,19,12,9,5,8,0,0,100,100,100,53,42,35,28,2,1,1787417745.4191542,G1,T04,sotto_banco_movimenti,1,static
9319098,1,1,1,74,73,100,100,0,100,100,100,16,13,6,7,8,4,0,0,100,100,100,51,43,35,27,2,1,1787417745.6275284,G1,T04,sotto_banco_movimenti,1,static
9319298,1,1,1,65,71,100,100,0,68,100,31,17,5,10,2,2,4,0,0,100,100,100,51,43,36,27,2,1,1787417745.8188148,G1,T04,sotto_banco_movimenti,1,static
9319498,1,1,1,73,52,100,100,0,100,100,67,60,23,7,3,2,4,0,0,100,100,100,52,41,35,27,2,1,1787417746.0266526,G1,T04,sotto_banco_movimenti,1,static
9319698,1,1,1,74,80,100,100,0,60,100,57,79,17,8,6,3,5,0,0,100,100,100,54,40,34,26,2,1,1787417746.2185843,G1,T04,sotto_banco_movimenti,1,static
9319898,1,1,1,65,77,100,100,0,100,100,100,25,14,10,3,9,5,0,0,100,100,100,54,39,33,25,2,1,1787417746.4260626,G1,T04,sotto_banco_movimenti,1,static
9320098,1,1,1,58,58,100,100,0,100,100,100,49,14,2,8,7,4,0,0,100,100,100,54,39,33,25,2,1,1787417746.6190677,G1,T04,sotto_banco_movimenti,1,static
9320298,1,1,1,78,42,100,100,0,100,100,100,62,19,2,5,10,3,0,0,100,100,100,55,40,33,25,2,1,1787417746.82683,G1,T04,sotto_banco_movimenti,1,static
9320498,1,1,1,52,46,100,100,0,100,100,100,23,11,5,13,1,9,0,0,100,100,100,56,40,34,25,2,1,1787417747.0215392,G1,T04,sotto_banco_movimenti,1,static
9320698,1,1,1,77,44,100,100,0,58,100,100,76,23,15,9,11,7,0,0,100,100,100,56,39,34,24,2,1,1787417747.2275722,G1,T04,sotto_banco_movimenti,1,static
9320898,1,1,1,69,54,100,100,0,100,100,100,35,12,25,6,7,13,0,0,100,100,100,57,39,36,25,2,1,1787417747.424414,G1,T04,sotto_banco_movimenti,1,static
9321098,1,0,1,0,30,0,100,0,97,90,100,78,8,4,5,3,6,0,0,100,100,100,56,38,37,24,2,1,1787417747.62597,G1,T04,sotto_banco_movimenti,1,static
9321298,1,1,1,67,80,100,100,0,100,100,100,63,27,9,5,4,9,0,0,100,100,100,56,38,39,25,2,1,1787417747.826865,G1,T04,sotto_banco_movimenti,1,static
9321498,1,1,1,79,77,100,100,0,100,100,100,40,39,11,6,4,3,0,0,100,100,100,57,39,39,25,2,1,1787417748.0282447,G1,T04,sotto_banco_movimenti,1,static
9321698,1,1,1,59,59,100,100,1,100,100,100,48,7,16,2,7,7,0,0,100,100,100,61,38,38,24,2,1,1787417748.2294073,G1,T04,sotto_banco_movimenti,1,static
9321898,1,1,1,78,77,100,100,1,100,100,100,56,31,10,4,8,6,0,0,100,100,100,62,38,36,24,2,1,1787417748.4303336,G1,T04,sotto_banco_movimenti,1,static
9322098,1,1,1,53,67,100,100,1,100,100,100,29,27,8,12,8,12,0,0,100,100,100,65,39,37,25,2,1,1787417748.6298428,G1,T04,sotto_banco_movimenti,1,static
9322298,1,1,1,69,75,100,100,1,100,100,100,49,29,8,12,6,9,0,0,100,100,100,67,39,37,25,2,1,1787417748.8238358,G1,T04,sotto_banco_movimenti,1,static
9322498,1,1,1,70,72,100,100,1,100,100,100,25,27,11,6,5,2,0,0,100,100,100,67,43,39,27,2,1,1787417749.0151525,G1,T04,sotto_banco_movimenti,1,static
9322698,1,1,1,69,82,100,100,1,100,100,100,37,10,3,7,6,9,0,0,100,100,100,67,44,39,27,2,1,1787417749.2232623,G1,T04,sotto_banco_movimenti,1,static
9322898,1,1,1,56,65,100,100,1,100,100,100,58,25,13,13,7,6,0,0,100,100,100,69,42,38,26,2,1,1787417749.415659,G1,T04,sotto_banco_movimenti,1,static
9323098,1,1,1,66,73,100,100,1,100,100,100,45,20,8,4,7,6,0,0,100,100,100,71,40,37,27,2,1,1787417749.624035,G1,T04,sotto_banco_movimenti,1,static
9323298,1,1,1,75,30,100,100,1,100,100,100,48,12,11,7,11,8,0,0,100,100,100,71,41,39,27,2,1,1787417749.815918,G1,T04,sotto_banco_movimenti,1,static
9323498,1,1,1,70,65,100,100,1,100,100,100,24,12,1,9,1,8,0,0,100,100,100,70,43,38,28,2,1,1787417750.0242846,G1,T04,sotto_banco_movimenti,1,static
9323698,1,1,1,72,79,100,100,1,100,100,100,92,10,3,7,4,6,0,0,100,100,100,68,43,39,28,2,1,1787417750.2171595,G1,T04,sotto_banco_movimenti,1,static
9323898,1,1,1,59,72,100,100,1,100,100,100,27,16,7,4,8,7,0,0,100,100,100,69,42,39,28,2,1,1787417750.4244566,G1,T04,sotto_banco_movimenti,1,static
9324098,1,1,1,70,80,100,100,1,100,100,100,95,28,9,9,12,3,0,0,100,100,100,70,43,40,29,2,1,1787417750.6171718,G1,T04,sotto_banco_movimenti,1,static
9324298,1,1,1,79,30,100,100,1,51,100,100,33,24,3,2,1,7,0,0,100,100,100,68,42,39,29,2,1,1787417750.8253236,G1,T04,sotto_banco_movimenti,1,static
9324498,1,1,1,67,30,100,100,1,90,100,85,6,9,10,11,6,4,0,0,100,100,100,66,43,39,29,2,1,1787417751.0175343,G1,T04,sotto_banco_movimenti,1,static
9324698,1,0,1,0,127,0,100,1,100,100,92,7,13,5,5,1,8,0,0,100,100,100,64,43,37,29,2,1,1787417751.2250175,G1,T04,sotto_banco_movimenti,1,static
9324898,1,1,1,30,30,100,100,1,100,100,100,9,12,4,9,10,8,0,0,100,100,100,60,42,37,28,2,1,1787417751.4178207,G1,T04,sotto_banco_movimenti,1,static
9325098,1,1,1,79,63,100,100,0,45,100,95,23,2,9,3,3,9,0,0,100,100,100,58,43,37,29,2,1,1787417751.6267838,G1,T04,sotto_banco_movimenti,1,static
9325298,1,1,1,74,43,100,100,0,100,100,100,13,6,13,5,5,8,0,0,100,100,100,56,44,36,30,2,1,1787417751.8183017,G1,T04,sotto_banco_movimenti,1,static
9325498,1,1,1,70,69,100,100,0,100,100,100,32,24,9,7,9,1,0,0,100,100,100,55,45,36,31,2,1,1787417752.0255823,G1,T04,sotto_banco_movimenti,1,static
9325698,1,1,1,75,67,100,100,0,100,100,100,16,16,2,3,5,6,0,0,100,100,100,52,45,36,31,2,1,1787417752.215714,G1,T04,sotto_banco_movimenti,1,static
9325898,1,1,1,67,76,100,100,0,100,100,100,20,9,6,12,13,2,0,0,100,100,100,49,45,36,31,2,1,1787417752.4227915,G1,T04,sotto_banco_movimenti,1,static
9326098,1,1,1,76,73,100,100,0,100,100,100,27,7,7,9,6,2,0,0,100,100,93,47,45,35,30,2,1,1787417752.614854,G1,T04,sotto_banco_movimenti,1,static
9326298,1,1,1,72,80,100,100,0,100,100,100,37,7,3,7,3,3,0,0,100,100,88,45,43,33,28,2,1,1787417752.8233747,G1,T04,sotto_banco_movimenti,1,static
9326498,1,1,1,82,86,100,100,0,82,100,100,18,12,11,6,3,3,0,0,100,100,86,44,39,31,26,2,1,1787417753.014787,G1,T04,sotto_banco_movimenti,1,static
9326698,1,1,1,73,68,100,100,0,100,100,100,47,15,6,5,2,1,0,0,100,100,88,43,39,31,26,2,1,1787417753.2219718,G1,T04,sotto_banco_movimenti,1,static
9326898,1,1,1,75,78,100,100,0,93,100,96,21,7,11,5,2,1,0,0,100,100,87,41,39,30,26,2,1,1787417753.4146988,G1,T04,sotto_banco_movimenti,1,static
9327098,1,1,1,87,60,100,100,0,32,100,100,30,7,6,8,3,2,0,0,100,100,83,39,38,29,25,2,1,1787417753.6228812,G1,T04,sotto_banco_movimenti,1,static
9327298,1,1,1,59,80,100,100,0,100,100,100,19,11,9,12,9,8,0,0,100,100,83,39,37,29,25,2,1,1787417753.8146482,G1,T04,sotto_banco_movimenti,1,static
9327498,1,1,1,50,84,100,100,0,100,100,100,19,25,4,8,8,3,0,0,100,100,86,40,36,29,24,2,1,1787417754.0227382,G1,T04,sotto_banco_movimenti,1,static
9327698,1,1,1,66,80,100,100,0,100,100,100,31,17,16,3,9,5,0,0,100,100,83,42,35,30,24,2,1,1787417754.230401,G1,T04,sotto_banco_movimenti,1,static
9327898,1,1,1,64,76,100,100,0,100,100,100,14,7,8,2,1,9,0,0,100,100,84,43,36,30,25,2,1,1787417754.4218442,G1,T04,sotto_banco_movimenti,1,static
9328098,1,1,1,75,57,100,100,0,100,100,100,65,14,8,10,9,3,0,0,100,100,79,43,33,29,25,2,1,1787417754.6299205,G1,T04,sotto_banco_movimenti,1,static
9328298,1,1,1,64,128,100,100,0,100,100,100,50,14,11,9,8,5,0,0,100,100,76,44,34,30,25,2,1,1787417754.8207388,G1,T04,sotto_banco_movimenti,1,static
9328498,1,1,1,75,80,100,100,0,100,100,100,31,20,10,12,8,8,0,0,100,100,81,44,34,31,26,2,1,1787417755.0298817,G1,T04,sotto_banco_movimenti,1,static
9328698,1,1,1,65,72,100,100,0,100,100,100,31,14,7,6,6,8,0,0,100,100,81,46,34,32,26,2,1,1787417755.220354,G1,T04,sotto_banco_movimenti,1,static
9328898,1,1,1,63,60,100,100,0,100,100,100,60,34,7,18,12,14,0,0,100,100,81,45,37,32,28,2,1,1787417755.4267404,G1,T04,sotto_banco_movimenti,1,static
9329098,1,1,1,62,70,100,100,0,100,100,100,78,12,14,6,8,5,0,0,100,100,83,46,37,32,27,2,1,1787417755.6182225,G1,T04,sotto_banco_movimenti,1,static
9329298,1,1,1,64,64,100,100,0,100,100,100,44,24,15,14,10,11,0,0,100,100,87,46,37,35,28,1,1,1787417755.8243027,G1,T04,sotto_banco_movimenti,1,static
9329498,1,1,1,30,42,100,100,0,100,100,100,53,19,17,21,19,15,0,0,100,100,88,50,41,38,30,1,1,1787417756.017084,G1,T04,sotto_banco_movimenti,1,static
9329698,1,1,1,68,69,100,100,0,100,100,100,61,34,36,25,27,28,0,0,100,100,93,58,46,44,36,1,1,1787417756.2239952,G1,T04,sotto_banco_movimenti,1,static
9329898,1,1,1,30,30,100,100,0,100,100,100,24,33,10,14,15,10,0,0,100,100,100,66,49,48,40,2,1,1787417756.4162579,G1,T04,sotto_banco_movimenti,1,static
9330098,1,1,1,30,50,100,100,0,100,100,73,23,15,2,6,4,1,0,0,100,100,100,70,50,50,42,1,1,1787417756.6232471,G1,T04,sotto_banco_movimenti,1,static
9330298,1,1,1,65,66,100,100,0,100,100,100,24,16,21,5,9,4,0,0,100,100,100,75,51,52,43,1,1,1787417756.8304355,G1,T04,sotto_banco_movimenti,1,static
9330498,1,1,1,57,56,100,100,1,100,100,100,47,26,23,19,21,18,0,0,100,100,100,79,55,55,46,1,1,1787417757.0228152,G1,T04,sotto_banco_movimenti,1,static
9330698,1,1,1,60,60,100,100,1,100,100,100,55,13,24,16,16,15,0,0,100,100,100,80,58,58,49,1,1,1787417757.2309597,G1,T04,sotto_banco_movimenti,1,static
9330898,1,1,1,30,46,100,100,1,100,100,69,33,18,24,13,15,12,0,0,100,100,100,87,65,64,55,1,1,1787417757.4228582,G1,T04,sotto_banco_movimenti,1,static
9331098,1,1,1,41,56,100,100,1,100,100,100,67,27,33,36,30,27,0,0,100,100,100,93,72,70,60,1,1,1787417757.630007,G1,T04,sotto_banco_movimenti,1,static
9331298,1,1,1,55,56,100,100,1,100,100,100,47,21,19,12,16,13,0,0,100,100,100,92,72,68,59,1,1,1787417757.822033,G1,T04,sotto_banco_movimenti,1,static
9331498,1,1,1,30,30,100,100,1,100,100,100,40,31,16,9,7,9,0,0,100,100,100,94,74,70,62,1,1,1787417758.030516,G1,T04,sotto_banco_movimenti,1,static
9331698,1,1,1,30,30,100,100,1,100,100,100,18,23,13,18,19,11,0,0,100,100,100,95,78,74,65,1,1,1787417758.2225995,G1,T04,sotto_banco_movimenti,1,static
9331898,1,1,1,46,49,100,100,1,100,100,100,29,13,17,14,11,10,0,0,100,100,100,97,82,76,67,1,1,1787417758.4305408,G1,T04,sotto_banco_movimenti,1,static
9332098,1,1,1,30,30,100,100,1,100,100,100,47,15,16,21,17,16,0,0,100,100,100,97,83,77,68,1,1,1787417758.6216137,G1,T04,sotto_banco_movimenti,1,static
9332298,1,1,1,61,69,100,100,1,100,100,100,56,40,36,22,25,24,0,0,100,100,100,100,87,81,72,1,1,1787417758.8300107,G1,T04,sotto_banco_movimenti,1,static
9332498,1,1,1,69,67,100,100,1,100,100,100,85,35,7,17,15,11,0,0,100,100,100,100,92,86,75,1,1,1787417759.0220728,G1,T04,sotto_banco_movimenti,1,static
9332698,1,1,1,72,73,100,100,1,100,100,100,25,20,18,9,6,8,0,0,100,100,100,100,98,90,80,1,1,1787417759.230581,G1,T04,sotto_banco_movimenti,1,static
9332898,1,1,1,55,60,100,100,1,100,100,100,20,19,15,12,12,11,0,0,100,100,100,100,98,91,80,1,1,1787417759.4215813,G1,T04,sotto_banco_movimenti,1,static
9333098,1,1,1,30,62,100,100,1,100,100,100,64,39,6,13,8,12,0,0,100,100,100,100,100,92,82,1,1,1787417759.6289327,G1,T04,sotto_banco_movimenti,1,static
9333298,1,1,1,30,66,100,100,1,100,100,91,51,3,17,10,10,8,0,0,100,100,100,100,100,92,83,1,1,1787417759.819953,G1,T04,sotto_banco_movimenti,1,static
9333498,1,1,1,30,30,100,100,1,100,100,100,23,28,8,7,8,1,0,0,100,100,100,100,96,89,80,1,1,1787417760.0270555,G1,T04,sotto_banco_movimenti,1,static
9333698,1,1,1,76,48,100,100,1,98,100,100,40,20,2,4,3,5,0,0,100,100,100,100,93,85,76,1,1,1787417760.2182899,G1,T04,sotto_banco_movimenti,1,static
9333898,1,1,1,30,30,100,100,0,100,100,25,17,5,10,8,6,7,0,0,100,100,100,100,94,85,76,1,1,1787417760.4263866,G1,T04,sotto_banco_movimenti,1,static
9334098,1,1,1,43,30,100,100,0,100,100,100,34,8,6,8,1,5,0,0,100,100,100,100,95,86,78,1,1,1787417760.6172302,G1,T04,sotto_banco_movimenti,1,static
9334298,1,1,1,30,30,100,100,0,100,100,100,36,8,21,22,21,16,0,0,100,100,100,100,97,87,79,1,1,1787417760.8263018,G1,T04,sotto_banco_movimenti,1,static
9334498,1,1,1,57,51,100,100,0,100,100,100,16,23,19,18,12,11,0,0,100,100,100,100,99,88,79,1,1,1787417761.0170238,G1,T04,sotto_banco_movimenti,1,static
9334698,1,1,1,30,30,100,100,0,100,100,100,29,14,8,9,7,6,0,0,100,100,100,100,95,86,77,1,1,1787417761.226095,G1,T04,sotto_banco_movimenti,1,static
9334898,1,1,1,71,56,100,100,0,100,100,75,45,18,10,12,7,4,0,0,100,100,100,99,89,81,71,1,1,1787417761.417485,G1,T04,sotto_banco_movimenti,1,static
9335098,1,1,1,69,30,100,100,0,100,100,100,63,21,8,5,6,8,0,0,100,100,100,95,85,77,69,1,1,1787417761.624805,G1,T04,sotto_banco_movimenti,1,static
9335298,1,1,1,63,53,100,100,0,100,100,100,61,38,19,13,5,9,0,0,100,100,100,98,88,79,72,1,1,1787417761.8158479,G1,T04,sotto_banco_movimenti,1,static
9335498,1,1,1,30,56,100,100,0,100,100,90,45,6,3,11,6,7,0,0,100,100,100,97,88,79,71,1,1,1787417762.0237617,G1,T04,sotto_banco_movimenti,1,static
9335698,1,1,1,30,48,100,100,0,100,100,100,83,23,14,7,11,3,0,0,100,100,100,97,87,77,70,1,1,1787417762.2157915,G1,T04,sotto_banco_movimenti,1,static
9335898,1,1,1,43,70,100,100,0,100,100,100,16,10,11,13,14,14,0,0,100,100,100,96,85,77,69,1,1,1787417762.4241724,G1,T04,sotto_banco_movimenti,1,static
9336098,1,1,1,30,30,100,100,0,100,100,100,100,39,17,17,18,10,0,0,100,100,100,99,86,79,70,1,1,1787417762.6184554,G1,T04,sotto_banco_movimenti,1,static
9336298,1,1,1,30,69,100,100,0,100,100,100,48,33,12,18,8,16,0,0,100,100,100,93,85,75,67,1,1,1787417762.8235643,G1,T04,sotto_banco_movimenti,1,static
9336498,1,1,1,30,63,100,100,0,100,100,100,78,20,14,4,6,9,0,0,100,100,100,95,83,73,67,1,1,1787417763.0310051,G1,T04,sotto_banco_movimenti,1,static
9336698,1,1,1,30,30,100,100,0,100,100,100,86,42,33,21,24,22,0,0,100,100,100,96,82,74,66,1,1,1787417763.2235746,G1,T04,sotto_banco_movimenti,1,static
9336898,1,1,1,30,30,100,100,0,100,100,81,37,8,27,18,20,16,0,0,100,100,100,97,83,76,67,1,1,1787417763.4154532,G1,T04,sotto_banco_movimenti,1,static
9337098,1,1,1,53,67,100,100,0,100,100,100,28,25,40,35,30,29,0,0,100,100,100,100,90,81,72,1,1,1787417763.622513,G1,T04,sotto_banco_movimenti,1,static
9337298,1,1,1,30,30,100,100,0,100,100,100,51,37,23,30,30,28,0,0,100,100,100,100,93,84,75,1,1,1787417763.831218,G1,T04,sotto_banco_movimenti,1,static
9337498,1,1,1,30,30,100,100,0,100,100,100,48,13,33,25,25,24,0,0,100,100,100,100,96,87,78,1,1,1787417764.0226238,G1,T04,sotto_banco_movimenti,1,static
9337698,1,1,1,42,65,100,100,0,100,100,100,47,30,33,28,30,26,0,0,100,100,100,100,97,89,79,1,1,1787417764.230641,G1,T04,sotto_banco_movimenti,1,static
9337898,1,1,1,70,62,100,100,0,100,100,100,36,6,9,9,4,6,0,0,100,100,100,100,93,85,75,1,1,1787417764.4225612,G1,T04,sotto_banco_movimenti,1,static
9338098,1,1,1,67,66,100,100,0,100,100,100,57,23,10,17,10,9,0,0,100,100,100,100,90,82,72,2,1,1787417764.6309369,G1,T04,sotto_banco_movimenti,1,static
9338298,1,1,1,54,57,100,100,0,100,100,100,49,30,3,8,10,3,0,0,100,100,100,100,89,82,71,2,1,1787417764.8231916,G1,T04,sotto_banco_movimenti,1,static
9338498,1,1,1,30,83,100,100,0,100,100,100,65,26,14,15,11,11,0,0,100,100,100,100,86,79,70,2,1,1787417765.0311074,G1,T04,sotto_banco_movimenti,1,static
9338698,1,1,1,53,74,100,100,0,100,100,100,49,8,11,10,8,7,0,0,100,100,100,100,90,82,73,2,1,1787417765.2234118,G1,T04,sotto_banco_movimenti,1,static
9338898,1,1,1,30,30,100,100,0,100,100,100,58,10,6,10,3,9,0,0,100,100,100,100,89,83,73,2,1,1787417765.4154217,G1,T04,sotto_banco_movimenti,1,static
9339098,1,1,1,70,76,100,100,0,100,100,100,77,6,7,12,2,5,0,0,100,100,100,100,87,81,71,2,1,1787417765.623875,G1,T04,sotto_banco_movimenti,1,static
9339298,1,1,1,60,65,100,100,0,100,100,100,89,3,21,19,16,18,0,0,100,100,100,100,89,83,73,2,1,1787417765.831233,G1,T04,sotto_banco_movimenti,1,static
9339498,1,1,1,70,58,100,100,0,100,100,100,69,5,19,12,11,11,0,0,100,100,100,100,89,83,73,2,1,1787417766.0224924,G1,T04,sotto_banco_movimenti,1,static
9339698,1,1,1,52,72,100,100,0,100,100,100,30,37,14,12,11,15,0,0,100,100,100,100,89,84,74,2,1,1787417766.230568,G1,T04,sotto_banco_movimenti,1,static
9339898,1,1,1,55,59,100,100,0,100,100,100,32,9,14,15,10,10,0,0,100,100,100,100,90,83,75,2,1,1787417766.4223633,G1,T04,sotto_banco_movimenti,1,static
9340098,1,1,1,69,60,100,100,1,100,100,100,70,19,15,15,10,6,0,0,100,100,100,100,88,81,73,2,1,1787417766.629636,G1,T04,sotto_banco_movimenti,1,static
9340298,1,1,1,68,64,100,100,1,100,100,100,42,5,5,11,10,6,0,0,100,100,100,100,86,79,71,2,1,1787417766.8215055,G1,T04,sotto_banco_movimenti,1,static
9340498,1,1,1,62,62,100,100,1,100,100,100,48,8,16,7,7,9,0,0,100,100,100,100,82,76,67,1,1,1787417767.0294359,G1,T04,sotto_banco_movimenti,1,static
9340698,1,1,1,43,30,100,100,1,100,100,100,24,21,17,16,14,12,0,0,100,100,100,96,81,72,65,1,1,1787417767.2213671,G1,T04,sotto_banco_movimenti,1,static
9340898,1,1,1,44,30,100,100,1,100,100,100,77,23,17,16,17,12,0,0,100,100,100,94,80,71,65,1,1,1787417767.4291155,G1,T04,sotto_banco_movimenti,1,static
9341098,1,1,1,30,46,100,100,1,100,100,100,91,29,6,9,8,5,0,0,100,100,100,91,77,69,62,1,1,1787417767.6204135,G1,T04,sotto_banco_movimenti,1,static
9341298,1,1,1,30,30,100,100,1,100,100,100,26,22,8,8,5,6,0,0,100,100,100,92,76,68,61,1,1,1787417767.8287063,G1,T04,sotto_banco_movimenti,1,static
9341498,1,1,1,30,30,100,100,1,100,100,100,32,28,11,11,4,6,0,0,100,100,100,93,77,68,61,1,1,1787417768.020818,G1,T04,sotto_banco_movimenti,1,static
9341698,1,1,1,30,62,100,100,1,100,100,100,53,36,30,25,23,19,0,0,100,100,100,95,79,69,62,1,1,1787417768.2286155,G1,T04,sotto_banco_movimenti,1,static
9341898,1,1,1,30,30,100,100,1,100,100,100,43,29,19,18,14,17,0,0,100,100,100,100,83,72,65,1,1,1787417768.4201508,G1,T04,sotto_banco_movimenti,1,static
9342098,1,1,1,30,69,100,100,1,100,100,100,57,20,18,20,18,14,0,0,100,100,100,100,91,78,71,1,1,1787417768.6293585,G1,T04,sotto_banco_movimenti,1,static
9342298,1,1,1,30,40,100,100,1,100,100,100,49,37,10,19,15,15,0,0,100,100,100,100,91,77,71,1,1,1787417768.8201733,G1,T04,sotto_banco_movimenti,1,static
9342498,1,1,1,58,60,100,100,1,100,100,57,2,5,5,6,2,8,0,0,100,100,100,100,94,81,73,1,1,1787417769.028771,G1,T04,sotto_banco_movimenti,1,static
9342698,1,1,1,67,74,100,100,1,100,100,86,2,10,10,9,7,6,0,0,100,100,100,100,93,80,72,1,1,1787417769.2208686,G1,T04,sotto_banco_movimenti,1,static
9342898,1,1,1,30,52,100,100,1,100,100,32,21,15,1,6,10,8,0,0,100,100,100,97,93,79,72,1,1,1787417769.429128,G1,T04,sotto_banco_movimenti,1,static
9343098,1,1,1,30,30,100,100,1,100,100,12,9,10,9,9,9,6,0,0,100,100,100,98,95,82,74,1,1,1787417769.622402,G1,T04,sotto_banco_movimenti,1,static
9343298,1,1,1,43,30,100,100,1,100,100,25,5,9,5,10,7,8,0,0,100,100,100,94,92,80,71,1,1,1787417769.8292563,G1,T04,sotto_banco_movimenti,1,static
9343498,1,1,1,73,48,100,100,1,100,100,100,11,25,17,18,16,13,0,0,100,100,100,95,96,83,74,1,1,1787417770.020971,G1,T04,sotto_banco_movimenti,1,static
9343698,1,1,1,30,41,100,100,0,100,100,100,8,33,19,26,19,18,0,0,100,100,100,100,100,88,78,1,1,1787417770.2304935,G1,T04,sotto_banco_movimenti,1,static
9343898,1,1,1,30,70,100,100,0,100,100,100,31,38,19,24,20,19,0,0,100,100,100,100,100,93,82,1,1,1787417770.4209874,G1,T04,sotto_banco_movimenti,1,static
9344098,1,1,1,73,49,100,100,0,100,100,100,62,50,24,27,24,23,0,0,100,100,100,100,100,98,88,1,1,1787417770.6291225,G1,T04,sotto_banco_movimenti,1,static
9344298,1,1,1,65,30,100,100,0,100,100,100,47,26,17,16,15,15,0,0,100,100,100,100,100,100,91,1,1,1787417770.8204074,G1,T04,sotto_banco_movimenti,1,static
9344498,1,1,1,72,30,100,100,0,100,100,100,27,22,11,17,16,14,0,0,100,100,100,100,100,100,93,1,1,1787417771.0288393,G1,T04,sotto_banco_movimenti,1,static
9344698,1,1,1,30,30,100,100,0,100,100,89,10,18,8,12,9,13,0,0,100,100,100,100,100,100,96,1,1,1787417771.2199419,G1,T04,sotto_banco_movimenti,1,static
9344898,1,1,1,49,48,100,100,0,100,100,45,12,8,10,7,10,7,0,0,100,100,100,100,100,100,98,1,1,1787417771.4287667,G1,T04,sotto_banco_movimenti,1,static
9345098,1,1,1,70,30,100,100,0,67,100,31,9,5,7,4,5,3,0,0,100,100,100,100,100,100,97,1,1,1787417771.62303,G1,T04,sotto_banco_movimenti,1,static
9345298,1,1,1,70,75,100,100,0,100,100,16,18,3,4,9,6,10,0,0,100,100,100,100,100,100,96,1,1,1787417771.8293483,G1,T04,sotto_banco_movimenti,1,static
9345498,1,1,1,30,61,100,100,0,100,100,39,19,16,11,12,12,11,0,0,100,100,100,100,100,100,96,1,1,1787417772.0217288,G1,T04,sotto_banco_movimenti,1,static
9345698,1,1,1,30,30,100,100,0,100,100,32,24,13,11,11,8,12,0,0,100,100,100,100,100,100,95,1,1,1787417772.2299693,G1,T04,sotto_banco_movimenti,1,static
9345898,1,1,1,30,30,100,100,0,100,100,36,12,4,11,9,10,8,0,0,100,100,100,100,100,100,96,1,1,1787417772.4195626,G1,T04,sotto_banco_movimenti,1,static
9346098,1,1,1,44,30,100,100,0,100,100,30,17,9,9,8,10,11,0,0,100,100,100,100,100,100,95,1,1,1787417772.626514,G1,T04,sotto_banco_movimenti,1,static
9346298,1,1,1,73,69,100,100,0,59,100,25,20,10,9,11,7,4,0,0,100,100,100,100,100,100,98,1,1,1787417772.8183234,G1,T04,sotto_banco_movimenti,1,static
9346498,1,1,1,74,73,100,100,0,18,100,12,9,7,5,7,4,1,0,0,100,100,100,100,100,100,98,1,1,1787417773.0257142,G1,T04,sotto_banco_movimenti,1,static
9346698,1,1,1,53,75,100,100,0,100,100,11,11,4,10,3,9,9,0,0,100,100,100,100,100,100,100,1,1,1787417773.2194896,G1,T04,sotto_banco_movimenti,1,static
9346898,1,1,1,30,30,53,100,0,53,17,2,8,1,6,4,3,6,0,0,100,100,100,100,100,100,100,1,1,1787417773.4265633,G1,T04,sotto_banco_movimenti,1,static
9347098,1,1,1,71,30,100,100,0,100,100,33,14,5,7,11,9,2,0,0,100,100,100,100,100,100,100,1,1,1787417773.625982,G1,T04,sotto_banco_movimenti,1,static
9347298,1,1,1,74,72,100,100,0,23,100,16,4,7,8,9,5,4,0,0,100,100,100,100,100,100,100,1,1,1787417773.8253849,G1,T04,sotto_banco_movimenti,1,static
9347498,1,1,1,75,74,100,100,0,18,100,21,11,2,8,7,1,5,0,0,100,100,100,100,100,100,100,1,1,1787417774.0171025,G1,T04,sotto_banco_movimenti,1,static
9347698,1,1,1,75,73,100,100,0,18,100,23,10,10,6,3,2,8,0,0,100,100,100,100,100,93,96,1,1,1787417774.2248821,G1,T04,sotto_banco_movimenti,1,static
9347898,1,1,1,75,75,100,100,0,18,100,23,12,4,2,2,3,4,0,0,100,100,100,100,100,88,92,1,1,1787417774.4170218,G1,T04,sotto_banco_movimenti,1,static
9348098,1,1,1,75,75,100,100,0,35,100,24,22,6,11,9,9,6,0,0,100,100,100,100,97,84,88,1,1,1787417774.6275358,G1,T04,sotto_banco_movimenti,1,static
9348298,1,1,1,41,44,100,100,0,100,100,24,24,6,6,6,6,9,0,0,100,100,100,100,94,81,86,1,1,1787417774.8165715,G1,T04,sotto_banco_movimenti,1,static
9348498,1,1,1,45,38,100,100,0,100,100,16,22,13,9,10,9,2,0,0,100,100,100,100,92,81,86,1,1,1787417775.0239415,G1,T04,sotto_banco_movimenti,1,static
9348698,1,1,1,30,46,100,100,0,100,100,16,18,5,2,6,3,2,0,0,100,100,98,100,89,78,83,1,1,1787417775.2163665,G1,T04,sotto_banco_movimenti,1,static
9348898,1,1,1,30,30,100,100,0,100,100,25,11,8,8,3,4,10,0,0,100,100,88,100,85,73,79,1,1,1787417775.4248416,G1,T04,sotto_banco_movimenti,1,static
9349098,1,1,1,69,54,100,100,0,100,100,53,7,12,8,7,10,10,0,0,100,100,80,99,82,70,76,1,1,1787417775.627583,G1,T04,sotto_banco_movimenti,1,static
9349298,1,1,1,75,75,100,100,0,30,100,31,18,10,9,10,7,9,0,0,100,100,78,100,82,70,76,1,1,1787417775.82404,G1,T04,sotto_banco_movimenti,1,static
9349498,1,1,1,55,75,100,100,0,100,100,22,18,12,11,13,11,9,0,0,100,100,78,100,84,72,78,1,1,1787417776.030286,G1,T04,sotto_banco_movimenti,1,static
9349698,1,1,1,30,39,100,100,0,100,100,6,31,14,8,3,4,6,0,0,100,100,79,100,87,75,80,1,1,1787417776.2223735,G1,T04,sotto_banco_movimenti,1,static
9349898,1,1,1,30,53,100,100,0,100,100,27,7,8,10,1,2,3,0,0,100,100,80,100,89,77,81,1,1,1787417776.4299538,G1,T04,sotto_banco_movimenti,1,static
9350098,1,1,1,54,30,100,100,0,100,100,62,10,12,7,6,12,8,0,0,100,100,80,100,88,76,80,1,1,1787417776.6290252,G1,T04,sotto_banco_movimenti,1,static
9350298,1,1,1,75,73,100,100,0,60,100,54,35,15,17,14,15,11,0,0,100,100,79,100,85,73,76,1,1,1787417776.8284202,G1,T04,sotto_banco_movimenti,1,static
9350498,1,1,1,75,75,100,100,0,18,100,20,11,5,8,3,7,10,0,0,100,100,77,100,82,72,73,1,1,1787417777.0158117,G1,T04,sotto_banco_movimenti,1,static
9350698,1,1,1,30,74,100,100,0,100,100,53,11,10,21,16,16,14,0,0,100,100,80,100,84,74,75,1,1,1787417777.2233481,G1,T04,sotto_banco_movimenti,1,static
9350898,1,1,1,30,30,100,100,0,100,100,75,43,10,10,12,8,11,0,0,100,100,85,100,89,79,79,1,1,1787417777.4299235,G1,T04,sotto_banco_movimenti,1,static
9351098,1,1,1,30,30,100,100,0,100,100,22,24,9,8,5,3,5,0,0,100,100,88,100,92,83,82,1,1,1787417777.6301308,G1,T04,sotto_banco_movimenti,1,static
9351298,1,1,1,75,65,100,100,0,64,100,72,43,25,10,8,9,9,0,0,100,100,90,100,93,85,83,1,1,1787417777.8306253,G1,T04,sotto_banco_movimenti,1,static
9351498,1,1,1,42,55,100,100,1,100,100,100,50,22,39,29,31,23,0,0,100,100,92,100,97,89,87,1,1,1787417778.0223708,G1,T04,sotto_banco_movimenti,1,static
9351698,1,1,1,41,30,100,100,1,100,100,100,18,10,6,10,8,9,0,0,100,100,92,100,100,96,92,1,1,1787417778.2313557,G1,T04,sotto_banco_movimenti,1,static
9351898,1,1,1,30,62,100,100,1,100,100,100,44,36,13,14,14,12,0,0,100,100,98,100,100,96,92,1,1,1787417778.4225724,G1,T04,sotto_banco_movimenti,1,static
9352098,1,1,1,30,61,100,100,1,100,100,100,21,16,11,10,9,13,0,0,100,100,100,100,100,100,95,1,1,1787417778.6304188,G1,T04,sotto_banco_movimenti,1,static
9352298,1,1,1,42,30,100,100,1,100,100,100,28,24,30,24,20,18,0,0,100,100,100,100,100,100,98,1,1,1787417778.820127,G1,T04,sotto_banco_movimenti,1,static
9352498,1,1,1,48,49,100,100,1,100,100,100,30,23,29,14,16,17,0,0,100,100,100,100,100,100,99,1,1,1787417779.0289536,G1,T04,sotto_banco_movimenti,1,static
9352698,1,1,1,30,62,100,100,1,100,100,100,100,43,10,11,12,12,0,0,100,100,100,100,100,100,99,1,1,1787417779.219983,G1,T04,sotto_banco_movimenti,1,static
9352898,1,1,1,52,62,100,100,1,100,100,100,13,8,12,3,8,6,0,0,100,100,100,100,100,100,100,1,1,1787417779.4271085,G1,T04,sotto_banco_movimenti,1,static
9353098,1,1,1,30,71,100,100,1,100,100,100,42,38,9,19,15,17,0,0,100,100,100,100,100,100,100,1,1,1787417779.630066,G1,T04,sotto_banco_movimenti,1,static
9353298,1,1,1,30,69,100,100,1,100,100,100,27,10,15,6,10,9,0,0,100,100,100,100,100,100,100,1,1,1787417779.8264096,G1,T04,sotto_banco_movimenti,1,static
9353498,1,1,1,30,39,100,100,1,100,100,99,11,2,7,7,2,2,0,0,100,100,100,100,100,100,100,1,1,1787417780.0188544,G1,T04,sotto_banco_movimenti,1,static
9353698,1,1,1,66,30,100,100,1,100,100,73,26,10,19,12,17,17,0,0,100,100,100,100,100,100,100,1,1,1787417780.2261586,G1,T04,sotto_banco_movimenti,1,static
9353898,1,1,1,56,58,100,100,1,100,100,29,14,8,9,7,6,5,0,0,100,100,100,100,100,100,98,1,1,1787417780.4184551,G1,T04,sotto_banco_movimenti,1,static
9354098,1,1,1,47,30,100,100,1,100,100,18,33,16,11,10,10,13,0,0,100,100,100,100,100,100,97,1,1,1787417780.6317456,G1,T04,sotto_banco_movimenti,1,static
9354298,1,1,1,73,70,100,100,1,100,100,98,26,12,9,10,10,4,0,0,100,100,100,100,100,100,98,1,1,1787417780.81862,G1,T04,sotto_banco_movimenti,1,static
9354498,1,1,1,62,57,93,100,1,57,93,21,4,3,7,9,7,2,0,0,100,100,100,100,100,100,99,1,1,1787417781.0260875,G1,T04,sotto_banco_movimenti,1,static
9354698,1,1,1,60,67,100,100,1,100,100,33,10,9,9,9,9,6,0,0,100,100,100,100,100,100,96,1,1,1787417781.2181542,G1,T04,sotto_banco_movimenti,1,static
9354898,1,1,1,60,60,100,100,0,100,100,82,21,11,3,7,3,2,0,0,100,100,100,100,100,96,91,1,1,1787417781.4255161,G1,T04,sotto_banco_movimenti,1,static
9355098,1,1,1,64,75,100,100,0,100,100,38,18,16,9,8,10,11,0,0,100,100,100,100,100,92,87,1,1,1787417781.6313596,G1,T04,sotto_banco_movimenti,1,static
9355298,1,1,1,30,42,100,100,0,100,100,100,20,11,14,12,12,12,0,0,100,100,100,100,100,91,87,1,1,1787417781.8257933,G1,T04,sotto_banco_movimenti,1,static
9355498,1,1,1,30,30,100,100,0,100,95,18,4,3,5,6,1,6,0,0,100,100,100,100,99,89,85,1,1,1787417782.020843,G1,T04,sotto_banco_movimenti,1,static
9355698,1,1,1,30,30,100,100,0,100,100,42,4,1,1,9,7,3,0,0,100,100,100,88,92,83,79,1,1,1787417782.2253327,G1,T04,sotto_banco_movimenti,1,static
9355898,1,1,1,30,73,100,100,0,100,100,36,12,11,9,6,1,5,0,0,100,100,100,85,93,84,78,1,1,1787417782.4166377,G1,T04,sotto_banco_movimenti,1,static
9356098,1,1,1,30,30,100,100,0,100,100,100,18,14,11,9,9,7,0,0,100,100,100,81,91,81,76,1,1,1787417782.6255434,G1,T04,sotto_banco_movimenti,1,static
9356298,1,1,1,71,63,100,100,0,100,100,100,18,14,9,15,10,12,0,0,100,100,100,81,91,82,76,1,1,1787417782.816922,G1,T04,sotto_banco_movimenti,1,static
9356498,1,1,1,55,58,100,100,0,100,100,71,16,8,7,7,8,8,0,0,100,100,100,81,94,85,77,1,1,1787417783.0244648,G1,T04,sotto_banco_movimenti,1,static
9356698,1,1,1,30,70,100,100,0,100,100,9,7,9,5,6,3,4,0,0,100,100,100,82,97,88,80,1,1,1787417783.2163577,G1,T04,sotto_banco_movimenti,1,static
9356898,1,1,1,63,30,79,100,0,41,79,5,2,5,7,6,4,5,0,0,100,100,100,80,95,87,79,1,1,1787417783.423363,G1,T04,sotto_banco_movimenti,1,static
9357098,1,1,1,30,30,100,100,0,100,100,28,14,7,8,9,7,4,0,0,100,100,100,79,96,87,78,1,1,1787417783.6304758,G1,T04,sotto_banco_movimenti,1,static
9357298,1,1,1,30,30,100,100,0,100,100,22,7,2,6,2,1,2,0,0,100,100,100,77,96,87,78,1,1,1787417783.8228555,G1,T04,sotto_banco_movimenti,1,static
9357498,1,1,1,41,46,100,100,0,100,100,65,13,8,5,9,8,10,0,0,100,100,100,74,96,85,77,1,1,1787417784.0311801,G1,T04,sotto_banco_movimenti,1,static
9357698,1,1,1,30,30,100,100,0,100,100,36,8,8,8,5,3,7,0,0,100,100,100,71,95,84,75,1,1,1787417784.2242472,G1,T04,sotto_banco_movimenti,1,static
9357898,1,1,1,75,30,100,100,0,50,100,56,26,19,12,10,11,10,0,0,100,100,100,68,93,82,73,1,1,1787417784.4211369,G1,T04,sotto_banco_movimenti,1,static
9358098,1,1,1,30,56,100,100,0,100,100,100,56,34,10,16,13,11,0,0,100,100,100,72,96,84,75,1,1,1787417784.6229098,G1,T04,sotto_banco_movimenti,1,static
9358298,1,1,1,30,44,100,100,0,100,100,78,72,28,9,13,8,14,0,0,100,100,100,75,99,85,76,1,1,1787417784.8308249,G1,T04,sotto_banco_movimenti,1,static
9358498,1,1,1,30,30,100,100,0,100,100,100,100,15,6,12,8,7,0,0,100,100,100,75,98,85,76,1,1,1787417785.024846,G1,T04,sotto_banco_movimenti,1,static
9358698,1,1,1,42,73,100,100,0,100,100,100,64,25,5,10,4,9,0,0,100,100,100,74,97,84,75,1,1,1787417785.2301538,G1,T04,sotto_banco_movimenti,1,static
9358898,1,1,1,58,30,100,100,0,100,100,100,18,10,18,9,12,9,0,0,100,100,100,75,98,85,76,2,1,1787417785.4271197,G1,T04,sotto_banco_movimenti,1,static
9359098,1,1,1,43,51,100,100,0,100,100,100,42,13,8,12,11,8,0,0,100,100,100,77,98,86,76,2,1,1787417785.631091,G1,T04,sotto_banco_movimenti,1,static
9359298,1,1,1,69,79,100,100,0,100,100,100,61,21,21,16,15,12,0,0,100,100,100,75,94,82,72,2,1,1787417785.829052,G1,T04,sotto_banco_movimenti,1,static
9359498,1,1,1,59,60,100,100,0,100,100,81,60,14,5,16,9,8,0,0,100,100,100,76,91,79,69,2,1,1787417786.0308807,G1,T04,sotto_banco_movimenti,1,static
9359698,1,1,1,73,74,100,100,0,100,100,100,100,36,7,8,6,4,0,0,100,100,100,77,88,78,67,2,1,1787417786.2302058,G1,T04,sotto_banco_movimenti,1,static
9359898,1,1,1,74,70,100,100,0,100,100,100,62,27,12,11,4,3,0,0,100,100,100,77,87,75,66,2,1,1787417786.4315422,G1,T04,sotto_banco_movimenti,1,static
9360098,1,1,1,67,67,100,100,0,100,100,100,70,10,7,5,4,3,0,0,100,100,100,74,83,72,63,2,1,1787417786.6231475,G1,T04,sotto_banco_movimenti,1,static
9360298,1,1,1,58,62,100,100,0,100,100,100,26,38,24,8,12,12,0,0,100,100,100,72,78,67,60,2,1,1787417786.8309028,G1,T04,sotto_banco_movimenti,1,static
9360498,1,1,1,57,67,100,100,0,100,100,100,37,24,7,11,7,7,0,0,100,100,100,66,74,63,55,2,1,1787417787.0252414,G1,T04,sotto_banco_movimenti,1,static
9360698,1,1,1,30,53,100,100,1,100,100,100,30,7,10,10,7,9,0,0,100,100,100,63,71,59,53,2,1,1787417787.231018,G1,T04,sotto_banco_movimenti,1,static
9360898,1,1,1,46,69,100,100,1,100,100,100,36,14,5,2,6,9,0,0,100,100,100,62,68,56,51,2,1,1787417787.4234931,G1,T04,sotto_banco_movimenti,1,static
9361098,1,1,1,70,55,100,100,1,100,100,100,44,29,3,10,7,6,0,0,100,100,100,60,64,52,49,2,1,1787417787.6307158,G1,T04,sotto_banco_movimenti,1,static
9361298,1,1,1,71,66,100,100,1,100,100,100,31,24,13,11,8,9,0,0,100,100,100,59,61,49,46,2,1,1787417787.8223145,G1,T04,sotto_banco_movimenti,1,static
9361498,1,1,1,48,68,100,100,1,100,100,100,44,19,24,9,15,15,0,0,100,100,100,62,58,49,45,2,1,1787417788.0297666,G1,T04,sotto_banco_movimenti,1,static
9361698,1,1,1,49,61,100,100,1,100,100,99,29,18,12,14,9,13,0,0,100,100,100,65,59,49,46,2,1,1787417788.221734,G1,T04,sotto_banco_movimenti,1,static
9361898,1,1,1,73,58,100,100,1,100,100,100,88,39,4,10,10,9,0,0,100,100,100,65,57,47,45,2,1,1787417788.430227,G1,T04,sotto_banco_movimenti,1,static
9362098,1,1,1,73,30,100,100,1,100,100,100,43,31,23,7,6,7,0,0,100,100,100,63,52,43,41,2,1,1787417788.623178,G1,T04,sotto_banco_movimenti,1,static
9362298,1,1,1,84,65,100,100,1,100,100,100,74,31,13,4,9,3,0,0,100,100,100,61,47,39,37,2,1,1787417788.8288665,G1,T04,sotto_banco_movimenti,1,static
9362498,1,1,1,79,74,100,100,1,100,100,100,53,16,10,9,8,7,0,0,100,100,100,63,46,39,36,2,1,1787417789.0282269,G1,T04,sotto_banco_movimenti,1,static
9362698,1,1,1,75,30,100,100,1,100,100,100,18,14,5,12,11,8,0,0,100,100,100,63,47,39,35,2,1,1787417789.2277856,G1,T04,sotto_banco_movimenti,1,static
9362898,1,1,1,79,68,100,100,1,100,100,100,100,45,21,11,14,13,0,0,100,100,100,65,44,38,34,2,1,1787417789.4195566,G1,T04,sotto_banco_movimenti,1,static
9363098,1,1,1,30,41,100,100,1,100,100,100,34,9,3,10,5,9,0,0,100,100,100,65,44,37,32,2,1,1787417789.628028,G1,T04,sotto_banco_movimenti,1,static
9363298,1,1,1,81,73,100,100,1,100,100,100,60,6,7,10,5,8,0,0,100,100,100,68,43,38,33,2,1,1787417789.8195508,G1,T04,sotto_banco_movimenti,1,static
9363498,1,1,1,46,64,100,100,1,100,100,100,63,13,6,8,8,4,0,0,100,100,100,66,42,37,33,2,1,1787417790.0298173,G1,T04,sotto_banco_movimenti,1,static
9363698,1,1,1,70,63,100,100,1,100,100,100,99,60,14,8,8,12,0,0,100,100,100,67,43,37,33,2,1,1787417790.2200902,G1,T04,sotto_banco_movimenti,1,static
9363898,1,1,1,54,78,100,100,1,100,100,100,47,30,7,6,6,2,0,0,100,100,100,66,41,37,34,2,1,1787417790.4280689,G1,T04,sotto_banco_movimenti,1,static
9364098,1,1,1,70,76,100,100,1,100,100,100,62,30,13,17,12,10,0,0,100,100,100,67,45,39,36,2,1,1787417790.619854,G1,T04,sotto_banco_movimenti,1,static
9364298,1,1,1,70,56,100,100,0,100,100,100,54,31,5,13,8,7,0,0,100,100,100,65,47,40,36,2,1,1787417790.8273005,G1,T04,sotto_banco_movimenti,1,static
9364498,1,1,1,55,67,100,100,0,100,100,100,37,23,7,12,14,8,0,0,100,100,100,66,49,42,37,2,1,1787417791.0306613,G1,T04,sotto_banco_movimenti,1,static
9364698,1,1,1,66,58,100,100,0,100,100,100,23,8,4,5,8,5,0,0,100,100,100,66,48,44,37,2,1,1787417791.2273412,G1,T04,sotto_banco_movimenti,1,static
9364898,1,1,1,56,78,100,100,0,100,100,100,28,23,7,5,2,7,0,0,100,100,100,64,48,45,36,2,1,1787417791.4191043,G1,T04,sotto_banco_movimenti,1,static
9365098,1,1,1,54,55,100,100,0,100,100,100,35,33,18,11,9,10,0,0,100,100,100,68,49,46,36,2,1,1787417791.6260784,G1,T04,sotto_banco_movimenti,1,static
9365298,1,1,1,66,78,100,100,0,100,100,100,75,48,11,11,8,4,0,0,100,100,100,69,51,48,36,2,1,1787417791.8180835,G1,T04,sotto_banco_movimenti,1,static
9365498,1,1,1,57,52,100,100,0,100,100,100,39,9,6,8,8,5,0,0,100,100,100,65,53,48,36,2,1,1787417792.0313191,G1,T04,sotto_banco_movimenti,1,static
9365698,1,1,1,62,58,100,100,0,100,100,68,21,19,5,1,2,3,0,0,100,100,100,62,51,48,35,2,1,1787417792.2173615,G1,T04,sotto_banco_movimenti,1,static
9365898,1,1,1,138,69,54,100,0,53,46,54,38,6,7,6,3,4,0,0,100,100,100,61,52,49,35,2,1,1787417792.425949,G1,T04,sotto_banco_movimenti,1,static
9366098,1,1,1,66,56,100,100,0,100,100,92,28,5,2,6,3,5,0,0,100,100,100,56,53,49,36,2,1,1787417792.6176133,G1,T04,sotto_banco_movimenti,1,static
9366298,1,1,1,30,75,100,100,0,100,100,18,36,17,5,6,8,5,0,0,100,100,100,52,54,50,36,2,1,1787417792.8257728,G1,T04,sotto_banco_movimenti,1,static
9366498,1,1,1,60,62,100,100,0,100,100,100,21,16,4,8,11,5,0,0,100,100,100,51,54,50,36,2,1,1787417793.0309038,G1,T04,sotto_banco_movimenti,1,static
9366698,1,1,1,72,49,100,100,0,100,100,100,31,30,8,11,14,8,0,0,100,100,100,51,54,50,36,2,1,1787417793.225863,G1,T04,sotto_banco_movimenti,1,static
9366898,1,1,1,72,30,100,100,0,100,100,100,27,9,10,5,8,2,0,0,100,100,100,49,55,49,36,2,1,1787417793.417392,G1,T04,sotto_banco_movimenti,1,static
9367098,1,1,1,63,50,100,100,0,100,100,100,36,28,15,5,9,9,0,0,100,100,100,51,54,50,36,2,1,1787417793.6255827,G1,T04,sotto_banco_movimenti,1,static
9367298,1,1,1,30,66,100,100,0,100,100,87,12,9,8,11,7,8,0,0,100,100,100,48,56,50,37,2,1,1787417793.8176794,G1,T04,sotto_banco_movimenti,1,static
9367498,1,1,1,72,66,100,100,0,100,100,100,37,4,14,10,14,15,0,0,100,100,100,50,57,52,38,2,1,1787417794.032206,G1,T04,sotto_banco_movimenti,1,static
9367698,1,1,1,72,30,100,100,0,100,100,100,100,17,19,11,10,12,0,0,100,100,100,51,57,52,39,2,1,1787417794.2181869,G1,T04,sotto_banco_movimenti,1,static
9367898,1,1,1,66,70,100,100,0,100,100,100,42,19,9,8,4,7,0,0,100,100,100,52,60,53,39,2,1,1787417794.4261453,G1,T04,sotto_banco_movimenti,1,static
9368098,1,1,1,75,108,100,100,0,100,100,100,41,21,9,10,9,7,0,0,100,100,100,52,59,52,38,2,1,1787417794.6179602,G1,T04,sotto_banco_movimenti,1,static
9368298,1,1,1,72,30,100,100,0,100,100,100,38,34,6,10,8,9,0,0,100,100,100,53,57,50,37,2,1,1787417794.8255389,G1,T04,sotto_banco_movimenti,1,static
9368498,1,1,1,49,30,100,100,0,100,100,100,18,30,12,13,15,6,0,0,100,100,100,53,56,50,37,2,1,1787417795.031761,G1,T04,sotto_banco_movimenti,1,static
9368698,1,1,1,59,69,100,100,0,100,100,100,17,16,3,12,7,12,0,0,100,100,100,52,57,48,37,2,1,1787417795.2255406,G1,T04,sotto_banco_movimenti,1,static
9368898,1,1,1,76,63,100,100,0,100,100,100,33,16,9,10,8,8,0,0,100,100,100,53,58,48,39,2,1,1787417795.416551,G1,T04,sotto_banco_movimenti,1,static
9369098,1,1,1,55,58,100,100,0,100,100,100,28,13,7,3,6,8,0,0,100,100,100,50,58,48,40,2,1,1787417795.6239636,G1,T04,sotto_banco_movimenti,1,static
9369298,1,1,1,73,80,100,100,0,100,100,100,25,16,11,2,7,10,0,0,100,100,100,51,55,46,40,2,1,1787417795.83071,G1,T04,sotto_banco_movimenti,1,static
9369498,1,1,1,30,81,100,100,0,100,100,100,40,36,9,8,6,5,0,0,100,100,100,53,55,45,40,2,1,1787417796.0229132,G1,T04,sotto_banco_movimenti,1,static
9369698,1,1,1,68,68,100,100,1,100,100,100,22,4,5,10,10,7,0,0,100,100,100,52,54,44,40,2,1,1787417796.23106,G1,T04,sotto_banco_movimenti,1,static
9369898,1,1,1,44,30,100,100,1,100,100,100,56,38,23,3,11,7,0,0,100,100,100,56,54,44,40,2,1,1787417796.4230397,G1,T04,sotto_banco_movimenti,1,static
9370098,1,1,1,71,56,100,100,1,100,100,100,20,17,6,5,4,5,0,0,100,100,100,57,54,44,39,2,1,1787417796.6160855,G1,T04,sotto_banco_movimenti,1,static
9370298,1,1,1,65,76,100,100,1,100,100,100,29,12,9,9,8,2,0,0,100,100,100,58,53,45,39,2,1,1787417796.824062,G1,T04,sotto_banco_movimenti,1,static
9370498,1,1,1,64,61,100,100,1,100,100,100,52,32,14,11,12,12,0,0,100,100,100,59,56,45,39,2,1,1787417797.030208,G1,T04,sotto_banco_movimenti,1,static
9370698,1,1,1,48,39,100,100,1,100,100,100,53,23,19,20,19,15,0,0,100,100,100,61,55,46,41,2,1,1787417797.2207768,G1,T04,sotto_banco_movimenti,1,static
9370898,1,1,1,72,30,100,100,1,100,100,100,15,14,11,9,8,5,0,0,100,100,100,61,55,48,41,2,1,1787417797.4291515,G1,T04,sotto_banco_movimenti,1,static
9371098,1,1,1,38,60,100,100,1,100,100,100,74,6,19,15,16,14,0,0,100,100,100,62,58,51,43,2,1,1787417797.6208744,G1,T04,sotto_banco_movimenti,1,static
9371298,1,1,1,39,60,100,100,1,100,100,100,22,21,15,11,8,13,0,0,100,100,100,64,60,53,44,2,1,1787417797.8286622,G1,T04,sotto_banco_movimenti,1,static
9371498,1,1,1,30,70,100,100,1,100,100,100,33,11,16,4,8,5,0,0,100,100,100,64,60,52,43,1,1,1787417798.0215714,G1,T04,sotto_banco_movimenti,1,static
9371698,1,1,1,30,56,100,100,1,100,100,100,41,17,4,14,8,10,0,0,100,100,100,62,61,52,43,1,1,1787417798.2290576,G1,T04,sotto_banco_movimenti,1,static
9371898,1,1,1,30,30,100,100,1,100,100,100,41,27,11,12,9,7,0,0,100,100,100,63,61,53,44,1,1,1787417798.421212,G1,T04,sotto_banco_movimenti,1,static
9372098,1,1,1,48,30,100,100,1,100,100,100,9,7,8,8,6,4,0,0,100,100,100,64,62,54,45,1,1,1787417798.6287923,G1,T04,sotto_banco_movimenti,1,static
9372298,1,1,1,65,44,100,100,1,100,100,100,22,36,17,17,17,12,0,0,100,100,100,67,65,58,47,1,1,1787417798.819275,G1,T04,sotto_banco_movimenti,1,static
9372498,1,1,1,73,41,100,100,1,100,100,100,23,43,20,21,20,20,0,0,100,100,100,71,69,61,52,2,1,1787417799.0263572,G1,T04,sotto_banco_movimenti,1,static
9372698,1,1,1,30,30,100,100,1,100,100,100,43,12,16,13,14,9,0,0,100,100,100,75,69,63,52,2,1,1787417799.2171533,G1,T04,sotto_banco_movimenti,1,static
9372898,1,1,1,77,64,100,100,1,47,100,100,41,28,11,13,12,4,0,0,100,100,100,75,70,64,52,1,1,1787417799.425101,G1,T04,sotto_banco_movimenti,1,static
9373098,1,1,1,30,59,100,100,0,100,100,100,24,33,1,6,10,10,0,0,100,100,100,79,71,67,52,2,1,1787417799.6176298,G1,T04,sotto_banco_movimenti,1,static
9373298,1,1,1,30,70,100,100,0,100,100,50,38,17,15,9,11,5,0,0,100,100,100,78,72,67,52,1,1,1787417799.8260374,G1,T04,sotto_banco_movimenti,1,static
9373498,1,1,1,30,70,100,100,0,100,100,29,29,11,10,10,6,11,0,0,100,100,100,82,73,69,54,2,1,1787417800.018133,G1,T04,sotto_banco_movimenti,1,static
9373698,1,1,1,30,30,100,100,0,100,100,34,15,1,8,9,6,7,0,0,100,100,100,88,73,70,55,2,1,1787417800.2257154,G1,T04,sotto_banco_movimenti,1,static
9373898,1,1,1,30,30,100,100,0,100,100,39,25,9,3,5,2,1,0,0,100,100,100,88,75,70,56,2,1,1787417800.4170234,G1,T04,sotto_banco_movimenti,1,static
9374098,1,1,1,30,30,100,100,0,100,100,67,14,14,12,7,13,11,0,0,100,100,100,88,74,70,57,1,1,1787417800.6242,G1,T04,sotto_banco_movimenti,1,static
9374298,1,1,1,38,61,100,100,0,100,100,61,10,15,9,10,9,9,0,0,100,100,100,91,75,71,58,1,1,1787417800.8319077,G1,T04,sotto_banco_movimenti,1,static
9374498,1,1,1,50,30,100,100,0,100,100,31,20,8,15,0,5,8,0,0,100,100,100,91,72,71,58,1,1,1787417801.0244768,G1,T04,sotto_banco_movimenti,1,static
9374698,1,1,1,70,30,100,100,0,100,100,100,36,4,15,8,9,11,0,0,100,100,100,91,72,70,58,1,1,1787417801.2317204,G1,T04,sotto_banco_movimenti,1,static
9374898,1,1,1,59,59,100,100,0,100,100,100,35,10,16,11,7,8,0,0,100,100,100,91,72,69,58,1,1,1787417801.425453,G1,T04,sotto_banco_movimenti,1,static
9375098,1,1,1,66,53,100,100,0,100,100,100,30,6,27,15,18,15,0,0,100,100,100,90,72,68,58,1,1,1787417801.6314783,G1,T04,sotto_banco_movimenti,1,static
9375298,1,1,1,66,72,100,100,0,100,100,100,62,42,13,10,8,8,0,0,100,100,100,90,72,67,58,2,1,1787417801.8229575,G1,T04,sotto_banco_movimenti,1,static
9375498,1,1,1,72,72,100,100,0,100,100,100,59,34,15,20,18,19,0,0,100,100,100,90,74,68,59,2,1,1787417802.0306692,G1,T04,sotto_banco_movimenti,1,static
9375698,1,1,1,69,65,100,100,0,100,100,100,73,15,17,10,17,9,0,0,100,100,100,90,72,68,58,2,1,1787417802.2217877,G1,T04,sotto_banco_movimenti,1,static
9375898,1,1,1,64,74,100,100,0,100,100,100,83,10,11,14,10,10,0,0,100,100,100,89,71,66,58,2,1,1787417802.4298048,G1,T04,sotto_banco_movimenti,1,static
9376098,1,1,1,30,72,100,100,0,100,100,94,45,19,9,4,6,3,0,0,100,100,100,87,68,65,56,2,1,1787417802.6225076,G1,T04,sotto_banco_movimenti,1,static
9376298,1,1,1,30,59,100,100,0,100,100,66,77,25,9,3,7,8,0,0,100,100,100,83,64,60,53,2,1,1787417802.830251,G1,T04,sotto_banco_movimenti,1,static
9376498,1,1,1,52,30,100,100,0,100,100,100,63,23,19,16,15,16,0,0,100,100,100,82,62,57,51,2,1,1787417803.022809,G1,T04,sotto_banco_movimenti,1,static
9376698,1,1,1,30,48,100,100,0,100,100,100,31,16,10,17,11,12,0,0,100,100,100,85,63,58,52,1,1,1787417803.230303,G1,T04,sotto_banco_movimenti,1,static
9376898,1,1,1,55,67,100,100,0,100,100,100,74,21,15,15,10,10,0,0,100,100,100,85,65,59,54,1,1,1787417803.4223368,G1,T04,sotto_banco_movimenti,1,static
9377098,1,1,1,70,55,100,100,0,100,100,100,78,39,20,6,9,8,0,0,100,100,100,83,62,56,52,2,1,1787417803.6298122,G1,T04,sotto_banco_movimenti,1,static
9377298,1,1,1,66,70,100,100,0,100,100,100,48,22,5,11,8,12,0,0,100,100,100,81,62,55,52,2,1,1787417803.8217652,G1,T04,sotto_banco_movimenti,1,static
9377498,1,1,1,49,70,100,100,0,100,100,100,64,28,19,13,15,15,0,0,100,100,100,78,62,55,51,2,1,1787417804.0292945,G1,T04,sotto_banco_movimenti,1,static
9377698,1,1,1,58,71,100,100,0,100,100,100,25,12,10,10,6,10,0,0,100,100,100,74,61,53,51,2,1,1787417804.2210946,G1,T04,sotto_banco_movimenti,1,static
9377898,1,1,1,30,58,100,100,0,100,100,100,71,28,13,11,12,11,0,0,100,100,100,72,61,53,50,2,1,1787417804.4292746,G1,T04,sotto_banco_movimenti,1,static
9378098,1,1,1,75,60,100,100,0,100,100,100,15,18,20,16,11,14,0,0,100,100,100,74,62,54,51,2,1,1787417804.622118,G1,T04,sotto_banco_movimenti,1,static
9378298,1,1,1,67,56,100,100,0,100,100,100,66,18,15,12,6,9,0,0,100,100,100,72,61,52,50,1,1,1787417804.8298342,G1,T04,sotto_banco_movimenti,1,static
9378498,1,1,1,48,58,100,100,1,100,100,100,54,17,17,9,8,10,0,0,100,100,100,73,63,52,51,2,1,1787417805.0227323,G1,T04,sotto_banco_movimenti,1,static
9378698,1,1,1,45,30,100,100,1,100,100,100,37,39,13,17,16,14,0,0,100,100,100,75,65,55,53,1,1,1787417805.2308278,G1,T04,sotto_banco_movimenti,1,static
9378898,1,1,1,68,30,100,100,1,100,100,100,2,43,26,24,19,20,0,0,100,100,100,78,69,58,55,1,1,1787417805.423772,G1,T04,sotto_banco_movimenti,1,static
9379098,1,1,1,53,43,100,100,1,100,100,69,22,8,11,10,5,7,0,0,100,100,100,79,71,60,57,1,1,1787417805.6320355,G1,T04,sotto_banco_movimenti,1,static
9379298,1,1,1,30,30,100,100,1,100,100,53,21,13,7,4,5,3,0,0,100,100,100,81,72,62,58,1,1,1787417805.8234904,G1,T04,sotto_banco_movimenti,1,static
9379498,1,1,1,46,62,100,100,1,100,100,65,21,29,15,23,19,15,0,0,100,100,100,82,77,65,61,1,1,1787417806.0326324,G1,T04,sotto_banco_movimenti,1,static
9379698,1,1,1,30,30,100,100,1,100,100,100,23,29,27,31,28,20,0,0,100,100,100,89,86,73,67,1,1,1787417806.223483,G1,T04,sotto_banco_movimenti,1,static
9379898,1,1,1,66,65,100,100,1,100,100,85,30,8,6,9,10,6,0,0,100,100,100,96,92,78,70,1,1,1787417806.4316497,G1,T04,sotto_banco_movimenti,1,static
9380098,1,1,1,30,43,100,100,1,100,100,100,30,14,35,36,29,28,0,0,100,100,100,100,100,86,77,1,1,1787417806.6224918,G1,T04,sotto_banco_movimenti,1,static
9380298,1,1,1,30,45,100,100,1,100,100,95,41,22,14,15,11,11,0,0,100,100,100,100,100,89,80,1,1,1787417806.8303964,G1,T04,sotto_banco_movimenti,1,static
9380498,1,1,1,30,30,100,100,1,100,100,100,23,10,13,6,9,10,0,0,100,100,100,100,100,88,80,1,1,1787417807.022336,G1,T04,sotto_banco_movimenti,1,static
9380698,1,1,1,63,73,100,100,1,100,100,100,31,8,11,7,6,10,0,0,100,100,100,100,100,89,80,1,1,1787417807.2298663,G1,T04,sotto_banco_movimenti,1,static
9380898,1,1,1,66,48,100,100,1,100,100,26,13,14,8,12,10,9,0,0,100,100,100,100,100,89,79,1,1,1787417807.4220872,G1,T04,sotto_banco_movimenti,1,static
9381098,1,1,1,75,69,100,100,1,30,100,38,8,7,3,8,5,6,0,0,100,100,100,100,100,90,80,1,1,1787417807.6300342,G1,T04,sotto_banco_movimenti,1,static
9381298,1,1,1,30,66,100,100,1,100,100,91,15,17,13,10,11,10,0,0,100,100,100,100,100,93,82,1,1,1787417807.8227022,G1,T04,sotto_banco_movimenti,1,static
9381498,1,1,1,65,30,100,100,1,100,100,100,39,46,25,33,29,26,0,0,100,100,100,100,100,96,85,1,1,1787417808.0285559,G1,T04,sotto_banco_movimenti,1,static
9381698,1,1,1,58,43,100,100,1,100,100,100,17,23,22,16,19,13,0,0,100,100,100,100,100,100,87,1,1,1787417808.2202125,G1,T04,sotto_banco_movimenti,1,static
9381898,1,1,1,50,49,100,100,0,100,100,100,35,23,19,15,16,12,0,0,100,100,100,100,100,98,86,1,1,1787417808.4258585,G1,T04,sotto_banco_movimenti,1,static
9382098,1,1,1,30,45,100,100,0,100,100,100,61,6,10,20,14,15,0,0,100,100,100,100,100,99,87,2,1,1787417808.617921,G1,T04,sotto_banco_movimenti,1,static
9382298,1,1,1,46,47,100,100,0,100,100,100,19,23,3,11,4,9,0,0,100,100,100,100,100,100,88,2,1,1787417808.826046,G1,T04,sotto_banco_movimenti,1,static
9382498,1,1,1,30,50,100,100,0,100,100,100,41,24,13,9,10,9,0,0,100,100,100,100,100,99,87,2,1,1787417809.0181127,G1,T04,sotto_banco_movimenti,1,static
9382698,1,1,1,73,75,100,100,0,100,100,100,58,15,5,12,8,5,0,0,100,100,100,100,100,95,84,2,1,1787417809.225938,G1,T04,sotto_banco_movimenti,1,static
9382898,1,1,1,74,70,100,100,0,100,100,100,28,12,3,7,6,8,0,0,100,100,100,100,100,91,80,2,1,1787417809.419256,G1,T04,sotto_banco_movimenti,1,static
9383098,1,1,1,30,57,100,100,0,100,100,100,70,24,15,7,6,2,0,0,100,100,100,100,100,87,77,2,1,1787417809.6274867,G1,T04,sotto_banco_movimenti,1,static
9383298,1,1,1,73,58,100,100,0,100,100,100,57,17,10,13,7,6,0,0,100,100,100,100,96,84,75,2,1,1787417809.8197792,G1,T04,sotto_banco_movimenti,1,static
9383498,1,1,1,63,65,100,100,0,100,100,100,49,15,14,16,12,13,0,0,100,100,100,100,89,78,69,2,1,1787417810.02771,G1,T04,sotto_banco_movimenti,1,static
9383698,1,1,1,74,63,100,100,0,100,100,100,50,18,10,7,9,10,0,0,100,100,100,93,80,70,63,2,1,1787417810.2191114,G1,T04,sotto_banco_movimenti,1,static
9383898,1,1,1,30,72,100,100,0,100,100,100,62,11,12,14,12,12,0,0,100,100,100,90,76,68,61,2,1,1787417810.4263206,G1,T04,sotto_banco_movimenti,1,static
9384098,1,1,1,72,52,100,100,0,100,100,100,49,10,9,7,3,4,0,0,100,100,100,81,67,60,55,2,1,1787417810.6183956,G1,T04,sotto_banco_movimenti,1,static
9384298,1,1,1,76,79,100,100,0,100,100,100,65,17,12,8,4,5,0,0,100,100,100,76,62,55,51,2,1,1787417810.8263621,G1,T04,sotto_banco_movimenti,1,static
9384498,1,1,1,67,69,100,100,0,100,100,100,23,19,10,2,6,6,0,0,100,100,100,70,60,53,48,2,1,1787417811.0185497,G1,T04,sotto_banco_movimenti,1,static
9384698,1,1,1,48,75,100,100,0,100,100,100,92,38,13,10,16,7,0,0,100,100,100,67,57,51,44,2,1,1787417811.2257652,G1,T04,sotto_banco_movimenti,1,static
9384898,1,1,1,78,58,100,100,0,38,100,88,62,28,10,9,2,3,0,0,100,100,100,65,55,48,42,2,1,1787417811.4182816,G1,T04,sotto_banco_movimenti,1,static
9385098,1,1,1,61,57,100,100,0,100,100,100,61,7,9,4,5,7,0,0,100,100,100,64,55,47,41,2,1,1787417811.6250577,G1,T04,sotto_banco_movimenti,1,static
9385298,1,1,1,60,67,100,100,0,100,100,100,35,31,7,9,3,5,0,0,100,100,100,62,52,44,38,2,1,1787417811.8174305,G1,T04,sotto_banco_movimenti,1,static
9385498,1,1,1,60,69,100,100,0,100,100,100,63,25,11,14,6,8,0,0,100,100,100,57,47,38,33,2,1,1787417812.025112,G1,T04,sotto_banco_movimenti,1,static
9385698,1,1,1,75,72,100,100,0,100,100,100,40,18,7,7,1,6,0,0,100,100,100,54,43,35,31,2,1,1787417812.2312996,G1,T04,sotto_banco_movimenti,1,static
9385898,1,1,1,54,62,100,100,0,100,100,79,47,23,16,10,8,9,0,0,100,100,100,54,44,37,32,2,1,1787417812.4233997,G1,T04,sotto_banco_movimenti,1,static
9386098,1,1,1,58,73,100,100,0,100,100,47,52,32,14,7,13,4,0,0,100,100,100,55,41,35,29,2,1,1787417812.6324062,G1,T04,sotto_banco_movimenti,1,static
9386298,1,1,1,30,43,100,100,0,100,100,100,21,19,16,9,8,7,0,0,100,100,100,54,40,34,28,2,1,1787417812.8247454,G1,T04,sotto_banco_movimenti,1,static
9386498,1,1,1,77,70,100,100,0,100,100,100,23,7,3,7,6,4,0,0,100,100,100,52,39,34,28,2,1,1787417813.0175264,G1,T04,sotto_banco_movimenti,1,static
9386698,1,1,1,133,58,100,100,0,100,100,100,51,21,3,9,5,9,0,0,100,100,100,54,41,34,28,2,1,1787417813.2243826,G1,T04,sotto_banco_movimenti,1,static
9386898,1,1,1,30,69,100,100,0,100,100,100,48,13,8,4,10,12,0,0,100,100,100,53,40,34,29,3,1,1787417813.4317925,G1,T04,sotto_banco_movimenti,1,static
9387098,1,1,1,79,59,100,100,0,100,100,100,54,42,4,1,3,8,0,0,100,100,100,53,39,33,28,3,1,1787417813.6235726,G1,T04,sotto_banco_movimenti,1,static
9387298,1,1,1,73,62,100,100,0,100,100,100,18,26,17,8,8,10,0,0,100,100,100,56,41,34,30,2,1,1787417813.831473,G1,T04,sotto_banco_movimenti,1,static
9387498,1,1,1,72,62,100,100,0,100,100,100,61,12,10,9,8,9,0,0,100,100,100,54,40,34,30,2,1,1787417814.0232701,G1,T04,sotto_banco_movimenti,1,static
9387698,1,1,1,72,71,100,100,1,100,100,100,39,21,20,9,10,10,0,0,100,100,100,56,40,34,31,2,1,1787417814.2317445,G1,T04,sotto_banco_movimenti,1,static
9387898,1,1,1,30,49,100,100,1,100,100,100,19,4,9,5,1,5,0,0,100,100,100,53,37,32,29,2,1,1787417814.4226213,G1,T04,sotto_banco_movimenti,1,static
9388098,1,1,1,45,57,100,100,1,100,100,100,73,17,20,8,11,12,0,0,100,100,100,57,38,33,31,2,1,1787417814.6302178,G1,T04,sotto_banco_movimenti,1,static
9388298,1,1,1,55,39,100,100,1,100,100,100,50,22,11,16,11,9,0,0,100,100,100,58,40,34,32,2,1,1787417814.823041,G1,T04,sotto_banco_movimenti,1,static
9388498,1,1,1,52,63,100,100,1,100,100,100,94,26,8,11,9,6,0,0,100,100,100,58,42,35,32,2,1,1787417815.031247,G1,T04,sotto_banco_movimenti,1,static
9388698,1,1,1,91,64,100,100,1,48,100,100,45,8,4,1,3,4,0,0,100,100,100,57,39,33,32,2,1,1787417815.2227004,G1,T04,sotto_banco_movimenti,1,static
9388898,1,1,1,66,58,100,100,1,100,100,100,24,27,3,11,5,3,0,0,100,100,100,57,39,34,33,2,1,1787417815.4307017,G1,T04,sotto_banco_movimenti,1,static
9389098,1,1,1,49,80,100,100,1,100,100,100,81,23,1,7,3,7,0,0,100,100,100,57,38,33,34,2,1,1787417815.6230707,G1,T04,sotto_banco_movimenti,1,static
9389298,1,1,1,64,53,100,100,1,100,100,100,32,7,13,12,9,4,0,0,100,100,100,58,39,33,34,2,1,1787417815.830168,G1,T04,sotto_banco_movimenti,1,static
9389498,1,1,1,55,50,100,100,1,100,100,100,82,24,14,9,11,11,0,0,100,100,100,61,39,35,35,2,1,1787417816.0213387,G1,T04,sotto_banco_movimenti,1,static
9389698,1,1,1,58,79,100,100,1,100,100,100,16,18,8,1,4,5,0,0,100,100,100,62,40,37,36,2,1,1787417816.2291565,G1,T04,sotto_banco_movimenti,1,static
9389898,1,1,1,62,68,100,100,1,100,100,100,56,21,14,7,8,9,0,0,100,100,100,60,40,36,36,3,1,1787417816.4208312,G1,T04,sotto_banco_movimenti,1,static
9390098,1,1,1,74,46,100,100,1,100,100,100,18,19,12,10,5,7,0,0,100,100,100,60,41,35,37,3,1,1787417816.6289458,G1,T04,sotto_banco_movimenti,1,static
9390298,1,1,1,62,78,100,100,1,100,100,56,66,17,9,2,4,8,0,0,100,100,100,58,42,36,38,2,1,1787417816.8207996,G1,T04,sotto_banco_movimenti,1,static
9390498,1,1,1,84,77,100,100,1,100,100,100,26,10,10,2,2,8,0,0,100,100,100,59,43,36,38,2,1,1787417817.0283182,G1,T04,sotto_banco_movimenti,1,static
9390698,1,1,1,30,87,100,100,1,100,100,100,94,23,8,8,6,11,0,0,100,100,100,58,44,36,38,2,1,1787417817.2208567,G1,T04,sotto_banco_movimenti,1,static
9390898,1,1,1,46,59,100,100,1,100,100,100,43,11,10,12,11,8,0,0,100,100,100,60,45,36,38,2,1,1787417817.428848,G1,T04,sotto_banco_movimenti,1,static
9391098,1,1,1,67,76,100,100,0,100,100,100,13,10,6,5,4,1,0,0,100,100,100,63,44,37,39,2,1,1787417817.6208627,G1,T04,sotto_banco_movimenti,1,static
9391298,1,1,1,52,79,100,100,0,100,100,100,23,10,22,13,12,13,0,0,100,100,100,63,44,37,38,2,1,1787417817.8285377,G1,T04,sotto_banco_movimenti,1,static
9391498,1,1,1,80,62,100,100,0,41,100,100,15,10,9,12,10,5,0,0,100,100,100,68,46,39,39,2,1,1787417818.020614,G1,T04,sotto_banco_movimenti,1,static
9391698,1,1,1,80,30,100,100,0,80,100,100,24,14,11,7,6,5,0,0,100,100,100,71,48,39,40,2,1,1787417818.2275422,G1,T04,sotto_banco_movimenti,1,static
9391898,1,1,1,72,73,100,100,0,100,100,100,44,7,11,11,6,10,0,0,100,100,100,74,49,40,41,2,1,1787417818.4194212,G1,T04,sotto_banco_movimenti,1,static
9392098,1,1,1,42,78,100,100,0,99,100,29,32,11,3,5,5,6,0,0,100,100,100,73,49,39,40,2,1,1787417818.626652,G1,T04,sotto_banco_movimenti,1,static
9392298,1,1,1,76,56,100,100,0,100,100,100,11,14,11,5,9,2,0,0,100,100,100,72,49,40,40,2,1,1787417818.819602,G1,T04,sotto_banco_movimenti,1,static
9392498,1,1,1,67,66,100,100,0,100,100,100,18,13,6,10,3,9,0,0,100,100,100,76,50,41,42,3,1,1787417819.0254574,G1,T04,sotto_banco_movimenti,1,static
9392698,1,1,1,79,55,100,100,0,100,100,100,33,24,7,6,2,3,0,0,100,100,100,77,52,42,43,2,1,1787417819.2324798,G1,T04,sotto_banco_movimenti,1,static
9392898,1,1,1,66,49,100,100,0,100,100,100,42,31,12,7,10,13,0,0,100,100,100,77,55,44,45,2,1,1787417819.4248881,G1,T04,sotto_banco_movimenti,1,static
9393098,1,1,1,75,56,100,100,0,100,100,100,68,20,10,16,11,11,0,0,100,100,100,78,58,47,47,3,1,1787417819.6329372,G1,T04,sotto_banco_movimenti,1,static
9393298,1,1,1,71,76,100,100,0,100,100,100,16,11,5,13,5,10,0,0,100,100,100,80,60,49,50,3,1,1787417819.8251405,G1,T04,sotto_banco_movimenti,1,static
9393498,1,1,1,77,90,100,100,0,100,100,100,49,12,1,4,2,6,0,0,100,100,100,80,62,49,51,2,1,1787417820.0173829,G1,T04,sotto_banco_movimenti,1,static
9393698,1,1,1,67,76,100,100,0,100,100,100,82,22,13,10,10,8,0,0,100,100,100,80,62,48,51,2,1,1787417820.2253537,G1,T04,sotto_banco_movimenti,1,static
9393898,1,1,1,56,59,100,100,0,100,100,100,24,13,9,2,10,7,0,0,100,100,100,81,61,48,50,2,1,1787417820.4193466,G1,T04,sotto_banco_movimenti,1,static
9394098,1,1,1,53,71,100,100,0,100,100,100,29,23,8,3,11,3,0,0,100,100,100,80,61,49,50,2,1,1787417820.624993,G1,T04,sotto_banco_movimenti,1,static
9394298,1,1,1,69,69,100,100,0,100,100,100,14,5,6,7,7,7,0,0,100,100,100,84,58,48,48,2,1,1787417820.8324459,G1,T04,sotto_banco_movimenti,1,static
9394498,1,1,1,41,84,100,100,0,100,100,100,14,14,10,3,3,6,0,0,100,100,100,83,57,48,47,2,1,1787417821.0252895,G1,T04,sotto_banco_movimenti,1,static
9394698,1,1,1,69,72,100,100,0,100,100,100,23,10,6,8,8,8,0,0,100,100,100,82,58,49,47,2,1,1787417821.222153,G1,T04,sotto_banco_movimenti,1,static
9394898,1,1,1,81,70,100,100,0,100,100,100,38,12,8,7,6,4,0,0,100,100,100,81,57,48,47,2,1,1787417821.423635,G1,T04,sotto_banco_movimenti,1,static
9395098,1,1,1,75,71,100,100,0,100,100,100,64,27,7,6,4,7,0,0,100,100,100,76,57,46,46,2,1,1787417821.6315322,G1,T04,sotto_banco_movimenti,1,static
9395298,1,1,1,59,79,100,100,0,100,100,100,16,10,7,9,11,3,0,0,100,100,100,73,57,47,45,2,1,1787417821.8252134,G1,T04,sotto_banco_movimenti,1,static
9395498,1,1,1,80,75,100,100,0,100,100,100,39,22,5,9,4,1,0,0,100,100,100,68,56,46,43,2,1,1787417822.0308256,G1,T04,sotto_banco_movimenti,1,static
9395698,1,1,1,30,72,100,100,0,100,100,100,42,15,7,4,3,2,0,0,100,100,100,65,57,47,43,2,1,1787417822.2265604,G1,T04,sotto_banco_movimenti,1,static
9395898,1,1,1,80,72,100,100,0,34,100,100,95,19,12,9,4,9,0,0,100,100,100,61,57,47,43,2,1,1787417822.4288979,G1,T04,sotto_banco_movimenti,1,static
9396098,1,1,1,56,65,100,100,0,100,100,100,27,10,9,8,9,10,0,0,100,100,100,63,57,47,43,2,1,1787417822.6285489,G1,T04,sotto_banco_movimenti,1,static
9396298,1,1,1,52,75,100,100,0,100,100,94,5,9,6,8,5,4,0,0,100,100,100,64,57,47,42,2,1,1787417822.8297498,G1,T04,sotto_banco_movimenti,1,static
9396498,1,1,1,65,69,100,100,0,100,100,100,29,7,8,12,9,9,0,0,100,100,100,62,57,45,41,2,1,1787417823.0310788,G1,T04,sotto_banco_movimenti,1,static
9396698,1,1,1,65,73,100,100,1,100,100,100,37,7,4,6,6,3,0,0,100,100,100,61,57,45,41,2,1,1787417823.232466,G1,T04,sotto_banco_movimenti,1,static
9396898,1,1,1,60,59,100,100,1,100,100,100,55,8,24,16,16,17,0,0,100,100,100,61,58,45,41,2,1,1787417823.421245,G1,T04,sotto_banco_movimenti,1,static
9397098,1,1,1,30,73,100,100,1,100,100,76,63,35,9,6,7,6,0,0,100,100,100,59,54,42,37,2,1,1787417823.6286528,G1,T04,sotto_banco_movimenti,1,static
9397298,1,1,1,49,70,100,100,1,100,100,100,94,30,7,6,6,4,0,0,100,100,100,58,50,41,34,2,1,1787417823.8208644,G1,T04,sotto_banco_movimenti,1,static
9397498,1,1,1,62,60,100,100,1,100,100,100,60,7,16,9,12,12,0,0,100,100,100,55,47,40,31,2,1,1787417824.0283508,G1,T04,sotto_banco_movimenti,1,static
9397698,1,1,1,62,68,100,100,1,100,100,58,31,25,8,10,11,13,0,0,100,100,100,52,48,40,31,2,1,1787417824.2186046,G1,T04,sotto_banco_movimenti,1,static
9397898,1,1,1,43,58,100,100,1,100,100,100,51,36,16,14,16,12,0,0,100,100,100,53,49,41,33,2,1,1787417824.425989,G1,T04,sotto_banco_movimenti,1,static
9398098,1,1,1,55,65,100,100,1,100,100,100,63,34,22,15,15,14,0,0,100,100,100,53,48,41,33,2,1,1787417824.617746,G1,T04,sotto_banco_movimenti,1,static
9398298,1,1,1,30,69,100,100,1,100,100,44,47,13,11,5,8,8,0,0,100,100,100,50,48,42,33,2,1,1787417824.824613,G1,T04,sotto_banco_movimenti,1,static
9398498,1,1,1,70,46,100,100,1,100,100,100,25,33,21,22,20,15,0,0,100,100,100,55,52,45,37,2,1,1787417825.031953,G1,T04,sotto_banco_movimenti,1,static
9398698,1,1,1,76,60,100,100,1,100,100,100,26,12,23,13,12,14,0,0,100,100,100,57,53,47,37,2,1,1787417825.2240467,G1,T04,sotto_banco_movimenti,1,static
9398898,1,1,1,46,59,100,100,1,100,100,100,39,51,18,25,19,22,0,0,100,100,100,60,58,50,41,2,1,1787417825.4321487,G1,T04,sotto_banco_movimenti,1,static
9399098,1,1,1,63,47,100,100,1,100,100,100,73,14,19,14,12,13,0,0,100,100,100,64,59,52,43,2,1,1787417825.6263423,G1,T04,sotto_banco_movimenti,1,static
9399298,1,1,1,58,30,100,100,1,100,100,100,24,27,23,23,21,19,0,0,100,100,100,64,60,53,45,2,1,1787417825.832333,G1,T04,sotto_banco_movimenti,1,static
9399498,1,1,1,42,43,100,100,1,100,100,100,59,9,8,7,6,7,0,0,100,100,100,71,63,56,48,2,1,1787417826.0245774,G1,T04,sotto_banco_movimenti,1,static
9399698,1,1,1,70,30,100,100,1,100,100,100,100,8,40,22,23,19,0,0,100,100,100,78,64,57,50,2,1,1787417826.2331653,G1,T04,sotto_banco_movimenti,1,static
9399898,1,1,1,30,30,100,100,1,100,100,100,63,22,18,14,13,12,0,0,100,100,100,81,65,60,52,2,1,1787417826.4257267,G1,T04,sotto_banco_movimenti,1,static
9400098,1,1,1,30,30,100,100,0,100,100,100,47,8,17,13,11,12,0,0,100,100,100,79,66,60,53,2,1,1787417826.63329,G1,T04,sotto_banco_movimenti,1,static
9400298,1,1,1,44,30,100,100,0,100,100,100,32,11,8,9,8,4,0,0,100,100,100,76,67,60,53,2,1,1787417826.8254554,G1,T04,sotto_banco_movimenti,1,static
9400498,1,1,1,75,70,100,100,0,62,100,65,32,15,16,7,8,7,0,0,100,100,100,75,66,61,54,2,1,1787417827.0173578,G1,T04,sotto_banco_movimenti,1,static
9400698,1,1,1,71,69,100,100,0,100,100,100,32,18,16,18,17,14,0,0,100,100,100,78,69,62,55,2,1,1787417827.225222,G1,T04,sotto_banco_movimenti,1,static
9400898,1,1,1,75,30,100,100,0,100,100,100,11,15,7,6,8,6,0,0,100,100,100,80,69,63,56,2,1,1787417827.417815,G1,T04,sotto_banco_movimenti,1,static
9401098,1,1,1,68,76,100,100,0,100,100,100,80,29,12,12,11,11,0,0,100,100,100,81,71,65,58,2,1,1787417827.6253998,G1,T04,sotto_banco_movimenti,1,static
9401298,1,1,1,75,53,100,100,0,100,100,100,94,39,19,19,20,14,0,0,100,100,100,84,76,69,61,2,1,1787417827.8176754,G1,T04,sotto_banco_movimenti,1,static
9401498,1,1,1,82,75,100,100,0,100,100,100,13,8,9,4,6,4,0,0,100,100,100,86,76,69,62,2,1,1787417828.0259442,G1,T04,sotto_banco_movimenti,1,static
9401698,1,1,1,63,60,100,100,0,100,100,100,54,18,12,11,8,9,0,0,100,100,100,88,75,68,61,2,1,1787417828.2329116,G1,T04,sotto_banco_movimenti,1,static
9401898,1,1,1,60,64,100,100,0,100,100,100,45,20,24,14,18,12,0,0,100,100,100,92,78,72,63,2,1,1787417828.4254203,G1,T04,sotto_banco_movimenti,1,static
9402098,1,1,1,75,44,100,100,0,100,100,100,27,24,19,16,16,16,0,0,100,100,100,97,81,75,65,2,1,1787417828.63334,G1,T04,sotto_banco_movimenti,1,static
9402298,1,1,1,59,30,100,100,0,100,100,100,42,30,12,9,13,12,0,0,100,100,100,98,84,78,68,2,1,1787417828.823726,G1,T04,sotto_banco_movimenti,1,static
9402498,1,1,1,46,67,100,100,0,100,100,100,23,24,16,13,10,10,0,0,100,100,100,96,83,77,67,2,1,1787417829.033002,G1,T04,sotto_banco_movimenti,1,static
9402698,1,1,1,61,77,100,100,0,100,100,100,25,15,15,3,7,8,0,0,100,100,100,94,82,75,66,2,1,1787417829.2233331,G1,T04,sotto_banco_movimenti,1,static
9402898,1,1,1,56,62,100,100,0,100,100,89,16,2,20,10,14,15,0,0,100,100,100,95,80,75,65,2,1,1787417829.4311693,G1,T04,sotto_banco_movimenti,1,static
9403098,1,1,1,46,30,100,100,0,100,100,80,24,7,9,4,10,2,0,0,100,100,100,96,81,77,65,2,1,1787417829.6224103,G1,T04,sotto_banco_movimenti,1,static
9403298,1,1,1,63,67,100,100,0,100,100,83,54,23,9,8,7,11,0,0,100,100,100,96,81,77,65,2,1,1787417829.8295581,G1,T04,sotto_banco_movimenti,1,static
9403498,1,1,1,30,30,100,100,0,100,100,65,43,8,6,3,7,4,0,0,100,100,100,88,77,73,61,2,1,1787417830.021536,G1,T04,sotto_banco_movimenti,1,static
9403698,1,1,1,30,68,100,100,0,100,100,100,44,12,11,14,6,8,0,0,100,100,100,81,73,69,58,2,1,1787417830.2291064,G1,T04,sotto_banco_movimenti,1,static
9403898,1,1,1,72,46,100,100,0,100,100,100,54,15,10,11,7,9,0,0,100,100,100,78,72,67,56,2,1,1787417830.419944,G1,T04,sotto_banco_movimenti,1,static
9404098,1,1,1,77,75,100,100,0,26,100,51,16,14,6,2,2,2,0,0,100,100,100,75,70,66,54,2,1,1787417830.6272516,G1,T04,sotto_banco_movimenti,1,static
9404298,1,1,1,69,75,100,100,0,100,100,100,51,27,9,6,6,6,0,0,100,100,100,76,70,66,53,2,1,1787417830.8190408,G1,T04,sotto_banco_movimenti,1,static
9404498,1,1,1,70,77,100,100,0,100,100,100,31,13,6,7,6,8,0,0,100,100,100,76,69,64,53,2,1,1787417831.0265636,G1,T04,sotto_banco_movimenti,1,static
9404698,1,1,1,63,65,100,100,0,100,100,73,16,14,3,6,4,5,0,0,100,100,100,76,66,62,51,2,1,1787417831.2178528,G1,T04,sotto_banco_movimenti,1,static
9404898,1,1,1,120,65,100,100,0,52,100,100,42,12,1,4,2,2,0,0,100,100,100,74,64,60,48,2,1,1787417831.425453,G1,T04,sotto_banco_movimenti,1,static
9405098,1,1,1,80,75,100,100,0,25,100,100,12,7,11,6,8,6,0,0,100,100,100,75,65,60,49,2,1,1787417831.617402,G1,T04,sotto_banco_movimenti,1,static
9405298,1,1,1,58,52,100,100,0,100,100,100,21,14,16,8,13,9,0,0,100,100,100,75,62,57,48,2,1,1787417831.8253312,G1,T04,sotto_banco_movimenti,1,static
9405498,1,1,1,30,30,100,100,0,100,100,8,34,15,8,10,7,8,0,0,100,100,100,78,64,59,49,2,1,1787417832.0175097,G1,T04,sotto_banco_movimenti,1,static
9405698,1,1,1,72,30,100,100,0,100,100,59,49,24,11,9,7,7,0,0,100,100,100,80,64,59,51,2,1,1787417832.2237961,G1,T04,sotto_banco_movimenti,1,static
9405898,1,1,1,70,67,100,100,0,96,100,54,33,15,6,7,10,8,0,0,100,100,100,75,61,54,48,2,1,1787417832.4317427,G1,T04,sotto_banco_movimenti,1,static
9406098,1,1,1,62,77,100,100,1,100,100,97,21,6,2,4,6,1,0,0,100,100,100,71,57,49,44,2,1,1787417832.6227124,G1,T04,sotto_banco_movimenti,1,static
9406298,1,1,1,30,75,100,100,1,100,100,100,100,43,15,16,13,11,0,0,100,100,100,71,57,49,44,2,1,1787417832.829643,G1,T04,sotto_banco_movimenti,1,static
9406498,1,1,1,30,30,100,100,1,100,100,100,14,11,6,3,9,6,0,0,100,100,100,71,56,47,43,2,1,1787417833.0206761,G1,T04,sotto_banco_movimenti,1,static
9406698,1,1,1,67,44,100,100,1,100,100,100,44,39,10,6,11,10,0,0,100,100,100,71,57,48,43,2,1,1787417833.2285166,G1,T04,sotto_banco_movimenti,1,static
9406898,1,1,1,69,48,100,100,1,100,100,100,42,14,12,11,10,6,0,0,100,100,100,70,58,46,44,2,1,1787417833.4204895,G1,T04,sotto_banco_movimenti,1,static
9407098,1,1,1,59,64,100,100,1,100,100,100,46,36,7,9,9,13,0,0,100,100,100,68,57,46,44,2,1,1787417833.628044,G1,T04,sotto_banco_movimenti,1,static
9407298,1,1,1,53,30,100,100,1,100,100,100,32,24,23,21,20,19,0,0,100,100,100,72,60,50,47,1,1,1787417833.820126,G1,T04,sotto_banco_movimenti,1,static
9407498,1,1,1,30,63,100,100,1,100,100,100,51,26,11,6,9,10,0,0,100,100,100,75,61,51,48,1,1,1787417834.0281124,G1,T04,sotto_banco_movimenti,1,static
9407698,1,1,1,62,50,100,100,1,100,100,68,13,18,15,7,10,13,0,0,100,100,100,77,61,51,48,2,1,1787417834.2202117,G1,T04,sotto_banco_movimenti,1,static
9407898,1,1,1,30,68,100,100,1,100,100,100,44,21,17,9,7,4,0,0,100,100,100,80,61,52,49,2,1,1787417834.4286635,G1,T04,sotto_banco_movimenti,1,static
9408098,1,1,1,66,53,100,100,1,100,100,100,27,15,8,8,10,5,0,0,100,100,100,81,64,54,51,2,1,1787417834.6200864,G1,T04,sotto_banco_movimenti,1,static
9408298,1,1,1,30,75,100,100,1,100,100,100,15,20,13,10,6,12,0,0,100,100,100,83,64,55,52,2,1,1787417834.8282092,G1,T04,sotto_banco_movimenti,1,static
9408498,1,1,1,30,66,100,100,1,100,100,100,44,22,24,17,16,16,0,0,100,100,100,86,66,58,55,2,1,1787417835.0203161,G1,T04,sotto_banco_movimenti,1,static
9408698,1,1,1,67,49,100,100,1,100,100,100,52,16,10,7,6,6,0,0,100,100,100,85,67,58,55,2,1,1787417835.2284377,G1,T04,sotto_banco_movimenti,1,static
9408898,1,1,1,75,69,100,100,1,100,100,100,48,23,16,9,12,8,0,0,100,100,100,85,68,58,56,2,1,1787417835.4204032,G1,T04,sotto_banco_movimenti,1,static
9409098,1,1,1,72,58,100,100,1,100,100,100,45,17,14,10,8,13,0,0,100,100,100,86,66,57,54,2,1,1787417835.6278083,G1,T04,sotto_banco_movimenti,1,static
9409298,1,1,1,59,30,100,100,1,100,100,100,40,38,17,17,13,13,0,0,100,100,100,83,66,56,53,2,1,1787417835.8197565,G1,T04,sotto_banco_movimenti,1,static
9409498,1,1,1,49,46,100,100,1,100,100,100,80,15,12,3,4,4,0,0,100,100,100,81,64,55,52,2,1,1787417836.0283482,G1,T04,sotto_banco_movimenti,1,static
9409698,1,1,1,30,55,100,100,0,100,100,70,100,37,21,3,9,9,0,0,100,100,100,80,62,55,51,2,1,1787417836.2205486,G1,T04,sotto_banco_movimenti,1,static
9409898,1,1,1,50,79,100,100,0,100,100,100,58,46,13,3,5,7,0,0,100,100,100,82,61,56,50,2,1,1787417836.4294648,G1,T04,sotto_banco_movimenti,1,static
9410098,1,1,1,68,30,100,100,0,100,100,100,20,33,11,8,5,8,0,0,100,100,100,83,63,58,51,2,1,1787417836.6198285,G1,T04,sotto_banco_movimenti,1,static
9410298,1,1,1,74,40,100,100,0,100,100,100,20,20,15,8,11,8,0,0,100,100,100,82,61,57,50,2,1,1787417836.8258426,G1,T04,sotto_banco_movimenti,1,static
9410498,1,1,1,60,30,100,100,0,100,100,100,64,32,10,8,8,10,0,0,100,100,100,83,61,56,50,2,1,1787417837.0313473,G1,T04,sotto_banco_movimenti,1,static
9410698,1,1,1,39,77,100,100,0,100,100,100,85,18,10,13,7,10,0,0,100,100,100,84,62,56,51,2,1,1787417837.223402,G1,T04,sotto_banco_movimenti,1,static
9410898,1,1,1,75,62,100,100,0,100,100,100,33,16,8,4,3,5,0,0,100,100,100,82,58,54,49,2,1,1787417837.430945,G1,T04,sotto_banco_movimenti,1,static
9411098,1,1,1,67,73,100,100,0,100,100,100,33,10,6,8,5,5,0,0,100,100,100,82,56,52,46,2,1,1787417837.622237,G1,T04,sotto_banco_movimenti,1,static
9411298,1,1,1,58,68,100,100,0,100,100,100,13,17,6,8,7,8,0,0,100,100,100,78,51,47,42,2,1,1787417837.830482,G1,T04,sotto_banco_movimenti,1,static
9411498,1,1,1,30,62,100,100,0,100,100,100,77,23,10,13,13,7,0,0,100,100,100,77,52,47,42,2,1,1787417838.0225177,G1,T04,sotto_banco_movimenti,1,static
9411698,1,1,1,55,30,100,100,0,100,100,100,24,19,3,13,6,8,0,0,100,100,100,77,53,47,44,2,1,1787417838.2309256,G1,T04,sotto_banco_movimenti,1,static
9411898,1,1,1,30,66,100,100,0,100,100,100,31,20,12,5,8,6,0,0,100,100,100,75,55,47,45,2,1,1787417838.423064,G1,T04,sotto_banco_movimenti,1,static
9412098,1,1,1,30,30,100,100,0,100,100,100,54,16,26,22,19,19,0,0,100,100,100,79,54,48,46,2,1,1787417838.6304464,G1,T04,sotto_banco_movimenti,1,static
9412298,1,1,1,30,53,100,100,0,100,100,100,13,31,18,15,15,11,0,0,100,100,100,80,58,50,48,1,1,1787417838.8221712,G1,T04,sotto_banco_movimenti,1,static
9412498,1,1,1,30,30,100,100,0,100,100,49,30,29,7,9,8,9,0,0,100,100,100,78,56,49,47,2,1,1787417839.0290377,G1,T04,sotto_banco_movimenti,1,static
9412698,1,1,1,55,52,100,100,0,100,100,100,15,21,11,12,8,4,0,0,100,100,100,81,59,52,49,1,1,1787417839.2214496,G1,T04,sotto_banco_movimenti,1,static
9412898,1,1,1,62,30,100,100,0,100,100,100,63,35,21,16,19,16,0,0,100,100,100,82,58,53,50,2,1,1787417839.4283476,G1,T04,sotto_banco_movimenti,1,static
9413098,1,1,1,65,70,100,100,0,100,100,100,42,20,14,6,10,8,0,0,100,100,100,81,60,55,53,2,1,1787417839.6207356,G1,T04,sotto_banco_movimenti,1,static
9413298,1,1,1,62,72,100,100,0,100,100,68,79,29,18,3,3,3,0,0,100,100,100,83,60,56,53,2,1,1787417839.8280945,G1,T04,sotto_banco_movimenti,1,static
9413498,1,1,1,58,30,100,100,0,100,100,59,57,10,14,3,4,5,0,0,100,100,100,81,59,55,52,2,1,1787417840.0200331,G1,T04,sotto_banco_movimenti,1,static
9413698,1,1,1,43,64,100,100,0,100,100,100,28,22,25,18,20,17,0,0,100,100,100,83,62,57,54,2,1,1787417840.2291152,G1,T04,sotto_banco_movimenti,1,static
9413898,1,1,1,64,65,100,100,0,100,100,100,78,39,29,31,24,26,0,0,100,100,100,87,69,61,60,2,1,1787417840.422107,G1,T04,sotto_banco_movimenti,1,static
9414098,1,1,1,30,30,100,100,0,100,100,100,30,17,4,8,8,8,0,0,100,100,100,86,70,62,61,2,1,1787417840.6298373,G1,T04,sotto_banco_movimenti,1,static
9414298,1,1,1,49,66,100,100,0,100,100,100,92,31,10,7,7,5,0,0,100,100,100,85,71,62,61,2,1,1787417840.8217814,G1,T04,sotto_banco_movimenti,1,static
9414498,1,1,1,66,64,100,100,0,100,100,100,40,11,13,10,7,11,0,0,100,100,100,82,70,62,61,2,1,1787417841.0290122,G1,T04,sotto_banco_movimenti,1,static
9414698,1,1,1,75,67,100,100,0,100,100,100,82,23,14,8,10,6,0,0,100,100,100,82,69,61,59,2,1,1787417841.21984,G1,T04,sotto_banco_movimenti,1,static
9414898,1,1,1,73,50,100,100,0,100,100,100,51,19,11,8,2,5,0,0,100,100,100,81,69,61,59,2,1,1787417841.4286394,G1,T04,sotto_banco_movimenti,1,static
9415098,1,1,1,70,71,100,100,0,100,100,100,68,34,18,9,10,9,0,0,100,100,100,84,70,62,61,2,1,1787417841.6222236,G1,T04,sotto_banco_movimenti,1,static
9415298,1,1,1,30,52,100,100,0,100,100,100,57,40,14,8,12,10,0,0,100,100,100,85,71,62,62,2,1,1787417841.829732,G1,T04,sotto_banco_movimenti,1,static
9415498,1,1,1,62,73,100,100,0,100,100,100,97,12,18,7,5,4,0,0,100,100,100,84,71,62,61,2,1,1787417842.0218995,G1,T04,sotto_banco_movimenti,1,static
9415698,1,1,1,67,63,100,100,0,100,100,100,100,59,12,7,4,7,0,0,100,100,100,84,70,62,60,2,1,1787417842.2328317,G1,T04,sotto_banco_movimenti,1,static
9415898,1,1,1,72,42,100,100,0,100,100,100,26,18,3,5,4,8,0,0,100,100,100,84,66,60,57,2,1,1787417842.4201365,G1,T04,sotto_banco_movimenti,1,static
9416098,1,1,1,57,62,100,100,0,100,100,100,33,22,6,11,4,5,0,0,100,100,100,82,66,58,56,2,1,1787417842.6279027,G1,T04,sotto_banco_movimenti,1,static
9416298,1,1,1,59,64,100,100,0,100,100,100,84,32,26,18,17,13,0,0,100,100,100,81,64,57,55,2,1,1787417842.8214922,G1,T04,sotto_banco_movimenti,1,static
9416498,1,1,1,55,49,100,100,0,100,100,100,47,14,19,28,19,18,0,0,100,100,100,83,67,60,56,2,1,1787417843.028789,G1,T04,sotto_banco_movimenti,1,static
9416698,1,1,1,53,60,100,100,0,100,100,42,60,12,8,16,5,5,0,0,100,100,100,81,66,58,54,2,1,1787417843.220495,G1,T04,sotto_banco_movimenti,1,static
9416898,1,1,1,78,53,100,100,1,100,100,100,23,33,7,10,11,9,0,0,100,100,100,82,66,57,53,2,1,1787417843.4286127,G1,T04,sotto_banco_movimenti,1,static
9417098,1,1,1,76,49,100,100,1,100,100,100,57,37,5,2,2,5,0,0,100,100,100,79,63,55,50,2,1,1787417843.619999,G1,T04,sotto_banco_movimenti,1,static
9417298,1,1,1,72,50,100,100,1,100,100,100,64,23,13,10,5,11,0,0,100,100,100,77,63,54,50,2,1,1787417843.8281052,G1,T04,sotto_banco_movimenti,1,static
9417498,1,1,1,45,39,100,100,1,100,100,100,72,25,10,9,7,8,0,0,100,100,100,80,67,55,51,2,1,1787417844.0196452,G1,T04,sotto_banco_movimenti,1,static
9417698,1,0,1,0,132,0,100,1,100,100,100,97,9,12,10,6,8,0,0,100,100,100,76,64,52,49,2,1,1787417844.2275822,G1,T04,sotto_banco_movimenti,1,static
9417898,1,1,1,72,60,100,100,1,100,100,100,77,33,3,8,7,6,0,0,100,100,100,70,58,48,43,2,1,1787417844.4176955,G1,T04,sotto_banco_movimenti,1,static
9418098,1,1,1,63,67,100,100,1,100,100,100,100,28,14,15,11,12,0,0,100,100,100,74,58,47,44,2,1,1787417844.6259418,G1,T04,sotto_banco_movimenti,1,static
9418298,1,1,1,63,78,100,100,1,100,100,100,63,32,4,6,3,4,0,0,100,100,100,75,55,47,43,2,1,1787417844.8177176,G1,T04,sotto_banco_movimenti,1,static
9418498,1,1,1,59,73,100,100,1,100,100,100,100,52,10,8,5,10,0,0,100,100,100,76,54,46,42,2,1,1787417845.0252206,G1,T04,sotto_banco_movimenti,1,static
9418698,1,1,1,30,65,100,100,1,100,100,100,100,52,5,12,9,10,0,0,100,100,100,75,56,48,43,2,1,1787417845.2329555,G1,T04,sotto_banco_movimenti,1,static
9418898,1,1,1,40,72,100,100,1,100,100,37,68,26,19,3,5,9,0,0,100,100,100,80,56,49,44,2,1,1787417845.4256136,G1,T04,sotto_banco_movimenti,1,static
9419098,1,1,1,49,66,100,100,1,100,100,100,89,39,14,12,14,12,0,0,100,100,100,77,57,50,43,2,1,1787417845.632793,G1,T04,sotto_banco_movimenti,1,static
9419298,1,1,1,70,75,100,100,1,100,100,100,53,41,11,9,5,9,0,0,100,100,100,76,56,50,43,2,1,1787417845.8242102,G1,T04,sotto_banco_movimenti,1,static
9419498,1,1,1,73,67,100,100,1,100,100,100,27,27,11,12,10,8,0,0,100,100,100,75,56,50,43,2,1,1787417846.031819,G1,T04,sotto_banco_movimenti,1,static
9419698,1,1,1,64,73,100,100,1,100,100,100,20,31,24,28,21,21,0,0,100,100,100,77,61,53,46,2,1,1787417846.223535,G1,T04,sotto_banco_movimenti,1,static
9419898,1,1,1,74,38,100,100,1,100,100,100,36,23,14,7,10,9,0,0,100,100,100,77,64,55,48,2,1,1787417846.4317398,G1,T04,sotto_banco_movimenti,1,static
9420098,1,1,1,69,90,100,100,1,100,100,100,41,28,12,2,11,2,0,0,100,100,100,78,62,54,46,2,1,1787417846.624182,G1,T04,sotto_banco_movimenti,1,static
9420298,1,1,1,70,70,100,100,0,100,100,100,57,31,21,20,20,14,0,0,100,100,100,78,63,55,46,2,1,1787417846.8317325,G1,T04,sotto_banco_movimenti,1,static
9420498,1,1,1,67,70,100,100,0,100,100,100,47,35,19,14,13,9,0,0,100,100,100,75,58,50,43,2,1,1787417847.0235019,G1,T04,sotto_banco_movimenti,1,static
9420698,1,1,1,64,50,100,100,0,100,100,100,33,16,7,8,3,3,0,0,100,100,100,73,56,48,42,2,1,1787417847.231791,G1,T04,sotto_banco_movimenti,1,static
9420898,1,1,1,75,30,100,100,0,100,100,100,8,18,12,10,12,8,0,0,100,100,100,71,54,47,42,2,1,1787417847.423609,G1,T04,sotto_banco_movimenti,1,static
9421098,1,1,1,62,65,100,100,0,100,100,100,37,36,22,25,21,22,0,0,100,100,100,77,61,51,47,2,1,1787417847.6317616,G1,T04,sotto_banco_movimenti,1,static
9421298,1,1,1,44,30,100,100,0,100,100,100,43,20,24,21,17,15,0,0,100,100,100,80,63,54,49,2,1,1787417847.8231401,G1,T04,sotto_banco_movimenti,1,static
9421498,1,1,1,30,70,100,100,0,100,100,100,29,25,16,13,14,12,0,0,100,100,100,79,61,56,49,2,1,1787417848.0312588,G1,T04,sotto_banco_movimenti,1,static
9421698,1,1,1,59,60,100,100,0,100,100,100,46,27,8,14,9,9,0,0,100,100,100,79,63,56,49,2,1,1787417848.223228,G1,T04,sotto_banco_movimenti,1,static
9421898,1,1,1,60,66,100,100,0,100,100,100,19,12,6,3,5,2,0,0,100,100,100,77,63,56,50,2,1,1787417848.430765,G1,T04,sotto_banco_movimenti,1,static
9422098,1,1,1,42,65,100,100,0,100,100,100,20,15,10,11,9,6,0,0,100,100,100,76,62,55,49,2,1,1787417848.623273,G1,T04,sotto_banco_movimenti,1,static
9422298,1,1,1,30,59,100,100,0,100,100,100,61,16,17,12,12,12,0,0,100,100,100,75,63,55,50,2,1,1787417848.8307462,G1,T04,sotto_banco_movimenti,1,static
9422498,1,1,1,49,30,100,100,0,100,100,100,47,6,12,9,3,10,0,0,100,100,100,76,65,56,50,2,1,1787417849.0235753,G1,T04,sotto_banco_movimenti,1,static
9422698,1,1,1,73,73,100,100,0,100,100,100,32,29,16,12,15,12,0,0,100,100,100,77,65,57,52,2,1,1787417849.232914,G1,T04,sotto_banco_movimenti,1,static
9422898,1,1,1,43,56,100,100,0,100,100,93,69,18,12,6,8,5,0,0,100,100,100,73,64,55,51,2,1,1787417849.4235146,G1,T04,sotto_banco_movimenti,1,static
9423098,1,1,1,30,60,100,100,0,100,100,100,67,16,24,11,15,11,0,0,100,100,100,78,66,56,53,2,1,1787417849.6319258,G1,T04,sotto_banco_movimenti,1,static
9423298,1,1,1,64,55,100,100,0,100,100,100,15,13,17,12,13,13,0,0,100,100,100,79,66,57,53,2,1,1787417849.8235662,G1,T04,sotto_banco_movimenti,1,static
9423498,1,1,1,58,60,100,100,0,100,100,100,19,12,17,11,9,12,0,0,100,100,100,79,64,56,52,2,1,1787417850.0313194,G1,T04,sotto_banco_movimenti,1,static
9423698,1,1,1,66,67,100,100,0,100,100,76,27,14,7,13,8,6,0,0,100,100,100,76,58,52,48,2,1,1787417850.222763,G1,T04,sotto_banco_movimenti,1,static
9423898,1,1,1,72,75,100,100,0,100,100,100,84,11,15,5,7,2,0,0,100,100,100,74,56,50,46,2,1,1787417850.4317908,G1,T04,sotto_banco_movimenti,1,static
9424098,1,1,1,49,64,100,100,0,100,100,100,43,18,7,10,4,4,0,0,100,100,100,72,56,49,46,2,1,1787417850.623576,G1,T04,sotto_banco_movimenti,1,static
9424298,1,1,1,62,74,100,100,0,100,100,100,36,30,10,16,12,11,0,0,100,100,100,71,56,48,45,2,1,1787417850.8310006,G1,T04,sotto_banco_movimenti,1,static
9424498,1,1,1,30,49,100,100,0,100,100,100,70,19,8,5,4,10,0,0,100,100,100,71,55,48,45,2,1,1787417851.0213072,G1,T04,sotto_banco_movimenti,1,static
9424698,1,1,1,62,69,100,100,0,100,100,100,31,7,9,8,3,9,0,0,100,100,100,74,57,50,47,2,1,1787417851.2291994,G1,T04,sotto_banco_movimenti,1,static
9424898,1,1,1,45,69,100,100,0,100,100,67,42,15,6,9,6,6,0,0,100,100,100,72,57,49,46,2,1,1787417851.4218411,G1,T04,sotto_banco_movimenti,1,static
9425098,1,1,1,68,65,100,100,0,100,100,100,46,46,5,12,8,10,0,0,100,100,100,65,52,45,42,2,1,1787417851.629748,G1,T04,sotto_banco_movimenti,1,static
9425298,1,1,1,52,30,100,100,0,100,100,100,83,35,9,9,5,12,0,0,100,100,100,62,49,42,40,2,1,1787417851.8215172,G1,T04,sotto_banco_movimenti,1,static
9425498,1,1,1,53,66,100,100,0,100,100,100,36,4,9,14,12,7,0,0,100,100,100,61,49,42,40,2,1,1787417852.0299933,G1,T04,sotto_banco_movimenti,1,static
9425698,1,1,1,70,70,100,100,0,100,100,100,100,52,11,22,16,18,0,0,100,100,100,62,51,43,41,2,1,1787417852.2209108,G1,T04,sotto_banco_movimenti,1,static
9425898,1,1,1,61,51,100,100,1,100,100,100,12,11,10,11,8,10,0,0,100,100,100,63,52,42,42,3,1,1787417852.429946,G1,T04,sotto_banco_movimenti,1,static
9426098,1,1,1,50,67,100,100,1,100,100,100,71,20,15,3,9,3,0,0,100,100,100,61,51,42,41,3,1,1787417852.6216059,G1,T04,sotto_banco_movimenti,1,static
9426298,1,1,1,76,69,100,100,1,100,100,100,54,22,15,10,10,11,0,0,100,100,100,61,51,42,42,2,1,1787417852.8286002,G1,T04,sotto_banco_movimenti,1,static
9426498,1,1,1,59,54,100,100,1,100,100,100,32,28,15,13,13,6,0,0,100,100,100,62,52,44,42,3,1,1787417853.0206003,G1,T04,sotto_banco_movimenti,1,static
9426698,1,1,1,77,72,100,100,1,100,100,100,31,21,1,5,5,6,0,0,100,100,100,62,53,44,41,2,1,1787417853.2283194,G1,T04,sotto_banco_movimenti,1,static
9426898,1,1,1,39,78,100,100,1,100,100,93,82,22,14,8,10,5,0,0,100,100,100,62,52,44,40,3,1,1787417853.4198205,G1,T04,sotto_banco_movimenti,1,static
9427098,1,1,1,68,74,100,100,1,100,100,74,41,26,9,3,3,6,0,0,100,100,100,57,49,41,37,3,1,1787417853.626611,G1,T04,sotto_banco_movimenti,1,static
9427298,1,1,1,75,50,100,100,1,100,100,100,7,16,2,2,3,5,0,0,100,100,100,56,47,41,36,3,1,1787417853.8192754,G1,T04,sotto_banco_movimenti,1,static
9427498,1,1,1,30,73,100,100,1,100,100,67,17,7,5,10,2,4,0,0,100,100,100,56,48,40,35,3,1,1787417854.0271919,G1,T04,sotto_banco_movimenti,1,static
9427698,1,1,1,79,75,100,100,1,87,100,100,89,24,10,4,8,9,0,0,100,100,100,57,48,41,36,2,1,1787417854.2337382,G1,T04,sotto_banco_movimenti,1,static
9427898,1,1,1,69,46,100,100,1,100,100,100,65,20,15,6,9,7,0,0,100,100,100,58,48,43,37,3,1,1787417854.426294,G1,T04,sotto_banco_movimenti,1,static
9428098,1,1,1,76,73,100,100,1,100,100,100,55,24,7,9,8,5,0,0,100,100,100,56,49,43,37,2,1,1787417854.6335979,G1,T04,sotto_banco_movimenti,1,static
9428298,1,1,1,64,75,100,100,1,100,100,100,47,16,19,10,12,10,0,0,100,100,100,58,46,42,37,2,1,1787417854.8254483,G1,T04,sotto_banco_movimenti,1,static
9428498,1,1,1,55,66,100,100,1,100,100,100,41,4,9,8,4,3,0,0,100,100,100,59,47,43,38,3,1,1787417855.033554,G1,T04,sotto_banco_movimenti,1,static
9428698,1,1,1,49,74,100,100,1,100,100,100,54,24,16,7,10,10,0,0,100,100,100,59,46,43,38,3,1,1787417855.2255485,G1,T04,sotto_banco_movimenti,1,static
9428898,1,1,1,30,73,100,100,1,100,100,100,36,11,9,4,7,3,0,0,100,100,100,59,46,43,37,3,1,1787417855.4337475,G1,T04,sotto_banco_movimenti,1,static
9429098,1,0,1,0,136,0,100,1,100,78,67,19,16,6,5,6,4,0,0,100,100,100,60,45,43,36,3,1,1787417855.6263905,G1,T04,sotto_banco_movimenti,1,static
9429298,1,1,1,65,76,100,100,0,100,100,100,36,16,13,2,4,3,0,0,100,100,100,60,44,43,34,3,1,1787417855.8195374,G1,T04,sotto_banco_movimenti,1,static
9429498,1,1,1,55,77,100,100,0,100,100,100,28,27,4,11,8,11,0,0,100,100,100,57,42,42,33,3,1,1787417856.0274148,G1,T04,sotto_banco_movimenti,1,static
9429698,1,1,1,74,30,100,100,0,100,100,100,10,4,10,12,9,7,0,0,100,100,100,57,40,40,32,3,1,1787417856.2188365,G1,T04,sotto_banco_movimenti,1,static
9429898,1,1,1,77,48,100,100,0,99,100,100,55,12,15,10,9,11,0,0,100,100,100,61,41,42,34,3,1,1787417856.4259632,G1,T04,sotto_banco_movimenti,1,static
9430098,1,1,1,48,63,100,100,0,100,100,61,46,19,4,10,3,3,0,0,100,100,100,63,42,44,34,2,1,1787417856.6332731,G1,T04,sotto_banco_movimenti,1,static
9430298,1,1,1,58,69,100,100,0,100,100,69,22,23,15,2,8,4,0,0,100,100,100,62,42,43,34,2,1,1787417856.8250422,G1,T04,sotto_banco_movimenti,1,static
9430498,1,1,1,75,55,100,100,0,100,100,100,46,20,11,12,13,11,0,0,100,100,100,63,41,42,34,3,1,1787417857.032515,G1,T04,sotto_banco_movimenti,1,static
9430698,1,1,1,59,62,100,100,0,100,100,100,10,10,10,9,9,10,0,0,100,100,100,64,43,43,36,3,1,1787417857.2231653,G1,T04,sotto_banco_movimenti,1,static
9430898,1,1,1,76,77,100,100,0,100,100,100,11,9,6,9,3,4,0,0,100,100,100,64,45,44,38,3,1,1787417857.4315593,G1,T04,sotto_banco_movimenti,1,static
9431098,1,1,1,67,75,100,100,0,100,100,100,11,28,7,11,9,9,0,0,100,100,100,64,47,45,39,3,1,1787417857.6231985,G1,T04,sotto_banco_movimenti,1,static
9431298,1,1,1,71,56,100,100,0,100,100,41,41,16,10,1,8,8,0,0,100,100,100,64,49,44,40,2,1,1787417857.8310623,G1,T04,sotto_banco_movimenti,1,static
9431498,1,1,1,72,77,100,100,0,100,100,100,44,23,12,7,11,12,0,0,100,100,100,64,49,45,41,2,1,1787417858.025607,G1,T04,sotto_banco_movimenti,1,static
9431698,1,1,1,50,65,100,100,0,100,100,100,13,14,13,11,10,12,0,0,100,100,100,64,50,44,41,2,1,1787417858.231547,G1,T04,sotto_banco_movimenti,1,static
9431898,1,1,1,72,63,100,100,0,100,100,100,30,14,2,6,3,3,0,0,100,100,100,63,50,43,40,2,1,1787417858.4277582,G1,T04,sotto_banco_movimenti,1,static
9432098,1,1,1,65,65,100,100,0,100,100,100,33,10,24,16,16,12,0,0,100,100,100,64,49,43,39,2,1,1787417858.6311147,G1,T04,sotto_banco_movimenti,1,static
9432298,1,1,1,30,62,100,100,0,100,100,100,10,11,7,3,2,3,0,0,100,100,100,61,50,42,38,2,1,1787417858.829,G1,T04,sotto_banco_movimenti,1,static
9432498,1,1,1,69,67,100,100,0,100,100,100,71,40,24,28,22,24,0,0,100,100,100,63,54,45,41,2,1,1787417859.0322287,G1,T04,sotto_banco_movimenti,1,static
9432698,1,1,1,30,58,100,100,0,100,100,100,38,12,26,15,17,14,0,0,100,100,100,65,55,47,42,2,1,1787417859.231105,G1,T04,sotto_banco_movimenti,1,static
9432898,1,1,1,66,67,100,100,0,100,100,100,36,31,19,15,12,16,0,0,100,100,100,65,57,47,44,2,1,1787417859.432276,G1,T04,sotto_banco_movimenti,1,static
9433098,1,1,1,59,73,100,100,0,100,100,100,100,23,18,12,14,13,0,0,100,100,100,67,58,48,45,2,1,1787417859.6336095,G1,T04,sotto_banco_movimenti,1,static
9433298,1,1,1,56,67,100,100,0,100,100,100,38,29,12,3,4,8,0,0,100,100,100,67,57,48,45,2,1,1787417859.8337197,G1,T04,sotto_banco_movimenti,1,static
9433498,1,1,1,55,74,100,100,0,100,100,100,37,32,17,6,9,10,0,0,100,100,100,68,58,48,46,2,1,1787417860.0268102,G1,T04,sotto_banco_movimenti,1,static
9433698,1,1,1,47,42,100,100,0,100,100,100,50,20,9,14,11,12,0,0,100,100,100,68,58,50,46,2,1,1787417860.232956,G1,T04,sotto_banco_movimenti,1,static
9433898,1,1,1,44,30,100,100,0,100,100,100,56,27,20,16,17,16,0,0,100,100,100,67,58,49,45,2,1,1787417860.4233072,G1,T04,sotto_banco_movimenti,1,static
9434098,1,1,1,66,53,100,100,0,100,100,100,78,23,16,15,11,11,0,0,100,100,100,65,57,46,44,2,1,1787417860.6312044,G1,T04,sotto_banco_movimenti,1,static
9434298,1,1,1,48,63,100,100,0,100,100,100,98,36,13,12,12,11,0,0,100,100,100,64,55,46,43,2,1,1787417860.8241506,G1,T04,sotto_banco_movimenti,1,static
9434498,1,1,1,30,60,100,100,1,100,100,95,23,9,13,8,5,6,0,0,100,100,100,63,54,46,42,2,1,1787417861.0322013,G1,T04,sotto_banco_movimenti,1,static
9434698,1,1,1,69,65,100,100,1,100,100,100,50,11,24,8,13,12,0,0,100,100,100,65,53,46,41,2,1,1787417861.2237678,G1,T04,sotto_banco_movimenti,1,static
9434898,1,1,1,70,54,100,100,1,100,100,100,52,16,11,10,12,11,0,0,100,100,100,63,53,46,41,2,1,1787417861.4312277,G1,T04,sotto_banco_movimenti,1,static
9435098,1,1,1,39,58,100,100,1,100,100,100,94,43,13,18,16,14,0,0,100,100,100,64,54,48,42,2,1,1787417861.6235113,G1,T04,sotto_banco_movimenti,1,static
9435298,1,1,1,62,60,100,100,1,100,100,100,35,12,18,20,19,14,0,0,100,100,100,64,54,48,42,2,1,1787417861.8312674,G1,T04,sotto_banco_movimenti,1,static
9435498,1,1,1,79,51,100,100,1,100,100,100,24,11,7,4,8,6,0,0,100,100,100,63,54,49,42,2,1,1787417862.020976,G1,T04,sotto_banco_movimenti,1,static
9435698,1,1,1,76,75,100,100,1,100,100,100,38,20,9,8,3,8,0,0,100,100,100,62,56,50,44,2,1,1787417862.2280092,G1,T04,sotto_banco_movimenti,1,static
9435898,1,1,1,87,70,100,100,1,100,100,100,67,14,9,6,2,3,0,0,100,100,100,63,56,51,44,2,1,1787417862.4191482,G1,T04,sotto_banco_movimenti,1,static
9436098,1,1,1,57,60,100,100,1,100,100,100,45,19,18,12,13,9,0,0,100,100,100,65,58,52,46,2,1,1787417862.6266434,G1,T04,sotto_banco_movimenti,1,static
9436298,1,1,1,56,68,100,100,1,100,100,89,52,12,7,6,8,3,0,0,100,100,100,65,59,52,47,2,1,1787417862.8187368,G1,T04,sotto_banco_movimenti,1,static
9436498,1,1,1,59,65,100,100,1,100,100,100,39,10,19,11,9,11,0,0,100,100,100,62,52,48,42,2,1,1787417863.026582,G1,T04,sotto_banco_movimenti,1,static
9436698,1,1,1,30,62,100,100,1,100,100,100,42,17,3,9,11,8,0,0,100,100,100,57,53,46,41,2,1,1787417863.2188709,G1,T04,sotto_banco_movimenti,1,static
9436898,1,1,1,39,48,100,100,1,100,100,100,83,55,42,10,12,13,0,0,100,100,100,65,53,48,42,2,1,1787417863.426576,G1,T04,sotto_banco_movimenti,1,static
9437098,1,1,1,79,43,100,100,1,100,100,100,29,8,12,9,5,7,0,0,100,100,100,69,56,50,44,2,1,1787417863.6194088,G1,T04,sotto_banco_movimenti,1,static
9437298,1,1,1,68,30,100,100,1,100,100,100,37,34,20,10,11,14,0,0,100,100,100,72,58,50,46,2,1,1787417863.8278606,G1,T04,sotto_banco_movimenti,1,static
9437498,1,1,1,59,76,100,100,1,100,100,100,22,27,9,5,7,7,0,0,100,100,100,71,58,49,45,2,1,1787417864.0200145,G1,T04,sotto_banco_movimenti,1,static
9437698,1,1,1,57,30,100,100,1,100,100,100,69,14,17,6,9,9,0,0,100,100,100,72,57,48,45,2,1,1787417864.2278981,G1,T04,sotto_banco_movimenti,1,static
9437898,1,1,1,66,69,100,100,1,100,100,100,73,20,9,5,3,5,0,0,100,100,100,70,55,47,44,2,1,1787417864.4204044,G1,T04,sotto_banco_movimenti,1,static
9438098,1,1,1,56,61,100,100,0,100,100,100,20,27,11,11,5,12,0,0,100,100,100,70,56,47,44,2,1,1787417864.6276138,G1,T04,sotto_banco_movimenti,1,static
9438298,1,1,1,44,73,100,100,0,100,100,100,14,24,10,13,10,12,0,0,100,100,100,70,58,49,46,2,1,1787417864.8192086,G1,T04,sotto_banco_movimenti,1,static
9438498,1,1,1,70,47,100,100,0,100,100,100,7,22,8,9,9,9,0,0,100,100,100,71,59,50,47,2,1,1787417865.028219,G1,T04,sotto_banco_movimenti,1,static
9438698,1,1,1,58,71,100,100,0,100,100,100,46,18,5,6,4,3,0,0,100,100,100,67,58,49,46,2,1,1787417865.2189288,G1,T04,sotto_banco_movimenti,1,static
9438898,1,1,1,63,30,100,100,0,100,100,100,73,36,6,2,3,5,0,0,100,100,100,69,57,48,45,2,1,1787417865.4272275,G1,T04,sotto_banco_movimenti,1,static
9439098,1,1,1,48,67,100,100,0,100,100,100,30,24,7,9,8,6,0,0,100,100,100,67,55,46,43,2,1,1787417865.6192925,G1,T04,sotto_banco_movimenti,1,static
9439298,1,1,1,72,56,100,100,0,100,100,100,25,17,5,12,11,10,0,0,100,100,100,66,54,44,42,2,1,1787417865.8273308,G1,T04,sotto_banco_movimenti,1,static
9439498,1,1,1,68,74,100,100,0,100,100,100,40,11,18,12,13,10,0,0,100,100,100,70,55,46,43,2,1,1787417866.0190682,G1,T04,sotto_banco_movimenti,1,static
9439698,1,1,1,71,80,100,100,0,100,100,100,13,31,4,11,10,8,0,0,100,100,100,70,54,45,42,2,1,1787417866.2267518,G1,T04,sotto_banco_movimenti,1,static
9439898,1,1,1,71,70,100,100,0,100,100,100,6,30,16,8,10,6,0,0,100,100,100,71,54,46,43,2,1,1787417866.418912,G1,T04,sotto_banco_movimenti,1,static
9440098,1,1,1,92,62,100,100,0,79,100,100,29,17,3,6,6,2,0,0,100,100,100,69,52,46,41,2,1,1787417866.626232,G1,T04,sotto_banco_movimenti,1,static
9440298,1,1,1,79,53,100,100,0,59,100,100,17,14,15,9,9,11,0,0,100,100,100,71,52,46,42,2,1,1787417866.834111,G1,T04,sotto_banco_movimenti,1,static
9440498,1,1,1,60,77,100,100,0,100,100,100,28,16,10,12,9,10,0,0,100,100,100,72,54,47,44,2,1,1787417867.0269096,G1,T04,sotto_banco_movimenti,1,static
9440698,1,1,1,78,79,100,100,0,100,100,100,20,4,14,12,13,9,0,0,100,100,100,75,53,47,43,2,1,1787417867.219061,G1,T04,sotto_banco_movimenti,1,static
9440898,1,1,1,76,55,100,100,0,100,100,100,32,22,6,7,9,2,0,0,100,100,100,66,52,45,42,2,1,1787417867.4274309,G1,T04,sotto_banco_movimenti,1,static
9441098,1,1,1,72,71,100,100,0,100,100,100,86,37,10,3,6,4,0,0,100,100,100,63,50,44,40,2,1,1787417867.6190531,G1,T04,sotto_banco_movimenti,1,static
9441298,1,1,1,40,76,100,100,0,100,100,100,57,15,14,4,8,10,0,0,100,100,100,62,48,43,39,2,1,1787417867.8265998,G1,T04,sotto_banco_movimenti,1,static
9441498,1,1,1,38,61,100,100,0,100,100,100,53,31,15,15,14,12,0,0,100,100,100,63,49,46,40,2,1,1787417868.0344787,G1,T04,sotto_banco_movimenti,1,static
9441698,1,1,1,30,57,100,100,0,100,100,100,34,15,17,16,12,12,0,0,100,100,100,63,53,48,43,2,1,1787417868.2258182,G1,T04,sotto_banco_movimenti,1,static
9441898,1,1,1,30,47,100,100,0,100,100,100,51,20,19,10,5,6,0,0,100,100,100,67,55,49,44,2,1,1787417868.4339905,G1,T04,sotto_banco_movimenti,1,static
9442098,1,1,1,30,74,100,100,0,100,100,61,25,6,13,9,9,10,0,0,100,100,100,69,55,51,45,2,1,1787417868.6265485,G1,T04,sotto_banco_movimenti,1,static
9442298,1,1,1,60,71,100,100,0,100,100,100,48,12,21,10,14,11,0,0,100,100,100,73,58,54,47,2,1,1787417868.8336098,G1,T04,sotto_banco_movimenti,1,static
9442498,1,1,1,65,30,100,100,0,100,100,100,27,11,13,4,6,6,0,0,100,100,100,73,59,55,48,2,1,1787417869.026139,G1,T04,sotto_banco_movimenti,1,static
9442698,1,1,1,30,49,100,100,0,100,100,100,100,44,13,16,14,7,0,0,100,100,100,73,60,55,48,2,1,1787417869.2340796,G1,T04,sotto_banco_movimenti,1,static
